tourney_date,match_date,tourney_name,round,surface,tournament_importance,player,opponent,side,model_type,model_probability,odds,closing_odds,clv,market_probability,edge,ev,won,stake,profit,friction_bps,friction_adjusted_odds,friction_adjusted_profit,friction_adjusted_ev
2018-12-31,2019-01-01,Doha,R32,Hard,3,Pierre Hugues Herbert,Dominic Thiem,player2,top_10,0.3839362145109013,3.75,3.77,-0.0053050397877983,0.25,0.1339362145109013,0.4397608044158798,True,1.0,2.75,200.0,3.695,2.695,0.41864431261778035
2018-12-31,2019-01-01,Doha,R32,Hard,3,Damir Dzumhur,Novak Djokovic,player2,top_10,0.1185597029463446,11.0,12.85,-0.1439688715953306,0.0871369294605809,0.0314227734857637,0.3041567324097912,False,1.0,-1.0,200.0,10.8,-1.0,0.28044479182052173
2018-12-31,2019-01-02,Pune,R16,Hard,3,Kevin Anderson,Laslo Djere,player2,top_10,0.8745819915878583,1.25,1.32,-0.053030303030303,0.75,0.1245819915878583,0.0932274894848229,True,1.0,0.25,200.0,1.245,0.2450000000000001,0.08885457952688369
2018-12-31,2019-01-02,Brisbane,R16,Hard,3,Denis Kudla,Kei Nishikori,player2,top_10,0.2670259796682126,5.0,5.17,-0.0328820116054158,0.1883116883116883,0.0787142913565243,0.3351298983410631,False,1.0,-1.0,200.0,4.92,-1.0,0.31376781996760617
2018-12-31,2019-01-03,Brisbane,QF,Hard,3,Grigor Dimitrov,Kei Nishikori,player2,top_10,0.5007591873557637,2.3,2.26,0.0176991150442478,0.411764705882353,0.0889944814734107,0.1517461309182565,False,1.0,-1.0,200.0,2.274,-1.0,0.13872639204700676
2018-12-31,2019-01-04,Doha,SF,Hard,3,Roberto Bautista Agut,Novak Djokovic,player2,top_10,0.2144838288822134,5.0,4.95,0.0101010101010101,0.1883116883116883,0.0261721405705251,0.072419144411067,True,1.0,4.0,200.0,4.92,3.92,0.05526043810048997
2018-12-31,2019-01-06,Brisbane,F,Hard,3,Daniil Medvedev,Kei Nishikori,player2,top_10,0.4842518046824866,2.37,2.36,0.0042372881355932,0.398477157360406,0.0857746473220806,0.1476767770974933,False,1.0,-1.0,200.0,2.3426,-1.0,0.13440827764919316
2019-01-07,2019-01-08,Auckland,R16,Hard,3,Taylor Fritz,John Isner,player1,top_10,0.4385733378180537,2.37,2.4,-0.0124999999999999,0.3923076923076922,0.0462656455103614,0.0394188106287872,True,1.0,1.37,200.0,2.3426,1.3426,0.027401901172572574
2019-01-14,2019-01-14,Australian Open,R128,Hard,5,Peter Gojowczyk,Karen Khachanov,player1,other,0.1636695901770869,6.5,7.07,-0.0806223479490806,0.1458607095926412,0.0178088805844456,0.0638523361510648,False,1.0,-1.0,200.0,6.39,-1.0,0.04584868123158525
2019-01-14,2019-01-14,Australian Open,R128,Hard,5,John Isner,Reilly Opelka,player1,top_10,0.8483397340956729,1.5,1.46,0.0273972602739727,0.6359223300970874,0.2124174039985854,0.2725096011435093,False,1.0,-1.0,200.0,1.49,-1.0,0.2640262038025526
2019-01-14,2019-01-14,Australian Open,R128,Hard,5,James Duckworth,Rafael Nadal,player2,top_10,0.1899965654479229,11.0,11.64,-0.0549828178694158,0.0871369294605809,0.102859635987342,1.0899622199271528,False,1.0,-1.0,200.0,10.8,-1.0,1.0519629068375673
2019-01-14,2019-01-15,Australian Open,R128,Hard,5,Kamil Majchrzak,Kei Nishikori,player1,top_10,0.1139187368674845,17.0,15.25,0.1147540983606556,0.0566037735849056,0.0573149632825788,0.9366185267472368,False,1.0,-1.0,200.0,16.68,-1.0,0.9001645309496413
2019-01-14,2019-01-15,Australian Open,R128,Hard,5,Steve Darcis,Borna Coric,player2,other,0.187909012925324,5.5,5.37,0.0242085661080073,0.1716867469879518,0.0162222659373722,0.0334995710892821,False,1.0,-1.0,200.0,5.41,-1.0,0.01658775992600292
2019-01-14,2019-01-15,Australian Open,R128,Hard,5,Benoit Paire,Dominic Thiem,player1,top_10,0.4295688741376467,3.75,3.68,0.0190217391304348,0.2544731610337972,0.1750957131038494,0.610883278016175,False,1.0,-1.0,200.0,3.695,-1.0,0.5872569899386044
2019-01-14,2019-01-16,Australian Open,R64,Hard,5,John Millman,Roberto Bautista Agut,player1,other,0.3184295318818628,3.4,3.46,-0.0173410404624277,0.281183932346723,0.0372455995351397,0.0826604083983335,False,1.0,-1.0,200.0,3.352,-1.0,0.06737579086800405
2019-01-14,2019-01-16,Australian Open,R64,Hard,5,Matthew Ebden,Rafael Nadal,player2,top_10,0.1379670789255149,10.0,9.92,0.0080645161290322,0.0958408679927667,0.0421262109327482,0.3796707892551496,False,1.0,-1.0,200.0,9.82,-1.0,0.3548367150485565
2019-01-14,2019-01-17,Australian Open,R64,Hard,5,Novak Djokovic,Jo-Wilfried Tsonga,player1,top_10,0.9729929802649622,1.06,1.06,0.0,0.9041591320072332,0.0688338482577288,0.0313725590808599,True,1.0,0.06,200.0,1.0588,0.05879999999999996,0.030204967504541907
2019-01-14,2019-01-18,Australian Open,R32,Hard,5,Marin Cilic,Fernando Verdasco,player2,top_10,0.8350135629859144,1.28,1.3,-0.0153846153846154,0.7455268389662029,0.0894867240197115,0.0688173606219705,True,1.0,0.28,200.0,1.2744,0.2744,0.06414128466924934
2019-01-14,2019-01-18,Australian Open,R32,Hard,5,Diego Schwartzman,Tomas Berdych,player1,other,0.2680590834466606,4.0,4.04,-0.0099009900990099,0.238095238095238,0.0299638453514225,0.0722363337866425,False,1.0,-1.0,200.0,3.94,-1.0,0.056152788779842644
2019-01-14,2019-01-19,Australian Open,R32,Hard,5,Alex Bolt,Alexander Zverev,player1,top_10,0.1601926421198309,13.0,10.63,0.2229539040451551,0.074074074074074,0.0861185680457568,1.082504347557802,False,1.0,-1.0,200.0,12.76,-1.0,1.0440581134490423
2019-01-14,2019-01-20,Australian Open,R16,Hard,5,Marin Cilic,Roberto Bautista Agut,player1,top_10,0.6941862121697782,1.72,1.72,0.0,0.549738219895288,0.1444479922744901,0.1940002849320184,False,1.0,-1.0,200.0,1.7056,-1.0,0.18400400347677365
2019-01-14,2019-01-20,Australian Open,R16,Hard,5,Roger Federer,Stefanos Tsitsipas,player1,top_10,0.9161042935423592,1.14,1.16,-0.0172413793103448,0.8283132530120482,0.0877910405303109,0.0443588946382892,False,1.0,-1.0,200.0,1.1372,-1.0,0.04179380261637089
2019-01-14,2019-01-21,Australian Open,R16,Hard,5,Daniil Medvedev,Novak Djokovic,player1,top_10,0.1811438979727958,6.5,6.4,0.015625,0.1458607095926412,0.0352831883801545,0.1774353368231728,False,1.0,-1.0,200.0,6.39,-1.0,0.15750950804616493
2019-01-14,2019-01-21,Australian Open,R16,Hard,5,Milos Raonic,Alexander Zverev,player1,top_10,0.5785022523701722,2.2,2.13,0.0328638497652582,0.4300518134715025,0.1484504388986696,0.2727049552143789,True,1.0,1.2000000000000002,200.0,2.176,1.1760000000000002,0.2588209011574947
2019-01-14,2019-01-24,Australian Open,SF,Hard,5,Rafael Nadal,Stefanos Tsitsipas,player2,top_10,0.935165203896558,1.16,1.18,-0.0169491525423729,0.8116883116883117,0.1234768922082463,0.0847916365200072,True,1.0,0.1599999999999999,200.0,1.1567999999999998,0.15679999999999983,0.08179910786753813
2019-01-14,2019-01-25,Australian Open,SF,Hard,5,Lucas Pouille,Novak Djokovic,player2,top_10,0.1122943720328841,11.0,10.45,0.0526315789473685,0.0871369294605809,0.0251574425723032,0.2352380923617258,False,1.0,-1.0,200.0,10.8,-1.0,0.21277921795514831
2019-01-14,2019-01-27,Australian Open,F,Hard,5,Novak Djokovic,Rafael Nadal,player2,top_10,0.6289621303312996,1.74,1.75,-0.0057142857142856,0.5526992287917738,0.0762629015395257,0.0943941067764612,True,1.0,0.74,200.0,1.7252,0.7252000000000001,0.08508546724755806
2019-02-04,2019-02-07,Cordoba,R16,Clay,3,Alessandro Giannessi,Diego Schwartzman,player1,other,0.1459501078774676,8.0,7.99,0.0012515644555695,0.118942731277533,0.0270073765999345,0.1676008630197407,False,1.0,-1.0,200.0,7.859999999999999,-1.0,0.1471678479168952
2019-02-11,2019-02-13,Rotterdam,R32,Hard,3,Thomas Fabbiano,Jo-Wilfried Tsonga,player2,other,0.2148646849177715,5.5,6.2,-0.1129032258064516,0.1716867469879518,0.0431779379298197,0.1817557670477435,False,1.0,-1.0,200.0,5.41,-1.0,0.16241794540514387
2019-02-11,2019-02-14,New York,R16,Hard,3,John Isner,Bernard Tomic,player1,top_10,0.8811101998322786,1.4,1.37,0.0218978102189779,0.6626506024096386,0.2184595974226399,0.2335542797651899,True,1.0,0.3999999999999999,200.0,1.392,0.3919999999999999,0.2265053981665317
2019-02-11,2019-02-14,Buenos Aires,R16,Clay,3,Maximilian Marterer,Dominic Thiem,player1,top_10,0.2495758246734304,4.5,4.87,-0.0759753593429158,0.2077464788732394,0.0418293458001909,0.1230912110304368,False,1.0,-1.0,200.0,4.43,-1.0,0.10562090330329665
2019-02-11,2019-02-15,Rotterdam,QF,Hard,3,Damir Dzumhur,Gael Monfils,player2,other,0.2576282323974606,4.33,4.25,0.0188235294117646,0.2198198198198198,0.0378084125776407,0.1155302462810042,False,1.0,-1.0,200.0,4.2634,-1.0,0.0983722060033334
2019-02-11,2019-02-15,Rotterdam,QF,Hard,3,Marton Fucsovics,Kei Nishikori,player2,top_10,0.2469925987799391,4.5,4.58,-0.0174672489082969,0.2105263157894736,0.0364662829904655,0.1114666945097263,False,1.0,-1.0,200.0,4.43,-1.0,0.09417721259513012
2019-02-11,2019-02-15,Buenos Aires,QF,Clay,3,Pablo Cuevas,Dominic Thiem,player2,top_10,0.3298976373324863,3.5,3.62,-0.0331491712707182,0.2708333333333333,0.0590643039991529,0.1546417306637021,False,1.0,-1.0,200.0,3.45,-1.0,0.13814684879707773
2019-02-11,2019-02-16,Rotterdam,SF,Hard,3,Stan Wawrinka,Kei Nishikori,player1,top_10,0.4361530300122299,2.5,2.48,0.0080645161290322,0.3796526054590571,0.0565004245531728,0.0903825750305747,True,1.0,1.5,200.0,2.4699999999999998,1.4699999999999998,0.07729798413020761
2019-02-11,2019-02-16,New York,QF,Hard,3,Jordan Thompson,John Isner,player1,top_10,0.4131237845606192,3.4,3.52,-0.0340909090909091,0.281183932346723,0.1319398522138962,0.4046208675061055,False,1.0,-1.0,200.0,3.352,-1.0,0.38479092584719565
2019-02-11,2019-02-16,Buenos Aires,SF,Clay,3,Dominic Thiem,Diego Schwartzman,player1,top_10,0.8028950454710537,1.4,1.42,-0.0140845070422535,0.6818181818181818,0.1210768636528719,0.1240530636594751,False,1.0,-1.0,200.0,1.392,-1.0,0.11762990329570672
2019-02-18,2019-02-20,Delray Beach,R32,Hard,3,Juan Martin del Potro,Yoshihito Nishioka,player1,top_10,0.8327394094809718,1.25,1.32,-0.053030303030303,0.75,0.0827394094809718,0.0409242618512147,True,1.0,0.25,200.0,1.245,0.2450000000000001,0.036760564803809986
2019-02-18,2019-02-20,Delray Beach,R16,Hard,3,John Isner,Lukas Lacko,player1,top_10,0.9439857054403364,1.11,1.12,-0.0089285714285713,0.8541392904073586,0.0898464150329778,0.0478241330387735,True,1.0,0.1100000000000001,200.0,1.1078000000000001,0.10780000000000012,0.04574736448680482
2019-02-18,2019-02-22,Delray Beach,R16,Hard,3,Juan Martin del Potro,Reilly Opelka,player2,top_10,0.6929307664478245,1.5,1.51,-0.0066225165562914,0.625,0.0679307664478244,0.0393961496717367,True,1.0,0.5,200.0,1.49,0.49,0.03246684200725847
2019-02-18,2019-02-22,Delray Beach,QF,Hard,3,Adrian Mannarino,John Isner,player1,top_10,0.2461217869860295,4.33,4.1,0.0560975609756098,0.2198198198198198,0.0263019671662096,0.0657073376495077,False,1.0,-1.0,200.0,4.2634,-1.0,0.04931562663623812
2019-02-18,2019-02-23,Delray Beach,SF,Hard,3,John Isner,Daniel Evans,player1,top_10,0.7425777000493743,1.44,1.42,0.0140845070422535,0.6563245823389022,0.086253117710472,0.0693118880710989,False,1.0,-1.0,200.0,1.4312,-1.0,0.06277720431066452
2019-02-25,2019-02-25,Dubai,R32,Hard,3,Roger Federer,Philipp Kohlschreiber,player2,top_10,0.98,1.1,1.11,-0.009009009009009,0.8641975308641975,0.1158024691358025,0.078,True,1.0,0.1,200.0,1.098,0.09800000000000009,0.07604000000000007
2019-02-25,2019-02-26,Dubai,R32,Hard,3,Marin Cilic,Gael Monfils,player2,top_10,0.6920903471009866,1.8,1.93,-0.0673575129533677,0.5135135135135135,0.1785768335874731,0.2457626247817759,False,1.0,-1.0,200.0,1.784,-1.0,0.23468917922816013
2019-02-25,2019-02-26,Dubai,R32,Hard,3,Benoit Paire,Kei Nishikori,player2,top_10,0.2739965459158103,4.5,4.82,-0.066390041493776,0.2077464788732394,0.0662500670425709,0.2329844566211466,False,1.0,-1.0,200.0,4.43,-1.0,0.21380469840703953
2019-02-25,2019-02-27,Dubai,R16,Hard,3,Egor Gerasimov,Stefanos Tsitsipas,player2,other,0.2438948819351482,4.33,4.3,0.0069767441860466,0.2169981916817359,0.0268966902534122,0.0560648387791916,False,1.0,-1.0,200.0,4.2634,-1.0,0.039821439642310774
2019-02-25,2019-02-27,Acapulco,R32,Hard,3,Mischa Zverev,Rafael Nadal,player2,top_10,0.1048650417122234,11.0,10.09,0.0901883052527254,0.0871369294605809,0.0177281122516425,0.1535154588344578,False,1.0,-1.0,200.0,10.8,-1.0,0.13254245049201274
2019-02-25,2019-02-27,Acapulco,R16,Hard,3,Peter Gojowczyk,John Millman,player1,other,0.375125272940085,2.75,2.79,-0.014336917562724,0.3373493975903614,0.0377758753497236,0.0315945005852338,False,1.0,-1.0,200.0,2.715,-1.0,0.01846511603233081
2019-02-25,2019-02-28,Dubai,QF,Hard,3,Marton Fucsovics,Roger Federer,player1,top_10,0.2855579982482905,5.0,5.05,-0.0099009900990099,0.1883116883116883,0.0972463099366022,0.4277899912414526,False,1.0,-1.0,200.0,4.92,-1.0,0.40494535138158927
2019-02-25,2019-02-28,Acapulco,R16,Hard,3,David Ferrer,Alexander Zverev,player2,top_10,0.2429309719264157,5.0,4.89,0.0224948875255623,0.1883116883116883,0.0546192836147274,0.2146548596320788,False,1.0,-1.0,200.0,4.92,-1.0,0.1952203818779652
2019-02-25,2019-02-28,Acapulco,R16,Hard,3,Steve Johnson,Stan Wawrinka,player1,other,0.2872455995351397,3.75,3.65,0.0273972602739727,0.25,0.0372455995351397,0.0771709982567739,False,1.0,-1.0,200.0,3.695,-1.0,0.06137249028234115
2019-02-25,2019-03-01,Sao Paulo,QF,Clay,3,Marco Trungelliti,Guido Pella,player1,other,0.2339450992571599,4.5,4.62,-0.0259740259740259,0.2105263157894736,0.0234187834676862,0.0527529466572196,False,1.0,-1.0,200.0,4.43,-1.0,0.036376789709218316
2019-02-25,2019-03-01,Acapulco,QF,Hard,3,John Millman,John Isner,player1,top_10,0.462837170393833,2.3,2.28,0.0087719298245614,0.411764705882353,0.05107246451148,0.0645254919058159,False,1.0,-1.0,200.0,2.274,-1.0,0.052491725475576234
2019-02-25,2019-03-02,Dubai,F,Hard,3,Roger Federer,Stefanos Tsitsipas,player1,top_10,0.933101929334694,1.28,1.32,-0.0303030303030302,0.7455268389662029,0.1875750903684911,0.1943704695484084,True,1.0,0.28,200.0,1.2744,0.2744,0.1891450987441341
2019-02-25,2019-03-02,Acapulco,SF,Hard,3,Cameron Norrie,Alexander Zverev,player2,top_10,0.280874111517174,5.0,5.09,-0.0176817288801571,0.1883116883116883,0.0925624232054857,0.40437055758587,False,1.0,-1.0,200.0,4.92,-1.0,0.38190062866449614
2019-02-25,2019-03-02,Acapulco,SF,Hard,3,Nick Kyrgios,John Isner,player2,top_10,0.6137664344440832,1.72,1.74,-0.0114942528735632,0.549738219895288,0.0640282145487951,0.055678267243823,True,1.0,0.72,200.0,1.7056,0.7056,0.04684003058782826
2019-03-04,2019-03-09,Indian Wells Masters,R64,Hard,4,Felix Auger Aliassime,Stefanos Tsitsipas,player1,top_10,0.4138869612951542,3.0,3.03,-0.0099009900990097,0.3119266055045871,0.101960355790567,0.2416608838854624,True,1.0,2.0,200.0,2.96,1.96,0.2251054054336563
2019-03-04,2019-03-10,Indian Wells Masters,R64,Hard,4,Mackenzie Mcdonald,Daniil Medvedev,player1,other,0.2872455995351397,3.75,3.94,-0.048223350253807,0.25,0.0372455995351397,0.0771709982567739,False,1.0,-1.0,200.0,3.695,-1.0,0.06137249028234115
2019-03-04,2019-03-10,Indian Wells Masters,R64,Hard,4,Nicolas Jarry,Kyle Edmund,player1,other,0.3144809930787147,3.4,3.43,-0.0087463556851312,0.2765957446808511,0.0378852483978636,0.0692353764676299,False,1.0,-1.0,200.0,3.352,-1.0,0.054140288799851555
2019-03-04,2019-03-10,Indian Wells Masters,R64,Hard,4,Martin Klizan,Alexander Zverev,player2,top_10,0.2308793200028611,5.5,6.12,-0.1013071895424836,0.1716867469879518,0.0591925730149093,0.2698362600157364,False,1.0,-1.0,200.0,5.41,-1.0,0.24905712121547863
2019-03-04,2019-03-10,Indian Wells Masters,R64,Hard,4,Jordan Thompson,Dominic Thiem,player1,top_10,0.3941149933600709,3.25,3.36,-0.0327380952380952,0.2903930131004367,0.1037219802596342,0.2808737284202305,False,1.0,-1.0,200.0,3.205,-1.0,0.2631385537190273
2019-03-04,2019-03-11,Indian Wells Masters,R32,Hard,4,Jan Lennard Struff,Alexander Zverev,player2,top_10,0.2797877163503044,5.0,4.94,0.0121457489878542,0.1883116883116883,0.0914760280386161,0.3989385817515221,True,1.0,4.0,200.0,4.92,3.92,0.3765555644434977
2019-03-04,2019-03-11,Indian Wells Masters,R32,Hard,4,Gilles Simon,Dominic Thiem,player1,top_10,0.441125461038212,3.0,2.97,0.0101010101010099,0.3181818181818181,0.1229436428563939,0.3233763831146361,False,1.0,-1.0,200.0,2.96,-1.0,0.30573136467310746
2019-03-04,2019-03-12,Indian Wells Masters,R32,Hard,4,John Isner,Guido Pella,player2,top_10,0.8583662356932734,1.22,1.24,-0.0161290322580645,0.7801801801801801,0.0781860555130933,0.0472068075457935,True,1.0,0.2199999999999999,200.0,1.2156,0.2156,0.04342999610874318
2019-03-04,2019-03-12,Indian Wells Masters,R32,Hard,4,Hubert Hurkacz,Kei Nishikori,player1,top_10,0.357941780566305,3.2,3.38,-0.0532544378698224,0.2982456140350877,0.0596961665312172,0.145413697812176,True,1.0,2.2,200.0,3.156,2.156,0.12966425946725857
2019-03-04,2019-03-13,Indian Wells Masters,R16,Hard,4,John Isner,Karen Khachanov,player1,top_10,0.6994637459300199,1.61,1.64,-0.0182926829268291,0.588235294117647,0.1112284518123729,0.1261366309473321,False,1.0,-1.0,200.0,1.5978,-1.0,0.11760317324698588
2019-03-04,2019-03-13,Indian Wells Masters,R16,Hard,4,Kyle Edmund,Roger Federer,player1,top_10,0.3454906144828118,4.5,4.52,-0.0044247787610618,0.2105263157894736,0.1349642986933381,0.5547077651726531,False,1.0,-1.0,200.0,4.43,-1.0,0.5305234221588562
2019-03-04,2019-03-14,Indian Wells Masters,R16,Hard,4,Ivo Karlovic,Dominic Thiem,player1,top_10,0.4021360451256207,3.5,3.43,0.0204081632653061,0.2708333333333333,0.1313027117922873,0.4074761579396725,False,1.0,-1.0,200.0,3.45,-1.0,0.38736935568339137
2019-03-04,2019-03-16,Indian Wells Masters,SF,Hard,4,Dominic Thiem,Milos Raonic,player1,top_10,0.4376037219198967,2.37,2.37,0.0,0.398477157360406,0.0391265645594907,0.0371208209501552,True,1.0,1.37,200.0,2.3426,1.3426,0.025130478969550007
2019-03-04,2019-03-17,Indian Wells Masters,F,Hard,4,Dominic Thiem,Roger Federer,player1,top_10,0.2673936652047067,4.0,3.98,0.0050251256281406,0.238095238095238,0.0292984271094686,0.069574660818827,True,1.0,3.0,200.0,3.94,2.94,0.05353104090654437
2019-03-18,2019-03-22,Miami Masters,R64,Hard,4,Kei Nishikori,Dusan Lajovic,player1,top_10,0.8891150459083326,1.18,1.16,0.0172413793103447,0.7922535211267606,0.0968615247815719,0.0491557541718323,False,1.0,-1.0,200.0,1.1764,-1.0,0.045954940006562334
2019-03-18,2019-03-22,Miami Masters,R64,Hard,4,Mischa Zverev,Nikoloz Basilashvili,player1,other,0.3144956950993925,3.75,3.7,0.0135135135135133,0.25,0.0644956950993925,0.1793588566227221,False,1.0,-1.0,200.0,3.695,-1.0,0.16206159339225523
2019-03-18,2019-03-22,Miami Masters,R64,Hard,4,Hubert Hurkacz,Dominic Thiem,player1,top_10,0.405774556015049,3.0,3.18,-0.0566037735849057,0.3119266055045871,0.0938479505104619,0.217323668045147,True,1.0,2.0,200.0,2.96,1.96,0.2010926858045451
2019-03-18,2019-03-22,Miami Masters,R64,Hard,4,Ilya Ivashka,Kyle Edmund,player1,other,0.2311652623409256,4.5,4.6,-0.0217391304347824,0.2077464788732394,0.0234187834676862,0.0402436805341654,False,1.0,-1.0,200.0,4.43,-1.0,0.02406211217030041
2019-03-18,2019-03-23,Miami Masters,R64,Hard,4,Mackenzie Mcdonald,Stefanos Tsitsipas,player1,top_10,0.3852654625235582,3.75,3.84,-0.0234375,0.25,0.1352654625235582,0.4447454844633436,False,1.0,-1.0,200.0,3.695,-1.0,0.4235558840245476
2019-03-18,2019-03-24,Miami Masters,R64,Hard,4,David Ferrer,Alexander Zverev,player2,top_10,0.2976327022911728,4.0,4.05,-0.0123456790123456,0.2337164750957854,0.0639162271953873,0.1905308091646911,True,1.0,3.0,200.0,3.94,2.94,0.17267284702722074
2019-03-18,2019-03-25,Miami Masters,R32,Hard,4,Kevin Anderson,Joao Sousa,player2,top_10,0.6923244947344314,1.53,1.52,0.006578947368421,0.6203473945409429,0.0719771001934884,0.05925647694368,True,1.0,0.53,200.0,1.5194,0.5194000000000001,0.05191783729949506
2019-03-18,2019-03-26,Miami Masters,R32,Hard,4,Leonardo Mayer,Stefanos Tsitsipas,player1,top_10,0.3633479864152513,4.0,3.84,0.0416666666666667,0.238095238095238,0.1252527483200132,0.4533919456610054,False,1.0,-1.0,200.0,3.94,-1.0,0.43159106647609
2019-03-18,2019-03-26,Miami Masters,R16,Hard,4,Kevin Anderson,Jordan Thompson,player1,top_10,0.8053040158369336,1.4,1.42,-0.0140845070422535,0.6818181818181818,0.1234858340187518,0.1274256221717069,True,1.0,0.3999999999999999,200.0,1.392,0.3919999999999999,0.12098319004501146
2019-03-18,2019-03-26,Miami Masters,R16,Hard,4,John Isner,Kyle Edmund,player2,top_10,0.6770387579276788,1.9,1.85,0.0270270270270269,0.5,0.1770387579276787,0.2863736400625896,True,1.0,0.8999999999999999,200.0,1.882,0.8819999999999999,0.2741869424198914
2019-03-18,2019-03-26,Miami Masters,R16,Hard,4,Novak Djokovic,Roberto Bautista Agut,player1,top_10,0.8611461663447785,1.2,1.19,0.0084033613445377,0.7894736842105263,0.0716724821342521,0.0333753996137341,False,1.0,-1.0,200.0,1.196,-1.0,0.029930814948355006
2019-03-18,2019-03-27,Miami Masters,R16,Hard,4,Denis Shapovalov,Stefanos Tsitsipas,player1,top_10,0.544354466611205,2.2,2.2,0.0,0.4300518134715025,0.1143026531397024,0.1975798265446511,True,1.0,1.2000000000000002,200.0,2.176,1.1760000000000002,0.1845153193459822
2019-03-18,2019-03-27,Miami Masters,R16,Hard,4,Daniil Medvedev,Roger Federer,player1,top_10,0.3838752477991174,3.5,3.52,-0.0056818181818182,0.2708333333333333,0.113041914465784,0.3435633672969109,False,1.0,-1.0,200.0,3.45,-1.0,0.3243696049069551
2019-03-18,2019-03-29,Miami Masters,QF,Hard,4,Kevin Anderson,Roger Federer,player1,top_10,0.3292229235457252,5.0,4.86,0.0288065843621398,0.1883116883116883,0.1409112352340369,0.6461146177286262,False,1.0,-1.0,200.0,4.92,-1.0,0.6197767838449679
2019-03-18,2019-03-29,Miami Masters,SF,Hard,4,Roger Federer,Denis Shapovalov,player1,top_10,0.9400480654224102,1.2,1.2,0.0,0.7894736842105263,0.1505743812118838,0.1280576785068921,True,1.0,0.1999999999999999,200.0,1.196,0.19599999999999995,0.12429748624520248
2019-04-08,2019-04-09,Marrakech,R32,Clay,3,Denis Istomin,Alexander Zverev,player2,top_10,0.189190420276615,6.0,7.0,-0.1428571428571429,0.1573033707865168,0.0318870494900981,0.1351425216596902,False,1.0,-1.0,200.0,5.9,-1.0,0.11622347963202861
2019-04-08,2019-04-11,Marrakech,R16,Clay,3,Alexander Zverev,Jaume Munar,player2,top_10,0.8433427235808576,1.25,1.24,0.0080645161290322,0.75,0.0933427235808576,0.054178404476072,False,1.0,-1.0,200.0,1.245,-1.0,0.04996169085816779
2019-04-15,2019-04-17,Monte Carlo Masters,R32,Clay,4,Dominic Thiem,Martin Klizan,player2,top_10,0.8694876899604718,1.2,1.22,-0.0163934426229508,0.783001808318264,0.0864858816422077,0.043385227952566,True,1.0,0.1999999999999999,200.0,1.196,0.19599999999999995,0.03990727719272419
2019-04-15,2019-04-17,Monte Carlo Masters,R32,Clay,4,Mikhail Kukushkin,Stefanos Tsitsipas,player1,top_10,0.4007267638270496,3.75,4.06,-0.0763546798029556,0.25,0.1507267638270496,0.5027253643514361,False,1.0,-1.0,200.0,3.695,-1.0,0.480685392340948
2019-04-15,2019-04-18,Monte Carlo Masters,R16,Clay,4,Alexander Zverev,Fabio Fognini,player2,top_10,0.8520965770577356,1.25,1.25,0.0,0.7619047619047619,0.0901918151529737,0.0651207213221694,False,1.0,-1.0,200.0,1.245,-1.0,0.060860238436880876
2019-04-15,2019-04-18,Monte Carlo Masters,R16,Clay,4,Dominic Thiem,Dusan Lajovic,player2,top_10,0.9333080320045544,1.16,1.17,-0.0085470085470085,0.8116883116883117,0.1216197203162425,0.0826373171252828,False,1.0,-1.0,200.0,1.1567999999999998,-1.0,0.07965073142286833
2019-04-15,2019-04-18,Monte Carlo Masters,R16,Clay,4,Stefanos Tsitsipas,Daniil Medvedev,player1,top_10,0.687716290047987,1.72,1.76,-0.0227272727272727,0.549738219895288,0.1379780701526989,0.1828720188825375,False,1.0,-1.0,200.0,1.7056,-1.0,0.17296890430584655
2019-04-15,2019-04-19,Monte Carlo Masters,QF,Clay,4,Guido Pella,Rafael Nadal,player2,top_10,0.0939378824139229,17.0,15.87,0.0712035286704475,0.0566037735849056,0.0373341088290173,0.5969440010366907,False,1.0,-1.0,200.0,16.68,-1.0,0.566883878664234
2019-04-22,2019-04-23,Barcelona,R32,Clay,3,Dominic Thiem,Diego Schwartzman,player1,top_10,0.8487432959728847,1.3,1.3,0.0,0.7234042553191489,0.1253390406537358,0.1033662847647501,True,1.0,0.3,200.0,1.294,0.29400000000000004,0.0982738249889128
2019-04-22,2019-04-23,Barcelona,R32,Clay,3,Stefanos Tsitsipas,Marton Fucsovics,player1,top_10,0.8187738278801522,1.3,1.32,-0.0151515151515151,0.7234042553191489,0.0953695725610033,0.0644059762441978,True,1.0,0.3,200.0,1.294,0.29400000000000004,0.05949333327691694
2019-04-22,2019-04-25,Barcelona,R16,Clay,3,Felix Auger Aliassime,Kei Nishikori,player1,top_10,0.4662545576587013,2.3,2.25,0.0222222222222221,0.411764705882353,0.0544898517763483,0.0723854826150128,False,1.0,-1.0,200.0,2.274,-1.0,0.06026286411588666
2019-04-22,2019-04-25,Barcelona,R16,Clay,3,Jan Lennard Struff,Stefanos Tsitsipas,player1,top_10,0.3984309629892396,3.75,3.73,0.0053619302949061,0.2544731610337972,0.1439578019554423,0.4941161112096484,True,1.0,2.75,200.0,3.695,2.695,0.47220240824524007
2019-04-22,2019-04-25,Barcelona,R16,Clay,3,David Ferrer,Rafael Nadal,player2,top_10,0.1944188789016196,5.5,5.59,-0.0161001788908765,0.1716867469879518,0.0227321319136678,0.0693038339589082,False,1.0,-1.0,200.0,5.41,-1.0,0.05180613485776209
2019-04-22,2019-04-26,Barcelona,QF,Clay,3,Kei Nishikori,Roberto Carballes Baena,player1,top_10,0.8764007390558989,1.22,1.27,-0.0393700787401575,0.7801801801801801,0.0962205588757187,0.0692089016481966,True,1.0,0.2199999999999999,200.0,1.2156,0.2156,0.0653527383963507
2019-04-22,2019-04-26,Barcelona,QF,Clay,3,Jan Lennard Struff,Rafael Nadal,player1,top_10,0.1852382574031839,10.0,9.4,0.0638297872340425,0.0958408679927667,0.0893973894104172,0.8523825740318394,False,1.0,-1.0,200.0,9.82,-1.0,0.8190396876992658
2019-04-22,2019-04-28,Barcelona,F,Clay,3,Dominic Thiem,Daniil Medvedev,player1,top_10,0.9064614817873048,1.28,1.29,-0.0077519379844961,0.7455268389662029,0.160934642821102,0.1602706966877503,True,1.0,0.28,200.0,1.2744,0.2744,0.1551945123897412
2019-04-29,2019-05-01,Estoril,R16,Clay,3,Guido Andreozzi,Stefanos Tsitsipas,player1,top_10,0.2390279295595796,4.5,4.97,-0.0945674044265593,0.2077464788732394,0.0312814506863402,0.0756256830181083,False,1.0,-1.0,200.0,4.43,-1.0,0.05889372794893766
2019-04-29,2019-05-02,Munich,R16,Clay,3,Taro Daniel,Guido Pella,player2,other,0.245010499258368,4.5,4.82,-0.066390041493776,0.2077464788732394,0.0372640203851286,0.1025472466626561,False,1.0,-1.0,200.0,4.43,-1.0,0.08539651171457008
2019-04-29,2019-05-04,Estoril,SF,Clay,3,Stefanos Tsitsipas,David Goffin,player1,top_10,0.7909412523065422,1.53,1.52,0.006578947368421,0.6203473945409429,0.1705938577655993,0.2101401160290096,True,1.0,0.53,200.0,1.5194,0.5194000000000001,0.20175613875456033
2019-05-06,2019-05-07,Madrid Masters,R32,Clay,4,Reilly Opelka,Dominic Thiem,player2,top_10,0.2925881497575151,6.0,5.88,0.0204081632653061,0.1573033707865168,0.1352847789709982,0.7555288985450908,False,1.0,-1.0,200.0,5.9,-1.0,0.7262700835693394
2019-05-06,2019-05-07,Madrid Masters,R32,Clay,4,Roger Federer,Richard Gasquet,player2,top_10,0.98,1.1,1.1,0.0,0.8641975308641975,0.1158024691358025,0.078,True,1.0,0.1,200.0,1.098,0.09800000000000009,0.07604000000000007
2019-05-06,2019-05-08,Madrid Masters,R32,Clay,4,Felix Auger Aliassime,Rafael Nadal,player2,top_10,0.2270892493362614,5.5,5.29,0.0396975425330812,0.1716867469879518,0.0554025023483095,0.2489908713494376,False,1.0,-1.0,200.0,5.41,-1.0,0.2285528389091741
2019-05-06,2019-05-08,Madrid Masters,R32,Clay,4,Hugo Dellien,Kei Nishikori,player1,top_10,0.2638053622564897,6.0,5.78,0.0380622837370241,0.1573033707865168,0.1065019914699728,0.5828321735389383,False,1.0,-1.0,200.0,5.9,-1.0,0.5564516373132895
2019-05-06,2019-05-08,Madrid Masters,R32,Clay,4,Juan Martin del Potro,Laslo Djere,player1,top_10,0.7136937441224965,1.72,1.76,-0.0227272727272727,0.5376344086021505,0.176059335520346,0.2275532398906939,False,1.0,-1.0,200.0,1.7056,-1.0,0.21727604997533012
2019-05-06,2019-05-09,Madrid Masters,R16,Clay,4,Frances Tiafoe,Rafael Nadal,player2,top_10,0.0974302740461868,11.0,10.39,0.0587102983638112,0.0871369294605809,0.0102933445856059,0.0717330145080555,False,1.0,-1.0,200.0,10.8,-1.0,0.05224695969881743
2019-05-06,2019-05-09,Madrid Masters,R16,Clay,4,Stan Wawrinka,Kei Nishikori,player2,top_10,0.6372499025662042,1.72,1.72,0.0,0.549738219895288,0.0875116826709161,0.0960698324138711,True,1.0,0.72,200.0,1.7056,0.7056,0.08689343381691783
2019-05-06,2019-05-09,Madrid Masters,R16,Clay,4,Hubert Hurkacz,Alexander Zverev,player2,top_10,0.3559133490686498,3.2,2.93,0.0921501706484642,0.2982456140350877,0.057667735033562,0.1389227170196794,False,1.0,-1.0,200.0,3.156,-1.0,0.12326252966065876
2019-05-06,2019-05-09,Madrid Masters,R16,Clay,4,Stefanos Tsitsipas,Fernando Verdasco,player1,top_10,0.7882111930422513,1.33,1.35,-0.0148148148148148,0.7188160676532769,0.0693951253889744,0.0483208867461942,True,1.0,0.33,200.0,1.3234000000000001,0.32340000000000013,0.04311869287211545
2019-05-06,2019-05-09,Madrid Masters,R16,Clay,4,Fabio Fognini,Dominic Thiem,player2,top_10,0.3728327317022896,3.2,3.17,0.0094637223974765,0.2982456140350877,0.0745871176672018,0.1930647414473267,False,1.0,-1.0,200.0,3.156,-1.0,0.17666010125242604
2019-05-06,2019-05-09,Madrid Masters,R16,Clay,4,Gael Monfils,Roger Federer,player2,top_10,0.325221610549263,3.5,3.62,-0.0331491712707182,0.2708333333333333,0.0543882772159296,0.1382756369224206,False,1.0,-1.0,200.0,3.45,-1.0,0.12201455639495751
2019-05-06,2019-05-10,Madrid Masters,QF,Clay,4,Stefanos Tsitsipas,Alexander Zverev,player1,top_10,0.7118636155310849,1.66,1.69,-0.0177514792899408,0.5699481865284974,0.1419154290025874,0.1816936017816008,True,1.0,0.6599999999999999,200.0,1.6467999999999998,0.6467999999999998,0.1722970020565905
2019-05-06,2019-05-10,Madrid Masters,QF,Clay,4,Roger Federer,Dominic Thiem,player1,top_10,0.5289733624024062,2.75,2.83,-0.028268551236749,0.3436754176610979,0.1852979447413083,0.454676746606617,False,1.0,-1.0,200.0,2.715,-1.0,0.4361626789225328
2019-05-06,2019-05-10,Madrid Masters,QF,Clay,4,Marin Cilic,Novak Djokovic,player2,top_10,0.1882660400000825,5.5,5.77,-0.046793760831889,0.1716867469879518,0.0165792930121307,0.0354632200004537,False,1.0,-1.0,200.0,5.41,-1.0,0.01851927640044637
2019-05-06,2019-05-11,Madrid Masters,SF,Clay,4,Stefanos Tsitsipas,Rafael Nadal,player1,top_10,0.185825805596897,7.0,6.45,0.0852713178294573,0.1358024691358024,0.0500233364610945,0.3007806391782789,True,1.0,6.0,200.0,6.88,5.88,0.27848154250665125
2019-05-06,2019-05-12,Madrid Masters,F,Clay,4,Stefanos Tsitsipas,Novak Djokovic,player1,top_10,0.531085073633211,3.0,2.85,0.0526315789473683,0.3181818181818181,0.2129032554513928,0.593255220899633,False,1.0,-1.0,200.0,2.96,-1.0,0.5720118179543044
2019-05-13,2019-05-14,Rome Masters,R32,Clay,4,Matteo Berrettini,Alexander Zverev,player1,top_10,0.4722953705590804,2.37,2.35,0.0085106382978723,0.3923076923076922,0.0799876782513882,0.1193400282250206,True,1.0,1.37,200.0,2.3426,1.3426,0.10639913507170173
2019-05-13,2019-05-16,Rome Masters,R32,Clay,4,Taylor Fritz,Kei Nishikori,player1,top_10,0.4743029223484762,3.5,3.47,0.0086455331412103,0.2677824267782427,0.2065204955702335,0.660060228219667,False,1.0,-1.0,200.0,3.45,-1.0,0.6363450821022432
2019-05-13,2019-05-17,Rome Masters,QF,Clay,4,Stefanos Tsitsipas,Roger Federer,player1,top_10,0.7743954191177218,1.66,1.67,-0.0059880239520958,0.5699481865284974,0.2044472325892243,0.2854963957354182,True,1.0,0.6599999999999999,200.0,1.6467999999999998,0.6467999999999998,0.27527437620306416
2019-05-13,2019-05-17,Rome Masters,QF,Clay,4,Kei Nishikori,Diego Schwartzman,player2,top_10,0.7099535942968718,1.53,1.58,-0.0316455696202532,0.6203473945409429,0.0896061997559288,0.0862289992742138,False,1.0,-1.0,200.0,1.5194,-1.0,0.07870349117466702
2019-05-13,2019-05-18,Rome Masters,SF,Clay,4,Stefanos Tsitsipas,Rafael Nadal,player1,top_10,0.3506875674527021,4.0,4.2,-0.0476190476190476,0.238095238095238,0.112592329357464,0.4027502698108083,False,1.0,-1.0,200.0,3.94,-1.0,0.38170901576364624
2019-05-20,2019-05-22,Geneva,R16,Clay,3,Damir Dzumhur,Stan Wawrinka,player1,other,0.2907396994332684,3.75,3.86,-0.0284974093264248,0.25,0.0407396994332684,0.0902738728747567,True,1.0,2.75,200.0,3.695,2.695,0.0742831894059266
2019-05-20,2019-05-23,Geneva,QF,Clay,3,Hugo Dellien,Alexander Zverev,player1,top_10,0.2669611041507546,5.5,5.07,0.0848126232741617,0.1716867469879518,0.0952743571628027,0.4682860728291501,False,1.0,-1.0,200.0,5.41,-1.0,0.4442595734555824
2019-05-20,2019-05-24,Geneva,SF,Clay,3,Federico Delbonis,Alexander Zverev,player1,top_10,0.4878143981624637,3.0,2.87,0.0452961672473868,0.3181818181818181,0.1696325799806456,0.4634431944873912,False,1.0,-1.0,200.0,2.96,-1.0,0.44393061856089244
2019-05-20,2019-05-25,Geneva,F,Clay,3,Alexander Zverev,Nicolas Jarry,player1,top_10,0.8956761267007055,1.44,1.45,-0.0068965517241379,0.6563245823389022,0.2393515443618032,0.2897736224490159,True,1.0,0.4399999999999999,200.0,1.4312,0.4312,0.28189167253404973
2019-05-27,2019-05-27,Roland Garros,R128,Clay,5,Hubert Hurkacz,Novak Djokovic,player2,top_10,0.2179334251887601,15.0,13.12,0.1432926829268292,0.0642545227698066,0.1536789024189535,2.269001377831402,False,1.0,-1.0,200.0,14.719999999999999,-1.0,2.2079800187785485
2019-05-27,2019-05-27,Roland Garros,R128,Clay,5,Tommy Paul,Dominic Thiem,player2,top_10,0.087284283801614,19.0,16.85,0.1275964391691393,0.0509490509490509,0.036335232852563,0.6584013922306663,False,1.0,-1.0,200.0,18.64,-1.0,0.626979050062085
2019-05-27,2019-05-27,Roland Garros,R128,Clay,5,Mischa Zverev,Richard Gasquet,player2,other,0.1591943360738165,6.5,6.3,0.0317460317460318,0.1458607095926412,0.0133336264811752,0.0347631844798071,False,1.0,-1.0,200.0,6.39,-1.0,0.017251807511687423
2019-05-27,2019-05-27,Roland Garros,R128,Clay,5,Yannick Hanfmann,Rafael Nadal,player2,top_10,0.0420565082082431,29.0,24.63,0.1774259033698741,0.0334944175970671,0.0085620906111759,0.2196387380390509,False,1.0,-1.0,200.0,28.439999999999998,-1.0,0.1960870934424337
2019-05-27,2019-05-28,Roland Garros,R128,Clay,5,Juan Martin del Potro,Nicolas Jarry,player1,top_10,0.8088000349077358,1.3,1.27,0.0236220472440944,0.7291666666666667,0.079633368241069,0.0514400453800565,True,1.0,0.3,200.0,1.294,0.29400000000000004,0.046587245170610136
2019-05-27,2019-05-29,Roland Garros,R64,Clay,5,Jo-Wilfried Tsonga,Kei Nishikori,player1,top_10,0.3477648935702702,3.4,3.23,0.0526315789473683,0.281183932346723,0.0665809612235471,0.1824006381389186,False,1.0,-1.0,200.0,3.352,-1.0,0.16570792324754557
2019-05-27,2019-05-29,Roland Garros,R64,Clay,5,Yannick Maden,Rafael Nadal,player1,top_10,0.0617633556450079,41.0,28.49,0.4391014391014392,0.0238560068568163,0.0379073487881915,1.5322975814453244,False,1.0,-1.0,200.0,40.2,-1.0,1.4828868969293179
2019-05-27,2019-05-30,Roland Garros,R64,Clay,5,Radu Albot,Jan Lennard Struff,player1,other,0.3279015462697522,3.2,3.05,0.0491803278688525,0.2982456140350877,0.0296559322346645,0.0492849480632073,False,1.0,-1.0,200.0,3.156,-1.0,0.03485728002733801
2019-05-27,2019-05-30,Roland Garros,R64,Clay,5,Mikael Ymer,Alexander Zverev,player1,top_10,0.2384771728120515,5.5,6.25,-0.12,0.1716867469879518,0.0667904258240997,0.3116244504662837,False,1.0,-1.0,200.0,5.41,-1.0,0.2901615049131986
2019-05-27,2019-05-30,Roland Garros,R64,Clay,5,Alexander Bublik,Dominic Thiem,player2,top_10,0.0903853488077852,19.0,18.07,0.0514665190924183,0.0509490509490509,0.0394362978587343,0.7173216273479199,False,1.0,-1.0,200.0,18.64,-1.0,0.6847829017771163
2019-05-27,2019-05-30,Roland Garros,R64,Clay,5,Yoshihito Nishioka,Juan Martin del Potro,player1,top_10,0.1344227181787433,8.0,8.44,-0.0521327014218009,0.118942731277533,0.0154799869012103,0.0753817454299468,False,1.0,-1.0,200.0,7.859999999999999,-1.0,0.05656256488492217
2019-05-27,2019-05-31,Roland Garros,R32,Clay,5,Casper Ruud,Roger Federer,player1,top_10,0.1854402822156741,6.5,6.4,0.015625,0.1458607095926412,0.0395795726230328,0.2053618344018816,False,1.0,-1.0,200.0,6.39,-1.0,0.18496340335815742
2019-05-27,2019-05-31,Roland Garros,R32,Clay,5,Kei Nishikori,Laslo Djere,player1,top_10,0.8371696815200517,1.3,1.3,0.0,0.7291666666666667,0.1080030148533849,0.0883205859760671,True,1.0,0.3,200.0,1.294,0.29400000000000004,0.0832975678869469
2019-05-27,2019-06-01,Roland Garros,R32,Clay,5,Stefanos Tsitsipas,Filip Krajinovic,player1,top_10,0.98,1.16,1.17,-0.0085470085470085,0.8116883116883117,0.1683116883116883,0.1367999999999999,True,1.0,0.1599999999999999,200.0,1.1567999999999998,0.15679999999999983,0.1336639999999998
2019-05-27,2019-06-03,Roland Garros,R16,Clay,5,Alexander Zverev,Fabio Fognini,player1,top_10,0.5637744261047714,2.1,2.04,0.0294117647058824,0.450261780104712,0.1135126460000593,0.1839262948200198,True,1.0,1.1,200.0,2.0780000000000003,1.0780000000000003,0.17152325744571506
2019-05-27,2019-06-03,Roland Garros,R16,Clay,5,Karen Khachanov,Juan Martin del Potro,player1,top_10,0.4124575985373279,2.75,2.79,-0.014336917562724,0.3436754176610979,0.06878218087623,0.1342583959776516,True,1.0,1.75,200.0,2.715,1.7149999999999999,0.11982238002884515
2019-05-27,2019-06-04,Roland Garros,QF,Clay,5,Stan Wawrinka,Roger Federer,player2,top_10,0.3332465627705301,3.2,3.08,0.038961038961039,0.2982456140350877,0.0350009487354424,0.0663890008656964,False,1.0,-1.0,200.0,3.156,-1.0,0.051726152103793055
2019-05-27,2019-06-06,Roland Garros,QF,Clay,5,Alexander Zverev,Novak Djokovic,player2,top_10,0.1636625532853023,7.0,6.6,0.0606060606060605,0.1358024691358024,0.0278600841494998,0.1456378729971162,False,1.0,-1.0,200.0,6.88,-1.0,0.12599836660287977
2019-05-27,2019-06-09,Roland Garros,F,Clay,5,Rafael Nadal,Dominic Thiem,player1,top_10,0.9021003339200526,1.2,1.21,-0.0082644628099173,0.7983193277310925,0.1037810061889601,0.0825204007040631,True,1.0,0.1999999999999999,200.0,1.196,0.19599999999999995,0.07891199936838289
2019-06-10,2019-06-13,s Hertogenbosch,R16,Grass,3,Nicolas Jarry,Stefanos Tsitsipas,player1,top_10,0.3527227084476713,4.5,4.53,-0.0066225165562914,0.2077464788732394,0.1449762295744318,0.5872521880145208,True,1.0,3.5,200.0,4.43,3.4299999999999997,0.5625615984231837
2019-06-17,2019-06-17,Queen's Club,R32,Grass,3,Kevin Anderson,Cameron Norrie,player1,top_10,0.886630576522186,1.33,1.36,-0.0220588235294117,0.7096069868995633,0.1770235896226227,0.1792186667745074,True,1.0,0.33,200.0,1.3234000000000001,0.32340000000000013,0.1733669049694611
2019-06-17,2019-06-17,Halle,R32,Grass,3,Robin Haase,Alexander Zverev,player1,top_10,0.4613470850446356,5.0,5.2,-0.0384615384615385,0.1883116883116883,0.2730353967329473,1.3067354252231782,False,1.0,-1.0,200.0,4.92,-1.0,1.269827658419607
2019-06-17,2019-06-19,Halle,R16,Grass,3,Karen Khachanov,Jan Lennard Struff,player2,top_10,0.5590607571743953,1.9,1.94,-0.0206185567010309,0.4864864864864864,0.0725742706879088,0.062215438631351,True,1.0,0.8999999999999999,200.0,1.882,0.8819999999999999,0.052152345002211886
2019-06-17,2019-06-20,Queen's Club,R32,Grass,3,Kyle Edmund,Stefanos Tsitsipas,player1,top_10,0.4854402837346508,3.0,3.14,-0.0445859872611464,0.3119266055045871,0.1735136782300637,0.4563208512039526,False,1.0,-1.0,200.0,2.96,-1.0,0.43690323985456636
2019-06-17,2019-06-20,Queen's Club,R16,Grass,3,Kevin Anderson,Gilles Simon,player2,top_10,0.8787093965109265,1.33,1.34,-0.0074626865671642,0.7096069868995633,0.1691024096113632,0.1686834973595323,False,1.0,-1.0,200.0,1.3234000000000001,-1.0,0.16288401534256025
2019-06-17,2019-06-20,Queen's Club,R16,Grass,3,Jeremy Chardy,Stefanos Tsitsipas,player2,top_10,0.4002259401728639,3.5,3.65,-0.0410958904109588,0.2677824267782427,0.1324435133946212,0.4007907906050237,False,1.0,-1.0,200.0,3.45,-1.0,0.3807794935963804
2019-06-17,2019-06-20,Halle,R16,Grass,3,Steve Johnson,Alexander Zverev,player1,top_10,0.4240855425711378,2.5,2.62,-0.0458015267175573,0.375,0.0490855425711378,0.0602138564278446,False,1.0,-1.0,200.0,2.4699999999999998,-1.0,0.0474912901507103
2019-06-17,2019-06-20,Halle,R16,Grass,3,Jo-Wilfried Tsonga,Roger Federer,player1,top_10,0.2126761704282526,5.0,4.97,0.006036217303823,0.1883116883116883,0.0243644821165643,0.0633808521412631,False,1.0,-1.0,200.0,4.92,-1.0,0.04636675850700278
2019-06-17,2019-06-22,Halle,SF,Grass,3,Pierre Hugues Herbert,Roger Federer,player2,top_10,0.1466697753472593,8.0,8.24,-0.0291262135922329,0.118942731277533,0.0277270440697262,0.1733582027780745,False,1.0,-1.0,200.0,7.859999999999999,-1.0,0.15282443422945813
2019-06-24,2019-06-28,Eastbourne,SF,Grass,3,Taylor Fritz,Kyle Edmund,player1,other,0.393618331846834,2.62,2.56,0.0234375,0.3640776699029127,0.0295406619439212,0.0312800294387051,True,1.0,1.62,200.0,2.5876,1.5876000000000001,0.018526795486867753
2019-07-01,2019-07-01,Wimbledon,R128,Grass,5,Vasek Pospisil,Felix Auger Aliassime,player2,other,0.1031841308830986,10.0,10.14,-0.0138067061143984,0.0958408679927667,0.0073432628903318,0.0318413088309863,False,1.0,-1.0,200.0,9.82,-1.0,0.013268165272028232
2019-07-01,2019-07-01,Wimbledon,R128,Grass,5,Thomas Fabbiano,Stefanos Tsitsipas,player1,top_10,0.1774283083934031,6.5,6.98,-0.0687679083094556,0.1458607095926412,0.0315675988007618,0.1532840045571205,True,1.0,5.5,200.0,6.39,5.39,0.13376689063384573
2019-07-01,2019-07-01,Wimbledon,R128,Grass,5,Jozef Kovalik,Robin Haase,player1,other,0.24926905151627,4.33,3.99,0.0852130325814535,0.2198198198198198,0.0294492316964502,0.0793349930654493,False,1.0,-1.0,200.0,4.2634,-1.0,0.06273367423446541
2019-07-01,2019-07-01,Wimbledon,R128,Grass,5,Peter Gojowczyk,Roberto Bautista Agut,player1,other,0.0990068127246093,11.0,9.92,0.1088709677419355,0.0871369294605809,0.0118698832640284,0.0890749399707029,False,1.0,-1.0,200.0,10.8,-1.0,0.06927357742578055
2019-07-01,2019-07-01,Wimbledon,R128,Grass,5,Jiri Vesely,Alexander Zverev,player1,top_10,0.4694335804964291,4.33,4.37,-0.0091533180778031,0.2198198198198198,0.2496137606766093,1.032647403549538,True,1.0,3.33,200.0,4.2634,3.2634,1.0013831270884757
2019-07-01,2019-07-02,Wimbledon,R128,Grass,5,Sam Querrey,Dominic Thiem,player2,top_10,0.7709810620467528,2.3,2.23,0.0313901345291478,0.411764705882353,0.3592163561643998,0.7732564427075312,True,1.0,1.2999999999999998,200.0,2.274,1.274,0.7532109350943158
2019-07-01,2019-07-02,Wimbledon,R128,Grass,5,Frances Tiafoe,Fabio Fognini,player2,top_10,0.5440941411235496,2.1,2.07,0.0144927536231884,0.450261780104712,0.0938323610188375,0.1425976963594541,False,1.0,-1.0,200.0,2.0780000000000003,-1.0,0.13062762525473626
2019-07-01,2019-07-02,Wimbledon,R128,Grass,5,Federico Delbonis,Daniel Evans,player2,other,0.1292356246747998,8.0,8.98,-0.1091314031180401,0.118942731277533,0.0102928933972668,0.033884997398399,False,1.0,-1.0,200.0,7.859999999999999,-1.0,0.015792009943926266
2019-07-01,2019-07-02,Wimbledon,R128,Grass,5,James Ward,Nikoloz Basilashvili,player1,other,0.4469821358184191,2.37,2.34,0.0128205128205129,0.398477157360406,0.0485049784580131,0.0593476618896534,False,1.0,-1.0,200.0,2.3426,-1.0,0.047100351368228655
2019-07-01,2019-07-02,Wimbledon,R128,Grass,5,Yuichi Sugita,Rafael Nadal,player2,top_10,0.0620448161953846,17.0,13.52,0.2573964497041421,0.0566037735849056,0.0054410426104789,0.0547618753215382,False,1.0,-1.0,200.0,16.68,-1.0,0.03490753413901515
2019-07-01,2019-07-02,Wimbledon,R128,Grass,5,Thiago Monteiro,Kei Nishikori,player2,top_10,0.2203925499061616,11.0,10.21,0.0773751224289911,0.0871369294605809,0.1332556204455807,1.424318048967778,False,1.0,-1.0,200.0,10.8,-1.0,1.3802395389865454
2019-07-01,2019-07-02,Wimbledon,R128,Grass,5,Lloyd Harris,Roger Federer,player1,top_10,0.0725928107027394,23.0,20.67,0.112723754233188,0.0420658059142024,0.030527004788537,0.6696346461630073,False,1.0,-1.0,200.0,22.56,-1.0,0.6376938094538007
2019-07-01,2019-07-03,Wimbledon,R64,Grass,5,Denis Kudla,Novak Djokovic,player2,top_10,0.0743628274794606,26.0,22.28,0.1669658886894074,0.0373935579415031,0.0369692695379575,0.9334335144659772,False,1.0,-1.0,200.0,25.5,-1.0,0.8962521007262454
2019-07-01,2019-07-03,Wimbledon,R64,Grass,5,Steve Darcis,Roberto Bautista Agut,player2,other,0.0944801923509127,11.0,10.98,0.0018214936247722,0.0871369294605809,0.0073432628903318,0.0392821158600403,False,1.0,-1.0,200.0,10.8,-1.0,0.020386077389857205
2019-07-01,2019-07-04,Wimbledon,R64,Grass,5,Marton Fucsovics,Fabio Fognini,player2,top_10,0.4790988557731412,2.2,2.13,0.0328638497652582,0.4300518134715025,0.0490470423016387,0.0540174827009108,False,1.0,-1.0,200.0,2.176,-1.0,0.042519110162355434
2019-07-01,2019-07-04,Wimbledon,R64,Grass,5,Nick Kyrgios,Rafael Nadal,player2,top_10,0.270952861447931,4.0,3.98,0.0050251256281406,0.238095238095238,0.0328576233526929,0.0838114457917242,False,1.0,-1.0,200.0,3.94,-1.0,0.06755427410484827
2019-07-01,2019-07-05,Wimbledon,R32,Grass,5,Kevin Anderson,Guido Pella,player2,top_10,0.9294198363041668,1.12,1.13,-0.0088495575221236,0.8426966292134831,0.0867232070906838,0.040950216660667,False,1.0,-1.0,200.0,1.1176000000000001,-1.0,0.038719609053536955
2019-07-01,2019-07-06,Wimbledon,R32,Grass,5,Tennys Sandgren,Fabio Fognini,player1,top_10,0.4142944832841684,3.5,3.51,-0.0028490028490028,0.2708333333333333,0.143461149950835,0.4500306914945893,True,1.0,2.5,200.0,3.45,2.45,0.429315967330381
2019-07-01,2019-07-06,Wimbledon,R32,Grass,5,Jo-Wilfried Tsonga,Rafael Nadal,player2,top_10,0.2502227743616323,5.0,5.12,-0.0234375,0.1883116883116883,0.061911086049944,0.2511138718081616,False,1.0,-1.0,200.0,4.92,-1.0,0.23109604985923093
2019-07-01,2019-07-06,Wimbledon,R32,Grass,5,Steve Johnson,Kei Nishikori,player1,top_10,0.3116698457434841,4.5,4.41,0.0204081632653061,0.2105263157894736,0.1011435299540104,0.4025143058456786,False,1.0,-1.0,200.0,4.43,-1.0,0.38069741664363455
2019-07-01,2019-07-08,Wimbledon,R16,Grass,5,Mikhail Kukushkin,Kei Nishikori,player1,top_10,0.2189135994528471,6.0,6.91,-0.1316931982633864,0.1573033707865168,0.0616102286663302,0.3134815967170825,False,1.0,-1.0,200.0,5.9,-1.0,0.29159023677179796
2019-07-01,2019-07-14,Wimbledon,F,Grass,5,Novak Djokovic,Roger Federer,player2,top_10,0.6648962260715029,1.55,1.54,0.0064935064935065,0.6265060240963857,0.0383902019751172,0.0305891504108294,True,1.0,0.55,200.0,1.5390000000000001,0.5390000000000001,0.02327529192404304
2019-07-15,2019-07-17,Umag,R16,Clay,3,Paolo Lorenzi,Laslo Djere,player1,other,0.3237247552661222,3.75,4.07,-0.0786240786240787,0.25,0.0737247552661222,0.2139678322479583,False,1.0,-1.0,200.0,3.695,-1.0,0.19616297070832156
2019-07-22,2019-07-24,Hamburg,R16,Clay,3,Marton Fucsovics,Dominic Thiem,player2,top_10,0.2546236662779172,5.0,5.16,-0.0310077519379845,0.1883116883116883,0.0663119779662289,0.2731183313895861,False,1.0,-1.0,200.0,4.92,-1.0,0.2527484380873527
2019-07-22,2019-07-25,Hamburg,R16,Clay,3,Alexander Zverev,Federico Delbonis,player1,top_10,0.8135030060199194,1.28,1.3,-0.0153846153846154,0.7322175732217574,0.081285432798162,0.0412838477054968,True,1.0,0.28,200.0,1.2744,0.2744,0.03672823087178531
2019-07-22,2019-07-26,Gstaad,QF,Clay,3,Joao Sousa,Roberto Bautista Agut,player1,other,0.2782598792344576,3.75,3.83,-0.02088772845953,0.2544731610337972,0.0237867182006603,0.043474547129216,True,1.0,2.75,200.0,3.695,2.695,0.028170253771320763
2019-07-22,2019-07-26,Hamburg,QF,Clay,3,Alexander Zverev,Filip Krajinovic,player1,top_10,0.8475915962285117,1.36,1.38,-0.0144927536231882,0.7017543859649122,0.1458372102635994,0.1527245708707759,True,1.0,0.3600000000000001,200.0,1.3528000000000002,0.3528000000000002,0.14662191137793074
2019-07-22,2019-07-26,Hamburg,QF,Clay,3,Andrey Rublev,Dominic Thiem,player2,top_10,0.1826835745975614,6.0,6.29,-0.0461049284578696,0.1573033707865168,0.0253802038110446,0.0961014475853687,True,1.0,5.0,200.0,5.9,4.9,0.07783309012561246
2019-07-22,2019-07-26,Atlanta,QF,Hard,3,Bernard Tomic,Alex De Minaur,player1,other,0.3243411407285286,3.2,3.14,0.019108280254777,0.2982456140350877,0.0260955266934408,0.0378916503312916,False,1.0,-1.0,200.0,3.156,-1.0,0.02362064013923626
2019-07-22,2019-07-27,Hamburg,SF,Clay,3,Alexander Zverev,Nikoloz Basilashvili,player1,top_10,0.7779972259647491,1.44,1.41,0.0212765957446807,0.6563245823389022,0.1216726436258468,0.1203160053892386,False,1.0,-1.0,200.0,1.4312,-1.0,0.11346962980074887
2019-07-29,2019-07-31,Kitzbuhel,R16,Clay,3,Dominic Thiem,Sebastian Ofner,player2,top_10,0.98,1.07,1.06,0.009433962264151,0.893743793445879,0.086256206554121,0.0486,True,1.0,0.07,200.0,1.0686,0.0686,0.04722799999999998
2019-07-29,2019-08-01,Los Cabos,R16,Hard,3,Marcel Granollers,Fabio Fognini,player1,top_10,0.5216134173178166,2.0,1.98,0.0101010101010101,0.4623655913978494,0.0592478259199672,0.0432268346356332,False,1.0,-1.0,200.0,1.98,-1.0,0.032794566289276905
2019-07-29,2019-08-02,Los Cabos,QF,Hard,3,Taylor Fritz,Fabio Fognini,player1,top_10,0.6556023494329484,1.66,1.62,0.0246913580246912,0.5699481865284974,0.0856541629044509,0.0882999000586942,True,1.0,0.6599999999999999,200.0,1.6467999999999998,0.6467999999999998,0.07964594904617928
2019-07-29,2019-08-02,Washington,R16,Hard,3,Stefanos Tsitsipas,Jordan Thompson,player1,top_10,0.7948675115448177,1.33,1.31,0.0152671755725191,0.7188160676532769,0.0760514438915408,0.0571737903546076,True,1.0,0.33,200.0,1.3234000000000001,0.32340000000000013,0.051927664778411875
2019-07-29,2019-08-02,Washington,QF,Hard,3,Daniil Medvedev,Marin Cilic,player1,top_10,0.6968784513626443,1.61,1.57,0.0254777070063694,0.588235294117647,0.1086431572449972,0.1219743066938573,True,1.0,0.6100000000000001,200.0,1.5978,0.5978000000000001,0.11347238958723305
2019-07-29,2019-08-03,Washington,QF,Hard,3,Benoit Paire,Stefanos Tsitsipas,player1,top_10,0.3480296133347563,3.5,3.49,0.0028653295128939,0.2708333333333333,0.0771962800014229,0.2181036466716469,False,1.0,-1.0,200.0,3.45,-1.0,0.2007021660049092
2019-07-29,2019-08-04,Washington,SF,Hard,3,Daniil Medvedev,Peter Gojowczyk,player1,top_10,0.9698990730990662,1.16,1.16,0.0,0.8116883116883117,0.1582107614107545,0.1250829247949167,True,1.0,0.1599999999999999,200.0,1.1567999999999998,0.15679999999999983,0.12197924776099961
2019-07-29,2019-08-04,Washington,F,Hard,3,Nick Kyrgios,Daniil Medvedev,player1,top_10,0.5281915228046143,2.1,2.13,-0.0140845070422533,0.450261780104712,0.0779297426999023,0.1092021978896902,True,1.0,1.1,200.0,2.0780000000000003,1.0780000000000003,0.09758198438798871
2019-08-05,2019-08-07,Canada Masters,R32,Hard,4,Denis Shapovalov,Dominic Thiem,player2,top_10,0.5830885906891574,2.2,2.13,0.0328638497652582,0.4225721784776903,0.1605164122114671,0.2827948995161464,False,1.0,-1.0,200.0,2.176,-1.0,0.2688007733396066
2019-08-05,2019-08-07,Canada Masters,R32,Hard,4,Kei Nishikori,Richard Gasquet,player2,top_10,0.8079803580047191,1.4,1.38,0.0144927536231884,0.6626506024096386,0.1453297555950805,0.1311725012066067,False,1.0,-1.0,200.0,1.392,-1.0,0.12470865834256895
2019-08-05,2019-08-07,Canada Masters,R32,Hard,4,Stefanos Tsitsipas,Hubert Hurkacz,player2,top_10,0.7759954433019679,1.4,1.43,-0.020979020979021,0.6626506024096386,0.1133448408923293,0.086393620622755,False,1.0,-1.0,200.0,1.392,-1.0,0.08018565707633923
2019-08-05,2019-08-07,Canada Masters,R32,Hard,4,Rafael Nadal,Daniel Evans,player2,top_10,0.9654358810376744,1.08,1.08,0.0,0.8810572687224669,0.0843786123152073,0.0426707515206883,True,1.0,0.08,200.0,1.0784,0.07840000000000003,0.04112605411102811
2019-08-05,2019-08-08,Canada Masters,R16,Hard,4,Marin Cilic,Dominic Thiem,player2,top_10,0.7007659392361765,1.9,1.93,-0.0155440414507772,0.5,0.2007659392361764,0.3314552845487352,False,1.0,-1.0,200.0,1.882,-1.0,0.31884149764248404
2019-08-05,2019-08-08,Canada Masters,R16,Hard,4,Alexander Zverev,Nikoloz Basilashvili,player1,top_10,0.7790759795024108,1.44,1.44,0.0,0.6563245823389022,0.1227513971635085,0.1218694104834715,True,1.0,0.4399999999999999,200.0,1.4312,0.4312,0.11501354186385038
2019-08-05,2019-08-08,Canada Masters,R16,Hard,4,Karen Khachanov,Felix Auger Aliassime,player1,top_10,0.6788699840399632,1.72,1.69,0.0177514792899409,0.549738219895288,0.1291317641446752,0.1676563725487367,True,1.0,0.72,200.0,1.7056,0.7056,0.15788064477856129
2019-08-05,2019-08-09,Canada Masters,QF,Hard,4,Daniil Medvedev,Dominic Thiem,player1,top_10,0.6764023904964647,1.61,1.67,-0.0359281437125748,0.588235294117647,0.0881670963788177,0.0890078486993081,True,1.0,0.6100000000000001,200.0,1.5978,0.5978000000000001,0.08075573953525134
2019-08-05,2019-08-09,Canada Masters,QF,Hard,4,Alexander Zverev,Karen Khachanov,player1,top_10,0.7514756410419708,1.8,1.77,0.0169491525423728,0.5263157894736842,0.2251598515682866,0.3526561538755476,False,1.0,-1.0,200.0,1.784,-1.0,0.34063254361887596
2019-08-05,2019-08-09,Canada Masters,QF,Hard,4,Fabio Fognini,Rafael Nadal,player2,top_10,0.2186423437141402,6.0,6.22,-0.0353697749196141,0.1573033707865168,0.0613389729276234,0.3118540622848416,False,1.0,-1.0,200.0,5.9,-1.0,0.2899898279134274
2019-08-05,2019-08-10,Canada Masters,SF,Hard,4,Karen Khachanov,Daniil Medvedev,player1,top_10,0.4330395115553818,2.62,2.62,0.0,0.3640776699029127,0.0689618416524691,0.1345635202751003,False,1.0,-1.0,200.0,2.5876,-1.0,0.12053304010070598
2019-08-05,2019-08-11,Canada Masters,F,Hard,4,Daniil Medvedev,Rafael Nadal,player2,top_10,0.3824678368944234,3.0,2.99,0.0033444816053511,0.3181818181818181,0.0642860187126053,0.1474035106832703,False,1.0,-1.0,200.0,2.96,-1.0,0.13210479720749324
2019-08-12,2019-08-14,Cincinnati Masters,R32,Hard,4,Yoshihito Nishioka,Kei Nishikori,player1,top_10,0.3212844083282554,3.4,3.34,0.0179640718562874,0.2765957446808511,0.0446886636474043,0.0923669883160684,True,1.0,2.4,200.0,3.352,2.352,0.07694533671631199
2019-08-12,2019-08-14,Cincinnati Masters,R32,Hard,4,Benoit Paire,Daniil Medvedev,player1,top_10,0.3950475817736842,3.4,3.6,-0.0555555555555555,0.2765957446808511,0.1184518370928331,0.3431617780305265,False,1.0,-1.0,200.0,3.352,-1.0,0.3241994941053895
2019-08-12,2019-08-15,Cincinnati Masters,R16,Hard,4,Daniil Medvedev,Jan Lennard Struff,player1,top_10,0.749539170376996,1.4,1.38,0.0144927536231884,0.6818181818181818,0.0677209885588142,0.0493548385277943,True,1.0,0.3999999999999999,200.0,1.392,0.3919999999999999,0.043358525164778394
2019-08-12,2019-08-17,Cincinnati Masters,SF,Hard,4,Daniil Medvedev,Novak Djokovic,player1,top_10,0.4002717590850569,3.4,3.39,0.0029498525073745,0.281183932346723,0.1190878267383339,0.3609239808891936,True,1.0,2.4,200.0,3.352,2.352,0.3417109364531107
2019-08-19,2019-08-20,Winston-Salem,R32,Hard,3,Marco Cecchinato,John Millman,player1,other,0.3582908869398072,3.0,2.92,0.0273972602739727,0.3119266055045871,0.0463642814352201,0.0748726608194217,False,1.0,-1.0,200.0,2.96,-1.0,0.06054102534182926
2019-08-19,2019-08-22,Winston-Salem,R16,Hard,3,Frances Tiafoe,Filip Krajinovic,player1,other,0.5790729815968112,1.8,1.78,0.0112359550561798,0.5263157894736842,0.052757192123127,0.0423313668742602,True,1.0,0.8,200.0,1.784,0.784,0.033066199168711174
2019-08-26,2019-08-26,US Open,R128,Hard,5,Prajnesh Gunneswaran,Daniil Medvedev,player2,top_10,0.2052036185569503,19.0,20.19,-0.058940069341258,0.0509490509490509,0.1542545676078994,2.8988687525820565,False,1.0,-1.0,200.0,18.64,-1.0,2.8249954499015537
2019-08-26,2019-08-26,US Open,R128,Hard,5,Thiago Monteiro,Bradley Klahn,player1,other,0.45714546018124,2.37,2.32,0.021551724137931,0.398477157360406,0.058668302820834,0.0834347406295389,False,1.0,-1.0,200.0,2.3426,-1.0,0.07090895502057293
2019-08-26,2019-08-27,US Open,R128,Hard,5,Andrey Rublev,Stefanos Tsitsipas,player1,top_10,0.5107095382851607,2.5,2.59,-0.0347490347490346,0.3796526054590571,0.1310569328261036,0.2767738457129018,True,1.0,1.5,200.0,2.4699999999999998,1.4699999999999998,0.2614525595643469
2019-08-26,2019-08-27,US Open,R128,Hard,5,Mikhail Kukushkin,Roberto Bautista Agut,player1,top_10,0.1595420481899488,8.0,7.88,0.015228426395939,0.118942731277533,0.0405993169124158,0.2763363855195909,True,1.0,7.0,200.0,7.859999999999999,6.859999999999999,0.25400049877299735
2019-08-26,2019-08-27,US Open,R128,Hard,5,Pablo Andujar,Kyle Edmund,player1,other,0.2367620235542683,4.5,4.64,-0.0301724137931034,0.2105263157894736,0.0262357077647946,0.0654291059942074,True,1.0,3.5,200.0,4.43,3.4299999999999997,0.048855764345408614
2019-08-26,2019-08-27,US Open,R128,Hard,5,Alexander Zverev,Radu Albot,player2,top_10,0.8510789394140426,1.44,1.44,0.0,0.6563245823389022,0.1947543570751403,0.2255536727562212,True,1.0,0.4399999999999999,200.0,1.4312,0.4312,0.21806417808937772
2019-08-26,2019-08-27,US Open,R128,Hard,5,Vasek Pospisil,Karen Khachanov,player1,top_10,0.3662217692469584,6.0,7.19,-0.1655076495132128,0.1573033707865168,0.2089183984604415,1.1973306154817505,True,1.0,5.0,200.0,5.9,4.9,1.1607084385570547
2019-08-26,2019-08-29,US Open,R64,Hard,5,Hugo Dellien,Daniil Medvedev,player1,top_10,0.1808996469713124,19.0,14.3,0.3286713286713285,0.0509490509490509,0.1299505960222614,2.437093292454936,False,1.0,-1.0,200.0,18.64,-1.0,2.3719694195452634
2019-08-26,2019-08-29,US Open,R64,Hard,5,Alexander Zverev,Frances Tiafoe,player2,top_10,0.7226912975467443,1.5,1.52,-0.0131578947368421,0.6359223300970874,0.0867689674496569,0.0840369463201164,True,1.0,0.5,200.0,1.49,0.49,0.07681003334464903
2019-08-26,2019-08-31,US Open,R32,Hard,5,Feliciano Lopez,Daniil Medvedev,player1,top_10,0.4394899383019277,3.5,3.59,-0.0250696378830083,0.2708333333333333,0.1686566049685943,0.5382147840567468,False,1.0,-1.0,200.0,3.45,-1.0,0.5162402871416507
2019-08-26,2019-08-31,US Open,R32,Hard,5,Aljaz Bedene,Alexander Zverev,player1,top_10,0.4421852333909208,3.75,3.87,-0.0310077519379845,0.2544731610337972,0.1877120723571235,0.6581946252159532,False,1.0,-1.0,200.0,3.695,-1.0,0.6338744373794523
2019-08-26,2019-09-01,US Open,R16,Hard,5,Roger Federer,David Goffin,player1,top_10,0.9794461164210454,1.16,1.16,0.0,0.8116883116883117,0.1677578047327337,0.1361574950484126,True,1.0,0.1599999999999999,200.0,1.1567999999999998,0.15679999999999983,0.13302326747586515
2019-08-26,2019-09-02,US Open,R16,Hard,5,Diego Schwartzman,Alexander Zverev,player2,top_10,0.5397860795786423,2.0,1.99,0.0050251256281406,0.4736842105263157,0.0661018690523265,0.0795721591572846,True,1.0,1.0,200.0,1.98,0.98,0.06877643756571183
2019-08-26,2019-09-03,US Open,R16,Hard,5,Marin Cilic,Rafael Nadal,player1,top_10,0.1391088051990061,9.0,8.79,0.0238907849829352,0.1062562065541211,0.0328525986448849,0.2519792467910549,False,1.0,-1.0,200.0,8.84,-1.0,0.22972183795921386
2019-08-26,2019-09-03,US Open,QF,Hard,5,Stan Wawrinka,Daniil Medvedev,player1,top_10,0.7064422339651805,1.72,1.81,-0.0497237569060774,0.549738219895288,0.1567040140698924,0.2150806424201103,False,1.0,-1.0,200.0,1.7056,-1.0,0.2049078742510118
2019-08-26,2019-09-04,US Open,QF,Hard,5,Grigor Dimitrov,Roger Federer,player2,top_10,0.126102546585458,9.0,9.44,-0.0466101694915254,0.1062562065541211,0.0198463400313368,0.1349229192691224,True,1.0,8.0,200.0,8.84,7.84,0.11474651181544859
2019-08-26,2019-09-07,US Open,SF,Hard,5,Rafael Nadal,Matteo Berrettini,player2,top_10,0.9752213670419708,1.06,1.06,0.0,0.9041591320072332,0.0710622350347375,0.0337346490644891,True,1.0,0.06,200.0,1.0588,0.05879999999999996,0.03256438342403867
2019-09-16,2019-09-19,St. Petersburg,R16,Hard,3,Joao Sousa,Karen Khachanov,player1,top_10,0.515798105682987,3.0,3.03,-0.0099009900990097,0.3119266055045871,0.2038715001783999,0.547394317048961,True,1.0,2.0,200.0,2.96,1.96,0.5267623928216416
2019-09-16,2019-09-20,St. Petersburg,QF,Hard,3,Andrey Rublev,Daniil Medvedev,player2,top_10,0.2664070783848552,4.0,4.01,-0.0024937655860348,0.238095238095238,0.0283118402896171,0.0656283135394208,False,1.0,-1.0,200.0,3.94,-1.0,0.04964388883632953
2019-09-16,2019-09-21,St. Petersburg,SF,Hard,3,Egor Gerasimov,Daniil Medvedev,player2,top_10,0.221651161897567,5.5,5.61,-0.0196078431372549,0.1716867469879518,0.0499644149096152,0.2190813904366187,False,1.0,-1.0,200.0,5.41,-1.0,0.1991327858658375
2019-09-16,2019-09-22,St. Petersburg,F,Hard,3,Borna Coric,Daniil Medvedev,player1,top_10,0.3850995004721148,4.33,4.54,-0.0462555066079295,0.2198198198198198,0.165279680652295,0.6674808370442572,False,1.0,-1.0,200.0,4.2634,-1.0,0.6418332103128139
2019-09-23,2019-09-26,Zhuhai,R16,Hard,3,Andy Murray,Alex De Minaur,player2,other,0.3482928210383229,3.0,3.03,-0.0099009900990097,0.3119266055045871,0.0363662155337358,0.0448784631149687,False,1.0,-1.0,200.0,2.96,-1.0,0.03094675027343574
2019-09-23,2019-09-26,Zhuhai,R16,Hard,3,Adrian Mannarino,Stefanos Tsitsipas,player1,top_10,0.3778530832176817,3.5,3.42,0.023391812865497,0.2677824267782427,0.1100706564394389,0.3224857912618858,True,1.0,2.5,200.0,3.45,2.45,0.3035931371010018
2019-09-30,2019-09-30,Beijing,R32,Hard,3,Frances Tiafoe,Alexander Zverev,player2,top_10,0.529455577583688,2.75,2.9,-0.0517241379310344,0.3373493975903614,0.1921061799933265,0.456002838355142,False,1.0,-1.0,200.0,2.715,-1.0,0.4374718931397128
2019-09-30,2019-09-30,Beijing,R32,Hard,3,Pablo Cuevas,Karen Khachanov,player1,top_10,0.4375338133290619,2.5,2.55,-0.0196078431372548,0.375,0.0625338133290619,0.0938345333226547,False,1.0,-1.0,200.0,2.4699999999999998,-1.0,0.08070851892278263
2019-09-30,2019-10-01,Beijing,R32,Hard,3,Sam Querrey,Roberto Bautista Agut,player1,top_10,0.3744772811143826,3.4,3.58,-0.0502793296089385,0.2765957446808511,0.0978815364335315,0.2732227557889009,True,1.0,2.4,200.0,3.352,2.352,0.2552478462954104
2019-09-30,2019-10-01,Beijing,R32,Hard,3,Stefanos Tsitsipas,Dusan Lajovic,player1,top_10,0.8135762158587396,1.28,1.27,0.0078740157480314,0.7322175732217574,0.0813586426369822,0.0413775562991867,True,1.0,0.28,200.0,1.2744,0.2744,0.03682152949037776
2019-09-30,2019-10-02,Tokyo,R16,Hard,3,Go Soeda,Novak Djokovic,player2,top_10,0.087970602200236,13.0,13.19,-0.0144048521607277,0.074074074074074,0.0138965281261619,0.143617828603068,False,1.0,-1.0,200.0,12.76,-1.0,0.12250488407501137
2019-09-30,2019-10-03,Beijing,R16,Hard,3,Alexander Zverev,Felix Auger Aliassime,player1,top_10,0.8949855789123667,1.36,1.4,-0.0285714285714284,0.6880733944954128,0.2069121844169539,0.2171803873208188,True,1.0,0.3600000000000001,200.0,1.3528000000000002,0.3528000000000002,0.21073649115264992
2019-09-30,2019-10-03,Beijing,R16,Hard,3,Stefanos Tsitsipas,Nikoloz Basilashvili,player1,top_10,0.7553940224270065,1.53,1.5,0.02,0.6076923076923076,0.1477017147346988,0.1557528543133199,True,1.0,0.53,200.0,1.5194,0.5194000000000001,0.1477456776755937
2019-09-30,2019-10-04,Beijing,QF,Hard,3,Alexander Zverev,Sam Querrey,player1,top_10,0.7877574197306859,1.33,1.31,0.0152671755725191,0.7188160676532769,0.068941352077409,0.0477173682418123,True,1.0,0.33,200.0,1.3234000000000001,0.32340000000000013,0.042518169271589856
2019-09-30,2019-10-04,Beijing,QF,Hard,3,Stefanos Tsitsipas,John Isner,player1,top_10,0.5735768233059104,1.8,1.78,0.0112359550561798,0.5263157894736842,0.0472610338322262,0.0324382819506388,True,1.0,0.8,200.0,1.784,0.784,0.023261052777744207
2019-09-30,2019-10-04,Beijing,QF,Hard,3,Karen Khachanov,Fabio Fognini,player1,top_10,0.7383991029540156,1.61,1.57,0.0254777070063694,0.588235294117647,0.1501638088363686,0.1888225557559651,True,1.0,0.6100000000000001,200.0,1.5978,0.5978000000000001,0.17981408669992616
2019-09-30,2019-10-05,Beijing,SF,Hard,3,Alexander Zverev,Stefanos Tsitsipas,player1,top_10,0.7767815309863053,1.66,1.7,-0.0235294117647059,0.5699481865284974,0.2068333444578078,0.2894573414372667,False,1.0,-1.0,200.0,1.6467999999999998,-1.0,0.2792038252282475
2019-09-30,2019-10-06,Tokyo,F,Hard,3,John Millman,Novak Djokovic,player2,top_10,0.1010731607036835,11.0,11.69,-0.0590248075278014,0.0871369294605809,0.0139362312431026,0.111804767740519,False,1.0,-1.0,200.0,10.8,-1.0,0.0915901355997818
2019-09-30,2019-10-06,Beijing,F,Hard,3,Stefanos Tsitsipas,Dominic Thiem,player1,top_10,0.6773483973929093,1.9,1.95,-0.0256410256410256,0.5,0.1773483973929093,0.2869619550465276,False,1.0,-1.0,200.0,1.882,-1.0,0.27476968389345524
2019-10-07,2019-10-08,Shanghai Masters,R32,Hard,4,Cameron Norrie,Daniil Medvedev,player1,top_10,0.1821598136870657,6.0,6.18,-0.0291262135922329,0.1573033707865168,0.0248564429005488,0.0929588821223942,False,1.0,-1.0,200.0,5.9,-1.0,0.07474290075368772
2019-10-07,2019-10-09,Shanghai Masters,R32,Hard,4,Jeremy Chardy,Alexander Zverev,player1,top_10,0.3298639965237533,3.5,3.87,-0.0956072351421188,0.2677824267782427,0.0620815697455106,0.1545239878331367,False,1.0,-1.0,200.0,3.45,-1.0,0.138030788006949
2019-10-07,2019-10-09,Shanghai Masters,R32,Hard,4,Dominic Thiem,Pablo Carreno Busta,player2,top_10,0.7610314419696355,1.4,1.43,-0.020979020979021,0.6626506024096386,0.0983808395599968,0.0654440187574895,True,1.0,0.3999999999999999,200.0,1.392,0.3919999999999999,0.05935576722173247
2019-10-07,2019-10-09,Shanghai Masters,R32,Hard,4,Taylor Fritz,Karen Khachanov,player1,top_10,0.457376368581263,2.75,2.65,0.0377358490566037,0.3373493975903614,0.1200269709909016,0.2577850135984734,False,1.0,-1.0,200.0,2.715,-1.0,0.2417768406981291
2019-10-07,2019-10-09,Shanghai Masters,R32,Hard,4,Stefanos Tsitsipas,Felix Auger Aliassime,player1,top_10,0.8133323375451672,1.4,1.41,-0.0070921985815602,0.6626506024096386,0.1506817351355286,0.138665272563234,True,1.0,0.3999999999999999,200.0,1.392,0.3919999999999999,0.1321586138628727
2019-10-07,2019-10-09,Shanghai Masters,R32,Hard,4,Novak Djokovic,Denis Shapovalov,player1,top_10,0.978626553346334,1.1,1.08,0.0185185185185186,0.8641975308641975,0.1144290224821363,0.0764892086809673,True,1.0,0.1,200.0,1.098,0.09800000000000009,0.07453195557427479
2019-10-07,2019-10-10,Shanghai Masters,R16,Hard,4,Andrey Rublev,Alexander Zverev,player1,top_10,0.5831544576080369,2.37,2.41,-0.016597510373444,0.398477157360406,0.1846773002476308,0.3820760645310473,False,1.0,-1.0,200.0,2.3426,-1.0,0.3660976323925872
2019-10-07,2019-10-10,Shanghai Masters,R16,Hard,4,Matteo Berrettini,Roberto Bautista Agut,player1,top_10,0.6854820248904543,1.72,1.71,0.0058479532163742,0.549738219895288,0.1357438049951662,0.1790290828115813,True,1.0,0.72,200.0,1.7056,0.7056,0.16915814165315884
2019-10-07,2019-10-10,Shanghai Masters,R16,Hard,4,Karen Khachanov,Fabio Fognini,player2,top_10,0.7312917798796992,1.44,1.43,0.006993006993007,0.6563245823389022,0.0749671975407969,0.0530601630267667,False,1.0,-1.0,200.0,1.4312,-1.0,0.046624795363825466
2019-10-07,2019-10-10,Shanghai Masters,R16,Hard,4,Vasek Pospisil,Daniil Medvedev,player1,top_10,0.2395324124682794,8.0,7.91,0.0113780025284448,0.118942731277533,0.1205896811907463,0.9162592997462352,False,1.0,-1.0,200.0,7.859999999999999,-1.0,0.882724762000676
2019-10-07,2019-10-10,Shanghai Masters,R16,Hard,4,Stefanos Tsitsipas,Hubert Hurkacz,player2,top_10,0.7398602857852181,1.4,1.38,0.0144927536231884,0.6818181818181818,0.0580421039670363,0.0358044000993053,True,1.0,0.3999999999999999,200.0,1.392,0.3919999999999999,0.029885517813023565
2019-10-07,2019-10-11,Shanghai Masters,QF,Hard,4,Fabio Fognini,Daniil Medvedev,player1,top_10,0.287654323210395,4.33,4.42,-0.0203619909502261,0.2198198198198198,0.0678345033905752,0.2455432195010104,False,1.0,-1.0,200.0,4.2634,-1.0,0.22638544157519802
2019-10-07,2019-10-11,Shanghai Masters,QF,Hard,4,Novak Djokovic,Stefanos Tsitsipas,player1,top_10,0.9154677660983942,1.14,1.11,0.0270270270270267,0.8283132530120482,0.087154513086346,0.0436332533521693,False,1.0,-1.0,200.0,1.1372,-1.0,0.04106994360709387
2019-10-07,2019-10-13,Shanghai Masters,F,Hard,4,Daniil Medvedev,Alexander Zverev,player1,top_10,0.7950203859583409,1.53,1.54,-0.0064935064935065,0.6203473945409429,0.174672991417398,0.2163811905162616,True,1.0,0.53,200.0,1.5194,0.5194000000000001,0.20795397442510322
2019-10-14,2019-10-18,Moscow,QF,Hard,3,Andreas Seppi,Karen Khachanov,player2,top_10,0.2847693657806182,3.75,3.6,0.0416666666666667,0.2544731610337972,0.0302962047468209,0.0678851216773182,True,1.0,2.75,200.0,3.695,2.695,0.05222280655938416
2019-10-21,2019-10-21,Basel,R32,Hard,3,Hugo Dellien,Alex De Minaur,player1,other,0.1367516118619786,8.0,8.31,-0.0373044524669073,0.118942731277533,0.0178088805844456,0.0940128948958294,False,1.0,-1.0,200.0,7.859999999999999,-1.0,0.07486766923515165
2019-10-21,2019-10-21,Vienna,R32,Hard,3,Hubert Hurkacz,Karen Khachanov,player1,top_10,0.502362788785251,2.2,2.4,-0.0833333333333332,0.4225721784776903,0.0797906103075606,0.1051981353275522,False,1.0,-1.0,200.0,2.176,-1.0,0.09314142839670625
2019-10-21,2019-10-22,Basel,R32,Hard,3,Taylor Fritz,Alexander Zverev,player1,top_10,0.4691336492054341,4.0,4.03,-0.0074441687344913,0.2337164750957854,0.2354171741096486,0.8765345968217364,True,1.0,3.0,200.0,3.94,2.94,0.8483865778694104
2019-10-21,2019-10-22,Basel,R32,Hard,3,Marius Copil,Roberto Bautista Agut,player1,top_10,0.4114842811771885,3.25,3.61,-0.0997229916897506,0.2903930131004367,0.1210912680767518,0.3373239138258626,False,1.0,-1.0,200.0,3.205,-1.0,0.3188071211728891
2019-10-21,2019-10-23,Vienna,R32,Hard,3,Adrian Mannarino,Sam Querrey,player1,other,0.4769128132408368,2.2,2.23,-0.0134529147982062,0.4225721784776903,0.0543406347631465,0.0492081891298411,False,1.0,-1.0,200.0,2.176,-1.0,0.037762281612060966
2019-10-21,2019-10-23,Vienna,R16,Hard,3,Marton Fucsovics,Karen Khachanov,player1,top_10,0.4015132413521338,3.0,2.96,0.0135135135135135,0.3119266055045871,0.0895866358475466,0.2045397240564014,False,1.0,-1.0,200.0,2.96,-1.0,0.18847919440231609
2019-10-21,2019-10-24,Basel,R16,Hard,3,Richard Gasquet,Roberto Bautista Agut,player1,top_10,0.3333210396251347,3.25,3.04,0.069078947368421,0.2903930131004367,0.042928026524698,0.0832933787816878,False,1.0,-1.0,200.0,3.205,-1.0,0.06829393199855671
2019-10-21,2019-10-24,Basel,R16,Hard,3,Ricardas Berankis,Stefanos Tsitsipas,player1,top_10,0.2677070341462574,4.33,5.04,-0.1408730158730158,0.2169981916817359,0.0507088424645214,0.1591714578532945,False,1.0,-1.0,200.0,4.2634,-1.0,0.14134216937915378
2019-10-21,2019-10-24,Basel,R16,Hard,3,Frances Tiafoe,Stan Wawrinka,player2,other,0.3264923399297105,3.25,3.52,-0.0767045454545454,0.2903930131004367,0.0360993268292738,0.0611001047715591,False,1.0,-1.0,200.0,3.205,-1.0,0.046407949474722154
2019-10-21,2019-10-24,Vienna,R16,Hard,3,Fernando Verdasco,Dominic Thiem,player2,top_10,0.3401864966490082,4.0,3.97,0.0075566750629723,0.2337164750957854,0.1064700215532228,0.3607459865960329,False,1.0,-1.0,200.0,3.94,-1.0,0.3403347967970922
2019-10-21,2019-10-25,Basel,QF,Hard,3,Roberto Bautista Agut,Reilly Opelka,player1,top_10,0.8425689556435927,1.5,1.46,0.0273972602739727,0.6359223300970874,0.2066466255465052,0.263853433465389,False,1.0,-1.0,200.0,1.49,-1.0,0.2554277439089531
2019-10-21,2019-10-25,Basel,QF,Hard,3,Roger Federer,Stan Wawrinka,player1,top_10,0.866583176724343,1.2,1.18,0.0169491525423728,0.7894736842105263,0.0771094925138167,0.0398998120692116,True,1.0,0.1999999999999999,200.0,1.196,0.19599999999999995,0.036433479362314225
2019-10-21,2019-10-25,Vienna,QF,Hard,3,Karen Khachanov,Diego Schwartzman,player2,top_10,0.6972931288853603,1.57,1.6,-0.01875,0.6015228426395939,0.0957702862457664,0.0947502123500157,False,1.0,-1.0,200.0,1.5586000000000002,-1.0,0.08680107068072274
2019-10-21,2019-10-26,Basel,SF,Hard,3,Roger Federer,Stefanos Tsitsipas,player1,top_10,0.891483987540644,1.28,1.28,0.0,0.7455268389662029,0.1459571485744411,0.1410995040520243,True,1.0,0.28,200.0,1.2744,0.2744,0.13610719372179664
2019-10-21,2019-10-26,Vienna,SF,Hard,3,Dominic Thiem,Matteo Berrettini,player1,top_10,0.7905513420815987,1.61,1.62,-0.0061728395061728,0.588235294117647,0.2023160479639517,0.272787660751374,True,1.0,0.6100000000000001,200.0,1.5978,0.5978000000000001,0.26314293437797853
2019-10-21,2019-10-27,Vienna,F,Hard,3,Dominic Thiem,Diego Schwartzman,player2,top_10,0.8272377020247093,1.28,1.29,-0.0077519379844961,0.7455268389662029,0.0817108630585063,0.0588642585916278,True,1.0,0.28,200.0,1.2744,0.2744,0.05423172746028945
2019-10-28,2019-10-29,Paris Masters,R32,Hard,4,Jan Lennard Struff,Karen Khachanov,player1,top_10,0.4753500242113906,2.5,2.46,0.0162601626016261,0.375,0.1003500242113906,0.1883750605284765,True,1.0,1.5,200.0,2.4699999999999998,1.4699999999999998,0.17411455980213464
2019-10-28,2019-10-29,Paris Masters,R32,Hard,4,Jeremy Chardy,Daniil Medvedev,player1,top_10,0.228395275674367,5.5,5.5,0.0,0.1716867469879518,0.0567085286864151,0.2561740162090185,True,1.0,4.5,200.0,5.41,4.41,0.23561844139832555
2019-10-28,2019-10-30,Paris Masters,R32,Hard,4,Jo-Wilfried Tsonga,Matteo Berrettini,player1,top_10,0.6112989691299731,2.25,2.4,-0.0625,0.4109947643979057,0.2003042047320673,0.3754226805424394,True,1.0,1.25,200.0,2.225,1.225,0.3601402063141901
2019-10-28,2019-10-30,Paris Masters,R32,Hard,4,Milos Raonic,Dominic Thiem,player2,top_10,0.4392302985388732,2.37,2.47,-0.0404858299595142,0.3923076923076922,0.0469226062311809,0.0409758075371294,False,1.0,-1.0,200.0,2.3426,-1.0,0.02894089735716432
2019-10-28,2019-10-30,Paris Masters,R32,Hard,4,Taylor Fritz,Stefanos Tsitsipas,player1,top_10,0.5324818208036589,3.5,3.63,-0.0358126721763084,0.2677824267782427,0.2646993940254162,0.8636863728128062,False,1.0,-1.0,200.0,3.45,-1.0,0.8370622817726233
2019-10-28,2019-10-31,Paris Masters,R16,Hard,4,Stan Wawrinka,Rafael Nadal,player2,top_10,0.3793567903048542,4.0,4.13,-0.0314769975786924,0.238095238095238,0.1412615522096161,0.517427161219417,False,1.0,-1.0,200.0,3.94,-1.0,0.49466575380112565
2019-10-28,2019-10-31,Paris Masters,R16,Hard,4,Radu Albot,Gael Monfils,player2,other,0.2732159680884248,4.0,3.98,0.0050251256281406,0.238095238095238,0.0351207299931867,0.0928638723536994,False,1.0,-1.0,200.0,3.94,-1.0,0.07647091426839359
2019-10-28,2019-10-31,Paris Masters,R16,Hard,4,Denis Shapovalov,Alexander Zverev,player1,top_10,0.5081223887133854,2.75,2.91,-0.0549828178694158,0.3436754176610979,0.1644469710522875,0.39733656896181,True,1.0,1.75,200.0,2.715,1.7149999999999999,0.3795522853568414
2019-10-28,2019-10-31,Paris Masters,R16,Hard,4,Alex De Minaur,Stefanos Tsitsipas,player1,top_10,0.487712360685144,2.37,2.34,0.0128205128205129,0.398477157360406,0.089235203324738,0.1558782948237913,False,1.0,-1.0,200.0,2.3426,-1.0,0.14251497614101838
2019-10-28,2019-10-31,Paris Masters,R16,Hard,4,Kyle Edmund,Novak Djokovic,player1,top_10,0.1774517606078101,7.0,8.23,-0.149453219927096,0.1358024691358024,0.0416492914720076,0.2421623242546706,False,1.0,-1.0,200.0,6.88,-1.0,0.22086811298173337
2019-10-28,2019-11-01,Paris Masters,QF,Hard,4,Jo-Wilfried Tsonga,Rafael Nadal,player2,top_10,0.2476818336157119,5.0,5.47,-0.0859232175502742,0.1883116883116883,0.0593701453040236,0.2384091680785597,False,1.0,-1.0,200.0,4.92,-1.0,0.2185946213893024
2019-10-28,2019-11-02,Paris Masters,SF,Hard,4,Denis Shapovalov,Rafael Nadal,player1,top_10,0.3305389438710883,5.0,4.94,0.0121457489878542,0.1883116883116883,0.1422272555594,0.6526947193554414,True,1.0,4.0,200.0,4.92,3.92,0.6262516038457543
2019-10-28,2019-11-02,Paris Masters,SF,Hard,4,Novak Djokovic,Grigor Dimitrov,player1,top_10,0.941713030905967,1.12,1.1,0.0181818181818183,0.8426966292134831,0.0990164016924839,0.0547185946146831,True,1.0,0.1200000000000001,200.0,1.1176000000000001,0.11760000000000015,0.0524584833405089
2019-10-28,2019-11-03,Paris Masters,F,Hard,4,Denis Shapovalov,Novak Djokovic,player2,top_10,0.1867669788924102,6.0,5.98,0.0033444816053511,0.1573033707865168,0.0294636081058933,0.1206018733544613,False,1.0,-1.0,200.0,5.9,-1.0,0.10192517546522029
2019-11-11,2019-11-11,Tour Finals,RR,Hard,1,Stefanos Tsitsipas,Daniil Medvedev,player1,top_10,0.3745824183174774,3.0,3.03,-0.0099009900990097,0.3181818181818181,0.0564006001356592,0.1237472549524322,True,1.0,2.0,200.0,2.96,1.96,0.10876395821973306
2019-11-11,2019-11-13,Tour Finals,RR,Hard,1,Stefanos Tsitsipas,Alexander Zverev,player1,top_10,0.5576151039636432,2.0,2.09,-0.0430622009569376,0.4736842105263157,0.0839308934373274,0.1152302079272864,True,1.0,1.0,200.0,1.98,0.98,0.10407790584801357
2019-11-11,2019-11-13,Tour Finals,RR,Hard,1,Daniil Medvedev,Rafael Nadal,player1,top_10,0.6301432169714838,1.72,1.71,0.0058479532163742,0.549738219895288,0.0804049970761957,0.083846333190952,False,1.0,-1.0,200.0,1.7056,-1.0,0.07477227086656274
2019-11-11,2019-11-14,Tour Finals,RR,Hard,1,Dominic Thiem,Matteo Berrettini,player1,top_10,0.8247935662680239,1.36,1.36,0.0,0.7017543859649122,0.1230391803031116,0.1217192501245126,False,1.0,-1.0,200.0,1.3528000000000002,-1.0,0.11578073644738296
2019-11-11,2019-11-14,Tour Finals,RR,Hard,1,Novak Djokovic,Roger Federer,player2,top_10,0.7966447935498379,1.36,1.37,-0.0072992700729926,0.7017543859649122,0.0948904075849256,0.0834369192277795,False,1.0,-1.0,200.0,1.3528000000000002,-1.0,0.07770107671422083
2019-11-11,2019-11-15,Tour Finals,RR,Hard,1,Alexander Zverev,Daniil Medvedev,player1,top_10,0.7262329437037782,1.9,1.92,-0.0104166666666666,0.5,0.2262329437037782,0.3798425930371786,True,1.0,0.8999999999999999,200.0,1.882,0.8819999999999999,0.36677040005051054
2019-11-11,2019-11-15,Tour Finals,RR,Hard,1,Stefanos Tsitsipas,Rafael Nadal,player1,top_10,0.4319282605203663,2.75,2.93,-0.0614334470989761,0.3436754176610979,0.0882528428592684,0.1878027164310073,False,1.0,-1.0,200.0,2.715,-1.0,0.17268522731279445
2019-11-11,2019-11-16,Tour Finals,SF,Hard,1,Alexander Zverev,Dominic Thiem,player1,top_10,0.6016492944709725,2.0,2.06,-0.0291262135922329,0.4736842105263157,0.1279650839446567,0.2032985889419449,False,1.0,-1.0,200.0,1.98,-1.0,0.1912656030525255
2019-11-11,2019-11-17,Tour Finals,F,Hard,1,Stefanos Tsitsipas,Dominic Thiem,player1,top_10,0.6043752803714844,2.0,1.96,0.0204081632653061,0.4736842105263157,0.1306910698451686,0.2087505607429687,True,1.0,1.0,200.0,1.98,0.98,0.19666305513553906
2020-01-20,2020-01-20,Australian Open,R128,Hard,5,Jan Lennard Struff,Novak Djokovic,player2,top_10,0.0839847471179221,23.0,20.0,0.1499999999999999,0.0420658059142024,0.0419189412037197,0.9316491837122092,False,1.0,-1.0,200.0,22.56,-1.0,0.8946958949803224
2020-01-20,2020-01-22,Australian Open,R64,Hard,5,Filip Krajinovic,Roger Federer,player2,top_10,0.1021482989323306,17.0,14.08,0.2073863636363635,0.0566037735849056,0.045544525347425,0.7365210818496216,False,1.0,-1.0,200.0,16.68,-1.0,0.7038336261912743
2020-01-20,2020-01-22,Australian Open,R64,Hard,5,Michael Mmoh,Roberto Bautista Agut,player2,top_10,0.1299033255442928,8.0,7.88,0.015228426395939,0.118942731277533,0.0109605942667597,0.0392266043543427,False,1.0,-1.0,200.0,7.859999999999999,-1.0,0.02104013877814126
2020-01-20,2020-01-23,Australian Open,R64,Hard,5,Alex Bolt,Dominic Thiem,player1,top_10,0.1467880276679681,9.0,8.43,0.0676156583629894,0.1062562065541211,0.0405318211138469,0.3210922490117133,False,1.0,-1.0,200.0,8.84,-1.0,0.297606164584838
2020-01-20,2020-01-23,Australian Open,R64,Hard,5,Egor Gerasimov,Alexander Zverev,player2,top_10,0.293060587261343,4.5,4.87,-0.0759753593429158,0.2105263157894736,0.0825342714718693,0.3187726426760433,False,1.0,-1.0,200.0,4.43,-1.0,0.2982584015677494
2020-01-20,2020-01-24,Australian Open,R32,Hard,5,Milos Raonic,Stefanos Tsitsipas,player2,top_10,0.3563691191611269,3.2,3.16,0.0126582278481013,0.2982456140350877,0.0581235051260392,0.1403811813156061,True,1.0,2.2,200.0,3.156,2.156,0.12470094007251653
2020-01-20,2020-01-24,Australian Open,R32,Hard,5,Roberto Bautista Agut,Marin Cilic,player1,top_10,0.8492948286879656,1.36,1.34,0.0149253731343284,0.7017543859649122,0.1475404427230533,0.1550409670156332,False,1.0,-1.0,200.0,1.3528000000000002,-1.0,0.14892604424908001
2020-01-20,2020-01-25,Australian Open,R32,Hard,5,Pablo Carreno Busta,Rafael Nadal,player2,top_10,0.0786102000683959,15.0,14.33,0.0467550593161201,0.0642545227698066,0.0143556772985893,0.1791530010259387,False,1.0,-1.0,200.0,14.719999999999999,-1.0,0.15714214500678758
2020-01-20,2020-01-25,Australian Open,R32,Hard,5,Gael Monfils,Ernests Gulbis,player1,top_10,0.7185427389664549,1.53,1.48,0.0337837837837837,0.6203473945409429,0.098195344425512,0.099370390618676,True,1.0,0.53,200.0,1.5194,0.5194000000000001,0.09175383758563166
2020-01-20,2020-01-25,Australian Open,R32,Hard,5,Taylor Fritz,Dominic Thiem,player2,top_10,0.3838699938667108,3.0,2.98,0.0067114093959732,0.3181818181818181,0.0656881756848927,0.1516099816001325,False,1.0,-1.0,200.0,2.96,-1.0,0.1362551818454638
2020-01-20,2020-01-26,Australian Open,R16,Hard,5,Diego Schwartzman,Novak Djokovic,player2,top_10,0.1235656319320575,13.0,11.88,0.0942760942760942,0.074074074074074,0.0494915578579834,0.6063532151167474,False,1.0,-1.0,200.0,12.76,-1.0,0.5766974634530537
2020-01-20,2020-01-27,Australian Open,R16,Hard,5,Stan Wawrinka,Daniil Medvedev,player2,top_10,0.3363612805843522,3.75,3.79,-0.0105540897097625,0.2544731610337972,0.0818881195505549,0.2613548021913208,True,1.0,2.75,200.0,3.695,2.695,0.24285493175918138
2020-01-20,2020-01-27,Australian Open,R16,Hard,5,Andrey Rublev,Alexander Zverev,player2,top_10,0.5816380090255134,1.8,1.81,-0.005524861878453,0.5263157894736842,0.0553222195518292,0.0469484162459242,False,1.0,-1.0,200.0,1.784,-1.0,0.03764220810151597
2020-01-20,2020-01-28,Australian Open,QF,Hard,5,Tennys Sandgren,Roger Federer,player2,top_10,0.1306259878094671,8.0,7.94,0.0075566750629723,0.118942731277533,0.011683256531934,0.0450079024757368,False,1.0,-1.0,200.0,7.859999999999999,-1.0,0.026720264182411357
2020-01-20,2020-01-28,Australian Open,QF,Hard,5,Novak Djokovic,Milos Raonic,player2,top_10,0.98,1.12,1.12,0.0,0.8426966292134831,0.1373033707865169,0.0976,True,1.0,0.1200000000000001,200.0,1.1176000000000001,0.11760000000000015,0.09524800000000012
2020-01-20,2020-01-29,Australian Open,QF,Hard,5,Dominic Thiem,Rafael Nadal,player1,top_10,0.3489887233555658,3.2,3.42,-0.0643274853801169,0.2982456140350877,0.0507431093204781,0.1167639147378105,True,1.0,2.2,200.0,3.156,2.156,0.10140841091016561
2020-01-20,2020-01-30,Australian Open,SF,Hard,5,Roger Federer,Novak Djokovic,player2,top_10,0.159465015262228,6.5,6.25,0.04,0.1458607095926412,0.0136043056695867,0.036522599204482,False,1.0,-1.0,200.0,6.39,-1.0,0.018981447525636908
2020-01-20,2020-01-31,Australian Open,SF,Hard,5,Dominic Thiem,Alexander Zverev,player1,top_10,0.6994717292592428,1.5,1.48,0.0135135135135135,0.6359223300970874,0.0635493991621554,0.0492075938888642,True,1.0,0.5,200.0,1.49,0.49,0.04221287659627182
2020-02-03,2020-02-06,Montpellier,R16,Hard,3,Alexander Bublik,David Goffin,player2,top_10,0.399988495829789,3.25,3.17,0.0252365930599369,0.2903930131004367,0.1095954827293523,0.2999626114468143,False,1.0,-1.0,200.0,3.205,-1.0,0.28196312913447386
2020-02-03,2020-02-06,Montpellier,R16,Hard,3,Gael Monfils,Adrian Mannarino,player2,top_10,0.6683942719591334,1.57,1.57,0.0,0.5890052356020942,0.0793890363570392,0.0493790069758394,True,1.0,0.5700000000000001,200.0,1.5586000000000002,0.5586000000000002,0.04175931227550539
2020-02-03,2020-02-07,Montpellier,QF,Hard,3,Pierre Hugues Herbert,David Goffin,player1,top_10,0.4026817690083832,2.62,2.59,0.0115830115830117,0.3640776699029127,0.0386040991054705,0.0550262348019641,False,1.0,-1.0,200.0,2.5876,-1.0,0.0419793454860925
2020-02-03,2020-02-07,Cordoba,R16,Clay,3,Jaume Munar,Diego Schwartzman,player1,other,0.3174175912257485,3.5,3.65,-0.0410958904109588,0.2677824267782427,0.0496351644475057,0.1109615692901195,False,1.0,-1.0,200.0,3.45,-1.0,0.09509068972883228
2020-02-03,2020-02-08,Montpellier,SF,Hard,3,Vasek Pospisil,David Goffin,player1,top_10,0.4368463713858048,2.5,2.5,0.0,0.3796526054590571,0.0571937659267477,0.0921159284645121,True,1.0,1.5,200.0,2.4699999999999998,1.4699999999999998,0.07901053732293772
2020-02-03,2020-02-08,Montpellier,SF,Hard,3,Gael Monfils,Filip Krajinovic,player2,top_10,0.6326072787357443,1.72,1.69,0.0177514792899409,0.549738219895288,0.0828690588404562,0.0880845194254801,True,1.0,0.72,200.0,1.7056,0.7056,0.07897497461168546
2020-02-03,2020-02-09,Montpellier,F,Hard,3,Gael Monfils,Vasek Pospisil,player1,top_10,0.7961732421058729,1.44,1.45,-0.0068965517241379,0.6563245823389022,0.1398486597669707,0.146489468632457,True,1.0,0.4399999999999999,200.0,1.4312,0.4312,0.13948314410192536
2020-02-10,2020-02-11,Rotterdam,R32,Hard,3,Hubert Hurkacz,Stefanos Tsitsipas,player2,top_10,0.4622350184308432,3.0,3.27,-0.0825688073394496,0.3119266055045871,0.1503084129262561,0.3867050552925297,False,1.0,-1.0,200.0,2.96,-1.0,0.3682156545552959
2020-02-10,2020-02-13,Rotterdam,R16,Hard,3,Jannik Sinner,David Goffin,player2,top_10,0.3901169445668437,3.0,3.27,-0.0825688073394496,0.3119266055045871,0.0781903390622566,0.1703508337005312,True,1.0,2.0,200.0,2.96,1.96,0.15474615591785745
2020-02-10,2020-02-13,New York,R16,Hard,3,Soon Woo Kwon,Milos Raonic,player2,other,0.2347330007982958,4.5,4.55,-0.0109890109890109,0.2077464788732394,0.0269865219250564,0.0562985035923312,True,1.0,3.5,200.0,4.43,3.4299999999999997,0.039867193536450185
2020-02-10,2020-02-14,Rotterdam,QF,Hard,3,Gael Monfils,Daniel Evans,player1,top_10,0.7582902466150431,1.44,1.48,-0.027027027027027,0.6563245823389022,0.1019656642761408,0.091937955125662,True,1.0,0.4399999999999999,200.0,1.4312,0.4312,0.08526500095544964
2020-02-10,2020-02-15,Rotterdam,SF,Hard,3,Gael Monfils,Filip Krajinovic,player1,top_10,0.7334891054510045,1.61,1.59,0.0125786163522012,0.588235294117647,0.1452538113333575,0.1809174597761174,True,1.0,0.6100000000000001,200.0,1.5978,0.5978000000000001,0.17196889268961513
2020-02-10,2020-02-16,Rotterdam,F,Hard,3,Gael Monfils,Felix Auger Aliassime,player2,top_10,0.6711769275685041,1.57,1.56,0.0064102564102563,0.6015228426395939,0.0696540849289102,0.0537477762825515,True,1.0,0.5700000000000001,200.0,1.5586000000000002,0.5586000000000002,0.04609635930827066
2020-02-17,2020-02-19,Delray Beach,R16,Hard,3,Mackenzie Mcdonald,Reilly Opelka,player2,other,0.4132848172947588,2.5,2.65,-0.0566037735849056,0.375,0.0382848172947588,0.033212043236897,False,1.0,-1.0,200.0,2.4699999999999998,-1.0,0.020813498718054046
2020-02-17,2020-02-21,Marseille,QF,Hard,3,Gilles Simon,Daniil Medvedev,player2,top_10,0.3582111924272915,4.5,4.66,-0.0343347639484978,0.2105263157894736,0.1476848766378178,0.6119503659228116,True,1.0,3.5,200.0,4.43,3.4299999999999997,0.5868755824529013
2020-02-17,2020-02-21,ATP Rio de Janeiro,R16,Clay,3,Jaume Munar,Dominic Thiem,player1,top_10,0.2541235347435752,4.5,4.99,-0.0981963927855711,0.2077464788732394,0.0463770558703357,0.1435559063460884,False,1.0,-1.0,200.0,4.43,-1.0,0.12576725891403795
2020-02-17,2020-02-23,Marseille,F,Hard,3,Felix Auger Aliassime,Stefanos Tsitsipas,player2,top_10,0.3911705367108723,2.75,2.88,-0.0451388888888888,0.3436754176610979,0.0474951190497744,0.0757189759548988,False,1.0,-1.0,200.0,2.715,-1.0,0.06202800717001833
2020-02-24,2020-02-25,Dubai,R32,Hard,3,Stefanos Tsitsipas,Pablo Carreno Busta,player1,top_10,0.8295378422761271,1.3,1.32,-0.0151515151515151,0.7234042553191489,0.1061335869569782,0.0783991949589653,True,1.0,0.3,200.0,1.294,0.29400000000000004,0.07342196790530855
2020-02-24,2020-02-26,Dubai,R16,Hard,3,Gael Monfils,Yasutaka Uchiyama,player1,top_10,0.9539257398086968,1.11,1.1,0.009090909090909,0.8541392904073586,0.0997864494013381,0.0588575711876535,True,1.0,0.1100000000000001,200.0,1.1078000000000001,0.10780000000000012,0.0567589345600744
2020-02-24,2020-02-26,Acapulco,R32,Hard,3,Jason Jung,Alexander Zverev,player2,top_10,0.3104650731795337,5.0,5.3,-0.0566037735849056,0.1883116883116883,0.1221533848678454,0.5523253658976688,False,1.0,-1.0,200.0,4.92,-1.0,0.5274881600433059
2020-02-24,2020-02-26,Acapulco,R32,Hard,3,Pablo Andujar,Rafael Nadal,player1,top_10,0.1240694982424894,15.0,13.64,0.0997067448680351,0.0642545227698066,0.0598149754726828,0.8610424736373419,False,1.0,-1.0,200.0,14.719999999999999,-1.0,0.8263030141294437
2020-02-24,2020-02-27,Dubai,QF,Hard,3,Jan Lennard Struff,Stefanos Tsitsipas,player1,top_10,0.3866379709508828,3.0,2.92,0.0273972602739727,0.3181818181818181,0.0684561527690647,0.1599139128526484,False,1.0,-1.0,200.0,2.96,-1.0,0.14444839401461307
2020-02-24,2020-02-27,Dubai,QF,Hard,3,Gael Monfils,Richard Gasquet,player2,top_10,0.8483370342337739,1.22,1.21,0.0082644628099173,0.7801801801801801,0.0681568540535938,0.0349711817652041,True,1.0,0.2199999999999999,200.0,1.2156,0.2156,0.031238498814575605
2020-02-24,2020-02-27,Dubai,QF,Hard,3,Karen Khachanov,Novak Djokovic,player2,top_10,0.1165762540552598,9.0,8.69,0.0356731875719218,0.1062562065541211,0.0103200475011386,0.0491862864973385,False,1.0,-1.0,200.0,8.84,-1.0,0.030534085848496706
2020-02-24,2020-02-27,Santiago,R16,Clay,3,Alejandro Davidovich Fokina,Cristian Garin,player1,other,0.3349453523625621,3.25,3.45,-0.0579710144927536,0.2903930131004367,0.0445523392621254,0.0885723951783268,False,1.0,-1.0,200.0,3.205,-1.0,0.07349985432201156
2020-02-24,2020-02-28,Dubai,SF,Hard,3,Stefanos Tsitsipas,Daniel Evans,player2,top_10,0.98,1.22,1.23,-0.008130081300813,0.7801801801801801,0.1998198198198199,0.1955999999999999,True,1.0,0.2199999999999999,200.0,1.2156,0.2156,0.19128799999999999
2020-02-24,2020-02-28,Acapulco,QF,Hard,3,Soon Woo Kwon,Rafael Nadal,player2,top_10,0.1119750316068365,11.0,10.94,0.0054844606946984,0.0871369294605809,0.0248381021462556,0.2317253476752018,False,1.0,-1.0,200.0,10.8,-1.0,0.20933034135383422
2020-02-24,2020-02-29,Dubai,F,Hard,3,Stefanos Tsitsipas,Novak Djokovic,player2,top_10,0.4303013605999712,3.5,3.3,0.0606060606060605,0.2708333333333333,0.1594680272666379,0.5060547620998994,False,1.0,-1.0,200.0,3.45,-1.0,0.4845396940699007
2020-02-24,2020-02-29,Acapulco,SF,Hard,3,Grigor Dimitrov,Rafael Nadal,player1,top_10,0.173601774894808,6.5,6.29,0.0333863275039745,0.1458607095926412,0.0277410653021667,0.1284115368162519,False,1.0,-1.0,200.0,6.39,-1.0,0.10931534157782297
2020-08-24,2020-08-24,Cincinnati Masters,R32,Hard,4,Richard Gasquet,Roberto Bautista Agut,player2,other,0.412414811174101,2.5,2.51,-0.0039840637450198,0.375,0.037414811174101,0.0310370279352526,False,1.0,-1.0,200.0,2.4699999999999998,-1.0,0.018664583600029427
2020-08-24,2020-08-25,Cincinnati Masters,R32,Hard,4,Filip Krajinovic,Dominic Thiem,player1,top_10,0.2225871267500693,5.0,5.16,-0.0310077519379845,0.1883116883116883,0.034275438438381,0.1129356337503466,True,1.0,4.0,200.0,4.92,3.92,0.095128663610341
2020-08-24,2020-08-25,Cincinnati Masters,R32,Hard,4,Ricardas Berankis,Novak Djokovic,player2,top_10,0.137496253216644,9.0,9.41,-0.0435706695005313,0.1062562065541211,0.0312400466625228,0.2374662789497964,False,1.0,-1.0,200.0,8.84,-1.0,0.2154668784351328
2020-08-24,2020-08-25,Cincinnati Masters,R16,Hard,4,Reilly Opelka,Matteo Berrettini,player2,top_10,0.4590241082723721,2.37,2.36,0.0042372881355932,0.3923076923076922,0.0667164159646799,0.087887136605522,True,1.0,1.37,200.0,2.3426,1.3426,0.07530987603885886
2020-08-24,2020-08-27,Cincinnati Masters,QF,Hard,4,Stefanos Tsitsipas,Reilly Opelka,player1,top_10,0.7710938571769373,1.4,1.41,-0.0070921985815602,0.6818181818181818,0.0892756753587555,0.0795314000477122,True,1.0,0.3999999999999999,200.0,1.392,0.3919999999999999,0.07336264919029672
2020-08-24,2020-08-28,Cincinnati Masters,SF,Hard,4,Milos Raonic,Stefanos Tsitsipas,player1,top_10,0.5607059400199297,2.37,2.36,0.0042372881355932,0.398477157360406,0.1622287826595236,0.3288730778472334,True,1.0,1.37,200.0,2.3426,1.3426,0.31350973509068725
2020-08-31,2020-08-31,Us Open,R128,Hard,5,Kevin Anderson,Alexander Zverev,player2,top_10,0.4230415669800986,3.4,3.61,-0.0581717451523545,0.281183932346723,0.1418576346333755,0.4383413277323353,False,1.0,-1.0,200.0,3.352,-1.0,0.4180353325172905
2020-08-31,2020-09-01,Us Open,R128,Hard,5,Reilly Opelka,David Goffin,player2,top_10,0.5282657969295299,2.37,2.43,-0.0246913580246913,0.398477157360406,0.1297886395691239,0.2519899387229859,False,1.0,-1.0,200.0,2.3426,-1.0,0.23751545588711676
2020-08-31,2020-09-02,Us Open,R128,Hard,5,Leonardo Mayer,Milos Raonic,player1,other,0.0970407323572853,11.0,12.17,-0.096138044371405,0.0871369294605809,0.0099038028967044,0.0674480559301392,False,1.0,-1.0,200.0,10.8,-1.0,0.04803990945868131
2020-08-31,2020-09-02,Us Open,R64,Hard,5,Lloyd Harris,David Goffin,player2,top_10,0.3550110621781417,5.0,5.62,-0.1103202846975088,0.1883116883116883,0.1666993738664534,0.7750553108907086,False,1.0,-1.0,200.0,4.92,-1.0,0.7466544259164571
2020-08-31,2020-09-03,Us Open,R64,Hard,5,Matteo Berrettini,Ugo Humbert,player1,top_10,0.7607551884947906,1.4,1.34,0.0447761194029849,0.6818181818181818,0.0789370066766088,0.0650572638927068,True,1.0,0.3999999999999999,200.0,1.392,0.3919999999999999,0.0589712223847485
2020-08-31,2020-09-03,Us Open,R64,Hard,5,Miomir Kecmanovic,Roberto Bautista Agut,player2,other,0.1792196980139412,6.0,6.7,-0.1044776119402984,0.1573033707865168,0.0219163272274243,0.0753181880836473,False,1.0,-1.0,200.0,5.9,-1.0,0.057396218282253164
2020-08-31,2020-09-05,Us Open,R32,Hard,5,Adrian Mannarino,Alexander Zverev,player2,top_10,0.2277046228857148,5.5,5.19,0.0597302504816954,0.1716867469879518,0.056017875897763,0.2523754258714313,False,1.0,-1.0,200.0,5.41,-1.0,0.23188200981171703
2020-08-31,2020-09-05,Us Open,R32,Hard,5,Matteo Berrettini,Casper Ruud,player1,top_10,0.922835863257345,1.14,1.15,-0.0086956521739131,0.8283132530120482,0.0945226102452968,0.0520328841133732,True,1.0,0.1399999999999999,200.0,1.1372,0.1372,0.049448943696252745
2020-08-31,2020-09-06,Us Open,R16,Hard,5,Pablo Carreno Busta,Novak Djokovic,player2,top_10,0.1146006108303415,11.0,13.87,-0.2069214131218456,0.0871369294605809,0.0274636813697606,0.2606067191337572,True,1.0,10.0,200.0,10.8,9.8,0.23768659696768824
2020-08-31,2020-09-06,Us Open,R16,Hard,5,Alejandro Davidovich Fokina,Alexander Zverev,player2,top_10,0.1705662520733348,6.5,6.52,-0.0030674846625766,0.1458607095926412,0.0247055424806935,0.1086806384766766,False,1.0,-1.0,200.0,6.39,-1.0,0.08991835074860943
2020-08-31,2020-09-07,Us Open,R16,Hard,5,Denis Shapovalov,David Goffin,player2,top_10,0.4981498789095673,2.1,2.14,-0.0186915887850467,0.450261780104712,0.0478880988048552,0.0461147457100913,True,1.0,1.1,200.0,2.0780000000000003,1.0780000000000003,0.03515544837408102
2020-08-31,2020-09-08,Us Open,R16,Hard,5,Andrey Rublev,Matteo Berrettini,player2,top_10,0.5204192849518635,2.0,1.99,0.0050251256281406,0.4736842105263157,0.0467350744255477,0.040838569903727,True,1.0,1.0,200.0,1.98,0.98,0.030430184204689792
2020-09-14,2020-09-19,Rome Masters,QF,Clay,4,Diego Schwartzman,Rafael Nadal,player1,top_10,0.1467161695429734,15.0,14.71,0.0197144799456152,0.0642545227698066,0.0824616467731668,1.2007425431446015,True,1.0,14.0,200.0,14.719999999999999,13.719999999999999,1.1596620156725685
2020-09-14,2020-09-19,Rome Masters,QF,Clay,4,Matteo Berrettini,Casper Ruud,player1,top_10,0.6843853649042877,1.57,1.63,-0.0368098159509201,0.6015228426395939,0.0828625222646938,0.0744850228997317,False,1.0,-1.0,200.0,1.5586000000000002,-1.0,0.06668302973982293
2020-09-14,2020-09-19,Rome Masters,QF,Clay,4,Dominik Koepfer,Novak Djokovic,player1,top_10,0.0838901274425035,15.0,13.71,0.0940919037199123,0.0642545227698066,0.0196356046726969,0.2583519116375529,False,1.0,-1.0,200.0,14.719999999999999,-1.0,0.2348626759536514
2020-09-21,2020-09-22,Hamburg,R32,Clay,3,Ugo Humbert,Daniil Medvedev,player1,top_10,0.2361732594528327,4.5,4.61,-0.0238611713665943,0.2077464788732394,0.0284267805795933,0.0627796675377472,True,1.0,3.5,200.0,4.43,3.4299999999999997,0.04624753937604886
2020-09-21,2020-09-25,Hamburg,QF,Clay,3,Dusan Lajovic,Stefanos Tsitsipas,player1,top_10,0.4642269633523672,2.75,2.87,-0.0418118466898954,0.3373493975903614,0.1268775657620058,0.2766241492190099,False,1.0,-1.0,200.0,2.715,-1.0,0.26037620550167684
2020-09-21,2020-09-27,Hamburg,F,Clay,3,Stefanos Tsitsipas,Andrey Rublev,player1,top_10,0.5189719517071848,2.05,2.06,-0.0048543689320389,0.4533333333333333,0.0656386183738514,0.0638925009997287,False,1.0,-1.0,200.0,2.029,-1.0,0.05299409001387789
2020-09-28,2020-09-28,Roland Garros,R128,Clay,5,Alexander Bublik,Gael Monfils,player2,top_10,0.5030770845431568,2.1,2.14,-0.0186915887850467,0.450261780104712,0.0528153044384447,0.0564618775406293,True,1.0,1.1,200.0,2.0780000000000003,1.0780000000000003,0.04539418168067999
2020-09-28,2020-09-28,Roland Garros,R128,Clay,5,Egor Gerasimov,Rafael Nadal,player2,top_10,0.0307093243644869,34.0,22.68,0.4991181657848325,0.0277658631437476,0.0029434612207392,0.0441170283925553,False,1.0,-1.0,200.0,33.339999999999996,-1.0,0.023848874311993118
2020-09-28,2020-09-29,Roland Garros,R128,Clay,5,Richard Gasquet,Roberto Bautista Agut,player1,top_10,0.220591499736562,5.0,5.16,-0.0310077519379845,0.1883116883116883,0.0322798114248737,0.1029574986828101,False,1.0,-1.0,200.0,4.92,-1.0,0.08531017870388502
2020-09-28,2020-09-29,Roland Garros,R128,Clay,5,Vasek Pospisil,Matteo Berrettini,player2,top_10,0.1751481728304664,6.5,7.02,-0.074074074074074,0.1458607095926412,0.0292874632378251,0.138463123398032,False,1.0,-1.0,200.0,6.39,-1.0,0.11919682438668033
2020-09-28,2020-09-30,Roland Garros,R64,Clay,5,Alexander Zverev,Pierre Hugues Herbert,player2,top_10,0.98,1.1,1.11,-0.009009009009009,0.8641975308641975,0.1158024691358025,0.078,True,1.0,0.1,200.0,1.098,0.09800000000000009,0.07604000000000007
2020-09-28,2020-10-01,Roland Garros,R64,Clay,5,Attila Balazs,Roberto Bautista Agut,player1,top_10,0.1105115683658469,11.0,10.03,0.0967098703888336,0.0871369294605809,0.0233746389052659,0.2156272520243158,False,1.0,-1.0,200.0,10.8,-1.0,0.1935249383511466
2020-09-28,2020-10-01,Roland Garros,R64,Clay,5,Lloyd Harris,Matteo Berrettini,player1,top_10,0.176361899101394,7.0,8.29,-0.1556091676718938,0.1358024691358024,0.0405594299655915,0.2345332937097579,False,1.0,-1.0,200.0,6.88,-1.0,0.21336986581759065
2020-09-28,2020-10-01,Roland Garros,R64,Clay,5,Pablo Cuevas,Stefanos Tsitsipas,player1,top_10,0.2432167635413297,4.33,4.99,-0.1322645290581162,0.2198198198198198,0.0233969437215099,0.0531285861339579,False,1.0,-1.0,200.0,4.2634,-1.0,0.03693034968210507
2020-09-28,2020-10-02,Roland Garros,R32,Clay,5,Alexander Zverev,Marco Cecchinato,player2,top_10,0.7346684575153926,1.44,1.42,0.0140845070422535,0.6563245823389022,0.0783438751764903,0.0579225788221652,True,1.0,0.4399999999999999,200.0,1.4312,0.4312,0.05145749639602987
2020-09-28,2020-10-03,Roland Garros,R32,Clay,5,Pablo Carreno Busta,Roberto Bautista Agut,player1,top_10,0.5388281562298849,2.1,2.09,0.0047846889952154,0.450261780104712,0.0885663761251728,0.1315391280827583,True,1.0,1.1,200.0,2.0780000000000003,1.0780000000000003,0.11968490864570092
2020-09-28,2020-10-03,Roland Garros,R32,Clay,5,Stefanos Tsitsipas,Aljaz Bedene,player2,top_10,0.9406162637934908,1.11,1.1,0.009090909090909,0.8541392904073586,0.0864769733861321,0.0440840528107747,True,1.0,0.1100000000000001,200.0,1.1078000000000001,0.10780000000000012,0.04201469703042926
2020-09-28,2020-10-07,Roland Garros,QF,Clay,5,Novak Djokovic,Pablo Carreno Busta,player1,top_10,0.98,1.06,1.06,0.0,0.9041591320072332,0.0758408679927666,0.0388,True,1.0,0.06,200.0,1.0588,0.05879999999999996,0.03762399999999994
2020-09-28,2020-10-09,Roland Garros,SF,Clay,5,Stefanos Tsitsipas,Novak Djokovic,player2,top_10,0.3483780297265801,3.4,3.53,-0.036827195467422,0.281183932346723,0.0671940973798571,0.1844853010703725,False,1.0,-1.0,200.0,3.352,-1.0,0.16776315564349653
2020-09-28,2020-10-09,Roland Garros,SF,Clay,5,Diego Schwartzman,Rafael Nadal,player1,top_10,0.1915757362774442,5.5,5.51,-0.0018148820326678,0.1716867469879518,0.0198889892894923,0.053666549525943,False,1.0,-1.0,200.0,5.41,-1.0,0.036424733260973174
2020-09-28,2020-10-11,Roland Garros,F,Clay,5,Rafael Nadal,Novak Djokovic,player1,top_10,0.6957236291544524,1.72,1.68,0.0238095238095237,0.549738219895288,0.1459854092591643,0.1966446421456581,True,1.0,0.72,200.0,1.7056,0.7056,0.18662622188583405
2020-10-12,2020-10-13,St Petersburg,R32,Hard,3,Vasek Pospisil,Andrey Rublev,player1,top_10,0.4302618632836977,2.75,2.92,-0.0582191780821917,0.3373493975903614,0.0929124656933362,0.1832201240301686,False,1.0,-1.0,200.0,2.715,-1.0,0.16816095881523918
2020-10-12,2020-10-14,St Petersburg,R32,Hard,3,Richard Gasquet,Daniil Medvedev,player2,top_10,0.304860115826765,6.0,6.12,-0.0196078431372549,0.1573033707865168,0.1475567450402481,0.8291606949605899,False,1.0,-1.0,200.0,5.9,-1.0,0.7986746833779135
2020-10-12,2020-10-14,Sardinia,R32,Clay,3,Corentin Moutet,Frances Tiafoe,player2,other,0.4692869387187491,2.2,2.17,0.0138248847926267,0.4225721784776903,0.0467147602410588,0.0324312651812482,True,1.0,1.2000000000000002,200.0,2.176,1.1760000000000002,0.021168378651998054
2020-10-12,2020-10-15,St Petersburg,R16,Hard,3,Ugo Humbert,Andrey Rublev,player2,top_10,0.3302512912556479,4.5,5.18,-0.1312741312741312,0.2077464788732394,0.1225048123824084,0.4861308106504156,False,1.0,-1.0,200.0,4.43,-1.0,0.4630132202625201
2020-10-12,2020-10-15,Cologne 1,R16,Hard,3,Fernando Verdasco,Alexander Zverev,player2,top_10,0.4508674670044126,4.33,4.5,-0.0377777777777778,0.2169981916817359,0.2338692753226766,0.9522561321291064,False,1.0,-1.0,200.0,4.2634,-1.0,0.9222283588266127
2020-10-12,2020-10-17,St Petersburg,SF,Hard,3,Andrey Rublev,Denis Shapovalov,player1,top_10,0.655027816075585,1.66,1.63,0.0184049079754602,0.5585106382978724,0.0965171777777126,0.087346174685471,True,1.0,0.6599999999999999,200.0,1.6467999999999998,0.6467999999999998,0.07869980751327332
2020-10-19,2020-10-21,Antwerp,R16,Hard,3,Pablo Andujar,Grigor Dimitrov,player2,other,0.1800170519677593,6.5,5.36,0.2126865671641791,0.1458607095926412,0.034156342375118,0.1701108377904354,False,1.0,-1.0,200.0,6.39,-1.0,0.15030896207398192
2020-10-19,2020-10-23,Cologne 2,QF,Hard,3,Alejandro Davidovich Fokina,Diego Schwartzman,player1,top_10,0.4137540523961705,3.4,3.4,0.0,0.2765957446808511,0.1371583077153194,0.4067637781469797,False,1.0,-1.0,200.0,3.352,-1.0,0.38690358363196353
2020-10-19,2020-10-24,Cologne 2,SF,Hard,3,Diego Schwartzman,Felix Auger Aliassime,player1,top_10,0.6302914503898106,1.75,1.79,-0.0223463687150837,0.5333333333333333,0.0969581170564772,0.1030100381821685,True,1.0,0.75,200.0,1.7349999999999999,0.7349999999999999,0.0935556664263213
2020-10-19,2020-10-24,Cologne 2,SF,Hard,3,Jannik Sinner,Alexander Zverev,player1,top_10,0.532419292849179,1.95,1.95,0.0,0.48,0.052419292849179,0.0382176210558989,False,1.0,-1.0,200.0,1.931,-1.0,0.02810165449176466
2020-10-26,2020-10-26,Vienna,R32,Hard,3,Norbert Gombos,Andrey Rublev,player2,top_10,0.1042736728774308,11.0,9.08,0.2114537444933921,0.0871369294605809,0.0171367434168499,0.1470104016517391,False,1.0,-1.0,200.0,10.8,-1.0,0.1261556670762528
2020-10-26,2020-10-27,Vienna,R32,Hard,3,Filip Krajinovic,Novak Djokovic,player2,top_10,0.2252448367617868,8.0,8.57,-0.0665110851808634,0.118942731277533,0.1063021054842538,0.8019586940942948,False,1.0,-1.0,200.0,7.859999999999999,-1.0,0.7704244169476442
2020-10-26,2020-10-28,Vienna,R32,Hard,3,Daniil Medvedev,Jason Jung,player2,top_10,0.98,1.08,1.06,0.0188679245283018,0.8810572687224669,0.098942731277533,0.0584,True,1.0,0.08,200.0,1.0784,0.07840000000000003,0.05683200000000001
2020-10-26,2020-10-28,Vienna,R32,Hard,3,Jan Lennard Struff,Stefanos Tsitsipas,player2,top_10,0.4040818568569575,3.5,3.62,-0.0331491712707182,0.2677824267782427,0.1362994300787148,0.4142864989993513,False,1.0,-1.0,200.0,3.45,-1.0,0.3940824061565035
2020-10-26,2020-10-29,Vienna,R16,Hard,3,Dominic Thiem,Cristian Garin,player2,top_10,0.9573403732449306,1.14,1.12,0.0178571428571425,0.8283132530120482,0.1290271202328824,0.0913680254992208,True,1.0,0.1399999999999999,200.0,1.1372,0.1372,0.08868747245413505
2020-10-26,2020-10-30,Vienna,QF,Hard,3,Dominic Thiem,Andrey Rublev,player2,top_10,0.632885454645141,1.75,1.77,-0.0112994350282485,0.5333333333333333,0.0995521213118076,0.1075495456289967,False,1.0,-1.0,200.0,1.7349999999999999,-1.0,0.09805626380931959
2020-10-26,2020-10-30,Vienna,QF,Hard,3,Kevin Anderson,Daniil Medvedev,player2,top_10,0.2430520009803241,4.33,4.17,0.0383693045563549,0.2169981916817359,0.0260538092985881,0.0524151642448033,True,1.0,3.33,200.0,4.2634,3.2634,0.03622790097951367
2020-10-26,2020-10-31,Vienna,SF,Hard,3,Kevin Anderson,Andrey Rublev,player2,top_10,0.3918615518016273,4.33,4.36,-0.0068807339449541,0.2169981916817359,0.1748633601198913,0.6967605193010462,False,1.0,-1.0,200.0,4.2634,-1.0,0.6706625399510577
2020-11-02,2020-11-03,Paris Masters,R32,Hard,4,Marcos Giron,Matteo Berrettini,player1,top_10,0.3104447094698038,3.4,3.15,0.0793650793650793,0.2765957446808511,0.0338489647889527,0.0555120121973328,True,1.0,2.4,200.0,3.352,2.352,0.04061066614278219
2020-11-02,2020-11-04,Paris Masters,R32,Hard,4,Kevin Anderson,Daniil Medvedev,player2,top_10,0.4933739670697562,3.0,3.04,-0.0131578947368421,0.3119266055045871,0.1814473615651691,0.4801219012092687,False,1.0,-1.0,200.0,2.96,-1.0,0.4603869425264784
2020-11-02,2020-11-04,Paris Masters,R32,Hard,4,Radu Albot,Andrey Rublev,player2,top_10,0.2789969768235059,8.0,8.82,-0.0929705215419501,0.118942731277533,0.1600542455459728,1.231975814588047,False,1.0,-1.0,200.0,7.859999999999999,-1.0,1.192916237832756
2020-11-02,2020-11-04,Paris Masters,R32,Hard,4,Miomir Kecmanovic,Alexander Zverev,player2,top_10,0.3248018364039106,3.25,3.34,-0.026946107784431,0.2903930131004367,0.0344088233034738,0.0556059683127093,False,1.0,-1.0,200.0,3.205,-1.0,0.04098988567453343
2020-11-02,2020-11-04,Paris Masters,R32,Hard,4,Rafael Nadal,Feliciano Lopez,player2,top_10,0.9318805170024524,1.11,1.08,0.0277777777777779,0.8541392904073586,0.0777412265950938,0.0343873738727223,True,1.0,0.1100000000000001,200.0,1.1078000000000001,0.10780000000000012,0.032337236735316924
2020-11-02,2020-11-05,Paris Masters,R16,Hard,4,Alex De Minaur,Daniil Medvedev,player1,top_10,0.4133513682775934,2.5,2.44,0.0245901639344261,0.3796526054590571,0.0336987628185363,0.0333784206939836,False,1.0,-1.0,200.0,2.4699999999999998,-1.0,0.02097787964565556
2020-11-02,2020-11-05,Paris Masters,R16,Hard,4,Alejandro Davidovich Fokina,Diego Schwartzman,player1,top_10,0.4505941421150548,2.75,2.75,0.0,0.3436754176610979,0.1069187244539568,0.2391338908164006,False,1.0,-1.0,200.0,2.715,-1.0,0.22336309584237368
2020-11-02,2020-11-06,Paris Masters,QF,Hard,4,Alexander Zverev,Stan Wawrinka,player1,top_10,0.8115801716842213,1.44,1.45,-0.0068965517241379,0.6563245823389022,0.155255589345319,0.1686754472252785,True,1.0,0.4399999999999999,200.0,1.4312,0.4312,0.1615335417144575
2020-11-02,2020-11-06,Paris Masters,QF,Hard,4,Pablo Carreno Busta,Rafael Nadal,player2,top_10,0.1789537085452953,6.0,5.31,0.1299435028248587,0.1573033707865168,0.0216503377587785,0.0737222512717721,False,1.0,-1.0,200.0,5.9,-1.0,0.055826880417242264
2020-11-02,2020-11-07,Paris Masters,SF,Hard,4,Milos Raonic,Daniil Medvedev,player2,top_10,0.4346493596844689,2.75,2.66,0.0338345864661653,0.3436754176610979,0.090973942023371,0.1952857391322895,False,1.0,-1.0,200.0,2.715,-1.0,0.180073011543333
2020-11-02,2020-11-07,Paris Masters,SF,Hard,4,Alexander Zverev,Rafael Nadal,player2,top_10,0.4503458551566235,2.37,2.42,-0.0206611570247933,0.398477157360406,0.0518686977962175,0.0673196767211977,True,1.0,1.37,200.0,2.3426,1.3426,0.054980200289906245
2020-11-02,2020-11-08,Paris Masters,F,Hard,4,Daniil Medvedev,Alexander Zverev,player2,top_10,0.6229064042996364,1.9,1.91,-0.0052356020942407,0.5,0.1229064042996364,0.1835221681693091,True,1.0,0.8999999999999999,200.0,1.882,0.8819999999999999,0.17230985289191558
2020-11-16,2020-11-16,Tour Finals,RR,Hard,1,Alexander Zverev,Daniil Medvedev,player2,top_10,0.5870460637627997,2.05,2.16,-0.050925925925926,0.4533333333333333,0.1337127304294663,0.2034444307137392,False,1.0,-1.0,200.0,2.029,-1.0,0.19111646337472044
2020-11-16,2020-11-16,Tour Finals,RR,Hard,1,Diego Schwartzman,Novak Djokovic,player2,top_10,0.2511859658465264,6.0,6.75,-0.1111111111111111,0.1573033707865168,0.0938825950600095,0.5071157950791584,False,1.0,-1.0,200.0,5.9,-1.0,0.48199719849450584
2020-11-16,2020-11-17,Tour Finals,RR,Hard,1,Stefanos Tsitsipas,Andrey Rublev,player2,top_10,0.6691011359107597,1.7,1.76,-0.0340909090909091,0.5466666666666666,0.122434469244093,0.1374719310482914,True,1.0,0.7,200.0,1.686,0.6859999999999999,0.12810451514554083
2020-11-16,2020-11-18,Tour Finals,RR,Hard,1,Alexander Zverev,Diego Schwartzman,player2,top_10,0.879356413420431,1.28,1.31,-0.0229007633587786,0.7322175732217574,0.1471388401986736,0.1255762091781517,True,1.0,0.28,200.0,1.2744,0.2744,0.12065181326299729
2020-11-16,2020-11-19,Tour Finals,RR,Hard,1,Andrey Rublev,Dominic Thiem,player2,top_10,0.4336014281098187,2.5,2.39,0.0460251046025104,0.375,0.0586014281098187,0.0840035702745468,True,1.0,1.5,200.0,2.4699999999999998,1.4699999999999998,0.07099552743125215
2020-11-16,2020-11-20,Tour Finals,RR,Hard,1,Novak Djokovic,Alexander Zverev,player1,top_10,0.817877295227124,1.33,1.31,0.0152671755725191,0.7096069868995633,0.1082703083275608,0.087776802652075,True,1.0,0.33,200.0,1.3234000000000001,0.32340000000000013,0.0823788125035761
2021-01-04,2021-01-07,Delray Beach,R32,Hard,3,Thomaz Bellucci,Thiago Monteiro,player2,other,0.3479832003755772,3.0,3.1,-0.0322580645161291,0.3119266055045871,0.03605659487099,0.0439496011267315,False,1.0,-1.0,200.0,2.96,-1.0,0.030030273111708472
2021-01-04,2021-01-08,Delray Beach,R32,Hard,3,Andrej Martin,Daniel Elahi Galan,player2,other,0.4016267965983451,2.75,2.7,0.0185185185185183,0.3373493975903614,0.0642773990079836,0.104473690645449,False,1.0,-1.0,200.0,2.715,-1.0,0.09041675276450689
2021-01-04,2021-01-10,Delray Beach,R16,Hard,3,Daniel Elahi Galan,Hubert Hurkacz,player2,other,0.3442986231016612,3.0,3.12,-0.0384615384615385,0.3119266055045871,0.0323720175970741,0.0328958693049837,False,1.0,-1.0,200.0,2.96,-1.0,0.019123924380917146
2021-01-05,2021-01-10,Antalya,R16,Hard,3,Dimitar Kuzmanov,Matteo Berrettini,player1,top_10,0.1222464139070636,9.0,8.72,0.0321100917431191,0.1062562065541211,0.0159902073529425,0.100217725163573,False,1.0,-1.0,200.0,8.84,-1.0,0.08065829893844223
2021-02-01,2021-02-01,Murray River Open,R64,Hard,3,Marco Cecchinato,Marton Fucsovics,player1,other,0.1877237921344839,5.5,5.03,0.0934393638170973,0.1716867469879518,0.0160370451465321,0.0324808567396618,False,1.0,-1.0,200.0,5.41,-1.0,0.015585715447557935
2021-02-01,2021-02-01,Murray River Open,R64,Hard,3,Mikael Ymer,Adrian Mannarino,player1,other,0.3869864065502709,2.75,2.74,0.0036496350364962,0.3373493975903614,0.0496370089599095,0.064212618013245,False,1.0,-1.0,200.0,2.715,-1.0,0.0506680937839854
2021-02-01,2021-02-02,Murray River Open,R32,Hard,3,Pedro Sousa,Daniel Evans,player2,other,0.201754547525185,5.5,5.3,0.0377358490566037,0.1716867469879518,0.0300678005372332,0.1096500113885178,False,1.0,-1.0,200.0,5.41,-1.0,0.09149210211125092
2021-02-08,2021-02-08,Australian Open,R128,Hard,5,Federico Coria,Milos Raonic,player2,other,0.0510901263432144,26.0,21.38,0.216089803554724,0.0373935579415031,0.0136965684017112,0.3283432849235748,False,1.0,-1.0,200.0,25.5,-1.0,0.30279822175196713
2021-02-08,2021-02-08,Australian Open,R128,Hard,5,Mikhail Kukushkin,Dominic Thiem,player2,top_10,0.2177075838597933,17.0,15.11,0.1250827266710787,0.0566037735849056,0.1611038102748877,2.701028925616487,False,1.0,-1.0,200.0,16.68,-1.0,2.631362498781352
2021-02-08,2021-02-08,Australian Open,R128,Hard,5,Benoit Paire,Egor Gerasimov,player2,other,0.2138288509218751,5.0,5.36,-0.0671641791044777,0.1883116883116883,0.0255171626101868,0.0691442546093754,False,1.0,-1.0,200.0,4.92,-1.0,0.052037946535625434
2021-02-08,2021-02-08,Australian Open,R128,Hard,5,Elias Ymer,Diego Schwartzman,player2,top_10,0.1995731517317671,13.0,11.74,0.1073253833049403,0.074074074074074,0.125499077657693,1.594450972512973,False,1.0,-1.0,200.0,12.76,-1.0,1.546553416097348
2021-02-08,2021-02-09,Australian Open,R128,Hard,5,Vasek Pospisil,Daniil Medvedev,player1,top_10,0.1475763384292335,13.0,11.62,0.1187607573149742,0.074074074074074,0.0735022643551594,0.9184923995800356,False,1.0,-1.0,200.0,12.76,-1.0,0.8830740783570195
2021-02-08,2021-02-09,Australian Open,R128,Hard,5,Gilles Simon,Stefanos Tsitsipas,player1,top_10,0.1078193978633553,10.0,11.11,-0.0999099909990999,0.0958408679927667,0.0119785298705885,0.078193978633553,False,1.0,-1.0,200.0,9.82,-1.0,0.058786487018149036
2021-02-08,2021-02-09,Australian Open,R128,Hard,5,Kevin Anderson,Matteo Berrettini,player1,top_10,0.3112601594222995,3.4,3.22,0.0559006211180124,0.281183932346723,0.0300762270755765,0.0582845420358184,False,1.0,-1.0,200.0,3.352,-1.0,0.043344054383547825
2021-02-08,2021-02-10,Australian Open,R64,Hard,5,Novak Djokovic,Frances Tiafoe,player1,top_10,0.0441243709946348,29.0,1.01,27.712871287128714,0.0322688290452831,0.0118555419493517,0.2796067588444106,True,1.0,28.0,200.0,28.439999999999998,27.439999999999998,0.25489711108741364
2021-02-08,2021-02-12,Australian Open,R32,Hard,5,Adrian Mannarino,Alexander Zverev,player1,top_10,0.1996461793262736,5.5,5.68,-0.0316901408450703,0.1716867469879518,0.0279594323383217,0.0980539862945047,False,1.0,-1.0,200.0,5.41,-1.0,0.08008583015514015
2021-02-08,2021-02-12,Australian Open,R32,Hard,5,Dominic Thiem,Nick Kyrgios,player2,top_10,0.8285051624419081,1.28,1.25,0.024,0.7455268389662029,0.0829783234757052,0.0604866079256423,True,1.0,0.28,200.0,1.2744,0.2744,0.055846979015967635
2021-02-08,2021-02-13,Australian Open,R32,Hard,5,Feliciano Lopez,Andrey Rublev,player1,top_10,0.1257448888114032,19.0,13.97,0.3600572655690766,0.0509490509490509,0.0747958378623523,1.389152887416662,False,1.0,-1.0,200.0,18.64,-1.0,1.3438847274445558
2021-02-08,2021-02-13,Australian Open,R32,Hard,5,Filip Krajinovic,Daniil Medvedev,player1,top_10,0.1303417013730133,11.0,10.07,0.0923535253227407,0.0871369294605809,0.0432047719124323,0.4337587151031461,False,1.0,-1.0,200.0,10.8,-1.0,0.40769037482854364
2021-02-08,2021-02-13,Australian Open,R32,Hard,5,Matteo Berrettini,Karen Khachanov,player1,top_10,0.7379456944947447,1.4,1.4,0.0,0.6818181818181818,0.0561275126765629,0.0331239722926424,True,1.0,0.3999999999999999,200.0,1.392,0.3919999999999999,0.02722040673668452
2021-02-08,2021-02-15,Australian Open,R16,Hard,5,Mackenzie Mcdonald,Daniil Medvedev,player1,top_10,0.0976984615049853,15.0,12.13,0.2366034624896948,0.0642545227698066,0.0334439387351787,0.4654769225747798,False,1.0,-1.0,200.0,14.719999999999999,-1.0,0.43812135335338354
2021-02-08,2021-02-15,Australian Open,R16,Hard,5,Stefanos Tsitsipas,Matteo Berrettini,player1,top_10,0.8818711004776278,1.25,1.26,-0.0079365079365079,0.7619047619047619,0.1199663385728659,0.1023388755970348,True,1.0,0.25,200.0,1.245,0.2450000000000001,0.09792952009464675
2021-02-02,2021-02-16,Atp Cup,RR,Hard,3,Novak Djokovic,Alexander Zverev,player2,top_10,0.683472782301592,1.57,1.58,-0.0063291139240506,0.6015228426395939,0.0819499396619981,0.0730522682134995,True,1.0,0.5700000000000001,200.0,1.5586000000000002,0.5586000000000002,0.06526067849526146
2021-02-08,2021-02-16,Australian Open,QF,Hard,5,Novak Djokovic,Alexander Zverev,player1,top_10,0.7221490110256821,1.57,1.58,-0.0063291139240506,0.6015228426395939,0.1206261683860882,0.1337739473103208,True,1.0,0.5700000000000001,200.0,1.5586000000000002,0.5586000000000002,0.12554144858462823
2021-02-08,2021-02-17,Australian Open,QF,Hard,5,Andrey Rublev,Daniil Medvedev,player1,top_10,0.3820608921458938,2.75,2.89,-0.0484429065743945,0.3436754176610979,0.0383854744847959,0.0506674534012079,False,1.0,-1.0,200.0,2.715,-1.0,0.03729532217610154
2021-02-08,2021-02-17,Australian Open,QF,Hard,5,Stefanos Tsitsipas,Rafael Nadal,player1,top_10,0.443445791792497,2.75,2.9,-0.0517241379310344,0.3436754176610979,0.0997703741313991,0.2194759274293667,True,1.0,1.75,200.0,2.715,1.7149999999999999,0.20395532471662925
2021-02-08,2021-02-19,Australian Open,SF,Hard,5,Daniil Medvedev,Stefanos Tsitsipas,player1,top_10,0.8270158156704022,1.4,1.41,-0.0070921985815602,0.6818181818181818,0.1451976338522204,0.1578221419385629,True,1.0,0.3999999999999999,200.0,1.392,0.3919999999999999,0.15120601541319972
2021-02-08,2021-02-21,Australian Open,F,Hard,5,Daniil Medvedev,Novak Djokovic,player1,top_10,0.5577456537131184,2.0,2.0,0.0,0.4778067885117493,0.079938865201369,0.1154913074262367,False,1.0,-1.0,200.0,1.98,-1.0,0.10433639435197428
2021-02-22,2021-02-23,Montpellier,R32,Hard,3,Peter Gojowczyk,Jan Lennard Struff,player1,other,0.3480953467495702,3.0,3.14,-0.0445859872611464,0.3119266055045871,0.036168741244983,0.0442860402487106,True,1.0,2.0,200.0,2.96,1.96,0.030362226378727764
2021-02-22,2021-02-23,Cordoba,R32,Clay,3,Facundo Bagnis,Nicolas Kicker,player1,other,0.8601188625164953,1.2,1.21,-0.0082644628099173,0.783001808318264,0.0771170541982312,0.0321426350197942,True,1.0,0.1999999999999999,200.0,1.196,0.19599999999999995,0.028702159569728297
2021-02-22,2021-02-24,Singapore,R16,Hard,3,Taro Daniel,Marin Cilic,player2,other,0.3254327425151208,3.25,3.53,-0.0793201133144475,0.2903930131004367,0.035039729414684,0.0576564131741424,False,1.0,-1.0,200.0,3.205,-1.0,0.04301193976096207
2021-02-22,2021-02-25,Montpellier,R16,Hard,3,Gregoire Barrere,Roberto Bautista Agut,player2,other,0.3125791459562108,3.5,3.35,0.0447761194029849,0.2677824267782427,0.0447967191779681,0.0940270108467379,False,1.0,-1.0,200.0,3.45,-1.0,0.07839805354892726
2021-02-22,2021-02-25,Cordoba,R16,Clay,3,Diego Schwartzman,Marco Cecchinato,player2,top_10,0.8688982212662777,1.3,1.32,-0.0151515151515151,0.7234042553191489,0.1454939659471288,0.129567687646161,True,1.0,0.3,200.0,1.294,0.29400000000000004,0.12435429831856337
2021-02-22,2021-02-25,Singapore,R16,Hard,3,Matthew Ebden,John Millman,player2,other,0.2749705013569721,3.75,4.02,-0.0671641791044774,0.25,0.024970501356972,0.0311393800886453,True,1.0,2.75,200.0,3.695,2.695,0.016016002514011807
2021-03-01,2021-03-01,Buenos Aires,R32,Clay,3,Marco Cecchinato,Laslo Djere,player2,other,0.581298831230173,1.8,1.75,0.0285714285714286,0.5263157894736842,0.0549830417564888,0.0463378962143114,False,1.0,-1.0,200.0,1.784,-1.0,0.03703711491462869
2021-03-01,2021-03-02,Rotterdam,R32,Hard,3,Egor Gerasimov,Stefanos Tsitsipas,player1,top_10,0.2513241656452062,4.5,4.88,-0.0778688524590164,0.2105263157894736,0.0407978498557325,0.1309587454034282,False,1.0,-1.0,200.0,4.43,-1.0,0.11336605380826348
2021-03-01,2021-03-02,Rotterdam,R32,Hard,3,Marcos Giron,Andrey Rublev,player1,top_10,0.1923000511557875,6.0,7.01,-0.1440798858773181,0.1573033707865168,0.0349966803692707,0.1538003069347253,False,1.0,-1.0,200.0,5.9,-1.0,0.1345703018191463
2021-03-01,2021-03-02,Rotterdam,R32,Hard,3,Ugo Humbert,Jeremy Chardy,player2,other,0.7264984095867622,1.44,1.49,-0.0335570469798658,0.6563245823389022,0.0701738272478599,0.0461577098049374,False,1.0,-1.0,200.0,1.4312,-1.0,0.03976452380057399
2021-03-01,2021-03-02,Buenos Aires,R32,Clay,3,Sumit Nagal,Joao Sousa,player2,other,0.7798951263159526,1.4,1.44,-0.0277777777777777,0.6818181818181818,0.0980769444977708,0.0918531768423335,True,1.0,0.3999999999999999,200.0,1.392,0.3919999999999999,0.08561401583180595
2021-03-01,2021-03-03,Rotterdam,R32,Hard,3,Dusan Lajovic,Daniil Medvedev,player1,top_10,0.1688263628880099,8.0,7.35,0.0884353741496599,0.118942731277533,0.0498836316104769,0.3506109031040798,True,1.0,7.0,200.0,7.859999999999999,6.859999999999999,0.3269752122997577
2021-03-01,2021-03-03,Rotterdam,R16,Hard,3,Andy Murray,Andrey Rublev,player2,top_10,0.1742237009189929,6.0,5.68,0.0563380281690142,0.1573033707865168,0.0169203301324761,0.0453422055139578,False,1.0,-1.0,200.0,5.9,-1.0,0.027919835422058115
2021-03-01,2021-03-04,Rotterdam,R16,Hard,3,Hubert Hurkacz,Stefanos Tsitsipas,player1,top_10,0.4013370339379899,4.5,4.53,-0.0066225165562914,0.2105263157894736,0.1908107181485162,0.8060166527209546,False,1.0,-1.0,200.0,4.43,-1.0,0.7779230603452952
2021-03-01,2021-03-05,Rotterdam,QF,Hard,3,Stefanos Tsitsipas,Karen Khachanov,player1,top_10,0.8620511029471392,1.36,1.37,-0.0072992700729926,0.7017543859649122,0.1602967169822269,0.1723895000081093,True,1.0,0.3600000000000001,200.0,1.3528000000000002,0.3528000000000002,0.16618273206689005
2021-03-01,2021-03-05,Buenos Aires,QF,Clay,3,Diego Schwartzman,Jaume Munar,player2,top_10,0.8909346189443077,1.33,1.32,0.0075757575757575,0.7188160676532769,0.1721185512910308,0.1849430431959293,True,1.0,0.33,200.0,1.3234000000000001,0.32340000000000013,0.17906287471089694
2021-03-01,2021-03-06,Rotterdam,SF,Hard,3,Andrey Rublev,Stefanos Tsitsipas,player1,top_10,0.5421331779700245,2.0,1.97,0.015228426395939,0.4736842105263157,0.0684489674437087,0.0842663559400489,True,1.0,1.0,200.0,1.98,0.98,0.0734236923806485
2021-03-01,2021-03-06,Buenos Aires,SF,Clay,3,Diego Schwartzman,Miomir Kecmanovic,player1,top_10,0.8516267552793163,1.25,1.23,0.0162601626016261,0.7619047619047619,0.0897219933745544,0.0645334440991453,True,1.0,0.25,200.0,1.245,0.2450000000000001,0.06027531032274888
2021-03-08,2021-03-08,Doha,R32,Hard,3,Blaz Rola,Richard Gasquet,player2,other,0.4325545952006254,2.5,2.39,0.0460251046025104,0.3796526054590571,0.0529019897415683,0.0813864880015636,False,1.0,-1.0,200.0,2.4699999999999998,-1.0,0.06840985014554457
2021-03-08,2021-03-09,Doha,R32,Hard,3,Jeremy Chardy,Daniel Evans,player2,other,0.4990239317879004,2.1,2.16,-0.0277777777777777,0.450261780104712,0.0487621516831883,0.0479502567545908,False,1.0,-1.0,200.0,2.0780000000000003,-1.0,0.03697173025525713
2021-03-08,2021-03-10,Doha,R16,Hard,3,Daniel Evans,Roger Federer,player1,top_10,0.5372832826704926,2.62,2.54,0.0314960629921259,0.3640776699029127,0.1732056127675799,0.4076822005966908,False,1.0,-1.0,200.0,2.5876,-1.0,0.39027422223816677
2021-03-08,2021-03-10,Doha,R16,Hard,3,Malek Jaziri,Nikoloz Basilashvili,player1,other,0.3506356137516608,3.0,3.05,-0.0163934426229507,0.3181818181818181,0.0324537955698427,0.0519068412549825,False,1.0,-1.0,200.0,2.96,-1.0,0.03788141670491607
2021-03-08,2021-03-10,Doha,R16,Hard,3,Dominic Thiem,Aslan Karatsev,player1,top_10,0.7776569793695373,1.36,1.38,-0.0144927536231882,0.7017543859649122,0.075902593404625,0.0576134919425707,True,1.0,0.3600000000000001,200.0,1.3528000000000002,0.3528000000000002,0.05201436169111018
2021-03-08,2021-03-11,Doha,QF,Hard,3,Nikoloz Basilashvili,Roger Federer,player1,top_10,0.3013762342744295,5.5,4.85,0.1340206185567012,0.1716867469879518,0.1296894872864777,0.6575692885093622,True,1.0,4.5,200.0,5.41,4.41,0.6304454274246636
2021-03-08,2021-03-11,Doha,QF,Hard,3,Andrey Rublev,Marton Fucsovics,player1,top_10,0.8691973592347505,1.2,1.2,0.0,0.7894736842105263,0.0797236750242241,0.0430368310817005,True,1.0,0.1999999999999999,200.0,1.196,0.19599999999999995,0.03956004164476157
2021-03-08,2021-03-11,Doha,QF,Hard,3,Roberto Bautista Agut,Dominic Thiem,player1,top_10,0.4335098685549535,2.75,2.74,0.0036496350364962,0.3436754176610979,0.0898344508938556,0.192152138526122,True,1.0,1.75,200.0,2.715,1.7149999999999999,0.17697929312669858
2021-03-08,2021-03-11,Marseille,R16,Hard,3,Stefanos Tsitsipas,Lucas Pouille,player1,top_10,0.956076374416294,1.1,1.1,0.0,0.8641975308641975,0.0918788435520966,0.0516840118579236,True,1.0,0.1,200.0,1.098,0.09800000000000009,0.049771859109090905
2021-03-08,2021-03-12,Marseille,QF,Hard,3,Pierre Hugues Herbert,Stefanos Tsitsipas,player1,top_10,0.2571786937125609,5.0,5.32,-0.0601503759398496,0.1883116883116883,0.0688670054008726,0.2858934685628048,True,1.0,4.0,200.0,4.92,3.92,0.26531917306579955
2021-03-08,2021-03-12,Marseille,QF,Hard,3,Daniil Medvedev,Jannik Sinner,player1,top_10,0.808635869189894,1.33,1.33,0.0,0.7188160676532769,0.0898198015366171,0.0754857060225591,True,1.0,0.33,200.0,1.3234000000000001,0.32340000000000013,0.07014870928590589
2021-03-15,2021-03-16,Dubai,R32,Hard,3,Emil Ruusuvuori,Andrey Rublev,player2,top_10,0.2563774294130052,5.5,5.11,0.0763209393346378,0.1716867469879518,0.0846906824250534,0.4100758617715287,False,1.0,-1.0,200.0,5.41,-1.0,0.3870018931243582
2021-03-15,2021-03-16,Dubai,R32,Hard,3,Alexei Popyrin,Karen Khachanov,player2,other,0.4388170092254517,2.37,2.39,-0.0083682008368201,0.398477157360406,0.0403398518650457,0.0399963118643207,False,1.0,-1.0,200.0,2.3426,-1.0,0.027972725811543198
2021-03-15,2021-03-17,Dubai,R16,Hard,3,Taylor Fritz,Andrey Rublev,player2,top_10,0.2594961214705893,4.0,4.42,-0.0950226244343891,0.238095238095238,0.0214008833753512,0.0379844858823572,False,1.0,-1.0,200.0,3.94,-1.0,0.02241471859412192
2021-03-15,2021-03-17,Dubai,R16,Hard,3,Jannik Sinner,Roberto Bautista Agut,player2,other,0.5280707463060115,2.1,2.1,0.0,0.450261780104712,0.0778089662012994,0.1089485672426241,True,1.0,1.1,200.0,2.0780000000000003,1.0780000000000003,0.09733101082389195
2021-03-15,2021-03-17,Acapulco,R32,Hard,3,Daniel Elahi Galan,Casper Ruud,player2,other,0.2790657563039603,4.0,3.84,0.0416666666666667,0.238095238095238,0.0409705182087222,0.1162630252158414,False,1.0,-1.0,200.0,3.94,-1.0,0.09951907983760355
2021-03-15,2021-03-17,Acapulco,R32,Hard,3,Stefan Kozlov,Cameron Norrie,player2,other,0.2100582059116242,5.0,4.85,0.0309278350515465,0.1883116883116883,0.0217465175999359,0.0502910295581213,False,1.0,-1.0,200.0,4.92,-1.0,0.03348637308519098
2021-03-15,2021-03-17,Acapulco,R32,Hard,3,Stefanos Tsitsipas,Benoit Paire,player2,top_10,0.98,1.06,1.06,0.0,0.9041591320072332,0.0758408679927666,0.0388,True,1.0,0.06,200.0,1.0588,0.05879999999999996,0.03762399999999994
2021-03-15,2021-03-18,Dubai,QF,Hard,3,Andrey Rublev,Marton Fucsovics,player2,top_10,0.9185701792304776,1.16,1.16,0.0,0.8116883116883117,0.106881867542166,0.065541407907354,True,1.0,0.1599999999999999,200.0,1.1567999999999998,0.15679999999999983,0.06260198333381628
2021-03-15,2021-03-18,Acapulco,R16,Hard,3,John Isner,Stefanos Tsitsipas,player1,top_10,0.2889172396298669,4.33,4.16,0.0408653846153845,0.2198198198198198,0.069097419810047,0.2510116475973236,False,1.0,-1.0,200.0,4.2634,-1.0,0.2317697594379744
2021-03-15,2021-03-19,Acapulco,QF,Hard,3,Felix Auger Aliassime,Stefanos Tsitsipas,player1,top_10,0.3390711412740478,3.2,3.25,-0.0153846153846153,0.2982456140350877,0.0408255272389601,0.0850276520769532,False,1.0,-1.0,200.0,3.156,-1.0,0.07010852186089489
2021-03-22,2021-03-25,Miami Masters,R128,Hard,4,Fernando Verdasco,Bjorn Fratangelo,player1,other,0.3228169058605699,3.2,2.96,0.0810810810810811,0.2982456140350877,0.0245712918254822,0.0330140987538237,False,1.0,-1.0,200.0,3.156,-1.0,0.01881015489595861
2021-03-22,2021-03-26,Miami Masters,R64,Hard,4,Mikael Ymer,Nikoloz Basilashvili,player1,other,0.4349266823001552,2.37,2.42,-0.0206611570247933,0.398477157360406,0.0364495249397491,0.0307762370513678,True,1.0,1.37,200.0,2.3426,1.3426,0.018859245956343584
2021-03-22,2021-03-26,Miami Masters,R64,Hard,4,Lloyd Harris,Roberto Bautista Agut,player1,other,0.3253915944669153,3.2,3.51,-0.0883190883190881,0.2982456140350877,0.0271459804318276,0.0412531022941291,False,1.0,-1.0,200.0,3.156,-1.0,0.026935872137584638
2021-03-22,2021-03-27,Miami Masters,R64,Hard,4,Tennys Sandgren,Andrey Rublev,player1,top_10,0.2236601721063114,7.0,8.15,-0.1411042944785276,0.1358024691358024,0.0878577029705089,0.56562120474418,False,1.0,-1.0,200.0,6.88,-1.0,0.5387819840914223
2021-03-22,2021-03-28,Miami Masters,R64,Hard,4,Diego Schwartzman,Yasutaka Uchiyama,player2,top_10,0.9133751129090244,1.14,1.12,0.0178571428571425,0.8283132530120482,0.0850618598969763,0.0412476287162878,True,1.0,0.1399999999999999,200.0,1.1372,0.1372,0.03869017840014255
2021-03-22,2021-03-28,Miami Masters,R32,Hard,4,Alexei Popyrin,Daniil Medvedev,player2,top_10,0.205952609712793,6.5,7.1,-0.0845070422535211,0.1458607095926412,0.0600919001201517,0.3386919631331548,False,1.0,-1.0,200.0,6.39,-1.0,0.31603717606474735
2021-03-22,2021-03-30,Miami Masters,R16,Hard,4,Frances Tiafoe,Daniil Medvedev,player1,top_10,0.2281599292928644,5.5,5.49,0.0018214936247722,0.1716867469879518,0.0564731823049126,0.2548796111107543,False,1.0,-1.0,200.0,5.41,-1.0,0.23434521747439652
2021-03-22,2021-03-31,Miami Masters,R16,Hard,4,Marin Cilic,Andrey Rublev,player1,top_10,0.1568644800020537,7.0,7.24,-0.0331491712707182,0.1358024691358024,0.0210620108662512,0.0980513600143762,False,1.0,-1.0,200.0,6.88,-1.0,0.0792276224141294
2021-03-22,2021-04-01,Miami Masters,QF,Hard,4,Stefanos Tsitsipas,Hubert Hurkacz,player2,top_10,0.9522541824923848,1.2,1.21,-0.0082644628099173,0.7894736842105263,0.1627804982818583,0.1427050189908615,False,1.0,-1.0,200.0,1.196,-1.0,0.1388960022608922
2021-04-05,2021-04-06,Cagliari,R32,Clay,3,Thomas Fabbiano,Marco Cecchinato,player1,other,0.263620786062553,4.0,4.01,-0.0024937655860348,0.238095238095238,0.0255255479673149,0.054483144250212,False,1.0,-1.0,200.0,3.94,-1.0,0.038665897086458845
2021-04-05,2021-04-08,Marbella,R16,Clay,3,Gianluca Mager,Casper Ruud,player2,other,0.4286017736785068,2.5,2.51,-0.0039840637450198,0.3796526054590571,0.0489491682194497,0.071504434196267,False,1.0,-1.0,200.0,2.4699999999999998,-1.0,0.058646380985911795
2021-04-12,2021-04-13,Monte Carlo Masters,R64,Clay,4,Nikoloz Basilashvili,Filip Krajinovic,player2,other,0.3312963861791691,3.2,3.02,0.0596026490066226,0.2982456140350877,0.0330507721440814,0.0601484357733412,False,1.0,-1.0,200.0,3.156,-1.0,0.045571394781457775
2021-04-12,2021-04-13,Monte Carlo Masters,R64,Clay,4,Laslo Djere,Karen Khachanov,player2,other,0.4701404669116866,2.2,2.13,0.0328638497652582,0.4300518134715025,0.040088653440184,0.0343090272057107,False,1.0,-1.0,200.0,2.176,-1.0,0.023025655999830197
2021-04-12,2021-04-13,Monte Carlo Masters,R64,Clay,4,Jan Lennard Struff,Grigor Dimitrov,player2,other,0.4605268575655414,2.3,2.38,-0.0336134453781512,0.411764705882353,0.0487621516831884,0.0592117724007452,False,1.0,-1.0,200.0,2.274,-1.0,0.04723807410404124
2021-04-12,2021-04-13,Monte Carlo Masters,R64,Clay,4,Lorenzo Sonego,Marton Fucsovics,player2,other,0.448812876497897,2.3,2.25,0.0222222222222221,0.411764705882353,0.037048170615544,0.032269615945163,True,1.0,1.2999999999999998,200.0,2.274,1.274,0.02060048115621771
2021-04-12,2021-04-13,Monte Carlo Masters,R32,Clay,4,Aslan Karatsev,Stefanos Tsitsipas,player1,top_10,0.435023114215154,2.5,2.54,-0.0157480314960629,0.3796526054590571,0.0553705087560969,0.0875577855378851,False,1.0,-1.0,200.0,2.4699999999999998,-1.0,0.07450709211143025
2021-04-12,2021-04-14,Monte Carlo Masters,R32,Clay,4,Casper Ruud,Diego Schwartzman,player1,top_10,0.5229742783848736,2.5,2.49,0.0040160642570279,0.3796526054590571,0.1433216729258165,0.3074356959621841,True,1.0,1.5,200.0,2.4699999999999998,1.4699999999999998,0.2917464676106378
2021-04-12,2021-04-14,Monte Carlo Masters,R32,Clay,4,Tommy Paul,Roberto Bautista Agut,player1,other,0.2597128376719117,4.0,4.0,0.0,0.238095238095238,0.0216175995766736,0.0388513506876468,False,1.0,-1.0,200.0,3.94,-1.0,0.023268580427332264
2021-04-12,2021-04-14,Monte Carlo Masters,R32,Clay,4,Andrey Rublev,Salvatore Caruso,player1,top_10,0.9552532344777928,1.08,1.07,0.0093457943925234,0.8810572687224669,0.0741959657553258,0.0316734932360162,True,1.0,0.08,200.0,1.0784,0.07840000000000003,0.030145088060851727
2021-04-12,2021-04-14,Monte Carlo Masters,R32,Clay,4,Jannik Sinner,Novak Djokovic,player1,top_10,0.3205553133608223,3.4,3.31,0.0271903323262838,0.281183932346723,0.0393713810140992,0.0898880654267958,False,1.0,-1.0,200.0,3.352,-1.0,0.07450141038547642
2021-04-12,2021-04-15,Monte Carlo Masters,R16,Clay,4,Cristian Garin,Stefanos Tsitsipas,player1,top_10,0.3439091498784817,3.4,3.36,0.0119047619047618,0.281183932346723,0.0627252175317586,0.1692911095868376,False,1.0,-1.0,200.0,3.352,-1.0,0.1527834703926706
2021-04-12,2021-04-15,Monte Carlo Masters,R16,Clay,4,David Goffin,Alexander Zverev,player1,top_10,0.4149184204110479,2.5,2.62,-0.0458015267175573,0.3796526054590571,0.0352658149519907,0.0372960510276196,True,1.0,1.5,200.0,2.4699999999999998,1.4699999999999998,0.024848498415288134
2021-04-12,2021-04-15,Monte Carlo Masters,R16,Clay,4,Daniel Evans,Novak Djokovic,player2,top_10,0.1028839874066076,11.0,10.9,0.0091743119266054,0.0871369294605809,0.0157470579460267,0.1317238614726841,True,1.0,10.0,200.0,10.8,9.8,0.11114706399136232
2021-04-12,2021-04-16,Monte Carlo Masters,QF,Clay,4,Alejandro Davidovich Fokina,Stefanos Tsitsipas,player1,top_10,0.3409208846119185,4.33,4.37,-0.0091533180778031,0.2198198198198198,0.1211010647920987,0.4761874303696072,False,1.0,-1.0,200.0,4.2634,-1.0,0.4534820994544533
2021-04-12,2021-04-17,Monte Carlo Masters,SF,Clay,4,Casper Ruud,Andrey Rublev,player2,top_10,0.3393111535065451,3.4,3.25,0.0461538461538462,0.281183932346723,0.0581272211598221,0.1536579219222535,False,1.0,-1.0,200.0,3.352,-1.0,0.1373709865539392
2021-04-12,2021-04-17,Monte Carlo Masters,SF,Clay,4,Stefanos Tsitsipas,Daniel Evans,player1,top_10,0.966188476817834,1.16,1.16,0.0,0.8116883116883117,0.1545001651295223,0.1207786331086874,True,1.0,0.1599999999999999,200.0,1.1567999999999998,0.15679999999999983,0.11768682998287025
2021-04-12,2021-04-18,Monte Carlo Masters,F,Clay,4,Stefanos Tsitsipas,Andrey Rublev,player1,top_10,0.556368248568572,2.0,2.0,0.0,0.4736842105263157,0.0826840380422562,0.112736497137144,True,1.0,1.0,200.0,1.98,0.98,0.10160913216577261
2021-04-19,2021-04-19,Barcelona,R64,Clay,3,Nikoloz Basilashvili,Jeremy Chardy,player1,other,0.3443853752483,3.0,2.83,0.0600706713780918,0.3181818181818181,0.0262035570664818,0.0331561257448999,False,1.0,-1.0,200.0,2.96,-1.0,0.019380710734967943
2021-04-19,2021-04-20,Barcelona,R32,Clay,3,Egor Gerasimov,Jannik Sinner,player1,other,0.1758124071717372,6.0,5.89,0.0186757215619695,0.1573033707865168,0.0185090363852203,0.0548744430304235,False,1.0,-1.0,200.0,5.9,-1.0,0.03729320231324962
2021-04-19,2021-04-20,Barcelona,R32,Clay,3,Pablo Andujar,Roberto Bautista Agut,player1,other,0.2077659728061365,5.0,5.0,0.0,0.1883116883116883,0.0194542844944482,0.0388298640306825,False,1.0,-1.0,200.0,4.92,-1.0,0.022208586206191594
2021-04-19,2021-04-21,Barcelona,R32,Clay,3,Stefanos Tsitsipas,Jaume Munar,player2,top_10,0.848591533350345,1.22,1.22,0.0,0.7801801801801801,0.0684113531701648,0.0352816706874208,True,1.0,0.2199999999999999,200.0,1.2156,0.2156,0.031547867940679375
2021-04-19,2021-04-21,Barcelona,R32,Clay,3,Federico Gaio,Andrey Rublev,player1,top_10,0.0850156802914279,13.0,11.28,0.1524822695035461,0.074074074074074,0.0109416062173538,0.1052038437885634,False,1.0,-1.0,200.0,12.76,-1.0,0.08480008051862009
2021-04-19,2021-04-21,Barcelona,R32,Clay,3,Jordan Thompson,Pablo Carreno Busta,player1,other,0.1798608618838452,6.0,6.66,-0.099099099099099,0.1573033707865168,0.0225574910973283,0.0791651713030712,False,1.0,-1.0,200.0,5.9,-1.0,0.061179085114686726
2021-04-19,2021-04-21,Belgrade,R16,Clay,3,Marco Cecchinato,Matteo Berrettini,player1,top_10,0.5890583111253744,2.5,2.42,0.0330578512396695,0.3796526054590571,0.2094057056663173,0.4726457778134361,False,1.0,-1.0,200.0,2.4699999999999998,-1.0,0.4549740284796747
2021-04-19,2021-04-21,Belgrade,R16,Clay,3,Soon Woo Kwon,Novak Djokovic,player1,top_10,0.1340305335418752,21.0,17.91,0.1725293132328307,0.0458882326215356,0.0881423009203396,1.8146412043793805,False,1.0,-1.0,200.0,20.6,-1.0,1.7610289909626293
2021-04-19,2021-04-22,Barcelona,R16,Clay,3,Stefanos Tsitsipas,Alex De Minaur,player1,top_10,0.98,1.1,1.1,0.0,0.8641975308641975,0.1158024691358025,0.078,True,1.0,0.1,200.0,1.098,0.09800000000000009,0.07604000000000007
2021-04-19,2021-04-22,Barcelona,R16,Clay,3,Rafael Nadal,Kei Nishikori,player1,top_10,0.9762317378953868,1.08,1.09,-0.0091743119266055,0.8810572687224669,0.0951744691729199,0.0543302769270178,True,1.0,0.08,200.0,1.0784,0.07840000000000003,0.0527683061463851
2021-04-19,2021-04-23,Barcelona,QF,Clay,3,Stefanos Tsitsipas,Felix Auger Aliassime,player1,top_10,0.8210443856841455,1.3,1.27,0.0236220472440944,0.7291666666666667,0.0918777190174787,0.0673577013893892,True,1.0,0.3,200.0,1.294,0.29400000000000004,0.062431435075284314
2021-04-19,2021-04-23,Belgrade,QF,Clay,3,Filip Krajinovic,Matteo Berrettini,player1,top_10,0.6063227241222393,1.9,1.94,-0.0206185567010309,0.5,0.1063227241222393,0.1520131758322546,False,1.0,-1.0,200.0,1.882,-1.0,0.14109936679805435
2021-04-19,2021-04-24,Barcelona,SF,Clay,3,Stefanos Tsitsipas,Jannik Sinner,player2,top_10,0.7850476050576567,1.44,1.42,0.0140845070422535,0.6563245823389022,0.1287230227187544,0.1304685512830256,True,1.0,0.4399999999999999,200.0,1.4312,0.4312,0.12356013235851826
2021-04-19,2021-04-24,Belgrade,SF,Clay,3,Taro Daniel,Matteo Berrettini,player2,top_10,0.195160061143659,5.5,5.42,0.014760147601476,0.1716867469879518,0.0234733141557072,0.0733803362901246,False,1.0,-1.0,200.0,5.41,-1.0,0.05581593078719527
2021-04-26,2021-04-27,Munich,R32,Clay,3,Andrej Martin,Jan Lennard Struff,player1,other,0.3072775693592035,3.4,3.22,0.0559006211180124,0.281183932346723,0.0260936370124804,0.0447437358212919,False,1.0,-1.0,200.0,3.352,-1.0,0.029994412492050038
2021-04-26,2021-04-28,Estoril,R16,Clay,3,Alejandro Davidovich Fokina,Jeremy Chardy,player2,other,0.6912213985726127,1.5,1.47,0.0204081632653061,0.6359223300970874,0.0552990684755252,0.036832097858919,True,1.0,0.5,200.0,1.49,0.49,0.029919883873192887
2021-04-26,2021-04-30,Munich,QF,Clay,3,Ilya Ivashka,Alexander Zverev,player1,top_10,0.3364665903115096,3.75,3.78,-0.0079365079365079,0.2544731610337972,0.0819934292777124,0.2617497136681611,True,1.0,2.75,200.0,3.695,2.695,0.243244051201028
2021-05-03,2021-05-03,Madrid Masters,R64,Clay,4,Ugo Humbert,Aslan Karatsev,player1,other,0.2943120899408079,3.5,3.42,0.023391812865497,0.2708333333333333,0.0234787566074745,0.0300923147928277,False,1.0,-1.0,200.0,3.45,-1.0,0.015376710295787133
2021-05-03,2021-05-04,Madrid Masters,R32,Clay,4,Fabio Fognini,Matteo Berrettini,player1,top_10,0.3152049225086846,3.4,3.4,0.0,0.281183932346723,0.0340209901619615,0.0716967365295275,False,1.0,-1.0,200.0,3.352,-1.0,0.05656690024911071
2021-05-03,2021-05-05,Madrid Masters,R32,Clay,4,Alejandro Davidovich Fokina,Daniil Medvedev,player1,top_10,0.6038246001658558,2.37,2.31,0.0259740259740259,0.398477157360406,0.2053474428054498,0.4310643023930783,False,1.0,-1.0,200.0,2.3426,-1.0,0.4145195083485338
2021-05-03,2021-05-05,Madrid Masters,R32,Clay,4,Benoit Paire,Stefanos Tsitsipas,player1,top_10,0.1027690183663432,11.0,12.53,-0.1221069433359935,0.0871369294605809,0.0156320889057623,0.1304592020297754,False,1.0,-1.0,200.0,10.8,-1.0,0.10990539835650659
2021-05-03,2021-05-06,Madrid Masters,R16,Clay,4,Cristian Garin,Daniil Medvedev,player2,top_10,0.4849867010051929,2.3,2.34,-0.0170940170940171,0.411764705882353,0.0732219951228399,0.1154694123119436,True,1.0,1.2999999999999998,200.0,2.274,1.274,0.10285975808580872
2021-05-03,2021-05-06,Madrid Masters,R16,Clay,4,Alexander Zverev,Daniel Evans,player1,top_10,0.974030054043823,1.25,1.21,0.0330578512396695,0.7619047619047619,0.2121252921390611,0.2175375675547788,True,1.0,0.25,200.0,1.245,0.2450000000000001,0.2126674172845598
2021-05-03,2021-05-07,Madrid Masters,QF,Clay,4,John Isner,Dominic Thiem,player1,top_10,0.3112194296610786,3.75,4.01,-0.0648379052369076,0.2544731610337972,0.0567462686272813,0.1670728612290447,False,1.0,-1.0,200.0,3.695,-1.0,0.14995579259768532
2021-05-03,2021-05-07,Madrid Masters,QF,Clay,4,Alexander Zverev,Rafael Nadal,player1,top_10,0.3709679835756907,4.33,4.36,-0.0068807339449541,0.2198198198198198,0.1511481637558709,0.6062913688827409,True,1.0,3.33,200.0,4.2634,3.2634,0.5815849011765997
2021-05-03,2021-05-08,Madrid Masters,SF,Clay,4,Casper Ruud,Matteo Berrettini,player1,top_10,0.6951638776095147,1.66,1.73,-0.0404624277456647,0.5699481865284974,0.1252156910810172,0.1539720368317943,False,1.0,-1.0,200.0,1.6467999999999998,-1.0,0.1447958736473487
2021-05-10,2021-05-10,Rome Masters,R64,Clay,4,Benoit Paire,Stefano Travaglia,player2,other,0.2955044519680735,3.5,3.49,0.0028653295128939,0.2708333333333333,0.0246711186347401,0.0342655818882572,False,1.0,-1.0,200.0,3.45,-1.0,0.019490359289853654
2021-05-10,2021-05-11,Rome Masters,R64,Clay,4,Tommy Paul,Roberto Bautista Agut,player1,other,0.2995256981682751,3.5,3.53,-0.008498583569405,0.2708333333333333,0.0286923648349417,0.0483399435889629,False,1.0,-1.0,200.0,3.45,-1.0,0.033363658680549246
2021-05-10,2021-05-11,Rome Masters,R64,Clay,4,Roberto Carballes Baena,Cameron Norrie,player2,other,0.3474015719689262,3.0,2.99,0.0033444816053511,0.3181818181818181,0.029219753787108,0.0422047159067785,False,1.0,-1.0,200.0,2.96,-1.0,0.028308653028021435
2021-05-10,2021-05-12,Rome Masters,R32,Clay,4,Jannik Sinner,Rafael Nadal,player1,top_10,0.4111455621871729,4.33,4.22,0.0260663507109004,0.2198198198198198,0.1913257423673531,0.7802602842704589,False,1.0,-1.0,200.0,4.2634,-1.0,0.752877989828793
2021-05-10,2021-05-12,Rome Masters,R32,Clay,4,Alexander Zverev,Hugo Dellien,player2,top_10,0.98,1.07,1.06,0.009433962264151,0.893743793445879,0.086256206554121,0.0486,True,1.0,0.07,200.0,1.0686,0.0686,0.04722799999999998
2021-05-10,2021-05-12,Rome Masters,R32,Clay,4,Aslan Karatsev,Daniil Medvedev,player2,top_10,0.6202915403649898,1.8,1.83,-0.0163934426229508,0.5263157894736842,0.0939757508913056,0.1165247726569816,True,1.0,0.8,200.0,1.784,0.784,0.10660010801114178
2021-05-10,2021-05-12,Rome Masters,R32,Clay,4,Jan Lennard Struff,Andrey Rublev,player1,top_10,0.3156634162882648,5.0,5.24,-0.0458015267175573,0.1883116883116883,0.1273517279765764,0.5783170814413239,False,1.0,-1.0,200.0,4.92,-1.0,0.5530640081382627
2021-05-10,2021-05-12,Rome Masters,R32,Clay,4,Dominic Thiem,Marton Fucsovics,player2,top_10,0.8089846335230101,1.28,1.24,0.032258064516129,0.7455268389662029,0.0634577945568072,0.0355003309094529,True,1.0,0.28,200.0,1.2744,0.2744,0.03097001696172405
2021-05-10,2021-05-12,Rome Masters,R32,Clay,4,Marin Cilic,Stefanos Tsitsipas,player2,top_10,0.1837717530042794,7.0,7.51,-0.0679094540612516,0.1358024691358024,0.0479692838684769,0.2864022710299557,False,1.0,-1.0,200.0,6.88,-1.0,0.2643496606694421
2021-05-10,2021-05-12,Rome Masters,R32,Clay,4,Matteo Berrettini,John Millman,player1,top_10,0.9182454993219492,1.14,1.14,0.0,0.8283132530120482,0.089932246309901,0.046799869227022,True,1.0,0.1399999999999999,200.0,1.1372,0.1372,0.04422878182892062
2021-05-10,2021-05-13,Rome Masters,R16,Clay,4,Denis Shapovalov,Rafael Nadal,player2,top_10,0.1205630079437958,9.0,8.73,0.0309278350515462,0.1062562065541211,0.0143068013896746,0.0850670714941623,False,1.0,-1.0,200.0,8.84,-1.0,0.06577699022315486
2021-05-10,2021-05-13,Rome Masters,R16,Clay,4,Stefanos Tsitsipas,Matteo Berrettini,player1,top_10,0.7556134361811164,1.4,1.37,0.0218978102189779,0.6818181818181818,0.0737952543629346,0.0578588106535629,True,1.0,0.3999999999999999,200.0,1.392,0.3919999999999999,0.051813903164113995
2021-05-10,2021-05-13,Rome Masters,R16,Clay,4,Alejandro Davidovich Fokina,Novak Djokovic,player1,top_10,0.2115812457804624,5.0,5.11,-0.0215264187866928,0.1883116883116883,0.0232695574687741,0.0579062289023121,False,1.0,-1.0,200.0,4.92,-1.0,0.04097972923987503
2021-05-10,2021-05-15,Rome Masters,QF,Clay,4,Andrey Rublev,Lorenzo Sonego,player2,top_10,0.805071881254025,1.28,1.29,-0.0077519379844961,0.7455268389662029,0.059545042287822,0.0304920080051519,False,1.0,-1.0,200.0,1.2744,-1.0,0.0259836054701294
2021-05-10,2021-05-15,Rome Masters,SF,Clay,4,Reilly Opelka,Rafael Nadal,player1,top_10,0.1318239467264575,8.0,7.92,0.0101010101010101,0.118942731277533,0.0128812154489245,0.0545915738116606,False,1.0,-1.0,200.0,7.859999999999999,-1.0,0.03613622126995586
2021-05-10,2021-05-16,Rome Masters,F,Clay,4,Rafael Nadal,Novak Djokovic,player1,top_10,0.7396592723495475,1.5,1.51,-0.0066225165562914,0.6359223300970874,0.1037369422524601,0.1094889085243213,True,1.0,0.5,200.0,1.49,0.49,0.10209231580082584
2021-05-17,2021-05-21,Lyon,QF,Clay,3,Yoshihito Nishioka,Stefanos Tsitsipas,player2,top_10,0.1282888091528782,13.0,12.07,0.0770505385252693,0.074074074074074,0.0542147350788041,0.6677545189874168,False,1.0,-1.0,200.0,12.76,-1.0,0.6369652047907259
2021-05-17,2021-05-23,Lyon,F,Clay,3,Cameron Norrie,Stefanos Tsitsipas,player1,top_10,0.2394079892289088,5.0,5.13,-0.0253411306042884,0.1883116883116883,0.0510963009172205,0.1970399461445441,False,1.0,-1.0,200.0,4.92,-1.0,0.17788730700623134
2021-05-24,2021-05-26,Belgrade 2,R16,Clay,3,Roberto Carballes Baena,Gael Monfils,player1,other,0.5483996894904734,1.9,1.84,0.0326086956521738,0.5,0.0483996894904733,0.0419594100318993,True,1.0,0.8999999999999999,200.0,1.882,0.8819999999999999,0.03208821562107078
2021-05-31,2021-05-31,Roland Garros,R128,Clay,5,Benoit Paire,Casper Ruud,player1,other,0.1095001611180546,11.0,11.37,-0.032541776605101,0.0871369294605809,0.0223632316574737,0.2045017722986011,False,1.0,-1.0,200.0,10.8,-1.0,0.18260174007498975
2021-05-31,2021-05-31,Roland Garros,R128,Clay,5,Alexander Bublik,Daniil Medvedev,player2,top_10,0.35849642447427,3.0,2.92,0.0273972602739727,0.3181818181818181,0.0403146062924518,0.0754892734228099,False,1.0,-1.0,200.0,2.96,-1.0,0.0611494164438392
2021-05-31,2021-06-01,Roland Garros,R128,Clay,5,Novak Djokovic,Tennys Sandgren,player2,top_10,0.070890833370721,29.0,1.01,27.712871287128714,0.0322688290452831,0.0386220043254378,1.0558341677509089,True,1.0,28.0,200.0,28.439999999999998,27.439999999999998,1.016135301063305
2021-05-31,2021-06-01,Roland Garros,R128,Clay,5,Taro Daniel,Matteo Berrettini,player1,top_10,0.1755417630686421,9.0,10.64,-0.1541353383458646,0.1062562065541211,0.069285556514521,0.5798758676177795,False,1.0,-1.0,200.0,8.84,-1.0,0.5517891855267961
2021-05-31,2021-06-01,Roland Garros,R128,Clay,5,Alexei Popyrin,Rafael Nadal,player2,top_10,0.0660481524996301,23.0,21.96,0.04735883424408,0.0420658059142024,0.0239823465854277,0.5191075074914933,False,1.0,-1.0,200.0,22.56,-1.0,0.49004632039165497
2021-05-31,2021-06-03,Roland Garros,R64,Clay,5,Pablo Cuevas,Novak Djokovic,player1,top_10,0.07815065687838,19.0,18.38,0.0337323177366704,0.0509490509490509,0.027201605929329,0.48486248068922,False,1.0,-1.0,200.0,18.64,-1.0,0.4567282442130033
2021-05-31,2021-06-03,Roland Garros,R64,Clay,5,Marin Cilic,Roger Federer,player2,top_10,0.4621816210752183,2.5,2.84,-0.1197183098591548,0.3796526054590571,0.0825290156161612,0.1554540526880458,False,1.0,-1.0,200.0,2.4699999999999998,-1.0,0.1415886040557891
2021-05-31,2021-06-03,Roland Garros,R64,Clay,5,Philipp Kohlschreiber,Aslan Karatsev,player1,other,0.1306567848562747,8.0,7.05,0.1347517730496454,0.118942731277533,0.0117140535787416,0.0452542788501977,True,1.0,7.0,200.0,7.859999999999999,6.859999999999999,0.026962328970319027
2021-05-31,2021-06-04,Roland Garros,R32,Clay,5,Laslo Djere,Alexander Zverev,player1,top_10,0.3073785944229135,5.0,5.4,-0.0740740740740741,0.1883116883116883,0.1190669061112252,0.5368929721145677,False,1.0,-1.0,200.0,4.92,-1.0,0.5123026845607344
2021-05-31,2021-06-04,Roland Garros,R32,Clay,5,Henri Laaksonen,Kei Nishikori,player2,other,0.3263636751499994,3.2,3.39,-0.056047197640118,0.2982456140350877,0.0281180611149117,0.0443637604799982,False,1.0,-1.0,200.0,3.156,-1.0,0.030003758773398226
2021-05-31,2021-06-05,Roland Garros,R32,Clay,5,Roger Federer,Dominik Koepfer,player1,top_10,0.8099079540507719,1.3,1.31,-0.0076335877862595,0.7291666666666667,0.0807412873841051,0.0528803402660034,True,1.0,0.3,200.0,1.294,0.29400000000000004,0.048020892541698834
2021-05-31,2021-06-06,Roland Garros,R16,Clay,5,Kei Nishikori,Alexander Zverev,player2,top_10,0.2556404504735741,4.5,4.76,-0.0546218487394957,0.2105263157894736,0.0451141346841004,0.1503820271310834,False,1.0,-1.0,200.0,4.43,-1.0,0.1324871955979331
2021-05-31,2021-06-06,Roland Garros,R16,Clay,5,Pablo Carreno Busta,Stefanos Tsitsipas,player1,top_10,0.1912247072282491,5.5,5.79,-0.0500863557858376,0.1716867469879518,0.0195379602402973,0.0517358897553703,False,1.0,-1.0,200.0,5.41,-1.0,0.03452566610482777
2021-05-31,2021-06-08,Roland Garros,QF,Clay,5,Alexander Zverev,Alejandro Davidovich Fokina,player2,top_10,0.9579221343952846,1.12,1.12,0.0,0.8426966292134831,0.1152255051818015,0.0728727905227188,True,1.0,0.1200000000000001,200.0,1.1176000000000001,0.11760000000000015,0.07057377740017023
2021-06-07,2021-06-08,Stuttgart,R32,Grass,3,Rudolf Molleker,Marin Cilic,player2,other,0.1211533844160069,9.0,8.0,0.125,0.1062562065541211,0.0148971778618858,0.0903804597440628,False,1.0,-1.0,200.0,8.84,-1.0,0.07099591823750095
2021-05-31,2021-06-09,Roland Garros,QF,Clay,5,Diego Schwartzman,Rafael Nadal,player2,top_10,0.1096413227288918,10.0,10.82,-0.0757855822550832,0.0958408679927667,0.013800454736125,0.0964132272889182,False,1.0,-1.0,200.0,9.82,-1.0,0.0766777891977175
2021-05-31,2021-06-11,Roland Garros,SF,Clay,5,Rafael Nadal,Novak Djokovic,player1,top_10,0.798498983402499,1.4,1.41,-0.0070921985815602,0.6818181818181818,0.1166808015843172,0.1178985767634985,False,1.0,-1.0,200.0,1.392,-1.0,0.11151058489627858
2021-05-31,2021-06-13,Roland Garros,F,Clay,5,Stefanos Tsitsipas,Novak Djokovic,player1,top_10,0.5027474173581481,3.0,3.11,-0.0353697749196141,0.3181818181818181,0.1845655991763299,0.5082422520744443,False,1.0,-1.0,200.0,2.96,-1.0,0.48813235538011834
2021-06-14,2021-06-14,Halle,R32,Grass,3,Corentin Moutet,David Goffin,player1,other,0.3252248547988545,3.2,3.04,0.0526315789473683,0.2982456140350877,0.0269792407637668,0.0407195353563346,True,1.0,2.2,200.0,3.156,2.156,0.026409641745184897
2021-06-14,2021-06-14,Halle,R32,Grass,3,Ilya Ivashka,Roger Federer,player1,top_10,0.2518846907220985,5.5,5.69,-0.0333919156414763,0.1716867469879518,0.0801979437341467,0.3853657989715419,False,1.0,-1.0,200.0,5.41,-1.0,0.362696176806553
2021-06-14,2021-06-15,Halle,R32,Grass,3,Karen Khachanov,Andrey Rublev,player1,top_10,0.4341400808279607,2.5,2.5,0.0,0.3796526054590571,0.0544874753689036,0.0853502020699018,False,1.0,-1.0,200.0,2.4699999999999998,-1.0,0.07232599964506281
2021-06-14,2021-06-15,Halle,R32,Grass,3,Jurij Rodionov,Philipp Kohlschreiber,player2,other,0.3664629823864822,3.0,2.87,0.0452961672473868,0.3181818181818181,0.0482811642046641,0.0993889471594466,False,1.0,-1.0,200.0,2.96,-1.0,0.08473042786398732
2021-06-14,2021-06-15,Halle,R32,Grass,3,Dominik Koepfer,Alexander Zverev,player1,top_10,0.2534240980737309,4.5,4.33,0.0392609699769053,0.2105263157894736,0.0428977822842572,0.1404084413317893,False,1.0,-1.0,200.0,4.43,-1.0,0.12266875446662784
2021-06-14,2021-06-15,Halle,R32,Grass,3,Jan Lennard Struff,Daniil Medvedev,player1,top_10,0.2807188632880616,3.75,3.96,-0.0530303030303029,0.2544731610337972,0.0262457022542644,0.0526957373302313,True,1.0,2.75,200.0,3.695,2.695,0.03725619984938766
2021-06-14,2021-06-16,Halle,R16,Grass,3,Jordan Thompson,Andrey Rublev,player1,top_10,0.4886521368630021,4.33,4.25,0.0188235294117646,0.2198198198198198,0.2688323170431823,1.1158637526167992,False,1.0,-1.0,200.0,4.2634,-1.0,1.083319520301723
2021-06-14,2021-06-16,Halle,R16,Grass,3,Felix Auger Aliassime,Roger Federer,player1,top_10,0.4767273536064695,2.62,2.65,-0.011320754716981,0.3640776699029127,0.1126496837035568,0.2490256664489503,True,1.0,1.62,200.0,2.5876,1.5876000000000001,0.23357970019210061
2021-06-14,2021-06-17,Queen's Club,R16,Grass,3,Andy Murray,Matteo Berrettini,player2,top_10,0.3843791574824529,3.4,3.23,0.0526315789473683,0.281183932346723,0.1031952251357298,0.3068891354403398,False,1.0,-1.0,200.0,3.352,-1.0,0.28843893588118197
2021-06-14,2021-06-18,Halle,QF,Grass,3,Philipp Kohlschreiber,Andrey Rublev,player2,top_10,0.3708781417530409,3.75,3.67,0.0217983651226159,0.2544731610337972,0.1164049807192436,0.3907930315739034,False,1.0,-1.0,200.0,3.695,-1.0,0.3703947337774861
2021-06-14,2021-06-19,Queen's Club,SF,Grass,3,Matteo Berrettini,Alex De Minaur,player1,top_10,0.7822079985303912,1.4,1.37,0.0218978102189779,0.6818181818181818,0.1003898167122094,0.0950911979425476,True,1.0,0.3999999999999999,200.0,1.392,0.3919999999999999,0.08883353395430454
2021-06-14,2021-06-19,Halle,SF,Grass,3,Nikoloz Basilashvili,Andrey Rublev,player1,top_10,0.2630133305067649,4.33,4.01,0.0798004987531173,0.2198198198198198,0.0431935106869451,0.138847721094292,False,1.0,-1.0,200.0,4.2634,-1.0,0.12133103328254147
2021-06-14,2021-06-20,Queen's Club,F,Grass,3,Matteo Berrettini,Cameron Norrie,player1,top_10,0.846811026692249,1.28,1.28,0.0,0.7455268389662029,0.101284187726046,0.0839181141660786,True,1.0,0.28,200.0,1.2744,0.2744,0.07917597241660204
2021-06-14,2021-06-20,Halle,F,Grass,3,Ugo Humbert,Andrey Rublev,player1,top_10,0.3662773095045158,3.0,2.92,0.0273972602739727,0.3181818181818181,0.0480954913226977,0.0988319285135476,True,1.0,2.0,200.0,2.96,1.96,0.08418083613336669
2021-06-21,2021-06-22,Mallorca,R32,Grass,3,Ugo Humbert,Miomir Kecmanovic,player2,other,0.6595869555521496,1.57,1.55,0.0129032258064516,0.6015228426395939,0.0580641129125557,0.0355515202168749,True,1.0,0.5700000000000001,200.0,1.5586000000000002,0.5586000000000002,0.028032228923580538
2021-06-21,2021-06-22,Mallorca,R16,Grass,3,Adrian Mannarino,Dominic Thiem,player1,top_10,0.4741482011167168,2.3,2.33,-0.0128755364806868,0.411764705882353,0.0623834952343638,0.0905408625684486,True,1.0,1.2999999999999998,200.0,2.274,1.274,0.07821300933941411
2021-06-21,2021-06-22,Mallorca,R16,Grass,3,Corentin Moutet,Daniil Medvedev,player2,top_10,0.2922754068826473,5.5,5.09,0.0805500982318272,0.1716867469879518,0.1205886598946955,0.6075147378545601,False,1.0,-1.0,200.0,5.41,-1.0,0.581209951235122
2021-06-21,2021-06-23,Mallorca,R16,Grass,3,Roberto Bautista Agut,Stefano Travaglia,player2,top_10,0.811281498356043,1.28,1.25,0.024,0.7455268389662029,0.0657546593898401,0.038440317895735,True,1.0,0.28,200.0,1.2744,0.2744,0.03389714150494119
2021-06-21,2021-06-24,Mallorca,QF,Grass,3,Sam Querrey,Roberto Bautista Agut,player2,top_10,0.3404826498343736,3.2,3.18,0.0062893081761006,0.2982456140350877,0.0422370357992858,0.0895444794699955,True,1.0,2.2,200.0,3.156,2.156,0.07456324287728311
2021-06-21,2021-06-24,Mallorca,QF,Grass,3,Daniil Medvedev,Casper Ruud,player1,top_10,0.8725397045387455,1.2,1.2,0.0,0.7894736842105263,0.0830660203282191,0.0470476454464945,True,1.0,0.1999999999999999,200.0,1.196,0.19599999999999995,0.04355748662833961
2021-06-21,2021-06-26,Mallorca,F,Grass,3,Daniil Medvedev,Sam Querrey,player1,top_10,0.8741419811394536,1.28,1.25,0.024,0.7455268389662029,0.1286151421732507,0.1189017358585006,True,1.0,0.28,200.0,1.2744,0.2744,0.11400654076411967
2021-06-28,2021-06-28,Wimbledon,R128,Grass,5,Frances Tiafoe,Stefanos Tsitsipas,player1,top_10,0.3125009657734964,5.5,5.5,0.0,0.1716867469879518,0.1408142187855446,0.7187553117542301,True,1.0,4.5,200.0,5.41,4.41,0.6906302248346156
2021-06-28,2021-06-29,Wimbledon,R128,Grass,5,Tallon Griekspoor,Alexander Zverev,player1,top_10,0.1549022187867568,11.0,10.6,0.0377358490566037,0.0871369294605809,0.0677652893261758,0.7039244066543249,False,1.0,-1.0,200.0,10.8,-1.0,0.6729439628969736
2021-06-28,2021-06-29,Wimbledon,R128,Grass,5,Adrian Mannarino,Roger Federer,player1,top_10,0.2096261106053936,5.5,5.31,0.0357815442561206,0.1716867469879518,0.0379393636174418,0.152943608329665,False,1.0,-1.0,200.0,5.41,-1.0,0.13407725837517936
2021-06-28,2021-06-29,Wimbledon,R128,Grass,5,Yuichi Sugita,Richard Gasquet,player2,other,0.2382632245164727,4.33,4.29,0.0093240093240092,0.2198198198198198,0.0184434046966529,0.031679762156327,False,1.0,-1.0,200.0,4.2634,-1.0,0.015811431403529586
2021-06-28,2021-06-29,Wimbledon,R128,Grass,5,Daniil Medvedev,Jan Lennard Struff,player1,top_10,0.9494941853609652,1.14,1.14,0.0,0.8283132530120482,0.121180932348917,0.0824233713115002,True,1.0,0.1399999999999999,200.0,1.1372,0.1372,0.07976478759248962
2021-06-28,2021-06-30,Wimbledon,R128,Grass,5,Salvatore Caruso,Marin Cilic,player2,other,0.1037324204396512,10.0,11.1,-0.099099099099099,0.0958408679927667,0.0078915524468845,0.0373242043965125,False,1.0,-1.0,200.0,9.82,-1.0,0.018652368717374856
2021-06-28,2021-06-30,Wimbledon,R64,Grass,5,Kevin Anderson,Novak Djokovic,player2,top_10,0.0623735897393966,19.0,15.29,0.2426422498364944,0.0509490509490509,0.0114245387903457,0.1850982050485365,False,1.0,-1.0,200.0,18.64,-1.0,0.16264371274235268
2021-06-28,2021-06-30,Wimbledon,R64,Grass,5,Lloyd Harris,Andrey Rublev,player1,top_10,0.267996193521916,5.0,5.31,-0.0583804143126176,0.1883116883116883,0.0796845052102277,0.3399809676095803,False,1.0,-1.0,200.0,4.92,-1.0,0.3185412721278267
2021-06-28,2021-06-30,Wimbledon,R64,Grass,5,Egor Gerasimov,Karen Khachanov,player2,other,0.229317467672014,4.5,4.81,-0.0644490644490644,0.2105263157894736,0.0187911518825403,0.0319286045240629,False,1.0,-1.0,200.0,4.43,-1.0,0.015876381787021887
2021-06-28,2021-07-01,Wimbledon,R64,Grass,5,Roberto Bautista Agut,Miomir Kecmanovic,player2,top_10,0.940347528281577,1.28,1.29,-0.0077519379844961,0.7455268389662029,0.1948206893153741,0.2036448362004185,True,1.0,0.28,200.0,1.2744,0.2744,0.19837889004204168
2021-06-28,2021-07-01,Wimbledon,R64,Grass,5,Tennys Sandgren,Alexander Zverev,player1,top_10,0.1686159772937779,8.0,9.38,-0.1471215351812367,0.118942731277533,0.0496732460162449,0.3489278183502239,False,1.0,-1.0,200.0,7.859999999999999,-1.0,0.3253215815290942
2021-06-28,2021-07-01,Wimbledon,R64,Grass,5,Roger Federer,Richard Gasquet,player2,top_10,0.861794714034882,1.2,1.19,0.0084033613445377,0.7894736842105263,0.0723210298243556,0.0341536568418583,True,1.0,0.1999999999999999,200.0,1.196,0.19599999999999995,0.030706477985718766
2021-06-28,2021-07-02,Wimbledon,R32,Grass,5,Denis Shapovalov,Andy Murray,player2,other,0.8147839323115865,1.28,1.25,0.024,0.7455268389662029,0.0692570933453836,0.0429234333588307,True,1.0,0.28,200.0,1.2744,0.2744,0.03836064333788586
2021-06-28,2021-07-02,Wimbledon,R32,Grass,5,Roberto Bautista Agut,Dominik Koepfer,player1,top_10,0.7748060740105986,1.36,1.36,0.0,0.7017543859649122,0.0730516880456864,0.0537362606544142,True,1.0,0.3600000000000001,200.0,1.3528000000000002,0.3528000000000002,0.048157656921538006
2021-06-28,2021-07-03,Wimbledon,R32,Grass,5,Aljaz Bedene,Matteo Berrettini,player1,top_10,0.2948441154764465,5.0,6.37,-0.2150706436420721,0.1883116883116883,0.1065324271647582,0.4742205773822328,False,1.0,-1.0,200.0,4.92,-1.0,0.45063304814411675
2021-06-28,2021-07-03,Wimbledon,R32,Grass,5,Taylor Fritz,Alexander Zverev,player1,top_10,0.1528290349366467,8.0,7.24,0.1049723756906078,0.118942731277533,0.0338863036591136,0.2226322794931738,False,1.0,-1.0,200.0,7.859999999999999,-1.0,0.2012362146020431
2021-06-28,2021-07-03,Wimbledon,R32,Grass,5,Daniil Medvedev,Marin Cilic,player1,top_10,0.98,1.16,1.17,-0.0085470085470085,0.8116883116883117,0.1683116883116883,0.1367999999999999,True,1.0,0.1599999999999999,200.0,1.1567999999999998,0.15679999999999983,0.1336639999999998
2021-06-28,2021-07-05,Wimbledon,R16,Grass,5,Andrey Rublev,Marton Fucsovics,player1,top_10,0.9229042429112893,1.14,1.16,-0.0172413793103448,0.8283132530120482,0.094590989899241,0.0521108369188696,False,1.0,-1.0,200.0,1.1372,-1.0,0.049526705038718116
2021-06-28,2021-07-06,Wimbledon,R16,Grass,5,Hubert Hurkacz,Daniil Medvedev,player2,top_10,0.2115359004124188,5.0,5.16,-0.0310077519379845,0.1883116883116883,0.0232242121007305,0.0576795020620943,True,1.0,4.0,200.0,4.92,3.92,0.04075663002910046
2021-06-28,2021-07-07,Wimbledon,QF,Grass,5,Matteo Berrettini,Felix Auger Aliassime,player1,top_10,0.8761981861674267,1.25,1.28,-0.0234375,0.7619047619047619,0.1142934242626648,0.0952477327092834,True,1.0,0.25,200.0,1.245,0.2450000000000001,0.09086674177844636
2021-06-28,2021-07-09,Wimbledon,SF,Grass,5,Novak Djokovic,Denis Shapovalov,player2,top_10,0.9557527762876123,1.08,1.1,-0.0181818181818181,0.8810572687224669,0.0746955075651455,0.0322129983906215,True,1.0,0.08,200.0,1.0784,0.07840000000000003,0.030683793948561175
2021-06-28,2021-07-09,Wimbledon,SF,Grass,5,Hubert Hurkacz,Matteo Berrettini,player1,top_10,0.3891344936399695,2.75,2.88,-0.0451388888888888,0.3436754176610979,0.0454590759788716,0.0701198575099162,False,1.0,-1.0,200.0,2.715,-1.0,0.05650015023251709
2021-06-28,2021-07-11,Wimbledon,F,Grass,5,Novak Djokovic,Matteo Berrettini,player1,top_10,0.9355563068452594,1.22,1.21,0.0082644628099173,0.7867132867132867,0.1488430201319727,0.1413786943512164,True,1.0,0.2199999999999999,200.0,1.2156,0.2156,0.1372622466010973
2021-07-12,2021-07-15,Bastad,R16,Clay,3,Roberto Carballes Baena,Fabio Fognini,player1,other,0.3988453617953769,2.62,2.65,-0.011320754716981,0.3640776699029127,0.0347676918924642,0.0449748479038875,True,1.0,1.62,200.0,2.5876,1.5876000000000001,0.03205225818171731
2021-07-12,2021-07-16,Bastad,QF,Clay,3,Federico Coria,Cristian Garin,player2,other,0.3214441636069175,3.4,3.22,0.0559006211180124,0.281183932346723,0.0402602312601944,0.0929101562635195,True,1.0,2.4,200.0,3.352,2.352,0.0774808364103875
2021-07-19,2021-07-19,Umag,R32,Clay,3,Stefano Travaglia,Jaume Munar,player1,other,0.3993271866024792,2.62,2.58,0.0155038759689922,0.3640776699029127,0.0352495166995665,0.0462372288984956,True,1.0,1.62,200.0,2.5876,1.5876000000000001,0.03329902805257523
2021-07-19,2021-07-21,Gstaad,R16,Clay,3,Marc Polmans,Cristian Garin,player1,other,0.2064768841207174,5.0,5.38,-0.070631970260223,0.1883116883116883,0.0181651958090291,0.0323844206035872,False,1.0,-1.0,200.0,4.92,-1.0,0.015866269873929584
2021-07-19,2021-07-22,Los Cabos,R16,Hard,3,Evgeny Donskoy,John Isner,player2,other,0.2233514177263723,5.0,5.52,-0.0942028985507246,0.1883116883116883,0.035039729414684,0.1167570886318617,False,1.0,-1.0,200.0,4.92,-1.0,0.09888897521375162
2021-07-19,2021-07-22,Los Cabos,R16,Hard,3,Elias Ymer,Cameron Norrie,player1,other,0.229035352174694,4.5,4.4,0.0227272727272727,0.2105263157894736,0.0185090363852203,0.0306590847861233,False,1.0,-1.0,200.0,4.43,-1.0,0.014626610133894324
2021-07-26,2021-07-26,Atlanta,R32,Hard,3,Steve Johnson,Alexei Popyrin,player2,other,0.4496281913357591,2.3,2.19,0.0502283105022831,0.411764705882353,0.0378634854534061,0.0341448400722459,True,1.0,1.2999999999999998,200.0,2.274,1.274,0.022454507097516285
2021-07-26,2021-07-28,Kitzbuhel,R16,Clay,3,Pedro Martinez,Roberto Bautista Agut,player1,other,0.3756286529831744,2.75,2.68,0.0261194029850746,0.3436754176610979,0.0319532353220765,0.0329787957037295,True,1.0,1.75,200.0,2.715,1.7149999999999999,0.019831792849318353
2021-08-02,2021-08-03,Washington,R64,Hard,3,Sam Querrey,Kei Nishikori,player2,other,0.4172870063249215,2.5,2.41,0.0373443983402488,0.3796526054590571,0.0376344008658644,0.0432175158123039,False,1.0,-1.0,200.0,2.4699999999999998,-1.0,0.03069890562255595
2021-08-02,2021-08-06,Washington,R16,Hard,3,Lloyd Harris,Rafael Nadal,player1,top_10,0.3322965825354577,4.0,4.11,-0.0267639902676399,0.238095238095238,0.0942013444402196,0.3291863301418307,True,1.0,3.0,200.0,3.94,2.94,0.3092485351897033
2021-07-24,2021-08-10,Tokyo Olympics,R64,Hard,3,Alexander Bublik,Daniil Medvedev,player1,top_10,0.4139948389898729,4.5,4.63,-0.0280777537796975,0.2105263157894736,0.2034685232003992,0.862976775454428,False,1.0,-1.0,200.0,4.43,-1.0,0.8339971367251366
2021-08-09,2021-08-12,Canada Masters,R32,Hard,4,Frances Tiafoe,Denis Shapovalov,player2,top_10,0.4747123240059113,3.2,3.25,-0.0153846153846153,0.4385964912280701,0.0361158327778411,0.5190794368189163,True,1.0,2.2,200.0,3.156,2.156,0.4981920945626561
2021-08-09,2021-08-12,Canada Masters,R16,Hard,4,John Isner,Andrey Rublev,player1,top_10,0.4615405436464918,2.75,2.71,0.014760147601476,0.3436754176610979,0.1178651259853939,0.2692364950278526,True,1.0,1.75,200.0,2.715,1.7149999999999999,0.2530825760002251
2021-08-09,2021-08-13,Canada Masters,R16,Hard,4,James Duckworth,Daniil Medvedev,player1,top_10,0.2282613079313973,8.0,8.36,-0.0430622009569376,0.118942731277533,0.1093185766538643,0.826090463451179,False,1.0,-1.0,200.0,7.859999999999999,-1.0,0.7941338803407827
2021-08-09,2021-08-15,Canada Masters,SF,Hard,4,Daniil Medvedev,John Isner,player1,top_10,0.8299833048985941,1.3,1.33,-0.0225563909774436,0.7291666666666667,0.1008166382319273,0.0789782963681723,True,1.0,0.3,200.0,1.294,0.29400000000000004,0.07399839653878076
2021-08-09,2021-08-15,Canada Masters,F,Hard,4,Reilly Opelka,Daniil Medvedev,player1,top_10,0.2564131749975971,5.0,4.74,0.0548523206751054,0.1883116883116883,0.0681014866859087,0.2820658749879854,False,1.0,-1.0,200.0,4.92,-1.0,0.26155282098817767
2021-08-16,2021-08-18,Cincinnati Masters,R32,Hard,4,Benoit Paire,Denis Shapovalov,player2,top_10,0.3265888650204305,3.75,4.06,-0.0763546798029556,0.2544731610337972,0.0721157039866332,0.2247082438266143,True,1.0,2.75,200.0,3.695,2.695,0.20674585625049058
2021-08-16,2021-08-18,Cincinnati Masters,R32,Hard,4,Marin Cilic,Andrey Rublev,player2,top_10,0.3866846175704667,3.5,3.66,-0.0437158469945355,0.2708333333333333,0.1158512842371333,0.3533961614966333,False,1.0,-1.0,200.0,3.45,-1.0,0.33406193061811007
2021-08-16,2021-08-18,Cincinnati Masters,R32,Hard,4,Dominik Koepfer,Pablo Carreno Busta,player2,other,0.2971355565138694,3.5,3.64,-0.0384615384615385,0.2708333333333333,0.0263022231805361,0.0399744477985432,False,1.0,-1.0,200.0,3.45,-1.0,0.025117669972849477
2021-08-16,2021-08-19,Cincinnati Masters,R16,Hard,4,Guido Pella,Alexander Zverev,player1,top_10,0.1671749978348657,8.0,9.22,-0.1323210412147506,0.118942731277533,0.0482322665573326,0.3373999826789254,False,1.0,-1.0,200.0,7.859999999999999,-1.0,0.31399548298204427
2021-08-16,2021-08-19,Cincinnati Masters,R16,Hard,4,Gael Monfils,Andrey Rublev,player2,top_10,0.4581169173666038,3.5,3.38,0.0355029585798816,0.2708333333333333,0.1872835840332705,0.6034092107831136,False,1.0,-1.0,200.0,3.45,-1.0,0.5805033649147833
2021-08-16,2021-08-20,Cincinnati Masters,QF,Hard,4,Daniil Medvedev,Pablo Carreno Busta,player1,top_10,0.88340295927659,1.28,1.28,0.0,0.7455268389662029,0.1378761203103871,0.1307557878740351,True,1.0,0.28,200.0,1.2744,0.2744,0.12580873130208622
2021-08-16,2021-08-21,Cincinnati Masters,QF,Hard,4,Alexander Zverev,Casper Ruud,player1,top_10,0.9549069841575532,1.25,1.25,0.0,0.7619047619047619,0.1930022222527914,0.1936337301969415,True,1.0,0.25,200.0,1.245,0.2450000000000001,0.18885919527615377
2021-08-16,2021-08-21,Cincinnati Masters,SF,Hard,4,Stefanos Tsitsipas,Alexander Zverev,player2,top_10,0.5043092357666991,2.2,2.23,-0.0134529147982062,0.4300518134715025,0.0742574222951965,0.109480318686738,False,1.0,-1.0,200.0,2.176,-1.0,0.09737689702833718
2021-08-16,2021-08-22,Cincinnati Masters,F,Hard,4,Andrey Rublev,Alexander Zverev,player1,top_10,0.3532926307595828,3.0,2.95,0.0169491525423728,0.3181818181818181,0.0351108125777646,0.0598778922787482,False,1.0,-1.0,200.0,2.96,-1.0,0.04574618704836497
2021-08-23,2021-08-23,Winston-Salem,R64,Hard,3,Guido Pella,Jordan Thompson,player2,other,0.5039019338284189,2.1,2.08,0.0096153846153845,0.450261780104712,0.0536401537237068,0.0581940610396796,False,1.0,-1.0,200.0,2.0780000000000003,-1.0,0.047108218495454546
2021-08-23,2021-08-23,Winston-Salem,R64,Hard,3,Andreas Seppi,Ilya Ivashka,player1,other,0.3156875928367243,3.4,3.41,-0.0029325513196482,0.281183932346723,0.0345036604900012,0.0733378156448626,False,1.0,-1.0,200.0,3.352,-1.0,0.05818481118869989
2021-08-23,2021-08-24,Winston-Salem,R32,Hard,3,Federico Coria,Pierre Hugues Herbert,player1,other,0.3749625767810315,2.75,2.78,-0.0107913669064747,0.3436754176610979,0.0312871591199336,0.0311470861478366,False,1.0,-1.0,200.0,2.715,-1.0,0.01802339596050051
2021-08-23,2021-08-24,Winston-Salem,R32,Hard,3,Benoit Paire,Gilles Simon,player2,other,0.6076790534280421,1.72,1.66,0.036144578313253,0.549738219895288,0.057940833532754,0.0452079718962323,True,1.0,0.72,200.0,1.7056,0.7056,0.03645739352686855
2021-08-23,2021-08-26,Winston-Salem,QF,Hard,3,Emil Ruusuvuori,Richard Gasquet,player2,other,0.6686490402339994,1.57,1.53,0.0261437908496733,0.6015228426395939,0.0671261975944055,0.0497789931673791,True,1.0,0.5700000000000001,200.0,1.5586000000000002,0.5586000000000002,0.04215639410871158
2021-08-30,2021-08-30,Us Open,R128,Hard,5,Evgeny Donskoy,Felix Auger Aliassime,player1,other,0.1396284804039765,9.0,9.85,-0.0862944162436547,0.1062562065541211,0.0333722738498553,0.2566563236357884,False,1.0,-1.0,200.0,8.84,-1.0,0.23431576677115218
2021-08-30,2021-08-30,Us Open,R128,Hard,5,Andy Murray,Stefanos Tsitsipas,player1,top_10,0.3050369950460613,9.0,9.79,-0.0806945863125637,0.1062562065541211,0.1987807884919401,1.7453329554145518,False,1.0,-1.0,200.0,8.84,-1.0,1.6965270362071818
2021-08-30,2021-08-31,Us Open,R128,Hard,5,Jaume Munar,Aslan Karatsev,player1,other,0.2784827640739876,4.0,3.77,0.0610079575596818,0.238095238095238,0.0403875259787495,0.1139310562959505,False,1.0,-1.0,200.0,3.94,-1.0,0.09722209045151098
2021-08-30,2021-08-31,Us Open,R128,Hard,5,Jeremy Chardy,Matteo Berrettini,player1,top_10,0.1933184520001431,7.0,6.99,0.0014306151645206,0.1358024691358024,0.0575159828643407,0.3532291640010021,False,1.0,-1.0,200.0,6.88,-1.0,0.33003094976098446
2021-08-30,2021-08-31,Us Open,R128,Hard,5,Sam Querrey,Alexander Zverev,player1,top_10,0.1472122156461687,13.0,11.71,0.1101622544833473,0.074074074074074,0.0731381415720946,0.9137588034001932,False,1.0,-1.0,200.0,12.76,-1.0,0.8784278716451127
2021-08-30,2021-08-31,Us Open,R128,Hard,5,Richard Gasquet,Daniil Medvedev,player1,top_10,0.1660963739200262,13.0,15.82,-0.1782553729456384,0.074074074074074,0.0920222998459521,1.1592528609603412,False,1.0,-1.0,200.0,12.76,-1.0,1.1193897312195342
2021-08-30,2021-09-01,Us Open,R64,Hard,5,Pedro Martinez,Andrey Rublev,player1,top_10,0.1062244218056399,13.0,13.53,-0.0391722099039171,0.074074074074074,0.0321503477315658,0.3809174834733194,False,1.0,-1.0,200.0,12.76,-1.0,0.35542362223996515
2021-08-30,2021-09-01,Us Open,R64,Hard,5,Emil Ruusuvuori,Roberto Bautista Agut,player2,other,0.3951023184971549,2.62,2.7,-0.0296296296296296,0.3640776699029127,0.0310246485942422,0.0351680744625459,False,1.0,-1.0,200.0,2.5876,-1.0,0.022366759343238063
2021-08-30,2021-09-01,Us Open,R64,Hard,5,Dominik Koepfer,Daniil Medvedev,player2,top_10,0.0916821392936069,17.0,17.96,-0.0534521158129176,0.0566037735849056,0.0350783657087012,0.5585963679913175,False,1.0,-1.0,200.0,16.68,-1.0,0.529258083417363
2021-08-30,2021-09-02,Us Open,R64,Hard,5,Adrian Mannarino,Stefanos Tsitsipas,player1,top_10,0.2368767376789256,11.0,13.15,-0.1634980988593156,0.0871369294605809,0.1497398082183446,1.6056441144681814,False,1.0,-1.0,200.0,10.8,-1.0,1.5582687669323967
2021-08-30,2021-09-03,Us Open,R64,Hard,5,Denis Shapovalov,Roberto Carballes Baena,player2,top_10,0.98,1.08,1.06,0.0188679245283018,0.8810572687224669,0.098942731277533,0.0584,True,1.0,0.08,200.0,1.0784,0.07840000000000003,0.05683200000000001
2021-08-30,2021-09-03,Us Open,R32,Hard,5,Pablo Andujar,Daniil Medvedev,player2,top_10,0.0597441490554109,23.0,20.07,0.1459890383657198,0.0420658059142024,0.0176783431412085,0.3741154282744512,False,1.0,-1.0,200.0,22.56,-1.0,0.34782800269006997
2021-08-30,2021-09-04,Us Open,R32,Hard,5,Kei Nishikori,Novak Djokovic,player1,top_10,0.1629226936631777,15.0,14.08,0.0653409090909091,0.0642545227698066,0.098668170893371,1.4438404049476654,False,1.0,-1.0,200.0,14.719999999999999,-1.0,1.3982220507219751
2021-08-30,2021-09-04,Us Open,R32,Hard,5,Ilya Ivashka,Matteo Berrettini,player1,top_10,0.4115006076652849,2.75,2.68,0.0261194029850746,0.3436754176610979,0.067825190004187,0.1316266710795335,False,1.0,-1.0,200.0,2.715,-1.0,0.11722414981124851
2021-08-30,2021-09-05,Us Open,R32,Hard,5,Jack Sock,Alexander Zverev,player2,top_10,0.0897406218188527,15.0,13.02,0.1520737327188941,0.0642545227698066,0.0254860990490461,0.3461093272827917,False,1.0,-1.0,200.0,14.719999999999999,-1.0,0.3209819531735115
2021-08-30,2021-09-05,Us Open,R32,Hard,5,Denis Shapovalov,Lloyd Harris,player1,top_10,0.7453544219082892,1.53,1.55,-0.0129032258064516,0.6203473945409429,0.1250070273673462,0.1403922655196824,False,1.0,-1.0,200.0,1.5194,-1.0,0.13249150864745463
2021-08-30,2021-09-06,Us Open,R16,Hard,5,Oscar Otte,Matteo Berrettini,player1,top_10,0.2010661656166999,6.5,6.64,-0.0210843373493975,0.1458607095926412,0.0552054560240586,0.3069300765085494,False,1.0,-1.0,200.0,6.39,-1.0,0.28481279829071227
2021-08-30,2021-09-06,Us Open,R16,Hard,5,Alexander Zverev,Jannik Sinner,player2,top_10,0.9025760449928316,1.16,1.18,-0.0169491525423729,0.8116883116883117,0.0908877333045199,0.0469882121916846,True,1.0,0.1599999999999999,200.0,1.1567999999999998,0.15679999999999983,0.04409996884770745
2021-08-30,2021-09-09,Us Open,QF,Hard,5,Novak Djokovic,Matteo Berrettini,player2,top_10,0.949514482741797,1.1,1.11,-0.009009009009009,0.8641975308641975,0.0853169518775994,0.0444659310159767,True,1.0,0.1,200.0,1.098,0.09800000000000009,0.04256690205049313
2021-08-30,2021-09-10,Us Open,SF,Hard,5,Daniil Medvedev,Felix Auger Aliassime,player1,top_10,0.9139195927752926,1.16,1.17,-0.0085470085470085,0.8116883116883117,0.1022312810869808,0.0601467276193392,True,1.0,0.1599999999999999,200.0,1.1567999999999998,0.15679999999999983,0.05722218492245826
2021-08-30,2021-09-11,Us Open,SF,Hard,5,Novak Djokovic,Alexander Zverev,player1,top_10,0.7614658718961191,1.4,1.39,0.0071942446043165,0.6818181818181818,0.0796476900779373,0.0660522206545667,True,1.0,0.3999999999999999,200.0,1.392,0.3919999999999999,0.059960493679397764
2021-08-30,2021-09-12,Us Open,F,Hard,5,Novak Djokovic,Daniil Medvedev,player1,top_10,0.7916130325739538,1.4,1.39,0.0071942446043165,0.6818181818181818,0.109794850755772,0.1082582456035352,False,1.0,-1.0,200.0,1.392,-1.0,0.10192534134294357
2021-09-20,2021-09-22,Metz,R16,Hard,3,Mikael Ymer,Pablo Carreno Busta,player1,other,0.3773025094133326,2.75,2.74,0.0036496350364962,0.3436754176610979,0.0336270917522347,0.0375819008866648,False,1.0,-1.0,200.0,2.715,-1.0,0.024376313057198007
2021-09-20,2021-09-23,Metz,R16,Hard,3,Lucas Pouille,Hubert Hurkacz,player1,other,0.3225552767093315,3.2,3.13,0.0223642172523963,0.2982456140350877,0.0243096626742438,0.032176885469861,False,1.0,-1.0,200.0,3.156,-1.0,0.01798445329465026
2021-09-27,2021-09-29,Sofia,R16,Hard,3,Dimitar Kuzmanov,Kamil Majchrzak,player2,other,0.3168534396439532,3.5,3.8,-0.0789473684210525,0.2708333333333333,0.0460201063106198,0.1089870387538362,False,1.0,-1.0,200.0,3.45,-1.0,0.09314436677163851
2021-09-27,2021-09-30,Sofia,R16,Hard,3,Egor Gerasimov,Jannik Sinner,player2,other,0.2366016076272997,4.5,4.39,0.0250569476082005,0.2105263157894736,0.026075291837826,0.0647072343228488,False,1.0,-1.0,200.0,4.43,-1.0,0.048145121788937595
2021-09-24,2021-10-01,Laver Cup,RR,Hard,3,Diego Schwartzman,Andrey Rublev,player1,top_10,0.3317104518882558,3.5,3.52,-0.0056818181818182,0.2708333333333333,0.0608771185549224,0.1609865816088954,False,1.0,-1.0,200.0,3.45,-1.0,0.14440105901448275
2021-09-27,2021-10-01,San Diego,R16,Hard,3,Andy Murray,Casper Ruud,player1,top_10,0.6566399507150015,2.1,2.14,-0.0186915887850467,0.450261780104712,0.2063781706102894,0.3789438965015032,False,1.0,-1.0,200.0,2.0780000000000003,-1.0,0.36449781758577326
2021-09-27,2021-10-01,San Diego,QF,Hard,3,Diego Schwartzman,Andrey Rublev,player1,top_10,0.3161421285221208,3.5,3.52,-0.0056818181818182,0.2708333333333333,0.0453087951887875,0.106497449827423,False,1.0,-1.0,200.0,3.45,-1.0,0.09069034340131688
2021-09-27,2021-10-02,San Diego,QF,Hard,3,Casper Ruud,Lorenzo Sonego,player1,top_10,0.7825854140200861,1.53,1.5,0.02,0.6203473945409429,0.1622380194791431,0.1973556834507317,True,1.0,0.53,200.0,1.5194,0.5194000000000001,0.18906027806211884
2021-09-27,2021-10-02,San Diego,SF,Hard,3,Cameron Norrie,Andrey Rublev,player1,top_10,0.391183316492406,3.4,3.33,0.0210210210210208,0.281183932346723,0.109999384145683,0.3300232760741806,True,1.0,2.4,200.0,3.352,2.352,0.3112464768825449
2021-09-27,2021-10-03,Sofia,F,Hard,3,Jannik Sinner,Gael Monfils,player2,other,0.6620059335852817,1.57,1.59,-0.0125786163522012,0.6015228426395939,0.0604830909456878,0.0393493157288923,True,1.0,0.5700000000000001,200.0,1.5586000000000002,0.5586000000000002,0.031802448086020174
2021-09-27,2021-10-04,San Diego,F,Hard,3,Casper Ruud,Cameron Norrie,player1,top_10,0.5422768132897786,1.9,1.91,-0.0052356020942407,0.5,0.0422768132897786,0.0303259452505793,True,1.0,0.8999999999999999,200.0,1.882,0.8819999999999999,0.020564962611363313
2021-10-04,2021-10-08,Indian Wells Masters,R128,Hard,4,Daniel Elahi Galan,Jan Lennard Struff,player1,other,0.3480426085109077,3.0,2.89,0.0380622837370241,0.3181818181818181,0.0298607903290895,0.0441278255327229,False,1.0,-1.0,200.0,2.96,-1.0,0.030206121192286717
2021-10-04,2021-10-09,Indian Wells Masters,R64,Hard,4,Guido Pella,Roberto Bautista Agut,player1,other,0.2627592608402199,4.0,3.82,0.0471204188481675,0.238095238095238,0.0246640227449818,0.0510370433608795,False,1.0,-1.0,200.0,3.94,-1.0,0.03527148771046629
2021-10-04,2021-10-09,Indian Wells Masters,R64,Hard,4,Vasek Pospisil,Denis Shapovalov,player1,other,0.3083893016849033,3.4,3.59,-0.0529247910863509,0.281183932346723,0.0272053693381802,0.0485236257286711,False,1.0,-1.0,200.0,3.352,-1.0,0.033720939247795845
2021-10-04,2021-10-09,Indian Wells Masters,R64,Hard,4,Taro Daniel,Reilly Opelka,player1,other,0.2791513706638113,3.75,3.59,0.0445682451253481,0.2544731610337972,0.024678209630014,0.0468176399892924,False,1.0,-1.0,200.0,3.695,-1.0,0.03146431460278276
2021-10-04,2021-10-09,Indian Wells Masters,R64,Hard,4,Daniel Altmaier,Grigor Dimitrov,player1,other,0.3094799344061918,3.4,3.44,-0.0116279069767442,0.281183932346723,0.0282960020594688,0.0522317769810523,False,1.0,-1.0,200.0,3.352,-1.0,0.03737674012955494
2021-10-04,2021-10-10,Indian Wells Masters,R64,Hard,4,Emilio Gomez,Pablo Carreno Busta,player1,other,0.1840187878045271,6.0,6.92,-0.1329479768786127,0.1573033707865168,0.0267154170180103,0.1041127268271631,False,1.0,-1.0,200.0,5.9,-1.0,0.08571084804670992
2021-10-04,2021-10-10,Indian Wells Masters,R64,Hard,4,Salvatore Caruso,Aslan Karatsev,player1,other,0.2939271748488639,3.75,3.9,-0.0384615384615384,0.2544731610337972,0.0394540138150666,0.1022269056832396,False,1.0,-1.0,200.0,3.695,-1.0,0.086060911066552
2021-10-04,2021-10-11,Indian Wells Masters,R64,Hard,4,Pedro Martinez,Stefanos Tsitsipas,player1,top_10,0.1916589716747458,8.0,7.81,0.0243277848911651,0.118942731277533,0.0727162403972128,0.533271773397967,False,1.0,-1.0,200.0,7.859999999999999,-1.0,0.5064395173635018
2021-10-04,2021-10-11,Indian Wells Masters,R32,Hard,4,Casper Ruud,Lloyd Harris,player1,top_10,0.8108654470761859,1.36,1.35,0.0074074074074073,0.7017543859649122,0.1091110611112736,0.1027770080236128,True,1.0,0.3600000000000001,200.0,1.3528000000000002,0.3528000000000002,0.0969387768046645
2021-10-04,2021-10-12,Indian Wells Masters,R32,Hard,4,Andy Murray,Alexander Zverev,player2,top_10,0.3942645445588235,5.0,4.81,0.0395010395010395,0.1883116883116883,0.2059528562471352,0.9713227227941176,False,1.0,-1.0,200.0,4.92,-1.0,0.9397815592294116
2021-10-04,2021-10-12,Indian Wells Masters,R32,Hard,4,Filip Krajinovic,Daniil Medvedev,player1,top_10,0.1497986604074042,8.0,7.64,0.0471204188481675,0.118942731277533,0.0308559291298711,0.1983892832592337,False,1.0,-1.0,200.0,7.859999999999999,-1.0,0.17741747080219694
2021-10-04,2021-10-13,Indian Wells Masters,R32,Hard,4,Stefanos Tsitsipas,Fabio Fognini,player1,top_10,0.9222377025301228,1.14,1.14,0.0,0.8283132530120482,0.0939244495180745,0.0513509808843398,True,1.0,0.1399999999999999,200.0,1.1372,0.1372,0.048768715317255656
2021-10-04,2021-10-13,Indian Wells Masters,R16,Hard,4,Diego Schwartzman,Casper Ruud,player1,top_10,0.3438598213261509,3.0,2.85,0.0526315789473683,0.3181818181818181,0.0256780031443328,0.0315794639784529,True,1.0,2.0,200.0,2.96,1.96,0.017825071125406655
2021-10-04,2021-10-13,Indian Wells Masters,R16,Hard,4,Grigor Dimitrov,Daniil Medvedev,player1,top_10,0.230723938888408,6.0,6.16,-0.0259740259740259,0.1573033707865168,0.0734205681018911,0.3843436333304483,True,1.0,5.0,200.0,5.9,4.9,0.36127123944160744
2021-10-04,2021-10-14,Indian Wells Masters,R16,Hard,4,Alex De Minaur,Stefanos Tsitsipas,player1,top_10,0.3118760585161249,4.5,4.41,0.0204081632653061,0.2105263157894736,0.1013497427266512,0.4034422633225618,False,1.0,-1.0,200.0,4.43,-1.0,0.3816109392264331
2021-10-04,2021-10-14,Indian Wells Masters,R16,Hard,4,Gael Monfils,Alexander Zverev,player1,top_10,0.2980762989066638,4.5,4.62,-0.0259740259740259,0.2105263157894736,0.0875499831171901,0.3413433450799872,False,1.0,-1.0,200.0,4.43,-1.0,0.3204780041565207
2021-10-18,2021-10-21,Moscow,R16,Hard,3,Pedro Martinez,Filip Krajinovic,player1,other,0.358288576384175,3.0,2.92,0.0273972602739727,0.3181818181818181,0.0401067582023568,0.0748657291525249,True,1.0,2.0,200.0,2.96,1.96,0.060534186097157994
2021-10-25,2021-10-25,Vienna,R32,Hard,3,Alexei Popyrin,Matteo Berrettini,player1,top_10,0.3478675174607966,3.75,3.58,0.047486033519553,0.2544731610337972,0.0933943564269993,0.3045031904779871,False,1.0,-1.0,200.0,3.695,-1.0,0.2853704770176433
2021-10-25,2021-10-25,Vienna,R32,Hard,3,Andy Murray,Hubert Hurkacz,player1,top_10,0.4451679336575545,2.5,2.49,0.0040160642570279,0.3796526054590571,0.0655153281984974,0.1129198341438862,True,1.0,1.5,200.0,2.4699999999999998,1.4699999999999998,0.09956479613415947
2021-10-25,2021-10-26,Vienna,R32,Hard,3,Lloyd Harris,Casper Ruud,player1,top_10,0.6914906508498985,2.1,2.1,0.0,0.450261780104712,0.2412288707451864,0.4521303667847868,False,1.0,-1.0,200.0,2.0780000000000003,-1.0,0.4369175724660892
2021-10-25,2021-10-26,Vienna,R32,Hard,3,Stefanos Tsitsipas,Grigor Dimitrov,player1,top_10,0.7428539342584465,1.4,1.42,-0.0140845070422535,0.6818181818181818,0.0610357524402647,0.0399955079618249,True,1.0,0.3999999999999999,200.0,1.392,0.3919999999999999,0.03405267648775745
2021-10-25,2021-10-27,Vienna,R16,Hard,3,Matteo Berrettini,Nikoloz Basilashvili,player1,top_10,0.7268987003113936,1.44,1.4,0.0285714285714286,0.6563245823389022,0.0705741179724913,0.0467341284484067,True,1.0,0.4399999999999999,200.0,1.4312,0.4312,0.040337419885666526
2021-10-25,2021-10-27,St. Petersburg,R16,Hard,3,Pablo Andujar,Denis Shapovalov,player1,other,0.1416492873137462,8.0,6.87,0.1644832605531294,0.118942731277533,0.0227065560362132,0.1331942985099701,False,1.0,-1.0,200.0,7.859999999999999,-1.0,0.11336339828604514
2021-10-25,2021-10-27,St. Petersburg,R16,Hard,3,Andrey Rublev,Ilya Ivashka,player1,top_10,0.882843900953226,1.33,1.36,-0.0220588235294117,0.7188160676532769,0.164027833299949,0.1741823882677906,True,1.0,0.33,200.0,1.3234000000000001,0.32340000000000013,0.16835561852149933
2021-10-25,2021-10-28,Vienna,R16,Hard,3,Lorenzo Sonego,Casper Ruud,player1,top_10,0.3702533480984588,3.2,3.13,0.0223642172523963,0.2982456140350877,0.072007734063371,0.1848107139150682,False,1.0,-1.0,200.0,3.156,-1.0,0.1685195665987359
2021-10-25,2021-10-29,Vienna,QF,Hard,3,Alexander Zverev,Felix Auger Aliassime,player2,top_10,0.8666551798469626,1.25,1.24,0.0080645161290322,0.7619047619047619,0.1047504179422007,0.0833189748087032,True,1.0,0.25,200.0,1.245,0.2450000000000001,0.07898569890946855
2021-10-25,2021-10-29,Vienna,QF,Hard,3,Jannik Sinner,Casper Ruud,player1,top_10,0.98,1.4,1.39,0.0071942446043165,0.6818181818181818,0.2981818181818182,0.3719999999999999,True,1.0,0.3999999999999999,200.0,1.392,0.3919999999999999,0.3641599999999999
2021-11-01,2021-11-02,Paris Masters,R32,Hard,4,Novak Djokovic,Marton Fucsovics,player1,top_10,0.9741338573827124,1.08,1.11,-0.027027027027027,0.8810572687224669,0.0930765886602453,0.0520645659733293,True,1.0,0.08,200.0,1.0784,0.07840000000000003,0.05050595180151708
2021-11-01,2021-11-04,Paris Masters,R16,Hard,4,Grigor Dimitrov,Alexander Zverev,player1,top_10,0.412777265974337,3.4,3.27,0.039755351681957,0.281183932346723,0.131593333627614,0.403442704312746,False,1.0,-1.0,200.0,3.352,-1.0,0.3836293955459775
2021-11-01,2021-11-04,Paris Masters,R16,Hard,4,Dominik Koepfer,Hubert Hurkacz,player1,top_10,0.2953423660602472,4.33,4.3,0.0069767441860466,0.2198198198198198,0.0755225462404274,0.2788324450408704,False,1.0,-1.0,200.0,4.2634,-1.0,0.25916264346125795
2021-11-01,2021-11-05,Paris Masters,QF,Hard,4,Alexander Zverev,Casper Ruud,player1,top_10,0.7731969370694612,1.4,1.37,0.0218978102189779,0.6818181818181818,0.0913787552512794,0.0824757118972456,True,1.0,0.3999999999999999,200.0,1.392,0.3919999999999999,0.07629013640068999
2021-11-01,2021-11-05,Paris Masters,QF,Hard,4,James Duckworth,Hubert Hurkacz,player1,top_10,0.3474681833781466,3.2,3.26,-0.01840490797546,0.2982456140350877,0.0492225693430589,0.1118981868100693,False,1.0,-1.0,200.0,3.156,-1.0,0.09660958674143072
2021-11-01,2021-11-05,Paris Masters,QF,Hard,4,Taylor Fritz,Novak Djokovic,player1,top_10,0.2939021309330243,4.33,4.3,0.0069767441860466,0.2198198198198198,0.0740823111132045,0.2725962269399954,False,1.0,-1.0,200.0,4.2634,-1.0,0.25302234501985577
2021-11-01,2021-11-06,Paris Masters,SF,Hard,4,Alexander Zverev,Daniil Medvedev,player1,top_10,0.5040661008008618,2.1,2.03,0.0344827586206897,0.450261780104712,0.0538043206961497,0.0585388116818097,False,1.0,-1.0,200.0,2.0780000000000003,-1.0,0.04744935746419088
2021-11-15,2021-11-15,Tour Finals,RR,Hard,1,Stefanos Tsitsipas,Andrey Rublev,player2,top_10,0.6576275211718585,1.72,1.73,-0.0057803468208093,0.549738219895288,0.1078893012765704,0.1311193364155966,False,1.0,-1.0,200.0,1.7056,-1.0,0.1216495001107219
2021-11-15,2021-11-15,Tour Finals,RR,Hard,1,Casper Ruud,Novak Djokovic,player1,top_10,0.3549053118223955,6.5,6.48,0.0030864197530864,0.1458607095926412,0.2090446022297542,1.3068845268455709,False,1.0,-1.0,200.0,6.39,-1.0,1.267844942545107
2021-11-15,2021-11-16,Tour Finals,RR,Hard,1,Alexander Zverev,Daniil Medvedev,player1,top_10,0.4632252372065185,2.5,2.49,0.0040160642570279,0.3796526054590571,0.0835726317474614,0.1580630930162964,False,1.0,-1.0,200.0,2.4699999999999998,-1.0,0.14416633590010053
2021-11-15,2021-11-17,Tour Finals,RR,Hard,1,Cameron Norrie,Casper Ruud,player1,top_10,0.5115495575170244,2.37,2.36,0.0042372881355932,0.398477157360406,0.1130724001566183,0.2123724513153477,False,1.0,-1.0,200.0,2.3426,-1.0,0.19835599343938126
2021-11-15,2021-11-19,Tour Finals,RR,Hard,1,Andrey Rublev,Casper Ruud,player1,top_10,0.6894478200692136,1.5,1.53,-0.0196078431372549,0.625,0.0644478200692135,0.0341717301038203,False,1.0,-1.0,200.0,1.49,-1.0,0.027277251903128186
2021-11-15,2021-11-19,Tour Finals,RR,Hard,1,Novak Djokovic,Cameron Norrie,player1,top_10,0.9035242382006868,1.14,1.12,0.0178571428571425,0.8283132530120482,0.0752109851886385,0.0300176315487827,True,1.0,0.1399999999999999,200.0,1.1372,0.1372,0.027487763681821056
2021-11-15,2021-11-20,Tour Finals,SF,Hard,1,Novak Djokovic,Alexander Zverev,player1,top_10,0.8013978521317776,1.4,1.39,0.0071942446043165,0.6818181818181818,0.1195796703135958,0.1219569929844885,False,1.0,-1.0,200.0,1.392,-1.0,0.11554581016743437
2022-01-03,2022-01-06,Adelaide 1,R16,Hard,3,Juan Manuel Cerundolo,Gael Monfils,player1,other,0.2350232031845312,4.5,4.68,-0.0384615384615384,0.2105263157894736,0.0244968873950575,0.0576044143303905,False,1.0,-1.0,200.0,4.43,-1.0,0.04115279010747319
2022-01-03,2022-01-08,Adelaide 1,SF,Hard,3,Thanasi Kokkinakis,Gael Monfils,player1,other,0.3475101295654219,3.0,3.04,-0.0131578947368421,0.3181818181818181,0.0293283113836038,0.0425303886962658,False,1.0,-1.0,200.0,2.96,-1.0,0.02862998351364876
2022-01-03,2022-01-08,Melbourne,SF,Hard,3,Emil Ruusuvuori,Rafael Nadal,player1,top_10,0.3038300113660735,5.0,4.45,0.1235955056179773,0.1883116883116883,0.1155183230543852,0.5191500568303679,False,1.0,-1.0,200.0,4.92,-1.0,0.4948436559210816
2022-01-10,2022-01-10,Sydney,R32,Hard,3,Daniel Altmaier,Fabio Fognini,player1,other,0.3818049667358418,2.75,2.74,0.0036496350364962,0.3436754176610979,0.0381295490747439,0.0499636585235651,False,1.0,-1.0,200.0,2.715,-1.0,0.03660048468781052
2022-01-17,2022-01-17,Australian Open,R128,Hard,5,Matteo Berrettini,Brandon Nakashima,player1,top_10,0.8496993646080133,1.3,1.31,-0.0076335877862595,0.7291666666666667,0.1205326979413465,0.1046091739904173,True,1.0,0.3,200.0,1.294,0.29400000000000004,0.09951097780276927
2022-01-17,2022-01-18,Australian Open,R128,Hard,5,Stefano Travaglia,Roberto Bautista Agut,player1,other,0.1159983241689933,9.0,10.64,-0.1541353383458646,0.1062562065541211,0.0097421176148722,0.0439849175209404,False,1.0,-1.0,200.0,8.84,-1.0,0.025425185653900728
2022-01-17,2022-01-18,Australian Open,R128,Hard,5,Gianluca Mager,Andrey Rublev,player2,top_10,0.1885139611329558,13.0,12.31,0.0560519902518277,0.074074074074074,0.1144398870588817,1.4506814947284257,False,1.0,-1.0,200.0,12.76,-1.0,1.4054381440565158
2022-01-17,2022-01-18,Australian Open,R128,Hard,5,Felix Auger Aliassime,Emil Ruusuvuori,player1,top_10,0.7909091078466577,1.33,1.29,0.0310077519379845,0.7188160676532769,0.0720930401933808,0.0519091134360547,True,1.0,0.33,200.0,1.3234000000000001,0.32340000000000013,0.046689113324266895
2022-01-17,2022-01-19,Australian Open,R64,Hard,5,Matteo Berrettini,Stefan Kozlov,player1,top_10,0.9765233692756068,1.06,1.08,-0.0185185185185184,0.9041591320072332,0.0723642372683733,0.0351147714321431,True,1.0,0.06,200.0,1.0588,0.05879999999999996,0.03394294338901243
2022-01-17,2022-01-19,Australian Open,R64,Hard,5,Yannick Hanfmann,Rafael Nadal,player1,top_10,0.075221509392458,15.0,18.96,-0.2088607594936709,0.0642545227698066,0.0109669866226514,0.128322640886871,False,1.0,-1.0,200.0,14.719999999999999,-1.0,0.10726061825698174
2022-01-17,2022-01-22,Australian Open,R32,Hard,5,Jannik Sinner,Taro Daniel,player2,top_10,0.98,1.08,1.09,-0.0091743119266055,0.8810572687224669,0.098942731277533,0.0584,True,1.0,0.08,200.0,1.0784,0.07840000000000003,0.05683200000000001
2022-01-17,2022-01-22,Australian Open,R32,Hard,5,Stefanos Tsitsipas,Benoit Paire,player2,top_10,0.9300454434660288,1.11,1.1,0.009090909090909,0.8541392904073586,0.0759061530586703,0.0323504422472921,True,1.0,0.1100000000000001,200.0,1.1078000000000001,0.10780000000000012,0.030304342271666812
2022-01-17,2022-01-22,Australian Open,R32,Hard,5,Andrey Rublev,Marin Cilic,player2,top_10,0.8246160877810222,1.3,1.3,0.0,0.7291666666666667,0.0954494211143555,0.0720009141153289,False,1.0,-1.0,200.0,1.294,-1.0,0.06705321758864283
2022-01-17,2022-01-22,Australian Open,R32,Hard,5,Botic Van De Zandschulp,Daniil Medvedev,player1,top_10,0.1003004286155643,15.0,14.02,0.0699001426533523,0.0642545227698066,0.0360459058457577,0.5045064292334656,False,1.0,-1.0,200.0,14.719999999999999,-1.0,0.4764223092211065
2022-01-17,2022-01-23,Australian Open,R16,Hard,5,Pablo Carreno Busta,Matteo Berrettini,player1,top_10,0.3887591584182756,2.75,2.78,-0.0107913669064747,0.3436754176610979,0.0450837407571776,0.0690876856502578,False,1.0,-1.0,200.0,2.715,-1.0,0.05548111510561815
2022-01-17,2022-01-23,Australian Open,R16,Hard,5,Alexander Zverev,Denis Shapovalov,player1,top_10,0.8827722931613591,1.22,1.23,-0.008130081300813,0.7801801801801801,0.1025921129811789,0.076982197656858,False,1.0,-1.0,200.0,1.2156,-1.0,0.0730979995669481
2022-01-17,2022-01-24,Australian Open,R16,Hard,5,Stefanos Tsitsipas,Taylor Fritz,player2,top_10,0.6708115414105627,1.57,1.55,0.0129032258064516,0.6015228426395939,0.0692886987709687,0.0531741200145833,True,1.0,0.5700000000000001,200.0,1.5586000000000002,0.5586000000000002,0.04552686844250309
2022-01-17,2022-01-28,Australian Open,SF,Hard,5,Rafael Nadal,Matteo Berrettini,player2,top_10,0.7488557100760345,1.4,1.4,0.0,0.6818181818181818,0.0670375282578527,0.0483979941064481,True,1.0,0.3999999999999999,200.0,1.392,0.3919999999999999,0.042407148425839924
2022-01-17,2022-01-28,Australian Open,SF,Hard,5,Stefanos Tsitsipas,Daniil Medvedev,player2,top_10,0.3292952759635537,3.2,3.29,-0.0273556231003039,0.2982456140350877,0.0310496619284659,0.0537448830833718,False,1.0,-1.0,200.0,3.156,-1.0,0.03925589094097548
2022-01-31,2022-02-03,Montpellier,R16,Hard,3,Mikael Ymer,Gael Monfils,player1,other,0.2650254425551554,4.0,3.88,0.0309278350515465,0.238095238095238,0.0269302044599173,0.0601017702206216,True,1.0,3.0,200.0,3.94,2.94,0.044200243667312455
2022-02-07,2022-02-08,Rotterdam,R32,Hard,3,Alejandro Davidovich Fokina,Stefanos Tsitsipas,player1,top_10,0.3035419197230066,4.5,4.35,0.0344827586206897,0.2105263157894736,0.0930156039335329,0.3659386387535299,False,1.0,-1.0,200.0,4.43,-1.0,0.34469070437291915
2022-02-07,2022-02-09,Buenos Aires,R16,Clay,3,Roberto Carballes Baena,Casper Ruud,player1,top_10,0.2593668081835317,5.0,4.29,0.1655011655011655,0.1883116883116883,0.0710551198718434,0.2968340409176584,False,1.0,-1.0,200.0,4.92,-1.0,0.27608469626297594
2022-02-07,2022-02-10,Rotterdam,R16,Hard,3,Andy Murray,Felix Auger Aliassime,player2,top_10,0.4470769561103032,3.0,3.0,0.0,0.3181818181818181,0.128895137928485,0.3412308683309095,False,1.0,-1.0,200.0,2.96,-1.0,0.3233477900864974
2022-02-07,2022-02-11,Rotterdam,QF,Hard,3,Andrey Rublev,Marton Fucsovics,player2,top_10,0.8589195614752936,1.25,1.24,0.0080645161290322,0.7619047619047619,0.0970147995705317,0.0736494518441169,True,1.0,0.25,200.0,1.245,0.2450000000000001,0.0693548540367406
2022-02-07,2022-02-12,Rotterdam,SF,Hard,3,Andrey Rublev,Felix Auger Aliassime,player2,top_10,0.6312645002499555,1.72,1.7,0.0117647058823529,0.549738219895288,0.0815262803546674,0.0857749404299234,False,1.0,-1.0,200.0,1.7056,-1.0,0.07668473162632411
2022-02-07,2022-02-12,Buenos Aires,SF,Clay,3,Federico Delbonis,Casper Ruud,player1,top_10,0.3089509666011297,5.0,4.38,0.1415525114155251,0.1883116883116883,0.1206392782894414,0.5447548330056488,False,1.0,-1.0,200.0,4.92,-1.0,0.5200387556775581
2022-02-14,2022-02-16,Marseille,R16,Hard,3,Andrey Rublev,Richard Gasquet,player1,top_10,0.9548150137642926,1.12,1.14,-0.0175438596491226,0.8426966292134831,0.1121183845508094,0.0693928154160077,True,1.0,0.1200000000000001,200.0,1.1176000000000001,0.11760000000000015,0.06710125938297351
2022-02-14,2022-02-18,Marseille,QF,Hard,3,Andrey Rublev,Lucas Pouille,player2,top_10,0.9524145592851094,1.12,1.13,-0.0088495575221236,0.8426966292134831,0.1097179300716263,0.0667043063993226,True,1.0,0.1200000000000001,200.0,1.1176000000000001,0.11760000000000015,0.06441851145703845
2022-02-14,2022-02-18,Rio de Janeiro,R16,Clay,3,Thiago Monteiro,Matteo Berrettini,player1,top_10,0.3064271953824041,3.4,3.42,-0.0058479532163743,0.281183932346723,0.025243263035681,0.041852464300174,False,1.0,-1.0,200.0,3.352,-1.0,0.027143958921818423
2022-02-21,2022-02-22,Dubai,R32,Hard,3,Andrey Rublev,Daniel Evans,player1,top_10,0.6688436703007131,1.57,1.57,0.0,0.6015228426395939,0.0673208276611192,0.0500845623721196,True,1.0,0.5700000000000001,200.0,1.5586000000000002,0.5586000000000002,0.04245974453069162
2022-02-21,2022-02-23,Dubai,R16,Hard,3,Andrey Rublev,Soon Woo Kwon,player1,top_10,0.8615340675726073,1.2,1.21,-0.0082644628099173,0.7894736842105263,0.0720603833620809,0.0338408810871287,True,1.0,0.1999999999999999,200.0,1.196,0.19599999999999995,0.030394744816838293
2022-02-21,2022-02-23,Dubai,R16,Hard,3,Andy Murray,Jannik Sinner,player2,top_10,0.3206341262396506,3.5,3.4,0.0294117647058824,0.2708333333333333,0.0498007929063172,0.122219441838777,False,1.0,-1.0,200.0,3.45,-1.0,0.10618773552679461
2022-02-21,2022-02-23,Dubai,R16,Hard,3,Jiri Vesely,Roberto Bautista Agut,player1,other,0.2224185703129658,5.0,4.94,0.0121457489878542,0.1883116883116883,0.0341068820012775,0.1120928515648291,True,1.0,4.0,200.0,4.92,3.92,0.09429936593979171
2022-02-21,2022-02-24,Dubai,QF,Hard,3,Jiri Vesely,Novak Djokovic,player2,top_10,0.2150147914307149,11.0,11.58,-0.0500863557858376,0.0871369294605809,0.1278778619701339,1.3651627057378637,True,1.0,10.0,200.0,10.8,9.8,1.322159747451721
2022-02-21,2022-02-24,Acapulco,R16,Hard,3,Pablo Andujar,Daniil Medvedev,player1,top_10,0.0661973673520707,17.0,16.39,0.0372178157413056,0.0566037735849056,0.009593593767165,0.1253552449852025,False,1.0,-1.0,200.0,16.68,-1.0,0.10417208743253925
2022-02-21,2022-02-25,Acapulco,QF,Hard,3,Stefanos Tsitsipas,Marcos Giron,player2,top_10,0.8689814232219387,1.22,1.19,0.0252100840336135,0.7801801801801801,0.0888012430417586,0.0601573363307652,True,1.0,0.2199999999999999,200.0,1.2156,0.2156,0.056333818068588726
2022-02-21,2022-02-26,Dubai,F,Hard,3,Andrey Rublev,Jiri Vesely,player2,top_10,0.8210576921907072,1.33,1.34,-0.0074626865671642,0.7188160676532769,0.1022416245374303,0.0920067306136406,True,1.0,0.33,200.0,1.3234000000000001,0.32340000000000013,0.08658774984518208
2022-02-21,2022-02-26,Acapulco,SF,Hard,3,Stefanos Tsitsipas,Cameron Norrie,player2,top_10,0.7097077796662381,1.5,1.51,-0.0066225165562914,0.6359223300970874,0.0737854495691506,0.0645616694993571,False,1.0,-1.0,200.0,1.49,-1.0,0.057464591702694745
2022-03-07,2022-03-13,Indian Wells Masters,R64,Hard,4,Botic Van De Zandschulp,Felix Auger Aliassime,player2,top_10,0.3029165538414803,3.75,3.76,-0.002659574468085,0.2544731610337972,0.048443392807683,0.1359370769055511,True,1.0,2.75,200.0,3.695,2.695,0.11927666644426971
2022-03-07,2022-03-14,Indian Wells Masters,R32,Hard,4,Gael Monfils,Daniil Medvedev,player2,top_10,0.209086829896379,6.0,6.28,-0.0445859872611464,0.1573033707865168,0.0517834591098622,0.2545209793782743,True,1.0,5.0,200.0,5.9,4.9,0.23361229638863623
2022-03-07,2022-03-15,Indian Wells Masters,R32,Hard,4,Lloyd Harris,Matteo Berrettini,player2,top_10,0.3319934277366619,4.0,3.79,0.0554089709762533,0.238095238095238,0.0938981896414238,0.3279737109466478,False,1.0,-1.0,200.0,3.94,-1.0,0.3080541052824478
2022-03-07,2022-03-15,Indian Wells Masters,R32,Hard,4,Nick Kyrgios,Casper Ruud,player2,top_10,0.5869841240138779,2.0,1.99,0.0050251256281406,0.4736842105263157,0.1132999134875621,0.1739682480277558,True,1.0,1.0,200.0,1.98,0.98,0.16222856554747822
2022-03-07,2022-03-15,Indian Wells Masters,R32,Hard,4,Benjamin Bonzi,Jannik Sinner,player1,top_10,0.2709887445740765,4.33,4.13,0.0484261501210654,0.2198198198198198,0.0511689247542567,0.1733812640057516,False,1.0,-1.0,200.0,4.2634,-1.0,0.15533341361711772
2022-03-07,2022-03-16,Indian Wells Masters,R16,Hard,4,Hubert Hurkacz,Andrey Rublev,player2,top_10,0.4274158684670944,2.5,2.49,0.0040160642570279,0.3796526054590571,0.0477632630080373,0.068539671167736,False,1.0,-1.0,200.0,2.4699999999999998,-1.0,0.05571719511372297
2022-03-07,2022-03-16,Indian Wells Masters,R16,Hard,4,Rafael Nadal,Reilly Opelka,player1,top_10,0.9186790629334264,1.22,1.22,0.0,0.7801801801801801,0.1384988827532463,0.1207884567787801,True,1.0,0.2199999999999999,200.0,1.2156,0.2156,0.11674626890187312
2022-03-07,2022-03-18,Indian Wells Masters,QF,Hard,4,Grigor Dimitrov,Andrey Rublev,player1,top_10,0.4121951525254198,3.4,3.29,0.033434650455927,0.281183932346723,0.1310112201786967,0.4014635185864271,False,1.0,-1.0,200.0,3.352,-1.0,0.381678151265207
2022-03-07,2022-03-19,Indian Wells Masters,SF,Hard,4,Rafael Nadal,Carlos Alcaraz,player1,top_10,0.6788391704033874,1.61,1.66,-0.0301204819277107,0.588235294117647,0.0906038762857404,0.0929310643494537,True,1.0,0.6100000000000001,200.0,1.5978,0.5978000000000001,0.08464922647053241
2022-03-07,2022-03-20,Indian Wells Masters,F,Hard,4,Taylor Fritz,Rafael Nadal,player1,top_10,0.2883695785399908,4.5,4.86,-0.0740740740740741,0.2105263157894736,0.0778432627505171,0.2976631034299588,True,1.0,3.5,200.0,4.43,3.4299999999999997,0.2774772329321591
2022-03-21,2022-03-26,Miami Masters,R64,Hard,4,Henri Laaksonen,Casper Ruud,player2,top_10,0.2020424981099324,5.5,5.87,-0.0630323679727428,0.1716867469879518,0.0303557511219806,0.1112337396046285,False,1.0,-1.0,200.0,5.41,-1.0,0.09304991477473445
2022-03-21,2022-03-26,Miami Masters,R64,Hard,4,Andy Murray,Daniil Medvedev,player2,top_10,0.1818176535286246,6.0,6.38,-0.0595611285266457,0.1573033707865168,0.0245142827421078,0.090905921171748,False,1.0,-1.0,200.0,5.9,-1.0,0.07272415581888536
2022-03-21,2022-03-28,Miami Masters,R32,Hard,4,Hubert Hurkacz,Aslan Karatsev,player1,top_10,0.7787674525915684,1.4,1.38,0.0144927536231884,0.6818181818181818,0.0969492707733866,0.0902744336281957,True,1.0,0.3999999999999999,200.0,1.392,0.3919999999999999,0.08404429400746316
2022-03-21,2022-03-29,Miami Masters,R32,Hard,4,Alex De Minaur,Stefanos Tsitsipas,player1,top_10,0.3349615876134243,3.2,3.06,0.0457516339869281,0.2982456140350877,0.0367159735783366,0.0718770803629581,False,1.0,-1.0,200.0,3.156,-1.0,0.05713877050796723
2022-03-21,2022-03-29,Miami Masters,R16,Hard,4,Alexander Zverev,Thanasi Kokkinakis,player2,top_10,0.8653052325073263,1.2,1.2,0.0,0.7894736842105263,0.0758315482967999,0.0383662790087915,True,1.0,0.1999999999999999,200.0,1.196,0.19599999999999995,0.03490505807876218
2022-03-21,2022-03-29,Miami Masters,R16,Hard,4,Casper Ruud,Cameron Norrie,player1,top_10,0.6691013011195673,1.57,1.63,-0.0368098159509201,0.6015228426395939,0.0675784584799734,0.0504890427577207,True,1.0,0.5700000000000001,200.0,1.5586000000000002,0.5586000000000002,0.0428612879249578
2022-03-21,2022-03-29,Miami Masters,R16,Hard,4,Jannik Sinner,Nick Kyrgios,player1,other,0.3928393894613928,2.75,2.62,0.049618320610687,0.3436754176610979,0.0491639718002949,0.0803083210188303,True,1.0,1.75,200.0,2.715,1.7149999999999999,0.06655894238768145
2022-03-21,2022-03-29,Miami Masters,R16,Hard,4,Lloyd Harris,Hubert Hurkacz,player2,top_10,0.3577142959840284,3.5,3.33,0.0510510510510511,0.2708333333333333,0.086880962650695,0.2520000359440993,False,1.0,-1.0,200.0,3.45,-1.0,0.23411432114489794
2022-03-21,2022-03-31,Miami Masters,QF,Hard,4,Hubert Hurkacz,Daniil Medvedev,player2,top_10,0.312636964769083,4.0,3.87,0.0335917312661497,0.238095238095238,0.0745417266738449,0.2505478590763319,True,1.0,3.0,200.0,3.94,2.94,0.23178964119018697
2022-03-21,2022-04-01,Miami Masters,SF,Hard,4,Francisco Cerundolo,Casper Ruud,player1,top_10,0.2318654902362909,5.5,5.44,0.0110294117647058,0.1716867469879518,0.0601787432483391,0.2752601962996002,False,1.0,-1.0,200.0,5.41,-1.0,0.25439230217833386
2022-03-21,2022-04-02,Miami Masters,SF,Hard,4,Hubert Hurkacz,Carlos Alcaraz,player2,top_10,0.3841953727252271,2.75,2.78,-0.0107913669064747,0.3436754176610979,0.0405199550641292,0.0565372749943744,False,1.0,-1.0,200.0,2.715,-1.0,0.043090436948991506
2022-04-04,2022-04-05,Marrakech,R32,Clay,3,Malek Jaziri,Jiri Vesely,player2,other,0.1622393624196046,7.0,6.26,0.1182108626198084,0.1358024691358024,0.0264368932838022,0.1356755369372327,True,1.0,6.0,200.0,6.88,5.88,0.11620681344687955
2022-04-04,2022-04-06,Houston,R32,Clay,3,Christian Harrison,Alejandro Tabilo,player2,other,0.2456168609978629,4.33,3.98,0.0879396984924623,0.2198198198198198,0.0257970411780431,0.0635210081207465,False,1.0,-1.0,200.0,4.2634,-1.0,0.04716292517828857
2022-04-04,2022-04-07,Marrakech,R16,Clay,3,Alex Molcan,Felix Auger Aliassime,player2,top_10,0.3308097542212287,3.75,3.57,0.0504201680672269,0.2544731610337972,0.0763365931874314,0.2405365783296076,True,1.0,2.75,200.0,3.695,2.695,0.22234204184744
2022-04-11,2022-04-12,Monte Carlo Masters,R32,Clay,4,Stefanos Tsitsipas,Fabio Fognini,player2,top_10,0.8257012931900778,1.28,1.28,0.0,0.7455268389662029,0.0801744542238749,0.0568976552832996,True,1.0,0.28,200.0,1.2744,0.2744,0.052273728041435125
2022-04-11,2022-04-13,Monte Carlo Masters,R32,Clay,4,Lorenzo Musetti,Felix Auger Aliassime,player2,top_10,0.4441377316961399,2.37,2.4,-0.0124999999999999,0.398477157360406,0.0456605743357338,0.0526064241198516,True,1.0,1.37,200.0,2.3426,1.3426,0.04043705027137734
2022-04-11,2022-04-13,Monte Carlo Masters,R32,Clay,4,Casper Ruud,Holger Rune,player1,top_10,0.9142697612039696,1.16,1.16,0.0,0.8116883116883117,0.102581449515658,0.0605529229966048,True,1.0,0.1599999999999999,200.0,1.1567999999999998,0.15679999999999983,0.05762725976075192
2022-04-11,2022-04-14,Monte Carlo Masters,R16,Clay,4,Jannik Sinner,Andrey Rublev,player1,top_10,0.5534160201548095,1.9,1.87,0.0160427807486629,0.5,0.0534160201548095,0.051490438294138,True,1.0,0.8999999999999999,200.0,1.882,0.8819999999999999,0.04152894993135142
2022-04-11,2022-04-14,Monte Carlo Masters,R16,Clay,4,Laslo Djere,Stefanos Tsitsipas,player1,top_10,0.1992058466380979,6.0,5.94,0.0101010101010099,0.1573033707865168,0.0419024758515811,0.1952350798285878,False,1.0,-1.0,200.0,5.9,-1.0,0.1753144951647777
2022-04-11,2022-04-15,Monte Carlo Masters,QF,Clay,4,Jannik Sinner,Alexander Zverev,player2,top_10,0.4019885208520224,2.75,2.89,-0.0484429065743945,0.3436754176610979,0.0583131031909245,0.1054684323430616,False,1.0,-1.0,200.0,2.715,-1.0,0.09139883411324079
2022-04-18,2022-04-19,Barcelona,R32,Clay,3,Mackenzie Mcdonald,Diego Schwartzman,player1,other,0.1777756933120975,6.0,5.72,0.0489510489510489,0.1573033707865168,0.0204723225255806,0.066654159872585,False,1.0,-1.0,200.0,5.9,-1.0,0.048876590541375387
2022-04-18,2022-04-21,Barcelona,R32,Clay,3,Stefanos Tsitsipas,Ilya Ivashka,player1,top_10,0.9414637078537834,1.12,1.12,0.0,0.8426966292134831,0.0987670786403003,0.0544393527962375,True,1.0,0.1200000000000001,200.0,1.1176000000000001,0.11760000000000015,0.05217983989738849
2022-04-18,2022-04-22,Barcelona,R16,Clay,3,Emil Ruusuvuori,Casper Ruud,player1,top_10,0.269607496284012,5.0,4.87,0.0266940451745378,0.1883116883116883,0.0812958079723236,0.3480374814200599,False,1.0,-1.0,200.0,4.92,-1.0,0.3264688817173389
2022-04-18,2022-04-22,Barcelona,R16,Clay,3,Frances Tiafoe,Felix Auger Aliassime,player2,top_10,0.4023680489100452,2.75,2.69,0.0223048327137547,0.3436754176610979,0.0586926312489473,0.1065121345026243,False,1.0,-1.0,200.0,2.715,-1.0,0.09242925279077263
2022-04-18,2022-04-22,Barcelona,R16,Clay,3,Marton Fucsovics,Cameron Norrie,player2,top_10,0.4688874783276522,2.2,2.22,-0.009009009009009,0.4300518134715025,0.0388356648561496,0.0315524523208349,False,1.0,-1.0,200.0,2.176,-1.0,0.02029915284097128
2022-04-18,2022-04-22,Barcelona,R16,Clay,3,Stefanos Tsitsipas,Grigor Dimitrov,player2,top_10,0.8827883152635121,1.22,1.22,0.0,0.7801801801801801,0.102608135083332,0.0770017446214847,True,1.0,0.2199999999999999,200.0,1.2156,0.2156,0.07311747603432531
2022-04-18,2022-04-22,Barcelona,QF,Clay,3,Diego Schwartzman,Felix Auger Aliassime,player1,top_10,0.8507903059956426,1.57,1.59,-0.0125786163522012,0.6015228426395939,0.2492674633560487,0.335740780413159,True,1.0,0.5700000000000001,200.0,1.5586000000000002,0.5586000000000002,0.3260417709248088
2022-04-18,2022-04-22,Barcelona,QF,Clay,3,Alex De Minaur,Cameron Norrie,player1,top_10,0.7351566679406782,1.53,1.53,0.0,0.6203473945409429,0.1148092733997353,0.1247897019492377,True,1.0,0.53,200.0,1.5194,0.5194000000000001,0.11699704126906657
2022-04-18,2022-04-22,Barcelona,QF,Clay,3,Stefanos Tsitsipas,Carlos Alcaraz,player2,top_10,0.675014937579816,2.2,2.19,0.0045662100456622,0.4300518134715025,0.2449631241083134,0.4850328626755953,False,1.0,-1.0,200.0,2.176,-1.0,0.4688325041736797
2022-04-18,2022-04-22,Belgrade ,QF,Clay,3,Andrey Rublev,Taro Daniel,player2,top_10,0.7984052360274478,1.3,1.27,0.0236220472440944,0.7291666666666667,0.0692385693607811,0.0379268068356822,True,1.0,0.3,200.0,1.294,0.29400000000000004,0.03313637541951753
2022-04-25,2022-04-27,Munich,R16,Clay,3,Alexander Zverev,Holger Rune,player1,top_10,0.9204946643517364,1.14,1.17,-0.0256410256410256,0.8283132530120482,0.0921814113396883,0.0493639173609795,False,1.0,-1.0,200.0,1.1372,-1.0,0.04678653230079466
2022-04-25,2022-04-28,Estoril,R16,Clay,3,Carlos Taberner,Felix Auger Aliassime,player2,top_10,0.3081249376147443,3.4,3.24,0.0493827160493827,0.281183932346723,0.0269410052680212,0.0476247878901308,False,1.0,-1.0,200.0,3.352,-1.0,0.03283479088462293
2022-05-02,2022-05-03,Madrid Masters,R64,Clay,4,Botic Van De Zandschulp,Pablo Carreno Busta,player1,other,0.3241199812214342,3.2,3.05,0.0491803278688525,0.2982456140350877,0.0258743671863465,0.0371839399085897,True,1.0,2.2,200.0,3.156,2.156,0.02292266073484639
2022-05-02,2022-05-03,Madrid Masters,R32,Clay,4,Denis Shapovalov,Andy Murray,player1,other,0.6952015134245684,1.5,1.47,0.0204081632653061,0.6359223300970874,0.0592791833274809,0.0428022701368525,False,1.0,-1.0,200.0,1.49,-1.0,0.03585025500260686
2022-05-02,2022-05-03,Madrid Masters,R32,Clay,4,Novak Djokovic,Gael Monfils,player1,top_10,0.944517971492042,1.2,1.2,0.0,0.7894736842105263,0.1550442872815156,0.1334215657904503,True,1.0,0.1999999999999999,200.0,1.196,0.19599999999999995,0.12964349390448215
2022-05-02,2022-05-04,Madrid Masters,R32,Clay,4,Rafael Nadal,Miomir Kecmanovic,player2,top_10,0.7953528552683939,1.33,1.31,0.0152671755725191,0.7188160676532769,0.076536787615117,0.057819297506964,True,1.0,0.33,200.0,1.3234000000000001,0.32340000000000013,0.052569968662192657
2022-05-02,2022-05-05,Madrid Masters,R16,Clay,4,Lorenzo Musetti,Alexander Zverev,player2,top_10,0.3030271556032309,3.75,3.79,-0.0105540897097625,0.2544731610337972,0.0485539945694336,0.1363518335121158,False,1.0,-1.0,200.0,3.695,-1.0,0.11968533995393815
2022-05-02,2022-05-05,Madrid Masters,R16,Clay,4,Felix Auger Aliassime,Jannik Sinner,player1,top_10,0.4620110831733612,2.37,2.39,-0.0083682008368201,0.398477157360406,0.0635339258129552,0.0949662671208662,True,1.0,1.37,200.0,2.3426,1.3426,0.08230716344191602
2022-05-02,2022-05-05,Madrid Masters,R16,Clay,4,Grigor Dimitrov,Stefanos Tsitsipas,player2,top_10,0.2953639466348158,3.5,3.43,0.0204081632653061,0.2708333333333333,0.0245306133014824,0.0337738132218553,False,1.0,-1.0,200.0,3.45,-1.0,0.019005615890114513
2022-05-02,2022-05-05,Madrid Masters,R16,Clay,4,Cameron Norrie,Carlos Alcaraz,player2,top_10,0.2304691154849634,5.0,5.5,-0.0909090909090909,0.1883116883116883,0.0421574271732751,0.152345577424817,False,1.0,-1.0,200.0,4.92,-1.0,0.13390804818601998
2022-05-02,2022-05-08,Madrid Masters,F,Clay,4,Alexander Zverev,Carlos Alcaraz,player1,top_10,0.4483445695763755,2.5,2.51,-0.0039840637450198,0.3796526054590571,0.0686919641173183,0.1208614239409386,False,1.0,-1.0,200.0,2.4699999999999998,-1.0,0.10741108685364731
2022-05-09,2022-05-12,Rome Masters,R16,Clay,4,Felix Auger Aliassime,Marcos Giron,player1,top_10,0.9246089322916964,1.16,1.19,-0.0252100840336134,0.8116883116883117,0.1129206206033845,0.0725463614583676,True,1.0,0.1599999999999999,200.0,1.1567999999999998,0.15679999999999983,0.0695876128750342
2022-05-09,2022-05-13,Rome Masters,QF,Clay,4,Stefanos Tsitsipas,Jannik Sinner,player2,top_10,0.7198019420156301,1.44,1.46,-0.0136986301369863,0.6563245823389022,0.0634773596767278,0.0365147965025072,True,1.0,0.4399999999999999,200.0,1.4312,0.4312,0.03018053941276977
2022-05-09,2022-05-15,Rome Masters,F,Clay,4,Stefanos Tsitsipas,Novak Djokovic,player2,top_10,0.3758870101956051,2.75,2.75,0.0,0.3436754176610979,0.0322115925345072,0.0336892780379141,False,1.0,-1.0,200.0,2.715,-1.0,0.02053323268106777
2022-05-16,2022-05-17,Geneva,R16,Clay,3,Richard Gasquet,Daniil Medvedev,player2,top_10,0.4064839714408389,3.0,3.02,-0.0066225165562914,0.3181818181818181,0.0883021532590208,0.2194519143225167,True,1.0,2.0,200.0,2.96,1.96,0.20319255546488324
2022-05-16,2022-05-19,Geneva,QF,Clay,3,Thanasi Kokkinakis,Casper Ruud,player1,top_10,0.2418824766915586,4.5,4.69,-0.0405117270788913,0.2105263157894736,0.0313561609020849,0.0884711451120139,False,1.0,-1.0,200.0,4.43,-1.0,0.07153937174360459
2022-05-23,2022-05-23,Roland Garros,R128,Clay,5,Yoshihito Nishioka,Novak Djokovic,player2,top_10,0.0903397324440765,26.0,21.46,0.211556383970177,0.0373935579415031,0.0529461745025734,1.3488330435459908,False,1.0,-1.0,200.0,25.5,-1.0,1.3036631773239507
2022-05-23,2022-05-23,Roland Garros,R128,Clay,5,James Duckworth,Mikael Ymer,player2,other,0.3076208256305253,3.4,3.42,-0.0058479532163743,0.281183932346723,0.0264368932838022,0.0459108071437859,False,1.0,-1.0,200.0,3.352,-1.0,0.031145007513520673
2022-05-23,2022-05-24,Roland Garros,R128,Clay,5,Jo-Wilfried Tsonga,Casper Ruud,player1,top_10,0.1466174726093384,15.0,14.79,0.0141987829614604,0.0642545227698066,0.0823629498395318,1.1992620891400767,False,1.0,-1.0,200.0,14.719999999999999,-1.0,1.158209196809461
2022-05-23,2022-05-24,Roland Garros,R128,Clay,5,Lorenzo Musetti,Stefanos Tsitsipas,player2,top_10,0.1966284739319518,7.0,7.56,-0.074074074074074,0.1358024691358024,0.0608260047961493,0.3763993175236627,False,1.0,-1.0,200.0,6.88,-1.0,0.3528039006518283
2022-05-23,2022-05-24,Roland Garros,R128,Clay,5,Soon Woo Kwon,Andrey Rublev,player2,top_10,0.13565060232093,8.0,9.19,-0.1294885745375408,0.118942731277533,0.016707871043397,0.0852048185674405,False,1.0,-1.0,200.0,7.859999999999999,-1.0,0.06621373424250987
2022-05-23,2022-05-24,Roland Garros,R128,Clay,5,Facundo Bagnis,Daniil Medvedev,player2,top_10,0.2348469531942476,7.0,6.25,0.1200000000000001,0.1358024691358024,0.0990444840584451,0.6439286723597335,False,1.0,-1.0,200.0,6.88,-1.0,0.6157470379764234
2022-05-23,2022-05-25,Roland Garros,R64,Clay,5,Corentin Moutet,Rafael Nadal,player1,top_10,0.0947161879056693,15.0,13.88,0.0806916426512966,0.0642545227698066,0.0304616651358627,0.4207428185850402,False,1.0,-1.0,200.0,14.719999999999999,-1.0,0.3942222859714519
2022-05-23,2022-05-26,Roland Garros,R64,Clay,5,Federico Delbonis,Andrey Rublev,player2,top_10,0.173330952671655,6.0,6.52,-0.0797546012269938,0.1573033707865168,0.0160275818851381,0.0399857160299299,False,1.0,-1.0,200.0,5.9,-1.0,0.02265262076276453
2022-05-23,2022-05-27,Roland Garros,R32,Clay,5,Felix Auger Aliassime,Filip Krajinovic,player2,top_10,0.8042216122734189,1.3,1.28,0.015625,0.7291666666666667,0.0750549456067521,0.0454880959554446,True,1.0,0.3,200.0,1.294,0.29400000000000004,0.040662766281804125
2022-05-23,2022-05-27,Roland Garros,R32,Clay,5,Botic Van De Zandschulp,Rafael Nadal,player1,top_10,0.1129741455403607,11.0,9.63,0.1422637590861888,0.0871369294605809,0.0258372160797798,0.2427156009439681,False,1.0,-1.0,200.0,10.8,-1.0,0.22012077183589562
2022-05-23,2022-05-27,Roland Garros,R32,Clay,5,Sebastian Korda,Carlos Alcaraz,player1,top_10,0.2194069945159813,5.0,5.11,-0.0215264187866928,0.1883116883116883,0.031095306204293,0.0970349725799067,False,1.0,-1.0,200.0,4.92,-1.0,0.07948241301862802
2022-05-23,2022-05-28,Roland Garros,R32,Clay,5,Cristian Garin,Andrey Rublev,player2,top_10,0.3080651908757947,4.0,3.98,0.0050251256281406,0.238095238095238,0.0699699527805566,0.232260763503179,False,1.0,-1.0,200.0,3.94,-1.0,0.21377685205063113
2022-05-23,2022-05-29,Roland Garros,R16,Clay,5,Felix Auger Aliassime,Rafael Nadal,player2,top_10,0.1961664306393812,5.5,5.82,-0.0549828178694158,0.1716867469879518,0.0244796836514294,0.0789153685165967,False,1.0,-1.0,200.0,5.41,-1.0,0.061260389759052236
2022-05-23,2022-05-29,Roland Garros,R16,Clay,5,Bernabe Zapata Miralles,Alexander Zverev,player2,top_10,0.1101359168143982,10.0,10.24,-0.0234375,0.0958408679927667,0.0142950488216315,0.1013591681439827,False,1.0,-1.0,200.0,9.82,-1.0,0.0815347031173903
2022-05-23,2022-05-29,Roland Garros,R16,Clay,5,Karen Khachanov,Carlos Alcaraz,player1,top_10,0.2000452528752803,7.0,7.64,-0.0837696335078533,0.1358024691358024,0.0642427837394779,0.4003167701269625,False,1.0,-1.0,200.0,6.88,-1.0,0.37631133978192843
2022-05-23,2022-05-30,Roland Garros,R16,Clay,5,Marin Cilic,Daniil Medvedev,player2,top_10,0.3029217582866447,3.75,3.73,0.0053619302949061,0.2544731610337972,0.0484485972528474,0.1359565935749176,True,1.0,2.75,200.0,3.695,2.695,0.1192958968691521
2022-05-23,2022-05-31,Roland Garros,QF,Clay,5,Novak Djokovic,Rafael Nadal,player2,top_10,0.7754095940437622,1.44,1.44,0.0,0.6563245823389022,0.1190850117048599,0.1165898154230175,False,1.0,-1.0,200.0,1.4312,-1.0,0.10976621099543249
2022-05-23,2022-05-31,Roland Garros,QF,Clay,5,Alexander Zverev,Carlos Alcaraz,player1,top_10,0.265539034545975,4.33,3.97,0.0906801007556674,0.2198198198198198,0.0457192147261552,0.1497840195840717,True,1.0,3.33,200.0,4.2634,3.2634,0.1320991198833097
2022-05-23,2022-06-01,Roland Garros,QF,Clay,5,Marin Cilic,Andrey Rublev,player2,top_10,0.495478975470765,2.1,2.15,-0.0232558139534883,0.450261780104712,0.045217195366053,0.0405058484886066,True,1.0,1.1,200.0,2.0780000000000003,1.0780000000000003,0.029605311028249814
2022-05-23,2022-06-03,Roland Garros,SF,Clay,5,Alexander Zverev,Rafael Nadal,player1,top_10,0.3422740835984573,3.4,3.3,0.0303030303030302,0.281183932346723,0.0610901512517342,0.1637318842347547,False,1.0,-1.0,200.0,3.352,-1.0,0.14730272822202872
2022-05-23,2022-06-05,Roland Garros,F,Clay,5,Rafael Nadal,Casper Ruud,player1,top_10,0.9102539557418046,1.16,1.18,-0.0169491525423729,0.8258258258258259,0.0844281299159787,0.0558945886604932,True,1.0,0.1599999999999999,200.0,1.1567999999999998,0.15679999999999983,0.05298177600211937
2022-06-06,2022-06-09,s Hertogenbosch,R16,Grass,3,Gilles Simon,Daniil Medvedev,player2,top_10,0.123432458930399,10.0,8.6,0.1627906976744186,0.0958408679927667,0.0275915909376322,0.23432458930399,False,1.0,-1.0,200.0,9.82,-1.0,0.2121067466965183
2022-06-06,2022-06-10,Stuttgart,QF,Grass,3,Andy Murray,Stefanos Tsitsipas,player2,top_10,0.5801468541850419,2.3,2.3,0.0,0.411764705882353,0.1683821483026888,0.3343377646255961,True,1.0,1.2999999999999998,200.0,2.274,1.274,0.3192539464167852
2022-06-06,2022-06-10,s Hertogenbosch,QF,Grass,3,Ilya Ivashka,Daniil Medvedev,player1,top_10,0.2809559816862067,4.5,4.44,0.0135135135135133,0.2105263157894736,0.070429665896733,0.2643019175879303,False,1.0,-1.0,200.0,4.43,-1.0,0.2446349988698957
2022-06-06,2022-06-11,s Hertogenbosch,SF,Grass,3,Adrian Mannarino,Daniil Medvedev,player1,top_10,0.2584504104587412,4.33,4.17,0.0383693045563549,0.2198198198198198,0.0386305906389213,0.1190902772863493,False,1.0,-1.0,200.0,4.2634,-1.0,0.10187747994979712
2022-06-13,2022-06-14,Halle,R32,Grass,3,Benjamin Bonzi,Stefanos Tsitsipas,player2,top_10,0.3042050539934789,3.5,3.64,-0.0384615384615385,0.2708333333333333,0.0333717206601456,0.0647176889771764,False,1.0,-1.0,200.0,3.45,-1.0,0.049507436277502204
2022-06-13,2022-06-15,Halle,R16,Grass,3,Nick Kyrgios,Stefanos Tsitsipas,player2,top_10,0.6567473833585314,1.61,1.61,0.0,0.588235294117647,0.0685120892408844,0.0573632872072357,True,1.0,0.6100000000000001,200.0,1.5978,0.5978000000000001,0.0493509691302616
2022-06-13,2022-06-15,Halle,R16,Grass,3,Felix Auger Aliassime,Mackenzie Mcdonald,player2,top_10,0.8589921962922231,1.2,1.19,0.0084033613445377,0.7894736842105263,0.0695185120816967,0.0307906355506677,True,1.0,0.1999999999999999,200.0,1.196,0.19599999999999995,0.027354666765498803
2022-06-13,2022-06-16,Halle,R16,Grass,3,Ilya Ivashka,Daniil Medvedev,player1,top_10,0.2202967539571276,5.0,4.64,0.0775862068965518,0.1883116883116883,0.0319850656454393,0.1014837697856383,False,1.0,-1.0,200.0,4.92,-1.0,0.0838600294690679
2022-06-13,2022-06-17,Queen's Club,QF,Grass,3,Matteo Berrettini,Tommy Paul,player2,top_10,0.7958290948174749,1.36,1.36,0.0,0.7017543859649122,0.0940747088525626,0.0823275689517659,True,1.0,0.3600000000000001,200.0,1.3528000000000002,0.3528000000000002,0.07659759946908018
2022-06-13,2022-06-17,Halle,QF,Grass,3,Hubert Hurkacz,Felix Auger Aliassime,player2,top_10,0.4230354369773942,2.5,2.51,-0.0039840637450198,0.3796526054590571,0.0433828315183371,0.0575885924434854,True,1.0,1.5,200.0,2.4699999999999998,1.4699999999999998,0.04489752933416358
2022-06-13,2022-06-17,Halle,QF,Grass,3,Roberto Bautista Agut,Daniil Medvedev,player1,top_10,0.3244695939517734,3.4,3.37,0.0089020771513352,0.281183932346723,0.0432856616050503,0.1031966194360295,False,1.0,-1.0,200.0,3.352,-1.0,0.08762207892634444
2022-06-13,2022-06-18,Queen's Club,SF,Grass,3,Botic Van De Zandschulp,Matteo Berrettini,player2,top_10,0.3149716586570406,3.75,3.52,0.0653409090909091,0.2544731610337972,0.0604984976232433,0.1811437199639021,False,1.0,-1.0,200.0,3.695,-1.0,0.16382027873776484
2022-06-13,2022-06-19,Queen's Club,F,Grass,3,Filip Krajinovic,Matteo Berrettini,player1,top_10,0.2419030988547253,5.0,4.95,0.0101010101010101,0.1883116883116883,0.053591410543037,0.2095154942736266,False,1.0,-1.0,200.0,4.92,-1.0,0.1901632463652484
2022-06-13,2022-06-19,Halle,F,Grass,3,Hubert Hurkacz,Daniil Medvedev,player2,top_10,0.3890720014695428,3.0,2.78,0.0791366906474821,0.3181818181818181,0.0708901832877246,0.1672160044086283,True,1.0,2.0,200.0,2.96,1.96,0.15165312434984668
2022-06-20,2022-06-22,Mallorca,R16,Grass,3,Ilya Ivashka,Stefanos Tsitsipas,player2,top_10,0.3932528056476828,2.62,2.47,0.0607287449392712,0.3640776699029127,0.0291751357447701,0.030322350796929,False,1.0,-1.0,200.0,2.5876,-1.0,0.017580959893943926
2022-06-20,2022-06-24,Mallorca,SF,Grass,3,Benjamin Bonzi,Stefanos Tsitsipas,player2,top_10,0.4314309248515993,2.75,2.67,0.0299625468164794,0.3436754176610979,0.0877555071905014,0.1864350433418979,False,1.0,-1.0,200.0,2.715,-1.0,0.171334960972092
2022-06-20,2022-06-25,Mallorca,F,Grass,3,Stefanos Tsitsipas,Roberto Bautista Agut,player1,top_10,0.6278903979302002,1.66,1.68,-0.0119047619047618,0.5699481865284974,0.0579422114017027,0.0422980605641322,True,1.0,0.6599999999999999,200.0,1.6467999999999998,0.6467999999999998,0.034009907311453536
2022-06-27,2022-06-27,Wimbledon,R128,Grass,5,Alejandro Davidovich Fokina,Hubert Hurkacz,player2,top_10,0.2014917225823574,5.5,6.28,-0.124203821656051,0.1716867469879518,0.0298049755944056,0.108204474202966,True,1.0,4.5,200.0,5.41,4.41,0.09007021917055347
2022-06-27,2022-06-28,Wimbledon,R128,Grass,5,Felix Auger Aliassime,Maxime Cressy,player2,top_10,0.8596907017211849,1.3,1.31,-0.0076335877862595,0.7291666666666667,0.1305240350545181,0.1175979122375404,False,1.0,-1.0,200.0,1.294,-1.0,0.11243976802721328
2022-06-27,2022-06-29,Wimbledon,R64,Grass,5,Thanasi Kokkinakis,Novak Djokovic,player2,top_10,0.1168752698491583,17.0,15.05,0.1295681063122922,0.0566037735849056,0.0602714962642526,0.9868795874356912,False,1.0,-1.0,200.0,16.68,-1.0,0.9494795010839604
2022-06-27,2022-06-29,Wimbledon,R64,Grass,5,Tallon Griekspoor,Carlos Alcaraz,player2,top_10,0.6427198713789392,3.4,3.64,-0.065934065934066,0.281183932346723,0.3615359390322161,1.1852475626883932,False,1.0,-1.0,200.0,3.352,-1.0,1.1543970088622038
2022-06-27,2022-06-30,Wimbledon,R64,Grass,5,Ricardas Berankis,Rafael Nadal,player1,top_10,0.0713408225869283,15.0,11.61,0.2919896640826873,0.0642545227698066,0.0070862998171216,0.0701123388039246,False,1.0,-1.0,200.0,14.719999999999999,-1.0,0.05013690847958441
2022-06-27,2022-07-01,Wimbledon,R32,Grass,5,Oscar Otte,Carlos Alcaraz,player2,top_10,0.5819964284984345,3.4,3.5,-0.0285714285714285,0.281183932346723,0.3008124961517114,0.9787878568946772,False,1.0,-1.0,200.0,3.352,-1.0,0.9508520283267523
2022-06-27,2022-07-02,Wimbledon,R32,Grass,5,Lorenzo Sonego,Rafael Nadal,player1,top_10,0.2462543068790795,5.0,5.15,-0.0291262135922331,0.1883116883116883,0.0579426185673912,0.2312715343953977,False,1.0,-1.0,200.0,4.92,-1.0,0.21157118984507106
2022-06-27,2022-07-05,Wimbledon,QF,Grass,5,Novak Djokovic,Jannik Sinner,player2,top_10,0.9443575174435528,1.11,1.11,0.0,0.8541392904073586,0.0902182270361942,0.0482368443623436,True,1.0,0.1100000000000001,200.0,1.1078000000000001,0.10780000000000012,0.04615925782396789
2022-06-27,2022-07-10,Wimbledon,F,Grass,5,Nick Kyrgios,Novak Djokovic,player2,top_10,0.3550249195220318,3.75,3.81,-0.0157480314960629,0.2544731610337972,0.1005517584882346,0.3313434482076194,False,1.0,-1.0,200.0,3.695,-1.0,0.31181707763390754
2022-07-18,2022-07-19,Hamburg,R32,Clay,3,Emil Ruusuvuori,Diego Schwartzman,player2,other,0.326273767951696,3.2,2.99,0.0702341137123745,0.2982456140350877,0.0280281539166083,0.0440760574454274,True,1.0,2.2,200.0,3.156,2.156,0.029720011655552603
2022-07-18,2022-07-21,Hamburg,R16,Clay,3,Andrey Rublev,Francisco Cerundolo,player1,top_10,0.7510537323272105,1.4,1.39,0.0071942446043165,0.6818181818181818,0.0692355505090287,0.0514752252580946,False,1.0,-1.0,200.0,1.392,-1.0,0.045466795399476956
2022-07-18,2022-07-21,Hamburg,R16,Clay,3,Filip Krajinovic,Carlos Alcaraz,player1,top_10,0.2496586329652492,4.5,4.5,0.0,0.2105263157894736,0.0391323171757755,0.1234638483436214,False,1.0,-1.0,200.0,4.43,-1.0,0.10598774403605393
2022-07-18,2022-07-22,Hamburg,QF,Clay,3,Karen Khachanov,Carlos Alcaraz,player2,top_10,0.250253047471919,5.0,5.23,-0.0439770554493308,0.1883116883116883,0.0619413591602307,0.251265237359595,False,1.0,-1.0,200.0,4.92,-1.0,0.23124499356184147
2022-07-25,2022-07-29,Umag,QF,Clay,3,Jannik Sinner,Roberto Carballes Baena,player1,top_10,0.9436696358804366,1.16,1.15,0.0086956521739129,0.8116883116883117,0.1319813241921249,0.0946567776213063,True,1.0,0.1599999999999999,200.0,1.1567999999999998,0.15679999999999983,0.09163703478648891
2022-07-25,2022-07-29,Umag,QF,Clay,3,Carlos Alcaraz,Facundo Bagnis,player1,top_10,0.98,1.07,1.05,0.0190476190476189,0.893743793445879,0.086256206554121,0.0486,True,1.0,0.07,200.0,1.0686,0.0686,0.04722799999999998
2022-07-25,2022-07-31,Umag,F,Clay,3,Carlos Alcaraz,Jannik Sinner,player1,top_10,0.6437975877857267,1.61,1.61,0.0,0.588235294117647,0.0555622936680797,0.03651411633502,False,1.0,-1.0,200.0,1.5978,-1.0,0.028659785764034218
2022-08-01,2022-08-04,Washington,R32,Hard,3,Tommy Paul,Nick Kyrgios,player1,other,0.3588514655048821,3.0,2.94,0.0204081632653061,0.3181818181818181,0.040669647323064,0.0765543965146465,False,1.0,-1.0,200.0,2.96,-1.0,0.06220033789445101
2022-08-01,2022-08-04,Washington,R16,Hard,3,Daniel Evans,Taylor Fritz,player1,other,0.2970623044237003,3.5,3.47,0.0086455331412103,0.2708333333333333,0.0262289710903669,0.0397180654829513,True,1.0,2.5,200.0,3.45,2.45,0.02486495026176605
2022-08-01,2022-08-05,Washington,R16,Hard,3,Maxime Cressy,Andrey Rublev,player2,top_10,0.4815729971839372,2.75,2.82,-0.0248226950354609,0.3436754176610979,0.1378975795228393,0.3243257422558273,False,1.0,-1.0,200.0,2.715,-1.0,0.3074706873543894
2022-08-01,2022-08-05,Los Cabos,QF,Hard,3,Steve Johnson,Felix Auger Aliassime,player1,top_10,0.2968468397071208,4.0,4.02,-0.0049751243781093,0.238095238095238,0.0587516016118827,0.1873873588284833,False,1.0,-1.0,200.0,3.94,-1.0,0.16957654844605585
2022-08-01,2022-08-05,Los Cabos,QF,Hard,3,Ricardas Berankis,Daniil Medvedev,player1,top_10,0.2508336868177462,8.0,7.63,0.0484927916120576,0.118942731277533,0.1318909555402132,1.00666949454197,False,1.0,-1.0,200.0,7.859999999999999,-1.0,0.971552778387485
2022-08-01,2022-08-06,Los Cabos,SF,Hard,3,Felix Auger Aliassime,Cameron Norrie,player1,top_10,0.6221405673402891,1.8,1.79,0.0055865921787709,0.5263157894736842,0.0958247778666049,0.1198530212125204,False,1.0,-1.0,200.0,1.784,-1.0,0.10989877213507576
2022-08-01,2022-08-07,Washington,SF,Hard,3,Mikael Ymer,Nick Kyrgios,player1,other,0.2307964840518453,5.0,4.74,0.0548523206751054,0.1883116883116883,0.042484795740157,0.1539824202592266,False,1.0,-1.0,200.0,4.92,-1.0,0.13551870153507883
2022-08-01,2022-08-07,Washington,SF,Hard,3,Andrey Rublev,Yoshihito Nishioka,player1,top_10,0.8727903358520692,1.2,1.18,0.0169491525423728,0.7894736842105263,0.0833166516415429,0.047348403022483,False,1.0,-1.0,200.0,1.196,-1.0,0.04385724167907476
2022-08-08,2022-08-10,Canada Masters,R32,Hard,4,Alex Molcan,Casper Ruud,player2,top_10,0.3051951955760157,3.4,3.39,0.0029498525073745,0.281183932346723,0.0240112632292926,0.0376636649584534,False,1.0,-1.0,200.0,3.352,-1.0,0.023014295570804588
2022-08-08,2022-08-10,Canada Masters,R32,Hard,4,Hubert Hurkacz,Emil Ruusuvuori,player2,top_10,0.740780142577508,1.53,1.58,-0.0316455696202532,0.6203473945409429,0.1204327480365651,0.1333936181435873,True,1.0,0.53,200.0,1.5194,0.5194000000000001,0.12554134863226574
2022-08-08,2022-08-11,Canada Masters,R32,Hard,4,Andrey Rublev,Daniel Evans,player2,top_10,0.8249502947350075,1.33,1.35,-0.0148148148148148,0.7188160676532769,0.1061342270817305,0.09718389199756,False,1.0,-1.0,200.0,1.3234000000000001,-1.0,0.091739220052309
2022-08-08,2022-08-11,Canada Masters,R32,Hard,4,Felix Auger Aliassime,Yoshihito Nishioka,player1,top_10,0.8093785491068292,1.33,1.33,0.0,0.7188160676532769,0.0905624814535522,0.0764734703120828,True,1.0,0.33,200.0,1.3234000000000001,0.32340000000000013,0.07113157188797781
2022-08-08,2022-08-11,Canada Masters,R16,Hard,4,Felix Auger Aliassime,Cameron Norrie,player1,top_10,0.6061648144159804,1.72,1.78,-0.0337078651685394,0.549738219895288,0.0564265945206923,0.0426034807954862,True,1.0,0.72,200.0,1.7056,0.7056,0.033874707467896115
2022-08-08,2022-08-11,Canada Masters,R16,Hard,4,Alex De Minaur,Nick Kyrgios,player1,other,0.3594767069617516,3.0,2.93,0.023890784982935,0.3181818181818181,0.0412948887799335,0.078430120885255,False,1.0,-1.0,200.0,2.96,-1.0,0.06405105260678468
2022-08-08,2022-08-12,Canada Masters,QF,Hard,4,Hubert Hurkacz,Nick Kyrgios,player2,top_10,0.35891957876689,3.5,3.27,0.0703363914373089,0.2708333333333333,0.0880862454335567,0.2562185256841153,True,1.0,2.5,200.0,3.45,2.45,0.23827254674577059
2022-08-08,2022-08-14,Canada Masters,F,Hard,4,Pablo Carreno Busta,Hubert Hurkacz,player2,top_10,0.4641867216000939,2.37,2.3,0.0304347826086957,0.398477157360406,0.0657095642396878,0.1001225301922226,True,1.0,1.37,200.0,2.3426,1.3426,0.08740381402038
2022-08-15,2022-08-15,Cincinnati Masters,R64,Hard,4,Holger Rune,Cameron Norrie,player1,other,0.2790532411800285,4.0,3.94,0.015228426395939,0.238095238095238,0.0409580030847904,0.1162129647201142,False,1.0,-1.0,200.0,3.94,-1.0,0.09946977024931225
2022-08-15,2022-08-17,Cincinnati Masters,R32,Hard,4,Felix Auger Aliassime,Alex De Minaur,player1,top_10,0.5995277618832519,1.72,1.71,0.0058479532163742,0.549738219895288,0.0497895419879638,0.0311877504391931,True,1.0,0.72,200.0,1.7056,0.7056,0.02255455066807438
2022-08-15,2022-08-17,Cincinnati Masters,R32,Hard,4,Mackenzie Mcdonald,Carlos Alcaraz,player1,top_10,0.1863078013359691,6.0,6.28,-0.0445859872611464,0.1573033707865168,0.0290044305494522,0.1178468080158148,False,1.0,-1.0,200.0,5.9,-1.0,0.09921602788221784
2022-08-15,2022-08-17,Cincinnati Masters,R32,Hard,4,Hubert Hurkacz,John Isner,player2,top_10,0.8218677597784678,1.5,1.45,0.0344827586206897,0.6359223300970874,0.1859454296813804,0.2328016396677017,False,1.0,-1.0,200.0,1.49,-1.0,0.22458296206991707
2022-08-15,2022-08-18,Cincinnati Masters,R16,Hard,4,Diego Schwartzman,Stefanos Tsitsipas,player2,top_10,0.3085082673753254,3.75,3.83,-0.02088772845953,0.2544731610337972,0.0540351063415281,0.1569060026574704,False,1.0,-1.0,200.0,3.695,-1.0,0.1399380479518273
2022-08-15,2022-08-18,Cincinnati Masters,R16,Hard,4,Denis Shapovalov,Daniil Medvedev,player2,top_10,0.2485929955088078,4.33,4.23,0.023640661938534,0.2198198198198198,0.028773175688988,0.0764076705531381,False,1.0,-1.0,200.0,4.2634,-1.0,0.05985137705225119
2022-08-15,2022-08-19,Cincinnati Masters,QF,Hard,4,Stefanos Tsitsipas,John Isner,player2,top_10,0.7727659460215206,1.36,1.31,0.0381679389312976,0.7017543859649122,0.0710115600566083,0.050961686589268,True,1.0,0.3600000000000001,200.0,1.3528000000000002,0.3528000000000002,0.045397771777913265
2022-08-15,2022-08-20,Cincinnati Masters,QF,Hard,4,Carlos Alcaraz,Cameron Norrie,player1,top_10,0.8004349233298833,1.3,1.3,0.0,0.7291666666666667,0.0712682566632165,0.0405654003288483,False,1.0,-1.0,200.0,1.294,-1.0,0.03576279078886904
2022-08-29,2022-08-29,Us Open,R128,Hard,5,Kyle Edmund,Casper Ruud,player1,top_10,0.1440454408169665,9.0,9.99,-0.099099099099099,0.1062562065541211,0.0377892342628453,0.2964089673526989,False,1.0,-1.0,200.0,8.84,-1.0,0.27336169682198364
2022-08-29,2022-09-04,Us Open,R16,Hard,5,Karen Khachanov,Pablo Carreno Busta,player1,other,0.3827019263850963,2.75,2.73,0.0073260073260073,0.3436754176610979,0.0390265087239984,0.0524302975590149,True,1.0,1.75,200.0,2.715,1.7149999999999999,0.03903573013553652
2022-08-29,2022-09-04,Us Open,R16,Hard,5,Corentin Moutet,Casper Ruud,player1,top_10,0.2144392234397632,5.0,5.23,-0.0439770554493308,0.1883116883116883,0.0261275351280749,0.072196117198816,False,1.0,-1.0,200.0,4.92,-1.0,0.05504097932363494
2022-08-29,2022-09-05,Us Open,R16,Hard,5,Daniil Medvedev,Nick Kyrgios,player2,top_10,0.7257519753287293,1.53,1.53,0.0,0.6203473945409429,0.1054045807877863,0.1104005222529557,False,1.0,-1.0,200.0,1.5194,-1.0,0.10270755131447129
2022-08-29,2022-09-06,Us Open,R16,Hard,5,Marin Cilic,Carlos Alcaraz,player2,top_10,0.267740581256117,4.5,4.68,-0.0384615384615384,0.2105263157894736,0.0572142654666433,0.2048326156525265,False,1.0,-1.0,200.0,4.43,-1.0,0.18609077496459825
2022-09-19,2022-09-22,Metz,R16,Hard,3,Dominic Thiem,Hubert Hurkacz,player2,top_10,0.4832955958962829,3.0,2.98,0.0067114093959732,0.3181818181818181,0.1651137777144647,0.4498867876888487,False,1.0,-1.0,200.0,2.96,-1.0,0.4305549638529974
2022-09-19,2022-09-22,Metz,R16,Hard,3,Stan Wawrinka,Daniil Medvedev,player2,top_10,0.242996669852525,6.0,6.0,0.0,0.1573033707865168,0.0856932990660081,0.4579800191151499,True,1.0,5.0,200.0,5.9,4.9,0.43368035212989753
2022-09-19,2022-09-23,Metz,QF,Hard,3,Arthur Rinderknech,Hubert Hurkacz,player2,top_10,0.2754314448692684,4.33,4.02,0.0771144278606965,0.2198198198198198,0.0556116250494486,0.1926181562839322,False,1.0,-1.0,200.0,4.2634,-1.0,0.17427442205563892
2022-09-26,2022-09-29,Tel Aviv,R16,Hard,3,Pablo Andujar,Novak Djokovic,player1,top_10,0.0985785150930249,15.0,12.64,0.1867088607594935,0.0642545227698066,0.0343239923232183,0.4786777263953745,False,1.0,-1.0,200.0,14.719999999999999,-1.0,0.45107574216932655
2022-09-26,2022-09-29,Seoul,R16,Hard,3,Nicolas Jarry,Casper Ruud,player1,top_10,0.295865739696305,5.0,4.93,0.0141987829614604,0.1883116883116883,0.1075540513846166,0.4793286984815248,False,1.0,-1.0,200.0,4.92,-1.0,0.4556594393058204
2022-09-26,2022-09-29,Sofia,R16,Hard,3,Marc Andrea Huesler,Pablo Carreno Busta,player1,other,0.3004849838127243,3.75,3.7,0.0135135135135133,0.2544731610337972,0.0460118227789271,0.1268186892977163,True,1.0,2.75,200.0,3.695,2.695,0.11029201518801635
2022-09-26,2022-09-30,Tel Aviv,QF,Hard,3,Novak Djokovic,Vasek Pospisil,player1,top_10,0.98,1.06,1.05,0.0095238095238094,0.9041591320072332,0.0758408679927666,0.0388,True,1.0,0.06,200.0,1.0588,0.05879999999999996,0.03762399999999994
2022-09-26,2022-09-30,Seoul,QF,Hard,3,Yoshihito Nishioka,Casper Ruud,player2,top_10,0.2470879249083744,4.33,3.82,0.1335078534031415,0.2198198198198198,0.0272681050885545,0.0698907148532611,True,1.0,3.33,200.0,4.2634,3.2634,0.05343465905436329
2022-10-03,2022-10-03,Astana,R32,Hard,3,Hubert Hurkacz,Francisco Cerundolo,player1,top_10,0.9295514957642128,1.22,1.22,0.0,0.7801801801801801,0.1493713155840327,0.1340528248323396,True,1.0,0.2199999999999999,200.0,1.2156,0.2156,0.1299627982509771
2022-10-03,2022-10-03,Astana,R32,Hard,3,Andrey Rublev,Laslo Djere,player2,top_10,0.824727427708873,1.28,1.28,0.0,0.7455268389662029,0.0792005887426701,0.0556511074673574,True,1.0,0.28,200.0,1.2744,0.2744,0.051032633872187705
2022-10-03,2022-10-04,Astana,R32,Hard,3,Stefanos Tsitsipas,Mikhail Kukushkin,player1,top_10,0.9647642870073986,1.1,1.08,0.0185185185185186,0.8641975308641975,0.1005667561432011,0.0612407157081385,True,1.0,0.1,200.0,1.098,0.09800000000000009,0.05931118713412373
2022-10-03,2022-10-06,Astana,R16,Hard,3,Emil Ruusuvuori,Daniil Medvedev,player1,top_10,0.2793211516386505,5.0,4.43,0.1286681715575621,0.1883116883116883,0.0910094633269622,0.3966057581932525,False,1.0,-1.0,200.0,4.92,-1.0,0.37426006606216045
2022-10-03,2022-10-06,Astana,R16,Hard,3,Botic Van De Zandschulp,Novak Djokovic,player1,top_10,0.1329444469933253,8.0,7.24,0.1049723756906078,0.118942731277533,0.0140017157157922,0.0635555759466026,False,1.0,-1.0,200.0,7.859999999999999,-1.0,0.044943353367536854
2022-10-03,2022-10-06,Astana,R16,Hard,3,Hubert Hurkacz,Alexander Bublik,player1,top_10,0.6895770060850682,1.57,1.56,0.0064102564102563,0.6015228426395939,0.0880541634454743,0.0826358995535571,True,1.0,0.5700000000000001,200.0,1.5586000000000002,0.5586000000000002,0.07477472168418747
2022-10-03,2022-10-07,Astana,QF,Hard,3,Daniil Medvedev,Roberto Bautista Agut,player2,top_10,0.7401136903500054,1.4,1.39,0.0071942446043165,0.6818181818181818,0.0582955085318236,0.0361591664900075,True,1.0,0.3999999999999999,200.0,1.392,0.3919999999999999,0.030238256967207444
2022-10-03,2022-10-07,Astana,QF,Hard,3,Novak Djokovic,Karen Khachanov,player2,top_10,0.98,1.12,1.12,0.0,0.8426966292134831,0.1373033707865169,0.0976,True,1.0,0.1200000000000001,200.0,1.1176000000000001,0.11760000000000015,0.09524800000000012
2022-10-03,2022-10-07,Astana,QF,Hard,3,Hubert Hurkacz,Stefanos Tsitsipas,player2,top_10,0.5410420285633412,2.1,2.09,0.0047846889952154,0.450261780104712,0.0907802484586291,0.1361882599830165,False,1.0,-1.0,200.0,2.0780000000000003,-1.0,0.12428533535462305
2022-10-03,2022-10-07,Astana,QF,Hard,3,Adrian Mannarino,Andrey Rublev,player2,top_10,0.2460959918669401,4.33,4.02,0.0771144278606965,0.2198198198198198,0.0262761720471202,0.0655956447838506,False,1.0,-1.0,200.0,4.2634,-1.0,0.04920565172551239
2022-10-03,2022-10-08,Astana,SF,Hard,3,Daniil Medvedev,Novak Djokovic,player2,top_10,0.4171672941234871,2.62,2.5,0.048,0.3640776699029127,0.0530896242205743,0.0929783106035362,False,1.0,-1.0,200.0,2.5876,-1.0,0.07946209027393525
2022-10-03,2022-10-09,Astana,F,Hard,3,Novak Djokovic,Stefanos Tsitsipas,player2,top_10,0.871022994615041,1.25,1.25,0.0,0.7619047619047619,0.1091182327102791,0.0887787432688012,True,1.0,0.25,200.0,1.245,0.2450000000000001,0.08442362829572608
2022-10-10,2022-10-12,Gijon,R16,Hard,3,Thiago Monteiro,Pablo Carreno Busta,player1,other,0.1721929517112411,6.0,5.2,0.1538461538461537,0.1573033707865168,0.0148895809247242,0.0331577102674468,False,1.0,-1.0,200.0,5.9,-1.0,0.015938415096322545
2022-10-10,2022-10-13,Gijon,R16,Hard,3,Andrey Rublev,Ilya Ivashka,player1,top_10,0.8157926323449458,1.3,1.31,-0.0076335877862595,0.7291666666666667,0.086625965678279,0.0605304220484295,True,1.0,0.3,200.0,1.294,0.29400000000000004,0.05563566625435992
2022-10-10,2022-10-14,Gijon,QF,Hard,3,Andrey Rublev,Tommy Paul,player2,top_10,0.7540891214573076,1.44,1.43,0.006993006993007,0.6563245823389022,0.0977645391184053,0.0858883348985228,True,1.0,0.4399999999999999,200.0,1.4312,0.4312,0.0792523506296986
2022-10-10,2022-10-15,Gijon,SF,Hard,3,Dominic Thiem,Andrey Rublev,player2,top_10,0.3371601439101027,3.5,3.42,0.023391812865497,0.2708333333333333,0.0663268105767693,0.1800605036853596,False,1.0,-1.0,200.0,3.45,-1.0,0.1632024964898543
2022-10-17,2022-10-19,Stockholm,R16,Hard,3,Maxime Cressy,Stefanos Tsitsipas,player2,top_10,0.3528042819316989,3.75,3.83,-0.02088772845953,0.2544731610337972,0.0983311208979016,0.3230160572438708,False,1.0,-1.0,200.0,3.695,-1.0,0.30361182173762735
2022-10-17,2022-10-21,Stockholm,QF,Hard,3,Stefanos Tsitsipas,Mikael Ymer,player1,top_10,0.8507051769120788,1.25,1.24,0.0080645161290322,0.7619047619047619,0.0888004150073169,0.0633814711400985,True,1.0,0.25,200.0,1.245,0.2450000000000001,0.05912794525553822
2022-10-17,2022-10-22,Stockholm,SF,Hard,3,Holger Rune,Alex De Minaur,player1,other,0.4696396331717703,2.2,2.25,-0.0222222222222221,0.4300518134715025,0.0395878197002677,0.0332071929778947,True,1.0,1.2000000000000002,200.0,2.176,1.1760000000000002,0.021935841781772214
2022-10-17,2022-10-22,Stockholm,SF,Hard,3,Emil Ruusuvuori,Stefanos Tsitsipas,player1,top_10,0.3358377558394071,3.2,3.12,0.0256410256410257,0.2982456140350877,0.0375921418043194,0.0746808186861028,False,1.0,-1.0,200.0,3.156,-1.0,0.059903957429168875
2022-10-17,2022-10-22,Antwerp,SF,Hard,3,Felix Auger Aliassime,Richard Gasquet,player1,top_10,0.9457109712614744,1.16,1.17,-0.0085470085470085,0.8116883116883117,0.1340226595731628,0.0970247266633103,True,1.0,0.1599999999999999,200.0,1.1567999999999998,0.15679999999999983,0.09399845155527342
2022-10-17,2022-10-23,Stockholm,F,Hard,3,Stefanos Tsitsipas,Holger Rune,player2,top_10,0.7812592934484843,1.36,1.36,0.0,0.7017543859649122,0.079504907483572,0.0625126390899387,False,1.0,-1.0,200.0,1.3528000000000002,-1.0,0.05688757217710977
2022-10-24,2022-10-24,Vienna,R32,Hard,3,Taylor Fritz,Yoshihito Nishioka,player1,top_10,0.7771802691566179,1.33,1.35,-0.0148148148148148,0.7188160676532769,0.0583642015033409,0.0336497579783018,True,1.0,0.33,200.0,1.3234000000000001,0.32340000000000013,0.028520368201868207
2022-10-24,2022-10-25,Basel,R32,Hard,3,Stan Wawrinka,Casper Ruud,player2,top_10,0.3773436211129097,2.75,2.67,0.0299625468164794,0.3436754176610979,0.0336682034518118,0.0376949580605018,True,1.0,1.75,200.0,2.715,1.7149999999999999,0.024487931321549805
2022-10-24,2022-10-26,Basel,R16,Hard,3,Botic Van De Zandschulp,Carlos Alcaraz,player1,top_10,0.2791766068662463,4.5,4.53,-0.0066225165562914,0.2105263157894736,0.0686502910767726,0.2562947308981086,False,1.0,-1.0,200.0,4.43,-1.0,0.23675236841747094
2022-10-24,2022-10-26,Vienna,R32,Hard,3,Dennis Novak,Stefanos Tsitsipas,player2,top_10,0.130661892844208,8.0,7.83,0.0217113665389527,0.118942731277533,0.0117191615666749,0.0452951427536643,False,1.0,-1.0,200.0,7.859999999999999,-1.0,0.02700247775547493
2022-10-24,2022-10-26,Vienna,R16,Hard,3,Taylor Fritz,Denis Shapovalov,player1,top_10,0.6841505673909763,1.66,1.66,0.0,0.5699481865284974,0.1142023808624789,0.1356899418690206,False,1.0,-1.0,200.0,1.6467999999999998,-1.0,0.12665915437945974
2022-10-24,2022-10-27,Vienna,R16,Hard,3,Grigor Dimitrov,Andrey Rublev,player2,top_10,0.2902630102733674,4.5,4.24,0.0613207547169811,0.2105263157894736,0.0797366944838937,0.3061835462301534,True,1.0,3.5,200.0,4.43,3.4299999999999997,0.28586513551101744
2022-10-24,2022-10-27,Vienna,R16,Hard,3,Daniil Medvedev,Dominic Thiem,player2,top_10,0.9088747897284856,1.28,1.27,0.0078740157480314,0.7455268389662029,0.1633479507622828,0.1633597308524617,True,1.0,0.28,200.0,1.2744,0.2744,0.158270032029982
2022-10-24,2022-10-28,Basel,QF,Hard,3,Alexander Bublik,Felix Auger Aliassime,player1,top_10,0.308063849711826,4.0,3.77,0.0610079575596818,0.238095238095238,0.0699686116165879,0.2322553988473041,False,1.0,-1.0,200.0,3.94,-1.0,0.2137715678645944
2022-10-24,2022-10-28,Basel,QF,Hard,3,Pablo Carreno Busta,Carlos Alcaraz,player2,top_10,0.364960976550722,4.0,3.76,0.0638297872340425,0.238095238095238,0.1268657384554839,0.459843906202888,False,1.0,-1.0,200.0,3.94,-1.0,0.4379462476098448
2022-10-24,2022-10-28,Vienna,QF,Hard,3,Jannik Sinner,Daniil Medvedev,player2,top_10,0.4571152307826691,3.0,2.96,0.0135135135135135,0.3181818181818181,0.138933412600851,0.3713456923480074,False,1.0,-1.0,200.0,2.96,-1.0,0.3530610831167005
2022-10-24,2022-10-29,Basel,SF,Hard,3,Felix Auger Aliassime,Carlos Alcaraz,player2,top_10,0.4968736202477027,2.1,2.02,0.0396039603960396,0.450261780104712,0.0466118401429907,0.0434346025201758,True,1.0,1.1,200.0,2.0780000000000003,1.0780000000000003,0.032503382874726316
2022-10-24,2022-10-29,Vienna,SF,Hard,3,Grigor Dimitrov,Daniil Medvedev,player2,top_10,0.2701223335114371,5.0,5.19,-0.0366088631984586,0.1883116883116883,0.0818106451997488,0.3506116675571855,False,1.0,-1.0,200.0,4.92,-1.0,0.32900188087627047
2022-10-31,2022-10-31,Paris Masters,R64,Hard,4,Lorenzo Musetti,Marin Cilic,player1,other,0.4208563291602114,2.5,2.53,-0.0118577075098813,0.3796526054590571,0.0412037237011543,0.0521408229005285,True,1.0,1.5,200.0,2.4699999999999998,1.4699999999999998,0.03951513302572207
2022-10-31,2022-11-01,Paris Masters,R64,Hard,4,Hubert Hurkacz,Adrian Mannarino,player1,top_10,0.8724043563426277,1.22,1.22,0.0,0.7801801801801801,0.0922241761624476,0.0643333147380057,True,1.0,0.2199999999999999,200.0,1.2156,0.2156,0.06049473557009824
2022-10-31,2022-11-01,Paris Masters,R32,Hard,4,John Isner,Andrey Rublev,player1,top_10,0.3144816002267093,3.4,3.28,0.0365853658536585,0.281183932346723,0.0332976678799862,0.0692374407708115,False,1.0,-1.0,200.0,3.352,-1.0,0.05414232395992946
2022-10-31,2022-11-02,Paris Masters,R32,Hard,4,Mikael Ymer,Felix Auger Aliassime,player1,top_10,0.2371501560329769,4.5,4.67,-0.0364025695931476,0.2105263157894736,0.0266238402435032,0.067175702148396,False,1.0,-1.0,200.0,4.43,-1.0,0.05057519122608767
2022-10-31,2022-11-03,Paris Masters,R16,Hard,4,Grigor Dimitrov,Carlos Alcaraz,player2,top_10,0.3463348404474834,3.5,3.47,0.0086455331412103,0.2708333333333333,0.07550150711415,0.2121719415661919,False,1.0,-1.0,200.0,3.45,-1.0,0.1948551995438178
2022-10-31,2022-11-04,Paris Masters,QF,Hard,4,Stefanos Tsitsipas,Tommy Paul,player1,top_10,0.7597039823310325,1.4,1.39,0.0071942446043165,0.6818181818181818,0.0778858005128507,0.0635855752634454,True,1.0,0.3999999999999999,200.0,1.392,0.3919999999999999,0.0575079434047972
2022-10-31,2022-11-04,Paris Masters,QF,Hard,4,Frances Tiafoe,Felix Auger Aliassime,player2,top_10,0.3857089888162373,2.75,2.85,-0.0350877192982456,0.3436754176610979,0.0420335711551393,0.0606997192446525,False,1.0,-1.0,200.0,2.715,-1.0,0.047199904636084145
2022-10-31,2022-11-04,Paris Masters,QF,Hard,4,Holger Rune,Carlos Alcaraz,player2,top_10,0.4454059773566275,2.75,2.86,-0.0384615384615384,0.3436754176610979,0.1017305596955296,0.2248664377307258,True,1.0,1.75,200.0,2.715,1.7149999999999999,0.2092772285232436
2022-10-31,2022-11-05,Paris Masters,SF,Hard,4,Holger Rune,Felix Auger Aliassime,player2,top_10,0.4556715382561139,2.75,2.74,0.0036496350364962,0.3436754176610979,0.111996120595016,0.2530967302043133,True,1.0,1.75,200.0,2.715,1.7149999999999999,0.23714822636534916
2022-11-14,2022-11-14,Tour Finals,RR,Hard,1,Andrey Rublev,Daniil Medvedev,player2,top_10,0.3568868366411448,3.4,3.34,0.0179640718562874,0.281183932346723,0.0757029042944217,0.2134152445798924,True,1.0,2.4,200.0,3.352,2.352,0.19628467642111735
2022-11-14,2022-11-15,Tour Finals,RR,Hard,1,Casper Ruud,Taylor Fritz,player1,top_10,0.5730681619015072,2.0,2.01,-0.0049751243781093,0.4736842105263157,0.0993839513751914,0.1461363238030144,True,1.0,1.0,200.0,1.98,0.98,0.1346749605649843
2022-11-14,2022-11-15,Tour Finals,RR,Hard,1,Felix Auger Aliassime,Rafael Nadal,player1,top_10,0.6979310312987479,1.61,1.6,0.00625,0.588235294117647,0.1096957371811009,0.1236689603909841,True,1.0,0.6100000000000001,200.0,1.5978,0.5978000000000001,0.11515420180913949
2022-11-14,2022-11-19,Tour Finals,SF,Hard,1,Casper Ruud,Andrey Rublev,player1,top_10,0.4787476234163903,2.2,2.18,0.0091743119266054,0.4300518134715025,0.0486958099448877,0.0532447715160587,True,1.0,1.2000000000000002,200.0,2.176,1.1760000000000002,0.041754828554065426
2023-01-02,2023-01-02,Adelaide 1,R32,Hard,3,Alexei Popyrin,Felix Auger Aliassime,player2,top_10,0.1818535226362156,6.5,6.04,0.076158940397351,0.1458607095926412,0.0359928130435744,0.182047897135402,True,1.0,5.5,200.0,6.39,5.39,0.16204400964541754
2023-01-02,2023-01-03,Adelaide 1,R32,Hard,3,Andrey Rublev,Roberto Bautista Agut,player2,top_10,0.7596979670876913,1.4,1.46,-0.0410958904109589,0.6818181818181818,0.0778797852695095,0.0635771539227678,False,1.0,-1.0,200.0,1.392,-1.0,0.05749957018606627
2023-01-02,2023-01-03,Adelaide 1,R32,Hard,3,Daniil Medvedev,Lorenzo Sonego,player2,top_10,0.98,1.11,1.12,-0.0089285714285713,0.8541392904073586,0.1258607095926414,0.0878,True,1.0,0.1100000000000001,200.0,1.1078000000000001,0.10780000000000012,0.0856440000000001
2023-01-02,2023-01-04,Adelaide 1,R16,Hard,3,Daniil Medvedev,Miomir Kecmanovic,player1,top_10,0.9348290053414416,1.14,1.16,-0.0172413793103448,0.8283132530120482,0.1065157523293934,0.0657050660892433,True,1.0,0.1399999999999999,200.0,1.1372,0.1372,0.06308754487428742
2023-01-02,2023-01-07,Adelaide 1,SF,Hard,3,Novak Djokovic,Daniil Medvedev,player1,top_10,0.7842836893835112,1.53,1.54,-0.0064935064935065,0.6203473945409429,0.1639362948425683,0.1999540447567722,True,1.0,0.53,200.0,1.5194,0.5194000000000001,0.191640637649307
2023-01-09,2023-01-11,Auckland,R16,Hard,3,Casper Ruud,Laslo Djere,player2,top_10,0.8860448653971483,1.17,1.18,-0.0084745762711864,0.8103727714748785,0.0756720939222698,0.0366724925146634,False,1.0,-1.0,200.0,1.1665999999999999,-1.0,0.03365993997231312
2023-01-09,2023-01-11,Adelaide 2,R16,Hard,3,Thanasi Kokkinakis,Andrey Rublev,player1,top_10,0.3167553136018854,3.4,3.28,0.0365853658536585,0.281183932346723,0.0355713812551623,0.0769680662464104,True,1.0,2.4,200.0,3.352,2.352,0.061763811193519924
2023-01-16,2023-01-16,Australian Open,R128,Hard,5,Stefanos Tsitsipas,Quentin Halys,player2,top_10,0.952687023615342,1.14,1.14,0.0,0.8283132530120482,0.1243737706032938,0.0860632069214897,True,1.0,0.1399999999999999,200.0,1.1372,0.1372,0.08339568325536686
2023-01-16,2023-01-16,Australian Open,R128,Hard,5,Alex Molcan,Stan Wawrinka,player2,other,0.2789690863284766,3.75,3.7,0.0135135135135133,0.2559523809523809,0.0230167053760956,0.0461340737317872,True,1.0,2.75,200.0,3.695,2.695,0.030790773983720987
2023-01-16,2023-01-17,Australian Open,R128,Hard,5,Casper Ruud,Tomas Machac,player2,top_10,0.9342920776632994,1.17,1.17,0.0,0.8103727714748785,0.1239193061884208,0.0931217308660601,True,1.0,0.1699999999999999,200.0,1.1665999999999999,0.16659999999999986,0.08994513780200489
2023-01-16,2023-01-18,Australian Open,R128,Hard,5,Fabio Fognini,Thanasi Kokkinakis,player2,other,0.2102495627602316,5.0,5.0,0.0,0.1896272285251215,0.02062233423511,0.0512478138011582,False,1.0,-1.0,200.0,4.92,-1.0,0.034427848780339554
2023-01-16,2023-01-19,Australian Open,R64,Hard,5,Maxime Cressy,Holger Rune,player1,top_10,0.2073748225722405,5.0,5.01,-0.0019960079840318,0.1896272285251215,0.0177475940471189,0.0368741128612024,False,1.0,-1.0,200.0,4.92,-1.0,0.02028412705542315
2023-01-16,2023-01-20,Australian Open,R32,Hard,5,Stefanos Tsitsipas,Tallon Griekspoor,player1,top_10,0.9498535002331708,1.1,1.09,0.0091743119266054,0.8641975308641975,0.0856559693689734,0.0448388502564881,True,1.0,0.1,200.0,1.098,0.09800000000000009,0.04293914325602166
2023-01-16,2023-01-20,Australian Open,R32,Hard,5,Francisco Cerundolo,Felix Auger Aliassime,player2,top_10,0.2013638470770835,6.5,7.38,-0.1192411924119241,0.1458607095926412,0.0555031374844422,0.3088650060010429,False,1.0,-1.0,200.0,6.39,-1.0,0.28671498282256347
2023-01-16,2023-01-21,Australian Open,R32,Hard,5,Novak Djokovic,Grigor Dimitrov,player1,top_10,0.8694772438186983,1.2,1.2,0.0,0.7894736842105263,0.0800035596081719,0.0433726925824378,True,1.0,0.1999999999999999,200.0,1.196,0.19599999999999995,0.039894783607163115
2023-01-16,2023-01-22,Australian Open,R16,Hard,5,Yoshihito Nishioka,Karen Khachanov,player1,other,0.3721965998935982,3.0,2.86,0.0489510489510489,0.3181818181818181,0.05401478171178,0.1165897996807946,False,1.0,-1.0,200.0,2.96,-1.0,0.1017019356850507
2023-01-16,2023-01-22,Australian Open,R16,Hard,5,Jiri Lehecka,Felix Auger Aliassime,player1,top_10,0.3177645606290724,4.5,4.34,0.0368663594470046,0.2105263157894736,0.1072382448395987,0.4299405228308259,True,1.0,3.5,200.0,4.43,3.4299999999999997,0.4076970035867906
2023-01-16,2023-01-23,Australian Open,R16,Hard,5,Alex De Minaur,Novak Djokovic,player2,top_10,0.2306935626898337,4.5,4.4,0.0227272727272727,0.2105263157894736,0.02016724690036,0.0381210321042518,False,1.0,-1.0,200.0,4.43,-1.0,0.021972482715963193
2023-01-16,2023-01-29,Australian Open,F,Hard,5,Novak Djokovic,Stefanos Tsitsipas,player1,top_10,0.9285975859836444,1.2,1.2,0.0,0.7999999999999999,0.1285975859836444,0.1143171031803732,True,1.0,0.1999999999999999,200.0,1.196,0.19599999999999995,0.11060271283643866
2023-02-06,2023-02-10,Montpellier,QF,Hard,3,Holger Rune,Gregoire Barrere,player1,top_10,0.922598584214772,1.2,1.18,0.0169491525423728,0.7894736842105263,0.1331249000042456,0.1071183010577262,True,1.0,0.1999999999999999,200.0,1.196,0.19599999999999995,0.1034279067208673
2023-02-06,2023-02-10,Dallas,R16,Hard,3,Taylor Fritz,Jack Sock,player2,top_10,0.9369506792403416,1.11,1.13,-0.0176991150442475,0.8541392904073586,0.0828113888329828,0.0400152539567791,True,1.0,0.1100000000000001,200.0,1.1078000000000001,0.10780000000000012,0.037953962462450516
2023-02-06,2023-02-11,Montpellier,SF,Hard,3,Maxime Cressy,Holger Rune,player1,top_10,0.3412139217716539,4.0,4.05,-0.0123456790123456,0.238095238095238,0.1031186836764158,0.3648556870866157,True,1.0,3.0,200.0,3.94,2.94,0.34438285178031625
2023-02-13,2023-02-14,Rotterdam,R32,Hard,3,Lorenzo Sonego,Felix Auger Aliassime,player2,top_10,0.3265979238198242,3.75,3.41,0.0997067448680351,0.2559523809523809,0.0706455428674432,0.2247422143243408,False,1.0,-1.0,200.0,3.695,-1.0,0.2067793285142504
2023-02-13,2023-02-14,Rotterdam,R32,Hard,3,Emil Ruusuvuori,Stefanos Tsitsipas,player2,top_10,0.203997770884886,5.5,5.33,0.0318949343339587,0.1716867469879518,0.0323110238969342,0.121987739866873,False,1.0,-1.0,200.0,5.41,-1.0,0.10362794048723323
2023-02-13,2023-02-16,Rotterdam,R16,Hard,3,Jannik Sinner,Stefanos Tsitsipas,player2,top_10,0.4814126359223967,2.2,2.16,0.0185185185185186,0.4315245478036175,0.0498880881187791,0.0591077990292727,True,1.0,1.2000000000000002,200.0,2.176,1.1760000000000002,0.04755389576713531
2023-02-13,2023-02-16,Buenos Aires,R16,Clay,3,Laslo Djere,Carlos Alcaraz,player1,top_10,0.277424306028348,4.0,3.76,0.0638297872340425,0.238095238095238,0.0393290679331099,0.109697224113392,False,1.0,-1.0,200.0,3.94,-1.0,0.09305176575169105
2023-02-13,2023-02-17,Rotterdam,QF,Hard,3,Felix Auger Aliassime,Daniil Medvedev,player2,top_10,0.5148994973767691,2.2,2.26,-0.0265486725663715,0.4315245478036175,0.0833749495731515,0.1327788942288921,False,1.0,-1.0,200.0,2.176,-1.0,0.12042130629184966
2023-02-13,2023-02-18,Delray Beach,QF,Hard,3,Taylor Fritz,Adrian Mannarino,player2,top_10,0.8628970222517276,1.22,1.25,-0.024,0.7801801801801801,0.0827168420715475,0.0527343671471076,True,1.0,0.2199999999999999,200.0,1.2156,0.2156,0.04893762024920009
2023-02-13,2023-02-18,Buenos Aires,SF,Clay,3,Carlos Alcaraz,Bernabe Zapata Miralles,player1,top_10,0.98,1.11,1.11,0.0,0.8541392904073586,0.1258607095926414,0.0878,True,1.0,0.1100000000000001,200.0,1.1078000000000001,0.10780000000000012,0.0856440000000001
2023-02-13,2023-02-19,Delray Beach,F,Hard,3,Taylor Fritz,Miomir Kecmanovic,player2,top_10,0.8370446197887589,1.29,1.29,0.0,0.744047619047619,0.0929970007411399,0.079787559527499,True,1.0,0.29,200.0,1.2842,0.2842,0.07493270073272415
2023-02-13,2023-02-19,Buenos Aires,F,Clay,3,Cameron Norrie,Carlos Alcaraz,player1,top_10,0.2720247025343591,5.0,4.96,0.0080645161290322,0.1896272285251215,0.0823974740092375,0.3601235126717956,False,1.0,-1.0,200.0,4.92,-1.0,0.3383615364690469
2023-02-20,2023-02-22,Doha,R16,Hard,3,Jason Kubler,Felix Auger Aliassime,player2,top_10,0.2537949993949887,5.0,4.86,0.0288065843621398,0.1896272285251215,0.0641677708698671,0.2689749969749436,False,1.0,-1.0,200.0,4.92,-1.0,0.24867139702334418
2023-02-20,2023-02-23,Rio De Janeiro,R16,Clay,3,Carlos Alcaraz,Fabio Fognini,player1,top_10,0.98,1.06,1.06,0.0,0.9041591320072332,0.0758408679927666,0.0388,True,1.0,0.06,200.0,1.0588,0.05879999999999996,0.03762399999999994
2023-02-20,2023-02-24,Rio De Janeiro,QF,Clay,3,Carlos Alcaraz,Dusan Lajovic,player1,top_10,0.98,1.13,1.13,0.0,0.8415147265077139,0.1384852734922861,0.1073999999999998,True,1.0,0.1299999999999999,200.0,1.1274,0.12739999999999996,0.10485199999999995
2023-02-20,2023-02-25,Rio De Janeiro,SF,Clay,3,Nicolas Jarry,Carlos Alcaraz,player1,top_10,0.2810417054659857,4.5,4.5,0.0,0.2105263157894736,0.070515389676512,0.2646876745969357,False,1.0,-1.0,200.0,4.43,-1.0,0.2450147552143167
2023-02-20,2023-02-26,Rio De Janeiro,F,Clay,3,Cameron Norrie,Carlos Alcaraz,player1,top_10,0.2842744590145347,4.33,4.47,-0.0313199105145413,0.2198198198198198,0.0644546391947149,0.2309084075329354,True,1.0,3.33,200.0,4.2634,3.2634,0.2119757285625672
2023-02-27,2023-02-28,Dubai,R32,Hard,3,Felix Auger Aliassime,Maxime Cressy,player1,top_10,0.8945458805074614,1.3,1.31,-0.0076335877862595,0.7291666666666667,0.1653792138407946,0.1629096446596998,True,1.0,0.3,200.0,1.294,0.29400000000000004,0.1575423693766551
2023-02-27,2023-02-28,Acapulco,R32,Hard,3,Taylor Fritz,John Isner,player1,top_10,0.9289681741477176,1.29,1.27,0.0157480314960629,0.744047619047619,0.1849205551000986,0.1983689446505557,True,1.0,0.29,200.0,1.2842,0.2842,0.19298092924049892
2023-02-27,2023-03-01,Dubai,R16,Hard,3,Andrey Rublev,Alejandro Davidovich Fokina,player1,top_10,0.7934022729009846,1.3,1.32,-0.0151515151515151,0.7291666666666667,0.0642356062343179,0.03142295477128,True,1.0,0.3,200.0,1.294,0.29400000000000004,0.026662541133874146
2023-02-27,2023-03-01,Dubai,R16,Hard,3,Tallon Griekspoor,Novak Djokovic,player2,top_10,0.2022032259165903,10.0,8.87,0.1273957158962797,0.0958408679927667,0.1063623579238236,1.0220322591659032,False,1.0,-1.0,200.0,9.82,-1.0,0.9856356785009166
2023-02-27,2023-03-02,Dubai,QF,Hard,3,Andrey Rublev,Botic Van De Zandschulp,player2,top_10,0.7931592283730169,1.4,1.39,0.0071942446043165,0.6818181818181818,0.1113410465548351,0.1104229197222235,True,1.0,0.3999999999999999,200.0,1.392,0.3919999999999999,0.10407764589523943
2023-02-27,2023-03-02,Dubai,QF,Hard,3,Daniil Medvedev,Borna Coric,player2,top_10,0.8656117456852461,1.2,1.19,0.0084033613445377,0.7894736842105263,0.0761380614747198,0.0387340948222953,True,1.0,0.1999999999999999,200.0,1.196,0.19599999999999995,0.03527164783955433
2023-02-27,2023-03-02,Acapulco,R16,Hard,3,Taro Daniel,Casper Ruud,player2,top_10,0.3538088264300441,3.5,3.39,0.0324483775811208,0.2708333333333333,0.0829754930967107,0.2383308925051542,True,1.0,2.5,200.0,3.45,2.45,0.22064045118365216
2023-02-27,2023-03-02,Acapulco,R16,Hard,3,Taylor Fritz,Denis Shapovalov,player1,top_10,0.7363154423424505,1.62,1.61,0.0062111801242235,0.586734693877551,0.1495807484648995,0.1928310165947698,True,1.0,0.6200000000000001,200.0,1.6076000000000001,0.6076000000000001,0.18370070510972353
2023-02-27,2023-03-03,Dubai,SF,Hard,3,Novak Djokovic,Daniil Medvedev,player2,top_10,0.7674604753407607,1.44,1.44,0.0,0.6563245823389022,0.1111358930018584,0.1051430844906953,False,1.0,-1.0,200.0,1.4312,-1.0,0.0983894323076967
2023-02-27,2023-03-03,Acapulco,QF,Hard,3,Matteo Berrettini,Holger Rune,player1,top_10,0.5682421986276572,2.0,1.99,0.0050251256281406,0.4736842105263157,0.0945579881013414,0.1364843972553144,False,1.0,-1.0,200.0,1.98,-1.0,0.12511955328276136
2023-02-27,2023-03-03,Acapulco,QF,Hard,3,Frances Tiafoe,Taylor Fritz,player2,top_10,0.3868637125491799,2.75,2.59,0.0617760617760618,0.3436754176610979,0.043188294888082,0.0638752095102448,False,1.0,-1.0,200.0,2.715,-1.0,0.050334979571023286
2023-02-27,2023-03-04,Dubai,F,Hard,3,Daniil Medvedev,Andrey Rublev,player1,top_10,0.8695312421824912,1.22,1.23,-0.008130081300813,0.7801801801801801,0.0893510620023111,0.0608281154626392,True,1.0,0.2199999999999999,200.0,1.2156,0.2156,0.05700217799703636
2023-03-06,2023-03-10,Indian Wells Masters,R64,Hard,4,Jordan Thompson,Stefanos Tsitsipas,player2,top_10,0.1894301130680448,5.5,5.29,0.0396975425330812,0.1716867469879518,0.0177433660800929,0.0418656218742464,True,1.0,4.5,200.0,5.41,4.41,0.02481691169812239
2023-03-06,2023-03-10,Indian Wells Masters,R64,Hard,4,Diego Schwartzman,Casper Ruud,player1,top_10,0.3611195057650475,4.0,3.72,0.075268817204301,0.238095238095238,0.1230242676698094,0.4444780230601898,False,1.0,-1.0,200.0,3.94,-1.0,0.422810852714287
2023-03-06,2023-03-11,Indian Wells Masters,R64,Hard,4,Andrey Rublev,Jiri Lehecka,player2,top_10,0.7314694956513141,1.44,1.46,-0.0136986301369863,0.6563245823389022,0.0751449133124119,0.0533160737378923,True,1.0,0.4399999999999999,200.0,1.4312,0.4312,0.04687914217616079
2023-03-06,2023-03-11,Indian Wells Masters,R64,Hard,4,Daniil Medvedev,Brandon Nakashima,player1,top_10,0.9765983572831134,1.1,1.09,0.0091743119266054,0.8641975308641975,0.1124008264189159,0.0742581930114248,True,1.0,0.1,200.0,1.098,0.09800000000000009,0.07230499629685859
2023-03-06,2023-03-12,Indian Wells Masters,R64,Hard,4,Thanasi Kokkinakis,Carlos Alcaraz,player1,top_10,0.3109670114161818,3.4,3.28,0.0365853658536585,0.281183932346723,0.0297830790694587,0.057287838815018,False,1.0,-1.0,200.0,3.352,-1.0,0.042361422267041426
2023-03-06,2023-03-12,Indian Wells Masters,R32,Hard,4,Cristian Garin,Casper Ruud,player2,top_10,0.3555274496510752,4.33,4.05,0.0691358024691359,0.2198198198198198,0.1357076298312554,0.5394338569891557,True,1.0,3.33,200.0,4.2634,3.2634,0.515755728842394
2023-03-06,2023-03-13,Indian Wells Masters,R32,Hard,4,Holger Rune,Stan Wawrinka,player2,top_10,0.8626082845087444,1.22,1.25,-0.024,0.7801801801801801,0.0824281043285642,0.0523821071006681,False,1.0,-1.0,200.0,1.2156,-1.0,0.048586630648829676
2023-03-06,2023-03-13,Indian Wells Masters,R32,Hard,4,Sebastian Baez,Taylor Fritz,player1,top_10,0.2147939604900897,6.5,6.4,0.015625,0.1458607095926412,0.0689332508974485,0.3961607431855837,False,1.0,-1.0,200.0,6.39,-1.0,0.3725334075316731
2023-03-06,2023-03-14,Indian Wells Masters,R16,Hard,4,Marton Fucsovics,Taylor Fritz,player2,top_10,0.2522090055676659,4.5,4.19,0.0739856801909306,0.2105263157894736,0.0416826897781922,0.1349405250544965,False,1.0,-1.0,200.0,4.43,-1.0,0.11728589466475992
2023-03-06,2023-03-15,Indian Wells Masters,R16,Hard,4,Felix Auger Aliassime,Tommy Paul,player1,top_10,0.6097604109768099,1.8,1.84,-0.0217391304347825,0.5263157894736842,0.0834446215031257,0.0975687397582578,True,1.0,0.8,200.0,1.784,0.784,0.08781257318262886
2023-03-06,2023-03-17,Indian Wells Masters,QF,Hard,4,Carlos Alcaraz,Felix Auger Aliassime,player1,top_10,0.7588291806739513,1.36,1.37,-0.0072992700729926,0.7017543859649122,0.057074794709039,0.0320076857165738,True,1.0,0.3600000000000001,200.0,1.3528000000000002,0.3528000000000002,0.02654411561572151
2023-03-06,2023-03-18,Indian Wells Masters,SF,Hard,4,Frances Tiafoe,Daniil Medvedev,player1,top_10,0.3303221811447991,4.0,4.18,-0.0430622009569376,0.238095238095238,0.092226943049561,0.3212887245791964,False,1.0,-1.0,200.0,3.94,-1.0,0.3014693937105085
2023-03-06,2023-03-18,Indian Wells Masters,SF,Hard,4,Carlos Alcaraz,Jannik Sinner,player1,top_10,0.6849780050543584,1.53,1.57,-0.0254777070063694,0.6203473945409429,0.0646306105134154,0.0480163477331683,True,1.0,0.53,200.0,1.5194,0.5194000000000001,0.040755580879592135
2023-03-06,2023-03-19,Indian Wells Masters,F,Hard,4,Carlos Alcaraz,Daniil Medvedev,player1,top_10,0.6919197593098267,1.73,1.78,-0.0280898876404495,0.5483028720626633,0.1436168872471634,0.1970211836060003,True,1.0,0.73,200.0,1.7153999999999998,0.7153999999999998,0.18691915512007667
2023-03-20,2023-03-24,Miami Masters,R64,Hard,4,Ilya Ivashka,Casper Ruud,player2,top_10,0.3896096313201137,3.0,2.87,0.0452961672473868,0.3181818181818181,0.0714278131382956,0.1688288939603411,False,1.0,-1.0,200.0,2.96,-1.0,0.1532445087075366
2023-03-20,2023-03-25,Miami Masters,R64,Hard,4,Richard Gasquet,Stefanos Tsitsipas,player2,top_10,0.2074710972866739,5.0,4.75,0.0526315789473683,0.1896272285251215,0.0178438687615523,0.0373554864333695,False,1.0,-1.0,200.0,4.92,-1.0,0.020757798650435588
2023-03-20,2023-03-25,Miami Masters,R64,Hard,4,Thiago Monteiro,Felix Auger Aliassime,player2,top_10,0.1977473031980712,9.0,8.92,0.0089686098654708,0.1062562065541211,0.09149109664395,0.7797257287826409,False,1.0,-1.0,200.0,8.84,-1.0,0.7480861602709494
2023-03-20,2023-03-25,Miami Masters,R64,Hard,4,Thanasi Kokkinakis,Hubert Hurkacz,player1,top_10,0.3526009190986835,3.5,3.43,0.0204081632653061,0.2708333333333333,0.0817675857653501,0.2341032168453923,False,1.0,-1.0,200.0,3.45,-1.0,0.21647317089045826
2023-03-20,2023-03-26,Miami Masters,R32,Hard,4,Andrey Rublev,Miomir Kecmanovic,player2,top_10,0.8703332578266165,1.22,1.22,0.0,0.7801801801801801,0.0901530776464364,0.0618065745484721,True,1.0,0.2199999999999999,200.0,1.2156,0.2156,0.05797710821403507
2023-03-20,2023-03-26,Miami Masters,R32,Hard,4,Taylor Fritz,Denis Shapovalov,player2,top_10,0.7954758833664343,1.36,1.34,0.0149253731343284,0.7017543859649122,0.093721497401522,0.0818472013783506,True,1.0,0.3600000000000001,200.0,1.3528000000000002,0.3528000000000002,0.07611977501811246
2023-03-20,2023-03-27,Miami Masters,R32,Hard,4,Alex Molcan,Daniil Medvedev,player1,top_10,0.1447949834939917,11.0,11.12,-0.0107913669064747,0.0871369294605809,0.0576580540334107,0.5927448184339086,False,1.0,-1.0,200.0,10.8,-1.0,0.5637858217351104
2023-03-20,2023-03-27,Miami Masters,R32,Hard,4,Grigor Dimitrov,Jannik Sinner,player1,other,0.2709726109382949,4.33,4.17,0.0383693045563549,0.2198198198198198,0.0511527911184751,0.173311405362817,False,1.0,-1.0,200.0,4.2634,-1.0,0.1552646294743263
2023-03-20,2023-03-27,Miami Masters,R32,Hard,4,Casper Ruud,Botic Van De Zandschulp,player2,top_10,0.8195205992053961,1.3,1.32,-0.0151515151515151,0.7291666666666667,0.0903539325387293,0.0653767789670149,False,1.0,-1.0,200.0,1.294,-1.0,0.060459655371782606
2023-03-20,2023-03-29,Miami Masters,R16,Hard,4,Quentin Halys,Daniil Medvedev,player1,top_10,0.1322647424187681,9.0,8.27,0.0882708585247884,0.1062562065541211,0.0260085358646469,0.1903826817689133,False,1.0,-1.0,200.0,8.84,-1.0,0.16922032298190992
2023-03-20,2023-03-31,Miami Masters,SF,Hard,4,Daniil Medvedev,Karen Khachanov,player1,top_10,0.8823259959479869,1.2,1.2,0.0,0.7894736842105263,0.0928523117374605,0.0587911951375842,True,1.0,0.1999999999999999,200.0,1.196,0.19599999999999995,0.055261891153792264
2023-03-20,2023-04-02,Miami Masters,F,Hard,4,Jannik Sinner,Daniil Medvedev,player1,top_10,0.5580519502959729,1.91,1.93,-0.0103626943005181,0.5,0.0580519502959728,0.0658792250653081,False,1.0,-1.0,200.0,1.8918,-1.0,0.05572267956992144
2023-04-03,2023-04-07,Estoril,QF,Clay,3,Sebastian Baez,Casper Ruud,player1,top_10,0.3915872598901571,2.75,2.8,-0.0178571428571427,0.3436754176610979,0.0479118422290592,0.076864964697932,False,1.0,-1.0,200.0,2.715,-1.0,0.06315941060177643
2023-04-10,2023-04-11,Monte Carlo Masters,R32,Clay,4,Stefanos Tsitsipas,Benjamin Bonzi,player2,top_10,0.9071510003016352,1.17,1.13,0.0353982300884956,0.8103727714748785,0.0967782288267566,0.0613666703529131,True,1.0,0.1699999999999999,200.0,1.1665999999999999,0.16659999999999986,0.05828235695188749
2023-04-10,2023-04-11,Monte Carlo Masters,R32,Clay,4,Jaume Munar,Andrey Rublev,player2,top_10,0.2460325463923417,4.5,4.56,-0.013157894736842,0.2105263157894736,0.035506230602868,0.1071464587655378,False,1.0,-1.0,200.0,4.43,-1.0,0.08992418051807372
2023-04-10,2023-04-12,Monte Carlo Masters,R32,Clay,4,Taylor Fritz,Stan Wawrinka,player2,top_10,0.7012568048468688,1.5,1.49,0.0067114093959732,0.6368038740920097,0.0644529307548591,0.0518852072703032,True,1.0,0.5,200.0,1.49,0.49,0.04487263922183454
2023-04-10,2023-04-12,Monte Carlo Masters,R32,Clay,4,Casper Ruud,Botic Van De Zandschulp,player2,top_10,0.8640255601531146,1.2,1.21,-0.0082644628099173,0.7894736842105263,0.0745518759425882,0.0368306721837374,True,1.0,0.1999999999999999,200.0,1.196,0.19599999999999995,0.033374569943125015
2023-04-10,2023-04-12,Monte Carlo Masters,R32,Clay,4,Dominic Thiem,Holger Rune,player2,top_10,0.5181540595239273,2.75,2.69,0.0223048327137547,0.3436754176610979,0.1744786418628294,0.4249236636908002,False,1.0,-1.0,200.0,2.715,-1.0,0.40678827160746267
2023-04-10,2023-04-12,Monte Carlo Masters,R32,Clay,4,Lorenzo Sonego,Daniil Medvedev,player1,top_10,0.4557555140021246,3.4,3.36,0.0119047619047618,0.281183932346723,0.1745715816554016,0.5495687476072239,False,1.0,-1.0,200.0,3.352,-1.0,0.5276924829351215
2023-04-10,2023-04-12,Monte Carlo Masters,R32,Clay,4,Jannik Sinner,Diego Schwartzman,player1,top_10,0.98,1.11,1.12,-0.0089285714285713,0.8541392904073586,0.1258607095926414,0.0878,True,1.0,0.1100000000000001,200.0,1.1078000000000001,0.10780000000000012,0.0856440000000001
2023-04-10,2023-04-13,Monte Carlo Masters,R16,Clay,4,Casper Ruud,Jan Lennard Struff,player2,top_10,0.7999287543891493,1.3,1.32,-0.0151515151515151,0.7291666666666667,0.0707620877224826,0.0399073807058941,False,1.0,-1.0,200.0,1.294,-1.0,0.035107808179559274
2023-04-10,2023-04-13,Monte Carlo Masters,R16,Clay,4,Andrey Rublev,Karen Khachanov,player2,top_10,0.5519206459156818,1.91,1.84,0.0380434782608694,0.5,0.0519206459156817,0.0541684336989521,True,1.0,0.91,200.0,1.8918,0.8917999999999999,0.044123477943286804
2023-04-10,2023-04-13,Monte Carlo Masters,R16,Clay,4,Matteo Berrettini,Holger Rune,player1,top_10,0.3890933188590468,2.75,2.77,-0.0072202166064981,0.3436754176610979,0.0454179011979489,0.0700066268623788,False,1.0,-1.0,200.0,2.715,-1.0,0.05638836070231201
2023-04-10,2023-04-13,Monte Carlo Masters,R16,Clay,4,Lorenzo Musetti,Novak Djokovic,player2,top_10,0.3564943724141993,5.0,5.06,-0.0118577075098813,0.1896272285251215,0.1668671438890777,0.7824718620709967,True,1.0,4.0,200.0,4.92,3.92,0.7539523122778606
2023-04-10,2023-04-14,Monte Carlo Masters,QF,Clay,4,Jan Lennard Struff,Andrey Rublev,player1,top_10,0.3799456954388853,3.0,2.85,0.0526315789473683,0.3181818181818181,0.0617638772570672,0.139837086316656,False,1.0,-1.0,200.0,2.96,-1.0,0.12463925849910051
2023-04-10,2023-04-16,Monte Carlo Masters,F,Clay,4,Andrey Rublev,Holger Rune,player2,top_10,0.4340338046886131,2.5,2.46,0.0162601626016261,0.3796526054590571,0.0543811992295559,0.0850845117215327,True,1.0,1.5,200.0,2.4699999999999998,1.4699999999999998,0.07206349758087416
2023-04-17,2023-04-19,Barcelona,R32,Clay,3,Diego Schwartzman,Jannik Sinner,player1,top_10,0.1517724640484282,8.0,8.03,-0.0037359900373598,0.118942731277533,0.0328297327708952,0.2141797123874259,False,1.0,-1.0,200.0,7.859999999999999,-1.0,0.19293156742064554
2023-04-17,2023-04-20,Munich,R16,Clay,3,Taylor Fritz,Marton Fucsovics,player2,top_10,0.8151973996023132,1.3,1.32,-0.0151515151515151,0.7291666666666667,0.0860307329356464,0.0597566194830071,True,1.0,0.3,200.0,1.294,0.29400000000000004,0.054865435085393294
2023-04-17,2023-04-20,Munich,R16,Clay,3,Yannick Hanfmann,Holger Rune,player1,top_10,0.3413179321025235,3.75,3.65,0.0273972602739727,0.2559523809523809,0.0853655511501426,0.2799422453844632,False,1.0,-1.0,200.0,3.695,-1.0,0.26116975911882423
2023-04-17,2023-04-20,Barcelona,R16,Clay,3,Stefanos Tsitsipas,Denis Shapovalov,player1,top_10,0.9475408224006648,1.2,1.21,-0.0082644628099173,0.7894736842105263,0.1580671381901384,0.1370489868807976,True,1.0,0.1999999999999999,200.0,1.196,0.19599999999999995,0.1332588235911951
2023-04-17,2023-04-20,Barcelona,R16,Clay,3,Casper Ruud,Francisco Cerundolo,player1,top_10,0.7636134218292684,1.44,1.44,0.0,0.6563245823389022,0.1072888394903661,0.0996033274341464,False,1.0,-1.0,200.0,1.4312,-1.0,0.09288352932204896
2023-04-17,2023-04-20,Barcelona,R16,Clay,3,Carlos Alcaraz,Roberto Bautista Agut,player2,top_10,0.9729962952671036,1.06,1.06,0.0,0.9041591320072332,0.0688371632598703,0.0313760729831298,True,1.0,0.06,200.0,1.0588,0.05879999999999996,0.030208477428809284
2023-04-17,2023-04-21,Barcelona,QF,Clay,3,Alex De Minaur,Stefanos Tsitsipas,player1,top_10,0.2493674599242917,4.33,4.16,0.0408653846153845,0.2198198198198198,0.0295476401044719,0.079761101472183,False,1.0,-1.0,200.0,4.2634,-1.0,0.06315322864122519
2023-04-17,2023-04-21,Barcelona,QF,Clay,3,Lorenzo Musetti,Jannik Sinner,player1,top_10,0.3493862067708232,3.2,3.21,-0.0031152647975076,0.2982456140350877,0.0511405927357355,0.1180358616666346,True,1.0,2.2,200.0,3.156,2.156,0.10266286856871809
2023-04-17,2023-04-21,Banja Luka,QF,Clay,3,Andrey Rublev,Damir Dzumhur,player1,top_10,0.98,1.06,1.06,0.0,0.9041591320072332,0.0758408679927666,0.0388,True,1.0,0.06,200.0,1.0588,0.05879999999999996,0.03762399999999994
2023-04-17,2023-04-22,Munich,SF,Clay,3,Taylor Fritz,Botic Van De Zandschulp,player1,top_10,0.7797690691073075,1.44,1.46,-0.0136986301369863,0.6563245823389022,0.1234444867684052,0.1228674595145227,False,1.0,-1.0,200.0,1.4312,-1.0,0.11600549170637847
2023-04-17,2023-04-22,Barcelona,SF,Clay,3,Stefanos Tsitsipas,Lorenzo Musetti,player2,top_10,0.7778364558543344,1.33,1.35,-0.0148148148148148,0.7188160676532769,0.0590203882010574,0.0345224862862647,True,1.0,0.33,200.0,1.3234000000000001,0.32340000000000013,0.029388765677626216
2023-04-17,2023-04-22,Banja Luka,SF,Clay,3,Andrey Rublev,Alex Molcan,player2,top_10,0.8805595119326265,1.17,1.2,-0.025,0.8103727714748785,0.0701867404577479,0.0302546289611729,True,1.0,0.1699999999999999,200.0,1.1665999999999999,0.16659999999999986,0.027260726620601944
2023-04-17,2023-04-23,Banja Luka,F,Clay,3,Andrey Rublev,Dusan Lajovic,player1,top_10,0.887881837120064,1.25,1.25,0.0,0.7619047619047619,0.1259770752153021,0.1098522964000799,False,1.0,-1.0,200.0,1.245,-1.0,0.10541288721447972
2023-04-24,2023-04-28,Madrid Masters,R64,Clay,4,Alexander Bublik,Holger Rune,player1,top_10,0.1739966827774505,6.0,5.44,0.102941176470588,0.158485273492286,0.0155114092851644,0.0439800966647034,False,1.0,-1.0,200.0,5.9,-1.0,0.026580428386958066
2023-04-24,2023-04-29,Madrid Masters,R64,Clay,4,Felix Auger Aliassime,Dusan Lajovic,player1,top_10,0.7841653719670041,1.73,1.72,0.0058139534883721,0.5483028720626633,0.2358624999043408,0.356606093502917,False,1.0,-1.0,200.0,1.7153999999999998,-1.0,0.3451572790721986
2023-04-24,2023-04-30,Madrid Masters,R32,Clay,4,Alejandro Davidovich Fokina,Holger Rune,player1,top_10,0.4126467593641981,2.75,2.68,0.0261194029850746,0.3436754176610979,0.0689713417031002,0.1347785882515448,True,1.0,1.75,200.0,2.715,1.7149999999999999,0.12033595167379774
2023-04-24,2023-04-30,Madrid Masters,R32,Clay,4,Roberto Bautista Agut,Karen Khachanov,player1,other,0.453501593271277,2.38,2.36,0.0084745762711864,0.3974683544303797,0.0560332388408972,0.079333791985639,False,1.0,-1.0,200.0,2.3524,-1.0,0.06681714801135186
2023-04-24,2023-04-30,Madrid Masters,R32,Clay,4,Carlos Alcaraz,Grigor Dimitrov,player1,top_10,0.956433227848092,1.1,1.08,0.0185185185185186,0.8641975308641975,0.0922356969838945,0.0520765506329013,True,1.0,0.1,200.0,1.098,0.09800000000000009,0.05016368417720514
2023-04-24,2023-05-01,Madrid Masters,R32,Clay,4,Sebastian Baez,Stefanos Tsitsipas,player1,top_10,0.2398737281705288,5.5,5.36,0.0261194029850746,0.1716867469879518,0.068186981182577,0.3193055049379085,False,1.0,-1.0,200.0,5.41,-1.0,0.2977168694025607
2023-04-24,2023-05-02,Madrid Masters,R16,Clay,4,Aslan Karatsev,Daniil Medvedev,player1,top_10,0.3770630317394425,3.75,3.52,0.0653409090909091,0.2559523809523809,0.1211106507870615,0.4139863690229095,True,1.0,2.75,200.0,3.695,2.695,0.39324790227723994
2023-04-24,2023-05-02,Madrid Masters,R16,Clay,4,Karen Khachanov,Andrey Rublev,player2,top_10,0.4356910469438368,2.63,2.62,0.0038167938931297,0.3631961259079903,0.0724949210358465,0.1458674534622909,True,1.0,1.63,200.0,2.5974,1.5974,0.13166392533192173
2023-04-24,2023-05-03,Madrid Masters,QF,Clay,4,Carlos Alcaraz,Karen Khachanov,player1,top_10,0.9763205206270984,1.07,1.07,0.0,0.893743793445879,0.0825767271812193,0.0446629570709952,True,1.0,0.07,200.0,1.0686,0.0686,0.04329610834211735
2023-05-08,2023-05-12,Rome Masters,R64,Clay,4,Jannik Sinner,Thanasi Kokkinakis,player2,top_10,0.929510117399184,1.11,1.12,-0.0089285714285713,0.8541392904073586,0.0753708269918255,0.0317562303130944,True,1.0,0.1100000000000001,200.0,1.1078000000000001,0.10780000000000012,0.02971130805481613
2023-05-08,2023-05-13,Rome Masters,R64,Clay,4,Andrey Rublev,Alex Molcan,player2,top_10,0.8816297596599895,1.17,1.18,-0.0084745762711864,0.8103727714748785,0.0712569881851109,0.0315068188021876,True,1.0,0.1699999999999999,200.0,1.1665999999999999,0.16659999999999986,0.028509277619343576
2023-05-08,2023-05-14,Rome Masters,R64,Clay,4,Emil Ruusuvuori,Daniil Medvedev,player1,top_10,0.3437323090500168,3.0,3.27,-0.0825688073394496,0.3181818181818181,0.0255504908681986,0.0311969271500504,False,1.0,-1.0,200.0,2.96,-1.0,0.01744763478804967
2023-05-08,2023-05-14,Rome Masters,R64,Clay,4,Yannick Hanfmann,Taylor Fritz,player2,top_10,0.4408172793246379,2.75,2.74,0.0036496350364962,0.3436754176610979,0.09714186166354,0.2122475181427541,True,1.0,1.75,200.0,2.715,1.7149999999999999,0.1968189133663918
2023-05-08,2023-05-14,Rome Masters,R32,Clay,4,Casper Ruud,Alexander Bublik,player1,top_10,0.9038154222337128,1.17,1.16,0.0086206896551723,0.8103727714748785,0.0934426507588342,0.0574640440134439,True,1.0,0.1699999999999999,200.0,1.1665999999999999,0.16659999999999986,0.054391071577849226
2023-05-08,2023-05-14,Rome Masters,R32,Clay,4,Holger Rune,Fabio Fognini,player2,top_10,0.8913495759168326,1.2,1.18,0.0169491525423728,0.7894736842105263,0.1018758917063062,0.0696194911001991,True,1.0,0.1999999999999999,200.0,1.196,0.19599999999999995,0.06605409279653177
2023-05-08,2023-05-14,Rome Masters,R32,Clay,4,Novak Djokovic,Grigor Dimitrov,player1,top_10,0.9214689198765555,1.14,1.14,0.0,0.8283132530120482,0.0931556668645074,0.0504745686592733,True,1.0,0.1399999999999999,200.0,1.1372,0.1372,0.04789445568361897
2023-05-08,2023-05-16,Rome Masters,R16,Clay,4,Yannick Hanfmann,Andrey Rublev,player2,top_10,0.3183918526691323,3.4,3.28,0.0365853658536585,0.281183932346723,0.0372079203224092,0.0825322990750497,True,1.0,2.4,200.0,3.352,2.352,0.06724949014693138
2023-05-08,2023-05-16,Rome Masters,R16,Clay,4,Laslo Djere,Casper Ruud,player2,top_10,0.3714699664801135,3.0,2.89,0.0380622837370241,0.3181818181818181,0.0532881482982954,0.1144098994403406,False,1.0,-1.0,200.0,2.96,-1.0,0.09955110078113594
2023-05-08,2023-05-16,Rome Masters,R16,Clay,4,Alexei Popyrin,Holger Rune,player1,top_10,0.3356187466091248,5.0,4.68,0.0683760683760683,0.1896272285251215,0.1459915180840032,0.6780937330456238,False,1.0,-1.0,200.0,4.92,-1.0,0.6512442333168937
2023-05-08,2023-05-17,Rome Masters,QF,Clay,4,Casper Ruud,Francisco Cerundolo,player1,top_10,0.6640122605619381,1.62,1.59,0.0188679245283018,0.586734693877551,0.0772775666843871,0.0756998621103397,True,1.0,0.6200000000000001,200.0,1.6076000000000001,0.6076000000000001,0.06746611007937175
2023-05-08,2023-05-17,Rome Masters,QF,Clay,4,Holger Rune,Novak Djokovic,player2,top_10,0.4623858427712153,3.4,3.29,0.033434650455927,0.281183932346723,0.1812019104244922,0.572111865422132,True,1.0,2.4,200.0,3.352,2.352,0.5499173449691137
2023-05-08,2023-05-18,Rome Masters,QF,Clay,4,Stefanos Tsitsipas,Borna Coric,player2,top_10,0.8004035840134204,1.29,1.3,-0.0076923076923076,0.744047619047619,0.0563559649658014,0.0325206233773123,True,1.0,0.29,200.0,1.2842,0.2842,0.027878282590034442
2023-05-08,2023-05-18,Rome Masters,QF,Clay,4,Yannick Hanfmann,Daniil Medvedev,player1,top_10,0.4268384803305711,3.0,2.92,0.0273972602739727,0.3181818181818181,0.108656662148753,0.2805154409917134,False,1.0,-1.0,200.0,2.96,-1.0,0.2634419017784905
2023-05-08,2023-05-20,Rome Masters,SF,Clay,4,Stefanos Tsitsipas,Daniil Medvedev,player2,top_10,0.6964970936700979,1.62,1.63,-0.0061349693251532,0.586734693877551,0.1097623997925469,0.1283252917455587,False,1.0,-1.0,200.0,1.6076000000000001,-1.0,0.11968872778404954
2023-05-08,2023-05-20,Rome Masters,SF,Clay,4,Holger Rune,Casper Ruud,player1,top_10,0.6722743924072428,1.57,1.62,-0.0308641975308642,0.6025316455696202,0.0697427468376226,0.0554707960793713,True,1.0,0.5700000000000001,200.0,1.5586000000000002,0.5586000000000002,0.04780686800592887
2023-05-22,2023-05-24,Geneva,R16,Clay,3,Marcos Giron,Taylor Fritz,player2,top_10,0.3676344463024983,3.4,3.39,0.0029498525073745,0.281183932346723,0.0864505139557752,0.2499571174284942,False,1.0,-1.0,200.0,3.352,-1.0,0.23231066400597433
2023-05-22,2023-05-24,Geneva,R16,Clay,3,J J Wolf,Casper Ruud,player2,top_10,0.2731412997028505,4.5,4.37,0.0297482837528604,0.2105263157894736,0.0626149839133768,0.2291358486628273,False,1.0,-1.0,200.0,4.43,-1.0,0.21001595768362769
2023-05-22,2023-05-25,Geneva,QF,Clay,3,Casper Ruud,Nicolas Jarry,player1,top_10,0.774522370092472,1.33,1.31,0.0152671755725191,0.7188160676532769,0.0557063024391951,0.0301147522229878,False,1.0,-1.0,200.0,1.3234000000000001,-1.0,0.025002904580377627
2023-05-29,2023-05-29,Roland Garros,R128,Clay,5,Felix Auger Aliassime,Fabio Fognini,player1,top_10,0.8355545470719432,1.36,1.34,0.0149253731343284,0.7017543859649122,0.1338001611070309,0.1363541840178428,False,1.0,-1.0,200.0,1.3528000000000002,-1.0,0.130338191278925
2023-05-29,2023-05-30,Roland Garros,R128,Clay,5,Thiago Seyboth Wild,Daniil Medvedev,player1,top_10,0.1516822644867719,11.0,9.81,0.1213047910295617,0.0871369294605809,0.064545335026191,0.6685049093544915,True,1.0,10.0,200.0,10.8,9.8,0.6381684564571368
2023-05-29,2023-06-01,Roland Garros,R64,Clay,5,Holger Rune,Gael Monfils,player2,top_10,0.9701445994114676,1.07,1.06,0.009433962264151,0.893743793445879,0.0764008059655887,0.0380547213702704,True,1.0,0.07,200.0,1.0686,0.0686,0.036696518931094255
2023-05-29,2023-06-01,Roland Garros,R64,Clay,5,Taylor Fritz,Arthur Rinderknech,player2,top_10,0.98,1.11,1.12,-0.0089285714285713,0.8541392904073586,0.1258607095926414,0.0878,True,1.0,0.1100000000000001,200.0,1.1078000000000001,0.10780000000000012,0.0856440000000001
2023-05-29,2023-06-01,Roland Garros,R64,Clay,5,Jannik Sinner,Daniel Altmaier,player2,top_10,0.9744398560601713,1.08,1.08,0.0,0.8810572687224669,0.0933825873377042,0.0523950445449849,False,1.0,-1.0,200.0,1.0784,-1.0,0.050835940775288704
2023-05-29,2023-06-02,Roland Garros,R32,Clay,5,Stefanos Tsitsipas,Diego Schwartzman,player1,top_10,0.98,1.1,1.09,0.0091743119266054,0.8641975308641975,0.1158024691358025,0.078,True,1.0,0.1,200.0,1.098,0.09800000000000009,0.07604000000000007
2023-05-29,2023-06-02,Roland Garros,R32,Clay,5,Andrey Rublev,Lorenzo Sonego,player1,top_10,0.8170959749058043,1.29,1.29,0.0,0.744047619047619,0.0730483558581853,0.0540538076284876,False,1.0,-1.0,200.0,1.2842,-1.0,0.049314650974033925
2023-05-29,2023-06-04,Roland Garros,R16,Clay,5,Carlos Alcaraz,Lorenzo Musetti,player1,top_10,0.8989757134184804,1.17,1.18,-0.0084745762711864,0.8103727714748785,0.0886029419436018,0.0518015846996219,True,1.0,0.1699999999999999,200.0,1.1665999999999999,0.16659999999999986,0.048745067273999076
2023-05-29,2023-06-05,Roland Garros,R16,Clay,5,Francisco Cerundolo,Holger Rune,player1,top_10,0.3745843013351327,3.4,3.24,0.0493827160493827,0.281183932346723,0.0934003689884097,0.2735866245394514,False,1.0,-1.0,200.0,3.352,-1.0,0.2556065780753647
2023-05-29,2023-06-07,Roland Garros,QF,Clay,5,Casper Ruud,Holger Rune,player1,top_10,0.6675656958330037,1.73,1.76,-0.0170454545454545,0.5483028720626633,0.1192628237703404,0.1548886537910964,True,1.0,0.73,200.0,1.7153999999999998,0.7153999999999998,0.1451421946319345
2023-05-29,2023-06-09,Roland Garros,SF,Clay,5,Novak Djokovic,Carlos Alcaraz,player2,top_10,0.4293376554726528,2.63,2.63,0.0,0.3631961259079903,0.0661415295646624,0.1291580338930767,True,1.0,1.63,200.0,2.5974,1.5974,0.11516162632466831
2023-05-29,2023-06-09,Roland Garros,SF,Clay,5,Casper Ruud,Alexander Zverev,player1,top_10,0.5506554109373007,1.91,1.89,0.0105820105820106,0.5,0.0506554109373007,0.0517518348902443,True,1.0,0.91,200.0,1.8918,0.8917999999999999,0.04172990641118551
2023-05-29,2023-06-11,Roland Garros,F,Clay,5,Casper Ruud,Novak Djokovic,player2,top_10,0.3313052395333047,4.8,4.7,0.0212765957446807,0.1999999999999999,0.1313052395333047,0.5902651497598626,False,1.0,-1.0,200.0,4.724,-1.0,0.5650859515553315
2023-06-12,2023-06-14,s Hertogenbosch,R16,Grass,3,Alexander Bublik,Jannik Sinner,player1,top_10,0.3525635248983927,3.75,3.4,0.1029411764705883,0.2559523809523809,0.0966111439460118,0.3221132183689728,False,1.0,-1.0,200.0,3.695,-1.0,0.302722224499561
2023-06-12,2023-06-15,Stuttgart,R16,Grass,3,Richard Gasquet,Stefanos Tsitsipas,player1,top_10,0.2656801652586895,4.0,3.66,0.0928961748633878,0.238095238095238,0.0275849271634514,0.0627206610347579,True,1.0,3.0,200.0,3.94,2.94,0.04677985111923655
2023-06-12,2023-06-15,s Hertogenbosch,R16,Grass,3,Adrian Mannarino,Daniil Medvedev,player2,top_10,0.2295769056103125,4.5,4.69,-0.0405117270788913,0.2105263157894736,0.0190505898208388,0.0330960752464063,True,1.0,3.5,200.0,4.43,3.4299999999999997,0.0170256918536843
2023-06-12,2023-06-16,Stuttgart,QF,Grass,3,Marton Fucsovics,Taylor Fritz,player2,top_10,0.2882249886521124,4.0,3.69,0.0840108401084012,0.238095238095238,0.0501297505568743,0.1528999546084497,True,1.0,3.0,200.0,3.94,2.94,0.1356064552893228
2023-06-12,2023-06-16,s Hertogenbosch,QF,Grass,3,Jannik Sinner,Emil Ruusuvuori,player2,top_10,0.8422398442580493,1.25,1.24,0.0080645161290322,0.7619047619047619,0.0803350823532874,0.0527998053225616,False,1.0,-1.0,200.0,1.245,-1.0,0.0485886061012715
2023-06-19,2023-06-19,Halle,R32,Grass,3,Marcos Giron,Daniil Medvedev,player1,top_10,0.2271133502565249,6.0,5.52,0.0869565217391306,0.158485273492286,0.0686280767642388,0.3626801015391498,False,1.0,-1.0,200.0,5.9,-1.0,0.33996876651349706
2023-06-19,2023-06-20,Queen's Club,R32,Grass,3,Maxime Cressy,Holger Rune,player1,top_10,0.4731195428770116,2.63,2.6,0.0115384615384614,0.3631961259079903,0.1099234169690212,0.2443043977665404,False,1.0,-1.0,200.0,2.5974,-1.0,0.22888070066874988
2023-06-19,2023-06-20,Queen's Club,R32,Grass,3,Frances Tiafoe,Botic Van De Zandschulp,player2,top_10,0.7247950368893811,1.44,1.49,-0.0335570469798658,0.6563245823389022,0.0684704545504788,0.0437048531207087,True,1.0,0.4399999999999999,200.0,1.4312,0.4312,0.037326656796082214
2023-06-19,2023-06-20,Halle,R32,Grass,3,Richard Gasquet,Jannik Sinner,player1,top_10,0.2358175891478708,4.5,4.51,-0.0022172949002217,0.2105263157894736,0.0252912733583972,0.0611791511654189,False,1.0,-1.0,200.0,4.43,-1.0,0.04467191992506747
2023-06-19,2023-06-20,Halle,R32,Grass,3,Yibing Wu,Andrey Rublev,player2,top_10,0.4081811067879599,3.5,3.47,0.0086455331412103,0.2708333333333333,0.1373477734546265,0.4286338737578596,False,1.0,-1.0,200.0,3.45,-1.0,0.4082248184184618
2023-06-19,2023-06-21,Halle,R16,Grass,3,Stefanos Tsitsipas,Nicolas Jarry,player2,top_10,0.7656795182850823,1.4,1.38,0.0144927536231884,0.6818181818181818,0.0838613364669005,0.0719513255991151,False,1.0,-1.0,200.0,1.392,-1.0,0.06582588945283446
2023-06-19,2023-06-21,Halle,R16,Grass,3,Brandon Nakashima,Roberto Bautista Agut,player2,other,0.4854154459371117,2.2,2.12,0.0377358490566037,0.4315245478036175,0.0538908981334941,0.0679139810616459,False,1.0,-1.0,200.0,2.176,-1.0,0.05626401035915518
2023-06-19,2023-06-22,Queen's Club,R16,Grass,3,Taylor Fritz,Adrian Mannarino,player1,top_10,0.8234938265380034,1.29,1.29,0.0,0.744047619047619,0.0794462074903844,0.0623070362340244,False,1.0,-1.0,200.0,1.2842,-1.0,0.057530772040103983
2023-06-19,2023-06-22,Queen's Club,R16,Grass,3,Jiri Lehecka,Carlos Alcaraz,player1,top_10,0.3382666519160368,4.5,4.3,0.0465116279069768,0.2105263157894736,0.1277403361265631,0.5221999336221655,False,1.0,-1.0,200.0,4.43,-1.0,0.49852126798804275
2023-06-19,2023-06-22,Halle,R16,Grass,3,Andrey Rublev,Yannick Hanfmann,player2,top_10,0.9027211559314332,1.2,1.2,0.0,0.7894736842105263,0.1132474717209068,0.0832653871177198,True,1.0,0.1999999999999999,200.0,1.196,0.19599999999999995,0.07965450249399408
2023-06-19,2023-06-23,Queen's Club,QF,Grass,3,Lorenzo Musetti,Holger Rune,player1,top_10,0.4428480688911975,2.38,2.34,0.017094017094017,0.3974683544303797,0.0453797144608177,0.0539784039610501,False,1.0,-1.0,200.0,2.3524,-1.0,0.04175579725965295
2023-06-19,2023-06-23,Queen's Club,QF,Grass,3,Grigor Dimitrov,Carlos Alcaraz,player1,top_10,0.356672582456754,3.2,3.14,0.019108280254777,0.2982456140350877,0.0584269684216663,0.141352263861613,False,1.0,-1.0,200.0,3.156,-1.0,0.12565867023351562
2023-06-19,2023-06-23,Halle,QF,Grass,3,Alexander Bublik,Jannik Sinner,player2,top_10,0.3127113979496356,3.4,3.16,0.0759493670886075,0.281183932346723,0.0315274656029125,0.0632187530287612,True,1.0,2.4,200.0,3.352,2.352,0.04820860592717857
2023-06-19,2023-06-23,Halle,QF,Grass,3,Tallon Griekspoor,Andrey Rublev,player1,top_10,0.4194431399224719,2.5,2.58,-0.0310077519379845,0.3796526054590571,0.0397905344634148,0.0486078498061798,False,1.0,-1.0,200.0,2.4699999999999998,-1.0,0.03602455560850537
2023-06-19,2023-06-23,Halle,QF,Grass,3,Roberto Bautista Agut,Daniil Medvedev,player1,top_10,0.3485367837962874,3.4,3.24,0.0493827160493827,0.281183932346723,0.0673528514495643,0.1850250649073772,True,1.0,2.4,200.0,3.352,2.352,0.1682952992851553
2023-06-19,2023-06-24,Queen's Club,SF,Grass,3,Alex De Minaur,Holger Rune,player1,top_10,0.5816120539285525,1.91,1.88,0.0159574468085106,0.5,0.0816120539285525,0.1108790230035352,True,1.0,0.91,200.0,1.8918,0.8917999999999999,0.10029368362203561
2023-06-19,2023-06-24,Queen's Club,SF,Grass,3,Carlos Alcaraz,Sebastian Korda,player1,top_10,0.7863196848257673,1.33,1.35,-0.0148148148148148,0.7188160676532769,0.0675036171724904,0.0458051808182705,True,1.0,0.33,200.0,1.3234000000000001,0.32340000000000013,0.04061547089842055
2023-06-19,2023-06-24,Halle,SF,Grass,3,Andrey Rublev,Roberto Bautista Agut,player1,top_10,0.6449417948407902,1.8,1.84,-0.0217391304347825,0.5263157894736842,0.1186260053671059,0.1608952307134223,True,1.0,0.8,200.0,1.784,0.784,0.15057616199596968
2023-06-19,2023-06-25,Halle,F,Grass,3,Andrey Rublev,Alexander Bublik,player1,top_10,0.6539204281859616,1.67,1.64,0.0182926829268292,0.5684754521963824,0.0854449759895792,0.0920471150705559,False,1.0,-1.0,200.0,1.6566,-1.0,0.0832845813328641
2023-06-26,2023-06-28,Mallorca,R16,Grass,3,Yannick Hanfmann,Stefanos Tsitsipas,player2,top_10,0.3603119092020226,3.5,3.54,-0.0112994350282485,0.2708333333333333,0.0894785758686892,0.2610916822070791,True,1.0,2.5,200.0,3.45,2.45,0.243076086746978
2023-07-03,2023-07-03,Wimbledon,R128,Grass,5,Corentin Moutet,Richard Gasquet,player2,other,0.4483021800822648,2.38,2.39,-0.0041841004184101,0.3974683544303797,0.0508338256518851,0.0669591885957903,True,1.0,1.38,200.0,2.3524,1.3523999999999998,0.05458604842551973
2023-07-03,2023-07-03,Wimbledon,R128,Grass,5,Pedro Cachin,Novak Djokovic,player2,top_10,0.0569139046032628,34.0,20.89,0.6275730014360938,0.0288489003141959,0.0280650042890668,0.9350727565109366,False,1.0,-1.0,200.0,33.339999999999996,-1.0,0.8975095794727818
2023-07-03,2023-07-04,Wimbledon,R128,Grass,5,Jeremy Chardy,Carlos Alcaraz,player2,top_10,0.079414439663103,29.0,19.5,0.4871794871794872,0.0336554481839386,0.0457589914791643,1.3030187502299877,False,1.0,-1.0,200.0,28.439999999999998,-1.0,1.2585466640186493
2023-07-03,2023-07-05,Wimbledon,R128,Grass,5,Yibing Wu,Frances Tiafoe,player1,top_10,0.1931554883038105,5.5,4.78,0.1506276150627614,0.1716867469879518,0.0214687413158587,0.0623551856709582,False,1.0,-1.0,200.0,5.41,-1.0,0.044971191723614745
2023-07-03,2023-07-05,Wimbledon,R128,Grass,5,Stefanos Tsitsipas,Dominic Thiem,player2,top_10,0.98,1.17,1.18,-0.0084745762711864,0.8103727714748785,0.1696272285251214,0.1465999999999999,True,1.0,0.1699999999999999,200.0,1.1665999999999999,0.16659999999999986,0.14326799999999984
2023-07-03,2023-07-06,Wimbledon,R64,Grass,5,Dominic Stricker,Frances Tiafoe,player2,top_10,0.2853647860235402,4.5,4.77,-0.0566037735849055,0.2105263157894736,0.0748384702340665,0.2841415371059309,False,1.0,-1.0,200.0,4.43,-1.0,0.264166002084283
2023-07-03,2023-07-06,Wimbledon,R64,Grass,5,Mikael Ymer,Taylor Fritz,player2,top_10,0.311572158073484,4.5,4.27,0.053864168618267,0.2105263157894736,0.1010458422840103,0.4020747113306782,True,1.0,3.5,200.0,4.43,3.4299999999999997,0.38026466026553396
2023-07-03,2023-07-06,Wimbledon,R64,Grass,5,Liam Broady,Casper Ruud,player1,top_10,0.2426407329730293,4.5,4.44,0.0135135135135133,0.2105263157894736,0.0321144171835556,0.091883298378632,True,1.0,3.5,200.0,4.43,3.4299999999999997,0.07489844707051974
2023-07-03,2023-07-07,Wimbledon,R64,Grass,5,Daniil Medvedev,Adrian Mannarino,player1,top_10,0.8549535854361341,1.22,1.26,-0.0317460317460317,0.7801801801801801,0.074773405255954,0.0430433742320835,True,1.0,0.2199999999999999,200.0,1.2156,0.2156,0.03928157845616462
2023-07-03,2023-07-07,Wimbledon,R64,Grass,5,Stefanos Tsitsipas,Andy Murray,player1,top_10,0.5272796906787895,2.1,2.08,0.0096153846153845,0.4516971279373368,0.0755825627414527,0.1072873504254581,True,1.0,1.1,200.0,2.0780000000000003,1.0780000000000003,0.09568719723052488
2023-07-03,2023-07-08,Wimbledon,R32,Grass,5,Nicolas Jarry,Carlos Alcaraz,player2,top_10,0.1523687081546135,8.0,7.82,0.0230179028132992,0.118942731277533,0.0334259768770805,0.2189496652369084,False,1.0,-1.0,200.0,7.859999999999999,-1.0,0.19761804609526212
2023-07-03,2023-07-08,Wimbledon,R32,Grass,5,Alejandro Davidovich Fokina,Holger Rune,player1,top_10,0.3689738428870472,3.0,2.92,0.0273972602739727,0.3181818181818181,0.050792024705229,0.1069215286611416,False,1.0,-1.0,200.0,2.96,-1.0,0.09216257494565983
2023-07-03,2023-07-08,Wimbledon,R32,Grass,5,Stefanos Tsitsipas,Laslo Djere,player2,top_10,0.8912567597646484,1.2,1.19,0.0084033613445377,0.7894736842105263,0.101783075554122,0.0695081117175779,True,1.0,0.1999999999999999,200.0,1.196,0.19599999999999995,0.06594308467851939
2023-07-03,2023-07-09,Wimbledon,R16,Grass,5,Daniel Elahi Galan,Jannik Sinner,player1,top_10,0.0853864740082872,13.0,12.17,0.0682004930156121,0.074074074074074,0.0113123999342132,0.1100241621077346,False,1.0,-1.0,200.0,12.76,-1.0,0.08953140834574458
2023-07-03,2023-07-09,Wimbledon,R16,Grass,5,Andrey Rublev,Alexander Bublik,player1,top_10,0.6812017107415705,1.8,1.85,-0.027027027027027,0.5263157894736842,0.1548859212678863,0.226163079334827,True,1.0,0.8,200.0,1.784,0.784,0.21526385196296183
2023-07-03,2023-07-10,Wimbledon,R16,Grass,5,Carlos Alcaraz,Matteo Berrettini,player2,top_10,0.7432976304764938,1.4,1.38,0.0144927536231884,0.6818181818181818,0.061479448658312,0.0406166826670912,True,1.0,0.3999999999999999,200.0,1.392,0.3919999999999999,0.034670301623279276
2023-07-03,2023-07-10,Wimbledon,R16,Grass,5,Holger Rune,Grigor Dimitrov,player1,top_10,0.4712946200503609,2.38,2.49,-0.0441767068273093,0.3974683544303797,0.0738262656199811,0.121681195719859,True,1.0,1.38,200.0,2.3524,1.3523999999999998,0.10867346420646895
2023-07-03,2023-07-10,Wimbledon,R16,Grass,5,Daniil Medvedev,Jiri Lehecka,player1,top_10,0.8331314283381239,1.25,1.25,0.0,0.7619047619047619,0.071226666433362,0.0414142854226549,True,1.0,0.25,200.0,1.245,0.2450000000000001,0.03724862828096437
2023-07-03,2023-07-10,Wimbledon,R16,Grass,5,Christopher Eubanks,Stefanos Tsitsipas,player1,top_10,0.3592376439532568,3.2,3.23,-0.0092879256965943,0.2982456140350877,0.0609920299181691,0.1495604606504217,True,1.0,2.2,200.0,3.156,2.156,0.13375400431647844
2023-07-03,2023-07-11,Wimbledon,QF,Grass,5,Roman Safiullin,Jannik Sinner,player2,top_10,0.2692657240435242,5.5,5.54,-0.0072202166064981,0.1716867469879518,0.0975789770555724,0.4809614822393832,False,1.0,-1.0,200.0,5.41,-1.0,0.45672756707546613
2023-07-03,2023-07-12,Wimbledon,QF,Grass,5,Christopher Eubanks,Daniil Medvedev,player2,top_10,0.2489357156289995,5.0,5.4,-0.0740740740740741,0.1896272285251215,0.0593084871038779,0.2446785781449976,False,1.0,-1.0,200.0,4.92,-1.0,0.22476372089467755
2023-07-03,2023-07-14,Wimbledon,SF,Grass,5,Novak Djokovic,Jannik Sinner,player1,top_10,0.8623366951636754,1.2,1.23,-0.024390243902439,0.7894736842105263,0.072863010953149,0.0348040341964104,True,1.0,0.1999999999999999,200.0,1.196,0.19599999999999995,0.03135468741575573
2023-07-03,2023-07-16,Wimbledon,F,Grass,5,Novak Djokovic,Carlos Alcaraz,player2,top_10,0.7095751405571875,1.53,1.54,-0.0064935064935065,0.6322115384615384,0.077363602095649,0.0856499650524968,False,1.0,-1.0,200.0,1.5194,-1.0,0.07812846856259076
2023-07-17,2023-07-20,Gstaad,R16,Clay,3,Jaume Munar,Stan Wawrinka,player1,other,0.3469714392407219,3.0,2.71,0.1070110701107012,0.3181818181818181,0.0287896210589038,0.0409143177221658,True,1.0,2.0,200.0,2.96,1.96,0.027035460152536772
2023-07-17,2023-07-21,Bastad,QF,Clay,3,Alexander Zverev,Andrey Rublev,player1,top_10,0.6373142717299798,1.73,1.72,0.0058139534883721,0.5483028720626633,0.0890113996673165,0.102553690092865,False,1.0,-1.0,200.0,1.7153999999999998,-1.0,0.09324890172560718
2023-07-17,2023-07-22,Bastad,SF,Clay,3,Andrey Rublev,Francisco Cerundolo,player1,top_10,0.7489214545637761,1.57,1.58,-0.0063291139240506,0.6025316455696202,0.1463898089941558,0.1758066836651285,True,1.0,0.5700000000000001,200.0,1.5586000000000002,0.5586000000000002,0.16726897908310162
2023-07-17,2023-07-22,Bastad,SF,Clay,3,Lorenzo Musetti,Casper Ruud,player1,top_10,0.471131035154224,2.75,2.64,0.0416666666666665,0.3436754176610979,0.1274556174931261,0.2956103466741161,False,1.0,-1.0,200.0,2.715,-1.0,0.27912076044371803
2023-07-17,2023-07-23,Bastad,F,Clay,3,Andrey Rublev,Casper Ruud,player1,top_10,0.4797172252703936,2.5,2.29,0.0917030567685588,0.3796526054590571,0.1000646198113365,0.199293063175984,True,1.0,1.5,200.0,2.4699999999999998,1.4699999999999998,0.18490154641787215
2023-07-24,2023-07-24,Hamburg,R32,Clay,3,Daniel Altmaier,Richard Gasquet,player2,other,0.6375685195294362,1.62,1.58,0.0253164556962024,0.586734693877551,0.0508338256518852,0.0328610016376866,True,1.0,0.6200000000000001,200.0,1.6076000000000001,0.6076000000000001,0.024955151995521674
2023-07-24,2023-07-28,Atlanta,R16,Hard,3,Taylor Fritz,Yibing Wu,player2,top_10,0.8845469652836366,1.3,1.31,-0.0076335877862595,0.7291666666666667,0.1553802986169699,0.1499110548687277,True,1.0,0.3,200.0,1.294,0.29400000000000004,0.14460377307702582
2023-07-31,2023-08-02,Washington,R32,Hard,3,Brandon Nakashima,Andy Murray,player2,other,0.5971130858492645,1.73,1.77,-0.0225988700564971,0.5483028720626633,0.0488102137866012,0.0330056385192275,False,1.0,-1.0,200.0,1.7153999999999998,-1.0,0.02428778746582816
2023-07-31,2023-08-03,Los Cabos,R16,Hard,3,Jason Jung,Borna Coric,player1,other,0.1941210136120063,5.5,5.68,-0.0316901408450703,0.1716867469879518,0.0224342666240545,0.0676655748660347,False,1.0,-1.0,200.0,5.41,-1.0,0.05019468364095403
2023-07-31,2023-08-03,Los Cabos,R16,Hard,3,John Isner,Stefanos Tsitsipas,player2,top_10,0.2684645328841988,4.0,4.0,0.0,0.238095238095238,0.0303692947889607,0.0738581315367952,False,1.0,-1.0,200.0,3.94,-1.0,0.057750259563743245
2023-07-31,2023-08-04,Washington,R16,Hard,3,Taylor Fritz,Andy Murray,player1,top_10,0.8306982303964673,1.36,1.34,0.0149253731343284,0.7017543859649122,0.128943844431555,0.1297495933391956,True,1.0,0.3600000000000001,200.0,1.3528000000000002,0.3528000000000002,0.12376856608034115
2023-07-31,2023-08-04,Los Cabos,QF,Hard,3,Stefanos Tsitsipas,Nicolas Jarry,player2,top_10,0.8340634121121338,1.3,1.31,-0.0076335877862595,0.7291666666666667,0.104896745445467,0.0842824357457739,True,1.0,0.3,200.0,1.294,0.29400000000000004,0.07927805527310111
2023-07-31,2023-08-05,Washington,QF,Hard,3,Frances Tiafoe,Daniel Evans,player2,top_10,0.8079802730618689,1.29,1.27,0.0157480314960629,0.744047619047619,0.0639326540142499,0.0422945522498109,False,1.0,-1.0,200.0,1.2842,-1.0,0.037608266666052076
2023-07-31,2023-08-05,Washington,QF,Hard,3,Jordan Thompson,Taylor Fritz,player1,top_10,0.3848295186280221,2.75,2.69,0.0223048327137547,0.3436754176610979,0.0411541009669242,0.0582811762270609,False,1.0,-1.0,200.0,2.715,-1.0,0.04481214307508008
2023-07-31,2023-08-06,Los Cabos,F,Hard,3,Stefanos Tsitsipas,Alex De Minaur,player1,top_10,0.8194912451640812,1.36,1.36,0.0,0.7017543859649122,0.1177368591991689,0.1145080934231505,True,1.0,0.3600000000000001,200.0,1.3528000000000002,0.3528000000000002,0.10860775645796927
2023-08-07,2023-08-08,Canada Masters,R64,Hard,4,Milos Raonic,Frances Tiafoe,player2,top_10,0.3318147145687725,3.2,3.09,0.0355987055016182,0.2982456140350877,0.0335691005336848,0.0618070866200721,True,1.0,2.2,200.0,3.156,2.156,0.0472072391790459
2023-08-07,2023-08-09,Canada Masters,R32,Hard,4,Taylor Fritz,Ugo Humbert,player2,top_10,0.8319545240313241,1.3,1.32,-0.0151515151515151,0.7291666666666667,0.1027878573646573,0.0815408812407213,True,1.0,0.3,200.0,1.294,0.29400000000000004,0.0765491540965334
2023-08-07,2023-08-09,Canada Masters,R32,Hard,4,Jiri Lehecka,Casper Ruud,player2,top_10,0.4735806802366479,2.63,2.6,0.0115384615384614,0.3631961259079903,0.1103845543286575,0.2455171890223839,False,1.0,-1.0,200.0,2.5974,-1.0,0.23007845884666922
2023-08-07,2023-08-09,Canada Masters,R32,Hard,4,Matteo Berrettini,Jannik Sinner,player1,top_10,0.3748337752614687,2.75,2.73,0.0073260073260073,0.3436754176610979,0.0311583576003708,0.030792881969039,False,1.0,-1.0,200.0,2.715,-1.0,0.017673699834887535
2023-08-07,2023-08-11,Canada Masters,R16,Hard,4,Jannik Sinner,Andy Murray,player1,top_10,0.9066772646028144,1.2,1.21,-0.0082644628099173,0.7894736842105263,0.1172035803922881,0.0880127175233773,True,1.0,0.1999999999999999,200.0,1.196,0.19599999999999995,0.08438600846496597
2023-08-07,2023-08-11,Canada Masters,R16,Hard,4,Hubert Hurkacz,Carlos Alcaraz,player1,top_10,0.2096113597305865,5.0,4.59,0.0893246187363834,0.1896272285251215,0.0199841312054649,0.0480567986529327,False,1.0,-1.0,200.0,4.92,-1.0,0.03128788987448561
2023-08-07,2023-08-11,Canada Masters,QF,Hard,4,Daniil Medvedev,Alex De Minaur,player1,top_10,0.8275869558746116,1.3,1.32,-0.0151515151515151,0.7291666666666667,0.0984202892079448,0.0758630426369951,False,1.0,-1.0,200.0,1.294,-1.0,0.07089752090174747
2023-08-07,2023-08-12,Canada Masters,QF,Hard,4,Tommy Paul,Carlos Alcaraz,player2,top_10,0.2268098935314697,5.0,4.61,0.0845986984815616,0.1896272285251215,0.0371826650063481,0.1340494676573487,True,1.0,4.0,200.0,4.92,3.92,0.11590467617483091
2023-08-07,2023-08-13,Canada Masters,F,Hard,4,Jannik Sinner,Alex De Minaur,player2,top_10,0.7638724408629385,1.4,1.4,0.0,0.6818181818181818,0.0820542590447567,0.0694214172081137,True,1.0,0.3999999999999999,200.0,1.392,0.3919999999999999,0.06331043768121031
2023-08-14,2023-08-14,Cincinnati Masters,R64,Hard,4,Tallon Griekspoor,Frances Tiafoe,player2,top_10,0.4549472849205282,2.63,2.49,0.0562248995983933,0.3631961259079903,0.0917511590125379,0.1965113593409893,False,1.0,-1.0,200.0,2.5974,-1.0,0.18168007785258
2023-08-14,2023-08-15,Cincinnati Masters,R64,Hard,4,Taylor Fritz,Jiri Lehecka,player2,top_10,0.8058706078596414,1.33,1.34,-0.0074626865671642,0.7188160676532769,0.0870545402063645,0.071807908453323,True,1.0,0.33,200.0,1.3234000000000001,0.32340000000000013,0.06648916244144948
2023-08-14,2023-08-16,Cincinnati Masters,R32,Hard,4,Taylor Fritz,Lorenzo Sonego,player2,top_10,0.8029065891059379,1.29,1.26,0.0238095238095237,0.744047619047619,0.0588589700583189,0.0357494999466599,True,1.0,0.29,200.0,1.2842,0.2842,0.031092641729845494
2023-08-14,2023-08-16,Cincinnati Masters,R32,Hard,4,Daniil Medvedev,Lorenzo Musetti,player1,top_10,0.8986208538647391,1.22,1.22,0.0,0.7801801801801801,0.118440673684559,0.0963174417149816,True,1.0,0.2199999999999999,200.0,1.2156,0.2156,0.09236350995797687
2023-08-14,2023-08-16,Cincinnati Masters,R32,Hard,4,Max Purcell,Casper Ruud,player1,top_10,0.3699847723778274,3.4,3.4,0.0,0.281183932346723,0.0888008400311043,0.2579482260846131,True,1.0,2.4,200.0,3.352,2.352,0.24018895701047738
2023-08-14,2023-08-16,Cincinnati Masters,R32,Hard,4,Jordan Thompson,Carlos Alcaraz,player1,top_10,0.1519037823698793,8.0,7.41,0.0796221322537111,0.118942731277533,0.0329610510923463,0.2152302589590348,False,1.0,-1.0,200.0,7.859999999999999,-1.0,0.19396372942725126
2023-08-14,2023-08-17,Cincinnati Masters,R32,Hard,4,Alejandro Davidovich Fokina,Novak Djokovic,player1,top_10,0.185233413489993,6.0,5.45,0.1009174311926606,0.158485273492286,0.0267481399977069,0.111400480939958,False,1.0,-1.0,200.0,5.9,-1.0,0.09287713959095878
2023-08-14,2023-08-17,Cincinnati Masters,R16,Hard,4,Alexander Zverev,Daniil Medvedev,player1,top_10,0.4164960857454788,2.63,2.64,-0.0037878787878788,0.3631961259079903,0.0532999598374885,0.0953847055106094,True,1.0,1.63,200.0,2.5974,1.5974,0.08180693311530662
2023-08-14,2023-08-17,Cincinnati Masters,R16,Hard,4,Hubert Hurkacz,Stefanos Tsitsipas,player1,top_10,0.4586961526527208,2.63,2.57,0.0233463035019454,0.3631961259079903,0.0955000267447304,0.2063708814766556,True,1.0,1.63,200.0,2.5974,1.5974,0.19141738690017696
2023-08-14,2023-08-17,Cincinnati Masters,R16,Hard,4,Max Purcell,Stan Wawrinka,player2,other,0.3940611535462961,2.75,2.83,-0.028268551236749,0.3436754176610979,0.0503857358851982,0.0836681722523142,True,1.0,1.75,200.0,2.715,1.7149999999999999,0.06987603187819391
2023-08-14,2023-08-17,Cincinnati Masters,R16,Hard,4,Tommy Paul,Carlos Alcaraz,player1,top_10,0.2820181454312809,3.75,3.95,-0.0506329113924051,0.2559523809523809,0.0260657644788999,0.0575680453673033,False,1.0,-1.0,200.0,3.695,-1.0,0.042057047368582845
2023-08-14,2023-08-18,Cincinnati Masters,QF,Hard,4,Max Purcell,Carlos Alcaraz,player1,top_10,0.1576211824102502,8.0,8.33,-0.0396158463385354,0.118942731277533,0.0386784511327171,0.2609694592820015,False,1.0,-1.0,200.0,7.859999999999999,-1.0,0.2389024937445665
2023-08-28,2023-08-29,Us Open,R128,Hard,5,Corentin Moutet,Andy Murray,player2,other,0.2807854296836201,4.0,3.65,0.095890410958904,0.238095238095238,0.042690191588382,0.1231417187344803,False,1.0,-1.0,200.0,3.94,-1.0,0.10629459295346311
2023-08-28,2023-08-29,Us Open,R128,Hard,5,Attila Balazs,Daniil Medvedev,player1,top_10,0.0666520890443381,67.0,34.68,0.9319492502883506,0.0147058823529411,0.051946206691397,3.465689965970658,False,1.0,-1.0,200.0,65.67999999999999,-1.0,3.3777092084321256
2023-08-28,2023-08-29,Us Open,R128,Hard,5,Marc Andrea Huesler,Hubert Hurkacz,player1,other,0.1216542248023399,9.0,8.87,0.0146561443066517,0.1062562065541211,0.0153980182482188,0.0948880232210599,False,1.0,-1.0,200.0,8.84,-1.0,0.07542334725268462
2023-08-28,2023-08-29,Us Open,R128,Hard,5,Milos Raonic,Stefanos Tsitsipas,player2,top_10,0.3228546835212644,3.75,3.59,0.0445682451253481,0.2559523809523809,0.0669023025688835,0.2107050632047417,False,1.0,-1.0,200.0,3.695,-1.0,0.19294805561107198
2023-08-28,2023-08-30,Us Open,R128,Hard,5,Dominik Koepfer,Carlos Alcaraz,player1,top_10,0.046573248529688,23.0,17.6,0.3068181818181816,0.0420658059142024,0.0045074426154856,0.0711847161828248,False,1.0,-1.0,200.0,22.56,-1.0,0.05069248682976124
2023-08-28,2023-08-31,Us Open,R64,Hard,5,Gael Monfils,Andrey Rublev,player2,top_10,0.3945934945781137,3.0,2.97,0.0101010101010099,0.3181818181818181,0.0764116763962956,0.1837804837343413,False,1.0,-1.0,200.0,2.96,-1.0,0.16799674395121666
2023-08-28,2023-08-31,Us Open,R64,Hard,5,Sebastian Ofner,Frances Tiafoe,player2,top_10,0.2732751126147434,5.0,5.59,-0.1055456171735241,0.1896272285251215,0.0836478840896219,0.3663755630737173,False,1.0,-1.0,200.0,4.92,-1.0,0.34451355406453765
2023-08-28,2023-09-01,Us Open,R64,Hard,5,Lloyd Harris,Carlos Alcaraz,player2,top_10,0.1066920933200986,15.0,15.04,-0.002659574468085,0.0642545227698066,0.042437570550292,0.6003813998014799,False,1.0,-1.0,200.0,14.719999999999999,-1.0,0.5705076136718512
2023-08-28,2023-09-02,Us Open,R32,Hard,5,Jannik Sinner,Stan Wawrinka,player1,top_10,0.9377823585858004,1.11,1.12,-0.0089285714285713,0.8541392904073586,0.0836430681784416,0.0409384180302384,True,1.0,0.1100000000000001,200.0,1.1078000000000001,0.10780000000000012,0.038875296841349785
2023-08-28,2023-09-02,Us Open,R32,Hard,5,Nicolas Jarry,Alex De Minaur,player1,other,0.2889855528480992,4.0,4.22,-0.0521327014218009,0.238095238095238,0.0508903147528611,0.1559422113923967,False,1.0,-1.0,200.0,3.94,-1.0,0.13860307822151074
2023-08-28,2023-09-02,Us Open,R32,Hard,5,Arthur Rinderknech,Andrey Rublev,player1,top_10,0.2188524795096028,5.0,5.59,-0.1055456171735241,0.1896272285251215,0.0292252509844813,0.0942623975480143,False,1.0,-1.0,200.0,4.92,-1.0,0.07675419918724569
2023-08-28,2023-09-03,Us Open,R32,Hard,5,Daniil Medvedev,Sebastian Baez,player1,top_10,0.98,1.07,1.07,0.0,0.893743793445879,0.086256206554121,0.0486,True,1.0,0.07,200.0,1.0686,0.0686,0.04722799999999998
2023-08-28,2023-09-04,Us Open,R16,Hard,5,Alex De Minaur,Daniil Medvedev,player1,top_10,0.3938694282818173,3.2,3.21,-0.0031152647975076,0.2982456140350877,0.0956238142467296,0.2603821705018156,False,1.0,-1.0,200.0,3.156,-1.0,0.24305191565741557
2023-08-28,2023-09-04,Us Open,R16,Hard,5,Jack Draper,Andrey Rublev,player2,top_10,0.4265476181477137,3.0,3.02,-0.0066225165562914,0.3181818181818181,0.1083657999658955,0.2796428544431411,False,1.0,-1.0,200.0,2.96,-1.0,0.26258094971723256
2023-08-28,2023-09-05,Us Open,R16,Hard,5,Alexander Zverev,Jannik Sinner,player1,top_10,0.501061772628478,2.38,2.53,-0.0592885375494071,0.3974683544303797,0.1035934181980982,0.1925270188557775,True,1.0,1.38,200.0,2.3524,1.3523999999999998,0.17869771393123146
2023-08-28,2023-09-09,Us Open,SF,Hard,5,Carlos Alcaraz,Daniil Medvedev,player1,top_10,0.9623952029192462,1.22,1.25,-0.024,0.7801801801801801,0.1822150227390661,0.1741221475614803,False,1.0,-1.0,200.0,1.2156,-1.0,0.16988760866863567
2023-09-20,2023-09-24,Chengdu,QF,Hard,3,Miomir Kecmanovic,Alexander Zverev,player1,top_10,0.2526041392555607,5.0,4.79,0.0438413361169103,0.1896272285251215,0.0629769107304391,0.2630206962778034,False,1.0,-1.0,200.0,4.92,-1.0,0.2428123651373586
2023-09-20,2023-09-25,Chengdu,SF,Hard,3,Alexander Zverev,Grigor Dimitrov,player1,top_10,0.6891888748460268,1.5,1.5,0.0,0.6368038740920097,0.052385000754017,0.0337833122690401,True,1.0,0.5,200.0,1.49,0.49,0.026891423520579882
2023-09-20,2023-09-26,Chengdu,F,Hard,3,Roman Safiullin,Alexander Zverev,player1,top_10,0.3412534689504828,3.4,3.33,0.0210210210210208,0.281183932346723,0.0600695366037598,0.1602617944316418,False,1.0,-1.0,200.0,3.352,-1.0,0.1438816279220183
2023-09-27,2023-09-29,Beijing,R32,Hard,3,Tommy Paul,Daniil Medvedev,player2,top_10,0.2793841391292589,4.33,4.27,0.0140515222482435,0.2198198198198198,0.0595643193094391,0.2097333224296913,False,1.0,-1.0,200.0,4.2634,-1.0,0.19112633876368235
2023-09-27,2023-09-29,Beijing,R32,Hard,3,Cameron Norrie,Andrey Rublev,player2,top_10,0.4175537922492829,2.63,2.59,0.0154440154440154,0.3631961259079903,0.0543576663412925,0.098166473615614,False,1.0,-1.0,200.0,2.5974,-1.0,0.08455421998828738
2023-09-27,2023-09-29,Beijing,R32,Hard,3,Jannik Sinner,Daniel Evans,player2,top_10,0.9227184716734133,1.2,1.2,0.0,0.7894736842105263,0.1332447874628868,0.1072621660080957,True,1.0,0.1999999999999999,200.0,1.196,0.19599999999999995,0.1035712921214022
2023-09-27,2023-09-30,Beijing,R16,Hard,3,Alex De Minaur,Daniil Medvedev,player1,top_10,0.341467625381513,3.75,3.75,0.0,0.2559523809523809,0.085515244429132,0.2805035951806737,False,1.0,-1.0,200.0,3.695,-1.0,0.26172287578469045
2023-09-27,2023-09-30,Beijing,R16,Hard,3,Alejandro Davidovich Fokina,Alexander Zverev,player1,top_10,0.449880108365627,2.5,2.53,-0.0118577075098813,0.3796526054590571,0.0702275029065698,0.1247002709140674,False,1.0,-1.0,200.0,2.4699999999999998,-1.0,0.11120386766309853
2023-09-27,2023-10-01,Beijing,R16,Hard,3,Yoshihito Nishioka,Jannik Sinner,player1,top_10,0.3340227361900819,4.5,4.41,0.0204081632653061,0.2105263157894736,0.1234964204006082,0.5031023128553684,False,1.0,-1.0,200.0,4.43,-1.0,0.47972072132206267
2023-09-27,2023-10-01,Beijing,R16,Hard,3,Holger Rune,Grigor Dimitrov,player2,top_10,0.6251601183856073,1.91,1.94,-0.0154639175257732,0.5,0.1251601183856072,0.1940558261165098,False,1.0,-1.0,200.0,1.8918,-1.0,0.18267791196189176
2023-09-27,2023-10-02,Beijing,QF,Hard,3,Ugo Humbert,Daniil Medvedev,player1,top_10,0.2470192045002976,5.0,4.91,0.0183299389002036,0.1896272285251215,0.057391975975176,0.2350960225014883,False,1.0,-1.0,200.0,4.92,-1.0,0.2153344861414641
2023-09-27,2023-10-02,Beijing,QF,Hard,3,Carlos Alcaraz,Casper Ruud,player2,top_10,0.9115897471050496,1.13,1.13,0.0,0.8415147265077139,0.0700750205973356,0.0300964142287058,True,1.0,0.1299999999999999,200.0,1.1274,0.12739999999999996,0.02772628088623287
2023-09-27,2023-10-03,Beijing,SF,Hard,3,Alexander Zverev,Daniil Medvedev,player1,top_10,0.5311680253662922,2.75,2.74,0.0036496350364962,0.3436754176610979,0.1874926077051942,0.4607120697573034,False,1.0,-1.0,200.0,2.715,-1.0,0.44212118886948315
2023-10-02,2023-10-06,Shanghai Masters,R64,Hard,4,Roman Safiullin,Alexander Zverev,player1,top_10,0.3778408993392786,3.0,2.94,0.0204081632653061,0.3181818181818181,0.0596590811574605,0.133522698017836,True,1.0,2.0,200.0,2.96,1.96,0.1184090620442646
2023-10-02,2023-10-06,Shanghai Masters,R64,Hard,4,Brandon Nakashima,Holger Rune,player2,top_10,0.5498163147210826,2.38,2.37,0.0042194092827003,0.3974683544303797,0.1523479602907028,0.3085628290361766,True,1.0,1.38,200.0,2.3524,1.3523999999999998,0.2933878987498746
2023-10-02,2023-10-07,Shanghai Masters,R64,Hard,4,Cristian Garin,Daniil Medvedev,player1,top_10,0.1365103284135175,9.0,9.58,-0.0605427974947807,0.1062562065541211,0.0302541218593964,0.2285929557216581,False,1.0,-1.0,200.0,8.84,-1.0,0.20675130317549473
2023-10-02,2023-10-08,Shanghai Masters,R64,Hard,4,Mikhail Kukushkin,Daniel Evans,player1,other,0.2617510455021527,4.0,3.74,0.0695187165775399,0.238095238095238,0.0236558074069146,0.0470041820086108,False,1.0,-1.0,200.0,3.94,-1.0,0.031299119278481724
2023-10-02,2023-10-08,Shanghai Masters,R32,Hard,4,Sebastian Korda,Daniil Medvedev,player2,top_10,0.3001643647697126,4.5,4.34,0.0368663594470046,0.2105263157894736,0.0896380489802389,0.3507396414637068,True,1.0,3.5,200.0,4.43,3.4299999999999997,0.3297281359298265
2023-10-02,2023-10-08,Shanghai Masters,R32,Hard,4,Sebastian Baez,Jannik Sinner,player1,top_10,0.1912817986886375,7.0,7.16,-0.0223463687150837,0.1358024691358024,0.055479329552835,0.3389725908204626,False,1.0,-1.0,200.0,6.88,-1.0,0.31601877497782604
2023-10-02,2023-10-08,Shanghai Masters,R32,Hard,4,Casper Ruud,Christopher Eubanks,player2,top_10,0.8259784951367111,1.29,1.3,-0.0076923076923076,0.744047619047619,0.0819308760890921,0.0655122587263573,True,1.0,0.29,200.0,1.2842,0.2842,0.060721583454564354
2023-10-02,2023-10-09,Shanghai Masters,R32,Hard,4,Adrian Mannarino,Andrey Rublev,player2,top_10,0.2791576507885349,3.75,3.75,0.0,0.2559523809523809,0.023205269836154,0.046841190457006,False,1.0,-1.0,200.0,3.695,-1.0,0.03148751966363639
2023-10-02,2023-10-09,Shanghai Masters,R32,Hard,4,Taylor Fritz,Diego Schwartzman,player1,top_10,0.9251429521277998,1.14,1.14,0.0,0.8283132530120482,0.0968296991157516,0.0546629654256917,False,1.0,-1.0,200.0,1.1372,-1.0,0.05207256515973396
2023-10-02,2023-10-09,Shanghai Masters,R32,Hard,4,Carlos Alcaraz,Daniel Evans,player2,top_10,0.954606986599355,1.08,1.07,0.0093457943925234,0.8810572687224669,0.073549717876888,0.0309755455273034,True,1.0,0.08,200.0,1.0784,0.07840000000000003,0.029448174348744402
2023-10-02,2023-10-11,Shanghai Masters,R16,Hard,4,Tommy Paul,Andrey Rublev,player2,top_10,0.3902850363206518,2.75,2.7,0.0185185185185183,0.3436754176610979,0.0466096186595539,0.0732838498817924,False,1.0,-1.0,200.0,2.715,-1.0,0.059623873610569644
2023-10-02,2023-10-14,Shanghai Masters,SF,Hard,4,Grigor Dimitrov,Andrey Rublev,player2,top_10,0.5017425921982788,2.3,2.28,0.0087719298245614,0.413265306122449,0.0884772860758297,0.154007962056041,False,1.0,-1.0,200.0,2.274,-1.0,0.1409626546588859
2023-10-16,2023-10-16,Tokyo,R32,Hard,3,Jordan Thompson,Alexander Zverev,player2,top_10,0.2790480054719628,4.33,4.0,0.0825,0.2198198198198198,0.059228185652143,0.2082778636935991,True,1.0,3.33,200.0,4.2634,3.2634,0.18969326652916618
2023-10-16,2023-10-17,Tokyo,R32,Hard,3,Casper Ruud,Yosuke Watanuki,player2,top_10,0.7788795880853222,1.5,1.45,0.0344827586206897,0.6368038740920097,0.1420757139933125,0.1683193821279833,True,1.0,0.5,200.0,1.49,0.49,0.16053058624713007
2023-10-16,2023-10-19,Antwerp,R16,Hard,3,Stefanos Tsitsipas,Botic Van De Zandschulp,player2,top_10,0.8089472739738022,1.36,1.36,0.0,0.7017543859649122,0.1071928880088899,0.100168292604371,True,1.0,0.3600000000000001,200.0,1.3528000000000002,0.3528000000000002,0.09434387223175977
2023-10-23,2023-10-23,Vienna,R32,Hard,3,Sebastian Ofner,Alexander Zverev,player2,top_10,0.3477756810667062,5.0,5.11,-0.0215264187866928,0.1896272285251215,0.1581484525415846,0.738878405333531,False,1.0,-1.0,200.0,4.92,-1.0,0.7110563508481945
2023-10-23,2023-10-25,Basel,R32,Hard,3,Taylor Fritz,Max Purcell,player2,top_10,0.9221883707223986,1.17,1.17,0.0,0.8103727714748785,0.11181559924752,0.0789603937452062,True,1.0,0.1699999999999999,200.0,1.1665999999999999,0.16659999999999986,0.07582495328475003
2023-10-23,2023-10-26,Vienna,R16,Hard,3,Stefanos Tsitsipas,Tomas Machac,player2,top_10,0.7541151726574804,1.44,1.47,-0.0204081632653061,0.6563245823389022,0.0977905903185781,0.0859258486267717,True,1.0,0.4399999999999999,200.0,1.4312,0.4312,0.07928963510738596
2023-10-23,2023-10-26,Vienna,R16,Hard,3,Grigor Dimitrov,Daniil Medvedev,player1,top_10,0.3686737302945302,3.75,3.72,0.0080645161290322,0.2559523809523809,0.1127213493421493,0.3825264886044883,False,1.0,-1.0,200.0,3.695,-1.0,0.3622494334382891
2023-10-23,2023-10-27,Vienna,QF,Hard,3,Borna Gojo,Stefanos Tsitsipas,player1,top_10,0.3625982048344259,3.0,2.93,0.023890784982935,0.3181818181818181,0.0444163866526077,0.0877946145032776,False,1.0,-1.0,200.0,2.96,-1.0,0.07329068630990054
2023-10-23,2023-10-27,Vienna,QF,Hard,3,Karen Khachanov,Daniil Medvedev,player1,top_10,0.2563978709260944,4.5,4.23,0.0638297872340425,0.2105263157894736,0.0458715551366207,0.1537904191674249,False,1.0,-1.0,200.0,4.43,-1.0,0.135842568202598
2023-10-23,2023-10-28,Basel,SF,Hard,3,Felix Auger Aliassime,Holger Rune,player1,top_10,0.449229066909151,2.3,2.18,0.0550458715596329,0.413265306122449,0.0359637607867019,0.0332268538910471,True,1.0,1.2999999999999998,200.0,2.274,1.274,0.02154689815140931
2023-10-30,2023-10-31,Paris Masters,R32,Hard,4,Roman Safiullin,Carlos Alcaraz,player2,top_10,0.1769445876601598,6.0,5.61,0.0695187165775399,0.158485273492286,0.0184593141678737,0.0616675259609591,True,1.0,5.0,200.0,5.9,4.9,0.04397306719494298
2023-10-30,2023-11-01,Paris Masters,R32,Hard,4,Grigor Dimitrov,Daniil Medvedev,player1,top_10,0.3076691863933729,3.4,3.19,0.0658307210031348,0.281183932346723,0.0264852540466498,0.0460752337374679,True,1.0,2.4,200.0,3.352,2.352,0.031307112790585845
2023-10-30,2023-11-02,Paris Masters,R16,Hard,4,Holger Rune,Daniel Altmaier,player2,top_10,0.8647887597298413,1.22,1.26,-0.0317460317460317,0.7801801801801801,0.0846085795496611,0.0550422868704063,True,1.0,0.2199999999999999,200.0,1.2156,0.2156,0.051237216327595037
2023-10-30,2023-11-02,Paris Masters,R16,Hard,4,Tallon Griekspoor,Novak Djokovic,player2,top_10,0.1846142545878535,7.0,7.35,-0.0476190476190475,0.1358024691358024,0.048811785452051,0.2922997821149746,False,1.0,-1.0,200.0,6.88,-1.0,0.27014607156443193
2023-10-30,2023-11-03,Paris Masters,QF,Hard,4,Stefanos Tsitsipas,Karen Khachanov,player2,top_10,0.7023848508362454,1.53,1.56,-0.0192307692307692,0.6203473945409429,0.0820374562953024,0.0746488217794554,True,1.0,0.53,200.0,1.5194,0.5194000000000001,0.06720354236059123
2023-10-30,2023-11-03,Paris Masters,QF,Hard,4,Holger Rune,Novak Djokovic,player1,top_10,0.2765362202825245,3.75,3.65,0.0273972602739727,0.2559523809523809,0.0205838393301436,0.037010826059467,False,1.0,-1.0,200.0,3.695,-1.0,0.021801333943928025
2023-10-30,2023-11-04,Paris Masters,SF,Hard,4,Andrey Rublev,Novak Djokovic,player2,top_10,0.3757683183360718,3.2,3.15,0.015873015873016,0.2982456140350877,0.0775227043009841,0.2024586186754299,False,1.0,-1.0,200.0,3.156,-1.0,0.1859248126686427
2023-11-13,2023-11-13,Tour Finals,RR,Hard,3,Carlos Alcaraz,Alexander Zverev,player2,top_10,0.7751698066423994,1.44,1.45,-0.0068965517241379,0.6563245823389022,0.1188452243034972,0.1162445215650551,False,1.0,-1.0,200.0,1.4312,-1.0,0.10942302726660208
2023-11-13,2023-11-14,Tour Finals,RR,Hard,3,Jannik Sinner,Novak Djokovic,player2,top_10,0.5494859594989218,2.3,2.28,0.0087719298245614,0.413265306122449,0.1362206533764727,0.2638177068475199,True,1.0,1.2999999999999998,200.0,2.274,1.274,0.24953107190054813
2023-11-13,2023-11-16,Tour Finals,RR,Hard,3,Holger Rune,Jannik Sinner,player2,top_10,0.3676875697388346,3.0,2.96,0.0135135135135135,0.3181818181818181,0.0495057515570165,0.1030627092165039,False,1.0,-1.0,200.0,2.96,-1.0,0.0883552064269505
2023-11-13,2023-11-17,Tour Finals,RR,Hard,3,Andrey Rublev,Alexander Zverev,player2,top_10,0.6057898528189671,2.3,2.22,0.0360360360360358,0.413265306122449,0.1925245466965181,0.3933166614836243,False,1.0,-1.0,200.0,2.274,-1.0,0.3775661253103313
2023-11-13,2023-11-17,Tour Finals,RR,Hard,3,Daniil Medvedev,Carlos Alcaraz,player2,top_10,0.5581708174303801,2.2,2.19,0.0045662100456622,0.4315245478036175,0.1266462696267625,0.2279757983468363,False,1.0,-1.0,200.0,2.176,-1.0,0.21457969872850724
2023-11-13,2023-11-18,Tour Finals,SF,Hard,3,Carlos Alcaraz,Novak Djokovic,player2,top_10,0.468020755842146,2.3,2.28,0.0087719298245614,0.413265306122449,0.0547554497196969,0.0764477384369356,False,1.0,-1.0,200.0,2.274,-1.0,0.06427919878503996
2023-11-13,2023-11-18,Tour Finals,SF,Hard,3,Jannik Sinner,Daniil Medvedev,player2,top_10,0.6563510086699381,1.67,1.64,0.0182926829268292,0.5684754521963824,0.0878755564735557,0.0961061844787966,True,1.0,0.6699999999999999,200.0,1.6566,0.6566000000000001,0.08731108096261953
2023-11-13,2023-11-19,Tour Finals,F,Hard,3,Novak Djokovic,Jannik Sinner,player2,top_10,0.7177933973098929,1.53,1.55,-0.0129032258064516,0.6203473945409429,0.0974460027689499,0.0982238978841361,True,1.0,0.53,200.0,1.5194,0.5194000000000001,0.09061528787265133
2024-01-01,2024-01-01,Brisbane,R32,Hard,3,Andy Murray,Grigor Dimitrov,player1,other,0.3307798250612176,3.4,3.25,0.0461538461538462,0.281183932346723,0.0495958927144946,0.1246514052081401,False,1.0,-1.0,200.0,3.352,-1.0,0.10877397360520136
2024-01-01,2024-01-04,Hong Kong,R16,Hard,3,Andrey Rublev,Liam Broady,player1,top_10,0.9554604208541396,1.08,1.09,-0.0091743119266055,0.8810572687224669,0.0744031521316728,0.0318972545224709,True,1.0,0.08,200.0,1.0784,0.07840000000000003,0.0303685178491042
2024-01-01,2024-01-05,Brisbane,QF,Hard,3,James Duckworth,Holger Rune,player2,top_10,0.234945930421809,5.0,5.04,-0.0079365079365079,0.1896272285251215,0.0453187018966874,0.174729652109045,False,1.0,-1.0,200.0,4.92,-1.0,0.15593397767530026
2024-01-01,2024-01-06,Brisbane,SF,Hard,3,Roman Safiullin,Holger Rune,player2,top_10,0.4393720464575233,2.38,2.4,-0.0083333333333333,0.3974683544303797,0.0419036920271436,0.0457054705689056,False,1.0,-1.0,200.0,2.3524,-1.0,0.03357880208667774
2024-01-08,2024-01-08,Auckland,R32,Hard,3,Fabian Marozsan,Gael Monfils,player2,other,0.414629801901072,2.5,2.53,-0.0118577075098813,0.3796526054590571,0.0349771964420149,0.03657450475268,True,1.0,1.5,200.0,2.4699999999999998,1.4699999999999998,0.024135610695647736
2024-01-15,2024-01-15,Australian Open,R128,Hard,5,Marc Polmans,Alexei Popyrin,player1,other,0.2069189374360504,5.0,5.03,-0.0059642147117296,0.1896272285251215,0.0172917089109288,0.0345946871802522,False,1.0,-1.0,200.0,4.92,-1.0,0.018041172185367937
2024-01-15,2024-01-15,Australian Open,R128,Hard,5,Stefanos Tsitsipas,Zizou Bergs,player1,top_10,0.964272608785416,1.1,1.09,0.0091743119266054,0.8641975308641975,0.1000750779212185,0.0606998696639576,True,1.0,0.1,200.0,1.098,0.09800000000000009,0.05877132444638683
2024-01-15,2024-01-15,Australian Open,R128,Hard,5,Milos Raonic,Alex De Minaur,player2,top_10,0.3585819498788261,6.5,7.15,-0.0909090909090909,0.1458607095926412,0.2127212402861848,1.3307826742123694,False,1.0,-1.0,200.0,6.39,-1.0,1.2913386597256986
2024-01-15,2024-01-15,Australian Open,R128,Hard,5,David Goffin,Ugo Humbert,player1,other,0.3519586628967345,3.2,3.0,0.0666666666666666,0.2982456140350877,0.0537130488616468,0.1262677212695506,False,1.0,-1.0,200.0,3.156,-1.0,0.11078154010209418
2024-01-15,2024-01-17,Australian Open,R64,Hard,5,Hugo Gaston,Taylor Fritz,player2,other,0.1900454587214564,6.5,6.12,0.0620915032679738,0.1458607095926412,0.0441847491288151,0.2352954816894665,False,1.0,-1.0,200.0,6.39,-1.0,0.2143904812301063
2024-01-15,2024-01-19,Australian Open,R32,Hard,5,Luca Van Assche,Stefanos Tsitsipas,player2,top_10,0.2299834382526278,4.5,4.6,-0.0217391304347824,0.2105263157894736,0.0194571224631541,0.034925472136825,False,1.0,-1.0,200.0,4.43,-1.0,0.018826631459141097
2024-01-15,2024-01-19,Australian Open,R32,Hard,5,Sebastian Baez,Jannik Sinner,player2,top_10,0.1245519422229548,17.0,17.61,-0.0346394094264621,0.0571270105379922,0.0674249316849626,1.1173830177902324,False,1.0,-1.0,200.0,16.68,-1.0,1.0775263962788861
2024-01-15,2024-01-20,Australian Open,R32,Hard,5,Hubert Hurkacz,Ugo Humbert,player1,top_10,0.6600514371747582,1.57,1.62,-0.0308641975308642,0.6025316455696202,0.0575197916051379,0.0362807563643704,True,1.0,0.5700000000000001,200.0,1.5586000000000002,0.5586000000000002,0.028756169980578283
2024-01-15,2024-01-20,Australian Open,R32,Hard,5,Felix Auger Aliassime,Daniil Medvedev,player1,top_10,0.2691165751163794,5.0,4.65,0.075268817204301,0.1896272285251215,0.0794893465912578,0.3455828755818971,False,1.0,-1.0,200.0,4.92,-1.0,0.3240535495725865
2024-01-15,2024-01-20,Australian Open,R32,Hard,5,Alex Michelsen,Alexander Zverev,player1,top_10,0.2588902703291494,5.0,5.07,-0.0138067061143984,0.1896272285251215,0.0692630418040279,0.2944513516457473,False,1.0,-1.0,200.0,4.92,-1.0,0.2737401300194151
2024-01-15,2024-01-21,Australian Open,R16,Hard,5,Karen Khachanov,Jannik Sinner,player2,top_10,0.1679984997189408,8.0,7.22,0.10803324099723,0.118942731277533,0.0490557684414078,0.3439879977515271,False,1.0,-1.0,200.0,7.859999999999999,-1.0,0.3204682077908745
2024-01-15,2024-01-22,Australian Open,R16,Hard,5,Cameron Norrie,Alexander Zverev,player1,top_10,0.2632751072785511,4.0,4.03,-0.0074441687344913,0.238095238095238,0.025179869183313,0.0531004291142045,False,1.0,-1.0,200.0,3.94,-1.0,0.037303922677491275
2024-01-15,2024-01-22,Australian Open,R16,Hard,5,Miomir Kecmanovic,Carlos Alcaraz,player1,top_10,0.0957704681305304,11.0,10.79,0.0194624652455979,0.0871369294605809,0.0086335386699495,0.0534751494358352,False,1.0,-1.0,200.0,10.8,-1.0,0.03432105580972833
2024-01-15,2024-01-23,Australian Open,QF,Hard,5,Andrey Rublev,Jannik Sinner,player2,top_10,0.2458026479501923,4.5,4.42,0.0180995475113121,0.2105263157894736,0.0352763321607186,0.1061119157758655,False,1.0,-1.0,200.0,4.43,-1.0,0.08890573041935179
2024-01-15,2024-01-24,Australian Open,QF,Hard,5,Hubert Hurkacz,Daniil Medvedev,player2,top_10,0.3999576061401305,3.0,3.0,0.0,0.3181818181818181,0.0817757879583124,0.1998728184203916,False,1.0,-1.0,200.0,2.96,-1.0,0.18387451417478617
2024-01-15,2024-01-26,Australian Open,SF,Hard,5,Novak Djokovic,Jannik Sinner,player2,top_10,0.7295010588918192,1.5,1.5,0.0,0.6368038740920097,0.0926971847998094,0.0942515883377287,False,1.0,-1.0,200.0,1.49,-1.0,0.08695657774881055
2024-01-15,2024-01-26,Australian Open,SF,Hard,5,Alexander Zverev,Daniil Medvedev,player2,top_10,0.532365776322546,2.1,2.16,-0.0277777777777777,0.4516971279373368,0.0806686483852092,0.1179681302773466,False,1.0,-1.0,200.0,2.0780000000000003,-1.0,0.10625608319825075
2024-01-29,2024-02-02,Montpellier,QF,Hard,3,Michael Mmoh,Holger Rune,player2,top_10,0.2541091456110954,4.5,4.38,0.0273972602739727,0.2105263157894736,0.0435828298216217,0.1434911552499295,False,1.0,-1.0,200.0,4.43,-1.0,0.12570351505715238
2024-02-05,2024-02-06,Cordoba,R32,Clay,3,Bernabe Zapata Miralles,Cristian Garin,player2,other,0.5959991080764364,2.2,2.14,0.0280373831775702,0.4315245478036175,0.1644745602728188,0.3111980377681602,True,1.0,1.2000000000000002,200.0,2.176,1.1760000000000002,0.29689405917432576
2024-02-05,2024-02-07,Marseille,R16,Hard,3,Hugo Gaston,Ugo Humbert,player2,other,0.2443880266592736,4.33,4.14,0.0458937198067634,0.2198198198198198,0.0245682068394538,0.0582001554346547,False,1.0,-1.0,200.0,4.2634,-1.0,0.04192391285914698
2024-02-05,2024-02-08,Marseille,R16,Hard,3,Alexander Shevchenko,Hubert Hurkacz,player1,top_10,0.2819890698649975,4.0,3.7,0.0810810810810809,0.238095238095238,0.0438938317697594,0.1279562794599902,False,1.0,-1.0,200.0,3.94,-1.0,0.11103693526809011
2024-02-05,2024-02-09,Cordoba,R16,Clay,3,Hugo Dellien,Sebastian Baez,player2,other,0.2256691377833833,5.0,4.73,0.0570824524312896,0.1896272285251215,0.0360419092582618,0.1283456889169169,False,1.0,-1.0,200.0,4.92,-1.0,0.11029215789424573
2024-02-05,2024-02-10,Cordoba,SF,Clay,3,Facundo Bagnis,Federico Coria,player2,other,0.4473543645672864,2.38,2.25,0.0577777777777777,0.3974683544303797,0.0498860101369066,0.0647033876701416,True,1.0,1.38,200.0,2.3524,1.3523999999999998,0.05235640720808443
2024-02-12,2024-02-13,Rotterdam,R32,Hard,3,Hubert Hurkacz,Jiri Lehecka,player2,top_10,0.7817554863342027,1.36,1.34,0.0149253731343284,0.7017543859649122,0.0800011003692904,0.0631874614145157,True,1.0,0.3600000000000001,200.0,1.3528000000000002,0.3528000000000002,0.057558821912909564
2024-02-12,2024-02-13,Buenos Aires,R32,Clay,3,Daniel Elahi Galan,Diego Schwartzman,player2,other,0.6902649244445427,2.0,1.91,0.0471204188481675,0.4736842105263157,0.2165807139182269,0.3805298488890853,True,1.0,1.0,200.0,1.98,0.98,0.36672455040019447
2024-02-12,2024-02-14,Rotterdam,R32,Hard,3,Holger Rune,Roman Safiullin,player2,top_10,0.6538312713097283,1.8,1.78,0.0112359550561798,0.5263157894736842,0.1275154818360441,0.1768962883575109,True,1.0,0.8,200.0,1.784,0.784,0.16643498801655532
2024-02-12,2024-02-14,Rotterdam,R32,Hard,3,Botic Van De Zandschulp,Jannik Sinner,player1,top_10,0.1798699849628642,7.0,6.84,0.023391812865497,0.1358024691358024,0.0440675158270617,0.2590898947400497,False,1.0,-1.0,200.0,6.88,-1.0,0.2375054965445056
2024-02-12,2024-02-14,Rotterdam,R16,Hard,3,Felix Auger Aliassime,Andrey Rublev,player1,top_10,0.3808550482869544,2.75,2.73,0.0073260073260073,0.3436754176610979,0.0371796306258565,0.0473513827891246,False,1.0,-1.0,200.0,2.715,-1.0,0.03402145609908114
2024-02-12,2024-02-15,Rotterdam,R16,Hard,3,Alexander Shevchenko,Holger Rune,player1,top_10,0.3582034328164631,3.4,3.27,0.039755351681957,0.281183932346723,0.0770195004697401,0.2178916715759747,True,1.0,2.4,200.0,3.352,2.352,0.20069790680078436
2024-02-12,2024-02-15,Rotterdam,R16,Hard,3,Gael Monfils,Jannik Sinner,player1,top_10,0.1318159052575701,9.0,7.88,0.1421319796954314,0.1062562065541211,0.0255596987034489,0.186343147318131,False,1.0,-1.0,200.0,8.84,-1.0,0.16525260247691942
2024-02-12,2024-02-16,Rotterdam,QF,Hard,3,Milos Raonic,Jannik Sinner,player2,top_10,0.3246351086352634,7.0,6.74,0.0385756676557862,0.1358024691358024,0.188832639499461,1.2724457604468442,False,1.0,-1.0,200.0,6.88,-1.0,1.2334895474106122
2024-02-12,2024-02-18,Rotterdam,F,Hard,3,Jannik Sinner,Alex De Minaur,player1,top_10,0.868172737444641,1.22,1.24,-0.0161290322580645,0.7801801801801801,0.0879925572644608,0.0591707396824619,True,1.0,0.2199999999999999,200.0,1.2156,0.2156,0.05535077963770557
2024-02-12,2024-02-18,Delray Beach,SF,Hard,3,Taylor Fritz,Marcos Giron,player1,top_10,0.8225856569754284,1.36,1.38,-0.0144927536231882,0.7017543859649122,0.1208312710105161,0.1187164934865827,True,1.0,0.3600000000000001,200.0,1.3528000000000002,0.3528000000000002,0.11279387675635971
2024-02-19,2024-02-21,Los Cabos,R16,Hard,3,Alex Michelsen,Alex De Minaur,player2,top_10,0.2734569854419324,4.33,3.87,0.1188630490956073,0.2198198198198198,0.0536371656221126,0.1840687469635674,True,1.0,3.33,200.0,4.2634,3.2634,0.16585651173313465
2024-02-19,2024-02-23,Los Cabos,QF,Hard,3,Thanasi Kokkinakis,Alexander Zverev,player1,top_10,0.2170832320123372,5.0,5.11,-0.0215264187866928,0.1896272285251215,0.0274560034872157,0.0854161600616864,False,1.0,-1.0,200.0,4.92,-1.0,0.0680495015006991
2024-02-19,2024-02-25,Los Cabos,F,Hard,3,Jordan Thompson,Casper Ruud,player1,other,0.2945536816874424,3.5,3.26,0.0736196319018405,0.2708333333333333,0.023720348354109,0.0309378859060486,True,1.0,2.5,200.0,3.45,2.45,0.016210201821676207
2024-02-26,2024-02-27,Dubai,R32,Hard,3,Daniil Medvedev,Alexander Shevchenko,player1,top_10,0.9482041915269758,1.1,1.11,-0.009009009009009,0.8641975308641975,0.0840066606627782,0.0430246106796734,True,1.0,0.1,200.0,1.098,0.09800000000000009,0.04112820229661948
2024-02-26,2024-02-28,Dubai,R16,Hard,3,Lorenzo Sonego,Daniil Medvedev,player1,top_10,0.1932273124013605,7.0,6.59,0.062215477996965,0.1358024691358024,0.057424843265558,0.3525911868095237,False,1.0,-1.0,200.0,6.88,-1.0,0.3294039093213602
2024-02-26,2024-02-28,Acapulco,R32,Hard,3,Michael Mmoh,Holger Rune,player2,top_10,0.3666496593973503,3.4,3.38,0.0059171597633136,0.281183932346723,0.0854657270506272,0.2466088419509909,False,1.0,-1.0,200.0,3.352,-1.0,0.22900965829991804
2024-02-26,2024-02-29,Acapulco,R16,Hard,3,Aleksandar Kovacevic,Holger Rune,player1,top_10,0.27259724384431,5.0,4.48,0.1160714285714283,0.1896272285251215,0.0829700153191884,0.36298621922155,False,1.0,-1.0,200.0,4.92,-1.0,0.3411784397140052
2024-02-26,2024-03-01,Dubai,SF,Hard,3,Andrey Rublev,Alexander Bublik,player2,top_10,0.8115333803875246,1.29,1.28,0.0078125,0.744047619047619,0.0674857613399056,0.0468780606999068,False,1.0,-1.0,200.0,1.2842,-1.0,0.04217116709365917
2024-02-26,2024-03-03,Acapulco,F,Hard,3,Casper Ruud,Alex De Minaur,player2,top_10,0.4481140953569356,2.38,2.4,-0.0083333333333333,0.3974683544303797,0.0506457409265558,0.0665115469495066,False,1.0,-1.0,200.0,2.3524,-1.0,0.05414359791765522
2024-03-04,2024-03-07,Indian Wells Masters,R128,Hard,4,Jaume Munar,Alex Michelsen,player1,other,0.3307929446163864,3.2,2.98,0.0738255033557047,0.2982456140350877,0.0325473305812987,0.0585374227724365,False,1.0,-1.0,200.0,3.156,-1.0,0.043982533209315555
2024-03-04,2024-03-08,Indian Wells Masters,R64,Hard,4,Constant Lestienne,Felix Auger Aliassime,player1,other,0.2910268991505612,4.0,4.08,-0.0196078431372549,0.238095238095238,0.0529316610553231,0.1641075966022447,False,1.0,-1.0,200.0,3.94,-1.0,0.14664598265321094
2024-03-04,2024-03-08,Indian Wells Masters,R64,Hard,4,Taro Daniel,Alex De Minaur,player2,top_10,0.1160321514565556,9.0,8.44,0.0663507109004739,0.1062562065541211,0.0097759449024344,0.0442893631090008,False,1.0,-1.0,200.0,8.84,-1.0,0.025724218875951554
2024-03-04,2024-03-08,Indian Wells Masters,R64,Hard,4,Thanasi Kokkinakis,Jannik Sinner,player2,top_10,0.1688934547067712,8.0,9.1,-0.1208791208791209,0.118942731277533,0.0499507234292381,0.3511476376541697,False,1.0,-1.0,200.0,7.859999999999999,-1.0,0.32750255399522155
2024-03-04,2024-03-08,Indian Wells Masters,R64,Hard,4,Lucas Pouille,Stefanos Tsitsipas,player2,other,0.1926978040949407,5.5,5.44,0.0110294117647058,0.1716867469879518,0.0210110571069889,0.0598379225221741,False,1.0,-1.0,200.0,5.41,-1.0,0.04249512015362922
2024-03-04,2024-03-09,Indian Wells Masters,R64,Hard,4,Alejandro Tabilo,Taylor Fritz,player1,other,0.2085678421447897,5.0,4.94,0.0121457489878542,0.1896272285251215,0.0189406136196681,0.0428392107239485,False,1.0,-1.0,200.0,4.92,-1.0,0.0261537833523654
2024-03-04,2024-03-09,Indian Wells Masters,R64,Hard,4,Alexandre Muller,Grigor Dimitrov,player2,other,0.2158666163917607,5.5,5.21,0.055662188099808,0.1716867469879518,0.0441798694038089,0.1872663901546841,False,1.0,-1.0,200.0,5.41,-1.0,0.1678383946794253
2024-03-04,2024-03-09,Indian Wells Masters,R64,Hard,4,Aleksandar Vukic,Novak Djokovic,player2,top_10,0.1080988914854937,21.0,16.81,0.2492563950029744,0.0463215258855585,0.0617773655999352,1.2700767211953696,False,1.0,-1.0,200.0,20.6,-1.0,1.2268371646011704
2024-03-04,2024-03-10,Indian Wells Masters,R64,Hard,4,Hubert Hurkacz,Gael Monfils,player2,top_10,0.7202438914070972,1.5,1.51,-0.0066225165562914,0.6368038740920097,0.0834400173150875,0.0803658371106458,False,1.0,-1.0,200.0,1.49,-1.0,0.07316339819657486
2024-03-04,2024-03-10,Indian Wells Masters,R64,Hard,4,Lukas Klein,Casper Ruud,player1,top_10,0.240656624455586,4.5,4.28,0.0514018691588784,0.2105263157894736,0.0301303086661124,0.0829548100501373,False,1.0,-1.0,200.0,4.43,-1.0,0.06610884633824587
2024-03-04,2024-03-10,Indian Wells Masters,R32,Hard,4,Felix Auger Aliassime,Carlos Alcaraz,player1,top_10,0.2358339584270658,4.5,4.6,-0.0217391304347824,0.2105263157894736,0.0253076426375921,0.0612528129217962,False,1.0,-1.0,200.0,4.43,-1.0,0.04474443583190146
2024-03-04,2024-03-10,Indian Wells Masters,R32,Hard,4,Alex De Minaur,Alexander Bublik,player1,top_10,0.8889385827109073,1.25,1.25,0.0,0.7619047619047619,0.1270338208061454,0.1111732283886341,True,1.0,0.25,200.0,1.245,0.2450000000000001,0.10672853547507968
2024-03-04,2024-03-10,Indian Wells Masters,R32,Hard,4,Jan Lennard Struff,Jannik Sinner,player2,top_10,0.1564323253979351,10.0,10.07,-0.0069513406156902,0.0958408679927667,0.0605914574051684,0.5643232539793517,False,1.0,-1.0,200.0,9.82,-1.0,0.536165435407723
2024-03-04,2024-03-10,Indian Wells Masters,R32,Hard,4,Andrey Rublev,Jiri Lehecka,player1,top_10,0.8572708450496502,1.25,1.27,-0.0157480314960629,0.7619047619047619,0.0953660831448883,0.0715885563120627,False,1.0,-1.0,200.0,1.245,-1.0,0.06730220208681462
2024-03-04,2024-03-11,Indian Wells Masters,R32,Hard,4,Tallon Griekspoor,Alexander Zverev,player1,top_10,0.3358573116366263,3.75,3.54,0.0593220338983051,0.2559523809523809,0.0799049306842453,0.2594649186373486,False,1.0,-1.0,200.0,3.695,-1.0,0.24099276649733414
2024-03-04,2024-03-11,Indian Wells Masters,R32,Hard,4,Arthur Fils,Casper Ruud,player1,top_10,0.3723585109702471,3.0,2.88,0.0416666666666667,0.3181818181818181,0.054176692788429,0.1170755329107414,False,1.0,-1.0,200.0,2.96,-1.0,0.10218119247193136
2024-03-04,2024-03-12,Indian Wells Masters,R32,Hard,4,Luca Nardi,Novak Djokovic,player2,top_10,0.0924208722619644,17.0,14.6,0.1643835616438356,0.0571270105379922,0.0352938617239722,0.5711548284533964,True,1.0,16.0,200.0,16.68,15.68,0.541580149329566
2024-03-04,2024-03-14,Indian Wells Masters,QF,Hard,4,Tommy Paul,Casper Ruud,player1,top_10,0.5150252888758104,2.0,1.97,0.015228426395939,0.4736842105263157,0.0413410783494946,0.0300505777516209,True,1.0,1.0,200.0,1.98,0.98,0.01975007197410472
2024-03-04,2024-03-15,Indian Wells Masters,QF,Hard,4,Holger Rune,Daniil Medvedev,player1,top_10,0.400316838001405,2.75,2.86,-0.0384615384615384,0.3436754176610979,0.0566414203403071,0.1008713045038638,False,1.0,-1.0,200.0,2.715,-1.0,0.08686021517381459
2024-03-04,2024-03-16,Indian Wells Masters,SF,Hard,4,Carlos Alcaraz,Jannik Sinner,player1,top_10,0.5349694096287365,2.1,2.06,0.0194174757281553,0.4516971279373368,0.0832722816913997,0.1234357602203467,True,1.0,1.1,200.0,2.0780000000000003,1.0780000000000003,0.11166643320851466
2024-03-04,2024-03-17,Indian Wells Masters,SF,Hard,4,Tommy Paul,Daniil Medvedev,player1,top_10,0.4452892444802799,3.4,3.23,0.0526315789473683,0.281183932346723,0.1641053121335568,0.5139834312329516,False,1.0,-1.0,200.0,3.352,-1.0,0.4926095474978982
2024-03-18,2024-03-21,Miami Masters,R128,Hard,4,Emilio Nava,Roberto Bautista Agut,player2,other,0.5326777930715133,2.1,2.14,-0.0186915887850467,0.4516971279373368,0.0809806651341765,0.118623365450178,False,1.0,-1.0,200.0,2.0780000000000003,-1.0,0.10690445400260484
2024-03-18,2024-03-23,Miami Masters,R64,Hard,4,Flavio Cobolli,Cameron Norrie,player1,other,0.3007025087896665,3.75,3.57,0.0504201680672269,0.2559523809523809,0.0447501278372856,0.1276344079612494,False,1.0,-1.0,200.0,3.695,-1.0,0.11109576997781756
2024-03-18,2024-03-23,Miami Masters,R64,Hard,4,Luca Van Assche,Casper Ruud,player1,top_10,0.2576717887831767,4.33,4.36,-0.0068807339449541,0.2198198198198198,0.0378519689633569,0.1157188454311554,False,1.0,-1.0,200.0,4.2634,-1.0,0.09855790429819555
2024-03-18,2024-03-24,Miami Masters,R32,Hard,4,Alejandro Davidovich Fokina,Casper Ruud,player2,top_10,0.4029271561455563,2.63,2.56,0.02734375,0.3631961259079903,0.0397310302375659,0.059698420662813,False,1.0,-1.0,200.0,2.5974,-1.0,0.046562995372467886
2024-03-18,2024-03-25,Miami Masters,R32,Hard,4,Dominik Koepfer,Ugo Humbert,player1,other,0.3047629338655463,3.4,3.38,0.0059171597633136,0.281183932346723,0.0235790015188233,0.0361939751428577,True,1.0,2.4,200.0,3.352,2.352,0.021565354317311214
2024-03-18,2024-03-25,Miami Masters,R32,Hard,4,Alex De Minaur,Jan Lennard Struff,player1,top_10,0.8716671768734928,1.2,1.2,0.0,0.7894736842105263,0.0821934926629665,0.0460006122481913,True,1.0,0.1999999999999999,200.0,1.196,0.19599999999999995,0.042513943540697374
2024-03-18,2024-03-25,Miami Masters,R32,Hard,4,Hubert Hurkacz,Sebastian Korda,player2,top_10,0.6911602250156933,1.53,1.55,-0.0129032258064516,0.6203473945409429,0.0708128304747504,0.0574751442740107,True,1.0,0.53,200.0,1.5194,0.5194000000000001,0.05014884588884444
2024-03-18,2024-03-25,Miami Masters,R32,Hard,4,Gael Monfils,Carlos Alcaraz,player1,top_10,0.1535713514518931,8.0,7.63,0.0484927916120576,0.118942731277533,0.0346286201743601,0.2285708116151451,False,1.0,-1.0,200.0,7.859999999999999,-1.0,0.20707082241187957
2024-03-18,2024-03-27,Miami Masters,R16,Hard,4,Fabian Marozsan,Alex De Minaur,player1,top_10,0.3929393392294907,3.4,3.4,0.0,0.281183932346723,0.1117554068827677,0.3359937533802685,True,1.0,2.4,200.0,3.352,2.352,0.3171326650972527
2024-03-18,2024-03-27,Miami Masters,R16,Hard,4,Karen Khachanov,Alexander Zverev,player1,top_10,0.3607607001328698,3.0,2.79,0.075268817204301,0.3181818181818181,0.0425788819510517,0.0822821003986096,False,1.0,-1.0,200.0,2.96,-1.0,0.0678516723932947
2024-03-18,2024-03-28,Miami Masters,QF,Hard,4,Alexander Zverev,Fabian Marozsan,player1,top_10,0.7994937587153877,1.29,1.26,0.0238095238095237,0.744047619047619,0.0554461396677687,0.0313469487428502,True,1.0,0.29,200.0,1.2842,0.2842,0.02670988494230095
2024-03-18,2024-03-29,Miami Masters,SF,Hard,4,Daniil Medvedev,Jannik Sinner,player1,top_10,0.5200450138575706,2.63,2.55,0.0313725490196079,0.3631961259079903,0.1568488879495803,0.3677183864454106,False,1.0,-1.0,200.0,2.5974,-1.0,0.3507649189936539
2024-03-18,2024-03-31,Miami Masters,F,Hard,4,Grigor Dimitrov,Jannik Sinner,player1,top_10,0.283511780470469,4.33,4.11,0.0535279805352797,0.2198198198198198,0.0636919606506492,0.2276060094371307,False,1.0,-1.0,200.0,4.2634,-1.0,0.20872412485779746
2024-04-01,2024-04-02,Marrakech,R32,Clay,3,Hugo Gaston,Fabio Fognini,player2,other,0.5439121587649502,2.1,2.04,0.0294117647058824,0.4516971279373368,0.0922150308276134,0.1422155334063956,False,1.0,-1.0,200.0,2.0780000000000003,-1.0,0.1302494659135668
2024-04-01,2024-04-02,Houston,R32,Clay,3,Michael Mmoh,Juan Pablo Varillas,player1,other,0.4317847069654896,2.5,2.51,-0.0039840637450198,0.3796526054590571,0.0521321015064325,0.0794617674137241,True,1.0,1.5,200.0,2.4699999999999998,1.4699999999999998,0.06650822620475927
2024-04-01,2024-04-02,Houston,R32,Clay,3,Daniel Elahi Galan,Benoit Paire,player2,other,0.8293090731884349,1.5,1.47,0.0204081632653061,0.6368038740920097,0.1925051990964252,0.2439636097826524,True,1.0,0.5,200.0,1.49,0.49,0.23567051905076808
2024-04-01,2024-04-03,Marrakech,R16,Clay,3,Sumit Nagal,Lorenzo Sonego,player2,other,0.4182461961627356,2.5,2.44,0.0245901639344261,0.3796526054590571,0.0385935907036785,0.0456154904068389,False,1.0,-1.0,200.0,2.4699999999999998,-1.0,0.033068104521956854
2024-04-01,2024-04-04,Estoril,R16,Clay,3,Botic Van De Zandschulp,Casper Ruud,player2,top_10,0.2778263649434952,4.5,4.36,0.0321100917431191,0.2105263157894736,0.0673000491540215,0.2502186422457285,False,1.0,-1.0,200.0,4.43,-1.0,0.2307707966996837
2024-04-01,2024-04-06,Estoril,SF,Clay,3,Hubert Hurkacz,Cristian Garin,player2,top_10,0.7102298247697224,1.5,1.47,0.0204081632653061,0.6368038740920097,0.0734259506777127,0.0653447371545836,True,1.0,0.5,200.0,1.49,0.49,0.05824243890688641
2024-04-01,2024-04-06,Estoril,SF,Clay,3,Casper Ruud,Pedro Martinez,player1,top_10,0.8857461298524324,1.17,1.16,0.0086206896551723,0.8103727714748785,0.0753733583775538,0.0363229719273458,False,1.0,-1.0,200.0,1.1665999999999999,-1.0,0.033311435085847496
2024-04-08,2024-04-08,Monte Carlo Masters,R64,Clay,4,Arthur Fils,Yannick Hanfmann,player2,other,0.7418233701368585,1.4,1.39,0.0071942446043165,0.6818181818181818,0.0600051883186767,0.0385527181916018,True,1.0,0.3999999999999999,200.0,1.392,0.3919999999999999,0.032618131230507
2024-04-08,2024-04-09,Monte Carlo Masters,R32,Clay,4,Sebastian Ofner,Alexander Zverev,player1,top_10,0.1628860540293586,7.0,7.03,-0.0042674253200569,0.1358024691358024,0.0270835848935562,0.1402023782055107,False,1.0,-1.0,200.0,6.88,-1.0,0.12065605172198723
2024-04-08,2024-04-10,Monte Carlo Masters,R32,Clay,4,Sebastian Korda,Jannik Sinner,player2,top_10,0.289383847487384,6.0,5.87,0.0221465076660987,0.158485273492286,0.1308985739950979,0.736303084924304,False,1.0,-1.0,200.0,5.9,-1.0,0.7073647001755656
2024-04-08,2024-04-10,Monte Carlo Masters,R32,Clay,4,Gael Monfils,Daniil Medvedev,player1,top_10,0.3149887677411221,3.4,3.21,0.0591900311526478,0.281183932346723,0.0338048353943991,0.0709618103198153,False,1.0,-1.0,200.0,3.352,-1.0,0.05584234946824118
2024-04-08,2024-04-10,Monte Carlo Masters,R32,Clay,4,Casper Ruud,Alejandro Tabilo,player2,top_10,0.8636471640051433,1.25,1.25,0.0,0.7619047619047619,0.1017424021003814,0.0795589550064291,True,1.0,0.25,200.0,1.245,0.2450000000000001,0.07524071918640349
2024-04-08,2024-04-11,Monte Carlo Masters,R32,Clay,4,Grigor Dimitrov,Miomir Kecmanovic,player2,top_10,0.8053909533215131,1.33,1.3,0.0230769230769229,0.7188160676532769,0.0865748856682362,0.0711699679176124,True,1.0,0.33,200.0,1.3234000000000001,0.32340000000000013,0.06585438762569057
2024-04-08,2024-04-11,Monte Carlo Masters,R16,Clay,4,Karen Khachanov,Daniil Medvedev,player2,top_10,0.3586661098879512,3.0,2.93,0.023890784982935,0.3181818181818181,0.0404842917061331,0.0759983296638536,True,1.0,2.0,200.0,2.96,1.96,0.06165168526833564
2024-04-08,2024-04-12,Monte Carlo Masters,QF,Clay,4,Casper Ruud,Ugo Humbert,player2,top_10,0.8173288995540549,1.3,1.31,-0.0076335877862595,0.7291666666666667,0.0881622328873881,0.0625275694202713,True,1.0,0.3,200.0,1.294,0.29400000000000004,0.057623596022947005
2024-04-08,2024-04-12,Monte Carlo Masters,QF,Clay,4,Alex De Minaur,Novak Djokovic,player2,top_10,0.2923867323250667,4.33,4.04,0.0717821782178218,0.2198198198198198,0.0725669125052469,0.266034550967539,False,1.0,-1.0,200.0,4.2634,-1.0,0.24656159459468918
2024-04-08,2024-04-13,Monte Carlo Masters,SF,Clay,4,Stefanos Tsitsipas,Jannik Sinner,player1,top_10,0.3428622900845982,3.75,3.62,0.0359116022099448,0.2559523809523809,0.0869099091322173,0.2857335878172433,True,1.0,2.75,200.0,3.695,2.695,0.2668761618625901
2024-04-08,2024-04-13,Monte Carlo Masters,SF,Clay,4,Casper Ruud,Novak Djokovic,player2,top_10,0.3812448371722218,3.0,2.9,0.0344827586206897,0.3181818181818181,0.0630630189904036,0.1437345115166654,True,1.0,2.0,200.0,2.96,1.96,0.12848471802977646
2024-04-15,2024-04-16,Barcelona,R64,Clay,3,Flavio Cobolli,Rafael Nadal,player2,other,0.2404463333460322,4.33,4.19,0.0334128878281623,0.2198198198198198,0.0206265135262124,0.0411326233883198,False,1.0,-1.0,200.0,4.2634,-1.0,0.025118897587473543
2024-04-15,2024-04-17,Barcelona,R32,Clay,3,Tomas Machac,Alejandro Davidovich Fokina,player1,other,0.4816561729802322,2.2,2.15,0.0232558139534884,0.4315245478036175,0.0501316251766146,0.0596435805565109,False,1.0,-1.0,200.0,2.176,-1.0,0.04808383240498537
2024-04-15,2024-04-17,Barcelona,R32,Clay,3,Alex De Minaur,Rafael Nadal,player1,other,0.5207870286013437,2.0,2.01,-0.0049751243781093,0.4736842105263157,0.0471028180750279,0.0415740572026874,True,1.0,1.0,200.0,1.98,0.98,0.0311583166306606
2024-04-15,2024-04-17,Barcelona,R32,Clay,3,Roberto Carballes Baena,Lorenzo Musetti,player1,other,0.3317967031307501,3.2,3.15,0.015873015873016,0.2982456140350877,0.0335510890956624,0.0617494500184003,True,1.0,2.2,200.0,3.156,2.156,0.047150395080647334
2024-04-15,2024-04-18,Barcelona,R16,Clay,3,Arthur Fils,Alex De Minaur,player2,other,0.2747932997884892,3.75,3.58,0.047486033519553,0.2559523809523809,0.0188409188361082,0.0304748742068345,True,1.0,2.75,200.0,3.695,2.695,0.015361242718467616
2024-04-15,2024-04-18,Barcelona,R16,Clay,3,Roberto Carballes Baena,Stefanos Tsitsipas,player1,top_10,0.2015057040976283,5.5,5.42,0.014760147601476,0.1716867469879518,0.0298189571096764,0.1082813725369555,False,1.0,-1.0,200.0,5.41,-1.0,0.09014585916816908
2024-04-15,2024-04-19,Barcelona,QF,Clay,3,Casper Ruud,Matteo Arnaldi,player1,top_10,0.893729591431857,1.29,1.27,0.0157480314960629,0.744047619047619,0.149681972384238,0.1529111729470956,True,1.0,0.29,200.0,1.2842,0.2842,0.14772754131679083
2024-04-15,2024-04-19,Barcelona,QF,Clay,3,Arthur Fils,Dusan Lajovic,player2,other,0.6906039697717304,1.57,1.62,-0.0308641975308642,0.6025316455696202,0.0880723242021102,0.0842482325416168,False,1.0,-1.0,200.0,1.5586000000000002,-1.0,0.0763753472862192
2024-04-15,2024-04-21,Barcelona,F,Clay,3,Stefanos Tsitsipas,Casper Ruud,player1,top_10,0.5646664837517352,2.1,2.07,0.0144927536231884,0.4516971279373368,0.1129693558143984,0.185799615878644,False,1.0,-1.0,200.0,2.0780000000000003,-1.0,0.1733769532361059
2024-04-22,2024-04-25,Madrid Masters,R128,Clay,4,Thiago Monteiro,Dusan Lajovic,player1,other,0.4206983809482035,2.5,2.55,-0.0196078431372548,0.3796526054590571,0.0410457754891464,0.0517459523705087,True,1.0,1.5,200.0,2.4699999999999998,1.4699999999999998,0.039125000942062504
2024-04-22,2024-04-26,Madrid Masters,R64,Clay,4,Alexander Zverev,Borna Coric,player1,top_10,0.874599497045372,1.2,1.2,0.0,0.7894736842105263,0.0851258128348456,0.0495193964544463,True,1.0,0.1999999999999999,200.0,1.196,0.19599999999999995,0.04602099846626487
2024-04-22,2024-04-26,Madrid Masters,R64,Clay,4,Jack Draper,Hubert Hurkacz,player1,top_10,0.4755550145649468,2.2,2.2,0.0,0.4315245478036175,0.0440304667613292,0.0462210320428829,False,1.0,-1.0,200.0,2.176,-1.0,0.034807711693324306
2024-04-22,2024-04-27,Madrid Masters,R64,Clay,4,Thiago Monteiro,Stefanos Tsitsipas,player1,top_10,0.1755734985162743,6.0,5.66,0.0600706713780918,0.158485273492286,0.0170882250239882,0.0534409910976456,True,1.0,5.0,200.0,5.9,4.9,0.035883641246018394
2024-04-22,2024-04-27,Madrid Masters,R64,Clay,4,Max Purcell,Sebastian Korda,player2,other,0.176130460977312,6.0,5.47,0.096892138939671,0.158485273492286,0.0176451874850259,0.0567827658638719,False,1.0,-1.0,200.0,5.9,-1.0,0.03916971976614081
2024-04-22,2024-04-27,Madrid Masters,R64,Clay,4,Casper Ruud,Miomir Kecmanovic,player1,top_10,0.925613927176994,1.17,1.16,0.0086206896551723,0.8103727714748785,0.1152411557021153,0.0829682947970827,True,1.0,0.1699999999999999,200.0,1.1665999999999999,0.16659999999999986,0.07982120744468105
2024-04-22,2024-04-27,Madrid Masters,R64,Clay,4,Flavio Cobolli,Nicolas Jarry,player2,other,0.4121535471792098,2.5,2.52,-0.0079365079365079,0.3796526054590571,0.0325009417201527,0.0303838679480245,True,1.0,1.5,200.0,2.4699999999999998,1.4699999999999998,0.018019261532648212
2024-04-22,2024-04-27,Madrid Masters,R64,Clay,4,Lorenzo Sonego,Jannik Sinner,player1,top_10,0.1542408183826946,13.0,11.47,0.133391455972101,0.074074074074074,0.0801667443086205,1.0051306389750303,False,1.0,-1.0,200.0,12.76,-1.0,0.9681128425631831
2024-04-22,2024-04-28,Madrid Masters,R32,Clay,4,Daniel Altmaier,Hubert Hurkacz,player2,top_10,0.331032927145654,3.5,3.46,0.0115606936416186,0.2708333333333333,0.0601995938123206,0.158615245009789,False,1.0,-1.0,200.0,3.45,-1.0,0.1420635986525064
2024-04-22,2024-04-29,Madrid Masters,R32,Clay,4,Sebastian Korda,Daniil Medvedev,player1,top_10,0.4233694569549098,2.63,2.58,0.0193798449612403,0.3631961259079903,0.0601733310469195,0.1134616717914127,False,1.0,-1.0,200.0,2.5974,-1.0,0.09965982749468272
2024-04-22,2024-04-30,Madrid Masters,R16,Clay,4,Carlos Alcaraz,Jan Lennard Struff,player1,top_10,0.9202142791781368,1.17,1.18,-0.0084745762711864,0.8103727714748785,0.1098415077032581,0.0766507066384198,True,1.0,0.1699999999999999,200.0,1.1665999999999999,0.16659999999999986,0.07352197808921426
2024-04-22,2024-04-30,Madrid Masters,R16,Clay,4,Tallon Griekspoor,Andrey Rublev,player2,top_10,0.4292742139629523,2.75,2.75,0.0,0.3436754176610979,0.0855987963018544,0.1805040883981188,False,1.0,-1.0,200.0,2.715,-1.0,0.16547949090941538
2024-04-22,2024-04-30,Madrid Masters,R16,Clay,4,Alexander Zverev,Francisco Cerundolo,player1,top_10,0.862002953745836,1.2,1.2,0.0,0.7894736842105263,0.0725292695353096,0.0344035444950031,False,1.0,-1.0,200.0,1.196,-1.0,0.030955532680019826
2024-04-22,2024-04-30,Madrid Masters,R16,Clay,4,Taylor Fritz,Hubert Hurkacz,player2,top_10,0.6363641577795209,1.8,1.84,-0.0217391304347825,0.5263157894736842,0.1100483683058367,0.1454554840031376,True,1.0,0.8,200.0,1.784,0.784,0.13527365747866538
2024-04-22,2024-04-30,Madrid Masters,R16,Clay,4,Jiri Lehecka,Rafael Nadal,player2,other,0.5743474801459241,1.91,1.87,0.0213903743315506,0.5,0.074347480145924,0.0970036870787149,True,1.0,0.91,200.0,1.8918,0.8917999999999999,0.08655056294005914
2024-04-22,2024-04-30,Madrid Masters,R16,Clay,4,Alexander Bublik,Daniil Medvedev,player2,top_10,0.2829183281173401,4.5,4.67,-0.0364025695931476,0.2105263157894736,0.0723920123278664,0.2731324765280304,False,1.0,-1.0,200.0,4.43,-1.0,0.2533281935598165
2024-04-22,2024-05-01,Madrid Masters,QF,Clay,4,Andrey Rublev,Carlos Alcaraz,player1,top_10,0.3015797838209007,4.0,4.13,-0.0314769975786924,0.238095238095238,0.0634845457256626,0.2063191352836029,True,1.0,3.0,200.0,3.94,2.94,0.18822434825434875
2024-04-22,2024-05-02,Madrid Masters,QF,Clay,4,Felix Auger Aliassime,Jannik Sinner,player1,top_10,0.4505236642497703,3.4,3.24,0.0493827160493827,0.281183932346723,0.1693397319030472,0.531780458449219,True,1.0,2.4,200.0,3.352,2.352,0.51015532256523
2024-04-22,2024-05-03,Madrid Masters,SF,Clay,4,Andrey Rublev,Taylor Fritz,player2,top_10,0.6536208558429448,1.62,1.63,-0.0061349693251532,0.586734693877551,0.0668861619653938,0.0588657864655706,True,1.0,0.6200000000000001,200.0,1.6076000000000001,0.6076000000000001,0.05076088785311822
2024-05-06,2024-05-09,Rome Masters,R128,Clay,4,Zizou Bergs,Rafael Nadal,player1,other,0.1895674668114784,5.5,5.6,-0.0178571428571427,0.1716867469879518,0.0178807198235265,0.0426210674631312,False,1.0,-1.0,200.0,5.41,-1.0,0.02555999545009824
2024-05-06,2024-05-10,Rome Masters,R64,Clay,4,Francesco Passaro,Tallon Griekspoor,player2,other,0.3246534836901757,3.2,3.3,-0.0303030303030301,0.2982456140350877,0.026407869655088,0.0388911478085625,True,1.0,2.2,200.0,3.156,2.156,0.02460639452619462
2024-05-06,2024-05-10,Rome Masters,R64,Clay,4,Casper Ruud,Miomir Kecmanovic,player1,top_10,0.9058622765177669,1.17,1.18,-0.0084745762711864,0.8103727714748785,0.0954895050428883,0.0598588635257871,False,1.0,-1.0,200.0,1.1665999999999999,-1.0,0.05677893178562668
2024-05-06,2024-05-10,Rome Masters,R64,Clay,4,Alexander Shevchenko,Karen Khachanov,player1,other,0.2763611842627846,3.75,3.41,0.0997067448680351,0.2559523809523809,0.0204088033104036,0.0363544409854423,False,1.0,-1.0,200.0,3.695,-1.0,0.02115457585098912
2024-05-06,2024-05-10,Rome Masters,R64,Clay,4,Yannick Hanfmann,Alejandro Tabilo,player2,other,0.4126774630267781,2.5,2.57,-0.027237354085603,0.3796526054590571,0.033024857567721,0.0316936575669452,False,1.0,-1.0,200.0,2.4699999999999998,-1.0,0.019313333676141853
2024-05-06,2024-05-11,Rome Masters,R64,Clay,4,Jack Draper,Daniil Medvedev,player1,top_10,0.5159289867845126,2.2,2.18,0.0091743119266054,0.4315245478036175,0.084404438980895,0.1350437709259278,False,1.0,-1.0,200.0,2.176,-1.0,0.12266147524309945
2024-05-06,2024-05-11,Rome Masters,R64,Clay,4,Luca Nardi,Holger Rune,player1,other,0.3208258572182981,3.4,3.33,0.0210210210210208,0.281183932346723,0.039641924871575,0.0908079145422134,False,1.0,-1.0,200.0,3.352,-1.0,0.07540827339573508
2024-05-06,2024-05-11,Rome Masters,R64,Clay,4,Rafael Nadal,Hubert Hurkacz,player2,top_10,0.8239277664412139,1.62,1.62,0.0,0.586734693877551,0.2371930725636629,0.3347629816347666,False,1.0,-1.0,200.0,1.6076000000000001,-1.0,0.3245462773308956
2024-05-06,2024-05-11,Rome Masters,R64,Clay,4,Andrey Rublev,Marcos Giron,player1,top_10,0.9399081940050548,1.11,1.11,0.0,0.8541392904073586,0.0857689035976961,0.0432980953456108,True,1.0,0.1100000000000001,200.0,1.1078000000000001,0.10780000000000012,0.04123029731879978
2024-05-06,2024-05-11,Rome Masters,R64,Clay,4,Jaume Munar,Cameron Norrie,player1,other,0.4377586875475012,2.38,2.29,0.0393013100436681,0.3974683544303797,0.0402903331171214,0.0418656763630528,False,1.0,-1.0,200.0,2.3524,-1.0,0.02978353658674182
2024-05-06,2024-05-11,Rome Masters,R64,Clay,4,Jan Lennard Struff,Stefanos Tsitsipas,player1,top_10,0.4375655708412932,2.5,2.51,-0.0039840637450198,0.3796526054590571,0.0579129653822361,0.0939139271032331,False,1.0,-1.0,200.0,2.4699999999999998,-1.0,0.08078695997799412
2024-05-06,2024-05-13,Rome Masters,R32,Clay,4,Hamad Medjedovic,Daniil Medvedev,player2,top_10,0.694065424378063,3.0,2.95,0.0169491525423728,0.3181818181818181,0.3758836061962448,1.0821962731341888,False,1.0,-1.0,200.0,2.96,-1.0,1.0544336561590661
2024-05-06,2024-05-14,Rome Masters,R16,Clay,4,Hubert Hurkacz,Sebastian Baez,player2,top_10,0.7265106853454446,1.44,1.47,-0.0204081632653061,0.6563245823389022,0.0701861030065423,0.0461753868974402,True,1.0,0.4399999999999999,200.0,1.4312,0.4312,0.03978209286640033
2024-05-06,2024-05-17,Rome Masters,SF,Clay,4,Alexander Zverev,Alejandro Tabilo,player1,top_10,0.9543070765121846,1.22,1.27,-0.0393700787401575,0.7801801801801801,0.1741268963320045,0.1642546333448652,True,1.0,0.2199999999999999,200.0,1.2156,0.2156,0.16005568220821162
2024-05-20,2024-05-21,Lyon,R32,Clay,3,Hugo Gaston,Daniel Elahi Galan,player1,other,0.5451138430768476,1.91,1.83,0.0437158469945353,0.5,0.0451138430768476,0.0411674402767789,True,1.0,0.91,200.0,1.8918,0.8917999999999999,0.031246368332780272
2024-05-20,2024-05-21,Lyon,R32,Clay,3,Thiago Seyboth Wild,Pedro Martinez,player2,other,0.5422288559036906,1.91,1.85,0.0324324324324323,0.5,0.0422288559036906,0.035657114776049,True,1.0,0.91,200.0,1.8918,0.8917999999999999,0.025788549598601884
2024-05-20,2024-05-22,Geneva,R16,Clay,3,Sebastian Ofner,Casper Ruud,player1,top_10,0.2008475754706336,6.0,6.21,-0.0338164251207729,0.158485273492286,0.0423623019783475,0.2050854528238017,False,1.0,-1.0,200.0,5.9,-1.0,0.18500069527673824
2024-05-20,2024-05-22,Geneva,R16,Clay,3,Novak Djokovic,Yannick Hanfmann,player1,top_10,0.9718837608525586,1.08,1.09,-0.0091743119266055,0.8810572687224669,0.0908264921300916,0.0496344617207633,True,1.0,0.08,200.0,1.0784,0.07840000000000003,0.048079447703399184
2024-05-20,2024-05-22,Lyon,R16,Clay,3,Hugo Gaston,Francisco Cerundolo,player1,other,0.3369231759806736,3.2,3.09,0.0355987055016182,0.2982456140350877,0.0386775619455859,0.0781541631381557,True,1.0,2.2,200.0,3.156,2.156,0.06332954339500607
2024-05-20,2024-05-23,Geneva,QF,Clay,3,Casper Ruud,Sebastian Baez,player1,top_10,0.7767323405036409,1.33,1.3,0.0230769230769229,0.7188160676532769,0.057916272850364,0.0330540128698425,True,1.0,0.33,200.0,1.3234000000000001,0.32340000000000013,0.0279275794225185
2024-05-20,2024-05-23,Geneva,QF,Clay,3,Novak Djokovic,Tallon Griekspoor,player1,top_10,0.9608378848829302,1.14,1.15,-0.0086956521739131,0.8283132530120482,0.132524631870882,0.0953551887665403,True,1.0,0.1399999999999999,200.0,1.1372,0.1372,0.09266484268886821
2024-05-20,2024-05-25,Geneva,F,Clay,3,Tomas Machac,Casper Ruud,player1,top_10,0.4372619726929063,2.38,2.42,-0.0165289256198347,0.3974683544303797,0.0397936182625265,0.0406834950091169,False,1.0,-1.0,200.0,2.3524,-1.0,0.028615064562792725
2024-05-27,2024-05-27,Roland Garros,R128,Clay,5,Thiago Seyboth Wild,Gael Monfils,player2,other,0.6410671475783599,1.62,1.65,-0.018181818181818,0.586734693877551,0.0543324537008089,0.0385287790769431,False,1.0,-1.0,200.0,1.6076000000000001,-1.0,0.030579546446971473
2024-05-27,2024-05-27,Roland Garros,R128,Clay,5,Otto Virtanen,Filip Misolic,player1,other,0.3957316395039443,2.63,2.5,0.052,0.3631961259079903,0.0325355135959539,0.0407742118953734,False,1.0,-1.0,200.0,2.5974,-1.0,0.027873360447544848
2024-05-27,2024-05-27,Roland Garros,R128,Clay,5,Daniel Elahi Galan,Lorenzo Musetti,player1,other,0.1743418994007696,6.0,5.65,0.0619469026548671,0.158485273492286,0.0158566259084835,0.046051396404618,False,1.0,-1.0,200.0,5.9,-1.0,0.02861720646454069
2024-05-27,2024-05-27,Roland Garros,R128,Clay,5,Dominik Koepfer,Daniil Medvedev,player1,top_10,0.298986591131349,4.5,4.66,-0.0343347639484978,0.2105263157894736,0.0884602753418754,0.3454396600910708,False,1.0,-1.0,200.0,4.43,-1.0,0.32451059871187593
2024-05-27,2024-05-27,Roland Garros,R128,Clay,5,Rafael Nadal,Alexander Zverev,player1,top_10,0.3697484277417908,3.5,3.49,0.0028653295128939,0.2708333333333333,0.0989150944084574,0.2941194970962679,False,1.0,-1.0,200.0,3.45,-1.0,0.27563207570917836
2024-05-27,2024-05-27,Roland Garros,R128,Clay,5,Christopher Eubanks,Jannik Sinner,player1,top_10,0.1464002555115438,19.0,17.1,0.1111111111111109,0.0509490509490509,0.0954512045624928,1.781604854719332,False,1.0,-1.0,200.0,18.64,-1.0,1.7289007627351762
2024-05-27,2024-05-28,Roland Garros,R128,Clay,5,Alex Michelsen,Alex De Minaur,player1,other,0.1298071791145121,8.0,7.13,0.1220196353436184,0.118942731277533,0.0108644478369791,0.0384574329160973,False,1.0,-1.0,200.0,7.859999999999999,-1.0,0.02028442784006501
2024-05-27,2024-05-29,Roland Garros,R64,Clay,5,Pedro Martinez,Andrey Rublev,player1,top_10,0.181712460096247,6.0,6.39,-0.0610328638497652,0.158485273492286,0.0232271866039609,0.0902747605774824,False,1.0,-1.0,200.0,5.9,-1.0,0.07210351456785735
2024-05-27,2024-05-30,Roland Garros,R64,Clay,5,Lorenzo Musetti,Gael Monfils,player2,other,0.7261888544646479,1.44,1.45,-0.0068965517241379,0.6563245823389022,0.0698642721257456,0.0457119504290928,True,1.0,0.4399999999999999,200.0,1.4312,0.4312,0.03932148850980405
2024-05-27,2024-05-30,Roland Garros,R64,Clay,5,Fabian Marozsan,Grigor Dimitrov,player1,top_10,0.3447824685486721,3.5,3.31,0.0574018126888218,0.2708333333333333,0.0739491352153388,0.2067386399203526,False,1.0,-1.0,200.0,3.45,-1.0,0.18949951649291885
2024-05-27,2024-05-30,Roland Garros,R64,Clay,5,Miomir Kecmanovic,Daniil Medvedev,player2,top_10,0.2621461048096543,4.0,3.8,0.0526315789473683,0.238095238095238,0.0240508667144161,0.0485844192386171,False,1.0,-1.0,200.0,3.94,-1.0,0.032855652950037895
2024-05-27,2024-05-30,Roland Garros,R64,Clay,5,Roberto Carballes Baena,Novak Djokovic,player1,top_10,0.0940470020374411,17.0,13.61,0.2490815576781779,0.0571270105379922,0.0369199914994488,0.5987990346364986,False,1.0,-1.0,200.0,16.68,-1.0,0.5687039939845175
2024-05-27,2024-06-01,Roland Garros,R32,Clay,5,Zizou Bergs,Grigor Dimitrov,player1,top_10,0.2402768339740073,4.5,4.83,-0.0683229813664596,0.2105263157894736,0.0297505181845336,0.0812457528830329,False,1.0,-1.0,200.0,4.43,-1.0,0.06442637450485222
2024-05-27,2024-06-01,Roland Garros,R32,Clay,5,Denis Shapovalov,Hubert Hurkacz,player2,top_10,0.4741790680552962,3.0,2.92,0.0273972602739727,0.3181818181818181,0.155997249873478,0.4225372041658886,False,1.0,-1.0,200.0,2.96,-1.0,0.4035700414436767
2024-05-27,2024-06-01,Roland Garros,R32,Clay,5,Tomas Machac,Daniil Medvedev,player2,top_10,0.3347182154342208,3.5,3.35,0.0447761194029849,0.2708333333333333,0.0638848821008875,0.1715137540197729,False,1.0,-1.0,200.0,3.45,-1.0,0.15477784324806176
2024-05-27,2024-06-01,Roland Garros,R32,Clay,5,Lorenzo Musetti,Novak Djokovic,player1,top_10,0.3387916566092949,4.5,4.57,-0.0153172866520788,0.2105263157894736,0.1282653408198212,0.524562454741827,False,1.0,-1.0,200.0,4.43,-1.0,0.5008470387791762
2024-05-27,2024-06-02,Roland Garros,R16,Clay,5,Grigor Dimitrov,Hubert Hurkacz,player2,top_10,0.7135605334451702,1.62,1.59,0.0188679245283018,0.586734693877551,0.1268258395676192,0.1559680641811758,True,1.0,0.6200000000000001,200.0,1.6076000000000001,0.6076000000000001,0.14711991356645576
2024-05-27,2024-06-03,Roland Garros,R16,Clay,5,Daniil Medvedev,Alex De Minaur,player2,top_10,0.6627638123833501,1.57,1.59,-0.0125786163522012,0.6025316455696202,0.0602321668137298,0.0405391854418597,False,1.0,-1.0,200.0,1.5586000000000002,-1.0,0.032983677980689685
2024-05-27,2024-06-03,Roland Garros,R16,Clay,5,Alexander Zverev,Holger Rune,player2,top_10,0.7708354396203185,1.36,1.35,0.0074074074074073,0.7017543859649122,0.0690810536554062,0.0483361978836333,True,1.0,0.3600000000000001,200.0,1.3528000000000002,0.3528000000000002,0.042786182718367094
2024-05-27,2024-06-03,Roland Garros,R16,Clay,5,Novak Djokovic,Francisco Cerundolo,player1,top_10,0.9287535589582028,1.14,1.16,-0.0172413793103448,0.8283132530120482,0.1004403059461545,0.0587790572123509,True,1.0,0.1399999999999999,200.0,1.1372,0.1372,0.056178547247268174
2024-05-27,2024-06-04,Roland Garros,QF,Clay,5,Stefanos Tsitsipas,Carlos Alcaraz,player2,top_10,0.2431356946499342,4.5,4.25,0.0588235294117647,0.2105263157894736,0.0326093788604605,0.0941106259247041,False,1.0,-1.0,200.0,4.43,-1.0,0.07709112729920853
2024-05-27,2024-06-04,Roland Garros,QF,Clay,5,Grigor Dimitrov,Jannik Sinner,player2,top_10,0.3108268109771044,4.5,4.66,-0.0343347639484978,0.2105263157894736,0.1003004951876307,0.3987206493969697,False,1.0,-1.0,200.0,4.43,-1.0,0.3769627726285725
2024-05-27,2024-06-05,Roland Garros,QF,Clay,5,Novak Djokovic,Casper Ruud,player1,top_10,0.54798053658564,2.0,2.09,-0.0430622009569376,0.4736842105263157,0.0742963260593242,0.0959610731712801,False,1.0,-1.0,200.0,1.98,-1.0,0.0850014624395673
2024-05-27,2024-06-07,Roland Garros,SF,Clay,5,Jannik Sinner,Carlos Alcaraz,player1,top_10,0.461803774258928,2.3,2.22,0.0360360360360358,0.413265306122449,0.048538468136479,0.0621486807955343,False,1.0,-1.0,200.0,2.274,-1.0,0.05014178266480229
2024-05-27,2024-06-09,Roland Garros,F,Clay,5,Alexander Zverev,Carlos Alcaraz,player2,top_10,0.3340818606185016,3.4,3.26,0.0429447852760735,0.281183932346723,0.0528979282717785,0.1358783261029056,False,1.0,-1.0,200.0,3.352,-1.0,0.1198423967932174
2024-06-10,2024-06-11,Stuttgart,R32,Grass,3,Flavio Cobolli,Jan Lennard Struff,player1,other,0.2044295491628029,5.5,4.88,0.1270491803278688,0.1716867469879518,0.0327428021748511,0.1243625203954161,False,1.0,-1.0,200.0,5.41,-1.0,0.10596386097076371
2024-06-10,2024-06-11,s Hertogenbosch,R32,Grass,3,Zizou Bergs,Tim Van Rijthoven,player1,other,0.7365050416353525,1.4,1.4,0.0,0.6818181818181818,0.0546868598171707,0.0311070582894933,True,1.0,0.3999999999999999,200.0,1.392,0.3919999999999999,0.025215017956410568
2024-06-10,2024-06-12,s Hertogenbosch,R16,Grass,3,Arthur Fils,Ugo Humbert,player2,other,0.4765024270815388,2.2,2.2,0.0,0.4315245478036175,0.0449778792779212,0.0483053395793854,False,1.0,-1.0,200.0,2.176,-1.0,0.03686928132942846
2024-06-10,2024-06-13,s Hertogenbosch,R16,Grass,3,Zizou Bergs,Alex De Minaur,player2,top_10,0.2736806189792873,5.5,5.42,0.014760147601476,0.1716867469879518,0.1019938719913355,0.5052434043860801,False,1.0,-1.0,200.0,5.41,-1.0,0.48061214867794444
2024-06-10,2024-06-14,s Hertogenbosch,QF,Grass,3,Milos Raonic,Alex De Minaur,player2,top_10,0.4985380472794466,3.2,3.25,-0.0153846153846153,0.2982456140350877,0.2002924332443589,0.5953217512942292,False,1.0,-1.0,200.0,3.156,-1.0,0.5733860772139335
2024-06-10,2024-06-15,s Hertogenbosch,SF,Grass,3,Alex De Minaur,Ugo Humbert,player2,top_10,0.7866920609067595,1.36,1.32,0.0303030303030302,0.7017543859649122,0.0849376749418472,0.0699012028331929,True,1.0,0.3600000000000001,200.0,1.3528000000000002,0.3528000000000002,0.06423701999466441
2024-06-17,2024-06-18,Queen's Club,R32,Grass,3,Francisco Cerundolo,Carlos Alcaraz,player1,top_10,0.1537273822070315,7.0,6.68,0.0479041916167666,0.1358024691358024,0.017924913071229,0.0760916754492204,False,1.0,-1.0,200.0,6.88,-1.0,0.057644389584376676
2024-06-17,2024-06-18,Halle,R32,Grass,3,Oscar Otte,Alexander Zverev,player2,top_10,0.3207651227265351,5.5,5.65,-0.0265486725663717,0.1716867469879518,0.1490783757385833,0.7642081749959433,False,1.0,-1.0,200.0,5.41,-1.0,0.7353393139505551
2024-06-17,2024-06-19,Queen's Club,R16,Grass,3,Sebastian Korda,Grigor Dimitrov,player2,top_10,0.4627603509686732,2.5,2.56,-0.0234375,0.3796526054590571,0.083107745509616,0.156900877421683,True,1.0,1.5,200.0,2.4699999999999998,1.4699999999999998,0.14301806689262264
2024-06-17,2024-06-19,Halle,R16,Grass,3,Lorenzo Sonego,Alexander Zverev,player2,top_10,0.2828575080954645,4.5,4.57,-0.0153172866520788,0.2105263157894736,0.0723311923059908,0.2728587864295902,False,1.0,-1.0,200.0,4.43,-1.0,0.2530587608629077
2024-06-17,2024-06-20,Queen's Club,R16,Grass,3,Jack Draper,Carlos Alcaraz,player1,top_10,0.3201725642139628,3.4,3.3,0.0303030303030302,0.281183932346723,0.0389886318672397,0.0885867183274735,True,1.0,2.4,200.0,3.352,2.352,0.07321843524520322
2024-06-17,2024-06-20,Halle,R16,Grass,3,James Duckworth,Hubert Hurkacz,player2,top_10,0.36423241563458,4.5,4.49,0.0022271714922048,0.2105263157894736,0.1537060998451063,0.6390458703556099,False,1.0,-1.0,200.0,4.43,-1.0,0.6135496012611892
2024-06-17,2024-06-20,Halle,R16,Grass,3,Fabian Marozsan,Jannik Sinner,player2,top_10,0.1072742015459053,11.0,9.61,0.1446409989594173,0.0871369294605809,0.0201372720853244,0.1800162170049593,False,1.0,-1.0,200.0,10.8,-1.0,0.1585613766957773
2024-06-17,2024-06-21,Halle,QF,Grass,3,Marcos Giron,Hubert Hurkacz,player2,top_10,0.3592781666734915,3.75,3.51,0.0683760683760683,0.2559523809523809,0.1033257857211106,0.3472931250255933,False,1.0,-1.0,200.0,3.695,-1.0,0.3275328258585509
2024-06-17,2024-06-21,Halle,QF,Grass,3,Jan Lennard Struff,Jannik Sinner,player2,top_10,0.3112691148681618,4.0,3.77,0.0610079575596818,0.238095238095238,0.0731738767729237,0.2450764594726471,False,1.0,-1.0,200.0,3.94,-1.0,0.22640031258055737
2024-06-17,2024-06-22,Halle,SF,Grass,3,Hubert Hurkacz,Alexander Zverev,player2,top_10,0.6696265304684561,2.3,2.28,0.0087719298245614,0.413265306122449,0.2563612243460071,0.5401410200774489,True,1.0,1.2999999999999998,200.0,2.274,1.274,0.5227307302852692
2024-06-17,2024-06-23,Halle,F,Grass,3,Hubert Hurkacz,Jannik Sinner,player2,top_10,0.4841902668639257,3.4,3.2,0.0625,0.281183932346723,0.2030063345172026,0.6462469073373476,False,1.0,-1.0,200.0,3.352,-1.0,0.623005774527879
2024-06-24,2024-06-25,Mallorca,R16,Grass,3,Roberto Carballes Baena,Gael Monfils,player2,other,0.3239346010068415,3.2,3.28,-0.0243902439024389,0.2982456140350877,0.0256889869717538,0.036590723221893,False,1.0,-1.0,200.0,3.156,-1.0,0.02233760077759195
2024-06-24,2024-06-25,Mallorca,R16,Grass,3,Alex Michelsen,Adrian Mannarino,player2,other,0.6610085777902611,1.57,1.62,-0.0308641975308642,0.6025316455696202,0.0584769322206408,0.03778346713071,True,1.0,0.5700000000000001,200.0,1.5586000000000002,0.5586000000000002,0.030247969343901115
2024-07-01,2024-07-01,Wimbledon,R128,Grass,5,Yannick Hanfmann,Jannik Sinner,player1,top_10,0.107380699695172,26.0,21.84,0.1904761904761904,0.0373935579415031,0.0699871417536689,1.7918981920744734,False,1.0,-1.0,200.0,25.5,-1.0,1.738207842226886
2024-07-01,2024-07-01,Wimbledon,R128,Grass,5,Matteo Arnaldi,Frances Tiafoe,player1,other,0.4616827299603024,2.3,2.16,0.0648148148148146,0.413265306122449,0.0484174238378534,0.0618702789086955,False,1.0,-1.0,200.0,2.274,-1.0,0.04986652792972768
2024-07-01,2024-07-01,Wimbledon,R128,Grass,5,Luca Van Assche,Fabio Fognini,player2,other,0.6000778258056725,1.8,1.75,0.0285714285714286,0.5263157894736842,0.0737620363319883,0.0801400864502104,False,1.0,-1.0,200.0,1.784,-1.0,0.07053884123731974
2024-07-01,2024-07-01,Wimbledon,R128,Grass,5,Alex Bolt,Casper Ruud,player1,top_10,0.3949662614570742,3.0,2.97,0.0101010101010099,0.3181818181818181,0.076784443275256,0.1848987843712225,False,1.0,-1.0,200.0,2.96,-1.0,0.16910013391293954
2024-07-01,2024-07-02,Wimbledon,R128,Grass,5,James Duckworth,Alex De Minaur,player2,top_10,0.1193348381524558,11.0,10.12,0.0869565217391306,0.0871369294605809,0.0321979086918749,0.312683219677014,False,1.0,-1.0,200.0,10.8,-1.0,0.2888162520465226
2024-07-01,2024-07-03,Wimbledon,R128,Grass,5,Emil Ruusuvuori,Mackenzie Mcdonald,player2,other,0.762661465928311,1.67,1.62,0.0308641975308641,0.5684754521963824,0.1941860137319285,0.2736446481002792,True,1.0,0.6699999999999999,200.0,1.6566,0.6566000000000001,0.26342498445684004
2024-07-01,2024-07-03,Wimbledon,R64,Grass,5,Matteo Berrettini,Jannik Sinner,player2,top_10,0.2495384737462842,4.5,5.02,-0.1035856573705178,0.2105263157894736,0.0390121579568105,0.122923131858279,False,1.0,-1.0,200.0,4.43,-1.0,0.10545543869603902
2024-07-01,2024-07-03,Wimbledon,R64,Grass,5,Fabio Fognini,Casper Ruud,player1,top_10,0.2682211442170104,4.5,4.61,-0.0238611713665943,0.2105263157894736,0.0576948284275367,0.2069951489765467,True,1.0,3.5,200.0,4.43,3.4299999999999997,0.18821966888135588
2024-07-01,2024-07-04,Wimbledon,R64,Grass,5,Daniel Altmaier,Denis Shapovalov,player1,other,0.1775331780889151,6.0,5.83,0.0291595197255574,0.158485273492286,0.019047904596629,0.0651990685334907,False,1.0,-1.0,200.0,5.9,-1.0,0.04744575072459922
2024-07-01,2024-07-04,Wimbledon,R64,Grass,5,Juncheng Shang,Grigor Dimitrov,player2,top_10,0.2143890808521209,5.5,5.84,-0.0582191780821917,0.1716867469879518,0.0427023338641691,0.1791399446866651,False,1.0,-1.0,200.0,5.41,-1.0,0.15984492740997414
2024-07-01,2024-07-04,Wimbledon,R64,Grass,5,Marcos Giron,Alexander Zverev,player1,top_10,0.1938885607469924,6.5,6.63,-0.0196078431372548,0.1458607095926412,0.0480278511543511,0.260275644855451,False,1.0,-1.0,200.0,6.39,-1.0,0.23894790317328152
2024-07-01,2024-07-06,Wimbledon,R32,Grass,5,Jan Lennard Struff,Daniil Medvedev,player2,top_10,0.5951651447337679,2.5,2.63,-0.0494296577946767,0.3796526054590571,0.2155125392747108,0.4879128618344198,False,1.0,-1.0,200.0,2.4699999999999998,-1.0,0.4700579074924066
2024-07-01,2024-07-06,Wimbledon,R32,Grass,5,Alexander Zverev,Cameron Norrie,player2,top_10,0.9324864315925012,1.11,1.13,-0.0176991150442475,0.8541392904073586,0.0783471411851426,0.0350599390676764,True,1.0,0.1100000000000001,200.0,1.1078000000000001,0.10780000000000012,0.03300846891817297
2024-07-01,2024-07-06,Wimbledon,R32,Grass,5,Lucas Pouille,Alex De Minaur,player2,top_10,0.1054070638521695,11.0,10.95,0.0045662100456622,0.0871369294605809,0.0182701343915886,0.1594777023738653,False,1.0,-1.0,200.0,10.8,-1.0,0.13839628960343064
2024-07-01,2024-07-06,Wimbledon,R32,Grass,5,Alexei Popyrin,Novak Djokovic,player1,top_10,0.2266667453320212,6.0,6.19,-0.0306946688206786,0.158485273492286,0.0681814718397351,0.3600004719921272,False,1.0,-1.0,200.0,5.9,-1.0,0.3373337974589252
2024-07-01,2024-07-07,Wimbledon,R16,Grass,5,Daniil Medvedev,Grigor Dimitrov,player2,top_10,0.6850675654673595,1.67,1.68,-0.0059523809523809,0.5684754521963824,0.116592113270977,0.1440628343304902,True,1.0,0.6699999999999999,200.0,1.6566,0.6566000000000001,0.13488292895322773
2024-07-01,2024-07-07,Wimbledon,R16,Grass,5,Ugo Humbert,Carlos Alcaraz,player1,top_10,0.164751183798087,7.0,6.64,0.0542168674698795,0.1358024691358024,0.0289487146622846,0.1532582865866094,False,1.0,-1.0,200.0,6.88,-1.0,0.13348814453083868
2024-07-01,2024-07-08,Wimbledon,R16,Grass,5,Taylor Fritz,Alexander Zverev,player2,top_10,0.5531645675560302,2.38,2.33,0.0214592274678111,0.3974683544303797,0.1556962131256504,0.3165316707833517,True,1.0,1.38,200.0,2.3524,1.3523999999999998,0.30126432871880526
2024-07-01,2024-07-08,Wimbledon,R16,Grass,5,Arthur Fils,Alex De Minaur,player2,top_10,0.2779429749644301,4.5,4.71,-0.0445859872611464,0.2105263157894736,0.0674166591749564,0.2507433873399355,False,1.0,-1.0,200.0,4.43,-1.0,0.23128737909242525
2024-07-01,2024-07-09,Wimbledon,QF,Grass,5,Jannik Sinner,Daniil Medvedev,player2,top_10,0.9530327753426482,1.22,1.22,0.0,0.7801801801801801,0.1728525951624681,0.1626999859180307,False,1.0,-1.0,200.0,1.2156,-1.0,0.15850664170652315
2024-07-01,2024-07-09,Wimbledon,QF,Grass,5,Tommy Paul,Carlos Alcaraz,player1,top_10,0.2646822168899443,4.0,3.79,0.0554089709762533,0.238095238095238,0.0265869787947062,0.0587288675597772,False,1.0,-1.0,200.0,3.94,-1.0,0.042847934546380584
2024-07-01,2024-07-12,Wimbledon,SF,Grass,5,Carlos Alcaraz,Daniil Medvedev,player2,top_10,0.8557908433581352,1.29,1.29,0.0,0.744047619047619,0.1117432243105162,0.1039701879319943,True,1.0,0.29,200.0,1.2842,0.2842,0.09900660104051717
2024-07-01,2024-07-14,Wimbledon,F,Grass,5,Carlos Alcaraz,Novak Djokovic,player2,top_10,0.582436364966405,1.8,1.76,0.0227272727272727,0.5384615384615385,0.0439748265048665,0.0483854569395291,True,1.0,0.8,200.0,1.784,0.784,0.03906647510006661
2024-07-15,2024-07-17,Newport,R16,Grass,3,Maxime Cressy,Alex Michelsen,player2,other,0.4581383558055003,2.3,2.33,-0.0128755364806868,0.413265306122449,0.0448730496830513,0.0537182183526506,False,1.0,-1.0,200.0,2.274,-1.0,0.04180662110170774
2024-07-15,2024-07-18,Newport,R16,Grass,3,Benoit Paire,Marcos Giron,player2,other,0.2125759068590095,5.5,5.22,0.053639846743295,0.1716867469879518,0.0408891598710577,0.1691674877245522,False,1.0,-1.0,200.0,5.41,-1.0,0.15003565610724146
2024-07-15,2024-07-18,Bastad,R16,Clay,3,Cameron Norrie,Rafael Nadal,player2,other,0.3985408772576669,2.63,2.53,0.0395256916996047,0.3631961259079903,0.0353447513496766,0.048162507187664,False,1.0,-1.0,200.0,2.5974,-1.0,0.03517007458906396
2024-07-15,2024-07-21,Bastad,F,Clay,3,Nuno Borges,Rafael Nadal,player2,other,0.3841323260347243,2.75,2.81,-0.0213523131672598,0.3436754176610979,0.0404569083736264,0.056363896595492,True,1.0,1.75,200.0,2.715,1.7149999999999999,0.042919265184276356
2024-07-22,2024-07-23,Kitzbuhel,R32,Clay,3,Pavel Kotov,Matteo Berrettini,player1,other,0.2945470044782676,3.75,3.69,0.0162601626016261,0.2559523809523809,0.0385946235258867,0.1045512667935036,False,1.0,-1.0,200.0,3.695,-1.0,0.08835118154719879
2024-07-22,2024-07-23,Umag,R32,Clay,3,Luca Van Assche,Fabio Fognini,player2,other,0.5390651427072317,2.1,2.1,0.0,0.4516971279373368,0.0873680147698949,0.1320367996851866,False,1.0,-1.0,200.0,2.0780000000000003,-1.0,0.1201773665456276
2024-07-22,2024-07-25,Umag,QF,Clay,3,Fabian Marozsan,Andrey Rublev,player1,top_10,0.3870688131596633,2.75,2.71,0.014760147601476,0.3436754176610979,0.0433933954985654,0.0644392361890742,False,1.0,-1.0,200.0,2.715,-1.0,0.05089182772848588
2024-07-22,2024-07-25,Atlanta,R16,Hard,3,Aslan Karatsev,Frances Tiafoe,player2,other,0.3839941995742797,2.75,2.68,0.0261194029850746,0.3436754176610979,0.0403187819131818,0.0559840488292692,False,1.0,-1.0,200.0,2.715,-1.0,0.04254425184416932
2024-07-29,2024-07-30,Washington,R32,Hard,3,J J Wolf,Miomir Kecmanovic,player2,other,0.4487687639027308,2.38,2.39,-0.0041841004184101,0.3974683544303797,0.051300409472351,0.0680696580884993,False,1.0,-1.0,200.0,2.3524,-1.0,0.05568364020478389
2024-07-29,2024-07-31,Washington,R32,Hard,3,Mitchell Krueger,Alejandro Davidovich Fokina,player1,other,0.3521532367171655,3.0,2.93,0.023890784982935,0.3181818181818181,0.0339714185353474,0.0564597101514966,False,1.0,-1.0,200.0,2.96,-1.0,0.04237358068280983
2024-07-29,2024-07-31,Washington,R32,Hard,3,Aleksandar Kovacevic,Roberto Carballes Baena,player1,other,0.6182923542582704,1.67,1.6,0.0437499999999999,0.5684754521963824,0.049816902061888,0.0325482316113115,True,1.0,0.6699999999999999,200.0,1.6566,0.6566000000000001,0.024263114064250857
2024-07-29,2024-07-31,Washington,R32,Hard,3,Andrey Rublev,Luca Van Assche,player1,top_10,0.8338524582148488,1.25,1.19,0.0504201680672269,0.7619047619047619,0.0719476963100869,0.0423155727685609,True,1.0,0.25,200.0,1.245,0.2450000000000001,0.03814631047748682
2024-08-05,2024-08-08,Canada Masters,R32,Hard,4,Jordan Thompson,Alexander Zverev,player1,top_10,0.2779097767409403,3.75,3.58,0.047486033519553,0.2559523809523809,0.0219573957885593,0.0421616627785261,False,1.0,-1.0,200.0,3.695,-1.0,0.02687662505777444
2024-08-05,2024-08-08,Canada Masters,R32,Hard,4,Grigor Dimitrov,Rinky Hijikata,player2,top_10,0.86108660651721,1.25,1.24,0.0080645161290322,0.7619047619047619,0.0991818446124481,0.0763582581465125,True,1.0,0.25,200.0,1.245,0.2450000000000001,0.07205282511392658
2024-08-05,2024-08-08,Canada Masters,R32,Hard,4,Borna Coric,Jannik Sinner,player1,top_10,0.1735148284828313,7.0,8.6,-0.1860465116279069,0.1358024691358024,0.0377123593470288,0.2146037993798193,False,1.0,-1.0,200.0,6.88,-1.0,0.1937820199618795
2024-08-05,2024-08-10,Canada Masters,R32,Hard,4,Thanasi Kokkinakis,Hubert Hurkacz,player2,top_10,0.5128741163853394,2.1,2.14,-0.0186915887850467,0.4516971279373368,0.0611769884480026,0.0770356444092128,False,1.0,-1.0,200.0,2.0780000000000003,-1.0,0.06575241384873542
2024-08-05,2024-08-10,Canada Masters,R16,Hard,4,Holger Rune,Alexander Zverev,player1,top_10,0.3088490433435231,3.5,3.43,0.0204081632653061,0.2708333333333333,0.0380157100101897,0.0809716517023309,False,1.0,-1.0,200.0,3.45,-1.0,0.06552919953515479
2024-08-05,2024-08-10,Canada Masters,R16,Hard,4,Sebastian Korda,Casper Ruud,player2,top_10,0.5923330721321611,1.8,1.8,0.0,0.5263157894736842,0.0660172826584769,0.06619952983789,True,1.0,0.8,200.0,1.784,0.784,0.05672220068377548
2024-08-05,2024-08-10,Canada Masters,R16,Hard,4,Hubert Hurkacz,Arthur Rinderknech,player2,top_10,0.6728912105662319,1.57,1.62,-0.0308641975308642,0.6025316455696202,0.0703595649966116,0.0564392005889841,True,1.0,0.5700000000000001,200.0,1.5586000000000002,0.5586000000000002,0.048768240788529205
2024-08-05,2024-08-11,Canada Masters,QF,Hard,4,Hubert Hurkacz,Alexei Popyrin,player1,top_10,0.6402804210970987,1.62,1.64,-0.0121951219512194,0.586734693877551,0.0535457272195477,0.0372542821772999,False,1.0,-1.0,200.0,1.6076000000000001,-1.0,0.029314804955695994
2024-08-05,2024-08-13,Canada Masters,F,Hard,4,Andrey Rublev,Alexei Popyrin,player2,top_10,0.791377620936164,1.33,1.37,-0.0291970802919708,0.7188160676532769,0.0725615532828871,0.0525322358450982,False,1.0,-1.0,200.0,1.3234000000000001,-1.0,0.04730914354691962
2024-08-12,2024-08-15,Cincinnati Masters,R32,Hard,4,Hubert Hurkacz,Yoshihito Nishioka,player1,top_10,0.7268901382002754,1.44,1.44,0.0,0.6563245823389022,0.0705655558613731,0.0467217990083965,True,1.0,0.4399999999999999,200.0,1.4312,0.4312,0.04032516579223411
2024-08-12,2024-08-15,Cincinnati Masters,R32,Hard,4,Karen Khachanov,Alexander Zverev,player1,top_10,0.2882292325791165,4.0,3.96,0.0101010101010101,0.238095238095238,0.0501339944838784,0.1529169303164661,False,1.0,-1.0,200.0,3.94,-1.0,0.13562317636171894
2024-07-29,2024-08-16,Paris Olympics,QF,Clay,1,Casper Ruud,Felix Auger Aliassime,player1,top_10,0.4756244122315382,2.3,2.28,0.0087719298245614,0.413265306122449,0.0623591061090891,0.0939361481325377,False,1.0,-1.0,200.0,2.274,-1.0,0.0815699134145178
2024-08-12,2024-08-16,Cincinnati Masters,R32,Hard,4,Gael Monfils,Carlos Alcaraz,player1,top_10,0.2173259305005234,9.0,8.8,0.0227272727272727,0.1062562065541211,0.1110697239464023,0.9559333745047112,True,1.0,8.0,200.0,8.84,7.84,0.9211612256246268
2024-08-12,2024-08-16,Cincinnati Masters,R16,Hard,4,Holger Rune,Gael Monfils,player2,other,0.7876398119820147,1.36,1.38,-0.0144927536231882,0.7017543859649122,0.0858854260171024,0.0711901442955401,True,1.0,0.3600000000000001,200.0,1.3528000000000002,0.3528000000000002,0.0655191376492697
2024-08-12,2024-08-16,Cincinnati Masters,R16,Hard,4,Hubert Hurkacz,Flavio Cobolli,player2,top_10,0.702351675025083,1.62,1.63,-0.0061349693251532,0.586734693877551,0.115616981147532,0.1378097135406345,True,1.0,0.6200000000000001,200.0,1.6076000000000001,0.6076000000000001,0.1291005527703235
2024-08-12,2024-08-16,Cincinnati Masters,R16,Hard,4,Pablo Carreno Busta,Alexander Zverev,player2,top_10,0.2209237268634157,6.5,7.34,-0.114441416893733,0.1458607095926412,0.0750630172707745,0.4360042246122025,False,1.0,-1.0,200.0,6.39,-1.0,0.41170261465722624
2024-08-19,2024-08-20,Winston-Salem,R32,Hard,3,Alexandre Muller,Pavel Kotov,player2,other,0.637477331864834,1.62,1.61,0.0062111801242235,0.586734693877551,0.050742637987283,0.0327132776210311,False,1.0,-1.0,200.0,1.6076000000000001,-1.0,0.024808558705907258
2024-08-19,2024-08-21,Winston-Salem,R32,Hard,3,Corentin Moutet,Roman Safiullin,player2,other,0.4567822761699573,2.3,2.22,0.0360360360360358,0.413265306122449,0.0435169700475083,0.0505992351909018,False,1.0,-1.0,200.0,2.274,-1.0,0.038722896010482954
2024-08-26,2024-08-27,Us Open,R128,Hard,5,Dusan Lajovic,Daniil Medvedev,player1,top_10,0.0981271670738167,13.0,11.51,0.1294526498696786,0.074074074074074,0.0240530929997426,0.2756531719596177,False,1.0,-1.0,200.0,12.76,-1.0,0.25210265186190106
2024-08-26,2024-08-27,Us Open,R128,Hard,5,Marcos Giron,Alex De Minaur,player1,top_10,0.3043970285153178,3.75,3.92,-0.0433673469387755,0.2559523809523809,0.0484446475629368,0.1414888569324417,False,1.0,-1.0,200.0,3.695,-1.0,0.12474702036409924
2024-08-26,2024-08-28,Us Open,R64,Hard,5,Rinky Hijikata,Grigor Dimitrov,player2,top_10,0.1578994324882877,9.0,7.44,0.2096774193548387,0.1062562065541211,0.0516432259341665,0.4210948923945897,False,1.0,-1.0,200.0,8.84,-1.0,0.39583098319646304
2024-08-26,2024-08-29,Us Open,R64,Hard,5,Hubert Hurkacz,Jordan Thompson,player2,top_10,0.6950599612159092,1.5,1.5,0.0,0.6368038740920097,0.0582560871238995,0.0425899418238637,False,1.0,-1.0,200.0,1.49,-1.0,0.03563934221170467
2024-08-26,2024-08-30,Us Open,R32,Hard,5,Casper Ruud,Juncheng Shang,player1,top_10,0.7636024746237964,1.36,1.39,-0.0215827338129495,0.7017543859649122,0.0618480886588841,0.0384993654883631,True,1.0,0.3600000000000001,200.0,1.3528000000000002,0.3528000000000002,0.03300142767107189
2024-08-26,2024-08-30,Us Open,R32,Hard,5,Andrey Rublev,Jiri Lehecka,player2,top_10,0.8509334678412028,1.33,1.34,-0.0074626865671642,0.7188160676532769,0.1321174001879259,0.1317415122287998,True,1.0,0.33,200.0,1.3234000000000001,0.32340000000000013,0.1261253513410479
2024-08-26,2024-08-31,Us Open,R32,Hard,5,David Goffin,Tomas Machac,player1,other,0.4196713091645884,2.5,2.39,0.0460251046025104,0.3796526054590571,0.0400187037055313,0.0491782729114711,False,1.0,-1.0,200.0,2.4699999999999998,-1.0,0.03658813363653324
2024-08-26,2024-09-01,Us Open,R32,Hard,5,Daniil Medvedev,Flavio Cobolli,player1,top_10,0.9575840940286342,1.13,1.12,0.0089285714285711,0.8415147265077139,0.1160693675209203,0.0820700262523565,True,1.0,0.1299999999999999,200.0,1.1274,0.12739999999999996,0.07958030760788216
2024-08-26,2024-09-01,Us Open,R16,Hard,5,Andrey Rublev,Grigor Dimitrov,player1,top_10,0.6147924188898143,1.8,1.81,-0.005524861878453,0.5263157894736842,0.0884766294161301,0.1066263540016657,False,1.0,-1.0,200.0,1.784,-1.0,0.09678967529942872
2024-08-26,2024-09-03,Us Open,QF,Hard,5,Taylor Fritz,Alexander Zverev,player1,top_10,0.4215887767913139,2.5,2.46,0.0162601626016261,0.3796526054590571,0.0419361713322568,0.0539719419782848,True,1.0,1.5,200.0,2.4699999999999998,1.4699999999999998,0.041324278674545245
2024-08-26,2024-09-04,Us Open,QF,Hard,5,Jack Draper,Alex De Minaur,player2,top_10,0.4933762598581793,2.2,2.22,-0.009009009009009,0.4315245478036175,0.0618517120545618,0.0854277716879946,True,1.0,1.2000000000000002,200.0,2.176,1.1760000000000002,0.07358674145139821
2024-08-26,2024-09-06,Us Open,SF,Hard,5,Jack Draper,Jannik Sinner,player1,top_10,0.2678363028184574,5.0,5.41,-0.0757855822550832,0.1896272285251215,0.0782090742933358,0.3391815140922871,False,1.0,-1.0,200.0,4.92,-1.0,0.31775460986681026
2024-08-26,2024-09-08,Us Open,F,Hard,5,Jannik Sinner,Taylor Fritz,player1,top_10,0.893025300435975,1.25,1.24,0.0080645161290322,0.7619047619047619,0.131120538531213,0.1162816255449686,True,1.0,0.25,200.0,1.245,0.2450000000000001,0.1118164990427889
2024-09-18,2024-09-19,Hangzhou,R32,Hard,3,Roberto Carballes Baena,Corentin Moutet,player1,other,0.4559045111037887,2.3,2.22,0.0360360360360358,0.413265306122449,0.0426392049813397,0.0485803755387139,True,1.0,1.2999999999999998,200.0,2.274,1.274,0.03672685825001554
2024-09-18,2024-09-21,Hangzhou,R16,Hard,3,Yasutaka Uchiyama,Holger Rune,player2,other,0.210521355868522,5.0,4.6,0.0869565217391306,0.1896272285251215,0.0208941273434004,0.0526067793426102,True,1.0,4.0,200.0,4.92,3.92,0.03576507087312819
2024-09-18,2024-09-22,Chengdu,QF,Hard,3,Lorenzo Musetti,Adrian Mannarino,player2,other,0.8014182446284138,1.29,1.29,0.0,0.744047619047619,0.0573706255807948,0.0338295355706538,True,1.0,0.29,200.0,1.2842,0.2842,0.029181309751809048
2024-09-18,2024-09-23,Chengdu,SF,Hard,3,Juncheng Shang,Yannick Hanfmann,player2,other,0.8051166459598846,1.33,1.33,0.0,0.7188160676532769,0.0863005783066077,0.0708051391266466,True,1.0,0.33,200.0,1.3234000000000001,0.32340000000000013,0.06549136926331145
2024-09-26,2024-09-26,Beijing,R32,Hard,3,Nicolas Jarry,Jannik Sinner,player1,top_10,0.1326407008508009,11.0,10.54,0.0436432637571158,0.0871369294605809,0.04550377139022,0.4590477093588102,False,1.0,-1.0,200.0,10.8,-1.0,0.43251956918864976
2024-09-26,2024-09-27,Beijing,R32,Hard,3,Daniil Medvedev,Gael Monfils,player1,top_10,0.8674164759759496,1.2,1.2,0.0,0.7894736842105263,0.0779427917654232,0.0408997711711394,True,1.0,0.1999999999999999,200.0,1.196,0.19599999999999995,0.0374301052672357
2024-09-25,2024-09-29,Tokyo,QF,Hard,3,Tomas Machac,Alex Michelsen,player2,other,0.5429084939967368,1.91,1.91,0.0,0.5,0.0429084939967367,0.0369552235337672,True,1.0,0.91,200.0,1.8918,0.8917999999999999,0.02707428894302666
2024-09-26,2024-09-29,Beijing,R16,Hard,3,Carlos Alcaraz,Tallon Griekspoor,player1,top_10,0.98,1.06,1.07,-0.0093457943925233,0.9041591320072332,0.0758408679927666,0.0388,True,1.0,0.06,200.0,1.0588,0.05879999999999996,0.03762399999999994
2024-09-26,2024-09-30,Beijing,QF,Hard,3,Carlos Alcaraz,Karen Khachanov,player1,top_10,0.968700270214512,1.07,1.08,-0.0092592592592593,0.893743793445879,0.0749564767686329,0.0365092891295277,True,1.0,0.07,200.0,1.0686,0.0686,0.03515310875122751
2024-09-26,2024-10-02,Beijing,F,Hard,3,Carlos Alcaraz,Jannik Sinner,player1,top_10,0.618039878805754,1.73,1.74,-0.0057471264367816,0.5483028720626633,0.0697370067430906,0.0692089903339543,True,1.0,0.73,200.0,1.7153999999999998,0.7153999999999998,0.06018560810339019
2024-10-02,2024-10-02,Shanghai Masters,R128,Hard,4,Alejandro Davidovich Fokina,Gabriel Diallo,player2,other,0.7179323635877762,1.73,1.75,-0.0114285714285714,0.5483028720626633,0.1696294915251129,0.2420229890068528,True,1.0,0.73,200.0,1.7153999999999998,0.7153999999999998,0.23154117649847117
2024-10-02,2024-10-02,Shanghai Masters,R128,Hard,4,Egor Gerasimov,Taro Daniel,player1,other,0.2811840774970455,3.75,3.43,0.0932944606413994,0.2559523809523809,0.0252316965446645,0.0544402906139206,False,1.0,-1.0,200.0,3.695,-1.0,0.03897516635158316
2024-10-02,2024-10-04,Shanghai Masters,R64,Hard,4,Aleksandar Vukic,Casper Ruud,player1,top_10,0.3422655441148243,3.4,3.21,0.0591900311526478,0.281183932346723,0.0610816117681012,0.1637028499904027,True,1.0,2.4,200.0,3.352,2.352,0.14727410387289108
2024-10-02,2024-10-04,Shanghai Masters,R64,Hard,4,Fabio Fognini,Tommy Paul,player2,other,0.1267486423624537,9.0,8.67,0.0380622837370241,0.1062562065541211,0.0204924358083326,0.1407377812620838,False,1.0,-1.0,200.0,8.84,-1.0,0.12045799848409078
2024-10-02,2024-10-06,Shanghai Masters,R32,Hard,4,Yibing Wu,Carlos Alcaraz,player1,top_10,0.1363734294848727,15.0,13.2,0.1363636363636364,0.0642545227698066,0.0721189067150661,1.0456014422730906,False,1.0,-1.0,200.0,14.719999999999999,-1.0,1.0074168820173257
2024-10-02,2024-10-08,Shanghai Masters,R32,Hard,4,Taylor Fritz,Yosuke Watanuki,player2,top_10,0.8680205226471562,1.2,1.17,0.0256410256410257,0.7894736842105263,0.0785468384366299,0.0416246271765874,True,1.0,0.1999999999999999,200.0,1.196,0.19599999999999995,0.0381525450859988
2024-10-02,2024-10-08,Shanghai Masters,R32,Hard,4,Alexei Popyrin,Grigor Dimitrov,player1,top_10,0.4994863401416304,2.2,2.21,-0.0045248868778279,0.4315245478036175,0.0679617923380128,0.098869948311587,False,1.0,-1.0,200.0,2.176,-1.0,0.08688227614818789
2024-10-02,2024-10-09,Shanghai Masters,R16,Hard,4,Roman Safiullin,Novak Djokovic,player2,top_10,0.176429193403774,7.0,6.84,0.023391812865497,0.1358024691358024,0.0406267242679715,0.2350043538264183,False,1.0,-1.0,200.0,6.88,-1.0,0.2138328506179652
2024-10-02,2024-10-09,Shanghai Masters,R16,Hard,4,Gael Monfils,Carlos Alcaraz,player1,top_10,0.1207958231937796,10.0,9.97,0.0030090270812437,0.0958408679927667,0.0249549552010129,0.2079582319377967,False,1.0,-1.0,200.0,9.82,-1.0,0.18621498376291568
2024-10-02,2024-10-10,Shanghai Masters,QF,Hard,4,Jannik Sinner,Daniil Medvedev,player1,top_10,0.8070377181753841,1.29,1.3,-0.0076923076923076,0.744047619047619,0.0629900991277651,0.0410786564462454,True,1.0,0.29,200.0,1.2842,0.2842,0.036397837680828216
2024-10-02,2024-10-12,Shanghai Masters,SF,Hard,4,Taylor Fritz,Novak Djokovic,player2,top_10,0.3523719567718339,3.0,2.92,0.0273972602739727,0.3181818181818181,0.0341901385900158,0.0571158703155019,False,1.0,-1.0,200.0,2.96,-1.0,0.04302099204462839
2024-10-02,2024-10-13,Shanghai Masters,F,Hard,4,Jannik Sinner,Novak Djokovic,player2,top_10,0.7621099173911013,1.4,1.41,-0.0070921985815602,0.6818181818181818,0.0802917355729195,0.0669538843475417,True,1.0,0.3999999999999999,200.0,1.392,0.3919999999999999,0.06085700500841301
2024-10-14,2024-10-16,Stockholm,R16,Hard,3,Lorenzo Sonego,Casper Ruud,player2,top_10,0.4772463130487285,2.38,2.37,0.0042194092827003,0.3974683544303797,0.0797779586183488,0.1358462250559738,False,1.0,-1.0,200.0,2.3524,-1.0,0.12267422681582885
2024-10-14,2024-10-16,Antwerp,R16,Hard,3,Marton Fucsovics,Felix Auger Aliassime,player2,other,0.3764573139219793,2.75,2.66,0.0338345864661653,0.3436754176610979,0.0327818962608814,0.0352576132854431,False,1.0,-1.0,200.0,2.715,-1.0,0.022081607298173767
2024-10-14,2024-10-17,Stockholm,R16,Hard,3,Grigor Dimitrov,Quentin Halys,player2,top_10,0.8477655123849419,1.25,1.24,0.0080645161290322,0.7619047619047619,0.08586075048018,0.0597068904811773,True,1.0,0.25,200.0,1.245,0.2450000000000001,0.05546806291925277
2024-10-14,2024-10-17,Almaty,R16,Hard,3,Otto Virtanen,Karen Khachanov,player2,other,0.382370653734252,2.75,2.63,0.0456273764258554,0.3436754176610979,0.0386952360731541,0.0515192977691931,False,1.0,-1.0,200.0,2.715,-1.0,0.038136324888494055
2024-10-14,2024-10-18,Stockholm,QF,Hard,3,Tallon Griekspoor,Casper Ruud,player2,top_10,0.52499561809607,2.0,2.02,-0.0099009900990099,0.4736842105263157,0.0513114075697542,0.0499912361921399,True,1.0,1.0,200.0,1.98,0.98,0.03949132383021858
2024-10-14,2024-10-18,Stockholm,QF,Hard,3,Grigor Dimitrov,Dominic Stricker,player2,top_10,0.9015723858085792,1.2,1.22,-0.0163934426229508,0.7894736842105263,0.112098701598053,0.0818868629702951,True,1.0,0.1999999999999999,200.0,1.196,0.19599999999999995,0.07828057342706071
2024-10-14,2024-10-18,Stockholm,QF,Hard,3,Stan Wawrinka,Andrey Rublev,player1,top_10,0.2942928619380409,5.0,4.67,0.0706638115631692,0.1896272285251215,0.1046656334129193,0.4714643096902047,True,1.0,4.0,200.0,4.92,3.92,0.4479208807351611
2024-10-14,2024-10-19,Antwerp,SF,Hard,3,Hugo Gaston,Roberto Bautista Agut,player2,other,0.3986644275981984,3.0,2.94,0.0204081632653061,0.3181818181818181,0.0804826094163803,0.1959932827945952,False,1.0,-1.0,200.0,2.96,-1.0,0.18004670569066727
2024-10-21,2024-10-21,Basel,R32,Hard,3,Andrey Rublev,Nuno Borges,player2,top_10,0.8816836428978864,1.17,1.18,-0.0084745762711864,0.8103727714748785,0.0713108714230078,0.0315698621905269,True,1.0,0.1699999999999999,200.0,1.1665999999999999,0.16659999999999986,0.028572137804674103
2024-10-21,2024-10-22,Vienna,R32,Hard,3,Alex De Minaur,Jan Lennard Struff,player2,top_10,0.8059648673421927,1.36,1.35,0.0074074074074073,0.7017543859649122,0.1042104813772805,0.0961122195853822,True,1.0,0.3600000000000001,200.0,1.3528000000000002,0.3528000000000002,0.09030927254051851
2024-10-21,2024-10-23,Basel,R16,Hard,3,Alejandro Tabilo,Andrey Rublev,player1,top_10,0.2818128520199388,4.0,3.88,0.0309278350515465,0.238095238095238,0.0437176139247006,0.1272514080797551,False,1.0,-1.0,200.0,3.94,-1.0,0.11034263695855873
2024-10-21,2024-10-24,Basel,R16,Hard,3,Pedro Martinez,Arthur Fils,player2,other,0.2327849584764254,4.5,4.28,0.0514018691588784,0.2105263157894736,0.0222586426869517,0.0475323131439144,False,1.0,-1.0,200.0,4.43,-1.0,0.031237366050564597
2024-10-21,2024-10-24,Vienna,R16,Hard,3,Flavio Cobolli,Alex De Minaur,player1,top_10,0.3107686176881051,3.4,3.24,0.0493827160493827,0.281183932346723,0.029584685341382,0.0566133001395572,False,1.0,-1.0,200.0,3.352,-1.0,0.04169640649052819
2024-10-21,2024-10-24,Vienna,R16,Hard,3,Lorenzo Musetti,Gael Monfils,player2,other,0.6571041626697959,1.67,1.65,0.0121212121212122,0.5684754521963824,0.0886287104734134,0.097363951658559,True,1.0,0.6699999999999999,200.0,1.6566,0.6566000000000001,0.08855875587878392
2024-10-21,2024-10-25,Basel,QF,Hard,3,Holger Rune,David Goffin,player2,other,0.7579103605170477,1.36,1.36,0.0,0.7017543859649122,0.0561559745521355,0.0307580903031849,True,1.0,0.3600000000000001,200.0,1.3528000000000002,0.3528000000000002,0.02530113570746234
2024-10-21,2024-10-25,Vienna,QF,Hard,3,Alexander Zverev,Lorenzo Musetti,player2,top_10,0.8562707940110452,1.22,1.24,-0.0161290322580645,0.7801801801801801,0.0760906138308651,0.0446503686934751,False,1.0,-1.0,200.0,1.2156,-1.0,0.04088277719982658
2024-10-28,2024-10-29,Paris Masters,R32,Hard,4,Nicolas Jarry,Carlos Alcaraz,player1,top_10,0.2055992746253357,10.0,9.17,0.0905125408942202,0.0958408679927667,0.1097584066325689,1.0559927462533572,False,1.0,-1.0,200.0,9.82,-1.0,1.0189848768207965
2024-10-28,2024-10-30,Paris Masters,R32,Hard,4,Daniil Medvedev,Alexei Popyrin,player2,top_10,0.8143921593834789,1.3,1.3,0.0,0.7291666666666667,0.0852254927168121,0.0587098071985225,False,1.0,-1.0,200.0,1.294,-1.0,0.05382345424222168
2024-10-28,2024-10-30,Paris Masters,R32,Hard,4,Arthur Fils,Jan Lennard Struff,player2,other,0.746375860652309,1.4,1.42,-0.0140845070422535,0.6818181818181818,0.0645576788341272,0.0449262049132325,True,1.0,0.3999999999999999,200.0,1.392,0.3919999999999999,0.03895519802801406
2024-10-28,2024-10-30,Paris Masters,R32,Hard,4,Miomir Kecmanovic,Alex De Minaur,player1,top_10,0.2715519581238074,4.0,3.9,0.0256410256410257,0.238095238095238,0.0334567200285693,0.0862078324952295,False,1.0,-1.0,200.0,3.94,-1.0,0.06991471500780111
2024-10-28,2024-10-31,Paris Masters,R16,Hard,4,Ugo Humbert,Carlos Alcaraz,player1,top_10,0.2468877256548898,5.0,4.87,0.0266940451745378,0.1896272285251215,0.0572604971297682,0.234438628274449,True,1.0,4.0,200.0,4.92,3.92,0.21468761022205785
2024-10-28,2024-10-31,Paris Masters,R16,Hard,4,Arthur Rinderknech,Grigor Dimitrov,player2,top_10,0.2815448488163889,4.5,4.27,0.053864168618267,0.2105263157894736,0.0710185330269153,0.2669518196737503,False,1.0,-1.0,200.0,4.43,-1.0,0.24724368025660282
2024-10-28,2024-11-01,Paris Masters,QF,Hard,4,Stefanos Tsitsipas,Alexander Zverev,player2,top_10,0.4694146531103408,3.0,3.02,-0.0066225165562914,0.3181818181818181,0.1512328349285226,0.4082439593310224,False,1.0,-1.0,200.0,2.96,-1.0,0.38946737320660874
2024-11-04,2024-11-06,Metz,R16,Hard,3,Casper Ruud,Benjamin Bonzi,player2,top_10,0.5401107096160244,1.91,1.88,0.0159574468085106,0.5,0.0401107096160243,0.0316114553666064,False,1.0,-1.0,200.0,1.8918,-1.0,0.021781440451594858
2024-11-11,2024-11-11,Tour Finals,RR,Hard,1,Andrey Rublev,Alexander Zverev,player1,top_10,0.2956414503097495,3.5,3.48,0.0057471264367816,0.2708333333333333,0.0248081169764161,0.0347450760841232,False,1.0,-1.0,200.0,3.45,-1.0,0.019963003568635784
2024-11-11,2024-11-12,Tour Finals,RR,Hard,1,Alex De Minaur,Daniil Medvedev,player1,top_10,0.5890799491740671,1.91,1.88,0.0159574468085106,0.5,0.0890799491740671,0.1251427029224682,False,1.0,-1.0,200.0,1.8918,-1.0,0.11442144784750019
2024-11-11,2024-11-13,Tour Finals,RR,Hard,1,Casper Ruud,Alexander Zverev,player1,top_10,0.1810641231291013,6.0,5.46,0.098901098901099,0.158485273492286,0.0225788496368152,0.0863847387746081,False,1.0,-1.0,200.0,5.9,-1.0,0.06827832646169774
2024-11-11,2024-11-16,Tour Finals,SF,Hard,1,Taylor Fritz,Alexander Zverev,player2,top_10,0.383058505953727,3.0,2.94,0.0204081632653061,0.3181818181818181,0.0648766877719089,0.1491755178611811,True,1.0,2.0,200.0,2.96,1.96,0.13385317762303195
2024-11-11,2024-11-16,Tour Finals,SF,Hard,1,Casper Ruud,Jannik Sinner,player1,top_10,0.182296127007844,11.0,9.58,0.1482254697286011,0.0871369294605809,0.0951591975472631,1.0052573970862844,False,1.0,-1.0,200.0,10.8,-1.0,0.9687981716847154
2024-12-30,2024-12-30,Brisbane,R32,Hard,3,Yannick Hanfmann,Grigor Dimitrov,player2,top_10,0.2006897479223049,5.5,5.58,-0.014336917562724,0.1716867469879518,0.0290030009343531,0.1037936135726774,False,1.0,-1.0,200.0,5.41,-1.0,0.08573153625966956
2024-12-30,2024-12-31,Brisbane,R32,Hard,3,Rinky Hijikata,Novak Djokovic,player2,top_10,0.153335453565734,13.0,10.93,0.1893870082342177,0.074074074074074,0.07926137949166,0.993360896354543,False,1.0,-1.0,200.0,12.76,-1.0,0.9565603874987657
2024-12-30,2025-01-01,Hong Kong,R16,Hard,3,Kei Nishikori,Karen Khachanov,player1,other,0.4683028327319073,2.2,2.16,0.0185185185185186,0.4315245478036175,0.0367782849282898,0.0302662320101964,True,1.0,1.2000000000000002,200.0,2.176,1.1760000000000002,0.019026964024630444
2024-12-30,2025-01-03,Brisbane,QF,Hard,3,Jordan Thompson,Grigor Dimitrov,player1,top_10,0.3020863726990016,3.5,3.3,0.0606060606060605,0.2708333333333333,0.0312530393656682,0.0573023044465056,False,1.0,-1.0,200.0,3.45,-1.0,0.04219798581155565
2024-12-30,2025-01-03,Brisbane,QF,Hard,3,Reilly Opelka,Novak Djokovic,player1,top_10,0.2483154418113455,11.0,9.96,0.1044176706827308,0.0871369294605809,0.1611785123507646,1.7314698599248013,True,1.0,10.0,200.0,10.8,9.8,1.6818067715625316
2024-12-30,2025-01-04,Brisbane,SF,Hard,3,Jiri Lehecka,Grigor Dimitrov,player2,top_10,0.4062761213491825,2.63,2.52,0.0436507936507934,0.3631961259079903,0.0430799954411922,0.0685061991483501,True,1.0,1.63,200.0,2.5974,1.5974,0.05526159759236671
2025-01-06,2025-01-07,Auckland,R32,Hard,3,Pedro Martinez,Gael Monfils,player2,other,0.2592500962293037,4.0,3.72,0.075268817204301,0.238095238095238,0.0211548581340656,0.0370003849172149,False,1.0,-1.0,200.0,3.94,-1.0,0.021445379143456456
2025-01-06,2025-01-08,Auckland,R16,Hard,3,Roberto Carballes Baena,Francisco Cerundolo,player2,other,0.3936555526823889,2.63,2.57,0.0233463035019454,0.3631961259079903,0.0304594267743986,0.0353141035546828,True,1.0,1.63,200.0,2.5974,1.5974,0.02248093253723682
2025-01-06,2025-01-08,Adelaide,R16,Hard,3,Manuel Guinard,Tommy Paul,player1,other,0.1415740003733481,9.0,8.42,0.0688836104513064,0.1062562065541211,0.0353177938192269,0.2741660033601329,False,1.0,-1.0,200.0,8.84,-1.0,0.2515141633003972
2025-01-06,2025-01-11,Auckland,F,Hard,3,Zizou Bergs,Gael Monfils,player1,other,0.4184655659687011,2.5,2.37,0.0548523206751054,0.3796526054590571,0.038812960509644,0.0461639149217528,False,1.0,-1.0,200.0,2.4699999999999998,-1.0,0.033609947942691676
2025-01-13,2025-01-13,Australian Open,R128,Hard,5,Nicolas Jarry,Jannik Sinner,player1,top_10,0.065164081369024,26.0,17.25,0.5072463768115942,0.0373935579415031,0.0277705234275209,0.6942661155946256,False,1.0,-1.0,200.0,25.5,-1.0,0.661684074910112
2025-01-13,2025-01-13,Australian Open,R128,Hard,5,Francesco Passaro,Grigor Dimitrov,player2,top_10,0.1892587941462236,11.0,10.21,0.0773751224289911,0.0871369294605809,0.1021218646856426,1.0818467356084596,True,1.0,10.0,200.0,10.8,9.8,1.043994976779215
2025-01-13,2025-01-13,Australian Open,R128,Hard,5,Mariano Navone,Jack Draper,player2,other,0.1034571554596232,11.0,9.71,0.132852729145211,0.0871369294605809,0.0163202259990422,0.1380287100558551,False,1.0,-1.0,200.0,10.8,-1.0,0.11733727896393054
2025-01-13,2025-01-13,Australian Open,R128,Hard,5,Alexander Shevchenko,Carlos Alcaraz,player1,top_10,0.0746408044983613,29.0,20.74,0.398264223722276,0.0336554481839386,0.0409853563144226,1.1645833304524775,False,1.0,-1.0,200.0,28.439999999999998,-1.0,1.122784479933395
2025-01-13,2025-01-13,Australian Open,R128,Hard,5,Sebastian Baez,Arthur Cazaux,player2,other,0.3603695263084925,3.0,2.96,0.0135135135135135,0.3181818181818181,0.0421877081266743,0.0811085789254775,False,1.0,-1.0,200.0,2.96,-1.0,0.06669379787313778
2025-01-13,2025-01-14,Australian Open,R128,Hard,5,Adrian Mannarino,Karen Khachanov,player1,other,0.1474567792429937,7.0,6.44,0.0869565217391303,0.1358024691358024,0.0116543101071912,0.032197454700956,False,1.0,-1.0,200.0,6.88,-1.0,0.014502641191796561
2025-01-13,2025-01-14,Australian Open,R128,Hard,5,Botic Van De Zandschulp,Alex De Minaur,player1,top_10,0.1208364905110995,10.0,8.89,0.124859392575928,0.0958408679927667,0.0249956225183328,0.2083649051109956,False,1.0,-1.0,200.0,9.82,-1.0,0.1866143368189972
2025-01-13,2025-01-14,Australian Open,R128,Hard,5,Andrey Rublev,Joao Fonseca,player2,top_10,0.6778806421043897,1.62,1.62,0.0,0.586734693877551,0.0911459482268387,0.0981666402091113,False,1.0,-1.0,200.0,1.6076000000000001,-1.0,0.08976092024701698
2025-01-13,2025-01-15,Australian Open,R64,Hard,5,Yoshihito Nishioka,Carlos Alcaraz,player1,top_10,0.1326283440354507,19.0,15.68,0.211734693877551,0.0509490509490509,0.0816792930863997,1.5199385366735636,False,1.0,-1.0,200.0,18.64,-1.0,1.4721923328208013
2025-01-13,2025-01-15,Australian Open,R64,Hard,5,Jakub Mensik,Casper Ruud,player2,top_10,0.5718722561136352,2.1,2.1,0.0,0.4516971279373368,0.1201751281762984,0.200931737838634,True,1.0,1.1,200.0,2.0780000000000003,1.0780000000000003,0.18835054820413422
2025-01-13,2025-01-16,Australian Open,R64,Hard,5,Daniel Altmaier,Gael Monfils,player2,other,0.2906100600905806,4.5,4.38,0.0273972602739727,0.2105263157894736,0.0800837443011069,0.307745270407613,False,1.0,-1.0,200.0,4.43,-1.0,0.2874025662012719
2025-01-13,2025-01-18,Australian Open,R32,Hard,5,Francisco Cerundolo,Alex De Minaur,player1,top_10,0.1436687689289996,8.0,7.3,0.095890410958904,0.118942731277533,0.0247260376514665,0.1493501514319969,False,1.0,-1.0,200.0,7.859999999999999,-1.0,0.12923652378193684
2025-01-13,2025-01-18,Australian Open,R32,Hard,5,Gael Monfils,Taylor Fritz,player1,top_10,0.2544636191416972,7.0,6.44,0.0869565217391303,0.1358024691358024,0.1186611500058947,0.7812453339918807,True,1.0,6.0,200.0,6.88,5.88,0.7507096996948766
2025-01-13,2025-01-19,Australian Open,R16,Hard,5,Jack Draper,Carlos Alcaraz,player1,top_10,0.183836222397331,8.0,8.12,-0.0147783251231525,0.118942731277533,0.064893491119798,0.4706897791786484,False,1.0,-1.0,200.0,7.859999999999999,-1.0,0.44495270804302145
2025-01-13,2025-01-21,Australian Open,QF,Hard,5,Novak Djokovic,Carlos Alcaraz,player2,top_10,0.426745749208825,2.5,2.57,-0.027237354085603,0.3796526054590571,0.0470931437497679,0.0668643730220625,True,1.0,1.5,200.0,2.4699999999999998,1.4699999999999998,0.054062000545797684
2025-01-27,2025-01-28,Montpellier,R32,Hard,3,Constant Lestienne,Borna Coric,player1,other,0.5495241416296905,2.0,1.94,0.0309278350515465,0.4736842105263157,0.0758399311033747,0.099048283259381,True,1.0,1.0,200.0,1.98,0.98,0.08805780042678724
2025-01-27,2025-01-30,Montpellier,R16,Hard,3,Jesper De Jong,Flavio Cobolli,player1,other,0.3973836707511607,2.63,2.53,0.0395256916996047,0.3631961259079903,0.0341875448431704,0.0451190540755527,True,1.0,1.63,200.0,2.5974,1.5974,0.03216434640906474
2025-01-27,2025-02-01,Montpellier,SF,Hard,3,Andrey Rublev,Aleksandar Kovacevic,player2,top_10,0.8415805375400227,1.25,1.26,-0.0079365079365079,0.7619047619047619,0.0796757756352608,0.0519756719250283,False,1.0,-1.0,200.0,1.245,-1.0,0.04776776923732837
2025-02-03,2025-02-03,Rotterdam,R32,Hard,3,Stan Wawrinka,Daniil Medvedev,player2,top_10,0.2714406573768808,5.5,5.26,0.0456273764258554,0.1716867469879518,0.099753910388929,0.4929236155728447,False,1.0,-1.0,200.0,5.41,-1.0,0.4684939564089252
2025-02-03,2025-02-03,Rotterdam,R32,Hard,3,Flavio Cobolli,Hubert Hurkacz,player2,other,0.3010225473310205,3.75,3.49,0.0744985673352434,0.2559523809523809,0.0450701663786395,0.1288345524913269,False,1.0,-1.0,200.0,3.695,-1.0,0.1122783123881208
2025-02-03,2025-02-05,Rotterdam,R16,Hard,3,Mattia Bellucci,Daniil Medvedev,player1,top_10,0.467644790739667,3.5,3.47,0.0086455331412103,0.2708333333333333,0.1968114574063336,0.6367567675888346,True,1.0,2.5,200.0,3.45,2.45,0.6133745280518512
2025-02-03,2025-02-06,Rotterdam,R16,Hard,3,Andrey Rublev,Fabian Marozsan,player1,top_10,0.8411045562155782,1.25,1.26,-0.0079365079365079,0.7619047619047619,0.0791997943108163,0.0513806952694727,True,1.0,0.25,200.0,1.245,0.2450000000000001,0.04717517248839498
2025-02-03,2025-02-06,Rotterdam,R16,Hard,3,Andrea Vavassori,Carlos Alcaraz,player2,top_10,0.1914485964334327,9.0,8.13,0.1070110701107009,0.1062562065541211,0.0851923898793115,0.7230373679008943,False,1.0,-1.0,200.0,8.84,-1.0,0.6924055924715451
2025-02-03,2025-02-06,Dallas,R16,Hard,3,Michael Mmoh,Casper Ruud,player2,top_10,0.2441746873112444,4.5,4.48,0.0044642857142855,0.2105263157894736,0.0336483715217708,0.0987860929006001,False,1.0,-1.0,200.0,4.43,-1.0,0.08169386478881258
2025-02-03,2025-02-07,Rotterdam,QF,Hard,3,Hubert Hurkacz,Andrey Rublev,player1,top_10,0.5085331219769934,2.1,2.07,0.0144927536231884,0.4516971279373368,0.0568359940396566,0.0679195561516862,True,1.0,1.1,200.0,2.0780000000000003,1.0780000000000003,0.0567318274681925
2025-02-03,2025-02-07,Rotterdam,QF,Hard,3,Pedro Martinez,Carlos Alcaraz,player2,top_10,0.1102921805350464,11.0,9.83,0.1190233977619532,0.0871369294605809,0.0231552510744654,0.2132139858855105,False,1.0,-1.0,200.0,10.8,-1.0,0.19115554977850124
2025-02-03,2025-02-08,Rotterdam,SF,Hard,3,Hubert Hurkacz,Carlos Alcaraz,player1,top_10,0.293162710126706,4.0,4.09,-0.02200488997555,0.238095238095238,0.0550674720314679,0.1726508405068241,False,1.0,-1.0,200.0,3.94,-1.0,0.15506107789922174
2025-02-03,2025-02-08,Dallas,QF,Hard,3,Reilly Opelka,Tommy Paul,player1,top_10,0.4143481199831026,2.5,2.5,0.0,0.3796526054590571,0.0346955145240455,0.0358702999577565,False,1.0,-1.0,200.0,2.4699999999999998,-1.0,0.0234398563582634
2025-02-03,2025-02-08,Dallas,SF,Hard,3,Denis Shapovalov,Tommy Paul,player2,top_10,0.3919872363045537,2.63,2.55,0.0313725490196079,0.3631961259079903,0.0287911103965633,0.0309264314809761,True,1.0,1.63,200.0,2.5974,1.5974,0.01814764757744769
2025-02-10,2025-02-12,Marseille,R16,Hard,3,Alexander Bublik,Ugo Humbert,player2,other,0.2748627020955425,3.75,3.54,0.0593220338983051,0.2559523809523809,0.0189103211431616,0.0307351328582845,False,1.0,-1.0,200.0,3.695,-1.0,0.01561768424302945
2025-02-10,2025-02-12,Buenos Aires,R32,Clay,3,Diego Schwartzman,Nicolas Jarry,player2,other,0.2399109562930981,4.33,4.01,0.0798004987531173,0.2198198198198198,0.0200911364732783,0.0388144407491148,True,1.0,3.33,200.0,4.2634,3.2634,0.022836371059994476
2025-02-10,2025-02-13,Buenos Aires,R16,Clay,3,Corentin Moutet,Lorenzo Musetti,player1,other,0.3101481223371617,3.5,3.28,0.0670731707317073,0.2708333333333333,0.0393147890038283,0.0855184281800659,False,1.0,-1.0,200.0,3.45,-1.0,0.07001102206320797
2025-02-10,2025-02-14,Marseille,QF,Hard,3,Jan Lennard Struff,Daniil Medvedev,player1,top_10,0.2898084156468871,4.33,4.15,0.0433734939759036,0.2155797101449275,0.0742287055019595,0.2548704397510211,False,1.0,-1.0,200.0,4.2634,-1.0,0.23556919926893838
2025-02-10,2025-02-14,Buenos Aires,QF,Clay,3,Francisco Cerundolo,Alexander Zverev,player2,top_10,0.2997013176430937,3.5,3.11,0.1254019292604502,0.2708333333333333,0.0288679843097603,0.048954611750828,True,1.0,2.5,200.0,3.45,2.45,0.0339695458686734
2025-02-10,2025-02-15,Marseille,SF,Hard,3,Daniil Medvedev,Hamad Medjedovic,player1,top_10,0.8223950478371972,1.29,1.28,0.0078125,0.744047619047619,0.0783474287895782,0.0608896117099844,False,1.0,-1.0,200.0,1.2842,-1.0,0.056119720432528636
2025-02-17,2025-02-17,Doha,R32,Hard,3,Marin Cilic,Carlos Alcaraz,player1,top_10,0.0645141513080351,17.0,12.75,0.3333333333333332,0.0571270105379922,0.0073871407700429,0.0967405722365981,False,1.0,-1.0,200.0,16.68,-1.0,0.07609604381802548
2025-02-17,2025-02-19,Doha,R16,Hard,3,Andrey Rublev,Nuno Borges,player1,top_10,0.7965916724818362,1.3,1.29,0.0077519379844961,0.7291666666666667,0.0674250058151694,0.035569174226387,True,1.0,0.3,200.0,1.294,0.29400000000000004,0.03078962419149603
2025-02-17,2025-02-19,Doha,R16,Hard,3,Daniil Medvedev,Zizou Bergs,player2,top_10,0.8067557772215685,1.36,1.34,0.0149253731343284,0.7017543859649122,0.1050013912566563,0.0971878570213333,True,1.0,0.3600000000000001,200.0,1.3528000000000002,0.3528000000000002,0.09137921542533811
2025-02-17,2025-02-19,Doha,R16,Hard,3,Hamad Medjedovic,Felix Auger Aliassime,player2,other,0.2309700506373839,4.5,4.22,0.0663507109004739,0.2105263157894736,0.0204437348479102,0.0393652278682278,False,1.0,-1.0,200.0,4.43,-1.0,0.023197324323610657
2025-02-17,2025-02-19,Rio de Janeiro,R32,Clay,3,Alexandre Muller,Joao Fonseca,player2,other,0.2189386324999264,5.0,4.61,0.0845986984815616,0.1896272285251215,0.0293114039748048,0.094693162499632,True,1.0,4.0,200.0,4.92,3.92,0.07717807189963788
2025-02-17,2025-02-19,Rio de Janeiro,R16,Clay,3,Alexander Shevchenko,Alexander Zverev,player2,top_10,0.152670593167663,8.0,8.15,-0.0184049079754601,0.118942731277533,0.03372786189013,0.2213647453413045,False,1.0,-1.0,200.0,7.859999999999999,-1.0,0.19999086229783092
2025-02-17,2025-02-21,Doha,SF,Hard,3,Felix Auger Aliassime,Andrey Rublev,player1,top_10,0.5063806997802175,2.2,2.18,0.0091743119266054,0.4315245478036175,0.0748561519765999,0.1140375395164785,False,1.0,-1.0,200.0,2.176,-1.0,0.10188440272175336
2025-02-24,2025-02-25,Dubai,R32,Hard,3,Daniil Medvedev,Jan Lennard Struff,player1,top_10,0.8834635181283615,1.17,1.17,0.0,0.8103727714748785,0.073090746653483,0.0336523162101829,True,1.0,0.1699999999999999,200.0,1.1665999999999999,0.16659999999999986,0.030648540248546463
2025-02-24,2025-02-25,Acapulco,R32,Hard,3,Arthur Rinderknech,Casper Ruud,player2,top_10,0.3245998839850216,4.5,4.4,0.0227272727272727,0.2105263157894736,0.1140735681955479,0.4606994779325971,False,1.0,-1.0,200.0,4.43,-1.0,0.4379774860536455
2025-02-24,2025-02-25,Acapulco,R32,Hard,3,Flavio Cobolli,Ben Shelton,player2,other,0.2886669067668579,3.75,3.61,0.0387811634349031,0.2559523809523809,0.0327145258144769,0.0825009003757171,False,1.0,-1.0,200.0,3.695,-1.0,0.06662422050353989
2025-03-05,2025-03-07,Indian Wells Masters,R64,Hard,4,Tallon Griekspoor,Alexander Zverev,player1,top_10,0.2836209632856088,4.0,3.87,0.0335917312661497,0.238095238095238,0.0455257251903707,0.1344838531424352,True,1.0,3.0,200.0,3.94,2.94,0.11746659534529869
2025-03-05,2025-03-08,Indian Wells Masters,R64,Hard,4,Adam Walton,Denis Shapovalov,player2,other,0.2878992462627151,4.0,3.68,0.0869565217391303,0.238095238095238,0.049804008167477,0.1515969850508605,False,1.0,-1.0,200.0,3.94,-1.0,0.13432303027509762
2025-03-05,2025-03-08,Indian Wells Masters,R64,Hard,4,Hugo Gaston,Hubert Hurkacz,player1,other,0.2574090134884506,4.33,4.1,0.0560975609756098,0.2198198198198198,0.0375891936686308,0.1145810284049911,False,1.0,-1.0,200.0,4.2634,-1.0,0.09743758810666014
2025-03-05,2025-03-08,Indian Wells Masters,R64,Hard,4,Botic Van De Zandschulp,Novak Djokovic,player1,top_10,0.1498321210846011,7.0,6.91,0.0130246020260491,0.1358024691358024,0.0140296519487986,0.0488248475922076,True,1.0,6.0,200.0,6.88,5.88,0.03084499306205546
2025-03-05,2025-03-08,Indian Wells Masters,R64,Hard,4,Andrey Rublev,Matteo Arnaldi,player1,top_10,0.7671881514939201,1.4,1.42,-0.0140845070422535,0.6818181818181818,0.0853699696757382,0.074063412091488,False,1.0,-1.0,200.0,1.392,-1.0,0.06792590687953665
2025-03-05,2025-03-08,Indian Wells Masters,R64,Hard,4,Yosuke Watanuki,Tomas Machac,player2,other,0.262629085292039,4.0,3.96,0.0101010101010101,0.238095238095238,0.0245338471968009,0.0505163411681559,True,1.0,3.0,200.0,3.94,2.94,0.03475859605063358
2025-03-05,2025-03-09,Indian Wells Masters,R64,Hard,4,David Goffin,Alex De Minaur,player2,top_10,0.2420804229053903,5.5,5.25,0.0476190476190476,0.1716867469879518,0.0703936759174385,0.3314423259796468,False,1.0,-1.0,200.0,5.41,-1.0,0.30965508791816165
2025-03-05,2025-03-09,Indian Wells Masters,R32,Hard,4,Alex Michelsen,Daniil Medvedev,player1,top_10,0.3043636971071029,3.4,3.26,0.0429447852760735,0.281183932346723,0.0231797647603798,0.0348365701641498,False,1.0,-1.0,200.0,3.352,-1.0,0.02022711270300892
2025-03-05,2025-03-09,Indian Wells Masters,R32,Hard,4,Stefanos Tsitsipas,Matteo Berrettini,player1,top_10,0.5588665170096643,1.91,1.94,-0.0154639175257732,0.5,0.0588665170096642,0.0674350474884587,True,1.0,0.91,200.0,1.8918,0.8917999999999999,0.05726367687888284
2025-03-05,2025-03-10,Indian Wells Masters,R32,Hard,4,Hubert Hurkacz,Alex De Minaur,player1,top_10,0.4046722808600825,2.75,2.65,0.0377358490566037,0.3436754176610979,0.0609968631989846,0.112848772365227,False,1.0,-1.0,200.0,2.715,-1.0,0.0986852425351239
2025-03-05,2025-03-11,Indian Wells Masters,R32,Hard,4,Grigor Dimitrov,Gael Monfils,player2,other,0.5723236519485615,1.91,1.92,-0.0052083333333333,0.5,0.0723236519485615,0.0931381752217523,True,1.0,0.91,200.0,1.8918,0.8917999999999999,0.08272188475628861
2025-03-05,2025-03-11,Indian Wells Masters,R16,Hard,4,Holger Rune,Stefanos Tsitsipas,player1,top_10,0.4539132480913627,2.3,2.29,0.0043668122270741,0.413265306122449,0.0406479419689137,0.0440004706101342,True,1.0,1.2999999999999998,200.0,2.274,1.274,0.03219872615975872
2025-03-05,2025-03-12,Indian Wells Masters,R16,Hard,4,Jack Draper,Taylor Fritz,player1,top_10,0.6298348554377811,1.69,1.78,-0.050561797752809,0.554089709762533,0.075745145675248,0.0644209056898499,True,1.0,0.69,200.0,1.6762,0.6761999999999999,0.055729184684808586
2025-03-05,2025-03-13,Indian Wells Masters,QF,Hard,4,Daniil Medvedev,Arthur Fils,player1,top_10,0.7626066473636617,1.36,1.35,0.0074074074074073,0.7017543859649122,0.0608522613987494,0.0371450404145799,True,1.0,0.3600000000000001,200.0,1.3528000000000002,0.3528000000000002,0.03165427255356168
2025-03-05,2025-03-15,Indian Wells Masters,SF,Hard,4,Jack Draper,Carlos Alcaraz,player2,top_10,0.3264312280495448,3.5,3.44,0.0174418604651163,0.2708333333333333,0.0555978947162114,0.1425092981734069,True,1.0,2.5,200.0,3.45,2.45,0.12618773677092943
2025-03-19,2025-03-19,Miami Masters,R128,Hard,4,Fabian Marozsan,Gael Monfils,player2,other,0.3513583071973135,3.0,2.81,0.0676156583629892,0.3181818181818181,0.0331764890154954,0.0540749215919406,False,1.0,-1.0,200.0,2.96,-1.0,0.04002058930404784
2025-03-19,2025-03-21,Miami Masters,R64,Hard,4,Quentin Halys,Lorenzo Musetti,player1,other,0.4464655362186997,2.38,2.42,-0.0165289256198347,0.3974683544303797,0.0489971817883199,0.0625879762005053,False,1.0,-1.0,200.0,2.3524,-1.0,0.0502655274008692
2025-03-19,2025-03-21,Miami Masters,R64,Hard,4,Stefanos Tsitsipas,Chun Hsin Tseng,player1,top_10,0.9419339035588457,1.1,1.1,0.0,0.8641975308641975,0.077736372694648,0.0361272939147301,True,1.0,0.1,200.0,1.098,0.09800000000000009,0.03424342610761261
2025-03-19,2025-03-22,Miami Masters,R64,Hard,4,Andrey Rublev,Zizou Bergs,player1,top_10,0.8010720235981232,1.3,1.31,-0.0076335877862595,0.7291666666666667,0.0719053569314565,0.0413936306775602,False,1.0,-1.0,200.0,1.294,-1.0,0.036587198535971505
2025-03-19,2025-03-22,Miami Masters,R64,Hard,4,Coleman Wong,Ben Shelton,player2,other,0.1568385954051309,7.0,6.92,0.0115606936416186,0.1358024691358024,0.0210361262693284,0.0978701678359162,True,1.0,6.0,200.0,6.88,5.88,0.07904953638730061
2025-03-19,2025-03-22,Miami Masters,R64,Hard,4,Thiago Agustin Tirante,Denis Shapovalov,player2,other,0.243629253113494,4.5,4.39,0.0250569476082005,0.2105263157894736,0.0331029373240203,0.0963316390107231,False,1.0,-1.0,200.0,4.43,-1.0,0.07927759129277845
2025-03-19,2025-03-22,Miami Masters,R64,Hard,4,Lorenzo Sonego,Taylor Fritz,player1,top_10,0.2063564031180198,5.5,5.37,0.0242085661080073,0.1716867469879518,0.034669656130068,0.1349602171491091,False,1.0,-1.0,200.0,5.41,-1.0,0.11638814086848726
2025-03-19,2025-03-22,Miami Masters,R64,Hard,4,Jack Draper,Jakub Mensik,player1,top_10,0.8611193655428382,1.25,1.28,-0.0234375,0.7619047619047619,0.0992146036380763,0.0763992069285477,False,1.0,-1.0,200.0,1.245,-1.0,0.07209361010083365
2025-03-19,2025-03-23,Miami Masters,R32,Hard,4,Jaume Munar,Gael Monfils,player2,other,0.4117309632130879,2.63,2.56,0.02734375,0.3631961259079903,0.0485348373050975,0.0828524332504211,False,1.0,-1.0,200.0,2.5974,-1.0,0.06943000384967446
2025-03-19,2025-03-24,Miami Masters,R32,Hard,4,Casper Ruud,Alejandro Tabilo,player1,top_10,0.8136063662034703,1.33,1.34,-0.0074626865671642,0.7188160676532769,0.0947902985501933,0.0820964670506155,True,1.0,0.33,200.0,1.3234000000000001,0.32340000000000013,0.07672666503367265
2025-03-19,2025-03-25,Miami Masters,R16,Hard,4,Lorenzo Musetti,Novak Djokovic,player2,top_10,0.3094184095624395,3.5,3.42,0.023391812865497,0.2708333333333333,0.0385850762291061,0.0829644334685382,False,1.0,-1.0,200.0,3.45,-1.0,0.06749351299041628
2025-03-19,2025-03-26,Miami Masters,R16,Hard,4,Alexander Zverev,Arthur Fils,player2,top_10,0.8132090440729659,1.3,1.32,-0.0151515151515151,0.7291666666666667,0.0840423774062991,0.0571717572948557,False,1.0,-1.0,200.0,1.294,-1.0,0.05229250303041791
2025-03-19,2025-03-27,Miami Masters,QF,Hard,4,Taylor Fritz,Matteo Berrettini,player1,top_10,0.772092521869817,1.44,1.44,0.0,0.6563245823389022,0.1157679395309148,0.1118132314925364,True,1.0,0.4399999999999999,200.0,1.4312,0.4312,0.10501881730008217
2025-03-31,2025-04-04,Houston,R16,Clay,3,Adam Walton,Frances Tiafoe,player2,other,0.2598364879366168,4.0,3.64,0.0989010989010987,0.238095238095238,0.0217412498413787,0.0393459517464673,False,1.0,-1.0,200.0,3.94,-1.0,0.023755762470270225
2025-04-07,2025-04-08,Monte Carlo Masters,R32,Clay,4,Matteo Berrettini,Alexander Zverev,player1,top_10,0.4727110156750603,2.38,2.42,-0.0165289256198347,0.3974683544303797,0.0752426612446805,0.1250522173066434,True,1.0,1.38,200.0,2.3524,1.3523999999999998,0.11200539327401171
2025-04-07,2025-04-09,Monte Carlo Masters,R32,Clay,4,Francisco Cerundolo,Carlos Alcaraz,player1,top_10,0.3441021189018395,3.2,3.12,0.0256410256410257,0.2982456140350877,0.0458565048667518,0.1011267804858865,False,1.0,-1.0,200.0,3.156,-1.0,0.08598628725420554
2025-04-07,2025-04-09,Monte Carlo Masters,R32,Clay,4,Alex De Minaur,Tomas Machac,player1,top_10,0.6023903714684055,1.73,1.71,0.0116959064327486,0.5483028720626633,0.0540874994057422,0.0421353426403414,True,1.0,0.73,200.0,1.7153999999999998,0.7153999999999998,0.033340443216902604
2025-04-07,2025-04-09,Monte Carlo Masters,R32,Clay,4,Novak Djokovic,Alejandro Tabilo,player1,top_10,0.8866179170367938,1.17,1.18,-0.0084745762711864,0.8103727714748785,0.0762451455619153,0.0373429629330487,False,1.0,-1.0,200.0,1.1665999999999999,-1.0,0.034328462015123545
2025-04-07,2025-04-10,Monte Carlo Masters,R16,Clay,4,Alejandro Davidovich Fokina,Jack Draper,player1,top_10,0.4110851117929154,2.75,2.71,0.014760147601476,0.3436754176610979,0.0674096941318175,0.1304840574305176,True,1.0,1.75,200.0,2.715,1.7149999999999999,0.11609607851776527
2025-04-07,2025-04-10,Monte Carlo Masters,R16,Clay,4,Alex De Minaur,Daniil Medvedev,player2,top_10,0.6802536823984893,1.67,1.66,0.0060240963855422,0.5684754521963824,0.1117782302021068,0.136023649605477,True,1.0,0.6699999999999999,200.0,1.6566,0.6566000000000001,0.1269082502613374
2025-04-07,2025-04-11,Monte Carlo Masters,QF,Clay,4,Arthur Fils,Carlos Alcaraz,player2,top_10,0.3521266693262068,3.2,3.17,0.0094637223974765,0.2982456140350877,0.0538810552911191,0.1268053418438619,False,1.0,-1.0,200.0,3.156,-1.0,0.11131176839350876
2025-04-07,2025-04-13,Monte Carlo Masters,F,Clay,4,Carlos Alcaraz,Lorenzo Musetti,player2,top_10,0.8633018679524428,1.2,1.21,-0.0082644628099173,0.7894736842105263,0.0738281837419164,0.0359622415429313,True,1.0,0.1999999999999999,200.0,1.196,0.19599999999999995,0.032509034071121545
2025-04-14,2025-04-16,Barcelona,R16,Clay,3,Casper Ruud,Hamad Medjedovic,player1,top_10,0.795136831275306,1.36,1.37,-0.0072992700729926,0.7017543859649122,0.0933824453103937,0.0813860905344162,True,1.0,0.3600000000000001,200.0,1.3528000000000002,0.3528000000000002,0.07566110534923409
2025-04-14,2025-04-17,Barcelona,R16,Clay,3,Andrey Rublev,Alejandro Davidovich Fokina,player1,top_10,0.5875860035004338,1.8,1.82,-0.0109890109890109,0.5263157894736842,0.0612702140267495,0.0576548063007807,False,1.0,-1.0,200.0,1.784,-1.0,0.048253430244773854
2025-04-14,2025-04-18,Munich,QF,Clay,3,Alexander Zverev,Tallon Griekspoor,player2,top_10,0.8408718970353177,1.29,1.27,0.0157480314960629,0.744047619047619,0.0968242779876987,0.0847247471755598,True,1.0,0.29,200.0,1.2842,0.2842,0.07984769017275503
2025-04-14,2025-04-18,Barcelona,QF,Clay,3,Carlos Alcaraz,Alex De Minaur,player2,top_10,0.8498138766593173,1.22,1.22,0.0,0.7801801801801801,0.0696336964791372,0.036772929524367,True,1.0,0.2199999999999999,200.0,1.2156,0.2156,0.03303374846706611
2025-04-23,2025-04-25,Madrid Masters,R64,Clay,4,Juan Manuel Cerundolo,Felix Auger Aliassime,player2,other,0.2866653560226893,3.75,3.69,0.0162601626016261,0.2559523809523809,0.0307129750703083,0.0749950850850847,True,1.0,2.75,200.0,3.695,2.695,0.05922849050383683
2025-04-23,2025-04-25,Madrid Masters,R64,Clay,4,Laslo Djere,Daniil Medvedev,player2,top_10,0.493681287802119,2.2,2.26,-0.0265486725663715,0.4315245478036175,0.0621567399985015,0.086098833164662,False,1.0,-1.0,200.0,2.176,-1.0,0.07425048225741104
2025-04-23,2025-04-25,Madrid Masters,R64,Clay,4,Benjamin Bonzi,Hubert Hurkacz,player1,other,0.3779860405401716,2.75,2.73,0.0073260073260073,0.3436754176610979,0.0343106228790737,0.039461611485472,True,1.0,1.75,200.0,2.715,1.7149999999999999,0.026232100066565844
2025-04-23,2025-04-25,Madrid Masters,R64,Clay,4,Harold Mayot,Francisco Cerundolo,player1,other,0.1491108258794407,7.0,7.05,-0.0070921985815602,0.1358024691358024,0.0133083567436382,0.0437757811560851,False,1.0,-1.0,200.0,6.88,-1.0,0.02588248205055188
2025-04-23,2025-04-26,Madrid Masters,R64,Clay,4,Gabriel Diallo,Kamil Majchrzak,player1,other,0.5240738507805882,2.0,2.0,0.0,0.4736842105263157,0.0503896402542724,0.0481477015611764,True,1.0,1.0,200.0,1.98,0.98,0.037666224545564675
2025-04-23,2025-04-26,Madrid Masters,R64,Clay,4,Novak Djokovic,Matteo Arnaldi,player2,top_10,0.835994354415773,1.3,1.3,0.0,0.7291666666666667,0.1068276877491062,0.0867926607405049,False,1.0,-1.0,200.0,1.294,-1.0,0.08177669461401024
2025-04-23,2025-04-27,Madrid Masters,R32,Clay,4,Juan Manuel Cerundolo,Daniil Medvedev,player2,top_10,0.380076033297007,3.4,3.35,0.0149253731343284,0.281183932346723,0.0988921009502839,0.2922585132098237,False,1.0,-1.0,200.0,3.352,-1.0,0.27401486361156746
2025-04-23,2025-04-27,Madrid Masters,R32,Clay,4,Benjamin Bonzi,Taylor Fritz,player2,top_10,0.2152206624386573,5.5,5.63,-0.0230905861456482,0.1716867469879518,0.0435339154507055,0.1837136434126153,False,1.0,-1.0,200.0,5.41,-1.0,0.16434378379313608
2025-04-23,2025-04-29,Madrid Masters,R32,Clay,4,Alex De Minaur,Denis Shapovalov,player1,top_10,0.8622687656257307,1.22,1.23,-0.008130081300813,0.7801801801801801,0.0820885854455506,0.0519678940633914,True,1.0,0.2199999999999999,200.0,1.2156,0.2156,0.04817391149463829
2025-04-23,2025-04-29,Madrid Masters,R16,Clay,4,Taylor Fritz,Casper Ruud,player1,top_10,0.5003108276358502,2.1,2.18,-0.036697247706422,0.4516971279373368,0.0486136996985134,0.0506527380352854,False,1.0,-1.0,200.0,2.0780000000000003,-1.0,0.03964589982729694
2025-04-23,2025-04-29,Madrid Masters,R16,Clay,4,Alexander Zverev,Francisco Cerundolo,player2,top_10,0.7274572956992602,1.44,1.5,-0.04,0.6563245823389022,0.0711327133603579,0.0475385058069346,False,1.0,-1.0,200.0,1.4312,-1.0,0.04113688160478124
2025-04-23,2025-05-01,Madrid Masters,QF,Clay,4,Matteo Arnaldi,Jack Draper,player1,top_10,0.3090673881774612,3.75,3.71,0.0107816711590296,0.2559523809523809,0.0531150072250803,0.1590027056654797,False,1.0,-1.0,200.0,3.695,-1.0,0.14200399931571916
2025-04-23,2025-05-03,Madrid Masters,F,Clay,4,Jack Draper,Casper Ruud,player1,top_10,0.7398297920110661,1.4,1.42,-0.0140845070422535,0.6818181818181818,0.0580116101928843,0.0357617088154925,False,1.0,-1.0,200.0,1.392,-1.0,0.029843070479403988
2025-05-07,2025-05-09,Rome Masters,R64,Clay,4,Alexandre Muller,Stefanos Tsitsipas,player2,other,0.2593577109775771,4.0,3.83,0.0443864229765011,0.238095238095238,0.021262472882339,0.0374308439103083,False,1.0,-1.0,200.0,3.94,-1.0,0.02186938125165372
2025-05-07,2025-05-09,Rome Masters,R64,Clay,4,Carlos Taberner,Alexei Popyrin,player2,other,0.3813472917978926,2.75,2.68,0.0261194029850746,0.3436754176610979,0.0376718741367947,0.0487050524442047,False,1.0,-1.0,200.0,2.715,-1.0,0.03535789723127836
2025-05-07,2025-05-09,Rome Masters,R64,Clay,4,Otto Virtanen,Lorenzo Musetti,player1,top_10,0.1489791218034661,9.0,8.76,0.0273972602739727,0.1062562065541211,0.0427229152493449,0.3408120962311951,False,1.0,-1.0,200.0,8.84,-1.0,0.31697543674264017
2025-05-07,2025-05-09,Rome Masters,R64,Clay,4,Francesco Passaro,Grigor Dimitrov,player2,other,0.2593697494595292,4.0,3.92,0.0204081632653061,0.238095238095238,0.021274511364291,0.0374789978381167,True,1.0,3.0,200.0,3.94,2.94,0.02191681287054492
2025-05-07,2025-05-09,Rome Masters,R64,Clay,4,Luciano Darderi,Jack Draper,player2,top_10,0.2782577813330272,3.75,4.0,-0.0625,0.2559523809523809,0.0223054003806463,0.0434666799988522,False,1.0,-1.0,200.0,3.695,-1.0,0.028162502025535385
2025-05-07,2025-05-10,Rome Masters,R64,Clay,4,Learner Tien,Tomas Machac,player1,other,0.2877556597920895,3.75,3.55,0.0563380281690142,0.2559523809523809,0.0318032788397085,0.0790837242203356,False,1.0,-1.0,200.0,3.695,-1.0,0.06325716293177064
2025-05-07,2025-05-10,Rome Masters,R64,Clay,4,Roberto Bautista Agut,Tommy Paul,player1,other,0.2408311403647479,4.33,4.29,0.0093240093240092,0.2198198198198198,0.0210113205449281,0.0427988377793586,False,1.0,-1.0,200.0,4.2634,-1.0,0.026759483831066078
2025-05-07,2025-05-10,Rome Masters,R64,Clay,4,Alexander Bublik,Casper Ruud,player2,top_10,0.2968658448058909,5.0,4.99,0.0020040080160319,0.1896272285251215,0.1072386162807693,0.4843292240294548,False,1.0,-1.0,200.0,4.92,-1.0,0.4605799564449833
2025-05-07,2025-05-10,Rome Masters,R64,Clay,4,Nicolas Jarry,Francisco Cerundolo,player2,other,0.2319087108889335,4.5,4.6,-0.0217391304347824,0.2105263157894736,0.0213823950994598,0.0435891990002007,False,1.0,-1.0,200.0,4.43,-1.0,0.02735558923797532
2025-05-07,2025-05-13,Rome Masters,R16,Clay,4,Francisco Cerundolo,Jannik Sinner,player2,top_10,0.2818942315188494,3.75,3.81,-0.0157480314960629,0.2559523809523809,0.0259418505664684,0.0571033681956852,False,1.0,-1.0,200.0,3.695,-1.0,0.04159918546214847
2025-05-07,2025-05-14,Rome Masters,QF,Clay,4,Jack Draper,Carlos Alcaraz,player1,top_10,0.3285823724437273,3.4,3.29,0.033434650455927,0.281183932346723,0.0473984400970042,0.1171800663086729,False,1.0,-1.0,200.0,3.352,-1.0,0.10140811243137393
2025-05-07,2025-05-15,Rome Masters,QF,Clay,4,Casper Ruud,Jannik Sinner,player2,top_10,0.3290689411477367,3.75,3.9,-0.0384615384615384,0.2559523809523809,0.0731165601953558,0.2340085293040128,False,1.0,-1.0,200.0,3.695,-1.0,0.21590973754088716
2025-05-18,2025-05-20,Hamburg,R32,Clay,3,Camilo Ugo Carabelli,Sebastian Baez,player2,other,0.4923984095112497,2.38,2.38,0.0,0.3974683544303797,0.0949300550808699,0.1719082146367742,True,1.0,1.38,200.0,2.3524,1.3523999999999998,0.15831801853426364
2025-05-18,2025-05-24,Geneva,F,Clay,3,Hubert Hurkacz,Novak Djokovic,player2,top_10,0.3374334740120986,3.2,3.26,-0.01840490797546,0.2982456140350877,0.0391878599770109,0.0797871168387157,False,1.0,-1.0,200.0,3.156,-1.0,0.06494004398218323
2025-05-26,2025-05-26,Roland Garros,R128,Clay,5,Roberto Bautista Agut,Holger Rune,player1,top_10,0.3097841472861338,5.5,5.36,0.0261194029850746,0.1716867469879518,0.138097400298182,0.703812810073736,False,1.0,-1.0,200.0,5.41,-1.0,0.6759322368179839
2025-05-26,2025-05-26,Roland Garros,R128,Clay,5,Taylor Fritz,Daniel Altmaier,player1,top_10,0.8323066052451135,1.29,1.28,0.0078125,0.744047619047619,0.0882589861974945,0.0736755207661964,False,1.0,-1.0,200.0,1.2842,-1.0,0.06884814245577472
2025-05-26,2025-05-27,Roland Garros,R128,Clay,5,Mattia Bellucci,Jack Draper,player1,top_10,0.0580813281598947,19.0,16.9,0.1242603550295859,0.0509490509490509,0.0071322772108437,0.1035452350379996,False,1.0,-1.0,200.0,18.64,-1.0,0.08263595690043746
2025-05-26,2025-05-28,Roland Garros,R64,Clay,5,Fabian Marozsan,Carlos Alcaraz,player1,top_10,0.1002167081964723,15.0,15.56,-0.0359897172236504,0.0642545227698066,0.0359621854266657,0.5032506229470857,False,1.0,-1.0,200.0,14.719999999999999,-1.0,0.4751899446520721
2025-05-26,2025-05-29,Roland Garros,R64,Clay,5,Novak Djokovic,Corentin Moutet,player2,top_10,0.9700765128440868,1.07,1.08,-0.0092592592592593,0.893743793445879,0.0763327193982077,0.0379818687431728,True,1.0,0.07,200.0,1.0686,0.0686,0.036623761625191154
2025-05-26,2025-05-29,Roland Garros,R64,Clay,5,Gael Monfils,Jack Draper,player1,top_10,0.2227379462946115,6.0,6.2,-0.0322580645161291,0.158485273492286,0.0642526728023255,0.3364276777676693,False,1.0,-1.0,200.0,5.9,-1.0,0.314153883138208
2025-05-26,2025-05-29,Roland Garros,R64,Clay,5,Richard Gasquet,Jannik Sinner,player2,top_10,0.0760584132912162,34.0,23.89,0.4231896190874842,0.0288489003141959,0.0472095129770202,1.585986051901351,False,1.0,-1.0,200.0,33.339999999999996,-1.0,1.5357874991291474
2025-05-26,2025-05-31,Roland Garros,R32,Clay,5,Joao Fonseca,Jack Draper,player1,top_10,0.495210512280149,2.63,2.76,-0.0471014492753623,0.3631961259079903,0.1320143863721586,0.3024036472967918,False,1.0,-1.0,200.0,2.5974,-1.0,0.28625978459645895
2025-05-26,2025-06-03,Roland Garros,QF,Clay,5,Carlos Alcaraz,Tommy Paul,player1,top_10,0.953819529614798,1.08,1.09,-0.0091743119266055,0.8810572687224669,0.0727622608923309,0.0301250919839817,True,1.0,0.08,200.0,1.0784,0.07840000000000003,0.02859898073659818
2025-05-26,2025-06-06,Roland Garros,SF,Clay,5,Lorenzo Musetti,Carlos Alcaraz,player1,top_10,0.1745147287334824,6.0,6.08,-0.0131578947368421,0.158485273492286,0.0160294552411963,0.0470883724008943,False,1.0,-1.0,200.0,5.9,-1.0,0.029636899527546223
2025-06-09,2025-06-12,Stuttgart,R16,Grass,3,Alexander Zverev,Corentin Moutet,player2,top_10,0.9643741009928104,1.08,1.07,0.0093457943925234,0.8810572687224669,0.0833168322703434,0.0415240290722353,True,1.0,0.08,200.0,1.0784,0.07840000000000003,0.03998103051064676
2025-06-09,2025-06-15,Stuttgart,F,Grass,3,Taylor Fritz,Alexander Zverev,player2,top_10,0.4891249964671113,2.2,2.24,-0.0178571428571429,0.4315245478036175,0.0576004486634937,0.0760749922276449,True,1.0,1.2000000000000002,200.0,2.176,1.1760000000000002,0.06433599231243425
2025-06-16,2025-06-17,Queen's Club,R32,Grass,3,Adam Walton,Carlos Alcaraz,player1,top_10,0.1375751319794051,15.0,17.3,-0.1329479768786127,0.0636704119850187,0.0739047199943864,1.0636269796910778,False,1.0,-1.0,200.0,14.719999999999999,-1.0,1.0251059427368427
2025-06-16,2025-06-17,Halle,R32,Grass,3,Yannick Hanfmann,Jannik Sinner,player1,top_10,0.1174686133348655,13.0,18.37,-0.2923244420250408,0.07209136331192,0.0453772500229455,0.5270919733532523,False,1.0,-1.0,200.0,12.76,-1.0,0.4988995061528836
2025-06-16,2025-06-19,Halle,R16,Grass,3,Alexander Zverev,Lorenzo Sonego,player2,top_10,0.9301037879999082,1.12,1.11,0.0090090090090089,0.8530183727034122,0.077085415296496,0.0417162425598973,True,1.0,0.1200000000000001,200.0,1.1176000000000001,0.11760000000000015,0.039483993468697576
2025-06-16,2025-06-19,Halle,R16,Grass,3,Alexander Bublik,Jannik Sinner,player2,top_10,0.2856269463360339,5.5,6.04,-0.0894039735099337,0.1716867469879518,0.1139401993480821,0.5709482048481866,True,1.0,4.5,200.0,5.41,4.41,0.5452417796779436
2025-06-16,2025-06-20,Halle,QF,Grass,3,Alexander Zverev,Flavio Cobolli,player1,top_10,0.9799246982504036,1.13,1.14,-0.0087719298245614,0.8415147265077139,0.1384099717426896,0.1073149090229558,True,1.0,0.1299999999999999,200.0,1.1274,0.12739999999999996,0.10476710480750501
2025-06-16,2025-06-21,Queen's Club,SF,Grass,3,Jiri Lehecka,Jack Draper,player1,top_10,0.4092163339557445,2.63,2.69,-0.0223048327137547,0.355392156862745,0.0538241770929994,0.076238958303608,True,1.0,1.63,200.0,2.5974,1.5974,0.0628985058166508
2025-06-22,2025-06-25,Mallorca,R16,Grass,3,Bernard Tomic,Roberto Bautista Agut,player2,other,0.2731983739303382,4.0,4.3,-0.0697674418604651,0.2337164750957854,0.0394818988345527,0.0927934957213527,False,1.0,-1.0,200.0,3.94,-1.0,0.07640159328553242
2025-06-22,2025-06-25,Mallorca,R16,Grass,3,Learner Tien,Ben Shelton,player2,top_10,0.2898611078440493,3.75,3.78,-0.0079365079365079,0.2559523809523809,0.0339087268916683,0.0869791544151847,True,1.0,2.75,200.0,3.695,2.695,0.07103679348376202
2025-06-23,2025-06-25,Eastbourne,R16,Grass,3,Daniel Evans,Tommy Paul,player1,other,0.3111217952713891,3.4,3.31,0.0271903323262838,0.281183932346723,0.0299378629246661,0.0578141039227231,True,1.0,2.4,200.0,3.352,2.352,0.04288025774969628
2025-06-30,2025-07-01,Wimbledon,R128,Grass,5,Alex Bolt,Ben Shelton,player1,top_10,0.2828273104823224,4.0,3.84,0.0416666666666667,0.238095238095238,0.0447320723870843,0.1313092419292896,False,1.0,-1.0,200.0,3.94,-1.0,0.11433960330035031
2025-06-30,2025-07-01,Wimbledon,R128,Grass,5,Sebastian Baez,Jack Draper,player1,top_10,0.1200587164905781,15.0,20.67,-0.2743105950653121,0.0636704119850187,0.0563883045055593,0.8008807473586715,False,1.0,-1.0,200.0,14.719999999999999,-1.0,0.7672643067413095
2025-06-30,2025-07-01,Wimbledon,R128,Grass,5,Camilo Ugo Carabelli,Marcos Giron,player2,other,0.1200534215039506,9.0,9.73,-0.0750256937307297,0.1053677932405566,0.0146856282633939,0.0804807935355553,False,1.0,-1.0,200.0,8.84,-1.0,0.06127224609492321
2025-06-30,2025-07-01,Wimbledon,R128,Grass,5,Arthur Rinderknech,Alexander Zverev,player2,top_10,0.1516201166831414,7.5,7.2,0.0416666666666667,0.1258741258741259,0.0257459908090155,0.1371508751235609,True,1.0,6.5,200.0,7.37,6.37,0.11744025995475227
2025-06-30,2025-07-02,Wimbledon,R64,Grass,5,Shintaro Mochizuki,Karen Khachanov,player2,other,0.1874011821898065,5.5,5.81,-0.0533562822719448,0.1716867469879518,0.0157144352018547,0.0307065020439357,False,1.0,-1.0,200.0,5.41,-1.0,0.013840395646853243
2025-06-30,2025-07-03,Wimbledon,R64,Grass,5,Marin Cilic,Jack Draper,player1,top_10,0.208959470079094,6.5,6.55,-0.0076335877862595,0.1469816272965879,0.061977842782506,0.3582365555141111,True,1.0,5.5,200.0,6.39,5.39,0.33525101380541056
2025-06-30,2025-07-04,Wimbledon,R64,Grass,5,Rinky Hijikata,Ben Shelton,player1,top_10,0.2472023425295581,4.33,4.29,0.0093240093240092,0.2198198198198198,0.0273825227097383,0.0703861431529868,False,1.0,-1.0,200.0,4.2634,-1.0,0.05392246714051796
2025-06-30,2025-07-04,Wimbledon,R32,Grass,5,Taylor Fritz,Alejandro Davidovich Fokina,player1,top_10,0.9033635510914192,1.25,1.28,-0.0234375,0.75,0.153363551091419,0.1292044388642738,True,1.0,0.25,200.0,1.245,0.2450000000000001,0.12468762110881698
2025-06-30,2025-07-04,Wimbledon,R32,Grass,5,Jan Lennard Struff,Carlos Alcaraz,player1,top_10,0.1233852964767013,11.0,12.61,-0.1276764472640761,0.0863787375415282,0.037006558935173,0.3572382612437144,False,1.0,-1.0,200.0,10.8,-1.0,0.33256120194837413
2025-06-30,2025-07-05,Wimbledon,R32,Grass,5,Marton Fucsovics,Ben Shelton,player2,top_10,0.3224591118374713,3.6,3.6,0.0,0.2653061224489796,0.0571529893884916,0.1608528026148968,False,1.0,-1.0,200.0,3.548,-1.0,0.1440849287993482
2025-06-30,2025-07-07,Wimbledon,R16,Grass,5,Alex De Minaur,Novak Djokovic,player2,top_10,0.2606694586924715,5.0,5.04,-0.0079365079365079,0.1896272285251215,0.0710422301673499,0.3033472934623574,False,1.0,-1.0,200.0,4.92,-1.0,0.28249373676695966
2025-06-30,2025-07-08,Wimbledon,QF,Grass,5,Taylor Fritz,Karen Khachanov,player1,top_10,0.8073577449372463,1.29,1.27,0.0157480314960629,0.744047619047619,0.0633101258896273,0.0414914909690477,True,1.0,0.29,200.0,1.2842,0.2842,0.03680881604841174
2025-06-30,2025-07-09,Wimbledon,QF,Grass,5,Jannik Sinner,Ben Shelton,player2,top_10,0.941204198831452,1.25,1.29,-0.0310077519379845,0.7422680412371133,0.1989361575943387,0.176505248539315,True,1.0,0.25,200.0,1.245,0.2450000000000001,0.17179922754515786
2025-06-30,2025-07-09,Wimbledon,QF,Grass,5,Novak Djokovic,Flavio Cobolli,player2,top_10,0.949962629638346,1.1,1.09,0.0091743119266054,0.8641975308641975,0.0857650987741484,0.0449588926021805,True,1.0,0.1,200.0,1.098,0.09800000000000009,0.043058967342903987
2025-06-30,2025-07-11,Wimbledon,SF,Grass,5,Novak Djokovic,Jannik Sinner,player2,top_10,0.5053125502136897,2.8,2.85,-0.0175438596491228,0.3333333333333333,0.1719792168803563,0.4148751405983311,False,1.0,-1.0,200.0,2.764,-1.0,0.3966838887906382
2025-06-30,2025-07-13,Wimbledon,F,Grass,5,Carlos Alcaraz,Jannik Sinner,player1,top_10,0.5558617873280266,2.0,1.98,0.0101010101010101,0.4778067885117493,0.0780549988162772,0.1117235746560532,False,1.0,-1.0,200.0,1.98,-1.0,0.10060633890949267
2025-07-14,2025-07-17,Los Cabos,R16,Hard,3,James Duckworth,Alejandro Davidovich Fokina,player1,other,0.252697826541136,4.33,4.22,0.0260663507109004,0.2198198198198198,0.0328780067213161,0.0941815889231187,True,1.0,3.33,200.0,4.2634,3.2634,0.07735191367547911
2025-07-14,2025-07-18,Gstaad,QF,Clay,3,Francisco Comesana,Alexander Bublik,player2,other,0.4637449840047838,2.3,2.27,0.0132158590308368,0.413265306122449,0.0504796778823348,0.0666134632110027,False,1.0,-1.0,200.0,2.274,-1.0,0.05455609362687841
2025-07-14,2025-07-18,Los Cabos,QF,Hard,3,Emilio Nava,Andrey Rublev,player2,top_10,0.2306626020719495,4.75,4.9,-0.0306122448979592,0.2016806722689075,0.0289819298030419,0.0956473598417604,False,1.0,-1.0,200.0,4.675,-1.0,0.0783476646863639
2025-07-21,2025-07-22,Washington,R32,Hard,3,Mackenzie Mcdonald,Ben Shelton,player2,top_10,0.2997033960963374,3.75,3.97,-0.0554156171284635,0.2559523809523809,0.0437510151439565,0.1238877353612654,False,1.0,-1.0,200.0,3.695,-1.0,0.10740404857596653
2025-07-20,2025-07-23,Umag,R16,Clay,3,Stan Wawrinka,Damir Dzumhur,player1,other,0.4463076065529117,2.5,2.51,-0.0039840637450198,0.3796526054590571,0.0666550010938546,0.1157690163822793,False,1.0,-1.0,200.0,2.4699999999999998,-1.0,0.10237978818569171
2025-07-21,2025-07-23,Kitzbuhel,R16,Clay,3,Thiago Agustin Tirante,Alexander Bublik,player2,other,0.4086986471162563,2.63,2.48,0.0604838709677419,0.3538083538083538,0.0548902933079025,0.0748774419157541,False,1.0,-1.0,200.0,2.5974,-1.0,0.0615538660197642
2025-07-21,2025-07-23,Washington,R32,Hard,3,Andrey Rublev,Learner Tien,player2,top_10,0.7400666516261467,1.45,1.44,0.0069444444444444,0.6588235294117647,0.081243122214382,0.0730966448579126,False,1.0,-1.0,200.0,1.4409999999999998,-1.0,0.06643604499327727
2025-07-21,2025-07-23,Washington,R32,Hard,3,Matteo Arnaldi,Lorenzo Sonego,player1,other,0.5070103030469113,2.05,1.99,0.0301507537688441,0.4675324675324676,0.0394778355144437,0.039371121246168,True,1.0,1.0499999999999998,200.0,2.029,1.029,0.028723904882183016
2025-07-21,2025-07-26,Washington,QF,Hard,3,Alejandro Davidovich Fokina,Taylor Fritz,player1,top_10,0.3219843418641986,3.75,3.69,0.0162601626016261,0.2559523809523809,0.0660319609118176,0.2074412819907447,True,1.0,2.75,200.0,3.695,2.695,0.18973214318821374
2025-07-21,2025-07-27,Washington,SF,Hard,3,Ben Shelton,Alejandro Davidovich Fokina,player1,top_10,0.822643599921888,1.33,1.31,0.0152671755725191,0.7188160676532769,0.103827532268611,0.094115987896111,False,1.0,-1.0,200.0,1.3234000000000001,-1.0,0.08868654013662663
2025-07-27,2025-07-29,Canada Masters,R64,Hard,4,James Duckworth,Lorenzo Musetti,player1,top_10,0.3568160017406738,3.6,3.44,0.0465116279069768,0.2653061224489796,0.0915098792916941,0.2845376062664259,False,1.0,-1.0,200.0,3.548,-1.0,0.26598317417591066
2025-07-27,2025-07-31,Canada Masters,R32,Hard,4,Emilio Nava,Karen Khachanov,player2,other,0.2603552697245219,4.0,3.75,0.0666666666666666,0.238095238095238,0.0222600316292838,0.0414210788980877,False,1.0,-1.0,200.0,3.94,-1.0,0.02579976271461626
2025-07-27,2025-08-01,Canada Masters,R32,Hard,4,Holger Rune,Alexandre Muller,player1,top_10,0.8988370965874635,1.25,1.23,0.0162601626016261,0.7619047619047619,0.1369323346827016,0.1235463707343293,True,1.0,0.25,200.0,1.245,0.2450000000000001,0.1190521852513921
2025-07-27,2025-08-02,Canada Masters,R32,Hard,4,Taylor Fritz,Gabriel Diallo,player1,top_10,0.7885821159290703,1.36,1.35,0.0074074074074073,0.6880733944954128,0.1005087214336575,0.0724716776635357,True,1.0,0.3600000000000001,200.0,1.3528000000000002,0.3528000000000002,0.06679388642884654
2025-07-27,2025-08-02,Canada Masters,R32,Hard,4,Ben Shelton,Brandon Nakashima,player1,top_10,0.7867920238581743,1.4,1.37,0.0218978102189779,0.6818181818181818,0.1049738420399925,0.1015088334014439,True,1.0,0.3999999999999999,200.0,1.392,0.3919999999999999,0.09521449721057851
2025-07-27,2025-08-03,Canada Masters,R16,Hard,4,Alexander Zverev,Francisco Cerundolo,player1,top_10,0.8452781594610915,1.25,1.29,-0.0310077519379845,0.75,0.0952781594610915,0.0565976993263644,True,1.0,0.25,200.0,1.245,0.2450000000000001,0.05237130852905905
2025-07-27,2025-08-04,Canada Masters,R16,Hard,4,Taylor Fritz,Jiri Lehecka,player1,top_10,0.8005289034207237,1.3,1.32,-0.0151515151515151,0.7234042553191489,0.0771246481015748,0.0406875744469408,True,1.0,0.3,200.0,1.294,0.29400000000000004,0.03588440102641649
2025-07-27,2025-08-08,Canada Masters,F,Hard,4,Karen Khachanov,Ben Shelton,player1,top_10,0.4655665059141028,2.63,2.57,0.0233463035019454,0.3631961259079903,0.1023703800061125,0.2244399105540905,False,1.0,-1.0,200.0,2.5974,-1.0,0.20926244246129055
2025-08-07,2025-08-09,Cincinnati Masters,R64,Hard,4,Pedro Martinez,Tommy Paul,player2,other,0.1608561842630528,6.5,6.81,-0.0455212922173273,0.1469816272965879,0.0138745569664648,0.0455651977098433,False,1.0,-1.0,200.0,6.39,-1.0,0.027871017440907253
2025-08-07,2025-08-09,Cincinnati Masters,R64,Hard,4,Sebastian Baez,Gabriel Diallo,player1,other,0.2879787966695624,4.0,4.16,-0.0384615384615385,0.238095238095238,0.0498835585743243,0.1519151866782495,False,1.0,-1.0,200.0,3.94,-1.0,0.13463645887807574
2025-08-07,2025-08-10,Cincinnati Masters,R64,Hard,4,Damir Dzumhur,Carlos Alcaraz,player1,top_10,0.0972121947495862,13.0,14.72,-0.1168478260869565,0.0734141126158232,0.023798082133763,0.2637585317446214,False,1.0,-1.0,200.0,12.76,-1.0,0.24042760500471994
2025-08-07,2025-08-10,Cincinnati Masters,R64,Hard,4,Luca Nardi,Denis Shapovalov,player1,other,0.2912074164784585,3.6,3.63,-0.0082644628099173,0.2653061224489796,0.0259012940294788,0.0483466993224506,True,1.0,2.6,200.0,3.548,2.548,0.03320391366557074
2025-08-07,2025-08-10,Cincinnati Masters,R64,Hard,4,Reilly Opelka,Alex De Minaur,player2,top_10,0.2468918935594105,4.33,4.19,0.0334128878281623,0.2169981916817359,0.0298937018776745,0.0690418991122476,True,1.0,3.33,200.0,4.2634,3.2634,0.052598899001190635
2025-08-07,2025-08-10,Cincinnati Masters,R64,Hard,4,Adam Walton,Daniil Medvedev,player2,other,0.2190422521716706,5.0,5.06,-0.0118577075098813,0.1896272285251215,0.029415023646549,0.095211260858353,True,1.0,4.0,200.0,4.92,3.92,0.07768788068461929
2025-08-07,2025-08-11,Cincinnati Masters,R32,Hard,4,Holger Rune,Alex Michelsen,player1,top_10,0.6776276370127713,1.53,1.54,-0.0064935064935065,0.6203473945409429,0.0572802424718283,0.03677028462954,True,1.0,0.53,200.0,1.5194,0.5194000000000001,0.029587431677204734
2025-08-07,2025-08-12,Cincinnati Masters,R32,Hard,4,Hamad Medjedovic,Carlos Alcaraz,player2,top_10,0.2095132896441189,6.0,5.44,0.102941176470588,0.158485273492286,0.0510280161518328,0.2570797378647138,False,1.0,-1.0,200.0,5.9,-1.0,0.2361284089003014
2025-08-07,2025-08-12,Cincinnati Masters,R32,Hard,4,Gabriel Diallo,Jannik Sinner,player1,top_10,0.1639614176402034,9.0,12.7,-0.2913385826771653,0.1035856573705179,0.0603757602696855,0.4756527587618312,False,1.0,-1.0,200.0,8.84,-1.0,0.44941893193939797
2025-08-07,2025-08-13,Cincinnati Masters,R32,Hard,4,Alexander Zverev,Brandon Nakashima,player1,top_10,0.8043997651604389,1.3,1.28,0.015625,0.7346938775510204,0.0697058876094184,0.0457196947085705,True,1.0,0.3,200.0,1.294,0.29400000000000004,0.04089329611760795
2025-08-07,2025-08-13,Cincinnati Masters,R16,Hard,4,Holger Rune,Frances Tiafoe,player1,top_10,0.5950848143561391,1.75,1.72,0.0174418604651163,0.5454545454545455,0.0496302689015936,0.0413984251232434,True,1.0,0.75,200.0,1.7349999999999999,0.7349999999999999,0.03247215290790134
2025-08-07,2025-08-14,Cincinnati Masters,R16,Hard,4,Luca Nardi,Carlos Alcaraz,player1,top_10,0.1385140467360556,9.0,9.91,-0.0918264379414732,0.1053677932405566,0.0331462534954989,0.246626420624501,False,1.0,-1.0,200.0,8.84,-1.0,0.2244641731467315
2025-08-07,2025-08-14,Cincinnati Masters,R16,Hard,4,Alexander Zverev,Karen Khachanov,player1,top_10,0.7197318918956889,1.44,1.43,0.006993006993007,0.660377358490566,0.0593545334051228,0.0364139243297919,True,1.0,0.4399999999999999,200.0,1.4312,0.4312,0.03008028368110993
2025-08-07,2025-08-14,Cincinnati Masters,R16,Hard,4,Ben Shelton,Jiri Lehecka,player1,top_10,0.6870557077719025,1.67,1.67,0.0,0.5684754521963824,0.1185802555755201,0.1473830319790771,True,1.0,0.6699999999999999,200.0,1.6566,0.6566000000000001,0.13817648549493372
2025-08-07,2025-08-14,Cincinnati Masters,QF,Hard,4,Felix Auger Aliassime,Jannik Sinner,player2,top_10,0.1761192229224671,7.0,6.83,0.0248901903367495,0.1358024691358024,0.0403167537866647,0.2328345604572702,False,1.0,-1.0,200.0,6.88,-1.0,0.21170025370657353
2025-08-07,2025-08-16,Cincinnati Masters,QF,Hard,4,Ben Shelton,Alexander Zverev,player1,top_10,0.5003400940595023,2.2,2.25,-0.0222222222222221,0.4315245478036175,0.0688155462558847,0.1007482069309051,False,1.0,-1.0,200.0,2.176,-1.0,0.08874004467347707
2025-08-07,2025-08-16,Cincinnati Masters,SF,Hard,4,Carlos Alcaraz,Alexander Zverev,player2,top_10,0.7144104605017141,1.57,1.55,0.0129032258064516,0.6045340050377834,0.1098764554639306,0.1216244229876911,True,1.0,0.5700000000000001,200.0,1.5586000000000002,0.5586000000000002,0.11348014373797172
2025-08-17,2025-08-18,Winston-Salem,R32,Hard,3,Vit Kopriva,Sebastian Korda,player1,other,0.3617795751690189,3.0,2.89,0.0380622837370241,0.3181818181818181,0.0435977569872007,0.0853387255070566,False,1.0,-1.0,200.0,2.96,-1.0,0.07086754250029592
2025-08-25,2025-08-25,Us Open,R128,Hard,5,Hugo Dellien,Kamil Majchrzak,player2,other,0.1060055799739,11.0,9.46,0.1627906976744184,0.0871369294605809,0.0188686505133191,0.1660613797129003,False,1.0,-1.0,200.0,10.8,-1.0,0.1448602637181201
2025-08-25,2025-08-25,Us Open,R128,Hard,5,Learner Tien,Novak Djokovic,player1,top_10,0.222441996180622,5.5,5.67,-0.0299823633156965,0.1716867469879518,0.0507552491926702,0.2234309789934211,False,1.0,-1.0,200.0,5.41,-1.0,0.203411199337165
2025-08-25,2025-08-25,Us Open,R128,Hard,5,Botic Van De Zandschulp,Holger Rune,player2,other,0.2969432931423036,3.5,3.36,0.0416666666666667,0.2708333333333333,0.0261099598089702,0.0393015259980625,False,1.0,-1.0,200.0,3.45,-1.0,0.024454361340947472
2025-08-25,2025-08-26,Us Open,R128,Hard,5,Emil Ruusuvuori,Alexei Popyrin,player2,other,0.1017670009239893,11.0,10.45,0.0526315789473685,0.0871369294605809,0.0146300714634084,0.1194370101638832,False,1.0,-1.0,200.0,10.8,-1.0,0.0990836099790845
2025-08-25,2025-08-28,Us Open,R64,Hard,5,Mattia Bellucci,Carlos Alcaraz,player1,top_10,0.0503335885952344,21.0,14.88,0.411290322580645,0.0463215258855585,0.0040120627096758,0.0570053604999224,False,1.0,-1.0,200.0,20.6,-1.0,0.03687192506182879
2025-08-25,2025-08-29,Us Open,R32,Hard,5,Adrian Mannarino,Ben Shelton,player2,top_10,0.2197754476942739,5.5,5.61,-0.0196078431372549,0.1716867469879518,0.0480887007063221,0.2087649623185066,True,1.0,4.5,200.0,5.41,4.41,0.18898517202602183
2025-08-25,2025-08-29,Us Open,R32,Hard,5,Luciano Darderi,Carlos Alcaraz,player1,top_10,0.0590816302991009,26.0,16.9,0.5384615384615385,0.0373935579415031,0.0216880723575978,0.5361223877766249,False,1.0,-1.0,200.0,25.5,-1.0,0.5065815726270728
2025-08-25,2025-08-30,Us Open,R32,Hard,5,Lorenzo Musetti,Flavio Cobolli,player1,top_10,0.8226593004395388,1.36,1.35,0.0074074074074073,0.7017543859649122,0.1209049144746265,0.1188166485977729,True,1.0,0.3600000000000001,200.0,1.3528000000000002,0.3528000000000002,0.11289350163460832
2025-08-25,2025-08-31,Us Open,R32,Hard,5,Felix Auger Aliassime,Alexander Zverev,player2,top_10,0.2960536884049202,3.75,3.76,-0.002659574468085,0.2559523809523809,0.0401013074525392,0.1102013315184506,True,1.0,2.75,200.0,3.695,2.695,0.09391837865618002
2025-08-25,2025-08-31,Us Open,R16,Hard,5,Taylor Fritz,Tomas Machac,player1,top_10,0.7701306453185549,1.36,1.36,0.0,0.7017543859649122,0.0683762593536426,0.0473776776332347,True,1.0,0.3600000000000001,200.0,1.3528000000000002,0.3528000000000002,0.04183273698694123
2025-08-25,2025-09-01,Us Open,R16,Hard,5,Leandro Riedi,Alex De Minaur,player2,top_10,0.2066479849770827,11.0,9.47,0.1615628299894402,0.0871369294605809,0.1195110555165017,1.27312783474791,False,1.0,-1.0,200.0,10.8,-1.0,1.2317982377524932
2025-08-25,2025-09-01,Us Open,R16,Hard,5,Novak Djokovic,Jan Lennard Struff,player2,top_10,0.9536993093085676,1.14,1.15,-0.0086956521739131,0.8283132530120482,0.1253860562965193,0.0872172126117668,True,1.0,0.1399999999999999,200.0,1.1372,0.1372,0.08454685454570307
2025-08-25,2025-09-03,Us Open,QF,Hard,5,Alex De Minaur,Felix Auger Aliassime,player1,top_10,0.6197802591135407,1.67,1.66,0.0060240963855422,0.5684754521963824,0.0513048069171583,0.035033032719613,False,1.0,-1.0,200.0,1.6566,-1.0,0.026727977247491597
2025-08-25,2025-09-03,Us Open,QF,Hard,5,Novak Djokovic,Taylor Fritz,player2,top_10,0.8119006144702138,1.44,1.45,-0.0068965517241379,0.6563245823389022,0.1555760321313115,0.1691368848371078,True,1.0,0.4399999999999999,200.0,1.4312,0.4312,0.16199215942976997
2025-08-25,2025-09-07,Us Open,F,Hard,5,Jannik Sinner,Carlos Alcaraz,player1,top_10,0.6029510838634553,1.75,1.75,0.0,0.5512820512820513,0.0516690325814039,0.0551643967610467,False,1.0,-1.0,200.0,1.7349999999999999,-1.0,0.04612013050309488
2025-09-17,2025-09-17,Chengdu,R32,Hard,3,Yi Zhou,Cameron Norrie,player1,other,0.2397570665091652,4.5,4.35,0.0344827586206897,0.2105263157894736,0.0292307507196916,0.0789067992912437,True,1.0,3.5,200.0,4.43,3.4299999999999997,0.06212380463560174
2025-09-17,2025-09-18,Chengdu,R32,Hard,3,Alexander Shevchenko,Gael Monfils,player2,other,0.4317925978736324,2.5,2.42,0.0330578512396695,0.3796526054590571,0.0521399924145753,0.079481494684081,True,1.0,1.5,200.0,2.4699999999999998,1.4699999999999998,0.06652771674787183
2025-09-17,2025-09-19,Hangzhou,R32,Hard,3,Rinky Hijikata,Camilo Ugo Carabelli,player2,other,0.7629505704978353,1.44,1.48,-0.027027027027027,0.6563245823389022,0.1066259881589331,0.0986488215168828,True,1.0,0.4399999999999999,200.0,1.4312,0.4312,0.09193485649650196
2025-09-17,2025-09-20,Hangzhou,R16,Hard,3,Aleksandar Vukic,Alexander Bublik,player2,other,0.327724650204751,3.5,3.32,0.0542168674698795,0.2708333333333333,0.0568913168714176,0.1470362757166287,False,1.0,-1.0,200.0,3.45,-1.0,0.13065004320639106
2025-09-17,2025-09-20,Hangzhou,R16,Hard,3,Giulio Zeppieri,Learner Tien,player2,other,0.4178439775188094,2.5,2.38,0.0504201680672269,0.3796526054590571,0.0381913720597523,0.0446099437970235,False,1.0,-1.0,200.0,2.4699999999999998,-1.0,0.032074624471459146
2025-09-17,2025-09-20,Chengdu,R16,Hard,3,Dino Prizmic,Lorenzo Musetti,player1,top_10,0.3607675488291351,3.4,3.07,0.1074918566775244,0.281183932346723,0.079583616482412,0.2266096660190593,False,1.0,-1.0,200.0,3.352,-1.0,0.2092928236752608
2025-09-17,2025-09-22,Chengdu,SF,Hard,3,Alexander Shevchenko,Lorenzo Musetti,player2,top_10,0.2124299099231321,5.5,5.12,0.07421875,0.1716867469879518,0.0407431629351803,0.1683645045772268,False,1.0,-1.0,200.0,5.41,-1.0,0.14924581268414472
2025-09-17,2025-09-23,Chengdu,F,Hard,3,Alejandro Tabilo,Lorenzo Musetti,player2,top_10,0.2425102045235303,4.33,3.82,0.1335078534031415,0.2198198198198198,0.0226903847037105,0.0500691855868863,True,1.0,3.33,200.0,4.2634,3.2634,0.033918005965619114
2025-09-24,2025-09-28,Tokyo,QF,Hard,3,Carlos Alcaraz,Brandon Nakashima,player2,top_10,0.9714166209043702,1.08,1.07,0.0093457943925234,0.8810572687224669,0.0903593521819032,0.0491299505767198,True,1.0,0.08,200.0,1.0784,0.07840000000000003,0.047575683983272846
2025-09-25,2025-09-28,Beijing,R16,Hard,3,Alexander Zverev,Corentin Moutet,player2,top_10,0.9411298928160436,1.17,1.19,-0.0168067226890756,0.8103727714748785,0.130757121341165,0.1011219745947708,True,1.0,0.1699999999999999,200.0,1.1665999999999999,0.16659999999999986,0.09792213295919638
2025-09-24,2025-09-29,Tokyo,SF,Hard,3,Casper Ruud,Carlos Alcaraz,player1,top_10,0.198116164562588,6.5,6.47,0.0046367851622874,0.1458607095926412,0.0522554549699467,0.2877550696568224,False,1.0,-1.0,200.0,6.39,-1.0,0.2659622915549371
2025-09-25,2025-09-29,Beijing,QF,Hard,3,Alex De Minaur,Jakub Mensik,player2,top_10,0.7827593282914334,1.4,1.42,-0.0140845070422535,0.6818181818181818,0.1009411464732515,0.0958630596080066,True,1.0,0.3999999999999999,200.0,1.392,0.3919999999999999,0.08960098498167518
2025-09-25,2025-10-01,Beijing,F,Hard,3,Learner Tien,Jannik Sinner,player1,top_10,0.1142250587719574,15.0,12.08,0.2417218543046357,0.0642545227698066,0.0499705360021508,0.7133758815793615,False,1.0,-1.0,200.0,14.719999999999999,-1.0,0.681392865123213
2025-10-01,2025-10-01,Shanghai Masters,R128,Hard,4,Fabian Marozsan,Stan Wawrinka,player1,other,0.7604112047135537,1.4,1.4,0.0,0.6818181818181818,0.0785930228953719,0.0645756865989751,True,1.0,0.3999999999999999,200.0,1.392,0.3919999999999999,0.058492396961266735
2025-10-01,2025-10-03,Shanghai Masters,R64,Hard,4,Marin Cilic,Novak Djokovic,player2,top_10,0.1704516293634551,8.0,7.46,0.0723860589812332,0.118942731277533,0.0515088980859221,0.3636130349076413,False,1.0,-1.0,200.0,7.859999999999999,-1.0,0.3397498067967568
2025-10-01,2025-10-03,Shanghai Masters,R64,Hard,4,Ben Shelton,David Goffin,player1,top_10,0.8711705908049552,1.29,1.31,-0.0152671755725191,0.744047619047619,0.1271229717573362,0.1238100621383922,False,1.0,-1.0,200.0,1.2842,-1.0,0.11875727271172346
2025-10-01,2025-10-04,Shanghai Masters,R64,Hard,4,Karen Khachanov,Juncheng Shang,player2,top_10,0.6724575924345403,1.57,1.56,0.0064102564102563,0.6025316455696202,0.06992594686492,0.0557584201222283,False,1.0,-1.0,200.0,1.5586000000000002,-1.0,0.048092403568474607
2025-10-01,2025-10-05,Shanghai Masters,R32,Hard,4,Yannick Hanfmann,Novak Djokovic,player2,top_10,0.1834542615492074,8.0,7.32,0.0928961748633878,0.118942731277533,0.0645115302716743,0.4676340923936593,False,1.0,-1.0,200.0,7.859999999999999,-1.0,0.44195049577677015
2025-10-01,2025-10-06,Shanghai Masters,R32,Hard,4,Luciano Darderi,Lorenzo Musetti,player1,top_10,0.2476386444271759,4.33,4.05,0.0691358024691359,0.2198198198198198,0.0278188246073561,0.072275330369672,False,1.0,-1.0,200.0,4.2634,-1.0,0.055782596650821636
2025-10-01,2025-10-06,Shanghai Masters,R32,Hard,4,Alejandro Davidovich Fokina,Daniil Medvedev,player2,other,0.3769649276934098,2.75,2.62,0.049618320610687,0.3436754176610979,0.0332895100323119,0.036653551156877,False,1.0,-1.0,200.0,2.715,-1.0,0.023459778687607402
2025-10-01,2025-10-09,Shanghai Masters,QF,Hard,4,Novak Djokovic,Zizou Bergs,player2,top_10,0.7945490067588967,1.33,1.33,0.0,0.7188160676532769,0.0757329391056198,0.0567501789893327,True,1.0,0.33,200.0,1.3234000000000001,0.32340000000000013,0.05150615554472404
2025-10-13,2025-10-15,Stockholm,R16,Hard,3,Leo Borg,Denis Shapovalov,player2,other,0.1559730135966427,9.0,8.7,0.0344827586206897,0.1062562065541211,0.0497168070425215,0.4037571223697845,False,1.0,-1.0,200.0,8.84,-1.0,0.3788014401943215
2025-10-13,2025-10-15,Brussels,R32,Hard,3,Nikoloz Basilashvili,Quentin Halys,player1,other,0.5685882122781504,2.0,2.02,-0.0099009900990099,0.4736842105263157,0.0949040017518346,0.1371764245563007,True,1.0,1.0,200.0,1.98,0.98,0.12580466031073778
2025-10-13,2025-10-16,Brussels,R16,Hard,3,Damir Dzumhur,Felix Auger Aliassime,player2,other,0.1789872886589593,6.0,5.76,0.0416666666666667,0.158485273492286,0.0205020151666732,0.0739237319537557,False,1.0,-1.0,200.0,5.9,-1.0,0.05602500308785996
2025-10-13,2025-10-16,Brussels,R16,Hard,3,Lorenzo Musetti,Yannick Hanfmann,player2,top_10,0.735854002633961,1.4,1.38,0.0144927536231884,0.6818181818181818,0.0540358208157791,0.0301956036875452,True,1.0,0.3999999999999999,200.0,1.392,0.3919999999999999,0.02430877166647355
2025-10-13,2025-10-16,Almaty,R16,Hard,3,Adam Walton,Daniil Medvedev,player2,other,0.1884296481907096,5.5,5.68,-0.0316901408450703,0.1716867469879518,0.0167429012027578,0.0363630650489029,False,1.0,-1.0,200.0,5.41,-1.0,0.01940439671173899
2025-10-20,2025-10-20,Vienna,R32,Hard,3,Jurij Rodionov,Alex De Minaur,player1,top_10,0.1304355021663712,10.0,9.18,0.0893246187363834,0.0958408679927667,0.0345946341736044,0.3043550216637121,False,1.0,-1.0,200.0,9.82,-1.0,0.2808766312737654
2025-10-20,2025-10-21,Basel,R32,Hard,3,Kamil Majchrzak,Ben Shelton,player1,top_10,0.4121752059715233,2.63,2.58,0.0193798449612403,0.3631961259079903,0.048979080063533,0.0840207917051063,False,1.0,-1.0,200.0,2.5974,-1.0,0.07058387999043458
2025-10-20,2025-10-22,Vienna,R16,Hard,3,Filip Misolic,Alex De Minaur,player1,top_10,0.109796057714532,10.0,9.3,0.075268817204301,0.0958408679927667,0.0139551897217653,0.0979605771453204,False,1.0,-1.0,200.0,9.82,-1.0,0.07819728675670434
2025-10-20,2025-10-23,Vienna,R16,Hard,3,Matteo Arnaldi,Alexander Zverev,player2,top_10,0.3172349720405168,3.75,3.53,0.0623229461756373,0.2559523809523809,0.0612825910881359,0.1896311451519382,False,1.0,-1.0,200.0,3.695,-1.0,0.17218322168970956
2025-10-20,2025-10-26,Vienna,F,Hard,3,Jannik Sinner,Alexander Zverev,player2,top_10,0.958668686730332,1.1,1.1,0.0,0.8641975308641975,0.0944711558661344,0.0545355554033651,True,1.0,0.1,200.0,1.098,0.09800000000000009,0.05261821802990463
2025-10-27,2025-10-29,Paris Masters,R32,Hard,4,Gabriel Diallo,Alex De Minaur,player1,top_10,0.2789718698160797,3.75,3.55,0.0563380281690142,0.2559523809523809,0.0230194888636987,0.0461445118102987,False,1.0,-1.0,200.0,3.695,-1.0,0.030801058970414408
2025-10-27,2025-10-30,Paris Masters,R16,Hard,4,Alexander Zverev,Alejandro Davidovich Fokina,player2,top_10,0.7677217361012909,1.44,1.44,0.0,0.6563245823389022,0.1113971537623886,0.1055192999858588,True,1.0,0.4399999999999999,200.0,1.4312,0.4312,0.09876334870816755
2025-10-27,2025-10-30,Paris Masters,R16,Hard,4,Taylor Fritz,Alexander Bublik,player1,top_10,0.5960742330560608,1.73,1.73,0.0,0.5483028720626633,0.0477713609933975,0.0312084231869851,False,1.0,-1.0,200.0,1.7153999999999998,-1.0,0.022505739384366563
2025-10-27,2025-10-30,Paris Masters,R16,Hard,4,Felix Auger Aliassime,Daniel Altmaier,player2,top_10,0.735882673394302,1.4,1.41,-0.0070921985815602,0.6818181818181818,0.0540644915761202,0.0302357427520227,True,1.0,0.3999999999999999,200.0,1.392,0.3919999999999999,0.02434868136486834
2025-10-27,2025-10-31,Paris Masters,QF,Hard,4,Daniil Medvedev,Alexander Zverev,player2,top_10,0.5995138266601518,1.73,1.75,-0.0114285714285714,0.5483028720626633,0.0512109545974885,0.0371589201220626,False,1.0,-1.0,200.0,1.7153999999999998,-1.0,0.02840601825282435
2025-10-27,2025-10-31,Paris Masters,QF,Hard,4,Valentin Vacherot,Felix Auger Aliassime,player1,top_10,0.5592580634380345,2.38,2.28,0.0438596491228071,0.3974683544303797,0.1617897090076547,0.331034190982522,False,1.0,-1.0,200.0,2.3524,-1.0,0.3155986684316323
2025-10-27,2025-11-01,Paris Masters,SF,Hard,4,Felix Auger Aliassime,Alexander Bublik,player1,top_10,0.5531855398212198,1.91,1.9,0.0052631578947368,0.5,0.0531855398212197,0.0565843810585297,True,1.0,0.91,200.0,1.8918,0.8917999999999999,0.046516404233783504
2025-10-27,2025-11-02,Paris Masters,F,Hard,4,Felix Auger Aliassime,Jannik Sinner,player1,top_10,0.221221074205999,7.0,7.02,-0.0028490028490028,0.1358024691358024,0.0854186050701965,0.5485475194419931,False,1.0,-1.0,200.0,6.88,-1.0,0.5220009905372731
2025-11-02,2025-11-04,Athens,R16,Hard,3,Novak Djokovic,Alejandro Tabilo,player1,top_10,0.8916997054293336,1.2,1.21,-0.0082644628099173,0.7894736842105263,0.1022260212188073,0.0700396465152003,True,1.0,0.1999999999999999,200.0,1.196,0.19599999999999995,0.066472847693483
2025-11-02,2025-11-05,Athens,R16,Hard,3,Stan Wawrinka,Lorenzo Musetti,player2,top_10,0.2519336430317912,5.0,4.81,0.0395010395010395,0.1896272285251215,0.0623064145066696,0.2596682151589561,False,1.0,-1.0,200.0,4.92,-1.0,0.23951352371641277
2025-11-02,2025-11-07,Athens,SF,Hard,3,Sebastian Korda,Lorenzo Musetti,player1,top_10,0.4954689317136075,2.1,2.07,0.0144927536231884,0.4516971279373368,0.0437718037762707,0.0404847565985757,False,1.0,-1.0,200.0,2.0780000000000003,-1.0,0.029584440100876574
2025-11-02,2025-11-07,Athens,SF,Hard,3,Novak Djokovic,Yannick Hanfmann,player2,top_10,0.867809650056137,1.2,1.22,-0.0163934426229508,0.7894736842105263,0.0783359658456106,0.0413715800673643,True,1.0,0.1999999999999999,200.0,1.196,0.19599999999999995,0.037900341467139775
2025-11-02,2025-11-08,Athens,F,Hard,3,Novak Djokovic,Lorenzo Musetti,player2,top_10,0.8267651684983589,1.36,1.36,0.0,0.7017543859649122,0.1250107825334466,0.1244006291577681,True,1.0,0.3600000000000001,200.0,1.3528000000000002,0.3528000000000002,0.1184479199445801
2025-11-09,2025-11-09,Tour Finals,RR,Hard,1,Ben Shelton,Alexander Zverev,player1,top_10,0.525525606547395,2.5,2.46,0.0162601626016261,0.3796526054590571,0.1458730010883379,0.3138140163684875,False,1.0,-1.0,200.0,2.4699999999999998,-1.0,0.29804824817206554
2025-11-09,2025-11-09,Tour Finals,RR,Hard,1,Alex De Minaur,Carlos Alcaraz,player1,top_10,0.256764791607959,5.0,4.66,0.0729613733905578,0.1896272285251215,0.0671375630828375,0.2838239580397953,False,1.0,-1.0,200.0,4.92,-1.0,0.26328277471115835
2025-11-09,2025-11-10,Tour Finals,RR,Hard,1,Felix Auger Aliassime,Jannik Sinner,player1,top_10,0.148041420868375,10.0,8.64,0.1574074074074074,0.0958408679927667,0.0522005528756082,0.48041420868375,False,1.0,-1.0,200.0,9.82,-1.0,0.4537667529274424
2025-11-09,2025-11-11,Tour Finals,RR,Hard,1,Taylor Fritz,Carlos Alcaraz,player1,top_10,0.2885591498187121,4.5,4.4,0.0227272727272727,0.2105263157894736,0.0780328340292385,0.2985161741842046,False,1.0,-1.0,200.0,4.43,-1.0,0.27831703369689453
2025-11-09,2025-11-12,Tour Finals,RR,Hard,1,Ben Shelton,Felix Auger Aliassime,player1,top_10,0.7113463266275561,1.67,1.68,-0.0059523809523809,0.5684754521963824,0.1428708744311737,0.1879483654680187,False,1.0,-1.0,200.0,1.6566,-1.0,0.17841632469120955
2025-11-09,2025-11-13,Tour Finals,RR,Hard,1,Taylor Fritz,Alex De Minaur,player2,top_10,0.7641133495986019,1.36,1.36,0.0,0.7017543859649122,0.0623589636336896,0.0391941554540986,False,1.0,-1.0,200.0,1.3528000000000002,-1.0,0.03369253933698879
2025-11-09,2025-11-13,Tour Finals,RR,Hard,1,Lorenzo Musetti,Carlos Alcaraz,player2,top_10,0.1987229891968898,6.0,6.05,-0.0082644628099173,0.158485273492286,0.0402377157046037,0.1923379351813388,False,1.0,-1.0,200.0,5.9,-1.0,0.1724656362616499
2025-11-09,2025-11-15,Tour Finals,SF,Hard,1,Felix Auger Aliassime,Carlos Alcaraz,player2,top_10,0.3324915231866595,4.5,4.75,-0.0526315789473684,0.2105263157894736,0.1219652073971858,0.4962118543399679,False,1.0,-1.0,200.0,4.43,-1.0,0.47293744771690127
2026-01-05,2026-01-07,Hong Kong,R16,Hard,3,Yibing Wu,Andrey Rublev,player2,other,0.375038283115536,2.75,2.61,0.053639846743295,0.3436754176610979,0.0313628654544381,0.031355278567724,False,1.0,-1.0,200.0,2.715,-1.0,0.01822893865868014
2026-01-04,2026-01-08,Brisbane,R16,Hard,3,Aleksandar Kovacevic,Cameron Norrie,player2,other,0.4064770534943498,2.63,2.64,-0.0037878787878788,0.3631961259079903,0.0432809275863594,0.0690346506901399,True,1.0,1.63,200.0,2.5974,1.5974,0.055783498746224236
2026-01-05,2026-01-08,Hong Kong,R16,Hard,3,Botic Van De Zandschulp,Alexander Bublik,player2,other,0.375038283115536,2.75,2.65,0.0377358490566037,0.3436754176610979,0.0313628654544381,0.031355278567724,False,1.0,-1.0,200.0,2.715,-1.0,0.01822893865868014
2026-01-04,2026-01-10,Brisbane,SF,Hard,3,Alex Michelsen,Daniil Medvedev,player1,other,0.2622360052461411,4.0,3.77,0.0610079575596818,0.238095238095238,0.024140767150903,0.0489440209845646,False,1.0,-1.0,200.0,3.94,-1.0,0.03320986066979592
2026-01-12,2026-01-13,Auckland,R16,Hard,3,Ben Shelton,Francisco Comesana,player2,top_10,0.902216318242135,1.25,1.29,-0.0310077519379845,0.7619047619047619,0.1403115563373731,0.1277703978026687,True,1.0,0.25,200.0,1.245,0.2450000000000001,0.12325931621145816
2026-01-12,2026-01-14,Auckland,R16,Hard,3,Fabian Marozsan,Casper Ruud,player2,other,0.3493726448908125,3.0,2.76,0.0869565217391306,0.3181818181818181,0.0311908267089944,0.0481179346724376,True,1.0,2.0,200.0,2.96,1.96,0.03414302887680498
2026-01-12,2026-01-14,Adelaide,R16,Hard,3,Rinky Hijikata,Alejandro Davidovich Fokina,player1,other,0.328200874514809,3.2,3.03,0.0561056105610562,0.2982456140350877,0.0299552604797213,0.0502427984473888,False,1.0,-1.0,200.0,3.156,-1.0,0.03580195996873736
2026-01-12,2026-01-15,Auckland,QF,Hard,3,Ben Shelton,Sebastian Baez,player1,top_10,0.8551184852283936,1.22,1.23,-0.008130081300813,0.7801801801801801,0.0749383050482135,0.0432445519786401,False,1.0,-1.0,200.0,1.2156,-1.0,0.039482030643635285
2026-01-12,2026-01-15,Adelaide,QF,Hard,3,Aleksandar Vukic,Tommy Paul,player2,other,0.2437390904173507,4.33,3.97,0.0906801007556674,0.2198198198198198,0.0239192705975309,0.0553902615071287,False,1.0,-1.0,200.0,4.2634,-1.0,0.03915723808533289
2026-01-12,2026-01-16,Auckland,SF,Hard,3,Sebastian Baez,Marcos Giron,player1,other,0.4627733509344339,2.38,2.49,-0.0441767068273093,0.3974683544303797,0.0653049965040541,0.1014005752239525,True,1.0,1.38,200.0,2.3524,1.3523999999999998,0.08862803073816217
2026-01-19,2026-01-19,Australian Open,R128,Hard,5,Jesper De Jong,Daniil Medvedev,player2,other,0.0905469352257487,13.0,9.88,0.3157894736842104,0.074074074074074,0.0164728611516746,0.1771101579347337,False,1.0,-1.0,200.0,12.76,-1.0,0.15537889348055345
2026-01-05,2026-01-20,United Cup,RR,Hard,3,Shintaro Mochizuki,Stefanos Tsitsipas,player1,other,0.1773801204803473,6.5,5.96,0.0906040268456376,0.1458607095926412,0.031519410887706,0.1529707831222574,False,1.0,-1.0,200.0,6.39,-1.0,0.1334589698694192
2026-01-19,2026-01-20,Australian Open,R128,Hard,5,Shintaro Mochizuki,Stefanos Tsitsipas,player1,other,0.1660351517920171,6.5,5.96,0.0906040268456376,0.1458607095926412,0.0201744421993758,0.0792284866481112,False,1.0,-1.0,200.0,6.39,-1.0,0.06096461995098923
2026-01-19,2026-01-20,Australian Open,R128,Hard,5,Taylor Fritz,Valentin Royer,player1,top_10,0.9419218760082536,1.11,1.12,-0.0089285714285713,0.8541392904073586,0.0877825856008949,0.0455332823691614,True,1.0,0.1100000000000001,200.0,1.1078000000000001,0.10780000000000012,0.043461054241943464
2026-01-19,2026-01-20,Australian Open,R128,Hard,5,Dino Prizmic,James Duckworth,player2,other,0.6078730191561086,1.73,1.73,0.0,0.5483028720626633,0.0595701470934453,0.0516203231400678,False,1.0,-1.0,200.0,1.7153999999999998,-1.0,0.042745377060388556
2026-01-19,2026-01-21,Australian Open,R64,Hard,5,Hamad Medjedovic,Alex De Minaur,player2,top_10,0.181100207732908,6.0,5.5,0.0909090909090908,0.158485273492286,0.0226149342406219,0.0866012463974481,False,1.0,-1.0,200.0,5.9,-1.0,0.06849122562415733
2026-01-19,2026-01-22,Australian Open,R64,Hard,5,James Duckworth,Jannik Sinner,player2,top_10,0.0892331251084965,51.0,22.15,1.3024830699774266,0.0192307692307692,0.0700023558777273,3.550889380533325,False,1.0,-1.0,200.0,50.0,-1.0,3.4616562554248254
2026-01-19,2026-01-23,Australian Open,R32,Hard,5,Fabian Marozsan,Daniil Medvedev,player2,other,0.2096404331908844,5.0,4.67,0.0706638115631692,0.1896272285251215,0.0200132046657628,0.0482021659544221,False,1.0,-1.0,200.0,4.92,-1.0,0.03143093129915131
2026-01-19,2026-01-23,Australian Open,R32,Hard,5,Tomas Machac,Lorenzo Musetti,player2,top_10,0.4074550499460377,2.63,2.52,0.0436507936507934,0.3631961259079903,0.0442589240380474,0.0716067813580793,False,1.0,-1.0,200.0,2.5974,-1.0,0.0583237467298382
2026-01-19,2026-01-24,Australian Open,R32,Hard,5,Stan Wawrinka,Taylor Fritz,player2,top_10,0.1620951669742305,8.0,7.48,0.0695187165775399,0.118942731277533,0.0431524356966974,0.2967613357938443,False,1.0,-1.0,200.0,7.859999999999999,-1.0,0.2740680124174515
2026-01-19,2026-01-24,Australian Open,R32,Hard,5,Botic Van De Zandschulp,Novak Djokovic,player1,top_10,0.1347272623037991,10.0,8.23,0.215066828675577,0.0958408679927667,0.0388863943110324,0.3472726230379916,False,1.0,-1.0,200.0,9.82,-1.0,0.3230217158233073
2026-01-19,2026-01-24,Australian Open,R32,Hard,5,Ben Shelton,Valentin Vacherot,player1,top_10,0.9237648245762864,1.22,1.23,-0.008130081300813,0.7801801801801801,0.1435846443961063,0.1269930859830693,True,1.0,0.2199999999999999,200.0,1.2156,0.2156,0.12292852075493374
2026-01-19,2026-01-25,Australian Open,R16,Hard,5,Alexander Bublik,Alex De Minaur,player2,top_10,0.4329793941305581,2.5,2.41,0.0373443983402488,0.3796526054590571,0.0533267886715009,0.0824484853263952,False,1.0,-1.0,200.0,2.4699999999999998,-1.0,0.0694591035024783
2026-01-19,2026-01-25,Australian Open,R16,Hard,5,Alexander Zverev,Francisco Cerundolo,player2,top_10,0.7869303455555283,1.36,1.35,0.0074074074074073,0.7017543859649122,0.085175959590616,0.0702252699555185,True,1.0,0.3600000000000001,200.0,1.3528000000000002,0.3528000000000002,0.06455937146751889
2026-01-19,2026-01-26,Australian Open,R16,Hard,5,Jakub Mensik,Novak Djokovic,player1,top_10,0.2583224071238357,4.0,3.72,0.075268817204301,0.238095238095238,0.0202271690285976,0.033289628495343,False,1.0,-1.0,200.0,3.94,-1.0,0.01779028406791261
2026-01-19,2026-01-26,Australian Open,R16,Hard,5,Ben Shelton,Casper Ruud,player1,top_10,0.6740469592568227,1.53,1.53,0.0,0.6203473945409429,0.0536995647158797,0.0312918476629386,True,1.0,0.53,200.0,1.5194,0.5194000000000001,0.024146949894816416
2026-01-19,2026-01-26,Australian Open,R16,Hard,5,Luciano Darderi,Jannik Sinner,player1,top_10,0.0576867477902447,26.0,16.08,0.6169154228855722,0.0373935579415031,0.0202931898487416,0.4998554425463644,False,1.0,-1.0,200.0,25.5,-1.0,0.4710120686512398
2026-01-19,2026-01-27,Australian Open,QF,Hard,5,Alexander Zverev,Learner Tien,player2,top_10,0.7383473705963981,1.44,1.44,0.0,0.6563245823389022,0.0820227882574958,0.0632202136588132,True,1.0,0.4399999999999999,200.0,1.4312,0.4312,0.056722756797565
2026-01-19,2026-01-28,Australian Open,QF,Hard,5,Novak Djokovic,Lorenzo Musetti,player1,top_10,0.8001375808326212,1.3,1.31,-0.0076335877862595,0.7291666666666667,0.0709709141659544,0.0401788550824075,True,1.0,0.3,200.0,1.294,0.29400000000000004,0.035378029597411875
2026-01-19,2026-02-01,Australian Open,F,Hard,5,Novak Djokovic,Carlos Alcaraz,player2,top_10,0.3017947758059778,3.5,3.44,0.0174418604651163,0.2708333333333333,0.0309614424726444,0.0562817153209223,False,1.0,-1.0,200.0,3.45,-1.0,0.04119197653062345
2026-02-09,2026-02-10,Buenos Aires,R32,Clay,3,Alejandro Tabilo,Facundo Diaz Acosta,player1,other,0.6167628234921114,1.8,1.77,0.0169491525423728,0.5263157894736842,0.0904470340184272,0.1101730822858005,True,1.0,0.8,200.0,1.784,0.784,0.1003048771099268
2026-02-09,2026-02-11,Rotterdam,R32,Hard,3,Felix Auger Aliassime,Alexei Popyrin,player2,top_10,0.8471772305144283,1.22,1.22,0.0,0.7801801801801801,0.0669970503342481,0.0335562212276024,True,1.0,0.2199999999999999,200.0,1.2156,0.2156,0.02982864141333902
2026-02-09,2026-02-11,Rotterdam,R32,Hard,3,Jesper De Jong,Karen Khachanov,player2,other,0.2001215520303502,5.5,5.32,0.0338345864661653,0.1716867469879518,0.0284348050423983,0.100668536166926,False,1.0,-1.0,200.0,5.41,-1.0,0.08265759648419457
2026-02-09,2026-02-11,Dallas,R32,Hard,3,James Duckworth,Eliot Spizzirri,player2,other,0.3147601532249631,3.5,3.51,-0.0028490028490028,0.2708333333333333,0.0439268198916297,0.1016605362873708,False,1.0,-1.0,200.0,3.45,-1.0,0.08592252862612271
2026-02-09,2026-02-12,Rotterdam,R16,Hard,3,Alexander Bublik,Jan Lennard Struff,player2,top_10,0.7697752233068652,1.36,1.34,0.0149253731343284,0.7017543859649122,0.0680208373419529,0.0468943036973367,True,1.0,0.3600000000000001,200.0,1.3528000000000002,0.3528000000000002,0.041351922089527426
2026-02-09,2026-02-12,Rotterdam,R16,Hard,3,Stan Wawrinka,Alex De Minaur,player1,top_10,0.1512563583692865,7.0,6.58,0.0638297872340425,0.1358024691358024,0.015453889233484,0.0587945085850056,False,1.0,-1.0,200.0,6.88,-1.0,0.04064374558069117
2026-02-09,2026-02-12,Buenos Aires,R16,Clay,3,Ignacio Buse,Sebastian Baez,player2,other,0.3267046236714129,3.2,3.08,0.038961038961039,0.2982456140350877,0.0284590096363252,0.0454547957485215,False,1.0,-1.0,200.0,3.156,-1.0,0.031079792306979104
2026-02-09,2026-02-13,Rotterdam,QF,Hard,3,Tallon Griekspoor,Felix Auger Aliassime,player2,top_10,0.3827694660485848,3.5,3.38,0.0355029585798816,0.2708333333333333,0.1119361327152514,0.3396931311700469,False,1.0,-1.0,200.0,3.45,-1.0,0.3205546578676176
2026-02-09,2026-02-13,Rotterdam,QF,Hard,3,Jaume Munar,Alexander Bublik,player2,top_10,0.3992792666866439,2.63,2.63,0.0,0.3631961259079903,0.0360831407786536,0.0501044713858734,False,1.0,-1.0,200.0,2.5974,-1.0,0.03708796729188868
2026-02-09,2026-02-13,Dallas,R16,Hard,3,Adrian Mannarino,Ben Shelton,player1,top_10,0.2504232557362248,4.5,4.57,-0.0153172866520788,0.2105263157894736,0.0398969399467511,0.1269046508130117,False,1.0,-1.0,200.0,4.43,-1.0,0.10937502291147583
2026-02-09,2026-02-14,Rotterdam,SF,Hard,3,Ugo Humbert,Alex De Minaur,player1,top_10,0.3641717232049847,3.0,2.85,0.0526315789473683,0.3181818181818181,0.0459899050231666,0.0925151696149543,False,1.0,-1.0,200.0,2.96,-1.0,0.07794830068675473
2026-02-09,2026-02-14,Dallas,QF,Hard,3,Ben Shelton,Miomir Kecmanovic,player2,top_10,0.8648127265596661,1.2,1.19,0.0084033613445377,0.7894736842105263,0.0753390423491398,0.0377752718715993,True,1.0,0.1999999999999999,200.0,1.196,0.19599999999999995,0.034316020965360655
2026-02-09,2026-02-14,Dallas,SF,Hard,3,Marin Cilic,Taylor Fritz,player1,top_10,0.4217541822602506,2.5,2.43,0.0288065843621398,0.3796526054590571,0.0421015768011934,0.0543854556506264,False,1.0,-1.0,200.0,2.4699999999999998,-1.0,0.041732830182818925
2026-02-09,2026-02-15,Rotterdam,F,Hard,3,Alex De Minaur,Felix Auger Aliassime,player1,top_10,0.4134393243967583,2.5,2.43,0.0288065843621398,0.3796526054590571,0.0337867189377011,0.0335983109918957,True,1.0,1.5,200.0,2.4699999999999998,1.4699999999999998,0.02119513125999284
2026-02-16,2026-02-17,Doha,R32,Hard,3,Jenson Brooksby,Jiri Lehecka,player1,other,0.3949168641659817,2.63,2.56,0.02734375,0.3631961259079903,0.0317207382579914,0.0386313527565319,False,1.0,-1.0,200.0,2.5974,-1.0,0.025757062984720913
2026-02-16,2026-02-17,Doha,R32,Hard,3,Moez Echargui,Stefanos Tsitsipas,player2,other,0.1542409942589474,7.0,6.87,0.0189228529839884,0.1358024691358024,0.0184385251231449,0.079686959812632,False,1.0,-1.0,200.0,6.88,-1.0,0.06117804050155817
2026-02-16,2026-02-17,Doha,R32,Hard,3,Shintaro Mochizuki,Karen Khachanov,player2,other,0.1760644443553658,6.0,5.92,0.0135135135135135,0.158485273492286,0.0175791708630797,0.056386666132195,False,1.0,-1.0,200.0,5.9,-1.0,0.0387802216966584
2026-02-16,2026-02-17,Rio de Janeiro,R32,Clay,3,Pedro Martinez,Damir Dzumhur,player2,other,0.6425583456020917,1.62,1.62,0.0,0.586734693877551,0.0558236517245407,0.0409445198753886,False,1.0,-1.0,200.0,1.6076000000000001,-1.0,0.03297679638992268
2026-02-16,2026-02-18,Doha,R16,Hard,3,Alexei Popyrin,Jannik Sinner,player2,top_10,0.1021791853741576,15.0,15.19,-0.0125082290980907,0.0642545227698066,0.0379246626043509,0.532687780612364,False,1.0,-1.0,200.0,14.719999999999999,-1.0,0.5040776087075998
2026-02-16,2026-02-18,Doha,R16,Hard,3,Stefanos Tsitsipas,Daniil Medvedev,player2,other,0.2983550488313654,3.5,3.33,0.0510510510510511,0.2708333333333333,0.027521715498032,0.044242670909779,True,1.0,2.5,200.0,3.45,2.45,0.029324918468210504
2026-02-16,2026-02-19,Delray Beach,R16,Hard,3,Adam Walton,Tommy Paul,player2,other,0.1380180328568784,8.0,7.13,0.1220196353436184,0.118942731277533,0.0190753015793453,0.1041442628550273,False,1.0,-1.0,200.0,7.859999999999999,-1.0,0.08482173825506412
2026-02-23,2026-02-23,Santiago,R32,Clay,3,Dusan Lajovic,Yannick Hanfmann,player2,other,0.5074433909550073,2.38,2.36,0.0084745762711864,0.3974683544303797,0.1099750365246275,0.2077152704729173,False,1.0,-1.0,200.0,2.3524,-1.0,0.19370983288255916
2026-02-23,2026-02-24,Dubai,R32,Hard,3,Jan Lennard Struff,Alexander Bublik,player2,top_10,0.3384865123771472,3.2,3.12,0.0256410256410257,0.2982456140350877,0.0402408983420595,0.0831568396068711,False,1.0,-1.0,200.0,3.156,-1.0,0.06826343306227667
2026-02-23,2026-02-24,Dubai,R32,Hard,3,Alexander Shevchenko,Karen Khachanov,player1,other,0.2427779581979644,4.33,3.99,0.0852130325814535,0.2198198198198198,0.0229581383781446,0.051228558997186,False,1.0,-1.0,200.0,4.2634,-1.0,0.035059546981201506
2026-02-23,2026-02-24,Acapulco,R32,Hard,3,Coleman Wong,Valentin Vacherot,player2,other,0.3927206596774071,2.75,2.74,0.0036496350364962,0.3436754176610979,0.0490452420163092,0.0799818141128695,False,1.0,-1.0,200.0,2.715,-1.0,0.06623659102416024
2026-02-23,2026-02-24,Acapulco,R32,Hard,3,Adam Walton,Aleksandar Kovacevic,player2,other,0.4796545244498197,2.2,2.17,0.0138248847926267,0.4315245478036175,0.0481299766462021,0.0552399537896034,False,1.0,-1.0,200.0,2.176,-1.0,0.043728245202807714
2026-02-23,2026-02-25,Dubai,R16,Hard,3,Tallon Griekspoor,Alexander Bublik,player2,top_10,0.4221900821945259,3.4,3.19,0.0658307210031348,0.281183932346723,0.1410061498478028,0.435446279461388,True,1.0,2.4,200.0,3.352,2.352,0.41518115551605084
2026-02-23,2026-02-25,Acapulco,R32,Hard,3,Alexander Zverev,Corentin Moutet,player2,top_10,0.9058567817016666,1.17,1.18,-0.0084745762711864,0.8103727714748785,0.0954840102267881,0.0598524345909498,True,1.0,0.1699999999999999,200.0,1.1665999999999999,0.16659999999999986,0.056772521533164144
2026-02-23,2026-02-26,Dubai,QF,Hard,3,Jiri Lehecka,Felix Auger Aliassime,player1,top_10,0.4481407329475108,2.75,2.71,0.014760147601476,0.3436754176610979,0.1044653152864129,0.2323870156056546,False,1.0,-1.0,200.0,2.715,-1.0,0.21670208995249174
2026-02-23,2026-02-26,Acapulco,R16,Hard,3,Mattia Bellucci,Alejandro Davidovich Fokina,player2,other,0.2096189703284063,5.0,4.68,0.0683760683760683,0.1896272285251215,0.0199917418032848,0.0480948516420318,True,1.0,4.0,200.0,4.92,3.92,0.03132533401575888
2026-02-23,2026-02-26,Santiago,R16,Clay,3,Elmer Moller,Francisco Cerundolo,player2,other,0.2044485099928734,5.5,5.17,0.0638297872340425,0.1716867469879518,0.0327617630049216,0.1244668049608039,False,1.0,-1.0,200.0,5.41,-1.0,0.1060664390614452
2026-02-23,2026-02-27,Dubai,SF,Hard,3,Daniil Medvedev,Felix Auger Aliassime,player1,top_10,0.6004411766961647,1.73,1.74,-0.0057471264367816,0.5483028720626633,0.0521383046335014,0.0387632356843649,True,1.0,0.73,200.0,1.7153999999999998,0.7153999999999998,0.0299967945046008
2026-02-23,2026-02-27,Acapulco,QF,Hard,3,Mattia Bellucci,Frances Tiafoe,player2,other,0.3444927460376902,3.0,2.87,0.0452961672473868,0.3181818181818181,0.026310927855872,0.0334782381130706,False,1.0,-1.0,200.0,2.96,-1.0,0.019698528271562932
2026-02-23,2026-02-27,Santiago,R16,Clay,3,Thiago Agustin Tirante,Alejandro Tabilo,player2,other,0.3245565418909597,3.2,3.03,0.0561056105610562,0.2982456140350877,0.026310927855872,0.0385809340510712,False,1.0,-1.0,200.0,3.156,-1.0,0.024300446207868975
2026-03-04,2026-03-04,Indian Wells Masters,R128,Hard,4,Mariano Navone,Marcos Giron,player2,other,0.3110889014776807,3.4,3.14,0.0828025477707006,0.281183932346723,0.0299049691309576,0.0577022650241145,False,1.0,-1.0,200.0,3.352,-1.0,0.042769997753185685
2026-03-04,2026-03-05,Indian Wells Masters,R128,Hard,4,Zachary Svajda,Marin Cilic,player2,other,0.4602958068373844,2.3,2.15,0.069767441860465,0.413265306122449,0.0470305007149354,0.0586803557259841,True,1.0,1.2999999999999998,200.0,2.274,1.274,0.04671266474821212
2026-03-04,2026-03-06,Indian Wells Masters,R64,Hard,4,Matteo Berrettini,Alexander Zverev,player1,top_10,0.273141638529516,4.5,4.2,0.0714285714285714,0.2105263157894736,0.0626153227400423,0.229137373382822,False,1.0,-1.0,200.0,4.43,-1.0,0.21001745868575583
2026-03-04,2026-03-07,Indian Wells Masters,R64,Hard,4,Sebastian Korda,Alex De Minaur,player1,top_10,0.4044170437931801,2.63,2.48,0.0604838709677419,0.3631961259079903,0.0412209178851897,0.0636168251760636,False,1.0,-1.0,200.0,2.5974,-1.0,0.050432829548406
2026-03-04,2026-03-07,Indian Wells Masters,R64,Hard,4,Juan Manuel Cerundolo,Arthur Rinderknech,player1,other,0.4254181335867835,2.63,2.68,-0.0186567164179105,0.3631961259079903,0.0622220076787932,0.1188496913332406,False,1.0,-1.0,200.0,2.5974,-1.0,0.10498106017831144
2026-03-04,2026-03-08,Indian Wells Masters,R64,Hard,4,Taylor Fritz,Jacob Fearnley,player2,top_10,0.9715396473780352,1.2,1.19,0.0084033613445377,0.7894736842105263,0.1820659631675087,0.1658475768536421,True,1.0,0.1999999999999999,200.0,1.196,0.19599999999999995,0.16196141826413007
2026-03-04,2026-03-08,Indian Wells Masters,R64,Hard,4,Sebastian Baez,Jiri Lehecka,player1,other,0.3914338796805992,2.75,2.84,-0.0316901408450703,0.3436754176610979,0.0477584620195012,0.0764431691216477,True,1.0,1.75,200.0,2.715,1.7149999999999999,0.06274298333282669
2026-03-04,2026-03-08,Indian Wells Masters,R64,Hard,4,Daniil Medvedev,Alejandro Tabilo,player2,other,0.8359872497055759,1.25,1.25,0.0,0.7619047619047619,0.074082487800814,0.0449840621319699,True,1.0,0.25,200.0,1.245,0.2450000000000001,0.04080412588344212
2026-03-04,2026-03-08,Indian Wells Masters,R32,Hard,4,Brandon Nakashima,Alexander Zverev,player2,top_10,0.2813359883148757,4.0,3.84,0.0416666666666667,0.238095238095238,0.0432407502196376,0.1253439532595028,False,1.0,-1.0,200.0,3.94,-1.0,0.10846379396061034
2026-03-04,2026-03-09,Indian Wells Masters,R32,Hard,4,Gabriel Diallo,Felix Auger Aliassime,player1,top_10,0.2488069426192373,4.33,3.98,0.0879396984924623,0.2198198198198198,0.0289871227994175,0.0773340615412975,False,1.0,-1.0,200.0,4.2634,-1.0,0.06076351916285627
2026-03-04,2026-03-09,Indian Wells Masters,R32,Hard,4,Aleksandar Kovacevic,Novak Djokovic,player1,top_10,0.2385342835859681,6.0,6.43,-0.0668740279937791,0.158485273492286,0.080049010093682,0.4312057015158086,False,1.0,-1.0,200.0,5.9,-1.0,0.4073522731572119
2026-03-04,2026-03-09,Indian Wells Masters,R32,Hard,4,Cameron Norrie,Alex De Minaur,player2,top_10,0.2464438006456732,4.5,4.48,0.0044642857142855,0.2105263157894736,0.0359174848561996,0.1089971029055297,True,1.0,3.5,200.0,4.43,3.4299999999999997,0.09174603686033223
2026-03-04,2026-03-09,Indian Wells Masters,R32,Hard,4,Alexander Bublik,Rinky Hijikata,player1,top_10,0.873817260615888,1.2,1.21,-0.0082644628099173,0.7894736842105263,0.0843435764053617,0.0485807127390656,False,1.0,-1.0,200.0,1.196,-1.0,0.04508544369660206
2026-03-04,2026-03-10,Indian Wells Masters,R32,Hard,4,Sebastian Baez,Daniil Medvedev,player2,other,0.2082638596182483,5.5,5.41,0.0166358595194084,0.1716867469879518,0.0365771126302965,0.1454512279003658,False,1.0,-1.0,200.0,5.41,-1.0,0.12670748053472336
2026-03-04,2026-03-10,Indian Wells Masters,R32,Hard,4,Arthur Rinderknech,Carlos Alcaraz,player1,top_10,0.0736272302222454,17.0,13.07,0.3006885998469777,0.0566037735849056,0.0170234566373398,0.251662913778173,False,1.0,-1.0,200.0,16.68,-1.0,0.2281022001070534
2026-03-04,2026-03-10,Indian Wells Masters,R16,Hard,4,Alexander Zverev,Frances Tiafoe,player2,top_10,0.7748125541926512,1.33,1.34,-0.0074626865671642,0.7188160676532769,0.0559964865393742,0.0305006970762261,True,1.0,0.33,200.0,1.3234000000000001,0.32340000000000013,0.025386934218554646
2026-03-04,2026-03-12,Indian Wells Masters,QF,Hard,4,Learner Tien,Jannik Sinner,player1,top_10,0.1505899354854946,9.0,8.61,0.0452961672473868,0.1062562065541211,0.0443337289313735,0.3553094193694521,False,1.0,-1.0,200.0,8.84,-1.0,0.3312150296917723
2026-03-04,2026-03-12,Indian Wells Masters,QF,Hard,4,Alexander Zverev,Arthur Fils,player1,top_10,0.6686146959313725,1.57,1.56,0.0064102564102563,0.6025316455696202,0.0660830503617522,0.0497250726122547,True,1.0,0.5700000000000001,200.0,1.5586000000000002,0.5586000000000002,0.04210286507863725
2026-03-18,2026-03-19,Miami Masters,R128,Hard,4,Alexandre Muller,Matteo Berrettini,player2,other,0.2298530908875203,4.5,4.2,0.0714285714285714,0.2105263157894736,0.0193267750980467,0.0343389089938416,False,1.0,-1.0,200.0,4.43,-1.0,0.01824919263171476
2026-03-18,2026-03-19,Miami Masters,R128,Hard,4,Zizou Bergs,Jenson Brooksby,player1,other,0.4838752539291431,2.38,2.4,-0.0083333333333333,0.3974683544303797,0.0864068994987633,0.1516231043513605,True,1.0,1.38,200.0,2.3524,1.3523999999999998,0.13826814734291615
2026-03-18,2026-03-19,Miami Masters,R128,Hard,4,James Duckworth,Roberto Bautista Agut,player1,other,0.4514142970399128,2.3,2.26,0.0176991150442478,0.413265306122449,0.0381489909174638,0.0382528831917994,False,1.0,-1.0,200.0,2.274,-1.0,0.02651611146876176
2026-03-18,2026-03-20,Miami Masters,R64,Hard,4,Taylor Fritz,Botic Van De Zandschulp,player2,top_10,0.8527238729082782,1.29,1.28,0.0078125,0.744047619047619,0.1086762538606592,0.1000137960516789,True,1.0,0.29,200.0,1.2842,0.2842,0.0950679975888109
2026-03-18,2026-03-20,Miami Masters,R64,Hard,4,Ethan Quinn,Casper Ruud,player1,other,0.4094897701641436,2.63,2.59,0.0154440154440154,0.3631961259079903,0.0462936442561532,0.0769580955316976,True,1.0,1.63,200.0,2.5974,1.5974,0.06360872902434656
2026-03-18,2026-03-21,Miami Masters,R64,Hard,4,Terence Atmane,Arthur Rinderknech,player1,other,0.4754873138012422,2.3,2.24,0.0267857142857141,0.413265306122449,0.0622220076787932,0.093620821742857,True,1.0,1.2999999999999998,200.0,2.274,1.274,0.08125815158402483
2026-03-18,2026-03-21,Miami Masters,R64,Hard,4,Marton Fucsovics,Felix Auger Aliassime,player2,top_10,0.3451608726450791,3.0,2.92,0.0273972602739727,0.3181818181818181,0.0269790544632609,0.0354826179352373,False,1.0,-1.0,200.0,2.96,-1.0,0.021676183029434193
2026-03-18,2026-03-21,Miami Masters,R64,Hard,4,Alexander Shevchenko,Ben Shelton,player2,top_10,0.1979066226623562,6.5,6.05,0.0743801652892561,0.1458607095926412,0.0520459130697149,0.2863930473053158,True,1.0,5.5,200.0,6.39,5.39,0.26462331881245604
2026-03-18,2026-03-23,Miami Masters,R32,Hard,4,Marin Cilic,Alexander Zverev,player2,top_10,0.1997263834072302,6.0,5.4,0.1111111111111109,0.158485273492286,0.0412411099149441,0.1983583004433815,False,1.0,-1.0,200.0,5.9,-1.0,0.17838566210265827
2026-03-18,2026-03-26,Miami Masters,QF,Hard,4,Alexander Zverev,Francisco Cerundolo,player2,top_10,0.8183359426247472,1.3,1.32,-0.0151515151515151,0.7291666666666667,0.0891692759580804,0.0638367254121713,True,1.0,0.3,200.0,1.294,0.29400000000000004,0.05892670975642289
2026-03-18,2026-03-29,Miami Masters,F,Hard,4,Jannik Sinner,Jiri Lehecka,player2,top_10,0.98,1.06,1.06,0.0,0.9041591320072332,0.0758408679927666,0.0388,True,1.0,0.06,200.0,1.0588,0.05879999999999996,0.03762399999999994
2026-03-30,2026-04-02,Marrakech,R16,Clay,3,Luca Van Assche,Tallon Griekspoor,player1,other,0.4342110828595978,2.38,2.29,0.0393013100436681,0.3974683544303797,0.0367427284292181,0.0334223772058428,True,1.0,1.38,200.0,2.3524,1.3523999999999998,0.021438151318917797
2026-03-30,2026-04-03,Houston,QF,Clay,3,Thiago Agustin Tirante,Ben Shelton,player1,top_10,0.3796095847374442,2.75,2.76,-0.003623188405797,0.3436754176610979,0.0359341670763463,0.0439263580279716,True,1.0,1.75,200.0,2.715,1.7149999999999999,0.03064002256216103
2026-03-30,2026-04-03,Bucharest,QF,Clay,3,Daniel Altmaier,Fabian Marozsan,player2,other,0.3780255462096813,2.75,2.78,-0.0107913669064747,0.3436754176610979,0.0343501285485834,0.0395702520766236,False,1.0,-1.0,200.0,2.715,-1.0,0.02633935795928477
2026-03-30,2026-04-04,Houston,SF,Clay,3,Frances Tiafoe,Tommy Paul,player1,other,0.3492620406230934,3.0,2.89,0.0380622837370241,0.3181818181818181,0.0310802224412752,0.0477861218692802,False,1.0,-1.0,200.0,2.96,-1.0,0.03381564024435646
2026-04-05,2026-04-07,Monte Carlo Masters,R64,Clay,4,Alexei Popyrin,Casper Ruud,player2,other,0.2968538488842245,3.5,3.51,-0.0028490028490028,0.2708333333333333,0.0260205155508911,0.0389884710947857,False,1.0,-1.0,200.0,3.45,-1.0,0.024145778650574545
2026-04-05,2026-04-07,Monte Carlo Masters,R64,Clay,4,Alexander Shevchenko,Marin Cilic,player2,other,0.5300941451082575,2.0,1.99,0.0050251256281406,0.4736842105263157,0.0564099345819417,0.0601882902165149,False,1.0,-1.0,200.0,1.98,-1.0,0.04958640731434982
2026-04-05,2026-04-08,Monte Carlo Masters,R32,Clay,4,Marin Cilic,Felix Auger Aliassime,player1,top_10,0.4032209824707927,2.75,2.77,-0.0072202166064981,0.3436754176610979,0.0595455648096948,0.10885770179468,False,1.0,-1.0,200.0,2.715,-1.0,0.09474496740820204
2026-04-05,2026-04-08,Monte Carlo Masters,R32,Clay,4,Matteo Berrettini,Daniil Medvedev,player2,top_10,0.3688651470712454,3.0,3.05,-0.0163934426229507,0.3181818181818181,0.0506833288894272,0.1065954412137362,True,1.0,2.0,200.0,2.96,1.96,0.09184083533088638
2026-04-05,2026-04-08,Monte Carlo Masters,R32,Clay,4,Valentin Vacherot,Lorenzo Musetti,player2,top_10,0.4314305945141807,2.75,2.68,0.0261194029850746,0.3436754176610979,0.0877551768530828,0.186434134913997,True,1.0,1.75,200.0,2.715,1.7149999999999999,0.1713340641060006
2026-04-05,2026-04-09,Monte Carlo Masters,R16,Clay,4,Casper Ruud,Felix Auger Aliassime,player1,top_10,0.6762492030993172,1.57,1.56,0.0064102564102563,0.6025316455696202,0.073717557529697,0.0617112488659281,False,1.0,-1.0,200.0,1.5586000000000002,-1.0,0.05400200795059601
2026-04-05,2026-04-09,Monte Carlo Masters,R16,Clay,4,Alexander Blockx,Alex De Minaur,player2,top_10,0.3778646755307566,3.75,3.53,0.0623229461756373,0.2559523809523809,0.1219122945783757,0.4169925332403374,False,1.0,-1.0,200.0,3.695,-1.0,0.3962099760861455
2026-04-05,2026-04-10,Monte Carlo Masters,QF,Clay,4,Valentin Vacherot,Alex De Minaur,player2,top_10,0.4226328526206568,2.75,2.68,0.0261194029850746,0.3436754176610979,0.0789574349595589,0.1622403447068063,True,1.0,1.75,200.0,2.715,1.7149999999999999,0.1474481948650832
2026-04-05,2026-04-11,Monte Carlo Masters,SF,Clay,4,Jannik Sinner,Alexander Zverev,player1,top_10,0.9292031889388066,1.17,1.17,0.0,0.8103727714748785,0.118830417463928,0.0871677310584036,True,1.0,0.1699999999999999,200.0,1.1665999999999999,0.16659999999999986,0.08400844021601164
2026-04-13,2026-04-13,Munich,R32,Clay,3,Emilio Nava,Ben Shelton,player2,top_10,0.3134993673441073,3.4,3.46,-0.0173410404624277,0.281183932346723,0.0323154349973842,0.0658978489699648,False,1.0,-1.0,200.0,3.352,-1.0,0.05084987933744767
2026-04-13,2026-04-14,Munich,R32,Clay,3,Alexander Zverev,Miomir Kecmanovic,player2,top_10,0.9286608843576905,1.14,1.15,-0.0086956521739131,0.8283132530120482,0.1003476313456421,0.0586734081677668,True,1.0,0.1399999999999999,200.0,1.1372,0.1372,0.05607315769156557
2026-04-13,2026-04-14,Barcelona,R32,Clay,3,Martin Landaluce,Lorenzo Musetti,player2,top_10,0.2889173707816741,4.33,4.14,0.0458937198067634,0.2198198198198198,0.0690975509618543,0.2510122154846489,False,1.0,-1.0,200.0,4.2634,-1.0,0.23177031859058939
2026-04-13,2026-04-16,Barcelona,R16,Clay,3,Lorenzo Sonego,Andrey Rublev,player2,other,0.2663635041317329,4.0,3.86,0.0362694300518136,0.238095238095238,0.0282682660364948,0.0654540165269317,False,1.0,-1.0,200.0,3.94,-1.0,0.0494722062790276
2026-04-13,2026-04-17,Munich,QF,Clay,3,Joao Fonseca,Ben Shelton,player1,top_10,0.7294882035506424,1.44,1.44,0.0,0.6563245823389022,0.0731636212117401,0.0504630131129249,False,1.0,-1.0,200.0,1.4312,-1.0,0.04404351692167935
2026-04-13,2026-04-17,Munich,QF,Clay,3,Francisco Cerundolo,Alexander Zverev,player1,top_10,0.3489809943905411,3.2,3.08,0.038961038961039,0.2982456140350877,0.0507353803554534,0.1167391820497316,False,1.0,-1.0,200.0,3.156,-1.0,0.10138401829654775
2026-04-13,2026-04-17,Barcelona,QF,Clay,3,Arthur Fils,Lorenzo Musetti,player1,top_10,0.5803917043319013,1.91,1.88,0.0159574468085106,0.5,0.0803917043319013,0.1085481552739315,True,1.0,0.91,200.0,1.8918,0.8917999999999999,0.09798502625509098
2026-04-22,2026-04-24,Madrid Masters,R64,Clay,4,Alejandro Tabilo,Jiri Lehecka,player1,other,0.4485792572258693,2.3,2.22,0.0360360360360358,0.413265306122449,0.0353139511034202,0.0317322916194993,False,1.0,-1.0,200.0,2.274,-1.0,0.020069230931626825
2026-04-22,2026-04-24,Madrid Masters,R64,Clay,4,Ben Shelton,Dino Prizmic,player1,top_10,0.716871654010495,1.44,1.46,-0.0136986301369863,0.6563245823389022,0.0605470716715927,0.0322951817751128,False,1.0,-1.0,200.0,1.4312,-1.0,0.02598671121982049
2026-04-22,2026-04-26,Madrid Masters,R32,Clay,4,Lorenzo Musetti,Tallon Griekspoor,player1,top_10,0.8268273452240554,1.25,1.22,0.0245901639344261,0.7619047619047619,0.0649225833192935,0.0335341815300692,True,1.0,0.25,200.0,1.245,0.2450000000000001,0.029400044803949088
2026-04-22,2026-04-27,Madrid Masters,R32,Clay,4,Nicolai Budkov Kjaer,Daniil Medvedev,player2,top_10,0.3111833357004949,3.5,3.42,0.023391812865497,0.2708333333333333,0.0403500023671615,0.0891416749517323,False,1.0,-1.0,200.0,3.45,-1.0,0.07358250816670753
2026-04-22,2026-04-28,Madrid Masters,R16,Clay,4,Jakub Mensik,Alexander Zverev,player1,top_10,0.4125389658648798,2.75,2.73,0.0073260073260073,0.3436754176610979,0.0688635482037819,0.1344821561284197,False,1.0,-1.0,200.0,2.715,-1.0,0.12004329232314859
2026-04-22,2026-04-28,Madrid Masters,R16,Clay,4,Flavio Cobolli,Daniil Medvedev,player2,top_10,0.553126812332209,1.91,1.97,-0.0304568527918781,0.5,0.0531268123322089,0.056472211554519,True,1.0,0.91,200.0,1.8918,0.8917999999999999,0.04640530357007283
2026-04-22,2026-04-30,Madrid Masters,QF,Clay,4,Flavio Cobolli,Alexander Zverev,player2,top_10,0.1414621788829009,10.0,9.25,0.0810810810810811,0.0958408679927667,0.0456213108901341,0.4146217888290091,False,1.0,-1.0,200.0,9.82,-1.0,0.389158596630087
