bets,wins,win_rate,staked,profit,roi,friction_adjusted_profit,friction_adjusted_roi,max_drawdown,average_odds,average_model_probability,average_edge,average_clv,clv_positive_rate,average_fractional_kelly,edge_threshold,model_type,max_odds,exclude_slams,surface,min_edge_trust
1,1,1.0,1.0,0.6699999999999999,0.6699999999999999,0.6566000000000001,0.6566000000000001,0.0,1.67,0.762661465928311,0.19418601373192856,0.030864197530864113,1.0,0.10210621197771613,0.1,other,3.0,False,Grass,
1,1,1.0,1.0,0.6699999999999999,0.6699999999999999,0.6566000000000001,0.6566000000000001,0.0,1.67,0.762661465928311,0.19418601373192856,0.030864197530864113,1.0,0.10210621197771613,0.1,other,5.0,False,Grass,
24,18,0.75,24.0,11.54,0.4808333333333333,11.1892,0.46621666666666667,-3.0,2.0591666666666666,0.6236950403909716,0.11028354202785533,0.0018558543612351337,0.375,0.05971359741244046,0.075,top_10,3.0,True,Grass,
14,10,0.7142857142857143,14.0,6.17,0.4407142857142857,5.9666,0.4261857142857143,-2.0,2.1342857142857143,0.6295917388109826,0.1339980542846261,0.0021421616643891228,0.42857142857142855,0.07368821990969032,0.1,,3.0,True,Grass,
14,10,0.7142857142857143,14.0,6.17,0.4407142857142857,5.9666,0.4261857142857143,-2.0,2.1342857142857143,0.6295917388109826,0.1339980542846261,0.0021421616643891228,0.42857142857142855,0.07368821990969032,0.1,top_10,3.0,True,Grass,
25,18,0.72,25.0,10.54,0.4216,10.1892,0.407568,-4.0,2.0968,0.6134057580707919,0.10780344691492769,0.0035934668766812016,0.4,0.057821998251740066,0.075,,3.0,True,Grass,
25,15,0.6,25.0,8.29,0.33159999999999995,7.924199999999999,0.31696799999999997,-2.0,2.4259999999999997,0.4749499069956127,0.06837773978441483,0.00651517571310321,0.56,0.022410305589823723,0.075,other,3.0,True,Hard,
33,22,0.6666666666666666,33.0,9.91,0.3003030303030303,9.4918,0.287630303030303,-5.8,1.9881818181818183,0.6270473760104202,0.09861575025454646,0.0013360810501607014,0.3939393939393939,0.051616825273665866,0.05,top_10,3.0,True,Grass,
43,30,0.6976744186046512,43.0,10.219999999999999,0.23767441860465113,9.7556,0.22687441860465116,-6.7,1.8846511627906979,0.6530594363195139,0.09060332909533689,0.0014951909000748263,0.4186046511627907,0.049767025598424476,0.03,top_10,3.0,True,Grass,
48,33,0.6875,48.0,11.18,0.23291666666666666,10.656399999999998,0.22200833333333328,-3.0,1.9272916666666664,0.6772145277338457,0.1256545869382123,-0.0017406511058306942,0.3541666666666667,0.07872221030183928,0.075,top_10,3.0,False,Grass,
40,23,0.575,40.0,8.979999999999999,0.22449999999999998,8.460399999999998,0.21150999999999995,-3.0,2.30925,0.5107951542860013,0.08103843484027322,0.008045796667237703,0.575,0.029701977280548585,0.075,other,3.0,True,,
31,13,0.41935483870967744,31.0,7.040000000000003,0.22709677419354848,6.539199999999999,0.21094193548387094,-3.6,3.386129032258064,0.41007045185741375,0.06877864387922185,0.010294962823636157,0.6129032258064516,0.024549509549228906,0.075,other,10.0,False,Clay,
31,13,0.41935483870967744,31.0,7.040000000000003,0.22709677419354848,6.539199999999999,0.21094193548387094,-3.6,3.386129032258064,0.41007045185741375,0.06877864387922185,0.010294962823636157,0.6129032258064516,0.024549509549228906,0.075,other,10.0,True,Clay,
31,13,0.41935483870967744,31.0,7.040000000000003,0.22709677419354848,6.539199999999999,0.21094193548387094,-3.6,3.386129032258064,0.41007045185741375,0.06877864387922185,0.010294962823636157,0.6129032258064516,0.024549509549228906,0.075,other,,True,Clay,
48,33,0.6875,48.0,10.56,0.22,10.0488,0.20935,-6.500000000000001,1.8500000000000003,0.6640057454417865,0.08758634571631214,0.002632406092505035,0.4166666666666667,0.04751717372964054,0.02,top_10,3.0,True,Grass,
36,24,0.6666666666666666,36.0,7.09,0.19694444444444445,6.7082000000000015,0.18633888888888894,-3.0,1.9644444444444444,0.6827581849732712,0.14283155498264238,-0.0010362858451027264,0.4166666666666667,0.08879021655707159,0.1,,3.0,False,Grass,
51,35,0.6862745098039216,51.0,9.969999999999999,0.19549019607843135,9.4506,0.18530588235294118,-6.500000000000001,1.8472549019607842,0.6648503108926794,0.08521496896641934,0.0022658154561706265,0.4117647058823529,0.04577054379129912,0.01,top_10,3.0,True,Grass,
51,34,0.6666666666666666,51.0,9.849999999999998,0.19313725490196074,9.312999999999999,0.18260784313725487,-3.7,1.9407843137254903,0.6712843059871578,0.12446371347652495,0.0004153047111726728,0.39215686274509803,0.07682822944856123,0.075,,3.0,False,Grass,
36,22,0.6111111111111112,36.0,6.91,0.19194444444444445,6.4918,0.18032777777777775,-6.8,2.030833333333333,0.6111827831242489,0.09448235751170118,0.0031735320688501913,0.4166666666666667,0.04834050069685258,0.05,,3.0,True,Grass,
28,15,0.5357142857142857,28.0,5.289999999999999,0.1889285714285714,4.924199999999999,0.17586428571428567,-3.15,2.4649999999999994,0.4665521164740589,0.06658265311677355,0.008817702836788352,0.6071428571428571,0.021435544810875163,0.075,other,3.0,False,Hard,
51,34,0.6666666666666666,51.0,9.38,0.183921568627451,8.8524,0.17357647058823528,-7.7,1.919607843137255,0.6337018407798889,0.08409283743711579,0.0027436513098452685,0.43137254901960786,0.043987883309863134,0.03,,3.0,True,Grass,
32,13,0.40625,32.0,6.040000000000002,0.18875000000000006,5.539199999999998,0.17309999999999995,-4.6,3.6240625,0.40067763027180886,0.06732816224729221,0.008956314716488119,0.59375,0.023942104385423785,0.075,other,,False,Clay,
35,23,0.6571428571428571,35.0,6.419999999999998,0.18342857142857139,6.0516000000000005,0.17290285714285716,-3.0,1.9728571428571429,0.6804752340888415,0.1413642847326628,-0.0019477282272732075,0.4,0.08840975954505317,0.1,top_10,3.0,False,Grass,
80,41,0.5125,80.0,14.620000000000001,0.18275000000000002,13.547600000000001,0.16934500000000002,-8.36,2.8566249999999997,0.5030283924042774,0.0881854584548591,0.011703349842721382,0.55,0.038083576177561425,0.03,top_10,5.0,True,Grass,
124,52,0.41935483870967744,124.0,22.46,0.1811290322580645,20.570800000000002,0.1658935483870968,-11.59,3.726048387096774,0.44466884490701214,0.10293411601536795,-5.6299738845257176e-05,0.4435483870967742,0.04606713283379601,0.075,top_10,10.0,False,Grass,
92,47,0.5108695652173914,92.0,16.38,0.17804347826086955,15.1524,0.1647,-9.36,2.817282608695652,0.4968803166889659,0.08227952417474876,0.010843100228558151,0.5434782608695652,0.03448506948624307,0.03,,5.0,True,Grass,
172,83,0.48255813953488375,172.0,30.660000000000007,0.1782558139534884,28.26679999999999,0.16434186046511623,-10.580000000000002,3.291918604651163,0.4964485910548117,0.09056445879744075,0.001121190056696173,0.45348837209302323,0.043390201331690546,0.03,top_10,10.0,False,Grass,
9,5,0.5555555555555556,9.0,1.5899999999999999,0.17666666666666664,1.4781999999999997,0.16424444444444442,-1.27,2.3411111111111107,0.5021807864322617,0.08689078185759984,-0.00802902501192853,0.2222222222222222,0.030265517987243536,0.1,other,3.0,True,Hard,
148,62,0.4189189189189189,148.0,24.540000000000003,0.16581081081081084,22.329200000000004,0.150872972972973,-10.89,3.580067567567567,0.4516784109576448,0.09461030428036121,0.0016012257538392234,0.4527027027027027,0.04236306885317902,0.05,top_10,10.0,False,Grass,
69,32,0.463768115942029,69.0,10.81,0.15666666666666668,9.8538,0.1428086956521739,-8.8,3.0231884057971015,0.47280727729473415,0.0926690245488179,0.013863437397807068,0.5652173913043478,0.037792684378679595,0.05,top_10,5.0,True,Grass,
184,89,0.483695652173913,184.0,27.6,0.15,25.148,0.13667391304347826,-11.580000000000002,3.21125,0.5071012081202771,0.08791892586056922,0.0020320347830456477,0.45108695652173914,0.04258979633847655,0.02,top_10,10.0,False,Grass,
87,44,0.5057471264367817,87.0,12.96,0.14896551724137932,11.840799999999998,0.13610114942528734,-8.36,2.806781609195402,0.5121991350279607,0.08505357709379031,0.012608151175269615,0.5517241379310345,0.03668514233768972,0.02,top_10,5.0,True,Grass,
27,12,0.4444444444444444,27.0,4.04,0.14962962962962964,3.6591999999999993,0.1355259259259259,-3.0,2.9062962962962957,0.4451735246446681,0.07493979393592187,0.008701878974903685,0.5925925925925926,0.027352697128995834,0.075,other,5.0,False,Clay,
27,12,0.4444444444444444,27.0,4.04,0.14962962962962964,3.6591999999999993,0.1355259259259259,-3.0,2.9062962962962957,0.4451735246446681,0.07493979393592187,0.008701878974903685,0.5925925925925926,0.027352697128995834,0.075,other,5.0,True,Clay,
12,6,0.5,12.0,1.7600000000000005,0.1466666666666667,1.6048000000000004,0.13373333333333337,-4.46,2.555,0.45589314525355445,0.04290662897401324,0.0051081028008032785,0.5,0.010495024877453948,0.03,other,5.0,True,Grass,
18,10,0.5555555555555556,18.0,2.4699999999999998,0.13722222222222222,2.2605999999999997,0.12558888888888886,-2.77,2.223888888888889,0.5433938730879573,0.10539820457339763,0.004119787219894946,0.4444444444444444,0.04106462355585373,0.1,other,3.0,True,,
90,46,0.5111111111111111,90.0,12.37,0.13744444444444442,11.242599999999998,0.12491777777777775,-8.36,2.7733333333333334,0.5177379424639276,0.08379422255626844,0.012067891645254632,0.5444444444444444,0.03605645308569462,0.01,top_10,5.0,True,Grass,
54,25,0.46296296296296297,54.0,7.29,0.135,6.564199999999999,0.12155925925925924,-7.98,3.1159259259259255,0.46829648989463174,0.10404189579594803,0.01621952569628282,0.5925925925925926,0.04270482934016265,0.075,top_10,5.0,True,Grass,
63,40,0.6349206349206349,63.0,8.22,0.1304761904761905,7.595600000000001,0.12056507936507938,-8.06,1.9201587301587302,0.6297233035937669,0.07745190989105523,0.00310533215907193,0.42857142857142855,0.03878945534073032,0.02,,3.0,True,Grass,
199,100,0.5025125628140703,199.0,25.94,0.13035175879396985,23.4412,0.11779497487437185,-11.700000000000003,3.1370854271356783,0.5218868162230607,0.08481966618574008,0.0010133213394332627,0.4221105527638191,0.040977060058583176,0.01,top_10,10.0,False,Grass,
147,77,0.5238095238095238,147.0,18.660000000000007,0.12693877551020413,16.8868,0.11487619047619048,-9.559999999999999,2.7531292517006802,0.5448810279728468,0.0956194721231954,0.0011104271706245904,0.4557823129251701,0.0480849027365384,0.03,top_10,5.0,False,Grass,
45,24,0.5333333333333333,45.0,5.6499999999999995,0.12555555555555553,5.116999999999999,0.1137111111111111,-4.75,2.3157777777777775,0.5107612677679414,0.081430138585203,0.010339639542095434,0.6222222222222222,0.03011481544831694,0.075,other,3.0,False,,
55,29,0.5272727272727272,55.0,6.879999999999999,0.12509090909090909,6.222399999999997,0.11313454545454539,-6.82,2.232181818181818,0.5054015486441769,0.05946652912764093,0.015749265687759573,0.6727272727272727,0.019002197296664032,0.03,other,3.0,True,Clay,
89,42,0.47191011235955055,89.0,11.12,0.12494382022471909,9.957599999999998,0.1118831460674157,-9.36,3.225056179775281,0.47547693421044956,0.0872191837296449,0.012929874932261965,0.550561797752809,0.0363830947055541,0.03,top_10,10.0,True,Grass,
74,33,0.44594594594594594,74.0,9.21,0.12445945945945946,8.205799999999998,0.11088918918918916,-9.8,3.02027027027027,0.46645998765766855,0.08933280496822789,0.013299412847808244,0.5675675675675675,0.03592369063495507,0.05,,5.0,True,Grass,
14,8,0.5714285714285714,14.0,1.6899999999999995,0.12071428571428568,1.5362,0.10972857142857143,-1.2000000000000002,2.051428571428571,0.585113965297375,0.10598662391399245,0.008118307615324363,0.5714285714285714,0.043956988077244255,0.075,other,3.0,False,Clay,
14,8,0.5714285714285714,14.0,1.6899999999999995,0.12071428571428568,1.5362,0.10972857142857143,-1.2000000000000002,2.051428571428571,0.585113965297375,0.10598662391399245,0.008118307615324363,0.5714285714285714,0.043956988077244255,0.075,other,3.0,True,Clay,
85,59,0.6941176470588235,85.0,9.729999999999999,0.1144705882352941,9.015400000000001,0.10606352941176472,-7.589999999999999,1.755411764705882,0.7058653662396548,0.100689153934009,-0.0012792839402496823,0.4,0.06445222637655529,0.03,top_10,3.0,False,Grass,
62,39,0.6290322580645161,62.0,7.109999999999999,0.1146774193548387,6.5078,0.10496451612903225,-6.8,1.8927419354838706,0.6723770999400771,0.1129494644281493,-0.0016953893578008235,0.3709677419354839,0.0691519807838978,0.05,top_10,3.0,False,Grass,
98,42,0.42857142857142855,98.0,11.610000000000001,0.11846938775510206,10.2578,0.10467142857142857,-12.440000000000001,2.935102040816327,0.40754380333011964,0.0463698481561614,0.01785853541999643,0.6632653061224489,0.01316373359113267,0.03,other,5.0,True,Clay,
107,53,0.4953271028037383,107.0,12.22,0.11420560747663552,10.895600000000002,0.10182803738317758,-9.36,2.7522429906542056,0.5030947551719511,0.07675978683500341,0.011313397363943569,0.5420560747663551,0.031576779485553944,0.02,,5.0,True,Grass,
133,53,0.39849624060150374,133.0,15.130000000000003,0.11375939849624062,13.2274,0.09945413533834586,-12.29,3.8032330827067673,0.43645728368404785,0.09964064284869473,0.00258541014882925,0.46616541353383456,0.04426491419163868,0.075,,10.0,False,Grass,
20,11,0.55,20.0,2.1399999999999997,0.10699999999999998,1.9171999999999998,0.09585999999999999,-2.1,2.2350000000000003,0.545797389070257,0.10726842388824331,0.007698570822001105,0.5,0.04279215804715912,0.1,other,3.0,False,,
94,65,0.6914893617021277,94.0,9.669999999999996,0.10287234042553188,8.896600000000001,0.09464468085106384,-7.39,1.723085106382979,0.7141638177935423,0.09684848005666026,-0.0009584903502162754,0.3829787234042553,0.06218799897234117,0.02,top_10,3.0,False,Grass,
123,56,0.45528455284552843,123.0,12.54,0.10195121951219512,10.949199999999998,0.08901788617886176,-12.329999999999998,2.9947154471544715,0.5004614493683925,0.1014739879873445,0.0016859310235632368,0.45528455284552843,0.04776504279260865,0.05,top_10,5.0,False,Grass,
168,86,0.5119047619047619,168.0,16.75,0.09970238095238096,14.774999999999997,0.08794642857142855,-9.559999999999999,2.740059523809524,0.5346402908848955,0.0900153994608963,0.0024494336813515646,0.47619047619047616,0.044079576328647306,0.03,,5.0,False,Grass,
9,5,0.5555555555555556,9.0,0.8800000000000001,0.0977777777777778,0.7824,0.08693333333333333,-1.5,2.106666666666667,0.584606959743653,0.12390562728919546,0.01626859945171842,0.6666666666666666,0.05186372912446392,0.1,other,3.0,False,Clay,
9,5,0.5555555555555556,9.0,0.8800000000000001,0.0977777777777778,0.7824,0.08693333333333333,-1.5,2.106666666666667,0.584606959743653,0.12390562728919546,0.01626859945171842,0.6666666666666666,0.05186372912446392,0.1,other,3.0,True,Clay,
159,83,0.5220125786163522,159.0,15.6,0.0981132075471698,13.767999999999997,0.08659119496855344,-10.82,2.700440251572327,0.5535533065705147,0.09217646444839402,0.002165298769877184,0.4528301886792453,0.046804330814465764,0.02,top_10,5.0,False,Grass,
96,45,0.46875,96.0,9.46,0.09854166666666668,8.250799999999998,0.08594583333333332,-9.36,3.1530208333333327,0.4857968802064625,0.0844513737782232,0.013660417018771466,0.5520833333333334,0.03523975747883757,0.02,top_10,10.0,True,Grass,
107,76,0.7102803738317757,107.0,10.01,0.09355140186915888,9.1898,0.08588598130841121,-8.39,1.6811214953271028,0.7233035315287294,0.09146299831446086,-0.002012693364524616,0.34579439252336447,0.05758987314332735,0.01,top_10,3.0,False,Grass,
202,92,0.45544554455445546,202.0,19.75,0.09777227722772278,17.154999999999998,0.08492574257425742,-15.85,3.4174752475247523,0.47757680305098826,0.08320354671873674,0.002106663943561875,0.47029702970297027,0.03876112227610111,0.03,,10.0,False,Grass,
164,65,0.39634146341463417,164.0,15.990000000000002,0.09750000000000002,13.690199999999997,0.08347682926829267,-15.930000000000001,3.6256097560975604,0.44236257685490354,0.09015979323018186,0.004527338541609652,0.4817073170731707,0.03971501840612155,0.05,,10.0,False,Grass,
55,27,0.4909090909090909,55.0,5.240000000000002,0.09527272727272731,4.5752000000000015,0.08318545454545458,-7.03,2.5301818181818185,0.4789118359020687,0.04067048443389803,0.009179558895227525,0.5636363636363636,0.010548476170841588,0.01,other,5.0,False,Grass,
104,48,0.46153846153846156,104.0,9.880000000000003,0.09500000000000003,8.562399999999998,0.08233076923076922,-10.49,3.2470192307692303,0.46467618969433155,0.08044150038013799,0.014593703169731905,0.5576923076923077,0.03253045518619323,0.03,,10.0,True,Grass,
227,121,0.5330396475770925,227.0,21.180000000000007,0.09330396475770929,18.636400000000002,0.08209867841409692,-14.540000000000003,2.583436123348018,0.548974474538796,0.07742607130167525,0.0031889786192254715,0.4581497797356828,0.036733477144635686,0.01,,5.0,False,Grass,
100,46,0.46,100.0,9.46,0.0946,8.1908,0.081908,-11.44,3.0603000000000002,0.5004044570735418,0.11264274616171399,0.0011403455177602263,0.45,0.053211547215927954,0.075,top_10,5.0,False,Grass,
172,94,0.5465116279069767,172.0,15.940000000000007,0.0926744186046512,14.061199999999998,0.08175116279069766,-12.54,2.6004651162790697,0.5713782252656565,0.08917931128846451,0.0012733860891085361,0.42441860465116277,0.045106587921139606,0.01,top_10,5.0,False,Grass,
56,25,0.44642857142857145,56.0,5.290000000000001,0.09446428571428574,4.5642,0.08150357142857143,-8.98,3.129642857142857,0.462994139475481,0.10189331135750734,0.015203269874753466,0.5892857142857143,0.04153959275131834,0.075,,5.0,True,Grass,
78,33,0.4230769230769231,78.0,7.3100000000000005,0.09371794871794872,6.263799999999998,0.08030512820512818,-11.299999999999999,3.4243589743589737,0.4448574087913393,0.09104914576177058,0.015013693102593484,0.5641025641025641,0.035885955855362736,0.05,top_10,10.0,True,Grass,
58,30,0.5172413793103449,58.0,5.32,0.09172413793103448,4.653599999999999,0.08023448275862068,-6.82,2.214827586206897,0.5096564278789083,0.05909295416280618,0.015398814533117594,0.6551724137931034,0.01884281141240936,0.03,other,3.0,False,Clay,
99,47,0.47474747474747475,99.0,8.87,0.08959595959595959,7.652599999999998,0.07729898989898988,-9.36,3.112121212121212,0.49163222802162926,0.08332475460215992,0.013137385147742636,0.5454545454545454,0.034712021336383,0.01,top_10,10.0,True,Grass,
77,47,0.6103896103896104,77.0,6.65,0.08636363636363636,5.917,0.07684415584415584,-9.06,1.953506493506493,0.6137794372846627,0.07004906358783991,0.0025885913378918264,0.42857142857142855,0.03322796962359656,0.01,,3.0,True,Grass,
121,60,0.49586776859504134,121.0,10.65,0.08801652892561984,9.217,0.07617355371900827,-9.36,2.677190082644628,0.5075998954372767,0.07212896499564099,0.010034868801141327,0.5289256198347108,0.028872176690125595,0.01,,5.0,True,Grass,
107,43,0.40186915887850466,107.0,9.61,0.08981308411214953,8.137799999999999,0.07605420560747662,-14.4,3.2209345794392528,0.3878522282493232,0.04430676884348408,0.018447655648448205,0.6635514018691588,0.012389394970797597,0.03,other,10.0,True,Clay,
107,43,0.40186915887850466,107.0,9.61,0.08981308411214953,8.137799999999999,0.07605420560747662,-14.4,3.2209345794392528,0.3878522282493232,0.04430676884348408,0.018447655648448205,0.6635514018691588,0.012389394970797597,0.03,other,,True,Clay,
92,42,0.45652173913043476,92.0,8.119999999999997,0.08826086956521736,6.957599999999998,0.07562608695652172,-9.36,3.5438043478260868,0.46391049012598023,0.08589050645696797,0.009457907054642159,0.5434782608695652,0.035571415825224856,0.03,top_10,,True,Grass,
44,22,0.5,44.0,3.809999999999999,0.08659090909090907,3.293799999999999,0.07485909090909089,-7.0,2.4268181818181813,0.47214080551036963,0.06027377580032951,0.010149447952073738,0.5681818181818182,0.01945332553651201,0.05,other,3.0,True,Hard,
99,66,0.6666666666666666,99.0,8.22,0.08303030303030304,7.3956000000000035,0.07470303030303034,-8.59,1.7966666666666664,0.6845483284678026,0.09531647488829532,0.0012503103686553388,0.43434343434343436,0.05840577734139946,0.03,,3.0,False,Grass,
263,127,0.4828897338403042,263.0,22.18,0.08433460076045628,19.016399999999997,0.07230570342205322,-18.370000000000005,3.163269961977186,0.5002088448715624,0.07330606475867234,0.0026272093089248745,0.4524714828897338,0.03332450604879995,0.01,,10.0,False,Grass,
105,38,0.3619047619047619,105.0,8.849999999999998,0.08428571428571427,7.333000000000002,0.06983809523809525,-16.14,3.9306666666666663,0.42696605077937144,0.10935360790808533,-0.0008257053694528042,0.44761904761904764,0.04746639625300828,0.1,top_10,10.0,False,Grass,
232,106,0.45689655172413796,232.0,18.900000000000002,0.08146551724137932,16.002000000000002,0.06897413793103449,-19.850000000000005,3.29125,0.4844871343499579,0.07765436804354134,0.003691682250819295,0.4827586206896552,0.0358668038192534,0.02,,10.0,False,Grass,
198,100,0.5050505050505051,198.0,15.900000000000004,0.08030303030303032,13.621999999999998,0.06879797979797979,-11.820000000000004,2.6947979797979795,0.5340912617250153,0.08248123261791591,0.004254692040695155,0.4898989898989899,0.039882427320742986,0.02,,5.0,False,Grass,
117,45,0.38461538461538464,117.0,9.050000000000002,0.07735042735042737,7.4289999999999985,0.06349572649572648,-14.899999999999999,3.3216239316239315,0.383068908638634,0.043021676462513356,0.019987780378500217,0.6581196581196581,0.011929266371639024,0.03,other,10.0,False,Clay,
108,39,0.3611111111111111,108.0,7.519999999999998,0.06962962962962961,5.989600000000002,0.05545925925925928,-16.14,3.9387962962962964,0.42602872457207513,0.10879580376043331,0.0011560570445322549,0.46296296296296297,0.047244305937193684,0.1,,10.0,False,Grass,
104,43,0.41346153846153844,104.0,7.050000000000002,0.06778846153846155,5.688999999999997,0.05470192307692305,-12.5,2.9147115384615385,0.4102323693745093,0.046011425436151006,0.016964839214096677,0.6442307692307693,0.013011849778619793,0.03,other,5.0,False,Clay,
134,59,0.44029850746268656,134.0,8.989999999999998,0.06708955223880596,7.3102,0.05455373134328358,-13.329999999999998,2.97089552238806,0.4956721687668235,0.09808148437262627,0.0033809609857318244,0.47761194029850745,0.04547554105641277,0.05,,5.0,False,Grass,
118,45,0.3813559322033898,118.0,8.050000000000002,0.06822033898305087,6.4289999999999985,0.054483050847457616,-14.999999999999998,3.3866949152542376,0.380750529422358,0.04284660489636895,0.019542614641351052,0.652542372881356,0.011871497540586702,0.03,other,,False,Clay,
99,45,0.45454545454545453,99.0,6.460000000000001,0.06525252525252526,5.2508,0.053038383838383836,-9.36,3.4514141414141406,0.4747355398654604,0.08330051641224327,0.010411804180382067,0.5454545454545454,0.034520116617118984,0.02,top_10,,True,Grass,
107,48,0.4485981308411215,107.0,6.880000000000001,0.06429906542056076,5.562399999999999,0.05198504672897196,-12.21,3.5204672897196256,0.45503403434645484,0.07948911478165425,0.011561810371101698,0.5514018691588785,0.03194058099523802,0.03,,,True,Grass,
132,54,0.4090909090909091,132.0,8.349999999999998,0.06325757575757573,6.623,0.05017424242424243,-13.110000000000003,2.894090909090909,0.40886148761313496,0.042068759679246226,0.01581405061229684,0.6363636363636364,0.011092924089699873,0.02,other,5.0,True,Clay,
191,83,0.43455497382198954,191.0,11.660000000000002,0.061047120418848175,9.2668,0.048517277486910995,-14.580000000000002,4.6817277486911,0.45750597877735877,0.0856975558158284,0.011997775998503143,0.4869109947643979,0.04011415368379219,0.03,top_10,,False,Grass,
10,5,0.5,10.0,0.5899999999999999,0.05899999999999998,0.47819999999999974,0.047819999999999974,-2.27,2.4069999999999996,0.4891823677783953,0.08360318184301785,-0.0023310176156307815,0.3,0.028696338684529116,0.1,other,3.0,False,Hard,
43,17,0.3953488372093023,43.0,2.619999999999999,0.060930232558139515,2.0475999999999983,0.04761860465116275,-6.6,2.9537209302325578,0.41870924449283126,0.061970010606525426,0.011712294853911143,0.6046511627906976,0.020492880450950778,0.05,other,5.0,False,Clay,
43,17,0.3953488372093023,43.0,2.619999999999999,0.060930232558139515,2.0475999999999983,0.04761860465116275,-6.6,2.9537209302325578,0.41870924449283126,0.061970010606525426,0.011712294853911143,0.6046511627906976,0.020492880450950778,0.05,other,5.0,True,Clay,
121,78,0.6446280991735537,121.0,6.709999999999999,0.055454545454545444,5.7158,0.04723801652892562,-8.39,1.805702479338843,0.6749619720257852,0.08681743640192076,0.0013745214063147046,0.4297520661157025,0.05171984956501499,0.02,,3.0,False,Grass,
63,26,0.4126984126984127,63.0,3.790000000000001,0.060158730158730175,2.974199999999999,0.04720952380952379,-12.06,3.599365079365079,0.43433628899520527,0.10041163569096609,0.017307067764331375,0.5873015873015873,0.039642382840606095,0.075,top_10,10.0,True,Grass,
105,47,0.44761904761904764,105.0,6.129999999999999,0.058380952380952374,4.847399999999995,0.04616571428571424,-12.010000000000002,3.055523809523809,0.4980201467325834,0.11094699962829507,0.0022305898652065777,0.4666666666666667,0.052137306674778235,0.075,,5.0,False,Grass,
102,47,0.46078431372549017,102.0,5.870000000000001,0.057549019607843144,4.652599999999998,0.04561372549019606,-9.36,3.4029411764705877,0.4807245933431517,0.08224088184035772,0.009999703036100831,0.5392156862745098,0.03402906803361067,0.01,top_10,,True,Grass,
193,82,0.42487046632124353,193.0,11.170000000000002,0.057875647668393794,8.726599999999994,0.04521554404145075,-15.290000000000001,2.7340414507772017,0.42673301261770696,0.03839167190415279,0.013565174673572123,0.6062176165803109,0.008767159242347453,0.01,other,5.0,True,Clay,
77,38,0.4935064935064935,77.0,4.340000000000002,0.05636363636363639,3.4731999999999985,0.04510649350649349,-9.44,2.2314285714285713,0.4999428963734468,0.05258773444579129,0.013609195496265537,0.6233766233766234,0.015498190637629337,0.02,other,3.0,True,Clay,
81,33,0.4074074074074074,81.0,4.3100000000000005,0.05320987654320988,3.2637999999999994,0.04029382716049382,-11.299999999999999,3.779012345679013,0.43285426953808204,0.0893981803891452,0.010993044963679699,0.5555555555555556,0.03498246152894648,0.05,top_10,,True,Grass,
50,18,0.36,50.0,2.620000000000001,0.05240000000000002,1.9276000000000009,0.03855200000000002,-8.85,3.4301999999999997,0.3845342983365337,0.05660201052924814,0.015046814067623801,0.64,0.01825242802744872,0.05,other,10.0,False,Clay,
50,18,0.36,50.0,2.620000000000001,0.05240000000000002,1.9276000000000009,0.03855200000000002,-8.85,3.4301999999999997,0.3845342983365337,0.05660201052924814,0.015046814067623801,0.64,0.01825242802744872,0.05,other,10.0,True,Clay,
50,18,0.36,50.0,2.620000000000001,0.05240000000000002,1.9276000000000009,0.03855200000000002,-8.85,3.4301999999999997,0.3845342983365337,0.05660201052924814,0.015046814067623801,0.64,0.01825242802744872,0.05,other,,True,Clay,
148,97,0.6554054054054054,148.0,6.790000000000003,0.045878378378378395,5.634200000000001,0.03806891891891893,-9.39,1.7848648648648646,0.6754537173962063,0.07915743543689552,0.00021924316351818582,0.3918918918918919,0.045250975004718884,0.01,,3.0,False,Grass,
119,54,0.453781512605042,119.0,5.720000000000002,0.04806722689075632,4.305599999999999,0.03618151260504201,-12.490000000000002,3.1343697478991595,0.4743233058506252,0.07571005888069605,0.014543810307283444,0.5546218487394958,0.03016181808053787,0.02,,10.0,True,Grass,
70,41,0.5857142857142857,70.0,3.16,0.045142857142857144,2.5168,0.035954285714285716,-7.8,1.933857142857143,0.6531014759715549,0.10808023120825908,0.0013989884708409007,0.4142857142857143,0.06409048389010825,0.05,,3.0,False,Grass,
83,32,0.3855421686746988,83.0,3.9099999999999975,0.047108433734939725,2.811799999999997,0.033877108433734905,-10.479999999999999,3.1787951807228914,0.39307861519673715,0.06073826989995112,0.009864938361849896,0.6265060240963856,0.019336133663645255,0.075,other,5.0,True,,
129,63,0.4883720930232558,129.0,5.760000000000002,0.04465116279069769,4.324799999999998,0.03352558139534882,-11.58,2.204806201550387,0.4988691073295503,0.044587146525598725,0.010606176937918654,0.5813953488372093,0.01092083044902209,0.01,other,3.0,True,Clay,
406,241,0.5935960591133005,406.0,17.03,0.041945812807881774,13.389399999999998,0.03297881773399015,-11.7,1.9684482758620687,0.6478502076120715,0.11435823879832878,0.0031908625793625875,0.4605911330049261,0.06408269144681628,0.075,,3.0,True,,
203,89,0.43842364532019706,203.0,8.600000000000005,0.04236453201970446,6.147999999999997,0.03028571428571427,-16.21,4.526453201970443,0.4694635792077777,0.08358733303452291,0.012180418354890431,0.4827586206896552,0.03958232143267597,0.02,top_10,,False,Grass,
203,83,0.4088669950738916,203.0,8.170000000000003,0.04024630541871923,5.606599999999997,0.027618719211822643,-17.29,2.9072413793103453,0.4143223534578201,0.03754460934904786,0.013990278390103741,0.6059113300492611,0.008518650322682349,0.01,other,10.0,True,Clay,
203,83,0.4088669950738916,203.0,8.170000000000003,0.04024630541871923,5.606599999999997,0.027618719211822643,-17.29,2.9072413793103453,0.4143223534578201,0.03754460934904786,0.013990278390103741,0.6059113300492611,0.008518650322682349,0.01,other,,True,Clay,
84,41,0.4880952380952381,84.0,3.200000000000001,0.038095238095238106,2.275999999999997,0.02709523809523806,-8.98,2.2313095238095237,0.49956289058713294,0.05158256719126729,0.025086787238026414,0.5952380952380952,0.014991804999961797,0.02,other,3.0,False,Clay,
141,52,0.36879432624113473,141.0,5.459999999999998,0.03872340425531914,3.5708,0.025324822695035464,-18.01,5.376099290780141,0.40425557031727016,0.0960457396534854,0.010938746415310051,0.48226950354609927,0.04190713145810121,0.075,top_10,,False,Grass,
142,55,0.3873239436619718,142.0,5.35,0.03767605633802817,3.502999999999994,0.024669014084506998,-15.110000000000003,3.1304225352112676,0.3923780470539005,0.04059886829588542,0.016263397760667767,0.6338028169014085,0.01057387508149184,0.02,other,10.0,True,Clay,
142,55,0.3873239436619718,142.0,5.35,0.03767605633802817,3.502999999999994,0.024669014084506998,-15.110000000000003,3.1304225352112676,0.3923780470539005,0.04059886829588542,0.016263397760667767,0.6338028169014085,0.01057387508149184,0.02,other,,True,Clay,
138,67,0.4855072463768116,138.0,4.920000000000002,0.03565217391304349,3.4015999999999984,0.02464927536231883,-11.040000000000001,2.2004347826086956,0.5002019580436325,0.04427113185298962,0.017807078837472883,0.572463768115942,0.010794958664379035,0.01,other,3.0,False,Clay,
98,53,0.5408163265306123,98.0,3.219999999999999,0.03285714285714285,2.2555999999999994,0.02301632653061224,-10.08,2.0827551020408164,0.6277120957247982,0.1283314203372052,0.00321119259039782,0.4897959183673469,0.06690321626984366,0.1,,3.0,False,Clay,
224,89,0.39732142857142855,224.0,7.830000000000007,0.03495535714285718,4.9733999999999945,0.022202678571428547,-15.72,2.981964285714286,0.4089373224346389,0.03658097839296231,0.019201035200918752,0.5982142857142857,0.00821129024291756,0.01,other,10.0,False,Clay,
54,20,0.37037037037037035,54.0,1.8699999999999992,0.034629629629629614,1.1525999999999987,0.02134444444444442,-13.34,3.303148148148148,0.3697440470297468,0.05426183152568215,0.011265007894892966,0.6481481481481481,0.015670738183233786,0.075,other,5.0,True,Hard,
49,23,0.46938775510204084,49.0,1.5599999999999996,0.031836734693877544,1.0087999999999964,0.020587755102040743,-8.15,2.4414285714285713,0.4684588158036899,0.059296195585535325,0.010977918445300926,0.5918367346938775,0.018796983141429763,0.05,other,3.0,False,Hard,
210,87,0.4142857142857143,210.0,6.83,0.032523809523809524,4.233399999999998,0.020159047619047608,-14.72,2.7474285714285718,0.42504758909139845,0.03776384469458547,0.017755332100095226,0.5904761904761905,0.008548725305338612,0.01,other,5.0,False,Clay,
167,62,0.3712574850299401,167.0,5.540000000000001,0.033173652694610783,3.3291999999999993,0.01993532934131736,-15.83,5.136826347305389,0.4122328689028702,0.08858366036620884,0.013986299027129124,0.49101796407185627,0.03873307134625167,0.05,top_10,,False,Grass,
133,61,0.45864661654135336,133.0,4.150000000000002,0.03120300751879701,2.627,0.019751879699248118,-11.990000000000002,3.0258646616541354,0.4814505409077903,0.07160755323255656,0.013040594237314802,0.5413533834586466,0.027850182903270165,0.01,,10.0,True,Grass,
83,45,0.5421686746987951,83.0,2.41,0.029036144578313255,1.601799999999999,0.019298795180722878,-6.1899999999999995,2.0839759036144576,0.6285633246140475,0.12957130691731128,0.005357969297622174,0.5060240963855421,0.06776634731193344,0.1,,3.0,True,Clay,
86,34,0.3953488372093023,86.0,2.7099999999999995,0.03151162790697674,1.6157999999999988,0.018788372093023243,-14.299999999999999,3.5116279069767433,0.4317601590638734,0.08612589980356197,0.017492284411192768,0.5813953488372093,0.03335923318158616,0.05,,10.0,True,Grass,
155,76,0.49032258064516127,155.0,4.569999999999999,0.02948387096774193,2.898600000000001,0.01870064516129033,-11.229999999999997,2.309806451612903,0.48846549459727473,0.053753324144925604,0.011861757609763091,0.5870967741935483,0.016057395849432006,0.03,other,3.0,True,,
51,18,0.35294117647058826,51.0,1.62,0.031764705882352945,0.9275999999999991,0.01818823529411763,-9.85,3.578627450980392,0.37914147211656346,0.05593066192391923,0.014113704446589981,0.6274509803921569,0.01799478324862551,0.05,other,,False,Clay,
225,89,0.39555555555555555,225.0,6.83000000000001,0.0303555555555556,3.973399999999997,0.017659555555555543,-15.72,3.0176000000000003,0.40760649060656523,0.03651778840747125,0.01897106714844755,0.5955555555555555,0.008197518038759993,0.01,other,,False,Clay,
89,48,0.5393258426966292,89.0,2.34,0.026292134831460673,1.4731999999999985,0.016552808988764028,-10.21,2.0803370786516853,0.6320710420599701,0.1287789724431837,0.0018907806606013548,0.47191011235955055,0.06842406328454496,0.1,top_10,3.0,False,Clay,
219,100,0.45662100456621,219.0,5.940000000000002,0.027123287671232888,3.441199999999996,0.015713242009132402,-16.33,4.435068493150685,0.48357722543465254,0.08069754531702543,0.01112049062203301,0.45662100456621,0.03814310541384583,0.01,top_10,,False,Grass,
115,66,0.5739130434782609,115.0,2.7800000000000002,0.024173913043478264,1.744399999999997,0.015168695652173887,-7.590000000000001,1.9736521739130435,0.6531756187085015,0.1186402216877526,0.003188771990425618,0.4434782608695652,0.06974673296180034,0.075,,3.0,True,Clay,
366,218,0.5956284153005464,366.0,8.05,0.021994535519125686,4.929000000000004,0.01346721311475411,-11.7,1.9312021857923496,0.6628289019646475,0.11799974742762447,0.0026602686899773282,0.44808743169398907,0.06784014654695483,0.075,top_10,3.0,True,,
74,40,0.5405405405405406,74.0,1.5300000000000002,0.02067567567567568,0.8193999999999999,0.011072972972972972,-6.8999999999999995,2.081216216216216,0.6339093689901766,0.13026037606127128,0.004031000765367225,0.4864864864864865,0.06970044952392297,0.1,top_10,3.0,True,Clay,
122,54,0.4426229508196721,122.0,2.7200000000000006,0.02229508196721312,1.3055999999999992,0.010701639344262288,-15.21,3.3769672131147543,0.4656294372383982,0.07499111679430727,0.01188591808706962,0.5491803278688525,0.029702714579593264,0.02,,,True,Grass,
137,79,0.5766423357664233,137.0,2.400000000000002,0.017518248175182497,1.1919999999999993,0.008700729927007295,-9.51,1.9629197080291967,0.6572698727448321,0.11787990375371671,0.001489062255849888,0.4306569343065693,0.07118617174723238,0.075,,3.0,False,Clay,
546,176,0.32234432234432236,546.0,12.170000000000002,0.022289377289377292,4.526600000000002,0.008290476190476194,-41.030000000000015,5.393699633699634,0.40267178229932715,0.09674476606926888,0.0691586913894169,0.5366300366300366,0.0397921071431239,0.1,top_10,,False,Hard,
158,59,0.37341772151898733,158.0,3.209999999999999,0.020316455696202527,1.1657999999999973,0.0073784810126582105,-16.36,3.206835443037974,0.38759572002938664,0.039358067096845216,0.0235267210122006,0.620253164556962,0.010082625938360993,0.02,other,10.0,False,Clay,
506,298,0.5889328063241107,506.0,7.640000000000004,0.01509881422924902,3.3271999999999986,0.006575494071146242,-16.560000000000002,1.9399011857707509,0.6583175834161287,0.11555044471932019,0.0019048763929429605,0.4367588932806324,0.06750626560695754,0.075,,3.0,False,,
266,157,0.5902255639097744,266.0,3.7100000000000044,0.013947368421052648,1.4558000000000026,0.005472932330827077,-14.29,1.9541353383458644,0.6487851285235096,0.11312305746299527,0.003153927655658776,0.47368421052631576,0.062222362708672437,0.075,,3.0,True,Hard,
70,33,0.4714285714285714,70.0,1.13,0.016142857142857143,0.36739999999999906,0.005248571428571415,-8.62,2.350857142857143,0.4900187913250343,0.06748450752689593,0.010165561117991275,0.5714285714285714,0.023024522024251665,0.05,other,3.0,True,,
23,11,0.4782608695652174,23.0,0.3199999999999994,0.013913043478260844,0.07359999999999989,0.003199999999999995,-4.2,2.186086956521739,0.5311783985290018,0.08368801215856546,0.008472047328036563,0.5652173913043478,0.0312551055232769,0.05,other,3.0,False,Clay,
23,11,0.4782608695652174,23.0,0.3199999999999994,0.013913043478260844,0.07359999999999989,0.003199999999999995,-4.2,2.186086956521739,0.5311783985290018,0.08368801215856546,0.008472047328036563,0.5652173913043478,0.0312551055232769,0.05,other,3.0,True,Clay,
803,440,0.547945205479452,803.0,9.860000000000005,0.012278953922789545,2.4028000000000054,0.0029922789539227963,-30.98000000000002,2.3393773349937734,0.5990797891773294,0.08167982074155326,0.004602082998043134,0.4943960149439601,0.04159102951240174,0.01,top_10,5.0,True,Hard,
144,57,0.3958333333333333,144.0,2.210000000000001,0.015347222222222227,0.4257999999999946,0.002956944444444407,-13.11,2.8866666666666667,0.40901498089220595,0.04135307518847872,0.021838956777374248,0.6111111111111112,0.010756654152559808,0.02,other,5.0,False,Clay,
101,58,0.5742574257425742,101.0,1.0900000000000007,0.0107920792079208,0.20819999999999883,0.0020613861386138497,-6.8,1.9628712871287126,0.6626099073001429,0.12039418573560053,0.002505470022617871,0.42574257425742573,0.07332154908441209,0.075,top_10,3.0,True,Clay,
159,59,0.3710691823899371,159.0,2.209999999999999,0.013899371069182384,0.1657999999999964,0.0010427672955974617,-16.36,3.255849056603773,0.38584669135698835,0.03925118133936489,0.023174088951714425,0.6163522012578616,0.010051367563323912,0.02,other,,False,Clay,
277,153,0.5523465703971119,277.0,2.6000000000000028,0.009386281588447664,0.06800000000000228,0.00024548736462094684,-9.57,2.0464620938628157,0.6366152328855353,0.1280362651481633,0.003763246264725645,0.47653429602888087,0.06757264708033298,0.1,,3.0,True,,
0,0,0.0,0.0,0.0,0.0,0.0,0.0,0.0,0.0,0.0,0.0,0.0,0.0,0.0,0.1,other,3.0,True,Grass,
0,0,0.0,0.0,0.0,0.0,0.0,0.0,0.0,0.0,0.0,0.0,0.0,0.0,0.0,0.1,other,5.0,True,Grass,
66,26,0.3939393939393939,66.0,0.7900000000000014,0.011969696969696991,-0.025800000000001155,-0.0003909090909091084,-12.06,4.026666666666666,0.4200833962660319,0.09795988319141698,0.01226839165467637,0.5757575757575758,0.03836280221340237,0.075,top_10,,True,Grass,
277,107,0.3862815884476534,277.0,3.2300000000000075,0.011660649819494611,-0.23460000000000036,-0.0008469314079422395,-33.54,3.012382671480144,0.39619640759004343,0.043745519193185194,0.015683722944228685,0.631768953068592,0.011687933862416426,0.03,other,5.0,True,,
324,134,0.41358024691358025,324.0,3.4200000000000035,0.010555555555555566,-0.44839999999999947,-0.001383950617283949,-22.08,2.9972530864197533,0.4971806191856381,0.11206701691420635,0.004658292570246001,0.5308641975308642,0.04902684480779888,0.1,top_10,5.0,True,Hard,
649,339,0.522342064714946,649.0,5.080000000000009,0.007827426810477671,-1.2215999999999987,-0.0018822804314329719,-30.490000000000016,2.4671494607087827,0.5771646191803884,0.08992365366538149,0.0051184990257055266,0.5069337442218799,0.045844713037865685,0.03,top_10,5.0,True,Hard,
530,258,0.4867924528301887,530.0,4.330000000000005,0.008169811320754727,-1.1965999999999912,-0.002257735849056587,-32.67000000000001,2.628811320754717,0.5513811592376733,0.09672501896756235,0.0049363784649526276,0.5075471698113208,0.04774111917590669,0.05,top_10,5.0,True,Hard,
136,61,0.4485294117647059,136.0,1.1500000000000026,0.008455882352941195,-0.3730000000000002,-0.002742647058823531,-13.059999999999999,3.245882352941176,0.473494410938208,0.07105311633847558,0.010689467747195827,0.5367647058823529,0.027489332009274288,0.01,,,True,Grass,
123,71,0.5772357723577236,123.0,0.7100000000000015,0.005772357723577248,-0.34420000000000206,-0.002798373983739854,-9.51,1.9528455284552844,0.6654827402591768,0.11923361040214062,0.0007345140035519803,0.4146341463414634,0.07428542842511723,0.075,top_10,3.0,False,Clay,
837,512,0.6117084826762246,837.0,3.8600000000000048,0.0046117084826762305,-2.717199999999993,-0.0032463560334527993,-18.920000000000005,1.8544563918757466,0.6588546967055844,0.08798042735782875,0.003469187875302397,0.45639187574671447,0.05070088106655842,0.03,,3.0,True,,
39,17,0.4358974358974359,39.0,0.30000000000000115,0.007692307692307722,-0.14600000000000057,-0.003743589743589758,-10.48,2.671794871794872,0.4547460019702868,0.0429545182321205,0.012772987683260727,0.6410256410256411,0.011662359230950154,0.02,other,5.0,False,Grass,
461,274,0.5943600867678959,461.0,1.990000000000002,0.00431670281995662,-1.7897999999999987,-0.003882429501084596,-19.16000000000001,1.9032104121475053,0.6727211283275568,0.11888106028555724,0.0010815264109215693,0.41865509761388287,0.07115619024283353,0.075,top_10,3.0,False,,
709,375,0.5289139633286318,709.0,3.480000000000012,0.004908321579689721,-3.26959999999999,-0.0046115655853314385,-36.250000000000014,2.411763046544429,0.5856111864587975,0.0865077087012015,0.004876481219271563,0.5035260930888575,0.04408306516678636,0.02,top_10,5.0,True,Hard,
925,455,0.4918918918918919,925.0,4.360000000000005,0.004713513513513519,-5.127199999999982,-0.0055429189189189,-35.210000000000015,3.1897513513513513,0.5433279023869731,0.07786982514032038,0.00891109521329551,0.5135135135135135,0.03786755373775301,0.01,top_10,,True,Hard,
767,354,0.46153846153846156,767.0,3.580000000000002,0.004667535853976534,-4.751599999999991,-0.006195045632333756,-34.980000000000004,3.3907170795306385,0.5158192602704916,0.084446434681761,0.008297663309192798,0.5254237288135594,0.040913531738800496,0.03,top_10,,True,Hard,
682,436,0.6392961876832844,682.0,-0.7100000000000009,-0.0010410557184750745,-5.615799999999995,-0.008234310850439875,-27.040000000000006,1.7509677419354837,0.6975795153665637,0.09575931445167037,0.0015617856629249647,0.42668621700879766,0.05857440043408714,0.03,top_10,3.0,True,,
228,88,0.38596491228070173,228.0,0.9400000000000013,0.004122807017543865,-1.8788000000000018,-0.00824035087719299,-15.07,3.6970614035087723,0.46569646180825236,0.09329977669150884,0.00803160111294296,0.5307017543859649,0.044303274298715514,0.075,,,True,Clay,
259,143,0.5521235521235521,259.0,0.1300000000000019,0.0005019305019305092,-2.1926000000000023,-0.008465637065637075,-9.64,2.034131274131274,0.6430939374274519,0.12960956665528986,0.003738467356644381,0.47876447876447875,0.06941490354149371,0.1,top_10,3.0,True,,
966,431,0.44616977225672877,966.0,2.440000000000005,0.00252587991718427,-8.308799999999984,-0.008601242236024828,-56.96000000000006,4.067153209109731,0.5024957306978078,0.08303914286958161,0.042724935241151236,0.510351966873706,0.0411218618901861,0.03,top_10,,False,Hard,
462,205,0.44372294372294374,462.0,1.0800000000000027,0.0023376623376623437,-4.081599999999997,-0.008834632034632028,-20.3,2.858311688311688,0.5084128970416633,0.09969652362159638,0.005351336592977104,0.5367965367965368,0.04553817915391868,0.075,,5.0,True,Hard,
247,149,0.6032388663967612,247.0,-0.2699999999999978,-0.0010931174089068736,-2.2246000000000024,-0.009006477732793531,-10.73,1.838825910931174,0.6670304106744986,0.08917313064722762,0.0034735118056800967,0.44129554655870445,0.05456497940053928,0.03,,3.0,True,Clay,
862,559,0.648491879350348,862.0,-1.8299999999999947,-0.002122969837587001,-7.853399999999983,-0.009110672853828286,-30.33000000000001,1.7246983758700696,0.7074867034634624,0.09641068036990558,0.0006049688809799854,0.40835266821345706,0.061750073536100424,0.03,top_10,3.0,False,,
1144,774,0.6765734265734266,1144.0,-4.579999999999995,-0.004003496503496499,-11.888399999999987,-0.01039195804195803,-32.420000000000016,1.6389947552447555,0.7285097619485986,0.08593215093533949,0.00024274225333474484,0.3977272727272727,0.05577252823130166,0.01,top_10,3.0,False,,
285,127,0.4456140350877193,285.0,0.1800000000000006,0.0006315789473684231,-2.983600000000001,-0.010468771929824565,-22.439999999999998,4.213824561403509,0.4694608742038464,0.07049949835491748,0.010650473716813894,0.4807017543859649,0.031461260179664344,0.01,,,False,Grass,
829,390,0.4704463208685163,829.0,-0.01999999999999158,-2.4125452352221446e-05,-8.799599999999995,-0.010614716525934854,-32.15000000000001,3.3406996381182146,0.5263995372095975,0.08172713273042097,0.00955375093447185,0.5223160434258143,0.039665962697656786,0.02,top_10,,True,Hard,
972,543,0.558641975308642,972.0,-1.8899999999999864,-0.0019444444444444305,-10.432199999999991,-0.010732716049382706,-43.760000000000005,2.2903189300411517,0.6116074555584258,0.08126795172052544,0.0030788374286940816,0.46502057613168724,0.044056107487373423,0.01,top_10,5.0,False,Hard,
1033,640,0.6195546950629235,1033.0,-3.7399999999999842,-0.0036205227492739443,-11.525199999999995,-0.011157018393030004,-26.72000000000001,1.8201064859632141,0.6716923795925673,0.08945205821188591,0.0025668943438844753,0.4394966118102614,0.054253905249981985,0.03,,3.0,False,,
585,348,0.5948717948717949,585.0,-2.0499999999999936,-0.003504273504273493,-6.748999999999998,-0.011536752136752133,-22.470000000000002,1.8944615384615384,0.6576441473347693,0.10128962779836896,0.0027586003083764493,0.4512820512820513,0.057998032280397745,0.05,,3.0,True,,
1175,566,0.4817021276595745,1175.0,-1.88999999999999,-0.0016085106382978638,-14.03219999999998,-0.01194229787234041,-60.94000000000004,3.8163319148936177,0.5341849352938011,0.07645546204306403,0.038412746556173376,0.49957446808510636,0.038788693024381836,0.01,top_10,,False,Hard,
166,98,0.5903614457831325,166.0,-0.6400000000000006,-0.0038554216867469912,-1.9872000000000014,-0.011971084337349405,-10.779999999999998,1.8787951807228915,0.6661602585869149,0.10478269891064004,0.0027340928109499778,0.4457831325301205,0.062456383697288405,0.05,,3.0,True,Clay,
462,288,0.6233766233766234,462.0,-2.2699999999999996,-0.004913419913419912,-5.7045999999999975,-0.012347619047619041,-26.189999999999998,1.7844372294372293,0.6723806951204115,0.07346651700577747,0.005288409415890324,0.43722943722943725,0.046151696660953916,0.01,,3.0,False,Clay,
809,327,0.4042027194066749,809.0,-0.4700000000000024,-0.0005809641532756519,-10.1006,-0.012485290482076639,-64.38000000000002,4.452645241038319,0.47066579113111306,0.08799891979096448,0.0498366685864885,0.515451174289246,0.04164000448028531,0.05,top_10,,False,Hard,
294,180,0.6122448979591837,294.0,-1.42,-0.004829931972789116,-3.6716000000000015,-0.012488435374149665,-17.019999999999996,1.810034013605442,0.6775064379355858,0.08965962702458213,0.0024918635705088897,0.43197278911564624,0.0572651281216181,0.03,,3.0,False,Clay,
408,185,0.4534313725490196,408.0,-0.789999999999992,-0.001936274509803902,-5.234199999999998,-0.012828921568627446,-23.43,2.7994362745098034,0.5267661271902992,0.10570993875193799,0.004568644803017651,0.5220588235294118,0.04949122281180346,0.075,top_10,5.0,True,Hard,
1275,622,0.48784313725490197,1275.0,-3.409999999999995,-0.0026745098039215646,-16.40180000000001,-0.012864156862745104,-34.00000000000001,2.5904078431372546,0.5380383282645254,0.07998398021322237,0.00717562424419102,0.5192156862745098,0.03925956074351913,0.03,,5.0,True,,
891,590,0.6621773288439955,891.0,-5.739999999999988,-0.006442199775533095,-11.645199999999996,-0.013069809203142532,-32.38000000000001,1.6722895622895624,0.7162379521917543,0.08577961419061851,0.0011522849222670999,0.41975308641975306,0.05262201290883834,0.01,top_10,3.0,True,,
390,238,0.6102564102564103,390.0,-2.199999999999995,-0.005641025641025628,-5.196,-0.013323076923076922,-21.55,1.8184871794871795,0.6593191560524391,0.07265838267695474,0.003936637131429889,0.44871794871794873,0.04352884189548824,0.01,,3.0,True,Clay,
624,289,0.46314102564102566,624.0,-1.7799999999999936,-0.0028525641025640923,-8.444399999999995,-0.0135326923076923,-30.45,2.725705128205128,0.523771846511697,0.0892966899780424,0.006482992941779016,0.5272435897435898,0.04254928418842947,0.05,,5.0,True,Hard,
515,315,0.6116504854368932,515.0,-3.179999999999991,-0.00617475728155338,-7.116399999999993,-0.013818252427184452,-23.000000000000004,1.8324271844660196,0.6804281763069662,0.10588449851487987,0.0017518289361957936,0.4349514563106796,0.0627517132860875,0.05,top_10,3.0,True,,
1240,678,0.5467741935483871,1240.0,-6.719999999999994,-0.005419354838709673,-17.8256,-0.014375483870967744,-36.080000000000005,2.3349435483870966,0.6026652208115622,0.08190880498342089,0.004725891110261473,0.4798387096774194,0.04339737702923142,0.01,top_10,5.0,True,,
143,87,0.6083916083916084,143.0,-0.9600000000000006,-0.006713286713286718,-2.0608,-0.01441118881118881,-9.179999999999998,1.829370629370629,0.6878706276871388,0.10817555062600868,0.0018112050214884989,0.42657342657342656,0.06747477109590563,0.05,top_10,3.0,True,Clay,
426,146,0.3427230046948357,426.0,-0.5799999999999939,-0.001361502347417826,-6.168399999999998,-0.014479812206572766,-29.6,4.33593896713615,0.42194127648163526,0.0996602112127603,0.008368455697446046,0.5469483568075117,0.04100392465777578,0.1,top_10,,True,Hard,
655,238,0.36335877862595417,655.0,-1.2099999999999973,-0.001847328244274805,-9.525799999999997,-0.014543206106870224,-52.70000000000002,4.9117404580152675,0.4378876436027655,0.09363082055158017,0.05859270483532391,0.5221374045801527,0.041771458891737764,0.075,top_10,,False,Hard,
814,391,0.48034398034398035,814.0,-3.5099999999999785,-0.004312039312039285,-11.899799999999999,-0.014618918918918918,-31.019999999999996,2.64512285012285,0.5481624929277621,0.0966723735899018,0.005232952367448489,0.5012285012285013,0.048063739677900626,0.05,top_10,5.0,True,,
201,120,0.5970149253731343,201.0,-1.3800000000000001,-0.006865671641791045,-2.9724000000000026,-0.01478805970149255,-13.82,1.8528855721393036,0.6751345266414444,0.10414907396034179,0.0015636764824844226,0.43283582089552236,0.06443968960431878,0.05,,3.0,False,Clay,
447,286,0.639821029082774,447.0,-3.779999999999996,-0.008456375838926165,-6.924399999999996,-0.015490827740492161,-20.96,1.7487695749440717,0.6950967504632796,0.09542909426643117,0.0022574872712201374,0.44966442953020136,0.056768075916551454,0.03,top_10,3.0,True,Hard,
89,34,0.38202247191011235,89.0,-0.29000000000000004,-0.0032584269662921353,-1.3842000000000012,-0.015552808988764058,-14.53,3.831460674157303,0.42127743400396944,0.08478928792369646,0.01374949482492519,0.5730337078651685,0.032622122255536866,0.05,,,True,Grass,
994,655,0.6589537223340041,994.0,-8.939999999999994,-0.00899396378269617,-15.54119999999999,-0.01563501006036216,-37.29000000000001,1.6806639839034205,0.7184142161752084,0.09121983876285653,0.00030375674608053613,0.4084507042253521,0.05956648733859917,0.02,top_10,3.0,False,,
541,350,0.6469500924214417,541.0,-4.819999999999988,-0.008909426987060976,-8.54359999999999,-0.015792236598890924,-23.00999999999999,1.7260443622920516,0.7028246992958381,0.0954064498903576,0.0014616370859836917,0.4232902033271719,0.05916277179348499,0.03,top_10,3.0,False,Hard,
893,281,0.3146696528555431,893.0,-2.149999999999995,-0.0024076147816349328,-14.347000000000016,-0.016066069428891393,-71.99000000000001,5.464826427771556,0.3998308145169345,0.0965352967485507,0.0790476538933202,0.5397536394176932,0.039937068874838624,0.1,top_10,,False,,
998,515,0.5160320641282565,998.0,-6.639999999999992,-0.006653306613226445,-16.167199999999994,-0.016199599198396787,-33.030000000000015,2.473286573146292,0.5774072781912102,0.09004215025585795,0.004814157971735675,0.4879759519038076,0.046912206681460455,0.03,top_10,5.0,True,,
816,398,0.4877450980392157,816.0,-5.060000000000003,-0.006200980392156867,-13.318799999999996,-0.016322058823529408,-29.359999999999992,2.5947426470588235,0.5378875395601957,0.08017014139504033,0.0071750777187070385,0.5306372549019608,0.0386945958958379,0.03,,5.0,True,Hard,
1165,536,0.46008583690987126,1165.0,-6.6399999999999935,-0.005699570815450639,-19.087200000000006,-0.01638386266094421,-39.75,3.335914163090129,0.5202862308864221,0.0848343958607713,0.007533424320068565,0.5090128755364807,0.04214196459218603,0.03,top_10,,True,,
1059,487,0.45986779981114256,1059.0,-6.34,-0.005986779981114259,-17.653200000000005,-0.016669688385269128,-66.27000000000005,4.019376770538243,0.5164710211822838,0.07993744591314628,0.04205196390645054,0.5070821529745042,0.04030651657073003,0.02,top_10,,False,Hard,
713,477,0.6690042075736325,713.0,-7.3999999999999915,-0.01037868162692846,-11.971999999999989,-0.016791023842917235,-25.39999999999999,1.6470967741935485,0.7214722003646762,0.08511602410858968,0.0007113422962819223,0.41374474053295934,0.053028438020472184,0.01,top_10,3.0,False,Hard,
349,192,0.5501432664756447,349.0,-2.8199999999999994,-0.00808022922636103,-5.903600000000001,-0.016915759312320918,-16.279999999999998,2.0191977077363896,0.6456888410412337,0.12852245650958696,0.0019666408925728173,0.4498567335243553,0.0700253147474851,0.1,,3.0,False,,
178,109,0.6123595505617978,178.0,-1.7,-0.009550561797752809,-3.046,-0.017112359550561798,-12.45,1.8098314606741572,0.6937355993750747,0.10679291902461625,0.0006710218226658875,0.4157303370786517,0.06872758530018375,0.05,top_10,3.0,False,Clay,
642,271,0.4221183800623053,642.0,-3.6699999999999893,-0.0057165109034267745,-11.0166,-0.01715981308411215,-37.83,3.657741433021807,0.48661805754195364,0.089709837574384,0.008451537444164155,0.5249221183800623,0.04193004221306613,0.05,top_10,,True,Hard,
223,92,0.4125560538116592,223.0,-1.2499999999999956,-0.005605381165919262,-3.845000000000004,-0.017242152466367733,-21.149999999999995,4.665156950672645,0.44241473321265934,0.0790021337713121,0.01181600495035231,0.5022421524663677,0.03601634237991806,0.03,,,False,Grass,
539,329,0.6103896103896104,539.0,-5.249999999999995,-0.00974025974025973,-9.344999999999995,-0.01733766233766233,-17.82,1.8554545454545452,0.6574880813102015,0.0878017063438674,0.0035358564356642165,0.46567717996289426,0.04956531631163854,0.03,,3.0,True,Hard,
712,313,0.4396067415730337,712.0,-4.689999999999994,-0.006587078651685385,-12.57620000000001,-0.017663202247191027,-31.040000000000006,2.863384831460674,0.5071171730433761,0.10018962459491468,0.005981395500932844,0.5308988764044944,0.04640216214578866,0.075,,5.0,True,,
773,408,0.5278137128072445,773.0,-7.5599999999999845,-0.009780077619663628,-14.708799999999997,-0.01902820181112548,-46.82000000000002,2.428680465717982,0.5864252538510755,0.0898363198798289,0.0033831185531136335,0.47477360931435963,0.047833853380674,0.03,top_10,5.0,False,Hard,
1109,586,0.5284039675383229,1109.0,-11.169999999999987,-0.010072137060414777,-21.406599999999997,-0.019302614968440032,-42.510000000000005,2.4018755635707847,0.5904165936033957,0.08622004514851986,0.004846634000617492,0.4878268710550045,0.04568066366230107,0.02,top_10,5.0,True,,
956,440,0.4602510460251046,956.0,-8.599999999999987,-0.008995815899581577,-18.747999999999998,-0.019610878661087863,-30.419999999999987,2.72239539748954,0.5237497087207666,0.08998887230704132,0.006506211595560234,0.5198744769874477,0.04320470294185065,0.05,,5.0,True,,
973,410,0.42137718396711205,973.0,-8.009999999999994,-0.0082322713257965,-19.109800000000003,-0.019640082219938338,-42.07000000000001,3.612672147995889,0.48802286293406694,0.08997812756444347,0.008162990802479498,0.5210688591983555,0.04253397250910679,0.05,top_10,,True,,
253,106,0.4189723320158103,253.0,-2.0999999999999996,-0.008300395256916995,-4.998,-0.01975494071146245,-25.57,4.401462450592885,0.45292089509610134,0.07441175011825837,0.012118155215490685,0.5098814229249012,0.03368773176686202,0.02,,,False,Grass,
17,6,0.35294117647058826,17.0,-0.1200000000000001,-0.007058823529411771,-0.33759999999999923,-0.01985882352941172,-4.0,3.527058823529412,0.4223805650585124,0.08450689125731307,0.012761306698764022,0.6470588235294118,0.03180741909697873,0.1,other,10.0,False,Clay,
17,6,0.35294117647058826,17.0,-0.1200000000000001,-0.007058823529411771,-0.33759999999999923,-0.01985882352941172,-4.0,3.527058823529412,0.4223805650585124,0.08450689125731307,0.012761306698764022,0.6470588235294118,0.03180741909697873,0.1,other,10.0,True,Clay,
17,6,0.35294117647058826,17.0,-0.1200000000000001,-0.007058823529411771,-0.33759999999999923,-0.01985882352941172,-4.0,3.527058823529412,0.4223805650585124,0.08450689125731307,0.012761306698764022,0.6470588235294118,0.03180741909697873,0.1,other,,True,Clay,
778,502,0.6452442159383034,778.0,-10.189999999999998,-0.013097686375321334,-15.506199999999996,-0.019930848329048838,-35.19000000000001,1.7110411311053986,0.7072664695774401,0.09097680250044322,0.0011472969863877238,0.4267352185089974,0.056241276641004465,0.02,top_10,3.0,True,,
579,380,0.6563039723661486,579.0,-7.750000000000002,-0.013385146804835928,-11.574999999999996,-0.019991364421416226,-25.85000000000001,1.6770466321243522,0.710674082093933,0.08548988857399585,0.001285039069445827,0.4369602763385147,0.05005950700708488,0.01,top_10,3.0,True,Hard,
900,452,0.5022222222222222,900.0,-9.639999999999985,-0.010711111111111093,-18.40719999999999,-0.020452444444444433,-50.21000000000001,2.8616888888888887,0.5551837849142911,0.07879004436861083,0.0051746996308545045,0.5077777777777778,0.038603642835654026,0.01,top_10,10.0,True,Hard,
860,464,0.5395348837209303,860.0,-10.33999999999999,-0.012023255813953476,-18.05319999999999,-0.020992093023255803,-53.63000000000002,2.359906976744186,0.5980818815040777,0.08586948576545927,0.003144109281458598,0.4720930232558139,0.04643385555201207,0.02,top_10,5.0,False,Hard,
625,306,0.4896,625.0,-6.96999999999999,-0.011151999999999983,-13.210599999999996,-0.021136959999999993,-46.540000000000006,2.588304,0.5599379535358611,0.09685687363933129,0.0031300937988357367,0.48,0.049527117343694214,0.05,top_10,5.0,False,Hard,
171,81,0.47368421052631576,171.0,-1.9100000000000026,-0.01116959064327487,-3.6718000000000015,-0.02147251461988305,-13.229999999999997,2.3010526315789477,0.4912554955182302,0.05437409154397389,0.012456834396654473,0.5964912280701754,0.0164662031293148,0.03,other,3.0,False,,
1417,699,0.49329569513055754,1417.0,-16.72,-0.01179957657021877,-30.74559999999999,-0.021697671136203238,-43.49000000000001,3.1424347212420605,0.5492167296969429,0.07805396592488374,0.008000130611308049,0.5003528581510233,0.039587120823339234,0.01,top_10,,True,,
617,403,0.653160453808752,617.0,-9.34999999999999,-0.015153970826580212,-13.442999999999994,-0.021787682333873574,-30.579999999999995,1.6900486223662885,0.7104569079757335,0.09045467194431978,0.0008262362653155294,0.4213938411669368,0.056629020851056824,0.02,top_10,3.0,False,Hard,
1280,607,0.47421875,1280.0,-15.169999999999991,-0.011851562499999992,-28.32660000000001,-0.02213015625000001,-43.370000000000005,3.2520937500000002,0.5351423847664434,0.0817256448171486,0.008264087108574368,0.50703125,0.04135857277268719,0.02,top_10,,True,,
318,185,0.5817610062893082,318.0,-4.609999999999999,-0.014496855345911948,-7.177799999999993,-0.022571698113207524,-21.74,1.9298427672955973,0.6566893869093525,0.11311738624658509,0.002322910017320431,0.44654088050314467,0.0644258653014876,0.075,,3.0,False,Hard,
378,156,0.4126984126984127,378.0,-4.3299999999999965,-0.011455026455026445,-8.683400000000004,-0.02297195767195768,-26.93,2.9522751322751324,0.5059495966703458,0.11225049550653624,0.0022484134484399565,0.4947089947089947,0.05037646267304872,0.1,top_10,5.0,False,Hard,
1072,382,0.35634328358208955,1072.0,-11.149999999999991,-0.010401119402985068,-24.726999999999993,-0.023066231343283575,-83.04000000000002,4.990680970149254,0.43255185449136346,0.09297836947598537,0.06601104299176136,0.5167910447761194,0.04213652237424014,0.075,top_10,,False,,
648,397,0.6126543209876543,648.0,-10.419999999999995,-0.01608024691358024,-15.231599999999991,-0.023505555555555543,-28.650000000000002,1.8122067901234566,0.6882459518414644,0.10654790885447166,0.0007964810531351514,0.4166666666666667,0.0656746127921305,0.05,top_10,3.0,False,,
367,228,0.6212534059945504,367.0,-6.059999999999995,-0.01651226158038146,-8.718800000000002,-0.02375694822888284,-20.82,1.7800544959128064,0.6827893803647298,0.08199227700102035,0.005421075342830844,0.4359673024523161,0.053631123340769055,0.02,,3.0,False,Clay,
329,181,0.5501519756838906,329.0,-4.96,-0.015075987841945289,-7.8208,-0.023771428571428572,-15.79,2.0060790273556233,0.6517612697324785,0.1298144949668115,0.001618195304157724,0.44680851063829785,0.07168082579309763,0.1,top_10,3.0,False,,
640,394,0.615625,640.0,-10.539999999999996,-0.016468749999999994,-15.24919999999999,-0.023826874999999983,-21.960000000000004,1.8283593750000002,0.6670328919496052,0.0884495543339215,0.0028050206890721406,0.44375,0.05222838202918301,0.03,,3.0,False,Hard,
1572,688,0.43765903307888043,1572.0,-20.75,-0.013199745547073791,-38.01499999999999,-0.024182569974554702,-90.56000000000009,4.146558524173027,0.5002315254201162,0.08284613758201502,0.04755796906358462,0.4961832061068702,0.041980801642470755,0.03,top_10,,False,,
629,281,0.4467408585055644,629.0,-8.599999999999996,-0.013672496025437195,-15.388,-0.02446422893481717,-29.75999999999999,2.821764705882353,0.5221651862409453,0.10539544723351876,0.005468940719603567,0.5182829888712241,0.049973673058376744,0.075,top_10,5.0,True,,
1322,521,0.3940998487140696,1322.0,-17.240000000000006,-0.013040847201210291,-32.91519999999999,-0.024898033282904682,-90.71000000000004,4.534614220877459,0.46486250531953655,0.08736176304620168,0.055589241491035175,0.5083207261724659,0.041769651772911184,0.05,top_10,,False,,
728,433,0.5947802197802198,728.0,-12.489999999999997,-0.017156593406593403,-18.140199999999993,-0.024917857142857134,-30.07,1.8712087912087911,0.6664624794718967,0.10224743432839112,0.0019944205328828,0.4368131868131868,0.06098348867303832,0.05,,3.0,False,,
743,351,0.47240915208613726,743.0,-11.419999999999998,-0.015370121130551815,-19.031599999999997,-0.025614535666218033,-48.55000000000001,3.0641722745625843,0.5285874419143728,0.08566976622965451,0.005532619037472992,0.5195154777927322,0.04185271896140925,0.03,top_10,10.0,True,Hard,
92,43,0.4673913043478261,92.0,-1.4700000000000006,-0.015978260869565223,-2.4206000000000016,-0.026310869565217408,-12.2,2.3738043478260873,0.47475900401209364,0.05074254980706303,0.009747063136821863,0.5434782608695652,0.014569299535594259,0.03,other,3.0,True,Hard,
241,142,0.5892116182572614,241.0,-4.5799999999999965,-0.019004149377593347,-6.468399999999999,-0.026839834024896262,-16.0,1.9051867219917011,0.6668178278521296,0.11776468792757833,0.002805250471276573,0.46473029045643155,0.0663522441525364,0.075,top_10,3.0,True,Hard,
499,319,0.6392785571142284,499.0,-10.129999999999999,-0.020300601202404806,-13.527399999999993,-0.02710901803607213,-28.949999999999996,1.7214028056112225,0.6998222562049684,0.09114093170319255,0.0014679204190163376,0.44488977955911824,0.0538262339662238,0.02,top_10,3.0,True,Hard,
804,387,0.48134328358208955,804.0,-14.019999999999996,-0.017437810945273628,-22.0796,-0.027462189054726367,-49.890000000000015,2.978159203980099,0.5391446679871496,0.08287717003790093,0.005391201641974965,0.5161691542288557,0.04054586370774199,0.02,top_10,10.0,True,Hard,
1103,560,0.5077062556663645,1103.0,-19.890000000000004,-0.01803263825929284,-30.352199999999982,-0.027517860380779677,-65.94000000000001,2.882311876699909,0.5614874706652343,0.07804250432039331,0.004066445000955768,0.4823209428830462,0.040448390458948554,0.01,top_10,10.0,False,Hard,
308,188,0.6103896103896104,308.0,-6.279999999999999,-0.020389610389610388,-8.554399999999998,-0.027774025974025965,-15.38,1.8026948051948053,0.6742380997549312,0.08164200773829446,0.003511874438612669,0.44805194805194803,0.0513277883689302,0.02,,3.0,True,Clay,
324,221,0.6820987654320988,324.0,-7.189999999999996,-0.022191358024691344,-9.1062,-0.028105555555555554,-16.79,1.6072530864197532,0.745716083134595,0.08590158845974268,-4.361644885780459e-05,0.37962962962962965,0.061211048029865434,0.01,top_10,3.0,False,Clay,
1478,645,0.4364005412719892,1478.0,-25.409999999999982,-0.017192151556156957,-41.561800000000005,-0.02812029769959405,-42.24,3.353024357239513,0.4886089803434867,0.07568144790071438,0.009795192389552483,0.5378890392422192,0.035530326713880296,0.03,,,True,,
1579,877,0.5554148195060165,1579.0,-31.049999999999976,-0.019664344521849255,-44.46900000000001,-0.028162761241291964,-68.59000000000002,2.3040215326155797,0.613559499127077,0.08207785279183012,0.0026586196384702347,0.45091830272324257,0.04587794437990282,0.01,top_10,5.0,False,,
478,218,0.4560669456066946,478.0,-8.709999999999997,-0.018221757322175725,-13.735800000000003,-0.028735983263598334,-34.70000000000001,2.7503974895397487,0.5373258972834257,0.10619105789926327,0.0023483279433300927,0.48535564853556484,0.05155300785432754,0.075,top_10,5.0,False,Hard,
353,141,0.39943342776203966,353.0,-6.240000000000002,-0.01767705382436261,-10.3552,-0.02933484419263456,-20.97,3.0391501416430593,0.48525353807517246,0.10765064031793269,0.004931875164965676,0.5325779036827195,0.04639897633776887,0.1,,5.0,True,Hard,
383,228,0.5953002610966057,383.0,-8.32,-0.021723237597911227,-11.253599999999993,-0.02938276762402087,-24.12,1.8884334203655353,0.6583202169006245,0.10041550749989125,0.002730220938130339,0.45691906005221933,0.056973449517483316,0.05,,3.0,True,Hard,
68,26,0.38235294117647056,68.0,-1.209999999999999,-0.01779411764705881,-2.0258000000000007,-0.029791176470588245,-14.250000000000002,3.7317647058823527,0.4197206824037143,0.095620959580557,0.020170044435455323,0.6029411764705882,0.03730526677505237,0.075,,10.0,True,Grass,
300,124,0.41333333333333333,300.0,-6.029999999999996,-0.020099999999999986,-9.429400000000003,-0.031431333333333346,-20.459999999999997,3.4409,0.4886765725905168,0.0851461677079687,0.007928690243274325,0.5233333333333333,0.041818367227000726,0.05,,,True,Clay,
151,53,0.3509933774834437,151.0,-2.870000000000001,-0.0190066225165563,-4.7726,-0.03160662251655629,-22.340000000000003,5.3829801324503315,0.3974100939666792,0.0929979754130877,0.013258774368952021,0.5033112582781457,0.04030491076283959,0.075,,,False,Grass,
413,183,0.4430992736077482,413.0,-8.72999999999999,-0.02113801452784501,-13.1554,-0.03185326876513317,-27.590000000000003,3.1580387409200967,0.5068293212743393,0.07481974200750512,0.008513083002629252,0.5108958837772397,0.03817870438787265,0.03,,,True,Clay,
898,425,0.4732739420935412,898.0,-19.559999999999977,-0.021781737193763896,-28.62879999999998,-0.03188062360801779,-64.96000000000002,3.106759465478842,0.5314055831183169,0.08515335925130528,0.004272918062707106,0.4922048997772829,0.043164987610703524,0.03,top_10,10.0,False,Hard,
1734,789,0.45501730103806226,1734.0,-37.90999999999998,-0.021862745098039205,-56.05179999999999,-0.032325144175317184,-106.93000000000006,4.041689734717416,0.5172011947525191,0.07972324027758362,0.04515937905114148,0.4936562860438293,0.041537129914131526,0.02,top_10,,False,,
1258,771,0.6128775834658188,1258.0,-31.709999999999987,-0.025206677265500785,-40.81579999999999,-0.032444992050874394,-48.130000000000024,1.807631160572337,0.6701387477817847,0.08214074072050724,0.0031344240485361337,0.44594594594594594,0.049812298789996226,0.02,,3.0,False,,
1916,913,0.47651356993736954,1916.0,-43.04999999999997,-0.022468684759916476,-62.24899999999999,-0.03248903966597077,-102.19000000000005,3.8698068893528186,0.5337561453920134,0.07635262631985895,0.04139370083158864,0.4848643006263048,0.04000590483874275,0.01,top_10,,False,,
779,298,0.38254172015404364,779.0,-16.1,-0.020667522464698333,-25.397999999999996,-0.03260333761232349,-43.11,3.9459435173299093,0.4565460497770234,0.09627099979448384,0.008507219775942954,0.5353016688061617,0.04322115588304049,0.075,top_10,,True,,
516,197,0.3817829457364341,516.0,-10.79,-0.02091085271317829,-16.9542,-0.03285697674418605,-39.51,4.011957364341085,0.45437453360085545,0.09571617330205669,0.008343699903164047,0.5368217054263565,0.0422426816719437,0.075,top_10,,True,Hard,
1257,652,0.5186953062848051,1257.0,-30.749999999999986,-0.024463007159904522,-42.23499999999999,-0.033599840891010334,-62.26000000000001,2.4589419252187747,0.584550348822311,0.09044271846014705,0.002563963196426133,0.4606205250596659,0.04916121304516855,0.03,top_10,5.0,False,,
184,65,0.3532608695652174,184.0,-4.009999999999998,-0.021793478260869553,-6.3098000000000045,-0.03429239130434785,-23.78,5.073913043478261,0.40565735707596023,0.08472403380802863,0.016033070731131943,0.5163043478260869,0.036490101177482255,0.05,,,False,Grass,
236,150,0.635593220338983,236.0,-6.739999999999998,-0.0285593220338983,-8.325199999999999,-0.03527627118644067,-15.71,1.7105508474576272,0.7187577115935828,0.09717177543976437,-0.0006801836999627412,0.3771186440677966,0.06670790087218637,0.03,top_10,3.0,False,Clay,
988,481,0.4868421052631579,988.0,-25.340000000000003,-0.02564777327935223,-34.97319999999999,-0.03539797570850201,-72.77000000000001,3.0005263157894735,0.545216750220855,0.08188598393256127,0.004051686017226661,0.4888663967611336,0.042229495280258184,0.02,top_10,10.0,False,Hard,
958,414,0.4321503131524008,958.0,-23.560000000000002,-0.024592901878914407,-33.96879999999999,-0.03545803757828809,-40.370000000000005,3.418382045929018,0.4845040935138837,0.07562765267903887,0.010150602674284767,0.5480167014613778,0.03478953633030606,0.03,,,True,Hard,
1409,753,0.5344215755855216,1409.0,-37.91,-0.026905606813342794,-50.27179999999999,-0.0356790631653655,-72.93000000000004,2.3791980127750176,0.5992905128855585,0.08632787488637471,0.0027014221653532326,0.46061036195883603,0.04813448437323782,0.02,top_10,5.0,False,,
885,332,0.3751412429378531,885.0,-21.189999999999998,-0.023943502824858756,-31.826199999999996,-0.035961807909604515,-42.410000000000004,3.949977401129943,0.4432086292870137,0.09120124183907298,0.009557304801249488,0.5514124293785311,0.040023498127883146,0.075,,,True,,
80,36,0.45,80.0,-2.070000000000001,-0.025875000000000016,-2.908600000000003,-0.036357500000000036,-10.579999999999998,2.349125,0.4900163532783989,0.06741359066713892,0.011697730318838756,0.6,0.02298538330839176,0.05,other,3.0,False,,
1564,964,0.6163682864450127,1564.0,-45.959999999999994,-0.029386189258312018,-57.04079999999998,-0.03647109974424551,-52.430000000000035,1.7874168797953964,0.6691468835484724,0.07440802708338275,0.0028802578380738107,0.4398976982097187,0.04354361330273637,0.01,,3.0,False,,
261,175,0.6704980842911877,261.0,-7.959999999999998,-0.030498084291187732,-9.520800000000001,-0.03647816091954024,-12.079999999999998,1.6275478927203066,0.7386220536970853,0.08653267180923414,0.0006401979167285456,0.3831417624521073,0.05964544525408644,0.01,top_10,3.0,True,Clay,
1145,461,0.40262008733624455,1145.0,-29.099999999999994,-0.025414847161572048,-42.19800000000001,-0.03685414847161573,-40.62,3.6363406113537113,0.46688473897140687,0.0835822137866308,0.009706763431642151,0.5423580786026201,0.03819606820798238,0.05,,,True,,
498,200,0.40160642570281124,498.0,-13.069999999999999,-0.026244979919678713,-18.768600000000006,-0.03768795180722893,-33.62,3.0178112449799195,0.4929132143497549,0.11208630680706498,0.006250462012090733,0.5401606425702812,0.04898719600727369,0.1,top_10,5.0,True,,
1021,487,0.47698334965719885,1021.0,-28.739999999999995,-0.02814887365328109,-38.845200000000006,-0.038046229187071505,-57.52000000000001,2.63639569049951,0.5533806374458772,0.09708958612321264,0.0026529728166103926,0.4720861900097943,0.04999607836001373,0.05,top_10,5.0,False,,
1818,897,0.4933993399339934,1818.0,-51.91999999999999,-0.02855885588558855,-69.3016,-0.038119691969196914,-61.60000000000008,2.475423542354236,0.5459536171700369,0.06760760483800052,0.006729563889413844,0.5165016501650165,0.032141865806983125,0.01,,5.0,True,,
961,470,0.4890738813735692,961.0,-27.699999999999996,-0.028824141519250775,-36.965999999999994,-0.03846618106139438,-54.46,2.5705723204994793,0.5456491145595952,0.08045801380972499,0.005671151622112697,0.5026014568158168,0.040567199105686826,0.03,,5.0,False,Hard,
734,339,0.46185286103542234,734.0,-20.83,-0.02837874659400545,-28.313399999999994,-0.03857411444141689,-52.83,2.6971525885558583,0.5306284425631167,0.08944582757701444,0.004837886782049666,0.5013623978201635,0.04409185856213395,0.05,,5.0,False,Hard,
457,272,0.5951859956236324,457.0,-14.27,-0.031225382932166302,-17.684599999999993,-0.03869715536105031,-30.500000000000007,1.869671772428884,0.664694840005693,0.10051761956337396,0.002275076547046929,0.4420131291028446,0.058987457923842995,0.05,,3.0,False,Hard,
1570,766,0.4878980891719745,1570.0,-45.75,-0.029140127388535032,-60.915,-0.03879936305732484,-53.67000000000006,2.574898089171975,0.5466420958637819,0.08115597838288113,0.0051403459540461235,0.49363057324840764,0.0417167356515917,0.03,,5.0,False,,
283,187,0.6607773851590106,283.0,-9.26,-0.032720848056537105,-10.994799999999998,-0.03885088339222614,-17.749999999999993,1.646113074204947,0.7371746282139103,0.09101848061946295,-0.0004160970924922222,0.38869257950530034,0.06510003761860583,0.02,top_10,3.0,False,Clay,
1376,694,0.5043604651162791,1376.0,-40.71999999999999,-0.029593023255813946,-53.54559999999999,-0.03891395348837209,-60.05000000000004,2.8036555232558142,0.5622129497584666,0.07915485836403388,0.005289586302780039,0.4934593023255814,0.04045909730212837,0.01,top_10,10.0,True,,
1504,727,0.4833776595744681,1504.0,-43.96999999999999,-0.029235372340425527,-58.6306,-0.03898311170212766,-55.93000000000002,2.5414162234042554,0.5408135705801155,0.0740435016696126,0.007131266424037335,0.5246010638297872,0.03624718029982988,0.02,,5.0,True,,
1012,604,0.5968379446640316,1012.0,-32.02999999999998,-0.03165019762845848,-39.54939999999999,-0.03908043478260869,-44.24000000000002,1.8454545454545455,0.6560849449160349,0.08098591785529517,0.003121439446631352,0.4634387351778656,0.04621918719480774,0.02,,3.0,True,,
541,238,0.4399260628465804,541.0,-15.839999999999998,-0.02927911275415896,-21.583200000000005,-0.03989500924214419,-36.03,2.817985212569316,0.5172031811995231,0.10009121219207366,0.0036900481024279013,0.5064695009242144,0.04733121506287923,0.075,,5.0,False,Hard,
639,216,0.3380281690140845,639.0,-17.57,-0.027496087636932707,-25.678599999999996,-0.04018560250391236,-33.17,4.268967136150235,0.42464015826730317,0.1007017018545047,0.009204220251315374,0.5555555555555556,0.041625976740109344,0.1,top_10,,True,,
1128,531,0.47074468085106386,1128.0,-34.63999999999999,-0.03070921985815602,-45.88719999999999,-0.040680141843971625,-54.65999999999998,2.9994148936170215,0.5334654560728246,0.08613502092657901,0.005440831367900288,0.50177304964539,0.043150131490625285,0.03,top_10,10.0,True,,
225,67,0.29777777777777775,225.0,-6.169999999999998,-0.027422222222222212,-9.206600000000009,-0.04091822222222226,-34.42,5.450711111111111,0.40221151222262375,0.09387835549800093,0.1394056181321348,0.5733333333333334,0.038918930374745794,0.1,top_10,,False,Clay,
618,268,0.4336569579288026,618.0,-18.669999999999998,-0.030210355987055012,-25.296599999999998,-0.04093300970873786,-54.010000000000005,3.275517799352751,0.5008347729075179,0.09138501072892741,0.0051331961583251555,0.517799352750809,0.043098670623714475,0.05,top_10,10.0,True,Hard,
741,321,0.4331983805668016,741.0,-22.469999999999995,-0.03032388663967611,-30.4206,-0.04105344129554656,-72.38000000000001,3.3241430499325237,0.5027799768032883,0.09101623577131793,0.0038902265368799933,0.4939271255060729,0.044163568033795966,0.05,top_10,10.0,False,Hard,
482,170,0.35269709543568467,482.0,-13.830000000000002,-0.02869294605809129,-19.7934,-0.04106514522821576,-46.31,3.896182572614108,0.43964174767253583,0.10186532583867688,0.002896976719830437,0.5103734439834025,0.043089835525000696,0.1,top_10,10.0,False,Hard,
756,303,0.4007936507936508,756.0,-22.779999999999994,-0.030132275132275125,-31.3844,-0.041513756613756614,-42.690000000000005,3.690925925925926,0.46360629989252994,0.0828194945080591,0.009936418011679394,0.5462962962962963,0.03741484001229738,0.05,,,True,Hard,
593,280,0.47217537942664417,593.0,-18.779999999999998,-0.03166947723440135,-24.6644,-0.041592580101180436,-34.879999999999995,2.9433052276559866,0.5240056079317943,0.06375357033879281,0.008285799000731751,0.5092748735244519,0.032589855101730854,0.01,,,True,Clay,
180,98,0.5444444444444444,180.0,-5.9799999999999995,-0.03322222222222222,-7.500400000000001,-0.041668888888888894,-13.34,2.022333333333333,0.6408743290165199,0.12686474562177574,0.003153986112916197,0.4666666666666667,0.06700767408681166,0.1,,3.0,True,Hard,
290,170,0.5862068965517241,290.0,-9.899999999999999,-0.03413793103448275,-12.101999999999997,-0.04173103448275861,-22.869999999999997,1.8781724137931037,0.6750474681927601,0.11761039496256691,0.0016958265726821492,0.43103448275862066,0.06857665486609844,0.075,top_10,3.0,False,Hard,
2241,1130,0.5042391789379741,2241.0,-73.04999999999998,-0.03259705488621151,-93.80900000000001,-0.041860330209727806,-82.73000000000015,2.452213297634984,0.5572676170510549,0.0687017827300104,0.00567204537833915,0.49352967425256583,0.034718543585951035,0.01,,5.0,False,,
540,274,0.5074074074074074,540.0,-17.779999999999998,-0.03292592592592592,-22.744400000000002,-0.042119259259259266,-28.549999999999997,2.397925925925926,0.559271962426677,0.06638173105817026,0.00684555702448536,0.4925925925925926,0.034929873655275744,0.01,,5.0,True,Clay,
586,218,0.3720136518771331,586.0,-17.92,-0.030580204778157,-24.921600000000005,-0.042528327645051205,-33.95,4.027372013651877,0.43883535712698435,0.09010086253982087,0.009447232241788523,0.5546075085324232,0.03881982309767835,0.075,,,True,Hard,
197,75,0.38071065989847713,197.0,-6.1,-0.03096446700507614,-8.418000000000001,-0.042730964467005084,-20.31,3.7459898477157356,0.47444979332335896,0.09715843210867076,0.0076754375950166195,0.5177664974619289,0.047411734741528114,0.075,top_10,,True,Clay,
1241,602,0.48509266720386784,1241.0,-41.16999999999999,-0.033174858984689755,-53.12659999999999,-0.042809508460918605,-62.90000000000002,2.8990169218372284,0.5483356123893074,0.0829412510061587,0.005345235318640096,0.500402900886382,0.04231761978032906,0.02,top_10,10.0,True,,
339,206,0.6076696165191741,339.0,-12.129999999999992,-0.03578171091445426,-14.54739999999999,-0.04291268436578168,-24.779999999999998,1.8185545722713865,0.6824850962551118,0.10562564376768097,0.0017672534200963866,0.4424778761061947,0.06184331811678343,0.05,top_10,3.0,True,Hard,
308,105,0.3409090909090909,308.0,-9.359999999999994,-0.03038961038961037,-13.232800000000003,-0.04296363636363637,-34.45,4.8401298701298705,0.43084685132757494,0.08752167700565978,0.10107095859220756,0.5292207792207793,0.04112755914233277,0.075,,,False,Clay,
494,227,0.45951417004048584,494.0,-16.25999999999999,-0.032914979757085,-21.274800000000003,-0.04306639676113361,-31.939999999999998,3.028481781376518,0.5208823894519522,0.06958566903974674,0.007968837737763202,0.5101214574898786,0.03672042265011983,0.02,,,True,Clay,
243,73,0.3004115226337449,243.0,-7.290000000000006,-0.030000000000000027,-10.544200000000007,-0.04339176954732513,-30.54,5.338971193415637,0.40241794245762597,0.09292843773696298,0.12983812558437952,0.5761316872427984,0.03828229630976916,0.1,,,False,Clay,
192,120,0.625,192.0,-7.1499999999999995,-0.03723958333333333,-8.447,-0.043994791666666665,-11.779999999999994,1.7261458333333335,0.7133303451102679,0.09768283420752588,-4.298019179058606e-05,0.375,0.06475223469071188,0.03,top_10,3.0,True,Clay,
1203,417,0.34663341645885287,1203.0,-39.56999999999999,-0.032892768079800495,-54.4986,-0.045302244389027434,-93.02000000000001,4.9468994181213635,0.42100983731966984,0.08845555585763779,0.06139910187558106,0.5353283458021613,0.039259407531130414,0.075,,,False,,
250,106,0.424,250.0,-8.649999999999999,-0.03459999999999999,-11.357,-0.045427999999999996,-21.34,3.44304,0.5095050274413133,0.0908549991437128,0.006505065478404429,0.5,0.04653155506691113,0.05,top_10,,True,Clay,
788,350,0.44416243654822335,788.0,-27.64999999999999,-0.03508883248730963,-35.857000000000006,-0.045503807106598994,-46.35000000000002,2.8090228426395942,0.5285349130092696,0.1060350740206218,0.002366796793572306,0.4796954314720812,0.052077392528841984,0.075,top_10,5.0,False,,
408,249,0.6102941176470589,408.0,-15.829999999999998,-0.038799019607843134,-18.69339999999999,-0.045817156862745075,-30.9,1.801004901960784,0.6882624017358355,0.10546823175679088,0.001229882299462503,0.42401960784313725,0.06381425514035831,0.05,top_10,3.0,False,Hard,
1267,756,0.5966850828729282,1267.0,-49.17999999999999,-0.03881610102604577,-58.41639999999999,-0.046106077348066286,-54.66000000000003,1.8301026045777429,0.6528688035204476,0.07297934428740263,0.003030219372773814,0.4593528018942384,0.03994568368422357,0.01,,3.0,True,,
1184,540,0.4560810810810811,1184.0,-43.529999999999994,-0.0367652027027027,-55.53940000000001,-0.04690827702702703,-55.150000000000006,2.71160472972973,0.5298897775078454,0.0908551416286451,0.004267477579746026,0.49324324324324326,0.045232084415397625,0.05,,5.0,False,,
178,61,0.34269662921348315,178.0,-6.179999999999999,-0.0347191011235955,-8.396400000000002,-0.04717078651685394,-18.35,3.9991573033707866,0.43995327603480733,0.09982187598565498,0.010195917088069899,0.5674157303370787,0.04253977890430979,0.1,,,True,Clay,
20,9,0.45,20.0,-0.7399999999999998,-0.03699999999999999,-0.9451999999999994,-0.04725999999999997,-7.24,2.515,0.4634907027983095,0.040681799209280466,0.005681218284675255,0.5,0.00935540107876328,0.02,other,5.0,True,Grass,
1441,640,0.4441360166551006,1441.0,-53.41,-0.03706453851492019,-68.36179999999999,-0.04744052741151977,-60.650000000000055,3.0900555170020816,0.4981121779424966,0.07646454713715366,0.008215206663338111,0.5329632199861207,0.0361497449372961,0.03,,10.0,True,,
1157,563,0.48660328435609335,1157.0,-44.78999999999999,-0.038712186689714774,-55.77419999999999,-0.04820587726879861,-64.45000000000009,2.4904926534140017,0.5437486853559299,0.06770690238513437,0.006329755603106458,0.526361279170268,0.031182581576267267,0.01,,5.0,True,Hard,
142,49,0.34507042253521125,142.0,-5.09,-0.03584507042253521,-6.848200000000006,-0.04822676056338032,-24.85,3.1653521126760564,0.38380600206939897,0.051676407206700255,0.013805035621496578,0.6267605633802817,0.01535078813097261,0.05,other,5.0,True,,
952,453,0.47584033613445376,952.0,-36.93,-0.03879201680672269,-46.17139999999999,-0.04849936974789915,-57.950000000000024,2.5590651260504202,0.5363134544377262,0.07427589248812454,0.006939972408628365,0.5367647058823529,0.0351464520706808,0.02,,5.0,True,Hard,
936,405,0.4326923076923077,936.0,-36.00999999999999,-0.03847222222222221,-45.909800000000004,-0.049048931623931626,-57.779999999999994,3.218087606837607,0.5026301507503328,0.09174887879015603,0.005666034723209616,0.5128205128205128,0.04376443891334347,0.05,top_10,10.0,True,,
744,259,0.3481182795698925,744.0,-27.339999999999996,-0.036747311827956985,-36.4932,-0.04905,-66.24,4.902594086021505,0.4217272579270177,0.08792024582206831,0.05474622228523162,0.5443548387096774,0.03827384075124007,0.075,,,False,Hard,
770,465,0.6038961038961039,770.0,-32.359999999999985,-0.04202597402597401,-37.812799999999996,-0.04910753246753246,-43.15,1.821077922077922,0.6633512253253369,0.08147659267843019,0.0023211087169811135,0.45324675324675323,0.04769239975894311,0.02,,3.0,False,Hard,
883,383,0.4337485843714609,883.0,-34.069999999999986,-0.038584371460928635,-43.388600000000004,-0.04913771234428087,-46.23000000000002,2.850079275198188,0.5138414591661858,0.10119387681696883,0.0035039402675308656,0.4983012457531144,0.04857601382686114,0.075,,5.0,False,,
367,177,0.4822888283378747,367.0,-14.73,-0.04013623978201635,-18.235400000000002,-0.049687738419618536,-24.609999999999985,2.5238964577656677,0.5486911365688426,0.07899461354067772,0.006257472130384897,0.4877384196185286,0.04171259755926104,0.03,,5.0,True,Clay,
1790,903,0.5044692737430168,1790.0,-73.04999999999998,-0.04081005586592178,-89.32899999999998,-0.04990446927374301,-102.09000000000009,2.870139664804469,0.5636597859336105,0.07845977861980212,0.0027041418359313634,0.4620111731843575,0.0419914941811687,0.01,top_10,10.0,False,,
161,55,0.3416149068322981,161.0,-6.060000000000001,-0.03763975155279504,-8.0588,-0.05005465838509317,-20.18,4.049006211180124,0.441808779678267,0.10143898617436188,0.009925037439735739,0.5590062111801242,0.04367300944297208,0.1,top_10,,True,Clay,
1369,682,0.4981738495252009,1369.0,-55.959999999999994,-0.040876552227903575,-68.58080000000001,-0.0500955441928415,-80.12000000000005,2.459773557341125,0.5543525075301253,0.06806788209077935,0.005312072888346726,0.5047479912344777,0.03346246893678545,0.01,,5.0,False,Hard,
1949,805,0.41303232426885583,1949.0,-77.75,-0.03989225243714725,-99.07499999999999,-0.050833760903027186,-104.23000000000002,4.085731144176501,0.47192207318287105,0.07456069964716684,0.04192375125223052,0.5233453052847614,0.035893231613116666,0.03,,,False,,
1455,678,0.465979381443299,1455.0,-59.749999999999986,-0.041065292096219924,-74.095,-0.05092439862542955,-94.08000000000001,3.0861786941580753,0.5313434647378971,0.08550477315939992,0.0026052281226826043,0.47147766323024054,0.04433637701061583,0.03,top_10,10.0,False,,
934,411,0.4400428265524625,934.0,-38.55999999999999,-0.04128479657387579,-48.24879999999999,-0.051658244111349026,-53.59000000000002,3.1593254817987146,0.49385655064369643,0.07637421003666149,0.007998614077790539,0.5438972162740899,0.03537930101616735,0.03,,10.0,True,Hard,
1712,750,0.4380841121495327,1712.0,-70.96999999999997,-0.04145443925233643,-88.79060000000001,-0.051863668224299074,-76.78000000000009,3.2487091121495326,0.496533376185934,0.0708383210769219,0.010095320079052115,0.5397196261682243,0.03328116687126634,0.02,,,True,,
231,150,0.6493506493506493,231.0,-10.62,-0.04597402597402597,-12.0276,-0.052067532467532464,-15.569999999999995,1.6597835497835498,0.7323365008820928,0.0913267655024622,0.00014610075272837976,0.38961038961038963,0.06327098761269714,0.02,top_10,3.0,True,Clay,
601,183,0.30449251247920134,601.0,-23.489999999999995,-0.03908485856905157,-31.3802,-0.05221331114808652,-61.10000000000001,5.401613976705491,0.39101261474808535,0.09220477108762157,0.06609863906037611,0.5507487520798668,0.03732908634170609,0.1,,,False,Hard,
1864,913,0.4898068669527897,1864.0,-80.39999999999999,-0.043133047210300424,-97.812,-0.05247424892703863,-92.83000000000008,2.521550429184549,0.5505386798452456,0.07493615954623171,0.005918559066372421,0.5005364806866953,0.03877080552284713,0.02,,5.0,False,,
445,221,0.4966292134831461,445.0,-19.259999999999998,-0.04328089887640449,-23.3548,-0.05248269662921348,-28.189999999999984,2.4529662921348314,0.5595102533132126,0.07289321274394925,0.006534915619766264,0.4943820224719101,0.039724991898206136,0.02,,5.0,True,Clay,
171,93,0.543859649122807,171.0,-7.569999999999999,-0.044269005847953215,-8.9786,-0.052506432748538015,-13.55,2.005555555555555,0.6481739891525335,0.1289686384514692,0.0037425656458027613,0.47953216374269003,0.06894147177626261,0.1,top_10,3.0,True,Hard,
1193,494,0.41408214585079633,1193.0,-49.69999999999999,-0.041659681475272416,-62.68599999999999,-0.05254484492875104,-84.75999999999999,4.0467896060352055,0.4716006978166719,0.07459794241195766,0.03819876684803057,0.5339480301760269,0.03513422389858633,0.03,,,False,Hard,
950,361,0.38,950.0,-39.33,-0.0414,-50.32339999999999,-0.05297199999999999,-86.65000000000002,4.44758947368421,0.4476576768317537,0.08117106529615638,0.045525764911130626,0.5357894736842105,0.037121588891983914,0.05,,,False,Hard,
403,143,0.3548387096774194,403.0,-16.58,-0.04114143920595533,-21.4484,-0.05322183622828784,-34.650000000000006,3.821612903225806,0.4390039569414306,0.10259269981421475,0.0040812001169650254,0.5384615384615384,0.04264286555910861,0.1,top_10,10.0,True,Hard,
1531,576,0.3762246897452645,1531.0,-64.03,-0.04182233834095363,-81.84940000000003,-0.05346139777922928,-104.46,4.491208360548661,0.44689005856999664,0.08168638234172251,0.05078691119139596,0.5284128020901372,0.03785872966305362,0.05,,,False,,
1612,779,0.4832506203473945,1612.0,-71.90999999999998,-0.0446091811414392,-87.1318,-0.05405198511166253,-107.11000000000007,2.973504962779157,0.5479961859846872,0.08213679108289473,0.0026081244243064323,0.47022332506203474,0.04375915994230632,0.02,top_10,10.0,False,,
2037,920,0.45164457535591557,2037.0,-89.91999999999999,-0.044143348060873826,-110.4616,-0.054227589592538046,-95.46000000000016,3.10693176239568,0.506033564569737,0.06525568101031447,0.009357113948486989,0.5306823760432008,0.029898163726851404,0.01,,,True,,
969,295,0.304437564499484,969.0,-40.25999999999999,-0.04154798761609906,-52.93480000000001,-0.05462827657378742,-98.58000000000004,5.433570691434468,0.39283626664690613,0.09342130392683713,0.07528394753898376,0.5510835913312694,0.038221202270441436,0.1,,,False,,
590,232,0.39322033898305087,590.0,-26.209999999999997,-0.04442372881355932,-32.8458,-0.05567084745762711,-64.09,3.6155762711864408,0.4725430875444627,0.09762244932362106,0.002848450193458431,0.49830508474576274,0.04474848173822326,0.075,top_10,10.0,False,Hard,
2651,1170,0.4413428894756696,2651.0,-126.04999999999997,-0.04754809505846849,-153.149,-0.05777027536778574,-137.41000000000017,3.7068691059977366,0.4956875673357106,0.06492052631265187,0.03402678464588362,0.5167861184458695,0.031038964666391663,0.01,,,False,,
1206,511,0.42371475953565507,1206.0,-57.23999999999998,-0.04746268656716416,-69.9952,-0.05803913764510779,-95.47999999999999,3.317379767827529,0.49860673680763634,0.0909374053700652,0.002502135130581661,0.48009950248756217,0.0445567348525561,0.05,top_10,10.0,False,,
1132,550,0.48586572438162545,1132.0,-55.339999999999996,-0.048886925795053,-65.8732,-0.05819187279151943,-84.74000000000005,2.524310954063604,0.5472799764522739,0.0744370268545718,0.005553770278445954,0.5097173144876325,0.037435175423542126,0.02,,5.0,False,Hard,
626,250,0.3993610223642173,626.0,-29.650000000000002,-0.04736421725239617,-36.577000000000005,-0.058429712460063905,-46.46,2.9977476038338655,0.4990705916344886,0.11248731655071022,0.0027077203934387085,0.4984025559105431,0.0504667112658139,0.1,top_10,5.0,False,,
413,163,0.3946731234866828,413.0,-19.990000000000002,-0.048401937046004845,-24.5902,-0.05954043583535109,-35.849999999999994,3.0033171912832928,0.49230010880209796,0.10761120934792397,0.003218755610101589,0.5036319612590799,0.047506293470860744,0.1,,5.0,False,Hard,
313,114,0.36421725239616615,313.0,-14.999999999999996,-0.04792332268370606,-18.680000000000003,-0.05968051118210864,-41.76,3.0405750798722044,0.3944035208833626,0.04386066759334998,0.015487033258609473,0.6261980830670927,0.011819904713169665,0.03,other,5.0,False,,
954,579,0.6069182389937107,954.0,-50.47999999999999,-0.05291404612159328,-56.9704,-0.05971740041928721,-55.08000000000002,1.7892557651991614,0.6666024051881994,0.07412717301580804,0.0021268659543033737,0.44863731656184486,0.04201570550044086,0.01,,3.0,False,Hard,
641,376,0.5865834633385335,641.0,-33.97,-0.05299531981279251,-38.59059999999999,-0.060203744149765974,-41.71000000000001,1.8586583463338535,0.6499532939221548,0.08101800337445796,0.0029354188250806466,0.47425897035881437,0.044494731571059154,0.02,,3.0,True,Hard,
106,34,0.32075471698113206,106.0,-5.09,-0.0480188679245283,-6.428200000000001,-0.060643396226415104,-19.35,3.9796226415094336,0.34519117115760256,0.05394330365732711,0.01727443909100219,0.6698113207547169,0.016523730285736227,0.075,other,10.0,True,,
106,34,0.32075471698113206,106.0,-5.09,-0.0480188679245283,-6.428200000000001,-0.060643396226415104,-19.35,3.9796226415094336,0.34519117115760256,0.05394330365732711,0.01727443909100219,0.6698113207547169,0.016523730285736227,0.075,other,,True,,
541,212,0.39186691312384475,541.0,-26.85,-0.04963031423290203,-32.893,-0.060800369685767096,-37.769999999999996,3.038890942698706,0.4849290031354378,0.10879917645181404,0.006244076196051628,0.5415896487985212,0.046972157025505466,0.1,,5.0,True,,
533,219,0.41088180112570355,533.0,-26.800000000000004,-0.050281425891181994,-32.544,-0.06105816135084427,-51.85999999999999,3.93046904315197,0.4849868717292739,0.07261910409729848,0.06285796104496859,0.5084427767354597,0.03754059090474516,0.03,,,False,Clay,
468,153,0.3269230769230769,468.0,-23.24,-0.04965811965811966,-29.075199999999995,-0.062126495726495715,-37.72,4.355384615384616,0.4107718211598393,0.09523151734780619,0.009456980108456626,0.5555555555555556,0.03858126014380094,0.1,,,True,Hard,
1108,456,0.41155234657039713,1108.0,-57.099999999999994,-0.05153429602888086,-68.99799999999999,-0.0622725631768953,-68.63000000000005,3.3037996389891693,0.47851859349253184,0.08486450109483289,0.007648973447059485,0.5361010830324909,0.03909066576684874,0.05,,10.0,True,,
732,300,0.4098360655737705,732.0,-37.779999999999994,-0.05161202185792349,-45.66439999999999,-0.06238306010928961,-61.03,3.3693169398907106,0.47485445277823024,0.08400786715275314,0.007183552190602705,0.5409836065573771,0.0382534294999507,0.05,,10.0,True,Hard,
1096,469,0.4279197080291971,1096.0,-57.429999999999986,-0.052399635036496334,-68.82140000000001,-0.06279324817518249,-74.08000000000007,3.333695255474453,0.4889985842134764,0.07094066508134114,0.010854470918120168,0.552007299270073,0.032129322733337955,0.02,,,True,Hard,
1619,707,0.43668931439159975,1619.0,-85.95999999999998,-0.0530945027794935,-102.48079999999999,-0.06329882643607164,-109.14000000000007,3.698536133415689,0.493794853762633,0.0648621087882561,0.031600472411951776,0.5293390982087709,0.030112498665181436,0.01,,,False,Hard,
492,194,0.3943089430894309,492.0,-25.789999999999992,-0.05241869918699185,-31.23420000000001,-0.06348414634146343,-51.16000000000001,3.5491260162601628,0.47065926027023025,0.09811334620240622,0.004170279139683344,0.5284552845528455,0.04372584367355698,0.075,top_10,10.0,True,Hard,
397,150,0.3778337531486146,397.0,-20.69,-0.052115869017632245,-25.216199999999994,-0.06351687657430728,-41.7,4.32551637279597,0.4641635591398546,0.08151163000793792,0.07948412935497437,0.5163727959697733,0.040256995088397064,0.05,,,False,Clay,
747,336,0.4497991967871486,747.0,-40.269999999999996,-0.053908969210174025,-47.68460000000002,-0.0638348058902276,-60.02000000000002,3.5315127175368137,0.5097958816829582,0.06291861324699063,0.04820409136813331,0.5033467202141901,0.03288581103142063,0.01,,,False,Clay,
580,278,0.4793103448275862,580.0,-31.77999999999999,-0.05479310344827584,-37.18440000000001,-0.06411103448275864,-34.88,2.697206896551724,0.5334059648665243,0.06444560374035131,0.0071735628765876155,0.5017241379310344,0.03314006075662519,0.01,,10.0,True,Clay,
83,33,0.39759036144578314,83.0,-4.48,-0.05397590361445784,-5.3904000000000005,-0.06494457831325302,-17.14,3.197469879518072,0.4897510014319759,0.12282751792069746,0.0013624704186496483,0.46987951807228917,0.05660335608702081,0.1,,5.0,False,Grass,
1308,579,0.4426605504587156,1308.0,-72.28999999999999,-0.05526758409785932,-85.4242,-0.06530902140672783,-88.2900000000001,3.1666666666666665,0.5012689645545904,0.06533389234332858,0.009704277287473573,0.5397553516819572,0.02892830755581698,0.01,,,True,Hard,
31,14,0.45161290322580644,31.0,-1.7199999999999993,-0.05548387096774191,-2.0255999999999994,-0.06534193548387095,-7.09,2.398064516129032,0.47816685568248357,0.03826208820672255,0.0041325444150059325,0.4838709677419355,0.008014600057828421,0.01,other,5.0,True,Grass,
2255,952,0.4221729490022173,2255.0,-124.39999999999999,-0.055166297117516624,-147.972,-0.06561951219512195,-138.3900000000001,3.931117516629712,0.4828755227114286,0.06991737821881241,0.03893008001695854,0.5254988913525499,0.03402993292550313,0.02,,,False,,
1996,915,0.45841683366733466,1996.0,-113.91999999999999,-0.05707414829659318,-133.2616,-0.06676432865731462,-121.10000000000016,2.872655310621243,0.5141058536651484,0.06575172225018085,0.007516396187109131,0.5265531062124249,0.030300264124575777,0.01,,10.0,True,,
194,83,0.42783505154639173,194.0,-11.06,-0.05701030927835052,-13.0588,-0.06731340206185567,-19.14999999999999,2.7986082474226808,0.5167680255825176,0.10087213073392426,0.004819860709910151,0.5,0.04986331693101683,0.075,,5.0,True,Clay,
99,44,0.4444444444444444,99.0,-5.719999999999999,-0.05777777777777777,-6.705600000000001,-0.06773333333333335,-14.089999999999998,2.3874747474747475,0.4714433184717061,0.05043257962652833,0.010146137146353465,0.5555555555555556,0.014334393519209504,0.03,other,3.0,False,Hard,
1673,745,0.44530783024506876,1673.0,-96.96999999999998,-0.057961745367603096,-113.5906,-0.06789635385534967,-104.78000000000011,2.986724447101017,0.5054198341329361,0.07148623599305619,0.007972859238968552,0.5355648535564853,0.03380427416733816,0.02,,10.0,True,,
645,327,0.5069767441860465,645.0,-38.27000000000001,-0.05933333333333335,-43.86460000000001,-0.06800713178294575,-40.37999999999999,2.389984496124031,0.5663735523757604,0.0669768160158079,0.007309965522708811,0.4821705426356589,0.036675406030735935,0.01,,5.0,False,Clay,
276,92,0.3333333333333333,276.0,-15.399999999999999,-0.055797101449275355,-18.772000000000002,-0.0680144927536232,-41.339999999999996,4.981123188405797,0.4343447320296927,0.0898629540790937,0.11175091730243589,0.5217391304347826,0.04312007563588744,0.075,top_10,,False,Clay,
2516,1160,0.4610492845786963,2516.0,-147.04999999999998,-0.05844594594594594,-171.22899999999998,-0.0680560413354531,-154.23000000000013,2.954654213036566,0.5164900987919543,0.06602711383036504,0.005911336353670374,0.5011923688394276,0.032102618110675336,0.01,,10.0,False,,
1119,488,0.4361036639857015,1119.0,-65.7,-0.05871313672922252,-77.006,-0.06881680071492403,-94.57000000000004,3.222359249329759,0.49496073525573914,0.07610130269231093,0.006570067549977502,0.5192135835567471,0.03658116335371108,0.03,,10.0,False,Hard,
64,27,0.421875,64.0,-3.7600000000000007,-0.05875000000000001,-4.424800000000001,-0.06913750000000002,-10.36,3.2446875,0.4328039027004971,0.03750596032138355,0.007645392214062855,0.546875,0.009529845924630216,0.01,other,10.0,False,Grass,
215,115,0.5348837209302325,215.0,-13.129999999999999,-0.06106976744186046,-14.8674,-0.0691506976744186,-19.299999999999997,1.9993953488372094,0.6476759324805701,0.1262135913926726,0.0019021725026633722,0.4372093023255814,0.0683063807273165,0.1,,3.0,False,Hard,
1823,795,0.4360943499725727,1823.0,-107.74999999999997,-0.05910586944596817,-126.15499999999999,-0.06920186505759736,-117.2400000000001,3.1920405924300606,0.4967986885190104,0.0764468742304387,0.005417829850657878,0.5041140976412507,0.037544677841492256,0.03,,10.0,False,,
306,140,0.45751633986928103,306.0,-18.339999999999996,-0.0599346405228758,-21.29320000000001,-0.06958562091503272,-30.369999999999994,3.1360457516339864,0.5484324224301456,0.08548931105505496,0.005039229168960533,0.45751633986928103,0.047196534804954456,0.03,top_10,,True,Clay,
562,215,0.38256227758007116,562.0,-32.919999999999995,-0.058576512455516004,-39.2016,-0.06975373665480426,-49.95,3.622846975088968,0.452428142333318,0.091959655437825,0.005840758506013578,0.5480427046263345,0.039972077722253745,0.075,,10.0,True,Hard,
849,327,0.38515901060070673,849.0,-50.19,-0.05911660777385159,-59.62620000000001,-0.07023109540636044,-63.37000000000001,3.537962308598351,0.45695246485337754,0.09311145441642844,0.006923137217410193,0.5441696113074205,0.04122561689053931,0.075,,10.0,True,,
631,272,0.43106180665610144,631.0,-37.959999999999994,-0.06015847860538826,-44.380800000000015,-0.0703340729001585,-59.78,3.7251664025356575,0.5006855429721264,0.06792242891641678,0.05544435612524257,0.5055467511885895,0.03629752522097662,0.02,,,False,Clay,
352,172,0.48863636363636365,352.0,-21.61,-0.061392045454545456,-24.777800000000006,-0.07039147727272729,-32.03999999999999,2.9873579545454545,0.5727222093966208,0.0812792079761908,0.004622736819432386,0.4602272727272727,0.04726817763519135,0.02,top_10,,True,Clay,
962,372,0.3866943866943867,962.0,-57.14999999999999,-0.0594074844074844,-67.80700000000002,-0.07048544698544701,-92.75,3.5904469854469854,0.46870122015634896,0.09759983985289464,0.001702809963925408,0.48544698544698545,0.04541897497117015,0.075,top_10,10.0,False,,
71,26,0.36619718309859156,71.0,-4.209999999999999,-0.05929577464788731,-5.0257999999999985,-0.07078591549295772,-16.050000000000004,4.123380281690141,0.40708907535651756,0.09354428864197933,0.01536523382629191,0.5915492957746479,0.036214548842675116,0.075,,,True,Grass,
403,181,0.4491315136476427,403.0,-24.729999999999993,-0.061364764267990056,-28.675399999999996,-0.07115483870967741,-27.59,2.8890074441687346,0.5166037379298133,0.07564760350089882,0.007071121894694133,0.5012406947890818,0.03886934979200814,0.03,,10.0,True,Clay,
743,293,0.3943472409152086,743.0,-45.1,-0.06069986541049798,-53.19800000000001,-0.07159892328398386,-58.330000000000005,3.4749528936742937,0.4728968755286833,0.09869937363643483,0.005446370059131927,0.5262449528936743,0.044749708384629654,0.075,top_10,10.0,True,,
258,118,0.4573643410852713,258.0,-16.029999999999998,-0.06213178294573642,-18.509400000000007,-0.07174186046511631,-24.109999999999985,2.628953488372093,0.5401281016553743,0.09185116206040378,0.004613930771114995,0.4883720930232558,0.046878254154428485,0.05,,5.0,True,Clay,
313,109,0.34824281150159747,313.0,-18.770000000000003,-0.05996805111821087,-22.474600000000002,-0.07180383386581471,-44.54,3.416709265175719,0.37070483694885475,0.04161376619634919,0.018213594309516593,0.645367412140575,0.010921514802614536,0.03,other,10.0,True,,
313,109,0.34824281150159747,313.0,-18.770000000000003,-0.05996805111821087,-22.474600000000002,-0.07180383386581471,-44.54,3.416709265175719,0.37070483694885475,0.04161376619634919,0.018213594309516593,0.645367412140575,0.010921514802614536,0.03,other,,True,,
1371,574,0.41867250182348653,1371.0,-84.33999999999999,-0.06151714077315827,-98.5932,-0.07191334792122538,-111.41000000000007,3.939110138584974,0.480206228766992,0.07000617247063724,0.03627720529080547,0.537563822027717,0.03304942683848083,0.02,,,False,Hard,
167,59,0.3532934131736527,167.0,-10.139999999999997,-0.06071856287425148,-12.0972,-0.07243832335329342,-34.31999999999999,3.0905988023952093,0.3852478708565728,0.04226577335042108,0.01516741048372489,0.6227544910179641,0.0109076137091551,0.03,other,5.0,True,Hard,
700,229,0.3271428571428571,700.0,-42.35,-0.060500000000000005,-50.923,-0.07274714285714286,-52.17999999999999,4.271485714285714,0.4163382353092163,0.09710248105798018,0.010200046493123373,0.5642857142857143,0.03963484332476885,0.1,,,True,,
1541,701,0.45489941596365996,1541.0,-97.96,-0.06356911096690461,-112.80079999999998,-0.0731997404282933,-121.8300000000001,2.985029201817002,0.5130157961615549,0.06565060111132663,0.006312433633267947,0.5171966255678131,0.030999836537830998,0.01,,10.0,False,Hard,
82,32,0.3902439024390244,82.0,-5.150000000000002,-0.06280487804878052,-6.046999999999999,-0.07374390243902437,-17.14,3.21609756097561,0.4864228250356792,0.12195729236202389,0.0010026932587445937,0.4634146341463415,0.05604844321030501,0.1,top_10,5.0,False,Grass,
876,355,0.4052511415525114,876.0,-55.33,-0.063162100456621,-64.64339999999999,-0.07379383561643833,-95.91000000000001,3.428321917808219,0.4754751406918361,0.08364671740477055,0.005742298406733384,0.5171232876712328,0.03913778781869169,0.05,,10.0,False,Hard,
800,471,0.58875,800.0,-53.62999999999999,-0.06703749999999999,-59.13739999999999,-0.07392175,-58.93000000000007,1.8238875,0.653486608161296,0.07341785258982889,0.0026308474137863693,0.4675,0.0388454740345674,0.01,,3.0,True,Hard,
483,225,0.4658385093167702,483.0,-31.259999999999994,-0.06472049689440992,-35.7948,-0.07410931677018634,-31.939999999999998,2.7848240165631473,0.5302140043380865,0.07029928613556291,0.006825907574528466,0.5031055900621118,0.03734112892332762,0.02,,10.0,True,Clay,
18,6,0.3333333333333333,18.0,-1.12,-0.06222222222222223,-1.3375999999999992,-0.07431111111111106,-5.0,3.942222222222222,0.40499832039515365,0.08105446572398868,0.010244468737438185,0.6111111111111112,0.030324370497561298,0.1,other,,False,Clay,
784,271,0.34566326530612246,784.0,-49.15,-0.06269132653061224,-58.427,-0.07452423469387755,-79.27000000000002,3.8279209183673473,0.4391688996053528,0.10259137882328336,0.0022922874466790016,0.5051020408163265,0.04360716328284736,0.1,top_10,10.0,False,,
662,253,0.3821752265861027,662.0,-41.99999999999999,-0.06344410876132929,-49.34,-0.07453172205438068,-55.17,2.805679758308157,0.4230004240026573,0.03679722891186337,0.012859657528268176,0.595166163141994,0.008101181269259376,0.01,other,5.0,False,,
205,110,0.5365853658536586,205.0,-13.719999999999995,-0.06692682926829266,-15.3456,-0.07485658536585366,-18.46,1.979512195121951,0.6554073258806762,0.12829214795607038,0.0021086695816045506,0.44390243902439025,0.07023857790013541,0.1,top_10,3.0,False,Hard,
346,132,0.3815028901734104,346.0,-22.30999999999999,-0.06447976878612714,-26.143800000000006,-0.07556011560693643,-42.58,4.435606936416185,0.47669571647565767,0.08528223513014878,0.0891196544137247,0.5,0.043538419376918304,0.05,top_10,,False,Clay,
1071,466,0.4351073762838469,1071.0,-71.42999999999998,-0.06669467787114844,-82.1014,-0.07665863678804855,-90.08000000000011,3.061372549019608,0.4976933193397591,0.07155221345107683,0.0077600062761255025,0.5480859010270775,0.03261393936545797,0.02,,10.0,True,Hard,
1283,576,0.4489477786438036,1283.0,-86.28999999999999,-0.06725643024162119,-98.7042,-0.07693234606391271,-104.29000000000009,2.9360872954014026,0.5087660969230834,0.06573513862979516,0.007098722749404631,0.5362431800467654,0.029270473599123693,0.01,,10.0,True,Hard,
94,31,0.32978723404255317,94.0,-6.110000000000003,-0.06500000000000003,-7.2478000000000025,-0.07710425531914897,-20.4,3.2720212765957446,0.36810231731204346,0.04741355844138741,0.015203266055800134,0.6382978723404256,0.013276172024994088,0.05,other,5.0,True,Hard,
390,197,0.5051282051282051,390.0,-26.95,-0.0691025641025641,-30.271,-0.07761794871794872,-33.699999999999996,2.9620769230769226,0.581097148081068,0.07739567054627543,0.005316544344212486,0.45897435897435895,0.04511922579441507,0.01,top_10,,True,Clay,
1407,566,0.40227434257285005,1407.0,-96.03,-0.06825159914712153,-110.9294,-0.0788410803127221,-119.0800000000001,3.395195451314855,0.476333871872154,0.08465954953734885,0.004565041450311885,0.5046197583511016,0.040121585414370754,0.05,,10.0,False,,
122,38,0.3114754098360656,122.0,-8.149999999999997,-0.06680327868852456,-9.667,-0.07923770491803278,-27.24,5.809180327868852,0.3827256883450785,0.1004979322588916,0.011988896298221186,0.4918032786885246,0.04246354648170029,0.1,top_10,,False,Grass,
95,33,0.3473684210526316,95.0,-6.420000000000002,-0.06757894736842107,-7.531600000000004,-0.07928000000000004,-20.81,3.190631578947368,0.39196312623618573,0.061037420011931416,0.0129362461357345,0.6526315789473685,0.01953299890937799,0.075,other,5.0,False,,
2124,942,0.4435028248587571,2124.0,-149.39999999999998,-0.07033898305084745,-170.05200000000002,-0.08006214689265538,-157.21000000000015,3.0761158192090394,0.5059201455387202,0.07142025796114905,0.006037239553741994,0.5084745762711864,0.03541634285569551,0.02,,10.0,False,,
674,253,0.37537091988130566,674.0,-47.34,-0.07023738872403561,-54.81320000000001,-0.0813252225519288,-79.53,3.696632047477745,0.45296176289495005,0.09139722871474937,0.004678633596750297,0.5222551928783383,0.04080040766332577,0.075,,10.0,False,Hard,
676,263,0.3890532544378698,676.0,-48.760000000000005,-0.0721301775147929,-56.044799999999995,-0.08290650887573964,-59.350000000000016,3.0209023668639055,0.4910054450424537,0.109429584988438,0.003312119743867924,0.5059171597633136,0.04851218370872911,0.1,,5.0,False,,
1086,407,0.3747697974217311,1086.0,-78.57,-0.07234806629834253,-90.57860000000002,-0.0834057090239411,-105.57000000000004,3.64744014732965,0.4539672617858745,0.09255621184577895,0.00348149279954815,0.507366482504604,0.04210577198335071,0.075,,10.0,False,,
219,86,0.3926940639269406,219.0,-16.059999999999995,-0.0733333333333333,-18.3988,-0.08401278538812786,-16.64,3.2599543378995435,0.48012338020885986,0.0952880054429782,0.005587553404523566,0.5159817351598174,0.045659739358254396,0.075,,10.0,True,Clay,
1294,568,0.43894899536321486,1294.0,-97.33999999999997,-0.07522411128284387,-109.91320000000002,-0.08494064914992273,-119.2000000000001,3.1109119010819164,0.5019661282035769,0.07120414774355983,0.006508553495478047,0.5239567233384853,0.03425784920969586,0.02,,10.0,False,Hard,
534,263,0.49250936329588013,534.0,-40.96,-0.07670411985018727,-45.56080000000001,-0.08531985018726593,-41.87,2.4514606741573033,0.5635451237191212,0.07319663471245934,0.007308796105729832,0.4850187265917603,0.04118996686447614,0.02,,5.0,False,Clay,
290,122,0.4206896551724138,290.0,-22.029999999999998,-0.0759655172413793,-24.949399999999997,-0.08603241379310343,-23.869999999999987,3.0767931034482756,0.5016336844019573,0.086652693359149,0.005904710056752246,0.5103448275862069,0.04290363180030378,0.05,,10.0,True,Clay,
41,21,0.5121951219512195,41.0,-3.2199999999999993,-0.07853658536585365,-3.5556,-0.08672195121951219,-7.23,2.055609756097561,0.5505773731966948,0.047042917683249384,0.006044053126946961,0.5121951219512195,0.013049460350301682,0.01,other,3.0,False,Grass,
441,210,0.47619047619047616,441.0,-34.8,-0.07891156462585033,-38.724000000000004,-0.08780952380952382,-35.70999999999998,2.52140589569161,0.5533780556591932,0.07930192217811131,0.005008756418446825,0.48072562358276644,0.04332160500957185,0.03,,5.0,False,Clay,
125,39,0.312,125.0,-9.479999999999997,-0.07583999999999998,-11.010399999999997,-0.08808319999999997,-28.57,5.77112,0.3829776072003976,0.1002285256909009,0.0133935885838801,0.504,0.04239172884334785,0.1,,,False,Grass,
578,219,0.3788927335640138,578.0,-45.2,-0.0782006920415225,-51.476000000000006,-0.08905882352941177,-50.850000000000016,2.7767993079584774,0.42428858513631457,0.036926829439520865,0.01102810064745699,0.5951557093425606,0.007995094326727278,0.01,other,5.0,True,,
604,211,0.34933774834437087,604.0,-47.56999999999999,-0.07875827814569536,-54.478600000000014,-0.09019635761589406,-58.02000000000003,3.7299172185430463,0.44225592885037296,0.10379851059232896,0.006017150368210789,0.5463576158940397,0.04334480729348072,0.1,top_10,10.0,True,,
347,192,0.553314121037464,347.0,-28.949999999999996,-0.08342939481268011,-31.471000000000004,-0.09069452449567725,-29.85999999999999,2.2109798270893375,0.6329895915711475,0.08194968903144223,0.00310813279891261,0.42939481268011526,0.04948146985612632,0.01,top_10,5.0,True,Clay,
15,6,0.4,15.0,-1.2399999999999998,-0.08266666666666665,-1.3951999999999996,-0.09301333333333331,-6.46,3.377333333333333,0.40059177223203146,0.04022724583973023,0.024465750712053546,0.6,0.009671460704652059,0.03,other,10.0,True,Grass,
15,6,0.4,15.0,-1.2399999999999998,-0.08266666666666665,-1.3951999999999996,-0.09301333333333331,-6.46,3.377333333333333,0.40059177223203146,0.04022724583973023,0.024465750712053546,0.6,0.009671460704652059,0.03,other,,True,Grass,
133,52,0.39097744360902253,133.0,-11.059999999999999,-0.0831578947368421,-12.458800000000004,-0.09367518796992484,-16.81,2.9578195488721803,0.49775310243340615,0.1111050494735057,0.0057954509291204956,0.5263157894736842,0.049877194411543646,0.1,top_10,5.0,True,Clay,
415,174,0.41927710843373495,415.0,-34.85000000000001,-0.08397590361445785,-38.97300000000001,-0.09391084337349401,-53.44,4.0850843373493975,0.5146251570117222,0.08108453760503263,0.07517413182961165,0.4674698795180723,0.04483927287334925,0.03,top_10,,False,Clay,
395,141,0.3569620253164557,395.0,-32.800000000000004,-0.08303797468354432,-37.22400000000001,-0.09423797468354433,-51.78000000000001,2.9331898734177217,0.401548374294501,0.03985669985161724,0.013545588848271778,0.6278481012658228,0.00976178017582848,0.02,other,5.0,True,,
472,213,0.451271186440678,472.0,-40.17,-0.08510593220338983,-44.54659999999999,-0.09437838983050846,-56.58,3.8832627118644063,0.5393706645967176,0.07758075172309316,0.0663150605332743,0.4682203389830508,0.04513892155056726,0.02,top_10,,False,Clay,
532,177,0.33270676691729323,532.0,-44.489999999999995,-0.08362781954887218,-50.70020000000001,-0.09530112781954889,-74.35,3.961221804511278,0.4259290299030121,0.09701414253111441,0.004663205023715691,0.5244360902255639,0.04033840170858179,0.1,,10.0,False,Hard,
215,101,0.4697674418604651,215.0,-18.65,-0.08674418604651161,-20.557000000000002,-0.09561395348837211,-19.659999999999997,2.564,0.564411873087883,0.09782739235117946,0.0031942579545557667,0.46511627906976744,0.05215532889512404,0.05,top_10,5.0,True,Clay,
264,116,0.4393939393939394,264.0,-22.77,-0.08625,-25.274600000000007,-0.09573712121212123,-24.939999999999994,2.285681818181818,0.4883742948156368,0.04795656097014674,0.013792315331266678,0.5871212121212122,0.013086300997150276,0.02,other,3.0,False,,
313,167,0.5335463258785943,313.0,-27.61,-0.0882108626198083,-29.977800000000002,-0.09577571884984026,-29.119999999999997,2.2669329073482425,0.6230426401260248,0.0858926625987122,0.0026216701916064043,0.43450479233226835,0.051799857555467566,0.02,top_10,5.0,True,Clay,
66,27,0.4090909090909091,66.0,-5.759999999999998,-0.08727272727272724,-6.424800000000002,-0.09734545454545458,-10.36,3.4796969696969695,0.42262025421071725,0.03666052434428647,0.009090872167677734,0.5606060606060606,0.009289682811698523,0.01,other,,False,Grass,
522,247,0.4731800766283525,522.0,-47.099999999999994,-0.09022988505747126,-51.658,-0.0989616858237548,-59.860000000000014,3.7530268199233716,0.5538430330089897,0.07429827912609384,0.06080453284213581,0.46360153256704983,0.04352731663170539,0.01,top_10,,False,Clay,
445,150,0.33707865168539325,445.0,-39.239999999999995,-0.08817977528089886,-44.35519999999998,-0.099674606741573,-51.65,3.890606741573033,0.42564679363825775,0.0976583329601482,0.005630625192769867,0.5483146067415731,0.03994029812001602,0.1,,10.0,True,Hard,
167,71,0.4251497005988024,167.0,-15.099999999999998,-0.0904191616766467,-16.718000000000004,-0.10010778443113774,-20.700000000000003,2.781197604790419,0.5283431844167807,0.1050647839886911,0.004192229014372274,0.48502994011976047,0.053502758455894486,0.075,top_10,5.0,True,Clay,
21,9,0.42857142857142855,21.0,-1.9099999999999997,-0.09095238095238094,-2.1117999999999992,-0.10056190476190473,-6.13,2.6485714285714286,0.4629551312692365,0.0507868908248026,0.011822479256440385,0.6190476190476191,0.016042291473409725,0.03,other,5.0,False,Grass,
163,53,0.32515337423312884,163.0,-14.790000000000003,-0.09073619631901843,-16.69420000000001,-0.10241840490797552,-28.35,3.1826993865030673,0.3827476425585789,0.05180380525469748,0.014380418458037328,0.6257668711656442,0.015391361608937195,0.05,other,5.0,False,,
234,102,0.4358974358974359,234.0,-21.839999999999996,-0.09333333333333332,-24.043200000000006,-0.10274871794871797,-22.15999999999999,2.292350427350428,0.48591731164008106,0.04776836121458925,0.009685041301629393,0.5854700854700855,0.01289788125830753,0.02,other,3.0,True,,
455,160,0.3516483516483517,455.0,-42.49,-0.09338461538461539,-47.540200000000006,-0.10448395604395605,-58.330000000000005,2.9623736263736267,0.3995687177489803,0.0396593970973054,0.015881077513704364,0.6241758241758242,0.009774270357571373,0.02,other,5.0,False,,
269,135,0.5018587360594795,269.0,-26.34,-0.0979182156133829,-28.493199999999995,-0.10592267657992563,-27.249999999999996,2.374089219330855,0.6001128416149201,0.09088021579972083,0.0020310624561026276,0.42379182156133827,0.05211329893054944,0.03,top_10,5.0,True,Clay,
854,285,0.3337236533957845,854.0,-81.26,-0.09515222482435598,-91.01480000000001,-0.10657470725995317,-104.76000000000005,3.867833723653396,0.4301586362397911,0.09912003852097999,0.0038760317217047197,0.5187353629976581,0.0416134479613199,0.1,,10.0,False,,
420,190,0.4523809523809524,420.0,-41.379999999999995,-0.09852380952380951,-45.1524,-0.10750571428571429,-42.58000000000001,2.1916904761904763,0.5074537100014617,0.04301850878186244,0.010064347906982124,0.5547619047619048,0.010234378354453805,0.01,other,3.0,False,,
712,332,0.46629213483146065,712.0,-71.27000000000001,-0.10009831460674158,-77.44460000000001,-0.10877050561797753,-72.38000000000001,2.8118539325842695,0.5300236242617692,0.06415329642291188,0.006256328635844816,0.4845505617977528,0.034038053329813474,0.01,,10.0,False,Clay,
316,142,0.44936708860759494,316.0,-31.689999999999998,-0.10028481012658227,-34.53620000000001,-0.10929177215189875,-32.59999999999998,2.635221518987342,0.5426840161810347,0.09106433968625086,0.0033184676718568873,0.4810126582278481,0.04777734576476316,0.05,,5.0,False,Clay,
435,240,0.5517241379310345,435.0,-45.099999999999994,-0.10367816091954021,-48.098,-0.11057011494252873,-46.00999999999999,2.217425287356322,0.6345998794785558,0.08107962975708771,0.002267374761211922,0.4298850574712644,0.05025380362230705,0.01,top_10,5.0,False,Clay,
240,104,0.43333333333333335,240.0,-24.650000000000002,-0.10270833333333335,-26.877000000000002,-0.1119875,-24.64999999999999,3.0031666666666665,0.5260293898322538,0.09291325228204503,0.00400010505448734,0.48333333333333334,0.04803929925298191,0.05,top_10,10.0,True,Clay,
237,98,0.41350210970464135,237.0,-24.36,-0.10278481012658228,-26.652800000000003,-0.11245907172995782,-25.940000000000005,2.832320675105485,0.5131770970796573,0.09938992604430648,0.003643254417593121,0.4936708860759494,0.04983972852003799,0.075,,5.0,False,Clay,
726,257,0.35399449035812675,726.0,-74.0,-0.10192837465564739,-81.9,-0.11280991735537191,-77.95000000000007,3.163030303030303,0.4001901814592201,0.03537357392252429,0.013818882065451125,0.5977961432506887,0.007720953969927246,0.01,other,10.0,False,,
8,4,0.5,8.0,-0.8399999999999999,-0.10499999999999998,-0.9031999999999996,-0.11289999999999994,-2.46,2.1075,0.5296547647544038,0.049098944774177436,0.009454126012361397,0.5,0.012924993508845947,0.03,other,3.0,True,Grass,
147,57,0.3877551020408163,147.0,-15.18,-0.10326530612244898,-16.6764,-0.11344489795918368,-19.810000000000002,2.9445578231292515,0.49570744387311416,0.10971008638409473,0.0054724147832829525,0.5306122448979592,0.04867917868303324,0.1,,5.0,True,Clay,
377,195,0.5172413793103449,377.0,-39.949999999999996,-0.1059681697612732,-42.791,-0.11350397877984084,-39.95,2.5841114058355434,0.597527909471211,0.07893075456643778,0.0035030237539250848,0.44562334217506633,0.046397743297979036,0.01,top_10,10.0,True,Clay,
70,21,0.3,70.0,-7.1300000000000034,-0.10185714285714291,-7.967399999999999,-0.11381999999999998,-21.25,4.141,0.32428942769102,0.04870800034962552,0.01758184205222037,0.6857142857142857,0.013588465607379523,0.075,other,10.0,True,Hard,
70,21,0.3,70.0,-7.1300000000000034,-0.10185714285714291,-7.967399999999999,-0.11381999999999998,-21.25,4.141,0.32428942769102,0.04870800034962552,0.01758184205222037,0.6857142857142857,0.013588465607379523,0.075,other,,True,Hard,
341,170,0.49853372434017595,341.0,-36.61,-0.10736070381231672,-39.29780000000001,-0.11524281524926688,-36.61,2.640909090909091,0.5876119689549617,0.08266720206880103,0.002895926323995384,0.44868035190615835,0.04848760999529443,0.02,top_10,10.0,True,Clay,
14,7,0.5,14.0,-1.51,-0.10785714285714286,-1.6197999999999997,-0.11569999999999998,-3.13,2.047142857142857,0.5551234562815562,0.0626966378250337,0.016608561529864396,0.6428571428571429,0.02169519391366764,0.03,other,3.0,False,Grass,
27,13,0.48148148148148145,27.0,-2.96,-0.10962962962962963,-3.1808000000000014,-0.11780740740740746,-8.48,2.0933333333333333,0.5384814719454456,0.05189454367801278,0.009496858632755893,0.5925925925925926,0.01527518125802759,0.02,other,3.0,False,Grass,
390,206,0.5282051282051282,390.0,-43.17,-0.1106923076923077,-45.986599999999996,-0.11791435897435897,-44.08,2.290769230769231,0.6206024072244438,0.08495425669054449,0.0019438137038918957,0.43846153846153846,0.052426882327337554,0.02,top_10,5.0,False,Clay,
188,62,0.32978723404255317,188.0,-20.14,-0.10712765957446808,-22.257199999999997,-0.11838936170212765,-36.81999999999999,3.153989361702128,0.3779897758770722,0.04189721278743609,0.015078862060071611,0.6170212765957447,0.010688881262255546,0.03,other,5.0,False,Hard,
665,224,0.3368421052631579,665.0,-72.35,-0.108796992481203,-79.72300000000001,-0.11988421052631582,-83.18000000000002,3.7820150375939847,0.43190117986356386,0.09972578895236743,0.007357736281195721,0.556390977443609,0.04109121021905365,0.1,,10.0,True,,
735,257,0.34965986394557824,735.0,-82.99999999999999,-0.11292517006802719,-90.9,-0.12367346938775511,-86.95000000000007,3.2821224489795915,0.39645029447057295,0.0351192969061093,0.014822687486957345,0.6,0.007663920625269651,0.01,other,,False,,
296,138,0.46621621621621623,296.0,-34.339999999999996,-0.1160135135135135,-36.81320000000001,-0.12436891891891895,-34.34,2.7690202702702704,0.5631456687940444,0.08697689170476157,0.002958658679654654,0.44256756756756754,0.04844149562264844,0.03,top_10,10.0,True,Clay,
376,166,0.44148936170212766,376.0,-43.44,-0.11553191489361701,-46.77120000000001,-0.12439148936170215,-44.640000000000015,2.20406914893617,0.502704145365835,0.04264678980930329,0.007480324679692651,0.5531914893617021,0.009906829058873157,0.01,other,3.0,True,,
63,20,0.31746031746031744,63.0,-7.1300000000000034,-0.11317460317460323,-7.847400000000001,-0.12456190476190478,-22.34,3.330793650793651,0.3645260655153102,0.05380984317561922,0.013870083595265242,0.6666666666666666,0.015299199915065105,0.075,other,5.0,False,Hard,
598,268,0.44816053511705684,598.0,-70.96000000000001,-0.11866220735785954,-76.14080000000001,-0.12732575250836123,-70.96000000000002,2.9173578595317724,0.5227913111364934,0.06946930993848262,0.005927355028109238,0.48494983277591974,0.0377484228462944,0.02,,10.0,False,Clay,
620,221,0.3564516129032258,620.0,-73.19999999999999,-0.11806451612903224,-79.71600000000001,-0.12857419354838712,-77.15000000000009,3.0257903225806446,0.40733913717417125,0.036005407262016675,0.01245847747878144,0.6,0.007754208556330012,0.01,other,10.0,True,,
620,221,0.3564516129032258,620.0,-73.19999999999999,-0.11806451612903224,-79.71600000000001,-0.12857419354838712,-77.15000000000009,3.0257903225806446,0.40733913717417125,0.036005407262016675,0.01245847747878144,0.6,0.007754208556330012,0.01,other,,True,,
166,62,0.37349397590361444,166.0,-20.17,-0.12150602409638556,-21.846600000000002,-0.13160602409638555,-22.58,2.993433734939759,0.4896540431859846,0.10834864388908395,0.004595854431116093,0.5240963855421686,0.047914976016518555,0.1,top_10,5.0,False,Clay,
337,167,0.49554896142433236,337.0,-41.85000000000001,-0.12418397626112762,-44.41300000000001,-0.13178931750741843,-42.76,2.4000296735905042,0.5975535790230125,0.0895755472854225,0.001319045407326396,0.43026706231454004,0.052675357365711356,0.03,top_10,5.0,False,Clay,
502,215,0.42828685258964144,502.0,-61.8,-0.12310756972111553,-66.304,-0.1320796812749004,-61.799999999999976,3.033745019920319,0.5086303430332355,0.07449836169762748,0.004181777116982051,0.48406374501992033,0.03920294663837701,0.03,,10.0,False,Clay,
188,73,0.3882978723404255,188.0,-23.1,-0.12287234042553193,-24.938000000000002,-0.13264893617021278,-23.680000000000003,3.239148936170213,0.49167466094766216,0.0996592299561508,0.004811331638606063,0.5,0.04914068150761496,0.075,top_10,10.0,True,Clay,
273,125,0.45787545787545786,273.0,-34.309999999999995,-0.12567765567765565,-36.5838,-0.1340065934065934,-35.21999999999999,2.5850549450549454,0.5622111780220336,0.09564696294789257,0.001996363024134055,0.46153846153846156,0.05207489890942958,0.05,top_10,5.0,False,Clay,
172,51,0.29651162790697677,172.0,-21.090000000000003,-0.12261627906976746,-23.0882,-0.13423372093023256,-33.85,3.770232558139535,0.34730686329891725,0.04740067828772554,0.018439849293126226,0.6627906976744186,0.013656644458016943,0.05,other,10.0,True,,
172,51,0.29651162790697677,172.0,-21.090000000000003,-0.12261627906976746,-23.0882,-0.13423372093023256,-33.85,3.770232558139535,0.34730686329891725,0.04740067828772554,0.018439849293126226,0.6627906976744186,0.013656644458016943,0.05,other,,True,,
26,12,0.46153846153846156,26.0,-3.3199999999999994,-0.12769230769230766,-3.5336,-0.1359076923076923,-6.4399999999999995,2.161923076923077,0.5136019544381683,0.04030055688370335,0.00322172864434495,0.46153846153846156,0.008625227986949221,0.01,other,3.0,True,Grass,
109,33,0.30275229357798167,109.0,-13.860000000000003,-0.12715596330275233,-15.102800000000002,-0.13855779816513764,-26.400000000000002,3.321284403669725,0.3625693200129775,0.04695129740317934,0.014630277740845129,0.6238532110091743,0.012926383897224156,0.05,other,5.0,False,Hard,
432,143,0.33101851851851855,432.0,-55.80000000000001,-0.12916666666666668,-60.464,-0.13996296296296296,-62.78000000000002,3.238680555555556,0.38213631372516577,0.03857958406884272,0.015521195547134332,0.6365740740740741,0.009348112348537883,0.02,other,10.0,True,,
432,143,0.33101851851851855,432.0,-55.80000000000001,-0.12916666666666668,-60.464,-0.13996296296296296,-62.78000000000002,3.238680555555556,0.38213631372516577,0.03857958406884272,0.015521195547134332,0.6365740740740741,0.009348112348537883,0.02,other,,True,,
368,117,0.3179347826086957,368.0,-48.0,-0.13043478260869565,-52.06,-0.14146739130434782,-54.76000000000001,3.6105978260869565,0.3602154021100971,0.04063371406294254,0.01653830679142968,0.6331521739130435,0.01069162813748465,0.03,other,10.0,False,,
41,14,0.34146341463414637,41.0,-5.4300000000000015,-0.13243902439024394,-5.861400000000001,-0.14296097560975612,-12.799999999999999,3.374878048780488,0.44349018308263827,0.11542184706681068,0.020308495504596437,0.6585365853658537,0.04578680578439409,0.1,,5.0,True,Grass,
41,14,0.34146341463414637,41.0,-5.4300000000000015,-0.13243902439024394,-5.861400000000001,-0.14296097560975612,-12.799999999999999,3.374878048780488,0.44349018308263827,0.11542184706681068,0.020308495504596437,0.6585365853658537,0.04578680578439409,0.1,top_10,5.0,True,Grass,
210,86,0.4095238095238095,210.0,-28.4,-0.13523809523809524,-30.312000000000005,-0.14434285714285716,-29.98000000000001,2.8228095238095237,0.5219204135355846,0.10253351445824165,0.002992859831653191,0.48095238095238096,0.05273091827031485,0.075,top_10,5.0,False,Clay,
180,67,0.37222222222222223,180.0,-24.290000000000003,-0.13494444444444445,-26.0642,-0.1448011111111111,-26.699999999999996,2.9798333333333336,0.48861334885876784,0.10742381113374222,0.0044253435285268854,0.5277777777777778,0.04708921349118146,0.1,,5.0,False,Clay,
397,139,0.3501259445843829,397.0,-54.07000000000001,-0.1361964735516373,-58.148599999999995,-0.14647002518891686,-62.780000000000015,2.874659949622167,0.41417162721902184,0.03574932370258491,0.010779843333642373,0.6020151133501259,0.007525399236101536,0.01,other,5.0,False,Hard,
169,59,0.34911242603550297,169.0,-23.18,-0.13715976331360946,-24.916400000000003,-0.14743431952662725,-24.590000000000003,3.4488165680473375,0.45727757460150575,0.10274566882718816,0.007144037772284662,0.5502958579881657,0.044203651031465785,0.1,,10.0,True,Clay,
34,14,0.4117647058823529,34.0,-4.719999999999999,-0.13882352941176468,-5.025599999999999,-0.1478117647058823,-9.09,2.7747058823529414,0.4518038637233768,0.03748981983282922,0.012758761880480817,0.5294117647058824,0.007870123936265133,0.01,other,10.0,True,Grass,
34,14,0.4117647058823529,34.0,-4.719999999999999,-0.13882352941176468,-5.025599999999999,-0.1478117647058823,-9.09,2.7747058823529414,0.4518038637233768,0.03748981983282922,0.012758761880480817,0.5294117647058824,0.007870123936265133,0.01,other,,True,Grass,
191,60,0.31413612565445026,191.0,-27.139999999999997,-0.1420942408376963,-29.2172,-0.1529696335078534,-41.32,3.5294764397905767,0.3587515652294947,0.04021400976758401,0.017591463894313777,0.6387434554973822,0.010197366286770817,0.03,other,10.0,True,Hard,
191,60,0.31413612565445026,191.0,-27.139999999999997,-0.1420942408376963,-29.2172,-0.1529696335078534,-41.32,3.5294764397905767,0.3587515652294947,0.04021400976758401,0.017591463894313777,0.6387434554973822,0.010197366286770817,0.03,other,,True,Hard,
153,62,0.40522875816993464,153.0,-23.010000000000005,-0.15039215686274512,-24.369799999999998,-0.1592797385620915,-31.650000000000002,2.349477124183007,0.47338909332994716,0.045270874331672824,0.008349450564547552,0.5816993464052288,0.011653868949569525,0.02,other,3.0,False,Hard,
152,53,0.34868421052631576,152.0,-23.060000000000002,-0.1517105263157895,-24.578800000000008,-0.16170263157894743,-24.47,3.440065789473684,0.4611805296161826,0.10478553210802945,0.006515790589717892,0.5394736842105263,0.04559007170834921,0.1,top_10,10.0,True,Clay,
512,163,0.318359375,512.0,-77.49000000000001,-0.15134765625000002,-82.92020000000001,-0.16195351562500002,-80.33000000000004,3.3991796875,0.3734463619471211,0.03767992321065289,0.01683359421907427,0.62890625,0.009149504684569307,0.02,other,10.0,False,,
377,117,0.3103448275862069,377.0,-57.0,-0.15119363395225463,-61.06,-0.1619628647214854,-59.76000000000001,3.8320954907161804,0.3538784155782309,0.04001240141485557,0.01843040801761872,0.636604774535809,0.01050951785676489,0.03,other,,False,,
367,146,0.3978201634877384,367.0,-56.69,-0.15446866485013624,-59.976200000000006,-0.16342288828337875,-56.690000000000005,3.2131607629427794,0.49356422853914994,0.08461922523902178,0.0017718702873743691,0.48501362397820164,0.04265151370638091,0.05,,10.0,False,Clay,
15,7,0.4666666666666667,15.0,-2.34,-0.156,-2.4532,-0.16354666666666665,-6.24,2.1446666666666667,0.520019489680105,0.04502171525023318,0.004618695572085992,0.4666666666666667,0.010860756496217623,0.02,other,3.0,True,Grass,
354,123,0.3474576271186441,354.0,-54.65,-0.15437853107344632,-58.177,-0.1643418079096045,-64.91000000000003,2.833276836158192,0.41823773516219037,0.03601127119811631,0.010248741766569312,0.5988700564971752,0.007572458150515896,0.01,other,5.0,True,Hard,
488,243,0.4979508196721312,488.0,-79.1,-0.1620901639344262,-82.418,-0.1688893442622951,-79.10000000000001,2.7337704918032784,0.5856042218217634,0.07680944240387234,0.00031449611417153577,0.4323770491803279,0.04589296097625751,0.01,top_10,10.0,False,Clay,
23,9,0.391304347826087,23.0,-3.7399999999999998,-0.1626086956521739,-3.9451999999999994,-0.17153043478260868,-9.24,3.0565217391304347,0.4264336041914787,0.03922457061275669,0.018231017076724736,0.5652173913043478,0.00896694059198257,0.02,other,10.0,True,Grass,
23,9,0.391304347826087,23.0,-3.7399999999999998,-0.1626086956521739,-3.9451999999999994,-0.17153043478260868,-9.24,3.0565217391304347,0.4264336041914787,0.03922457061275669,0.018231017076724736,0.5652173913043478,0.00896694059198257,0.02,other,,True,Grass,
49,15,0.30612244897959184,49.0,-7.930000000000001,-0.16183673469387758,-8.451400000000001,-0.17247755102040818,-17.799999999999997,3.8748979591836736,0.41029685462385623,0.11065390800444241,0.020392551135210032,0.6326530612244898,0.042153018066785876,0.1,top_10,10.0,True,Grass,
279,101,0.36200716845878134,279.0,-46.36,-0.16616487455197132,-48.9928,-0.1756014336917563,-46.940000000000005,3.454336917562724,0.46474336694725815,0.09197888319676868,0.0010166400942842344,0.4910394265232975,0.04422996423422707,0.075,,10.0,False,Clay,
440,209,0.475,440.0,-74.16999999999999,-0.16856818181818178,-77.3066,-0.17569681818181818,-74.17000000000002,2.8134090909090905,0.5713388188522273,0.08028198350434332,-0.0003924173025417497,0.43636363636363634,0.04768295900868867,0.02,top_10,10.0,False,Clay,
272,86,0.3161764705882353,272.0,-44.99999999999999,-0.1654411764705882,-47.82000000000001,-0.1758088235294118,-61.5,3.0441176470588234,0.38665630606789403,0.038290281768677645,0.013172551371861862,0.6286764705882353,0.00898346619382098,0.02,other,5.0,False,Hard,
521,163,0.31285988483685223,521.0,-86.49,-0.16600767754318618,-91.92020000000001,-0.17643032629558542,-86.49000000000004,3.5631094049904033,0.3686323071274536,0.03728136130919764,0.018197633711251746,0.6314779270633397,0.009044367516133394,0.02,other,,False,,
142,57,0.4014084507042254,142.0,-23.840000000000003,-0.167887323943662,-25.063199999999995,-0.1765014084507042,-29.599999999999994,2.3409859154929573,0.474709546181845,0.04544517776855252,0.008092332237940437,0.5774647887323944,0.011703043576783369,0.02,other,3.0,True,Hard,
243,78,0.32098765432098764,243.0,-40.41,-0.16629629629629628,-42.9018,-0.17655061728395063,-57.01000000000002,2.988847736625514,0.39247768487830414,0.038587177693591344,0.012960611310908083,0.6337448559670782,0.009072136493977782,0.02,other,5.0,True,Hard,
114,32,0.2807017543859649,114.0,-19.110000000000003,-0.16763157894736844,-20.3678,-0.17866491228070175,-30.560000000000002,3.8778070175438595,0.33401376997209153,0.044015983555597916,0.01829864015505469,0.6666666666666666,0.011987122355336511,0.05,other,10.0,True,Hard,
114,32,0.2807017543859649,114.0,-19.110000000000003,-0.16763157894736844,-20.3678,-0.17866491228070175,-30.560000000000002,3.8778070175438595,0.33401376997209153,0.044015983555597916,0.01829864015505469,0.6666666666666666,0.011987122355336511,0.05,other,,True,Hard,
124,35,0.28225806451612906,124.0,-21.42,-0.17274193548387098,-22.771600000000003,-0.183641935483871,-31.720000000000006,4.089596774193549,0.33966026216977435,0.05342742037122017,0.017280628992040716,0.6774193548387096,0.01640172944881599,0.075,other,10.0,False,,
241,102,0.42323651452282157,241.0,-43.07999999999999,-0.17875518672199167,-44.998400000000004,-0.18671535269709544,-47.84,2.209834024896266,0.504269774645345,0.041616588662474814,0.006314701506873063,0.5518672199170125,0.009434467795949886,0.01,other,3.0,False,Hard,
438,141,0.3219178082191781,438.0,-78.07,-0.17824200913242008,-82.4486,-0.18823881278538812,-79.70000000000003,3.2436986301369863,0.3909512825141618,0.03444450695698752,0.01196842783746962,0.6050228310502284,0.0072058754077107615,0.01,other,10.0,False,Hard,
48,17,0.3541666666666667,48.0,-8.7,-0.18125,-9.146,-0.1905416666666667,-13.68,3.5979166666666664,0.39779985156373393,0.038306896411601156,0.010053664210618277,0.6041666666666666,0.010095332495564631,0.02,other,10.0,False,Grass,
385,170,0.44155844155844154,385.0,-70.85,-0.184025974025974,-73.733,-0.19151428571428572,-70.85000000000001,2.94625974025974,0.5467879737453611,0.08406400370414267,-0.0006216056923624292,0.43116883116883115,0.047491311810346735,0.03,top_10,10.0,False,Clay,
317,128,0.4037854889589905,317.0,-59.309999999999995,-0.18709779179810723,-61.903800000000004,-0.1952801261829653,-59.309999999999995,3.1789274447949523,0.5107613784133797,0.08903834427841828,-0.00032196942559872707,0.4605678233438486,0.04649994993334181,0.05,top_10,10.0,False,Clay,
444,141,0.31756756756756754,444.0,-84.07,-0.18934684684684683,-88.4486,-0.19920855855855857,-85.7,3.386801801801801,0.3869066875483933,0.03418150051258197,0.013572494665419417,0.6081081081081081,0.007151849178558765,0.01,other,,False,Hard,
201,55,0.2736318407960199,201.0,-38.790000000000006,-0.1929850746268657,-40.934200000000004,-0.20365273631840797,-46.56999999999999,3.862089552238806,0.3426966822592594,0.04699241454105076,0.01694247936869322,0.6517412935323383,0.013510688785258648,0.05,other,10.0,False,,
51,15,0.29411764705882354,51.0,-9.930000000000003,-0.19470588235294123,-10.451400000000001,-0.20492941176470592,-18.39,3.9386274509803925,0.4023833594625641,0.10775830302477622,0.02313576534698932,0.6470588235294118,0.040819707998938026,0.1,,10.0,True,Grass,
383,124,0.3237597911227154,383.0,-76.65,-0.20013054830287208,-80.297,-0.2096527415143603,-78.28000000000004,3.1109138381201045,0.3996905898941354,0.035057814439366654,0.011619925900044613,0.6031331592689295,0.00733874432268166,0.01,other,10.0,True,Hard,
383,124,0.3237597911227154,383.0,-76.65,-0.20013054830287208,-80.297,-0.2096527415143603,-78.28000000000004,3.1109138381201045,0.3996905898941354,0.035057814439366654,0.011619925900044613,0.6031331592689295,0.00733874432268166,0.01,other,,True,Hard,
221,91,0.4117647058823529,221.0,-45.88,-0.20760180995475114,-47.5624,-0.21521447963800905,-48.820000000000036,2.2085972850678735,0.5036606017947944,0.04179021080325573,0.0061567434833482435,0.5475113122171946,0.009465722491184516,0.01,other,3.0,True,Hard,
214,69,0.32242990654205606,214.0,-44.29,-0.2069626168224299,-46.30420000000001,-0.21637476635514022,-45.699999999999996,3.5998598130841115,0.44275761302147226,0.09947216011325821,0.0032918311070542034,0.5327102803738317,0.04194144770460171,0.1,,10.0,False,Clay,
221,63,0.2850678733031674,221.0,-46.14,-0.20877828054298642,-48.3772,-0.21890135746606335,-53.989999999999995,3.692081447963801,0.34687262041141875,0.039319643009157385,0.015904186281058105,0.6289592760180995,0.009828791485931833,0.03,other,10.0,False,Hard,
52,15,0.28846153846153844,52.0,-10.930000000000003,-0.21019230769230776,-11.451400000000001,-0.2202192307692308,-19.39,4.401346153846154,0.3935935350659448,0.10695116796769874,0.013819299724635681,0.6153846153846154,0.040384090623055376,0.1,top_10,,True,Grass,
50,17,0.34,50.0,-10.7,-0.214,-11.146,-0.22292,-13.679999999999998,3.894,0.38575759760269507,0.03715888347822432,0.0118653668695277,0.62,0.009755697723657418,0.02,other,,False,Grass,
248,88,0.3548387096774194,248.0,-53.400000000000006,-0.21532258064516133,-55.532,-0.22391935483870967,-53.98000000000001,3.4628629032258065,0.4715774813334886,0.09487891311146204,-0.00014315024688475684,0.47580645161290325,0.04669002106985184,0.075,top_10,10.0,False,Clay,
267,79,0.2958801498127341,267.0,-57.41,-0.21501872659176027,-60.02180000000001,-0.22480074906367045,-68.92000000000002,3.311947565543071,0.3728735279071675,0.037450096987381734,0.014893035960983294,0.6441947565543071,0.008729043593186986,0.02,other,10.0,True,Hard,
267,79,0.2958801498127341,267.0,-57.41,-0.21501872659176027,-60.02180000000001,-0.22480074906367045,-68.92000000000002,3.311947565543071,0.3728735279071675,0.037450096987381734,0.014893035960983294,0.6441947565543071,0.008729043593186986,0.02,other,,True,Hard,
131,35,0.26717557251908397,131.0,-28.419999999999998,-0.21694656488549616,-29.771599999999996,-0.22726412213740455,-35.720000000000006,4.5886259541984735,0.3265591319146653,0.05144443983574014,0.02365863716912837,0.6870229007633588,0.01571538377682779,0.075,other,,False,,
197,63,0.3197969543147208,197.0,-44.17,-0.22421319796954314,-45.9666,-0.23333299492385787,-45.58,3.606142131979696,0.44451603848020477,0.10076357925311136,0.002474668238734067,0.5228426395939086,0.04281595778749303,0.1,top_10,10.0,False,Clay,
209,55,0.2631578947368421,209.0,-46.78999999999999,-0.22387559808612437,-48.934200000000004,-0.23413492822966508,-51.56999999999999,4.216650717703349,0.33320788343654334,0.04578756276602185,0.020410448721907653,0.6555023923444976,0.013120743877255979,0.05,other,,False,,
227,63,0.2775330396475771,227.0,-52.14,-0.22969162995594714,-54.3772,-0.23954713656387666,-57.75,3.9601321585903086,0.34012668123879863,0.03867635808568124,0.018937627342503822,0.6343612334801763,0.009653790859443673,0.03,other,,False,Hard,
306,87,0.28431372549019607,306.0,-72.00000000000001,-0.23529411764705888,-74.94,-0.24490196078431373,-81.26000000000002,3.4673202614379086,0.36232032901053485,0.036715081878417904,0.014441184438328931,0.6372549019607843,0.008519331831540349,0.02,other,10.0,False,Hard,
54,15,0.2777777777777778,54.0,-12.930000000000003,-0.23944444444444452,-13.451400000000001,-0.24910000000000002,-21.39,4.4420370370370375,0.38673831998983227,0.10435356845122674,0.01665356690281887,0.6296296296296297,0.03919036916800391,0.1,,,True,Grass,
135,34,0.2518518518518518,135.0,-32.86,-0.2434074074074074,-34.22280000000001,-0.2535022222222223,-42.31,4.000148148148148,0.32560192914675334,0.04319624992616615,0.015908115114595327,0.6444444444444445,0.011551838638008235,0.05,other,10.0,False,Hard,
312,87,0.27884615384615385,312.0,-78.00000000000001,-0.25000000000000006,-80.94000000000001,-0.259423076923077,-84.26000000000002,3.6666666666666665,0.35711515451124176,0.03629713857442865,0.016676341912702505,0.6410256410256411,0.00841718957421194,0.02,other,,False,Hard,
84,21,0.25,84.0,-21.130000000000003,-0.2515476190476191,-21.9674,-0.2615166666666667,-34.25,4.26595238095238,0.315426268332897,0.047672464914341066,0.017533493215109837,0.6904761904761905,0.013069887375355325,0.075,other,10.0,False,Hard,
141,34,0.24113475177304963,141.0,-38.86,-0.2756028368794326,-40.22280000000001,-0.285268085106383,-45.31,4.4185815602836875,0.31564658131273376,0.04199564482594532,0.02079157290145317,0.6524822695035462,0.011196778885346741,0.05,other,,False,Hard,
14,5,0.35714285714285715,14.0,-4.12,-0.2942857142857143,-4.2176,-0.30125714285714283,-4.3,2.8185714285714285,0.47627368755034044,0.0964579370346903,0.002403571397826281,0.5714285714285714,0.03729802926218452,0.1,other,5.0,False,Clay,
14,5,0.35714285714285715,14.0,-4.12,-0.2942857142857143,-4.2176,-0.30125714285714283,-4.3,2.8185714285714285,0.47627368755034044,0.0964579370346903,0.002403571397826281,0.5714285714285714,0.03729802926218452,0.1,other,5.0,True,Clay,
89,21,0.23595505617977527,89.0,-26.13,-0.29359550561797754,-26.967399999999998,-0.3030044943820224,-36.25,4.835280898876404,0.3027940824482003,0.04589298236330119,0.02643783947275459,0.7078651685393258,0.012532943200386205,0.075,other,,False,Hard,
43,12,0.27906976744186046,43.0,-13.780000000000001,-0.3204651162790698,-14.124400000000001,-0.3284744186046512,-15.34,3.283023255813953,0.3924606965138114,0.07072962024448927,0.0061701195358778455,0.5581395348837209,0.023635193934329207,0.1,other,5.0,True,,
5,1,0.2,5.0,-1.6,-0.32,-1.6480000000000001,-0.3296,-4.0,2.98,0.37886739066616426,0.04329297475608569,0.005515874057824499,0.6,0.010131576971556477,0.05,other,5.0,True,Grass,
11,3,0.2727272727272727,11.0,-3.5500000000000003,-0.32272727272727275,-3.639,-0.3308181818181818,-5.95,2.704545454545454,0.4421193038583692,0.06014712577168611,0.022334477835435126,0.7272727272727273,0.0198747489153133,0.05,other,5.0,False,Grass,
29,7,0.2413793103448276,29.0,-9.66,-0.3331034482758621,-9.9068,-0.3416137931034483,-11.42,3.5072413793103445,0.3519992525651422,0.05830905351818533,0.007988453119764809,0.5517241379310345,0.017039342396743883,0.1,other,5.0,True,Hard,
30,9,0.3,30.0,-10.909999999999998,-0.36366666666666664,-11.111799999999999,-0.3703933333333333,-12.93,4.137333333333333,0.36937855182906687,0.04100098413416701,0.007756714228258565,0.5666666666666667,0.012221069024055021,0.03,other,10.0,False,Grass,
50,13,0.26,50.0,-19.11,-0.3822,-19.4678,-0.38935600000000004,-20.669999999999998,3.3108,0.3900298097101764,0.07114678582878989,0.010879199611241695,0.6,0.024041498694027545,0.1,other,5.0,False,,
32,9,0.28125,32.0,-12.91,-0.4034375,-13.111799999999999,-0.40974374999999996,-14.93,4.56625,0.3523388612483603,0.039038833443105325,0.010731059006702022,0.59375,0.011557531159919351,0.03,other,,False,Grass,
61,13,0.21311475409836064,61.0,-24.78,-0.4062295081967213,-25.244400000000002,-0.4138426229508197,-26.16,4.297868852459016,0.3293721898958142,0.05939916812389568,0.020631734501571113,0.6557377049180327,0.018776904760792214,0.1,other,10.0,True,,
61,13,0.21311475409836064,61.0,-24.78,-0.4062295081967213,-25.244400000000002,-0.4138426229508197,-26.16,4.297868852459016,0.3293721898958142,0.05939916812389568,0.020631734501571113,0.6557377049180327,0.018776904760792214,0.1,other,,True,,
3,1,0.3333333333333333,3.0,-1.33,-0.44333333333333336,-1.3434,-0.4478,-2.0,2.1566666666666667,0.5764007580401552,0.10540973808952697,0.03491059778322655,1.0,0.04652453579611258,0.075,other,3.0,False,Grass,
3,1,0.3333333333333333,3.0,-1.33,-0.44333333333333336,-1.3434,-0.4478,-1.33,4.223333333333334,0.3932223073167078,0.08927265859261246,0.07051774153400932,1.0,0.039471144883682564,0.1,other,10.0,False,Grass,
3,1,0.3333333333333333,3.0,-1.33,-0.44333333333333336,-1.3434,-0.4478,-1.33,4.223333333333334,0.3932223073167078,0.08927265859261246,0.07051774153400932,1.0,0.039471144883682564,0.1,other,,False,Grass,
35,7,0.2,35.0,-15.66,-0.44742857142857145,-15.9068,-0.45448,-17.42,3.5545714285714283,0.3448856398250213,0.057506918834911464,0.01369845095604722,0.6,0.01650846608723079,0.1,other,5.0,False,Hard,
70,14,0.2,70.0,-32.11,-0.4587142857142857,-32.5878,-0.46554,-33.49,4.314857142857142,0.3292436865455004,0.06024102713518233,0.021613967601992776,0.6714285714285714,0.019283836360212393,0.1,other,10.0,False,,
8,2,0.25,8.0,-3.95,-0.49375,-3.991,-0.498875,-3.95,2.2525,0.503715390215508,0.07034367375410976,0.025380416642814263,0.75,0.024863882963239263,0.05,other,3.0,False,Grass,
76,14,0.18421052631578946,76.0,-38.10999999999999,-0.5014473684210525,-38.5878,-0.5077342105263158,-39.49000000000001,5.066315789473684,0.31065032917407315,0.056831888271702526,0.031060397875530603,0.6842105263157895,0.018059769668774445,0.1,other,,False,,
16,3,0.1875,16.0,-8.55,-0.534375,-8.639,-0.5399375,-9.95,4.046875,0.3561911114045466,0.0489925660160228,0.03159388182848612,0.75,0.015220551770840026,0.05,other,10.0,False,Grass,
42,7,0.16666666666666666,42.0,-22.66,-0.5395238095238095,-22.9068,-0.5454,-24.040000000000003,4.552619047619047,0.2974816314673368,0.0503119081461287,0.02049772770584966,0.6428571428571429,0.014008520073484642,0.1,other,10.0,True,Hard,
42,7,0.16666666666666666,42.0,-22.66,-0.5395238095238095,-22.9068,-0.5454,-24.040000000000003,4.552619047619047,0.2974816314673368,0.0503119081461287,0.02049772770584966,0.6428571428571429,0.014008520073484642,0.1,other,,True,Hard,
17,3,0.17647058823529413,17.0,-9.55,-0.5617647058823529,-9.639,-0.567,-10.95,4.455882352941177,0.34106262324690323,0.046808878795317255,0.03613959276457138,0.7647058823529411,0.014456217754865176,0.05,other,,False,Grass,
8,1,0.125,8.0,-4.6,-0.575,-4.648,-0.581,-7.0,4.3625,0.30406197422108006,0.03812425171102789,0.041658549670035794,0.75,0.008723687112264487,0.05,other,10.0,True,Grass,
8,1,0.125,8.0,-4.6,-0.575,-4.648,-0.581,-7.0,4.3625,0.30406197422108006,0.03812425171102789,0.041658549670035794,0.75,0.008723687112264487,0.05,other,,True,Grass,
50,7,0.14,50.0,-30.66,-0.6132,-30.9068,-0.618136,-32.04,4.5882,0.2937384306048039,0.050248735446212056,0.021689645873169558,0.66,0.01381457971830363,0.1,other,10.0,False,Hard,
55,7,0.12727272727272726,55.0,-35.66,-0.6483636363636363,-35.9068,-0.652850909090909,-37.040000000000006,5.480181818181817,0.2752688786939395,0.04713500272435924,0.035720665030262014,0.6909090909090909,0.01287800711308558,0.1,other,,False,Hard,
5,1,0.2,5.0,-3.33,-0.666,-3.3434,-0.6686799999999999,-3.33,2.96,0.45033393991341475,0.0770320689599168,0.024035476814133604,0.8,0.030652495851783923,0.075,other,5.0,False,Grass,
9,1,0.1111111111111111,9.0,-7.33,-0.8144444444444444,-7.3434,-0.8159333333333333,-7.33,4.866666666666666,0.3233202179454271,0.05426390144119694,0.0389823019345669,0.7777777777777778,0.01943434623302658,0.075,other,10.0,False,Grass,
10,1,0.1,10.0,-8.33,-0.833,-8.343399999999999,-0.8343399999999999,-8.33,5.4799999999999995,0.3008888774233453,0.0500244996234801,0.045971168515303765,0.8,0.01771359895965068,0.075,other,,False,Grass,
5,0,0.0,5.0,-5.0,-1.0,-5.0,-1.0,-5.0,5.4,0.23556403935092796,0.03525844058940229,0.05624355049161711,0.8,0.007857604349075412,0.075,other,10.0,True,Grass,
5,0,0.0,5.0,-5.0,-1.0,-5.0,-1.0,-5.0,5.4,0.23556403935092796,0.03525844058940229,0.05624355049161711,0.8,0.007857604349075412,0.075,other,,True,Grass,
3,0,0.0,3.0,-3.0,-1.0,-3.0,-1.0,-3.0,2.5,0.4366722613763647,0.04901503734040319,0.023385493274434583,0.6666666666666666,0.012300930351906448,0.05,other,3.0,True,Grass,
2,0,0.0,2.0,-2.0,-1.0,-2.0,-1.0,-2.0,3.5,0.31983067815841015,0.04388153151960843,-0.012235637306539149,0.5,0.010078204852521776,0.075,other,5.0,True,Grass,
2,0,0.0,2.0,-2.0,-1.0,-2.0,-1.0,-2.0,5.5,0.2085027280109062,0.0368159810229544,0.09034451353558193,1.0,0.008153611336665784,0.1,other,10.0,True,Grass,
2,0,0.0,2.0,-2.0,-1.0,-2.0,-1.0,-2.0,5.5,0.2085027280109062,0.0368159810229544,0.09034451353558193,1.0,0.008153611336665784,0.1,other,,True,Grass,
1,0,0.0,1.0,-1.0,-1.0,-1.0,-1.0,-1.0,3.0,0.3664629823864822,0.04828116420466405,0.04529616724738683,1.0,0.012423618394930822,0.075,other,3.0,True,Grass,
