tourney_date,tourney_name,round,surface,tournament_importance,player,opponent,side,model_type,model_probability,odds,market_probability,edge,ev,won,stake,profit
2019-01-07,Auckland,R32,Hard,3,Philipp Kohlschreiber,Bradley Klahn,player1,other,0.7087232857880562,1.48,0.6407766990291263,0.06794658675892995,0.048910462966323176,True,1.0,0.48
2019-01-07,Auckland,R32,Hard,3,Mackenzie Mcdonald,Matteo Berrettini,player1,other,0.5365657623087857,2.01,0.47244094488188976,0.06412481742689596,0.07849718224065916,False,1.0,-1.0
2019-01-07,Auckland,R32,Hard,3,Jan Lennard Struff,Laslo Djere,player1,other,0.7088251811437276,1.46,0.6507177033492824,0.05810747779444525,0.03488476446984229,True,1.0,0.45999999999999996
2019-01-07,Auckland,R32,Hard,3,Robin Haase,David Ferrer,player2,other,0.4985078817667296,2.12,0.44791666666666663,0.05059121510006298,0.05683670934546692,False,1.0,-1.0
2019-01-07,Auckland,R16,Hard,3,Matteo Berrettini,Leonardo Mayer,player1,other,0.68533712176426,1.58,0.6030150753768844,0.08232204638737561,0.08283265238753085,False,1.0,-1.0
2019-01-07,Auckland,R16,Hard,3,Joao Sousa,Cameron Norrie,player1,other,0.4416654574473573,2.4,0.3954659949622167,0.04619946248514062,0.05999709787365748,False,1.0,-1.0
2019-01-07,Auckland,R16,Hard,3,John Isner,Taylor Fritz,player1,top_10,0.7362589671515151,1.58,0.6030150753768844,0.1332438917746307,0.16328916809939387,False,1.0,-1.0
2019-01-07,Auckland,QF,Hard,3,Fabio Fognini,Philipp Kohlschreiber,player1,other,0.46181982359966806,2.54,0.37592137592137587,0.08589844767829219,0.17302235194315685,False,1.0,-1.0
2019-01-07,Auckland,QF,Hard,3,Pablo Carreno Busta,Jan Lennard Struff,player1,other,0.5125625583272624,2.02,0.4712041884816754,0.041358369845586995,0.03537636782107001,False,1.0,-1.0
2019-01-07,Auckland,F,Hard,3,Tennys Sandgren,Cameron Norrie,player1,other,0.49675442713564283,2.18,0.43814432989690716,0.05861009723873567,0.08292465115570136,True,1.0,1.1800000000000002
2019-01-07,Sydney,R32,Hard,3,Lucas Pouille,Andrey Rublev,player1,other,0.43445069828407235,2.5,0.3796526054590571,0.05479809282501524,0.08612674571018086,False,1.0,-1.0
2019-01-07,Sydney,R32,Hard,3,Denis Kudla,Guillermo Garcia Lopez,player1,other,0.6016883080443561,1.76,0.5404699738903395,0.061218334154016674,0.05897142215806678,False,1.0,-1.0
2019-01-07,Sydney,R32,Hard,3,Guido Andreozzi,Matthew Ebden,player1,other,0.25133305874243056,4.2,0.2250922509225092,0.026240807819921358,0.05559884671820836,True,1.0,3.2
2019-01-07,Sydney,R16,Hard,3,Reilly Opelka,Alex De Minaur,player1,other,0.21496621694607762,5.39,0.17835365853658536,0.03661255840949226,0.15866790933935837,False,1.0,-1.0
2019-01-07,Sydney,R16,Hard,3,Gilles Simon,Sam Querrey,player1,other,0.5497233643801408,1.93,0.4934383202099738,0.056285044170167,0.06096609325367175,True,1.0,0.9299999999999999
2019-01-07,Sydney,R16,Hard,3,John Millman,Marton Fucsovics,player1,other,0.5024884949084655,2.07,0.4595300261096606,0.04295846879880488,0.04015118446052346,True,1.0,1.0699999999999998
2019-01-07,Sydney,R16,Hard,3,Yoshihito Nishioka,Andrey Rublev,player1,other,0.45188445508052416,2.4,0.3954659949622167,0.05641846011830748,0.08452269219325792,True,1.0,1.4
2019-01-07,Sydney,R16,Hard,3,Diego Schwartzman,Guillermo Garcia Lopez,player2,other,0.6949373304916641,1.58,0.6030150753768844,0.0919222551147797,0.09800098217682929,True,1.0,0.5800000000000001
2019-01-07,Sydney,R16,Hard,3,Martin Klizan,Andreas Seppi,player1,other,0.5332820461797755,2.0,0.4750656167979003,0.05821642938187516,0.06656409235955096,False,1.0,-1.0
2019-01-07,Sydney,R16,Hard,3,Guido Andreozzi,Stefanos Tsitsipas,player1,other,0.19129422536030558,5.64,0.168141592920354,0.02315263243995158,0.07889943103212338,False,1.0,-1.0
2019-01-07,Sydney,SF,Hard,3,Diego Schwartzman,Andreas Seppi,player2,other,0.698021068475886,1.5,0.6368038740920097,0.061217194383876294,0.047031602713828946,False,1.0,-1.0
2019-01-14,Australian Open,R128,Hard,5,Martin Klizan,Jo-Wilfried Tsonga,player2,other,0.2928280644098758,3.64,0.2631578947368421,0.02967016967303371,0.0658941544519479,False,1.0,-1.0
2019-01-14,Australian Open,R128,Hard,5,Taro Daniel,Thanasi Kokkinakis,player1,other,0.28329153047353395,3.8,0.25196850393700787,0.03132302653652608,0.076507815799429,True,1.0,2.8
2019-01-14,Australian Open,R128,Hard,5,Pablo Andujar,Denis Shapovalov,player1,other,0.16688398602347174,6.89,0.13875,0.028133986023471724,0.14983066370172027,False,1.0,-1.0
2019-01-14,Australian Open,R128,Hard,5,Marius Copil,Marcel Granollers,player1,other,0.652400103011467,1.62,0.589873417721519,0.06252668528994798,0.05688816687857662,True,1.0,0.6200000000000001
2019-01-14,Australian Open,R128,Hard,5,Lloyd Harris,Daniil Medvedev,player2,other,0.22379454407799515,5.11,0.18630573248407642,0.03748881159391873,0.14359012023855533,False,1.0,-1.0
2019-01-14,Australian Open,R128,Hard,5,Nicolas Jarry,Leonardo Mayer,player1,other,0.5239298542426093,2.02,0.47258485639686687,0.051344997845742424,0.0583383055700708,False,1.0,-1.0
2019-01-14,Australian Open,R128,Hard,5,Guido Pella,Joao Sousa,player1,other,0.5013822211750263,2.07,0.4609375,0.04044472117502629,0.03786119783230435,False,1.0,-1.0
2019-01-14,Australian Open,R128,Hard,5,Kamil Majchrzak,Kei Nishikori,player1,top_10,0.11354073542505734,15.25,0.06269207129686541,0.05084866412819193,0.7314962152321244,False,1.0,-1.0
2019-01-14,Australian Open,R128,Hard,5,Hyeon Chung,Bradley Klahn,player2,other,0.709715372421473,1.52,0.625615763546798,0.08409960887467494,0.07876736608063895,True,1.0,0.52
2019-01-14,Australian Open,R128,Hard,5,Dominic Thiem,Benoit Paire,player1,top_10,0.8130548198235723,1.29,0.7404426559356136,0.07261216388795866,0.04884071757240829,True,1.0,0.29000000000000004
2019-01-14,Australian Open,R128,Hard,5,Marin Cilic,Bernard Tomic,player2,top_10,0.832906236888726,1.25,0.7619047619047619,0.07100147498396414,0.041132796110907505,True,1.0,0.25
2019-01-14,Australian Open,R128,Hard,5,Andy Murray,Roberto Bautista Agut,player2,other,0.29077386131292143,4.55,0.21006944444444445,0.08070441686847699,0.32302106897379246,False,1.0,-1.0
2019-01-14,Australian Open,R128,Hard,5,Peter Gojowczyk,Karen Khachanov,player1,other,0.1780089227150388,7.07,0.13463892288861687,0.04336999982642192,0.2585230835953243,False,1.0,-1.0
2019-01-14,Australian Open,R128,Hard,5,Damir Dzumhur,Gael Monfils,player2,other,0.4111549909466385,2.52,0.37931034482758624,0.031844646119052245,0.036110577185529014,False,1.0,-1.0
2019-01-14,Australian Open,R128,Hard,5,Denis Istomin,Roger Federer,player1,top_10,0.10727105129336038,14.98,0.06375,0.04352105129336038,0.6069203483745385,False,1.0,-1.0
2019-01-14,Australian Open,R128,Hard,5,Adrian Mannarino,Kevin Anderson,player2,top_10,0.11816824070259735,9.96,0.09618874773139745,0.0219794929711999,0.17695567739786966,False,1.0,-1.0
2019-01-14,Australian Open,R128,Hard,5,Feliciano Lopez,Jordan Thompson,player1,other,0.3071786142413342,3.49,0.2729166666666667,0.034261947574667495,0.07205336370225635,False,1.0,-1.0
2019-01-14,Australian Open,R128,Hard,5,Steve Johnson,Andreas Seppi,player2,other,0.5359560294718844,1.98,0.48167539267015713,0.05428063680172723,0.06119293835433104,False,1.0,-1.0
2019-01-14,Australian Open,R128,Hard,5,Janko Tipsarevic,Grigor Dimitrov,player2,other,0.19634058462355286,9.97,0.09610154125113327,0.1002390433724196,0.957515628696822,False,1.0,-1.0
2019-01-14,Australian Open,R128,Hard,5,John Isner,Reilly Opelka,player1,top_10,0.764885397138834,1.46,0.6532066508313539,0.11167874630748009,0.11673267982269758,False,1.0,-1.0
2019-01-14,Australian Open,R128,Hard,5,Kyle Edmund,Tomas Berdych,player1,other,0.4082894157592076,2.89,0.3294663573085847,0.07882305845062287,0.17995641154411002,False,1.0,-1.0
2019-01-14,Australian Open,R128,Hard,5,Pedro Sousa,Alex De Minaur,player1,other,0.16442350936687233,11.2,0.08571428571428573,0.0787092236525866,0.8415433049089701,False,1.0,-1.0
2019-01-14,Australian Open,R128,Hard,5,Mirza Basic,Henri Laaksonen,player1,other,0.5393600725282016,2.01,0.47382198952879584,0.06553808299940578,0.08411374578168518,False,1.0,-1.0
2019-01-14,Australian Open,R128,Hard,5,James Duckworth,Rafael Nadal,player1,top_10,0.10479311371018891,11.64,0.08201892744479497,0.022774186265393945,0.2197918435865991,False,1.0,-1.0
2019-01-14,Australian Open,R64,Hard,5,Jo-Wilfried Tsonga,Novak Djokovic,player2,top_10,0.13004666847803223,9.59,0.0995305164319249,0.03051615204610733,0.24714755070432914,False,1.0,-1.0
2019-01-14,Australian Open,R64,Hard,5,Taro Daniel,Denis Shapovalov,player2,other,0.19538603461216145,5.59,0.17062314540059345,0.024762889211567995,0.09220793348198242,False,1.0,-1.0
2019-01-14,Australian Open,R64,Hard,5,Jeremy Chardy,Alexander Zverev,player2,top_10,0.1645979718950685,6.58,0.14545454545454548,0.019143426440523026,0.08305465506955079,False,1.0,-1.0
2019-01-14,Australian Open,R64,Hard,5,Lucas Pouille,Maximilian Marterer,player1,other,0.6244833402830297,1.73,0.5529715762273902,0.07151176405563942,0.08035617868964129,True,1.0,0.73
2019-01-14,Australian Open,R64,Hard,5,Yoshihito Nishioka,Karen Khachanov,player2,other,0.24828388359467193,4.36,0.2186379928315412,0.029645890763130733,0.08251773247276972,False,1.0,-1.0
2019-01-14,Australian Open,R64,Hard,5,Viktor Troicki,Stefanos Tsitsipas,player2,other,0.1758807509747217,6.45,0.14795244385733158,0.02792830711739011,0.1344308437869549,False,1.0,-1.0
2019-01-14,Australian Open,R64,Hard,5,Taylor Fritz,Gael Monfils,player1,other,0.46070532302154854,2.37,0.4030226700251889,0.05768265299635966,0.09187161556107004,True,1.0,1.37
2019-01-14,Australian Open,R64,Hard,5,Daniel Evans,Roger Federer,player1,top_10,0.1097415686266315,15.48,0.061818181818181814,0.04792338680844968,0.6987994823402556,False,1.0,-1.0
2019-01-14,Australian Open,R64,Hard,5,Robin Haase,Tomas Berdych,player1,other,0.21679681237001455,6.68,0.1424903722721438,0.07430644009787074,0.44820270663169715,False,1.0,-1.0
2019-01-14,Australian Open,R64,Hard,5,Henri Laaksonen,Alex De Minaur,player2,other,0.18025260267801066,10.7,0.08936170212765959,0.09089090055035107,0.928702848654714,False,1.0,-1.0
2019-01-14,Australian Open,R32,Hard,5,Denis Shapovalov,Novak Djokovic,player1,top_10,0.11678128880844885,11.58,0.08240887480190175,0.0343724140065471,0.35232732440183756,False,1.0,-1.0
2019-01-14,Australian Open,R32,Hard,5,Daniil Medvedev,David Goffin,player2,other,0.6485983020113765,1.59,0.6005025125628142,0.0480957894485623,0.03127130019808866,True,1.0,0.5900000000000001
2019-01-14,Australian Open,R32,Hard,5,Pablo Carreno Busta,Fabio Fognini,player2,other,0.49592271467889154,2.08,0.4597402597402597,0.036182454938631814,0.03151924653209448,True,1.0,1.08
2019-01-14,Australian Open,R32,Hard,5,Alex Bolt,Alexander Zverev,player1,top_10,0.10297880957421761,10.63,0.0898972602739726,0.013081549300245007,0.09466474577393325,False,1.0,-1.0
2019-01-14,Australian Open,R32,Hard,5,Pierre Hugues Herbert,Milos Raonic,player2,other,0.22093341838747674,5.28,0.18139534883720929,0.03953806955026745,0.16652844908587716,False,1.0,-1.0
2019-01-14,Australian Open,R32,Hard,5,Filip Krajinovic,Borna Coric,player1,other,0.19586690475675986,5.44,0.17575757575757575,0.020109328999184106,0.06551596187677367,False,1.0,-1.0
2019-01-14,Australian Open,R32,Hard,5,Marin Cilic,Fernando Verdasco,player1,top_10,0.822887410232501,1.3,0.7363083164300201,0.08657909380248086,0.06975363330225134,True,1.0,0.30000000000000004
2019-01-14,Australian Open,R32,Hard,5,Taylor Fritz,Roger Federer,player1,top_10,0.1289393482917712,10.47,0.09114583333333334,0.03779351495843786,0.3499949766148446,False,1.0,-1.0
2019-01-14,Australian Open,R32,Hard,5,Frances Tiafoe,Andreas Seppi,player1,other,0.5736504545754085,2.03,0.47135416666666663,0.1022962879087419,0.16451042278807926,True,1.0,1.0299999999999998
2019-01-14,Australian Open,R32,Hard,5,Thomas Fabbiano,Grigor Dimitrov,player2,other,0.1616484597789322,9.13,0.10490196078431373,0.05674649899461846,0.4758504377816509,False,1.0,-1.0
2019-01-14,Australian Open,R32,Hard,5,Diego Schwartzman,Tomas Berdych,player2,other,0.27591109499414074,4.04,0.23773584905660375,0.03817524593753699,0.1146808237763286,False,1.0,-1.0
2019-01-14,Australian Open,R32,Hard,5,Alex De Minaur,Rafael Nadal,player2,top_10,0.147994366199272,7.13,0.1336573511543135,0.014337015044958518,0.055199831000809385,False,1.0,-1.0
2019-01-14,Australian Open,R16,Hard,5,Daniil Medvedev,Novak Djokovic,player1,top_10,0.17639676029675935,6.4,0.150066401062417,0.02633035923434235,0.12893926589925986,False,1.0,-1.0
2019-01-14,Australian Open,R16,Hard,5,Kei Nishikori,Pablo Carreno Busta,player2,top_10,0.8651699520040174,1.21,0.7924528301886793,0.07271712181533807,0.04685564192486097,True,1.0,0.20999999999999996
2019-01-14,Australian Open,R16,Hard,5,Alexander Zverev,Milos Raonic,player2,top_10,0.7748309405626976,1.74,0.5503875968992248,0.22444334366347285,0.3482058365790939,False,1.0,-1.0
2019-01-14,Australian Open,R16,Hard,5,Marin Cilic,Roberto Bautista Agut,player2,top_10,0.6494922103552563,1.72,0.5555555555555556,0.0939366547997007,0.11712660181104079,False,1.0,-1.0
2019-01-14,Australian Open,QF,Hard,5,Kei Nishikori,Novak Djokovic,player2,top_10,0.1499201910034671,7.62,0.12614678899082568,0.023773402012641415,0.1423918554464193,False,1.0,-1.0
2019-01-14,Australian Open,QF,Hard,5,Lucas Pouille,Milos Raonic,player1,other,0.22249738856062304,5.54,0.17313432835820897,0.04936306020241407,0.23263553262585168,True,1.0,4.54
2019-01-14,Australian Open,QF,Hard,5,Stefanos Tsitsipas,Roberto Bautista Agut,player1,other,0.5440179212378832,1.98,0.484375,0.05964292123788317,0.0771554840510087,True,1.0,0.98
2019-01-14,Australian Open,QF,Hard,5,Frances Tiafoe,Rafael Nadal,player2,top_10,0.1122786080055123,11.47,0.08386581469648563,0.02841279330902667,0.2878356338232262,False,1.0,-1.0
2019-01-14,Australian Open,SF,Hard,5,Lucas Pouille,Novak Djokovic,player2,top_10,0.1149203439112107,10.45,0.09209383145091227,0.02282651246029843,0.2009175938721517,False,1.0,-1.0
2019-01-14,Australian Open,SF,Hard,5,Stefanos Tsitsipas,Rafael Nadal,player2,top_10,0.267221646556381,5.19,0.18524332810047095,0.08197831845591003,0.38688034562761753,False,1.0,-1.0
2019-02-04,Montpellier,R32,Hard,3,Filip Krajinovic,Nicolas Mahut,player2,other,0.701247052034347,1.49,0.637469586374696,0.06377746565965103,0.04485810753117703,True,1.0,0.49
2019-02-04,Montpellier,R32,Hard,3,Matthias Bachinger,Tomas Berdych,player1,other,0.223374220872211,5.41,0.1753048780487805,0.048069342823430505,0.20845453491866162,False,1.0,-1.0
2019-02-04,Montpellier,R32,Hard,3,Radu Albot,Philipp Kohlschreiber,player1,other,0.40553431515300437,3.12,0.3035714285714286,0.10196288658157576,0.2652670632773737,True,1.0,2.12
2019-02-04,Montpellier,R16,Hard,3,David Goffin,Filip Krajinovic,player1,other,0.7283666169823185,1.42,0.6705336426914155,0.05783297429090306,0.03428059611489226,False,1.0,-1.0
2019-02-04,Montpellier,R16,Hard,3,Ilya Ivashka,Pierre Hugues Herbert,player1,other,0.27907365553413843,3.82,0.24803149606299213,0.031042159471146302,0.06606136414040875,False,1.0,-1.0
2019-02-04,Montpellier,R16,Hard,3,Gilles Simon,Jo-Wilfried Tsonga,player2,other,0.5633992240806408,2.46,0.38653366583541143,0.17686555824522937,0.3859620912383763,False,1.0,-1.0
2019-02-04,Montpellier,QF,Hard,3,Denis Shapovalov,Pierre Hugues Herbert,player2,other,0.6406058126058369,1.66,0.5732647814910026,0.06734103111483436,0.06340564892568928,False,1.0,-1.0
2019-02-04,Montpellier,QF,Hard,3,Marcos Baghdatis,Radu Albot,player1,other,0.5669570888365482,1.84,0.518324607329843,0.04863248150670518,0.04320104345924869,False,1.0,-1.0
2019-02-04,Montpellier,SF,Hard,3,Pierre Hugues Herbert,Tomas Berdych,player1,other,0.4543391046230644,2.44,0.3915211970074813,0.06281790761558315,0.10858741528027727,True,1.0,1.44
2019-02-04,Montpellier,F,Hard,3,Pierre Hugues Herbert,Jo-Wilfried Tsonga,player1,other,0.4585711587067931,2.42,0.39348370927318294,0.06508744943361017,0.10974220407043933,False,1.0,-1.0
2019-02-04,Sofia,R32,Hard,3,Jan Lennard Struff,Stefano Travaglia,player1,other,0.7431672362619387,1.44,0.6587677725118484,0.08439946375009033,0.07016082021719167,True,1.0,0.43999999999999995
2019-02-04,Sofia,R32,Hard,3,Viktor Troicki,Gael Monfils,player1,other,0.35040321895857024,3.93,0.2413127413127413,0.10909047764582894,0.377084650507181,False,1.0,-1.0
2019-02-04,Sofia,R32,Hard,3,Adrian Mannarino,Yannick Maden,player1,other,0.6469736855733911,1.74,0.5468749999999999,0.10009868557339119,0.12573421289770048,False,1.0,-1.0
2019-02-04,Sofia,R16,Hard,3,Stefanos Tsitsipas,Jan Lennard Struff,player1,other,0.7106307884681868,1.48,0.6407766990291263,0.06985408943906057,0.05173356693291653,True,1.0,0.48
2019-02-04,Sofia,R16,Hard,3,Matthew Ebden,Roberto Bautista Agut,player2,other,0.2178840327374285,5.71,0.16642335766423358,0.051460675073194934,0.2441178269307167,False,1.0,-1.0
2019-02-04,Sofia,QF,Hard,3,Marton Fucsovics,Roberto Bautista Agut,player2,other,0.3059695944924414,3.85,0.24804687499999997,0.057922719492441405,0.17798293879589944,True,1.0,2.85
2019-02-04,Sofia,QF,Hard,3,Matteo Berrettini,Fernando Verdasco,player2,other,0.46487435033603575,2.34,0.40759493670886077,0.05727941362717498,0.08780597978632354,True,1.0,1.3399999999999999
2019-02-04,Sofia,F,Hard,3,Marton Fucsovics,Daniil Medvedev,player2,other,0.19270142953752015,5.35,0.1781874039938556,0.014514025543664544,0.03095264802573272,False,1.0,-1.0
2019-02-04,Cordoba,R32,Clay,3,Jaume Munar,Guido Andreozzi,player2,other,0.6668249489169922,1.55,0.6115288220551378,0.05529612686185437,0.03357867082133792,True,1.0,0.55
2019-02-04,Cordoba,R32,Clay,3,Lorenzo Sonego,Pablo Andujar,player1,other,0.5361034161692626,2.13,0.44386422976501305,0.09223918640424955,0.14190027644052927,True,1.0,1.13
2019-02-04,Cordoba,R32,Clay,3,Aljaz Bedene,Maximilian Marterer,player2,other,0.5707723103864765,1.95,0.48548812664907653,0.08528418373739993,0.11300600525362914,True,1.0,0.95
2019-02-04,Cordoba,R16,Clay,3,Jaume Munar,Marco Cecchinato,player1,other,0.5292851081809639,1.98,0.48031496062992135,0.04897014755104251,0.0479845141983084,True,1.0,0.98
2019-02-04,Cordoba,R16,Clay,3,Alessandro Giannessi,Diego Schwartzman,player2,other,0.17782772673837197,7.99,0.11907386990077179,0.05875385683760018,0.42084353663959206,False,1.0,-1.0
2019-02-04,Cordoba,R16,Clay,3,Aljaz Bedene,Fabio Fognini,player2,other,0.4199620723524003,2.63,0.3616504854368932,0.058311586915507085,0.10450025028681265,True,1.0,1.63
2019-02-11,Rotterdam,R32,Hard,3,Thomas Fabbiano,Jo-Wilfried Tsonga,player1,other,0.17411794039937453,6.2,0.15300546448087432,0.021112475918500212,0.0795312304761222,False,1.0,-1.0
2019-02-11,Rotterdam,R32,Hard,3,Matthew Ebden,Fernando Verdasco,player2,other,0.31493063534187504,3.34,0.284796573875803,0.03013406146607206,0.05186832204186265,False,1.0,-1.0
2019-02-11,Rotterdam,R32,Hard,3,Damir Dzumhur,Stefanos Tsitsipas,player2,other,0.23869812498543008,4.98,0.19155844155844154,0.04713968342698854,0.1887166624274419,True,1.0,3.9800000000000004
2019-02-11,Rotterdam,R32,Hard,3,Mikhail Kukushkin,Robin Haase,player1,other,0.5063779287264911,2.07,0.4595300261096606,0.04684790261683053,0.04820231246383655,True,1.0,1.0699999999999998
2019-02-11,Rotterdam,R32,Hard,3,David Goffin,Gael Monfils,player2,other,0.5857485414628667,1.93,0.4934383202099738,0.0923102212528929,0.13049468502333272,False,1.0,-1.0
2019-02-11,Rotterdam,R32,Hard,3,Franko Skugor,Denis Shapovalov,player2,other,0.20785649976755538,5.09,0.18690095846645366,0.02095554130110172,0.057989583816856816,False,1.0,-1.0
2019-02-11,Rotterdam,R32,Hard,3,Hyeon Chung,Nikoloz Basilashvili,player2,other,0.5348623861241887,1.98,0.48031496062992135,0.05454742549426733,0.05902752452589355,False,1.0,-1.0
2019-02-11,Rotterdam,R16,Hard,3,Denis Shapovalov,Tomas Berdych,player2,other,0.46941749121197146,2.36,0.4025316455696203,0.06688584564235117,0.10782527926025265,True,1.0,1.3599999999999999
2019-02-11,Rotterdam,R16,Hard,3,Ernests Gulbis,Kei Nishikori,player2,top_10,0.3015679150627761,3.76,0.2524850894632207,0.0490828255995554,0.13389536063603802,False,1.0,-1.0
2019-02-11,Rotterdam,QF,Hard,3,Daniil Medvedev,Jo-Wilfried Tsonga,player2,other,0.7011233555613735,1.61,0.5913705583756345,0.10975279718573905,0.12880860245381143,True,1.0,0.6100000000000001
2019-02-11,Rotterdam,QF,Hard,3,Damir Dzumhur,Gael Monfils,player2,other,0.2488123772836133,4.25,0.22445255474452552,0.024359822539087778,0.05745260345535652,False,1.0,-1.0
2019-02-11,Rotterdam,QF,Hard,3,Denis Shapovalov,Stan Wawrinka,player2,other,0.5509848229496227,2.07,0.4609375,0.0900473229496227,0.1405385835057189,False,1.0,-1.0
2019-02-11,Rotterdam,SF,Hard,3,Kei Nishikori,Stan Wawrinka,player2,top_10,0.6814215105272025,1.55,0.6153846153846154,0.06603689514258704,0.05620334131716381,False,1.0,-1.0
2019-02-11,Rotterdam,F,Hard,3,Gael Monfils,Stan Wawrinka,player2,other,0.47193237507073027,2.39,0.399497487437186,0.07243488763354428,0.12791837641904535,True,1.0,1.3900000000000001
2019-02-11,New York,R32,Hard,3,Ryan Harrison,Peter Polansky,player1,other,0.7349319160768522,1.42,0.6682242990654206,0.06670761701143157,0.04360332082912999,True,1.0,0.41999999999999993
2019-02-11,New York,R32,Hard,3,Paolo Lorenzi,Tennys Sandgren,player1,other,0.2833771188543475,4.26,0.22262773722627735,0.06074938162807017,0.20718652631952028,True,1.0,3.26
2019-02-11,New York,R16,Hard,3,Bernard Tomic,John Isner,player2,top_10,0.34947021195908706,3.12,0.30512249443207123,0.04434771752701583,0.0903470613123517,False,1.0,-1.0
2019-02-11,New York,QF,Hard,3,Guillermo Garcia Lopez,Reilly Opelka,player2,other,0.42527113073614914,2.48,0.38461538461538464,0.0406557461207645,0.054672404225649895,False,1.0,-1.0
2019-02-11,New York,QF,Hard,3,John Isner,Jordan Thompson,player1,top_10,0.8126665441770146,1.3,0.7302904564315352,0.08237608774547933,0.05646650743011897,True,1.0,0.30000000000000004
2019-02-11,Buenos Aires,R32,Clay,3,Federico Delbonis,Jaume Munar,player1,other,0.5865305400274009,1.84,0.5170603674540682,0.06947017257333266,0.07921619365041771,False,1.0,-1.0
2019-02-11,Buenos Aires,R32,Clay,3,Taro Daniel,Roberto Carballes Baena,player1,other,0.5081373539964785,2.16,0.43896103896103894,0.06917631503543958,0.09757668463239366,False,1.0,-1.0
2019-02-11,Buenos Aires,R32,Clay,3,Nicolas Jarry,Lorenzo Sonego,player1,other,0.6691017160142433,1.6,0.5939086294416244,0.07519308657261892,0.0705627456227893,False,1.0,-1.0
2019-02-11,Buenos Aires,R32,Clay,3,Aljaz Bedene,Guido Andreozzi,player1,other,0.7349170021297967,1.41,0.674364896073903,0.06055210605589367,0.036232973003013313,True,1.0,0.4099999999999999
2019-02-11,Buenos Aires,R16,Clay,3,Fabio Fognini,Jaume Munar,player2,other,0.5925271736844456,1.77,0.5366492146596858,0.05587795902475978,0.04877309742146879,False,1.0,-1.0
2019-02-11,Buenos Aires,R16,Clay,3,Guido Pella,Leonardo Mayer,player1,other,0.5963371810803525,1.89,0.5039370078740157,0.09240017320633676,0.12707727224186616,True,1.0,0.8899999999999999
2019-02-11,Buenos Aires,R16,Clay,3,Roberto Carballes Baena,Lorenzo Sonego,player1,other,0.5818697752141512,1.87,0.5078947368421052,0.073975038372046,0.08809647965046274,True,1.0,0.8700000000000001
2019-02-11,Buenos Aires,QF,Clay,3,Roberto Carballes Baena,Marco Cecchinato,player1,other,0.4391727301527783,2.54,0.37438423645320196,0.06478849369957634,0.11549873458805693,False,1.0,-1.0
2019-02-11,Buenos Aires,SF,Clay,3,Dominic Thiem,Diego Schwartzman,player2,top_10,0.8272863786850005,1.42,0.6720554272517322,0.15523095143326837,0.1747466577327007,False,1.0,-1.0
2019-02-18,Marseille,R32,Hard,3,Steve Darcis,Matthias Bachinger,player1,other,0.5704961578732676,1.94,0.4894736842105264,0.08102247366274118,0.10676254627413906,False,1.0,-1.0
2019-02-18,Marseille,R32,Hard,3,Egor Gerasimov,Fernando Verdasco,player2,other,0.3545286140639415,3.33,0.2854077253218884,0.06912088874205308,0.1805802848329251,False,1.0,-1.0
2019-02-18,Marseille,R32,Hard,3,Andrey Rublev,Jo-Wilfried Tsonga,player2,other,0.2750840286456709,4.43,0.21453900709219859,0.0605450215534723,0.21862224690032184,True,1.0,3.4299999999999997
2019-02-18,Marseille,R16,Hard,3,Matteo Berrettini,Andrey Rublev,player1,other,0.5917784736685705,1.75,0.5442708333333333,0.047507640335237244,0.03561232891999838,False,1.0,-1.0
2019-02-18,Marseille,QF,Hard,3,Sergiy Stakhovsky,Stefanos Tsitsipas,player2,other,0.22891509807017885,5.25,0.1809672386895476,0.04794785938063126,0.20180426486843894,False,1.0,-1.0
2019-02-18,Marseille,F,Hard,3,Stefanos Tsitsipas,Mikhail Kukushkin,player2,other,0.8066858916100695,1.3,0.7346938775510204,0.07199201405904909,0.04869165909309042,True,1.0,0.30000000000000004
2019-02-18,Delray Beach,R32,Hard,3,Feliciano Lopez,Denis Istomin,player1,other,0.4843929983762391,2.13,0.44531250000000006,0.03908049837623906,0.03175708654138931,False,1.0,-1.0
2019-02-18,Delray Beach,R32,Hard,3,Nick Kyrgios,John Millman,player2,other,0.6582585591566105,1.74,0.5456919060052219,0.11256665315138858,0.1453698929325022,True,1.0,0.74
2019-02-18,Delray Beach,R32,Hard,3,Ivo Karlovic,Radu Albot,player1,other,0.6022355183176141,1.75,0.5430809399477807,0.0591545783698334,0.05391215705582475,False,1.0,-1.0
2019-02-18,Delray Beach,R32,Hard,3,Taylor Fritz,Mackenzie Mcdonald,player1,other,0.716870181987645,1.53,0.6212871287128713,0.09558305327477368,0.09681137844109683,False,1.0,-1.0
2019-02-18,Delray Beach,R32,Hard,3,Jared Donaldson,Guillermo Garcia Lopez,player1,other,0.38947032329384906,2.77,0.3420427553444181,0.04742756794943098,0.07883279552396183,False,1.0,-1.0
2019-02-18,Delray Beach,R32,Hard,3,Reilly Opelka,Tennys Sandgren,player1,other,0.5118193613379094,2.38,0.39898989898989906,0.11282946234801033,0.2181300799842243,True,1.0,1.38
2019-02-18,Delray Beach,R32,Hard,3,Juan Martin del Potro,Yoshihito Nishioka,player1,top_10,0.7993283873629063,1.32,0.7185501066098081,0.08077828075309823,0.05511347131903643,True,1.0,0.32000000000000006
2019-02-18,Delray Beach,R16,Hard,3,Nick Kyrgios,Radu Albot,player2,other,0.7208960848014163,1.46,0.6507177033492824,0.07017838145213395,0.05250828381006778,False,1.0,-1.0
2019-02-18,Delray Beach,R16,Hard,3,Juan Martin del Potro,Reilly Opelka,player2,top_10,0.8014637722910365,1.51,0.6299019607843138,0.17156181150672267,0.21021029615946513,True,1.0,0.51
2019-02-18,Delray Beach,QF,Hard,3,Steve Johnson,Radu Albot,player1,other,0.656426179542234,1.62,0.5877862595419847,0.06863992000024932,0.0634104108584192,False,1.0,-1.0
2019-02-18,Delray Beach,QF,Hard,3,Juan Martin del Potro,Mackenzie Mcdonald,player1,top_10,0.8202549918921175,1.32,0.7197452229299364,0.10050976896218111,0.08273658929759514,False,1.0,-1.0
2019-02-18,Delray Beach,SF,Hard,3,John Isner,Daniel Evans,player1,top_10,0.7374176269127242,1.42,0.6712962962962963,0.06612133061642789,0.04713303021606824,False,1.0,-1.0
2019-02-18,Rio de Janeiro,R32,Clay,3,Fabio Fognini,Felix Auger Aliassime,player2,other,0.7063603122884413,1.5,0.6341463414634148,0.07221397082502656,0.059540468432661975,False,1.0,-1.0
2019-02-18,Rio de Janeiro,R32,Clay,3,Jaume Munar,Leonardo Mayer,player1,other,0.583072544195387,1.8,0.5287958115183247,0.054276732677062345,0.04953057955169665,True,1.0,0.8
2019-02-18,Rio de Janeiro,R32,Clay,3,Roberto Carballes Baena,Nicolas Jarry,player1,other,0.5045369944517476,2.1,0.45312499999999994,0.051411994451747656,0.05952768834867006,True,1.0,1.1
2019-02-18,Rio de Janeiro,R32,Clay,3,Aljaz Bedene,Marco Cecchinato,player1,other,0.47670646623610563,2.32,0.4096692111959288,0.06703725504017682,0.10595900166776495,True,1.0,1.3199999999999998
2019-02-18,Rio de Janeiro,R16,Clay,3,Roberto Carballes Baena,Hugo Dellien,player1,other,0.7332222573324284,1.49,0.637469586374696,0.09575267095773243,0.09250116342531833,False,1.0,-1.0
2019-02-18,Rio de Janeiro,R16,Clay,3,Casper Ruud,Joao Sousa,player1,other,0.5249358949222396,2.14,0.44415584415584414,0.08078005076639544,0.12336281513359271,True,1.0,1.1400000000000001
2019-02-18,Rio de Janeiro,R16,Clay,3,Taro Daniel,Laslo Djere,player1,other,0.4226552958864893,2.48,0.38308457711442784,0.039570718772061475,0.04818513379849354,False,1.0,-1.0
2019-02-18,Rio de Janeiro,QF,Clay,3,Laslo Djere,Casper Ruud,player1,other,0.6146134012154826,1.72,0.5532467532467532,0.06136664796872937,0.057135050090630024,True,1.0,0.72
2019-02-18,Rio de Janeiro,SF,Clay,3,Felix Auger Aliassime,Pablo Cuevas,player1,other,0.4925414632764699,2.24,0.42564102564102557,0.06690043763544434,0.10329287773929274,True,1.0,1.2400000000000002
2019-02-25,Dubai,R32,Hard,3,Thomas Fabbiano,Fernando Verdasco,player1,other,0.40625190545451745,2.93,0.3233256351039261,0.08292627035059136,0.19031808298173625,False,1.0,-1.0
2019-02-25,Dubai,R32,Hard,3,Jan Lennard Struff,Milos Raonic,player2,other,0.2117707432766799,4.87,0.19504132231404955,0.01672942096263036,0.031323519757431195,True,1.0,3.87
2019-02-25,Dubai,R32,Hard,3,Karen Khachanov,Nikoloz Basilashvili,player2,other,0.7026331238684952,1.49,0.6365853658536585,0.06604775801483664,0.04692335456405783,False,1.0,-1.0
2019-02-25,Dubai,R32,Hard,3,Ramkumar Ramanathan,Roberto Bautista Agut,player1,other,0.15317332577646223,8.41,0.1128691983122363,0.04030412746422593,0.2881876697800474,False,1.0,-1.0
2019-02-25,Dubai,R32,Hard,3,Ilya Ivashka,Tomas Berdych,player2,other,0.2665535840600293,5.33,0.17873651771956853,0.0878170663404608,0.42073060303995624,False,1.0,-1.0
2019-02-25,Dubai,R32,Hard,3,Ricardas Berankis,Daniil Medvedev,player1,other,0.17932027950413001,5.96,0.15937940761636105,0.01994087188776897,0.06874886584461481,True,1.0,4.96
2019-02-25,Dubai,R32,Hard,3,Mohamed Safwat,Marcos Baghdatis,player2,other,0.19352570141429445,5.67,0.1674008810572687,0.026124820357025763,0.09729072701904962,False,1.0,-1.0
2019-02-25,Dubai,R32,Hard,3,Robin Haase,Egor Gerasimov,player1,other,0.5752759826763695,1.85,0.513157894736842,0.062118087939527444,0.0642605679512836,False,1.0,-1.0
2019-02-25,Dubai,R16,Hard,3,Marcos Baghdatis,Gael Monfils,player2,other,0.2120554872024429,5.82,0.16379310344827586,0.048262383754167054,0.23416293551821776,False,1.0,-1.0
2019-02-25,Dubai,QF,Hard,3,Ricardas Berankis,Gael Monfils,player2,other,0.2224440582532683,4.83,0.1963394342762063,0.026104623977062008,0.07440480136328587,False,1.0,-1.0
2019-02-25,Dubai,QF,Hard,3,Hubert Hurkacz,Stefanos Tsitsipas,player2,other,0.2522467366393748,4.36,0.2186379928315412,0.0336087438078336,0.09979577174767418,False,1.0,-1.0
2019-02-25,Dubai,SF,Hard,3,Roger Federer,Borna Coric,player1,top_10,0.803520181321522,1.38,0.6898876404494382,0.11363254087208385,0.10885785022370031,True,1.0,0.3799999999999999
2019-02-25,Dubai,SF,Hard,3,Stefanos Tsitsipas,Gael Monfils,player2,other,0.5367249690703612,2.05,0.4647519582245431,0.07197301084581803,0.10028618659424027,True,1.0,1.0499999999999998
2019-02-25,Dubai,F,Hard,3,Roger Federer,Stefanos Tsitsipas,player1,top_10,0.788753663505593,1.32,0.7226890756302521,0.06606458787534086,0.04115483582738272,True,1.0,0.32000000000000006
2019-02-25,Sao Paulo,R32,Clay,3,Felix Auger Aliassime,Pablo Cuevas,player1,other,0.49559696235439593,2.56,0.3694581280788178,0.12613883427557815,0.26872822362725357,True,1.0,1.56
2019-02-25,Sao Paulo,R32,Clay,3,Roberto Carballes Baena,Maximilian Marterer,player2,other,0.5007821377076881,2.08,0.4569190600522194,0.04386307765546871,0.041626846431991216,True,1.0,1.08
2019-02-25,Sao Paulo,R32,Clay,3,Marco Trungelliti,Taro Daniel,player1,other,0.4461347803249151,2.31,0.41071428571428575,0.03542049461062935,0.030571342550553937,True,1.0,1.31
2019-02-25,Sao Paulo,R16,Clay,3,Jaume Munar,Cristian Garin,player1,other,0.6135850478176351,1.7,0.5584415584415584,0.055143489376076715,0.04309458128997967,False,1.0,-1.0
2019-02-25,Sao Paulo,R16,Clay,3,Lorenzo Sonego,Leonardo Mayer,player1,other,0.4937594072466019,2.09,0.4543080939947781,0.03945131325182377,0.03195716114539782,False,1.0,-1.0
2019-02-25,Sao Paulo,R16,Clay,3,Joao Sousa,Casper Ruud,player1,other,0.5442886137105033,1.95,0.48684210526315796,0.057446508447345335,0.061362796735481395,False,1.0,-1.0
2019-02-25,Sao Paulo,SF,Clay,3,Laslo Djere,Guido Pella,player2,other,0.4358229881840427,2.57,0.3700980392156863,0.0657249489683564,0.12006507963298974,False,1.0,-1.0
2019-02-25,Sao Paulo,SF,Clay,3,Cristian Garin,Casper Ruud,player1,other,0.5064751125530992,2.23,0.42673521850899737,0.07973989404410181,0.12943950099341117,True,1.0,1.23
2019-02-25,Acapulco,R32,Hard,3,Marius Copil,Diego Schwartzman,player1,other,0.5030811347186506,2.23,0.4252577319587629,0.0778234027598877,0.12187093042259078,False,1.0,-1.0
2019-02-25,Acapulco,R32,Hard,3,Frances Tiafoe,Jordan Thompson,player1,other,0.6552165546074975,1.65,0.5747422680412371,0.08047428656626043,0.08110731510237085,True,1.0,0.6499999999999999
2019-02-25,Acapulco,R32,Hard,3,Nick Kyrgios,Andreas Seppi,player2,other,0.5268324400505874,2.04,0.4659685863874345,0.06086385366315289,0.07473817770319824,True,1.0,1.04
2019-02-25,Acapulco,R32,Hard,3,Mischa Zverev,Rafael Nadal,player1,top_10,0.1043727582363851,10.09,0.09425493716337521,0.010117821073009889,0.05312113060512569,False,1.0,-1.0
2019-02-25,Acapulco,R16,Hard,3,Rafael Nadal,Nick Kyrgios,player2,top_10,0.8243360045165126,1.25,0.7609942638623327,0.06334174065417986,0.030420005645640708,False,1.0,-1.0
2019-02-25,Acapulco,QF,Hard,3,Alexander Zverev,Alex De Minaur,player1,top_10,0.7871301667878677,1.34,0.7086956521739131,0.07843451461395468,0.05475442349574283,True,1.0,0.3400000000000001
2019-02-25,Acapulco,QF,Hard,3,John Isner,John Millman,player1,top_10,0.7183308224107696,1.63,0.5831202046035805,0.13521061780718913,0.1708792405295544,True,1.0,0.6299999999999999
2019-02-25,Acapulco,QF,Hard,3,Nick Kyrgios,Stan Wawrinka,player1,other,0.4796086011952285,2.52,0.37777777777777777,0.10183082341745076,0.20861367501197592,True,1.0,1.52
2019-02-25,Acapulco,SF,Hard,3,Cameron Norrie,Alexander Zverev,player2,top_10,0.34698266625983204,5.09,0.18690095846645366,0.16008170779337838,0.7661417712625451,False,1.0,-1.0
2019-02-25,Acapulco,SF,Hard,3,Nick Kyrgios,John Isner,player2,top_10,0.672988784224586,1.74,0.5468749999999999,0.12611378422458608,0.1710004845507796,True,1.0,0.74
2019-02-25,Acapulco,F,Hard,3,Alexander Zverev,Nick Kyrgios,player2,top_10,0.78433926857638,1.43,0.6651053864168619,0.11923388215951813,0.1216051540642234,False,1.0,-1.0
2019-03-04,Indian Wells Masters,R128,Hard,4,Joao Sousa,Mackenzie Mcdonald,player1,other,0.5012208150392304,2.11,0.451948051948052,0.04927276309117845,0.057575919732776204,False,1.0,-1.0
2019-03-04,Indian Wells Masters,R128,Hard,4,Feliciano Lopez,Tomas Berdych,player2,other,0.28956708104460177,5.0,0.18962722852512157,0.0999398525194802,0.4478354052230089,True,1.0,4.0
2019-03-04,Indian Wells Masters,R128,Hard,4,Robin Haase,Denis Istomin,player1,other,0.49446242455504114,2.21,0.43041237113402064,0.06405005342102049,0.0927619582666408,True,1.0,1.21
2019-03-04,Indian Wells Masters,R128,Hard,4,Peter Gojowczyk,Andreas Seppi,player1,other,0.41985408906071026,2.53,0.3753086419753087,0.044545447085401535,0.062230845323596906,True,1.0,1.5299999999999998
2019-03-04,Indian Wells Masters,R128,Hard,4,Stan Wawrinka,Daniel Evans,player1,other,0.710726533718887,1.47,0.6474820143884892,0.06324451933039787,0.04476800456676394,True,1.0,0.47
2019-03-04,Indian Wells Masters,R128,Hard,4,Donald Young,Hubert Hurkacz,player2,other,0.4578488721036031,2.65,0.35835351089588374,0.09949536120771935,0.21329951107454825,False,1.0,-1.0
2019-03-04,Indian Wells Masters,R128,Hard,4,Cameron Norrie,Felix Auger Aliassime,player2,other,0.6324137126236898,1.65,0.5758354755784061,0.05657823704528375,0.043482625829088184,False,1.0,-1.0
2019-03-04,Indian Wells Masters,R128,Hard,4,Benoit Paire,Prajnesh Gunneswaran,player1,other,0.6941945510538616,1.53,0.6212871287128713,0.07290742234099035,0.062117663112408295,False,1.0,-1.0
2019-03-04,Indian Wells Masters,R128,Hard,4,Matthew Ebden,Ivo Karlovic,player2,other,0.555435577289075,1.96,0.4855643044619423,0.06987127282713268,0.08865373148658695,False,1.0,-1.0
2019-03-04,Indian Wells Masters,R128,Hard,4,Reilly Opelka,Leonardo Mayer,player1,other,0.6790491470719427,1.57,0.606516290726817,0.07253285634512574,0.06610716090295016,False,1.0,-1.0
2019-03-04,Indian Wells Masters,R128,Hard,4,Elias Ymer,Bjorn Fratangelo,player2,other,0.5577256592793401,2.21,0.43041237113402064,0.1273132881453195,0.2325737070073417,False,1.0,-1.0
2019-03-04,Indian Wells Masters,R64,Hard,4,Jared Donaldson,Rafael Nadal,player1,top_10,0.11375034110839706,12.35,0.07766990291262135,0.03608043819577571,0.4048167126887037,False,1.0,-1.0
2019-03-04,Indian Wells Masters,R64,Hard,4,Peter Gojowczyk,Roger Federer,player2,top_10,0.1157234685284159,10.26,0.09283819628647215,0.022885272241943755,0.18732278710154704,False,1.0,-1.0
2019-03-04,Indian Wells Masters,R64,Hard,4,Marton Fucsovics,Stan Wawrinka,player2,other,0.38543998927291595,2.86,0.3333333333333333,0.052106655939582636,0.10235836932053954,False,1.0,-1.0
2019-03-04,Indian Wells Masters,R64,Hard,4,Dusan Lajovic,Marin Cilic,player2,other,0.23861650510148577,5.08,0.18719999999999995,0.05141650510148582,0.21217184591554772,False,1.0,-1.0
2019-03-04,Indian Wells Masters,R64,Hard,4,Lucas Pouille,Hubert Hurkacz,player1,other,0.6026305970447259,1.85,0.513157894736842,0.08947270230788384,0.11486660453274289,False,1.0,-1.0
2019-03-04,Indian Wells Masters,R64,Hard,4,Laslo Djere,Guido Andreozzi,player1,other,0.6807461647327747,1.52,0.625615763546798,0.055130401185976674,0.0347341703938176,True,1.0,0.52
2019-03-04,Indian Wells Masters,R64,Hard,4,Yoshihito Nishioka,Roberto Bautista Agut,player2,other,0.2842841956068503,3.65,0.2611336032388664,0.02315059236798389,0.03763731396500358,True,1.0,2.65
2019-03-04,Indian Wells Masters,R64,Hard,4,Stefanos Tsitsipas,Felix Auger Aliassime,player1,top_10,0.8061013081023732,1.38,0.6870748299319728,0.11902647817040046,0.11241980518127498,False,1.0,-1.0
2019-03-04,Indian Wells Masters,R64,Hard,4,Ricardas Berankis,Jan Lennard Struff,player1,other,0.47959078285713597,2.44,0.38847117794486213,0.09111960491227383,0.17020151017141172,False,1.0,-1.0
2019-03-04,Indian Wells Masters,R64,Hard,4,Martin Klizan,Alexander Zverev,player2,top_10,0.1703134799226663,6.12,0.15586206896551721,0.01445141095714908,0.04231849712671776,False,1.0,-1.0
2019-03-04,Indian Wells Masters,R64,Hard,4,Dominic Thiem,Jordan Thompson,player2,top_10,0.7783753127794255,1.33,0.7164179104477612,0.06195740233166436,0.03523916599663596,True,1.0,0.33000000000000007
2019-03-04,Indian Wells Masters,R64,Hard,4,Nick Kyrgios,Philipp Kohlschreiber,player1,other,0.6901982409836656,1.53,0.6212871287128713,0.06891111227079427,0.0560033087050083,False,1.0,-1.0
2019-03-04,Indian Wells Masters,R64,Hard,4,Bjorn Fratangelo,Novak Djokovic,player2,top_10,0.09591751384058116,16.48,0.05828571428571429,0.03763179955486687,0.5807206280927774,False,1.0,-1.0
2019-03-04,Indian Wells Masters,R32,Hard,4,John Isner,Guido Pella,player2,top_10,0.8383160214623481,1.24,0.7677902621722846,0.07052575929006344,0.0395118666133116,True,1.0,0.24
2019-03-04,Indian Wells Masters,R32,Hard,4,Roger Federer,Stan Wawrinka,player1,top_10,0.831098778400845,1.28,0.746031746031746,0.08506703236909896,0.06380643635308164,True,1.0,0.28
2019-03-04,Indian Wells Masters,R32,Hard,4,Denis Shapovalov,Marin Cilic,player1,other,0.49392487567239934,2.41,0.3959899749373434,0.09793490073505595,0.19035895037048245,True,1.0,1.4100000000000001
2019-03-04,Indian Wells Masters,R32,Hard,4,Kei Nishikori,Hubert Hurkacz,player1,top_10,0.8256284217024191,1.33,0.7176220806794056,0.10800634102301354,0.09808580086421748,False,1.0,-1.0
2019-03-04,Indian Wells Masters,R32,Hard,4,Yoshihito Nishioka,Felix Auger Aliassime,player1,other,0.47043294015989745,2.28,0.4183673469387755,0.052065593221121975,0.0725871035645661,True,1.0,1.2799999999999998
2019-03-04,Indian Wells Masters,R32,Hard,4,Jan Lennard Struff,Alexander Zverev,player2,top_10,0.22650309324562704,4.94,0.19281045751633985,0.033692635729287185,0.11892528063339758,True,1.0,3.9400000000000004
2019-03-04,Indian Wells Masters,R32,Hard,4,Dominic Thiem,Gilles Simon,player2,top_10,0.8043250807402086,1.4,0.6796338672768879,0.12469121346332068,0.12605511303629197,True,1.0,0.3999999999999999
2019-03-04,Indian Wells Masters,R32,Hard,4,Ivo Karlovic,Prajnesh Gunneswaran,player2,other,0.6437699725410895,1.61,0.5913705583756345,0.052399414165455016,0.03646965579115413,True,1.0,0.6100000000000001
2019-03-04,Indian Wells Masters,R16,Hard,4,Filip Krajinovic,Rafael Nadal,player1,top_10,0.1376207157831653,8.63,0.11030927835051545,0.02731143743264984,0.1876667772087166,False,1.0,-1.0
2019-03-04,Indian Wells Masters,R16,Hard,4,Denis Shapovalov,Hubert Hurkacz,player2,other,0.7528037827016326,1.39,0.6840909090909091,0.06871287361072353,0.04639725795526928,False,1.0,-1.0
2019-03-04,Indian Wells Masters,R16,Hard,4,Milos Raonic,Jan Lennard Struff,player2,other,0.7678850490232643,1.37,0.6948775055679287,0.07300754345533556,0.05200251716187215,True,1.0,0.3700000000000001
2019-03-04,Indian Wells Masters,R16,Hard,4,Ivo Karlovic,Dominic Thiem,player1,top_10,0.40798702800737513,3.43,0.27789473684210525,0.13009229116526988,0.39939550606529683,False,1.0,-1.0
2019-03-04,Indian Wells Masters,QF,Hard,4,Gael Monfils,Dominic Thiem,player2,top_10,0.6909315351747628,1.65,0.578005115089514,0.11292642008524878,0.14003703303835857,False,1.0,-1.0
2019-03-04,Indian Wells Masters,F,Hard,4,Roger Federer,Dominic Thiem,player2,top_10,0.8489955575514272,1.25,0.7609942638623327,0.08800129368909448,0.06124444693928399,False,1.0,-1.0
2019-03-18,Miami Masters,R128,Hard,4,Sam Querrey,David Ferrer,player1,other,0.6763462699401191,1.63,0.5831202046035805,0.09322606533653865,0.10244442000239412,False,1.0,-1.0
2019-03-18,Miami Masters,R128,Hard,4,Jan Lennard Struff,Reilly Opelka,player2,other,0.5871945143716938,1.79,0.5314136125654451,0.05578090180624873,0.05107818072533188,False,1.0,-1.0
2019-03-18,Miami Masters,R128,Hard,4,Cameron Norrie,Jordan Thompson,player2,other,0.6963392241164862,1.49,0.637469586374696,0.058869637741790215,0.037545443933564404,False,1.0,-1.0
2019-03-18,Miami Masters,R128,Hard,4,Feliciano Lopez,Benoit Paire,player2,other,0.508848682565966,2.03,0.46858638743455505,0.040262295131411,0.03296282560891095,True,1.0,1.0299999999999998
2019-03-18,Miami Masters,R128,Hard,4,Jaume Munar,Prajnesh Gunneswaran,player1,other,0.5719105896799587,1.9,0.5,0.07191058967995867,0.08663012039192142,True,1.0,0.8999999999999999
2019-03-18,Miami Masters,R128,Hard,4,Robin Haase,Lukas Lacko,player1,other,0.698112977392685,1.49,0.6383495145631067,0.05976346282957823,0.0401883363151006,True,1.0,0.49
2019-03-18,Miami Masters,R128,Hard,4,Matteo Berrettini,Hubert Hurkacz,player1,other,0.6265927753705234,1.77,0.5354330708661418,0.0911597045043816,0.1090692124058264,False,1.0,-1.0
2019-03-18,Miami Masters,R128,Hard,4,Martin Klizan,Lorenzo Sonego,player2,other,0.4920265883433413,2.51,0.37871287128712877,0.11331371705621252,0.2349867367417865,False,1.0,-1.0
2019-03-18,Miami Masters,R128,Hard,4,Ilya Ivashka,Thomas Fabbiano,player1,other,0.5554503542839345,1.99,0.4790575916230366,0.0763927626608979,0.10534620502502967,True,1.0,0.99
2019-03-18,Miami Masters,R128,Hard,4,Bradley Klahn,Janko Tipsarevic,player2,other,0.6255873236366297,1.68,0.5658914728682171,0.05969585076841266,0.050986703709537895,False,1.0,-1.0
2019-03-18,Miami Masters,R64,Hard,4,Andrey Rublev,Marin Cilic,player1,other,0.4225011541605968,2.49,0.38213399503722084,0.04036715912337596,0.052027873859886054,True,1.0,1.4900000000000002
2019-03-18,Miami Masters,R64,Hard,4,Reilly Opelka,Diego Schwartzman,player1,other,0.511935148801212,2.11,0.45052083333333337,0.06141431546787868,0.08018316397055736,True,1.0,1.1099999999999999
2019-03-18,Miami Masters,R64,Hard,4,Daniil Medvedev,Adrian Mannarino,player2,other,0.7925754754525004,1.31,0.7230443974630022,0.0695310779894982,0.03827387284277556,True,1.0,0.31000000000000005
2019-03-18,Miami Masters,R64,Hard,4,Steve Johnson,Joao Sousa,player1,other,0.6556351018071754,1.59,0.5984848484848484,0.05715025332232704,0.04245981187340897,False,1.0,-1.0
2019-03-18,Miami Masters,R64,Hard,4,Kevin Anderson,Jaume Munar,player2,top_10,0.8181079497475245,1.52,0.625615763546798,0.1924921862007265,0.24352408361623734,True,1.0,0.52
2019-03-18,Miami Masters,R64,Hard,4,Lloyd Harris,Robin Haase,player2,other,0.4301296463717416,2.4,0.39698492462311563,0.03314472174862598,0.032311151292179874,False,1.0,-1.0
2019-03-18,Miami Masters,R64,Hard,4,Hubert Hurkacz,Dominic Thiem,player2,top_10,0.36884545022862375,3.18,0.2980132450331126,0.07083220519551114,0.1729285317270236,True,1.0,2.18
2019-03-18,Miami Masters,R64,Hard,4,Janko Tipsarevic,Roberto Bautista Agut,player2,other,0.23806872684006772,4.69,0.2037351443123939,0.03433358252767382,0.11654232887991767,False,1.0,-1.0
2019-03-18,Miami Masters,R64,Hard,4,Bernard Tomic,Novak Djokovic,player1,top_10,0.10207673291563757,12.75,0.07474600870827286,0.02733072420736471,0.30147834467437895,False,1.0,-1.0
2019-03-18,Miami Masters,R32,Hard,4,Frances Tiafoe,David Ferrer,player1,other,0.5178852813615885,1.99,0.4790575916230366,0.038827689738551885,0.03059170990956117,True,1.0,0.99
2019-03-18,Miami Masters,R32,Hard,4,Marco Cecchinato,David Goffin,player2,other,0.27002264005051047,3.85,0.24804687499999997,0.021975765050510493,0.039587164194465285,False,1.0,-1.0
2019-03-18,Miami Masters,R32,Hard,4,Kevin Anderson,Joao Sousa,player2,top_10,0.8267356182538929,1.52,0.6265356265356266,0.2001999917182663,0.25663813974591715,True,1.0,0.52
2019-03-18,Miami Masters,R32,Hard,4,Dusan Lajovic,Nick Kyrgios,player2,other,0.33063926178156816,3.56,0.2674897119341564,0.06314954984741178,0.17707577194238266,False,1.0,-1.0
2019-03-18,Miami Masters,R32,Hard,4,Felix Auger Aliassime,Hubert Hurkacz,player1,other,0.5406350450209597,2.11,0.451948051948052,0.08868699307290773,0.14073994499422493,True,1.0,1.1099999999999999
2019-03-18,Miami Masters,R32,Hard,4,Kyle Edmund,Milos Raonic,player2,other,0.4619194847643933,2.31,0.41221374045801523,0.049705744306378086,0.06703400980574858,True,1.0,1.31
2019-03-18,Miami Masters,R32,Hard,4,Federico Delbonis,Novak Djokovic,player1,top_10,0.10560192569689282,13.64,0.07021131561008861,0.035390610086804206,0.4404102665056181,False,1.0,-1.0
2019-03-18,Miami Masters,R16,Hard,4,Stefanos Tsitsipas,Denis Shapovalov,player2,top_10,0.802531689931722,1.68,0.5670103092783505,0.23552138065337147,0.3482532390852928,False,1.0,-1.0
2019-03-18,Miami Masters,R16,Hard,4,Roger Federer,Daniil Medvedev,player1,top_10,0.7986423816504983,1.31,0.7287784679089027,0.06986391374159562,0.04622151996215279,True,1.0,0.31000000000000005
2019-03-18,Miami Masters,R16,Hard,4,Kevin Anderson,Jordan Thompson,player1,top_10,0.8144617282624179,1.42,0.6712962962962963,0.14316543196612164,0.15653565413263337,True,1.0,0.41999999999999993
2019-03-18,Miami Masters,R16,Hard,4,Nick Kyrgios,Borna Coric,player2,other,0.6415566682572645,1.62,0.5877862595419847,0.05377040871527983,0.03932180257676865,False,1.0,-1.0
2019-03-18,Miami Masters,R16,Hard,4,Kyle Edmund,John Isner,player2,top_10,0.6349212253271651,1.97,0.48429319371727747,0.15062803160988764,0.2507948138945152,False,1.0,-1.0
2019-03-18,Miami Masters,QF,Hard,4,Frances Tiafoe,Denis Shapovalov,player1,other,0.44935085867364766,2.45,0.38902743142144636,0.0603234272522013,0.1009096037504369,False,1.0,-1.0
2019-03-18,Miami Masters,QF,Hard,4,Borna Coric,Felix Auger Aliassime,player2,other,0.6195105553922614,1.67,0.570694087403599,0.04881646798866246,0.03458262750507651,False,1.0,-1.0
2019-03-18,Miami Masters,QF,Hard,4,Roberto Bautista Agut,John Isner,player2,top_10,0.5892433828462165,1.98,0.48167539267015713,0.10756799017605934,0.1667018980355086,False,1.0,-1.0
2019-03-18,Miami Masters,F,Hard,4,Roger Federer,John Isner,player2,top_10,0.856445204695414,1.25,0.7632575757575758,0.09318762893783816,0.07055650586926746,True,1.0,0.25
2019-04-08,Marrakech,R32,Clay,3,Fabio Fognini,Jiri Vesely,player1,other,0.6773964675983969,1.59,0.5954198473282442,0.08197662027015273,0.07706038348145111,False,1.0,-1.0
2019-04-08,Marrakech,R32,Clay,3,Jozef Kovalik,Gilles Simon,player1,other,0.3631420002950277,3.07,0.30855855855855857,0.05458344173646912,0.11484594090573486,False,1.0,-1.0
2019-04-08,Marrakech,R32,Clay,3,Cedrik Marcel Stebe,Jo-Wilfried Tsonga,player1,other,0.20769479058942275,6.89,0.1376720901126408,0.07002270047678194,0.43101710716112274,False,1.0,-1.0
2019-04-08,Marrakech,R32,Clay,3,Facundo Bagnis,Jaume Munar,player1,other,0.37561998230421656,3.28,0.2885032537960954,0.08711672850812113,0.2320335419578302,False,1.0,-1.0
2019-04-08,Marrakech,R16,Clay,3,Taro Daniel,Adrian Menendez Maceiras,player1,other,0.7889317762111815,1.33,0.712742980561555,0.07618879564962644,0.049279262360871434,True,1.0,0.33000000000000007
2019-04-08,Marrakech,QF,Clay,3,Benoit Paire,Jaume Munar,player1,other,0.45200449776380003,2.37,0.39999999999999997,0.05200449776380006,0.07125065970020616,True,1.0,1.37
2019-04-08,Marrakech,SF,Clay,3,Pablo Andujar,Gilles Simon,player1,other,0.5354859122069777,1.95,0.48684210526315796,0.048643806943819756,0.0441975288036065,True,1.0,0.95
2019-04-08,Marrakech,F,Clay,3,Benoit Paire,Pablo Andujar,player1,other,0.5491309458569883,2.16,0.43896103896103894,0.11016990689594935,0.18612284305109483,True,1.0,1.1600000000000001
2019-04-08,Houston,R32,Clay,3,Cristian Garin,Pablo Cuevas,player1,other,0.499755927835726,2.32,0.40816326530612246,0.09159266252960352,0.15943375257888415,True,1.0,1.3199999999999998
2019-04-08,Houston,R32,Clay,3,Ryan Harrison,Ivo Karlovic,player1,other,0.5286000371677245,2.24,0.42416452442159375,0.10443551274613078,0.184064083255703,True,1.0,1.2400000000000002
2019-04-08,Houston,R32,Clay,3,Janko Tipsarevic,Tennys Sandgren,player1,other,0.4083723394932372,2.7,0.35096153846153844,0.057410801031698766,0.10260531663174055,True,1.0,1.7000000000000002
2019-04-08,Houston,R16,Clay,3,Bernard Tomic,Marcel Granollers,player1,other,0.49616208669211453,2.32,0.40816326530612246,0.08799882138599208,0.15109604112570574,False,1.0,-1.0
2019-04-08,Houston,QF,Clay,3,Henri Laaksonen,Cristian Garin,player1,other,0.4051550246658943,2.7,0.35096153846153844,0.05419348620435588,0.09391856659791475,False,1.0,-1.0
2019-04-08,Houston,QF,Clay,3,Janko Tipsarevic,Sam Querrey,player1,other,0.35505487052559515,2.94,0.3225806451612903,0.03247422536430483,0.04386131934524973,False,1.0,-1.0
2019-04-08,Houston,QF,Clay,3,Casper Ruud,Marcel Granollers,player1,other,0.6485273353048718,1.62,0.5856777493606138,0.06284958594425805,0.05061428319389244,True,1.0,0.6200000000000001
2019-04-08,Houston,SF,Clay,3,Cristian Garin,Sam Querrey,player1,other,0.6020805981900234,2.01,0.47244094488188976,0.1296396533081336,0.21018200236194684,True,1.0,1.0099999999999998
2019-04-15,Monte Carlo Masters,R64,Clay,4,Damir Dzumhur,Marco Cecchinato,player2,other,0.2846703823924092,3.77,0.25198412698412703,0.03268625540828218,0.0732073416193828,False,1.0,-1.0
2019-04-15,Monte Carlo Masters,R64,Clay,4,Fabio Fognini,Andrey Rublev,player2,other,0.5312447422378542,2.06,0.46073298429319376,0.07051175794466047,0.09436416900997979,True,1.0,1.06
2019-04-15,Monte Carlo Masters,R64,Clay,4,Pierre Hugues Herbert,Fernando Verdasco,player2,other,0.44488835601487137,2.37,0.39999999999999997,0.0448883560148714,0.05438540375524514,True,1.0,1.37
2019-04-15,Monte Carlo Masters,R64,Clay,4,Guido Andreozzi,David Goffin,player2,other,0.29994662086834945,3.46,0.27463312368972753,0.025313497178621913,0.037815308204489084,False,1.0,-1.0
2019-04-15,Monte Carlo Masters,R64,Clay,4,Taylor Fritz,Jo-Wilfried Tsonga,player1,other,0.22667970938676887,5.56,0.1701492537313433,0.05653045565542558,0.2603391841904349,True,1.0,4.56
2019-04-15,Monte Carlo Masters,R32,Clay,4,Roberto Bautista Agut,Rafael Nadal,player2,top_10,0.12224201156334358,8.48,0.11204188481675392,0.010200126746589655,0.036612258057153624,False,1.0,-1.0
2019-04-15,Monte Carlo Masters,R32,Clay,4,Marin Cilic,Guido Pella,player2,other,0.627534270470451,1.68,0.5647668393782384,0.06276743109221261,0.054257574390357555,False,1.0,-1.0
2019-04-15,Monte Carlo Masters,R32,Clay,4,Alexander Zverev,Felix Auger Aliassime,player1,top_10,0.7837896577074455,1.48,0.6399026763990268,0.1438869813084187,0.1600086934070193,True,1.0,0.48
2019-04-15,Monte Carlo Masters,R32,Clay,4,Fabio Fognini,Gilles Simon,player2,other,0.539854080333885,1.92,0.49340369393139843,0.04645038640248661,0.03651983424105926,True,1.0,0.9199999999999999
2019-04-15,Monte Carlo Masters,R32,Clay,4,Borna Coric,Jaume Munar,player2,other,0.6377273374468152,1.63,0.5820512820512821,0.05567605539553311,0.03949556003830873,True,1.0,0.6299999999999999
2019-04-15,Monte Carlo Masters,R32,Clay,4,Kei Nishikori,Pierre Hugues Herbert,player2,top_10,0.8443886938478958,1.22,0.7765567765567766,0.06783191729111926,0.0301542064944329,False,1.0,-1.0
2019-04-15,Monte Carlo Masters,R32,Clay,4,Karen Khachanov,Lorenzo Sonego,player2,other,0.6989237511796073,1.61,0.588235294117647,0.11068845706196029,0.12526723939916773,False,1.0,-1.0
2019-04-15,Monte Carlo Masters,R32,Clay,4,Taylor Fritz,Diego Schwartzman,player1,other,0.24719844335820926,5.2,0.18238993710691823,0.06480850625129103,0.28543190546268815,True,1.0,4.2
2019-04-15,Monte Carlo Masters,R16,Clay,4,Grigor Dimitrov,Rafael Nadal,player1,top_10,0.11106767672383074,12.98,0.07351891506067094,0.03754876166315979,0.44165844387532305,False,1.0,-1.0
2019-04-15,Monte Carlo Masters,R16,Clay,4,Borna Coric,Pierre Hugues Herbert,player2,other,0.7638981522702163,1.43,0.6635294117647058,0.10036874050551048,0.09237435774640923,True,1.0,0.42999999999999994
2019-04-15,Monte Carlo Masters,R16,Clay,4,Cameron Norrie,Lorenzo Sonego,player1,other,0.4254909615705034,2.43,0.3909774436090226,0.03451351796148083,0.03394303661632336,False,1.0,-1.0
2019-04-15,Monte Carlo Masters,R16,Clay,4,Daniil Medvedev,Stefanos Tsitsipas,player1,top_10,0.5048535415584033,2.07,0.4595300261096606,0.045323515448742746,0.045046831025894796,True,1.0,1.0699999999999998
2019-04-15,Monte Carlo Masters,R16,Clay,4,Taylor Fritz,Novak Djokovic,player2,top_10,0.1415282640416325,8.45,0.11239495798319328,0.02913330605843921,0.19591383115179428,False,1.0,-1.0
2019-04-15,Monte Carlo Masters,QF,Clay,4,Guido Pella,Rafael Nadal,player1,top_10,0.10730378560491922,15.87,0.06039076376554175,0.046913021839377476,0.702911077550068,False,1.0,-1.0
2019-04-15,Monte Carlo Masters,QF,Clay,4,Borna Coric,Fabio Fognini,player1,other,0.6432442200359505,1.63,0.5820512820512821,0.061192937984668405,0.04848807865859922,False,1.0,-1.0
2019-04-22,Barcelona,R64,Clay,3,Nicolas Jarry,Marcel Granollers,player2,other,0.5788443883431537,1.85,0.5105820105820106,0.06826237776114308,0.07086211843483431,True,1.0,0.8500000000000001
2019-04-22,Barcelona,R64,Clay,3,Mackenzie Mcdonald,Taro Daniel,player1,other,0.33988651622497495,3.44,0.27578947368421053,0.06409704254076443,0.1692096158139138,True,1.0,2.44
2019-04-22,Barcelona,R64,Clay,3,Taylor Fritz,Reilly Opelka,player1,other,0.6222883211377707,1.73,0.5471204188481674,0.07516790228960324,0.07655879556834322,True,1.0,0.73
2019-04-22,Barcelona,R64,Clay,3,Yoshihito Nishioka,Diego Schwartzman,player1,other,0.2842551614830181,3.95,0.24038461538461534,0.04387054609840277,0.12280788785792152,False,1.0,-1.0
2019-04-22,Barcelona,R64,Clay,3,Denis Kudla,Marton Fucsovics,player1,other,0.2217863712457431,4.75,0.19898819561551429,0.022798175630228817,0.05348526341727966,False,1.0,-1.0
2019-04-22,Barcelona,R64,Clay,3,Mischa Zverev,David Ferrer,player2,other,0.21004396725840227,5.99,0.15870786516853932,0.051336102089862945,0.25816336387782957,False,1.0,-1.0
2019-04-22,Barcelona,R32,Clay,3,Malek Jaziri,Felix Auger Aliassime,player1,other,0.2466846119087445,4.25,0.22303473491773307,0.023649876991011426,0.04840960061216404,False,1.0,-1.0
2019-04-22,Barcelona,R32,Clay,3,Denis Shapovalov,Cristian Garin,player2,other,0.5258485830111717,2.14,0.44270833333333337,0.08314024967783828,0.1253159676439074,False,1.0,-1.0
2019-04-22,Barcelona,R32,Clay,3,Karen Khachanov,Guido Pella,player2,other,0.6122707153376559,1.88,0.5052631578947367,0.10700755744291912,0.15106894483479294,False,1.0,-1.0
2019-04-22,Barcelona,R32,Clay,3,Frances Tiafoe,Jaume Munar,player2,other,0.3735106936282974,2.8,0.3380614657210402,0.03544922790725724,0.04582994215923275,False,1.0,-1.0
2019-04-22,Barcelona,R32,Clay,3,Dominic Thiem,Diego Schwartzman,player1,top_10,0.8237466796947749,1.3,0.7286012526096034,0.09514542708517149,0.07087068360320739,True,1.0,0.30000000000000004
2019-04-22,Barcelona,R32,Clay,3,Marton Fucsovics,Stefanos Tsitsipas,player1,top_10,0.4328568669948585,3.38,0.28085106382978725,0.15200580316507123,0.4630562104426217,False,1.0,-1.0
2019-04-22,Barcelona,R32,Clay,3,Leonardo Mayer,Rafael Nadal,player1,top_10,0.102132306135772,12.57,0.07573529411764705,0.026397012018124943,0.283803088126654,False,1.0,-1.0
2019-04-22,Barcelona,R16,Clay,3,Mackenzie Mcdonald,Daniil Medvedev,player1,other,0.23186390079147423,4.93,0.1918032786885246,0.04006062210294964,0.1430890309019679,False,1.0,-1.0
2019-04-22,Barcelona,R16,Clay,3,Kei Nishikori,Felix Auger Aliassime,player1,top_10,0.7595038333933423,1.64,0.5784061696658098,0.18109766372753244,0.24558628676508126,True,1.0,0.6399999999999999
2019-04-22,Barcelona,R16,Clay,3,Dominic Thiem,Jaume Munar,player1,top_10,0.799059721602649,1.29,0.7361963190184049,0.06286340258424417,0.030787040867417292,True,1.0,0.29000000000000004
2019-04-22,Barcelona,R16,Clay,3,Jan Lennard Struff,Stefanos Tsitsipas,player1,top_10,0.3515235767427736,3.73,0.25400000000000006,0.09752357674277357,0.3111829412505456,True,1.0,2.73
2019-04-22,Barcelona,QF,Clay,3,Kei Nishikori,Roberto Carballes Baena,player2,top_10,0.8269303173127568,1.27,0.7475149105367793,0.07941540677597747,0.050201502987201135,True,1.0,0.27
2019-04-22,Barcelona,QF,Clay,3,Dominic Thiem,Guido Pella,player1,top_10,0.787298423326046,1.35,0.7045951859956237,0.0827032373304224,0.06285287149016222,True,1.0,0.3500000000000001
2019-04-22,Barcelona,SF,Clay,3,Kei Nishikori,Daniil Medvedev,player1,top_10,0.7120112846673537,1.83,0.5196850393700787,0.19232624529727504,0.30298065094125737,False,1.0,-1.0
2019-04-22,Budapest,R32,Clay,3,Sergiy Stakhovsky,Radu Albot,player1,other,0.34500924634518554,3.71,0.25502008032128515,0.08998916602390039,0.27998430394063833,False,1.0,-1.0
2019-04-22,Budapest,R16,Clay,3,Aljaz Bedene,Matteo Berrettini,player1,other,0.47447790610623874,2.22,0.4263565891472868,0.04812131695895194,0.05334095155585006,False,1.0,-1.0
2019-04-22,Budapest,R16,Clay,3,Marin Cilic,Pablo Cuevas,player2,other,0.6542189733240525,1.59,0.5943877551020408,0.05983121822201176,0.04020816758524359,False,1.0,-1.0
2019-04-29,Munich,R32,Clay,3,Mischa Zverev,Guido Pella,player1,other,0.17499501876061438,6.78,0.13959390862944163,0.03540111013117275,0.18646622719696548,False,1.0,-1.0
2019-04-29,Munich,R16,Clay,3,Karen Khachanov,Philipp Kohlschreiber,player2,other,0.47679041640286207,2.46,0.385,0.09179041640286206,0.1729044243510406,False,1.0,-1.0
2019-04-29,Munich,R16,Clay,3,Denis Kudla,Matteo Berrettini,player2,other,0.30429679906958185,3.8,0.24901185770750986,0.05528494136207199,0.15632783646441095,False,1.0,-1.0
2019-04-29,Munich,R16,Clay,3,Marton Fucsovics,Thiago Monteiro,player2,other,0.6692760565528649,1.61,0.588235294117647,0.08104076243521796,0.07753445105011258,True,1.0,0.6100000000000001
2019-04-29,Munich,QF,Clay,3,Matteo Berrettini,Philipp Kohlschreiber,player1,other,0.5770168074040976,2.22,0.42783505154639173,0.14918175585770582,0.28097731243709667,True,1.0,1.2200000000000002
2019-04-29,Munich,QF,Clay,3,Roberto Bautista Agut,Guido Pella,player2,other,0.589264483778025,1.78,0.5352480417754569,0.054016442002568055,0.048890781124884486,True,1.0,0.78
2019-04-29,Munich,QF,Clay,3,Marton Fucsovics,Marco Cecchinato,player1,other,0.46134285015969595,2.4,0.3954659949622167,0.06587685519747927,0.10722284038327023,False,1.0,-1.0
2019-04-29,Munich,QF,Clay,3,Alexander Zverev,Cristian Garin,player1,top_10,0.78926197435091,1.35,0.7006651884700665,0.08859678588084341,0.06550366537372848,False,1.0,-1.0
2019-04-29,Munich,F,Clay,3,Cristian Garin,Matteo Berrettini,player1,other,0.5740194579734282,1.86,0.5118110236220472,0.062208434351381015,0.0676761918305766,True,1.0,0.8600000000000001
2019-04-29,Estoril,R32,Clay,3,Mackenzie Mcdonald,Yoshihito Nishioka,player1,other,0.4923331856108426,2.11,0.44908616187989553,0.043247023730947076,0.03882302163887785,False,1.0,-1.0
2019-04-29,Estoril,R32,Clay,3,Reilly Opelka,Pedro Sousa,player1,other,0.5061918583514098,2.12,0.4464751958224543,0.059716662528955466,0.07312673970498884,True,1.0,1.12
2019-04-29,Estoril,R32,Clay,3,Pablo Carreno Busta,Jeremy Chardy,player2,other,0.6004563692924503,1.74,0.5433070866141733,0.057149282678277014,0.04479408256886347,False,1.0,-1.0
2019-04-29,Estoril,R16,Clay,3,Gael Monfils,Reilly Opelka,player2,other,0.6931706560957521,1.49,0.6356968215158926,0.05747383457985955,0.03282427758267065,True,1.0,0.49
2019-04-29,Estoril,R16,Clay,3,Joao Sousa,David Goffin,player2,other,0.39694672712518425,2.66,0.3559322033898305,0.04101452373535375,0.05587829415299017,False,1.0,-1.0
2019-04-29,Estoril,SF,Clay,3,David Goffin,Stefanos Tsitsipas,player2,top_10,0.5418898286528048,2.53,0.3753086419753087,0.16658118667749605,0.370981266491596,False,1.0,-1.0
2019-05-06,Madrid Masters,R64,Clay,4,Alex De Minaur,Hubert Hurkacz,player1,other,0.3356824499707624,3.15,0.30155210643015523,0.03413034354060718,0.05739971740790162,False,1.0,-1.0
2019-05-06,Madrid Masters,R64,Clay,4,Borna Coric,Lucas Pouille,player2,other,0.7277623399665368,1.42,0.6697674418604651,0.057994898106071724,0.03342252275248225,False,1.0,-1.0
2019-05-06,Madrid Masters,R64,Clay,4,Karen Khachanov,Jaume Munar,player1,other,0.5137811517816077,2.01,0.47244094488188976,0.0413402068997179,0.03270011508103132,True,1.0,1.0099999999999998
2019-05-06,Madrid Masters,R64,Clay,4,Pablo Carreno Busta,Reilly Opelka,player1,other,0.6163614994345993,1.74,0.5456919060052219,0.0706695934293774,0.07246900901620273,False,1.0,-1.0
2019-05-06,Madrid Masters,R64,Clay,4,Steve Johnson,John Millman,player1,other,0.4781272105270464,2.16,0.4404145077720207,0.037712702755025695,0.032754774738420256,False,1.0,-1.0
2019-05-06,Madrid Masters,R64,Clay,4,Laslo Djere,Dusan Lajovic,player2,other,0.5170472019619754,2.14,0.44415584415584414,0.07289135780613126,0.10648101219862738,True,1.0,1.1400000000000001
2019-05-06,Madrid Masters,R32,Clay,4,Frances Tiafoe,Philipp Kohlschreiber,player2,other,0.42881631966618605,2.55,0.3734643734643735,0.05535194620181255,0.0934816151487744,True,1.0,1.5499999999999998
2019-05-06,Madrid Masters,R32,Clay,4,Guido Pella,Stan Wawrinka,player1,other,0.4643246937885716,2.25,0.423076923076923,0.04124777071164859,0.044730561024286186,False,1.0,-1.0
2019-05-06,Madrid Masters,R32,Clay,4,Alexander Zverev,David Ferrer,player1,top_10,0.7820315551749425,1.33,0.7158119658119658,0.06621958936297667,0.04010196838267355,True,1.0,0.33000000000000007
2019-05-06,Madrid Masters,R32,Clay,4,Lucas Pouille,Hubert Hurkacz,player1,other,0.541058038213383,2.13,0.44675324675324674,0.09430479146013632,0.1524536213945058,False,1.0,-1.0
2019-05-06,Madrid Masters,R32,Clay,4,Marton Fucsovics,Gael Monfils,player2,other,0.4246737481622593,2.54,0.37438423645320196,0.05028951170905732,0.07867132033213864,False,1.0,-1.0
2019-05-06,Madrid Masters,R32,Clay,4,Juan Martin del Potro,Laslo Djere,player1,top_10,0.7754231620164296,1.76,0.5404699738903395,0.23495318812609012,0.3647447651489161,False,1.0,-1.0
2019-05-06,Madrid Masters,R16,Clay,4,Frances Tiafoe,Rafael Nadal,player2,top_10,0.10399488041455651,10.39,0.09178321678321677,0.012211663631339742,0.08050680750724226,False,1.0,-1.0
2019-05-06,Madrid Masters,R16,Clay,4,Kei Nishikori,Stan Wawrinka,player2,top_10,0.5816210244672604,2.13,0.44675324675324674,0.13486777771401365,0.2388527821152645,False,1.0,-1.0
2019-05-06,Madrid Masters,R16,Clay,4,Alexander Zverev,Hubert Hurkacz,player1,top_10,0.8338280932547925,1.41,0.675115207373272,0.15871288588152044,0.17569761148925728,True,1.0,0.4099999999999999
2019-05-06,Madrid Masters,R16,Clay,4,Fernando Verdasco,Stefanos Tsitsipas,player2,top_10,0.3276282861417667,3.2,0.2967032967032967,0.030924989438469996,0.04841051565365351,False,1.0,-1.0
2019-05-06,Madrid Masters,R16,Clay,4,Dominic Thiem,Fabio Fognini,player2,top_10,0.8256674386963673,1.36,0.6997792494481236,0.12588818924824363,0.12290771662705957,True,1.0,0.3600000000000001
2019-05-06,Madrid Masters,QF,Clay,4,Alexander Zverev,Stefanos Tsitsipas,player2,top_10,0.6569326736407599,2.18,0.4366925064599483,0.22024016718081163,0.43211322853685674,False,1.0,-1.0
2019-05-06,Madrid Masters,QF,Clay,4,Roger Federer,Dominic Thiem,player1,top_10,0.3763369865367093,2.83,0.3356807511737089,0.04065623536300039,0.0650336718988872,False,1.0,-1.0
2019-05-06,Madrid Masters,QF,Clay,4,Marin Cilic,Novak Djokovic,player2,top_10,0.19042525038668337,5.77,0.16497829232995656,0.02544695805672681,0.09875369473116291,False,1.0,-1.0
2019-05-06,Madrid Masters,SF,Clay,4,Dominic Thiem,Novak Djokovic,player1,top_10,0.544769958440192,2.06,0.46354166666666663,0.08122829177352542,0.12222611438679565,False,1.0,-1.0
2019-05-13,Rome Masters,R64,Clay,4,Richard Gasquet,Jeremy Chardy,player2,other,0.5078710429356833,2.21,0.43041237113402064,0.07745867180166266,0.12239500488786004,False,1.0,-1.0
2019-05-13,Rome Masters,R64,Clay,4,Karen Khachanov,Lorenzo Sonego,player2,other,0.6166510139559616,1.79,0.5314136125654451,0.0852374013905165,0.10380531498117124,True,1.0,0.79
2019-05-13,Rome Masters,R64,Clay,4,Joao Sousa,Frances Tiafoe,player1,other,0.38437803503442325,2.71,0.3501199040767386,0.03425813095768465,0.041664474943286955,True,1.0,1.71
2019-05-13,Rome Masters,R64,Clay,4,Jo-Wilfried Tsonga,Fabio Fognini,player1,other,0.35228514834900665,3.15,0.30155210643015523,0.05073304191885142,0.1096982172993709,False,1.0,-1.0
2019-05-13,Rome Masters,R64,Clay,4,Radu Albot,Benoit Paire,player1,other,0.38024361513313965,2.74,0.34606205250596656,0.03418156262717309,0.04186750546480267,True,1.0,1.7400000000000002
2019-05-13,Rome Masters,R32,Clay,4,Jeremy Chardy,Rafael Nadal,player1,top_10,0.10386014925325131,12.0,0.07975460122699388,0.02410554802625743,0.24632179103901575,False,1.0,-1.0
2019-05-13,Rome Masters,R32,Clay,4,Karen Khachanov,Roberto Bautista Agut,player2,other,0.4910435480597806,2.18,0.4352331606217616,0.05581038743801903,0.07047493477032174,True,1.0,1.1800000000000002
2019-05-13,Rome Masters,R32,Clay,4,Fernando Verdasco,Dominic Thiem,player2,top_10,0.25665663730427063,4.96,0.19218241042345277,0.06447422688081786,0.2730169210291824,True,1.0,3.96
2019-05-13,Rome Masters,R32,Clay,4,Radu Albot,Fabio Fognini,player2,other,0.2922088381050068,3.91,0.2437137330754352,0.048495105029571606,0.14253655699057666,False,1.0,-1.0
2019-05-13,Rome Masters,R32,Clay,4,Kei Nishikori,Taylor Fritz,player2,top_10,0.8117202816659127,1.31,0.7259414225941423,0.08577885907177041,0.06335356898234568,True,1.0,0.31000000000000005
2019-05-13,Rome Masters,R32,Clay,4,Marin Cilic,Jan Lennard Struff,player1,top_10,0.695979737300838,1.57,0.6055276381909548,0.09045209910988317,0.09268818756231562,False,1.0,-1.0
2019-05-13,Rome Masters,R32,Clay,4,Alexander Zverev,Matteo Berrettini,player1,top_10,0.6704910889982242,1.6,0.5949367088607596,0.07555438013746463,0.07278574239715874,False,1.0,-1.0
2019-05-13,Rome Masters,R32,Clay,4,Juan Martin del Potro,David Goffin,player1,top_10,0.48979419034216565,2.34,0.40759493670886077,0.08219925363330488,0.14611840540066756,True,1.0,1.3399999999999999
2019-05-13,Rome Masters,R32,Clay,4,Marco Cecchinato,Philipp Kohlschreiber,player1,other,0.6298093660491922,1.7,0.5607235142118864,0.06908585183730587,0.07067592228362679,False,1.0,-1.0
2019-05-13,Rome Masters,R16,Clay,4,Nikoloz Basilashvili,Rafael Nadal,player2,top_10,0.1070023544896206,11.3,0.08427876823338737,0.022723586256233233,0.2091266057327128,False,1.0,-1.0
2019-05-13,Rome Masters,R16,Clay,4,Roger Federer,Borna Coric,player2,top_10,0.7411526148349835,1.52,0.6265356265356266,0.11461698829935696,0.12655197454917494,True,1.0,0.52
2019-05-13,Rome Masters,R16,Clay,4,Kei Nishikori,Jan Lennard Struff,player1,top_10,0.7873029102859835,1.48,0.6425120772946861,0.14479083299129747,0.16520830722325563,True,1.0,0.48
2019-05-13,Rome Masters,R16,Clay,4,Diego Schwartzman,Matteo Berrettini,player2,other,0.4278958850589873,2.43,0.39249999999999996,0.03539588505898733,0.03978700069333929,True,1.0,1.4300000000000002
2019-05-13,Rome Masters,R16,Clay,4,Juan Martin del Potro,Casper Ruud,player2,top_10,0.7827676815580212,1.37,0.6935123042505593,0.08925537730746191,0.07239172373448916,True,1.0,0.3700000000000001
2019-05-13,Rome Masters,QF,Clay,4,Fernando Verdasco,Rafael Nadal,player2,top_10,0.11897974394164512,12.01,0.07969348659003833,0.03928625735160679,0.42894672473915785,False,1.0,-1.0
2019-05-13,Rome Masters,QF,Clay,4,Roger Federer,Stefanos Tsitsipas,player2,top_10,0.5330993955767025,2.12,0.44063324538258575,0.09246615019411675,0.13017071862260932,False,1.0,-1.0
2019-05-13,Rome Masters,QF,Clay,4,Kei Nishikori,Diego Schwartzman,player1,top_10,0.6526609247294007,1.58,0.605,0.047660924729400755,0.03120426107245322,False,1.0,-1.0
2019-05-13,Rome Masters,F,Clay,4,Novak Djokovic,Rafael Nadal,player2,top_10,0.46109531636894197,2.63,0.36319612590799033,0.09789919046095164,0.21268068205031732,False,1.0,-1.0
2019-05-20,Geneva,R32,Clay,3,Matthew Ebden,Nicolas Jarry,player1,other,0.19967037286527997,5.91,0.16051136363636365,0.039159009228916325,0.18005190363380463,False,1.0,-1.0
2019-05-20,Geneva,R32,Clay,3,Grigor Dimitrov,Federico Delbonis,player2,other,0.7183098595627325,1.45,0.65311004784689,0.06519981171584255,0.04154929636596211,False,1.0,-1.0
2019-05-20,Geneva,R32,Clay,3,Janko Tipsarevic,Peter Gojowczyk,player1,other,0.42784805236229834,2.41,0.39294710327455923,0.03490094908773911,0.03111380619313897,True,1.0,1.4100000000000001
2019-05-20,Geneva,R16,Clay,3,Damir Dzumhur,Stan Wawrinka,player2,other,0.2725828803217874,3.86,0.24609375000000006,0.026489130321787346,0.05216991804209925,True,1.0,2.86
2019-05-20,Geneva,QF,Clay,3,Hugo Dellien,Alexander Zverev,player2,top_10,0.206740032809459,5.07,0.1875,0.01924003280945899,0.04817196634395715,False,1.0,-1.0
2019-05-20,Geneva,SF,Clay,3,Nicolas Jarry,Radu Albot,player1,other,0.6386294168104403,1.75,0.5430809399477807,0.09554847686265955,0.11760147941827048,True,1.0,0.75
2019-05-20,Geneva,SF,Clay,3,Alexander Zverev,Federico Delbonis,player1,top_10,0.8211597095995044,1.42,0.6689976689976691,0.15216204060183525,0.1660467876312961,True,1.0,0.41999999999999993
2019-05-20,Geneva,F,Clay,3,Alexander Zverev,Nicolas Jarry,player1,top_10,0.7486745214240184,1.45,0.6555819477434679,0.09309257368055046,0.0855780560648266,True,1.0,0.44999999999999996
2019-05-20,Lyon,R32,Clay,3,Hubert Hurkacz,Pablo Cuevas,player1,other,0.5197800694376477,2.11,0.4476439790575916,0.07213609038005603,0.09673594651343653,False,1.0,-1.0
2019-05-20,Lyon,QF,Clay,3,Denis Shapovalov,Benoit Paire,player1,other,0.563298641553972,2.03,0.46858638743455505,0.09471225411941697,0.14349624235456315,False,1.0,-1.0
2019-05-20,Lyon,SF,Clay,3,Taylor Fritz,Benoit Paire,player1,other,0.6368971907674749,1.75,0.5430809399477807,0.09381625081969414,0.11457008384308098,False,1.0,-1.0
2019-05-20,Lyon,F,Clay,3,Felix Auger Aliassime,Benoit Paire,player1,other,0.5963288227514942,1.83,0.5196850393700787,0.07664378338141553,0.0912817456352345,False,1.0,-1.0
2019-05-27,Roland Garros,R128,Clay,5,Hubert Hurkacz,Novak Djokovic,player1,top_10,0.11046307672908284,13.12,0.07279151943462897,0.03767155729445387,0.4492755666855668,False,1.0,-1.0
2019-05-27,Roland Garros,R128,Clay,5,Sergiy Stakhovsky,Gilles Simon,player1,other,0.1962209990265892,5.91,0.16170212765957448,0.03451887136701473,0.15966610424714223,False,1.0,-1.0
2019-05-27,Roland Garros,R128,Clay,5,Denis Shapovalov,Jan Lennard Struff,player1,other,0.4238184394051074,2.54,0.37438423645320196,0.049434202951905426,0.07649883608897279,False,1.0,-1.0
2019-05-27,Roland Garros,R128,Clay,5,Tennys Sandgren,Radu Albot,player1,other,0.33831820446027,3.36,0.2835820895522388,0.05473611490803121,0.13674916698650708,False,1.0,-1.0
2019-05-27,Roland Garros,R128,Clay,5,Lukas Rosol,Lloyd Harris,player2,other,0.4686984930441888,2.35,0.40506329113924056,0.06363520190494826,0.1014414586538438,False,1.0,-1.0
2019-05-27,Roland Garros,R128,Clay,5,Andreas Seppi,Fabio Fognini,player2,other,0.20044599792040008,5.52,0.17241379310344826,0.028032204816951817,0.10646190852060833,False,1.0,-1.0
2019-05-27,Roland Garros,R128,Clay,5,Guillermo Garcia Lopez,Federico Delbonis,player1,other,0.30192331291085023,3.48,0.27348643006263046,0.02843688284821977,0.05069312892975886,False,1.0,-1.0
2019-05-27,Roland Garros,R128,Clay,5,Bernard Tomic,Taylor Fritz,player1,other,0.18177910123628638,5.95,0.16078984485190406,0.020989256384382315,0.08158565235590398,False,1.0,-1.0
2019-05-27,Roland Garros,R128,Clay,5,Dusan Lajovic,Thiago Monteiro,player2,other,0.7024841402011425,1.48,0.6425120772946861,0.0599720629064564,0.03967652749769085,True,1.0,0.48
2019-05-27,Roland Garros,R128,Clay,5,Blaz Rola,Mikael Ymer,player2,other,0.4768177755918237,2.24,0.42416452442159375,0.05265325117022995,0.06807181732568524,False,1.0,-1.0
2019-05-27,Roland Garros,R128,Clay,5,Tommy Paul,Dominic Thiem,player2,top_10,0.1154711318391753,16.85,0.05707890318970341,0.05839222864947189,0.9456885714901041,False,1.0,-1.0
2019-05-27,Roland Garros,R128,Clay,5,Kyle Edmund,Jeremy Chardy,player2,other,0.5934169424712942,1.76,0.5416666666666667,0.05175027580462743,0.04441381874947775,True,1.0,0.76
2019-05-27,Roland Garros,R128,Clay,5,Stefano Travaglia,Adrian Mannarino,player2,other,0.7032511808406059,1.5,0.6359223300970874,0.06732885074351846,0.05487677126090884,False,1.0,-1.0
2019-05-27,Roland Garros,R128,Clay,5,Taro Daniel,Gael Monfils,player1,other,0.16836482108991258,6.47,0.14756258234519104,0.020802238744721535,0.08932039245173429,False,1.0,-1.0
2019-05-27,Roland Garros,R128,Clay,5,Cedrik Marcel Stebe,Karen Khachanov,player2,other,0.18786208970514381,12.38,0.07749627421758569,0.11036581548755812,1.3257326705496806,False,1.0,-1.0
2019-05-27,Roland Garros,R128,Clay,5,Juan Martin del Potro,Nicolas Jarry,player2,top_10,0.8309338406949637,1.27,0.7524366471734892,0.07849719352147444,0.055285977682603876,True,1.0,0.27
2019-05-27,Roland Garros,R128,Clay,5,Jozef Kovalik,Stan Wawrinka,player2,other,0.2083559845343017,7.14,0.13349514563106796,0.07486083890323375,0.48766172957491416,False,1.0,-1.0
2019-05-27,Roland Garros,R128,Clay,5,Bradley Klahn,Alex De Minaur,player1,other,0.24357533138918863,5.05,0.18810289389067525,0.05547243749851338,0.23005542351540254,False,1.0,-1.0
2019-05-27,Roland Garros,R128,Clay,5,Mischa Zverev,Richard Gasquet,player1,other,0.1924930232224089,6.3,0.15094339622641512,0.041549626995993794,0.21270604630117607,False,1.0,-1.0
2019-05-27,Roland Garros,R128,Clay,5,Yannick Hanfmann,Rafael Nadal,player2,top_10,0.10806842585584538,24.63,0.03939157566302652,0.06867685019281886,1.6617253288294718,False,1.0,-1.0
2019-05-27,Roland Garros,R64,Clay,5,Henri Laaksonen,Novak Djokovic,player1,top_10,0.10468232377808188,24.18,0.04009527590313617,0.06458704787494571,1.53121858895402,False,1.0,-1.0
2019-05-27,Roland Garros,R64,Clay,5,Lloyd Harris,Borna Coric,player2,other,0.15681314236129842,8.82,0.10819009100101111,0.048623051360287314,0.3830919156266521,False,1.0,-1.0
2019-05-27,Roland Garros,R64,Clay,5,Alexander Bublik,Dominic Thiem,player2,top_10,0.13211461405960015,18.07,0.052935010482180286,0.07917960357741986,1.387311076056975,False,1.0,-1.0
2019-05-27,Roland Garros,R64,Clay,5,Adrian Mannarino,Gael Monfils,player2,other,0.19562002333004147,7.34,0.13033175355450238,0.06528826977553909,0.4358509712425044,False,1.0,-1.0
2019-05-27,Roland Garros,R64,Clay,5,Hugo Dellien,Stefanos Tsitsipas,player1,top_10,0.14176333946801323,8.41,0.11380400421496312,0.02795933525305011,0.19222968492599135,False,1.0,-1.0
2019-05-27,Roland Garros,R64,Clay,5,Cristian Garin,Stan Wawrinka,player2,other,0.4770753987453293,2.5,0.38118811881188125,0.09588727993344803,0.19268849686332323,False,1.0,-1.0
2019-05-27,Roland Garros,R64,Clay,5,Nicolas Mahut,Philipp Kohlschreiber,player2,other,0.16045146893260173,6.88,0.1389236545682103,0.02152781436439144,0.10390610625629992,True,1.0,5.88
2019-05-27,Roland Garros,R64,Clay,5,Yannick Maden,Rafael Nadal,player1,top_10,0.09830192122695121,28.49,0.03423728813559322,0.06406463309135799,1.8006217357558398,False,1.0,-1.0
2019-05-27,Roland Garros,R32,Clay,5,Roberto Bautista Agut,Fabio Fognini,player1,other,0.5003513255090957,2.2,0.4329896907216495,0.06736163478744617,0.1007729161200106,False,1.0,-1.0
2019-05-27,Roland Garros,R32,Clay,5,Alexander Zverev,Dusan Lajovic,player2,top_10,0.859785990509959,1.31,0.7293388429752066,0.1304471475347524,0.1263196475680463,True,1.0,0.31000000000000005
2019-05-27,Roland Garros,R32,Clay,5,Dominic Thiem,Pablo Cuevas,player2,top_10,0.8482550612561869,1.23,0.7755474452554744,0.07270761600071252,0.04335372534510984,True,1.0,0.22999999999999998
2019-05-27,Roland Garros,R32,Clay,5,Juan Martin del Potro,Jordan Thompson,player1,top_10,0.8531133349575518,1.28,0.7455268389662029,0.10758649599134895,0.09198506874566634,True,1.0,0.28
2019-05-27,Roland Garros,R32,Clay,5,Grigor Dimitrov,Stan Wawrinka,player2,other,0.3371739934222921,3.21,0.29605263157894735,0.04112136184334475,0.0823285188855577,False,1.0,-1.0
2019-05-27,Roland Garros,R32,Clay,5,Kei Nishikori,Laslo Djere,player2,top_10,0.8225963412774969,1.3,0.7314049586776858,0.09119138259981108,0.06937524366074604,True,1.0,0.30000000000000004
2019-05-27,Roland Garros,R32,Clay,5,David Goffin,Rafael Nadal,player2,top_10,0.10845419365033455,13.15,0.07263751763046544,0.03581667601986911,0.42617264650189945,False,1.0,-1.0
2019-05-27,Roland Garros,R16,Clay,5,Jan Lennard Struff,Novak Djokovic,player2,top_10,0.1158586308580143,13.25,0.07212885154061624,0.04372977931739806,0.5351268588686895,False,1.0,-1.0
2019-05-27,Roland Garros,R16,Clay,5,Alexander Zverev,Fabio Fognini,player2,top_10,0.6953270792555247,2.04,0.46736292428198434,0.2279641549735404,0.4184672416812705,True,1.0,1.04
2019-05-27,Roland Garros,R16,Clay,5,Dominic Thiem,Gael Monfils,player1,top_10,0.7990577752618205,1.36,0.6991150442477876,0.09994273101403295,0.086718574356076,True,1.0,0.3600000000000001
2019-05-27,Roland Garros,R16,Clay,5,Stefanos Tsitsipas,Stan Wawrinka,player2,top_10,0.7168358268523374,1.75,0.5454545454545455,0.17138128139779185,0.2544626969915904,False,1.0,-1.0
2019-05-27,Roland Garros,R16,Clay,5,Leonardo Mayer,Roger Federer,player2,top_10,0.13528704144477166,7.83,0.12219730941704036,0.013089732027731296,0.059297534512562144,False,1.0,-1.0
2019-05-27,Roland Garros,R16,Clay,5,Kei Nishikori,Benoit Paire,player2,top_10,0.7386393801124224,1.46,0.6507177033492824,0.08792167676314,0.07841349496413663,True,1.0,0.45999999999999996
2019-05-27,Roland Garros,QF,Clay,5,Alexander Zverev,Novak Djokovic,player1,top_10,0.19615058439830044,6.6,0.14507772020725387,0.05107286419104656,0.29459385702878294,False,1.0,-1.0
2019-05-27,Roland Garros,QF,Clay,5,Dominic Thiem,Karen Khachanov,player1,top_10,0.8132195332179722,1.29,0.7414829659318637,0.07173656728610855,0.04905319785118423,True,1.0,0.29000000000000004
2019-05-27,Roland Garros,QF,Clay,5,Roger Federer,Stan Wawrinka,player2,top_10,0.8045224735073541,1.38,0.6905829596412556,0.11393951386609846,0.11024101344014853,True,1.0,0.3799999999999999
2019-05-27,Roland Garros,QF,Clay,5,Kei Nishikori,Rafael Nadal,player1,top_10,0.1171479005334638,15.7,0.06156604901374776,0.05558185151971604,0.8392220383753816,False,1.0,-1.0
2019-05-27,Roland Garros,SF,Clay,5,Novak Djokovic,Dominic Thiem,player2,top_10,0.7803878886890754,1.46,0.6564705882352941,0.12391730045378124,0.13936631748605005,False,1.0,-1.0
2019-06-10,Stuttgart,R32,Grass,3,Nick Kyrgios,Matteo Berrettini,player2,other,0.7198705750263787,1.44,0.6563245823389022,0.06354599268747652,0.036613628037985346,False,1.0,-1.0
2019-06-10,Stuttgart,R32,Grass,3,Lucas Pouille,Feliciano Lopez,player1,other,0.5961044657482333,1.87,0.5052910052910053,0.09081346045722793,0.11471535094919627,True,1.0,0.8700000000000001
2019-06-10,Stuttgart,R32,Grass,3,Gilles Simon,Peter Gojowczyk,player1,other,0.611866410175471,1.69,0.5598958333333334,0.051970576842137683,0.034054233196546047,True,1.0,0.69
2019-06-10,Stuttgart,R16,Grass,3,Karen Khachanov,Matteo Berrettini,player2,top_10,0.5890054582064065,1.85,0.513157894736842,0.07584756346956445,0.08966009768185201,False,1.0,-1.0
2019-06-10,Stuttgart,R16,Grass,3,Milos Raonic,Jo-Wilfried Tsonga,player2,other,0.5652897711310813,2.17,0.4363636363636364,0.12892613476744486,0.22667880335444623,True,1.0,1.17
2019-06-10,Stuttgart,R16,Grass,3,Felix Auger Aliassime,Gilles Simon,player2,other,0.6980252806347415,1.51,0.6271604938271605,0.0708647868075809,0.054018173758459576,True,1.0,0.51
2019-06-10,Stuttgart,QF,Grass,3,Milos Raonic,Marton Fucsovics,player2,other,0.7581968111411941,1.37,0.6921348314606741,0.06606197968051997,0.03872963126343598,True,1.0,0.3700000000000001
2019-06-10,Stuttgart,SF,Grass,3,Matteo Berrettini,Jan Lennard Struff,player2,other,0.6132867993569259,1.77,0.5378590078328982,0.07542779152402768,0.08551763486175878,True,1.0,0.77
2019-06-10,Stuttgart,SF,Grass,3,Felix Auger Aliassime,Milos Raonic,player2,other,0.4040795603137955,2.84,0.3348946135831382,0.06918494673065728,0.14758595129117913,True,1.0,1.8399999999999999
2019-06-10,s Hertogenbosch,R16,Grass,3,Nicolas Jarry,Stefanos Tsitsipas,player2,top_10,0.23508726351795914,4.53,0.2094240837696335,0.025663179748325632,0.06494530373635499,True,1.0,3.5300000000000002
2019-06-10,s Hertogenbosch,QF,Grass,3,Borna Coric,Cristian Garin,player2,other,0.7557165878278312,1.41,0.6736111111111112,0.08210547671672008,0.06556038883724197,True,1.0,0.4099999999999999
2019-06-10,s Hertogenbosch,SF,Grass,3,Jordan Thompson,Richard Gasquet,player1,other,0.4339379790792616,2.51,0.37871287128712877,0.055225107792132855,0.08918432748894667,True,1.0,1.5099999999999998
2019-06-17,Queen's Club,R32,Grass,3,Kevin Anderson,Cameron Norrie,player2,top_10,0.771065546595465,1.36,0.6984478935698448,0.07261765302562018,0.048649143369832504,True,1.0,0.3600000000000001
2019-06-17,Queen's Club,R32,Grass,3,Nicolas Mahut,Frances Tiafoe,player1,other,0.5039572387845942,2.15,0.44155844155844154,0.06239879722615266,0.08350806338687744,True,1.0,1.15
2019-06-17,Queen's Club,R32,Grass,3,Stan Wawrinka,Daniel Evans,player2,other,0.6355759751643801,1.7,0.5584415584415584,0.07713441672282173,0.0804791577794462,True,1.0,0.7
2019-06-17,Queen's Club,R32,Grass,3,Marco Cecchinato,Milos Raonic,player2,other,0.19978432672239188,5.17,0.18325434439178515,0.016529982330606735,0.03288496915476602,False,1.0,-1.0
2019-06-17,Queen's Club,R32,Grass,3,Alex De Minaur,Aljaz Bedene,player1,other,0.6984937109241304,1.52,0.6237623762376239,0.0747313346865065,0.061710440604678174,False,1.0,-1.0
2019-06-17,Queen's Club,R32,Grass,3,Marton Fucsovics,Feliciano Lopez,player1,other,0.4951409458799814,2.21,0.42894056847545214,0.06620037740452928,0.09426149039475884,False,1.0,-1.0
2019-06-17,Queen's Club,R32,Grass,3,Felix Auger Aliassime,Grigor Dimitrov,player1,other,0.4320929380121527,2.4,0.3954659949622167,0.03662694304993602,0.03702305122916649,True,1.0,1.4
2019-06-17,Queen's Club,R32,Grass,3,Stefanos Tsitsipas,Kyle Edmund,player1,top_10,0.7909244457421801,1.36,0.6977777777777777,0.09314666796440241,0.07565724620936504,True,1.0,0.3600000000000001
2019-06-17,Queen's Club,R16,Grass,3,Kevin Anderson,Gilles Simon,player1,top_10,0.8071391805745444,1.34,0.7061403508771931,0.1009988296973513,0.08156650196988952,False,1.0,-1.0
2019-06-17,Queen's Club,R16,Grass,3,Lucas Pouille,Daniil Medvedev,player2,other,0.43600111653856694,2.65,0.35835351089588374,0.07764760564268319,0.15540295882720223,False,1.0,-1.0
2019-06-17,Queen's Club,R16,Grass,3,Diego Schwartzman,Marin Cilic,player1,other,0.24501656451455356,4.79,0.19765494137353432,0.04736162314101924,0.17362934402471153,True,1.0,3.79
2019-06-17,Queen's Club,R16,Grass,3,Nick Kyrgios,Felix Auger Aliassime,player2,other,0.5411461457361767,1.94,0.4894736842105264,0.051672461525650304,0.0498235227281828,False,1.0,-1.0
2019-06-17,Queen's Club,R16,Grass,3,Jeremy Chardy,Stefanos Tsitsipas,player2,top_10,0.29845654393743626,3.65,0.25963488843813387,0.03882165549930239,0.08936638537164232,False,1.0,-1.0
2019-06-17,Queen's Club,QF,Grass,3,Diego Schwartzman,Daniil Medvedev,player1,other,0.28137987703479866,3.82,0.24803149606299213,0.033348380971806535,0.0748711302729308,False,1.0,-1.0
2019-06-17,Queen's Club,QF,Grass,3,Feliciano Lopez,Milos Raonic,player1,other,0.3568431611977436,3.24,0.2925764192139738,0.0642667419837698,0.15617184228068937,True,1.0,2.24
2019-06-17,Queen's Club,QF,Grass,3,Felix Auger Aliassime,Stefanos Tsitsipas,player1,top_10,0.4646359207722878,2.3,0.413265306122449,0.05137061464983883,0.06866261777626192,True,1.0,1.2999999999999998
2019-06-17,Halle,R32,Grass,3,Laslo Djere,Jan Lennard Struff,player1,other,0.2505500158204597,5.15,0.1838351822503962,0.06671483357006353,0.29033258147536767,False,1.0,-1.0
2019-06-17,Halle,R32,Grass,3,Joao Sousa,Hubert Hurkacz,player1,other,0.5162331176995802,2.1,0.4516971279373368,0.06453598976224345,0.08408954716911854,True,1.0,1.1
2019-06-17,Halle,R32,Grass,3,Benoit Paire,Jo-Wilfried Tsonga,player2,other,0.3517105999565558,3.05,0.3099547511312218,0.04175584882533401,0.07271732986749502,False,1.0,-1.0
2019-06-17,Halle,R32,Grass,3,John Millman,Roger Federer,player1,top_10,0.11490110591185583,9.09,0.10443349753694584,0.010467608374909995,0.04445105273876948,False,1.0,-1.0
2019-06-17,Halle,R16,Grass,3,Richard Gasquet,Roberto Bautista Agut,player1,other,0.43024238235036955,2.44,0.38847117794486213,0.04177120440550741,0.049791412934901746,False,1.0,-1.0
2019-06-17,Halle,R16,Grass,3,Jo-Wilfried Tsonga,Roger Federer,player1,top_10,0.23937153313959691,4.97,0.19055374592833876,0.04881778721125815,0.18967651970379662,False,1.0,-1.0
2019-06-17,Halle,QF,Grass,3,Alexander Zverev,David Goffin,player2,top_10,0.6854210522970446,1.58,0.601010101010101,0.08441095128694365,0.08296526262933057,False,1.0,-1.0
2019-06-17,Halle,QF,Grass,3,Karen Khachanov,Matteo Berrettini,player2,top_10,0.48737000454573404,2.24,0.42416452442159375,0.06320548012414029,0.09170881018244437,False,1.0,-1.0
2019-06-17,Halle,QF,Grass,3,Pierre Hugues Herbert,Borna Coric,player2,other,0.4504830995985765,2.37,0.40151515151515144,0.048967948083425084,0.06764494604862636,True,1.0,1.37
2019-06-17,Halle,SF,Grass,3,Pierre Hugues Herbert,Roger Federer,player2,top_10,0.13331586796715722,8.24,0.11587982832618028,0.01743603964097694,0.09852275204937555,False,1.0,-1.0
2019-06-24,Antalya,R32,Grass,3,Janko Tipsarevic,Prajnesh Gunneswaran,player2,other,0.6791942444468612,1.57,0.6025316455696202,0.07666259887724092,0.06633496378157205,False,1.0,-1.0
2019-06-24,Antalya,R32,Grass,3,Bernard Tomic,Andreas Seppi,player1,other,0.4839658437842979,2.43,0.3894472361809045,0.09451860760339342,0.17603700039584402,True,1.0,1.4300000000000002
2019-06-24,Antalya,R32,Grass,3,Damir Dzumhur,Matthew Ebden,player2,other,0.4315431532131189,2.41,0.39294710327455923,0.038596049938559696,0.040018999243616626,True,1.0,1.4100000000000001
2019-06-24,Antalya,R32,Grass,3,Jozef Kovalik,Viktor Troicki,player1,other,0.2951316823852588,3.52,0.26970954356846477,0.025422138816794004,0.03886352199611087,False,1.0,-1.0
2019-06-24,Antalya,R16,Grass,3,Bernard Tomic,Peter Gojowczyk,player1,other,0.669190480610187,1.6,0.5928753180661578,0.07631516254402926,0.07070476897629935,True,1.0,0.6000000000000001
2019-06-24,Antalya,R16,Grass,3,Bradley Klahn,Jordan Thompson,player1,other,0.29673918644428515,3.57,0.2654320987654321,0.03130708767885304,0.05935889560609797,False,1.0,-1.0
2019-06-24,Antalya,QF,Grass,3,Bernard Tomic,Pablo Carreno Busta,player1,other,0.6754652859906028,1.54,0.6159600997506234,0.05950518623997947,0.04021654042552841,False,1.0,-1.0
2019-06-24,Eastbourne,R32,Grass,3,Nicolas Jarry,Pablo Cuevas,player1,other,0.6980493635957242,1.51,0.6280788177339901,0.06997054586173412,0.0540545390295436,True,1.0,0.51
2019-06-24,Eastbourne,R32,Grass,3,Sam Querrey,Mikhail Kukushkin,player2,other,0.6032496016941112,1.73,0.5471204188481674,0.056129182845943815,0.04362181093081241,True,1.0,0.73
2019-06-24,Eastbourne,R16,Grass,3,Nicolas Jarry,Gilles Simon,player1,other,0.5368671992093891,2.1,0.450261780104712,0.08660541910467706,0.12742111833971714,False,1.0,-1.0
2019-06-24,Eastbourne,R16,Grass,3,Dusan Lajovic,Sam Querrey,player2,other,0.3431595755994823,3.49,0.2713987473903967,0.07176082820908558,0.1976269188421933,False,1.0,-1.0
2019-06-24,Eastbourne,R16,Grass,3,Pierre Hugues Herbert,Daniel Evans,player2,other,0.49911648312067003,2.28,0.41538461538461535,0.08373186773605468,0.13798558151512752,False,1.0,-1.0
2019-06-24,Eastbourne,QF,Grass,3,Fernando Verdasco,Sam Querrey,player2,other,0.3923647636256349,2.68,0.3542168674698795,0.03814789615575537,0.051537566516701494,False,1.0,-1.0
2019-06-24,Eastbourne,SF,Grass,3,Taylor Fritz,Kyle Edmund,player2,other,0.4144590045539642,2.56,0.37100737100737097,0.04345163354659326,0.06101505165814847,True,1.0,1.56
2019-06-24,Eastbourne,F,Grass,3,Taylor Fritz,Sam Querrey,player2,other,0.48767763274545706,2.32,0.4096692111959288,0.07800842154952825,0.13141210796946035,True,1.0,1.3199999999999998
2019-07-01,Wimbledon,R128,Grass,5,Philipp Kohlschreiber,Novak Djokovic,player2,top_10,0.11736685052126368,14.68,0.06496815286624205,0.05239869765502163,0.7229453656521507,False,1.0,-1.0
2019-07-01,Wimbledon,R128,Grass,5,Malek Jaziri,Denis Kudla,player1,other,0.21576610941754445,5.74,0.16569767441860464,0.050068434998939815,0.23849746805670535,False,1.0,-1.0
2019-07-01,Wimbledon,R128,Grass,5,Leonardo Mayer,Ernests Gulbis,player1,other,0.6021826834575204,1.89,0.5039370078740157,0.09824567558350461,0.13812527173471345,True,1.0,0.8899999999999999
2019-07-01,Wimbledon,R128,Grass,5,Vasek Pospisil,Felix Auger Aliassime,player2,other,0.17840446214262592,10.14,0.0938337801608579,0.08457068198176802,0.809021246126227,False,1.0,-1.0
2019-07-01,Wimbledon,R128,Grass,5,Paolo Lorenzi,Daniil Medvedev,player2,other,0.1867572685798137,19.37,0.049558390578999016,0.13719887800081468,2.6174882923909912,False,1.0,-1.0
2019-07-01,Wimbledon,R128,Grass,5,Martin Klizan,Jeremy Chardy,player2,other,0.28679061467618755,3.77,0.25198412698412703,0.03480648769206052,0.08120061732922712,False,1.0,-1.0
2019-07-01,Wimbledon,R128,Grass,5,Bradley Klahn,David Goffin,player1,other,0.1472147811286976,12.34,0.07703814510097233,0.07017663602772527,0.8166303991281284,False,1.0,-1.0
2019-07-01,Wimbledon,R128,Grass,5,Jaume Munar,Kyle Edmund,player2,other,0.17518851446890213,6.51,0.1467889908256881,0.02839952364321402,0.1404772291925529,False,1.0,-1.0
2019-07-01,Wimbledon,R128,Grass,5,Fernando Verdasco,Kamil Majchrzak,player2,other,0.5678552985842343,1.96,0.486910994764398,0.08094430381983636,0.11299638522509925,True,1.0,0.96
2019-07-01,Wimbledon,R128,Grass,5,Thomas Fabbiano,Stefanos Tsitsipas,player1,top_10,0.19266108165149223,6.98,0.13613861386138612,0.05652246779010611,0.34477434992741585,True,1.0,5.98
2019-07-01,Wimbledon,R128,Grass,5,Kevin Anderson,Pierre Hugues Herbert,player1,top_10,0.7955093106868022,1.35,0.7045951859956237,0.09091412469117854,0.07393756942718305,True,1.0,0.3500000000000001
2019-07-01,Wimbledon,R128,Grass,5,Nicolas Jarry,Andreas Seppi,player1,other,0.5793191884095759,1.84,0.5170603674540682,0.06225882095550761,0.06594730667361964,False,1.0,-1.0
2019-07-01,Wimbledon,R128,Grass,5,Ruben Bemelmans,Stan Wawrinka,player1,other,0.1916133355851076,5.47,0.17371601208459214,0.017897323500515455,0.048124945650538486,False,1.0,-1.0
2019-07-01,Wimbledon,R128,Grass,5,Cedrik Marcel Stebe,Reilly Opelka,player1,other,0.20372588485632048,5.92,0.16147308781869688,0.04225279703762361,0.20605723834941714,False,1.0,-1.0
2019-07-01,Wimbledon,R128,Grass,5,Prajnesh Gunneswaran,Milos Raonic,player2,other,0.18647116228576968,11.85,0.08068269976726145,0.10578846251850824,1.209683273086371,False,1.0,-1.0
2019-07-01,Wimbledon,R128,Grass,5,Mischa Zverev,Steve Darcis,player2,other,0.5063430223457702,2.24,0.42416452442159375,0.08217849792417647,0.13420837005452535,False,1.0,-1.0
2019-07-01,Wimbledon,R128,Grass,5,Peter Gojowczyk,Roberto Bautista Agut,player1,other,0.15503896314229415,9.92,0.09571558796718324,0.05932337517511091,0.5379865143715579,False,1.0,-1.0
2019-07-01,Wimbledon,R128,Grass,5,Sam Querrey,Dominic Thiem,player1,top_10,0.47067836090812065,2.23,0.42673521850899737,0.04394314239912328,0.04961274482510902,True,1.0,1.23
2019-07-01,Wimbledon,R128,Grass,5,Hugo Dellien,John Millman,player2,other,0.2059189530924673,9.17,0.10361681329423265,0.10230213979823465,0.8882767998579252,False,1.0,-1.0
2019-07-01,Wimbledon,R128,Grass,5,Marton Fucsovics,Dennis Novak,player2,other,0.587605138329334,1.78,0.5340314136125655,0.05357372471676858,0.04593714622621459,True,1.0,0.78
2019-07-01,Wimbledon,R128,Grass,5,Federico Delbonis,Daniel Evans,player1,other,0.2031030786708664,8.98,0.10646766169154229,0.09663541697932412,0.8238656464643804,False,1.0,-1.0
2019-07-01,Wimbledon,R128,Grass,5,Nikoloz Basilashvili,James Ward,player1,other,0.6805506935140698,1.61,0.5924050632911392,0.08814563022293065,0.09568661655765248,True,1.0,0.6100000000000001
2019-07-01,Wimbledon,R128,Grass,5,Ricardas Berankis,Denis Shapovalov,player1,other,0.18678948202156573,6.79,0.14050632911392408,0.04628315290764165,0.2683005829264312,True,1.0,5.79
2019-07-01,Wimbledon,R128,Grass,5,Bernard Tomic,Jo-Wilfried Tsonga,player1,other,0.23316859685846414,4.72,0.20135363790186128,0.03181495895660286,0.10055577717195063,False,1.0,-1.0
2019-07-01,Wimbledon,R128,Grass,5,Yuichi Sugita,Rafael Nadal,player1,top_10,0.11489066140406308,13.52,0.07079037800687285,0.04410028339719023,0.5533217421829327,False,1.0,-1.0
2019-07-01,Wimbledon,R128,Grass,5,Thiago Monteiro,Kei Nishikori,player1,top_10,0.1299380016319102,10.21,0.09325044404973358,0.03668755758217661,0.3266669966618031,False,1.0,-1.0
2019-07-01,Wimbledon,R128,Grass,5,Pablo Andujar,Mikhail Kukushkin,player1,other,0.2434682413161945,4.92,0.19344262295081965,0.050025618365374835,0.1978637472756769,False,1.0,-1.0
2019-07-01,Wimbledon,R128,Grass,5,Casper Ruud,John Isner,player2,other,0.34572169723194146,3.9,0.24418604651162792,0.10153565072031354,0.34831461920457163,False,1.0,-1.0
2019-07-01,Wimbledon,R128,Grass,5,Aljaz Bedene,Matteo Berrettini,player1,other,0.20294878555312412,5.15,0.185126582278481,0.017822203274643122,0.0451862455985893,False,1.0,-1.0
2019-07-01,Wimbledon,R128,Grass,5,Lloyd Harris,Roger Federer,player2,top_10,0.1263484543644663,20.67,0.04658671586715867,0.07976173849730761,1.611622551713518,False,1.0,-1.0
2019-07-01,Wimbledon,R64,Grass,5,Denis Kudla,Novak Djokovic,player1,top_10,0.10354353949904271,22.28,0.043366251610133105,0.06017728788890961,1.3069500600386716,False,1.0,-1.0
2019-07-01,Wimbledon,R64,Grass,5,Corentin Moutet,Felix Auger Aliassime,player1,other,0.2023393518028511,5.4,0.1768292682926829,0.025510083510168202,0.092632499735396,False,1.0,-1.0
2019-07-01,Wimbledon,R64,Grass,5,Kyle Edmund,Fernando Verdasco,player2,other,0.685501801384957,1.56,0.61,0.07550180138495699,0.06938281016053294,False,1.0,-1.0
2019-07-01,Wimbledon,R64,Grass,5,Thomas Fabbiano,Ivo Karlovic,player1,other,0.5489709429267391,1.9,0.5013123359580053,0.04765860696873381,0.04304479156080421,True,1.0,0.8999999999999999
2019-07-01,Wimbledon,R64,Grass,5,Janko Tipsarevic,Kevin Anderson,player1,top_10,0.12895050010634393,9.15,0.10381978452497552,0.02513071558136841,0.17989707597304705,False,1.0,-1.0
2019-07-01,Wimbledon,R64,Grass,5,Robin Haase,Milos Raonic,player1,other,0.15416173446017126,7.43,0.1279342723004695,0.02622746215970176,0.14542168703907232,False,1.0,-1.0
2019-07-01,Wimbledon,R64,Grass,5,Steve Darcis,Roberto Bautista Agut,player2,other,0.14783816866268565,10.98,0.08652246256239601,0.061315706100289635,0.6232630919162884,False,1.0,-1.0
2019-07-01,Wimbledon,R64,Grass,5,Pablo Cuevas,Jiri Vesely,player1,other,0.28238355588797603,3.67,0.2600806451612903,0.02230291072668572,0.036347650108871976,False,1.0,-1.0
2019-07-01,Wimbledon,R64,Grass,5,Andrey Rublev,Sam Querrey,player2,other,0.2703732641790182,4.89,0.19439868204283361,0.07597458213618458,0.3221252618353989,False,1.0,-1.0
2019-07-01,Wimbledon,R64,Grass,5,Fabio Fognini,Marton Fucsovics,player2,top_10,0.6300151382561642,1.72,0.5532467532467532,0.07676838500941097,0.08362603780060235,True,1.0,0.72
2019-07-01,Wimbledon,R64,Grass,5,Joao Sousa,Marin Cilic,player2,other,0.18891134863857495,6.58,0.1443433029908973,0.04456804564767766,0.24303667404182328,True,1.0,5.58
2019-07-01,Wimbledon,R64,Grass,5,Nikoloz Basilashvili,Daniel Evans,player1,other,0.2734740894152586,3.86,0.24756335282651076,0.025910736588747818,0.055609985142898055,False,1.0,-1.0
2019-07-01,Wimbledon,R64,Grass,5,Ricardas Berankis,Jo-Wilfried Tsonga,player2,other,0.2486283354382782,7.58,0.1257208765859285,0.12290745885234969,0.8846027826221489,False,1.0,-1.0
2019-07-01,Wimbledon,R64,Grass,5,Cameron Norrie,Kei Nishikori,player1,top_10,0.22892910577749415,5.6,0.17037037037037037,0.05855873540712378,0.2820029923539672,False,1.0,-1.0
2019-07-01,Wimbledon,R64,Grass,5,Taylor Fritz,Jan Lennard Struff,player2,other,0.6333012429227748,1.69,0.5633074935400517,0.06999374938272307,0.07027910053948938,False,1.0,-1.0
2019-07-01,Wimbledon,R64,Grass,5,Marcos Baghdatis,Matteo Berrettini,player2,other,0.19042448788976565,6.48,0.14736842105263157,0.04305606683713409,0.23395068152568155,False,1.0,-1.0
2019-07-01,Wimbledon,R32,Grass,5,Hubert Hurkacz,Novak Djokovic,player2,top_10,0.13740046199648606,20.14,0.04775413711583924,0.08964632488064682,1.7672453046092294,False,1.0,-1.0
2019-07-01,Wimbledon,R32,Grass,5,Reilly Opelka,Milos Raonic,player2,other,0.3100670392125204,3.34,0.284796573875803,0.025270465336717396,0.035623910969818096,False,1.0,-1.0
2019-07-01,Wimbledon,R32,Grass,5,Karen Khachanov,Roberto Bautista Agut,player2,top_10,0.63521209530465,2.61,0.36496350364963503,0.2702485916550149,0.6579035687451363,False,1.0,-1.0
2019-07-01,Wimbledon,R32,Grass,5,John Millman,Sam Querrey,player1,other,0.26694410672082186,3.91,0.2437137330754352,0.02323037364538666,0.04375145727841345,False,1.0,-1.0
2019-07-01,Wimbledon,R32,Grass,5,Tennys Sandgren,Fabio Fognini,player1,top_10,0.2955108696251783,3.51,0.27178423236514526,0.023726637260033046,0.0372431523843757,True,1.0,2.51
2019-07-01,Wimbledon,R32,Grass,5,Jo-Wilfried Tsonga,Rafael Nadal,player2,top_10,0.2539673980129159,5.12,0.1860095389507154,0.0679578590622005,0.3003130778261295,False,1.0,-1.0
2019-07-01,Wimbledon,R32,Grass,5,Steve Johnson,Kei Nishikori,player2,top_10,0.255367875945775,4.41,0.21530249110320282,0.04006538484257216,0.1261723329208676,False,1.0,-1.0
2019-07-01,Wimbledon,R32,Grass,5,Lucas Pouille,Roger Federer,player1,top_10,0.12030659979858653,8.59,0.11076604554865424,0.00954055424993229,0.03343369226985826,False,1.0,-1.0
2019-07-01,Wimbledon,R16,Grass,5,Guido Pella,Milos Raonic,player1,other,0.24121188070589297,5.17,0.18454258675078863,0.05666929395510434,0.24706542324946668,True,1.0,4.17
2019-07-01,Wimbledon,R16,Grass,5,Benoit Paire,Roberto Bautista Agut,player2,other,0.26251615162273034,4.43,0.21453900709219859,0.04797714453053176,0.16294655168869532,False,1.0,-1.0
2019-07-01,Wimbledon,R16,Grass,5,Tennys Sandgren,Sam Querrey,player2,other,0.22709833988091077,5.36,0.17791411042944785,0.04918422945146292,0.21724710176168183,False,1.0,-1.0
2019-07-01,Wimbledon,R16,Grass,5,Joao Sousa,Rafael Nadal,player1,top_10,0.11300208768269045,16.23,0.0591304347826087,0.053871652900081744,0.8340238830900661,False,1.0,-1.0
2019-07-01,Wimbledon,R16,Grass,5,Mikhail Kukushkin,Kei Nishikori,player2,top_10,0.16953171498303785,6.91,0.13840399002493767,0.031127724958100178,0.17146415053279151,False,1.0,-1.0
2019-07-01,Wimbledon,R16,Grass,5,Matteo Berrettini,Roger Federer,player2,top_10,0.19226463226193138,7.27,0.13142174432497014,0.06084288793696124,0.39776387654424095,False,1.0,-1.0
2019-07-01,Wimbledon,QF,Grass,5,David Goffin,Novak Djokovic,player2,top_10,0.14054806466975694,9.4,0.10219675262655206,0.03835131204320488,0.3211518078957154,False,1.0,-1.0
2019-07-01,Wimbledon,QF,Grass,5,Guido Pella,Roberto Bautista Agut,player2,other,0.24273711635391815,4.96,0.19218241042345277,0.05055470593046538,0.20397609711543396,False,1.0,-1.0
2019-07-01,Wimbledon,QF,Grass,5,Sam Querrey,Rafael Nadal,player2,top_10,0.2671547148830066,5.91,0.16170212765957448,0.10545258722343215,0.5788843649585693,False,1.0,-1.0
2019-07-01,Wimbledon,QF,Grass,5,Kei Nishikori,Roger Federer,player2,top_10,0.19898307346909697,6.5,0.14698162729658795,0.052001446172509014,0.2933899775491302,False,1.0,-1.0
2019-07-01,Wimbledon,SF,Grass,5,Rafael Nadal,Roger Federer,player2,top_10,0.648578779546182,1.71,0.5604113110539846,0.08816746849219748,0.10906971302397128,False,1.0,-1.0
2019-07-01,Wimbledon,F,Grass,5,Roger Federer,Novak Djokovic,player1,top_10,0.43576853708298335,2.56,0.375609756097561,0.06015878098542238,0.11556745493243736,False,1.0,-1.0
2019-07-15,Newport,R32,Grass,3,Alexander Bublik,Alex Bolt,player1,other,0.5513408178699901,1.97,0.4802110817941952,0.07112973607579492,0.08614141120388052,True,1.0,0.97
2019-07-15,Newport,R32,Grass,3,Prajnesh Gunneswaran,Marcel Granollers,player1,other,0.32565595334163827,3.28,0.2885032537960954,0.037152699545542844,0.06815152696057347,False,1.0,-1.0
2019-07-15,Newport,R32,Grass,3,Mischa Zverev,Tim Smyczek,player1,other,0.4457498253582366,2.41,0.39294710327455923,0.05280272208367737,0.07425707911335022,True,1.0,1.4100000000000001
2019-07-15,Newport,R32,Grass,3,Guido Andreozzi,Ivo Karlovic,player2,other,0.277343405376453,4.03,0.2352941176470588,0.04204928772939423,0.11769392366710574,True,1.0,3.0300000000000002
2019-07-15,Newport,R32,Grass,3,Ramkumar Ramanathan,Sergiy Stakhovsky,player1,other,0.5439932109114937,1.9,0.4986807387862796,0.045312472125214054,0.033587100731837904,True,1.0,0.8999999999999999
2019-07-15,Newport,R16,Grass,3,Tennys Sandgren,Adrian Mannarino,player2,other,0.4682120011990117,2.22,0.42783505154639173,0.04037694965261995,0.03943064266180596,True,1.0,1.2200000000000002
2019-07-15,Newport,R16,Grass,3,Jordan Thompson,Marcel Granollers,player1,other,0.6328695246105169,1.76,0.5380577427821522,0.0948117818283647,0.11385036331450982,False,1.0,-1.0
2019-07-15,Newport,R16,Grass,3,Mischa Zverev,Guido Andreozzi,player1,other,0.6012897843888168,1.78,0.5328083989501312,0.06848138543868554,0.07029581621209385,True,1.0,0.78
2019-07-15,Newport,QF,Grass,3,Mischa Zverev,Marcel Granollers,player1,other,0.38401636704547554,2.99,0.3126436781609196,0.07137268888455595,0.14820893746597186,False,1.0,-1.0
2019-07-15,Newport,SF,Grass,3,Alexander Bublik,Marcel Granollers,player1,other,0.4127542186529379,2.6,0.3658536585365854,0.04690056011635246,0.07316096849763842,True,1.0,1.6
2019-07-15,Bastad,R32,Clay,3,Steve Darcis,Dennis Novak,player1,other,0.45778264420358633,2.27,0.41645244215938304,0.04133020204420329,0.03916660234214109,False,1.0,-1.0
2019-07-15,Bastad,R32,Clay,3,Joao Sousa,Jozef Kovalik,player1,other,0.6624923458462008,1.59,0.5943877551020408,0.06810459074415998,0.05336282989545926,True,1.0,0.5900000000000001
2019-07-15,Bastad,R16,Clay,3,Nicolas Jarry,Mikael Ymer,player1,other,0.6547124911877011,1.66,0.5710594315245477,0.0836530596631534,0.08682273537158386,True,1.0,0.6599999999999999
2019-07-15,Bastad,QF,Clay,3,Joao Sousa,Federico Delbonis,player1,other,0.4758192756965389,2.36,0.4025316455696203,0.07328763012691863,0.12293349064383186,False,1.0,-1.0
2019-07-15,Umag,R32,Clay,3,Martin Klizan,Facundo Bagnis,player2,other,0.6687961539912842,1.55,0.6115288220551378,0.057267331936146415,0.036634038686490566,False,1.0,-1.0
2019-07-15,Umag,R32,Clay,3,Andrey Rublev,Robin Haase,player1,other,0.6362105621063817,1.67,0.5651041666666667,0.07110639543971498,0.06247163871765743,True,1.0,0.6699999999999999
2019-07-15,Umag,R32,Clay,3,Taro Daniel,Filip Krajinovic,player1,other,0.22012088824177764,5.31,0.1780185758513932,0.04210231239038445,0.16884191656383918,False,1.0,-1.0
2019-07-15,Umag,R16,Clay,3,Paolo Lorenzi,Laslo Djere,player1,other,0.25690654085537185,4.07,0.23207547169811318,0.02483106915725866,0.04560962128136359,False,1.0,-1.0
2019-07-15,Umag,R16,Clay,3,Fabio Fognini,Stefano Travaglia,player1,top_10,0.840346075224863,1.39,0.6811926605504588,0.15915341467440425,0.16808104456255957,False,1.0,-1.0
2019-07-15,Umag,QF,Clay,3,Aljaz Bedene,Dusan Lajovic,player1,other,0.5036499879645043,2.13,0.44531250000000006,0.058337487964504275,0.07277447436439421,False,1.0,-1.0
2019-07-15,Umag,QF,Clay,3,Laslo Djere,Leonardo Mayer,player1,other,0.5649864767829467,1.85,0.513157894736842,0.05182858204610463,0.04522498204845138,True,1.0,0.8500000000000001
2019-07-22,Gstaad,R16,Clay,3,Roberto Carballes Baena,Stefano Travaglia,player2,other,0.6382155557642414,1.66,0.5721649484536083,0.06605060731063306,0.059437822568640664,True,1.0,0.6599999999999999
2019-07-22,Gstaad,R16,Clay,3,Denis Istomin,Dusan Lajovic,player1,other,0.25946123570586727,4.08,0.23163841807909605,0.027822817626771218,0.05860184167993843,False,1.0,-1.0
2019-07-22,Gstaad,QF,Clay,3,Cedrik Marcel Stebe,Thomas Fabbiano,player1,other,0.5895892805194255,1.91,0.49868766404199477,0.09090161647743072,0.1261155257921026,True,1.0,0.9099999999999999
2019-07-22,Gstaad,QF,Clay,3,Joao Sousa,Roberto Bautista Agut,player1,other,0.2693360404363939,3.83,0.24754420432220042,0.021791836114193497,0.03155703487138872,True,1.0,2.83
2019-07-22,Hamburg,R32,Clay,3,Laslo Djere,Filip Krajinovic,player2,other,0.4719328110509598,2.32,0.4096692111959288,0.06226359985503099,0.09488412163822657,False,1.0,-1.0
2019-07-22,Hamburg,R32,Clay,3,Nikoloz Basilashvili,Hugo Dellien,player1,other,0.6303068453411012,1.78,0.5340314136125655,0.0962754317285357,0.12194618470716007,True,1.0,0.78
2019-07-22,Hamburg,R32,Clay,3,Jan Lennard Struff,Thiago Monteiro,player2,other,0.7137958411255149,1.65,0.5747422680412371,0.1390535730842778,0.17776313785709946,True,1.0,0.6499999999999999
2019-07-22,Hamburg,R32,Clay,3,Pablo Carreno Busta,Yannick Hanfmann,player1,other,0.6646100307550765,1.76,0.5380577427821522,0.12655228797292428,0.1697136541289347,True,1.0,0.76
2019-07-22,Hamburg,QF,Clay,3,Alexander Zverev,Filip Krajinovic,player1,top_10,0.8151232653430714,1.38,0.688487584650113,0.1266356806929585,0.12487010617343852,True,1.0,0.3799999999999999
2019-07-22,Hamburg,QF,Clay,3,Fabio Fognini,Pablo Carreno Busta,player2,top_10,0.604091383563973,1.98,0.48031496062992135,0.12377642293405161,0.1961009394566664,False,1.0,-1.0
2019-07-22,Hamburg,SF,Clay,3,Alexander Zverev,Nikoloz Basilashvili,player1,top_10,0.812179290885518,1.41,0.6736111111111112,0.13856817977440683,0.1451728001485803,False,1.0,-1.0
2019-07-22,Hamburg,SF,Clay,3,Andrey Rublev,Pablo Carreno Busta,player1,other,0.5781880489973081,1.8,0.5287958115183247,0.04939223747898347,0.04073848819515469,True,1.0,0.8
2019-07-22,Atlanta,R32,Hard,3,Cameron Norrie,Jordan Thompson,player1,other,0.5228425521214748,2.03,0.4671916010498688,0.055650951071606,0.06137038080659374,True,1.0,1.0299999999999998
2019-07-22,Atlanta,R32,Hard,3,Marius Copil,Bradley Klahn,player2,other,0.4518851171462808,2.52,0.37623762376237624,0.07564749338390458,0.1387504952086276,False,1.0,-1.0
2019-07-22,Atlanta,QF,Hard,3,Reilly Opelka,Daniel Evans,player1,other,0.6370913193479875,1.75,0.5418848167539266,0.09520650259406083,0.11490980885897806,True,1.0,0.75
2019-07-22,Atlanta,F,Hard,3,Taylor Fritz,Alex De Minaur,player1,other,0.5689996561715432,2.02,0.46981627296587924,0.099183383205664,0.14937930546651734,False,1.0,-1.0
2019-07-29,Kitzbuhel,R32,Clay,3,Casper Ruud,Pablo Carreno Busta,player1,other,0.5238815918326202,2.1,0.4516971279373368,0.07218446389528338,0.10015134284850247,True,1.0,1.1
2019-07-29,Kitzbuhel,R32,Clay,3,Guillermo Garcia Lopez,Jozef Kovalik,player1,other,0.6581833219765517,1.75,0.5418848167539266,0.11629850522262508,0.15182081345896548,False,1.0,-1.0
2019-07-29,Kitzbuhel,R16,Clay,3,Roberto Carballes Baena,Lorenzo Sonego,player1,other,0.6104746829856394,1.72,0.5509138381201044,0.059560844865535034,0.050016454735299865,False,1.0,-1.0
2019-07-29,Kitzbuhel,R16,Clay,3,Sebastian Ofner,Dominic Thiem,player1,top_10,0.11766965839858808,9.33,0.10202117420596729,0.015648484192620785,0.09785791285882683,False,1.0,-1.0
2019-07-29,Kitzbuhel,QF,Clay,3,Lorenzo Sonego,Fernando Verdasco,player1,other,0.49898429807476213,2.14,0.44415584415584414,0.054828453918917996,0.06782639787999101,True,1.0,1.1400000000000001
2019-07-29,Kitzbuhel,QF,Clay,3,Pablo Andujar,Dominic Thiem,player2,top_10,0.19678222748264806,5.35,0.1781874039938556,0.01859482348879246,0.052784917032167034,False,1.0,-1.0
2019-07-29,Kitzbuhel,SF,Clay,3,Lorenzo Sonego,Dominic Thiem,player2,top_10,0.21617258582578383,5.23,0.18281249999999996,0.03336008582578387,0.13058262386884945,False,1.0,-1.0
2019-07-29,Los Cabos,R32,Hard,3,John Millman,Prajnesh Gunneswaran,player1,other,0.7891804968774406,1.32,0.7173447537473233,0.07183574313011731,0.0417182558782217,False,1.0,-1.0
2019-07-29,Los Cabos,R32,Hard,3,Lucas Gomez,Marcel Granollers,player2,other,0.19315831132816594,7.55,0.1261574074074074,0.06700090392075853,0.45834525052765274,False,1.0,-1.0
2019-07-29,Los Cabos,R16,Hard,3,Lucas Pouille,Thanasi Kokkinakis,player1,other,0.6776502959950429,1.68,0.5636363636363637,0.11401393235867918,0.13845249727167203,False,1.0,-1.0
2019-07-29,Los Cabos,R16,Hard,3,Fabio Fognini,Marcel Granollers,player1,top_10,0.7127071731163696,1.83,0.5196850393700787,0.19302213374629085,0.3042541268029564,True,1.0,0.8300000000000001
2019-07-29,Los Cabos,QF,Hard,3,Radu Albot,Thanasi Kokkinakis,player1,other,0.6382432211828707,1.84,0.5170603674540682,0.12118285372880244,0.17436752697648217,True,1.0,0.8400000000000001
2019-07-29,Los Cabos,QF,Hard,3,Fabio Fognini,Taylor Fritz,player2,top_10,0.5286704908130315,2.29,0.4143222506393862,0.11434824017364531,0.21065542396184223,False,1.0,-1.0
2019-07-29,Los Cabos,F,Hard,3,Diego Schwartzman,Taylor Fritz,player1,other,0.5387665062630584,2.11,0.44908616187989553,0.08968034438316291,0.1367973282150532,True,1.0,1.1099999999999999
2019-07-29,Washington,R64,Hard,3,Matthew Ebden,Tim Smyczek,player1,other,0.6492469708217795,1.72,0.5509138381201044,0.0983331327016751,0.11670478981346072,False,1.0,-1.0
2019-07-29,Washington,R64,Hard,3,Ivo Karlovic,Bjorn Fratangelo,player1,other,0.5713848082595527,1.95,0.48684210526315796,0.08454270299639477,0.11420037610612777,False,1.0,-1.0
2019-07-29,Washington,R64,Hard,3,Alexander Bublik,Bradley Klahn,player2,other,0.5283413004770794,1.97,0.48157894736842105,0.04676235310865834,0.04083236193984641,True,1.0,0.97
2019-07-29,Washington,R64,Hard,3,Ilya Ivashka,Adrian Mannarino,player1,other,0.4438332576952046,2.45,0.3875,0.056333257695204586,0.08739148135325137,False,1.0,-1.0
2019-07-29,Washington,R32,Hard,3,Tim Smyczek,Milos Raonic,player2,other,0.19142725582119172,5.52,0.17241379310344826,0.019013462717743457,0.056678452132978174,False,1.0,-1.0
2019-07-29,Washington,R32,Hard,3,Hubert Hurkacz,John Isner,player1,other,0.4708198680392939,2.25,0.4215938303341903,0.04922603770510359,0.05934470308841122,False,1.0,-1.0
2019-07-29,Washington,R32,Hard,3,Jan Lennard Struff,Jordan Thompson,player2,other,0.6293485534340517,1.69,0.5610389610389611,0.0683095923950906,0.06359905530354737,False,1.0,-1.0
2019-07-29,Washington,R16,Hard,3,Kyle Edmund,Jo-Wilfried Tsonga,player1,other,0.5371223644778611,2.32,0.40816326530612246,0.12895909917173864,0.24612388558863763,True,1.0,1.3199999999999998
2019-07-29,Washington,R16,Hard,3,Daniil Medvedev,Frances Tiafoe,player1,top_10,0.8242013653721839,1.38,0.6898876404494382,0.13431372492274574,0.1373978842136137,True,1.0,0.3799999999999999
2019-07-29,Washington,R16,Hard,3,Benoit Paire,John Isner,player2,other,0.3663082632930345,3.7,0.2570281124497992,0.10928015084323534,0.3553405741842278,True,1.0,2.7
2019-07-29,Washington,R16,Hard,3,Stefanos Tsitsipas,Jordan Thompson,player1,top_10,0.8269066029895961,1.31,0.7265135699373695,0.10039303305222658,0.0832476499163709,True,1.0,0.31000000000000005
2019-08-05,Canada Masters,R64,Hard,4,Feliciano Lopez,John Millman,player1,other,0.4564208264621366,2.33,0.4086294416243655,0.04779138483777112,0.06346052565677829,False,1.0,-1.0
2019-08-05,Canada Masters,R64,Hard,4,Peter Polansky,Gael Monfils,player1,other,0.20048733858233328,5.27,0.18040435458786935,0.020082983994463927,0.05656827432889622,False,1.0,-1.0
2019-08-05,Canada Masters,R64,Hard,4,Taylor Fritz,Hubert Hurkacz,player1,other,0.6200832273274935,1.86,0.5105263157894737,0.10955691153801983,0.15335480282913805,False,1.0,-1.0
2019-08-05,Canada Masters,R64,Hard,4,Mikhail Kukushkin,Adrian Mannarino,player1,other,0.5635323841690294,1.93,0.4921052631578948,0.07142712101113458,0.08761750144622671,False,1.0,-1.0
2019-08-05,Canada Masters,R64,Hard,4,Guido Pella,David Goffin,player2,other,0.40298447395242576,2.83,0.3356807511737089,0.06730372277871688,0.14044606128536496,True,1.0,1.83
2019-08-05,Canada Masters,R32,Hard,4,Dominic Thiem,Denis Shapovalov,player1,top_10,0.6696440755736862,1.71,0.5546875,0.11495657557368621,0.1450913692310034,True,1.0,0.71
2019-08-05,Canada Masters,R32,Hard,4,Daniil Medvedev,Kyle Edmund,player2,top_10,0.7710814277734652,1.56,0.6080402010050251,0.16304122676844013,0.2028870273266058,True,1.0,0.56
2019-08-05,Canada Masters,R32,Hard,4,Alexander Zverev,Cameron Norrie,player2,top_10,0.8430468576906125,1.31,0.7259414225941423,0.1171054350964702,0.1043913835747024,True,1.0,0.31000000000000005
2019-08-05,Canada Masters,R32,Hard,4,Karen Khachanov,Stan Wawrinka,player2,top_10,0.4967956032600182,2.28,0.41687979539641945,0.07991580786359875,0.13269397543284145,True,1.0,1.2799999999999998
2019-08-05,Canada Masters,R32,Hard,4,Kei Nishikori,Richard Gasquet,player1,top_10,0.768394117889175,1.38,0.6870748299319728,0.08131928795720222,0.06038388268706141,False,1.0,-1.0
2019-08-05,Canada Masters,R32,Hard,4,Diego Schwartzman,Roberto Bautista Agut,player2,other,0.3595714337045906,3.05,0.3130630630630631,0.04650837064152752,0.09669287279900118,False,1.0,-1.0
2019-08-05,Canada Masters,R32,Hard,4,Ilya Ivashka,Gael Monfils,player2,other,0.33485213402116604,3.36,0.2835820895522388,0.051270044468927245,0.12510317031111795,False,1.0,-1.0
2019-08-05,Canada Masters,R32,Hard,4,Stefanos Tsitsipas,Hubert Hurkacz,player1,top_10,0.7849468259515984,1.43,0.664319248826291,0.12062757712530736,0.12247396111078562,False,1.0,-1.0
2019-08-05,Canada Masters,R32,Hard,4,Fabio Fognini,Tommy Paul,player1,other,0.6132298597861774,1.72,0.5532467532467532,0.05998310653942418,0.0547553588322251,True,1.0,0.72
2019-08-05,Canada Masters,R32,Hard,4,Daniel Evans,Rafael Nadal,player1,top_10,0.13494653775630502,7.93,0.11986681465038847,0.015079723105916557,0.07012604440749881,False,1.0,-1.0
2019-08-05,Canada Masters,R16,Hard,4,Dominic Thiem,Marin Cilic,player2,top_10,0.6380456307795341,1.88,0.5065616797900262,0.13148395098950794,0.19952578586552405,True,1.0,0.8799999999999999
2019-08-05,Canada Masters,R16,Hard,4,Alexander Zverev,Nikoloz Basilashvili,player2,top_10,0.8313844569444165,1.44,0.6611764705882353,0.17020798635618128,0.19719361799995977,True,1.0,0.43999999999999995
2019-08-05,Canada Masters,R16,Hard,4,Gael Monfils,Hubert Hurkacz,player1,other,0.5367073047947283,2.25,0.423076923076923,0.11363038171780526,0.20759143578813866,True,1.0,1.25
2019-08-05,Canada Masters,R16,Hard,4,Fabio Fognini,Adrian Mannarino,player2,other,0.5894079090540703,1.81,0.5249343832020998,0.06447352585197041,0.06682831538786721,True,1.0,0.81
2019-08-05,Canada Masters,R16,Hard,4,Guido Pella,Rafael Nadal,player1,top_10,0.1287157393084615,9.41,0.10124164278892073,0.027474096519540775,0.21121510689262268,False,1.0,-1.0
2019-08-05,Canada Masters,QF,Hard,4,Dominic Thiem,Daniil Medvedev,player2,top_10,0.48775917288471504,2.23,0.42820512820512824,0.059554044679586804,0.08770295553291452,False,1.0,-1.0
2019-08-05,Canada Masters,SF,Hard,4,Daniil Medvedev,Karen Khachanov,player2,top_10,0.7407721677824123,1.5,0.6359223300970874,0.10484983768532485,0.11115825167361842,True,1.0,0.5
2019-08-05,Canada Masters,SF,Hard,4,Gael Monfils,Rafael Nadal,player2,top_10,0.14911851624059128,11.17,0.08592471358428805,0.06319380265630323,0.6656538264074046,False,1.0,-1.0
2019-08-12,Cincinnati Masters,R64,Hard,4,Taylor Fritz,David Goffin,player1,other,0.48260686037400435,2.15,0.44155844155844154,0.041048418815562815,0.03760474980410933,False,1.0,-1.0
2019-08-12,Cincinnati Masters,R64,Hard,4,Borna Coric,Reilly Opelka,player2,other,0.5397502134590301,2.0,0.4750656167979003,0.06468459666112975,0.07950042691806014,False,1.0,-1.0
2019-08-12,Cincinnati Masters,R64,Hard,4,Gael Monfils,Frances Tiafoe,player2,other,0.5894769078065065,1.82,0.5210526315789473,0.0684242762275592,0.0728479722078419,False,1.0,-1.0
2019-08-12,Cincinnati Masters,R32,Hard,4,Guido Pella,David Goffin,player2,other,0.45375693920869553,2.42,0.3919597989949749,0.061797140213720625,0.0980917928850431,False,1.0,-1.0
2019-08-12,Cincinnati Masters,R32,Hard,4,Reilly Opelka,Alex De Minaur,player1,other,0.49765339417248894,2.18,0.4366925064599483,0.06096088771254066,0.08488439929602598,False,1.0,-1.0
2019-08-12,Cincinnati Masters,R32,Hard,4,Kei Nishikori,Yoshihito Nishioka,player2,top_10,0.8203558388162772,1.33,0.7152034261241969,0.10515241269208031,0.09107326562564866,False,1.0,-1.0
2019-08-12,Cincinnati Masters,R32,Hard,4,Federico Delbonis,Richard Gasquet,player1,other,0.32216006985039736,3.39,0.2802547770700637,0.04190529278033367,0.09212263679284705,False,1.0,-1.0
2019-08-12,Cincinnati Masters,R32,Hard,4,Stefanos Tsitsipas,Jan Lennard Struff,player1,top_10,0.687249201936622,1.56,0.6090225563909775,0.07822664554564451,0.07210875502113034,False,1.0,-1.0
2019-08-12,Cincinnati Masters,R32,Hard,4,Nick Kyrgios,Karen Khachanov,player2,top_10,0.6904895129517254,1.64,0.5794871794871795,0.11100233346454591,0.13240280124082965,False,1.0,-1.0
2019-08-12,Cincinnati Masters,R16,Hard,4,David Goffin,Adrian Mannarino,player2,other,0.7351718808680855,1.45,0.6547619047619047,0.08040997610618084,0.06599922725872392,True,1.0,0.44999999999999996
2019-08-12,Cincinnati Masters,R16,Hard,4,Daniil Medvedev,Jan Lennard Struff,player1,top_10,0.7860363793438001,1.38,0.6877828054298643,0.09825357391393585,0.08473020349444405,True,1.0,0.3799999999999999
2019-08-12,Cincinnati Masters,R16,Hard,4,Karen Khachanov,Lucas Pouille,player1,top_10,0.7255652861941543,1.45,0.6555819477434679,0.06998333845068638,0.052069664981523656,False,1.0,-1.0
2019-08-12,Cincinnati Masters,R16,Hard,4,Pablo Carreno Busta,Novak Djokovic,player2,top_10,0.11363485864010736,9.98,0.09601449275362318,0.017620365886484177,0.13407588922827152,False,1.0,-1.0
2019-08-12,Cincinnati Masters,QF,Hard,4,Lucas Pouille,Novak Djokovic,player1,top_10,0.1119438278302775,11.02,0.08623548922056386,0.025708338609713638,0.23362098268965792,False,1.0,-1.0
2019-08-19,Winston-Salem,R64,Hard,3,Andy Murray,Tennys Sandgren,player2,other,0.6535508697691504,1.68,0.5625,0.09105086976915044,0.0979654612121727,False,1.0,-1.0
2019-08-19,Winston-Salem,R64,Hard,3,Amir Weintraub,Bjorn Fratangelo,player1,other,0.18372152332471128,10.3,0.09251101321585904,0.09121051010885224,0.8923316902445263,False,1.0,-1.0
2019-08-19,Winston-Salem,R32,Hard,3,Denis Shapovalov,Tennys Sandgren,player2,other,0.7613795551915871,1.38,0.6877828054298643,0.07359674976172281,0.050703786164390086,True,1.0,0.3799999999999999
2019-08-19,Winston-Salem,R32,Hard,3,Roberto Carballes Baena,Sam Querrey,player2,other,0.30231829734836185,3.8,0.2504930966469428,0.05182520070141905,0.14880952992377494,False,1.0,-1.0
2019-08-19,Winston-Salem,R32,Hard,3,Pablo Andujar,Feliciano Lopez,player1,other,0.4688892925422845,2.22,0.42783505154639173,0.04105424099589278,0.040934229443871706,False,1.0,-1.0
2019-08-19,Winston-Salem,R32,Hard,3,Lloyd Harris,Casper Ruud,player1,other,0.47232829332356774,2.22,0.42783505154639173,0.04449324177717601,0.04856881117832046,False,1.0,-1.0
2019-08-19,Winston-Salem,R32,Hard,3,Robin Haase,Joao Sousa,player1,other,0.4772684111244863,2.17,0.4363636363636364,0.040904774760849916,0.03567245214013526,True,1.0,1.17
2019-08-19,Winston-Salem,R32,Hard,3,Benoit Paire,Prajnesh Gunneswaran,player2,other,0.7078144352726657,1.49,0.6365853658536585,0.0712290694190072,0.054643508556271925,True,1.0,0.49
2019-08-19,Winston-Salem,R16,Hard,3,Andrey Rublev,Sam Querrey,player1,other,0.5703331054852179,1.99,0.47769028871391084,0.09264281677130703,0.13496287991558353,True,1.0,0.99
2019-08-19,Winston-Salem,R16,Hard,3,Feliciano Lopez,Hubert Hurkacz,player1,other,0.35240448980858785,3.0,0.3150684931506849,0.03733599665790294,0.05721346942576355,False,1.0,-1.0
2019-08-19,Winston-Salem,QF,Hard,3,Frances Tiafoe,Hubert Hurkacz,player1,other,0.5609738640969898,1.91,0.4973684210526315,0.06360544304435828,0.07146008042525043,False,1.0,-1.0
2019-08-19,Winston-Salem,QF,Hard,3,John Millman,Steve Johnson,player1,other,0.4583660371871498,2.32,0.4096692111959288,0.04869682599122099,0.06340920627418756,False,1.0,-1.0
2019-08-19,Winston-Salem,QF,Hard,3,Pablo Carreno Busta,Benoit Paire,player2,other,0.5894670776646477,1.84,0.5170603674540682,0.07240671021057943,0.08461942290295177,False,1.0,-1.0
2019-08-26,US Open,R128,Hard,5,Roberto Carballes Baena,Novak Djokovic,player2,top_10,0.09864127698660312,17.33,0.0555858310626703,0.04305544592393282,0.7094533301778317,False,1.0,-1.0
2019-08-26,US Open,R128,Hard,5,Janko Tipsarevic,Denis Kudla,player2,other,0.5001869941777071,2.42,0.3919597989949749,0.10822719518273216,0.21045252591005104,False,1.0,-1.0
2019-08-26,US Open,R128,Hard,5,Fabio Fognini,Reilly Opelka,player1,other,0.5512422224706569,2.12,0.4493506493506493,0.10189157312000763,0.16863351163779272,False,1.0,-1.0
2019-08-26,US Open,R128,Hard,5,Feliciano Lopez,Taylor Fritz,player2,other,0.29434148237985536,3.78,0.25148514851485154,0.042856333865003815,0.11261080339585317,True,1.0,2.78
2019-08-26,US Open,R128,Hard,5,Prajnesh Gunneswaran,Daniil Medvedev,player1,top_10,0.10416356577435874,20.19,0.04764150943396226,0.05652205634039648,1.103062392984303,False,1.0,-1.0
2019-08-26,US Open,R128,Hard,5,Guido Pella,Pablo Carreno Busta,player1,other,0.5247859557656147,1.97,0.48157894736842105,0.04320700839719366,0.03382833285826092,False,1.0,-1.0
2019-08-26,US Open,R128,Hard,5,Ricardas Berankis,Jiri Vesely,player1,other,0.6433172228312016,1.77,0.5390625,0.10425472283120163,0.1386714844112269,True,1.0,0.77
2019-08-26,US Open,R128,Hard,5,Corentin Moutet,David Goffin,player2,other,0.18267935477148756,8.63,0.11030927835051545,0.07237007642097211,0.5765228316779378,False,1.0,-1.0
2019-08-26,US Open,R128,Hard,5,Jack Sock,Pablo Cuevas,player1,other,0.46149813646863036,2.29,0.41581632653061223,0.045681809938018125,0.05683073251316351,False,1.0,-1.0
2019-08-26,US Open,R128,Hard,5,Nicolas Jarry,Kamil Majchrzak,player2,other,0.591200458942328,1.79,0.5301837270341206,0.06101673190820733,0.05824882150676708,False,1.0,-1.0
2019-08-26,US Open,R128,Hard,5,Marco Trungelliti,Kei Nishikori,player2,top_10,0.11385583571413761,10.74,0.089058524173028,0.024797311541109618,0.22281167556983805,False,1.0,-1.0
2019-08-26,US Open,R128,Hard,5,Stefanos Tsitsipas,Andrey Rublev,player2,top_10,0.7728616863999247,1.5,0.6332518337408313,0.13960985265909343,0.15929252959988704,False,1.0,-1.0
2019-08-26,US Open,R128,Hard,5,Matteo Berrettini,Richard Gasquet,player2,other,0.47564459134652565,2.26,0.4205128205128206,0.055131770833705074,0.07495677644314791,True,1.0,1.2599999999999998
2019-08-26,US Open,R128,Hard,5,Pablo Andujar,Kyle Edmund,player2,other,0.24238389243681988,4.64,0.2054794520547945,0.036904440382025366,0.12466126090684415,True,1.0,3.6399999999999997
2019-08-26,US Open,R128,Hard,5,Alexander Bublik,Santiago Giraldo,player1,other,0.6546011837461106,1.64,0.5805626598465473,0.07403852389956334,0.07354594134362141,True,1.0,0.6399999999999999
2019-08-26,US Open,R128,Hard,5,Alexander Zverev,Radu Albot,player2,top_10,0.7915716041234068,1.44,0.6611764705882353,0.13039513353517151,0.13986310993770573,True,1.0,0.43999999999999995
2019-08-26,US Open,R128,Hard,5,Lloyd Harris,Egor Gerasimov,player2,other,0.43665135965967433,2.39,0.39798488664987414,0.038666473009800195,0.04359674958662174,False,1.0,-1.0
2019-08-26,US Open,R128,Hard,5,Vasek Pospisil,Karen Khachanov,player2,top_10,0.1507425830010429,7.19,0.1326899879372738,0.018052595063769106,0.08383917177749856,True,1.0,6.19
2019-08-26,US Open,R128,Hard,5,Guillermo Garcia Lopez,John Isner,player2,other,0.24841746456572142,5.07,0.1875,0.06091746456572142,0.25947654534820763,False,1.0,-1.0
2019-08-26,US Open,R128,Hard,5,Jan Lennard Struff,Casper Ruud,player2,other,0.7583090843717027,1.36,0.6991150442477876,0.05919404012391516,0.03130035474551579,True,1.0,0.3600000000000001
2019-08-26,US Open,R128,Hard,5,Martin Klizan,Marin Cilic,player2,other,0.18598766740427583,6.19,0.15437158469945356,0.031616082704822274,0.15126366123246748,False,1.0,-1.0
2019-08-26,US Open,R128,Hard,5,Tobias Kamke,Fernando Verdasco,player1,other,0.29644047166001014,3.5,0.27083333333333337,0.02560713832667677,0.037541650810035576,False,1.0,-1.0
2019-08-26,US Open,R128,Hard,5,John Millman,Rafael Nadal,player1,top_10,0.12493656212814179,16.21,0.0591990713871155,0.06573749074102629,1.0252216720971785,False,1.0,-1.0
2019-08-26,US Open,R64,Hard,5,Hugo Dellien,Daniil Medvedev,player2,top_10,0.11937685329049123,14.3,0.06657963446475196,0.052797218825739275,0.7070890020540247,False,1.0,-1.0
2019-08-26,US Open,R64,Hard,5,Damir Dzumhur,Roger Federer,player2,top_10,0.11318977655323754,11.44,0.08333333333333334,0.029856443219904202,0.2948910437690374,False,1.0,-1.0
2019-08-26,US Open,R64,Hard,5,Ricardas Berankis,Pablo Carreno Busta,player2,other,0.26105157286565395,3.99,0.23854961832061067,0.02250195454504328,0.04159577573395934,False,1.0,-1.0
2019-08-26,US Open,R64,Hard,5,Cristian Garin,Alex De Minaur,player1,other,0.24912582963676214,4.56,0.20833333333333331,0.04079249630342882,0.13601378314363521,False,1.0,-1.0
2019-08-26,US Open,R64,Hard,5,Marius Copil,Gael Monfils,player1,other,0.18580530340921272,6.01,0.15826330532212884,0.02754199808708388,0.11668987348936843,False,1.0,-1.0
2019-08-26,US Open,R64,Hard,5,Henri Laaksonen,Denis Shapovalov,player1,other,0.16783788481913064,9.3,0.1023166023166023,0.06552128250252834,0.5608923288179151,False,1.0,-1.0
2019-08-26,US Open,R64,Hard,5,Alexander Bublik,Thomas Fabbiano,player1,other,0.5150541013185853,2.44,0.39,0.1250541013185853,0.2567320072173481,True,1.0,1.44
2019-08-26,US Open,R64,Hard,5,Alexander Zverev,Frances Tiafoe,player1,top_10,0.7757025897031001,1.52,0.6265356265356266,0.14916696316747358,0.1790679363487122,True,1.0,0.52
2019-08-26,US Open,R64,Hard,5,Benoit Paire,Aljaz Bedene,player2,other,0.7057779721504351,1.48,0.6416464891041161,0.064131483046319,0.04455139878264397,False,1.0,-1.0
2019-08-26,US Open,R64,Hard,5,Egor Gerasimov,Diego Schwartzman,player1,other,0.27722534034452634,4.19,0.2269372693726937,0.05028807097183263,0.1615741760435655,False,1.0,-1.0
2019-08-26,US Open,R64,Hard,5,Vasek Pospisil,Tennys Sandgren,player1,other,0.43340408704461847,2.52,0.37777777777777777,0.0556263092668407,0.0921782993524386,False,1.0,-1.0
2019-08-26,US Open,R64,Hard,5,Cedrik Marcel Stebe,Marin Cilic,player2,other,0.18746164563555556,7.7,0.12400455062571104,0.06345709500984452,0.4434546713937779,False,1.0,-1.0
2019-08-26,US Open,R64,Hard,5,Thanasi Kokkinakis,Rafael Nadal,player2,top_10,0.1083065622212795,10.92,0.08695652173913045,0.021350040482149057,0.18270765945637213,False,1.0,-1.0
2019-08-26,US Open,R32,Hard,5,Paolo Lorenzi,Stan Wawrinka,player1,other,0.15920737586642017,9.12,0.10500490677134446,0.054202469095075714,0.4519712679017519,False,1.0,-1.0
2019-08-26,US Open,R32,Hard,5,Kamil Majchrzak,Grigor Dimitrov,player2,other,0.2681681976808495,3.86,0.24756335282651076,0.020604844854338722,0.03512924304807896,False,1.0,-1.0
2019-08-26,US Open,R32,Hard,5,Kei Nishikori,Alex De Minaur,player2,top_10,0.7552209060971181,1.55,0.6144278606965174,0.14079304540060067,0.17059240445053314,False,1.0,-1.0
2019-08-26,US Open,R32,Hard,5,Andrey Rublev,Nick Kyrgios,player2,other,0.4248813437384218,2.58,0.36919315403422975,0.05568818970419204,0.0961938668451282,True,1.0,1.58
2019-08-26,US Open,R32,Hard,5,Denis Shapovalov,Gael Monfils,player2,other,0.5624704399095709,2.14,0.4455958549222798,0.11687458498729109,0.2036867414064818,False,1.0,-1.0
2019-08-26,US Open,R32,Hard,5,Alexander Bublik,Pablo Andujar,player2,other,0.45043675871651984,2.46,0.38653366583541143,0.0639030928811084,0.10807442644263887,False,1.0,-1.0
2019-08-26,US Open,R32,Hard,5,Alexander Zverev,Aljaz Bedene,player1,top_10,0.8340557661519687,1.26,0.7543859649122807,0.07966980123968803,0.05091026535148063,True,1.0,0.26
2019-08-26,US Open,R32,Hard,5,Marin Cilic,John Isner,player2,other,0.5215744675561989,2.01,0.47382198952879584,0.04775247802740301,0.04836467978795955,True,1.0,1.0099999999999998
2019-08-26,US Open,R32,Hard,5,Hyeon Chung,Rafael Nadal,player2,top_10,0.11293782202125828,15.67,0.06111443978430198,0.0518233822369563,0.7697356710731171,False,1.0,-1.0
2019-08-26,US Open,R16,Hard,5,Novak Djokovic,Stan Wawrinka,player2,top_10,0.8620557600633395,1.2,0.7948717948717949,0.06718396519154457,0.034466912076007356,False,1.0,-1.0
2019-08-26,US Open,R16,Hard,5,Pablo Andujar,Gael Monfils,player2,other,0.2570921463022054,5.09,0.18690095846645366,0.07019118783575173,0.3085990246782253,False,1.0,-1.0
2019-08-26,US Open,R16,Hard,5,Alexander Zverev,Diego Schwartzman,player1,top_10,0.6349469097817102,1.84,0.5195822454308094,0.11536466435090076,0.16830231399834683,False,1.0,-1.0
2019-08-26,US Open,R16,Hard,5,Marin Cilic,Rafael Nadal,player1,top_10,0.12138750449073492,8.79,0.10851926977687629,0.012868234713858631,0.06699616447355983,False,1.0,-1.0
2019-08-26,US Open,QF,Hard,5,Daniil Medvedev,Stan Wawrinka,player1,top_10,0.6515345842738771,2.03,0.47135416666666663,0.18018041760721049,0.3226152060759704,True,1.0,1.0299999999999998
2019-08-26,US Open,QF,Hard,5,Grigor Dimitrov,Roger Federer,player2,top_10,0.13283678695842563,9.44,0.10095238095238096,0.03188440600604467,0.25397926888753786,True,1.0,8.44
2019-08-26,US Open,QF,Hard,5,Matteo Berrettini,Gael Monfils,player2,other,0.4099151609169465,2.57,0.37163814180929094,0.038277019107655574,0.053481963556552437,True,1.0,1.5699999999999998
2019-08-26,US Open,QF,Hard,5,Diego Schwartzman,Rafael Nadal,player1,top_10,0.11200984314794767,9.99,0.09592760180995474,0.016082241337992922,0.11897833304799721,False,1.0,-1.0
2019-08-26,US Open,SF,Hard,5,Grigor Dimitrov,Daniil Medvedev,player2,top_10,0.4205038445515594,2.78,0.34433962264150947,0.07616422191004996,0.1690006878533351,False,1.0,-1.0
2019-08-26,US Open,SF,Hard,5,Matteo Berrettini,Rafael Nadal,player2,top_10,0.16096937601402816,9.96,0.09618874773139745,0.06478062828263072,0.6032549850997208,False,1.0,-1.0
2019-08-26,US Open,F,Hard,5,Daniil Medvedev,Rafael Nadal,player1,top_10,0.24084658672236706,4.96,0.1934959349593496,0.04735065176301745,0.19459907014294053,False,1.0,-1.0
2019-09-16,Metz,R32,Hard,3,Pablo Andujar,Jo-Wilfried Tsonga,player1,other,0.21689545798165036,4.86,0.19536423841059597,0.02153121957105439,0.0541119257908208,False,1.0,-1.0
2019-09-16,Metz,R32,Hard,3,Jan Lennard Struff,Pierre Hugues Herbert,player2,other,0.7335279144625962,1.43,0.6611374407582938,0.0723904737043024,0.0489449176815126,False,1.0,-1.0
2019-09-16,Metz,R32,Hard,3,Marcel Granollers,Richard Gasquet,player1,other,0.36021465929706603,3.01,0.3143507972665148,0.045863862030551206,0.08424612448416868,False,1.0,-1.0
2019-09-16,Metz,R16,Hard,3,Nikoloz Basilashvili,Yannick Maden,player2,other,0.702366889743776,1.58,0.598984771573604,0.10338211817017207,0.10973968579516619,True,1.0,0.5800000000000001
2019-09-16,Metz,R16,Hard,3,Pierre Hugues Herbert,Jo-Wilfried Tsonga,player2,other,0.35077515643978363,3.09,0.30561797752808995,0.045157178911693685,0.08389523339893135,False,1.0,-1.0
2019-09-16,Metz,R16,Hard,3,Benoit Paire,Richard Gasquet,player2,other,0.47421474766623145,2.37,0.39999999999999997,0.07421474766623148,0.12388895196896865,True,1.0,1.37
2019-09-16,Metz,R16,Hard,3,Aljaz Bedene,Gilles Simon,player1,other,0.4499949729308275,2.33,0.40561224489795916,0.04438272803286836,0.04848828692882812,True,1.0,1.33
2019-09-16,Metz,SF,Hard,3,Lucas Pouille,Jo-Wilfried Tsonga,player1,other,0.5430115536753155,2.2,0.43152454780361754,0.11148700587169796,0.19462541808569422,False,1.0,-1.0
2019-09-16,Metz,F,Hard,3,Aljaz Bedene,Jo-Wilfried Tsonga,player1,other,0.36165235934198786,3.03,0.31292517006802717,0.04872718927396069,0.09580664880622314,False,1.0,-1.0
2019-09-16,St. Petersburg,R32,Hard,3,Janko Tipsarevic,Damir Dzumhur,player2,other,0.3424900188498985,3.07,0.30855855855855857,0.03393146029133992,0.05144435786918833,False,1.0,-1.0
2019-09-16,St. Petersburg,R32,Hard,3,Roberto Carballes Baena,Martin Klizan,player1,other,0.5151932440244986,2.05,0.46194225721784776,0.05325098680665086,0.05614615025022207,True,1.0,1.0499999999999998
2019-09-16,St. Petersburg,R16,Hard,3,Karen Khachanov,Joao Sousa,player1,top_10,0.7629057964009421,1.38,0.6870748299319728,0.07583096646896936,0.05280999903330008,False,1.0,-1.0
2019-09-16,St. Petersburg,R16,Hard,3,Egor Gerasimov,Adrian Mannarino,player2,other,0.5045858573959863,2.16,0.43896103896103894,0.06562481843494733,0.0899054519753304,True,1.0,1.1600000000000001
2019-09-16,St. Petersburg,SF,Hard,3,Borna Coric,Joao Sousa,player2,other,0.6181366658541794,1.82,0.5223097112860893,0.0958269545680901,0.12500873185460648,True,1.0,0.8200000000000001
2019-09-16,St. Petersburg,SF,Hard,3,Egor Gerasimov,Daniil Medvedev,player2,top_10,0.2240165435756373,5.61,0.1688888888888889,0.055127654686748406,0.2567328094593252,False,1.0,-1.0
2019-09-23,Chengdu,R32,Hard,3,Radu Albot,Pablo Carreno Busta,player2,other,0.4341586929965952,2.42,0.3888888888888889,0.04526980410770631,0.05066403705176048,False,1.0,-1.0
2019-09-23,Chengdu,R16,Hard,3,Felix Auger Aliassime,Joao Sousa,player1,other,0.5837419190097911,1.78,0.5328083989501312,0.0509335200596599,0.0390606158374282,False,1.0,-1.0
2019-09-23,Chengdu,R16,Hard,3,Lloyd Harris,Dusan Lajovic,player1,other,0.501143206387462,2.29,0.4143222506393862,0.0868209557480758,0.147617942627288,True,1.0,1.29
2019-09-23,Chengdu,R16,Hard,3,Cristian Garin,Fernando Verdasco,player1,other,0.5031044498118143,2.47,0.3840399002493765,0.11906454956243784,0.24266799103518155,True,1.0,1.4700000000000002
2019-09-23,Chengdu,SF,Hard,3,Lloyd Harris,Alexander Bublik,player1,other,0.5702489404170206,2.05,0.46194225721784776,0.1083066831991728,0.169010327854892,False,1.0,-1.0
2019-09-23,Zhuhai,R32,Hard,3,Nick Kyrgios,Andreas Seppi,player2,other,0.695594934354744,1.53,0.6194029850746269,0.07619194928011708,0.06426024956275828,False,1.0,-1.0
2019-09-23,Zhuhai,R16,Hard,3,Pablo Andujar,Roberto Bautista Agut,player2,top_10,0.26155044658286014,4.06,0.2339622641509434,0.02758818243191674,0.061894813126412096,False,1.0,-1.0
2019-09-23,Zhuhai,R16,Hard,3,Di Wu,Borna Coric,player2,other,0.21230135722830215,5.09,0.18690095846645366,0.02540039876184849,0.08061390829205795,False,1.0,-1.0
2019-09-23,Zhuhai,QF,Hard,3,Andreas Seppi,Roberto Bautista Agut,player1,top_10,0.2716149769965596,4.3,0.2210144927536232,0.05060048424293642,0.16794440108520636,False,1.0,-1.0
2019-09-23,Zhuhai,QF,Hard,3,Damir Dzumhur,Adrian Mannarino,player1,other,0.5518825982918122,1.94,0.49081364829396334,0.06106894999784884,0.07065224068611564,False,1.0,-1.0
2019-09-30,Tokyo,R32,Hard,3,Benoit Paire,Yasutaka Uchiyama,player1,other,0.6788328962740674,1.8,0.5263157894736842,0.15251710680038322,0.2218992132933213,False,1.0,-1.0
2019-09-30,Tokyo,R32,Hard,3,Gilles Simon,Pablo Andujar,player1,other,0.556417570169807,1.94,0.4881266490765172,0.06829092109328977,0.0794500861294255,True,1.0,0.94
2019-09-30,Tokyo,R32,Hard,3,Yuichi Sugita,Marin Cilic,player2,other,0.23876868913792892,4.36,0.2172351885098743,0.02153350062805462,0.041031484641370186,False,1.0,-1.0
2019-09-30,Tokyo,R16,Hard,3,Lloyd Harris,John Millman,player1,other,0.4987268254391255,2.45,0.38596491228070173,0.11276191315842377,0.22188072232585754,False,1.0,-1.0
2019-09-30,Tokyo,R16,Hard,3,Radu Albot,Yasutaka Uchiyama,player2,other,0.6299779627529468,1.67,0.5673575129533679,0.06262044979957893,0.052063197797421135,False,1.0,-1.0
2019-09-30,Tokyo,R16,Hard,3,Reilly Opelka,Gilles Simon,player1,other,0.6563338319188852,1.81,0.5236842105263159,0.1326496213925693,0.18796423577318222,True,1.0,0.81
2019-09-30,Tokyo,R16,Hard,3,Hyeon Chung,Marin Cilic,player1,other,0.4008779538279927,2.63,0.3600973236009733,0.04078063022701939,0.054309018567620826,True,1.0,1.63
2019-09-30,Tokyo,R16,Hard,3,Denis Shapovalov,David Goffin,player2,other,0.5225563055262935,2.02,0.4684210526315789,0.0541352528947146,0.055563737163112914,False,1.0,-1.0
2019-09-30,Tokyo,R16,Hard,3,Go Soeda,Novak Djokovic,player1,top_10,0.1029719705099718,13.19,0.07243319268635724,0.030538777823614555,0.35820029102652795,False,1.0,-1.0
2019-09-30,Tokyo,QF,Hard,3,Reilly Opelka,Yasutaka Uchiyama,player2,other,0.6999810525177481,1.51,0.6280788177339901,0.07190223478375801,0.05697138930179968,True,1.0,0.51
2019-09-30,Tokyo,F,Hard,3,John Millman,Novak Djokovic,player2,top_10,0.10167016854879606,11.69,0.08169677926158682,0.019973389287209237,0.18852427033542585,False,1.0,-1.0
2019-09-30,Beijing,R32,Hard,3,Alexander Zverev,Frances Tiafoe,player2,top_10,0.8198633208158163,1.41,0.6728538283062646,0.14700949250955164,0.15600728235030087,True,1.0,0.4099999999999999
2019-09-30,Beijing,R32,Hard,3,Sam Querrey,Roberto Bautista Agut,player1,top_10,0.3003173529049135,3.58,0.2633744855967078,0.03694286730820573,0.0751361233995903,True,1.0,2.58
2019-09-30,Beijing,R32,Hard,3,Andy Murray,Matteo Berrettini,player2,other,0.4290198660305283,2.47,0.3825,0.04651986603052827,0.05967906909540488,True,1.0,1.4700000000000002
2019-09-30,Beijing,R32,Hard,3,Cristian Garin,Cameron Norrie,player1,other,0.5009195442212419,2.11,0.44908616187989553,0.051833382341346323,0.05694023830682027,False,1.0,-1.0
2019-09-30,Beijing,R16,Hard,3,Alexander Zverev,Felix Auger Aliassime,player1,top_10,0.811972983764599,1.4,0.6759259259259259,0.1360470578386731,0.1367621772704386,True,1.0,0.3999999999999999
2019-09-30,Beijing,R16,Hard,3,Jeremy Chardy,Karen Khachanov,player1,top_10,0.36995337004723905,3.45,0.27521008403361347,0.09474328601362558,0.2763391266629748,False,1.0,-1.0
2019-09-30,Beijing,QF,Hard,3,Fabio Fognini,Karen Khachanov,player2,top_10,0.5035841413515164,2.41,0.3944723618090452,0.1091117795424712,0.21363778065715466,False,1.0,-1.0
2019-09-30,Beijing,QF,Hard,3,Andy Murray,Dominic Thiem,player2,top_10,0.3618748927169571,2.91,0.3263888888888889,0.03548600382806821,0.05305593780634521,False,1.0,-1.0
2019-09-30,Beijing,SF,Hard,3,Stefanos Tsitsipas,Alexander Zverev,player2,top_10,0.5745864449150709,2.16,0.4404145077720207,0.13417193714305026,0.24110672101655328,True,1.0,1.1600000000000001
2019-09-30,Beijing,SF,Hard,3,Karen Khachanov,Dominic Thiem,player2,top_10,0.46965861598796516,2.43,0.3909774436090226,0.07868117237894257,0.14127043685075547,False,1.0,-1.0
2019-09-30,Beijing,F,Hard,3,Stefanos Tsitsipas,Dominic Thiem,player2,top_10,0.5515118377347832,1.95,0.48684210526315796,0.06466973247162522,0.07544808358282717,False,1.0,-1.0
2019-10-07,Shanghai Masters,R64,Hard,4,Cristian Garin,Pablo Cuevas,player1,other,0.5713212343521509,2.11,0.44908616187989553,0.12223507247225535,0.20548780448303827,True,1.0,1.1099999999999999
2019-10-07,Shanghai Masters,R64,Hard,4,Sam Querrey,Fabio Fognini,player1,other,0.6267265355539531,1.77,0.5366492146596858,0.09007732089426723,0.10930596793049696,False,1.0,-1.0
2019-10-07,Shanghai Masters,R64,Hard,4,Diego Schwartzman,Vasek Pospisil,player1,other,0.7733128511205051,1.35,0.7006651884700665,0.07264766265043854,0.04397234901268193,False,1.0,-1.0
2019-10-07,Shanghai Masters,R64,Hard,4,Lorenzo Sonego,Gael Monfils,player2,other,0.3002637308447535,3.61,0.26326530612244897,0.036998424722304524,0.08395206834956015,False,1.0,-1.0
2019-10-07,Shanghai Masters,R32,Hard,4,Jeremy Chardy,Alexander Zverev,player2,top_10,0.2784924759287201,3.87,0.24561403508771928,0.03287844084100083,0.0777658818441469,False,1.0,-1.0
2019-10-07,Shanghai Masters,R32,Hard,4,Karen Khachanov,Taylor Fritz,player1,top_10,0.699053450114274,1.48,0.6416464891041161,0.05740696101015785,0.03459910616912548,True,1.0,0.48
2019-10-07,Shanghai Masters,R32,Hard,4,Stefanos Tsitsipas,Felix Auger Aliassime,player2,top_10,0.7511707229866103,1.41,0.6713286713286714,0.0798420516579389,0.05915071941112038,True,1.0,0.4099999999999999
2019-10-07,Shanghai Masters,R32,Hard,4,Gael Monfils,Hubert Hurkacz,player1,other,0.7450269482833823,1.41,0.6720930232558139,0.07293392502756846,0.050487997079569025,False,1.0,-1.0
2019-10-07,Shanghai Masters,R32,Hard,4,Lucas Pouille,John Isner,player1,other,0.38067140134972793,2.71,0.3501199040767386,0.030551497272989336,0.03161949765776262,False,1.0,-1.0
2019-10-07,Shanghai Masters,R16,Hard,4,Nikoloz Basilashvili,Dominic Thiem,player2,top_10,0.2849183898880817,4.1,0.23220973782771534,0.05270865206036637,0.16816539854113488,False,1.0,-1.0
2019-10-07,Shanghai Masters,R16,Hard,4,Karen Khachanov,Fabio Fognini,player2,top_10,0.7579758531371987,1.43,0.6619385342789598,0.09603731885823896,0.08390546998619414,False,1.0,-1.0
2019-10-07,Shanghai Masters,R16,Hard,4,Vasek Pospisil,Daniil Medvedev,player1,top_10,0.14772795669483996,7.91,0.12013348164627363,0.027594475048566325,0.168528137456184,False,1.0,-1.0
2019-10-07,Shanghai Masters,R16,Hard,4,Stefanos Tsitsipas,Hubert Hurkacz,player2,top_10,0.8300091248118505,1.38,0.6877828054298643,0.14222631938198627,0.14541259224035363,True,1.0,0.3799999999999999
2019-10-07,Shanghai Masters,R16,Hard,4,John Isner,Novak Djokovic,player2,top_10,0.14207701919673288,7.7,0.12400455062571104,0.018072468571021835,0.09399304781484319,False,1.0,-1.0
2019-10-07,Shanghai Masters,QF,Hard,4,Roger Federer,Alexander Zverev,player1,top_10,0.7631316490873624,1.43,0.6658878504672897,0.09724379862007271,0.09127825819492819,False,1.0,-1.0
2019-10-07,Shanghai Masters,QF,Hard,4,Dominic Thiem,Matteo Berrettini,player2,top_10,0.764891198608116,1.6,0.5949367088607596,0.1699544897473565,0.22382591777298577,False,1.0,-1.0
2019-10-07,Shanghai Masters,QF,Hard,4,Daniil Medvedev,Fabio Fognini,player2,top_10,0.8542369805292399,1.21,0.7850799289520427,0.0691570515771972,0.03362674644038027,True,1.0,0.20999999999999996
2019-10-07,Shanghai Masters,SF,Hard,4,Alexander Zverev,Matteo Berrettini,player1,top_10,0.6464925132873311,1.6,0.5949367088607596,0.051555804426571594,0.034388021259729895,True,1.0,0.6000000000000001
2019-10-07,Shanghai Masters,SF,Hard,4,Daniil Medvedev,Stefanos Tsitsipas,player2,top_10,0.8026097369933204,1.4,0.6796338672768879,0.12297586971643248,0.12365363179064848,True,1.0,0.3999999999999999
2019-10-14,Stockholm,R32,Hard,3,Sam Querrey,Dennis Novak,player2,other,0.7019688444088361,1.52,0.6228287841191067,0.07914006028972942,0.06699264350143092,True,1.0,0.52
2019-10-14,Stockholm,R32,Hard,3,Yoshihito Nishioka,Radu Albot,player1,other,0.5325728106682546,2.09,0.4543080939947781,0.07826471667347645,0.11307717429665198,True,1.0,1.0899999999999999
2019-10-14,Stockholm,R32,Hard,3,Janko Tipsarevic,Corentin Moutet,player2,other,0.47330530315252456,2.86,0.3302107728337237,0.14309453031880087,0.35365316701622007,True,1.0,1.8599999999999999
2019-10-14,Stockholm,R16,Hard,3,Cedrik Marcel Stebe,Mikael Ymer,player1,other,0.3356859287107861,3.72,0.2545090180360721,0.081176910674714,0.24875165480412442,True,1.0,2.72
2019-10-14,Stockholm,SF,Hard,3,Filip Krajinovic,Pablo Carreno Busta,player2,other,0.4956005001066541,2.22,0.42783505154639173,0.06776544856026234,0.10023311023677217,True,1.0,1.2200000000000002
2019-10-14,Stockholm,SF,Hard,3,Yuichi Sugita,Denis Shapovalov,player2,other,0.1920792495647939,7.01,0.1366995073891626,0.055379742175631325,0.3464755394492053,False,1.0,-1.0
2019-10-14,Antwerp,R32,Hard,3,Peter Gojowczyk,Guido Pella,player1,other,0.42315767958578493,2.44,0.38847117794486213,0.034686501640922796,0.03250473818931521,False,1.0,-1.0
2019-10-14,Antwerp,R32,Hard,3,Hugo Dellien,Pablo Cuevas,player1,other,0.2885700084738906,4.13,0.2294776119402985,0.05909239653359208,0.19179413499716802,False,1.0,-1.0
2019-10-14,Antwerp,R32,Hard,3,Cameron Norrie,Feliciano Lopez,player1,other,0.6907659286698071,1.6,0.5907928388746803,0.09997308979512687,0.10522548587169145,False,1.0,-1.0
2019-10-14,Antwerp,R32,Hard,3,Frances Tiafoe,Yannick Maden,player2,other,0.6417388852298259,1.75,0.5406824146981627,0.10105647053166322,0.12304304915219533,True,1.0,0.75
2019-10-14,Antwerp,R16,Hard,3,Diego Schwartzman,Marius Copil,player1,other,0.7600503873311677,1.4,0.6759259259259259,0.08412446140524177,0.06407054226363473,False,1.0,-1.0
2019-10-14,Antwerp,R16,Hard,3,Frances Tiafoe,Jan Lennard Struff,player2,other,0.4551424580982744,2.32,0.40816326530612246,0.04697919279215196,0.055930502787996494,True,1.0,1.3199999999999998
2019-10-14,Antwerp,QF,Hard,3,Marius Copil,Andy Murray,player1,other,0.4190128282181213,3.92,0.24177949709864605,0.17723333111947526,0.6425302866150355,False,1.0,-1.0
2019-10-14,Antwerp,F,Hard,3,Andy Murray,Stan Wawrinka,player2,other,0.4984385105796974,2.52,0.37623762376237624,0.12220088681732116,0.2560650466608374,True,1.0,1.52
2019-10-14,Moscow,R32,Hard,3,Pierre Hugues Herbert,Philipp Kohlschreiber,player1,other,0.47253497292192265,2.25,0.42010309278350516,0.052431880138417486,0.06320368907432594,False,1.0,-1.0
2019-10-14,Moscow,R32,Hard,3,Roberto Carballes Baena,Ricardas Berankis,player1,other,0.3158988319569106,3.32,0.28448275862068967,0.03141607333622093,0.04878412209694316,True,1.0,2.32
2019-10-14,Moscow,R32,Hard,3,Evgeny Donskoy,Mikhail Kukushkin,player1,other,0.4280962290346144,2.48,0.3815461346633417,0.04655009437127272,0.06167864800584377,False,1.0,-1.0
2019-10-14,Moscow,R32,Hard,3,Thomas Fabbiano,Egor Gerasimov,player1,other,0.3456190228473092,3.69,0.2560483870967742,0.08957063575053503,0.275334194306571,False,1.0,-1.0
2019-10-14,Moscow,QF,Hard,3,Andreas Seppi,Karen Khachanov,player1,top_10,0.3651282840394689,3.6,0.2638036809815951,0.10132460305787377,0.3144618225420881,True,1.0,2.6
2019-10-14,Moscow,QF,Hard,3,Marin Cilic,Jeremy Chardy,player1,other,0.635332476281398,1.76,0.5392670157068064,0.09606546057459164,0.11818515825526049,True,1.0,0.76
2019-10-14,Moscow,SF,Hard,3,Andreas Seppi,Adrian Mannarino,player1,other,0.4523137267736425,2.35,0.4035532994923858,0.048760427281256735,0.06293725791806004,False,1.0,-1.0
2019-10-14,Moscow,SF,Hard,3,Marin Cilic,Andrey Rublev,player1,other,0.44810591128338295,2.33,0.40712468193384227,0.04098122934954068,0.04408677329028232,False,1.0,-1.0
2019-10-14,Moscow,F,Hard,3,Andrey Rublev,Adrian Mannarino,player1,other,0.7375589422934666,1.43,0.6627358490566039,0.07482309323686276,0.054709287479657254,True,1.0,0.42999999999999994
2019-10-21,Basel,R32,Hard,3,Hugo Dellien,Alex De Minaur,player2,other,0.20060704765883086,8.31,0.1140724946695096,0.08653455298932126,0.6670445660448845,False,1.0,-1.0
2019-10-21,Basel,R32,Hard,3,Roberto Bautista Agut,Marius Copil,player1,top_10,0.8316704669419153,1.29,0.7367346938775509,0.0949357730643644,0.07285490235507072,True,1.0,0.29000000000000004
2019-10-21,Basel,R32,Hard,3,Radu Albot,Dusan Lajovic,player1,other,0.5910791292601763,1.75,0.5406824146981627,0.050396714562013556,0.03438847620530844,True,1.0,0.75
2019-10-21,Basel,R32,Hard,3,Peter Gojowczyk,Roger Federer,player2,top_10,0.10743025346262515,12.78,0.07458363504706735,0.032846618415557804,0.3729586392523493,False,1.0,-1.0
2019-10-21,Basel,R16,Hard,3,Henri Laaksonen,Jan Lennard Struff,player1,other,0.3079680019799558,3.4,0.2781316348195329,0.029836367160422872,0.04709120673184963,False,1.0,-1.0
2019-10-21,Basel,R16,Hard,3,Richard Gasquet,Roberto Bautista Agut,player1,top_10,0.35327165730913546,3.04,0.31221719457013575,0.04105446273899971,0.07394583821977185,False,1.0,-1.0
2019-10-21,Basel,R16,Hard,3,Frances Tiafoe,Stan Wawrinka,player2,other,0.30720780664027014,3.52,0.26970954356846477,0.03749826307180537,0.08137147937375089,False,1.0,-1.0
2019-10-21,Basel,R16,Hard,3,Radu Albot,Roger Federer,player2,top_10,0.1085147403127618,14.1,0.06746031746031747,0.04105442285244433,0.5300578384099413,False,1.0,-1.0
2019-10-21,Basel,QF,Hard,3,Roberto Bautista Agut,Reilly Opelka,player1,top_10,0.7403042313958844,1.46,0.6490384615384616,0.09126576985742285,0.0808441778379912,False,1.0,-1.0
2019-10-21,Basel,QF,Hard,3,Stefanos Tsitsipas,Filip Krajinovic,player1,top_10,0.7631308641750606,1.41,0.6736111111111112,0.08951975306394944,0.07601451848683538,True,1.0,0.4099999999999999
2019-10-21,Basel,SF,Hard,3,Reilly Opelka,Alex De Minaur,player2,other,0.40332368531152546,2.6,0.3658536585365854,0.037470026774940046,0.04864158180996614,False,1.0,-1.0
2019-10-21,Basel,F,Hard,3,Alex De Minaur,Roger Federer,player2,top_10,0.1587578492992865,6.88,0.13784461152882208,0.020913237770464416,0.09225400317909105,False,1.0,-1.0
2019-10-21,Vienna,R32,Hard,3,Hubert Hurkacz,Karen Khachanov,player2,top_10,0.43244911359794996,2.4,0.393939393939394,0.038509719658555985,0.03787787263507991,False,1.0,-1.0
2019-10-21,Vienna,R32,Hard,3,Dennis Novak,Gael Monfils,player1,other,0.26291974503500076,4.02,0.23574144486692014,0.02717830016808062,0.05693737504070295,False,1.0,-1.0
2019-10-21,Vienna,R32,Hard,3,Damir Dzumhur,Grigor Dimitrov,player1,other,0.3281465046029118,3.2,0.2967032967032967,0.03144320789961508,0.05006881472931768,False,1.0,-1.0
2019-10-21,Vienna,R32,Hard,3,Borna Coric,Mikhail Kukushkin,player2,other,0.6381479277782004,1.63,0.5809768637532133,0.05717106402498706,0.0401811222784666,False,1.0,-1.0
2019-10-21,Vienna,R32,Hard,3,Nikoloz Basilashvili,Fernando Verdasco,player1,other,0.6644300488697076,1.61,0.588235294117647,0.07619475475206061,0.06973237868022925,False,1.0,-1.0
2019-10-21,Vienna,R32,Hard,3,Jo-Wilfried Tsonga,Dominic Thiem,player2,top_10,0.4116804299744645,2.69,0.3518072289156627,0.05987320105880184,0.10742035663130955,False,1.0,-1.0
2019-10-21,Vienna,R16,Hard,3,Marton Fucsovics,Karen Khachanov,player1,top_10,0.3829876154174767,2.96,0.3195402298850574,0.0634473855324193,0.1336433416357311,False,1.0,-1.0
2019-10-21,Vienna,R16,Hard,3,Diego Schwartzman,Sam Querrey,player1,other,0.6222546300035666,1.75,0.5418848167539266,0.08036981324963999,0.08894560250624162,True,1.0,0.75
2019-10-21,Vienna,R16,Hard,3,Gilles Simon,Aljaz Bedene,player1,other,0.46236878360273503,2.27,0.41645244215938304,0.04591634144335199,0.049577138778208574,False,1.0,-1.0
2019-10-21,Vienna,R16,Hard,3,Matteo Berrettini,Grigor Dimitrov,player2,other,0.6475805253804384,1.68,0.5647668393782384,0.08281368600220007,0.08793528263913652,True,1.0,0.6799999999999999
2019-10-21,Vienna,R16,Hard,3,Pablo Carreno Busta,Mikhail Kukushkin,player2,other,0.7260613935694898,1.43,0.664319248826291,0.061742144743198835,0.038267792804370426,True,1.0,0.42999999999999994
2019-10-21,Vienna,QF,Hard,3,Diego Schwartzman,Karen Khachanov,player2,top_10,0.44278271681222053,2.33,0.40712468193384227,0.035658034878378264,0.031683730172473834,True,1.0,1.33
2019-10-21,Vienna,QF,Hard,3,Gael Monfils,Aljaz Bedene,player1,other,0.6516869086065503,1.66,0.5710594315245477,0.08062747708200257,0.08180026828687348,True,1.0,0.6599999999999999
2019-10-21,Vienna,QF,Hard,3,Andrey Rublev,Matteo Berrettini,player2,other,0.4631011222219925,2.24,0.42416452442159375,0.038936597800398765,0.03734651377726328,False,1.0,-1.0
2019-10-21,Vienna,QF,Hard,3,Dominic Thiem,Pablo Carreno Busta,player2,top_10,0.8263012244323167,1.27,0.75,0.07630122443231668,0.0494025550290422,True,1.0,0.27
2019-10-21,Vienna,SF,Hard,3,Gael Monfils,Diego Schwartzman,player1,other,0.6138763361319169,1.72,0.5532467532467532,0.060629582885163735,0.055867298146897115,False,1.0,-1.0
2019-10-28,Paris Masters,R64,Hard,4,Hubert Hurkacz,Marin Cilic,player1,other,0.4863142097445334,2.47,0.3855721393034826,0.10074207044105077,0.20119609806899763,False,1.0,-1.0
2019-10-28,Paris Masters,R64,Hard,4,Yoshihito Nishioka,Jan Lennard Struff,player1,other,0.4910610871816626,2.48,0.38308457711442784,0.10797651006723474,0.2178314962105231,False,1.0,-1.0
2019-10-28,Paris Masters,R64,Hard,4,Damir Dzumhur,Benoit Paire,player1,other,0.5298554071957962,2.16,0.4404145077720207,0.08944089942377548,0.14448767954291974,False,1.0,-1.0
2019-10-28,Paris Masters,R64,Hard,4,Milos Raonic,Cameron Norrie,player2,other,0.6850128434759674,1.58,0.602015113350126,0.08299773012584133,0.08232029269202845,True,1.0,0.5800000000000001
2019-10-28,Paris Masters,R64,Hard,4,Sam Querrey,Jeremy Chardy,player1,other,0.5935875305612894,1.8,0.5275590551181102,0.06602847544317925,0.06845755501032103,False,1.0,-1.0
2019-10-28,Paris Masters,R64,Hard,4,Taylor Fritz,Frances Tiafoe,player1,other,0.5155192903041773,2.04,0.4645669291338583,0.05095236117031904,0.05165935222052176,True,1.0,1.04
2019-10-28,Paris Masters,R64,Hard,4,Laslo Djere,Alex De Minaur,player2,other,0.18648022297577307,7.62,0.1251435132032147,0.06133670977255837,0.4209792990753908,False,1.0,-1.0
2019-10-28,Paris Masters,R64,Hard,4,Kyle Edmund,Ricardas Berankis,player2,other,0.6129051708058532,1.8,0.5263157894736842,0.08658938133216898,0.10322930745053571,True,1.0,0.8
2019-10-28,Paris Masters,R32,Hard,4,Marin Cilic,Stan Wawrinka,player2,other,0.5543313900342727,2.38,0.39898989898989906,0.15534149104437361,0.3193087082815689,False,1.0,-1.0
2019-10-28,Paris Masters,R32,Hard,4,Jan Lennard Struff,Karen Khachanov,player2,top_10,0.421354093480097,2.46,0.38653366583541143,0.03482042764468557,0.03653106996103861,True,1.0,1.46
2019-10-28,Paris Masters,R32,Hard,4,Dominic Thiem,Milos Raonic,player2,top_10,0.6930008981677265,1.54,0.6159600997506234,0.0770407984171031,0.06722138317829879,True,1.0,0.54
2019-10-28,Paris Masters,R32,Hard,4,David Goffin,Grigor Dimitrov,player2,other,0.6466024350475464,1.76,0.5392670157068064,0.10733541934074009,0.13802028568368174,False,1.0,-1.0
2019-10-28,Paris Masters,R32,Hard,4,Cristian Garin,John Isner,player1,other,0.4121312963155514,2.54,0.37283950617283945,0.039291790142711946,0.04681349264150059,True,1.0,1.54
2019-10-28,Paris Masters,R32,Hard,4,Jeremy Chardy,Daniil Medvedev,player2,top_10,0.23415350304514013,5.5,0.17293233082706766,0.06122117221807247,0.2878442667482707,True,1.0,4.5
2019-10-28,Paris Masters,R32,Hard,4,Alex De Minaur,Roberto Bautista Agut,player2,top_10,0.5834716297423618,1.79,0.5301837270341206,0.05328790270824113,0.0444142172388276,True,1.0,0.79
2019-10-28,Paris Masters,R32,Hard,4,Corentin Moutet,Novak Djokovic,player2,top_10,0.11052596216123335,16.88,0.05645612073784237,0.05406984142339098,0.8656782412816189,False,1.0,-1.0
2019-10-28,Paris Masters,R16,Hard,4,Rafael Nadal,Stan Wawrinka,player2,top_10,0.8539305879274334,1.24,0.7690875232774674,0.08484306464996594,0.05887392903001737,True,1.0,0.24
2019-10-28,Paris Masters,R16,Hard,4,Jan Lennard Struff,Jo-Wilfried Tsonga,player2,other,0.4502168292505633,2.43,0.3909774436090226,0.05923938564154069,0.09402689507886886,False,1.0,-1.0
2019-10-28,Paris Masters,R16,Hard,4,Alexander Zverev,Denis Shapovalov,player1,top_10,0.7720470042612694,1.41,0.6736111111111112,0.09843589315015822,0.08858627600838975,False,1.0,-1.0
2019-10-28,Paris Masters,R16,Hard,4,Stefanos Tsitsipas,Alex De Minaur,player2,top_10,0.6826453335586496,1.6,0.5939086294416244,0.08873670411702528,0.09223253369383949,True,1.0,0.6000000000000001
2019-10-28,Paris Masters,QF,Hard,4,Denis Shapovalov,Gael Monfils,player1,other,0.6109373188402123,1.72,0.5520833333333334,0.058853985506878925,0.05081218840516516,True,1.0,0.72
2019-10-28,Paris Masters,QF,Hard,4,Cristian Garin,Grigor Dimitrov,player1,other,0.24511943351163099,4.27,0.2222222222222222,0.022897211289408775,0.04665998109466418,False,1.0,-1.0
2019-10-28,Paris Masters,F,Hard,4,Denis Shapovalov,Novak Djokovic,player2,top_10,0.19810209887742922,5.98,0.1589310829817159,0.03917101589571331,0.1846505512870268,False,1.0,-1.0
2019-11-11,Tour Finals,RR,Hard,1,Dominic Thiem,Matteo Berrettini,player2,top_10,0.7894267920805836,1.36,0.7017543859649122,0.0876724061156714,0.07362043722959383,False,1.0,-1.0
2019-11-11,Tour Finals,RR,Hard,1,Roger Federer,Novak Djokovic,player1,top_10,0.36720371506160965,3.12,0.30512249443207123,0.062081220629538414,0.14567559099222216,True,1.0,2.12
2019-11-11,Tour Finals,RR,Hard,1,Stefanos Tsitsipas,Alexander Zverev,player2,top_10,0.5970360193376231,2.09,0.4557291666666667,0.14130685267095638,0.2478052804156321,True,1.0,1.0899999999999999
2019-11-11,Tour Finals,RR,Hard,1,Daniil Medvedev,Alexander Zverev,player2,top_10,0.6500313333020645,1.9,0.5026178010471204,0.14741353225494414,0.2350595332739226,False,1.0,-1.0
2019-11-11,Tour Finals,RR,Hard,1,Rafael Nadal,Alexander Zverev,player1,top_10,0.7887434206153454,1.4,0.6803652968036529,0.10837812381169254,0.10424078886148352,False,1.0,-1.0
2019-11-11,Tour Finals,RR,Hard,1,Rafael Nadal,Daniil Medvedev,player1,top_10,0.6470504750412416,2.16,0.441860465116279,0.20519000992496256,0.3976290260890819,True,1.0,1.1600000000000001
2019-11-11,Tour Finals,SF,Hard,1,Alexander Zverev,Dominic Thiem,player1,top_10,0.6050154805422577,2.06,0.46354166666666663,0.1414738138755911,0.24633188991705102,False,1.0,-1.0
2019-11-11,Tour Finals,SF,Hard,1,Roger Federer,Stefanos Tsitsipas,player1,top_10,0.8325556214193234,1.33,0.7182203389830509,0.11433528243627245,0.10729897648770015,False,1.0,-1.0
2019-11-11,Tour Finals,F,Hard,1,Stefanos Tsitsipas,Dominic Thiem,player1,top_10,0.626355773876284,1.96,0.486910994764398,0.13944477911188607,0.22765731679751666,True,1.0,0.96
2020-01-06,Doha,R32,Hard,3,Pierre Hugues Herbert,Marco Cecchinato,player1,other,0.6912459281433069,1.54,0.6130653266331658,0.07818060151014106,0.06451872934069264,True,1.0,0.54
2020-01-06,Doha,R32,Hard,3,Laslo Djere,Lorenzo Sonego,player2,other,0.3536637555188886,3.03,0.31136363636363634,0.04230011915525228,0.07160117922223241,True,1.0,2.03
2020-01-06,Doha,R16,Hard,3,Miomir Kecmanovic,Jo-Wilfried Tsonga,player2,other,0.523868161384392,2.29,0.41282051282051285,0.11104764856387911,0.19965808957025766,True,1.0,1.29
2020-01-06,Doha,R16,Hard,3,Filip Krajinovic,Fernando Verdasco,player2,other,0.7105940357492213,1.6,0.5918367346938775,0.11875730105534377,0.13695045719875415,False,1.0,-1.0
2020-01-06,Doha,R16,Hard,3,Milos Raonic,Corentin Moutet,player1,other,0.7532656888953849,1.45,0.6522781774580336,0.1009875114373513,0.09223524889830809,False,1.0,-1.0
2020-01-06,Doha,QF,Hard,3,Corentin Moutet,Fernando Verdasco,player2,other,0.470308150057777,2.38,0.39898989898989906,0.07131825106787792,0.11933339713750923,True,1.0,1.38
2020-01-06,Doha,QF,Hard,3,Aljaz Bedene,Stan Wawrinka,player1,other,0.3153505284511538,3.27,0.28913043478260875,0.026220093668545053,0.031196228035272888,False,1.0,-1.0
2020-01-06,Doha,SF,Hard,3,Corentin Moutet,Stan Wawrinka,player2,other,0.3694307821261346,3.79,0.2495049504950495,0.11992583163108511,0.40014266425805034,True,1.0,2.79
2020-01-06,Doha,F,Hard,3,Corentin Moutet,Andrey Rublev,player1,other,0.2515102783435178,4.18,0.22592592592592592,0.025584352417591882,0.051312963475904305,False,1.0,-1.0
2020-01-13,Auckland,R32,Hard,3,Casper Ruud,Ugo Humbert,player2,other,0.5890941318331548,1.83,0.5171503957783641,0.07194373605479076,0.0780422612546734,False,1.0,-1.0
2020-01-13,Auckland,R32,Hard,3,Michael Venus,Tennys Sandgren,player2,other,0.22926399224912933,4.5,0.21052631578947367,0.018737676459655656,0.03168796512108196,False,1.0,-1.0
2020-01-13,Auckland,R32,Hard,3,Jannik Sinner,Benoit Paire,player1,other,0.6007625016748394,1.73,0.5483028720626633,0.052459629612176095,0.03931912789747205,False,1.0,-1.0
2020-01-13,Auckland,R32,Hard,3,John Millman,Michael Mmoh,player1,other,0.6537207161422055,1.65,0.5758354755784061,0.07788524056379942,0.07863918163463901,True,1.0,0.6499999999999999
2020-01-13,Auckland,R32,Hard,3,Frances Tiafoe,Mikael Ymer,player2,other,0.6138238734924552,1.78,0.5303430079155673,0.08348086557688783,0.09260649481657018,False,1.0,-1.0
2020-01-13,Auckland,QF,Hard,3,Denis Shapovalov,Ugo Humbert,player1,other,0.7707852004655703,1.35,0.697986577181208,0.07279862328436226,0.04056002062851999,False,1.0,-1.0
2020-01-13,Auckland,QF,Hard,3,Kyle Edmund,John Isner,player2,other,0.5804085919052339,1.92,0.49340369393139843,0.08700489797383543,0.11438449645804893,False,1.0,-1.0
2020-01-13,Auckland,QF,Hard,3,Feliciano Lopez,Hubert Hurkacz,player2,other,0.3087816611357757,3.36,0.28205128205128205,0.02673037908449366,0.037506381416206325,False,1.0,-1.0
2020-01-13,Auckland,F,Hard,3,Benoit Paire,Ugo Humbert,player1,other,0.5000812037404825,2.11,0.44908616187989553,0.050995041860586954,0.05517133989241796,False,1.0,-1.0
2020-01-13,Adelaide,R32,Hard,3,Federico Delbonis,James Duckworth,player2,other,0.511552966916963,2.09,0.4528795811518324,0.05867338576513054,0.06914570085645244,False,1.0,-1.0
2020-01-13,Adelaide,R32,Hard,3,Sam Querrey,Gregoire Barrere,player1,other,0.6520017464526622,1.59,0.5943877551020408,0.057613991350621396,0.036682776859732924,True,1.0,0.5900000000000001
2020-01-13,Adelaide,R32,Hard,3,Gilles Simon,Jeremy Chardy,player2,other,0.49559917203017245,2.13,0.44386422976501305,0.0517349422651594,0.05562623642426723,False,1.0,-1.0
2020-01-13,Adelaide,R32,Hard,3,Aljaz Bedene,Tommy Paul,player2,other,0.5924056604568348,1.88,0.503957783641161,0.0884478768156739,0.11372264165884949,False,1.0,-1.0
2020-01-13,Adelaide,R16,Hard,3,Felix Auger Aliassime,James Duckworth,player2,other,0.6794963554270853,1.57,0.6015228426395939,0.07797351278749143,0.066809278020524,True,1.0,0.5700000000000001
2020-01-13,Adelaide,R16,Hard,3,Andrey Rublev,Sam Querrey,player2,other,0.6861714666414858,1.62,0.5846153846153845,0.10155608202610122,0.111597775959207,True,1.0,0.6200000000000001
2020-01-13,Adelaide,QF,Hard,3,Felix Auger Aliassime,Alex Bolt,player1,other,0.7105956964486962,1.46,0.6490384615384616,0.06155723491023468,0.03746971681509648,True,1.0,0.45999999999999996
2020-01-13,Adelaide,QF,Hard,3,Lloyd Harris,Pablo Carreno Busta,player1,other,0.39929680388385974,2.65,0.35835351089588374,0.040943292987976,0.05813653029222832,True,1.0,1.65
2020-01-13,Adelaide,SF,Hard,3,Andrey Rublev,Felix Auger Aliassime,player1,other,0.7332061731015115,1.47,0.6449275362318841,0.08827863686962734,0.07781307445922186,True,1.0,0.47
2020-01-20,Australian Open,R128,Hard,5,Hugo Dellien,Rafael Nadal,player1,top_10,0.09677336712957789,24.16,0.040127135478744545,0.056646231650833344,1.3380445498506017,False,1.0,-1.0
2020-01-20,Australian Open,R128,Hard,5,Joao Sousa,Federico Delbonis,player2,other,0.5286159316618372,2.01,0.47244094488188976,0.05617498677994742,0.0625180226402926,False,1.0,-1.0
2020-01-20,Australian Open,R128,Hard,5,Lorenzo Sonego,Nick Kyrgios,player2,other,0.15916524152204112,7.09,0.13431013431013433,0.024855107211906785,0.1284815623912715,False,1.0,-1.0
2020-01-20,Australian Open,R128,Hard,5,Yen Hsun Lu,Gael Monfils,player2,top_10,0.154224201253245,18.31,0.052767718572167624,0.10145648268107739,1.8238451249469159,False,1.0,-1.0
2020-01-20,Australian Open,R128,Hard,5,Aljaz Bedene,James Duckworth,player2,other,0.6268931728952246,1.7,0.5595854922279793,0.06730768066724535,0.06571839392188183,True,1.0,0.7
2020-01-20,Australian Open,R128,Hard,5,Frances Tiafoe,Daniil Medvedev,player1,top_10,0.11129362840720451,9.65,0.09897292250233426,0.01232070590487025,0.07398351412952353,False,1.0,-1.0
2020-01-20,Australian Open,R128,Hard,5,Damir Dzumhur,Stan Wawrinka,player2,other,0.20169694533789237,5.91,0.16051136363636365,0.04118558170152872,0.19202894694694395,False,1.0,-1.0
2020-01-20,Australian Open,R128,Hard,5,Nikoloz Basilashvili,Soon Woo Kwon,player1,other,0.6469667032681558,1.88,0.5065616797900262,0.14040502347812955,0.21629740214413273,True,1.0,0.8799999999999999
2020-01-20,Australian Open,R128,Hard,5,Egor Gerasimov,Casper Ruud,player2,other,0.3685194566979553,3.03,0.31292517006802717,0.05559428662992816,0.11661395379480455,True,1.0,2.03
2020-01-20,Australian Open,R128,Hard,5,Tennys Sandgren,Marco Trungelliti,player2,other,0.7391962804722212,1.5,0.6323529411764707,0.10684333929575052,0.10879442070833178,True,1.0,0.5
2020-01-20,Australian Open,R128,Hard,5,Borna Coric,Sam Querrey,player2,other,0.628711625996441,1.66,0.5732647814910026,0.055446844505438464,0.04366129915409206,False,1.0,-1.0
2020-01-20,Australian Open,R128,Hard,5,Gregoire Barrere,Mohamed Safwat,player2,other,0.7408460882230615,1.4,0.6774193548387096,0.0634267333843519,0.03718452351228607,True,1.0,0.3999999999999999
2020-01-20,Australian Open,R128,Hard,5,Alexander Bublik,Jordan Thompson,player2,other,0.5727572871153194,1.95,0.48818897637795283,0.08456831073736654,0.11687670987487275,False,1.0,-1.0
2020-01-20,Australian Open,R128,Hard,5,Ugo Humbert,John Millman,player1,other,0.5861750680593747,1.77,0.5366492146596858,0.049525853399688846,0.03752987046509321,False,1.0,-1.0
2020-01-20,Australian Open,R128,Hard,5,Steve Johnson,Roger Federer,player1,top_10,0.10818880835022908,13.43,0.07123098201936376,0.03695782633086532,0.45297569614357636,False,1.0,-1.0
2020-01-20,Australian Open,R128,Hard,5,Salvatore Caruso,Stefanos Tsitsipas,player1,top_10,0.10373914444127967,18.09,0.05287958115183246,0.05085956328944721,0.8766411229427491,False,1.0,-1.0
2020-01-20,Australian Open,R128,Hard,5,Michael Mmoh,Pablo Andujar,player2,other,0.71036141523865,1.5,0.6341463414634148,0.07621507377523529,0.06554212285797506,True,1.0,0.5
2020-01-20,Australian Open,R128,Hard,5,Feliciano Lopez,Roberto Bautista Agut,player2,top_10,0.18583596791936374,5.67,0.1674008810572687,0.01843508686209505,0.053689938102792434,False,1.0,-1.0
2020-01-20,Australian Open,R128,Hard,5,Alejandro Davidovich Fokina,Norbert Gombos,player2,other,0.6088688876928682,1.78,0.5340314136125655,0.07483747408030272,0.0837866200933054,True,1.0,0.78
2020-01-20,Australian Open,R128,Hard,5,Tatsuma Ito,Prajnesh Gunneswaran,player2,other,0.46659511303888407,2.38,0.39898989898989906,0.06760521404898501,0.11049636903254412,True,1.0,1.38
2020-01-20,Australian Open,R128,Hard,5,Jan Lennard Struff,Novak Djokovic,player1,top_10,0.1058576232973996,20.0,0.04807234650166588,0.057785276795733725,1.117152465947992,False,1.0,-1.0
2020-01-20,Australian Open,R64,Hard,5,Federico Delbonis,Rafael Nadal,player1,top_10,0.09475016287957243,21.52,0.044829116733244564,0.04992104614632786,1.0390235051683985,False,1.0,-1.0
2020-01-20,Australian Open,R64,Hard,5,Kevin Anderson,Taylor Fritz,player2,other,0.5338163266306907,2.02,0.4712041884816754,0.06261213814901528,0.0783089797939952,False,1.0,-1.0
2020-01-20,Australian Open,R64,Hard,5,Alex Bolt,Dominic Thiem,player2,top_10,0.1294424736386385,8.43,0.11263157894736843,0.016810894691270076,0.09120005277372256,False,1.0,-1.0
2020-01-20,Australian Open,R64,Hard,5,Pierre Hugues Herbert,David Goffin,player2,other,0.18346495207621283,5.92,0.16028368794326242,0.023181264132950408,0.08611251629117989,False,1.0,-1.0
2020-01-20,Australian Open,R64,Hard,5,Yuichi Sugita,Andrey Rublev,player1,other,0.17025185573206278,6.24,0.15217391304347827,0.01807794268858451,0.06237157976807184,False,1.0,-1.0
2020-01-20,Australian Open,R64,Hard,5,Nikoloz Basilashvili,Fernando Verdasco,player1,other,0.4383450875054831,2.39,0.39798488664987414,0.040360200855608985,0.04764475913810462,False,1.0,-1.0
2020-01-20,Australian Open,R64,Hard,5,Egor Gerasimov,Alexander Zverev,player1,top_10,0.2259016206373272,4.87,0.19504132231404955,0.030860298323277635,0.10014089250378344,False,1.0,-1.0
2020-01-20,Australian Open,R64,Hard,5,Tennys Sandgren,Matteo Berrettini,player2,top_10,0.2524000198032309,4.54,0.20905923344947733,0.043340786353753574,0.14589608990666836,True,1.0,3.54
2020-01-20,Australian Open,R64,Hard,5,Guido Pella,Gregoire Barrere,player2,other,0.7248474370305078,1.43,0.6635294117647058,0.06131802526580199,0.03653183495362611,True,1.0,0.42999999999999994
2020-01-20,Australian Open,R64,Hard,5,Hubert Hurkacz,John Millman,player1,other,0.6277626483585114,1.76,0.5404699738903395,0.0872926744681719,0.10486226111098002,False,1.0,-1.0
2020-01-20,Australian Open,R64,Hard,5,Filip Krajinovic,Roger Federer,player1,top_10,0.11368095514183303,14.08,0.06816677696889478,0.04551417817293825,0.6006278483970092,False,1.0,-1.0
2020-01-20,Australian Open,R64,Hard,5,Philipp Kohlschreiber,Stefanos Tsitsipas,player1,top_10,0.2470275076933417,5.44,0.1745068285280728,0.07252067916526889,0.343829641851779,False,1.0,-1.0
2020-01-20,Australian Open,R64,Hard,5,Michael Mmoh,Roberto Bautista Agut,player2,top_10,0.1501380638376332,7.88,0.12053571428571429,0.029602349551918913,0.18308794304054954,False,1.0,-1.0
2020-01-20,Australian Open,R64,Hard,5,Alejandro Davidovich Fokina,Diego Schwartzman,player2,other,0.2053140877287174,5.47,0.17371601208459214,0.031598075644125256,0.12306805987608416,False,1.0,-1.0
2020-01-20,Australian Open,R64,Hard,5,Yoshihito Nishioka,Daniel Evans,player1,other,0.4845854988392011,2.27,0.4194373401534527,0.06514815868574841,0.10000908236498651,True,1.0,1.27
2020-01-20,Australian Open,R64,Hard,5,Tatsuma Ito,Novak Djokovic,player2,top_10,0.09493122706590129,25.7,0.037813552976413325,0.057117674089487966,1.4397325355936632,False,1.0,-1.0
2020-01-20,Australian Open,R32,Hard,5,Pablo Carreno Busta,Rafael Nadal,player2,top_10,0.11568257698067412,14.33,0.06644951140065147,0.04923306558002265,0.65773132813306,False,1.0,-1.0
2020-01-20,Australian Open,R32,Hard,5,Gael Monfils,Ernests Gulbis,player2,top_10,0.8185339406100129,1.48,0.6433734939759036,0.17516044663410935,0.21143023210281914,True,1.0,0.48
2020-01-20,Australian Open,R32,Hard,5,Dominic Thiem,Taylor Fritz,player2,top_10,0.7979302068864511,1.39,0.6819221967963387,0.11600801009011241,0.10912298757216699,True,1.0,0.3899999999999999
2020-01-20,Australian Open,R32,Hard,5,David Goffin,Andrey Rublev,player2,other,0.3879288546711539,2.73,0.34844868735083534,0.03948016732031856,0.05904577325225013,False,1.0,-1.0
2020-01-20,Australian Open,R32,Hard,5,Alexander Zverev,Fernando Verdasco,player2,top_10,0.7668794379101449,1.42,0.6682242990654206,0.09865513884472432,0.08896880183240569,True,1.0,0.41999999999999993
2020-01-20,Australian Open,R32,Hard,5,John Millman,Roger Federer,player2,top_10,0.11915768322431286,10.53,0.0906735751295337,0.028484108094779165,0.25473040435201444,False,1.0,-1.0
2020-01-20,Australian Open,R32,Hard,5,Marin Cilic,Roberto Bautista Agut,player1,top_10,0.387671565543819,3.28,0.29004329004329005,0.09762827550052894,0.2715627349837262,True,1.0,2.28
2020-01-20,Australian Open,R32,Hard,5,Dusan Lajovic,Diego Schwartzman,player2,other,0.3431792369473908,3.16,0.30088495575221236,0.04229428119517842,0.08444638875375488,False,1.0,-1.0
2020-01-20,Australian Open,R32,Hard,5,Yoshihito Nishioka,Novak Djokovic,player2,top_10,0.1165761363096402,19.65,0.04888673765730881,0.0676893986523314,1.2907210784844296,False,1.0,-1.0
2020-01-20,Australian Open,R16,Hard,5,Dominic Thiem,Gael Monfils,player1,top_10,0.8147961575350045,1.32,0.7191489361702128,0.09564722136479165,0.07553092794620592,True,1.0,0.32000000000000006
2020-01-20,Australian Open,R16,Hard,5,Stan Wawrinka,Daniil Medvedev,player1,top_10,0.28151126379216596,3.79,0.25098814229249017,0.030523121499675787,0.06692768977230901,True,1.0,2.79
2020-01-20,Australian Open,R16,Hard,5,Diego Schwartzman,Novak Djokovic,player2,top_10,0.10729604473911743,11.88,0.0804953560371517,0.026800688701965725,0.2746770115007152,False,1.0,-1.0
2020-01-20,Australian Open,QF,Hard,5,Tennys Sandgren,Roger Federer,player2,top_10,0.1313880354516981,7.94,0.11973392461197341,0.011654110839724702,0.043221001486483,False,1.0,-1.0
2020-01-20,Australian Open,SF,Hard,5,Dominic Thiem,Alexander Zverev,player1,top_10,0.7024162066170748,1.48,0.645083932853717,0.05733227376335781,0.03957598579327071,True,1.0,0.48
2020-01-20,Australian Open,SF,Hard,5,Roger Federer,Novak Djokovic,player2,top_10,0.18425302880774894,6.25,0.15311653116531165,0.031136497642437283,0.15158143004843083,False,1.0,-1.0
2020-02-03,Montpellier,R32,Hard,3,Richard Gasquet,Gilles Simon,player1,other,0.39211077458652505,2.85,0.33098591549295775,0.061124859093567296,0.11751570757159646,True,1.0,1.85
2020-02-03,Montpellier,R32,Hard,3,Pablo Carreno Busta,Norbert Gombos,player1,other,0.722357616163826,1.47,0.6432038834951456,0.07915373266868042,0.06186569576082418,False,1.0,-1.0
2020-02-03,Montpellier,R16,Hard,3,David Goffin,Alexander Bublik,player2,top_10,0.787297757217699,1.34,0.7028824833702882,0.08441527384741077,0.05497899467171674,True,1.0,0.3400000000000001
2020-02-03,Montpellier,R16,Hard,3,Felix Auger Aliassime,Pierre Hugues Herbert,player2,other,0.6179663891717944,1.67,0.5651041666666667,0.05286222250512762,0.03200386991689652,False,1.0,-1.0
2020-02-03,Montpellier,R16,Hard,3,Denis Shapovalov,Vasek Pospisil,player1,other,0.7270604998794753,1.48,0.6372549019607844,0.08980559791869092,0.07604953982162344,False,1.0,-1.0
2020-02-03,Montpellier,R16,Hard,3,Filip Krajinovic,Mikael Ymer,player2,other,0.5878408040269487,1.78,0.5303430079155673,0.057497796111381394,0.04635663116796873,True,1.0,0.78
2020-02-03,Montpellier,R16,Hard,3,Grigor Dimitrov,Gregoire Barrere,player1,other,0.7581316842616626,1.43,0.6595238095238095,0.09860787473785304,0.0841283084941774,False,1.0,-1.0
2020-02-03,Montpellier,R16,Hard,3,Gael Monfils,Adrian Mannarino,player1,top_10,0.6743509199823704,1.57,0.6015228426395939,0.07282807734277652,0.05873094437232157,True,1.0,0.5700000000000001
2020-02-03,Montpellier,QF,Hard,3,David Goffin,Pierre Hugues Herbert,player2,top_10,0.7822450675420122,1.49,0.6348039215686274,0.14744114597338476,0.16554515063759812,True,1.0,0.49
2020-02-03,Montpellier,QF,Hard,3,Richard Gasquet,Vasek Pospisil,player1,other,0.4167515923828539,2.68,0.35265700483091783,0.06409458755193609,0.1168942675860486,False,1.0,-1.0
2020-02-03,Montpellier,QF,Hard,3,Gael Monfils,Norbert Gombos,player2,top_10,0.8203537372278746,1.28,0.7366255144032922,0.08372822282458248,0.05005278365167956,True,1.0,0.28
2020-02-03,Montpellier,SF,Hard,3,David Goffin,Vasek Pospisil,player1,top_10,0.7160991380272747,1.52,0.6218905472636816,0.094208590763593,0.0884706898014575,False,1.0,-1.0
2020-02-03,Montpellier,SF,Hard,3,Gael Monfils,Filip Krajinovic,player2,top_10,0.7056938532256926,1.69,0.5587467362924282,0.14694711693326434,0.19262261195142039,True,1.0,0.69
2020-02-03,Pune,R32,Hard,3,Yannick Maden,Prajnesh Gunneswaran,player2,other,0.47346456845315643,2.29,0.41282051282051285,0.06064405563264358,0.08423386175772829,False,1.0,-1.0
2020-02-03,Pune,R32,Hard,3,Peter Gojowczyk,James Duckworth,player1,other,0.5337730408775846,2.07,0.45669291338582685,0.07708012749175774,0.1049101946166,False,1.0,-1.0
2020-02-03,Pune,R16,Hard,3,Viktor Troicki,Yuichi Sugita,player1,other,0.4695429293766873,2.39,0.3949367088607595,0.0746062205159278,0.12220760121028273,False,1.0,-1.0
2020-02-03,Pune,R16,Hard,3,Soon Woo Kwon,Prajnesh Gunneswaran,player2,other,0.6352425786830521,1.7,0.556135770234987,0.07910680844806517,0.07991238376118859,True,1.0,0.7
2020-02-03,Pune,QF,Hard,3,Egor Gerasimov,Soon Woo Kwon,player2,other,0.593596122802901,1.94,0.4894736842105264,0.10412243859237458,0.15157647823762788,True,1.0,0.94
2020-02-03,Cordoba,R32,Clay,3,Marco Cecchinato,Juan Ignacio Londero,player1,other,0.46329576113184867,2.24,0.42118863049095606,0.04210713064089261,0.03778250493534108,False,1.0,-1.0
2020-02-03,Cordoba,R16,Clay,3,Jaume Munar,Diego Schwartzman,player2,other,0.3023498641355762,3.65,0.258130081300813,0.04421978283476319,0.10357700409485304,False,1.0,-1.0
2020-02-03,Cordoba,QF,Clay,3,Andrej Martin,Corentin Moutet,player1,other,0.43806997404437675,2.36,0.401015228426396,0.03705474561798078,0.03384513874472905,True,1.0,1.3599999999999999
2020-02-03,Cordoba,SF,Clay,3,Laslo Djere,Diego Schwartzman,player1,other,0.24465830133988278,4.92,0.19211822660098524,0.052540074738897546,0.20371884259222328,False,1.0,-1.0
2020-02-10,Rotterdam,R32,Hard,3,Felix Auger Aliassime,Jan Lennard Struff,player1,other,0.48622465481180566,2.14,0.4412532637075718,0.04497139110423387,0.04052076129726412,True,1.0,1.1400000000000001
2020-02-10,Rotterdam,R32,Hard,3,Denis Shapovalov,Grigor Dimitrov,player2,other,0.5610905666276305,1.87,0.5052910052910053,0.055799561336625114,0.04923935959366904,False,1.0,-1.0
2020-02-10,Rotterdam,R32,Hard,3,Robin Haase,David Goffin,player2,top_10,0.1959653640632197,5.59,0.16939078751857353,0.026574576544646178,0.0954463851133982,False,1.0,-1.0
2020-02-10,Rotterdam,R32,Hard,3,Daniel Evans,Philipp Kohlschreiber,player2,other,0.49338635503454914,2.1,0.450261780104712,0.04312457492983712,0.036111345572553244,True,1.0,1.1
2020-02-10,Rotterdam,R32,Hard,3,Alexander Bublik,Gregoire Barrere,player1,other,0.5338044379872888,2.04,0.4631578947368421,0.07064654325044673,0.08896105349406924,True,1.0,1.04
2020-02-10,Rotterdam,R16,Hard,3,Stefanos Tsitsipas,Aljaz Bedene,player1,top_10,0.8613211077206854,1.2,0.7883597883597884,0.072961319360897,0.03358532926482241,False,1.0,-1.0
2020-02-10,Rotterdam,R16,Hard,3,Felix Auger Aliassime,Grigor Dimitrov,player1,other,0.46374831000148314,2.36,0.401015228426396,0.06273308157508717,0.09444601160350019,True,1.0,1.3599999999999999
2020-02-10,Rotterdam,R16,Hard,3,Pablo Carreno Busta,Roberto Bautista Agut,player1,other,0.3478945283980714,3.07,0.30855855855855857,0.03933596983951282,0.06803620218207918,True,1.0,2.07
2020-02-10,Rotterdam,QF,Hard,3,Gael Monfils,Daniel Evans,player1,top_10,0.7940513498935647,1.48,0.6390243902439025,0.1550269596496623,0.1751959978424758,True,1.0,0.48
2020-02-10,Rotterdam,SF,Hard,3,Pablo Carreno Busta,Felix Auger Aliassime,player1,other,0.46833976070105754,2.42,0.3904282115869018,0.07791154911415576,0.13338222089655927,False,1.0,-1.0
2020-02-10,Rotterdam,SF,Hard,3,Gael Monfils,Filip Krajinovic,player2,top_10,0.6744011345357777,1.59,0.5954198473282442,0.0789812872075335,0.0722978039118865,True,1.0,0.5900000000000001
2020-02-10,Rotterdam,F,Hard,3,Gael Monfils,Felix Auger Aliassime,player2,top_10,0.6780332087047961,1.56,0.6070528967254408,0.07098031197935528,0.05773180557948199,True,1.0,0.56
2020-02-10,New York,R32,Hard,3,Brayden Schnur,Dominik Koepfer,player2,other,0.4685615035945314,2.27,0.41645244215938304,0.052109061435148374,0.0636346131595863,False,1.0,-1.0
2020-02-10,New York,R32,Hard,3,Jack Sock,Marcos Giron,player2,other,0.5674260661055011,2.05,0.46052631578947373,0.10689975031602733,0.16322343551627705,False,1.0,-1.0
2020-02-10,New York,R32,Hard,3,Andreas Seppi,Damir Dzumhur,player1,other,0.5100547630249577,2.03,0.4657894736842106,0.04426528934074708,0.035411168940663984,True,1.0,1.0299999999999998
2020-02-10,New York,R16,Hard,3,Kyle Edmund,Dominik Koepfer,player2,other,0.7321285510533256,1.43,0.6595238095238095,0.07260474152951613,0.04694382800625563,True,1.0,0.42999999999999994
2020-02-10,New York,R16,Hard,3,Cameron Norrie,Jason Jung,player1,other,0.6342063756207109,1.77,0.5354330708661418,0.09877330475456914,0.12254528484865834,False,1.0,-1.0
2020-02-10,New York,QF,Hard,3,Kyle Edmund,Soon Woo Kwon,player2,other,0.6517088629896524,1.59,0.5954198473282442,0.056289015661408204,0.03621709215354729,True,1.0,0.5900000000000001
2020-02-10,New York,QF,Hard,3,Jordan Thompson,Andreas Seppi,player1,other,0.5830587258720935,1.78,0.531578947368421,0.05147977850367247,0.03784453205232646,False,1.0,-1.0
2020-02-10,New York,SF,Hard,3,Andreas Seppi,Jason Jung,player1,other,0.6284630778859334,1.68,0.5625,0.06596307788593336,0.05581797084836804,True,1.0,0.6799999999999999
2020-02-10,Buenos Aires,R32,Clay,3,Casper Ruud,Pablo Andujar,player2,other,0.6186832268201251,1.69,0.5598958333333334,0.05878739348679174,0.045574653326011405,True,1.0,0.69
2020-02-10,Buenos Aires,R32,Clay,3,Corentin Moutet,Jozef Kovalik,player2,other,0.6233161304905096,1.7,0.556135770234987,0.06718036025552265,0.05963742183386628,False,1.0,-1.0
2020-02-10,Buenos Aires,R32,Clay,3,Jaume Munar,Thiago Monteiro,player1,other,0.5925800638723607,1.89,0.5,0.09258006387236073,0.11997632071876174,False,1.0,-1.0
2020-02-10,Buenos Aires,R32,Clay,3,Lorenzo Sonego,Pablo Cuevas,player1,other,0.4362596863033115,2.39,0.3964646464646465,0.039795039838665,0.0426606502649145,False,1.0,-1.0
2020-02-10,Buenos Aires,SF,Clay,3,Diego Schwartzman,Pedro Sousa,player1,other,0.7819336434342173,1.53,0.6184538653366584,0.16347977809755898,0.19635847445435256,False,1.0,-1.0
2020-02-10,Buenos Aires,F,Clay,3,Pedro Sousa,Casper Ruud,player1,other,0.19347012695852417,5.6,0.1691394658753709,0.024330661083153265,0.0834327109677353,False,1.0,-1.0
2020-02-17,Marseille,R32,Hard,3,Benoit Paire,Gregoire Barrere,player2,other,0.6350513915109879,1.68,0.5625,0.07255139151098788,0.06688633773845959,True,1.0,0.6799999999999999
2020-02-17,Marseille,R32,Hard,3,Egor Gerasimov,Dennis Novak,player2,other,0.7093724116086101,1.66,0.5688311688311688,0.1405412427774413,0.1775582032702927,True,1.0,0.6599999999999999
2020-02-17,Marseille,R16,Hard,3,Denis Shapovalov,Marin Cilic,player2,other,0.6460784705788147,1.82,0.5197889182058046,0.1262895523730101,0.17586281645344282,True,1.0,0.8200000000000001
2020-02-17,Marseille,R16,Hard,3,Alexander Bublik,Benoit Paire,player2,other,0.4798567427930336,2.24,0.4226804123711341,0.05717633042189951,0.07487910385639529,True,1.0,1.2400000000000002
2020-02-17,Marseille,R16,Hard,3,Felix Auger Aliassime,Pierre Hugues Herbert,player1,other,0.5897352111701136,1.97,0.4802110817941952,0.10952412937591843,0.16177836600512385,True,1.0,0.97
2020-02-17,Marseille,R16,Hard,3,Daniil Medvedev,Jannik Sinner,player2,top_10,0.8174711089950711,1.26,0.7495029821073559,0.06796812688771525,0.030013597333789638,True,1.0,0.26
2020-02-17,Marseille,SF,Hard,3,Felix Auger Aliassime,Gilles Simon,player2,other,0.665492580957789,1.58,0.598984771573604,0.06650780938418499,0.051478277913306614,True,1.0,0.5800000000000001
2020-02-17,Marseille,F,Hard,3,Stefanos Tsitsipas,Felix Auger Aliassime,player2,top_10,0.7375006600459622,1.41,0.6713286713286714,0.0661719887172908,0.0398759306648066,True,1.0,0.4099999999999999
2020-02-17,Delray Beach,R32,Hard,3,Bernard Tomic,Cedrik Marcel Stebe,player1,other,0.30510632610608585,3.38,0.27931769722814503,0.02578862887794081,0.031259382238570055,False,1.0,-1.0
2020-02-17,Delray Beach,R32,Hard,3,Reilly Opelka,Ernests Gulbis,player1,other,0.6391940396705105,1.64,0.577319587628866,0.061874452041644434,0.048278225059637137,True,1.0,0.6399999999999999
2020-02-17,Delray Beach,R32,Hard,3,Mackenzie Mcdonald,Yasutaka Uchiyama,player2,other,0.6663387306668085,1.58,0.5979643765903307,0.06837435407647774,0.05281519445355748,True,1.0,0.5800000000000001
2020-02-17,Delray Beach,R32,Hard,3,Ryan Harrison,Damir Dzumhur,player2,other,0.34245389773042145,3.24,0.2925764192139738,0.04987747851644764,0.10955062864656562,True,1.0,2.24
2020-02-17,Delray Beach,R32,Hard,3,Yoshihito Nishioka,John Millman,player1,other,0.5805543158029617,1.88,0.5026455026455027,0.07790881315745901,0.0914421137095679,True,1.0,0.8799999999999999
2020-02-17,Delray Beach,R32,Hard,3,Stefan Kozlov,Ugo Humbert,player2,other,0.2350648644184279,4.48,0.21126760563380279,0.023797258784625103,0.05309059259455706,False,1.0,-1.0
2020-02-17,Delray Beach,R16,Hard,3,Cedrik Marcel Stebe,Milos Raonic,player1,other,0.1738468202351241,6.16,0.15384615384615383,0.020000666388970273,0.07089641264836444,False,1.0,-1.0
2020-02-17,Delray Beach,R16,Hard,3,Ugo Humbert,Miomir Kecmanovic,player1,other,0.528199611302597,2.09,0.4514435695538058,0.07675604174879114,0.10393718762242754,True,1.0,1.0899999999999999
2020-02-17,Delray Beach,QF,Hard,3,Reilly Opelka,Soon Woo Kwon,player2,other,0.638531554762971,1.63,0.5809768637532133,0.05755469100975763,0.04080643426364261,True,1.0,0.6299999999999999
2020-02-17,Delray Beach,SF,Hard,3,Yoshihito Nishioka,Ugo Humbert,player1,other,0.5020787653639124,2.35,0.4020356234096692,0.10004314195424319,0.1798850986051942,True,1.0,1.35
2020-02-17,ATP Rio de Janeiro,R32,Clay,3,Leonardo Mayer,Lorenzo Sonego,player1,other,0.5494708922779236,1.91,0.4947089947089948,0.05476189756892874,0.049489404250833924,False,1.0,-1.0
2020-02-17,ATP Rio de Janeiro,R32,Clay,3,Attila Balazs,Pablo Cuevas,player1,other,0.3243350431967385,3.7,0.25553319919517103,0.06880184400156747,0.20003965982793248,True,1.0,2.7
2020-02-17,ATP Rio de Janeiro,R32,Clay,3,Guido Pella,Thiago Monteiro,player1,other,0.5906339498721689,1.76,0.536842105263158,0.053791844609010875,0.03951575177501726,False,1.0,-1.0
2020-02-17,ATP Rio de Janeiro,R32,Clay,3,Jaume Munar,Salvatore Caruso,player1,other,0.6851849987544374,1.56,0.6050632911392405,0.08012170761519688,0.06888859805692238,True,1.0,0.56
2020-02-17,ATP Rio de Janeiro,R16,Clay,3,Cristian Garin,Federico Delbonis,player2,other,0.6850356771839287,1.52,0.6218905472636816,0.06314512992024701,0.04125422931957157,True,1.0,0.52
2020-02-17,ATP Rio de Janeiro,SF,Clay,3,Borna Coric,Cristian Garin,player1,other,0.49190932152604283,2.25,0.4215938303341903,0.07031549119185254,0.10679597343359637,False,1.0,-1.0
2020-02-24,Dubai,R32,Hard,3,Stefanos Tsitsipas,Pablo Carreno Busta,player2,top_10,0.8025279838851339,1.32,0.7142857142857143,0.08824226959941961,0.05933693872837681,True,1.0,0.32000000000000006
2020-02-24,Dubai,R32,Hard,3,Alexander Bublik,Hubert Hurkacz,player2,other,0.41215809859471664,2.52,0.3746898263027295,0.037468272291987126,0.038638408458685936,True,1.0,1.52
2020-02-24,Dubai,R32,Hard,3,Yoshihito Nishioka,Pierre Hugues Herbert,player2,other,0.47533670046437915,2.6,0.3643031784841076,0.11103352198027155,0.2358754212073858,False,1.0,-1.0
2020-02-24,Dubai,R32,Hard,3,Joao Sousa,Filip Krajinovic,player2,other,0.2564043611438592,4.34,0.218018018018018,0.038386343125841216,0.11279492736434904,False,1.0,-1.0
2020-02-24,Dubai,R32,Hard,3,Lloyd Harris,Richard Gasquet,player2,other,0.529874170645881,2.01,0.4710526315789474,0.05882153906693366,0.06504708299822082,False,1.0,-1.0
2020-02-24,Dubai,R32,Hard,3,Yen Hsun Lu,Yasutaka Uchiyama,player2,other,0.22221601480495656,4.76,0.19865319865319864,0.023562816151757926,0.057748230471593165,False,1.0,-1.0
2020-02-24,Dubai,R32,Hard,3,Gael Monfils,Marton Fucsovics,player2,top_10,0.7950750823894216,1.34,0.7035398230088495,0.09153525938057205,0.06540061040182499,True,1.0,0.3400000000000001
2020-02-24,Dubai,R32,Hard,3,Malek Jaziri,Novak Djokovic,player2,top_10,0.10049152542468609,21.87,0.04414335664335664,0.05634816878132945,1.197749661037885,False,1.0,-1.0
2020-02-24,Dubai,R16,Hard,3,Alexander Bublik,Stefanos Tsitsipas,player1,top_10,0.265137150995355,4.78,0.19798657718120805,0.06715057381414696,0.26735558175779706,False,1.0,-1.0
2020-02-24,Dubai,R16,Hard,3,Yasutaka Uchiyama,Gael Monfils,player2,top_10,0.16217272410279163,6.99,0.13597033374536463,0.026202390357426997,0.13358734147851348,False,1.0,-1.0
2020-02-24,Dubai,R16,Hard,3,Philipp Kohlschreiber,Novak Djokovic,player2,top_10,0.10052622303134795,15.07,0.06339341205717837,0.03713281097416958,0.5149301810824136,False,1.0,-1.0
2020-02-24,Dubai,QF,Hard,3,Stefanos Tsitsipas,Jan Lennard Struff,player1,top_10,0.7821731415902008,1.4,0.6759259259259259,0.10624721566427486,0.09504239822628102,True,1.0,0.3999999999999999
2020-02-24,Dubai,QF,Hard,3,Karen Khachanov,Novak Djokovic,player2,top_10,0.12634175316220367,8.69,0.10963114754098362,0.01671060562122005,0.09790983497954975,False,1.0,-1.0
2020-02-24,Dubai,SF,Hard,3,Stefanos Tsitsipas,Daniel Evans,player1,top_10,0.8477271223410349,1.23,0.771375464684015,0.0763516576570199,0.042704360479472875,True,1.0,0.22999999999999998
2020-02-24,Santiago,R16,Clay,3,Renzo Olivo,Pablo Cuevas,player1,other,0.23473920556755154,4.44,0.21276595744680848,0.021973248120743055,0.04224207271992897,True,1.0,3.4400000000000004
2020-02-24,Acapulco,R32,Hard,3,Mischa Zverev,John Isner,player2,other,0.333429515639563,3.17,0.2986725663716814,0.03475694926788164,0.05697156457741481,False,1.0,-1.0
2020-02-24,Acapulco,R32,Hard,3,Feliciano Lopez,Kyle Edmund,player2,other,0.3448309543022237,3.44,0.27578947368421053,0.06904148061801318,0.18621848279964948,False,1.0,-1.0
2020-02-24,Acapulco,R32,Hard,3,Taylor Fritz,John Millman,player2,other,0.5554743026051231,1.86,0.5092348284960422,0.046239474109080914,0.03318220284552903,True,1.0,0.8600000000000001
2020-02-24,Acapulco,R32,Hard,3,Frances Tiafoe,Stan Wawrinka,player2,other,0.4227781346476556,2.91,0.3248259860788863,0.09795214856876933,0.23028437182467787,False,1.0,-1.0
2020-02-24,Acapulco,R32,Hard,3,Alex De Minaur,Miomir Kecmanovic,player2,other,0.6465540266914043,1.82,0.5197889182058046,0.12676510848559963,0.17672832857835585,False,1.0,-1.0
2020-02-24,Acapulco,R32,Hard,3,Pablo Andujar,Rafael Nadal,player1,top_10,0.09742765407580274,13.64,0.07021131561008861,0.027216338465714127,0.32891320159394954,False,1.0,-1.0
2020-02-24,Acapulco,R16,Hard,3,Felix Auger Aliassime,Kyle Edmund,player1,other,0.4968316561049532,2.19,0.43264248704663216,0.06418916905832106,0.08806132686984758,False,1.0,-1.0
2020-02-24,Acapulco,R16,Hard,3,Soon Woo Kwon,Dusan Lajovic,player1,other,0.561488488857933,1.89,0.5013192612137204,0.06016922764421262,0.061213243941493356,True,1.0,0.8899999999999999
2020-02-24,Acapulco,QF,Hard,3,Tommy Paul,John Isner,player2,other,0.5584297970137461,2.1,0.4516971279373368,0.10673266907640927,0.17270257372886677,False,1.0,-1.0
2020-02-24,Acapulco,QF,Hard,3,Grigor Dimitrov,Stan Wawrinka,player2,other,0.45721419402975433,2.46,0.385,0.07221419402975432,0.12474691731319554,True,1.0,1.46
2020-02-24,Acapulco,QF,Hard,3,Soon Woo Kwon,Rafael Nadal,player2,top_10,0.12560898438392257,10.94,0.08681135225375626,0.03879763213016631,0.37416228916011285,False,1.0,-1.0
2020-02-24,Acapulco,SF,Hard,3,Taylor Fritz,John Isner,player2,other,0.5833878193297092,1.83,0.5184210526315789,0.06496676669813028,0.06759970937336784,True,1.0,0.8300000000000001
2020-02-24,Acapulco,F,Hard,3,Taylor Fritz,Rafael Nadal,player2,top_10,0.1413223077881019,9.01,0.10526315789473685,0.03605914989336505,0.27331399317079796,False,1.0,-1.0
2020-08-24,Cincinnati Masters,R32,Hard,4,Grigor Dimitrov,Marton Fucsovics,player2,other,0.5948382538116971,1.86,0.5105263157894737,0.08431193802222336,0.10639915208975659,False,1.0,-1.0
2020-08-24,Cincinnati Masters,R32,Hard,4,Daniel Evans,Milos Raonic,player1,other,0.4650790176443033,2.38,0.39898989898989906,0.06608911865440426,0.10688806199344192,False,1.0,-1.0
2020-08-24,Cincinnati Masters,R32,Hard,4,Kevin Anderson,Stefanos Tsitsipas,player1,top_10,0.30763451047024226,3.95,0.24038461538461534,0.06724989508562693,0.21515631635745702,False,1.0,-1.0
2020-08-24,Cincinnati Masters,R32,Hard,4,Denis Shapovalov,Jan Lennard Struff,player2,other,0.6527567219701742,1.58,0.602015113350126,0.05074160862004817,0.03135562071287529,False,1.0,-1.0
2020-08-24,Cincinnati Masters,R16,Hard,4,Andy Murray,Milos Raonic,player1,other,0.471224743792425,2.4,0.3954659949622167,0.07575874883020833,0.13093938510182002,False,1.0,-1.0
2020-08-24,Cincinnati Masters,R16,Hard,4,Stefanos Tsitsipas,John Isner,player1,top_10,0.809968101394014,1.33,0.7145922746781115,0.0953758267159025,0.07725757485403867,True,1.0,0.33000000000000007
2020-08-24,Cincinnati Masters,R16,Hard,4,Reilly Opelka,Matteo Berrettini,player1,top_10,0.5285755797524958,2.36,0.4025316455696203,0.12604393418287552,0.24743836821589005,True,1.0,1.3599999999999999
2020-08-24,Cincinnati Masters,R16,Hard,4,Karen Khachanov,Roberto Bautista Agut,player1,other,0.4457930133215607,2.36,0.4025316455696203,0.043261367751940394,0.05207151143888311,False,1.0,-1.0
2020-08-24,Cincinnati Masters,R16,Hard,4,Jan Lennard Struff,David Goffin,player1,top_10,0.5032080472269728,2.3,0.413265306122449,0.08994274110452377,0.15737850862203728,True,1.0,1.2999999999999998
2020-08-24,Cincinnati Masters,R16,Hard,4,Novak Djokovic,Tennys Sandgren,player1,top_10,0.8903495901722791,1.16,0.8204334365325077,0.06991615363977144,0.03280552459984368,True,1.0,0.15999999999999992
2020-08-24,Cincinnati Masters,SF,Hard,4,Stefanos Tsitsipas,Milos Raonic,player2,top_10,0.6856646152931015,1.59,0.5974683544303797,0.08819626086272181,0.09020673831603149,False,1.0,-1.0
2020-08-31,Us Open,R128,Hard,5,Damir Dzumhur,Novak Djokovic,player1,top_10,0.0971411631952277,21.84,0.04420131291028446,0.05293985028494324,1.121563004183773,False,1.0,-1.0
2020-08-31,Us Open,R128,Hard,5,Joao Sousa,Michael Mmoh,player1,other,0.541995305958829,2.05,0.46335078534031415,0.0786445206185149,0.11109037721559945,False,1.0,-1.0
2020-08-31,Us Open,R128,Hard,5,Yasutaka Uchiyama,Pablo Carreno Busta,player1,other,0.16310474330901517,6.72,0.14176245210727972,0.021342291201735447,0.09606387503658187,False,1.0,-1.0
2020-08-31,Us Open,R128,Hard,5,Mohamed Safwat,Gilles Simon,player2,other,0.2145882445807797,4.82,0.19666666666666663,0.017921577914113085,0.03431533887935834,False,1.0,-1.0
2020-08-31,Us Open,R128,Hard,5,Mikael Ymer,Filip Krajinovic,player1,other,0.2139982557506266,5.66,0.16764705882352943,0.04635119692709716,0.21123012754854653,False,1.0,-1.0
2020-08-31,Us Open,R128,Hard,5,Marco Cecchinato,Lloyd Harris,player1,other,0.2518110159716877,4.26,0.22262773722627735,0.02918327874541035,0.07271492803938961,False,1.0,-1.0
2020-08-31,Us Open,R128,Hard,5,Reilly Opelka,David Goffin,player1,top_10,0.4419797047906668,2.43,0.3909774436090226,0.05100226118164419,0.07401068264132038,False,1.0,-1.0
2020-08-31,Us Open,R128,Hard,5,Pablo Andujar,Borna Coric,player2,other,0.23726414602799806,6.57,0.14453125,0.09273289602799806,0.5588254394039474,False,1.0,-1.0
2020-08-31,Us Open,R128,Hard,5,Egor Gerasimov,Dusan Lajovic,player1,other,0.5423305722136104,2.17,0.43782383419689114,0.10450673801671923,0.1768573417035344,True,1.0,1.17
2020-08-31,Us Open,R128,Hard,5,Go Soeda,Matteo Berrettini,player2,top_10,0.11958902204873384,14.69,0.06492679821769574,0.054662223831038095,0.7567627338959002,False,1.0,-1.0
2020-08-31,Us Open,R128,Hard,5,Taro Daniel,Gregoire Barrere,player2,other,0.3844899996893198,2.8,0.33962264150943394,0.04486735817988585,0.07657199913009538,False,1.0,-1.0
2020-08-31,Us Open,R128,Hard,5,Jeremy Chardy,Andrey Rublev,player2,other,0.18072253982637462,6.31,0.15074024226110366,0.02998229756527096,0.14035922630442388,False,1.0,-1.0
2020-08-31,Us Open,R128,Hard,5,Hugo Dellien,Marton Fucsovics,player2,other,0.18008014272894213,12.18,0.07866868381240545,0.10141145891653668,1.193376138438515,False,1.0,-1.0
2020-08-31,Us Open,R128,Hard,5,Federico Delbonis,Daniil Medvedev,player1,top_10,0.10926286944275754,19.56,0.049100631988332526,0.06016223745442501,1.1371817263003372,False,1.0,-1.0
2020-08-31,Us Open,R128,Hard,5,Tennys Sandgren,Roberto Bautista Agut,player2,other,0.20142339330999112,5.18,0.1829652996845426,0.018458093625448535,0.043373177345753966,False,1.0,-1.0
2020-08-31,Us Open,R128,Hard,5,Leonardo Mayer,Milos Raonic,player1,other,0.15217943995241823,12.17,0.07872823618470856,0.07345120376770967,0.8520237842209298,False,1.0,-1.0
2020-08-31,Us Open,R128,Hard,5,Andrej Martin,Alex De Minaur,player1,other,0.14529516366244768,10.55,0.09051724137931033,0.054777922283137354,0.5328639766388231,False,1.0,-1.0
2020-08-31,Us Open,R128,Hard,5,Ivo Karlovic,Richard Gasquet,player1,other,0.19338341696821756,6.04,0.1576011157601116,0.035782301208105965,0.16803583848803416,False,1.0,-1.0
2020-08-31,Us Open,R128,Hard,5,Thiago Monteiro,Felix Auger Aliassime,player1,other,0.17557314525610798,7.05,0.13496932515337423,0.04060382010273375,0.2377906740555613,False,1.0,-1.0
2020-08-31,Us Open,R128,Hard,5,Jaume Munar,Dominic Thiem,player1,top_10,0.10802699295552809,10.48,0.09106678230702514,0.01696021064850295,0.13212288617393442,False,1.0,-1.0
2020-08-31,Us Open,R64,Hard,5,Kyle Edmund,Novak Djokovic,player1,top_10,0.10849759405243609,14.11,0.06803170409511229,0.040465889957323795,0.530901052079873,False,1.0,-1.0
2020-08-31,Us Open,R64,Hard,5,Marcos Giron,Filip Krajinovic,player2,other,0.14481226213067933,7.24,0.13189448441247004,0.012917777718209289,0.04844077782611833,False,1.0,-1.0
2020-08-31,Us Open,R64,Hard,5,Lloyd Harris,David Goffin,player2,top_10,0.268057161224018,5.62,0.16863905325443784,0.09941810796958017,0.5064812460789813,False,1.0,-1.0
2020-08-31,Us Open,R64,Hard,5,Egor Gerasimov,Jordan Thompson,player2,other,0.5142468651178463,2.11,0.45052083333333337,0.06372603178451297,0.08506088539865575,False,1.0,-1.0
2020-08-31,Us Open,R64,Hard,5,Matteo Berrettini,Ugo Humbert,player1,top_10,0.7826980323950701,1.34,0.7093275488069414,0.0733704835881287,0.048815363409393964,True,1.0,0.3400000000000001
2020-08-31,Us Open,R64,Hard,5,Gregoire Barrere,Andrey Rublev,player2,other,0.13949051864890005,7.77,0.12203389830508475,0.0174566203438153,0.08384132990195337,False,1.0,-1.0
2020-08-31,Us Open,R64,Hard,5,Miomir Kecmanovic,Roberto Bautista Agut,player1,other,0.2366239883174515,6.7,0.14212548015364918,0.09449850816380231,0.5853807217269249,False,1.0,-1.0
2020-08-31,Us Open,R64,Hard,5,Vasek Pospisil,Milos Raonic,player1,other,0.22320549433239098,5.15,0.1838351822503962,0.03937031208199479,0.14950829581181369,True,1.0,4.15
2020-08-31,Us Open,R32,Hard,5,Jan Lennard Struff,Novak Djokovic,player2,top_10,0.10146695849293617,13.0,0.07341411261582324,0.02805284587711293,0.3190704604081702,False,1.0,-1.0
2020-08-31,Us Open,R32,Hard,5,David Goffin,Filip Krajinovic,player2,top_10,0.49534397172079253,2.47,0.3855721393034826,0.10977183241730992,0.22349961015035769,True,1.0,1.4700000000000002
2020-08-31,Us Open,R32,Hard,5,Salvatore Caruso,Andrey Rublev,player1,other,0.1588803937012293,9.34,0.10192307692307694,0.05695731677815237,0.4839428771694816,False,1.0,-1.0
2020-08-31,Us Open,R32,Hard,5,Frances Tiafoe,Marton Fucsovics,player1,other,0.41730737352827935,2.47,0.3855721393034826,0.03173523422479674,0.030749212614849974,True,1.0,1.4700000000000002
2020-08-31,Us Open,R32,Hard,5,Alex De Minaur,Karen Khachanov,player1,other,0.636354174709293,1.63,0.5820512820512821,0.054302892658010915,0.037257304776147526,True,1.0,0.6299999999999999
2020-08-31,Us Open,R16,Hard,5,Pablo Carreno Busta,Novak Djokovic,player2,top_10,0.10205599304430539,13.87,0.0691275167785235,0.032928476265781895,0.4155166235245157,True,1.0,12.87
2020-08-31,Us Open,R16,Hard,5,Denis Shapovalov,David Goffin,player1,top_10,0.5309559437479385,2.14,0.4455958549222798,0.08536008882565871,0.1362457196205885,True,1.0,1.1400000000000001
2020-08-31,Us Open,R16,Hard,5,Andrey Rublev,Matteo Berrettini,player1,top_10,0.6779524654782904,1.99,0.4790575916230366,0.19889487385525373,0.3491254063017978,True,1.0,0.99
2020-08-31,Us Open,R16,Hard,5,Alex De Minaur,Vasek Pospisil,player1,other,0.7243653201228096,1.46,0.6515513126491647,0.07281400747364497,0.05757336737930202,True,1.0,0.45999999999999996
2020-08-31,Us Open,R16,Hard,5,Felix Auger Aliassime,Dominic Thiem,player1,top_10,0.3474604066157756,3.05,0.3130630630630631,0.03439734355271251,0.05975424017811548,False,1.0,-1.0
2020-08-31,Us Open,QF,Hard,5,Pablo Carreno Busta,Denis Shapovalov,player2,other,0.4716990781119603,2.23,0.42820512820512824,0.043493949906832086,0.05188894418967149,True,1.0,1.23
2020-08-31,Us Open,QF,Hard,5,Alexander Zverev,Borna Coric,player2,top_10,0.8048208269114859,1.35,0.7045951859956237,0.10022564091586228,0.08650811633050609,True,1.0,0.3500000000000001
2020-08-31,Us Open,QF,Hard,5,Alex De Minaur,Dominic Thiem,player1,top_10,0.22528714275340897,5.04,0.18971061093247585,0.03557653182093312,0.1354471994771812,False,1.0,-1.0
2020-08-31,Us Open,SF,Hard,5,Alexander Zverev,Pablo Carreno Busta,player2,top_10,0.80596858639143,1.35,0.7084233261339092,0.09754526025752075,0.08805759162843058,True,1.0,0.3500000000000001
2020-09-07,Kitzbuhel,R32,Clay,3,Radu Albot,Sebastian Ofner,player2,other,0.4035795949763938,2.69,0.3518072289156627,0.0517723660607311,0.08562911048649935,False,1.0,-1.0
2020-09-07,Kitzbuhel,R32,Clay,3,Alexander Bublik,Yannick Hanfmann,player2,other,0.3816341057994526,3.62,0.2612244897959184,0.12040961600353423,0.3815154629940185,False,1.0,-1.0
2020-09-07,Kitzbuhel,R32,Clay,3,Dennis Novak,Maximilian Marterer,player1,other,0.5262051114012083,2.01,0.4710526315789474,0.0551524798222609,0.057672273916428596,False,1.0,-1.0
2020-09-07,Kitzbuhel,R32,Clay,3,Kei Nishikori,Miomir Kecmanovic,player1,other,0.6710719355721712,1.68,0.5636363636363637,0.10743557193580744,0.1274008517612475,False,1.0,-1.0
2020-09-07,Kitzbuhel,R16,Clay,3,Sebastian Ofner,Diego Schwartzman,player2,other,0.2234581705139713,5.59,0.16939078751857353,0.05406738299539776,0.24913117317309963,False,1.0,-1.0
2020-09-07,Kitzbuhel,R16,Clay,3,Laslo Djere,Jannik Sinner,player2,other,0.3707119494013389,2.86,0.3302107728337237,0.040501176567615205,0.06023617528782921,True,1.0,1.8599999999999999
2020-09-07,Kitzbuhel,R16,Clay,3,Dusan Lajovic,Yannick Hanfmann,player2,other,0.5068148727101897,2.15,0.44010416666666663,0.06671070604352303,0.08965197632690769,False,1.0,-1.0
2020-09-07,Kitzbuhel,R16,Clay,3,Hubert Hurkacz,Maximilian Marterer,player2,other,0.70584990245208,1.6,0.5907928388746803,0.11505706357739975,0.1293598439233281,False,1.0,-1.0
2020-09-07,Kitzbuhel,QF,Clay,3,Yannick Hanfmann,Maximilian Marterer,player2,other,0.6030255311472167,1.78,0.531578947368421,0.07144658377879565,0.07338544544204573,True,1.0,0.78
2020-09-07,Kitzbuhel,SF,Clay,3,Laslo Djere,Yannick Hanfmann,player1,other,0.5934810367625786,1.79,0.5289473684210526,0.06453366834152596,0.06233105580501569,False,1.0,-1.0
2020-09-07,Kitzbuhel,F,Clay,3,Miomir Kecmanovic,Yannick Hanfmann,player2,other,0.6329255444843559,1.83,0.5171503957783641,0.11577514870599181,0.15825374640637135,True,1.0,0.8300000000000001
2020-09-14,Rome Masters,R64,Clay,4,Adrian Mannarino,Milos Raonic,player2,other,0.22285188266775732,4.83,0.19767441860465115,0.02517746406310617,0.07637459328526797,False,1.0,-1.0
2020-09-14,Rome Masters,R64,Clay,4,Daniel Evans,Hubert Hurkacz,player2,other,0.4673910520310656,2.24,0.42416452442159375,0.043226527609471876,0.04695595654958706,False,1.0,-1.0
2020-09-14,Rome Masters,R64,Clay,4,Benoit Paire,Jannik Sinner,player1,other,0.315345977540104,3.67,0.2585858585858586,0.05676011895424543,0.15731973757218165,False,1.0,-1.0
2020-09-14,Rome Masters,R64,Clay,4,Ugo Humbert,Kevin Anderson,player2,other,0.48896102144914616,2.28,0.41687979539641945,0.07208122605272671,0.11483112890405323,True,1.0,1.2799999999999998
2020-09-14,Rome Masters,R64,Clay,4,Casper Ruud,Karen Khachanov,player1,other,0.5523314867661032,1.99,0.47631578947368425,0.07601569729241897,0.09913965866454544,True,1.0,0.99
2020-09-14,Rome Masters,R64,Clay,4,Taylor Fritz,Stefano Travaglia,player2,other,0.7054090328474274,1.63,0.5820512820512821,0.1233577507961453,0.1498167235413066,False,1.0,-1.0
2020-09-14,Rome Masters,R64,Clay,4,Felix Auger Aliassime,Filip Krajinovic,player1,other,0.49258812263975865,2.31,0.41221374045801523,0.08037438218174342,0.13787856329784243,False,1.0,-1.0
2020-09-14,Rome Masters,R64,Clay,4,Kyle Edmund,Marco Cecchinato,player1,other,0.6618820503659288,1.87,0.5078947368421052,0.15398731352382367,0.23771943418428698,False,1.0,-1.0
2020-09-14,Rome Masters,R32,Clay,4,Pablo Carreno Busta,Rafael Nadal,player1,top_10,0.10243758053921859,10.54,0.090595340811044,0.01184223972817458,0.07969209888336382,False,1.0,-1.0
2020-09-14,Rome Masters,R32,Clay,4,Hubert Hurkacz,Andrey Rublev,player1,other,0.22069274195262314,4.85,0.1956882255389718,0.02500451641365134,0.07035979847022211,True,1.0,3.8499999999999996
2020-09-14,Rome Masters,R32,Clay,4,Fabio Fognini,Ugo Humbert,player2,other,0.537720972411347,2.02,0.46981627296587924,0.06790469944546773,0.08619636427092092,False,1.0,-1.0
2020-09-14,Rome Masters,R32,Clay,4,Marin Cilic,David Goffin,player1,other,0.36979437561700124,2.82,0.3364705882352941,0.03332378738170716,0.04282013923994343,True,1.0,1.8199999999999998
2020-09-14,Rome Masters,R32,Clay,4,Borna Coric,Stefano Travaglia,player2,other,0.7284027581611525,1.43,0.6627358490566039,0.06566690910454864,0.04161594417044806,False,1.0,-1.0
2020-09-14,Rome Masters,R32,Clay,4,Gael Monfils,Dominik Koepfer,player1,top_10,0.7924784321747685,1.41,0.6720930232558139,0.12038540891895466,0.11739458936642361,False,1.0,-1.0
2020-09-14,Rome Masters,R32,Clay,4,Salvatore Caruso,Novak Djokovic,player1,top_10,0.09881649303511975,13.26,0.07207837648705388,0.026738116548065863,0.31030669764568775,False,1.0,-1.0
2020-09-14,Rome Masters,R16,Clay,4,Dusan Lajovic,Rafael Nadal,player1,top_10,0.09845757018538732,16.38,0.05862068965517243,0.0398368805302149,0.6127349996366442,False,1.0,-1.0
2020-09-14,Rome Masters,R16,Clay,4,Hubert Hurkacz,Diego Schwartzman,player1,other,0.43603635992178863,2.52,0.37777777777777777,0.05825858214401086,0.09881162700290747,False,1.0,-1.0
2020-09-14,Rome Masters,R16,Clay,4,Casper Ruud,Marin Cilic,player1,other,0.6763369378696856,1.66,0.5732647814910026,0.10307215637868306,0.1227193168636781,True,1.0,0.6599999999999999
2020-09-14,Rome Masters,QF,Clay,4,Diego Schwartzman,Rafael Nadal,player1,top_10,0.10246896899825393,14.71,0.06543837357052097,0.03703059542773296,0.5073185339643155,True,1.0,13.71
2020-09-14,Rome Masters,QF,Clay,4,Casper Ruud,Matteo Berrettini,player2,top_10,0.49102645864910976,2.28,0.41687979539641945,0.07414666325269031,0.1195403257199702,True,1.0,1.2799999999999998
2020-09-14,Rome Masters,QF,Clay,4,Dominik Koepfer,Novak Djokovic,player1,top_10,0.11251871219787661,13.71,0.06924643584521385,0.04327227635266276,0.5426315442328884,False,1.0,-1.0
2020-09-14,Rome Masters,SF,Clay,4,Denis Shapovalov,Diego Schwartzman,player1,other,0.5147546102673837,2.28,0.41687979539641945,0.09787481487096422,0.17364051140963466,False,1.0,-1.0
2020-09-14,Rome Masters,SF,Clay,4,Novak Djokovic,Casper Ruud,player1,top_10,0.5104115610685497,17.0,0.22902494331065756,0.2813866177578921,7.676996538165344,True,1.0,16.0
2020-09-21,Hamburg,R32,Clay,3,Taylor Fritz,Pablo Cuevas,player1,other,0.5866451518564689,1.8,0.5275590551181102,0.05908609673835874,0.05596127334164408,False,1.0,-1.0
2020-09-21,Hamburg,R32,Clay,3,Karen Khachanov,Jan Lennard Struff,player1,other,0.5895623241100517,1.79,0.5301837270341206,0.05937859707593107,0.0553165601569926,True,1.0,0.79
2020-09-21,Hamburg,R32,Clay,3,Gael Monfils,Yannick Hanfmann,player1,top_10,0.6664221229248332,1.91,0.4960422163588391,0.17037990656599405,0.27286625478643123,False,1.0,-1.0
2020-09-21,Hamburg,R32,Clay,3,Kei Nishikori,Cristian Garin,player1,other,0.6018475860200448,1.98,0.4789473684210527,0.12290021759899217,0.19165822031968882,False,1.0,-1.0
2020-09-21,Hamburg,R32,Clay,3,Kevin Anderson,Tommy Paul,player1,other,0.4949248423284354,2.34,0.40609137055837563,0.08883347177005979,0.15812413104853873,False,1.0,-1.0
2020-09-21,Hamburg,R32,Clay,3,Nikoloz Basilashvili,Roberto Bautista Agut,player2,other,0.20898131032848097,5.0,0.18962722852512157,0.019354081803359402,0.04490655164240487,False,1.0,-1.0
2020-09-21,Hamburg,R32,Clay,3,Fabio Fognini,Philipp Kohlschreiber,player2,other,0.5077701937383342,2.15,0.44155844155844154,0.06621175217989267,0.09170591653741855,True,1.0,1.15
2020-09-21,Hamburg,R32,Clay,3,Ugo Humbert,Daniil Medvedev,player1,top_10,0.28000614592344963,4.61,0.2065404475043029,0.07346569841914674,0.29082833270710295,True,1.0,3.6100000000000003
2020-09-21,Hamburg,R16,Clay,3,Cristian Garin,Yannick Hanfmann,player1,other,0.6387642661841999,1.65,0.5736434108527132,0.0651208553314867,0.053961039203929806,True,1.0,0.6499999999999999
2020-09-21,Hamburg,R16,Clay,3,Dominik Koepfer,Roberto Bautista Agut,player1,other,0.2935347243464896,3.58,0.26488706365503084,0.028647660691458743,0.05085431316043276,False,1.0,-1.0
2020-09-21,Hamburg,R16,Clay,3,Jiri Vesely,Ugo Humbert,player2,other,0.4213944773896723,2.45,0.3875,0.03389447738967227,0.03241646960469713,False,1.0,-1.0
2020-09-21,Hamburg,SF,Clay,3,Casper Ruud,Andrey Rublev,player1,other,0.4420344917328097,2.71,0.3501199040767386,0.09191458765607108,0.19791347259591419,False,1.0,-1.0
2020-09-21,Hamburg,F,Clay,3,Stefanos Tsitsipas,Andrey Rublev,player1,top_10,0.6838864718994975,2.06,0.46214099216710186,0.2217454797323956,0.4088061321129648,False,1.0,-1.0
2020-09-28,Roland Garros,R128,Clay,5,Mikael Ymer,Novak Djokovic,player2,top_10,0.10268474605658216,21.63,0.044611307420494704,0.05807343863608746,1.221071057203872,False,1.0,-1.0
2020-09-28,Roland Garros,R128,Clay,5,Hugo Dellien,Ricardas Berankis,player2,other,0.6823549272795866,1.51,0.628992628992629,0.0533622982869576,0.030355940192175745,False,1.0,-1.0
2020-09-28,Roland Garros,R128,Clay,5,Richard Gasquet,Roberto Bautista Agut,player2,top_10,0.2111256859551476,5.16,0.1848341232227488,0.0262915627323988,0.08940853952856165,False,1.0,-1.0
2020-09-28,Roland Garros,R128,Clay,5,Alexei Popyrin,Lloyd Harris,player2,other,0.6027668583259781,1.88,0.5065616797900262,0.0962051785359519,0.13320169365283874,False,1.0,-1.0
2020-09-28,Roland Garros,R128,Clay,5,Vasek Pospisil,Matteo Berrettini,player1,top_10,0.15829376337961143,7.02,0.1354679802955665,0.022825783084044926,0.11122221892487216,False,1.0,-1.0
2020-09-28,Roland Garros,R128,Clay,5,Marton Fucsovics,Daniil Medvedev,player2,top_10,0.2696564969627152,4.43,0.21453900709219859,0.05511748987051662,0.19457828154482826,True,1.0,3.4299999999999997
2020-09-28,Roland Garros,R128,Clay,5,Marcos Giron,Quentin Halys,player2,other,0.5858353851295649,1.83,0.5196850393700787,0.0661503457594862,0.0720787547871038,True,1.0,0.8300000000000001
2020-09-28,Roland Garros,R128,Clay,5,Sam Querrey,Andrey Rublev,player2,other,0.16764229572484832,11.62,0.08287292817679559,0.08476936754805273,0.9480034763227373,False,1.0,-1.0
2020-09-28,Roland Garros,R128,Clay,5,Gilles Simon,Denis Shapovalov,player1,other,0.1654401320464911,6.36,0.14973262032085563,0.015707511725635476,0.05219923981568353,False,1.0,-1.0
2020-09-28,Roland Garros,R128,Clay,5,Gregoire Barrere,Grigor Dimitrov,player2,other,0.17739662025859296,6.13,0.15564738292011018,0.021749237338482774,0.08744128218517477,False,1.0,-1.0
2020-09-28,Roland Garros,R128,Clay,5,Pablo Cuevas,Henri Laaksonen,player1,other,0.7134372157300835,1.47,0.6483253588516746,0.06511185687840881,0.04875270712322266,True,1.0,0.47
2020-09-28,Roland Garros,R128,Clay,5,Gael Monfils,Alexander Bublik,player2,top_10,0.6211835411298311,1.71,0.5558441558441558,0.06533938528567529,0.062223855332011135,False,1.0,-1.0
2020-09-28,Roland Garros,R128,Clay,5,Yuichi Sugita,Casper Ruud,player2,other,0.15677387673529983,11.83,0.08080808080808081,0.07596579592721901,0.854634961778597,False,1.0,-1.0
2020-09-28,Roland Garros,R128,Clay,5,James Duckworth,Tommy Paul,player2,other,0.24540704174258157,4.8,0.1986644407345576,0.046742601008023965,0.17795380036439146,False,1.0,-1.0
2020-09-28,Roland Garros,R128,Clay,5,Egor Gerasimov,Rafael Nadal,player2,top_10,0.11550070142983908,22.68,0.04263402279442803,0.07286667863541105,1.61955590842875,False,1.0,-1.0
2020-09-28,Roland Garros,R64,Clay,5,Ricardas Berankis,Novak Djokovic,player2,top_10,0.09919752331506161,21.54,0.04478935698447894,0.05440816633058267,1.136714652206427,False,1.0,-1.0
2020-09-28,Roland Garros,R64,Clay,5,Attila Balazs,Roberto Bautista Agut,player1,top_10,0.16039344206759065,10.03,0.09558160504959425,0.06481183701799641,0.6087462239379341,False,1.0,-1.0
2020-09-28,Roland Garros,R64,Clay,5,Lloyd Harris,Matteo Berrettini,player1,top_10,0.158590883284679,8.29,0.11526147278548561,0.04332941049919338,0.3147184224299886,False,1.0,-1.0
2020-09-28,Roland Garros,R64,Clay,5,Marcos Giron,Thiago Monteiro,player2,other,0.24299714002558895,4.24,0.2248628884826325,0.018134251542956448,0.03030787370849719,False,1.0,-1.0
2020-09-28,Roland Garros,R64,Clay,5,Kevin Anderson,Dusan Lajovic,player1,other,0.40466583253512756,2.56,0.37100737100737097,0.03365846152775659,0.035944531289926585,True,1.0,1.56
2020-09-28,Roland Garros,R64,Clay,5,Andrej Martin,Grigor Dimitrov,player2,other,0.19596620469655687,5.93,0.16124469589816126,0.03472150879839561,0.16207959385058224,False,1.0,-1.0
2020-09-28,Roland Garros,R64,Clay,5,Pablo Cuevas,Stefanos Tsitsipas,player1,top_10,0.254344010935082,4.99,0.19124797406807126,0.06309603686701076,0.26917661456605946,False,1.0,-1.0
2020-09-28,Roland Garros,R64,Clay,5,Alexander Bublik,Lorenzo Sonego,player2,other,0.657158551139351,1.63,0.5831202046035805,0.07403834653577046,0.07116843835714198,False,1.0,-1.0
2020-09-28,Roland Garros,R64,Clay,5,Taylor Fritz,Radu Albot,player2,other,0.695601704326181,1.52,0.625615763546798,0.06998594077938292,0.05731459057579508,True,1.0,0.52
2020-09-28,Roland Garros,R64,Clay,5,Dominik Koepfer,Stan Wawrinka,player1,other,0.33089689431817615,3.78,0.25148514851485154,0.07941174580332461,0.2507902605227058,False,1.0,-1.0
2020-09-28,Roland Garros,R64,Clay,5,Tommy Paul,Casper Ruud,player1,other,0.25743924778279076,4.88,0.19471947194719472,0.06271977583559604,0.25630352918001886,False,1.0,-1.0
2020-09-28,Roland Garros,R64,Clay,5,Jack Sock,Dominic Thiem,player1,top_10,0.10307341008507794,12.09,0.07920792079207921,0.023865489292998726,0.24615752792859225,False,1.0,-1.0
2020-09-28,Roland Garros,R64,Clay,5,Kei Nishikori,Stefano Travaglia,player2,other,0.5180375892412091,2.2,0.4329896907216495,0.08504789851955963,0.13968269633066022,False,1.0,-1.0
2020-09-28,Roland Garros,R64,Clay,5,Mackenzie Mcdonald,Rafael Nadal,player2,top_10,0.0981174309671085,22.51,0.0429421768707483,0.0551752540963602,1.2086233710696122,False,1.0,-1.0
2020-09-28,Roland Garros,R32,Clay,5,Karen Khachanov,Cristian Garin,player1,other,0.4988593901325213,2.15,0.4430051813471503,0.05585420878537101,0.0725476887849208,True,1.0,1.15
2020-09-28,Roland Garros,R32,Clay,5,Pablo Carreno Busta,Roberto Bautista Agut,player1,top_10,0.5685428280217696,2.09,0.4557291666666667,0.1128136613551029,0.18825451056549836,True,1.0,1.0899999999999999
2020-09-28,Roland Garros,R32,Clay,5,Kevin Anderson,Andrey Rublev,player1,other,0.266763626174945,4.42,0.21492007104795738,0.0518435551269876,0.1790952276932568,False,1.0,-1.0
2020-09-28,Roland Garros,R32,Clay,5,Aljaz Bedene,Stefanos Tsitsipas,player2,top_10,0.14757124204319544,7.22,0.13221153846153846,0.015359703581656975,0.06546436755187102,False,1.0,-1.0
2020-09-28,Roland Garros,R32,Clay,5,Taylor Fritz,Lorenzo Sonego,player1,other,0.5799372067783145,1.83,0.5196850393700787,0.0602521674082358,0.06128508840431557,False,1.0,-1.0
2020-09-28,Roland Garros,R32,Clay,5,Norbert Gombos,Diego Schwartzman,player1,other,0.16575249952015403,10.33,0.09306409130816508,0.07268840821198895,0.7122233200431911,False,1.0,-1.0
2020-09-28,Roland Garros,R32,Clay,5,Alexander Zverev,Marco Cecchinato,player2,top_10,0.8222469280351188,1.42,0.6712962962962963,0.1509506317388225,0.1675906378098686,True,1.0,0.41999999999999993
2020-09-28,Roland Garros,R32,Clay,5,Stefano Travaglia,Rafael Nadal,player1,top_10,0.10016062493506254,22.92,0.042206435436690344,0.0579541894983722,1.2956815235116337,False,1.0,-1.0
2020-09-28,Roland Garros,R16,Clay,5,Karen Khachanov,Novak Djokovic,player1,top_10,0.11434759074347352,13.89,0.06903485254691688,0.04531273819655664,0.5882880354268473,False,1.0,-1.0
2020-09-28,Roland Garros,R16,Clay,5,Marton Fucsovics,Andrey Rublev,player1,other,0.24865785596742518,4.26,0.22404371584699453,0.024614140120430644,0.05928246642123125,False,1.0,-1.0
2020-09-28,Roland Garros,R16,Clay,5,Lorenzo Sonego,Diego Schwartzman,player2,other,0.19812744663346216,5.26,0.18068535825545173,0.017442088378010423,0.04215036929201088,False,1.0,-1.0
2020-09-28,Roland Garros,R16,Clay,5,Alexander Zverev,Jannik Sinner,player2,top_10,0.734507588969424,1.46,0.6523809523809524,0.08212663658847164,0.07238107989535908,False,1.0,-1.0
2020-09-28,Roland Garros,QF,Clay,5,Pablo Carreno Busta,Novak Djokovic,player1,top_10,0.10482245183738415,10.15,0.09455842997323818,0.010264021864145961,0.06394788614944913,False,1.0,-1.0
2020-09-28,Roland Garros,QF,Clay,5,Dominic Thiem,Diego Schwartzman,player2,top_10,0.7888406245767152,1.4,0.6825396825396824,0.10630094203703278,0.10437687440740123,False,1.0,-1.0
2020-09-28,Roland Garros,QF,Clay,5,Jannik Sinner,Rafael Nadal,player2,top_10,0.13842433171345314,8.31,0.11501597444089458,0.023408357272558564,0.15030619653879562,False,1.0,-1.0
2020-09-28,Roland Garros,F,Clay,5,Rafael Nadal,Novak Djokovic,player1,top_10,0.6196569619171403,1.68,0.5714285714285715,0.04822839048856875,0.041023696020795586,True,1.0,0.6799999999999999
2020-10-12,St Petersburg,R32,Hard,3,Viktor Troicki,Denis Shapovalov,player1,other,0.16140331154824925,6.55,0.14490861618798956,0.016494695360259687,0.05719169064103258,False,1.0,-1.0
2020-10-12,St Petersburg,R32,Hard,3,James Duckworth,Karen Khachanov,player2,other,0.1685280042698533,7.13,0.1336573511543135,0.0348706531155398,0.20160467044405384,False,1.0,-1.0
2020-10-12,St Petersburg,R32,Hard,3,Borna Coric,Feliciano Lopez,player2,other,0.7549281973753766,1.38,0.6870748299319728,0.06785336744340387,0.041800912378019695,True,1.0,0.3799999999999999
2020-10-12,St Petersburg,R32,Hard,3,Richard Gasquet,Daniil Medvedev,player1,top_10,0.1774621653635723,6.12,0.15469613259668508,0.022766032766887212,0.08606845202506241,False,1.0,-1.0
2020-10-12,St Petersburg,R16,Hard,3,Evgeny Donskoy,Stan Wawrinka,player1,other,0.23779956034573854,4.66,0.20341880341880342,0.034380756926935124,0.10814595121114168,False,1.0,-1.0
2020-10-12,St Petersburg,QF,Hard,3,Denis Shapovalov,Stan Wawrinka,player1,other,0.7209312066696097,1.48,0.6425120772946861,0.07841912937492368,0.06697818587102239,True,1.0,0.48
2020-10-12,Cologne 1,QF,Hard,3,Lloyd Harris,Alexander Zverev,player2,top_10,0.31077826378798934,6.19,0.15321477428180577,0.15756348950618357,0.923717452847654,False,1.0,-1.0
2020-10-12,Cologne 1,SF,Hard,3,Felix Auger Aliassime,Roberto Bautista Agut,player1,other,0.548304171460328,1.97,0.48157894736842105,0.0667252240919069,0.08015921777684609,True,1.0,0.97
2020-10-12,Cologne 1,F,Hard,3,Alexander Zverev,Felix Auger Aliassime,player1,top_10,0.7501644110832758,1.39,0.6797235023041476,0.07044090877912823,0.04272853140575328,True,1.0,0.3899999999999999
2020-10-12,Sardinia,R32,Clay,3,Jiri Vesely,Kamil Majchrzak,player2,other,0.6639054926249863,1.71,0.5523560209424083,0.111549471682578,0.13527839238872658,True,1.0,0.71
2020-10-12,Sardinia,R32,Clay,3,Corentin Moutet,Frances Tiafoe,player2,other,0.48892525356134414,2.17,0.4348958333333333,0.05402942022801083,0.060967800228116764,True,1.0,1.17
2020-10-12,Sardinia,R16,Clay,3,Laslo Djere,Dusan Lajovic,player2,other,0.49400004370470446,2.11,0.4476439790575916,0.04635606464711284,0.04234009221692636,True,1.0,1.1099999999999999
2020-10-12,Sardinia,F,Clay,3,Laslo Djere,Marco Cecchinato,player1,other,0.4442396299472982,2.53,0.3753086419753087,0.06893098797198949,0.12392626376666438,True,1.0,1.5299999999999998
2020-10-19,Antwerp,QF,Hard,3,Marcos Giron,Alex De Minaur,player1,other,0.18400081751625644,5.88,0.16119828815977175,0.02280252935648469,0.0819248069955878,False,1.0,-1.0
2020-10-19,Antwerp,QF,Hard,3,Karen Khachanov,Daniel Evans,player2,other,0.5038592917310099,2.18,0.4366925064599483,0.06716678527106157,0.09841325597360151,False,1.0,-1.0
2020-10-19,Antwerp,QF,Hard,3,Lloyd Harris,Ugo Humbert,player2,other,0.4124189194195602,2.52,0.37623762376237624,0.036181295657183976,0.039295676937291746,False,1.0,-1.0
2020-10-19,Antwerp,R16,Hard,3,Feliciano Lopez,Alex De Minaur,player2,other,0.2891692173455502,3.98,0.2390057361376673,0.05016348120788289,0.15089348503528976,False,1.0,-1.0
2020-10-19,Antwerp,R16,Hard,3,Cameron Norrie,Milos Raonic,player1,other,0.19509362897912533,5.56,0.1701492537313433,0.024944375247782036,0.08472057712393677,False,1.0,-1.0
2020-10-19,Antwerp,R32,Hard,3,Tommy Paul,Feliciano Lopez,player2,other,0.7020238903774456,1.59,0.5974683544303797,0.1045555359470659,0.11621798570013858,False,1.0,-1.0
2020-10-19,Antwerp,R32,Hard,3,Aljaz Bedene,Milos Raonic,player2,other,0.18696761580123858,5.65,0.16789396170839468,0.019073654092843895,0.05636702927699799,False,1.0,-1.0
2020-10-19,Antwerp,R32,Hard,3,Kimmer Coppejans,Ugo Humbert,player2,other,0.22909508553429214,6.37,0.14953271028037385,0.0795623752539183,0.45933569485344106,False,1.0,-1.0
2020-10-19,Cologne 2,R32,Hard,3,Marco Cecchinato,Jan Lennard Struff,player2,other,0.22164286540794556,5.26,0.18068535825545173,0.04095750715249383,0.16584147204579358,False,1.0,-1.0
2020-10-19,Cologne 2,R32,Hard,3,James Duckworth,Jannik Sinner,player1,other,0.18401813064664593,6.53,0.14528795811518325,0.03873017253146269,0.20163839312259801,False,1.0,-1.0
2020-10-19,Cologne 2,R32,Hard,3,Alexei Popyrin,Adrian Mannarino,player1,other,0.46184349534429353,2.27,0.41794871794871796,0.04389477739557557,0.04838473443154634,False,1.0,-1.0
2020-10-19,Cologne 2,R16,Hard,3,Egor Gerasimov,Felix Auger Aliassime,player1,other,0.3107315742418378,3.68,0.25656565656565655,0.05416591767618123,0.14349219320996298,False,1.0,-1.0
2020-10-19,Cologne 2,R16,Hard,3,Pierre Hugues Herbert,Jannik Sinner,player2,other,0.2479227523965709,4.52,0.2097902097902098,0.03813254260636112,0.1206108408325004,False,1.0,-1.0
2020-10-19,Cologne 2,R16,Hard,3,Miomir Kecmanovic,Adrian Mannarino,player2,other,0.5701168123813741,1.9,0.4986807387862796,0.07143607359509452,0.08322194352461076,False,1.0,-1.0
2020-10-19,Cologne 2,QF,Hard,3,Alejandro Davidovich Fokina,Diego Schwartzman,player2,top_10,0.33469294807640826,3.4,0.2781316348195329,0.056561313256875356,0.13795602345978808,False,1.0,-1.0
2020-10-19,Cologne 2,QF,Hard,3,Yoshihito Nishioka,Felix Auger Aliassime,player2,other,0.3869843621324793,2.69,0.3518072289156627,0.03517713321681659,0.04098793413636925,False,1.0,-1.0
2020-10-19,Cologne 2,QF,Hard,3,Gilles Simon,Jannik Sinner,player2,other,0.28485817697121213,4.07,0.23207547169811318,0.052782705273098945,0.15937278027283353,False,1.0,-1.0
2020-10-19,Cologne 2,SF,Hard,3,Felix Auger Aliassime,Diego Schwartzman,player1,top_10,0.6185289087920479,2.03,0.46858638743455505,0.14994252135749286,0.2556136848478572,False,1.0,-1.0
2020-10-19,Cologne 2,SF,Hard,3,Alexander Zverev,Jannik Sinner,player1,top_10,0.771144297649228,1.84,0.5145118733509234,0.2566324242983046,0.41890550767457957,True,1.0,0.8400000000000001
2020-10-19,Cologne 2,F,Hard,3,Alexander Zverev,Diego Schwartzman,player1,top_10,0.8270187471395629,1.51,0.628992628992629,0.19802611814693394,0.24879830818074,True,1.0,0.51
2020-10-26,Vienna,R32,Hard,3,Cristian Garin,Stan Wawrinka,player1,other,0.34028721040778603,3.8,0.24901185770750986,0.09127535270027617,0.29309139954958696,True,1.0,2.8
2020-10-26,Vienna,R32,Hard,3,Norbert Gombos,Andrey Rublev,player1,top_10,0.13820913703105342,9.08,0.10453648915187376,0.03367264787917966,0.25493896424196505,False,1.0,-1.0
2020-10-26,Vienna,R32,Hard,3,Jason Jung,Daniil Medvedev,player1,top_10,0.10797842785530638,9.69,0.09860465116279073,0.009373776692515656,0.046310965917918834,False,1.0,-1.0
2020-10-26,Vienna,R32,Hard,3,Kevin Anderson,Dennis Novak,player2,other,0.7032250659710639,1.5,0.6314496314496314,0.07177543452143254,0.0548375989565959,True,1.0,0.5
2020-10-26,Vienna,R32,Hard,3,Gael Monfils,Pablo Carreno Busta,player1,other,0.40684120421828673,2.61,0.36341463414634145,0.04342657007194528,0.06185554300972829,False,1.0,-1.0
2020-10-26,Vienna,R32,Hard,3,Karen Khachanov,Grigor Dimitrov,player1,other,0.5125573765208437,2.04,0.4645669291338583,0.04799044738698538,0.045617048102521096,False,1.0,-1.0
2020-10-26,Vienna,R32,Hard,3,Stefanos Tsitsipas,Jan Lennard Struff,player1,top_10,0.8249381631002387,1.28,0.7387755102040816,0.0861626528961571,0.05592084876830558,True,1.0,0.28
2020-10-26,Vienna,R32,Hard,3,Attila Balazs,Hubert Hurkacz,player2,other,0.17928500621130708,7.09,0.13431013431013433,0.04497487190117275,0.27113069403816714,False,1.0,-1.0
2020-10-26,Vienna,R16,Hard,3,Cristian Garin,Dominic Thiem,player2,top_10,0.22191469313355047,6.14,0.15426997245179064,0.06764472068175983,0.36255621583999975,False,1.0,-1.0
2020-10-26,Vienna,R16,Hard,3,Kevin Anderson,Pablo Carreno Busta,player1,other,0.4565782024357869,2.52,0.37623762376237624,0.08034057867341066,0.150577070138183,True,1.0,1.52
2020-10-26,Vienna,R16,Hard,3,Stefanos Tsitsipas,Grigor Dimitrov,player2,top_10,0.7260657429291913,1.43,0.6651053864168619,0.06096035651232945,0.03827401238874356,False,1.0,-1.0
2020-10-26,Vienna,QF,Hard,3,Kevin Anderson,Daniil Medvedev,player1,top_10,0.28767192155642346,4.17,0.22777777777777777,0.059894143778645687,0.19959191289028577,True,1.0,3.17
2020-10-26,Vienna,QF,Hard,3,Daniel Evans,Grigor Dimitrov,player2,other,0.35749966185482657,2.89,0.3294663573085847,0.028033304546241866,0.033174022760448785,True,1.0,1.8900000000000001
2020-10-26,Vienna,QF,Hard,3,Lorenzo Sonego,Novak Djokovic,player2,top_10,0.10068695408713874,15.25,0.06269207129686541,0.03799488279027333,0.5354760498288658,True,1.0,14.25
2020-10-26,Vienna,SF,Hard,3,Kevin Anderson,Andrey Rublev,player1,top_10,0.27824380786048414,4.36,0.2186379928315412,0.05960581502894294,0.2131430022717109,False,1.0,-1.0
2020-10-26,Vienna,F,Hard,3,Lorenzo Sonego,Andrey Rublev,player1,top_10,0.19485186402376764,5.85,0.1630901287553648,0.03176173526840284,0.13988340453904058,False,1.0,-1.0
2020-10-26,Nur-Sultan,R32,Hard,3,Lloyd Harris,Egor Gerasimov,player1,other,0.5077555913055892,2.04,0.4631578947368421,0.044597696568747125,0.03582140626340202,False,1.0,-1.0
2020-10-26,Nur-Sultan,R32,Hard,3,Tommy Paul,Stefano Travaglia,player2,other,0.6497143374371459,1.63,0.5798969072164949,0.06981743022065101,0.059034370022547744,True,1.0,0.6299999999999999
2020-10-26,Nur-Sultan,R32,Hard,3,Alexander Bublik,Mackenzie Mcdonald,player2,other,0.7048403509131035,1.48,0.6372549019607844,0.0675854489523191,0.043163719351393126,False,1.0,-1.0
2020-10-26,Nur-Sultan,QF,Hard,3,Tommy Paul,John Millman,player2,other,0.5523296942641299,1.88,0.503957783641161,0.04837191062296897,0.03837982521656419,False,1.0,-1.0
2020-10-26,Nur-Sultan,F,Hard,3,John Millman,Adrian Mannarino,player1,other,0.5000853108471724,2.26,0.41902313624678666,0.08106217460038578,0.13019280251460963,True,1.0,1.2599999999999998
2020-11-02,Paris Masters,R64,Hard,4,Corentin Moutet,Salvatore Caruso,player2,other,0.6143886361551977,1.82,0.5235602094240838,0.09082842673111391,0.11818731780245983,True,1.0,0.8200000000000001
2020-11-02,Paris Masters,R64,Hard,4,Stefano Travaglia,Alex De Minaur,player1,other,0.20964294594828703,5.22,0.18309859154929575,0.026544354398991277,0.09433617785005821,False,1.0,-1.0
2020-11-02,Paris Masters,R64,Hard,4,Tommy Paul,Gilles Simon,player1,other,0.4216019102289712,2.61,0.36496350364963503,0.056638406579336165,0.10038098569761478,True,1.0,1.6099999999999999
2020-11-02,Paris Masters,R64,Hard,4,Daniel Evans,Stan Wawrinka,player1,other,0.3926925795618308,2.64,0.36077481840193704,0.031917761159893754,0.03670841004323333,False,1.0,-1.0
2020-11-02,Paris Masters,R64,Hard,4,Pablo Andujar,Yoshihito Nishioka,player1,other,0.28619589395296907,3.79,0.25098814229249017,0.0352077516604789,0.0846824380817528,False,1.0,-1.0
2020-11-02,Paris Masters,R64,Hard,4,Marco Cecchinato,Norbert Gombos,player2,other,0.4854759117672269,2.4,0.3954659949622167,0.09000991680501019,0.16514218824134452,False,1.0,-1.0
2020-11-02,Paris Masters,R64,Hard,4,Nikoloz Basilashvili,Jan Lennard Struff,player2,other,0.27505642160924443,5.77,0.16497829232995656,0.11007812927928787,0.5870755526853402,False,1.0,-1.0
2020-11-02,Paris Masters,R64,Hard,4,Jordan Thompson,Federico Delbonis,player2,other,0.6619166002197733,1.59,0.5984848484848484,0.06343175173492488,0.05244739434943957,True,1.0,0.5900000000000001
2020-11-02,Paris Masters,R32,Hard,4,Stefanos Tsitsipas,Ugo Humbert,player2,top_10,0.769645966186431,1.46,0.6515513126491647,0.11809465353726634,0.12368311063218923,False,1.0,-1.0
2020-11-02,Paris Masters,R32,Hard,4,Corentin Moutet,Marin Cilic,player2,other,0.3434950631193176,3.13,0.3028953229398664,0.04059974017945123,0.07513954756346408,False,1.0,-1.0
2020-11-02,Paris Masters,R32,Hard,4,Matteo Berrettini,Marcos Giron,player1,top_10,0.7847184570211073,1.36,0.6984478935698448,0.0862705634512625,0.06721710154870603,False,1.0,-1.0
2020-11-02,Paris Masters,R32,Hard,4,Alex De Minaur,Lorenzo Sonego,player1,other,0.7657039312985042,1.44,0.6611764705882353,0.10452746071026897,0.10261366106984604,True,1.0,0.43999999999999995
2020-11-02,Paris Masters,R32,Hard,4,Radu Albot,Andrey Rublev,player1,top_10,0.14593807788795846,8.82,0.10819009100101111,0.037747986886947346,0.2871738469717935,False,1.0,-1.0
2020-11-02,Paris Masters,R32,Hard,4,Yoshihito Nishioka,Adrian Mannarino,player2,other,0.5470654409990624,1.93,0.4934383202099738,0.0536271207890886,0.05583630112819038,False,1.0,-1.0
2020-11-02,Paris Masters,R32,Hard,4,Alexander Zverev,Miomir Kecmanovic,player1,top_10,0.8129807488288233,1.33,0.7152034261241969,0.09777732270462647,0.08126439594233509,True,1.0,0.33000000000000007
2020-11-02,Paris Masters,R32,Hard,4,David Goffin,Norbert Gombos,player1,other,0.7332942293775919,1.68,0.5670103092783505,0.16628392009924142,0.2319343053543544,False,1.0,-1.0
2020-11-02,Paris Masters,R32,Hard,4,Pablo Carreno Busta,Jan Lennard Struff,player1,other,0.5826791953503058,1.84,0.5170603674540682,0.06561882789623752,0.07212971944456265,True,1.0,0.8400000000000001
2020-11-02,Paris Masters,R32,Hard,4,Jordan Thompson,Borna Coric,player1,other,0.2189709092281594,5.12,0.1860095389507154,0.032961370277444,0.12113105524817613,True,1.0,4.12
2020-11-02,Paris Masters,R16,Hard,4,Marcos Giron,Milos Raonic,player1,other,0.2035638859112564,6.2,0.15416098226466574,0.04940290364659067,0.26209609264978984,False,1.0,-1.0
2020-11-02,Paris Masters,R16,Hard,4,Alex De Minaur,Daniil Medvedev,player1,top_10,0.4616642379828983,2.44,0.3915211970074813,0.07014304097541701,0.12646074067827184,False,1.0,-1.0
2020-11-02,Paris Masters,R16,Hard,4,Alejandro Davidovich Fokina,Diego Schwartzman,player1,top_10,0.43378380581245884,2.75,0.3452380952380952,0.08854571057436367,0.19290546598426173,False,1.0,-1.0
2020-11-02,Paris Masters,R16,Hard,4,Stan Wawrinka,Andrey Rublev,player1,top_10,0.2490380241194229,4.65,0.20512820512820512,0.04390981899121779,0.15802681215531655,True,1.0,3.6500000000000004
2020-11-02,Paris Masters,R16,Hard,4,Adrian Mannarino,Alexander Zverev,player1,top_10,0.24538049362922584,5.05,0.18810289389067525,0.057277599738550594,0.23917149282759054,False,1.0,-1.0
2020-11-02,Paris Masters,R16,Hard,4,Jordan Thompson,Rafael Nadal,player1,top_10,0.10333441594475534,10.31,0.09242957746478873,0.010904838479966608,0.0653778283904276,False,1.0,-1.0
2020-11-02,Paris Masters,QF,Hard,4,Alexander Zverev,Stan Wawrinka,player1,top_10,0.8154543905263215,1.45,0.657210401891253,0.1582439886350685,0.18240886626316616,True,1.0,0.44999999999999996
2020-11-02,Paris Masters,SF,Hard,4,Daniil Medvedev,Milos Raonic,player1,top_10,0.7117601916384206,1.48,0.6425120772946861,0.06924811434373457,0.053405083624862515,True,1.0,0.48
2020-11-02,Paris Masters,SF,Hard,4,Alexander Zverev,Rafael Nadal,player2,top_10,0.43626430635620767,2.42,0.39348370927318294,0.04278059708302473,0.05575962138202262,True,1.0,1.42
2020-11-02,Paris Masters,F,Hard,4,Alexander Zverev,Daniil Medvedev,player1,top_10,0.558656068190294,1.9,0.5013123359580053,0.057343732232288724,0.061446529561558605,False,1.0,-1.0
2020-11-09,Sofia,R32,Hard,3,Roberto Carballes Baena,Richard Gasquet,player1,other,0.27082887337335143,4.37,0.21684587813620068,0.05398299523715075,0.1835221766415458,False,1.0,-1.0
2020-11-09,Sofia,R32,Hard,3,Illya Marchenko,Vasek Pospisil,player2,other,0.20489027856746342,5.41,0.1753048780487805,0.029585400518682914,0.10845640704997717,False,1.0,-1.0
2020-11-09,Sofia,R32,Hard,3,Andrej Martin,Gilles Simon,player1,other,0.1904367968096953,6.73,0.14158163265306126,0.048855164156634046,0.28163964252924945,False,1.0,-1.0
2020-11-09,Sofia,R32,Hard,3,Martin Klizan,Adrian Mannarino,player1,other,0.2882911928246176,3.61,0.261758691206544,0.026532501618073634,0.04073120609686964,False,1.0,-1.0
2020-11-09,Sofia,R16,Hard,3,John Millman,Gilles Simon,player1,other,0.506036112961917,2.09,0.4543080939947781,0.051728018967138856,0.0576154760904064,True,1.0,1.0899999999999999
2020-11-09,Sofia,R16,Hard,3,Egor Gerasimov,Adrian Mannarino,player1,other,0.586517292875312,2.05,0.46335078534031415,0.1231665075349978,0.20236045039438944,False,1.0,-1.0
2020-11-09,Sofia,QF,Hard,3,Alex De Minaur,Jannik Sinner,player2,other,0.48256722099363797,2.14,0.44415584415584414,0.03841137683779383,0.03269385292638538,False,1.0,-1.0
2020-11-09,Sofia,SF,Hard,3,Richard Gasquet,Vasek Pospisil,player2,other,0.45030360476841746,2.5,0.3796526054590571,0.07065099930936036,0.12575901192104366,False,1.0,-1.0
2020-11-09,Sofia,F,Hard,3,Vasek Pospisil,Jannik Sinner,player1,other,0.3766740704343456,2.82,0.3364705882352941,0.04020348219905151,0.06222087862485459,False,1.0,-1.0
2020-11-16,Tour Finals,RR,Hard,1,Andrey Rublev,Dominic Thiem,player2,top_10,0.4474561967801675,2.39,0.399497487437186,0.04795870934298152,0.0694203103046005,True,1.0,1.3900000000000001
2020-11-16,Tour Finals,RR,Hard,1,Rafael Nadal,Stefanos Tsitsipas,player2,top_10,0.8263008486653916,1.39,0.6869369369369369,0.13936391172845464,0.14855817964489415,True,1.0,0.3899999999999999
2020-11-16,Tour Finals,RR,Hard,1,Alexander Zverev,Diego Schwartzman,player2,top_10,0.8208079492900294,1.31,0.7276507276507277,0.09315722163930173,0.07525841356993856,True,1.0,0.31000000000000005
2020-11-16,Tour Finals,RR,Hard,1,Daniil Medvedev,Diego Schwartzman,player2,top_10,0.8388663917898699,1.29,0.7361963190184049,0.102670072771465,0.08213764540893218,True,1.0,0.29000000000000004
2020-11-16,Tour Finals,RR,Hard,1,Daniil Medvedev,Alexander Zverev,player2,top_10,0.6224846933088808,1.71,0.5581395348837209,0.06434515842515987,0.06444882555818615,True,1.0,0.71
2020-11-16,Tour Finals,RR,Hard,1,Novak Djokovic,Alexander Zverev,player2,top_10,0.8333936265404454,1.31,0.7287784679089027,0.10461515863154269,0.09174565076798347,True,1.0,0.31000000000000005
2020-11-16,Tour Finals,SF,Hard,1,Novak Djokovic,Dominic Thiem,player2,top_10,0.7293197722373601,1.56,0.6129032258064515,0.1164165464309086,0.1377388446902818,False,1.0,-1.0
2020-11-16,Tour Finals,SF,Hard,1,Rafael Nadal,Daniil Medvedev,player2,top_10,0.705674681850568,2.04,0.46874999999999994,0.2369246818505681,0.4395763509751588,False,1.0,-1.0
2020-11-16,Tour Finals,F,Hard,1,Daniil Medvedev,Dominic Thiem,player2,top_10,0.6972855154181636,1.66,0.5765306122448979,0.12075490317326576,0.15749395559415158,True,1.0,0.6599999999999999
2021-01-04,Delray Beach,R32,Hard,3,Ivo Karlovic,Pablo Andujar,player2,other,0.3831236526146202,2.72,0.3492822966507177,0.03384135596390253,0.042096335111767136,True,1.0,1.7200000000000002
2021-01-05,Antalya,R32,Hard,3,Emil Ruusuvuori,Jiri Vesely,player1,other,0.6842171394851295,1.52,0.6246913580246914,0.059525781460438076,0.04001005201739688,True,1.0,0.52
2021-01-05,Antalya,R32,Hard,3,Malek Jaziri,Alex De Minaur,player2,other,0.15197884739311968,12.68,0.07512764405543398,0.07685120333768569,0.9270917849447573,False,1.0,-1.0
2021-01-05,Antalya,R32,Hard,3,Nikoloz Basilashvili,Andrea Arnaboldi,player2,other,0.7028270765440281,1.56,0.6080402010050251,0.094786875539003,0.09641023940868387,True,1.0,0.56
2021-01-05,Antalya,R32,Hard,3,Jeremy Chardy,Radu Albot,player1,other,0.5002557228999622,2.11,0.4476439790575916,0.052611743842370606,0.05553957531892029,True,1.0,1.1099999999999999
2021-01-05,Antalya,R32,Hard,3,Alexander Bublik,Salvatore Caruso,player1,other,0.6249323154090772,1.72,0.5509138381201044,0.07401847728897282,0.07488358250361282,True,1.0,0.72
2021-01-05,Antalya,R32,Hard,3,Laslo Djere,Dimitar Kuzmanov,player2,other,0.7055830129208003,1.49,0.6356968215158926,0.0698861914049077,0.0513186892519924,False,1.0,-1.0
2021-01-05,Antalya,R16,Hard,3,Dimitar Kuzmanov,Matteo Berrettini,player2,top_10,0.14239594443102255,8.72,0.10929519918283963,0.03310074524818292,0.2416926354385167,False,1.0,-1.0
2021-01-05,Antalya,QF,Hard,3,Nikoloz Basilashvili,Alex De Minaur,player2,other,0.15591757477191168,6.76,0.14104193138500637,0.014875643386905307,0.05400280545812297,False,1.0,-1.0
2021-01-05,Antalya,QF,Hard,3,Alexander Bublik,Matteo Berrettini,player1,top_10,0.3286060326622789,3.49,0.2713987473903967,0.05720728527188218,0.14683505399135333,True,1.0,2.49
2021-01-05,Antalya,F,Hard,3,Alexander Bublik,Alex De Minaur,player1,other,0.25231121251598126,4.43,0.21453900709219859,0.03777220542378268,0.11773867144579686,False,1.0,-1.0
2021-02-01,Great Ocean Road Open,R64,Hard,3,Tennys Sandgren,John Patrick Smith,player2,other,0.6930079193043263,1.66,0.5710594315245477,0.12194848777977851,0.15039314604518156,True,1.0,0.6599999999999999
2021-02-01,Great Ocean Road Open,R64,Hard,3,Robin Haase,Kimmer Coppejans,player2,other,0.6471728384610348,1.63,0.5798969072164949,0.0672759312445399,0.05489172669148662,True,1.0,0.6299999999999999
2021-02-01,Great Ocean Road Open,R32,Hard,3,Sam Querrey,Stefano Travaglia,player2,other,0.6214497067767968,1.68,0.5647668393782384,0.056682867398558434,0.044035507385018546,False,1.0,-1.0
2021-02-01,Great Ocean Road Open,R16,Hard,3,Karen Khachanov,Kevin Anderson,player1,other,0.4481319581055921,2.33,0.40712468193384227,0.04100727617174982,0.04414746238602951,True,1.0,1.33
2021-02-01,Great Ocean Road Open,R16,Hard,3,Alexander Bublik,Stefano Travaglia,player1,other,0.6353371352178365,1.64,0.5784061696658098,0.0569309655520267,0.04195290175725186,False,1.0,-1.0
2021-02-01,Murray River Open,R64,Hard,3,Richard Gasquet,Mackenzie Mcdonald,player2,other,0.7254759036960104,1.47,0.6432038834951456,0.08227202020086488,0.06644957843313531,False,1.0,-1.0
2021-02-01,Murray River Open,R32,Hard,3,Borna Coric,Emil Ruusuvuori,player2,other,0.6410477673905639,1.65,0.5725388601036269,0.06850890728693704,0.05772881619443038,True,1.0,0.6499999999999999
2021-02-01,Murray River Open,R32,Hard,3,Jeremy Chardy,Gilles Simon,player2,other,0.5352852926008492,1.98,0.47757255936675463,0.05771273323409459,0.05986487934968143,True,1.0,0.98
2021-02-01,Murray River Open,R16,Hard,3,Corentin Moutet,James Duckworth,player1,other,0.616177681172415,1.73,0.5483028720626633,0.06787480910975174,0.06598738842827795,True,1.0,0.73
2021-02-01,Murray River Open,R16,Hard,3,Nick Kyrgios,Borna Coric,player2,other,0.5486323810776149,2.07,0.4581151832460733,0.09051719783154161,0.13566902883066279,False,1.0,-1.0
2021-02-01,Murray River Open,QF,Hard,3,Stan Wawrinka,Jeremy Chardy,player1,other,0.54218119676112,1.9,0.4973544973544974,0.044826699406622594,0.03014427384612789,False,1.0,-1.0
2021-02-08,Australian Open,R128,Hard,5,Jeremy Chardy,Novak Djokovic,player1,top_10,0.11517765328459532,23.28,0.041580897488678464,0.07359675579591686,1.6813357684653791,False,1.0,-1.0
2021-02-08,Australian Open,R128,Hard,5,Pedro Sousa,Stan Wawrinka,player2,other,0.14997136323366403,8.13,0.11726384364820848,0.03270751958545555,0.21926718308968873,False,1.0,-1.0
2021-02-08,Australian Open,R128,Hard,5,Corentin Moutet,John Millman,player1,other,0.4051451764386971,2.78,0.3412322274881517,0.06391294895054539,0.12630359049957773,True,1.0,1.7799999999999998
2021-02-08,Australian Open,R128,Hard,5,Federico Coria,Milos Raonic,player2,other,0.12967853534415055,21.38,0.04510942384993301,0.08456911149421754,1.7725270856579387,False,1.0,-1.0
2021-02-08,Australian Open,R128,Hard,5,Gael Monfils,Emil Ruusuvuori,player1,other,0.4729888344990149,2.42,0.3919597989949749,0.08102903550404,0.1446329794876161,False,1.0,-1.0
2021-02-08,Australian Open,R128,Hard,5,Adrian Mannarino,Dennis Novak,player2,other,0.641520277370248,1.68,0.5658914728682171,0.07562880450203091,0.07775406598201656,True,1.0,0.6799999999999999
2021-02-08,Australian Open,R128,Hard,5,Miomir Kecmanovic,Kamil Majchrzak,player2,other,0.7344852232955438,1.42,0.6689976689976691,0.06548755429787467,0.0429690170796721,True,1.0,0.41999999999999993
2021-02-08,Australian Open,R128,Hard,5,Marcos Giron,Alexander Zverev,player2,top_10,0.11570317515648931,9.63,0.09915809167446211,0.016545083482027198,0.11422157675699218,False,1.0,-1.0
2021-02-08,Australian Open,R128,Hard,5,Mikhail Kukushkin,Dominic Thiem,player2,top_10,0.11161617294222122,15.11,0.06323620582765035,0.04837996711457086,0.6865203731569626,False,1.0,-1.0
2021-02-08,Australian Open,R128,Hard,5,Hugo Dellien,Dominik Koepfer,player1,other,0.23915737133508996,4.42,0.21492007104795738,0.024237300287132585,0.05707558130109758,False,1.0,-1.0
2021-02-08,Australian Open,R128,Hard,5,Yasutaka Uchiyama,Ugo Humbert,player1,other,0.18147331957035537,5.8,0.1642651296829971,0.017208189887358255,0.05254525350806116,False,1.0,-1.0
2021-02-08,Australian Open,R128,Hard,5,Bernard Tomic,Yuichi Sugita,player2,other,0.5025409836970688,2.11,0.45052083333333337,0.05202015036373542,0.06036147560081506,True,1.0,1.1099999999999999
2021-02-08,Australian Open,R128,Hard,5,Benoit Paire,Egor Gerasimov,player2,other,0.19668516766300514,5.36,0.17665130568356371,0.02003386197944143,0.05423249867370761,False,1.0,-1.0
2021-02-08,Australian Open,R128,Hard,5,Gianluca Mager,Aslan Karatsev,player2,other,0.2630572314873058,4.0,0.23664122137404575,0.026416010113260058,0.05222892594922324,False,1.0,-1.0
2021-02-08,Australian Open,R128,Hard,5,Elias Ymer,Diego Schwartzman,player1,top_10,0.1424555821499326,11.74,0.081377151799687,0.061078430350245586,0.6724285344402087,False,1.0,-1.0
2021-02-08,Australian Open,R128,Hard,5,Yannick Hanfmann,Andrey Rublev,player2,top_10,0.10966464541818945,19.82,0.048487758041286605,0.06117688737690284,1.173553272188515,False,1.0,-1.0
2021-02-08,Australian Open,R128,Hard,5,Sam Querrey,Lorenzo Sonego,player2,other,0.524637472732611,2.01,0.47244094488188976,0.05219652785072121,0.05452132019254796,False,1.0,-1.0
2021-02-08,Australian Open,R128,Hard,5,Radu Albot,Roberto Bautista Agut,player1,other,0.1473307069089205,11.43,0.08340016038492383,0.06393054652399667,0.6839899799689613,True,1.0,10.43
2021-02-08,Australian Open,R128,Hard,5,Guido Pella,Borna Coric,player2,other,0.2062084067135154,5.34,0.17846153846153845,0.027746868251976947,0.10115289185017218,False,1.0,-1.0
2021-02-08,Australian Open,R128,Hard,5,Attila Balazs,Roberto Carballes Baena,player2,other,0.18972860658706592,7.43,0.1279342723004695,0.06179433428659642,0.4096835469418997,False,1.0,-1.0
2021-02-08,Australian Open,R128,Hard,5,Vasek Pospisil,Daniil Medvedev,player1,top_10,0.139357334515714,11.62,0.0821484992101106,0.0572088353056034,0.6193322270725965,False,1.0,-1.0
2021-02-08,Australian Open,R128,Hard,5,Gilles Simon,Stefanos Tsitsipas,player1,top_10,0.15288701197757845,11.11,0.08559670781893004,0.06729030415864841,0.6985747030708966,False,1.0,-1.0
2021-02-08,Australian Open,R128,Hard,5,Soon Woo Kwon,Thanasi Kokkinakis,player1,other,0.47373390825536604,2.21,0.43041237113402064,0.0433215371213454,0.046951937244358866,False,1.0,-1.0
2021-02-08,Australian Open,R128,Hard,5,Sumit Nagal,Ricardas Berankis,player2,other,0.16301139130545786,6.45,0.14795244385733158,0.015058947448126275,0.05142347392020319,False,1.0,-1.0
2021-02-08,Australian Open,R128,Hard,5,Kevin Anderson,Matteo Berrettini,player1,top_10,0.39556884185393554,3.22,0.2954048140043764,0.10016402784955913,0.27373167076967253,False,1.0,-1.0
2021-02-08,Australian Open,R128,Hard,5,Laslo Djere,Rafael Nadal,player1,top_10,0.11838832513874915,19.14,0.050124069478908184,0.06826425565984097,1.265952543155659,False,1.0,-1.0
2021-02-08,Australian Open,R64,Hard,5,Frances Tiafoe,Novak Djokovic,player2,top_10,0.11029401683199397,19.55,0.04912451361867704,0.06116950321331693,1.156248029065482,False,1.0,-1.0
2021-02-08,Australian Open,R64,Hard,5,Reilly Opelka,Taylor Fritz,player2,other,0.4927719888484212,2.15,0.44155844155844154,0.05121354728997968,0.05945977602410557,False,1.0,-1.0
2021-02-08,Australian Open,R64,Hard,5,Dominik Koepfer,Dominic Thiem,player2,top_10,0.10664288510921184,11.65,0.08195429472025217,0.024688590388959666,0.24238961152231786,False,1.0,-1.0
2021-02-08,Australian Open,R64,Hard,5,Bernard Tomic,Denis Shapovalov,player2,other,0.15855053594771634,8.37,0.11334745762711865,0.045203078320597695,0.3270679858823857,False,1.0,-1.0
2021-02-08,Australian Open,R64,Hard,5,Egor Gerasimov,Aslan Karatsev,player1,other,0.4832234765357211,2.39,0.39798488664987414,0.08523858988584698,0.15490410892037343,False,1.0,-1.0
2021-02-08,Australian Open,R64,Hard,5,Thiago Monteiro,Andrey Rublev,player2,top_10,0.10887719350413477,12.39,0.07675111773472429,0.032126075769410484,0.34898842751623005,False,1.0,-1.0
2021-02-08,Australian Open,R64,Hard,5,Feliciano Lopez,Lorenzo Sonego,player2,other,0.28401540412512766,3.92,0.24177949709864605,0.04223590702648161,0.11334038417050041,True,1.0,2.92
2021-02-08,Australian Open,R64,Hard,5,Pablo Andujar,Filip Krajinovic,player1,other,0.1808964813367547,6.12,0.15469613259668508,0.02620034874006963,0.10708646578093883,False,1.0,-1.0
2021-02-08,Australian Open,R64,Hard,5,Roberto Carballes Baena,Daniil Medvedev,player2,top_10,0.10287370267384244,21.79,0.044298245614035094,0.058575457059807344,1.2416179812630266,False,1.0,-1.0
2021-02-08,Australian Open,R64,Hard,5,Pablo Cuevas,Alex De Minaur,player2,other,0.14344136125347787,8.23,0.11505376344086023,0.02838759781261764,0.1805224031161229,False,1.0,-1.0
2021-02-08,Australian Open,R64,Hard,5,Michael Mmoh,Rafael Nadal,player2,top_10,0.09863291199741248,18.7,0.05124302384576357,0.04738988815164891,0.8444354543516133,False,1.0,-1.0
2021-02-08,Australian Open,R32,Hard,5,Taylor Fritz,Novak Djokovic,player1,top_10,0.11316723240326902,19.34,0.04963144963144963,0.0635357827718194,1.1886542746792226,False,1.0,-1.0
2021-02-08,Australian Open,R32,Hard,5,Marton Fucsovics,Milos Raonic,player1,other,0.18687302957656726,6.02,0.15804195804195803,0.02883107153460923,0.12497563805093481,False,1.0,-1.0
2021-02-08,Australian Open,R32,Hard,5,Pablo Carreno Busta,Grigor Dimitrov,player1,other,0.5143349839051298,2.08,0.4569190600522194,0.05741592385291039,0.06981676652266999,False,1.0,-1.0
2021-02-08,Australian Open,R32,Hard,5,Feliciano Lopez,Andrey Rublev,player2,top_10,0.15869826820503663,13.97,0.06866666666666665,0.09003160153836998,1.2170148068243618,False,1.0,-1.0
2021-02-08,Australian Open,R32,Hard,5,Lloyd Harris,Mackenzie Mcdonald,player1,other,0.590543529966871,1.75,0.5442708333333333,0.046272696633537724,0.033451177442024194,False,1.0,-1.0
2021-02-08,Australian Open,R32,Hard,5,Filip Krajinovic,Daniil Medvedev,player1,top_10,0.12376678110393768,10.07,0.09442446043165467,0.029342320672283012,0.24633148571665242,False,1.0,-1.0
2021-02-08,Australian Open,R32,Hard,5,Mikael Ymer,Stefanos Tsitsipas,player2,top_10,0.1189553396978396,12.17,0.07872823618470856,0.04022710351313104,0.44768648412270795,False,1.0,-1.0
2021-02-08,Australian Open,R32,Hard,5,Fabio Fognini,Alex De Minaur,player2,other,0.1902416113744966,5.59,0.16939078751857353,0.020850823855923073,0.06345060758343601,True,1.0,4.59
2021-02-08,Australian Open,R32,Hard,5,Cameron Norrie,Rafael Nadal,player1,top_10,0.12104462829409708,15.15,0.06307977736549164,0.05796485092860544,0.8338261186555709,False,1.0,-1.0
2021-02-08,Australian Open,R16,Hard,5,Novak Djokovic,Milos Raonic,player2,top_10,0.837033766437255,1.46,0.6515513126491647,0.18548245378809036,0.22206929899839228,True,1.0,0.45999999999999996
2021-02-08,Australian Open,R16,Hard,5,Dusan Lajovic,Alexander Zverev,player1,top_10,0.1268083443594338,9.75,0.09805735430157263,0.028750990057861178,0.23638135750447964,False,1.0,-1.0
2021-02-08,Australian Open,R16,Hard,5,Dominic Thiem,Grigor Dimitrov,player2,top_10,0.7975209408326426,1.31,0.7247899159663865,0.07273102486625604,0.04475243249076183,False,1.0,-1.0
2021-02-08,Australian Open,R16,Hard,5,Felix Auger Aliassime,Aslan Karatsev,player2,other,0.7070993753986071,1.52,0.6246913580246914,0.08240801737391568,0.07479105060588281,False,1.0,-1.0
2021-02-08,Australian Open,R16,Hard,5,Mackenzie Mcdonald,Daniil Medvedev,player2,top_10,0.11568191416569608,12.13,0.07896735003796507,0.03671456412773101,0.4032216188298935,False,1.0,-1.0
2021-02-08,Australian Open,R16,Hard,5,Stefanos Tsitsipas,Matteo Berrettini,player2,top_10,0.8409739624975966,1.26,0.755813953488372,0.0851600090092246,0.05962719274697173,True,1.0,0.26
2021-02-08,Australian Open,QF,Hard,5,Alexander Zverev,Novak Djokovic,player2,top_10,0.46805722301234226,2.4,0.39698492462311563,0.07107229838922663,0.12333733522962143,False,1.0,-1.0
2021-02-08,Australian Open,QF,Hard,5,Daniil Medvedev,Andrey Rublev,player2,top_10,0.7326861703158237,1.42,0.6705336426914155,0.06215252762440826,0.04041436184846964,True,1.0,0.41999999999999993
2021-02-08,Australian Open,SF,Hard,5,Stefanos Tsitsipas,Daniil Medvedev,player2,top_10,0.40939138152992816,2.97,0.3219178082191781,0.08747357331075006,0.2158924031438867,False,1.0,-1.0
2021-02-08,Australian Open,F,Hard,5,Novak Djokovic,Daniil Medvedev,player2,top_10,0.6877704973736254,1.84,0.5208333333333334,0.16693716404029202,0.2654977151674708,True,1.0,0.8400000000000001
2021-02-22,Montpellier,R32,Hard,3,Egor Gerasimov,Andy Murray,player2,other,0.4590670227949851,2.53,0.37376237623762376,0.08530464655736136,0.1614395676713123,True,1.0,1.5299999999999998
2021-02-22,Montpellier,R32,Hard,3,Nikoloz Basilashvili,Gregoire Barrere,player2,other,0.43071991776663143,2.43,0.3909774436090226,0.03974247415760884,0.04664940017291441,False,1.0,-1.0
2021-02-22,Montpellier,R16,Hard,3,Egor Gerasimov,Aljaz Bedene,player1,other,0.5222475304033187,2.06,0.4593175853018373,0.06292994510148142,0.0758299126308366,True,1.0,1.06
2021-02-22,Montpellier,QF,Hard,3,Ugo Humbert,Roberto Bautista Agut,player2,other,0.5335868218594729,2.01,0.4710526315789474,0.06253419028052554,0.07250951193754052,False,1.0,-1.0
2021-02-22,Montpellier,SF,Hard,3,Egor Gerasimov,David Goffin,player1,other,0.4225785661648304,2.58,0.36919315403422975,0.05338541213060066,0.09025270070526259,False,1.0,-1.0
2021-02-22,Cordoba,R32,Clay,3,Dominik Koepfer,Federico Coria,player1,other,0.47371164178195774,2.2,0.43152454780361754,0.042187093978340195,0.04216561192030721,False,1.0,-1.0
2021-02-22,Cordoba,R16,Clay,3,Benoit Paire,Nicolas Jarry,player1,other,0.49775306481888615,2.61,0.36341463414634145,0.1343384306725447,0.29913549917729276,True,1.0,1.6099999999999999
2021-02-22,Cordoba,R16,Clay,3,Federico Delbonis,Facundo Bagnis,player2,other,0.5974803218052314,1.74,0.5456919060052219,0.05178841580000948,0.03961575994110256,False,1.0,-1.0
2021-02-22,Cordoba,R16,Clay,3,Diego Schwartzman,Marco Cecchinato,player1,top_10,0.8022458807594827,1.32,0.717948717948718,0.08429716281076471,0.058964562602517145,True,1.0,0.32000000000000006
2021-02-22,Singapore,R32,Hard,3,Yuki Bhambri,Matthew Ebden,player2,other,0.3559196336245372,3.28,0.2885032537960954,0.06741637982844179,0.16741639828848198,False,1.0,-1.0
2021-02-22,Singapore,R32,Hard,3,Alexei Popyrin,Christopher Eubanks,player2,other,0.712345607521181,1.51,0.6280788177339901,0.08426678978719093,0.07564186735698336,True,1.0,0.51
2021-02-22,Singapore,R32,Hard,3,Yoshihito Nishioka,Michael Mmoh,player2,other,0.7119970355476518,1.66,0.5721649484536083,0.1398320870940435,0.18191507900910198,True,1.0,0.6599999999999999
2021-02-22,Singapore,QF,Hard,3,Alexei Popyrin,Matthew Ebden,player1,other,0.7138010132376706,1.5,0.6332518337408313,0.08054917949683937,0.07070151985650597,True,1.0,0.5
2021-02-22,Singapore,SF,Hard,3,Alexei Popyrin,Marin Cilic,player2,other,0.4421907771196434,2.36,0.4025316455696203,0.0396591315500231,0.04357023400235838,True,1.0,1.3599999999999999
2021-03-01,Rotterdam,R32,Hard,3,Tommy Paul,Lorenzo Sonego,player1,other,0.4683411705512967,2.26,0.41902313624678666,0.04931803430451004,0.058451045445930494,True,1.0,1.2599999999999998
2021-03-01,Rotterdam,R32,Hard,3,Kei Nishikori,Felix Auger Aliassime,player2,other,0.3421698400176354,3.14,0.3006681514476615,0.04150168856997388,0.07441329765537519,True,1.0,2.14
2021-03-01,Rotterdam,R16,Hard,3,Andy Murray,Andrey Rublev,player2,top_10,0.23279559952109943,5.68,0.16715542521994137,0.06564017430115807,0.32227900527984465,False,1.0,-1.0
2021-03-01,Rotterdam,QF,Hard,3,Stefanos Tsitsipas,Karen Khachanov,player2,top_10,0.807495576209854,1.37,0.6921348314606741,0.1153607447491799,0.1062689394075001,True,1.0,0.3700000000000001
2021-03-01,Rotterdam,QF,Hard,3,Jeremy Chardy,Andrey Rublev,player2,top_10,0.280480039806488,6.05,0.1573816155988858,0.1230984242076022,0.6969042408292523,False,1.0,-1.0
2021-03-01,Rotterdam,QF,Hard,3,Kei Nishikori,Borna Coric,player2,other,0.46280617308365174,2.28,0.41538461538461535,0.04742155769903639,0.05519807463072579,False,1.0,-1.0
2021-03-01,Rotterdam,SF,Hard,3,Andrey Rublev,Stefanos Tsitsipas,player2,top_10,0.6191313006384257,1.97,0.4802110817941952,0.1389202188442305,0.21968866225769856,True,1.0,0.97
2021-03-01,Buenos Aires,R32,Clay,3,Laslo Djere,Marco Cecchinato,player2,other,0.5096275602864124,2.07,0.4581151832460733,0.05151237704033912,0.05492904979287361,True,1.0,1.0699999999999998
2021-03-01,Buenos Aires,R16,Clay,3,Cristian Garin,Sumit Nagal,player2,other,0.7315458254978825,1.44,0.6579572446555819,0.07358858084230058,0.053425988716950756,False,1.0,-1.0
2021-03-01,Buenos Aires,QF,Clay,3,Jaume Munar,Diego Schwartzman,player2,top_10,0.3179606100219872,3.37,0.2814498933901919,0.03651071663179534,0.07152725577409691,False,1.0,-1.0
2021-03-08,Doha,R32,Hard,3,Nikoloz Basilashvili,John Millman,player2,other,0.28013227035942817,3.79,0.2495049504950495,0.030627319864378666,0.06170130466223278,True,1.0,2.79
2021-03-08,Doha,R32,Hard,3,Filip Krajinovic,David Goffin,player1,other,0.4987951051141226,2.07,0.4581151832460733,0.04067992186804931,0.03250586758623375,False,1.0,-1.0
2021-03-08,Doha,R32,Hard,3,Reilly Opelka,Roberto Bautista Agut,player1,other,0.41994934411030616,2.57,0.36855036855036855,0.05139897555993761,0.07926981436348679,False,1.0,-1.0
2021-03-08,Doha,R16,Hard,3,Roger Federer,Daniel Evans,player2,top_10,0.8133708289894859,1.51,0.6271604938271605,0.18621033516232532,0.22818995177412366,True,1.0,0.51
2021-03-08,Doha,R16,Hard,3,Lloyd Harris,Marton Fucsovics,player1,other,0.47952083668414486,2.23,0.4252577319587629,0.05426310472538198,0.06933146580564298,False,1.0,-1.0
2021-03-08,Doha,R16,Hard,3,Richard Gasquet,Andrey Rublev,player1,top_10,0.15120410005486964,7.19,0.1316425120772947,0.019561587977574957,0.0871574793945128,False,1.0,-1.0
2021-03-08,Doha,R16,Hard,3,Dominic Thiem,Aslan Karatsev,player1,top_10,0.8142220576713569,1.38,0.6877828054298643,0.12643925224149266,0.12362643958647246,True,1.0,0.3799999999999999
2021-03-08,Doha,QF,Hard,3,Denis Shapovalov,Taylor Fritz,player1,other,0.7095653296868273,1.46,0.6507177033492824,0.05884762633754492,0.03596538134276783,False,1.0,-1.0
2021-03-08,Doha,SF,Hard,3,Andrey Rublev,Roberto Bautista Agut,player2,top_10,0.8133049811659845,1.34,0.7074235807860262,0.1058814003799583,0.08982867476241929,False,1.0,-1.0
2021-03-08,Marseille,R32,Hard,3,Jo-Wilfried Tsonga,Feliciano Lopez,player2,other,0.5907831882728828,2.08,0.4569190600522194,0.1338641282206634,0.22882903160759627,True,1.0,1.08
2021-03-08,Marseille,R16,Hard,3,Jo-Wilfried Tsonga,Ugo Humbert,player2,other,0.30347740901733394,3.63,0.2606924643584521,0.04278494465888183,0.10162299473292224,False,1.0,-1.0
2021-03-08,Marseille,SF,Hard,3,Ugo Humbert,Pierre Hugues Herbert,player1,other,0.6634531720254118,1.63,0.5820512820512821,0.08140188997412967,0.0814286704014211,False,1.0,-1.0
2021-03-08,Marseille,SF,Hard,3,Matthew Ebden,Daniil Medvedev,player2,top_10,0.1194676073853997,10.25,0.09292035398230089,0.02654725340309881,0.22454297570034698,False,1.0,-1.0
2021-03-08,Santiago,R32,Clay,3,Leonardo Mayer,Pedro Sousa,player1,other,0.5736961621535123,1.87,0.5065963060686015,0.06709985608491076,0.07281182322706803,False,1.0,-1.0
2021-03-08,Santiago,R32,Clay,3,Roberto Carballes Baena,Salvatore Caruso,player2,other,0.5483040526079802,1.89,0.5,0.04830405260798021,0.036294659429082554,True,1.0,0.8899999999999999
2021-03-08,Santiago,R16,Clay,3,Daniel Elahi Galan,Pablo Andujar,player1,other,0.4595701107698993,2.36,0.401015228426396,0.05855488234350331,0.08458546141696222,True,1.0,1.3599999999999999
2021-03-08,Santiago,QF,Clay,3,Laslo Djere,Facundo Bagnis,player1,other,0.6362791083939349,1.67,0.5673575129533679,0.06892159544056697,0.0625861110178712,False,1.0,-1.0
2021-03-15,Dubai,R32,Hard,3,Daniel Evans,Aslan Karatsev,player2,other,0.5789199722991745,1.93,0.4921052631578948,0.08681470914127964,0.11731554653740672,False,1.0,-1.0
2021-03-15,Dubai,R16,Hard,3,Jannik Sinner,Roberto Bautista Agut,player2,other,0.5744559679231535,2.1,0.4516971279373368,0.12275883998581666,0.20635753263862233,True,1.0,1.1
2021-03-15,Dubai,R16,Hard,3,Lorenzo Sonego,Aslan Karatsev,player2,other,0.4353779632745933,2.37,0.39999999999999997,0.03537796327459336,0.03184577296078628,False,1.0,-1.0
2021-03-15,Dubai,F,Hard,3,Lloyd Harris,Aslan Karatsev,player1,other,0.43721290063635015,2.57,0.3700980392156863,0.06711486142066386,0.1236371546354198,False,1.0,-1.0
2021-03-15,Acapulco,R32,Hard,3,Steve Johnson,Laslo Djere,player1,other,0.5398215416994567,1.93,0.4921052631578948,0.04771627854156191,0.041855575479951446,False,1.0,-1.0
2021-03-15,Acapulco,R32,Hard,3,Grigor Dimitrov,Adrian Mannarino,player2,other,0.7316936031126088,1.45,0.6547619047619047,0.07693169835070413,0.06095572451328268,True,1.0,0.44999999999999996
2021-03-15,Acapulco,R32,Hard,3,Benoit Paire,Stefanos Tsitsipas,player2,top_10,0.1308848445805945,9.48,0.10056925996204934,0.030315584618545152,0.2407883266240357,False,1.0,-1.0
2021-03-15,Acapulco,R16,Hard,3,Laslo Djere,Alexander Zverev,player1,top_10,0.13852205032254913,8.51,0.1116910229645094,0.02683102735803973,0.17882264824489302,False,1.0,-1.0
2021-03-15,Acapulco,R16,Hard,3,Cameron Norrie,Fabio Fognini,player2,other,0.5140655090453116,2.11,0.45052083333333337,0.0635446757119782,0.08467822408560732,True,1.0,1.1099999999999999
2021-03-15,Acapulco,QF,Hard,3,Stefanos Tsitsipas,Felix Auger Aliassime,player2,top_10,0.8230466994658144,1.34,0.7080610021786492,0.11498569728716523,0.10288257728419142,True,1.0,0.3400000000000001
2021-03-15,Acapulco,F,Hard,3,Alexander Zverev,Stefanos Tsitsipas,player2,top_10,0.4925351792842285,2.57,0.3700980392156863,0.12243714006854223,0.2658154107604672,True,1.0,1.5699999999999998
2021-03-22,Miami Masters,R128,Hard,4,Fernando Verdasco,Bjorn Fratangelo,player2,other,0.38618934534325805,2.96,0.3211009174311926,0.06508842791206543,0.1431204622160439,False,1.0,-1.0
2021-03-22,Miami Masters,R128,Hard,4,Yasutaka Uchiyama,Salvatore Caruso,player2,other,0.34415018828450955,3.04,0.3137697516930023,0.030380436591507243,0.04621657238490895,True,1.0,2.04
2021-03-22,Miami Masters,R128,Hard,4,Tommy Paul,Marcos Giron,player1,other,0.6461927543888514,1.63,0.5820512820512821,0.06414147233756928,0.05329418965382765,False,1.0,-1.0
2021-03-22,Miami Masters,R128,Hard,4,Steve Johnson,Yannick Hanfmann,player2,other,0.48975481895088113,2.14,0.44415584415584414,0.045598974795036995,0.04807531255488573,False,1.0,-1.0
2021-03-22,Miami Masters,R128,Hard,4,Ricardas Berankis,Federico Gaio,player1,other,0.6665604024474048,1.62,0.5856777493606138,0.08088265308679099,0.0798278519647958,True,1.0,0.6200000000000001
2021-03-22,Miami Masters,R64,Hard,4,Lorenzo Sonego,Bjorn Fratangelo,player1,other,0.6750762242419698,1.56,0.6080402010050251,0.06703602323694469,0.053118909817472915,True,1.0,0.56
2021-03-22,Miami Masters,R64,Hard,4,Daniel Elahi Galan,Alex De Minaur,player1,other,0.16655017399656916,6.38,0.14933333333333337,0.017216840663235783,0.06259011009811122,True,1.0,5.38
2021-03-22,Miami Masters,R64,Hard,4,Marton Fucsovics,Thanasi Kokkinakis,player2,other,0.6364221472034006,1.75,0.5442708333333333,0.09215131387006736,0.11373875760595109,True,1.0,0.75
2021-03-22,Miami Masters,R64,Hard,4,Mikhail Kukushkin,Aslan Karatsev,player2,other,0.22313753156350533,5.09,0.18690095846645366,0.036236573097051666,0.13577003565824208,False,1.0,-1.0
2021-03-22,Miami Masters,R64,Hard,4,Yasutaka Uchiyama,Diego Schwartzman,player1,top_10,0.17811254872422774,6.49,0.1471747700394218,0.030937778684805933,0.15595044122023816,False,1.0,-1.0
2021-03-22,Miami Masters,R64,Hard,4,John Isner,Mackenzie Mcdonald,player2,other,0.5435554149930679,2.04,0.4659685863874345,0.07758682860563343,0.10885304658585859,True,1.0,1.04
2021-03-22,Miami Masters,R32,Hard,4,Kei Nishikori,Stefanos Tsitsipas,player2,top_10,0.2501216190611548,4.12,0.2299065420560748,0.020215077005080018,0.03050107053195794,False,1.0,-1.0
2021-03-22,Miami Masters,R32,Hard,4,Jan Lennard Struff,Roberto Bautista Agut,player2,other,0.2998516106700808,3.75,0.252988047808765,0.04686356286131582,0.124443540012803,False,1.0,-1.0
2021-03-22,Miami Masters,R32,Hard,4,John Isner,Felix Auger Aliassime,player2,other,0.36330467863229093,2.89,0.327906976744186,0.03539770188810493,0.0499505212473208,True,1.0,1.8900000000000001
2021-03-22,Miami Masters,R16,Hard,4,Marin Cilic,Andrey Rublev,player1,top_10,0.1725569343594544,7.24,0.13085234093637454,0.04170459342307986,0.24931220476244986,False,1.0,-1.0
2021-03-22,Miami Masters,QF,Hard,4,Daniil Medvedev,Roberto Bautista Agut,player2,top_10,0.8461859830640073,1.29,0.7361963190184049,0.1099896640456024,0.09157991815256941,False,1.0,-1.0
2021-03-22,Miami Masters,SF,Hard,4,Andrey Rublev,Hubert Hurkacz,player2,top_10,0.8565119020541602,1.22,0.7749077490774907,0.08160415297666945,0.04494452050607539,False,1.0,-1.0
2021-03-22,Miami Masters,SF,Hard,4,Jannik Sinner,Roberto Bautista Agut,player1,other,0.5953269574418915,2.06,0.46214099216710186,0.1331859652747896,0.22637353233029645,True,1.0,1.06
2021-03-22,Miami Masters,F,Hard,4,Jannik Sinner,Hubert Hurkacz,player1,other,0.6494238658668506,1.59,0.5994962216624685,0.049927644204382116,0.03258394672829257,False,1.0,-1.0
2021-04-05,Marbella,R32,Clay,3,Juan Ignacio Londero,Norbert Gombos,player2,other,0.6180151300574704,1.72,0.5520833333333334,0.06593179672413707,0.06298602369884915,False,1.0,-1.0
2021-04-05,Marbella,R16,Clay,3,Casper Ruud,Gianluca Mager,player1,other,0.6805288414071168,1.52,0.6228287841191067,0.05770005728801009,0.034403838938817544,True,1.0,0.52
2021-04-05,Cagliari,R32,Clay,3,Federico Gaio,Laslo Djere,player2,other,0.280834570162696,3.67,0.2585858585858586,0.022248711576837388,0.030662872497094207,False,1.0,-1.0
2021-04-05,Cagliari,R16,Clay,3,Taylor Fritz,Andrej Martin,player1,other,0.674483294639986,1.58,0.6,0.07448329463998604,0.06568360553117797,True,1.0,0.5800000000000001
2021-04-05,Cagliari,R16,Clay,3,Jan Lennard Struff,Liam Broady,player1,other,0.6542759868251954,1.58,0.6,0.05427598682519541,0.03375605918380875,True,1.0,0.5800000000000001
2021-04-05,Cagliari,R16,Clay,3,Nikoloz Basilashvili,Jozef Kovalik,player1,other,0.6502856276475767,1.75,0.5418848167539266,0.10840081089365006,0.13799984838325918,True,1.0,0.75
2021-04-05,Cagliari,SF,Clay,3,Taylor Fritz,Lorenzo Sonego,player2,other,0.49003400313401996,2.15,0.44155844155844154,0.04847556157557842,0.05357310673814297,False,1.0,-1.0
2021-04-12,Monte Carlo Masters,R64,Clay,4,Lucas Pouille,Guido Pella,player2,other,0.5083419261418868,2.06,0.46073298429319376,0.04760894184869302,0.047184367852286746,True,1.0,1.06
2021-04-12,Monte Carlo Masters,R64,Clay,4,Cristian Garin,Felix Auger Aliassime,player1,other,0.5034502080239821,2.11,0.451948051948052,0.05150215607593012,0.06227993893060213,True,1.0,1.1099999999999999
2021-04-12,Monte Carlo Masters,R64,Clay,4,Lorenzo Sonego,Marton Fucsovics,player1,other,0.4672700619099824,2.25,0.4215938303341903,0.04567623157579209,0.05135763929746029,True,1.0,1.25
2021-04-12,Monte Carlo Masters,R64,Clay,4,Dominik Koepfer,Marco Cecchinato,player1,other,0.5644676998611239,1.87,0.5091863517060368,0.05528134815508712,0.05555459874030172,False,1.0,-1.0
2021-04-12,Monte Carlo Masters,R32,Clay,4,Juan Ignacio Londero,Filip Krajinovic,player1,other,0.2184660712886909,4.98,0.19024390243902434,0.02822216884966655,0.08796103501768071,False,1.0,-1.0
2021-04-12,Monte Carlo Masters,R32,Clay,4,Jordan Thompson,Fabio Fognini,player1,other,0.22012636322059784,4.83,0.1963394342762063,0.02378692894439155,0.06321033435548762,False,1.0,-1.0
2021-04-12,Monte Carlo Masters,R32,Clay,4,Federico Delbonis,Rafael Nadal,player1,top_10,0.11120972600553602,12.74,0.07480029048656499,0.03640943551897104,0.4168119093105289,False,1.0,-1.0
2021-04-12,Monte Carlo Masters,R32,Clay,4,Salvatore Caruso,Andrey Rublev,player1,top_10,0.12344168696305673,8.84,0.10797174571140263,0.015469941251654101,0.09122451275342136,False,1.0,-1.0
2021-04-12,Monte Carlo Masters,R32,Clay,4,Matteo Berrettini,Alejandro Davidovich Fokina,player1,top_10,0.6791528573399006,1.86,0.5118110236220472,0.16734183371785338,0.2632243146522152,False,1.0,-1.0
2021-04-12,Monte Carlo Masters,R32,Clay,4,Stefanos Tsitsipas,Aslan Karatsev,player1,top_10,0.6970254215208082,1.52,0.625615763546798,0.07140965797401011,0.059478640711628394,True,1.0,0.52
2021-04-12,Monte Carlo Masters,R32,Clay,4,Alexander Zverev,Lorenzo Sonego,player1,top_10,0.7755337542770334,1.43,0.6651053864168619,0.11042836786017152,0.10901326861615773,True,1.0,0.42999999999999994
2021-04-12,Monte Carlo Masters,R32,Clay,4,Novak Djokovic,Jannik Sinner,player2,top_10,0.7858003140619152,1.33,0.7133620689655172,0.07243824509639796,0.045114417702347254,True,1.0,0.33000000000000007
2021-04-12,Monte Carlo Masters,R16,Clay,4,Casper Ruud,Pablo Carreno Busta,player1,other,0.5513811513266484,1.87,0.5091863517060368,0.04219479962061168,0.03108275298083263,True,1.0,0.8700000000000001
2021-04-12,Monte Carlo Masters,R16,Clay,4,Grigor Dimitrov,Rafael Nadal,player2,top_10,0.1084766873673071,11.61,0.08221343873517788,0.026263248632129227,0.25941434033443533,False,1.0,-1.0
2021-04-12,Monte Carlo Masters,R16,Clay,4,Alexander Zverev,David Goffin,player2,top_10,0.7720967184480831,1.49,0.637469586374696,0.13462713207338717,0.15042411048764387,False,1.0,-1.0
2021-04-12,Monte Carlo Masters,R16,Clay,4,Daniel Evans,Novak Djokovic,player2,top_10,0.10049974254103228,10.9,0.08786610878661089,0.012633633754421392,0.09544719369725196,True,1.0,9.9
2021-04-12,Monte Carlo Masters,QF,Clay,4,Casper Ruud,Fabio Fognini,player2,other,0.6077129890496602,1.73,0.5506493506493506,0.05706363840030959,0.05134347105591214,True,1.0,0.73
2021-04-12,Monte Carlo Masters,SF,Clay,4,Casper Ruud,Andrey Rublev,player2,top_10,0.371795699653626,3.25,0.2919389978213508,0.07985670183227522,0.20833602387428463,False,1.0,-1.0
2021-04-19,Barcelona,R64,Clay,3,Benoit Paire,Federico Gaio,player1,other,0.6369733808291641,1.67,0.5673575129533679,0.06961586787579621,0.063745545984704,False,1.0,-1.0
2021-04-19,Barcelona,R64,Clay,3,Jordan Thompson,Richard Gasquet,player2,other,0.5081630739566845,2.15,0.44155844155844154,0.06660463239824294,0.09255060900687162,True,1.0,1.15
2021-04-19,Barcelona,R64,Clay,3,Corentin Moutet,Dominik Koepfer,player2,other,0.4769586996516131,2.22,0.42783505154639173,0.04912364810522135,0.05884831322658113,True,1.0,1.2200000000000002
2021-04-19,Barcelona,R64,Clay,3,Pierre Hugues Herbert,Sumit Nagal,player1,other,0.678697614178386,1.81,0.5236842105263159,0.15501340365207017,0.22844268166287873,True,1.0,0.81
2021-04-19,Barcelona,R32,Clay,3,Alexander Bublik,Alex De Minaur,player1,other,0.4954793381171621,2.18,0.4366925064599483,0.05878683165721382,0.08014495709541336,False,1.0,-1.0
2021-04-19,Barcelona,R32,Clay,3,Federico Gaio,Andrey Rublev,player2,top_10,0.11392495749679628,11.28,0.08441558441558442,0.029509373081211862,0.28507352056386204,False,1.0,-1.0
2021-04-19,Barcelona,R32,Clay,3,Egor Gerasimov,Jannik Sinner,player1,other,0.18573633781257723,5.89,0.16096866096866097,0.02476767684391626,0.09398702971607986,False,1.0,-1.0
2021-04-19,Barcelona,R32,Clay,3,Jordan Thompson,Pablo Carreno Busta,player1,other,0.1715164393414462,6.66,0.14285714285714288,0.02865929648430332,0.14229948601403175,False,1.0,-1.0
2021-04-19,Barcelona,R32,Clay,3,Ilya Ivashka,Rafael Nadal,player2,top_10,0.1019982277399068,15.91,0.06024808033077378,0.04175014740913302,0.6227918033419171,False,1.0,-1.0
2021-04-19,Barcelona,R16,Clay,3,Corentin Moutet,Diego Schwartzman,player1,top_10,0.26453866795610537,4.06,0.2339622641509434,0.030576403805161967,0.07402699190178763,False,1.0,-1.0
2021-04-19,Barcelona,QF,Clay,3,Stefanos Tsitsipas,Felix Auger Aliassime,player2,top_10,0.8445603822983704,1.27,0.7485148514851484,0.09604553081322198,0.07259168551893039,True,1.0,0.27
2021-04-19,Barcelona,QF,Clay,3,Andrey Rublev,Jannik Sinner,player2,top_10,0.7095921588288402,1.99,0.4790575916230366,0.23053456720580356,0.41208839606939196,False,1.0,-1.0
2021-04-19,Barcelona,QF,Clay,3,Cameron Norrie,Rafael Nadal,player2,top_10,0.10283646189351368,10.93,0.08764607679465776,0.015190385098855924,0.12400252849610449,False,1.0,-1.0
2021-04-19,Barcelona,SF,Clay,3,Stefanos Tsitsipas,Jannik Sinner,player1,top_10,0.7937711992884324,1.42,0.6689976689976691,0.12477353029076332,0.127155102989574,True,1.0,0.41999999999999993
2021-04-19,Barcelona,F,Clay,3,Rafael Nadal,Stefanos Tsitsipas,player1,top_10,0.7230285822602895,1.53,0.6194029850746269,0.10362559718566267,0.106233730858243,True,1.0,0.53
2021-04-19,Belgrade,R32,Clay,3,Miomir Kecmanovic,Facundo Bagnis,player1,other,0.6158653014973571,1.79,0.5301837270341206,0.08568157446323643,0.10239888968026917,True,1.0,0.79
2021-04-19,Belgrade,R16,Clay,3,Matteo Berrettini,Marco Cecchinato,player1,top_10,0.7357242608509317,1.56,0.6080402010050251,0.12768405984590658,0.14772984692745345,True,1.0,0.56
2021-04-19,Belgrade,R16,Clay,3,Aljaz Bedene,Aslan Karatsev,player1,other,0.3908807634163543,2.79,0.3404255319148936,0.050455231501460696,0.09055732993162846,False,1.0,-1.0
2021-04-19,Belgrade,R16,Clay,3,Soon Woo Kwon,Novak Djokovic,player2,top_10,0.10391497194513712,17.91,0.05338266384778013,0.05053230809735699,0.8611171475374058,False,1.0,-1.0
2021-04-19,Belgrade,QF,Clay,3,Miomir Kecmanovic,Novak Djokovic,player2,top_10,0.10774713236684179,9.93,0.09562841530054646,0.012118717066295331,0.06992902440273885,False,1.0,-1.0
2021-04-19,Belgrade,SF,Clay,3,Taro Daniel,Matteo Berrettini,player1,top_10,0.19488117270475977,5.42,0.1750380517503805,0.019843120954379262,0.05625595605979794,False,1.0,-1.0
2021-04-19,Belgrade,F,Clay,3,Aslan Karatsev,Matteo Berrettini,player2,top_10,0.5872498041146494,1.87,0.5091863517060368,0.07806345240861268,0.0981571336943945,False,1.0,-1.0
2021-04-26,Munich,R32,Clay,3,Pablo Cuevas,Tennys Sandgren,player1,other,0.49822504097290626,2.24,0.42416452442159375,0.07406051655131252,0.11602409177931017,True,1.0,1.2400000000000002
2021-04-26,Munich,R16,Clay,3,Daniel Elahi Galan,Nikoloz Basilashvili,player2,other,0.5313302570163579,2.06,0.46073298429319376,0.07059727272316418,0.09454032945369739,False,1.0,-1.0
2021-04-26,Munich,QF,Clay,3,John Millman,Casper Ruud,player2,other,0.173995288845907,5.97,0.1591549295774648,0.01484035926844221,0.03875187441006478,False,1.0,-1.0
2021-04-26,Munich,QF,Clay,3,Alexander Zverev,Ilya Ivashka,player2,top_10,0.8467177402701563,1.26,0.75,0.09671774027015634,0.06686435274039698,False,1.0,-1.0
2021-04-26,Estoril,R32,Clay,3,Alexander Bublik,Pedro Martinez,player1,other,0.5970640952420049,1.96,0.48284960422163586,0.11421449102036901,0.17024562667432952,False,1.0,-1.0
2021-05-03,Madrid Masters,R64,Clay,4,Fernando Verdasco,Cristian Garin,player1,other,0.21458512452243397,5.17,0.18325434439178515,0.03133078013064883,0.10940509378098362,False,1.0,-1.0
2021-05-03,Madrid Masters,R64,Clay,4,Jeremy Chardy,Daniel Evans,player1,other,0.5261297292134227,2.19,0.43264248704663216,0.09348724216679055,0.15222410697739575,False,1.0,-1.0
2021-05-03,Madrid Masters,R64,Clay,4,Guido Pella,Jannik Sinner,player2,other,0.16589006930968667,8.58,0.11088082901554404,0.05500924029414263,0.4233367946771115,False,1.0,-1.0
2021-05-03,Madrid Masters,R32,Clay,4,Alejandro Davidovich Fokina,Daniil Medvedev,player1,top_10,0.48799599317263914,2.31,0.41071428571428575,0.07728170745835339,0.12727074422879647,False,1.0,-1.0
2021-05-03,Madrid Masters,R32,Clay,4,Benoit Paire,Stefanos Tsitsipas,player2,top_10,0.13171315493478908,12.53,0.07595870206489676,0.05575445286989232,0.6503658313329072,False,1.0,-1.0
2021-05-03,Madrid Masters,R32,Clay,4,Yoshihito Nishioka,Casper Ruud,player1,other,0.17042885807074412,6.3,0.15094339622641512,0.019485461844329005,0.07370180584568797,False,1.0,-1.0
2021-05-03,Madrid Masters,R32,Clay,4,Alexei Popyrin,Jannik Sinner,player2,other,0.19284243556580571,5.69,0.16691068814055632,0.025931747425249396,0.09727345836943457,True,1.0,4.69
2021-05-03,Madrid Masters,R16,Clay,4,Cristian Garin,Daniil Medvedev,player2,top_10,0.5495652006625285,2.34,0.4030612244897959,0.14650397617273253,0.28598256955031653,True,1.0,1.3399999999999999
2021-05-03,Madrid Masters,R16,Clay,4,Federico Delbonis,Matteo Berrettini,player2,top_10,0.2548837363220124,4.13,0.2294776119402985,0.025406124381713885,0.05266983100991118,False,1.0,-1.0
2021-05-03,Madrid Masters,R16,Clay,4,Alexander Bublik,Aslan Karatsev,player1,other,0.30024547636331383,3.61,0.26326530612244897,0.03698017024086486,0.08388616967156282,True,1.0,2.61
2021-05-03,Madrid Masters,R16,Clay,4,John Isner,Andrey Rublev,player2,top_10,0.30094728257348474,3.54,0.26859504132231404,0.0323522412511707,0.06535338031013593,True,1.0,2.54
2021-05-03,Madrid Masters,R16,Clay,4,Alexei Popyrin,Rafael Nadal,player1,top_10,0.13289661696724298,12.88,0.07404744787922357,0.058849169088019404,0.7117084265380895,False,1.0,-1.0
2021-05-03,Madrid Masters,QF,Clay,4,Dominic Thiem,John Isner,player2,top_10,0.8454043109352877,1.24,0.7638095238095237,0.08159478712576396,0.04830134555975671,True,1.0,0.24
2021-05-03,Madrid Masters,SF,Clay,4,Dominic Thiem,Alexander Zverev,player2,top_10,0.6791751980586622,2.14,0.44415584415584414,0.23501935390281808,0.4534349238455372,False,1.0,-1.0
2021-05-03,Madrid Masters,F,Clay,4,Matteo Berrettini,Alexander Zverev,player2,top_10,0.4608603471135278,2.31,0.41221374045801523,0.04864660665551257,0.0645874018322492,False,1.0,-1.0
2021-05-10,Rome Masters,R64,Clay,4,Benoit Paire,Stefano Travaglia,player2,other,0.3045719487802286,3.49,0.2713987473903967,0.033173201389831874,0.06295610124299778,False,1.0,-1.0
2021-05-10,Rome Masters,R64,Clay,4,Karen Khachanov,Federico Delbonis,player1,other,0.5915273970419408,1.76,0.5380577427821522,0.05346965425978856,0.0410882187938158,False,1.0,-1.0
2021-05-10,Rome Masters,R64,Clay,4,Taylor Fritz,Daniel Evans,player1,other,0.49688839692307196,2.21,0.42894056847545214,0.06794782844761982,0.09812335719998899,True,1.0,1.21
2021-05-10,Rome Masters,R32,Clay,4,Aslan Karatsev,Daniil Medvedev,player2,top_10,0.6131791543010898,1.83,0.5171503957783641,0.09602875852272574,0.12211785237099437,True,1.0,0.8300000000000001
2021-05-10,Rome Masters,R32,Clay,4,David Goffin,Federico Delbonis,player1,other,0.5967528558037231,1.73,0.5483028720626633,0.0484499837410598,0.03238244054044087,False,1.0,-1.0
2021-05-10,Rome Masters,R32,Clay,4,Felix Auger Aliassime,Diego Schwartzman,player2,top_10,0.44716828566026295,2.46,0.385,0.062168285660262945,0.1000339827242469,True,1.0,1.46
2021-05-10,Rome Masters,R32,Clay,4,Jan Lennard Struff,Andrey Rublev,player1,top_10,0.21506425055687914,5.24,0.17996870109546162,0.03509554946141752,0.12693667291804678,False,1.0,-1.0
2021-05-10,Rome Masters,R32,Clay,4,Cristian Garin,Roberto Bautista Agut,player1,other,0.5245296849883923,2.09,0.4543080939947781,0.07022159099361414,0.09626704162573974,False,1.0,-1.0
2021-05-10,Rome Masters,R32,Clay,4,Lorenzo Sonego,Gianluca Mager,player1,other,0.6320045464350913,1.69,0.5610389610389611,0.07096558539613018,0.06808768347530425,True,1.0,0.69
2021-05-10,Rome Masters,R32,Clay,4,Marin Cilic,Stefanos Tsitsipas,player1,top_10,0.19733600865718026,7.51,0.12572759022118743,0.07160841843599283,0.48199342501542364,False,1.0,-1.0
2021-05-10,Rome Masters,R16,Clay,4,Denis Shapovalov,Rafael Nadal,player2,top_10,0.11824389857538316,8.73,0.10827374872318694,0.009970149852196214,0.03226923456309505,False,1.0,-1.0
2021-05-10,Rome Masters,R16,Clay,4,Felix Auger Aliassime,Federico Delbonis,player1,other,0.6721792875224558,1.57,0.6035353535353536,0.06864393398710222,0.05532148141025567,False,1.0,-1.0
2021-05-10,Rome Masters,R16,Clay,4,Andrey Rublev,Roberto Bautista Agut,player1,top_10,0.7182698397892043,1.54,0.615,0.10326983978920434,0.10613555327537472,True,1.0,0.54
2021-05-10,Rome Masters,R16,Clay,4,Dominic Thiem,Lorenzo Sonego,player1,top_10,0.8299481182620406,1.28,0.7419354838709676,0.08801263439107299,0.06233359137541203,False,1.0,-1.0
2021-05-10,Rome Masters,R16,Clay,4,Matteo Berrettini,Stefanos Tsitsipas,player2,top_10,0.35247070730612623,3.05,0.3099547511312218,0.042515956174904446,0.07503565728368489,False,1.0,-1.0
2021-05-10,Rome Masters,QF,Clay,4,Rafael Nadal,Alexander Zverev,player1,top_10,0.7650744174700224,1.39,0.682648401826484,0.08242601564353835,0.063453440283331,True,1.0,0.3899999999999999
2021-05-10,Rome Masters,QF,Clay,4,Stefanos Tsitsipas,Novak Djokovic,player2,top_10,0.5366769294738056,2.28,0.41687979539641945,0.11979713407738618,0.22362339920027674,False,1.0,-1.0
2021-05-10,Rome Masters,SF,Clay,4,Reilly Opelka,Rafael Nadal,player1,top_10,0.1350148295654694,7.92,0.12000000000000001,0.015014829565469387,0.06931745015851765,False,1.0,-1.0
2021-05-10,Rome Masters,F,Clay,4,Rafael Nadal,Novak Djokovic,player1,top_10,0.7012683838490209,1.51,0.6308068459657702,0.07046153788325071,0.0589152596120216,True,1.0,0.51
2021-05-17,Geneva,R32,Clay,3,Fernando Verdasco,Ilya Ivashka,player1,other,0.2283248239502752,5.29,0.17857142857142855,0.049753395378846654,0.2078383186969558,False,1.0,-1.0
2021-05-17,Geneva,R16,Clay,3,Laslo Djere,Fabio Fognini,player2,other,0.5513704296373821,2.08,0.4569190600522194,0.09445136958516276,0.14685049364575486,True,1.0,1.08
2021-05-17,Geneva,R16,Clay,3,Dominik Koepfer,Feliciano Lopez,player1,other,0.7064367970677298,1.53,0.6194029850746269,0.0870338119931029,0.08084829951362654,True,1.0,0.53
2021-05-17,Geneva,R16,Clay,3,Roger Federer,Pablo Andujar,player1,top_10,0.8372205975494493,1.32,0.7161290322580645,0.12109156529138487,0.10513118876527316,False,1.0,-1.0
2021-05-17,Geneva,QF,Clay,3,Dominik Koepfer,Casper Ruud,player1,other,0.23083908129180372,4.95,0.19117647058823528,0.03966261070356844,0.1426534523944285,False,1.0,-1.0
2021-05-17,Geneva,F,Clay,3,Casper Ruud,Denis Shapovalov,player1,other,0.633454744133228,1.65,0.5758354755784061,0.05761926855482191,0.045200327819826136,True,1.0,0.6499999999999999
2021-05-17,Lyon,R32,Clay,3,Jo-Wilfried Tsonga,Tommy Paul,player2,other,0.28826239535756876,3.77,0.25049701789264417,0.03776537746492459,0.08674923049803418,False,1.0,-1.0
2021-05-17,Lyon,R16,Clay,3,Richard Gasquet,Diego Schwartzman,player1,top_10,0.3941919997263417,3.7,0.25553319919517103,0.1386588005311707,0.4585103989874644,True,1.0,2.7
2021-05-17,Lyon,QF,Clay,3,Yoshihito Nishioka,Stefanos Tsitsipas,player2,top_10,0.12733850554455228,12.07,0.07862595419847329,0.04871255134607899,0.5369757619227461,False,1.0,-1.0
2021-05-24,Parma,R32,Clay,3,Richard Gasquet,Daniel Altmaier,player2,other,0.6427460998771216,1.65,0.5736434108527132,0.06910268902440841,0.06053106479725062,True,1.0,0.6499999999999999
2021-05-24,Parma,SF,Clay,3,Jaume Munar,Marco Cecchinato,player1,other,0.5222618038249425,2.08,0.4569190600522194,0.06534274377272309,0.08630455195588038,False,1.0,-1.0
2021-05-24,Belgrade 2,R32,Clay,3,Pablo Cuevas,Miomir Kecmanovic,player1,other,0.48093740731891216,2.19,0.43264248704663216,0.048294920272279995,0.05325292202841758,True,1.0,1.19
2021-05-24,Belgrade 2,R16,Clay,3,Gael Monfils,Roberto Carballes Baena,player1,other,0.5410762767062769,1.96,0.4842105263157894,0.05686575039048747,0.060509502344302746,False,1.0,-1.0
2021-05-24,Belgrade 2,QF,Clay,3,Federico Coria,Novak Djokovic,player2,top_10,0.10665555537868136,14.76,0.06463878326996199,0.042016772108719375,0.5742359973893368,False,1.0,-1.0
2021-05-24,Belgrade 2,SF,Clay,3,Andrej Martin,Novak Djokovic,player2,top_10,0.10553856190300885,16.91,0.056361607142857144,0.04917695476015171,0.7846570817798796,False,1.0,-1.0
2021-05-31,Roland Garros,R128,Clay,5,Tennys Sandgren,Novak Djokovic,player1,top_10,0.10566546943011508,23.01,0.04204829308909242,0.06361717634102265,1.431362451586948,False,1.0,-1.0
2021-05-31,Roland Garros,R128,Clay,5,Yasutaka Uchiyama,Marco Cecchinato,player1,other,0.1881469275143488,11.27,0.08522727272727272,0.10291965478707608,1.1204158730867109,False,1.0,-1.0
2021-05-31,Roland Garros,R128,Clay,5,Jo-Wilfried Tsonga,Yoshihito Nishioka,player2,other,0.24541181577517168,4.3,0.2210144927536232,0.024397323021548484,0.055270807833238234,False,1.0,-1.0
2021-05-31,Roland Garros,R128,Clay,5,Taro Daniel,Matteo Berrettini,player1,top_10,0.12021647725858202,10.64,0.0905982905982906,0.029618186660291423,0.2791033180313126,False,1.0,-1.0
2021-05-31,Roland Garros,R128,Clay,5,Federico Coria,Feliciano Lopez,player1,other,0.6679996778300595,1.6,0.5949367088607596,0.07306296896929998,0.06879948452809531,True,1.0,0.6000000000000001
2021-05-31,Roland Garros,R128,Clay,5,Andreas Seppi,Felix Auger Aliassime,player1,other,0.1753946798394556,10.21,0.09325044404973358,0.082144235789722,0.7907796811608417,True,1.0,9.21
2021-05-31,Roland Garros,R128,Clay,5,Joao Sousa,Taylor Fritz,player2,other,0.18904093635702016,5.89,0.16216216216216217,0.026878774194857985,0.11345111514284867,False,1.0,-1.0
2021-05-31,Roland Garros,R128,Clay,5,Alexei Popyrin,Rafael Nadal,player1,top_10,0.11518386961490683,21.96,0.04397039616891597,0.07121347344599085,1.5294377767433538,False,1.0,-1.0
2021-05-31,Roland Garros,R128,Clay,5,Lloyd Harris,Lorenzo Sonego,player1,other,0.19179598687276334,5.8,0.1642651296829971,0.027530857189766222,0.11241672386202728,True,1.0,4.8
2021-05-31,Roland Garros,R128,Clay,5,Peter Gojowczyk,Gianluca Mager,player1,other,0.2639599611935933,5.34,0.1933534743202417,0.07060648687335158,0.409546192773788,False,1.0,-1.0
2021-05-31,Roland Garros,R128,Clay,5,Fernando Verdasco,Philipp Kohlschreiber,player2,other,0.4975223237281208,2.16,0.4404145077720207,0.057107815956100094,0.0746482192527409,False,1.0,-1.0
2021-05-31,Roland Garros,R128,Clay,5,Benoit Paire,Casper Ruud,player1,other,0.18178858299057457,11.37,0.08454106280193238,0.09724752018864219,1.0669361886028328,False,1.0,-1.0
2021-05-31,Roland Garros,R128,Clay,5,Steve Johnson,Frances Tiafoe,player2,other,0.20683346293421337,5.04,0.18840579710144925,0.018427665832764117,0.04244065318843537,True,1.0,4.04
2021-05-31,Roland Garros,R128,Clay,5,Jordan Thompson,Jaume Munar,player1,other,0.18515991392645162,7.24,0.13189448441247004,0.05326542951398158,0.34055777682750976,False,1.0,-1.0
2021-05-31,Roland Garros,R128,Clay,5,Alexander Bublik,Daniil Medvedev,player2,top_10,0.392001839912193,2.92,0.325635103926097,0.06636673598609599,0.14464537254360355,False,1.0,-1.0
2021-05-31,Roland Garros,R64,Clay,5,Pablo Cuevas,Novak Djokovic,player1,top_10,0.10803761483420675,18.38,0.0520887055183084,0.05594890931589835,0.9857313606527199,False,1.0,-1.0
2021-05-31,Roland Garros,R64,Clay,5,Ricardas Berankis,James Duckworth,player2,other,0.7130840864777676,1.45,0.6555819477434679,0.05750213873429966,0.03397192539276295,True,1.0,0.44999999999999996
2021-05-31,Roland Garros,R64,Clay,5,Alex De Minaur,Marco Cecchinato,player1,other,0.5648891657952553,1.86,0.5130890052356021,0.0518001605596532,0.050693848379174844,False,1.0,-1.0
2021-05-31,Roland Garros,R64,Clay,5,Federico Coria,Matteo Berrettini,player2,top_10,0.12532778003367895,10.2,0.09413854351687391,0.03118923651680504,0.27834335634352514,False,1.0,-1.0
2021-05-31,Roland Garros,R64,Clay,5,Soon Woo Kwon,Andreas Seppi,player1,other,0.6056832821734696,1.78,0.5364583333333334,0.06922494884013619,0.07811624226877584,True,1.0,0.78
2021-05-31,Roland Garros,R64,Clay,5,Roger Federer,Marin Cilic,player1,top_10,0.7889380130900387,1.43,0.6651053864168619,0.12383262667317685,0.12818135871875536,True,1.0,0.42999999999999994
2021-05-31,Roland Garros,R64,Clay,5,Richard Gasquet,Rafael Nadal,player2,top_10,0.12159787881712249,21.15,0.04557761732851986,0.07602026148860264,1.5717951369821406,False,1.0,-1.0
2021-05-31,Roland Garros,R64,Clay,5,Philipp Kohlschreiber,Aslan Karatsev,player1,other,0.1960006725216191,7.05,0.13496932515337423,0.061031347368244865,0.3818047412774147,True,1.0,6.05
2021-05-31,Roland Garros,R64,Clay,5,Kei Nishikori,Karen Khachanov,player2,other,0.5316477029580754,1.95,0.4895287958115184,0.04211890714655697,0.03671302076824701,True,1.0,0.95
2021-05-31,Roland Garros,R64,Clay,5,Henri Laaksonen,Roberto Bautista Agut,player2,other,0.13541381654816673,8.93,0.107,0.02841381654816673,0.20924538177512886,True,1.0,7.93
2021-05-31,Roland Garros,R64,Clay,5,Kamil Majchrzak,Casper Ruud,player1,other,0.15950247655209257,11.8,0.0809968847352025,0.07850559181689007,0.8821292233146926,False,1.0,-1.0
2021-05-31,Roland Garros,R64,Clay,5,Pedro Martinez,Stefanos Tsitsipas,player2,top_10,0.11373945268524051,14.76,0.06463878326996199,0.04910066941527852,0.67879432163415,False,1.0,-1.0
2021-05-31,Roland Garros,R64,Clay,5,John Isner,Filip Krajinovic,player1,other,0.4893637199787366,2.12,0.4493506493506493,0.040013070628087344,0.03745108635492167,True,1.0,1.12
2021-05-31,Roland Garros,R64,Clay,5,Steve Johnson,Thiago Monteiro,player2,other,0.22262378446027511,4.85,0.1956882255389718,0.02693555892130331,0.07972535463233421,True,1.0,3.8499999999999996
2021-05-31,Roland Garros,R64,Clay,5,Jaume Munar,Reilly Opelka,player2,other,0.4966779398863452,2.08,0.4597402597402597,0.03693768014608545,0.03309011496359804,False,1.0,-1.0
2021-05-31,Roland Garros,R64,Clay,5,Tommy Paul,Daniil Medvedev,player2,top_10,0.3844227663568532,3.46,0.27463312368972753,0.10978964266712565,0.3301027715947119,False,1.0,-1.0
2021-05-31,Roland Garros,R32,Clay,5,Ricardas Berankis,Novak Djokovic,player2,top_10,0.0958468179437744,21.85,0.04418197725284339,0.05166484069093102,1.0942529720714709,False,1.0,-1.0
2021-05-31,Roland Garros,R32,Clay,5,Soon Woo Kwon,Matteo Berrettini,player2,top_10,0.13381060164817193,9.06,0.10562685093780848,0.028183750710363456,0.21232405093243778,False,1.0,-1.0
2021-05-31,Roland Garros,R32,Clay,5,Roger Federer,Dominik Koepfer,player1,top_10,0.8075252178436303,1.31,0.7287784679089027,0.07874674993472763,0.057858035375155714,True,1.0,0.31000000000000005
2021-05-31,Roland Garros,R32,Clay,5,Cameron Norrie,Rafael Nadal,player2,top_10,0.1077498334232444,15.87,0.06039076376554175,0.04735906965770265,0.7099898564268886,False,1.0,-1.0
2021-05-31,Roland Garros,R32,Clay,5,Federico Delbonis,Fabio Fognini,player1,other,0.4240998567675882,2.43,0.39249999999999996,0.03159985676758825,0.03056265194523944,True,1.0,1.4300000000000002
2021-05-31,Roland Garros,R32,Clay,5,John Isner,Stefanos Tsitsipas,player2,top_10,0.1794323297672342,6.13,0.15564738292011018,0.02378494684712401,0.09992018147314563,False,1.0,-1.0
2021-05-31,Roland Garros,R32,Clay,5,Reilly Opelka,Daniil Medvedev,player2,top_10,0.2927256288109394,3.86,0.24756335282651076,0.045162275984428624,0.12992092721022608,False,1.0,-1.0
2021-05-31,Roland Garros,R16,Clay,5,Jannik Sinner,Rafael Nadal,player1,top_10,0.19316609961958156,8.19,0.11650485436893206,0.0766612452506495,0.5820303558843728,False,1.0,-1.0
2021-05-31,Roland Garros,R16,Clay,5,Diego Schwartzman,Jan Lennard Struff,player2,top_10,0.7216158603730837,1.45,0.6563981042654028,0.06521775610768088,0.04634299754097132,True,1.0,0.44999999999999996
2021-05-31,Roland Garros,R16,Clay,5,Kei Nishikori,Alexander Zverev,player2,top_10,0.2199944707336335,4.76,0.19999999999999998,0.01999447073363353,0.04717368069209549,False,1.0,-1.0
2021-05-31,Roland Garros,R16,Clay,5,Cristian Garin,Daniil Medvedev,player1,top_10,0.37564102226278734,3.18,0.29955947136563876,0.07608155089714858,0.1945384507956638,False,1.0,-1.0
2021-05-31,Roland Garros,QF,Clay,5,Matteo Berrettini,Novak Djokovic,player1,top_10,0.21877511683109205,5.2,0.18367346938775508,0.035101647443336964,0.13763060752167877,False,1.0,-1.0
2021-05-31,Roland Garros,QF,Clay,5,Diego Schwartzman,Rafael Nadal,player1,top_10,0.14449008900979113,10.82,0.08845829823083404,0.05603179077895709,0.56338276308594,False,1.0,-1.0
2021-05-31,Roland Garros,QF,Clay,5,Stefanos Tsitsipas,Daniil Medvedev,player1,top_10,0.7323579814385454,1.41,0.6758620689655173,0.0564959124730281,0.032624753828348896,True,1.0,0.4099999999999999
2021-05-31,Roland Garros,SF,Clay,5,Rafael Nadal,Novak Djokovic,player1,top_10,0.7731262301943748,1.41,0.676605504587156,0.0965207256072188,0.09010798457406838,False,1.0,-1.0
2021-05-31,Roland Garros,SF,Clay,5,Alexander Zverev,Stefanos Tsitsipas,player2,top_10,0.3818211679126142,2.88,0.3317865429234339,0.05003462498918032,0.09964496358832897,False,1.0,-1.0
2021-06-07,Stuttgart,R32,Grass,3,Guido Pella,Jordan Thompson,player1,other,0.4305343406852152,2.41,0.39294710327455923,0.03758723741065595,0.03758776105136863,False,1.0,-1.0
2021-06-07,Stuttgart,R32,Grass,3,Dustin Brown,Nikoloz Basilashvili,player1,other,0.5208614611092713,2.13,0.44386422976501305,0.07699723134425829,0.10943491216274792,False,1.0,-1.0
2021-06-07,Stuttgart,R32,Grass,3,Rudolf Molleker,Marin Cilic,player2,other,0.19330175737591215,8.0,0.11894273127753305,0.0743590260983791,0.5464140590072972,False,1.0,-1.0
2021-06-07,Stuttgart,QF,Grass,3,Marin Cilic,Denis Shapovalov,player1,other,0.43907243784557015,2.43,0.3894472361809045,0.049625201664665664,0.06694602396473559,True,1.0,1.4300000000000002
2021-06-07,Stuttgart,SF,Grass,3,Sam Querrey,Felix Auger Aliassime,player1,other,0.3949038143657552,2.7,0.35096153846153844,0.04394227590421679,0.06624029878753923,False,1.0,-1.0
2021-06-07,Stuttgart,SF,Grass,3,Jurij Rodionov,Marin Cilic,player1,other,0.24241228782958993,4.79,0.19765494137353432,0.04475734645605561,0.1611548587037357,False,1.0,-1.0
2021-06-07,Stuttgart,F,Grass,3,Felix Auger Aliassime,Marin Cilic,player1,other,0.5497101704448802,2.05,0.46335078534031415,0.08635938510456609,0.12690584941200445,False,1.0,-1.0
2021-06-14,Queen's Club,R32,Grass,3,Sebastian Ofner,Marin Cilic,player2,other,0.1706996228181502,6.3,0.14979757085020243,0.020902051967947782,0.07540762375434629,False,1.0,-1.0
2021-06-14,Queen's Club,R32,Grass,3,John Millman,Reilly Opelka,player2,other,0.3355603061070455,3.11,0.3042505592841164,0.03130974682292914,0.043592551992911566,True,1.0,2.11
2021-06-14,Queen's Club,R32,Grass,3,Laslo Djere,Alex De Minaur,player1,other,0.20938251843900024,7.19,0.1316425120772947,0.07774000636170555,0.5054603075764118,False,1.0,-1.0
2021-06-14,Queen's Club,R32,Grass,3,Adrian Mannarino,Liam Broady,player2,other,0.652678220318984,1.59,0.5943877551020408,0.058290465216943255,0.03775837030718465,True,1.0,0.5900000000000001
2021-06-14,Queen's Club,R16,Grass,3,Cameron Norrie,Aslan Karatsev,player2,other,0.5093427675785539,2.07,0.45669291338582685,0.05264985419272705,0.054339528887606514,True,1.0,1.0699999999999998
2021-06-14,Queen's Club,R16,Grass,3,Andy Murray,Matteo Berrettini,player2,top_10,0.5086517308352064,3.23,0.2916666666666667,0.21698506416853974,0.6429450905977167,False,1.0,-1.0
2021-06-14,Queen's Club,QF,Grass,3,Matteo Berrettini,Daniel Evans,player2,top_10,0.7560339331709183,1.4,0.6736596736596736,0.08237425951124466,0.058447506439285535,True,1.0,0.3999999999999999
2021-06-14,Queen's Club,F,Grass,3,Matteo Berrettini,Cameron Norrie,player2,top_10,0.8082269973331409,1.28,0.7403651115618661,0.06786188577127472,0.03453055658642032,True,1.0,0.28
2021-06-14,Halle,R32,Grass,3,Guido Pella,Lukas Lacko,player1,other,0.567547250363286,1.9,0.4986807387862796,0.0688665115770064,0.07833977569024342,False,1.0,-1.0
2021-06-14,Halle,R32,Grass,3,Karen Khachanov,Andrey Rublev,player1,top_10,0.4203217781727739,2.5,0.3796526054590571,0.040669172713716784,0.05080444543193474,False,1.0,-1.0
2021-06-14,Halle,R32,Grass,3,Jurij Rodionov,Philipp Kohlschreiber,player1,other,0.361491218344355,2.87,0.3294392523364486,0.032051966007906385,0.037479796648298924,False,1.0,-1.0
2021-06-14,Halle,R32,Grass,3,Sam Querrey,Ugo Humbert,player1,other,0.4674038464984423,2.36,0.3994910941475827,0.06791275235085958,0.10307307773632368,False,1.0,-1.0
2021-06-14,Halle,R32,Grass,3,Hubert Hurkacz,Felix Auger Aliassime,player2,other,0.42063686157008817,2.45,0.3875,0.03313686157008816,0.030560310846716066,False,1.0,-1.0
2021-06-14,Halle,F,Grass,3,Ugo Humbert,Andrey Rublev,player1,top_10,0.37562269494107436,2.92,0.32407407407407407,0.051548620867000294,0.09681826922793713,True,1.0,1.92
2021-06-21,Eastbourne,R32,Grass,3,Alejandro Davidovich Fokina,Mikael Ymer,player1,other,0.6694145299609332,1.7,0.5549738219895288,0.11444070797140438,0.1380047009335864,True,1.0,0.7
2021-06-21,Eastbourne,R16,Grass,3,Emil Ruusuvuori,Andreas Seppi,player1,other,0.6190038805692276,1.68,0.5625,0.056503880569227616,0.03992651935630237,False,1.0,-1.0
2021-06-21,Eastbourne,F,Grass,3,Lorenzo Sonego,Alex De Minaur,player2,other,0.37383903933612944,2.86,0.3317757009345794,0.04206333840155002,0.06917965250133018,False,1.0,-1.0
2021-06-21,Mallorca,R32,Grass,3,Guido Pella,Stefano Travaglia,player1,other,0.4600217384773056,2.32,0.40816326530612246,0.05185847317118314,0.06725043326734881,False,1.0,-1.0
2021-06-21,Mallorca,R16,Grass,3,Dominic Thiem,Adrian Mannarino,player1,top_10,0.7502022756910603,1.59,0.5943877551020408,0.15581452058901957,0.19282161834878603,False,1.0,-1.0
2021-06-21,Mallorca,R16,Grass,3,Karen Khachanov,Feliciano Lopez,player1,other,0.6806579621057596,1.58,0.596938775510204,0.08371918659555555,0.07543958012710017,False,1.0,-1.0
2021-06-21,Mallorca,R16,Grass,3,Ugo Humbert,Sam Querrey,player1,other,0.6509367678045376,1.66,0.5710594315245477,0.07987733627998983,0.08055503455553231,False,1.0,-1.0
2021-06-21,Mallorca,R16,Grass,3,Jiri Vesely,Pablo Carreno Busta,player1,other,0.5173171915363061,2.17,0.4363636363636364,0.08095355517266967,0.12257830563378413,False,1.0,-1.0
2021-06-21,Mallorca,R16,Grass,3,Corentin Moutet,Daniil Medvedev,player2,top_10,0.27113556216783646,5.09,0.18560000000000001,0.08553556216783645,0.3800800114342875,False,1.0,-1.0
2021-06-21,Mallorca,QF,Grass,3,Adrian Mannarino,Feliciano Lopez,player1,other,0.5369094534295736,2.06,0.4593175853018373,0.07759186812773633,0.1060334740649217,True,1.0,1.06
2021-06-21,Mallorca,QF,Grass,3,Sam Querrey,Roberto Bautista Agut,player1,top_10,0.5648056400133741,3.18,0.2980132450331126,0.26679239498026147,0.7960819352425297,True,1.0,2.18
2021-06-21,Mallorca,QF,Grass,3,Casper Ruud,Daniil Medvedev,player1,top_10,0.3164901667392727,4.49,0.210896309314587,0.10559385742468572,0.42104084865933467,False,1.0,-1.0
2021-06-21,Mallorca,SF,Grass,3,Pablo Carreno Busta,Daniil Medvedev,player2,top_10,0.24529518548913656,4.55,0.2073170731707317,0.037978112318404866,0.11609309397557133,False,1.0,-1.0
2021-06-21,Mallorca,F,Grass,3,Sam Querrey,Daniil Medvedev,player2,top_10,0.40332219330266744,3.89,0.24319066147859916,0.16013153182406828,0.5689233319473763,False,1.0,-1.0
2021-06-28,Wimbledon,R128,Grass,5,Benoit Paire,Diego Schwartzman,player2,other,0.21272688966316597,5.28,0.18012422360248448,0.03260266606068149,0.12319797742151639,False,1.0,-1.0
2021-06-28,Wimbledon,R128,Grass,5,Jannik Sinner,Marton Fucsovics,player2,other,0.723035671651179,1.45,0.6563981042654028,0.0666375673857762,0.04840172389420949,False,1.0,-1.0
2021-06-28,Wimbledon,R128,Grass,5,Laslo Djere,Pablo Cuevas,player1,other,0.4358605775623939,2.4,0.39698492462311563,0.03887565293927825,0.0460653861497452,True,1.0,1.4
2021-06-28,Wimbledon,R128,Grass,5,Federico Delbonis,Andrey Rublev,player1,top_10,0.14175802797027773,13.45,0.07113259668508287,0.07062543128519486,0.9066454762002354,False,1.0,-1.0
2021-06-28,Wimbledon,R128,Grass,5,Frances Tiafoe,Stefanos Tsitsipas,player1,top_10,0.26971592399274746,5.5,0.17293233082706766,0.0967835931656798,0.483437581960111,True,1.0,4.5
2021-06-28,Wimbledon,R128,Grass,5,Feliciano Lopez,Daniel Evans,player1,other,0.38064010467174364,2.86,0.3317757009345794,0.04886440373716422,0.08863069936118673,False,1.0,-1.0
2021-06-28,Wimbledon,R128,Grass,5,Pablo Andujar,Pierre Hugues Herbert,player2,other,0.21323515426244524,5.24,0.18125,0.03198515426244525,0.11735220833521309,True,1.0,4.24
2021-06-28,Wimbledon,R128,Grass,5,Andy Murray,Nikoloz Basilashvili,player2,other,0.6105597398446332,1.96,0.4855643044619423,0.12499543538269087,0.19669709009548098,True,1.0,0.96
2021-06-28,Wimbledon,R128,Grass,5,Facundo Bagnis,Miomir Kecmanovic,player1,other,0.18696500597941437,7.56,0.12601156069364167,0.060953445285772706,0.4134554452043726,False,1.0,-1.0
2021-06-28,Wimbledon,R128,Grass,5,Guido Pella,Matteo Berrettini,player1,top_10,0.11852887524098547,14.9,0.06407035175879397,0.054458523482191504,0.7660802410906835,False,1.0,-1.0
2021-06-28,Wimbledon,R128,Grass,5,Corentin Moutet,Aljaz Bedene,player2,other,0.5406818105423773,2.02,0.4712041884816754,0.0694776220607019,0.09217725729560211,False,1.0,-1.0
2021-06-28,Wimbledon,R128,Grass,5,Yoshihito Nishioka,John Isner,player2,other,0.1941315541176577,5.95,0.15960451977401127,0.03452703434364643,0.1550827470000633,True,1.0,4.95
2021-06-28,Wimbledon,R128,Grass,5,Thiago Monteiro,Felix Auger Aliassime,player2,other,0.15196795202040383,8.31,0.11501597444089458,0.03695197757950926,0.2628536812895559,False,1.0,-1.0
2021-06-28,Wimbledon,R128,Grass,5,Jo-Wilfried Tsonga,Mikael Ymer,player1,other,0.5723765314897503,1.92,0.4960629921259842,0.07631353936376611,0.09896294046032061,False,1.0,-1.0
2021-06-28,Wimbledon,R128,Grass,5,Nick Kyrgios,Ugo Humbert,player2,other,0.43955925306021265,2.47,0.3855721393034826,0.05398711375673004,0.08571135505872529,True,1.0,1.4700000000000002
2021-06-28,Wimbledon,R128,Grass,5,Steve Johnson,Dennis Novak,player1,other,0.614765703689145,1.7,0.5607235142118864,0.054042189477258584,0.04510169627154642,True,1.0,0.7
2021-06-28,Wimbledon,R128,Grass,5,Tallon Griekspoor,Alexander Zverev,player1,top_10,0.12811166197062632,10.6,0.09012875536480688,0.03798290660581943,0.3579836168886389,False,1.0,-1.0
2021-06-28,Wimbledon,R128,Grass,5,Filip Krajinovic,Alex Bolt,player2,other,0.49153101241677116,2.14,0.4455958549222798,0.04593515749449134,0.05187636657189032,False,1.0,-1.0
2021-06-28,Wimbledon,R128,Grass,5,Pedro Sousa,Lorenzo Sonego,player2,other,0.14538092870244623,14.59,0.06594110115236874,0.07943982755007749,1.1211077497686905,False,1.0,-1.0
2021-06-28,Wimbledon,R128,Grass,5,Salvatore Caruso,Marin Cilic,player2,other,0.16670030281466106,11.1,0.08566721581548602,0.08103308699917504,0.8503733612427377,False,1.0,-1.0
2021-06-28,Wimbledon,R64,Grass,5,Kevin Anderson,Novak Djokovic,player2,top_10,0.12200116069172372,15.29,0.06253832004904966,0.059462840642674056,0.8653977469764556,False,1.0,-1.0
2021-06-28,Wimbledon,R64,Grass,5,Denis Kudla,Andreas Seppi,player1,other,0.6518009671568183,1.65,0.5758354755784061,0.07596549157841226,0.07547159580875024,True,1.0,0.6499999999999999
2021-06-28,Wimbledon,R64,Grass,5,Pedro Martinez,Gael Monfils,player1,other,0.38179419239882345,2.71,0.3501199040767386,0.031674288322084854,0.034662261400811634,True,1.0,1.71
2021-06-28,Wimbledon,R64,Grass,5,Lloyd Harris,Andrey Rublev,player2,top_10,0.24488376580617713,5.31,0.17928902627511592,0.06559473953106121,0.30033279643080046,False,1.0,-1.0
2021-06-28,Wimbledon,R64,Grass,5,Dusan Lajovic,Daniel Evans,player1,other,0.18078842283304244,7.28,0.13022700119474312,0.050561421638299325,0.316139718224549,False,1.0,-1.0
2021-06-28,Wimbledon,R64,Grass,5,Pablo Andujar,Denis Shapovalov,player2,other,0.16019178440110876,9.87,0.09698078682525163,0.06321099757585713,0.5810929120389432,False,1.0,-1.0
2021-06-28,Wimbledon,R64,Grass,5,Ilya Ivashka,Jeremy Chardy,player1,other,0.6394030851023548,1.65,0.5758354755784061,0.06356760952394869,0.055015090418885304,True,1.0,0.6499999999999999
2021-06-28,Wimbledon,R64,Grass,5,Mikael Ymer,Felix Auger Aliassime,player1,other,0.18051599489897419,7.31,0.12976190476190477,0.05075409013706941,0.31957192271150114,False,1.0,-1.0
2021-06-28,Wimbledon,R64,Grass,5,Gianluca Mager,Nick Kyrgios,player1,other,0.17755390646325278,5.81,0.16402877697841728,0.013525129484835502,0.03158819655149858,False,1.0,-1.0
2021-06-28,Wimbledon,R64,Grass,5,Steve Johnson,Taylor Fritz,player1,other,0.48275553594002935,2.19,0.43556701030927836,0.04718852563075099,0.05723462370866417,False,1.0,-1.0
2021-06-28,Wimbledon,R64,Grass,5,Tennys Sandgren,Alexander Zverev,player1,top_10,0.16917524915570303,9.38,0.10153256704980844,0.0676426821058946,0.5868638370804946,False,1.0,-1.0
2021-06-28,Wimbledon,R64,Grass,5,Daniel Elahi Galan,Lorenzo Sonego,player1,other,0.18398962172109326,7.56,0.12601156069364167,0.057978061027451594,0.390961540211465,False,1.0,-1.0
2021-06-28,Wimbledon,R32,Grass,5,Denis Kudla,Novak Djokovic,player2,top_10,0.10445491261515748,16.74,0.057432432432432436,0.04702248018272504,0.7485752371777361,False,1.0,-1.0
2021-06-28,Wimbledon,R32,Grass,5,Fabio Fognini,Andrey Rublev,player2,top_10,0.23701574945658047,5.88,0.16119828815977175,0.07581746129680872,0.39365260680469316,False,1.0,-1.0
2021-06-28,Wimbledon,R32,Grass,5,Andy Murray,Denis Shapovalov,player1,other,0.3113939890447492,3.94,0.24084778420038536,0.07054620484436383,0.22689231683631184,False,1.0,-1.0
2021-06-28,Wimbledon,R32,Grass,5,Roberto Bautista Agut,Dominik Koepfer,player1,top_10,0.7802140524624793,1.36,0.6984478935698448,0.0817661588926345,0.06109111134897194,True,1.0,0.3600000000000001
2021-06-28,Wimbledon,R32,Grass,5,Taylor Fritz,Alexander Zverev,player1,top_10,0.1863661331660171,7.24,0.13189448441247004,0.05447164875354707,0.349290804121964,False,1.0,-1.0
2021-06-28,Wimbledon,R32,Grass,5,Roger Federer,Cameron Norrie,player2,top_10,0.7787744722053568,1.47,0.6483253588516746,0.13044911335368214,0.14479847414187447,True,1.0,0.47
2021-06-28,Wimbledon,R32,Grass,5,Alexander Bublik,Hubert Hurkacz,player1,other,0.49060249615400253,2.26,0.42199488491048587,0.06860761124351666,0.10876164130804566,False,1.0,-1.0
2021-06-28,Wimbledon,R32,Grass,5,Marin Cilic,Daniil Medvedev,player2,top_10,0.29630639791477603,5.18,0.184251968503937,0.11205442941083904,0.5348671411985397,False,1.0,-1.0
2021-06-28,Wimbledon,R16,Grass,5,Cristian Garin,Novak Djokovic,player2,top_10,0.10996283170983423,19.68,0.04881585306911552,0.06114697864071871,1.1640685280495378,False,1.0,-1.0
2021-06-28,Wimbledon,R16,Grass,5,Roberto Bautista Agut,Denis Shapovalov,player2,top_10,0.4809793346710003,2.23,0.42673521850899737,0.05424411616200292,0.07258391631633065,False,1.0,-1.0
2021-06-28,Wimbledon,R16,Grass,5,Ilya Ivashka,Matteo Berrettini,player2,top_10,0.18039202680431143,6.14,0.15543328748280605,0.024958739321505385,0.10760704457847214,False,1.0,-1.0
2021-06-28,Wimbledon,R16,Grass,5,Felix Auger Aliassime,Alexander Zverev,player1,top_10,0.34253501118646296,3.67,0.2600806451612903,0.08245436602517264,0.25710349105431896,True,1.0,2.67
2021-06-28,Wimbledon,R16,Grass,5,Roger Federer,Lorenzo Sonego,player2,top_10,0.8022981355824831,1.3,0.7297297297297297,0.07256840585275337,0.042987576257228044,True,1.0,0.30000000000000004
2021-06-28,Wimbledon,R16,Grass,5,Hubert Hurkacz,Daniil Medvedev,player2,top_10,0.23667717353398357,5.16,0.18354430379746833,0.05313286973651524,0.22125421543535528,True,1.0,4.16
2021-06-28,Wimbledon,QF,Grass,5,Marton Fucsovics,Novak Djokovic,player1,top_10,0.12334925814024993,13.22,0.07228070175438595,0.05106855638586398,0.630677192614104,False,1.0,-1.0
2021-06-28,Wimbledon,QF,Grass,5,Karen Khachanov,Denis Shapovalov,player1,other,0.3648209473528003,3.5,0.27234927234927236,0.09247167500352793,0.2768733157348011,False,1.0,-1.0
2021-06-28,Wimbledon,QF,Grass,5,Felix Auger Aliassime,Matteo Berrettini,player2,top_10,0.3208442690445458,3.7,0.2570281124497992,0.06381615659474665,0.18712379546481972,False,1.0,-1.0
2021-06-28,Wimbledon,SF,Grass,5,Denis Shapovalov,Novak Djokovic,player1,top_10,0.15255761755566496,7.4,0.12941176470588234,0.023145852849782628,0.12892636991192086,False,1.0,-1.0
2021-06-28,Wimbledon,SF,Grass,5,Matteo Berrettini,Hubert Hurkacz,player2,top_10,0.7415426912948875,1.43,0.6682134570765662,0.07332923421832127,0.06040604855168907,True,1.0,0.42999999999999994
2021-07-12,Newport,R32,Grass,3,Jurij Rodionov,Yuichi Sugita,player1,other,0.6403451310820772,1.63,0.5798969072164949,0.06044822386558235,0.043762563663785836,False,1.0,-1.0
2021-07-12,Newport,R32,Grass,3,Jack Sock,Alex Bolt,player1,other,0.4533788529243146,2.35,0.4035532994923858,0.04982555343192885,0.06544030437213932,True,1.0,1.35
2021-07-12,Bastad,R32,Clay,3,Pedro Martinez,Dennis Novak,player2,other,0.7151674964205011,1.45,0.6522781774580336,0.06288931896246752,0.03699286980972666,True,1.0,0.44999999999999996
2021-07-12,Bastad,R32,Clay,3,Jiri Vesely,Salvatore Caruso,player2,other,0.5651936939991105,1.92,0.49340369393139843,0.07179000006771202,0.08517189247829204,True,1.0,0.9199999999999999
2021-07-12,Bastad,R32,Clay,3,Roberto Carballes Baena,Facundo Bagnis,player2,other,0.4935938292581105,2.09,0.4514435695538058,0.04215025970430469,0.031611103149450925,True,1.0,1.0899999999999999
2021-07-12,Bastad,R32,Clay,3,Taro Daniel,Elias Ymer,player2,other,0.505343955062237,2.06,0.46073298429319376,0.04461097076904319,0.04100854742820814,False,1.0,-1.0
2021-07-12,Bastad,R16,Clay,3,Cristian Garin,Pedro Martinez,player1,other,0.6479386308922322,1.62,0.583547557840617,0.06439107305161529,0.04966058204541629,True,1.0,0.6200000000000001
2021-07-12,Bastad,R16,Clay,3,Jiri Vesely,Yannick Hanfmann,player1,other,0.44069725452826924,2.41,0.3914141414141414,0.04928311311412786,0.06208038341312894,False,1.0,-1.0
2021-07-12,Bastad,F,Clay,3,Federico Coria,Casper Ruud,player1,other,0.23134191309656393,5.0,0.18962722852512157,0.04171468457144237,0.15670956548281967,False,1.0,-1.0
2021-07-12,Hamburg,R32,Clay,3,Benoit Paire,Ricardas Berankis,player1,other,0.46932796603642446,2.2,0.43152454780361754,0.03780341823280692,0.032521525280133856,True,1.0,1.2000000000000002
2021-07-12,Hamburg,R32,Clay,3,Laslo Djere,Jan Lennard Struff,player2,other,0.5554957459181994,2.1,0.450261780104712,0.10523396581348737,0.16654106642821875,True,1.0,1.1
2021-07-12,Hamburg,R32,Clay,3,Filip Krajinovic,Daniel Altmaier,player1,other,0.6095573500638027,1.96,0.48284960422163586,0.12670774584216687,0.19473240612505338,True,1.0,0.96
2021-07-12,Hamburg,R32,Clay,3,Jaume Munar,Philipp Kohlschreiber,player1,other,0.6323849368793865,1.67,0.5673575129533679,0.06502742392601857,0.05608284458857532,False,1.0,-1.0
2021-07-12,Hamburg,SF,Clay,3,Laslo Djere,Filip Krajinovic,player2,other,0.4704994972706913,2.21,0.42894056847545214,0.04155892879523915,0.03980388896822773,False,1.0,-1.0
2021-07-19,Gstaad,R32,Clay,3,Benoit Paire,Jozef Kovalik,player2,other,0.636568720499877,1.63,0.5809768637532133,0.05559185674666367,0.03760701441479947,True,1.0,0.6299999999999999
2021-07-19,Gstaad,R32,Clay,3,Marc Andrea Huesler,Feliciano Lopez,player2,other,0.5822698303179159,1.9,0.4986807387862796,0.0835890915316363,0.10631267760404017,False,1.0,-1.0
2021-07-19,Gstaad,R16,Clay,3,Dennis Novak,Casper Ruud,player2,other,0.1363684661248458,7.76,0.12217194570135749,0.014196520423488304,0.05821929712880336,False,1.0,-1.0
2021-07-19,Gstaad,R16,Clay,3,Mikael Ymer,Feliciano Lopez,player1,other,0.6888312973181755,1.59,0.5964467005076142,0.09238459681056133,0.09524176273589907,True,1.0,0.5900000000000001
2021-07-19,Umag,R32,Clay,3,Corentin Moutet,Daniel Altmaier,player2,other,0.5170637997859768,2.06,0.46073298429319376,0.05633081549278307,0.0651514275591123,False,1.0,-1.0
2021-07-19,Umag,R32,Clay,3,Jiri Vesely,Alessandro Giannessi,player1,other,0.6317868509432638,1.78,0.531578947368421,0.10020790357484277,0.12458059467900962,False,1.0,-1.0
2021-07-19,Los Cabos,R32,Hard,3,Peter Gojowczyk,Illya Marchenko,player1,other,0.6281835061515212,1.67,0.5662337662337663,0.061949739917754876,0.04906645527304032,False,1.0,-1.0
2021-07-19,Los Cabos,R16,Hard,3,Evgeny Donskoy,John Isner,player2,other,0.21608908582432737,5.52,0.1711711711711712,0.04491791465315617,0.19281175375028703,False,1.0,-1.0
2021-07-19,Los Cabos,R16,Hard,3,Jordan Thompson,Sebastian Ofner,player2,other,0.6580050978158668,1.59,0.5933503836317136,0.06465471418415325,0.04622810552722828,True,1.0,0.5900000000000001
2021-07-26,Kitzbuhel,R32,Clay,3,Lucas Pouille,Pedro Martinez,player1,other,0.48425613664895323,2.3,0.411764705882353,0.07249143076660025,0.11378911429259242,False,1.0,-1.0
2021-07-26,Kitzbuhel,R32,Clay,3,Mikael Ymer,Pablo Cuevas,player2,other,0.40142469196684205,2.73,0.34688995215311,0.054534739813732025,0.09588940906947874,True,1.0,1.73
2021-07-26,Kitzbuhel,R16,Clay,3,Jiri Vesely,Jozef Kovalik,player2,other,0.6386865904729367,1.66,0.5688311688311688,0.06985542164176795,0.06021974018507492,False,1.0,-1.0
2021-07-26,Atlanta,R32,Hard,3,Alexei Popyrin,Steve Johnson,player1,other,0.621459756787293,1.67,0.5673575129533679,0.054102243833925145,0.03783779383477931,False,1.0,-1.0
2021-07-26,Atlanta,R32,Hard,3,Peter Gojowczyk,Sam Querrey,player2,other,0.5342343430196349,1.94,0.4894736842105264,0.04476065880910851,0.03641462545809171,True,1.0,0.94
2021-07-26,Atlanta,R16,Hard,3,Reilly Opelka,Bjorn Fratangelo,player2,other,0.6798506917931159,1.55,0.6095717884130982,0.07027890338001763,0.05376857227932963,True,1.0,0.55
2021-07-26,Atlanta,R16,Hard,3,Taylor Fritz,Steve Johnson,player1,other,0.7272713716115033,1.43,0.6611374407582938,0.06613393085320951,0.039998061404449725,True,1.0,0.42999999999999994
2021-08-02,Washington,R64,Hard,3,Ricardas Berankis,Mitchell Krueger,player2,other,0.6386338496671594,1.72,0.549738219895288,0.08889562977187138,0.0984502214275142,True,1.0,0.72
2021-08-02,Washington,R64,Hard,3,Vasek Pospisil,Emilio Gomez,player1,other,0.6734921863578179,1.56,0.606060606060606,0.06743158029721197,0.05064781071819602,True,1.0,0.56
2021-08-02,Washington,R64,Hard,3,Nick Kyrgios,Mackenzie Mcdonald,player1,other,0.7196202885937724,1.44,0.6555023923444976,0.06411789624927478,0.03625321557503214,False,1.0,-1.0
2021-08-02,Washington,R64,Hard,3,Yoshihito Nishioka,Jack Sock,player1,other,0.5074078849499961,2.12,0.4464751958224543,0.060932689127541795,0.07570471609399176,False,1.0,-1.0
2021-08-02,Washington,R32,Hard,3,John Millman,Elias Ymer,player2,other,0.6828104353226943,1.67,0.5673575129533679,0.11545292236932636,0.14029342698889935,True,1.0,0.6699999999999999
2021-08-02,Washington,R32,Hard,3,Alex De Minaur,Steve Johnson,player1,other,0.7257930025623024,1.44,0.6579572446555819,0.06783575790672047,0.045141923689715424,False,1.0,-1.0
2021-08-02,Washington,R32,Hard,3,Jannik Sinner,Emil Ruusuvuori,player1,other,0.6451897406982531,1.62,0.5846153846153845,0.06057435608286854,0.04520737993117008,True,1.0,0.6200000000000001
2021-08-02,Washington,R32,Hard,3,Grigor Dimitrov,Ilya Ivashka,player2,other,0.4994663828523535,2.26,0.41902313624678666,0.08044324660556684,0.1287940252463189,False,1.0,-1.0
2021-08-02,Washington,R16,Hard,3,Rafael Nadal,Lloyd Harris,player2,top_10,0.856614526888853,1.22,0.7711069418386493,0.08550758505020373,0.04506972280440061,False,1.0,-1.0
2021-08-09,Canada Masters,R64,Hard,4,Alejandro Davidovich Fokina,John Isner,player1,other,0.5121943239701988,2.31,0.41071428571428575,0.10148003825591306,0.1831688883711593,False,1.0,-1.0
2021-08-09,Canada Masters,R64,Hard,4,Fabio Fognini,Jan Lennard Struff,player2,other,0.5304059351831546,1.95,0.48548812664907653,0.04491780853407806,0.034291573607151404,True,1.0,0.95
2021-08-09,Canada Masters,R64,Hard,4,Daniel Evans,Alexander Bublik,player2,other,0.5229580304966418,1.99,0.47769028871391084,0.045267741782730964,0.04068648068831715,False,1.0,-1.0
2021-08-09,Canada Masters,R32,Hard,4,Denis Shapovalov,Frances Tiafoe,player1,top_10,0.7904906460190588,1.33,0.7096069868995633,0.08088365911949558,0.051352559205348314,False,1.0,-1.0
2021-08-09,Canada Masters,R16,Hard,4,Gael Monfils,Frances Tiafoe,player1,other,0.3539962774892091,2.97,0.31880733944954126,0.03518893803966783,0.05136894414295112,True,1.0,1.9700000000000002
2021-08-09,Canada Masters,R16,Hard,4,Hubert Hurkacz,Nikoloz Basilashvili,player1,other,0.6253363816923223,1.73,0.5483028720626633,0.07703350962965905,0.08183194032771757,True,1.0,0.73
2021-08-09,Canada Masters,QF,Hard,4,Reilly Opelka,Roberto Bautista Agut,player2,other,0.5065141456601127,2.2,0.43152454780361754,0.07498959785649512,0.11433112045224791,True,1.0,1.2000000000000002
2021-08-09,Canada Masters,QF,Hard,4,Gael Monfils,John Isner,player1,other,0.43212794980771596,2.61,0.36496350364963503,0.06716444615808093,0.12785394899813862,False,1.0,-1.0
2021-08-09,Canada Masters,SF,Hard,4,John Isner,Daniil Medvedev,player2,top_10,0.37910977417474206,3.34,0.284796573875803,0.09431320029893908,0.2662266457436384,False,1.0,-1.0
2021-08-16,Cincinnati Masters,R64,Hard,4,Federico Delbonis,Jannik Sinner,player1,other,0.18158949224291074,6.29,0.15229110512129382,0.02929838712161692,0.14219790620790862,False,1.0,-1.0
2021-08-16,Cincinnati Masters,R64,Hard,4,Marin Cilic,Aslan Karatsev,player2,other,0.4988873872854862,2.08,0.4583333333333333,0.04055405395215289,0.03768576555381131,True,1.0,1.08
2021-08-16,Cincinnati Masters,R64,Hard,4,Andy Murray,Richard Gasquet,player1,other,0.48899268774645827,2.14,0.44415584415584414,0.04483684359061413,0.04644435177742079,True,1.0,1.1400000000000001
2021-08-16,Cincinnati Masters,R64,Hard,4,Grigor Dimitrov,Roberto Bautista Agut,player2,other,0.3964020597030073,2.61,0.36496350364963503,0.03143855605337226,0.03460937582484902,True,1.0,1.6099999999999999
2021-08-16,Cincinnati Masters,R32,Hard,4,Alexander Zverev,Lloyd Harris,player2,top_10,0.8494304587285324,1.29,0.7356557377049181,0.1137747210236143,0.09576529175980683,True,1.0,0.29000000000000004
2021-08-16,Cincinnati Masters,R32,Hard,4,Reilly Opelka,Casper Ruud,player1,other,0.5033433052694557,2.23,0.42673521850899737,0.07660808676045833,0.1224555707508862,False,1.0,-1.0
2021-08-16,Cincinnati Masters,R32,Hard,4,Benoit Paire,Denis Shapovalov,player1,top_10,0.3680458276807956,4.06,0.2339622641509434,0.13408356352985218,0.49426606038402987,True,1.0,3.0599999999999996
2021-08-16,Cincinnati Masters,R32,Hard,4,Jannik Sinner,John Isner,player2,other,0.6342519645775652,1.65,0.5758354755784061,0.05841648899915908,0.04651574155298244,False,1.0,-1.0
2021-08-16,Cincinnati Masters,R32,Hard,4,Alexander Bublik,Grigor Dimitrov,player2,other,0.5054771427478898,2.1,0.45312499999999994,0.05235214274788985,0.06150199977056858,False,1.0,-1.0
2021-08-16,Cincinnati Masters,R16,Hard,4,Guido Pella,Alexander Zverev,player2,top_10,0.11402776491111934,9.22,0.10398445092322643,0.010043313987892905,0.05133599248052034,False,1.0,-1.0
2021-08-16,Cincinnati Masters,R16,Hard,4,Grigor Dimitrov,Daniil Medvedev,player2,top_10,0.2877789115884722,5.15,0.1838351822503962,0.103943729338076,0.4820613946806318,False,1.0,-1.0
2021-08-16,Cincinnati Masters,QF,Hard,4,Stefanos Tsitsipas,Felix Auger Aliassime,player2,top_10,0.7957773834250608,1.38,0.6898876404494382,0.10588974297562259,0.09817278912658378,True,1.0,0.3799999999999999
2021-08-16,Cincinnati Masters,QF,Hard,4,Alexander Zverev,Casper Ruud,player1,top_10,0.8495289075056753,1.25,0.7591522157996148,0.09037669170606055,0.06191113438209417,True,1.0,0.25
2021-08-16,Cincinnati Masters,QF,Hard,4,Benoit Paire,Andrey Rublev,player2,top_10,0.29158545329183394,4.75,0.20033670033670034,0.0912487529551336,0.38503090313621124,False,1.0,-1.0
2021-08-16,Cincinnati Masters,QF,Hard,4,Daniil Medvedev,Pablo Carreno Busta,player1,top_10,0.8119686832266403,1.28,0.7429718875502008,0.06899679567643946,0.03931991453009959,True,1.0,0.28
2021-08-16,Cincinnati Masters,SF,Hard,4,Stefanos Tsitsipas,Alexander Zverev,player2,top_10,0.5799863219546825,2.23,0.4252577319587629,0.1547285899959196,0.29336949795894185,False,1.0,-1.0
2021-08-23,Winston-Salem,R64,Hard,3,Noah Rubin,Andy Murray,player1,other,0.17414032830211448,6.83,0.14088050314465408,0.0332598251574604,0.1893784423034418,False,1.0,-1.0
2021-08-23,Winston-Salem,SF,Hard,3,Emil Ruusuvuori,Ilya Ivashka,player2,other,0.45387493929116385,2.41,0.39294710327455923,0.06092783601660462,0.09383860369170494,False,1.0,-1.0
2021-08-30,Us Open,R128,Hard,5,Jeremy Chardy,Matteo Berrettini,player2,top_10,0.33008777154959834,6.99,0.13597033374536463,0.1941174378042337,1.3073135231316924,False,1.0,-1.0
2021-08-30,Us Open,R128,Hard,5,Sam Querrey,Alexander Zverev,player1,top_10,0.12401397385253936,11.71,0.08156862745098041,0.04244534640155895,0.4522036338132359,False,1.0,-1.0
2021-08-30,Us Open,R128,Hard,5,Federico Coria,Gael Monfils,player2,other,0.1773275008590731,6.62,0.14359637774902975,0.03373112311004334,0.1739080556870639,False,1.0,-1.0
2021-08-30,Us Open,R128,Hard,5,Steve Johnson,Maximilian Marterer,player2,other,0.737592325526864,1.5,0.6332518337408313,0.10434049178603277,0.10638848829029607,True,1.0,0.5
2021-08-30,Us Open,R128,Hard,5,Ernesto Escobedo,Pablo Cuevas,player2,other,0.6740790231973657,1.53,0.6212871287128713,0.052791894484494395,0.031340905491969495,True,1.0,0.53
2021-08-30,Us Open,R128,Hard,5,Federico Delbonis,Denis Shapovalov,player2,top_10,0.13286809135260194,7.94,0.11973392461197341,0.013134166740628533,0.0549726453396594,False,1.0,-1.0
2021-08-30,Us Open,R128,Hard,5,Ivo Karlovic,Andrey Rublev,player2,top_10,0.12722482345764852,13.2,0.07238229093464513,0.05484253252300339,0.6793676696409603,False,1.0,-1.0
2021-08-30,Us Open,R128,Hard,5,Nick Kyrgios,Roberto Bautista Agut,player1,other,0.4288436359843029,2.43,0.3909774436090226,0.03786619237528033,0.04209003544185608,False,1.0,-1.0
2021-08-30,Us Open,R128,Hard,5,Evgeny Donskoy,Felix Auger Aliassime,player2,other,0.1473170927494972,9.85,0.09715857011915675,0.050158522630340444,0.45107336358254735,False,1.0,-1.0
2021-08-30,Us Open,R128,Hard,5,Andy Murray,Stefanos Tsitsipas,player2,top_10,0.18982801010943287,9.79,0.09769585253456221,0.09213215757487066,0.8584162189713477,False,1.0,-1.0
2021-08-30,Us Open,R128,Hard,5,Yuichi Sugita,Casper Ruud,player1,other,0.1678036285393776,11.41,0.08426966292134833,0.08353396561802928,0.9146394016342985,False,1.0,-1.0
2021-08-30,Us Open,R128,Hard,5,Philipp Kohlschreiber,Marin Cilic,player2,other,0.3489524727483044,2.98,0.319634703196347,0.029317769551957362,0.039878368789947105,True,1.0,1.98
2021-08-30,Us Open,R128,Hard,5,Mikhail Kukushkin,Pablo Andujar,player2,other,0.7313148056340468,1.47,0.6457831325301205,0.08553167310392629,0.0750327642820488,False,1.0,-1.0
2021-08-30,Us Open,R128,Hard,5,Dominik Koepfer,Quentin Halys,player2,other,0.7377011732984031,1.41,0.674364896073903,0.06333627722450008,0.040158654350748335,True,1.0,0.4099999999999999
2021-08-30,Us Open,R128,Hard,5,Richard Gasquet,Daniil Medvedev,player1,top_10,0.1266424859181637,15.82,0.060570071258907364,0.06607241465925634,1.00348412722535,False,1.0,-1.0
2021-08-30,Us Open,R64,Hard,5,Tallon Griekspoor,Novak Djokovic,player2,top_10,0.09488721372719283,21.07,0.0457427536231884,0.04914446010400443,0.999273593231953,False,1.0,-1.0
2021-08-30,Us Open,R64,Hard,5,Andreas Seppi,Hubert Hurkacz,player2,other,0.14336538005622113,7.57,0.12586605080831406,0.017499329247907064,0.08527592702559394,True,1.0,6.57
2021-08-30,Us Open,R64,Hard,5,Vasek Pospisil,Ilya Ivashka,player2,other,0.27625559131461336,3.94,0.2423076923076923,0.03394789900692105,0.08844702977957664,False,1.0,-1.0
2021-08-30,Us Open,R64,Hard,5,Corentin Moutet,Matteo Berrettini,player2,top_10,0.1764863145737289,6.0,0.15848527349228608,0.01800104108144282,0.05891788744237336,False,1.0,-1.0
2021-08-30,Us Open,R64,Hard,5,Alexander Bublik,Jack Sock,player2,other,0.6097059725207359,1.71,0.5569948186528497,0.05271115386788616,0.042597213010458324,False,1.0,-1.0
2021-08-30,Us Open,R64,Hard,5,Roberto Carballes Baena,Denis Shapovalov,player1,top_10,0.18215200923492236,9.16,0.10371819960861058,0.07843380962631179,0.6685124045918888,False,1.0,-1.0
2021-08-30,Us Open,R64,Hard,5,Pedro Martinez,Andrey Rublev,player1,top_10,0.1304031648666271,13.53,0.07074175824175824,0.05966140662486885,0.7643548206454645,False,1.0,-1.0
2021-08-30,Us Open,R64,Hard,5,Cristian Garin,Henri Laaksonen,player2,other,0.6580626212529063,1.58,0.601010101010101,0.05705252024280527,0.03973894157959196,False,1.0,-1.0
2021-08-30,Us Open,R64,Hard,5,Adrian Mannarino,Stefanos Tsitsipas,player1,top_10,0.12266222176372048,13.15,0.07263751763046544,0.050024704133255035,0.6130082161929243,False,1.0,-1.0
2021-08-30,Us Open,R64,Hard,5,Kevin Anderson,Diego Schwartzman,player2,other,0.3868744002269174,2.69,0.35336538461538464,0.033509015611532744,0.040692136610407714,False,1.0,-1.0
2021-08-30,Us Open,R64,Hard,5,Dominik Koepfer,Daniil Medvedev,player1,top_10,0.12047549948033147,17.96,0.053740779768177024,0.06673471971215444,1.163739970666753,False,1.0,-1.0
2021-08-30,Us Open,R32,Hard,5,Kei Nishikori,Novak Djokovic,player1,top_10,0.12372471021503632,14.08,0.06816677696889478,0.05555793324614154,0.7420439198277113,False,1.0,-1.0
2021-08-30,Us Open,R32,Hard,5,Jack Sock,Alexander Zverev,player2,top_10,0.11531889447993132,13.02,0.07330960854092528,0.04200928593900605,0.5014520061287058,False,1.0,-1.0
2021-08-30,Us Open,R32,Hard,5,Jannik Sinner,Gael Monfils,player1,other,0.6476940176246097,1.6,0.595959595959596,0.05173442166501363,0.03631042819937552,True,1.0,0.6000000000000001
2021-08-30,Us Open,R32,Hard,5,Lloyd Harris,Denis Shapovalov,player1,top_10,0.483948012535859,2.48,0.38461538461538464,0.09933262792047437,0.20019107108893042,True,1.0,1.48
2021-08-30,Us Open,R32,Hard,5,Andrey Rublev,Frances Tiafoe,player2,top_10,0.8504225486251826,1.28,0.744,0.10642254862518263,0.08854086224023378,False,1.0,-1.0
2021-08-30,Us Open,R32,Hard,5,Felix Auger Aliassime,Roberto Bautista Agut,player2,other,0.5290221804289976,1.99,0.4790575916230366,0.049964588805961,0.052754139053705296,True,1.0,0.99
2021-08-30,Us Open,R32,Hard,5,Pablo Andujar,Daniil Medvedev,player1,top_10,0.12321096169826362,20.07,0.047912713472485775,0.07529824822577785,1.4728440012841508,False,1.0,-1.0
2021-08-30,Us Open,R16,Hard,5,Daniel Evans,Daniil Medvedev,player2,top_10,0.14311170449688734,13.21,0.0723314606741573,0.07078024382273004,0.8905056164038819,False,1.0,-1.0
2021-08-30,Us Open,F,Hard,5,Daniil Medvedev,Novak Djokovic,player2,top_10,0.3797959281916872,3.04,0.3137697516930023,0.06602617649868492,0.1545796217027291,True,1.0,2.04
2021-09-20,Metz,R32,Hard,3,Mikael Ymer,Jan Lennard Struff,player1,other,0.49677217989489986,2.1,0.450261780104712,0.04651039979018784,0.0432215777792897,True,1.0,1.1
2021-09-20,Metz,R32,Hard,3,Peter Gojowczyk,Antoine Hoang,player2,other,0.7339028922623335,1.43,0.6619385342789598,0.07196435798337375,0.049481135935136866,True,1.0,0.42999999999999994
2021-09-20,Metz,R32,Hard,3,Vasek Pospisil,Gregoire Barrere,player2,other,0.7037692816481688,1.6,0.5907928388746803,0.1129764427734885,0.1260308506370701,True,1.0,0.6000000000000001
2021-09-20,Metz,QF,Hard,3,Nikoloz Basilashvili,Gael Monfils,player1,other,0.41898767022113653,2.5,0.37810945273631846,0.04087821748481807,0.04746917555284136,False,1.0,-1.0
2021-09-20,Metz,QF,Hard,3,Hubert Hurkacz,Andy Murray,player1,other,0.6502937901611298,1.63,0.5798969072164949,0.07039688294463486,0.05997887796264145,True,1.0,0.6299999999999999
2021-09-20,Metz,SF,Hard,3,Pablo Carreno Busta,Gael Monfils,player2,other,0.5313477159504689,1.95,0.48684210526315796,0.04450561068731096,0.03612804610341436,True,1.0,0.95
2021-09-20,Metz,F,Hard,3,Hubert Hurkacz,Pablo Carreno Busta,player1,other,0.5546032804278432,1.87,0.5078947368421052,0.04670854358573806,0.03710813440006694,True,1.0,0.8700000000000001
2021-09-20,Nur-Sultan,R32,Hard,3,Egor Gerasimov,Benoit Paire,player1,other,0.5859994122722826,1.88,0.503957783641161,0.08204162863112163,0.1016788950718912,True,1.0,0.8799999999999999
2021-09-20,Nur-Sultan,R32,Hard,3,Soon Woo Kwon,Evgeny Donskoy,player1,other,0.6684174785808663,1.62,0.5846153846153845,0.08380209396548177,0.0828363153010035,True,1.0,0.6200000000000001
2021-09-20,Nur-Sultan,R32,Hard,3,Daniel Elahi Galan,Laslo Djere,player1,other,0.47571690708903774,2.27,0.41794871794871796,0.05776818914031978,0.07987737909211567,False,1.0,-1.0
2021-09-20,Nur-Sultan,QF,Hard,3,Emil Ruusuvuori,Ilya Ivashka,player1,other,0.40599040044533313,2.67,0.3535108958837772,0.05247950456155592,0.08399436918903946,False,1.0,-1.0
2021-09-20,Nur-Sultan,F,Hard,3,Soon Woo Kwon,James Duckworth,player1,other,0.5192125781008189,2.02,0.46981627296587924,0.049396305134939644,0.04880940776365417,True,1.0,1.02
2021-09-24,Laver Cup,RR,Hard,3,Andrey Rublev,Diego Schwartzman,player2,top_10,0.8161965201257906,1.3,0.7302904564315352,0.08590606369425535,0.0610554761635278,True,1.0,0.30000000000000004
2021-09-27,Sofia,R32,Hard,3,Pablo Andujar,Ilya Ivashka,player2,other,0.18248395292260142,5.72,0.16496350364963505,0.017520449272966365,0.04380821071728014,False,1.0,-1.0
2021-09-27,Sofia,QF,Hard,3,Filip Krajinovic,Kamil Majchrzak,player2,other,0.7228460805907942,1.52,0.6246913580246914,0.0981547225661028,0.09872604249800726,True,1.0,0.52
2021-09-27,Sofia,F,Hard,3,Jannik Sinner,Gael Monfils,player1,other,0.6736604069433599,1.59,0.5943877551020408,0.07927265184131915,0.07112004703994235,True,1.0,0.5900000000000001
2021-09-27,San Diego,R32,Hard,3,Andy Murray,Denis Kudla,player2,other,0.7776620113622373,1.4,0.6751740139211136,0.10248799744112369,0.08872681590713222,True,1.0,0.3999999999999999
2021-09-27,San Diego,R32,Hard,3,Salvatore Caruso,Taylor Fritz,player2,other,0.21586370782038888,5.1,0.1853035143769968,0.030560193443392086,0.10090490988398326,False,1.0,-1.0
2021-09-27,San Diego,R16,Hard,3,Andy Murray,Casper Ruud,player1,top_10,0.6393729529555426,2.14,0.4412532637075718,0.19811968924797085,0.3682581193248613,False,1.0,-1.0
2021-09-27,San Diego,QF,Hard,3,Casper Ruud,Lorenzo Sonego,player1,top_10,0.691276234478693,1.5,0.6341463414634148,0.057129893015278266,0.03691435171803953,True,1.0,0.5
2021-09-27,San Diego,QF,Hard,3,Andrey Rublev,Diego Schwartzman,player1,top_10,0.8392465338322377,1.3,0.7302904564315352,0.10895607740070246,0.09102049398190903,True,1.0,0.30000000000000004
2021-09-27,San Diego,SF,Hard,3,Grigor Dimitrov,Casper Ruud,player1,top_10,0.47939324413099316,2.82,0.3364705882352941,0.14292265589569908,0.35188894844940066,False,1.0,-1.0
2021-09-27,San Diego,SF,Hard,3,Andrey Rublev,Cameron Norrie,player2,top_10,0.8010721742175244,1.32,0.7161290322580645,0.08494314195945996,0.057415269967132254,False,1.0,-1.0
2021-10-04,Indian Wells Masters,R128,Hard,4,Egor Gerasimov,Christopher Eubanks,player2,other,0.5830473216772165,1.97,0.48157894736842105,0.10146837430879546,0.1486032237041165,False,1.0,-1.0
2021-10-04,Indian Wells Masters,R128,Hard,4,Yoshihito Nishioka,Federico Delbonis,player2,other,0.6180786301474814,1.68,0.5658914728682171,0.05218715727926437,0.03837209864776875,True,1.0,0.6799999999999999
2021-10-04,Indian Wells Masters,R128,Hard,4,Alejandro Davidovich Fokina,Steve Johnson,player1,other,0.647366937154216,1.67,0.5684754521963824,0.0788914849578336,0.0811027850475407,True,1.0,0.6699999999999999
2021-10-04,Indian Wells Masters,R64,Hard,4,Nikoloz Basilashvili,Christopher Eubanks,player1,other,0.6516371212932358,1.6,0.5918367346938775,0.05980038659935827,0.04261939406917736,True,1.0,0.6000000000000001
2021-10-04,Indian Wells Masters,R64,Hard,4,Mackenzie Mcdonald,Daniil Medvedev,player1,top_10,0.1543140052641865,8.81,0.10739614994934145,0.04691785531484506,0.3595063863774832,False,1.0,-1.0
2021-10-04,Indian Wells Masters,R32,Hard,4,Karen Khachanov,Pablo Carreno Busta,player2,other,0.5000393054623361,2.11,0.45052083333333337,0.04951847212900273,0.05508293452552915,True,1.0,1.1099999999999999
2021-10-04,Indian Wells Masters,R32,Hard,4,Andy Murray,Alexander Zverev,player1,top_10,0.30822873967851944,4.81,0.19699499165275455,0.11123374802576488,0.4825802378536783,False,1.0,-1.0
2021-10-04,Indian Wells Masters,R32,Hard,4,Matteo Berrettini,Taylor Fritz,player2,top_10,0.7723359960413001,1.4,0.6781609195402298,0.09417507650107027,0.08127039445782008,False,1.0,-1.0
2021-10-04,Indian Wells Masters,R32,Hard,4,Frances Tiafoe,Hubert Hurkacz,player1,other,0.43661984573257234,2.41,0.3944723618090452,0.04214748392352713,0.0522538282154994,False,1.0,-1.0
2021-10-04,Indian Wells Masters,R16,Hard,4,Gael Monfils,Alexander Zverev,player2,top_10,0.2647256778105082,4.62,0.20618556701030924,0.05854011080019897,0.223032631484548,False,1.0,-1.0
2021-10-04,Indian Wells Masters,R16,Hard,4,Grigor Dimitrov,Daniil Medvedev,player2,top_10,0.17753645639611917,6.16,0.15384615384615383,0.023690302549965347,0.09362457140009406,True,1.0,5.16
2021-10-04,Indian Wells Masters,QF,Hard,4,Stefanos Tsitsipas,Nikoloz Basilashvili,player2,top_10,0.8510190671188674,1.25,0.7572815533980582,0.09373751372080918,0.06377383389858429,False,1.0,-1.0
2021-10-04,Indian Wells Masters,QF,Hard,4,Cameron Norrie,Diego Schwartzman,player1,other,0.5128682837564574,2.11,0.451948051948052,0.060920231808405445,0.08215207872612507,True,1.0,1.1099999999999999
2021-10-04,Indian Wells Masters,QF,Hard,4,Grigor Dimitrov,Hubert Hurkacz,player1,other,0.47666422286173354,2.43,0.39249999999999996,0.08416422286173358,0.1582940615540125,True,1.0,1.4300000000000002
2021-10-18,Moscow,R32,Hard,3,Alexander Bublik,Illya Marchenko,player2,other,0.7204079062013226,1.44,0.6555023923444976,0.06490551385682497,0.037387384929904455,False,1.0,-1.0
2021-10-18,Moscow,R16,Hard,3,Adrian Mannarino,Andrey Rublev,player1,top_10,0.1857751958300735,8.35,0.11358811040339703,0.07218708542667646,0.5512228851811136,True,1.0,7.35
2021-10-18,Antwerp,R32,Hard,3,Frances Tiafoe,Andy Murray,player1,other,0.5029422738659439,2.1,0.4516971279373368,0.05124514592860713,0.05617877511848224,False,1.0,-1.0
2021-10-18,Antwerp,F,Hard,3,Jannik Sinner,Diego Schwartzman,player1,other,0.7217292780793372,1.44,0.6587677725118484,0.0629615055674888,0.03929016043424549,True,1.0,0.43999999999999995
2021-10-25,Vienna,R32,Hard,3,Alex De Minaur,Kevin Anderson,player2,other,0.5514421791054228,1.96,0.4842105263157894,0.06723165278963339,0.08082667104662866,True,1.0,0.96
2021-10-25,Vienna,R32,Hard,3,Gianluca Mager,Dennis Novak,player1,other,0.47745579621421513,2.17,0.4363636363636364,0.041092159850578736,0.03607907778484687,False,1.0,-1.0
2021-10-25,Vienna,R32,Hard,3,Stefanos Tsitsipas,Grigor Dimitrov,player1,top_10,0.7525018254795804,1.42,0.6666666666666666,0.08583515881291381,0.06855259218100418,True,1.0,0.41999999999999993
2021-10-25,Vienna,R16,Hard,3,Alex De Minaur,Alexander Zverev,player2,top_10,0.23163176624418017,4.92,0.19211822660098524,0.03951353964319493,0.13962828992136633,False,1.0,-1.0
2021-10-25,Vienna,R16,Hard,3,Felix Auger Aliassime,Cameron Norrie,player1,other,0.5153870456014008,2.1,0.450261780104712,0.06512526549668879,0.0823127957629417,True,1.0,1.1
2021-10-25,Vienna,R16,Hard,3,Dennis Novak,Jannik Sinner,player2,other,0.15829335920268756,7.58,0.12471131639722864,0.033582042805458914,0.19986366275637168,False,1.0,-1.0
2021-10-25,Vienna,R16,Hard,3,Casper Ruud,Lorenzo Sonego,player1,top_10,0.7717272162231761,1.36,0.6971046770601336,0.07462253916304251,0.049549014063519525,True,1.0,0.3600000000000001
2021-10-25,Vienna,R16,Hard,3,Stefanos Tsitsipas,Frances Tiafoe,player2,top_10,0.8342507482868449,1.24,0.7647058823529412,0.06954486593390363,0.03447092787568762,False,1.0,-1.0
2021-10-25,Vienna,QF,Hard,3,Frances Tiafoe,Diego Schwartzman,player1,other,0.4708953324467213,2.21,0.43041237113402064,0.04048296131270068,0.04067868470725411,True,1.0,1.21
2021-10-25,St. Petersburg,R16,Hard,3,Pablo Andujar,Denis Shapovalov,player1,other,0.16114944360624006,6.87,0.13801756587202008,0.023131877734219985,0.10709667757486929,False,1.0,-1.0
2021-10-25,St. Petersburg,R16,Hard,3,Mackenzie Mcdonald,Roberto Bautista Agut,player2,other,0.44043211449242065,2.44,0.38847117794486213,0.05196093654755851,0.07465435936150633,False,1.0,-1.0
2021-10-25,St. Petersburg,R16,Hard,3,Andrey Rublev,Ilya Ivashka,player1,top_10,0.796115848180568,1.36,0.6971046770601336,0.09901117112043445,0.08271755352557258,True,1.0,0.3600000000000001
2021-10-25,St. Petersburg,QF,Hard,3,Roberto Bautista Agut,Marin Cilic,player2,other,0.5885021587800375,1.83,0.5171503957783641,0.07135176300167345,0.07695895056746871,False,1.0,-1.0
2021-10-25,St. Petersburg,F,Hard,3,Taylor Fritz,Marin Cilic,player2,other,0.5838385968939873,1.79,0.5301837270341206,0.05365486985986667,0.04507108844023733,False,1.0,-1.0
2021-11-01,Paris Masters,R64,Hard,4,Alejandro Davidovich Fokina,Marin Cilic,player2,other,0.4202109192421693,2.48,0.3815461346633417,0.038664784578827605,0.042123079720579826,False,1.0,-1.0
2021-11-01,Paris Masters,R64,Hard,4,Mackenzie Mcdonald,Dusan Lajovic,player1,other,0.7138433281252524,1.45,0.6539379474940334,0.059905380631218974,0.03507282578161597,False,1.0,-1.0
2021-11-01,Paris Masters,R64,Hard,4,Federico Delbonis,Cameron Norrie,player1,other,0.16583892436431735,8.22,0.11517761033369214,0.05066131403062521,0.36319595827468876,False,1.0,-1.0
2021-11-01,Paris Masters,R32,Hard,4,Dusan Lajovic,Alexander Zverev,player2,top_10,0.10930822682353407,10.1,0.09417040358744395,0.015137823236090114,0.10401309091769406,False,1.0,-1.0
2021-11-01,Paris Masters,R32,Hard,4,Hubert Hurkacz,Tommy Paul,player1,top_10,0.7702043062014918,1.39,0.6797235023041476,0.09048080389734425,0.07058398562007356,True,1.0,0.3899999999999999
2021-11-01,Paris Masters,R16,Hard,4,Alexander Zverev,Grigor Dimitrov,player2,top_10,0.8256102591537037,1.33,0.7108695652173914,0.11474069393631225,0.09806164467442596,True,1.0,0.33000000000000007
2021-11-01,Paris Masters,QF,Hard,4,Alexander Zverev,Casper Ruud,player1,top_10,0.7975183628138764,1.37,0.690744920993228,0.10677344182064841,0.09260015705501079,True,1.0,0.3700000000000001
2021-11-01,Paris Masters,QF,Hard,4,Hubert Hurkacz,James Duckworth,player2,top_10,0.7764416079645572,1.33,0.710239651416122,0.06620195654843519,0.03266733859286114,True,1.0,0.33000000000000007
2021-11-01,Paris Masters,SF,Hard,4,Daniil Medvedev,Alexander Zverev,player2,top_10,0.6677809088344593,1.79,0.5314136125654451,0.13636729626901423,0.1953278268136821,True,1.0,0.79
2021-11-01,Paris Masters,F,Hard,4,Novak Djokovic,Daniil Medvedev,player2,top_10,0.6300829605552918,2.02,0.4712041884816754,0.1588787720736164,0.27276758032168946,True,1.0,1.02
2021-11-08,Stockholm,R32,Hard,3,Viktor Durasovic,Andy Murray,player2,other,0.17352566677017145,7.95,0.11862527716186252,0.054900389608308925,0.37952905082286303,False,1.0,-1.0
2021-11-08,Stockholm,QF,Hard,3,Tommy Paul,Andy Murray,player1,other,0.4630319362481954,2.45,0.38596491228070173,0.07706702396749365,0.13442824380807883,True,1.0,1.4500000000000002
2021-11-15,Tour Finals,RR,Hard,1,Daniil Medvedev,Jannik Sinner,player2,top_10,0.8133599959219827,1.39,0.6819221967963387,0.13143779912564402,0.13057039433155587,True,1.0,0.3899999999999999
2021-11-15,Tour Finals,RR,Hard,1,Daniil Medvedev,Alexander Zverev,player2,top_10,0.6878755967941146,1.53,0.6194029850746269,0.06847261171948771,0.052449663094995325,True,1.0,0.53
2021-11-15,Tour Finals,RR,Hard,1,Stefanos Tsitsipas,Andrey Rublev,player1,top_10,0.6441252037235529,1.73,0.5483028720626633,0.0958223316608896,0.11433660244174643,False,1.0,-1.0
2021-11-15,Tour Finals,RR,Hard,1,Casper Ruud,Novak Djokovic,player1,top_10,0.16629355047001884,6.48,0.14624505928853757,0.020048491181481276,0.07758220704572216,False,1.0,-1.0
2021-11-15,Tour Finals,F,Hard,1,Daniil Medvedev,Alexander Zverev,player2,top_10,0.7337483471661165,1.56,0.61,0.12374834716611649,0.14464742157914173,False,1.0,-1.0
2022-01-03,Adelaide 1,R32,Hard,3,Gianluca Mager,Francisco Cerundolo,player1,other,0.5858177340195315,1.9,0.4973544973544974,0.08846323666503414,0.11305369463710979,True,1.0,0.8999999999999999
2022-01-03,Adelaide 1,R32,Hard,3,Yoshihito Nishioka,Soon Woo Kwon,player1,other,0.47000547951429145,2.22,0.4248704663212435,0.04513501319304797,0.043412164521727026,False,1.0,-1.0
2022-01-03,Adelaide 1,R32,Hard,3,Lorenzo Musetti,Taro Daniel,player2,other,0.5958763095328755,1.73,0.5471204188481674,0.04875589068470809,0.03086601549187462,False,1.0,-1.0
2022-01-03,Adelaide 1,R16,Hard,3,Frances Tiafoe,Thanasi Kokkinakis,player2,other,0.645605041560311,1.63,0.5809768637532133,0.06462817780709762,0.05233621774330677,False,1.0,-1.0
2022-01-03,Adelaide 1,R16,Hard,3,Juan Manuel Cerundolo,Gael Monfils,player1,other,0.23054920023518322,4.68,0.20136518771331058,0.029184012521872638,0.07897025710065741,False,1.0,-1.0
2022-01-03,Adelaide 1,SF,Hard,3,Karen Khachanov,Marin Cilic,player2,other,0.505066701299842,2.14,0.44270833333333337,0.06235836796650862,0.08084274078166187,True,1.0,1.1400000000000001
2022-01-03,Melbourne,R32,Hard,3,Facundo Bagnis,Andy Murray,player2,other,0.17867927736480924,7.51,0.12572759022118743,0.052951687143621806,0.3418813730097173,True,1.0,6.51
2022-01-03,Melbourne,R16,Hard,3,Reilly Opelka,Maxime Cressy,player2,other,0.6857757842219706,1.64,0.5751295336787565,0.11064625054321409,0.12467228612403175,False,1.0,-1.0
2022-01-03,Melbourne,R16,Hard,3,Botic Van De Zandschulp,Mackenzie Mcdonald,player1,other,0.5616965047741717,1.87,0.5052910052910053,0.05640549948316631,0.05037246392770106,True,1.0,0.8700000000000001
2022-01-03,Melbourne,R16,Hard,3,Alexei Popyrin,Tallon Griekspoor,player1,other,0.5267669126008373,1.96,0.48284960422163586,0.043917308379201436,0.03246314869764111,False,1.0,-1.0
2022-01-03,Melbourne,QF,Hard,3,Emil Ruusuvuori,Alex Molcan,player2,other,0.6618277720717685,1.66,0.5699481865284974,0.09187958554327103,0.09863410163913561,True,1.0,0.6599999999999999
2022-01-03,Melbourne,SF,Hard,3,Maxime Cressy,Grigor Dimitrov,player2,other,0.3229343858174465,3.2,0.2967032967032967,0.026231089114149786,0.03339003461582879,True,1.0,2.2
2022-01-10,Sydney,R32,Hard,3,Viktor Durasovic,Andy Murray,player1,other,0.16666539131153987,7.83,0.12121212121212122,0.04545327009941866,0.3049900139693573,False,1.0,-1.0
2022-01-10,Sydney,R32,Hard,3,David Goffin,Facundo Bagnis,player2,other,0.6334948482280961,1.67,0.5662337662337663,0.06726108199432979,0.05793639654092042,True,1.0,0.6699999999999999
2022-01-10,Sydney,R32,Hard,3,Alejandro Davidovich Fokina,Dusan Lajovic,player1,other,0.7018333994579057,1.52,0.6228287841191067,0.07900461533879899,0.06678676717601667,False,1.0,-1.0
2022-01-10,Sydney,R16,Hard,3,Pedro Martinez,Daniel Evans,player1,other,0.3200842959710752,3.41,0.2775423728813559,0.04254192308971927,0.09148744926136643,False,1.0,-1.0
2022-01-10,Sydney,QF,Hard,3,Lorenzo Sonego,Aslan Karatsev,player1,other,0.5040244906564947,2.09,0.4528795811518324,0.05114490950466227,0.0534111854720738,False,1.0,-1.0
2022-01-10,Sydney,SF,Hard,3,Aslan Karatsev,Daniel Evans,player2,other,0.4766797934452381,2.25,0.4215938303341903,0.0550859631110478,0.07252953525178563,True,1.0,1.25
2022-01-10,Adelaide 2,R32,Hard,3,Yoshihito Nishioka,Thiago Monteiro,player1,other,0.5423855568573157,1.92,0.49473684210526314,0.04764871475205257,0.041380269166046146,False,1.0,-1.0
2022-01-10,Adelaide 2,R16,Hard,3,Thiago Monteiro,Gael Monfils,player2,other,0.22170772535001637,4.67,0.20307167235494883,0.018636052995067542,0.03537507738457646,True,1.0,3.67
2022-01-10,Adelaide 2,QF,Hard,3,Tommy Paul,Marin Cilic,player2,other,0.4956802782940892,2.23,0.4252577319587629,0.07042254633532635,0.10536702059581893,False,1.0,-1.0
2022-01-17,Australian Open,R128,Hard,5,Federico Coria,Gael Monfils,player2,other,0.16833213206591732,14.34,0.06701366297983083,0.1013184690860865,1.4138827738252542,False,1.0,-1.0
2022-01-17,Australian Open,R128,Hard,5,Alexander Bublik,Ernesto Escobedo,player1,other,0.6671425157494758,1.68,0.5692307692307692,0.0979117465187066,0.12079942645911929,True,1.0,0.6799999999999999
2022-01-17,Australian Open,R128,Hard,5,Cristian Garin,Facundo Bagnis,player1,other,0.6956281295181963,1.49,0.6356968215158926,0.05993130800230373,0.03648591298211251,True,1.0,0.49
2022-01-17,Australian Open,R128,Hard,5,Sebastian Korda,Cameron Norrie,player2,other,0.45706145232986223,2.44,0.38847117794486213,0.0685902743850001,0.11522994368486372,True,1.0,1.44
2022-01-17,Australian Open,R128,Hard,5,Alejandro Tabilo,Carlos Alcaraz,player1,other,0.1996983574895779,5.2,0.18367346938775508,0.016024888101822815,0.03843145894580513,False,1.0,-1.0
2022-01-17,Australian Open,R128,Hard,5,Brandon Nakashima,Matteo Berrettini,player2,top_10,0.31628880631433326,3.43,0.2763713080168776,0.03991749829745567,0.08487060565816307,False,1.0,-1.0
2022-01-17,Australian Open,R128,Hard,5,Daniel Altmaier,Alexander Zverev,player1,top_10,0.09606196714247113,16.98,0.05666666666666666,0.03939530047580447,0.6311322020791599,False,1.0,-1.0
2022-01-17,Australian Open,R128,Hard,5,Laslo Djere,Denis Shapovalov,player2,other,0.1606113586428262,7.09,0.13431013431013433,0.026301224332691858,0.1387345327776376,False,1.0,-1.0
2022-01-17,Australian Open,R128,Hard,5,Egor Gerasimov,Hubert Hurkacz,player2,other,0.1566102727102737,6.68,0.1424903722721438,0.014119900438129884,0.04615662170462831,False,1.0,-1.0
2022-01-17,Australian Open,R128,Hard,5,Marcos Giron,Rafael Nadal,player2,top_10,0.09967250563464937,11.86,0.0806201550387597,0.019052350595889667,0.1821159168269414,False,1.0,-1.0
2022-01-17,Australian Open,R128,Hard,5,Damir Dzumhur,Pablo Andujar,player1,other,0.6233416090164836,1.67,0.5695876288659795,0.053753980150504144,0.040980487057527604,False,1.0,-1.0
2022-01-17,Australian Open,R128,Hard,5,Joao Sousa,Jannik Sinner,player1,top_10,0.09917556662613285,13.85,0.06922043010752689,0.029955136518605957,0.3735815977719398,False,1.0,-1.0
2022-01-17,Australian Open,R128,Hard,5,Stefano Travaglia,Roberto Bautista Agut,player2,other,0.15170531632863818,10.64,0.08982035928143713,0.06188495704720105,0.6141445657367104,False,1.0,-1.0
2022-01-17,Australian Open,R128,Hard,5,Marco Trungelliti,Frances Tiafoe,player1,other,0.17469846469111064,5.93,0.16005665722379606,0.014641807467314583,0.035961895618286,False,1.0,-1.0
2022-01-17,Australian Open,R128,Hard,5,Gianluca Mager,Andrey Rublev,player2,top_10,0.10732608944973492,12.31,0.07790262172284644,0.029423467726888475,0.3211841611262368,False,1.0,-1.0
2022-01-17,Australian Open,R128,Hard,5,Ricardas Berankis,Roberto Carballes Baena,player1,other,0.7309262965750213,1.41,0.6713286713286714,0.05959762524634993,0.030606078170779927,True,1.0,0.4099999999999999
2022-01-17,Australian Open,R128,Hard,5,Emilio Gomez,Marin Cilic,player2,other,0.14650446471882964,8.39,0.11404435058078143,0.03246011413804821,0.2291724589909807,False,1.0,-1.0
2022-01-17,Australian Open,R128,Hard,5,David Goffin,Daniel Evans,player1,other,0.25100752141008836,4.14,0.22905027932960897,0.02195724208047939,0.03917113863776578,False,1.0,-1.0
2022-01-17,Australian Open,R128,Hard,5,Alexei Popyrin,Arthur Rinderknech,player1,other,0.48324966708933587,2.16,0.4404145077720207,0.042835159317315186,0.0438192809129655,False,1.0,-1.0
2022-01-17,Australian Open,R128,Hard,5,Richard Gasquet,Ugo Humbert,player1,other,0.22852960012570786,4.78,0.1993299832495812,0.029199616876126655,0.09237148860088362,True,1.0,3.7800000000000002
2022-01-17,Australian Open,R128,Hard,5,Nick Kyrgios,Liam Broady,player2,other,0.6964616001608261,1.49,0.6365853658536585,0.0598762343071676,0.03772778423963097,True,1.0,0.49
2022-01-17,Australian Open,R128,Hard,5,Henri Laaksonen,Daniil Medvedev,player1,top_10,0.10051149210790881,19.82,0.048487758041286605,0.05202373406662221,0.9921377735787528,False,1.0,-1.0
2022-01-17,Australian Open,R64,Hard,5,Alexander Bublik,Gael Monfils,player1,other,0.26893916450762295,4.35,0.2190305206463196,0.049908643861303364,0.1698853656081597,False,1.0,-1.0
2022-01-17,Australian Open,R64,Hard,5,Dusan Lajovic,Carlos Alcaraz,player2,other,0.17837373934372766,6.73,0.14158163265306126,0.036792106690666404,0.2004552657832872,False,1.0,-1.0
2022-01-17,Australian Open,R64,Hard,5,John Millman,Alexander Zverev,player1,top_10,0.10406727655766057,13.45,0.07113259668508287,0.0329346798725777,0.39970486970053465,False,1.0,-1.0
2022-01-17,Australian Open,R64,Hard,5,Adrian Mannarino,Hubert Hurkacz,player2,other,0.1629968016801616,6.55,0.14490861618798956,0.018088185492172032,0.06762905100505845,True,1.0,5.55
2022-01-17,Australian Open,R64,Hard,5,Yannick Hanfmann,Rafael Nadal,player2,top_10,0.10412780940767641,18.96,0.05057586379569354,0.05355194561198287,0.9742632663695449,False,1.0,-1.0
2022-01-17,Australian Open,R64,Hard,5,Alex Molcan,Pablo Andujar,player1,other,0.6822571524584943,1.52,0.6246913580246914,0.05756579443380283,0.03703087173691133,False,1.0,-1.0
2022-01-17,Australian Open,R64,Hard,5,Steve Johnson,Jannik Sinner,player2,top_10,0.12485876320168003,10.41,0.09162303664921466,0.03323572655246537,0.2997797249294891,False,1.0,-1.0
2022-01-17,Australian Open,R64,Hard,5,Philipp Kohlschreiber,Roberto Bautista Agut,player2,other,0.16385398889377958,6.5,0.14586070959264127,0.01799327930113831,0.06505092780956723,False,1.0,-1.0
2022-01-17,Australian Open,R64,Hard,5,Ricardas Berankis,Andrey Rublev,player1,top_10,0.14040612675425831,10.21,0.09325044404973358,0.047155682704524735,0.43354655416097765,False,1.0,-1.0
2022-01-17,Australian Open,R64,Hard,5,Norbert Gombos,Marin Cilic,player2,other,0.16546781250298268,7.01,0.13563501849568435,0.029832794007298324,0.15992936564590854,False,1.0,-1.0
2022-01-17,Australian Open,R64,Hard,5,Felix Auger Aliassime,Alejandro Davidovich Fokina,player1,top_10,0.8515050087037251,1.22,0.7773722627737226,0.07413274593000252,0.03883611061854464,True,1.0,0.21999999999999997
2022-01-17,Australian Open,R64,Hard,5,Richard Gasquet,Botic Van De Zandschulp,player1,other,0.25315456617143356,4.07,0.2335216572504708,0.019632908920962755,0.030339084317734688,False,1.0,-1.0
2022-01-17,Australian Open,R32,Hard,5,Cristian Garin,Gael Monfils,player1,other,0.187129040385879,8.6,0.11065149948293691,0.07647754090294208,0.6093097473185591,False,1.0,-1.0
2022-01-17,Australian Open,R32,Hard,5,Sebastian Korda,Pablo Carreno Busta,player2,other,0.4764768421548036,2.22,0.42783505154639173,0.048641790608411895,0.05777858958366411,False,1.0,-1.0
2022-01-17,Australian Open,R32,Hard,5,Matteo Berrettini,Carlos Alcaraz,player1,top_10,0.5054355494749609,2.22,0.42930591259640094,0.07612963687856,0.12206691983441342,True,1.0,1.2200000000000002
2022-01-17,Australian Open,R32,Hard,5,Radu Albot,Alexander Zverev,player2,top_10,0.09705437027394391,19.8,0.04853435848149927,0.04852001179244464,0.9216765314240896,False,1.0,-1.0
2022-01-17,Australian Open,R32,Hard,5,Reilly Opelka,Denis Shapovalov,player2,other,0.5418969118683181,2.04,0.46736292428198434,0.07453398758633378,0.10546970021136903,False,1.0,-1.0
2022-01-17,Australian Open,R32,Hard,5,Pablo Andujar,Alex De Minaur,player2,other,0.17305528952064778,10.08,0.09433962264150943,0.07871566687913835,0.7443973183681295,False,1.0,-1.0
2022-01-17,Australian Open,R32,Hard,5,Taylor Fritz,Roberto Bautista Agut,player2,other,0.5242725976195644,2.12,0.4493506493506493,0.07492194826891507,0.11145790695347646,True,1.0,1.12
2022-01-17,Australian Open,R32,Hard,5,Andrey Rublev,Marin Cilic,player1,top_10,0.8025441758637325,1.3,0.7319587628865979,0.07058541297713461,0.04330742862285228,False,1.0,-1.0
2022-01-17,Australian Open,R32,Hard,5,Felix Auger Aliassime,Daniel Evans,player1,top_10,0.7590527268121005,1.84,0.518324607329843,0.24072811948225747,0.39665701733426495,True,1.0,0.8400000000000001
2022-01-17,Australian Open,R32,Hard,5,Botic Van De Zandschulp,Daniil Medvedev,player1,top_10,0.10490034968734303,14.02,0.06843853820598006,0.036461811481362974,0.47070290261654923,False,1.0,-1.0
2022-01-17,Australian Open,R16,Hard,5,Miomir Kecmanovic,Gael Monfils,player2,other,0.28589113817476636,3.96,0.2399232245681382,0.045967913606628164,0.13212890717207482,False,1.0,-1.0
2022-01-17,Australian Open,R16,Hard,5,Adrian Mannarino,Rafael Nadal,player2,top_10,0.10413217334714425,12.79,0.07452966714905934,0.02960250619808491,0.33185049710997494,False,1.0,-1.0
2022-01-17,Australian Open,R16,Hard,5,Felix Auger Aliassime,Marin Cilic,player1,top_10,0.6942544793977744,1.65,0.5769230769230769,0.11733140247469753,0.14551989100632773,True,1.0,0.6499999999999999
2022-01-17,Australian Open,R16,Hard,5,Maxime Cressy,Daniil Medvedev,player1,top_10,0.10118946194691063,13.2,0.07238229093464513,0.0288071710122655,0.33570089769922007,False,1.0,-1.0
2022-01-17,Australian Open,QF,Hard,5,Gael Monfils,Matteo Berrettini,player1,top_10,0.4469061823013833,2.41,0.3944723618090452,0.05243382049233808,0.07704389934633382,False,1.0,-1.0
2022-01-17,Australian Open,QF,Hard,5,Stefanos Tsitsipas,Jannik Sinner,player2,top_10,0.516071584952606,2.21,0.4318766066838046,0.08419497826880135,0.14051820274525917,True,1.0,1.21
2022-01-17,Australian Open,SF,Hard,5,Rafael Nadal,Matteo Berrettini,player2,top_10,0.796144369581329,1.4,0.6803652968036529,0.11577907277767607,0.11460211741386045,True,1.0,0.3999999999999999
2022-01-31,Montpellier,R32,Hard,3,Pierre Hugues Herbert,Peter Gojowczyk,player1,other,0.6916276339813496,1.53,0.6203473945409429,0.07128023944040673,0.05819027999146498,True,1.0,0.53
2022-01-31,Montpellier,R32,Hard,3,David Goffin,Benjamin Bonzi,player2,other,0.5753837416639409,1.85,0.513157894736842,0.06222584692709887,0.06445992207829071,True,1.0,0.8500000000000001
2022-01-31,Montpellier,R16,Hard,3,Gilles Simon,Roberto Bautista Agut,player2,other,0.1938237681719651,5.48,0.17345399698340874,0.020369771188556346,0.062154249582368815,False,1.0,-1.0
2022-01-31,Montpellier,R16,Hard,3,Nikoloz Basilashvili,Damir Dzumhur,player2,other,0.6520094242303026,1.6,0.5939086294416244,0.058100794788678245,0.04321507876848424,False,1.0,-1.0
2022-01-31,Montpellier,R16,Hard,3,Soon Woo Kwon,Richard Gasquet,player1,other,0.7080109441012558,1.47,0.6432038834951456,0.06480706060611019,0.04077608782884595,False,1.0,-1.0
2022-01-31,Montpellier,R16,Hard,3,Mikael Ymer,Gael Monfils,player1,other,0.3130951983838684,3.88,0.2436647173489279,0.06943048103494051,0.21480936972940934,True,1.0,2.88
2022-01-31,Montpellier,QF,Hard,3,Alexander Bublik,Roberto Bautista Agut,player2,other,0.3836753545663168,2.78,0.3412322274881517,0.04244312707816511,0.06661748569436055,True,1.0,1.7799999999999998
2022-01-31,Pune,R32,Hard,3,Ricardas Berankis,Quentin Halys,player1,other,0.6761935891244851,1.65,0.5725388601036269,0.10365472902085826,0.11571942205540042,False,1.0,-1.0
2022-01-31,Pune,R32,Hard,3,Jozef Kovalik,Yuki Bhambri,player2,other,0.43111878235854423,2.56,0.3694581280788178,0.061660654279726446,0.10366408283787332,False,1.0,-1.0
2022-01-31,Pune,QF,Hard,3,Lorenzo Musetti,Kamil Majchrzak,player1,other,0.46271538493705705,2.26,0.41902313624678666,0.043692248690270385,0.04573676995774889,False,1.0,-1.0
2022-01-31,Pune,F,Hard,3,Joao Sousa,Emil Ruusuvuori,player1,other,0.21663723679825933,4.98,0.19024390243902434,0.026393334359234993,0.0788534392553315,True,1.0,3.9800000000000004
2022-01-31,Cordoba,R32,Clay,3,Holger Rune,Roberto Carballes Baena,player1,other,0.6699666345802667,1.58,0.5979643765903307,0.07200225798993598,0.05854728263682146,False,1.0,-1.0
2022-01-31,Cordoba,R32,Clay,3,Alejandro Tabilo,Francisco Cerundolo,player1,other,0.5817678847594693,1.88,0.5052631578947367,0.07650472686473253,0.09372362334780215,True,1.0,0.8799999999999999
2022-01-31,Cordoba,R16,Clay,3,Pedro Martinez,Juan Ignacio Londero,player1,other,0.7058445816040623,1.5,0.6305418719211823,0.07530270968288,0.05876687240609341,False,1.0,-1.0
2022-02-07,Rotterdam,R32,Hard,3,Aslan Karatsev,Tallon Griekspoor,player2,other,0.6317054748603275,1.66,0.5699481865284974,0.06175728833183003,0.04863108826814355,False,1.0,-1.0
2022-02-07,Rotterdam,R32,Hard,3,Alexander Bublik,Andy Murray,player2,other,0.5717498201386629,2.2,0.43005181347150256,0.14169800666716037,0.25784960430505854,False,1.0,-1.0
2022-02-07,Rotterdam,R16,Hard,3,Stefanos Tsitsipas,Ilya Ivashka,player1,top_10,0.8460159673891642,1.25,0.7563352826510722,0.08968068473809199,0.057519959236455226,True,1.0,0.25
2022-02-07,Rotterdam,QF,Hard,3,Andrey Rublev,Marton Fucsovics,player1,top_10,0.850544244507191,1.24,0.7669172932330828,0.08362695127410824,0.054674863188916845,True,1.0,0.24
2022-02-07,Rotterdam,QF,Hard,3,Felix Auger Aliassime,Cameron Norrie,player2,top_10,0.7644837346363437,1.48,0.6425120772946861,0.1219716573416576,0.1314359272617886,True,1.0,0.48
2022-02-07,Rotterdam,F,Hard,3,Stefanos Tsitsipas,Felix Auger Aliassime,player2,top_10,0.6354656724055039,1.78,0.5352480417754569,0.10021763063004696,0.13112889688179696,False,1.0,-1.0
2022-02-07,Dallas,R32,Hard,3,Denis Kudla,Cedrik Marcel Stebe,player1,other,0.5643784505108099,1.92,0.49206349206349204,0.07231495844731789,0.083606624980755,False,1.0,-1.0
2022-02-07,Dallas,R32,Hard,3,Yoshihito Nishioka,Mitchell Krueger,player2,other,0.6482842022022174,1.59,0.5954198473282442,0.05286435487397323,0.03077188150152571,True,1.0,0.5900000000000001
2022-02-07,Dallas,R32,Hard,3,Kevin Anderson,Sam Querrey,player1,other,0.7057598918244131,1.5,0.6296296296296295,0.07613026219478358,0.05863983773661968,True,1.0,0.5
2022-02-07,Dallas,R32,Hard,3,Daniel Altmaier,Andreas Seppi,player1,other,0.6077320419552049,1.74,0.5433070866141733,0.06442495534103165,0.05745375300205657,False,1.0,-1.0
2022-02-07,Dallas,R16,Hard,3,Kevin Anderson,John Isner,player1,other,0.5024093954006942,2.14,0.44270833333333337,0.05970106206736081,0.07515610615748558,False,1.0,-1.0
2022-02-07,Dallas,R16,Hard,3,Marcos Giron,Liam Broady,player2,other,0.652252797144964,1.63,0.5809768637532133,0.07127593339175065,0.06317205934629122,True,1.0,0.6299999999999999
2022-02-07,Buenos Aires,R16,Clay,3,Miomir Kecmanovic,Francisco Cerundolo,player1,other,0.6347750018100385,1.79,0.5289473684210526,0.10582763338898593,0.136247253239969,False,1.0,-1.0
2022-02-07,Buenos Aires,R16,Clay,3,Casper Ruud,Roberto Carballes Baena,player2,top_10,0.8658776332104319,1.21,0.78,0.08587763321043185,0.04771193618462255,True,1.0,0.20999999999999996
2022-02-07,Buenos Aires,F,Clay,3,Casper Ruud,Diego Schwartzman,player2,top_10,0.7856120922984244,1.42,0.667447306791569,0.11816478550685539,0.11556917106376263,True,1.0,0.41999999999999993
2022-02-14,Doha,R32,Hard,3,Malek Jaziri,Alejandro Davidovich Fokina,player1,other,0.17775856300063997,12.81,0.07442196531791907,0.1033365976827209,1.2770871920381979,False,1.0,-1.0
2022-02-14,Doha,R32,Hard,3,Thomas Fabbiano,Botic Van De Zandschulp,player1,other,0.2233105353464747,4.96,0.19086460032626426,0.032445935020210426,0.10762025531851449,False,1.0,-1.0
2022-02-14,Doha,R32,Hard,3,Lloyd Harris,Marton Fucsovics,player1,other,0.5091301598104482,2.11,0.44908616187989553,0.06004399793055265,0.07426463720004561,False,1.0,-1.0
2022-02-14,Doha,R32,Hard,3,Soon Woo Kwon,Christopher Eubanks,player2,other,0.742501913173721,1.4,0.6751740139211136,0.0673278992526074,0.03950267844320943,True,1.0,0.3999999999999999
2022-02-14,Doha,R32,Hard,3,Elias Ymer,Joao Sousa,player1,other,0.21972931357197645,5.5,0.1716867469879518,0.04804256658402464,0.20851122464587046,True,1.0,4.5
2022-02-14,Doha,R16,Hard,3,Alejandro Davidovich Fokina,Daniel Evans,player2,other,0.45556294083534077,2.34,0.40458015267175573,0.050982788163585036,0.06601728155469733,True,1.0,1.3399999999999999
2022-02-14,Doha,R16,Hard,3,Botic Van De Zandschulp,Marin Cilic,player2,other,0.5200798721257731,2.18,0.4352331606217616,0.08484671150401152,0.13377412123418542,False,1.0,-1.0
2022-02-14,Doha,R16,Hard,3,Emil Ruusuvuori,Karen Khachanov,player2,other,0.4672428705820333,2.42,0.3904282115869018,0.07681465899513151,0.1307277468085205,False,1.0,-1.0
2022-02-14,Doha,R16,Hard,3,Soon Woo Kwon,Marton Fucsovics,player2,other,0.43644070286726305,2.39,0.3964646464646465,0.03997605640261653,0.04309327985275868,False,1.0,-1.0
2022-02-14,Doha,R16,Hard,3,Nikoloz Basilashvili,Elias Ymer,player1,other,0.6441793378575471,1.62,0.5856777493606138,0.05850158849693332,0.043570527329226394,True,1.0,0.6200000000000001
2022-02-14,Doha,SF,Hard,3,Karen Khachanov,Roberto Bautista Agut,player1,other,0.45656707533230634,2.49,0.38213399503722084,0.0744330802950855,0.13685201757744292,False,1.0,-1.0
2022-02-14,Marseille,R32,Hard,3,Corentin Moutet,Hugo Gaston,player1,other,0.7367916242380991,1.4,0.6759259259259259,0.060865698312173144,0.03150827393333866,False,1.0,-1.0
2022-02-14,Marseille,R16,Hard,3,Richard Gasquet,Andrey Rublev,player1,top_10,0.23908319978335682,5.71,0.16642335766423358,0.07265984211912324,0.36516507076296734,False,1.0,-1.0
2022-02-14,Marseille,R16,Hard,3,Lucas Pouille,Radu Albot,player1,other,0.5231763072938179,2.05,0.46194225721784776,0.06123405007597016,0.07251142995232662,True,1.0,1.0499999999999998
2022-02-14,Marseille,QF,Hard,3,Lucas Pouille,Andrey Rublev,player1,top_10,0.21184666504568309,5.95,0.15960451977401127,0.052242145271671814,0.2604876570218143,False,1.0,-1.0
2022-02-14,Marseille,SF,Hard,3,Andrey Rublev,Benjamin Bonzi,player2,top_10,0.8211260943277638,1.31,0.7265135699373695,0.09461252439039436,0.0756751835693707,True,1.0,0.31000000000000005
2022-02-14,Marseille,F,Hard,3,Andrey Rublev,Felix Auger Aliassime,player2,top_10,0.42688472302083097,2.42,0.3919597989949749,0.03492492402585606,0.033061029710410916,True,1.0,1.42
2022-02-14,Delray Beach,R32,Hard,3,Denis Kudla,Brandon Nakashima,player1,other,0.26229668800799527,4.04,0.2333965844402277,0.028900103567767566,0.059678619552300916,False,1.0,-1.0
2022-02-14,Delray Beach,R32,Hard,3,Jordan Thompson,Mitchell Krueger,player2,other,0.6882256641874981,1.56,0.606060606060606,0.08216505812689212,0.07363203613249708,False,1.0,-1.0
2022-02-14,Delray Beach,R32,Hard,3,Marcos Giron,Tennys Sandgren,player1,other,0.7792190208488071,1.37,0.690744920993228,0.08847409985557908,0.06753005856286581,True,1.0,0.3700000000000001
2022-02-14,Delray Beach,R32,Hard,3,Maxime Cressy,John Millman,player1,other,0.6924692821371209,1.5,0.6305418719211823,0.061927410215938616,0.038703923205681334,False,1.0,-1.0
2022-02-14,Delray Beach,R32,Hard,3,Sam Querrey,Denis Istomin,player1,other,0.686470635003035,1.57,0.6025316455696202,0.08393898943341471,0.0777588969547649,False,1.0,-1.0
2022-02-14,Delray Beach,R16,Hard,3,Brandon Nakashima,Adrian Mannarino,player1,other,0.6388411551323196,1.63,0.5809768637532133,0.057864291379106314,0.04131108286568097,False,1.0,-1.0
2022-02-14,Delray Beach,R16,Hard,3,Grigor Dimitrov,Mitchell Krueger,player1,other,0.7623312789655955,1.36,0.6930022573363431,0.06932902162925236,0.036770539393209956,True,1.0,0.3600000000000001
2022-02-14,Delray Beach,R16,Hard,3,Steve Johnson,Stefan Kozlov,player1,other,0.656056824767426,1.57,0.6025316455696202,0.05352517919780575,0.03000921488485886,False,1.0,-1.0
2022-02-14,Delray Beach,QF,Hard,3,Grigor Dimitrov,John Millman,player1,other,0.677107110935602,1.54,0.6169154228855721,0.060191688050029946,0.04274495084082719,False,1.0,-1.0
2022-02-14,Delray Beach,F,Hard,3,Reilly Opelka,Cameron Norrie,player2,other,0.46600817447809123,2.23,0.4252577319587629,0.040750442519328356,0.039198229086143455,False,1.0,-1.0
2022-02-14,Rio de Janeiro,R32,Clay,3,Dusan Lajovic,Fernando Verdasco,player1,other,0.6380916072654051,1.66,0.5688311688311688,0.06926043843423635,0.05923206806057252,False,1.0,-1.0
2022-02-14,Rio de Janeiro,R32,Clay,3,Fabio Fognini,Facundo Bagnis,player1,other,0.6757955577208005,1.53,0.6175,0.05829555772080042,0.03396720331282471,True,1.0,0.53
2022-02-14,Rio de Janeiro,R16,Clay,3,Federico Delbonis,Carlos Alcaraz,player2,other,0.27564345176441124,3.88,0.2436647173489279,0.03197873441548335,0.06949659284591558,False,1.0,-1.0
2022-02-14,Rio de Janeiro,R16,Clay,3,Matteo Berrettini,Thiago Monteiro,player2,top_10,0.8472008547653269,1.31,0.7230443974630022,0.12415645730232472,0.10983311974257831,True,1.0,0.31000000000000005
2022-02-14,Rio de Janeiro,QF,Clay,3,Federico Coria,Fabio Fognini,player1,other,0.4177618854906746,2.5,0.37810945273631846,0.03965243275435615,0.04440471372668653,False,1.0,-1.0
2022-02-14,Rio de Janeiro,QF,Clay,3,Matteo Berrettini,Carlos Alcaraz,player2,top_10,0.6798317789002915,2.3,0.411764705882353,0.2680670730179385,0.5636130914706702,False,1.0,-1.0
2022-02-21,Dubai,R32,Hard,3,Andrey Rublev,Daniel Evans,player2,top_10,0.7718799256908694,1.57,0.6025316455696202,0.16934828012124914,0.21185148333466497,True,1.0,0.5700000000000001
2022-02-21,Dubai,R32,Hard,3,Malek Jaziri,Filip Krajinovic,player2,other,0.1546404023144539,11.71,0.08156862745098041,0.07307177486347348,0.8108391111022553,False,1.0,-1.0
2022-02-21,Dubai,R32,Hard,3,Alexander Bublik,Hubert Hurkacz,player2,other,0.4337282307738794,2.44,0.3869346733668342,0.046793557407045216,0.05829688308826575,False,1.0,-1.0
2022-02-21,Dubai,R32,Hard,3,David Goffin,Taro Daniel,player2,other,0.5402683027025986,1.93,0.4921052631578948,0.0481630395447038,0.04271782421601533,False,1.0,-1.0
2022-02-21,Dubai,R32,Hard,3,Alex De Minaur,Karen Khachanov,player1,other,0.4926763882323626,2.16,0.43896103896103894,0.053715349271323654,0.06418099858190329,False,1.0,-1.0
2022-02-21,Dubai,R32,Hard,3,Lorenzo Musetti,Novak Djokovic,player2,top_10,0.13871285589579174,11.06,0.0859504132231405,0.05276244267265125,0.5341641862074566,False,1.0,-1.0
2022-02-21,Dubai,R16,Hard,3,Andy Murray,Jannik Sinner,player1,top_10,0.30630526889337234,3.4,0.2781316348195329,0.028173634073839438,0.0414379142374659,False,1.0,-1.0
2022-02-21,Dubai,QF,Hard,3,Andrey Rublev,Mackenzie Mcdonald,player2,top_10,0.818323007306263,1.28,0.7398373983739838,0.07848560893227918,0.04745344935201659,True,1.0,0.28
2022-02-21,Dubai,QF,Hard,3,Hubert Hurkacz,Jannik Sinner,player2,top_10,0.46308269582866934,2.55,0.37192118226600984,0.0911615135626595,0.18086087436310672,True,1.0,1.5499999999999998
2022-02-21,Dubai,QF,Hard,3,Jiri Vesely,Novak Djokovic,player2,top_10,0.16404530871003234,11.58,0.08240887480190175,0.08163643390813059,0.8996446748621744,True,1.0,10.58
2022-02-21,Dubai,SF,Hard,3,Andrey Rublev,Hubert Hurkacz,player2,top_10,0.7146341638286398,1.99,0.47631578947368425,0.2383183743549555,0.4221219860189931,True,1.0,0.99
2022-02-21,Dubai,F,Hard,3,Andrey Rublev,Jiri Vesely,player2,top_10,0.8479557814564798,1.34,0.7093275488069414,0.13862823264953839,0.13626074715168296,True,1.0,0.3400000000000001
2022-02-21,Acapulco,R32,Hard,3,Peter Gojowczyk,Brandon Nakashima,player1,other,0.18987703196494846,6.76,0.13994910941475827,0.049927922550190185,0.28356873608305155,True,1.0,5.76
2022-02-21,Acapulco,R32,Hard,3,Denis Kudla,Rafael Nadal,player1,top_10,0.08979335015033885,14.07,0.06759443339960239,0.022198916750736458,0.2633924366152677,False,1.0,-1.0
2022-02-21,Acapulco,R32,Hard,3,Benoit Paire,Daniil Medvedev,player2,top_10,0.11760142653544421,10.31,0.09242957746478873,0.025171849070655478,0.21247070758042985,False,1.0,-1.0
2022-02-21,Acapulco,R16,Hard,3,Peter Gojowczyk,Alexander Zverev,player1,top_10,0.10116867836590226,10.88,0.08801341156747695,0.01315526679842531,0.10071522062101668,True,1.0,9.88
2022-02-21,Acapulco,R16,Hard,3,Stefan Kozlov,Rafael Nadal,player1,top_10,0.09045959406738857,19.9,0.04830224772835964,0.04215734633902893,0.8001459219410324,False,1.0,-1.0
2022-02-21,Acapulco,R16,Hard,3,Pablo Andujar,Daniil Medvedev,player2,top_10,0.12974520653723678,16.39,0.05858701895462379,0.071158187582613,1.1265239351453111,False,1.0,-1.0
2022-02-21,Acapulco,QF,Hard,3,Yoshihito Nishioka,Daniil Medvedev,player1,top_10,0.10829438353435557,9.81,0.09668508287292817,0.011609300661427402,0.06236790247202817,False,1.0,-1.0
2022-02-21,Acapulco,SF,Hard,3,Stefanos Tsitsipas,Cameron Norrie,player2,top_10,0.7505781166099204,1.51,0.6280788177339901,0.12249929887593025,0.13337295608097977,False,1.0,-1.0
2022-02-21,Santiago,R32,Clay,3,Juan Manuel Cerundolo,Carlos Taberner,player2,other,0.47080631870801276,2.41,0.39294710327455923,0.07785921543345353,0.1346432280863108,False,1.0,-1.0
2022-02-21,Santiago,R32,Clay,3,Bernabe Zapata Miralles,Facundo Bagnis,player2,other,0.4850005681730581,2.15,0.4386422976501305,0.04635827052292757,0.04275122157207478,False,1.0,-1.0
2022-02-21,Santiago,R32,Clay,3,Renzo Olivo,Alejandro Tabilo,player2,other,0.24078706810493367,4.83,0.1963394342762063,0.04444763382872738,0.16300153894682967,False,1.0,-1.0
2022-02-21,Santiago,R16,Clay,3,Hugo Dellien,Facundo Bagnis,player1,other,0.5123935805431371,2.14,0.44270833333333337,0.06968524720980374,0.09652226236231343,False,1.0,-1.0
2022-02-21,Santiago,R16,Clay,3,Cristian Garin,Alejandro Tabilo,player1,other,0.4664327022735393,2.31,0.4092071611253197,0.057225541148219594,0.07745954225187579,False,1.0,-1.0
2022-03-07,Indian Wells Masters,R128,Hard,4,Sam Querrey,Tallon Griekspoor,player1,other,0.24907736043978423,4.2,0.22651933701657456,0.022558023423209672,0.04612491384709383,True,1.0,3.2
2022-03-07,Indian Wells Masters,R128,Hard,4,Richard Gasquet,Oscar Otte,player2,other,0.6299127612754152,1.7,0.5595854922279793,0.07032726904743591,0.07085169416820575,False,1.0,-1.0
2022-03-07,Indian Wells Masters,R128,Hard,4,Brandon Nakashima,Adrian Mannarino,player1,other,0.6669628694081201,1.6,0.5928753180661578,0.07408755134196232,0.06714059105299225,True,1.0,0.6000000000000001
2022-03-07,Indian Wells Masters,R128,Hard,4,Dominik Koepfer,Benoit Paire,player1,other,0.5287065353545078,1.96,0.4855643044619423,0.043142230892565525,0.03626480929483533,True,1.0,0.96
2022-03-07,Indian Wells Masters,R128,Hard,4,John Millman,Jan Lennard Struff,player1,other,0.6893030154494827,1.52,0.6228287841191067,0.066474231330376,0.047740583483213694,True,1.0,0.52
2022-03-07,Indian Wells Masters,R128,Hard,4,Botic Van De Zandschulp,Tennys Sandgren,player1,other,0.7629565470403454,1.37,0.6914414414414414,0.07151510559890406,0.045250469445273334,True,1.0,0.3700000000000001
2022-03-07,Indian Wells Masters,R128,Hard,4,Ugo Humbert,Holger Rune,player1,other,0.6180896399625705,1.82,0.5210526315789473,0.09703700838362317,0.12492314473187838,False,1.0,-1.0
2022-03-07,Indian Wells Masters,R128,Hard,4,Maxime Cressy,Christopher Eubanks,player1,other,0.6676812205458688,1.58,0.601010101010101,0.06667111953576776,0.054936328462472706,False,1.0,-1.0
2022-03-07,Indian Wells Masters,R128,Hard,4,Arthur Rinderknech,Benjamin Bonzi,player2,other,0.5890671238437779,1.79,0.5314136125654451,0.05765351127833285,0.05443015168036247,False,1.0,-1.0
2022-03-07,Indian Wells Masters,R128,Hard,4,Borna Coric,Alejandro Davidovich Fokina,player1,other,0.2908774550138738,4.11,0.2317757009345794,0.05910175407929441,0.1955063401070214,False,1.0,-1.0
2022-03-07,Indian Wells Masters,R128,Hard,4,Juan Manuel Cerundolo,Jack Sock,player1,other,0.29843585858471,3.46,0.27463312368972753,0.02380273489498247,0.03258807070309655,False,1.0,-1.0
2022-03-07,Indian Wells Masters,R128,Hard,4,Roberto Carballes Baena,Jenson Brooksby,player2,other,0.18301091678920367,6.04,0.1576011157601116,0.02540980102909207,0.10538593740679014,False,1.0,-1.0
2022-03-07,Indian Wells Masters,R128,Hard,4,Pedro Martinez,Joao Sousa,player1,other,0.6859848403581239,1.51,0.628992628992629,0.05699221136549493,0.03583710894076708,True,1.0,0.51
2022-03-07,Indian Wells Masters,R64,Hard,4,Dominik Koepfer,Andrey Rublev,player1,top_10,0.12623315573526697,8.9,0.106425702811245,0.019807452924021973,0.12347508604387603,False,1.0,-1.0
2022-03-07,Indian Wells Masters,R64,Hard,4,Alexander Zverev,Tommy Paul,player1,top_10,0.8358480449423576,1.26,0.7543859649122807,0.08146208003007693,0.053168536627370644,False,1.0,-1.0
2022-03-07,Indian Wells Masters,R64,Hard,4,Felix Auger Aliassime,Botic Van De Zandschulp,player1,top_10,0.8451321792313805,1.27,0.7475149105367793,0.09761726869460119,0.07331786762385326,False,1.0,-1.0
2022-03-07,Indian Wells Masters,R64,Hard,4,Miomir Kecmanovic,Marin Cilic,player1,other,0.44666527843347675,2.33,0.40712468193384227,0.039540596499634484,0.04073009875000089,True,1.0,1.33
2022-03-07,Indian Wells Masters,R64,Hard,4,Lloyd Harris,Facundo Bagnis,player2,other,0.6665357906443395,1.62,0.5856777493606138,0.08085804128372576,0.07978798084383015,True,1.0,0.6200000000000001
2022-03-07,Indian Wells Masters,R32,Hard,4,Andrey Rublev,Frances Tiafoe,player2,top_10,0.8061517474314132,1.41,0.674364896073903,0.13178685135751012,0.1366739638782925,True,1.0,0.4099999999999999
2022-03-07,Indian Wells Masters,R32,Hard,4,Miomir Kecmanovic,Botic Van De Zandschulp,player2,other,0.4465754361133883,2.31,0.41221374045801523,0.03436169565537306,0.031589257421926975,True,1.0,1.31
2022-03-07,Indian Wells Masters,R32,Hard,4,Matteo Berrettini,Lloyd Harris,player1,top_10,0.8153959326438969,1.27,0.7490118577075099,0.06638407493638698,0.03555283445774904,True,1.0,0.27
2022-03-07,Indian Wells Masters,R32,Hard,4,Casper Ruud,Nick Kyrgios,player2,top_10,0.6322203347342977,1.82,0.5223097112860893,0.10991062344820846,0.15064100921642187,False,1.0,-1.0
2022-03-07,Indian Wells Masters,R32,Hard,4,Jannik Sinner,Benjamin Bonzi,player2,top_10,0.8573204799240112,1.23,0.7705223880597014,0.08679809186430976,0.05450419030653372,True,1.0,0.22999999999999998
2022-03-07,Indian Wells Masters,R32,Hard,4,Stefanos Tsitsipas,Jenson Brooksby,player2,top_10,0.7091535989902843,1.6,0.5949367088607596,0.11421689012952474,0.13464575838445492,False,1.0,-1.0
2022-03-07,Indian Wells Masters,R32,Hard,4,Nikoloz Basilashvili,Cameron Norrie,player1,other,0.23709128634213053,4.48,0.21126760563380279,0.025823680708327745,0.062168962812744866,False,1.0,-1.0
2022-03-07,Indian Wells Masters,R16,Hard,4,Grigor Dimitrov,John Isner,player1,other,0.5353850615370884,1.98,0.48031496062992135,0.055070100907167074,0.06006242184343502,True,1.0,0.98
2022-03-07,Indian Wells Masters,R16,Hard,4,Alex De Minaur,Taylor Fritz,player1,other,0.5660014531873867,2.14,0.44415584415584414,0.12184560903154257,0.21124310982100758,False,1.0,-1.0
2022-03-07,Indian Wells Masters,R16,Hard,4,Matteo Berrettini,Miomir Kecmanovic,player1,top_10,0.7673640215251165,1.41,0.6728538283062646,0.0945101932188519,0.0819832703504142,False,1.0,-1.0
2022-03-07,Indian Wells Masters,R16,Hard,4,Jannik Sinner,Nick Kyrgios,player2,top_10,0.7453232915125919,1.81,0.5261780104712042,0.21914528104138775,0.34903515763779136,False,1.0,-1.0
2022-03-07,Indian Wells Masters,R16,Hard,4,Gael Monfils,Carlos Alcaraz,player2,other,0.31748248928801126,3.26,0.291304347826087,0.026178141461924265,0.034992915078916664,False,1.0,-1.0
2022-03-07,Indian Wells Masters,QF,Hard,4,Andrey Rublev,Grigor Dimitrov,player2,top_10,0.7995764225405869,1.34,0.7105831533477323,0.08899326919285466,0.07143240620438651,True,1.0,0.3400000000000001
2022-03-07,Indian Wells Masters,QF,Hard,4,Taylor Fritz,Miomir Kecmanovic,player2,other,0.6599287762698279,1.58,0.602015113350126,0.0579136629197019,0.04268746650632815,True,1.0,0.5800000000000001
2022-03-07,Indian Wells Masters,QF,Hard,4,Rafael Nadal,Nick Kyrgios,player1,top_10,0.7522894382183988,1.4,0.6803652968036529,0.0719241414147459,0.05320521350575824,True,1.0,0.3999999999999999
2022-03-07,Indian Wells Masters,SF,Hard,4,Rafael Nadal,Carlos Alcaraz,player1,top_10,0.7350572011871922,1.66,0.5765306122448979,0.15852658894229432,0.22019495397073902,True,1.0,0.6599999999999999
2022-03-21,Miami Masters,R128,Hard,4,Juan Manuel Cerundolo,Dusan Lajovic,player2,other,0.2118963270529941,7.16,0.13317191283292978,0.07872441422006432,0.5171777016994379,True,1.0,6.16
2022-03-21,Miami Masters,R128,Hard,4,Oscar Otte,Mitchell Krueger,player2,other,0.5986795955483051,1.73,0.5483028720626633,0.05037672348564182,0.0357157002985678,True,1.0,0.73
2022-03-21,Miami Masters,R128,Hard,4,Tommy Paul,Benjamin Bonzi,player1,other,0.68430311847162,1.52,0.6237623762376239,0.06054074223399608,0.04014074007686236,True,1.0,0.52
2022-03-21,Miami Masters,R128,Hard,4,Jo-Wilfried Tsonga,Jordan Thompson,player1,other,0.46986878571054586,2.55,0.37192118226600984,0.09794760344453601,0.19816540356189194,False,1.0,-1.0
2022-03-21,Miami Masters,R128,Hard,4,Laslo Djere,Arthur Rinderknech,player1,other,0.43513642709530603,2.51,0.37871287128712877,0.05642355580817726,0.092192432009218,False,1.0,-1.0
2022-03-21,Miami Masters,R128,Hard,4,Federico Coria,Jenson Brooksby,player1,other,0.16509317119955327,11.48,0.08306709265175719,0.08202607854779609,0.8952696053708716,False,1.0,-1.0
2022-03-21,Miami Masters,R64,Hard,4,Diego Schwartzman,Thanasi Kokkinakis,player1,other,0.5957377817999242,1.78,0.5340314136125655,0.06170636818735875,0.060413251603865126,False,1.0,-1.0
2022-03-21,Miami Masters,R64,Hard,4,Hugo Gaston,John Isner,player1,other,0.30120802214942716,3.97,0.23946360153256702,0.06174442061686014,0.1957958479332258,True,1.0,2.97
2022-03-21,Miami Masters,R64,Hard,4,Alexander Bublik,Daniel Elahi Galan,player1,other,0.7555536121314805,1.39,0.683371298405467,0.07218231372601358,0.05021952086275788,True,1.0,0.3899999999999999
2022-03-21,Miami Masters,R64,Hard,4,Henri Laaksonen,Casper Ruud,player1,top_10,0.19301984311459694,5.87,0.16142857142857142,0.03159127168602552,0.13302647908268406,False,1.0,-1.0
2022-03-21,Miami Masters,R64,Hard,4,Juan Manuel Cerundolo,Kevin Anderson,player2,other,0.23722287780227067,4.75,0.20302013422818788,0.03420274357408279,0.12680866956078574,True,1.0,3.75
2022-03-21,Miami Masters,R64,Hard,4,Andrey Rublev,Nick Kyrgios,player2,top_10,0.7078774472384889,1.66,0.5732647814910026,0.13461266574748632,0.17507656241589148,False,1.0,-1.0
2022-03-21,Miami Masters,R64,Hard,4,Felix Auger Aliassime,Miomir Kecmanovic,player1,top_10,0.757432588752217,1.4,0.676674364896074,0.08075822385614295,0.060405624253103696,False,1.0,-1.0
2022-03-21,Miami Masters,R64,Hard,4,Marton Fucsovics,Carlos Alcaraz,player1,other,0.23254998498572046,5.12,0.1860095389507154,0.04654044603500507,0.19065592312688873,False,1.0,-1.0
2022-03-21,Miami Masters,R64,Hard,4,Ugo Humbert,Aslan Karatsev,player1,other,0.46695008214264416,2.24,0.42416452442159375,0.042785557721050416,0.04596818399952307,False,1.0,-1.0
2022-03-21,Miami Masters,R32,Hard,4,Hugo Gaston,Cameron Norrie,player2,other,0.190395318711334,5.72,0.1661807580174927,0.024214560693841286,0.08906122302883035,False,1.0,-1.0
2022-03-21,Miami Masters,R32,Hard,4,Alexander Bublik,Casper Ruud,player1,top_10,0.3155751393748886,3.64,0.26166328600405675,0.053911853370831875,0.14869350732459474,False,1.0,-1.0
2022-03-21,Miami Masters,R32,Hard,4,Francisco Cerundolo,Gael Monfils,player2,other,0.20714699836593672,5.08,0.18589743589743588,0.02124956246850085,0.0523067516989586,True,1.0,4.08
2022-03-21,Miami Masters,R32,Hard,4,Fabio Fognini,Nick Kyrgios,player1,other,0.20156065158558822,5.5,0.17293233082706766,0.028628320758520565,0.10858358372073529,False,1.0,-1.0
2022-03-21,Miami Masters,R32,Hard,4,Stefanos Tsitsipas,Alex De Minaur,player1,top_10,0.7952724509666714,1.38,0.6891891891891893,0.10608326177748217,0.0974759823340065,True,1.0,0.3799999999999999
2022-03-21,Miami Masters,R32,Hard,4,Hubert Hurkacz,Aslan Karatsev,player1,top_10,0.8314882041394046,1.38,0.6870748299319728,0.14441337420743183,0.14745372171237825,True,1.0,0.3799999999999999
2022-03-21,Miami Masters,R32,Hard,4,Pedro Martinez,Daniil Medvedev,player1,top_10,0.10693583423017661,11.39,0.083668543845535,0.023267290384641606,0.2179991518817116,False,1.0,-1.0
2022-03-21,Miami Masters,R16,Hard,4,Cameron Norrie,Casper Ruud,player2,top_10,0.45533771159145414,2.28,0.41687979539641945,0.03845791619503469,0.038169982428515326,False,1.0,-1.0
2022-03-21,Miami Masters,R16,Hard,4,Jannik Sinner,Nick Kyrgios,player1,other,0.43379581875313394,2.62,0.3640776699029127,0.06971814885022126,0.13654504513321097,True,1.0,1.62
2022-03-21,Miami Masters,R16,Hard,4,Taylor Fritz,Miomir Kecmanovic,player2,other,0.7099252044790725,1.5,0.6341463414634148,0.07577886301565773,0.06488780671860872,False,1.0,-1.0
2022-03-21,Miami Masters,R16,Hard,4,Stefanos Tsitsipas,Carlos Alcaraz,player1,top_10,0.41112025295080823,2.57,0.3700980392156863,0.04102221373512194,0.05657905008357711,False,1.0,-1.0
2022-03-21,Miami Masters,QF,Hard,4,Alexander Zverev,Casper Ruud,player2,top_10,0.7853074602199475,1.33,0.7164179104477612,0.06888954977218631,0.04445892209253016,False,1.0,-1.0
2022-03-21,Miami Masters,QF,Hard,4,Miomir Kecmanovic,Carlos Alcaraz,player1,other,0.2289330485298748,5.06,0.18780096308186198,0.041132085448012834,0.15840122556116643,False,1.0,-1.0
2022-03-21,Miami Masters,SF,Hard,4,Francisco Cerundolo,Casper Ruud,player1,top_10,0.23462195423250654,5.44,0.1745068285280728,0.060115125704433725,0.2763434310248356,False,1.0,-1.0
2022-03-21,Miami Masters,SF,Hard,4,Hubert Hurkacz,Carlos Alcaraz,player2,top_10,0.4699520920727303,2.78,0.3427895981087471,0.12716249396398321,0.30646681596219016,False,1.0,-1.0
2022-04-04,Marrakech,R32,Clay,3,Marco Cecchinato,Roberto Carballes Baena,player1,other,0.35410733007658707,3.07,0.3069977426636569,0.04710958741293014,0.08710950333512235,False,1.0,-1.0
2022-04-04,Marrakech,R32,Clay,3,Malek Jaziri,Jiri Vesely,player1,other,0.17470584812802492,6.26,0.15176151761517614,0.022944330512848776,0.09365860928143599,True,1.0,5.26
2022-04-04,Marrakech,R32,Clay,3,Yannick Hanfmann,Carlos Taberner,player2,other,0.5320884340038791,2.0,0.47368421052631576,0.0584042234775633,0.06417686800775813,False,1.0,-1.0
2022-04-04,Marrakech,R16,Clay,3,David Goffin,Pablo Andujar,player1,other,0.47582082267276943,2.26,0.41902313624678666,0.05679768642598276,0.07535505924045871,True,1.0,1.2599999999999998
2022-04-04,Marrakech,R16,Clay,3,Malek Jaziri,Laslo Djere,player1,other,0.1692076912664214,7.07,0.13357843137254904,0.03562925989387236,0.19629837725359944,False,1.0,-1.0
2022-04-04,Marrakech,R16,Clay,3,Alex Molcan,Felix Auger Aliassime,player2,top_10,0.34767341163587284,3.57,0.2654320987654321,0.08224131287044073,0.241194079540066,True,1.0,2.57
2022-04-04,Marrakech,SF,Clay,3,Federico Coria,David Goffin,player2,other,0.46846297404617127,2.22,0.4263565891472868,0.042106384898884464,0.039987802382500215,False,1.0,-1.0
2022-04-04,Marrakech,SF,Clay,3,Alex Molcan,Laslo Djere,player2,other,0.44613598300819185,2.34,0.40609137055837563,0.04004461244981622,0.043958200239168965,True,1.0,1.3399999999999999
2022-04-04,Houston,R32,Clay,3,Jordan Thompson,Steven Diez,player2,other,0.7193201553971393,1.48,0.6390243902439025,0.08029576515323689,0.0645938299877662,True,1.0,0.48
2022-04-04,Houston,R32,Clay,3,Steve Johnson,Denis Kudla,player1,other,0.6520755235688552,1.62,0.583547557840617,0.06852796572823827,0.05636234818154556,True,1.0,0.6200000000000001
2022-04-04,Houston,R32,Clay,3,Frances Tiafoe,Marcos Giron,player1,other,0.6984008890005692,1.48,0.6363636363636365,0.062037252636932716,0.03363331572084238,True,1.0,0.48
2022-04-04,Houston,R16,Clay,3,Taylor Fritz,Alejandro Tabilo,player1,other,0.6114796731969112,1.7,0.556135770234987,0.05534390296192426,0.039515444434749025,True,1.0,0.7
2022-04-04,Houston,R16,Clay,3,Tommy Paul,Nick Kyrgios,player2,other,0.45266767023538107,2.29,0.41282051282051285,0.03984715741486822,0.03660896483902276,False,1.0,-1.0
2022-04-04,Houston,QF,Clay,3,Cristian Garin,Taylor Fritz,player2,other,0.330227682794168,3.43,0.2763713080168776,0.05385637477729038,0.1326809519839962,True,1.0,2.43
2022-04-04,Houston,QF,Clay,3,Frances Tiafoe,John Isner,player2,other,0.5812427955218801,1.87,0.5065963060686015,0.07464648945327856,0.08692402762591578,False,1.0,-1.0
2022-04-04,Houston,QF,Clay,3,Michael Mmoh,Nick Kyrgios,player2,other,0.16683795903328058,7.09,0.13431013431013433,0.03252782472314625,0.18288112954595925,False,1.0,-1.0
2022-04-04,Houston,SF,Clay,3,Cristian Garin,John Isner,player1,other,0.5455913891768379,2.04,0.4659685863874345,0.07962280278940342,0.11300643392074938,False,1.0,-1.0
2022-04-04,Houston,F,Clay,3,Reilly Opelka,John Isner,player1,other,0.17779716828619843,161.0,0.014144877839691383,0.16365229044650706,27.625344094077946,True,1.0,160.0
2022-04-11,Monte Carlo Masters,R64,Clay,4,Karen Khachanov,Diego Schwartzman,player1,other,0.40732528269020013,2.57,0.36855036855036855,0.038774914139831584,0.04682597651381426,False,1.0,-1.0
2022-04-11,Monte Carlo Masters,R64,Clay,4,Jo-Wilfried Tsonga,Marin Cilic,player1,other,0.24976086077939266,4.37,0.21684587813620068,0.03291498264319198,0.0914549616059459,False,1.0,-1.0
2022-04-11,Monte Carlo Masters,R64,Clay,4,Benjamin Bonzi,Daniel Evans,player2,other,0.5303173760273981,1.98,0.4789473684210527,0.05137000760634547,0.05002840453424828,False,1.0,-1.0
2022-04-11,Monte Carlo Masters,R32,Clay,4,Alexander Bublik,Pablo Carreno Busta,player1,other,0.26942181163176154,4.04,0.23484848484848486,0.03457332678327668,0.08846411899231654,False,1.0,-1.0
2022-04-11,Monte Carlo Masters,R32,Clay,4,Stefanos Tsitsipas,Fabio Fognini,player1,top_10,0.8374413862032876,1.28,0.7419354838709676,0.09550590233231993,0.07192497434020811,True,1.0,0.28
2022-04-11,Monte Carlo Masters,R32,Clay,4,Laslo Djere,Lorenzo Sonego,player1,other,0.4669514840249384,2.24,0.4226804123711341,0.04427107165380434,0.04597132421586225,True,1.0,1.2400000000000002
2022-04-11,Monte Carlo Masters,R32,Clay,4,Sebastian Korda,Carlos Alcaraz,player1,other,0.25527170620968015,4.29,0.22,0.03527170620968015,0.09511561963952775,True,1.0,3.29
2022-04-11,Monte Carlo Masters,R16,Clay,4,Jannik Sinner,Andrey Rublev,player1,top_10,0.5839046299872542,1.87,0.5091863517060368,0.07471827828121747,0.09190165807616546,True,1.0,0.8700000000000001
2022-04-11,Monte Carlo Masters,QF,Clay,4,Alexander Zverev,Jannik Sinner,player1,top_10,0.7259813820527556,1.42,0.6705336426914155,0.055447739361340176,0.030893562514912987,True,1.0,0.41999999999999993
2022-04-11,Monte Carlo Masters,QF,Clay,4,Stefanos Tsitsipas,Diego Schwartzman,player2,top_10,0.793003176949813,1.33,0.7139784946236559,0.07902468232615711,0.05469422534325141,True,1.0,0.33000000000000007
2022-04-11,Monte Carlo Masters,QF,Clay,4,Taylor Fritz,Alejandro Davidovich Fokina,player2,other,0.5311833872134465,1.98,0.48031496062992135,0.05086842658352514,0.05174310668262405,False,1.0,-1.0
2022-04-18,Barcelona,R64,Clay,3,Tommy Robredo,Bernabe Zapata Miralles,player2,other,0.24947681090410334,6.94,0.13681592039800997,0.11266089050609338,0.7313690676744772,False,1.0,-1.0
2022-04-18,Barcelona,R64,Clay,3,Soon Woo Kwon,Benoit Paire,player1,other,0.5147691141624896,2.08,0.4554973821989528,0.0592717319635368,0.07071975745797843,True,1.0,1.08
2022-04-18,Barcelona,R32,Clay,3,Brandon Nakashima,Casper Ruud,player2,top_10,0.2009704021395616,6.93,0.13698630136986303,0.06398410076969857,0.3927248868271619,False,1.0,-1.0
2022-04-18,Barcelona,R32,Clay,3,Frances Tiafoe,Hugo Dellien,player2,other,0.5991223969429581,1.74,0.5468749999999999,0.05224739694295821,0.04247297068074707,True,1.0,0.74
2022-04-18,Barcelona,R32,Clay,3,Mackenzie Mcdonald,Diego Schwartzman,player1,other,0.1852933085774223,5.72,0.1661807580174927,0.01911255055992958,0.05987772506285549,False,1.0,-1.0
2022-04-18,Barcelona,R32,Clay,3,Egor Gerasimov,Cameron Norrie,player1,top_10,0.2011135749895997,6.38,0.14933333333333337,0.051780241656266324,0.28310460843364604,False,1.0,-1.0
2022-04-18,Barcelona,R32,Clay,3,Soon Woo Kwon,Carlos Alcaraz,player1,other,0.17600796368337887,10.72,0.08920985556499574,0.08679810811838314,0.8868053706858217,False,1.0,-1.0
2022-04-18,Barcelona,R16,Clay,3,Lorenzo Sonego,Pablo Carreno Busta,player2,other,0.412332802081197,2.56,0.37100737100737097,0.041325431073826024,0.05557197332786423,False,1.0,-1.0
2022-04-18,Barcelona,R16,Clay,3,Stefanos Tsitsipas,Grigor Dimitrov,player2,top_10,0.8464473520181363,1.22,0.7777777777777778,0.06866957424035847,0.03266576946212621,True,1.0,0.21999999999999997
2022-04-18,Barcelona,QF,Clay,3,Felix Auger Aliassime,Diego Schwartzman,player2,top_10,0.44760312277333386,2.34,0.40458015267175573,0.04302297010157813,0.04739130728960128,False,1.0,-1.0
2022-04-18,Barcelona,QF,Clay,3,Cameron Norrie,Alex De Minaur,player2,top_10,0.6331274676676845,2.5,0.3796526054590571,0.25347486220862736,0.5828186691692111,False,1.0,-1.0
2022-04-18,Barcelona,QF,Clay,3,Stefanos Tsitsipas,Carlos Alcaraz,player1,top_10,0.5638391400125345,2.19,0.43264248704663216,0.13119665296590238,0.2348077166274506,False,1.0,-1.0
2022-04-18,Barcelona,SF,Clay,3,Pablo Carreno Busta,Diego Schwartzman,player2,other,0.49109899973473353,2.12,0.45077720207253885,0.04032179766219468,0.04112987943763513,True,1.0,1.12
2022-04-18,Barcelona,SF,Clay,3,Alex De Minaur,Carlos Alcaraz,player2,other,0.232347260493902,5.63,0.16838995568685375,0.06395730480704825,0.3081150765806683,False,1.0,-1.0
2022-04-18,Belgrade ,R32,Clay,3,Dominic Thiem,John Millman,player1,other,0.7314530748470003,1.49,0.6365853658536585,0.09486770899334174,0.08986508152203043,False,1.0,-1.0
2022-04-18,Belgrade ,QF,Clay,3,Novak Djokovic,Miomir Kecmanovic,player1,top_10,0.8232862430877823,1.55,0.6115288220551378,0.2117574210326445,0.2760936767860626,True,1.0,0.55
2022-04-18,Belgrade ,SF,Clay,3,Fabio Fognini,Andrey Rublev,player1,top_10,0.3449402544377435,3.38,0.28085106382978725,0.06408919060795626,0.16589805999957308,False,1.0,-1.0
2022-04-18,Belgrade ,SF,Clay,3,Novak Djokovic,Karen Khachanov,player2,top_10,0.867937230131799,1.24,0.7642585551330798,0.10367867499871919,0.07624216536343079,True,1.0,0.24
2022-04-18,Belgrade ,F,Clay,3,Novak Djokovic,Andrey Rublev,player2,top_10,0.7674915021276103,1.39,0.682648401826484,0.0848431003011263,0.06681318795737823,False,1.0,-1.0
2022-04-25,Munich,R32,Clay,3,Daniel Altmaier,Philipp Kohlschreiber,player1,other,0.5938627043841945,1.74,0.544502617801047,0.0493600865831475,0.03332110562849849,True,1.0,0.74
2022-04-25,Munich,R32,Clay,3,Cristian Garin,Alejandro Tabilo,player2,other,0.6086984923748595,1.73,0.5483028720626633,0.06039562031219625,0.053048391808506956,False,1.0,-1.0
2022-04-25,Munich,R16,Clay,3,Alex Molcan,Casper Ruud,player2,top_10,0.2716189007547127,4.56,0.20695652173913043,0.06466237901558225,0.23858218744148973,False,1.0,-1.0
2022-04-25,Munich,R16,Clay,3,Hugo Gaston,Alejandro Tabilo,player1,other,0.4632927758708208,2.26,0.41902313624678666,0.04426963962403413,0.04704167346805488,False,1.0,-1.0
2022-04-25,Munich,R16,Clay,3,Reilly Opelka,Oscar Otte,player2,other,0.6651020338631409,1.56,0.606060606060606,0.05904142780253496,0.0375591728264999,False,1.0,-1.0
2022-04-25,Munich,QF,Clay,3,Casper Ruud,Botic Van De Zandschulp,player2,top_10,0.8030622105367766,1.29,0.7334710743801653,0.06959113615661128,0.03595025159244186,False,1.0,-1.0
2022-04-25,Munich,QF,Clay,3,Alejandro Tabilo,Oscar Otte,player1,other,0.4870573850195563,2.12,0.4464751958224543,0.04058218919710199,0.03256165624145946,False,1.0,-1.0
2022-04-25,Munich,F,Clay,3,Botic Van De Zandschulp,Holger Rune,player1,other,0.40516365049175884,2.57,0.36855036855036855,0.0366132819413903,0.04127058176382015,False,1.0,-1.0
2022-04-25,Estoril,R32,Clay,3,Soon Woo Kwon,Benoit Paire,player1,other,0.6699504180332703,1.56,0.606060606060606,0.0638898119726643,0.04512265213190164,True,1.0,0.56
2022-04-25,Estoril,R32,Clay,3,Tommy Paul,Richard Gasquet,player1,other,0.721019864663751,1.46,0.6481927710843374,0.07282709357941364,0.052689002409076424,False,1.0,-1.0
2022-04-25,Estoril,R32,Clay,3,Federico Coria,Bernabe Zapata Miralles,player2,other,0.6570529358787203,1.68,0.5625,0.09455293587872027,0.10384893227625003,False,1.0,-1.0
2022-04-25,Estoril,R16,Clay,3,Alejandro Davidovich Fokina,Bernabe Zapata Miralles,player1,other,0.7552353440776787,1.38,0.6856492027334853,0.06958614134419339,0.0422247748271965,True,1.0,0.3799999999999999
2022-04-25,Estoril,R16,Clay,3,Felix Auger Aliassime,Carlos Taberner,player2,top_10,0.7866598567849792,1.34,0.7074235807860262,0.079236275998953,0.054124208091872184,True,1.0,0.3400000000000001
2022-04-25,Estoril,QF,Clay,3,Felix Auger Aliassime,Sebastian Korda,player2,top_10,0.6309180117890496,1.79,0.5289473684210526,0.101970643367997,0.1293432411023988,False,1.0,-1.0
2022-05-02,Madrid Masters,R64,Clay,4,Lucas Pouille,Karen Khachanov,player1,other,0.20695972710600039,5.03,0.18870967741935482,0.018250049686645564,0.04100742734318197,True,1.0,4.03
2022-05-02,Madrid Masters,R64,Clay,4,Borna Coric,Dusan Lajovic,player2,other,0.5482874858029322,2.01,0.47244094488188976,0.07584654092104243,0.1020578464638936,False,1.0,-1.0
2022-05-02,Madrid Masters,R64,Clay,4,Denis Shapovalov,Ugo Humbert,player1,other,0.6348895124035957,1.66,0.5721649484536083,0.06272456394998738,0.05391659058996884,True,1.0,0.6599999999999999
2022-05-02,Madrid Masters,R32,Clay,4,Nikoloz Basilashvili,Carlos Alcaraz,player2,top_10,0.14389080458982756,7.36,0.1289940828402367,0.014896721749590863,0.05903632178113083,False,1.0,-1.0
2022-05-02,Madrid Masters,R32,Clay,4,Cameron Norrie,John Isner,player2,other,0.6179849577442263,1.7,0.5595854922279793,0.058399465516247084,0.05057442816518476,True,1.0,0.7
2022-05-02,Madrid Masters,R32,Clay,4,Rafael Nadal,Miomir Kecmanovic,player2,top_10,0.8610763744375186,1.31,0.7230443974630022,0.1380319769745164,0.1280100505131494,True,1.0,0.31000000000000005
2022-05-02,Madrid Masters,R32,Clay,4,Andy Murray,Denis Shapovalov,player1,other,0.4095831634577249,2.68,0.3542168674698795,0.05536629598784537,0.09768287806670284,True,1.0,1.6800000000000002
2022-05-02,Madrid Masters,R32,Clay,4,Novak Djokovic,Gael Monfils,player1,top_10,0.8726003844536555,1.2,0.7934595524956971,0.0791408319579584,0.04712046134438658,True,1.0,0.19999999999999996
2022-05-02,Madrid Masters,R16,Clay,4,Jannik Sinner,Felix Auger Aliassime,player2,top_10,0.6783817320603913,1.58,0.602015113350126,0.07636661871026529,0.0718431366554183,False,1.0,-1.0
2022-05-02,Madrid Masters,R16,Clay,4,Stefanos Tsitsipas,Grigor Dimitrov,player1,top_10,0.8368993384151014,1.31,0.7236286919831223,0.11327064643197915,0.09633813332378294,True,1.0,0.31000000000000005
2022-05-02,Madrid Masters,R16,Clay,4,Cameron Norrie,Carlos Alcaraz,player2,top_10,0.18957701053135745,5.5,0.17293233082706766,0.01664467970428979,0.042673557922465966,False,1.0,-1.0
2022-05-02,Madrid Masters,QF,Clay,4,Alexander Zverev,Felix Auger Aliassime,player1,top_10,0.7897269318874853,1.48,0.6416464891041161,0.14808044278336918,0.16879585919347828,True,1.0,0.48
2022-05-02,Madrid Masters,QF,Clay,4,Andrey Rublev,Stefanos Tsitsipas,player2,top_10,0.3681150638480167,3.12,0.30512249443207123,0.06299256941594544,0.14851899920581202,False,1.0,-1.0
2022-05-02,Madrid Masters,QF,Clay,4,Rafael Nadal,Carlos Alcaraz,player2,top_10,0.7666991879174319,1.96,0.4855643044619423,0.28113488345548954,0.5027304083181664,False,1.0,-1.0
2022-05-02,Madrid Masters,SF,Clay,4,Stefanos Tsitsipas,Alexander Zverev,player2,top_10,0.6862789614372193,1.6,0.5939086294416244,0.09237033199559497,0.098046338299551,False,1.0,-1.0
2022-05-02,Madrid Masters,SF,Clay,4,Novak Djokovic,Carlos Alcaraz,player2,top_10,0.6286169984541243,1.76,0.5428571428571429,0.0857598555969814,0.10636591727925881,False,1.0,-1.0
2022-05-09,Rome Masters,R64,Clay,4,Dominic Thiem,Fabio Fognini,player1,other,0.5301642776202287,2.4,0.3954659949622167,0.13469828265801198,0.2723942662885488,False,1.0,-1.0
2022-05-09,Rome Masters,R64,Clay,4,David Goffin,Hubert Hurkacz,player1,other,0.47435941447530033,2.18,0.4352331606217616,0.03912625385353874,0.03410352355615476,True,1.0,1.1800000000000002
2022-05-09,Rome Masters,R64,Clay,4,Denis Shapovalov,Lorenzo Sonego,player1,other,0.5674022089831655,1.92,0.49473684210526314,0.07266536687790237,0.08941224124767777,True,1.0,0.9199999999999999
2022-05-09,Rome Masters,R64,Clay,4,Francisco Cerundolo,John Isner,player2,other,0.5500098953881508,1.92,0.49473684210526314,0.055273053282887674,0.05601899914524955,False,1.0,-1.0
2022-05-09,Rome Masters,R64,Clay,4,Miomir Kecmanovic,Diego Schwartzman,player2,other,0.5033137170689105,2.27,0.41794871794871796,0.08536499912019252,0.14252213774642686,False,1.0,-1.0
2022-05-09,Rome Masters,R64,Clay,4,Stan Wawrinka,Reilly Opelka,player1,other,0.30970291303014846,3.34,0.2832618025751073,0.02644111045504116,0.03440772952069593,True,1.0,2.34
2022-05-09,Rome Masters,R32,Clay,4,Cameron Norrie,Marin Cilic,player2,other,0.6582434509451169,1.58,0.6,0.05824345094511696,0.040024652493284796,False,1.0,-1.0
2022-05-09,Rome Masters,R32,Clay,4,Cristian Garin,Emil Ruusuvuori,player2,other,0.494589677729462,2.09,0.4543080939947781,0.04028158373468388,0.0336924264545756,True,1.0,1.0899999999999999
2022-05-09,Rome Masters,R32,Clay,4,Karen Khachanov,Pablo Carreno Busta,player1,other,0.38445128851881005,2.72,0.3492822966507177,0.03516899186809236,0.045707504771163365,True,1.0,1.7200000000000002
2022-05-09,Rome Masters,R32,Clay,4,Jenson Brooksby,David Goffin,player2,other,0.39323090787036213,3.12,0.3035714285714286,0.08965947929893353,0.22688043255552992,True,1.0,2.12
2022-05-09,Rome Masters,R32,Clay,4,Stan Wawrinka,Laslo Djere,player1,other,0.3285953945241626,3.19,0.29735682819383263,0.031238566330329953,0.048219308532078675,True,1.0,2.19
2022-05-09,Rome Masters,R16,Clay,4,Alexander Zverev,Alex De Minaur,player1,top_10,0.845438727636057,1.22,0.7749077490774907,0.07053097855856627,0.03143524771598949,True,1.0,0.21999999999999997
2022-05-09,Rome Masters,R16,Clay,4,Cristian Garin,Marin Cilic,player2,other,0.43408344398542936,2.48,0.3815461346633417,0.052537309322087666,0.07652694108386471,True,1.0,1.48
2022-05-09,Rome Masters,R16,Clay,4,Stan Wawrinka,Novak Djokovic,player2,top_10,0.13609478110169432,10.05,0.09459459459459459,0.04150018650709973,0.367752550072028,False,1.0,-1.0
2022-05-09,Rome Masters,QF,Clay,4,Casper Ruud,Denis Shapovalov,player2,top_10,0.7829029172304018,1.41,0.6728538283062646,0.11004908892413723,0.10389311329486656,True,1.0,0.4099999999999999
2022-05-09,Rome Masters,SF,Clay,4,Casper Ruud,Novak Djokovic,player1,top_10,0.24444379144372275,4.32,0.22021660649819494,0.024227184945527808,0.05599717903688228,False,1.0,-1.0
2022-05-09,Rome Masters,F,Clay,4,Stefanos Tsitsipas,Novak Djokovic,player2,top_10,0.4665688114485582,2.75,0.3467933491686461,0.11977546227991209,0.2830642314835351,False,1.0,-1.0
2022-05-16,Geneva,R32,Clay,3,Nikoloz Basilashvili,Facundo Bagnis,player1,other,0.6811557281081155,1.64,0.577319587628866,0.1038361404792495,0.1170953940973094,True,1.0,0.6399999999999999
2022-05-16,Geneva,R16,Clay,3,Nikoloz Basilashvili,Joao Sousa,player1,other,0.7024379181514812,1.49,0.6365853658536585,0.06585255229782261,0.046632498045706905,False,1.0,-1.0
2022-05-16,Geneva,R16,Clay,3,Denis Shapovalov,Ilya Ivashka,player1,other,0.7057374468879379,1.47,0.6432038834951456,0.06253356339279237,0.03743404692526875,False,1.0,-1.0
2022-05-16,Geneva,QF,Clay,3,Kamil Majchrzak,Richard Gasquet,player2,other,0.5397751775069476,2.13,0.44531250000000006,0.09446267750694753,0.14972112808979832,False,1.0,-1.0
2022-05-16,Geneva,SF,Clay,3,Casper Ruud,Reilly Opelka,player2,top_10,0.8189065311214656,1.27,0.7495069033530573,0.06939962776840836,0.04001129452426133,True,1.0,0.27
2022-05-16,Geneva,SF,Clay,3,Joao Sousa,Richard Gasquet,player2,other,0.389724875791573,2.83,0.3356807511737089,0.05404412461786412,0.10292139849015158,True,1.0,1.83
2022-05-16,Lyon,R16,Clay,3,Adrian Mannarino,Holger Rune,player2,other,0.21437600447646385,7.15,0.13228155339805825,0.0820944510784056,0.5327884320067166,False,1.0,-1.0
2022-05-23,Roland Garros,R128,Clay,5,Yoshihito Nishioka,Novak Djokovic,player2,top_10,0.09754027979409241,21.46,0.04494882064975523,0.05259145914433718,1.0932144043812233,False,1.0,-1.0
2022-05-23,Roland Garros,R128,Clay,5,Reilly Opelka,Filip Krajinovic,player1,other,0.6311074760602176,1.68,0.5681233933161953,0.06298408274402223,0.06026055978116546,False,1.0,-1.0
2022-05-23,Roland Garros,R128,Clay,5,Jordan Thompson,Rafael Nadal,player1,top_10,0.08818531171846482,19.07,0.05029880478087649,0.03788650693758833,0.6816938944711242,False,1.0,-1.0
2022-05-23,Roland Garros,R128,Clay,5,John Millman,Sebastian Korda,player1,other,0.1852624688276172,6.54,0.14621409921671016,0.03904836961090705,0.2116165461326165,False,1.0,-1.0
2022-05-23,Roland Garros,R128,Clay,5,Jo-Wilfried Tsonga,Casper Ruud,player2,top_10,0.1204381461419068,14.79,0.06451612903225806,0.05592201710964874,0.7812801814388015,False,1.0,-1.0
2022-05-23,Roland Garros,R128,Clay,5,Ugo Humbert,Emil Ruusuvuori,player2,other,0.4864957004068704,2.18,0.4366925064599483,0.04980319394692212,0.06056062688697761,False,1.0,-1.0
2022-05-23,Roland Garros,R128,Clay,5,Peter Gojowczyk,Lorenzo Sonego,player2,other,0.18181527284858923,9.0,0.10625620655412116,0.07555906629446807,0.636337455637303,False,1.0,-1.0
2022-05-23,Roland Garros,R128,Clay,5,Pedro Martinez,Henri Laaksonen,player1,other,0.6218292206248438,1.69,0.5610389610389611,0.06079025958588269,0.05089138285598599,False,1.0,-1.0
2022-05-23,Roland Garros,R128,Clay,5,Francisco Cerundolo,Daniel Evans,player2,other,0.5737608197419084,1.81,0.5274151436031332,0.04634567613877516,0.03850708373285422,False,1.0,-1.0
2022-05-23,Roland Garros,R128,Clay,5,Lorenzo Musetti,Stefanos Tsitsipas,player2,top_10,0.1409458952185929,7.56,0.12601156069364167,0.014934334524951243,0.06555096785256231,False,1.0,-1.0
2022-05-23,Roland Garros,R128,Clay,5,Soon Woo Kwon,Andrey Rublev,player1,top_10,0.12878629305968528,9.19,0.10341463414634147,0.02537165891334381,0.1835460332185077,False,1.0,-1.0
2022-05-23,Roland Garros,R128,Clay,5,Ilya Ivashka,Benoit Paire,player1,other,0.7111409425689446,1.5,0.6368038740920097,0.07433706847693489,0.06671141385341683,True,1.0,0.5
2022-05-23,Roland Garros,R128,Clay,5,Maxime Cressy,Nikoloz Basilashvili,player1,other,0.3138293585394437,3.43,0.27789473684210525,0.035934621697338465,0.07643469979029194,False,1.0,-1.0
2022-05-23,Roland Garros,R128,Clay,5,Bjorn Fratangelo,Jannik Sinner,player1,other,0.14752458752813022,10.75,0.08898305084745764,0.05854153668067258,0.5858893159273998,False,1.0,-1.0
2022-05-23,Roland Garros,R128,Clay,5,Gilles Simon,Pablo Carreno Busta,player2,other,0.1597912026326914,12.92,0.07383512544802867,0.08595607718466272,1.064502338014373,True,1.0,11.92
2022-05-23,Roland Garros,R128,Clay,5,Attila Balazs,Marin Cilic,player1,other,0.17634552126603406,11.45,0.08326661329063252,0.09307890797540154,1.0191562184960898,False,1.0,-1.0
2022-05-23,Roland Garros,R128,Clay,5,Ricardas Berankis,Laslo Djere,player1,other,0.16523875824429404,7.08,0.13447432762836187,0.030764430615932176,0.1698904083696018,False,1.0,-1.0
2022-05-23,Roland Garros,R64,Clay,5,Alex Molcan,Novak Djokovic,player2,top_10,0.11132110021972046,13.91,0.06894243641231593,0.04237866380740453,0.5484765040563114,False,1.0,-1.0
2022-05-23,Roland Garros,R64,Clay,5,Corentin Moutet,Rafael Nadal,player1,top_10,0.08913302991507847,13.88,0.06908115358819585,0.02005187632688263,0.2371664552212892,False,1.0,-1.0
2022-05-23,Roland Garros,R64,Clay,5,Taylor Fritz,Bernabe Zapata Miralles,player2,other,0.7315189628785266,1.46,0.6532066508313539,0.0783123120471727,0.06801768580264878,False,1.0,-1.0
2022-05-23,Roland Garros,R64,Clay,5,Jason Kubler,Cameron Norrie,player2,other,0.16473040625173285,8.51,0.1116910229645094,0.05303938328722345,0.40185575720224664,False,1.0,-1.0
2022-05-23,Roland Garros,R64,Clay,5,Marco Cecchinato,Hubert Hurkacz,player2,other,0.18126874244484972,6.05,0.1573816155988858,0.02388712684596392,0.09667589179134073,False,1.0,-1.0
2022-05-23,Roland Garros,R64,Clay,5,Henri Laaksonen,Holger Rune,player1,other,0.1940135467508113,6.35,0.1499330655957162,0.04408048115509511,0.23198602186765171,False,1.0,-1.0
2022-05-23,Roland Garros,R64,Clay,5,Mikael Ymer,Daniel Evans,player1,other,0.40728259660065164,2.61,0.36496350364963503,0.0423190929510166,0.06300757712770078,True,1.0,1.6099999999999999
2022-05-23,Roland Garros,R64,Clay,5,Roberto Carballes Baena,Jannik Sinner,player1,other,0.15118292860473034,9.33,0.10202117420596729,0.04916175439876305,0.41053672388213425,False,1.0,-1.0
2022-05-23,Roland Garros,R64,Clay,5,Steve Johnson,Gilles Simon,player1,other,0.7054462621500618,1.48,0.6433734939759036,0.06207276817415819,0.044060467982091456,False,1.0,-1.0
2022-05-23,Roland Garros,R64,Clay,5,Laslo Djere,Daniil Medvedev,player1,top_10,0.34143136144136577,3.07,0.31011235955056177,0.031319001890804,0.0481942796249929,False,1.0,-1.0
2022-05-23,Roland Garros,R32,Clay,5,Aljaz Bedene,Novak Djokovic,player1,top_10,0.08965078981378682,20.76,0.04639412034910427,0.043256669464682554,0.8611503965342147,False,1.0,-1.0
2022-05-23,Roland Garros,R32,Clay,5,Filip Krajinovic,Felix Auger Aliassime,player1,top_10,0.30425784437622616,3.7,0.2570281124497992,0.04722973192642699,0.12575402419203685,False,1.0,-1.0
2022-05-23,Roland Garros,R32,Clay,5,Sebastian Korda,Carlos Alcaraz,player1,top_10,0.21061390991092807,5.11,0.18630573248407642,0.02430817742685165,0.0762370796448425,False,1.0,-1.0
2022-05-23,Roland Garros,R32,Clay,5,Mikael Ymer,Stefanos Tsitsipas,player1,top_10,0.09935275921330274,11.77,0.08118657298985169,0.01816618622345105,0.16938197594057325,False,1.0,-1.0
2022-05-23,Roland Garros,R32,Clay,5,Mackenzie Mcdonald,Jannik Sinner,player1,other,0.15848520681733577,8.57,0.11099585062240663,0.04748935619492914,0.3582182224245677,False,1.0,-1.0
2022-05-23,Roland Garros,R32,Clay,5,Gilles Simon,Marin Cilic,player1,other,0.22245036030805385,4.7,0.2033898305084746,0.019060529799579257,0.04551669344785314,False,1.0,-1.0
2022-05-23,Roland Garros,R32,Clay,5,Daniil Medvedev,Miomir Kecmanovic,player1,top_10,0.6948018646336439,1.65,0.578005115089514,0.11679674954412989,0.1464230766455124,True,1.0,0.6499999999999999
2022-05-23,Roland Garros,R16,Clay,5,Diego Schwartzman,Novak Djokovic,player1,top_10,0.11812138418113831,8.8,0.10840932117527861,0.009712063005859695,0.03946818079401715,False,1.0,-1.0
2022-05-23,Roland Garros,R16,Clay,5,Bernabe Zapata Miralles,Alexander Zverev,player2,top_10,0.12298529052310574,10.24,0.09300265721877768,0.029982633304328057,0.2593693749566026,False,1.0,-1.0
2022-05-23,Roland Garros,R16,Clay,5,Karen Khachanov,Carlos Alcaraz,player1,top_10,0.15723440365910302,7.64,0.12485681557846508,0.03237758808063794,0.20127084395554695,False,1.0,-1.0
2022-05-23,Roland Garros,R16,Clay,5,Casper Ruud,Hubert Hurkacz,player1,top_10,0.7757894710542695,1.57,0.6074999999999999,0.1682894710542696,0.2179894695552032,True,1.0,0.5700000000000001
2022-05-23,Roland Garros,R16,Clay,5,Jannik Sinner,Andrey Rublev,player1,top_10,0.5408639238511036,2.01,0.47519582245430814,0.06566810139679546,0.08713648694071807,False,1.0,-1.0
2022-05-23,Roland Garros,QF,Clay,5,Rafael Nadal,Novak Djokovic,player1,top_10,0.48548084904290095,2.85,0.3356643356643357,0.14981651337856527,0.3836204197722678,True,1.0,1.85
2022-05-23,Roland Garros,QF,Clay,5,Alexander Zverev,Carlos Alcaraz,player1,top_10,0.33527840657024255,3.97,0.23946360153256702,0.09581480503767553,0.33105527408386304,True,1.0,2.97
2022-05-23,Roland Garros,QF,Clay,5,Casper Ruud,Holger Rune,player1,top_10,0.7837771237298413,1.44,0.6619718309859154,0.12180529274392593,0.12863905817097143,True,1.0,0.43999999999999995
2022-05-23,Roland Garros,QF,Clay,5,Andrey Rublev,Marin Cilic,player1,top_10,0.7381832162780874,1.72,0.5555555555555556,0.18262766072253178,0.2696751319983103,False,1.0,-1.0
2022-05-23,Roland Garros,SF,Clay,5,Rafael Nadal,Alexander Zverev,player2,top_10,0.8135939294973761,1.35,0.7096774193548387,0.10391651014253733,0.09835180482145778,True,1.0,0.3500000000000001
2022-05-23,Roland Garros,SF,Clay,5,Casper Ruud,Marin Cilic,player2,top_10,0.8071303777625595,1.44,0.6627634660421545,0.14436691172040494,0.16226774397808558,True,1.0,0.43999999999999995
2022-06-06,Stuttgart,R32,Grass,3,Lorenzo Musetti,Nikoloz Basilashvili,player2,other,0.4693390248381128,2.36,0.3994910941475827,0.06984793069053008,0.10764009861794621,False,1.0,-1.0
2022-06-06,Stuttgart,R16,Grass,3,Matteo Berrettini,Radu Albot,player1,top_10,0.8302155307579103,1.27,0.742914979757085,0.08730055100082534,0.05437372406254612,True,1.0,0.27
2022-06-06,Stuttgart,F,Grass,3,Matteo Berrettini,Andy Murray,player1,top_10,0.6179336137848798,1.87,0.5065963060686015,0.11133730771627826,0.15553585777772527,True,1.0,0.8700000000000001
2022-06-06,s Hertogenbosch,R32,Grass,3,Alejandro Tabilo,Karen Khachanov,player2,other,0.20018465832140978,6.11,0.15491009681881052,0.04527456150259926,0.22312826234381378,False,1.0,-1.0
2022-06-06,s Hertogenbosch,R32,Grass,3,Brandon Nakashima,Tommy Paul,player1,other,0.6873238652571546,1.52,0.6218905472636816,0.06543331799347296,0.044732275190875026,True,1.0,0.52
2022-06-06,s Hertogenbosch,R32,Grass,3,Sam Querrey,Robin Haase,player2,other,0.6947062564097347,1.49,0.6435406698564593,0.05116558655327541,0.03511232205050474,True,1.0,0.49
2022-06-06,s Hertogenbosch,R16,Grass,3,Gilles Simon,Daniil Medvedev,player1,top_10,0.1250375306443037,8.6,0.10973084886128365,0.015306681783020054,0.07532276354101175,False,1.0,-1.0
2022-06-06,s Hertogenbosch,QF,Grass,3,Brandon Nakashima,Adrian Mannarino,player2,other,0.6016371525686063,1.81,0.5236842105263159,0.07795294204229042,0.08896324614917739,False,1.0,-1.0
2022-06-13,Queen's Club,R32,Grass,3,Matteo Berrettini,Daniel Evans,player2,top_10,0.826844227511074,1.47,0.6423357664233577,0.18450846108771635,0.21546101444127874,True,1.0,0.47
2022-06-13,Queen's Club,R32,Grass,3,Emil Ruusuvuori,Quentin Halys,player1,other,0.6643487817866295,1.65,0.5736434108527132,0.09070537093391629,0.09617548994793856,True,1.0,0.6499999999999999
2022-06-13,Queen's Club,R32,Grass,3,Pedro Martinez,Francisco Cerundolo,player2,other,0.6398959982697227,1.63,0.5798969072164949,0.05999909105322776,0.043030477179647864,False,1.0,-1.0
2022-06-13,Queen's Club,R16,Grass,3,Tommy Paul,Stan Wawrinka,player2,other,0.6345068404082247,1.68,0.5625,0.07200684040822469,0.06597149188581747,True,1.0,0.6799999999999999
2022-06-13,Queen's Club,R16,Grass,3,Alexander Bublik,Marin Cilic,player2,other,0.4163561642952893,2.66,0.3559322033898305,0.06042396090545882,0.10750739702546963,False,1.0,-1.0
2022-06-13,Queen's Club,R16,Grass,3,Filip Krajinovic,Sam Querrey,player2,other,0.39831283594570105,2.65,0.3567961165048544,0.04151671944084667,0.05552901525610776,True,1.0,1.65
2022-06-13,Queen's Club,QF,Grass,3,Matteo Berrettini,Tommy Paul,player1,top_10,0.7939174951127418,1.36,0.69438202247191,0.09953547264083173,0.07972779335332891,True,1.0,0.3600000000000001
2022-06-13,Queen's Club,SF,Grass,3,Matteo Berrettini,Botic Van De Zandschulp,player1,top_10,0.8085415588811635,1.3,0.7302904564315352,0.0782511024496283,0.051104026545512604,True,1.0,0.30000000000000004
2022-06-13,Halle,R32,Grass,3,Mackenzie Mcdonald,Marc Andrea Huesler,player2,other,0.6736836560334218,1.55,0.6095717884130982,0.06411186762032361,0.044209666851803886,True,1.0,0.55
2022-06-13,Halle,R32,Grass,3,Miomir Kecmanovic,Oscar Otte,player2,other,0.6083767212396829,1.81,0.5236842105263159,0.08469251071336703,0.10116186544382605,False,1.0,-1.0
2022-06-13,Halle,R32,Grass,3,Roberto Bautista Agut,Marton Fucsovics,player1,other,0.4963993174547842,2.13,0.44531250000000006,0.05108681745478416,0.05733054617869038,True,1.0,1.13
2022-06-13,Halle,R32,Grass,3,Tallon Griekspoor,Alex Molcan,player2,other,0.6971998967099403,1.48,0.6390243902439025,0.05817550646603786,0.031855847130711656,True,1.0,0.48
2022-06-13,Halle,R16,Grass,3,Stefanos Tsitsipas,Nick Kyrgios,player1,top_10,0.49890957257675633,2.29,0.41282051282051285,0.08608905975624348,0.14250292120077201,False,1.0,-1.0
2022-06-13,Halle,R16,Grass,3,Laslo Djere,Karen Khachanov,player1,other,0.1924370459479844,5.58,0.16964285714285715,0.022794188805127236,0.07379871638975288,False,1.0,-1.0
2022-06-13,Halle,R16,Grass,3,Oscar Otte,Nikoloz Basilashvili,player2,other,0.5610754118154763,1.88,0.503957783641161,0.057117628174315316,0.05482177421309531,True,1.0,0.8799999999999999
2022-06-13,Halle,R16,Grass,3,Roberto Bautista Agut,Tallon Griekspoor,player2,other,0.6669712325033585,1.61,0.5871794871794872,0.07979174532387134,0.07382368433040731,True,1.0,0.6100000000000001
2022-06-13,Halle,R16,Grass,3,Ilya Ivashka,Daniil Medvedev,player2,top_10,0.2826513435475347,4.64,0.20411663807890223,0.07853470546863245,0.3115022340605609,False,1.0,-1.0
2022-06-13,Halle,QF,Grass,3,Felix Auger Aliassime,Hubert Hurkacz,player2,top_10,0.7097116924557124,1.52,0.6228287841191067,0.08688290833660572,0.0787617725326829,False,1.0,-1.0
2022-06-13,Halle,QF,Grass,3,Karen Khachanov,Oscar Otte,player2,other,0.62623283683198,1.65,0.5747422680412371,0.051490568790742985,0.033284180772767014,False,1.0,-1.0
2022-06-13,Halle,SF,Grass,3,Hubert Hurkacz,Nick Kyrgios,player2,other,0.4611455910199078,2.4,0.3954659949622167,0.06567959605769114,0.10674941844777874,True,1.0,1.4
2022-06-13,Halle,F,Grass,3,Hubert Hurkacz,Daniil Medvedev,player2,top_10,0.3866843413898908,2.78,0.3412322274881517,0.04545211390173909,0.07498246906389638,True,1.0,1.7799999999999998
2022-06-20,Eastbourne,R32,Grass,3,Alexander Bublik,Frances Tiafoe,player2,other,0.5825497098644731,1.84,0.5132275132275131,0.06932219663695993,0.07189146615063052,True,1.0,0.8400000000000001
2022-06-20,Eastbourne,R32,Grass,3,Reilly Opelka,Maxime Cressy,player1,other,0.592812435484904,1.76,0.5380577427821522,0.054754692702751795,0.043349886453431075,False,1.0,-1.0
2022-06-20,Eastbourne,R32,Grass,3,Jay Clarke,Brandon Nakashima,player2,other,0.176424028780075,6.66,0.14175257731958762,0.03467145146048736,0.17498403167529952,False,1.0,-1.0
2022-06-20,Eastbourne,R16,Grass,3,Alexander Bublik,John Millman,player2,other,0.6971513590346866,1.48,0.6390243902439025,0.05812696879078416,0.031784011371336185,True,1.0,0.48
2022-06-20,Mallorca,F,Grass,3,Stefanos Tsitsipas,Roberto Bautista Agut,player2,top_10,0.6519599381116283,1.68,0.5647668393782384,0.08719309873338998,0.09529269602753554,True,1.0,0.6799999999999999
2022-06-20,Mallorca,R32,Grass,3,Daniel Altmaier,Dusan Lajovic,player1,other,0.6725333569796641,1.56,0.6070528967254408,0.06548046025422327,0.04915203688827602,True,1.0,0.56
2022-06-20,Mallorca,R32,Grass,3,Laslo Djere,Nick Kyrgios,player2,other,0.18761607614321563,6.48,0.14624505928853757,0.04137101685467806,0.21575217340803732,False,1.0,-1.0
2022-06-20,Mallorca,QF,Grass,3,Marcos Giron,Stefanos Tsitsipas,player2,top_10,0.2303192964727708,4.51,0.21015761821366025,0.020161678259110555,0.03874002709219626,False,1.0,-1.0
2022-06-27,Wimbledon,R128,Grass,5,Soon Woo Kwon,Novak Djokovic,player1,top_10,0.09481100972617403,22.46,0.043033659991478485,0.05177734973469554,1.1294552784498686,False,1.0,-1.0
2022-06-27,Wimbledon,R128,Grass,5,Miomir Kecmanovic,John Millman,player1,other,0.7463730524868725,1.4,0.676674364896074,0.06969868759079845,0.044922273481621366,True,1.0,0.3999999999999999
2022-06-27,Wimbledon,R128,Grass,5,Carlos Taberner,Reilly Opelka,player2,other,0.22224499569884923,5.84,0.163323782234957,0.05892121346389223,0.2979107748812795,False,1.0,-1.0
2022-06-27,Wimbledon,R128,Grass,5,James Duckworth,Andy Murray,player2,other,0.19337633291878195,5.37,0.1776416539050536,0.015734679013728353,0.03843090777385916,False,1.0,-1.0
2022-06-27,Wimbledon,R128,Grass,5,Peter Gojowczyk,Oscar Otte,player1,other,0.18890670288649225,5.87,0.16142857142857142,0.02747813145792083,0.10888234594370949,False,1.0,-1.0
2022-06-27,Wimbledon,R128,Grass,5,Jan Lennard Struff,Carlos Alcaraz,player1,top_10,0.2620092630741832,3.99,0.23854961832061067,0.02345964475357254,0.04541695966599113,False,1.0,-1.0
2022-06-27,Wimbledon,R128,Grass,5,David Goffin,Radu Albot,player1,other,0.6968970108886979,1.53,0.6222222222222222,0.0746747886664757,0.06625242665970787,True,1.0,0.53
2022-06-27,Wimbledon,R128,Grass,5,Pablo Andujar,Cameron Norrie,player1,other,0.16782746394223236,15.57,0.06148282097649185,0.1063446429657405,1.6130736135805577,False,1.0,-1.0
2022-06-27,Wimbledon,R128,Grass,5,Federico Coria,Jiri Vesely,player1,other,0.20720947522802968,8.88,0.10753768844221104,0.09967178678581864,0.8400201400249038,False,1.0,-1.0
2022-06-27,Wimbledon,R128,Grass,5,Hugo Dellien,Alex De Minaur,player1,other,0.15398324644312847,12.82,0.07436823104693141,0.07961501539619706,0.9740652194009071,False,1.0,-1.0
2022-06-27,Wimbledon,R128,Grass,5,Nicola Kuhn,Brandon Nakashima,player1,other,0.17264866008457358,9.51,0.1002838221381268,0.07236483794644678,0.6418887574042946,False,1.0,-1.0
2022-06-27,Wimbledon,R128,Grass,5,Attila Balazs,Roberto Bautista Agut,player2,other,0.15422616615309556,14.85,0.06427221172022685,0.08995395443286872,1.2902585673734692,False,1.0,-1.0
2022-06-27,Wimbledon,R128,Grass,5,Roberto Carballes Baena,Jordan Thompson,player2,other,0.19349971658951462,8.68,0.10974358974358975,0.08375612684592487,0.6795775399969869,False,1.0,-1.0
2022-06-27,Wimbledon,R128,Grass,5,Felix Auger Aliassime,Maxime Cressy,player2,top_10,0.7896502812591982,1.31,0.7287784679089027,0.06087181335029557,0.03444186844954972,False,1.0,-1.0
2022-06-27,Wimbledon,R128,Grass,5,Facundo Bagnis,Dennis Novak,player2,other,0.2034484687756144,5.12,0.1860095389507154,0.017438929824899002,0.0416561601311457,False,1.0,-1.0
2022-06-27,Wimbledon,R128,Grass,5,Holger Rune,Marcos Giron,player2,other,0.48692144449892333,2.16,0.441860465116279,0.045060979382644306,0.05175032011767455,False,1.0,-1.0
2022-06-27,Wimbledon,R128,Grass,5,Lorenzo Musetti,Taylor Fritz,player2,other,0.20469443096207285,5.89,0.16216216216216217,0.04253226879991068,0.20565019836660903,False,1.0,-1.0
2022-06-27,Wimbledon,R128,Grass,5,Yoshihito Nishioka,Emil Ruusuvuori,player2,other,0.18690150455553697,5.75,0.16545718432510886,0.02144432023042811,0.07468365119433762,False,1.0,-1.0
2022-06-27,Wimbledon,R128,Grass,5,Francisco Cerundolo,Rafael Nadal,player2,top_10,0.11380123058284079,14.7,0.06547997457088366,0.04832125601195714,0.6728780895677596,False,1.0,-1.0
2022-06-27,Wimbledon,R64,Grass,5,Thanasi Kokkinakis,Novak Djokovic,player2,top_10,0.113311650055451,15.05,0.06347230864965774,0.04983934140579327,0.7053403333345376,False,1.0,-1.0
2022-06-27,Wimbledon,R64,Grass,5,Nikoloz Basilashvili,Quentin Halys,player1,other,0.6233965962310863,1.69,0.5633074935400517,0.060089102691034624,0.05354024763053589,True,1.0,0.69
2022-06-27,Wimbledon,R64,Grass,5,Mikael Ymer,Jannik Sinner,player2,other,0.2546063870523753,4.63,0.20583190394511147,0.048774483107263844,0.17882757205249777,False,1.0,-1.0
2022-06-27,Wimbledon,R64,Grass,5,Tallon Griekspoor,Carlos Alcaraz,player2,top_10,0.38916986158407,3.64,0.26166328600405675,0.12750657558001327,0.41657829616601494,False,1.0,-1.0
2022-06-27,Wimbledon,R64,Grass,5,Casper Ruud,Ugo Humbert,player2,top_10,0.6481201987367764,1.59,0.5964467005076142,0.05167349822916223,0.030511115991474547,False,1.0,-1.0
2022-06-27,Wimbledon,R64,Grass,5,Daniel Elahi Galan,Roberto Bautista Agut,player1,other,0.14376485567831906,8.51,0.1116910229645094,0.03207383271380966,0.22343892182249525,True,1.0,7.51
2022-06-27,Wimbledon,R64,Grass,5,Hugo Gaston,Lorenzo Sonego,player2,other,0.26440561223371833,4.17,0.22777777777777777,0.03662783445594056,0.10257140301460554,False,1.0,-1.0
2022-06-27,Wimbledon,R64,Grass,5,Ricardas Berankis,Rafael Nadal,player2,top_10,0.11875187634077311,11.61,0.08221343873517788,0.036538437605595234,0.37870928431637574,False,1.0,-1.0
2022-06-27,Wimbledon,R32,Grass,5,Miomir Kecmanovic,Novak Djokovic,player2,top_10,0.11075381326276913,15.88,0.06035502958579882,0.050398783676970316,0.758770554612774,False,1.0,-1.0
2022-06-27,Wimbledon,R32,Grass,5,Oscar Otte,Carlos Alcaraz,player2,top_10,0.4079651922110636,3.5,0.27083333333333337,0.13713185887773022,0.42787817273872264,False,1.0,-1.0
2022-06-27,Wimbledon,R32,Grass,5,Tommy Paul,Jiri Vesely,player2,other,0.7125791282264938,1.46,0.6515513126491647,0.06102781557732917,0.040365527210680985,True,1.0,0.45999999999999996
2022-06-27,Wimbledon,R32,Grass,5,Daniel Elahi Galan,Brandon Nakashima,player2,other,0.21353038385558545,6.65,0.14304123711340208,0.07048914674218337,0.41997705263964324,False,1.0,-1.0
2022-06-27,Wimbledon,R32,Grass,5,Stefanos Tsitsipas,Nick Kyrgios,player2,top_10,0.49825408543760114,2.09,0.4571428571428572,0.04111122829474395,0.04135103856458633,False,1.0,-1.0
2022-06-27,Wimbledon,R16,Grass,5,Tommy Paul,Cameron Norrie,player1,other,0.4314419133491703,2.53,0.37684729064039413,0.054594622708776186,0.09154804077340073,False,1.0,-1.0
2022-06-27,Wimbledon,R16,Grass,5,Cristian Garin,Alex De Minaur,player1,other,0.20706617376255132,5.34,0.17846153846153845,0.02860463530101287,0.10573336789202403,True,1.0,4.34
2022-06-27,Wimbledon,QF,Grass,5,Jannik Sinner,Novak Djokovic,player1,top_10,0.1936871591391911,6.82,0.1399747793190416,0.05371237982014951,0.3209464253292833,False,1.0,-1.0
2022-06-27,Wimbledon,SF,Grass,5,Cameron Norrie,Novak Djokovic,player1,top_10,0.11769672428450843,9.75,0.09805735430157263,0.019639369982935806,0.14754306177395726,False,1.0,-1.0
2022-06-27,Wimbledon,SF,Grass,5,Rafael Nadal,Nick Kyrgios,player2,top_10,0.6096504872818046,2.34,0.40759493670886077,0.20205555057294383,0.42658214023942265,False,1.0,-1.0
2022-06-27,Wimbledon,F,Grass,5,Novak Djokovic,Nick Kyrgios,player1,top_10,0.8323487308085462,1.28,0.7485265225933202,0.08382220821522601,0.06540637543493918,True,1.0,0.28
2022-07-11,Newport,R32,Grass,3,Alexei Popyrin,Quentin Halys,player1,other,0.547543848993596,1.91,0.4947089947089948,0.05283485428460116,0.04580875157776826,False,1.0,-1.0
2022-07-11,Newport,R32,Grass,3,Jordan Thompson,Jason Kubler,player2,other,0.5691776059663584,1.84,0.5132275132275131,0.055950092738845214,0.0472867949780994,False,1.0,-1.0
2022-07-11,Newport,R16,Grass,3,Jiri Vesely,Steve Johnson,player2,other,0.5829641416847582,1.82,0.5185185185185185,0.0644456231662397,0.06099473786625992,False,1.0,-1.0
2022-07-11,Newport,R16,Grass,3,Max Purcell,Andy Murray,player1,other,0.2180310561426034,5.29,0.17857142857142855,0.039459627571174855,0.153384286994372,False,1.0,-1.0
2022-07-11,Newport,QF,Grass,3,Benjamin Bonzi,John Isner,player2,other,0.5530357411366488,2.18,0.43376623376623374,0.11926950737041503,0.20561791567789445,False,1.0,-1.0
2022-07-11,Newport,SF,Grass,3,Maxime Cressy,John Isner,player2,other,0.5936792329698926,1.78,0.531578947368421,0.06210028560147152,0.05674903468640874,True,1.0,0.78
2022-07-11,Newport,SF,Grass,3,Alexander Bublik,Jason Kubler,player2,other,0.6806368247942656,1.56,0.606060606060606,0.0745762187336596,0.06179344667905434,True,1.0,0.56
2022-07-11,Bastad,R32,Clay,3,Marc Andrea Huesler,Holger Rune,player1,other,0.28306444585680524,3.64,0.25865580448065173,0.024408641376153506,0.030354582918771134,True,1.0,2.64
2022-07-11,Bastad,R32,Clay,3,Pablo Carreno Busta,Stan Wawrinka,player1,other,0.6942861743126647,1.49,0.6339066339066339,0.060379540406030774,0.03448639972587042,True,1.0,0.49
2022-07-11,Bastad,R32,Clay,3,Hugo Gaston,Nikoloz Basilashvili,player2,other,0.5970287682725354,1.83,0.5171503957783641,0.07987837249417129,0.09256264593873975,True,1.0,0.8300000000000001
2022-07-11,Bastad,R16,Clay,3,Andrey Rublev,Federico Coria,player1,top_10,0.8198484727565258,1.28,0.7371663244353183,0.08268214832120757,0.04940604512835309,True,1.0,0.28
2022-07-11,Bastad,R16,Clay,3,Dominic Thiem,Roberto Bautista Agut,player1,other,0.4324449404060817,2.64,0.35766423357664234,0.07478070682943938,0.14165464267205585,True,1.0,1.6400000000000001
2022-07-11,Bastad,R16,Clay,3,Hugo Gaston,Aslan Karatsev,player2,other,0.5180350331571978,2.17,0.4348958333333333,0.08313919982386447,0.12413602195111917,False,1.0,-1.0
2022-07-11,Bastad,QF,Clay,3,Diego Schwartzman,Pablo Carreno Busta,player1,other,0.5509039017453826,1.89,0.5039370078740157,0.04696689387136688,0.04120837429877311,False,1.0,-1.0
2022-07-18,Gstaad,QF,Clay,3,Casper Ruud,Jaume Munar,player2,top_10,0.8376019874825417,1.23,0.7709497206703911,0.06665226681215053,0.030250444603526244,True,1.0,0.22999999999999998
2022-07-18,Gstaad,F,Clay,3,Matteo Berrettini,Casper Ruud,player2,top_10,0.5591632440833356,1.97,0.48157894736842105,0.07758429671491457,0.1015515908441712,False,1.0,-1.0
2022-07-18,Hamburg,R32,Clay,3,Francisco Cerundolo,Daniel Altmaier,player1,other,0.7340901162756346,1.41,0.6690140845070424,0.06507603176859222,0.03506706394864473,True,1.0,0.4099999999999999
2022-07-18,Hamburg,R32,Clay,3,Lorenzo Musetti,Dusan Lajovic,player1,other,0.6444314826104739,1.62,0.5824742268041238,0.06195725580635014,0.0439790018289678,True,1.0,0.6200000000000001
2022-07-18,Hamburg,R32,Clay,3,Karen Khachanov,Jan Lennard Struff,player1,other,0.6942403269240485,1.76,0.536842105263158,0.15739822166089046,0.22186297538632527,True,1.0,0.76
2022-07-18,Hamburg,R32,Clay,3,Nicola Kuhn,Carlos Alcaraz,player1,top_10,0.09569167468213464,13.02,0.07264957264957266,0.02304210203256199,0.24590560436139308,False,1.0,-1.0
2022-07-18,Hamburg,R16,Clay,3,Borna Coric,Tallon Griekspoor,player2,other,0.4933322760028805,2.16,0.4375,0.05583227600288049,0.0655977161662219,True,1.0,1.1600000000000001
2022-07-18,Hamburg,SF,Clay,3,Alex Molcan,Carlos Alcaraz,player2,top_10,0.15707026294576024,7.05,0.1339066339066339,0.023163629039126332,0.10734535376760956,False,1.0,-1.0
2022-07-25,Kitzbuhel,R32,Clay,3,Yannick Hanfmann,Gerald Melzer,player1,other,0.6817204366090878,1.53,0.6165413533834586,0.06517908322562915,0.043032268011904296,True,1.0,0.53
2022-07-25,Kitzbuhel,R32,Clay,3,Lorenzo Sonego,Pablo Andujar,player1,other,0.7474919999232749,1.42,0.6643026004728132,0.08318939945046167,0.06143863989105025,False,1.0,-1.0
2022-07-25,Kitzbuhel,R16,Clay,3,Jurij Rodionov,Roberto Bautista Agut,player1,other,0.29293039729548864,3.61,0.261758691206544,0.03117170608894465,0.05747873423671401,False,1.0,-1.0
2022-07-25,Umag,R32,Clay,3,Roberto Carballes Baena,Henri Laaksonen,player1,other,0.7134320258552993,1.45,0.6480582524271845,0.06537377342811479,0.034476437490183975,True,1.0,0.44999999999999996
2022-07-25,Umag,R16,Clay,3,Jannik Sinner,Jaume Munar,player2,top_10,0.8246145539565312,1.4,0.6736596736596736,0.15095488029685755,0.15446037553914355,True,1.0,0.3999999999999999
2022-07-25,Umag,R16,Clay,3,Holger Rune,Bernabe Zapata Miralles,player1,other,0.698621775052762,1.49,0.6330049261083743,0.06561684894438768,0.040946444828615425,False,1.0,-1.0
2022-07-25,Umag,R16,Clay,3,Norbert Gombos,Carlos Alcaraz,player2,top_10,0.1236517654856653,10.92,0.08695652173913045,0.03669524374653485,0.35027727910346496,False,1.0,-1.0
2022-07-25,Umag,F,Clay,3,Carlos Alcaraz,Jannik Sinner,player2,top_10,0.7431648914868413,1.61,0.5892857142857143,0.15387917720112698,0.19649547529381456,False,1.0,-1.0
2022-07-25,Atlanta,R32,Hard,3,Mackenzie Mcdonald,Denis Kudla,player1,other,0.7474732114259375,1.42,0.6658823529411765,0.081590858484761,0.06141196022483114,True,1.0,0.41999999999999993
2022-07-25,Atlanta,R32,Hard,3,Benoit Paire,Jenson Brooksby,player1,other,0.20938505906594665,5.88,0.16,0.049385059065946646,0.23118414730776615,False,1.0,-1.0
2022-07-25,Atlanta,R32,Hard,3,Sebastian Korda,Taro Daniel,player1,other,0.7219298362048541,1.51,0.6243781094527363,0.09755172675211776,0.09011405266932965,False,1.0,-1.0
2022-07-25,Atlanta,R32,Hard,3,Tommy Paul,Jack Sock,player1,other,0.6746155917168212,1.59,0.5943877551020408,0.08022783661478039,0.07263879082974573,True,1.0,0.5900000000000001
2022-07-25,Atlanta,R32,Hard,3,Ilya Ivashka,Quentin Halys,player2,other,0.6860285177282041,1.6,0.5897435897435896,0.09628492798461441,0.09764562836512652,True,1.0,0.6000000000000001
2022-08-01,Washington,R64,Hard,3,Michael Mmoh,Denis Kudla,player1,other,0.4840799818229457,2.25,0.4186046511627907,0.06547533066015498,0.0891799591016279,False,1.0,-1.0
2022-08-01,Washington,R64,Hard,3,Soon Woo Kwon,Dominik Koepfer,player1,other,0.6196447397233054,1.69,0.5598958333333334,0.05974890638997199,0.04719961013238605,False,1.0,-1.0
2022-08-01,Washington,R32,Hard,3,Reilly Opelka,Denis Kudla,player1,other,0.7245720719667753,1.44,0.6587677725118484,0.06580429945492694,0.04338378363215639,True,1.0,0.43999999999999995
2022-08-01,Washington,R32,Hard,3,Frances Tiafoe,Christopher Eubanks,player1,other,0.773707525891877,1.35,0.6966292134831461,0.07707831240873086,0.04450515995403398,True,1.0,0.3500000000000001
2022-08-01,Washington,R32,Hard,3,Holger Rune,Benoit Paire,player1,other,0.7643591979068676,1.35,0.6986607142857143,0.06569848362115327,0.03188491717427128,True,1.0,0.3500000000000001
2022-08-01,Washington,R16,Hard,3,Andrey Rublev,Maxime Cressy,player2,top_10,0.8104404675318184,1.41,0.6666666666666667,0.14377380086515168,0.1427210592198639,True,1.0,0.4099999999999999
2022-08-01,Los Cabos,R32,Hard,3,Thanasi Kokkinakis,Fernando Verdasco,player1,other,0.7310172902914728,1.41,0.6705607476635514,0.06045654262792133,0.030734379310976556,True,1.0,0.4099999999999999
2022-08-01,Los Cabos,R32,Hard,3,Ricardas Berankis,Quentin Halys,player1,other,0.48105773582788003,2.2,0.4285714285714286,0.052486307256451425,0.058327018821336174,True,1.0,1.2000000000000002
2022-08-01,Los Cabos,R32,Hard,3,Ernesto Escobedo,Facundo Bagnis,player2,other,0.6013068684997753,1.74,0.5421052631578948,0.05920160534188057,0.046273951189609086,False,1.0,-1.0
2022-08-01,Los Cabos,QF,Hard,3,Radu Albot,Cameron Norrie,player1,other,0.1516826765021175,6.95,0.13664596273291924,0.015036713769198268,0.05419460168971668,False,1.0,-1.0
2022-08-01,Los Cabos,SF,Hard,3,Cameron Norrie,Felix Auger Aliassime,player2,top_10,0.5176973336039801,2.01,0.4710526315789474,0.04664470202503268,0.040571640543999865,True,1.0,1.0099999999999998
2022-08-01,Los Cabos,SF,Hard,3,Daniil Medvedev,Miomir Kecmanovic,player2,top_10,0.8510381993840933,1.23,0.7670454545454546,0.08399274483863872,0.04677698524243476,True,1.0,0.22999999999999998
2022-08-08,Canada Masters,R64,Hard,4,Pedro Martinez,Gael Monfils,player2,other,0.4969124559467344,2.31,0.41071428571428575,0.08619817023244863,0.14786777323695643,False,1.0,-1.0
2022-08-08,Canada Masters,R64,Hard,4,Yoshihito Nishioka,Benoit Paire,player1,other,0.6647381080444441,1.57,0.606516290726817,0.0582218173176271,0.043638829629777276,True,1.0,0.5700000000000001
2022-08-08,Canada Masters,R64,Hard,4,Marcos Giron,Roberto Bautista Agut,player1,other,0.17372996557839823,13.75,0.06905890318212593,0.1046710623962723,1.388787026702976,False,1.0,-1.0
2022-08-08,Canada Masters,R32,Hard,4,Marin Cilic,Karen Khachanov,player2,other,0.5063894669813419,2.04,0.4659685863874345,0.040420880593907416,0.033034512641937464,True,1.0,1.04
2022-08-08,Canada Masters,R32,Hard,4,Andrey Rublev,Daniel Evans,player2,top_10,0.7915052030624498,1.35,0.7013274336283185,0.09017776943413125,0.06853202413430726,False,1.0,-1.0
2022-08-08,Canada Masters,R32,Hard,4,Holger Rune,Pablo Carreno Busta,player2,other,0.4163280374766949,2.78,0.3412322274881517,0.0750958099885432,0.15739194418521174,False,1.0,-1.0
2022-08-08,Canada Masters,R32,Hard,4,Felix Auger Aliassime,Yoshihito Nishioka,player1,top_10,0.8186650081148606,1.33,0.7152034261241969,0.1034615819906638,0.08882446079276474,True,1.0,0.33000000000000007
2022-08-08,Canada Masters,R32,Hard,4,Jenson Brooksby,Roberto Bautista Agut,player2,other,0.5191862300381286,2.04,0.4645669291338583,0.05461930090427031,0.05913990927778234,False,1.0,-1.0
2022-08-08,Canada Masters,R32,Hard,4,Hubert Hurkacz,Emil Ruusuvuori,player2,top_10,0.6727875951611723,1.58,0.601010101010101,0.07177749415107126,0.06300440035465221,True,1.0,0.5800000000000001
2022-08-08,Canada Masters,R32,Hard,4,Daniil Medvedev,Nick Kyrgios,player2,top_10,0.7223725190335163,1.45,0.6539379474940334,0.06843457153948285,0.04744015259859857,False,1.0,-1.0
2022-08-08,Canada Masters,R16,Hard,4,Jannik Sinner,Pablo Carreno Busta,player2,other,0.7074512091349185,1.52,0.6265356265356266,0.08091558259929199,0.07532583788507619,False,1.0,-1.0
2022-08-08,Canada Masters,R16,Hard,4,Casper Ruud,Roberto Bautista Agut,player1,top_10,0.6187189984943932,1.76,0.5404699738903395,0.0782490246040537,0.08894543735013194,True,1.0,0.76
2022-08-08,Canada Masters,R16,Hard,4,Nick Kyrgios,Alex De Minaur,player2,other,0.7460091952569051,1.4,0.676674364896074,0.0693348303608311,0.04441287335966709,True,1.0,0.3999999999999999
2022-08-08,Canada Masters,QF,Hard,4,Casper Ruud,Felix Auger Aliassime,player2,top_10,0.4635878666869357,2.48,0.38308457711442784,0.08050328957250785,0.1496979093836006,True,1.0,1.48
2022-08-15,Cincinnati Masters,R64,Hard,4,Borna Coric,Lorenzo Musetti,player1,other,0.4448639342254414,2.39,0.3964646464646465,0.048399287760794885,0.06322480279880505,True,1.0,1.3900000000000001
2022-08-15,Cincinnati Masters,R64,Hard,4,Henri Laaksonen,Alex De Minaur,player1,other,0.13813954321513003,7.47,0.12733644859813084,0.010803094616999187,0.03190238781702126,False,1.0,-1.0
2022-08-15,Cincinnati Masters,R64,Hard,4,Andy Murray,Stan Wawrinka,player1,other,0.7169024125365904,1.48,0.6399026763990268,0.07699973613756361,0.06101557055415374,True,1.0,0.48
2022-08-15,Cincinnati Masters,R64,Hard,4,Benjamin Bonzi,John Isner,player2,other,0.4558592860123715,2.28,0.4138817480719795,0.041977537940391996,0.03935917210820705,False,1.0,-1.0
2022-08-15,Cincinnati Masters,R64,Hard,4,Brandon Nakashima,Aslan Karatsev,player1,other,0.7204264762889047,1.43,0.660332541567696,0.06009393472120861,0.030209861093133616,False,1.0,-1.0
2022-08-15,Cincinnati Masters,R32,Hard,4,Felix Auger Aliassime,Alex De Minaur,player2,top_10,0.625016852919935,1.71,0.5546875,0.07032935291993503,0.06877881849308887,True,1.0,0.71
2022-08-15,Cincinnati Masters,R32,Hard,4,Emil Ruusuvuori,Marin Cilic,player2,other,0.4664455372576628,2.4,0.3924050632911393,0.07404047396652352,0.11946928941839063,False,1.0,-1.0
2022-08-15,Cincinnati Masters,R32,Hard,4,Sebastian Korda,Frances Tiafoe,player1,other,0.5084490424004345,2.11,0.45052083333333337,0.057928209067101166,0.07282747946491686,True,1.0,1.1099999999999999
2022-08-15,Cincinnati Masters,R32,Hard,4,Stefanos Tsitsipas,Filip Krajinovic,player1,top_10,0.8379740530275654,1.27,0.7444668008048291,0.09350725222273637,0.06422704734500814,True,1.0,0.27
2022-08-15,Cincinnati Masters,R32,Hard,4,Fabio Fognini,Andrey Rublev,player1,top_10,0.357087633113002,4.84,0.19601328903654483,0.16107434407645718,0.7283041442669296,False,1.0,-1.0
2022-08-15,Cincinnati Masters,R16,Hard,4,Jannik Sinner,Felix Auger Aliassime,player2,top_10,0.5997812424063041,1.89,0.5026315789473684,0.09714966345893572,0.13358654814791482,False,1.0,-1.0
2022-08-15,Cincinnati Masters,R16,Hard,4,Marin Cilic,Carlos Alcaraz,player2,top_10,0.2831543163768315,3.92,0.24177949709864605,0.04137481927818548,0.10996492019717952,False,1.0,-1.0
2022-08-15,Cincinnati Masters,R16,Hard,4,Andrey Rublev,Taylor Fritz,player2,top_10,0.38952109861484147,2.65,0.3567961165048544,0.03272498210998709,0.03223091132932976,False,1.0,-1.0
2022-08-15,Cincinnati Masters,QF,Hard,4,Felix Auger Aliassime,Borna Coric,player1,top_10,0.7500107762247851,1.51,0.6280788177339901,0.12193195849079497,0.13251627209942546,False,1.0,-1.0
2022-08-15,Cincinnati Masters,QF,Hard,4,Cameron Norrie,Carlos Alcaraz,player1,top_10,0.36504706851084334,3.48,0.2719665271966527,0.09308054131419063,0.27036379841773484,True,1.0,2.48
2022-08-15,Cincinnati Masters,QF,Hard,4,Daniil Medvedev,Taylor Fritz,player2,top_10,0.7751615909438506,1.44,0.660377358490566,0.11478423245328462,0.11623269095914485,True,1.0,0.43999999999999995
2022-08-15,Cincinnati Masters,F,Hard,4,Stefanos Tsitsipas,Borna Coric,player2,top_10,0.6815573317203053,1.59,0.5974683544303797,0.08408897728992559,0.0836761574352855,False,1.0,-1.0
2022-08-22,Winston-Salem,R64,Hard,3,Tallon Griekspoor,Taro Daniel,player2,other,0.4401335177752583,2.45,0.3844221105527638,0.05571140722249446,0.0783271185493829,True,1.0,1.4500000000000002
2022-08-22,Winston-Salem,R64,Hard,3,Hugo Gaston,John Millman,player1,other,0.44375862218854994,2.43,0.3879093198992443,0.055849302289305625,0.07833345191817642,False,1.0,-1.0
2022-08-22,Winston-Salem,R32,Hard,3,Kyle Edmund,Benjamin Bonzi,player1,other,0.3303974555353523,3.37,0.2799145299145299,0.050482925620822405,0.11343942515413741,False,1.0,-1.0
2022-08-22,Winston-Salem,R32,Hard,3,Emil Ruusuvuori,Adrian Mannarino,player1,other,0.7430524564058443,1.4,0.6744186046511629,0.0686338517546814,0.04027343896818192,False,1.0,-1.0
2022-08-22,Winston-Salem,R32,Hard,3,Laslo Djere,Joao Sousa,player1,other,0.64864565941272,1.61,0.5871794871794872,0.06146617223323281,0.04431951165447928,True,1.0,0.6100000000000001
2022-08-22,Winston-Salem,R32,Hard,3,Soon Woo Kwon,Jason Kubler,player2,other,0.5194486411868416,2.08,0.4554973821989528,0.06395125898788884,0.0804531736686307,False,1.0,-1.0
2022-08-22,Winston-Salem,R32,Hard,3,Mikael Ymer,Marc Andrea Huesler,player1,other,0.7478368701925348,1.38,0.6842105263157895,0.06362634387674526,0.03201488086569787,False,1.0,-1.0
2022-08-22,Winston-Salem,R16,Hard,3,Jaume Munar,Botic Van De Zandschulp,player1,other,0.4228997381970807,2.47,0.3825,0.0403997381970807,0.044562353346789485,False,1.0,-1.0
2022-08-22,Winston-Salem,QF,Hard,3,Laslo Djere,Richard Gasquet,player2,other,0.5367634130519289,2.07,0.45669291338582685,0.08007049966610202,0.1111002650174927,True,1.0,1.0699999999999998
2022-08-29,Us Open,R128,Hard,5,Stefan Kozlov,Daniil Medvedev,player2,top_10,0.09452820720395405,21.43,0.045008912655971484,0.04951929454798257,1.0257394803807354,False,1.0,-1.0
2022-08-29,Us Open,R128,Hard,5,Nikoloz Basilashvili,Yibing Wu,player1,other,0.29543864950911297,3.68,0.2580645161290322,0.037374133380080776,0.0872142301935358,False,1.0,-1.0
2022-08-29,Us Open,R128,Hard,5,Daniel Elahi Galan,Stefanos Tsitsipas,player2,top_10,0.10259776910713202,12.58,0.07635829662261381,0.026239472484518203,0.29067993536772074,True,1.0,11.58
2022-08-29,Us Open,R128,Hard,5,Francisco Cerundolo,Andy Murray,player2,other,0.5335471371738797,2.15,0.4430051813471503,0.09054195582672941,0.14712634492384125,False,1.0,-1.0
2022-08-29,Us Open,R128,Hard,5,Corentin Moutet,Stan Wawrinka,player1,other,0.5865686738454681,1.82,0.5223097112860893,0.0642589625593788,0.0675549863987519,True,1.0,0.8200000000000001
2022-08-29,Us Open,R128,Hard,5,Facundo Bagnis,Sebastian Korda,player2,other,0.1611181907825452,6.77,0.14086294416243658,0.020255246620108608,0.09077015159783086,False,1.0,-1.0
2022-08-29,Us Open,R128,Hard,5,Kyle Edmund,Casper Ruud,player2,top_10,0.13207858895297364,9.99,0.09592760180995474,0.0361509871430189,0.31946510364020675,False,1.0,-1.0
2022-08-29,Us Open,R128,Hard,5,Sam Querrey,Ilya Ivashka,player2,other,0.15708204572913362,7.0,0.13580246913580246,0.021279576593331156,0.0995743201039353,False,1.0,-1.0
2022-08-29,Us Open,R128,Hard,5,Grigor Dimitrov,Steve Johnson,player1,other,0.7114677409987521,1.5,0.6341463414634148,0.07732139953533734,0.06720161149812814,True,1.0,0.5
2022-08-29,Us Open,R128,Hard,5,Pedro Martinez,Christopher Eubanks,player1,other,0.5067151924457135,2.05,0.46335078534031415,0.04336440710539935,0.03876614451371263,False,1.0,-1.0
2022-08-29,Us Open,R128,Hard,5,Daniel Altmaier,Jannik Sinner,player1,other,0.1422245421847701,14.31,0.06653620352250489,0.07568833866226521,1.0352331986640602,False,1.0,-1.0
2022-08-29,Us Open,R128,Hard,5,Maximilian Marterer,Marin Cilic,player1,other,0.15333894587062238,6.87,0.13909774436090225,0.014241201509720136,0.05343855813117582,False,1.0,-1.0
2022-08-29,Us Open,R128,Hard,5,Jiri Vesely,Daniel Evans,player2,other,0.3176647153834069,3.31,0.28663793103448276,0.03102678434892414,0.05147020791907686,False,1.0,-1.0
2022-08-29,Us Open,R128,Hard,5,Dusan Lajovic,Jenson Brooksby,player1,other,0.2233844443386458,5.47,0.17371601208459214,0.04966843225405365,0.22191291053239248,False,1.0,-1.0
2022-08-29,Us Open,R128,Hard,5,Federico Coria,Tallon Griekspoor,player1,other,0.18201968713690697,7.21,0.13237063778580024,0.04964904935110673,0.3123619442570992,True,1.0,6.21
2022-08-29,Us Open,R128,Hard,5,Benoit Paire,Cameron Norrie,player1,top_10,0.11989917270620092,12.0,0.07975460122699388,0.04014457147920704,0.43879007247441093,False,1.0,-1.0
2022-08-29,Us Open,R128,Hard,5,Laslo Djere,Andrey Rublev,player1,other,0.16769189324010994,6.48,0.14624505928853757,0.021446833951572375,0.08664346819591251,False,1.0,-1.0
2022-08-29,Us Open,R128,Hard,5,Mikael Ymer,Jason Kubler,player1,other,0.6211922392718162,1.67,0.5695876288659795,0.05160461040583675,0.03739103958393303,False,1.0,-1.0
2022-08-29,Us Open,R64,Hard,5,Arthur Rinderknech,Daniil Medvedev,player2,top_10,0.10180744011094178,15.28,0.06257668711656442,0.039230752994377366,0.5556176848951905,False,1.0,-1.0
2022-08-29,Us Open,R64,Hard,5,Benjamin Bonzi,Nick Kyrgios,player2,other,0.18401261270098299,6.4,0.14893617021276598,0.03507644248821701,0.1776807212862912,False,1.0,-1.0
2022-08-29,Us Open,R64,Hard,5,Alexander Bublik,Pablo Carreno Busta,player2,other,0.2956693920441442,3.74,0.2549800796812749,0.04068931236286932,0.10580352624509948,False,1.0,-1.0
2022-08-29,Us Open,R64,Hard,5,Hubert Hurkacz,Ilya Ivashka,player1,top_10,0.8308793153700128,1.31,0.7242105263157894,0.10666878905422339,0.08845190313471679,False,1.0,-1.0
2022-08-29,Us Open,R64,Hard,5,Brandon Nakashima,Grigor Dimitrov,player2,other,0.4752794410862255,2.19,0.43410852713178294,0.041170913954442556,0.0408619759788339,True,1.0,1.19
2022-08-29,Us Open,R64,Hard,5,Christopher Eubanks,Jannik Sinner,player2,other,0.1650778279976728,6.87,0.13909774436090225,0.02598008363677054,0.13408467834401205,False,1.0,-1.0
2022-08-29,Us Open,R64,Hard,5,Federico Coria,Carlos Alcaraz,player2,top_10,0.10697099851814627,16.1,0.05957943925233644,0.04739155926580983,0.7222330761421553,False,1.0,-1.0
2022-08-29,Us Open,R64,Hard,5,Joao Sousa,Cameron Norrie,player1,top_10,0.14930094763303134,8.95,0.10678642714570859,0.04251452048732275,0.3362434813156303,False,1.0,-1.0
2022-08-29,Us Open,R32,Hard,5,Yibing Wu,Daniil Medvedev,player1,top_10,0.09392806794144004,12.63,0.07540263543191801,0.01852543250952203,0.18631149810038772,False,1.0,-1.0
2022-08-29,Us Open,R32,Hard,5,Alex De Minaur,Pablo Carreno Busta,player2,other,0.5499476124055375,2.21,0.43041237113402064,0.11953524127151682,0.21538422341623775,False,1.0,-1.0
2022-08-29,Us Open,R32,Hard,5,Lorenzo Musetti,Ilya Ivashka,player2,other,0.3915029399967857,2.68,0.3557692307692308,0.03573370922755492,0.049227879191385826,False,1.0,-1.0
2022-08-29,Us Open,R32,Hard,5,Daniel Evans,Marin Cilic,player2,other,0.4653695308632631,2.38,0.40050377833753154,0.06486575252573157,0.10757948345456603,False,1.0,-1.0
2022-08-29,Us Open,R32,Hard,5,Cameron Norrie,Holger Rune,player1,top_10,0.8335820718558248,1.26,0.755813953488372,0.07776811836745279,0.05031341053833924,True,1.0,0.26
2022-08-29,Us Open,R32,Hard,5,Richard Gasquet,Rafael Nadal,player2,top_10,0.10900297209895503,11.27,0.08522727272727272,0.023775699371682307,0.22846349555522305,False,1.0,-1.0
2022-08-29,Us Open,R16,Hard,5,Daniil Medvedev,Nick Kyrgios,player2,top_10,0.6752574354815376,1.53,0.624078624078624,0.05117881140291358,0.03314387628675253,False,1.0,-1.0
2022-08-29,Us Open,R16,Hard,5,Karen Khachanov,Pablo Carreno Busta,player2,other,0.45304379971240966,2.73,0.34844868735083534,0.10459511236157432,0.2368095732148784,True,1.0,1.73
2022-08-29,Us Open,R16,Hard,5,Marin Cilic,Carlos Alcaraz,player2,top_10,0.22996267064378031,4.68,0.20408163265306123,0.025881037990719086,0.07622529861289173,False,1.0,-1.0
2022-08-29,Us Open,QF,Hard,5,Jannik Sinner,Carlos Alcaraz,player2,top_10,0.4838679924566674,2.46,0.3880597014925373,0.09580829096413007,0.19031526144340172,False,1.0,-1.0
2022-08-29,Us Open,QF,Hard,5,Frances Tiafoe,Andrey Rublev,player2,other,0.520825502514212,1.99,0.4804177545691906,0.04040774794502139,0.0364427500032819,True,1.0,0.99
2022-08-29,Us Open,SF,Hard,5,Casper Ruud,Karen Khachanov,player2,top_10,0.7315366484129465,1.44,0.660377358490566,0.07115928992238052,0.053412773714642925,True,1.0,0.43999999999999995
2022-08-29,Us Open,SF,Hard,5,Carlos Alcaraz,Frances Tiafoe,player1,top_10,0.7066234253750583,1.47,0.649164677804296,0.0574587475707623,0.03873643530133569,True,1.0,0.47
2022-09-19,Metz,R32,Hard,3,Dominic Thiem,Richard Gasquet,player2,other,0.5325325010862966,2.03,0.4657894736842106,0.06674302740208599,0.08104097720518189,True,1.0,1.0299999999999998
2022-09-19,Metz,R32,Hard,3,Mikael Ymer,Adrian Mannarino,player2,other,0.47626630749174,2.24,0.42118863049095606,0.05507767700078392,0.0668365287814976,True,1.0,1.2400000000000002
2022-09-19,Metz,QF,Hard,3,Alexander Bublik,Holger Rune,player2,other,0.5736849124344588,1.82,0.5197889182058046,0.05389599422865421,0.04410654063071512,True,1.0,0.8200000000000001
2022-09-19,Metz,QF,Hard,3,Mikael Ymer,Stan Wawrinka,player1,other,0.5813296942120539,1.78,0.531578947368421,0.0497507468436329,0.03476685569745602,False,1.0,-1.0
2022-09-19,Metz,SF,Hard,3,Alexander Bublik,Stan Wawrinka,player1,other,0.6547918166064663,1.64,0.577319587628866,0.07747222897760031,0.07385857923460476,True,1.0,0.6399999999999999
2022-09-19,Metz,F,Hard,3,Alexander Bublik,Lorenzo Sonego,player1,other,0.5901075205570047,1.91,0.4960422163588391,0.09406530419816556,0.12710536426387886,False,1.0,-1.0
2022-09-19,San Diego,R32,Hard,3,Fernando Verdasco,Denis Kudla,player1,other,0.438726661852783,2.41,0.3914141414141414,0.04731252043864159,0.057331255065206976,False,1.0,-1.0
2022-09-19,San Diego,R16,Hard,3,Jenson Brooksby,Mackenzie Mcdonald,player1,other,0.7439499256069687,1.4,0.6759259259259259,0.06802399968104278,0.04152989584975614,True,1.0,0.3999999999999999
2022-09-26,Tel Aviv,R32,Hard,3,Arthur Rinderknech,Marius Copil,player1,other,0.77057670564838,1.38,0.6856492027334853,0.0849275029148947,0.06339585379476431,True,1.0,0.3799999999999999
2022-09-26,Tel Aviv,R16,Hard,3,Arthur Rinderknech,Diego Schwartzman,player2,other,0.5156361364332369,2.09,0.4543080939947781,0.061328042438458796,0.07767952514546506,True,1.0,1.0899999999999999
2022-09-26,Tel Aviv,R16,Hard,3,Pablo Andujar,Novak Djokovic,player1,top_10,0.08774358860691449,12.64,0.07534747622531089,0.012396112381603597,0.10907895999139905,False,1.0,-1.0
2022-09-26,Tel Aviv,QF,Hard,3,Vasek Pospisil,Novak Djokovic,player2,top_10,0.11122621247117603,10.23,0.09308510638297873,0.0181411060881973,0.1378441535801309,False,1.0,-1.0
2022-09-26,Tel Aviv,F,Hard,3,Novak Djokovic,Marin Cilic,player1,top_10,0.8555833986516553,1.22,0.7757352941176471,0.07984810453400826,0.0438117463550195,True,1.0,0.21999999999999997
2022-09-26,Seoul,QF,Hard,3,Jenson Brooksby,Cameron Norrie,player2,top_10,0.4530485751764173,2.65,0.3567961165048544,0.0962524586715629,0.20057872421750578,True,1.0,1.65
2022-09-26,Seoul,SF,Hard,3,Jenson Brooksby,Denis Shapovalov,player2,other,0.4800201464259102,2.2,0.43152454780361754,0.048495598622292635,0.0560443221370025,False,1.0,-1.0
2022-09-26,Sofia,R32,Hard,3,Mikael Ymer,Ilya Ivashka,player1,other,0.5020955452915826,2.07,0.45669291338582685,0.045402631905755775,0.039337778753575914,False,1.0,-1.0
2022-09-26,Sofia,R16,Hard,3,Holger Rune,Lorenzo Sonego,player2,other,0.5245876190480349,2.13,0.44386422976501305,0.08072338928302181,0.1173716285723142,True,1.0,1.13
2022-09-26,Sofia,QF,Hard,3,Lorenzo Musetti,Jan Lennard Struff,player2,other,0.47007365864144113,2.21,0.427461139896373,0.042612518745068106,0.038862785597584826,True,1.0,1.21
2022-09-26,Sofia,SF,Hard,3,Jannik Sinner,Holger Rune,player2,top_10,0.8289885124506458,1.28,0.7424547283702212,0.08653378408042456,0.06110529593682659,False,1.0,-1.0
2022-10-03,Tokyo,R16,Hard,3,Kamil Majchrzak,Nick Kyrgios,player1,other,0.14133890760363613,7.96,0.11849390919158359,0.022844998412052536,0.12505770452494358,False,1.0,-1.0
2022-10-03,Tokyo,QF,Hard,3,Denis Shapovalov,Borna Coric,player2,other,0.49551651776954264,2.23,0.4252577319587629,0.07025878581077977,0.10500183462608004,True,1.0,1.23
2022-10-03,Astana,R32,Hard,3,Cristian Garin,Novak Djokovic,player2,top_10,0.1447509822317388,10.64,0.08904109589041097,0.05570988634132783,0.5401504509457009,False,1.0,-1.0
2022-10-03,Astana,R32,Hard,3,Hubert Hurkacz,Francisco Cerundolo,player1,top_10,0.8491275922381293,1.22,0.7732342007434944,0.07589339149463492,0.03593566253051769,True,1.0,0.21999999999999997
2022-10-03,Astana,R32,Hard,3,Andrey Rublev,Laslo Djere,player1,top_10,0.8526422645776935,1.28,0.7414141414141414,0.11122812316355213,0.09138209865944777,True,1.0,0.28
2022-10-03,Astana,R16,Hard,3,Hubert Hurkacz,Alexander Bublik,player2,top_10,0.6782959360876916,1.56,0.606060606060606,0.0722353300270856,0.0581416602967989,True,1.0,0.56
2022-10-03,Astana,QF,Hard,3,Daniil Medvedev,Roberto Bautista Agut,player1,top_10,0.752862279110459,1.39,0.6804597701149425,0.07240250899551648,0.04647856796353794,True,1.0,0.3899999999999999
2022-10-03,Astana,QF,Hard,3,Andrey Rublev,Adrian Mannarino,player1,top_10,0.8348809926504529,1.24,0.7642585551330798,0.07062243751737307,0.0352524308865616,True,1.0,0.24
2022-10-03,Astana,SF,Hard,3,Novak Djokovic,Daniil Medvedev,player2,top_10,0.7947061505732903,1.52,0.6218905472636816,0.17281560330960866,0.20795334887140127,True,1.0,0.52
2022-10-03,Astana,SF,Hard,3,Stefanos Tsitsipas,Andrey Rublev,player2,top_10,0.5968696550717143,1.83,0.5184210526315789,0.0784486024401354,0.09227146878123721,True,1.0,0.8300000000000001
2022-10-03,Astana,F,Hard,3,Novak Djokovic,Stefanos Tsitsipas,player2,top_10,0.8533787220342085,1.25,0.7586872586872586,0.09469146334694989,0.06672340254276063,True,1.0,0.25
2022-10-10,Florence,R32,Hard,3,Jenson Brooksby,Mackenzie Mcdonald,player1,other,0.7439653431056689,1.42,0.667447306791569,0.07651803631409981,0.05643078721004974,False,1.0,-1.0
2022-10-10,Florence,QF,Hard,3,Brandon Nakashima,Felix Auger Aliassime,player2,other,0.4696699323750966,2.41,0.39294710327455923,0.07672282910053735,0.13190453702398286,False,1.0,-1.0
2022-10-10,Gijon,R32,Hard,3,Alejandro Davidovich Fokina,Andy Murray,player1,other,0.5176932052994295,2.09,0.4528795811518324,0.06481362414759712,0.08197879907580763,False,1.0,-1.0
2022-10-10,Gijon,R32,Hard,3,Feliciano Lopez,Ilya Ivashka,player2,other,0.16922416039349383,6.47,0.14643799472295516,0.022786165670538677,0.09488031774590511,False,1.0,-1.0
2022-10-10,Gijon,R16,Hard,3,Marcos Giron,Dominic Thiem,player2,other,0.37659449162620556,2.74,0.34606205250596656,0.030532439120239008,0.031868907055803364,False,1.0,-1.0
2022-10-10,Gijon,R16,Hard,3,Andrey Rublev,Ilya Ivashka,player2,top_10,0.8157438466686241,1.31,0.7194860813704497,0.09625776529817442,0.06862443913589761,True,1.0,0.31000000000000005
2022-10-10,Gijon,QF,Hard,3,Andrey Rublev,Tommy Paul,player2,top_10,0.7787488043413329,1.43,0.664319248826291,0.11442955551504186,0.11361079020810594,True,1.0,0.42999999999999994
2022-10-10,Gijon,F,Hard,3,Andrey Rublev,Sebastian Korda,player2,top_10,0.7814999176316587,1.42,0.6666666666666666,0.11483325096499208,0.1097298830369553,True,1.0,0.41999999999999993
2022-10-17,Stockholm,R32,Hard,3,Alex De Minaur,Benjamin Bonzi,player2,other,0.7580427570833589,1.38,0.6856492027334853,0.0723935543498736,0.0460990047750352,True,1.0,0.3799999999999999
2022-10-17,Stockholm,SF,Hard,3,Holger Rune,Alex De Minaur,player2,other,0.4758352904889069,2.25,0.4215938303341903,0.05424146015471659,0.07062940360004055,True,1.0,1.25
2022-10-17,Stockholm,F,Hard,3,Stefanos Tsitsipas,Holger Rune,player2,top_10,0.8053930440304812,1.36,0.695067264573991,0.11032577945649014,0.09533453988145446,False,1.0,-1.0
2022-10-17,Naples,R32,Hard,3,Pedro Martinez,Taro Daniel,player1,other,0.5367982064062976,2.11,0.4476439790575916,0.08915422734870598,0.1326442155172879,False,1.0,-1.0
2022-10-17,Naples,R16,Hard,3,Fabio Fognini,Pablo Carreno Busta,player2,other,0.16640390125282373,7.23,0.1289156626506024,0.037488238602221335,0.20310020605791568,False,1.0,-1.0
2022-10-17,Naples,QF,Hard,3,Miomir Kecmanovic,Pablo Carreno Busta,player1,other,0.4332635344078608,2.43,0.3894472361809045,0.04381629822695632,0.052830388611101786,True,1.0,1.4300000000000002
2022-10-17,Naples,F,Hard,3,Matteo Berrettini,Lorenzo Musetti,player2,other,0.5866627177037641,1.92,0.49473684210526314,0.09192587559850096,0.12639241799122702,False,1.0,-1.0
2022-10-17,Antwerp,R32,Hard,3,Francisco Cerundolo,Marc Andrea Huesler,player1,other,0.47047259227124244,2.2,0.4285714285714286,0.04190116369981384,0.035039702996733535,True,1.0,1.2000000000000002
2022-10-17,Antwerp,R16,Hard,3,Sebastian Korda,Karen Khachanov,player2,other,0.49264225603253275,2.1,0.450261780104712,0.04238047592782074,0.034548737668318785,True,1.0,1.1
2022-10-17,Antwerp,QF,Hard,3,Felix Auger Aliassime,Daniel Evans,player2,top_10,0.8106326957115431,1.37,0.6914414414414414,0.11919125427010169,0.1105667931248141,True,1.0,0.3700000000000001
2022-10-17,Antwerp,SF,Hard,3,Richard Gasquet,Felix Auger Aliassime,player2,top_10,0.23799758788689562,4.9,0.19275123558484344,0.04524635230205218,0.16618818064578866,False,1.0,-1.0
2022-10-17,Antwerp,F,Hard,3,Felix Auger Aliassime,Sebastian Korda,player2,top_10,0.6886930103879548,1.53,0.6194029850746269,0.06929002531332795,0.05370030589357089,True,1.0,0.53
2022-10-24,Basel,R32,Hard,3,Casper Ruud,Stan Wawrinka,player1,top_10,0.736087550725189,1.47,0.6449275362318841,0.09116001449330491,0.0820486995660279,False,1.0,-1.0
2022-10-24,Basel,R32,Hard,3,Jenson Brooksby,Ugo Humbert,player2,other,0.5584945797840642,1.96,0.4842105263157894,0.07428405346827482,0.09464937637676596,False,1.0,-1.0
2022-10-24,Basel,R16,Hard,3,Felix Auger Aliassime,Miomir Kecmanovic,player2,top_10,0.821231377929017,1.35,0.705240174672489,0.11599120325652801,0.10866236020417303,True,1.0,0.3500000000000001
2022-10-24,Basel,SF,Hard,3,Felix Auger Aliassime,Carlos Alcaraz,player2,top_10,0.5542301206175466,2.02,0.4712041884816754,0.08302593213587123,0.11954484364744422,True,1.0,1.02
2022-10-24,Basel,F,Hard,3,Holger Rune,Felix Auger Aliassime,player2,top_10,0.3660256069117817,3.3,0.28725701943844495,0.07876858747333676,0.2078845028088796,False,1.0,-1.0
2022-10-24,Vienna,R32,Hard,3,Borna Coric,Quentin Halys,player1,other,0.7605057938846005,1.41,0.6697892271662763,0.09071656671832418,0.07231316937728666,True,1.0,0.4099999999999999
2022-10-24,Vienna,R32,Hard,3,Emil Ruusuvuori,Lorenzo Sonego,player2,other,0.6480303414706351,1.62,0.5846153846153845,0.06341495685525056,0.0498091531824289,True,1.0,0.6200000000000001
2022-10-24,Vienna,R32,Hard,3,Taylor Fritz,Yoshihito Nishioka,player1,top_10,0.7863708539223567,1.35,0.7013274336283185,0.08504342029403822,0.061600652795181676,True,1.0,0.3500000000000001
2022-10-24,Vienna,R32,Hard,3,Tommy Paul,Dominic Thiem,player1,other,0.46518824432893374,2.37,0.39999999999999997,0.06518824432893378,0.102496139059573,False,1.0,-1.0
2022-10-24,Vienna,R32,Hard,3,Nikoloz Basilashvili,Daniil Medvedev,player1,top_10,0.09297274514596687,12.59,0.07562408223201175,0.01734866291395512,0.170526861387723,False,1.0,-1.0
2022-10-24,Vienna,R16,Hard,3,Taylor Fritz,Denis Shapovalov,player2,top_10,0.7321919779560361,1.66,0.5699481865284974,0.16224379142753864,0.21543868340701983,False,1.0,-1.0
2022-10-24,Vienna,SF,Hard,3,Grigor Dimitrov,Daniil Medvedev,player1,top_10,0.19867869580604425,5.19,0.18267716535433065,0.016001530451713597,0.031142431233369683,False,1.0,-1.0
2022-10-31,Paris Masters,R64,Hard,4,Tommy Paul,Roberto Bautista Agut,player2,other,0.466142660024277,2.32,0.40816326530612246,0.05797939471815455,0.08145097125632261,True,1.0,1.3199999999999998
2022-10-31,Paris Masters,R64,Hard,4,Brandon Nakashima,Daniel Evans,player1,other,0.5380013370457312,1.94,0.4881266490765172,0.04987468796921396,0.04372259386871846,False,1.0,-1.0
2022-10-31,Paris Masters,R64,Hard,4,Alex Molcan,Richard Gasquet,player2,other,0.43157698049693033,2.54,0.37283950617283945,0.05873747432409088,0.09620553046220304,False,1.0,-1.0
2022-10-31,Paris Masters,R64,Hard,4,Nikoloz Basilashvili,Quentin Halys,player1,other,0.3193703830071441,3.92,0.24177949709864605,0.07759088590849805,0.2519319013880049,True,1.0,2.92
2022-10-31,Paris Masters,R64,Hard,4,Lorenzo Musetti,Marin Cilic,player1,other,0.43623154922587215,2.53,0.37376237623762376,0.06246917298824839,0.10366581954145648,True,1.0,1.5299999999999998
2022-10-31,Paris Masters,R64,Hard,4,Gilles Simon,Andy Murray,player1,other,0.26817072426826144,3.9,0.24271844660194178,0.02545227766631966,0.04586582464621958,True,1.0,2.9
2022-10-31,Paris Masters,R64,Hard,4,John Isner,Oscar Otte,player2,other,0.49208362310062265,2.13,0.44531250000000006,0.04677112310062259,0.04813811720432626,True,1.0,1.13
2022-10-31,Paris Masters,R32,Hard,4,Rafael Nadal,Tommy Paul,player1,top_10,0.8249547032425874,1.45,0.6522781774580336,0.17267652578455372,0.1961843197017516,False,1.0,-1.0
2022-10-31,Paris Masters,R32,Hard,4,Maxime Cressy,Novak Djokovic,player2,top_10,0.1336393841782821,9.71,0.09758364312267659,0.03605574105560552,0.29763842037111954,False,1.0,-1.0
2022-10-31,Paris Masters,R32,Hard,4,Gilles Simon,Taylor Fritz,player2,other,0.17226172732487655,6.8,0.13924050632911392,0.03302122099576263,0.1713797458091605,True,1.0,5.8
2022-10-31,Paris Masters,R32,Hard,4,John Isner,Andrey Rublev,player2,top_10,0.3361532384382171,3.28,0.2885032537960954,0.04764998464212167,0.10258262207735203,False,1.0,-1.0
2022-10-31,Paris Masters,R16,Hard,4,Karen Khachanov,Novak Djokovic,player2,top_10,0.14960840065185976,7.31,0.12976190476190477,0.01984649588995499,0.09363740876509485,False,1.0,-1.0
2022-10-31,Paris Masters,R16,Hard,4,Andrey Rublev,Holger Rune,player2,top_10,0.6978081139202357,1.61,0.5892857142857143,0.10852239963452137,0.12347106341157948,False,1.0,-1.0
2022-10-31,Paris Masters,QF,Hard,4,Felix Auger Aliassime,Frances Tiafoe,player1,top_10,0.7442891546842629,1.42,0.667447306791569,0.07684184789269388,0.05689059965165333,True,1.0,0.41999999999999993
2022-10-31,Paris Masters,QF,Hard,4,Holger Rune,Carlos Alcaraz,player2,top_10,0.4827917299113653,2.86,0.3333333333333333,0.149458396578032,0.3807843475465047,True,1.0,1.8599999999999999
2022-10-31,Paris Masters,SF,Hard,4,Holger Rune,Felix Auger Aliassime,player2,top_10,0.385473404572789,2.74,0.34761904761904766,0.03785435695374134,0.05619712852944192,True,1.0,1.7400000000000002
2022-10-31,Paris Masters,F,Hard,4,Novak Djokovic,Holger Rune,player2,top_10,0.8353788500829129,1.24,0.7660377358490565,0.06934111423385636,0.035869774102812,False,1.0,-1.0
2022-11-14,Tour Finals,RR,Hard,1,Novak Djokovic,Andrey Rublev,player2,top_10,0.800336004862546,1.32,0.7161290322580645,0.08420697260448151,0.05644352641856071,True,1.0,0.32000000000000006
2022-11-14,Tour Finals,RR,Hard,1,Novak Djokovic,Daniil Medvedev,player2,top_10,0.8370722539028875,1.34,0.7080610021786492,0.12901125172423833,0.12167682022986936,True,1.0,0.3400000000000001
2022-11-14,Tour Finals,RR,Hard,1,Andrey Rublev,Daniil Medvedev,player1,top_10,0.3140722122365668,3.34,0.2832618025751073,0.03081040966145948,0.04900118887013305,True,1.0,2.34
2022-11-14,Tour Finals,RR,Hard,1,Stefanos Tsitsipas,Novak Djokovic,player2,top_10,0.3715642362720641,3.3,0.28725701943844495,0.08430721683361914,0.2261619796978115,False,1.0,-1.0
2022-11-14,Tour Finals,RR,Hard,1,Taylor Fritz,Felix Auger Aliassime,player2,top_10,0.4591085946149234,2.43,0.3894472361809045,0.06966135843401894,0.11563388491426396,True,1.0,1.4300000000000002
2022-11-14,Tour Finals,RR,Hard,1,Casper Ruud,Taylor Fritz,player2,top_10,0.5750725882942138,2.01,0.4710526315789474,0.10401995671526643,0.15589590247136964,True,1.0,1.0099999999999998
2022-11-14,Tour Finals,RR,Hard,1,Rafael Nadal,Felix Auger Aliassime,player2,top_10,0.5646854193003855,2.34,0.40609137055837563,0.15859404874200989,0.32136388116290204,False,1.0,-1.0
2022-11-14,Tour Finals,RR,Hard,1,Rafael Nadal,Casper Ruud,player2,top_10,0.5787096059457244,2.42,0.3919597989949749,0.1867498069507495,0.400477246388653,True,1.0,1.42
2022-11-14,Tour Finals,SF,Hard,1,Taylor Fritz,Novak Djokovic,player2,top_10,0.2579353990722522,4.14,0.22905027932960897,0.02888511974264324,0.067852552159124,False,1.0,-1.0
2022-11-14,Tour Finals,SF,Hard,1,Andrey Rublev,Casper Ruud,player2,top_10,0.6909980180208196,1.69,0.5633074935400517,0.1276905244807679,0.1677866504551851,False,1.0,-1.0
2023-01-02,Pune,R32,Hard,3,Pedro Martinez,Ramkumar Ramanathan,player2,other,0.7195394978421575,1.63,0.5798969072164949,0.13964259062566264,0.17284938148271672,True,1.0,0.6299999999999999
2023-01-02,Pune,R16,Hard,3,Emil Ruusuvuori,Benjamin Bonzi,player1,other,0.6383097734764634,1.62,0.583547557840617,0.05476221563584649,0.03406183303187088,False,1.0,-1.0
2023-01-02,Pune,R16,Hard,3,Filip Krajinovic,Michael Mmoh,player2,other,0.6273360599257791,1.79,0.5289473684210526,0.09838869150472651,0.12293154726714467,True,1.0,0.79
2023-01-02,Pune,QF,Hard,3,Botic Van De Zandschulp,Maximilian Marterer,player2,other,0.7360995689204564,1.42,0.6658823529411765,0.07021721597927988,0.045261387867047975,True,1.0,0.41999999999999993
2023-01-02,Pune,QF,Hard,3,Benjamin Bonzi,Filip Krajinovic,player1,other,0.6818796204650613,1.53,0.6184538653366584,0.06342575512840298,0.043275819311543895,True,1.0,0.53
2023-01-02,Pune,QF,Hard,3,Marin Cilic,Tallon Griekspoor,player2,other,0.7226505979977955,1.43,0.6611374407582938,0.06151315723950168,0.03339035513684757,False,1.0,-1.0
2023-01-02,Pune,F,Hard,3,Tallon Griekspoor,Benjamin Bonzi,player1,other,0.47069348713987186,2.24,0.4226804123711341,0.048013074768737785,0.05435341119331305,True,1.0,1.2400000000000002
2023-01-02,Adelaide 1,R32,Hard,3,Maxime Cressy,Thanasi Kokkinakis,player1,other,0.5461860069728456,1.89,0.5013192612137204,0.04486674575912519,0.0322915531786781,False,1.0,-1.0
2023-01-02,Adelaide 1,R32,Hard,3,Jordan Thompson,Quentin Halys,player2,other,0.6082208334683411,1.74,0.544502617801047,0.06371821566729408,0.058304250234913535,False,1.0,-1.0
2023-01-02,Adelaide 1,R32,Hard,3,Constant Lestienne,Novak Djokovic,player1,top_10,0.1041657536666916,13.52,0.07015130674002752,0.03401444692666408,0.40832098957367036,False,1.0,-1.0
2023-01-02,Adelaide 1,R16,Hard,3,Quentin Halys,Novak Djokovic,player2,top_10,0.08712988120886839,14.1,0.06746031746031747,0.019669563748550917,0.22853132504504425,False,1.0,-1.0
2023-01-02,Adelaide 1,QF,Hard,3,Yoshihito Nishioka,Alexei Popyrin,player1,other,0.6380801746317949,1.68,0.5625,0.0755801746317949,0.07197469338141538,True,1.0,0.6799999999999999
2023-01-02,Adelaide 1,QF,Hard,3,Sebastian Korda,Jannik Sinner,player2,other,0.4245000888241666,2.44,0.38847117794486213,0.03602891087930449,0.03578021673096643,True,1.0,1.44
2023-01-02,Adelaide 1,SF,Hard,3,Novak Djokovic,Daniil Medvedev,player1,top_10,0.7237279073684203,1.54,0.615,0.1087279073684203,0.11454097734736729,True,1.0,0.54
2023-01-09,Auckland,R32,Hard,3,J J Wolf,Adrian Mannarino,player2,other,0.5114145818041275,2.03,0.4657894736842106,0.04562510811991688,0.0381716010623786,True,1.0,1.0299999999999998
2023-01-09,Auckland,R32,Hard,3,Alex Molcan,Quentin Halys,player2,other,0.36235652075440367,2.93,0.3217592592592592,0.04059726149514448,0.061704605810402824,False,1.0,-1.0
2023-01-09,Auckland,R32,Hard,3,Ugo Humbert,Christopher Eubanks,player2,other,0.612490934226492,1.72,0.549738219895288,0.062752714331204,0.05348440686956629,False,1.0,-1.0
2023-01-09,Auckland,R16,Hard,3,Constant Lestienne,Gregoire Barrere,player1,other,0.5599064927154829,1.86,0.5092348284960422,0.05067166421944069,0.04142607645079821,True,1.0,0.8600000000000001
2023-01-09,Auckland,QF,Hard,3,Jenson Brooksby,Quentin Halys,player2,other,0.6570079477287671,1.86,0.5092348284960422,0.14777311923272496,0.22203478277550692,True,1.0,0.8600000000000001
2023-01-09,Auckland,SF,Hard,3,Jenson Brooksby,Cameron Norrie,player2,other,0.3291186571131662,3.15,0.3,0.02911865711316619,0.036723769906473414,False,1.0,-1.0
2023-01-09,Adelaide 2,R32,Hard,3,Brandon Nakashima,Alejandro Davidovich Fokina,player2,other,0.7390729500573389,1.43,0.6611374407582938,0.07793550929904502,0.05687431858199454,False,1.0,-1.0
2023-01-09,Adelaide 2,R16,Hard,3,Mikael Ymer,Mackenzie Mcdonald,player2,other,0.6173478224793504,1.68,0.5658914728682171,0.05145634961113332,0.03714434176530862,True,1.0,0.6799999999999999
2023-01-09,Adelaide 2,R16,Hard,3,Tommy Paul,Jack Draper,player1,other,0.5237301114289382,2.0,0.4750656167979003,0.04866449463103789,0.04746022285787643,False,1.0,-1.0
2023-01-09,Adelaide 2,R16,Hard,3,Robin Haase,Roberto Bautista Agut,player2,other,0.18396702558914355,7.29,0.13007159904534607,0.053895426543797476,0.34111961654485656,False,1.0,-1.0
2023-01-16,Australian Open,R128,Hard,5,Rafael Nadal,Jack Draper,player2,top_10,0.7719448944044162,1.39,0.6848072562358277,0.08713763816858844,0.07300340322213839,True,1.0,0.3899999999999999
2023-01-16,Australian Open,R128,Hard,5,Brandon Nakashima,Mackenzie Mcdonald,player2,other,0.681026419115195,1.52,0.625615763546798,0.05541065556839697,0.03516015705509645,False,1.0,-1.0
2023-01-16,Australian Open,R128,Hard,5,Bernabe Zapata Miralles,Karen Khachanov,player2,other,0.1596834046227044,9.77,0.097876269621422,0.06180713500128239,0.5601068631638219,False,1.0,-1.0
2023-01-16,Australian Open,R128,Hard,5,Sebastian Baez,Jason Kubler,player2,other,0.33851269101664716,3.38,0.28237791932059453,0.05613477169605263,0.14417289563626734,False,1.0,-1.0
2023-01-16,Australian Open,R128,Hard,5,Pedro Martinez,Hubert Hurkacz,player2,other,0.17301954719775148,10.6,0.09012875536480688,0.0828907918329446,0.8340072002961657,False,1.0,-1.0
2023-01-16,Australian Open,R128,Hard,5,Dusan Lajovic,Denis Shapovalov,player2,other,0.15733843050443896,8.01,0.11881188118811882,0.038526549316320144,0.260280828340556,False,1.0,-1.0
2023-01-16,Australian Open,R128,Hard,5,Cristian Garin,Sebastian Korda,player1,other,0.14294048495142533,8.1,0.11764705882352942,0.02529342612789591,0.15781792810654505,False,1.0,-1.0
2023-01-16,Australian Open,R128,Hard,5,Arthur Rinderknech,Yosuke Watanuki,player1,other,0.6575550814584353,1.64,0.5816326530612244,0.07592242839721097,0.0783903335918339,False,1.0,-1.0
2023-01-16,Australian Open,R128,Hard,5,Marcos Giron,Daniil Medvedev,player1,top_10,0.10230783379958815,13.88,0.06908115358819585,0.0332266802113923,0.4200327331382836,False,1.0,-1.0
2023-01-16,Australian Open,R128,Hard,5,Federico Coria,Marton Fucsovics,player2,other,0.21492012171836794,5.38,0.17737003058103976,0.037550091137328184,0.1562702548448195,False,1.0,-1.0
2023-01-16,Australian Open,R128,Hard,5,Kyle Edmund,Jannik Sinner,player1,other,0.14481945342609934,11.18,0.0858544562551104,0.058964997170988936,0.6190814893037906,False,1.0,-1.0
2023-01-16,Australian Open,R128,Hard,5,Constant Lestienne,Thiago Monteiro,player1,other,0.5374567603218883,2.08,0.4583333333333333,0.07912342698855496,0.11791006146952765,True,1.0,1.08
2023-01-16,Australian Open,R128,Hard,5,Soon Woo Kwon,Christopher Eubanks,player1,other,0.6770036101458063,1.58,0.601010101010101,0.07599350913570535,0.06966570403037409,False,1.0,-1.0
2023-01-16,Australian Open,R128,Hard,5,Guido Pella,Francisco Cerundolo,player2,other,0.235685747228348,5.58,0.17087667161961367,0.06480907560873433,0.315126469534182,False,1.0,-1.0
2023-01-16,Australian Open,R128,Hard,5,Alex Molcan,Stan Wawrinka,player2,other,0.32702374996467004,3.7,0.2570281124497992,0.06999563751487087,0.20998787486927917,True,1.0,2.7
2023-01-16,Australian Open,R128,Hard,5,Vasek Pospisil,Felix Auger Aliassime,player2,top_10,0.1874902526487862,8.87,0.10764587525150907,0.07984437739727712,0.6630385409947334,False,1.0,-1.0
2023-01-16,Australian Open,R128,Hard,5,Dominic Thiem,Andrey Rublev,player2,top_10,0.27101795524082023,3.84,0.24853228962818005,0.022485665612640177,0.04070894812474968,False,1.0,-1.0
2023-01-16,Australian Open,R128,Hard,5,Pedro Cachin,Pablo Carreno Busta,player1,other,0.14509367040188567,7.93,0.11986681465038847,0.025226855751497204,0.15059280628695326,False,1.0,-1.0
2023-01-16,Australian Open,R128,Hard,5,Laslo Djere,Zizou Bergs,player2,other,0.6996914427041129,1.49,0.6383495145631067,0.06134192814100614,0.04254024962912817,True,1.0,0.49
2023-01-16,Australian Open,R128,Hard,5,Roberto Carballes Baena,Novak Djokovic,player1,top_10,0.0926561287144652,19.91,0.0482791586998088,0.0443769700146564,0.844783522705002,False,1.0,-1.0
2023-01-16,Australian Open,R128,Hard,5,Nikoloz Basilashvili,Taylor Fritz,player2,top_10,0.10478261623980288,14.25,0.06740837696335078,0.0373742392764521,0.49315228141719114,False,1.0,-1.0
2023-01-16,Australian Open,R128,Hard,5,Chun Hsin Tseng,Alexei Popyrin,player1,other,0.22085223465911885,5.56,0.17138599105812222,0.049466243600996634,0.22793842470470072,False,1.0,-1.0
2023-01-16,Australian Open,R128,Hard,5,Miomir Kecmanovic,Nicolas Jarry,player2,other,0.7979947684105942,1.3,0.7336065573770492,0.06438821103354508,0.03739319893377255,False,1.0,-1.0
2023-01-16,Australian Open,R128,Hard,5,Juan Pablo Varillas,Alexander Zverev,player1,other,0.1475160839891236,8.35,0.11452810180275716,0.03298798218636645,0.2317593013091821,False,1.0,-1.0
2023-01-16,Australian Open,R128,Hard,5,Joao Sousa,Roberto Bautista Agut,player2,other,0.1803541681824988,8.27,0.11550802139037435,0.06484614679212446,0.49152897086926506,False,1.0,-1.0
2023-01-16,Australian Open,R128,Hard,5,Tomas Machac,Casper Ruud,player2,top_10,0.2558376939529446,5.1,0.18660287081339716,0.06923482313954743,0.30477223916001717,False,1.0,-1.0
2023-01-16,Australian Open,R64,Hard,5,Mackenzie Mcdonald,Rafael Nadal,player2,top_10,0.135069327427777,7.88,0.12053571428571429,0.01453361314206271,0.06434630013088272,True,1.0,6.88
2023-01-16,Australian Open,R64,Hard,5,John Millman,Daniil Medvedev,player1,top_10,0.09005349279347952,17.35,0.05552531301034295,0.03452817978313657,0.5624280999668698,False,1.0,-1.0
2023-01-16,Australian Open,R64,Hard,5,Lloyd Harris,Marton Fucsovics,player2,other,0.5288715142024433,1.97,0.48429319371727747,0.0445783204851658,0.0418768829788132,False,1.0,-1.0
2023-01-16,Australian Open,R64,Hard,5,Constant Lestienne,Cameron Norrie,player2,other,0.17065600878298895,7.11,0.13398294762484775,0.0366730611581412,0.21336422244705155,False,1.0,-1.0
2023-01-16,Australian Open,R64,Hard,5,Corentin Moutet,Francisco Cerundolo,player1,other,0.5757004365856705,1.85,0.5157068062827225,0.05999363030294802,0.06504580768349044,False,1.0,-1.0
2023-01-16,Australian Open,R64,Hard,5,Jeremy Chardy,Daniel Evans,player2,other,0.24362026178213603,6.27,0.15155615696887687,0.09206410481325916,0.5274990413739927,False,1.0,-1.0
2023-01-16,Australian Open,R64,Hard,5,Ugo Humbert,Denis Kudla,player2,other,0.7165047026144391,1.44,0.6611764705882353,0.05532823202620385,0.031766771764792257,True,1.0,0.43999999999999995
2023-01-16,Australian Open,R64,Hard,5,Laslo Djere,Grigor Dimitrov,player2,other,0.2663801371773258,3.97,0.23946360153256702,0.026916535644758766,0.057529144593983395,False,1.0,-1.0
2023-01-16,Australian Open,R64,Hard,5,Alexei Popyrin,Taylor Fritz,player2,top_10,0.15333473814266402,7.16,0.13317191283292978,0.020162825309734234,0.09787672510147438,True,1.0,6.16
2023-01-16,Australian Open,R64,Hard,5,Andy Murray,Thanasi Kokkinakis,player1,other,0.4456364133765656,2.42,0.39348370927318294,0.052152704103382685,0.07844012037128867,True,1.0,1.42
2023-01-16,Australian Open,R32,Hard,5,Tallon Griekspoor,Stefanos Tsitsipas,player2,top_10,0.13661987985696747,7.71,0.12386363636363637,0.012756243493331099,0.053339273697219136,False,1.0,-1.0
2023-01-16,Australian Open,R32,Hard,5,Marton Fucsovics,Jannik Sinner,player2,other,0.16738891435190675,6.6,0.14396887159533076,0.023420042756576,0.10476683472258452,False,1.0,-1.0
2023-01-16,Australian Open,R32,Hard,5,Andrey Rublev,Daniel Evans,player1,top_10,0.8626889063836068,1.31,0.7270833333333334,0.13560557305027343,0.13012246736252503,True,1.0,0.31000000000000005
2023-01-16,Australian Open,R32,Hard,5,Novak Djokovic,Grigor Dimitrov,player1,top_10,0.8809048790588477,1.2,0.7927461139896373,0.08815876506921039,0.057085854870617236,True,1.0,0.19999999999999996
2023-01-16,Australian Open,R16,Hard,5,Stefanos Tsitsipas,Jannik Sinner,player2,top_10,0.7045263652383866,1.47,0.6483253588516746,0.056201006386711994,0.035653756900428324,True,1.0,0.47
2023-01-16,Australian Open,QF,Hard,5,Sebastian Korda,Karen Khachanov,player2,other,0.6180088989422805,1.78,0.5376623376623377,0.08034656127994277,0.10005584011725932,False,1.0,-1.0
2023-01-16,Australian Open,QF,Hard,5,Andrey Rublev,Novak Djokovic,player2,top_10,0.17007699833189308,6.25,0.15311653116531165,0.016960467166581422,0.06298123957433166,False,1.0,-1.0
2023-01-16,Australian Open,SF,Hard,5,Tommy Paul,Novak Djokovic,player1,top_10,0.10944932427323965,10.67,0.08959044368600684,0.019858880587232813,0.16782428999546706,False,1.0,-1.0
2023-02-06,Montpellier,R32,Hard,3,Filip Krajinovic,Aslan Karatsev,player1,other,0.5727048147296083,1.8,0.5263157894736842,0.04638902525592414,0.030868666513295007,True,1.0,0.8
2023-02-06,Montpellier,R16,Hard,3,Alejandro Davidovich Fokina,Quentin Halys,player2,other,0.6510743185381274,1.75,0.5406824146981627,0.11039190383996467,0.13938005744172288,False,1.0,-1.0
2023-02-06,Montpellier,SF,Hard,3,Holger Rune,Maxime Cressy,player1,top_10,0.856229904242284,1.24,0.7655954631379962,0.09063444110428776,0.06172508126043211,False,1.0,-1.0
2023-02-06,Dallas,R32,Hard,3,Chun Hsin Tseng,John Isner,player2,other,0.3214264397457271,3.6,0.26229508196721313,0.05913135777851397,0.1571351830846176,False,1.0,-1.0
2023-02-06,Dallas,R16,Hard,3,Frances Tiafoe,Mackenzie Mcdonald,player2,other,0.7153080544354896,1.53,0.6194029850746269,0.09590506936086274,0.09442132328629915,True,1.0,0.53
2023-02-06,Dallas,R16,Hard,3,Radu Albot,J J Wolf,player2,other,0.21413372106978967,5.37,0.1763803680981595,0.03775335297163018,0.14989808214477052,False,1.0,-1.0
2023-02-06,Dallas,R16,Hard,3,Jack Sock,Taylor Fritz,player1,top_10,0.17778441897267774,5.98,0.1589310829817159,0.01885333599096184,0.06315082545661299,False,1.0,-1.0
2023-02-06,Dallas,QF,Hard,3,Taylor Fritz,Marcos Giron,player1,top_10,0.8726077880632234,1.23,0.7696629213483147,0.10294486671490866,0.07330757931776472,True,1.0,0.22999999999999998
2023-02-06,Dallas,SF,Hard,3,Taylor Fritz,Yibing Wu,player1,top_10,0.8352470239162079,1.29,0.7372708757637474,0.09797614815246047,0.07746866085190818,False,1.0,-1.0
2023-02-06,Cordoba,R32,Clay,3,Alejandro Tabilo,Federico Delbonis,player1,other,0.5726370391037299,1.82,0.5185185185185185,0.05411852058521138,0.04219941116878839,False,1.0,-1.0
2023-02-06,Cordoba,R32,Clay,3,Marco Cecchinato,Facundo Bagnis,player1,other,0.5066573093373258,2.1,0.450261780104712,0.05639552923261376,0.06398034960838417,True,1.0,1.1
2023-02-06,Cordoba,SF,Clay,3,Sebastian Baez,Hugo Dellien,player1,other,0.703569951435098,1.48,0.6399026763990268,0.06366727503607128,0.04128352812394509,True,1.0,0.48
2023-02-13,Rotterdam,R32,Hard,3,Alex De Minaur,Andrey Rublev,player2,top_10,0.4934742307798115,2.71,0.34855769230769235,0.14491653847211916,0.3373151654132891,True,1.0,1.71
2023-02-13,Rotterdam,R32,Hard,3,Grigor Dimitrov,Aslan Karatsev,player2,other,0.7689362661152878,1.35,0.7019867549668874,0.06694951114840031,0.038063959255638546,True,1.0,0.3500000000000001
2023-02-13,Rotterdam,R32,Hard,3,Hubert Hurkacz,Roberto Bautista Agut,player2,top_10,0.7381426024382135,1.64,0.577319587628866,0.16082301480934746,0.2105538679986701,True,1.0,0.6399999999999999
2023-02-13,Rotterdam,R32,Hard,3,Botic Van De Zandschulp,Quentin Halys,player2,other,0.6513300763194185,1.69,0.5587467362924282,0.09258334002699031,0.10074782897981727,True,1.0,0.69
2023-02-13,Rotterdam,R32,Hard,3,Mikael Ymer,Tallon Griekspoor,player1,other,0.5300254950110154,1.97,0.48157894736842105,0.04844654764259432,0.04415022517170031,False,1.0,-1.0
2023-02-13,Rotterdam,R16,Hard,3,Hubert Hurkacz,Grigor Dimitrov,player1,top_10,0.5733646645670585,1.83,0.5171503957783641,0.0562142687886944,0.04925733615771705,False,1.0,-1.0
2023-02-13,Rotterdam,R16,Hard,3,Felix Auger Aliassime,Gregoire Barrere,player1,top_10,0.8706276803991789,1.2,0.7883597883597884,0.08226789203939056,0.044753216479014674,True,1.0,0.19999999999999996
2023-02-13,Rotterdam,R16,Hard,3,Botic Van De Zandschulp,Daniil Medvedev,player1,other,0.17650822278085687,6.03,0.15782122905027934,0.018686993730577528,0.06434458336856697,False,1.0,-1.0
2023-02-13,Rotterdam,R16,Hard,3,Stan Wawrinka,Richard Gasquet,player1,other,0.6561099629929706,1.62,0.5846153846153845,0.0714945783775861,0.0628981400486125,True,1.0,0.6200000000000001
2023-02-13,Rotterdam,R16,Hard,3,Jannik Sinner,Stefanos Tsitsipas,player1,top_10,0.511136423148003,2.16,0.4375,0.073636423148003,0.1040546739996866,True,1.0,1.1600000000000001
2023-02-13,Rotterdam,QF,Hard,3,Felix Auger Aliassime,Daniil Medvedev,player2,top_10,0.48959218485850897,2.26,0.41902313624678666,0.07056904861172231,0.10647833778023019,False,1.0,-1.0
2023-02-13,Rotterdam,F,Hard,3,Jannik Sinner,Daniil Medvedev,player1,other,0.46872877760393816,2.3,0.411764705882353,0.056964071721585186,0.07807618848905773,False,1.0,-1.0
2023-02-13,Delray Beach,R32,Hard,3,Fernando Verdasco,Radu Albot,player1,other,0.41147201009977324,2.53,0.37376237623762376,0.03770963386214948,0.04102418555242626,False,1.0,-1.0
2023-02-13,Delray Beach,R32,Hard,3,Aleksandar Vukic,Christopher Eubanks,player2,other,0.45513434081196663,2.27,0.41645244215938304,0.03868189865258359,0.03315495364316423,True,1.0,1.27
2023-02-13,Delray Beach,R32,Hard,3,Adrian Mannarino,Daniel Altmaier,player2,other,0.7476862905120255,1.39,0.6782407407407407,0.06944554977128481,0.039283943811715405,True,1.0,0.3899999999999999
2023-02-13,Delray Beach,R16,Hard,3,Miomir Kecmanovic,Nuno Borges,player1,other,0.7240791222229297,1.46,0.6490384615384616,0.07504066068446813,0.05715551844547734,True,1.0,0.45999999999999996
2023-02-13,Delray Beach,R16,Hard,3,Yoshihito Nishioka,Mackenzie Mcdonald,player2,other,0.6001964829124756,1.79,0.5289473684210526,0.07124911449142302,0.07435170441333139,False,1.0,-1.0
2023-02-13,Delray Beach,R16,Hard,3,Emilio Gomez,Taylor Fritz,player2,top_10,0.13829290156334842,8.04,0.11745334796926454,0.020839553594083876,0.11187492856932113,False,1.0,-1.0
2023-02-13,Delray Beach,QF,Hard,3,Adrian Mannarino,Taylor Fritz,player1,top_10,0.2961514438565586,3.86,0.24461839530332682,0.05153304855323179,0.14314457328631625,False,1.0,-1.0
2023-02-13,Buenos Aires,R32,Clay,3,Jaume Munar,Guido Pella,player1,other,0.7036656357171541,1.51,0.6234413965087281,0.08022423920842603,0.06253510993290273,True,1.0,0.51
2023-02-13,Buenos Aires,R16,Clay,3,Carlos Alcaraz,Laslo Djere,player1,top_10,0.82912736464213,1.26,0.7490039840637449,0.08012338057838508,0.04470047944908381,True,1.0,0.26
2023-02-13,Buenos Aires,F,Clay,3,Cameron Norrie,Carlos Alcaraz,player1,top_10,0.236851657311781,4.96,0.19086460032626426,0.04598705698551675,0.1747842202664338,False,1.0,-1.0
2023-02-20,Doha,R16,Hard,3,Alexander Zverev,Andy Murray,player1,other,0.6799140802677721,1.63,0.578811369509044,0.10110271075872812,0.1082599508364685,False,1.0,-1.0
2023-02-20,Doha,R16,Hard,3,Andrey Rublev,Tallon Griekspoor,player1,top_10,0.8341587243934172,1.27,0.7454909819639278,0.08866774242948938,0.05938157997963986,True,1.0,0.27
2023-02-20,Doha,QF,Hard,3,Felix Auger Aliassime,Alejandro Davidovich Fokina,player2,top_10,0.8165094310932933,1.33,0.7096069868995633,0.10690244419373007,0.08595754335408018,True,1.0,0.33000000000000007
2023-02-20,Doha,F,Hard,3,Andy Murray,Daniil Medvedev,player2,top_10,0.17778196162479395,5.89,0.16096866096866097,0.016813300656132985,0.04713575397003633,False,1.0,-1.0
2023-02-20,Marseille,R32,Hard,3,Zizou Bergs,Stan Wawrinka,player2,other,0.31537408668309125,3.51,0.26875,0.04662408668309126,0.10696304425765013,False,1.0,-1.0
2023-02-20,Marseille,R32,Hard,3,Marc Andrea Huesler,Gregoire Barrere,player1,other,0.48396837736837856,2.19,0.43116883116883115,0.05279954619954741,0.059890746436748965,False,1.0,-1.0
2023-02-20,Marseille,R16,Hard,3,Richard Gasquet,Stan Wawrinka,player1,other,0.38947982415919286,2.75,0.3436754176610979,0.045804406498094974,0.07106951643778026,False,1.0,-1.0
2023-02-20,Marseille,R16,Hard,3,Alexander Bublik,Gregoire Barrere,player1,other,0.5104634441137009,2.02,0.4684210526315789,0.04204239148212202,0.031136157109675877,True,1.0,1.02
2023-02-20,Marseille,R16,Hard,3,Mikael Ymer,David Goffin,player2,other,0.5583012397704307,1.97,0.4802110817941952,0.07809015797623547,0.0998534423477484,True,1.0,0.97
2023-02-20,Marseille,QF,Hard,3,Alex De Minaur,Benjamin Bonzi,player2,other,0.7815731596051955,1.32,0.7155172413793104,0.06605591822588508,0.03167657067885804,False,1.0,-1.0
2023-02-20,Rio De Janeiro,R32,Clay,3,Thomaz Bellucci,Sebastian Baez,player2,other,0.17887508678350708,11.91,0.07959814528593508,0.099276941497572,1.1304022835915695,False,1.0,-1.0
2023-02-20,Rio De Janeiro,R16,Clay,3,Alex Molcan,Hugo Dellien,player2,other,0.5305959637303954,2.08,0.4540682414698162,0.07652772226057919,0.1036396045592225,False,1.0,-1.0
2023-02-20,Rio De Janeiro,R16,Clay,3,Fabio Fognini,Carlos Alcaraz,player2,top_10,0.1275800746953487,8.81,0.10739614994934145,0.020183924746007262,0.1239804580660222,False,1.0,-1.0
2023-02-20,Rio De Janeiro,QF,Clay,3,Sebastian Baez,Nicolas Jarry,player1,other,0.5556165359952282,2.06,0.4593175853018373,0.0962989506933909,0.14457006415017015,False,1.0,-1.0
2023-02-27,Dubai,R32,Hard,3,Malek Jaziri,Alejandro Davidovich Fokina,player2,other,0.15644560547751069,16.76,0.05683736634777715,0.09960823912973354,1.6220283478030793,False,1.0,-1.0
2023-02-27,Dubai,R32,Hard,3,Alexander Zverev,Jiri Lehecka,player2,other,0.6078457384777632,1.8,0.5263157894736842,0.08152994900407906,0.09412232925997388,True,1.0,0.8
2023-02-27,Dubai,R32,Hard,3,Tomas Machac,Novak Djokovic,player2,top_10,0.09148843705894712,11.28,0.08441558441558442,0.007072852643362701,0.03198957002492342,False,1.0,-1.0
2023-02-27,Dubai,R16,Hard,3,Andrey Rublev,Alejandro Davidovich Fokina,player2,top_10,0.7953876691847125,1.32,0.7167381974248926,0.07864947175981984,0.049911723323820545,True,1.0,0.32000000000000006
2023-02-27,Dubai,R16,Hard,3,Borna Coric,Thanasi Kokkinakis,player2,other,0.6739174429914908,1.73,0.5483028720626633,0.12561457092882755,0.1658771763752791,True,1.0,0.73
2023-02-27,Dubai,QF,Hard,3,Andrey Rublev,Botic Van De Zandschulp,player1,top_10,0.8185652923908825,1.39,0.6811926605504588,0.1373726318404237,0.1378057564233266,True,1.0,0.3899999999999999
2023-02-27,Dubai,QF,Hard,3,Alexander Zverev,Lorenzo Sonego,player1,other,0.7180964320486636,1.44,0.6571428571428571,0.06095357490580644,0.03405886215007553,True,1.0,0.43999999999999995
2023-02-27,Dubai,SF,Hard,3,Novak Djokovic,Daniil Medvedev,player2,top_10,0.7747679692959016,1.44,0.6579572446555819,0.11681072464031972,0.11566587578609833,False,1.0,-1.0
2023-02-27,Acapulco,R32,Hard,3,Yoshihito Nishioka,Frances Tiafoe,player2,other,0.4078583098894035,2.57,0.36855036855036855,0.03930794133903498,0.04819585641576696,False,1.0,-1.0
2023-02-27,Acapulco,R32,Hard,3,Taylor Fritz,John Isner,player1,top_10,0.8457437393768884,1.27,0.7444668008048291,0.10127693857205933,0.07409454900864829,True,1.0,0.27
2023-02-27,Acapulco,R32,Hard,3,Brandon Nakashima,Daniel Altmaier,player1,other,0.7170712233215815,1.46,0.6473429951690821,0.06972822815249935,0.046923986049508926,True,1.0,0.45999999999999996
2023-02-27,Acapulco,R16,Hard,3,Casper Ruud,Taro Daniel,player2,top_10,0.7960056674736286,1.31,0.7212765957446808,0.07472907172894772,0.042767424390453446,False,1.0,-1.0
2023-02-27,Acapulco,R16,Hard,3,Elias Ymer,Matteo Berrettini,player1,other,0.14011816768864305,8.08,0.11693989071038251,0.02317827697826054,0.13215479492423587,False,1.0,-1.0
2023-02-27,Acapulco,R16,Hard,3,Feliciano Lopez,Frances Tiafoe,player1,other,0.14477647453294837,8.3,0.1141942369263607,0.030582237606587667,0.20164473862347154,False,1.0,-1.0
2023-02-27,Acapulco,R16,Hard,3,Brandon Nakashima,Mackenzie Mcdonald,player2,other,0.5409344520569456,1.93,0.4907651715039578,0.05016928055298775,0.04400349246990487,False,1.0,-1.0
2023-02-27,Acapulco,QF,Hard,3,Taylor Fritz,Frances Tiafoe,player1,top_10,0.7372344706917922,1.49,0.6348039215686274,0.10243054912316474,0.09847936133077029,True,1.0,0.49
2023-02-27,Acapulco,QF,Hard,3,Tommy Paul,Mackenzie Mcdonald,player2,other,0.6475023095874778,1.63,0.5820512820512821,0.0654510275361957,0.05542876462758872,True,1.0,0.6299999999999999
2023-02-27,Acapulco,SF,Hard,3,Alex De Minaur,Holger Rune,player1,top_10,0.4208465126965691,2.61,0.3618581907090465,0.058988321987522574,0.09840939813804517,True,1.0,1.6099999999999999
2023-02-27,Acapulco,SF,Hard,3,Taylor Fritz,Tommy Paul,player1,top_10,0.7383429949773056,1.53,0.6194029850746269,0.11894000990267872,0.12966478231527756,False,1.0,-1.0
2023-02-27,Santiago,R16,Clay,3,Juan Manuel Cerundolo,Dusan Lajovic,player1,other,0.42609060115400704,2.49,0.3790523690773067,0.047038232076700326,0.06096559687347769,False,1.0,-1.0
2023-03-06,Indian Wells Masters,R128,Hard,4,Gael Monfils,Jordan Thompson,player1,other,0.4758168362536221,2.31,0.41071428571428575,0.06510255053933633,0.09913689174586715,False,1.0,-1.0
2023-03-06,Indian Wells Masters,R128,Hard,4,Jaume Munar,Yibing Wu,player2,other,0.35285162508852025,3.06,0.3108108108108108,0.04204081427770945,0.07972597277087201,False,1.0,-1.0
2023-03-06,Indian Wells Masters,R128,Hard,4,Brandon Nakashima,John Isner,player2,other,0.5346250447751743,1.95,0.48818897637795283,0.04643606839722142,0.042518837311589786,True,1.0,0.95
2023-03-06,Indian Wells Masters,R128,Hard,4,Dominic Thiem,Adrian Mannarino,player2,other,0.5718002176970004,2.0,0.4750656167979003,0.09673460089910008,0.1436004353940008,False,1.0,-1.0
2023-03-06,Indian Wells Masters,R128,Hard,4,Thiago Monteiro,Guido Pella,player1,other,0.6925965907809561,1.5,0.6323529411764707,0.06024364960448547,0.03889488617143422,False,1.0,-1.0
2023-03-06,Indian Wells Masters,R64,Hard,4,Maxime Cressy,Alejandro Tabilo,player1,other,0.7026442691128832,1.5,0.6332518337408313,0.06939243537205197,0.05396640366932487,False,1.0,-1.0
2023-03-06,Indian Wells Masters,R64,Hard,4,Andrey Rublev,Jiri Lehecka,player1,top_10,0.7071086447310204,1.46,0.6515513126491647,0.05555733208185576,0.0323786213072898,True,1.0,0.45999999999999996
2023-03-06,Indian Wells Masters,R64,Hard,4,Pedro Cachin,Alexander Zverev,player1,other,0.13811036634946003,8.93,0.107,0.03111036634946003,0.23332557150067812,False,1.0,-1.0
2023-03-06,Indian Wells Masters,R64,Hard,4,Emil Ruusuvuori,Roberto Bautista Agut,player2,other,0.4665774663787827,2.33,0.40712468193384227,0.059452784444940454,0.08712549666256375,True,1.0,1.33
2023-03-06,Indian Wells Masters,R64,Hard,4,Holger Rune,Mackenzie Mcdonald,player1,top_10,0.8444965358896858,1.35,0.705240174672489,0.13925636121719676,0.14007032345107584,True,1.0,0.3500000000000001
2023-03-06,Indian Wells Masters,R64,Hard,4,Richard Gasquet,Jannik Sinner,player1,other,0.18312857094883114,7.93,0.11986681465038847,0.06326175629844268,0.4522095676242309,False,1.0,-1.0
2023-03-06,Indian Wells Masters,R64,Hard,4,Pedro Martinez,Felix Auger Aliassime,player2,top_10,0.12977944520273899,8.07,0.11803278688524592,0.011746658317493067,0.04732012278610365,False,1.0,-1.0
2023-03-06,Indian Wells Masters,R64,Hard,4,Carlos Alcaraz,Thanasi Kokkinakis,player2,top_10,0.8043474777960787,1.34,0.7099567099567099,0.09439076783936884,0.07782562024674555,True,1.0,0.3400000000000001
2023-03-06,Indian Wells Masters,R32,Hard,4,Ugo Humbert,Andrey Rublev,player1,top_10,0.25582855080585304,4.21,0.22610294117647062,0.02972560962938242,0.0770381988926413,False,1.0,-1.0
2023-03-06,Indian Wells Masters,R32,Hard,4,Karen Khachanov,Alejandro Davidovich Fokina,player2,other,0.6361765339369776,1.64,0.5816326530612244,0.05454388087575324,0.04332951565664317,False,1.0,-1.0
2023-03-06,Indian Wells Masters,R32,Hard,4,Ilya Ivashka,Daniil Medvedev,player2,top_10,0.10137760882262233,13.4,0.07137907137907137,0.02999853744355095,0.35845995822313914,False,1.0,-1.0
2023-03-06,Indian Wells Masters,R32,Hard,4,Holger Rune,Stan Wawrinka,player2,top_10,0.8267295934059572,1.25,0.7628083491461101,0.06392124425984713,0.033411991757446496,False,1.0,-1.0
2023-03-06,Indian Wells Masters,R32,Hard,4,Adrian Mannarino,Jannik Sinner,player1,other,0.16971013464773024,6.89,0.13875,0.03096013464773023,0.16930282772286132,False,1.0,-1.0
2023-03-06,Indian Wells Masters,R32,Hard,4,Jack Draper,Andy Murray,player1,other,0.6304112502053449,1.65,0.5769230769230769,0.05348817328226807,0.0401785628388191,True,1.0,0.6499999999999999
2023-03-06,Indian Wells Masters,R16,Hard,4,Stan Wawrinka,Jannik Sinner,player2,other,0.21950804489503858,4.81,0.19833333333333336,0.021174711561705223,0.05583369594513554,False,1.0,-1.0
2023-03-06,Indian Wells Masters,R16,Hard,4,Felix Auger Aliassime,Tommy Paul,player1,top_10,0.6855422130551055,1.84,0.5157894736842105,0.16975273937089508,0.2613976720213943,True,1.0,0.8400000000000001
2023-03-06,Indian Wells Masters,R16,Hard,4,Carlos Alcaraz,Jack Draper,player1,top_10,0.7992026140852501,1.29,0.7372708757637474,0.06193173832150267,0.030971372169972616,True,1.0,0.29000000000000004
2023-03-06,Indian Wells Masters,QF,Hard,4,Daniil Medvedev,Alejandro Davidovich Fokina,player2,top_10,0.8664970207313297,1.23,0.7717996289424861,0.09469739178884362,0.06579133549953556,True,1.0,0.22999999999999998
2023-03-06,Indian Wells Masters,SF,Hard,4,Frances Tiafoe,Daniil Medvedev,player1,top_10,0.24794406513972236,4.18,0.22735674676524953,0.020587318374472835,0.03640619228403941,False,1.0,-1.0
2023-03-06,Indian Wells Masters,F,Hard,4,Daniil Medvedev,Carlos Alcaraz,player2,top_10,0.5300438135962713,2.06,0.46354166666666663,0.06650214692960466,0.0918902560083189,False,1.0,-1.0
2023-03-20,Miami Masters,R128,Hard,4,Federico Coria,Jiri Lehecka,player2,other,0.19354973415623397,6.2,0.15300546448087432,0.04054426967535965,0.20000835176865062,False,1.0,-1.0
2023-03-20,Miami Masters,R128,Hard,4,Pedro Martinez,Quentin Halys,player1,other,0.312002936795214,3.36,0.28205128205128205,0.029951654743931966,0.04832986763191904,False,1.0,-1.0
2023-03-20,Miami Masters,R128,Hard,4,Gael Monfils,Ugo Humbert,player1,other,0.29369084157502107,3.51,0.2702702702702703,0.02342057130475078,0.030854853928323878,False,1.0,-1.0
2023-03-20,Miami Masters,R128,Hard,4,Ilya Ivashka,Daniel Altmaier,player2,other,0.7035259012639213,1.55,0.6115288220551378,0.09199707920878353,0.09046514695907809,True,1.0,0.55
2023-03-20,Miami Masters,R128,Hard,4,Kyle Edmund,Yibing Wu,player1,other,0.20203425480626455,5.8,0.16305916305916304,0.03897509174710151,0.1717986778763344,False,1.0,-1.0
2023-03-20,Miami Masters,R128,Hard,4,Juan Pablo Varillas,Guido Pella,player1,other,0.5585471196170674,1.99,0.47631578947368425,0.08223133014338313,0.11150876803796406,False,1.0,-1.0
2023-03-20,Miami Masters,R128,Hard,4,Brandon Nakashima,Oscar Otte,player2,other,0.7755546413320783,1.33,0.7108695652173914,0.06468507611468688,0.031487672971664216,True,1.0,0.33000000000000007
2023-03-20,Miami Masters,R64,Hard,4,Sebastian Baez,Cristian Garin,player2,other,0.434159752897721,2.4,0.393939393939394,0.04022035895832704,0.0419834069545304,False,1.0,-1.0
2023-03-20,Miami Masters,R64,Hard,4,Roberto Carballes Baena,Daniil Medvedev,player2,top_10,0.09170625482770417,15.38,0.06219512195121951,0.029511132876484658,0.4104421992500902,False,1.0,-1.0
2023-03-20,Miami Masters,R64,Hard,4,Borna Coric,Christopher Eubanks,player1,other,0.7538133916262809,1.38,0.6870748299319728,0.06673856169430814,0.04026248044426756,False,1.0,-1.0
2023-03-20,Miami Masters,R64,Hard,4,Hubert Hurkacz,Thanasi Kokkinakis,player1,top_10,0.8122893381016306,1.31,0.7236286919831223,0.08866064611850832,0.06409903291313618,True,1.0,0.31000000000000005
2023-03-20,Miami Masters,R64,Hard,4,Andrey Rublev,J J Wolf,player1,top_10,0.844467232578063,1.24,0.7651515151515152,0.07931571742654775,0.04713936839679811,True,1.0,0.24
2023-03-20,Miami Masters,R64,Hard,4,Laslo Djere,Jannik Sinner,player2,other,0.1514643672914318,8.85,0.10696266397578205,0.04450170331564976,0.3404596505291715,False,1.0,-1.0
2023-03-20,Miami Masters,R64,Hard,4,Casper Ruud,Ilya Ivashka,player1,top_10,0.7326400701684005,1.41,0.6705607476635514,0.062079322504849044,0.03302249893744463,True,1.0,0.4099999999999999
2023-03-20,Miami Masters,R64,Hard,4,Facundo Bagnis,Carlos Alcaraz,player1,top_10,0.09701065578998398,20.39,0.047196261682242995,0.04981439410774099,0.9780472715577736,False,1.0,-1.0
2023-03-20,Miami Masters,R32,Hard,4,Alex Molcan,Daniil Medvedev,player1,top_10,0.09674904225160878,11.12,0.08552631578947369,0.011222726462135096,0.0758493498378896,False,1.0,-1.0
2023-03-20,Miami Masters,R32,Hard,4,Gregoire Barrere,Christopher Eubanks,player2,other,0.5967096394265905,1.74,0.544502617801047,0.05220702162554347,0.03827477260226747,False,1.0,-1.0
2023-03-20,Miami Masters,R32,Hard,4,Hubert Hurkacz,Adrian Mannarino,player1,top_10,0.8396097198609485,1.28,0.7393075356415478,0.10030218421940063,0.07470044142201404,False,1.0,-1.0
2023-03-20,Miami Masters,R32,Hard,4,Andrey Rublev,Miomir Kecmanovic,player1,top_10,0.8670378268299542,1.22,0.7769652650822669,0.0900725617476873,0.057786148732544146,True,1.0,0.21999999999999997
2023-03-20,Miami Masters,R32,Hard,4,Grigor Dimitrov,Jannik Sinner,player1,other,0.25896100839247904,4.17,0.2263450834879406,0.032615924904538435,0.07986740499663758,False,1.0,-1.0
2023-03-20,Miami Masters,R32,Hard,4,Casper Ruud,Botic Van De Zandschulp,player2,top_10,0.8047529028017513,1.32,0.7185501066098081,0.08620279619194315,0.062273831698311743,False,1.0,-1.0
2023-03-20,Miami Masters,R32,Hard,4,Alejandro Davidovich Fokina,Tommy Paul,player2,other,0.44425908791043617,2.32,0.40816326530612246,0.03609582260431371,0.03068108395221192,False,1.0,-1.0
2023-03-20,Miami Masters,R32,Hard,4,Dusan Lajovic,Carlos Alcaraz,player1,top_10,0.10666607791075378,14.98,0.06375,0.042916077910753775,0.5978578471030915,False,1.0,-1.0
2023-03-20,Miami Masters,R16,Hard,4,Stefanos Tsitsipas,Karen Khachanov,player1,top_10,0.7227047607191714,1.95,0.48548812664907653,0.2372166340700949,0.40927428340238425,False,1.0,-1.0
2023-03-20,Miami Masters,R16,Hard,4,Quentin Halys,Daniil Medvedev,player2,top_10,0.17106305087057302,8.27,0.11456102783725912,0.056502023033313906,0.41469143069963876,False,1.0,-1.0
2023-03-20,Miami Masters,R16,Hard,4,Holger Rune,Taylor Fritz,player1,top_10,0.5002419716661622,2.2,0.43005181347150256,0.07019015819465968,0.10053233766555703,False,1.0,-1.0
2023-03-20,Miami Masters,R16,Hard,4,Tommy Paul,Carlos Alcaraz,player1,top_10,0.2713708168464189,5.47,0.17371601208459214,0.09765480476182675,0.48439836814991133,False,1.0,-1.0
2023-03-20,Miami Masters,QF,Hard,4,Christopher Eubanks,Daniil Medvedev,player2,top_10,0.10992426579099389,11.43,0.08340016038492383,0.02652410540607006,0.25643435799106007,False,1.0,-1.0
2023-03-20,Miami Masters,QF,Hard,4,Emil Ruusuvuori,Jannik Sinner,player2,other,0.17964832361162508,6.07,0.15694444444444441,0.02270387916718067,0.09046532432256427,False,1.0,-1.0
2023-03-20,Miami Masters,QF,Hard,4,Taylor Fritz,Carlos Alcaraz,player1,top_10,0.3656675476601657,4.19,0.2269372693726937,0.13873027828747198,0.5321470246960942,False,1.0,-1.0
2023-03-20,Miami Masters,SF,Hard,4,Jannik Sinner,Carlos Alcaraz,player1,top_10,0.3928788887881245,2.92,0.32407407407407407,0.06880481471405042,0.14720635526132353,True,1.0,1.92
2023-04-03,Houston,R32,Clay,3,Fernando Verdasco,Jason Kubler,player1,other,0.2780448929840349,4.1,0.2293233082706767,0.04872158471335819,0.139984061234543,False,1.0,-1.0
2023-04-03,Estoril,R32,Clay,3,Pedro Cachin,Chun Hsin Tseng,player2,other,0.6361558677616325,1.64,0.5784061696658098,0.057749698095822644,0.0432956231290772,True,1.0,0.6399999999999999
2023-04-03,Estoril,QF,Clay,3,Dominic Thiem,Quentin Halys,player2,other,0.6019317119268411,1.74,0.544502617801047,0.05742909412579411,0.04736117875270357,False,1.0,-1.0
2023-04-03,Estoril,QF,Clay,3,Casper Ruud,Sebastian Baez,player2,top_10,0.755973789021063,1.43,0.6619385342789598,0.09403525474210328,0.0810425183001201,True,1.0,0.42999999999999994
2023-04-03,Estoril,SF,Clay,3,Casper Ruud,Quentin Halys,player2,top_10,0.8422086399409178,1.25,0.7553816046966731,0.08682703524424462,0.05276079992614721,True,1.0,0.25
2023-04-03,Estoril,F,Clay,3,Casper Ruud,Miomir Kecmanovic,player1,top_10,0.7720213694654344,1.42,0.6650943396226415,0.1069270298427929,0.09627034464091683,True,1.0,0.41999999999999993
2023-04-10,Monte Carlo Masters,R64,Clay,4,Andy Murray,Alex De Minaur,player2,other,0.4155084634028657,2.53,0.37376237623762376,0.04174608716524192,0.05123641240925003,False,1.0,-1.0
2023-04-10,Monte Carlo Masters,R64,Clay,4,Karen Khachanov,Alejandro Davidovich Fokina,player2,other,0.5764421678731556,1.79,0.5314136125654451,0.04502855530771055,0.03183148049294854,True,1.0,0.79
2023-04-10,Monte Carlo Masters,R64,Clay,4,Dominic Thiem,Richard Gasquet,player1,other,0.706120421021597,1.57,0.6045340050377834,0.10158641598381357,0.10860906100390733,True,1.0,0.5700000000000001
2023-04-10,Monte Carlo Masters,R64,Clay,4,David Goffin,Diego Schwartzman,player2,other,0.46596038621497476,2.26,0.41902313624678666,0.0469372499681881,0.053070472845842875,False,1.0,-1.0
2023-04-10,Monte Carlo Masters,R32,Clay,4,Casper Ruud,Botic Van De Zandschulp,player1,top_10,0.8526849179749524,1.21,0.7803992740471869,0.07228564392776549,0.031748750749692356,True,1.0,0.20999999999999996
2023-04-10,Monte Carlo Masters,R32,Clay,4,Alex De Minaur,Jan Lennard Struff,player1,other,0.6610625131242159,1.58,0.601010101010101,0.06005241211411494,0.04447877073626122,False,1.0,-1.0
2023-04-10,Monte Carlo Masters,R32,Clay,4,Matteo Berrettini,Francisco Cerundolo,player1,other,0.5782102397779046,1.79,0.5301837270341206,0.048026512743784,0.03499632920244933,True,1.0,0.79
2023-04-10,Monte Carlo Masters,R32,Clay,4,Daniil Medvedev,Lorenzo Sonego,player1,top_10,0.791941329139615,1.32,0.717948717948718,0.07399261119089706,0.04536255446429188,True,1.0,0.32000000000000006
2023-04-10,Monte Carlo Masters,R32,Clay,4,Jack Draper,Hubert Hurkacz,player1,other,0.43381116429424993,2.38,0.39898989898989906,0.03482126530435087,0.03247057102031481,False,1.0,-1.0
2023-04-10,Monte Carlo Masters,R16,Clay,4,Casper Ruud,Jan Lennard Struff,player2,top_10,0.7996938137479775,1.32,0.7191489361702128,0.08054487757776474,0.05559583414733038,False,1.0,-1.0
2023-04-10,Monte Carlo Masters,R16,Clay,4,Matteo Berrettini,Holger Rune,player1,top_10,0.5042298727845989,2.77,0.33890214797136037,0.16532772481323849,0.39671674761333886,False,1.0,-1.0
2023-04-10,Monte Carlo Masters,QF,Clay,4,Stefanos Tsitsipas,Taylor Fritz,player1,top_10,0.8168196655053515,1.33,0.712742980561555,0.1040766849437964,0.08637015512211749,False,1.0,-1.0
2023-04-10,Monte Carlo Masters,QF,Clay,4,Daniil Medvedev,Holger Rune,player1,top_10,0.4971479270267281,2.13,0.44531250000000006,0.051835427026728054,0.0589250845669308,False,1.0,-1.0
2023-04-10,Monte Carlo Masters,SF,Clay,4,Andrey Rublev,Taylor Fritz,player2,top_10,0.54295067065097,1.9,0.5013123359580053,0.04163833469296474,0.03160627423684298,True,1.0,0.8999999999999999
2023-04-10,Monte Carlo Masters,SF,Clay,4,Jannik Sinner,Holger Rune,player2,top_10,0.7263078732193883,1.54,0.6159600997506234,0.1103477734687649,0.118514124757858,False,1.0,-1.0
2023-04-10,Monte Carlo Masters,F,Clay,4,Andrey Rublev,Holger Rune,player2,top_10,0.42473086891901213,2.46,0.38653366583541143,0.038197203083600695,0.04483793754076981,True,1.0,1.46
2023-04-17,Munich,R16,Clay,3,Taylor Fritz,Marton Fucsovics,player1,top_10,0.8178950974807012,1.32,0.7167381974248926,0.10115690005580857,0.07962152867452565,True,1.0,0.32000000000000006
2023-04-17,Munich,R16,Clay,3,Botic Van De Zandschulp,Aslan Karatsev,player1,other,0.7110076508794703,1.46,0.6473429951690821,0.06366465571038815,0.03807117028402657,True,1.0,0.45999999999999996
2023-04-17,Munich,QF,Clay,3,Dominic Thiem,Taylor Fritz,player1,top_10,0.3792511639852645,2.72,0.3477218225419664,0.03152934144329811,0.03156316603991949,False,1.0,-1.0
2023-04-17,Barcelona,R64,Clay,3,Pedro Martinez,Jozef Kovalik,player1,other,0.6677862144578617,1.56,0.6090225563909775,0.05876365806688422,0.04174649455426427,False,1.0,-1.0
2023-04-17,Barcelona,R64,Clay,3,Attila Balazs,Bernabe Zapata Miralles,player1,other,0.17108988731708272,15.03,0.06355140186915889,0.10753848544792383,1.5714810063757532,False,1.0,-1.0
2023-04-17,Barcelona,R32,Clay,3,Emilio Gomez,Grigor Dimitrov,player2,other,0.16139238625271216,8.51,0.1116910229645094,0.04970136328820275,0.3734492070105805,False,1.0,-1.0
2023-04-17,Barcelona,R32,Clay,3,Nuno Borges,Carlos Alcaraz,player1,top_10,0.09487041743170721,12.56,0.07579102281089035,0.019079394620816856,0.19157244294224252,False,1.0,-1.0
2023-04-17,Barcelona,R16,Clay,3,Stefanos Tsitsipas,Denis Shapovalov,player1,top_10,0.8572413411954595,1.21,0.7831541218637993,0.07408721933166018,0.03726202284650593,True,1.0,0.20999999999999996
2023-04-17,Barcelona,R16,Clay,3,Yoshihito Nishioka,Jannik Sinner,player2,top_10,0.11908582222769386,11.51,0.08286852589641436,0.0362172963312795,0.37067781384075627,False,1.0,-1.0
2023-04-17,Barcelona,R16,Clay,3,Casper Ruud,Francisco Cerundolo,player1,top_10,0.8346006002966607,1.44,0.6595744680851063,0.17502613221155439,0.20182486442719139,False,1.0,-1.0
2023-04-17,Barcelona,R16,Clay,3,Roberto Bautista Agut,Carlos Alcaraz,player1,top_10,0.12800661181090708,9.71,0.09842154131847725,0.029585070492429838,0.24294420068390798,False,1.0,-1.0
2023-04-17,Barcelona,QF,Clay,3,Stefanos Tsitsipas,Alex De Minaur,player2,top_10,0.8529049826055957,1.23,0.7717996289424861,0.08110535366310956,0.04907312860488264,True,1.0,0.22999999999999998
2023-04-17,Barcelona,QF,Clay,3,Jannik Sinner,Lorenzo Musetti,player2,top_10,0.7670873678333431,1.35,0.7039473684210525,0.06313999941229054,0.03556794657501322,False,1.0,-1.0
2023-04-17,Barcelona,SF,Clay,3,Stefanos Tsitsipas,Lorenzo Musetti,player2,top_10,0.8077451501182197,1.35,0.7039473684210525,0.10379778169716714,0.09045595265959666,True,1.0,0.3500000000000001
2023-04-17,Barcelona,SF,Clay,3,Daniel Evans,Carlos Alcaraz,player1,top_10,0.11413831282053188,10.36,0.09202453987730062,0.02211377294323126,0.1824729208207102,False,1.0,-1.0
2023-04-17,Barcelona,F,Clay,3,Stefanos Tsitsipas,Carlos Alcaraz,player1,top_10,0.2950403811801074,4.13,0.2309124767225326,0.0641279044575748,0.21851677427384353,False,1.0,-1.0
2023-04-17,Banja Luka,R32,Clay,3,Alex Molcan,Taro Daniel,player1,other,0.5622660779420876,2.06,0.4578947368421053,0.1043713410999823,0.1582681205607005,True,1.0,1.06
2023-04-17,Banja Luka,R32,Clay,3,Gael Monfils,Jiri Lehecka,player2,other,0.21676910532653157,5.07,0.18619582664526482,0.030573278681266747,0.09901936400551514,False,1.0,-1.0
2023-04-17,Banja Luka,R32,Clay,3,Federico Coria,Radu Albot,player2,other,0.5879880925013696,1.8,0.5238095238095238,0.0641785686918458,0.05837856650246537,False,1.0,-1.0
2023-04-17,Banja Luka,R32,Clay,3,Filip Krajinovic,Dusan Lajovic,player2,other,0.4970643388980731,2.14,0.44270833333333337,0.05435600556473974,0.06371768524187649,False,1.0,-1.0
2023-04-17,Banja Luka,R16,Clay,3,Alex Molcan,Alexei Popyrin,player1,other,0.6068213536466657,1.77,0.5317460317460317,0.07507532190063393,0.07407379595459823,True,1.0,0.77
2023-04-17,Banja Luka,QF,Clay,3,Alex Molcan,Laslo Djere,player1,other,0.44964422088861644,2.35,0.4020356234096692,0.047608597478947245,0.05666391908824864,True,1.0,1.35
2023-04-24,Madrid Masters,R128,Clay,4,Laslo Djere,Aslan Karatsev,player2,other,0.6645435532950833,1.61,0.588235294117647,0.07630825917743633,0.06991512080508416,False,1.0,-1.0
2023-04-24,Madrid Masters,R128,Clay,4,Kyle Edmund,Dominic Thiem,player2,other,0.21355983402924228,5.09,0.18690095846645366,0.02665887556278862,0.08701955520884319,False,1.0,-1.0
2023-04-24,Madrid Masters,R128,Clay,4,Alexei Popyrin,Quentin Halys,player2,other,0.5129587381608539,2.16,0.43896103896103894,0.07399769919981497,0.10799087442744448,False,1.0,-1.0
2023-04-24,Madrid Masters,R64,Clay,4,Bernabe Zapata Miralles,Daniel Evans,player1,other,0.49675287907215404,2.1,0.4516971279373368,0.045055751134817246,0.04318104605152351,True,1.0,1.1
2023-04-24,Madrid Masters,R64,Clay,4,Felix Auger Aliassime,Dusan Lajovic,player1,top_10,0.6076748244245874,1.72,0.5509138381201044,0.05676098630448301,0.04520069801029036,False,1.0,-1.0
2023-04-24,Madrid Masters,R64,Clay,4,Lorenzo Musetti,Yannick Hanfmann,player2,other,0.7439144326943,1.43,0.6627358490566039,0.08117858363769614,0.063797638752849,False,1.0,-1.0
2023-04-24,Madrid Masters,R64,Clay,4,Emil Ruusuvuori,Carlos Alcaraz,player2,top_10,0.1072840154891695,12.09,0.07920792079207921,0.028076094697090298,0.29706374726405926,False,1.0,-1.0
2023-04-24,Madrid Masters,R32,Clay,4,Alex De Minaur,Aslan Karatsev,player1,other,0.6829557964333701,1.57,0.6035353535353536,0.07942044289801653,0.07224060040039115,False,1.0,-1.0
2023-04-24,Madrid Masters,R32,Clay,4,Holger Rune,Alejandro Davidovich Fokina,player1,top_10,0.7495495209993388,1.47,0.6457831325301205,0.10376638846921826,0.10183779586902802,False,1.0,-1.0
2023-04-24,Madrid Masters,R32,Clay,4,Hugo Grenier,Alexander Zverev,player1,other,0.14695341182667496,7.04,0.13513513513513517,0.011818276691539786,0.03455201925979168,False,1.0,-1.0
2023-04-24,Madrid Masters,R16,Clay,4,Aslan Karatsev,Daniil Medvedev,player1,top_10,0.34344988469855225,3.52,0.26970954356846477,0.07374034113008748,0.20894359413890395,True,1.0,2.52
2023-04-24,Madrid Masters,R16,Clay,4,Alexander Zverev,Carlos Alcaraz,player1,top_10,0.29932519744156866,4.2,0.2250922509225092,0.07423294651905946,0.2571658292545884,False,1.0,-1.0
2023-04-24,Madrid Masters,QF,Clay,4,Borna Coric,Daniel Altmaier,player1,other,0.6987612831367574,1.51,0.6299019607843138,0.06885932235244363,0.05512953753650374,True,1.0,0.51
2023-04-24,Madrid Masters,QF,Clay,4,Karen Khachanov,Carlos Alcaraz,player1,top_10,0.13243283366412859,8.42,0.11275026343519494,0.019682570228933646,0.11508445945196266,False,1.0,-1.0
2023-04-24,Madrid Masters,SF,Clay,4,Borna Coric,Carlos Alcaraz,player1,top_10,0.12058055534359247,8.59,0.11076604554865424,0.009814509794938225,0.035786970401459284,False,1.0,-1.0
2023-04-24,Madrid Masters,F,Clay,4,Jan Lennard Struff,Carlos Alcaraz,player2,top_10,0.12640027077405783,9.47,0.10066476733143401,0.02573550344262382,0.1970105642303276,False,1.0,-1.0
2023-05-08,Rome Masters,R128,Clay,4,Jeremy Chardy,Lorenzo Sonego,player2,other,0.2012935241384671,6.86,0.13819095477386933,0.06310256936459777,0.38087357558988433,False,1.0,-1.0
2023-05-08,Rome Masters,R128,Clay,4,Jaume Munar,Thanasi Kokkinakis,player2,other,0.5231957709492158,2.13,0.44531250000000006,0.07788327094921571,0.11440699212182948,False,1.0,-1.0
2023-05-08,Rome Masters,R128,Clay,4,Yibing Wu,Richard Gasquet,player2,other,0.38170054192110725,2.98,0.3180778032036613,0.06362273871744595,0.13746761492489956,True,1.0,1.98
2023-05-08,Rome Masters,R128,Clay,4,Constant Lestienne,Laslo Djere,player2,other,0.20705902880270174,5.59,0.16939078751857353,0.03766824128412821,0.15745997100710274,False,1.0,-1.0
2023-05-08,Rome Masters,R128,Clay,4,Alexander Bublik,Pedro Martinez,player2,other,0.48260679529435463,2.14,0.44415584415584414,0.03845095113851049,0.032778541929919025,True,1.0,1.1400000000000001
2023-05-08,Rome Masters,R128,Clay,4,Andy Murray,Fabio Fognini,player1,other,0.6967043967402612,1.5,0.6305418719211823,0.06616252481907892,0.045056595110391784,False,1.0,-1.0
2023-05-08,Rome Masters,R64,Clay,4,Frances Tiafoe,Daniel Altmaier,player2,other,0.6777173056429041,1.52,0.6246913580246914,0.053025947618212665,0.030130304577214273,True,1.0,0.52
2023-05-08,Rome Masters,R64,Clay,4,Taylor Fritz,Yannick Hanfmann,player2,top_10,0.7322001112434301,1.45,0.6539379474940334,0.07826216374939665,0.06169016130297361,False,1.0,-1.0
2023-05-08,Rome Masters,R64,Clay,4,Alex Molcan,Andrey Rublev,player1,top_10,0.22983653966487394,4.79,0.19765494137353432,0.032181598291339625,0.1009170249947462,False,1.0,-1.0
2023-05-08,Rome Masters,R64,Clay,4,Cristian Garin,Tommy Paul,player1,other,0.5661382703525285,1.83,0.5171503957783641,0.048987874574164425,0.0360330347451272,True,1.0,0.8300000000000001
2023-05-08,Rome Masters,R64,Clay,4,Miomir Kecmanovic,Fabio Fognini,player1,other,0.6813042874413822,1.52,0.6237623762376239,0.05754191120375829,0.03558251691090092,False,1.0,-1.0
2023-05-08,Rome Masters,R64,Clay,4,Sebastian Korda,Roman Safiullin,player2,other,0.4819538132255641,2.19,0.43410852713178294,0.047845286093781136,0.055478850963985304,False,1.0,-1.0
2023-05-08,Rome Masters,R32,Clay,4,Bernabe Zapata Miralles,Daniil Medvedev,player1,top_10,0.2872298226338838,4.27,0.2222222222222222,0.06500760041166159,0.22647134264668378,False,1.0,-1.0
2023-05-08,Rome Masters,R32,Clay,4,Andrey Rublev,Alejandro Davidovich Fokina,player1,top_10,0.7900977837455853,1.49,0.6383495145631067,0.15174826918247852,0.17724569778092203,True,1.0,0.49
2023-05-08,Rome Masters,R32,Clay,4,Roman Safiullin,Alexei Popyrin,player1,other,0.5208619680988799,2.03,0.46858638743455505,0.052275580664324806,0.05734979524072603,False,1.0,-1.0
2023-05-08,Rome Masters,R16,Clay,4,Stefanos Tsitsipas,Lorenzo Musetti,player1,top_10,0.829825349440973,1.4,0.6818181818181818,0.1480071676227912,0.1617554892173621,True,1.0,0.3999999999999999
2023-05-08,Rome Masters,R16,Clay,4,Andrey Rublev,Yannick Hanfmann,player1,top_10,0.809877540118426,1.33,0.7114967462039045,0.09838079391452159,0.07713712835750669,False,1.0,-1.0
2023-05-08,Rome Masters,R16,Clay,4,Casper Ruud,Laslo Djere,player1,top_10,0.7955622856085102,1.41,0.6720930232558139,0.12346926235269629,0.1217428227079993,True,1.0,0.4099999999999999
2023-05-08,Rome Masters,QF,Clay,4,Stefanos Tsitsipas,Borna Coric,player1,top_10,0.8564179696087173,1.3,0.7325102880658436,0.12390768154287368,0.11334336049133253,True,1.0,0.30000000000000004
2023-05-08,Rome Masters,QF,Clay,4,Casper Ruud,Francisco Cerundolo,player2,top_10,0.7648834624232318,1.59,0.5974683544303797,0.16741510799285209,0.21616470525293863,True,1.0,0.5900000000000001
2023-05-08,Rome Masters,QF,Clay,4,Holger Rune,Novak Djokovic,player2,top_10,0.3156192258907306,3.29,0.28941684665226786,0.026202379238462747,0.03838725318050373,True,1.0,2.29
2023-05-08,Rome Masters,SF,Clay,4,Stefanos Tsitsipas,Daniil Medvedev,player2,top_10,0.6406702210309404,1.63,0.5820512820512821,0.05861893897965831,0.044292460280432766,False,1.0,-1.0
2023-05-08,Rome Masters,SF,Clay,4,Casper Ruud,Holger Rune,player2,top_10,0.47581222230265574,2.3,0.413265306122449,0.06254691618020675,0.09436811129610811,False,1.0,-1.0
2023-05-08,Rome Masters,F,Clay,4,Holger Rune,Daniil Medvedev,player1,top_10,0.6192055053008475,1.86,0.5130890052356021,0.10611650006524542,0.15172223985957645,False,1.0,-1.0
2023-05-22,Geneva,R32,Clay,3,Yibing Wu,Marc Andrea Huesler,player2,other,0.49954294732514715,2.19,0.43116883116883115,0.068374116156316,0.09399905464207226,True,1.0,1.19
2023-05-22,Geneva,R32,Clay,3,Tallon Griekspoor,Stefano Travaglia,player2,other,0.6943886415438622,1.51,0.6243781094527363,0.07001053209112584,0.048526848731231864,True,1.0,0.51
2023-05-22,Geneva,R32,Clay,3,J J Wolf,Hugo Dellien,player1,other,0.6481287034692077,1.71,0.5535248041775457,0.09460389929166202,0.10830008293234517,True,1.0,0.71
2023-05-22,Geneva,R16,Clay,3,Taylor Fritz,Marcos Giron,player1,top_10,0.8343955262112899,1.31,0.7212765957446808,0.11311893046660904,0.0930581393367898,True,1.0,0.31000000000000005
2023-05-22,Geneva,QF,Clay,3,Casper Ruud,Nicolas Jarry,player1,top_10,0.8363360487526182,1.31,0.722457627118644,0.11387842163397421,0.09560022386592992,False,1.0,-1.0
2023-05-22,Lyon,R32,Clay,3,Arthur Rinderknech,Lloyd Harris,player2,other,0.6288455661519382,1.74,0.5456919060052219,0.08315366014671632,0.09419128510437247,True,1.0,0.74
2023-05-22,Lyon,QF,Clay,3,Sebastian Baez,Cameron Norrie,player1,other,0.38011000738695433,2.74,0.3444976076555024,0.035612399731451916,0.04150142024025494,False,1.0,-1.0
2023-05-29,Roland Garros,R128,Clay,5,Yibing Wu,Roberto Bautista Agut,player1,other,0.37242817010780754,2.92,0.32407407407407407,0.048354096033733474,0.08749025671479804,False,1.0,-1.0
2023-05-29,Roland Garros,R128,Clay,5,Christopher Eubanks,Holger Rune,player2,top_10,0.11723484828170838,14.13,0.0679419525065963,0.049292895775112075,0.6565284062205395,False,1.0,-1.0
2023-05-29,Roland Garros,R128,Clay,5,Arthur Rinderknech,Richard Gasquet,player1,other,0.5182030045539351,2.19,0.43410852713178294,0.08409447742215215,0.13486457997311785,True,1.0,1.19
2023-05-29,Roland Garros,R128,Clay,5,Michael Mmoh,Taylor Fritz,player2,top_10,0.1165845512214928,14.77,0.0651898734177215,0.0513946778037713,0.7219538215414486,False,1.0,-1.0
2023-05-29,Roland Garros,R128,Clay,5,Elias Ymer,Casper Ruud,player1,top_10,0.10578079803150331,10.11,0.09408602150537636,0.011694776526126952,0.06944386809849834,False,1.0,-1.0
2023-05-29,Roland Garros,R128,Clay,5,Lloyd Harris,Alexander Zverev,player1,other,0.14183519202838532,10.9,0.08786610878661089,0.053969083241774435,0.5460035931094,False,1.0,-1.0
2023-05-29,Roland Garros,R128,Clay,5,Federico Coria,Borna Coric,player2,other,0.17805826462295285,6.42,0.14854111405835543,0.029517150564597416,0.14313405887935726,False,1.0,-1.0
2023-05-29,Roland Garros,R128,Clay,5,Dominic Thiem,Pedro Cachin,player2,other,0.6214133074528592,1.68,0.5658914728682171,0.055521834584642105,0.04397435652080334,False,1.0,-1.0
2023-05-29,Roland Garros,R128,Clay,5,Max Purcell,Jordan Thompson,player2,other,0.5060818356936222,2.11,0.45052083333333337,0.055561002360288825,0.06783267331354281,True,1.0,1.1099999999999999
2023-05-29,Roland Garros,R128,Clay,5,Thiago Seyboth Wild,Daniil Medvedev,player2,top_10,0.11291090787534663,9.81,0.09751609935602576,0.015394808519320874,0.10765600625715055,True,1.0,8.81
2023-05-29,Roland Garros,R64,Clay,5,Taro Daniel,Carlos Alcaraz,player1,top_10,0.10158482454792302,16.27,0.058993637941006365,0.04259118660691665,0.6527850953947075,False,1.0,-1.0
2023-05-29,Roland Garros,R64,Clay,5,Sebastian Korda,Sebastian Ofner,player2,other,0.6735044199451119,1.54,0.6178660049627792,0.055638414982332685,0.037196806715472375,False,1.0,-1.0
2023-05-29,Roland Garros,R64,Clay,5,Roberto Carballes Baena,Stefanos Tsitsipas,player2,top_10,0.14638740720314386,8.53,0.11238293444328827,0.03400447275985559,0.24868458344281708,False,1.0,-1.0
2023-05-29,Roland Garros,R64,Clay,5,Marton Fucsovics,Novak Djokovic,player2,top_10,0.09552825783246312,12.35,0.07766990291262135,0.017858354919841765,0.1797739842309195,False,1.0,-1.0
2023-05-29,Roland Garros,R64,Clay,5,Lorenzo Sonego,Ugo Humbert,player2,other,0.49831301376603165,2.14,0.4455958549222798,0.05271715884375183,0.06638984945930781,True,1.0,1.1400000000000001
2023-05-29,Roland Garros,R64,Clay,5,Gael Monfils,Holger Rune,player2,top_10,0.1419570852094325,9.74,0.09814814814814815,0.04380893706128436,0.38266200993987276,False,1.0,-1.0
2023-05-29,Roland Garros,R64,Clay,5,Francisco Cerundolo,Yannick Hanfmann,player2,other,0.7172517560915446,1.45,0.6563981042654028,0.060853651826141775,0.04001504633273961,True,1.0,0.44999999999999996
2023-05-29,Roland Garros,R64,Clay,5,Emil Ruusuvuori,Grigor Dimitrov,player2,other,0.3815607727864025,2.92,0.325635103926097,0.05592566886030548,0.11415745653629528,False,1.0,-1.0
2023-05-29,Roland Garros,R64,Clay,5,Frances Tiafoe,Aslan Karatsev,player1,other,0.5890322926227474,1.86,0.5143603133159269,0.07467197930682046,0.09560006427831014,True,1.0,0.8600000000000001
2023-05-29,Roland Garros,R32,Clay,5,Denis Shapovalov,Carlos Alcaraz,player1,top_10,0.10555120046546003,10.82,0.08845829823083404,0.017092902234625992,0.14206398903627748,False,1.0,-1.0
2023-05-29,Roland Garros,R32,Clay,5,Cameron Norrie,Lorenzo Musetti,player2,other,0.42377244463068503,2.58,0.36919315403422975,0.05457929059645528,0.09333290714716735,False,1.0,-1.0
2023-05-29,Roland Garros,R32,Clay,5,Sebastian Ofner,Fabio Fognini,player1,other,0.4998775672686217,2.23,0.42820512820512824,0.07167243906349346,0.1147269750090264,True,1.0,1.23
2023-05-29,Roland Garros,R32,Clay,5,Andrey Rublev,Lorenzo Sonego,player2,top_10,0.8323764101477993,1.29,0.7383367139959431,0.09403969615185614,0.07376556909066109,False,1.0,-1.0
2023-05-29,Roland Garros,R32,Clay,5,Taylor Fritz,Francisco Cerundolo,player1,top_10,0.6483946518896415,1.8,0.5287958115183247,0.11959884037131685,0.1671103734013547,False,1.0,-1.0
2023-05-29,Roland Garros,R16,Clay,5,Sebastian Ofner,Stefanos Tsitsipas,player2,top_10,0.11744715503938541,10.34,0.09218612818261634,0.025261026856769064,0.21440358310724505,False,1.0,-1.0
2023-05-29,Roland Garros,R16,Clay,5,Juan Pablo Varillas,Novak Djokovic,player2,top_10,0.0978464132832323,13.51,0.07083906464924347,0.027007348633988834,0.3219050434564684,False,1.0,-1.0
2023-05-29,Roland Garros,R16,Clay,5,Karen Khachanov,Lorenzo Sonego,player2,other,0.7025332243473207,1.47,0.6474820143884892,0.055051209958831504,0.03272383979056137,True,1.0,0.47
2023-05-29,Roland Garros,R16,Clay,5,Holger Rune,Francisco Cerundolo,player2,top_10,0.8198163613139364,1.35,0.7058823529411764,0.11393400837276002,0.10675208777381423,True,1.0,0.3500000000000001
2023-05-29,Roland Garros,R16,Clay,5,Nicolas Jarry,Casper Ruud,player2,top_10,0.43056004735988945,2.72,0.35083532219570407,0.07972472516418538,0.17112332881889936,False,1.0,-1.0
2023-05-29,Roland Garros,QF,Clay,5,Stefanos Tsitsipas,Carlos Alcaraz,player2,top_10,0.22606947266793623,4.67,0.20578231292517007,0.020287159742766153,0.055744437359262156,False,1.0,-1.0
2023-05-29,Roland Garros,SF,Clay,5,Novak Djokovic,Carlos Alcaraz,player2,top_10,0.40532011805863677,2.63,0.36319612590799033,0.04212399215064644,0.06599191049421471,True,1.0,1.63
2023-05-29,Roland Garros,SF,Clay,5,Casper Ruud,Alexander Zverev,player1,top_10,0.6254935263819584,1.89,0.5039370078740157,0.12155651850794269,0.18218276486190133,True,1.0,0.8899999999999999
2023-05-29,Roland Garros,F,Clay,5,Casper Ruud,Novak Djokovic,player2,top_10,0.27623421805323933,4.7,0.20473773265651438,0.07149648539672496,0.298300824850225,False,1.0,-1.0
2023-06-12,Stuttgart,R16,Grass,3,Yibing Wu,Marton Fucsovics,player1,other,0.4118625196743886,2.51,0.3771712158808933,0.034691303793495276,0.03377492438271523,False,1.0,-1.0
2023-06-12,Stuttgart,R16,Grass,3,Lorenzo Musetti,Gregoire Barrere,player1,other,0.5979000339925808,1.8,0.5275590551181102,0.07034097887447066,0.07622006118664554,True,1.0,0.8
2023-06-12,Stuttgart,R16,Grass,3,Tommy Paul,Jan Lennard Struff,player1,other,0.6650644291238874,1.57,0.6025316455696202,0.06253278355426717,0.04415115372450329,False,1.0,-1.0
2023-06-12,Stuttgart,SF,Grass,3,Frances Tiafoe,Marton Fucsovics,player1,other,0.6506686283707207,1.64,0.5784061696658098,0.07226245870491088,0.06709655052798191,True,1.0,0.6399999999999999
2023-06-12,Stuttgart,SF,Grass,3,Hubert Hurkacz,Jan Lennard Struff,player1,other,0.6303896391236714,1.67,0.5684754521963824,0.061914186927289006,0.052750697336531205,False,1.0,-1.0
2023-06-12,Stuttgart,F,Grass,3,Frances Tiafoe,Jan Lennard Struff,player1,other,0.5848642929778306,1.77,0.5366492146596858,0.048215078318144755,0.035209798570760176,True,1.0,0.77
2023-06-12,s Hertogenbosch,R32,Grass,3,Laslo Djere,Ricardas Berankis,player2,other,0.5385892009702187,2.06,0.4593175853018373,0.07927161566838137,0.10949375399865047,True,1.0,1.06
2023-06-12,s Hertogenbosch,R16,Grass,3,Alexander Bublik,Jannik Sinner,player1,top_10,0.3572915806957659,3.4,0.2781316348195329,0.07915994587623298,0.21479137436560403,False,1.0,-1.0
2023-06-12,s Hertogenbosch,R16,Grass,3,Milos Raonic,Jordan Thompson,player1,other,0.6871508663182023,1.64,0.577319587628866,0.10983127868933629,0.12692742076185176,False,1.0,-1.0
2023-06-19,Queen's Club,R32,Grass,3,Holger Rune,Maxime Cressy,player1,top_10,0.7246010035288729,1.49,0.6356968215158926,0.08890418201298034,0.07965549525802063,True,1.0,0.49
2023-06-19,Queen's Club,R32,Grass,3,Bernabe Zapata Miralles,Taylor Fritz,player1,top_10,0.13726076720802147,8.52,0.11157455683003129,0.025686210377990182,0.16946173661234276,False,1.0,-1.0
2023-06-19,Queen's Club,R32,Grass,3,Alex De Minaur,Andy Murray,player1,other,0.5112566314263697,2.12,0.4464751958224543,0.06478143560391536,0.08386405862390378,True,1.0,1.12
2023-06-19,Queen's Club,R32,Grass,3,Sebastian Korda,Daniel Evans,player1,other,0.6072719391823254,1.87,0.5052910052910053,0.10198093389132001,0.13559852627094848,True,1.0,0.8700000000000001
2023-06-19,Queen's Club,R32,Grass,3,Frances Tiafoe,Botic Van De Zandschulp,player2,top_10,0.7347666913593524,1.49,0.637469586374696,0.09729710498465638,0.09480237012543502,True,1.0,0.49
2023-06-19,Queen's Club,R32,Grass,3,Arthur Rinderknech,Carlos Alcaraz,player1,top_10,0.2268815252094567,6.21,0.15279672578444747,0.07408479942500923,0.40893427155072604,False,1.0,-1.0
2023-06-19,Queen's Club,R16,Grass,3,Francisco Cerundolo,Grigor Dimitrov,player2,other,0.3360688939294158,3.26,0.289760348583878,0.0463085453455378,0.09558459420989551,False,1.0,-1.0
2023-06-19,Queen's Club,R16,Grass,3,Jiri Lehecka,Carlos Alcaraz,player1,top_10,0.31362093153790643,4.3,0.2210144927536232,0.09260643878428323,0.34857000561299745,False,1.0,-1.0
2023-06-19,Queen's Club,QF,Grass,3,Lorenzo Musetti,Holger Rune,player1,top_10,0.49839113266624985,2.34,0.4030612244897959,0.09532990817645393,0.16623525043902454,False,1.0,-1.0
2023-06-19,Queen's Club,QF,Grass,3,Grigor Dimitrov,Carlos Alcaraz,player1,top_10,0.35181160332189965,3.14,0.3006681514476615,0.05114345187423813,0.10468843443076492,False,1.0,-1.0
2023-06-19,Queen's Club,SF,Grass,3,Sebastian Korda,Carlos Alcaraz,player2,top_10,0.3238745934384414,3.2,0.2967032967032967,0.02717129673514468,0.036398699003012513,False,1.0,-1.0
2023-06-19,Halle,R32,Grass,3,Dominic Thiem,Alexander Zverev,player2,other,0.1900892967130722,5.69,0.16568914956011727,0.024400147152954937,0.08160809829738092,False,1.0,-1.0
2023-06-19,Halle,R32,Grass,3,Richard Gasquet,Jannik Sinner,player2,top_10,0.35344984727720613,4.51,0.2087719298245614,0.14467791745264474,0.5940588112201994,False,1.0,-1.0
2023-06-19,Halle,R16,Grass,3,Stefanos Tsitsipas,Nicolas Jarry,player1,top_10,0.7542904421264348,1.38,0.6863636363636364,0.06792680576279841,0.04092081013447996,False,1.0,-1.0
2023-06-19,Halle,R16,Grass,3,Lorenzo Sonego,Jannik Sinner,player1,top_10,0.3311945407162798,3.65,0.25963488843813387,0.07155965227814592,0.20886007361442116,False,1.0,-1.0
2023-06-19,Halle,R16,Grass,3,Alexander Bublik,Jan Lennard Struff,player2,other,0.464618203877267,2.38,0.39898989898989906,0.06562830488736793,0.10579132522789547,True,1.0,1.38
2023-06-19,Halle,QF,Grass,3,Alexander Bublik,Jannik Sinner,player1,top_10,0.3934864256930604,3.16,0.29933481152993346,0.09415161416312695,0.24341710519007087,True,1.0,2.16
2023-06-19,Halle,QF,Grass,3,Tallon Griekspoor,Andrey Rublev,player2,top_10,0.44063421993786483,2.58,0.36764705882352944,0.0729871611143354,0.13683628743969123,False,1.0,-1.0
2023-06-19,Halle,QF,Grass,3,Roberto Bautista Agut,Daniil Medvedev,player1,top_10,0.34494522563886987,3.24,0.2925764192139738,0.05236880642489605,0.11762253106993847,True,1.0,2.24
2023-06-19,Halle,SF,Grass,3,Andrey Rublev,Roberto Bautista Agut,player1,top_10,0.5644517476468137,1.84,0.5157894736842105,0.04866227396260325,0.03859121567013729,True,1.0,0.8400000000000001
2023-06-26,Eastbourne,R32,Grass,3,Marco Cecchinato,Mackenzie Mcdonald,player2,other,0.20130116900431796,5.24,0.17996870109546162,0.021332467908856345,0.05481812558262611,False,1.0,-1.0
2023-06-26,Eastbourne,R16,Grass,3,Francisco Cerundolo,Marc Andrea Huesler,player1,other,0.624931852328361,1.81,0.5224274406332454,0.1025044116951156,0.13112665271433344,True,1.0,0.81
2023-06-26,Eastbourne,R16,Grass,3,Mikael Ymer,Liam Broady,player2,other,0.6404687083741264,1.61,0.588235294117647,0.05223341425647943,0.031154620482343576,True,1.0,0.6100000000000001
2023-06-26,Eastbourne,R16,Grass,3,Taylor Fritz,Mackenzie Mcdonald,player1,top_10,0.8078995709649147,1.28,0.7382413087934561,0.06965826217145865,0.034111450835090845,False,1.0,-1.0
2023-06-26,Eastbourne,QF,Grass,3,Miomir Kecmanovic,Gregoire Barrere,player1,other,0.5670343839457993,1.86,0.5092348284960422,0.05779955544975712,0.05468395413918675,False,1.0,-1.0
2023-06-26,Mallorca,R32,Grass,3,Max Purcell,Feliciano Lopez,player1,other,0.7370529441536601,1.51,0.6271604938271605,0.10989245032649952,0.11294994567202671,False,1.0,-1.0
2023-06-26,Mallorca,R16,Grass,3,Roman Safiullin,Lloyd Harris,player1,other,0.6356795580813612,1.79,0.5289473684210526,0.10673218966030862,0.13786640896563662,False,1.0,-1.0
2023-06-26,Mallorca,R16,Grass,3,Yannick Hanfmann,Stefanos Tsitsipas,player1,top_10,0.33223389861331326,3.54,0.26708074534161497,0.0651531532716983,0.176108001091129,True,1.0,2.54
2023-06-26,Mallorca,QF,Grass,3,Corentin Moutet,Adrian Mannarino,player1,other,0.38817963447063925,2.7,0.3493975903614458,0.03878204410919345,0.04808501307072599,False,1.0,-1.0
2023-06-26,Mallorca,SF,Grass,3,Christopher Eubanks,Lloyd Harris,player1,other,0.5655774498684222,2.1,0.450261780104712,0.11531566976371016,0.18771264472368665,True,1.0,1.1
2023-07-03,Wimbledon,R128,Grass,5,Jeremy Chardy,Carlos Alcaraz,player2,top_10,0.11755791350062773,19.5,0.0492442710872745,0.06831364241335323,1.292379313262241,False,1.0,-1.0
2023-07-03,Wimbledon,R128,Grass,5,Ugo Humbert,Jason Kubler,player1,other,0.6404315326248177,1.62,0.5888324873096447,0.05159904531517301,0.03749908285220471,False,1.0,-1.0
2023-07-03,Wimbledon,R128,Grass,5,Marco Cecchinato,Nicolas Jarry,player1,other,0.1743771694978995,10.86,0.08816120906801009,0.08621596042988941,0.8937360607471885,False,1.0,-1.0
2023-07-03,Wimbledon,R128,Grass,5,Matteo Berrettini,Lorenzo Sonego,player2,other,0.43339568606938084,2.49,0.38213399503722084,0.051261691032159995,0.07915525831275838,True,1.0,1.4900000000000002
2023-07-03,Wimbledon,R128,Grass,5,Kimmer Coppejans,Alex De Minaur,player2,other,0.15952360589284187,14.03,0.06839309428950864,0.09113051160333323,1.2381161906765712,False,1.0,-1.0
2023-07-03,Wimbledon,R128,Grass,5,Federico Coria,Ilya Ivashka,player1,other,0.19312776873240864,7.3,0.13095238095238096,0.06217538778002768,0.409832711746583,False,1.0,-1.0
2023-07-03,Wimbledon,R128,Grass,5,Hugo Dellien,Marcos Giron,player2,other,0.193017859642605,13.74,0.06973595125253892,0.12328190839006609,1.6520653914893928,False,1.0,-1.0
2023-07-03,Wimbledon,R128,Grass,5,Marton Fucsovics,Tallon Griekspoor,player1,other,0.5266087422703903,2.05,0.4647519582245431,0.06185678404584721,0.07954792165430014,True,1.0,1.0499999999999998
2023-07-03,Wimbledon,R128,Grass,5,Milos Raonic,Dennis Novak,player2,other,0.588295230984285,1.93,0.4947643979057591,0.09353083307852594,0.13540979579967005,True,1.0,0.9299999999999999
2023-07-03,Wimbledon,R128,Grass,5,Jiri Vesely,Sebastian Korda,player1,other,0.17412672129404194,6.91,0.13840399002493767,0.035722731269104274,0.2032156441418299,True,1.0,5.91
2023-07-03,Wimbledon,R128,Grass,5,Dominic Thiem,Stefanos Tsitsipas,player2,top_10,0.20942935225318507,4.92,0.19344262295081965,0.015986729302365416,0.030392413085670533,False,1.0,-1.0
2023-07-03,Wimbledon,R128,Grass,5,Juan Manuel Cerundolo,Jannik Sinner,player1,top_10,0.13080136598250747,15.74,0.060859188544152745,0.06994217743835472,1.0588135005646677,False,1.0,-1.0
2023-07-03,Wimbledon,R128,Grass,5,Corentin Moutet,Richard Gasquet,player1,other,0.485666848607865,2.39,0.39798488664987414,0.08768196195799088,0.16074376817279745,True,1.0,1.3900000000000001
2023-07-03,Wimbledon,R128,Grass,5,Max Purcell,Andrey Rublev,player1,top_10,0.12380856132926206,8.82,0.10819009100101111,0.01561847032825095,0.09199151092409141,False,1.0,-1.0
2023-07-03,Wimbledon,R128,Grass,5,Juan Pablo Varillas,Lorenzo Musetti,player2,other,0.1734468636244467,10.47,0.09114583333333334,0.08230103029111335,0.815988662147957,False,1.0,-1.0
2023-07-03,Wimbledon,R128,Grass,5,Jaume Munar,John Isner,player2,other,0.38331414723439233,3.03,0.31447963800904977,0.06883450922534257,0.16144186612020872,True,1.0,2.03
2023-07-03,Wimbledon,R128,Grass,5,Brandon Nakashima,Jordan Thompson,player1,other,0.5426830962373945,1.94,0.49347258485639683,0.04921051138099769,0.05280520670054534,False,1.0,-1.0
2023-07-03,Wimbledon,R128,Grass,5,Pedro Cachin,Novak Djokovic,player2,top_10,0.0872172582442426,20.89,0.046118721461187215,0.04109853678305539,0.821968524722228,False,1.0,-1.0
2023-07-03,Wimbledon,R64,Grass,5,Nicolas Jarry,Jason Kubler,player1,other,0.6421890278196526,1.64,0.5805626598465473,0.06162636797310528,0.05319000562423021,True,1.0,0.6399999999999999
2023-07-03,Wimbledon,R64,Grass,5,Yosuke Watanuki,Alexander Zverev,player2,other,0.17816350520229932,6.02,0.15804195804195803,0.020121547160341285,0.07254430131784173,False,1.0,-1.0
2023-07-03,Wimbledon,R64,Grass,5,Matteo Berrettini,Alex De Minaur,player1,other,0.44635535516278474,2.39,0.39798488664987414,0.0483704685129106,0.0667892988390556,True,1.0,1.3900000000000001
2023-07-03,Wimbledon,R64,Grass,5,Dominic Stricker,Frances Tiafoe,player1,top_10,0.28544893317001896,4.77,0.19966442953020136,0.0857845036398176,0.36159141122099037,False,1.0,-1.0
2023-07-03,Wimbledon,R64,Grass,5,Roberto Carballes Baena,Holger Rune,player2,top_10,0.13945600884102607,8.99,0.10636182902584491,0.03309417981518116,0.25370951948082443,False,1.0,-1.0
2023-07-03,Wimbledon,R64,Grass,5,Diego Schwartzman,Jannik Sinner,player1,top_10,0.13844023247434842,10.44,0.09138381201044388,0.04705642046390454,0.4453160270321975,False,1.0,-1.0
2023-07-03,Wimbledon,R64,Grass,5,Corentin Moutet,Roman Safiullin,player1,other,0.44752057642796733,2.32,0.4111675126903554,0.036353063737611935,0.03824773731288411,False,1.0,-1.0
2023-07-03,Wimbledon,R64,Grass,5,Liam Broady,Casper Ruud,player1,top_10,0.27505670982674674,4.44,0.21415929203539819,0.06089741779134855,0.2212517916307556,True,1.0,3.4400000000000004
2023-07-03,Wimbledon,R64,Grass,5,Jaume Munar,Lorenzo Musetti,player2,other,0.18467732318003935,5.72,0.1661807580174927,0.018496565162546635,0.05635428858982505,False,1.0,-1.0
2023-07-03,Wimbledon,R64,Grass,5,Jordan Thompson,Novak Djokovic,player1,top_10,0.0929606624297713,15.44,0.06196840826245445,0.03099225416731685,0.4353126279156688,False,1.0,-1.0
2023-07-03,Wimbledon,R32,Grass,5,Nicolas Jarry,Carlos Alcaraz,player2,top_10,0.13250751662465368,7.82,0.122334455667789,0.010173060956864682,0.036208780004791774,False,1.0,-1.0
2023-07-03,Wimbledon,R32,Grass,5,Holger Rune,Alejandro Davidovich Fokina,player2,top_10,0.7558743484953575,1.42,0.6728110599078342,0.08306328858752332,0.07334157486340759,True,1.0,0.41999999999999993
2023-07-03,Wimbledon,R32,Grass,5,Daniil Medvedev,Marton Fucsovics,player1,top_10,0.844773085261545,1.22,0.7817531305903399,0.06301995467120514,0.030623164019084936,True,1.0,0.21999999999999997
2023-07-03,Wimbledon,R32,Grass,5,Jiri Lehecka,Tommy Paul,player1,other,0.505582167346693,2.11,0.4533678756476684,0.05221429169902464,0.06677837310152224,True,1.0,1.1099999999999999
2023-07-03,Wimbledon,R32,Grass,5,Quentin Halys,Jannik Sinner,player1,top_10,0.20693951868076577,5.68,0.1683748169838946,0.03856470169687118,0.17541646610674955,False,1.0,-1.0
2023-07-03,Wimbledon,R32,Grass,5,David Goffin,Andrey Rublev,player2,top_10,0.23850447547857787,4.6,0.20689655172413796,0.03160792375443991,0.09712058720145811,False,1.0,-1.0
2023-07-03,Wimbledon,R32,Grass,5,Lorenzo Musetti,Hubert Hurkacz,player1,other,0.44279541328350996,2.43,0.39249999999999996,0.050295413283510004,0.07599285427892921,False,1.0,-1.0
2023-07-03,Wimbledon,R32,Grass,5,Stan Wawrinka,Novak Djokovic,player2,top_10,0.09005759118243618,12.97,0.07357142857142857,0.016486162611007618,0.16804695763619737,False,1.0,-1.0
2023-07-03,Wimbledon,R16,Grass,5,Matteo Berrettini,Carlos Alcaraz,player1,top_10,0.5455711763440251,3.06,0.3108108108108108,0.23476036553321428,0.6694477996127167,False,1.0,-1.0
2023-07-03,Wimbledon,R16,Grass,5,Holger Rune,Grigor Dimitrov,player1,top_10,0.49308227155559,2.49,0.3836633663366336,0.10941890521895636,0.2277748561734192,True,1.0,1.4900000000000002
2023-07-03,Wimbledon,R16,Grass,5,Daniel Elahi Galan,Jannik Sinner,player2,top_10,0.1610563528414548,12.17,0.07872823618470856,0.08232811665674625,0.9600558140805051,False,1.0,-1.0
2023-07-03,Wimbledon,R16,Grass,5,Hubert Hurkacz,Novak Djokovic,player1,top_10,0.10615254325816248,10.1,0.09498207885304662,0.011170464405115862,0.07214068690744102,False,1.0,-1.0
2023-07-03,Wimbledon,QF,Grass,5,Andrey Rublev,Novak Djokovic,player2,top_10,0.1519136683869886,8.7,0.10951893551688845,0.04239473287010016,0.3216489149668007,False,1.0,-1.0
2023-07-03,Wimbledon,F,Grass,5,Carlos Alcaraz,Novak Djokovic,player1,top_10,0.4388189374966385,2.54,0.37745098039215685,0.06136795710448162,0.1146001012414617,True,1.0,1.54
2023-07-17,Gstaad,R32,Clay,3,Arthur Rinderknech,Facundo Bagnis,player2,other,0.6562539787386753,1.57,0.6005089058524172,0.055745072886258074,0.030318746619720283,False,1.0,-1.0
2023-07-17,Gstaad,R16,Clay,3,Miomir Kecmanovic,Dominic Stricker,player1,other,0.5132559725630329,2.05,0.46052631578947373,0.052729656773559175,0.05217474375421738,True,1.0,1.0499999999999998
2023-07-17,Gstaad,R16,Clay,3,Jurij Rodionov,Zizou Bergs,player2,other,0.49773150193071497,2.1,0.450261780104712,0.04746972182600295,0.04523615405450143,False,1.0,-1.0
2023-07-17,Gstaad,R16,Clay,3,Juan Pablo Varillas,Facundo Bagnis,player2,other,0.7040886586429559,1.47,0.6423357664233577,0.06175289221959823,0.03501032820514516,True,1.0,0.47
2023-07-17,Gstaad,R16,Clay,3,Jaume Munar,Stan Wawrinka,player1,other,0.4099491637058333,2.71,0.34855769230769235,0.06139147139814094,0.1109622336428081,True,1.0,1.71
2023-07-17,Gstaad,QF,Clay,3,Miomir Kecmanovic,Zizou Bergs,player2,other,0.7056056103392742,1.47,0.6449275362318841,0.06067807410739001,0.03724024719873298,True,1.0,0.47
2023-07-17,Newport,R32,Grass,3,Constant Lestienne,James Duckworth,player2,other,0.4976857690081255,2.09,0.4528795811518324,0.04480618785629309,0.04016325722698233,False,1.0,-1.0
2023-07-17,Newport,R32,Grass,3,John Isner,Alex Bolt,player1,other,0.6567770561567883,1.59,0.5933503836317136,0.06342667252507472,0.04427551928929341,True,1.0,0.5900000000000001
2023-07-17,Bastad,R32,Clay,3,Alex Molcan,Alexander Zverev,player1,other,0.20844697602160425,5.33,0.17746913580246912,0.030977840219135133,0.1110223821951507,False,1.0,-1.0
2023-07-17,Bastad,R32,Clay,3,Bernabe Zapata Miralles,Hugo Dellien,player1,other,0.6412107678208426,1.64,0.577319587628866,0.0638911801919766,0.05158565922618186,True,1.0,0.6399999999999999
2023-07-17,Bastad,QF,Clay,3,Andrey Rublev,Alexander Zverev,player1,top_10,0.5117581068228768,2.12,0.44791666666666663,0.06384144015621018,0.08492718646449893,True,1.0,1.12
2023-07-17,Bastad,SF,Clay,3,Lorenzo Musetti,Casper Ruud,player1,top_10,0.4032734280529264,2.64,0.35922330097087385,0.044050127082052526,0.06464185005972578,False,1.0,-1.0
2023-07-17,Bastad,F,Clay,3,Casper Ruud,Andrey Rublev,player2,top_10,0.6615066525210139,1.62,0.5856777493606138,0.07582890316040014,0.07164077708404265,False,1.0,-1.0
2023-07-24,Hamburg,R32,Clay,3,Alex Molcan,Alexander Zverev,player2,other,0.2038249428080875,5.2,0.18238993710691823,0.02143500570116927,0.05988970260205506,False,1.0,-1.0
2023-07-24,Hamburg,R32,Clay,3,Miomir Kecmanovic,Dusan Lajovic,player1,other,0.646846992201359,1.64,0.577319587628866,0.06952740457249296,0.06082906721022868,False,1.0,-1.0
2023-07-24,Hamburg,R32,Clay,3,Cristian Garin,Hugo Dellien,player2,other,0.7593658861881035,1.38,0.6863636363636364,0.07300224982446712,0.04792492293958278,True,1.0,0.3799999999999999
2023-07-24,Hamburg,R16,Clay,3,Andrey Rublev,Daniel Altmaier,player2,top_10,0.8359143553752414,1.25,0.7539370078740157,0.08197734750122565,0.04489294421905174,False,1.0,-1.0
2023-07-24,Hamburg,R16,Clay,3,Jozef Kovalik,Lorenzo Musetti,player2,other,0.1628432759524442,7.55,0.1261574074074074,0.036685868545036776,0.22946673344095359,False,1.0,-1.0
2023-07-24,Hamburg,R16,Clay,3,Maximilian Marterer,Alexander Zverev,player1,other,0.16137649451394806,7.49,0.12602100350058343,0.03535549101336463,0.20870994390947095,False,1.0,-1.0
2023-07-24,Umag,R16,Clay,3,Roberto Carballes Baena,Taro Daniel,player2,other,0.5583746040571643,1.85,0.513157894736842,0.04521670932032229,0.03299301750575406,True,1.0,0.8500000000000001
2023-07-24,Umag,F,Clay,3,Alexei Popyrin,Stan Wawrinka,player2,other,0.3826066017031955,2.77,0.3420427553444181,0.04056384635877741,0.059820286717851556,True,1.0,1.77
2023-07-24,Atlanta,R32,Hard,3,Kei Nishikori,Jordan Thompson,player2,other,0.5872395975996433,1.89,0.5013192612137204,0.08592033638592289,0.10988283946332578,True,1.0,0.8899999999999999
2023-07-24,Atlanta,R16,Hard,3,Ugo Humbert,Lloyd Harris,player2,other,0.47288650097717344,2.18,0.4352331606217616,0.037653340355411846,0.030892572130238216,True,1.0,1.1800000000000002
2023-07-24,Atlanta,R16,Hard,3,Yoshihito Nishioka,Aleksandar Vukic,player1,other,0.6358030482150815,1.79,0.5289473684210526,0.10685567979402888,0.13808745630499586,False,1.0,-1.0
2023-07-24,Atlanta,R16,Hard,3,Brandon Nakashima,Christopher Eubanks,player2,other,0.5847336213198174,1.77,0.5354330708661418,0.04930055045367565,0.03497850973607686,False,1.0,-1.0
2023-07-24,Atlanta,SF,Hard,3,Taylor Fritz,J J Wolf,player1,top_10,0.8341971957637399,1.37,0.6928251121076232,0.14137208365611664,0.14285015819632368,True,1.0,0.3700000000000001
2023-07-24,Atlanta,F,Hard,3,Aleksandar Vukic,Taylor Fritz,player1,top_10,0.2410190350669799,4.94,0.19281045751633985,0.048208577550640036,0.19063403323088068,False,1.0,-1.0
2023-07-31,Kitzbuhel,R16,Clay,3,Laslo Djere,Thiago Seyboth Wild,player2,other,0.639619665732572,1.62,0.583547557840617,0.05607210789195505,0.036183858486766696,True,1.0,0.6200000000000001
2023-07-31,Kitzbuhel,R16,Clay,3,Alex Molcan,Sebastian Ofner,player1,other,0.5231024512561459,2.1,0.450261780104712,0.07284067115143383,0.09851514763790636,True,1.0,1.1
2023-07-31,Washington,R64,Hard,3,Corentin Moutet,Liam Broady,player2,other,0.5125030986770557,2.01,0.4696569920844328,0.04284610659262289,0.030131228340881777,False,1.0,-1.0
2023-07-31,Washington,R64,Hard,3,Michael Mmoh,Bradley Klahn,player2,other,0.7985771100903012,1.3,0.7274633123689728,0.07111379772132842,0.03815024311739157,True,1.0,0.30000000000000004
2023-07-31,Washington,R64,Hard,3,Jordan Thompson,Kevin Anderson,player1,other,0.698933091344971,1.52,0.6218905472636816,0.0770425440812893,0.06237829884435586,True,1.0,0.52
2023-07-31,Washington,R32,Hard,3,Felix Auger Aliassime,Yosuke Watanuki,player1,other,0.6905626113259208,1.55,0.6095717884130982,0.08099082291282256,0.07037204755517723,False,1.0,-1.0
2023-07-31,Washington,R32,Hard,3,Adrian Mannarino,Jordan Thompson,player1,other,0.549114619246223,1.92,0.49473684210526314,0.054377777140959815,0.05430006895274808,False,1.0,-1.0
2023-07-31,Washington,R16,Hard,3,Emil Ruusuvuori,Grigor Dimitrov,player1,other,0.3571010598990898,2.94,0.3225806451612903,0.03452041473779949,0.049877116103324015,False,1.0,-1.0
2023-07-31,Washington,R16,Hard,3,Tallon Griekspoor,Gael Monfils,player1,other,0.6205983412194306,1.76,0.5392670157068064,0.08133132551262423,0.09225308054619785,True,1.0,0.76
2023-07-31,Washington,R16,Hard,3,Taylor Fritz,Andy Murray,player1,top_10,0.8164918321805846,1.34,0.7067833698030634,0.10970846237752119,0.09409905512198347,True,1.0,0.3400000000000001
2023-07-31,Washington,QF,Hard,3,Frances Tiafoe,Daniel Evans,player1,top_10,0.8301944467259279,1.27,0.746,0.08419444672592791,0.054346947341928464,False,1.0,-1.0
2023-07-31,Washington,QF,Hard,3,Ugo Humbert,Grigor Dimitrov,player2,other,0.40203067831998557,2.69,0.3518072289156627,0.050223449404322884,0.0814625246807612,False,1.0,-1.0
2023-07-31,Washington,QF,Hard,3,Taylor Fritz,Jordan Thompson,player2,top_10,0.7381012547197664,1.46,0.6481927710843374,0.08990848363542903,0.07762783189085892,True,1.0,0.45999999999999996
2023-07-31,Washington,SF,Hard,3,Taylor Fritz,Tallon Griekspoor,player2,top_10,0.834128886744677,1.3,0.7297297297297297,0.10439915701494729,0.08436755276808011,False,1.0,-1.0
2023-07-31,Los Cabos,R16,Hard,3,Ilya Ivashka,Borna Gojo,player1,other,0.5274429023732723,2.03,0.4643799472295515,0.06306295514372079,0.07070909181774265,True,1.0,1.0299999999999998
2023-07-31,Los Cabos,QF,Hard,3,Stefanos Tsitsipas,Nicolas Jarry,player1,top_10,0.8431898467475545,1.31,0.7206823027718551,0.1225075439756994,0.10457869923929641,True,1.0,0.31000000000000005
2023-07-31,Los Cabos,SF,Hard,3,Stefanos Tsitsipas,Borna Coric,player1,top_10,0.7936675775449692,1.39,0.6811926605504588,0.1124749169945104,0.10319793278750711,True,1.0,0.3899999999999999
2023-07-31,Los Cabos,F,Hard,3,Stefanos Tsitsipas,Alex De Minaur,player1,top_10,0.7766899986742836,1.36,0.6957494407158836,0.08094055795839994,0.0562983981970257,True,1.0,0.3600000000000001
2023-08-07,Canada Masters,R64,Hard,4,Ugo Humbert,Nicolas Jarry,player2,other,0.5489631610811545,2.03,0.4657894736842106,0.08317368739694392,0.11439521699474353,True,1.0,1.0299999999999998
2023-08-07,Canada Masters,R64,Hard,4,Felix Auger Aliassime,Max Purcell,player2,other,0.7757103678773388,1.36,0.6971046770601336,0.07860569081720525,0.05496610031318089,False,1.0,-1.0
2023-08-07,Canada Masters,R64,Hard,4,Borna Coric,Aleksandar Vukic,player1,other,0.6968005870737315,1.48,0.6399026763990268,0.05689791067470473,0.03126486886912261,False,1.0,-1.0
2023-08-07,Canada Masters,R32,Hard,4,Jiri Lehecka,Casper Ruud,player2,top_10,0.4428799606289842,2.6,0.3643031784841076,0.07857678214487662,0.15148789763535897,False,1.0,-1.0
2023-08-07,Canada Masters,R32,Hard,4,Jannik Sinner,Matteo Berrettini,player2,top_10,0.7154702617225621,1.45,0.65311004784689,0.062360213875672144,0.03743187949771504,True,1.0,0.44999999999999996
2023-08-07,Canada Masters,R32,Hard,4,Sebastian Korda,Aleksandar Vukic,player2,other,0.7437378058253475,1.4,0.6774193548387096,0.06631845098663791,0.041232928155486515,False,1.0,-1.0
2023-08-07,Canada Masters,R32,Hard,4,Stefanos Tsitsipas,Gael Monfils,player1,top_10,0.8194531643308505,1.26,0.7509881422924901,0.06846502203836036,0.03251098705687161,False,1.0,-1.0
2023-08-07,Canada Masters,R32,Hard,4,Holger Rune,Marcos Giron,player2,top_10,0.8288670893115576,1.37,0.6921348314606741,0.1367322578508835,0.135547912356834,False,1.0,-1.0
2023-08-07,Canada Masters,R16,Hard,4,Daniil Medvedev,Lorenzo Musetti,player1,top_10,0.8590637992375552,1.2,0.7891036906854131,0.06996010855214208,0.030876559085066146,True,1.0,0.19999999999999996
2023-08-07,Canada Masters,R16,Hard,4,Casper Ruud,Alejandro Davidovich Fokina,player2,top_10,0.6474772036955718,1.77,0.5366492146596858,0.11082798903588598,0.14603465054116216,False,1.0,-1.0
2023-08-07,Canada Masters,R16,Hard,4,Mackenzie Mcdonald,Milos Raonic,player2,other,0.5534837461688668,1.87,0.5078947368421052,0.045589009326761576,0.03501460533578088,True,1.0,0.8700000000000001
2023-08-07,Canada Masters,R16,Hard,4,Aleksandar Vukic,Gael Monfils,player1,other,0.45336416870049395,2.34,0.40458015267175573,0.04878401602873822,0.06087215475915575,False,1.0,-1.0
2023-08-07,Canada Masters,QF,Hard,4,Daniil Medvedev,Alex De Minaur,player1,top_10,0.8046159891401622,1.32,0.7185501066098081,0.08606588253035408,0.06209310566501414,False,1.0,-1.0
2023-08-07,Canada Masters,SF,Hard,4,Alex De Minaur,Alejandro Davidovich Fokina,player2,other,0.6122313405608051,1.71,0.5546875,0.05754384056080508,0.04691559235897669,True,1.0,0.71
2023-08-07,Canada Masters,F,Hard,4,Alex De Minaur,Jannik Sinner,player1,top_10,0.3603565276667731,2.95,0.32183908045977005,0.038517447207003064,0.0630517566169807,False,1.0,-1.0
2023-08-14,Cincinnati Masters,R64,Hard,4,Cameron Norrie,Gael Monfils,player1,other,0.6141309344309218,1.72,0.5509138381201044,0.0632170963108174,0.05630520722118548,False,1.0,-1.0
2023-08-14,Cincinnati Masters,R64,Hard,4,Roman Safiullin,Nicolas Jarry,player2,other,0.5099555877714183,2.07,0.4581151832460733,0.05184040452534494,0.05560806668683571,False,1.0,-1.0
2023-08-14,Cincinnati Masters,R64,Hard,4,Alexei Popyrin,Daniel Altmaier,player1,other,0.5087657231762693,2.06,0.46354166666666663,0.045224056509602706,0.04805738974311491,True,1.0,1.06
2023-08-14,Cincinnati Masters,R64,Hard,4,Lloyd Harris,Max Purcell,player2,other,0.6534993389640514,1.81,0.5236842105263159,0.12981512843773557,0.18283380352493317,False,1.0,-1.0
2023-08-14,Cincinnati Masters,R64,Hard,4,Frances Tiafoe,Tallon Griekspoor,player1,top_10,0.68882176216642,1.53,0.6194029850746269,0.06941877709179312,0.05389729611462263,True,1.0,0.53
2023-08-14,Cincinnati Masters,R64,Hard,4,John Isner,Jordan Thompson,player1,other,0.4805287476441329,2.22,0.42783505154639173,0.05269369609774116,0.0667738197699751,False,1.0,-1.0
2023-08-14,Cincinnati Masters,R32,Hard,4,Daniil Medvedev,Lorenzo Musetti,player1,top_10,0.8474323017136521,1.22,0.778584392014519,0.06884790969913313,0.03386740809065558,True,1.0,0.21999999999999997
2023-08-14,Cincinnati Masters,R32,Hard,4,Yoshihito Nishioka,Alexander Zverev,player2,other,0.19839465456017977,5.22,0.18181818181818182,0.016576472741997944,0.03562009680413836,False,1.0,-1.0
2023-08-14,Cincinnati Masters,R32,Hard,4,Holger Rune,Mackenzie Mcdonald,player1,top_10,0.7170368784111721,1.57,0.6045340050377834,0.11250287337338871,0.1257478991055403,False,1.0,-1.0
2023-08-14,Cincinnati Masters,R32,Hard,4,Andrey Rublev,Emil Ruusuvuori,player1,top_10,0.7903855081748853,1.31,0.7259414225941423,0.064444085580743,0.03540501570909976,False,1.0,-1.0
2023-08-14,Cincinnati Masters,R32,Hard,4,Alexei Popyrin,Nicolas Jarry,player2,other,0.5105074975841194,2.02,0.46981627296587924,0.04069122461824015,0.03122514511992114,True,1.0,1.02
2023-08-14,Cincinnati Masters,R32,Hard,4,Borna Coric,Hubert Hurkacz,player2,other,0.47106966793857236,2.23,0.4252577319587629,0.04581193597980948,0.05048535950301636,False,1.0,-1.0
2023-08-14,Cincinnati Masters,R32,Hard,4,Casper Ruud,Max Purcell,player1,top_10,0.7998867459910111,1.31,0.721868365180467,0.07801838081054402,0.04785163724822453,False,1.0,-1.0
2023-08-14,Cincinnati Masters,R32,Hard,4,Stan Wawrinka,Frances Tiafoe,player2,top_10,0.42436358394476675,2.52,0.37623762376237624,0.048125960182390515,0.06939623154081231,True,1.0,1.52
2023-08-14,Cincinnati Masters,R16,Hard,4,Daniil Medvedev,Alexander Zverev,player1,top_10,0.7441354968347201,1.48,0.6407766990291263,0.10335879780559387,0.10132053531538576,False,1.0,-1.0
2023-08-14,Cincinnati Masters,R16,Hard,4,Mackenzie Mcdonald,Adrian Mannarino,player2,other,0.6330523338052275,1.65,0.5747422680412371,0.05831006576399045,0.04453635077862533,False,1.0,-1.0
2023-08-14,Cincinnati Masters,R16,Hard,4,Max Purcell,Stan Wawrinka,player2,other,0.39243477694754453,2.83,0.3356807511737089,0.05675402577383565,0.11059041876155096,True,1.0,1.83
2023-08-14,Cincinnati Masters,R16,Hard,4,Carlos Alcaraz,Tommy Paul,player1,top_10,0.8277488898600477,1.25,0.7596153846153846,0.0681335052446631,0.03468611232505961,True,1.0,0.25
2023-08-14,Cincinnati Masters,SF,Hard,4,Hubert Hurkacz,Carlos Alcaraz,player1,top_10,0.38065019738088496,3.35,0.28265524625267663,0.09799495112820833,0.2751781612259646,False,1.0,-1.0
2023-08-14,Cincinnati Masters,F,Hard,4,Novak Djokovic,Carlos Alcaraz,player2,top_10,0.6359999357822049,1.62,0.5877862595419847,0.048213676240220216,0.03031989596717205,True,1.0,0.6200000000000001
2023-08-21,Winston-Salem,R64,Hard,3,Marco Cecchinato,Max Purcell,player1,other,0.18997200669192757,6.77,0.14086294416243658,0.04910906252949099,0.28611048530434957,False,1.0,-1.0
2023-08-21,Winston-Salem,R64,Hard,3,Darian King,Michael Mmoh,player1,other,0.29754981997239965,3.53,0.2676348547717842,0.02991496520061543,0.05035086450257065,False,1.0,-1.0
2023-08-21,Winston-Salem,R32,Hard,3,Jack Draper,Tallon Griekspoor,player1,other,0.5631954071638813,1.85,0.5118733509234827,0.05132205624039854,0.04191150325318044,False,1.0,-1.0
2023-08-21,Winston-Salem,R32,Hard,3,Richard Gasquet,Marc Andrea Huesler,player1,other,0.5669335835222199,1.86,0.5079365079365078,0.0589970755857121,0.05449646535132907,True,1.0,0.8600000000000001
2023-08-21,Winston-Salem,R16,Hard,3,Jiri Lehecka,Dominik Koepfer,player2,other,0.6555983397619951,1.58,0.5979643765903307,0.05763396317166436,0.035845376823952335,True,1.0,0.5800000000000001
2023-08-21,Winston-Salem,QF,Hard,3,Jiri Lehecka,Max Purcell,player1,other,0.6102482419339547,1.76,0.5392670157068064,0.07098122622714831,0.07403690580376021,True,1.0,0.76
2023-08-21,Winston-Salem,QF,Hard,3,Sebastian Baez,Laslo Djere,player2,other,0.4749254820028294,2.19,0.43264248704663216,0.04228299495619725,0.04008680558619648,True,1.0,1.19
2023-08-28,Us Open,R128,Hard,5,Dominik Koepfer,Carlos Alcaraz,player1,top_10,0.09549927030190901,17.6,0.05477980665950591,0.0407194636424031,0.6807871573135987,False,1.0,-1.0
2023-08-28,Us Open,R128,Hard,5,Aleksandar Vukic,Alexander Zverev,player2,other,0.1517802040415056,7.59,0.12557603686635946,0.026204167175146148,0.15201174867502754,False,1.0,-1.0
2023-08-28,Us Open,R128,Hard,5,Corentin Moutet,Andy Murray,player1,other,0.288079927093192,3.65,0.2611336032388664,0.026946323854325605,0.051491733890150826,False,1.0,-1.0
2023-08-28,Us Open,R128,Hard,5,Alex Molcan,Grigor Dimitrov,player2,other,0.20311529410425064,5.5,0.17293233082706766,0.030182963277182978,0.11713411757337855,False,1.0,-1.0
2023-08-28,Us Open,R128,Hard,5,Yannick Hanfmann,Jannik Sinner,player2,top_10,0.10548386639042233,14.19,0.06767411300919843,0.0378097533812239,0.4968160640800927,False,1.0,-1.0
2023-08-28,Us Open,R128,Hard,5,Attila Balazs,Daniil Medvedev,player1,top_10,0.09519052071752176,34.68,0.02829924348557019,0.06689127723195157,2.3012072584836547,False,1.0,-1.0
2023-08-28,Us Open,R128,Hard,5,Yibing Wu,Dusan Lajovic,player1,other,0.5419931978189408,1.91,0.49868766404199477,0.04330553377694607,0.03520700783417696,True,1.0,0.9099999999999999
2023-08-28,Us Open,R128,Hard,5,Karen Khachanov,Michael Mmoh,player1,other,0.6602083845293749,1.57,0.6055276381909548,0.05468074633842013,0.03652716371111864,False,1.0,-1.0
2023-08-28,Us Open,R128,Hard,5,Marc Andrea Huesler,Hubert Hurkacz,player1,other,0.13893805896254366,8.87,0.10764587525150907,0.031292183711034594,0.2323805829977622,False,1.0,-1.0
2023-08-28,Us Open,R128,Hard,5,Matteo Berrettini,Ugo Humbert,player2,other,0.6788859381655273,1.52,0.6283618581907091,0.050524079974818226,0.03190662601160155,True,1.0,0.52
2023-08-28,Us Open,R128,Hard,5,Taro Daniel,Gael Monfils,player2,other,0.3165919857805686,3.31,0.2881720430107527,0.028419942769815854,0.04791947293368204,False,1.0,-1.0
2023-08-28,Us Open,R128,Hard,5,Sebastian Korda,Marton Fucsovics,player2,other,0.7398167803079819,1.42,0.6712962962962963,0.06852048401168565,0.050539828037334256,False,1.0,-1.0
2023-08-28,Us Open,R128,Hard,5,Stefano Travaglia,Tommy Paul,player1,other,0.12467087389778131,10.55,0.09051724137931033,0.03415363251847098,0.3152777196215928,False,1.0,-1.0
2023-08-28,Us Open,R128,Hard,5,Marco Cecchinato,Roman Safiullin,player1,other,0.17997291826150488,8.84,0.10797174571140263,0.07200117255010226,0.5909605974317031,False,1.0,-1.0
2023-08-28,Us Open,R128,Hard,5,Jiri Lehecka,Aslan Karatsev,player2,other,0.6887768474510629,1.51,0.6317073170731708,0.057069530377892086,0.040053039651105016,False,1.0,-1.0
2023-08-28,Us Open,R128,Hard,5,Dominic Stricker,Alexei Popyrin,player1,other,0.43710577655860156,2.42,0.39348370927318294,0.04362206728541862,0.05779597927181568,True,1.0,1.42
2023-08-28,Us Open,R128,Hard,5,Soon Woo Kwon,Christopher Eubanks,player1,other,0.27851244621622023,3.74,0.2549800796812749,0.023532366534945337,0.041636548848663746,False,1.0,-1.0
2023-08-28,Us Open,R128,Hard,5,Steve Johnson,Taylor Fritz,player1,top_10,0.10260592762147584,11.61,0.08221343873517788,0.020392488886297966,0.19125481968533442,False,1.0,-1.0
2023-08-28,Us Open,R128,Hard,5,Hugo Dellien,Borna Gojo,player2,other,0.21460667752544738,6.13,0.15564738292011018,0.05895929460533719,0.31553893323099236,False,1.0,-1.0
2023-08-28,Us Open,R128,Hard,5,Brandon Nakashima,Laslo Djere,player2,other,0.734350297301547,1.41,0.675115207373272,0.059235089928274975,0.035433919195181185,False,1.0,-1.0
2023-08-28,Us Open,R64,Hard,5,Lloyd Harris,Carlos Alcaraz,player2,top_10,0.0984435449822344,15.04,0.06351183063511831,0.03493171434711609,0.48059091653280517,False,1.0,-1.0
2023-08-28,Us Open,R64,Hard,5,Botic Van De Zandschulp,Daniel Evans,player2,other,0.4243256435176454,2.48,0.38308457711442784,0.04124106640321756,0.052327595923760684,False,1.0,-1.0
2023-08-28,Us Open,R64,Hard,5,Daniel Altmaier,Alexander Zverev,player2,other,0.14395597173967142,8.65,0.11008230452674897,0.033873667212922454,0.24521915554815799,False,1.0,-1.0
2023-08-28,Us Open,R64,Hard,5,Andrey Rublev,Gael Monfils,player2,top_10,0.759476027488421,1.4,0.6796338672768879,0.07984216021153312,0.06326643848378938,True,1.0,0.3999999999999999
2023-08-28,Us Open,R64,Hard,5,Juan Manuel Cerundolo,Alejandro Davidovich Fokina,player2,other,0.1733149192314014,8.71,0.10940695296523516,0.06390796626616625,0.5095729465055063,False,1.0,-1.0
2023-08-28,Us Open,R64,Hard,5,Juan Pablo Varillas,Taylor Fritz,player1,top_10,0.10083009219850514,14.68,0.06496815286624205,0.03586193933226309,0.48018575347405534,False,1.0,-1.0
2023-08-28,Us Open,R64,Hard,5,Bernabe Zapata Miralles,Novak Djokovic,player2,top_10,0.0886585896590385,25.68,0.037841888347695765,0.050816701311342735,1.2767525824441086,False,1.0,-1.0
2023-08-28,Us Open,R32,Hard,5,Daniel Evans,Carlos Alcaraz,player2,top_10,0.11495125395923178,13.56,0.07059629883481837,0.04435495512441341,0.558739003687183,False,1.0,-1.0
2023-08-28,Us Open,R32,Hard,5,Dominic Stricker,Benjamin Bonzi,player1,other,0.6398950919581382,1.64,0.5805626598465473,0.059332432111590894,0.0494279508113466,True,1.0,0.6399999999999999
2023-08-28,Us Open,R32,Hard,5,Laslo Djere,Novak Djokovic,player2,top_10,0.09162443800319992,19.16,0.05054509415262637,0.041079343850573546,0.7555242321413103,False,1.0,-1.0
2023-08-28,Us Open,R16,Hard,5,Daniil Medvedev,Alex De Minaur,player1,top_10,0.8213312340930347,1.36,0.7024070021881839,0.1189242319048508,0.11701047836652723,True,1.0,0.3600000000000001
2023-08-28,Us Open,R16,Hard,5,Andrey Rublev,Jack Draper,player2,top_10,0.7600943858360032,1.39,0.6848072562358277,0.07528712960017547,0.05653119631204434,True,1.0,0.3899999999999999
2023-08-28,Us Open,R16,Hard,5,Borna Gojo,Novak Djokovic,player2,top_10,0.0923301868833104,18.08,0.05290728129910949,0.03942290558420092,0.6693297788502519,False,1.0,-1.0
2023-08-28,Us Open,QF,Hard,5,Alexander Zverev,Carlos Alcaraz,player1,top_10,0.3638616065555424,4.54,0.21043478260869564,0.15342682394684676,0.6519316937621626,False,1.0,-1.0
2023-08-28,Us Open,QF,Hard,5,Daniil Medvedev,Andrey Rublev,player1,top_10,0.777348281993191,1.36,0.7030567685589519,0.07429151343423901,0.05719366351073979,True,1.0,0.3600000000000001
2023-08-28,Us Open,SF,Hard,5,Daniil Medvedev,Carlos Alcaraz,player2,top_10,0.2592445124827299,4.13,0.2323420074349442,0.026902505047785685,0.07067983655367438,True,1.0,3.13
2023-09-20,Chengdu,R32,Hard,3,Brandon Nakashima,Roman Safiullin,player2,other,0.5786345192817132,1.9,0.4973544973544974,0.08128002192721578,0.099405586635255,False,1.0,-1.0
2023-09-20,Chengdu,R32,Hard,3,Benjamin Lock,Miomir Kecmanovic,player2,other,0.18703006903352226,7.13,0.13260340632603407,0.054426662707488194,0.33352439220901364,False,1.0,-1.0
2023-09-20,Chengdu,R16,Hard,3,Daniel Evans,Roman Safiullin,player1,other,0.542210590270159,1.97,0.48157894736842105,0.060631642901738,0.06815486283221328,False,1.0,-1.0
2023-09-20,Chengdu,SF,Hard,3,Alexander Zverev,Grigor Dimitrov,player1,top_10,0.7345778473290938,1.5,0.6314496314496314,0.10312821587946241,0.10186677099364072,True,1.0,0.5
2023-09-20,Chengdu,F,Hard,3,Alexander Zverev,Roman Safiullin,player2,top_10,0.8259303093769378,1.33,0.7145922746781115,0.1113380346988263,0.09848731147132733,True,1.0,0.33000000000000007
2023-09-20,Zhuhai,QF,Hard,3,Karen Khachanov,Mackenzie Mcdonald,player1,other,0.5648538049077773,1.9,0.4986807387862796,0.06617306612149765,0.07322222932477673,True,1.0,0.8999999999999999
2023-09-20,Zhuhai,SF,Hard,3,Yoshihito Nishioka,Aslan Karatsev,player2,other,0.5259988138668451,2.09,0.4543080939947781,0.07169071987206699,0.09933752098170623,True,1.0,1.0899999999999999
2023-09-25,Astana,R32,Hard,3,Jurij Rodionov,Gregoire Barrere,player2,other,0.4577506014341218,2.26,0.41902313624678666,0.03872746518733511,0.03451635924111507,True,1.0,1.2599999999999998
2023-09-25,Astana,R32,Hard,3,Bernabe Zapata Miralles,Egor Gerasimov,player1,other,0.5564502060205994,1.94,0.4881266490765172,0.06832355694408215,0.07951339967996274,False,1.0,-1.0
2023-09-25,Astana,R32,Hard,3,Nuno Borges,Mikhail Kukushkin,player1,other,0.6567086220958693,1.63,0.5820512820512821,0.07465734004458724,0.07043505401626693,True,1.0,0.6299999999999999
2023-09-25,Astana,R16,Hard,3,Dominic Thiem,Marcos Giron,player1,other,0.5150439135756212,2.03,0.4657894736842106,0.049254439891410595,0.045539144558510936,True,1.0,1.0299999999999998
2023-09-25,Astana,R16,Hard,3,Jiri Lehecka,Egor Gerasimov,player2,other,0.8003081569360484,1.29,0.7345679012345678,0.06574025570148057,0.032397522447502464,True,1.0,0.29000000000000004
2023-09-25,Astana,QF,Hard,3,Dominic Thiem,Sebastian Ofner,player1,other,0.6250678555119067,1.79,0.5301837270341206,0.09488412847778604,0.11887146136631299,False,1.0,-1.0
2023-09-27,Beijing,R32,Hard,3,Stefanos Tsitsipas,Nicolas Jarry,player1,top_10,0.805618974643686,1.48,0.6407766990291263,0.16484227561455977,0.1923160824726553,False,1.0,-1.0
2023-09-27,Beijing,R32,Hard,3,Holger Rune,Felix Auger Aliassime,player2,top_10,0.47298678189217824,2.22,0.4248704663212435,0.048116315570934765,0.050030655800635815,True,1.0,1.2200000000000002
2023-09-27,Beijing,R32,Hard,3,Yannick Hanfmann,Carlos Alcaraz,player1,top_10,0.12225927021381518,11.0,0.08637873754152825,0.03588053267228693,0.34485197235196696,False,1.0,-1.0
2023-09-27,Beijing,R16,Hard,3,Andrey Rublev,Ugo Humbert,player2,top_10,0.7947010114126528,1.36,0.6977777777777777,0.0969232336348751,0.08079337552120791,False,1.0,-1.0
2023-09-27,Beijing,R16,Hard,3,Alexander Zverev,Alejandro Davidovich Fokina,player1,top_10,0.7967099948761417,1.52,0.6246913580246914,0.17201863685145025,0.2109991922117354,True,1.0,0.52
2023-09-27,Beijing,R16,Hard,3,Holger Rune,Grigor Dimitrov,player1,top_10,0.6020750608756084,1.94,0.4881266490765172,0.11394841179909115,0.16802561809868022,False,1.0,-1.0
2023-09-27,Beijing,QF,Hard,3,Alexander Zverev,Nicolas Jarry,player1,top_10,0.8389895352310989,1.36,0.6964285714285715,0.14256096380252736,0.14102576791429455,True,1.0,0.3600000000000001
2023-09-27,Beijing,SF,Hard,3,Jannik Sinner,Carlos Alcaraz,player1,top_10,0.406739646141933,3.64,0.26016260162601623,0.14657704451591674,0.48053231195663604,True,1.0,2.64
2023-10-02,Shanghai Masters,R128,Hard,4,Andy Murray,Roman Safiullin,player1,other,0.5337263186052534,1.99,0.47769028871391084,0.0560360298913426,0.06211537402445433,False,1.0,-1.0
2023-10-02,Shanghai Masters,R64,Hard,4,Cristian Garin,Daniil Medvedev,player2,top_10,0.10848704483111875,9.58,0.09962406015037595,0.0088629846807428,0.03930588948211755,False,1.0,-1.0
2023-10-02,Shanghai Masters,R64,Hard,4,Alexander Zverev,Roman Safiullin,player2,top_10,0.8124946982305956,1.39,0.6789838337182448,0.13351086451235084,0.1293676305405278,False,1.0,-1.0
2023-10-02,Shanghai Masters,R64,Hard,4,Holger Rune,Brandon Nakashima,player2,top_10,0.7277755855218727,1.58,0.6,0.12777558552187274,0.14988542512455894,False,1.0,-1.0
2023-10-02,Shanghai Masters,R64,Hard,4,Hubert Hurkacz,Thanasi Kokkinakis,player2,other,0.6894975241155222,1.53,0.6175,0.07199752411552218,0.054931211896749044,True,1.0,0.53
2023-10-02,Shanghai Masters,R64,Hard,4,Christopher Eubanks,Yannick Hanfmann,player2,other,0.5191866042666371,2.16,0.4375,0.0816866042666371,0.12144306521593617,True,1.0,1.1600000000000001
2023-10-02,Shanghai Masters,R64,Hard,4,Andrey Rublev,Quentin Halys,player2,top_10,0.8679083440710914,1.19,0.7958833619210978,0.07202498214999364,0.032810929444598735,True,1.0,0.18999999999999995
2023-10-02,Shanghai Masters,R64,Hard,4,Taylor Fritz,Yosuke Watanuki,player1,top_10,0.8443926641894257,1.22,0.7757352941176471,0.06865737007177863,0.030159050311099334,True,1.0,0.21999999999999997
2023-10-02,Shanghai Masters,R64,Hard,4,Gregoire Barrere,Carlos Alcaraz,player2,top_10,0.09762071569433656,11.99,0.07910906298003072,0.01851165271430584,0.17047238117509522,False,1.0,-1.0
2023-10-02,Shanghai Masters,R32,Hard,4,Casper Ruud,Christopher Eubanks,player2,top_10,0.8168529077625936,1.3,0.7314049586776858,0.08544794908490772,0.06190878009137166,True,1.0,0.30000000000000004
2023-10-02,Shanghai Masters,R32,Hard,4,Andrey Rublev,Adrian Mannarino,player2,top_10,0.8196618766230889,1.27,0.7470119521912351,0.07264992443185381,0.04097058331132289,True,1.0,0.27
2023-10-02,Shanghai Masters,R32,Hard,4,Stefanos Tsitsipas,Ugo Humbert,player2,top_10,0.7592460488752106,1.52,0.6218905472636816,0.13735550161152899,0.15405399429032018,False,1.0,-1.0
2023-10-02,Shanghai Masters,R16,Hard,4,Grigor Dimitrov,Carlos Alcaraz,player1,top_10,0.23081774075163008,4.63,0.20446735395189003,0.026350386799740055,0.06868613968004722,True,1.0,3.63
2023-10-02,Shanghai Masters,QF,Hard,4,Andrey Rublev,Ugo Humbert,player2,top_10,0.7909790047057189,1.41,0.6728538283062646,0.1181251763994543,0.11528039663506362,True,1.0,0.4099999999999999
2023-10-02,Shanghai Masters,SF,Hard,4,Sebastian Korda,Hubert Hurkacz,player2,other,0.5955173021944097,1.94,0.4894736842105264,0.10604361798388329,0.1553035662571548,False,1.0,-1.0
2023-10-02,Shanghai Masters,SF,Hard,4,Andrey Rublev,Grigor Dimitrov,player1,top_10,0.6558035509486482,1.63,0.5831202046035805,0.07268334634506768,0.06895978804629643,True,1.0,0.6299999999999999
2023-10-02,Shanghai Masters,F,Hard,4,Andrey Rublev,Hubert Hurkacz,player1,top_10,0.73781926129474,1.54,0.6169154228855721,0.12090383840916785,0.13624166239389957,False,1.0,-1.0
2023-10-16,Tokyo,R32,Hard,3,Casper Ruud,Yosuke Watanuki,player2,top_10,0.7363426791862414,1.45,0.6522781774580336,0.08406450172820779,0.06769688482005004,True,1.0,0.44999999999999996
2023-10-16,Tokyo,R32,Hard,3,Francisco Cerundolo,Diego Schwartzman,player1,other,0.6487513628995961,1.62,0.5846153846153845,0.06413597828421158,0.05097720789734578,False,1.0,-1.0
2023-10-16,Tokyo,R32,Hard,3,Karen Khachanov,Alexei Popyrin,player2,other,0.7652800617539062,1.36,0.6971046770601336,0.0681753846937726,0.04078088398531249,False,1.0,-1.0
2023-10-16,Tokyo,R32,Hard,3,Taylor Fritz,Cameron Norrie,player1,top_10,0.8080887385929151,1.44,0.6571428571428571,0.15094588145005794,0.16364778357379767,True,1.0,0.43999999999999995
2023-10-16,Tokyo,R16,Hard,3,Casper Ruud,Marcos Giron,player1,top_10,0.809893413779942,1.39,0.6797235023041476,0.13016991147579438,0.12575184515411925,False,1.0,-1.0
2023-10-16,Stockholm,R32,Hard,3,Thiago Seyboth Wild,Roman Safiullin,player2,other,0.2282225691916501,4.91,0.1924342105263158,0.03578835866533431,0.12057281473100201,False,1.0,-1.0
2023-10-16,Stockholm,R32,Hard,3,Borna Gojo,Stan Wawrinka,player1,other,0.5211954103625532,2.15,0.44010416666666663,0.0810912436958866,0.12057013227948943,False,1.0,-1.0
2023-10-16,Stockholm,R16,Hard,3,Holger Rune,Miomir Kecmanovic,player1,top_10,0.6483101198427151,1.64,0.5762273901808785,0.0720827296618366,0.06322859654205276,False,1.0,-1.0
2023-10-16,Stockholm,QF,Hard,3,Adrian Mannarino,Gael Monfils,player1,other,0.5633537173283081,1.84,0.5145118733509234,0.04884184397738467,0.036570839884086936,False,1.0,-1.0
2023-10-16,Stockholm,QF,Hard,3,Tomas Machac,Laslo Djere,player2,other,0.640062554195633,1.64,0.577319587628866,0.06274296656676692,0.049702588880838006,False,1.0,-1.0
2023-10-16,Stockholm,QF,Hard,3,Miomir Kecmanovic,Elias Ymer,player2,other,0.6568217840409348,1.57,0.6035353535353536,0.05328643050558124,0.03121020094426774,True,1.0,0.5700000000000001
2023-10-16,Antwerp,R32,Hard,3,David Goffin,Quentin Halys,player1,other,0.5155949264577807,2.0,0.47368421052631576,0.04191071593146495,0.031189852915561422,True,1.0,1.0
2023-10-16,Antwerp,R16,Hard,3,Dominic Thiem,Yannick Hanfmann,player1,other,0.5577257988080779,2.08,0.4540682414698162,0.10365755733826171,0.16006966152080215,False,1.0,-1.0
2023-10-16,Antwerp,R16,Hard,3,Stefanos Tsitsipas,Botic Van De Zandschulp,player1,top_10,0.8228258133637958,1.36,0.6964285714285715,0.12639724193522428,0.11904310617476233,True,1.0,0.3600000000000001
2023-10-16,Antwerp,QF,Hard,3,Hugo Gaston,Maximilian Marterer,player1,other,0.47532235628859015,2.24,0.42416452442159375,0.051157831866996406,0.06472207808644215,False,1.0,-1.0
2023-10-16,Antwerp,QF,Hard,3,Stefanos Tsitsipas,Yannick Hanfmann,player1,top_10,0.8423716170121164,1.23,0.7674858223062382,0.0748857947058782,0.036117088924903146,True,1.0,0.22999999999999998
2023-10-23,Basel,R32,Hard,3,Alexander Bublik,Casper Ruud,player1,top_10,0.5169728938443339,2.37,0.398477157360406,0.11849573648392786,0.2252257584110713,False,1.0,-1.0
2023-10-23,Basel,R32,Hard,3,Holger Rune,Miomir Kecmanovic,player1,top_10,0.637147494761075,1.71,0.5523560209424083,0.0847914738186667,0.08952221604143823,True,1.0,0.71
2023-10-23,Basel,R16,Hard,3,Dominic Stricker,Casper Ruud,player1,top_10,0.38269424950839764,2.76,0.3428571428571429,0.03983710665125473,0.0562361286431774,True,1.0,1.7599999999999998
2023-10-23,Basel,R16,Hard,3,Nicolas Jarry,Ugo Humbert,player2,other,0.4499049144568377,2.33,0.40561224489795916,0.04429266955887856,0.04827845068443182,False,1.0,-1.0
2023-10-23,Basel,R16,Hard,3,Holger Rune,Sebastian Baez,player1,top_10,0.7152694403661908,1.48,0.6407766990291263,0.07449274133706452,0.05859877174196232,True,1.0,0.48
2023-10-23,Basel,SF,Hard,3,Hubert Hurkacz,Ugo Humbert,player2,other,0.650774274033356,1.59,0.5974683544303797,0.05330591960297626,0.034731095713036064,True,1.0,0.5900000000000001
2023-10-23,Vienna,F,Hard,3,Jannik Sinner,Daniil Medvedev,player2,top_10,0.5932362315754395,1.98,0.4789473684210527,0.1142888631543868,0.17460773851937017,True,1.0,0.98
2023-10-23,Vienna,R32,Hard,3,Stefanos Tsitsipas,Dominic Thiem,player1,top_10,0.7956901273279033,1.33,0.712742980561555,0.08294714676634829,0.0582678693461115,True,1.0,0.33000000000000007
2023-10-23,Vienna,R32,Hard,3,Karen Khachanov,Roman Safiullin,player1,other,0.5961681574580825,1.74,0.544502617801047,0.051665539657035464,0.03733259397706351,True,1.0,0.74
2023-10-23,Vienna,R16,Hard,3,Stefanos Tsitsipas,Tomas Machac,player1,top_10,0.7929591974754416,1.47,0.6432038834951456,0.14975531398029607,0.1656500202888992,True,1.0,0.47
2023-10-23,Vienna,QF,Hard,3,Alexander Zverev,Andrey Rublev,player2,top_10,0.5768828207629767,1.82,0.5223097112860893,0.05457310947688743,0.04992673378861762,False,1.0,-1.0
2023-10-23,Vienna,QF,Hard,3,Daniil Medvedev,Karen Khachanov,player1,top_10,0.8575589062652188,1.22,0.7761467889908258,0.08141211727439301,0.04622186564356692,True,1.0,0.21999999999999997
2023-10-23,Vienna,SF,Hard,3,Andrey Rublev,Jannik Sinner,player2,top_10,0.40183481336589805,2.63,0.3600973236009733,0.04173748976492475,0.0568255591523118,False,1.0,-1.0
2023-10-30,Paris Masters,R64,Hard,4,Felix Auger Aliassime,Jan Lennard Struff,player2,other,0.7438425613875334,1.41,0.6705607476635514,0.0732818137239819,0.04881801155642196,True,1.0,0.4099999999999999
2023-10-30,Paris Masters,R64,Hard,4,Lorenzo Musetti,Grigor Dimitrov,player2,other,0.28171462406989106,3.75,0.252988047808765,0.02872657626112607,0.056429840262091524,False,1.0,-1.0
2023-10-30,Paris Masters,R64,Hard,4,Alexei Popyrin,Nicolas Jarry,player2,other,0.5007117157620949,2.18,0.4352331606217616,0.06547855514033335,0.09155154036136703,False,1.0,-1.0
2023-10-30,Paris Masters,R64,Hard,4,Yoshihito Nishioka,Jordan Thompson,player2,other,0.5056390387510702,2.1,0.4516971279373368,0.053941910813733396,0.0618419813772475,True,1.0,1.1
2023-10-30,Paris Masters,R64,Hard,4,Richard Gasquet,Tommy Paul,player1,other,0.24829012022865826,4.61,0.20517241379310341,0.04311770643555485,0.14461745425411465,False,1.0,-1.0
2023-10-30,Paris Masters,R32,Hard,4,Felix Auger Aliassime,Stefanos Tsitsipas,player2,top_10,0.5317258176313674,1.97,0.48157894736842105,0.05014687026294634,0.04749986073379375,False,1.0,-1.0
2023-10-30,Paris Masters,R32,Hard,4,Francisco Cerundolo,Casper Ruud,player2,top_10,0.3912557972438808,2.74,0.34606205250596656,0.045193744737914265,0.07204088444823353,True,1.0,1.7400000000000002
2023-10-30,Paris Masters,R32,Hard,4,Tommy Paul,Botic Van De Zandschulp,player2,other,0.6280660871777926,1.69,0.5610389610389611,0.06702712613883144,0.06143168733046939,False,1.0,-1.0
2023-10-30,Paris Masters,R32,Hard,4,Holger Rune,Dominic Thiem,player2,top_10,0.7561578208905241,1.51,0.628992628992629,0.1271651918978951,0.14179830954469136,True,1.0,0.51
2023-10-30,Paris Masters,R32,Hard,4,Alejandro Davidovich Fokina,Tallon Griekspoor,player2,other,0.5529586618921756,1.95,0.48684210526315796,0.06611655662901761,0.07826939068974237,False,1.0,-1.0
2023-10-30,Paris Masters,R16,Hard,4,Alexander Zverev,Stefanos Tsitsipas,player2,top_10,0.5920594475886296,1.91,0.4973684210526315,0.09469102653599809,0.13083354489428245,False,1.0,-1.0
2023-10-30,Paris Masters,R16,Hard,4,Jannik Sinner,Alex De Minaur,player1,top_10,0.8039965865564843,1.34,0.7067833698030634,0.09721321675342087,0.07735542598568906,False,1.0,-1.0
2023-10-30,Paris Masters,R16,Hard,4,Holger Rune,Daniel Altmaier,player2,top_10,0.8444583875526787,1.26,0.7504950495049505,0.09396333804772816,0.06401756831637512,True,1.0,0.26
2023-10-30,Paris Masters,QF,Hard,4,Hubert Hurkacz,Grigor Dimitrov,player2,other,0.48320223067228946,2.24,0.42564102564102557,0.057561205031263885,0.08237299670592846,False,1.0,-1.0
2023-10-30,Paris Masters,QF,Hard,4,Alex De Minaur,Andrey Rublev,player1,top_10,0.3929955044203779,2.85,0.33255269320843084,0.060442811211947056,0.12003718759807702,False,1.0,-1.0
2023-10-30,Paris Masters,QF,Hard,4,Holger Rune,Novak Djokovic,player1,top_10,0.3295478594720959,3.65,0.2611336032388664,0.0684142562332295,0.2028496870731501,False,1.0,-1.0
2023-10-30,Paris Masters,SF,Hard,4,Novak Djokovic,Andrey Rublev,player1,top_10,0.8005888076489435,1.36,0.6984478935698448,0.10214091407909864,0.08880077840256317,True,1.0,0.3600000000000001
2023-10-30,Paris Masters,F,Hard,4,Novak Djokovic,Grigor Dimitrov,player1,top_10,0.8638190100090188,1.33,0.7152034261241969,0.148615583884822,0.14887928331199513,True,1.0,0.33000000000000007
2023-11-06,Metz,R32,Hard,3,Bernabe Zapata Miralles,Stan Wawrinka,player1,other,0.2343548925977211,4.97,0.19055374592833876,0.04380114666938234,0.1647438162106739,False,1.0,-1.0
2023-11-06,Metz,R32,Hard,3,Thiago Seyboth Wild,Fabio Fognini,player1,other,0.6110949509536279,1.71,0.5535248041775457,0.05757014677608219,0.044972366130703656,False,1.0,-1.0
2023-11-06,Sofia,QF,Hard,3,Cem Ilkel,Jack Draper,player1,other,0.1420884823182802,8.3,0.1141942369263607,0.027894245391919495,0.17933440324172567,False,1.0,-1.0
2023-11-13,Tour Finals,RR,Hard,3,Alexander Zverev,Andrey Rublev,player2,top_10,0.6490870876890616,1.66,0.5721649484536083,0.07692213923545332,0.07748456556384231,True,1.0,0.6599999999999999
2023-11-13,Tour Finals,RR,Hard,3,Alexander Zverev,Daniil Medvedev,player2,top_10,0.4785764564652562,2.81,0.33882352941176475,0.13975292705349146,0.34479984266736996,False,1.0,-1.0
2023-11-13,Tour Finals,RR,Hard,3,Andrey Rublev,Daniil Medvedev,player2,top_10,0.45978682707374335,2.55,0.37192118226600984,0.08786564480773351,0.17245640903804538,False,1.0,-1.0
2023-11-13,Tour Finals,RR,Hard,3,Novak Djokovic,Jannik Sinner,player2,top_10,0.7050685934119393,1.63,0.5831202046035805,0.12194838880835879,0.14926180726146093,False,1.0,-1.0
2023-11-13,Tour Finals,SF,Hard,3,Novak Djokovic,Carlos Alcaraz,player1,top_10,0.7041120469385792,1.63,0.5831202046035805,0.12099184233499871,0.14770263650988402,True,1.0,0.6299999999999999
2023-11-13,Tour Finals,SF,Hard,3,Jannik Sinner,Daniil Medvedev,player2,top_10,0.6944801451607846,1.64,0.5794871794871795,0.11499296567360506,0.1389474380636867,True,1.0,0.6399999999999999
2023-11-13,Tour Finals,F,Hard,3,Jannik Sinner,Novak Djokovic,player1,top_10,0.42058629584299095,2.48,0.38461538461538464,0.03597091122760632,0.043054013690617454,False,1.0,-1.0
2024-01-01,Hong Kong,R32,Hard,3,Pavel Kotov,Nuno Borges,player2,other,0.5597604836343718,1.97,0.4788359788359788,0.08092450479839303,0.10272815275971248,True,1.0,0.97
2024-01-01,Hong Kong,R32,Hard,3,Laslo Djere,Juncheng Shang,player1,other,0.6786494890514595,1.7,0.556135770234987,0.12251371881647255,0.15370413138748112,False,1.0,-1.0
2024-01-01,Brisbane,R32,Hard,3,Dominic Thiem,Rafael Nadal,player1,other,0.5285659892403692,2.33,0.4040920716112532,0.12447391762911603,0.2315587549300604,False,1.0,-1.0
2024-01-01,Brisbane,R32,Hard,3,Sebastian Baez,Lukas Klein,player2,other,0.6531538932772526,1.76,0.536842105263158,0.11631178801409459,0.1495508521679646,False,1.0,-1.0
2024-01-01,Brisbane,R16,Hard,3,Daniel Altmaier,Grigor Dimitrov,player2,other,0.17968188795548148,5.83,0.16235632183908047,0.017325566116401014,0.047545406780457045,False,1.0,-1.0
2024-01-01,Brisbane,R16,Hard,3,Jason Kubler,Rafael Nadal,player1,other,0.2356192991017717,5.22,0.18053375196232338,0.055085547139448326,0.2299327413112483,False,1.0,-1.0
2024-01-01,Brisbane,QF,Hard,3,Rinky Hijikata,Grigor Dimitrov,player1,other,0.1787061782915378,5.88,0.16119828815977175,0.01750789013176604,0.05079232835424219,False,1.0,-1.0
2024-01-01,Brisbane,QF,Hard,3,Jordan Thompson,Rafael Nadal,player1,other,0.24202995539801472,5.54,0.17065868263473055,0.07137127276328417,0.34084595290500164,True,1.0,4.54
2024-01-01,Brisbane,SF,Hard,3,Holger Rune,Roman Safiullin,player1,top_10,0.7430136512546333,1.56,0.606060606060606,0.1369530451940273,0.15910129595722794,True,1.0,0.56
2024-01-01,Brisbane,F,Hard,3,Holger Rune,Grigor Dimitrov,player1,top_10,0.6319845555938792,1.86,0.5092348284960422,0.12274972709783705,0.17549127340461546,False,1.0,-1.0
2024-01-08,Auckland,R32,Hard,3,Roberto Carballes Baena,Roberto Bautista Agut,player2,other,0.19691096675752098,5.55,0.1704035874439462,0.026507379313574775,0.09285586550424141,True,1.0,4.55
2024-01-08,Auckland,R32,Hard,3,Fabian Marozsan,Gael Monfils,player1,other,0.43279619634911937,2.53,0.37376237623762376,0.059033820111495605,0.09497437676327192,True,1.0,1.5299999999999998
2024-01-08,Auckland,R16,Hard,3,Francisco Cerundolo,Alexandre Muller,player2,other,0.6544102895359861,1.64,0.5762273901808785,0.07818289935510758,0.07323287483901719,False,1.0,-1.0
2024-01-08,Auckland,F,Hard,3,Alejandro Tabilo,Taro Daniel,player1,other,0.5182551010879796,2.03,0.4657894736842106,0.05246562740376898,0.0520578552085984,True,1.0,1.0299999999999998
2024-01-08,Adelaide,R16,Hard,3,Lorenzo Musetti,Jordan Thompson,player2,other,0.4469961371203042,2.33,0.40561224489795916,0.041383892222345064,0.04150099949030883,True,1.0,1.33
2024-01-08,Adelaide,QF,Hard,3,Jiri Lehecka,Nicolas Jarry,player1,other,0.5409807156879287,2.04,0.4631578947368421,0.07782282095108661,0.10360066000337464,True,1.0,1.04
2024-01-08,Adelaide,QF,Hard,3,Jack Draper,Tommy Paul,player1,other,0.4871118379763845,2.16,0.43896103896103894,0.04815079901534558,0.05216157002899069,True,1.0,1.1600000000000001
2024-01-08,Adelaide,SF,Hard,3,Jiri Lehecka,Sebastian Korda,player2,other,0.4429205356576373,2.39,0.3964646464646465,0.04645588919299076,0.058580080221753206,True,1.0,1.3900000000000001
2024-01-15,Australian Open,R128,Hard,5,Milos Raonic,Alex De Minaur,player2,top_10,0.15825811927588973,7.15,0.1333333333333333,0.024924785942556427,0.1315455528226116,False,1.0,-1.0
2024-01-15,Australian Open,R128,Hard,5,Vit Kopriva,Sebastian Korda,player2,other,0.14295403033315998,8.5,0.1127348643006263,0.030219166032533676,0.21510925783185986,False,1.0,-1.0
2024-01-15,Australian Open,R128,Hard,5,Jiri Vesely,Arthur Fils,player1,other,0.19009467889713041,7.49,0.12703962703962704,0.06305505185750337,0.42380914493950683,False,1.0,-1.0
2024-01-15,Australian Open,R128,Hard,5,Ugo Humbert,David Goffin,player1,other,0.7410813260768051,1.39,0.683371298405467,0.05771002767133815,0.030103043246758998,True,1.0,0.3899999999999999
2024-01-15,Australian Open,R128,Hard,5,Alexandre Muller,Hugo Grenier,player1,other,0.7482441832753746,1.38,0.6919642857142858,0.056279897561088754,0.03257697292001682,False,1.0,-1.0
2024-01-15,Australian Open,R128,Hard,5,Bernabe Zapata Miralles,Jiri Lehecka,player1,other,0.1482197812113909,9.98,0.09601449275362318,0.052205288457767715,0.4792334164896813,False,1.0,-1.0
2024-01-15,Australian Open,R128,Hard,5,Juan Pablo Varillas,Cameron Norrie,player1,other,0.1998057832483585,6.18,0.1545827633378933,0.04522301991046518,0.23479974047485552,False,1.0,-1.0
2024-01-15,Australian Open,R128,Hard,5,Rinky Hijikata,Jan Lennard Struff,player1,other,0.4429345397439224,2.33,0.4086294416243655,0.0343050981195569,0.03203747760333919,False,1.0,-1.0
2024-01-15,Australian Open,R128,Hard,5,Mackenzie Mcdonald,Juncheng Shang,player1,other,0.4980859280496526,2.15,0.4430051813471503,0.05508074670250235,0.07088474530675304,False,1.0,-1.0
2024-01-15,Australian Open,R128,Hard,5,Richard Gasquet,Carlos Alcaraz,player1,top_10,0.10690500144528292,17.45,0.05522468868435301,0.05168031276092991,0.8654922752201869,False,1.0,-1.0
2024-01-15,Australian Open,R64,Hard,5,Alexei Popyrin,Novak Djokovic,player1,top_10,0.10699099853644704,14.37,0.06627680311890838,0.040714195417538665,0.5374606489687439,False,1.0,-1.0
2024-01-15,Australian Open,R64,Hard,5,Hugo Gaston,Taylor Fritz,player1,other,0.17606985958080665,6.12,0.15586206896551721,0.020207790615289434,0.07754754063453673,False,1.0,-1.0
2024-01-15,Australian Open,R64,Hard,5,Stefanos Tsitsipas,Jordan Thompson,player1,top_10,0.8489467353048635,1.22,0.7805755395683452,0.06837119573651829,0.035715017071933475,True,1.0,0.21999999999999997
2024-01-15,Australian Open,R64,Hard,5,Hugo Grenier,Felix Auger Aliassime,player1,other,0.15333339049186234,6.83,0.13871374527112232,0.014619645220740024,0.047267057059419804,False,1.0,-1.0
2024-01-15,Australian Open,R64,Hard,5,Lorenzo Sonego,Carlos Alcaraz,player1,top_10,0.11470017002718325,14.22,0.06754098360655737,0.04715918642062587,0.6310364177865457,False,1.0,-1.0
2024-01-15,Australian Open,R32,Hard,5,Sebastian Baez,Jannik Sinner,player2,top_10,0.09985896129057863,17.61,0.05475040257648954,0.045108558714089086,0.7585163083270895,False,1.0,-1.0
2024-01-15,Australian Open,R32,Hard,5,Flavio Cobolli,Alex De Minaur,player2,top_10,0.11394055283618328,9.15,0.10381978452497552,0.010120768311207756,0.04255605845107702,False,1.0,-1.0
2024-01-15,Australian Open,R32,Hard,5,Andrey Rublev,Sebastian Korda,player2,top_10,0.7854727505488226,1.36,0.6984478935698448,0.08702485697897777,0.0682429407463988,True,1.0,0.3600000000000001
2024-01-15,Australian Open,R32,Hard,5,Nuno Borges,Grigor Dimitrov,player1,other,0.15567410732363843,8.69,0.10963114754098362,0.04604295978265481,0.3528079926424178,True,1.0,7.6899999999999995
2024-01-15,Australian Open,R32,Hard,5,Juncheng Shang,Carlos Alcaraz,player2,top_10,0.10258790475156293,15.24,0.06273062730627306,0.03985727744528987,0.5634396684138192,False,1.0,-1.0
2024-01-15,Australian Open,R16,Hard,5,Adrian Mannarino,Novak Djokovic,player1,top_10,0.10496269842169588,14.16,0.06719367588932806,0.037769022532367816,0.48627180965121364,False,1.0,-1.0
2024-01-15,Australian Open,R16,Hard,5,Andrey Rublev,Alex De Minaur,player2,top_10,0.6412374045698648,1.77,0.5390625,0.10217490456986478,0.1349902060886607,True,1.0,0.77
2024-01-15,Australian Open,R16,Hard,5,Nuno Borges,Daniil Medvedev,player1,top_10,0.10033516145063304,10.51,0.09083044982698962,0.009504711623643414,0.05452254684615321,False,1.0,-1.0
2024-01-15,Australian Open,R16,Hard,5,Alexander Zverev,Cameron Norrie,player2,top_10,0.8415381153357421,1.24,0.7647058823529412,0.07683223298280084,0.04350726301632016,True,1.0,0.24
2024-01-15,Australian Open,R16,Hard,5,Miomir Kecmanovic,Carlos Alcaraz,player1,top_10,0.10570876824381255,10.79,0.08868243243243244,0.017026335811380106,0.1405976093507374,False,1.0,-1.0
2024-01-15,Australian Open,QF,Hard,5,Andrey Rublev,Jannik Sinner,player2,top_10,0.24450436405490514,4.42,0.21492007104795738,0.02958429300694776,0.08070928912268072,False,1.0,-1.0
2024-01-15,Australian Open,QF,Hard,5,Hubert Hurkacz,Daniil Medvedev,player2,top_10,0.34852420948751056,3.0,0.316628701594533,0.03189550789297757,0.04557262846253163,False,1.0,-1.0
2024-01-15,Australian Open,QF,Hard,5,Alexander Zverev,Carlos Alcaraz,player2,top_10,0.3058715581998652,4.26,0.22404371584699453,0.08182784235287069,0.30301283793142575,True,1.0,3.26
2024-01-15,Australian Open,SF,Hard,5,Novak Djokovic,Jannik Sinner,player2,top_10,0.7819280728171885,1.5,0.6341463414634148,0.1477817313537737,0.1728921092257827,False,1.0,-1.0
2024-01-15,Australian Open,SF,Hard,5,Daniil Medvedev,Alexander Zverev,player1,top_10,0.6500206274587724,1.71,0.5581395348837209,0.0918810925750515,0.11153527295450083,True,1.0,0.71
2024-01-15,Australian Open,F,Hard,5,Daniil Medvedev,Jannik Sinner,player2,top_10,0.3182503481233912,3.29,0.290948275862069,0.027302072261322197,0.04704364532595706,False,1.0,-1.0
2024-01-29,Montpellier,R32,Hard,3,Denis Shapovalov,Hugo Gaston,player2,other,0.5877075063015816,1.78,0.5303430079155673,0.05736449838601432,0.04611936121681531,True,1.0,0.78
2024-01-29,Montpellier,R32,Hard,3,Flavio Cobolli,Gael Monfils,player2,other,0.32346025888723645,3.29,0.28633405639913234,0.03712620248810411,0.06418425173900788,True,1.0,2.29
2024-01-29,Montpellier,SF,Hard,3,Borna Coric,Holger Rune,player1,top_10,0.4387244494018052,2.71,0.34855769230769235,0.09016675709411287,0.1889432578788921,True,1.0,1.71
2024-02-05,Dallas,SF,Hard,3,Adrian Mannarino,Marcos Giron,player1,other,0.5748952421405379,1.9,0.4973544973544974,0.0775407447860405,0.09230096006702193,False,1.0,-1.0
2024-02-05,Marseille,R32,Hard,3,Lorenzo Musetti,Maximilian Marterer,player1,other,0.6748062041772104,1.54,0.6111111111111112,0.06369509306609922,0.03920155443290402,True,1.0,0.54
2024-02-05,Marseille,R32,Hard,3,Alexander Shevchenko,Benjamin Bonzi,player1,other,0.5938337167869046,1.77,0.5329815303430079,0.06085218644389667,0.05108567871282105,True,1.0,0.77
2024-02-05,Marseille,R16,Hard,3,Sebastian Korda,Grigor Dimitrov,player2,other,0.381501647235209,2.71,0.34855769230769235,0.03294395492751667,0.03386946400741653,False,1.0,-1.0
2024-02-05,Marseille,R16,Hard,3,Hubert Hurkacz,Alexander Shevchenko,player2,top_10,0.8479480863385448,1.27,0.7444668008048291,0.10348128553371572,0.07689406964995191,True,1.0,0.27
2024-02-05,Marseille,QF,Hard,3,Hubert Hurkacz,Tomas Machac,player1,top_10,0.7936543989687239,1.36,0.6930022573363431,0.10065214163238079,0.07936998259746458,True,1.0,0.3600000000000001
2024-02-05,Marseille,SF,Hard,3,Karen Khachanov,Grigor Dimitrov,player2,other,0.40405421379634365,2.6,0.3643031784841076,0.03975103531223606,0.050540955870493565,False,1.0,-1.0
2024-02-05,Cordoba,R32,Clay,3,Juan Manuel Cerundolo,Facundo Bagnis,player2,other,0.5334658789940726,2.11,0.4476439790575916,0.08582189993648098,0.12561300467749315,False,1.0,-1.0
2024-02-05,Cordoba,R16,Clay,3,Roberto Carballes Baena,Facundo Bagnis,player1,other,0.6824332518749135,1.69,0.5587467362924282,0.12368651558248533,0.15331219566860388,False,1.0,-1.0
2024-02-05,Cordoba,QF,Clay,3,Jaume Munar,Facundo Bagnis,player1,other,0.6977287096839425,1.55,0.6075949367088608,0.09013377297508174,0.08147950001011095,False,1.0,-1.0
2024-02-05,Cordoba,SF,Clay,3,Federico Coria,Facundo Bagnis,player1,other,0.6526776266906158,1.63,0.5798969072164949,0.0727807194741209,0.0638645315057037,False,1.0,-1.0
2024-02-12,Rotterdam,R32,Hard,3,Holger Rune,Roman Safiullin,player1,top_10,0.7519249187636357,1.78,0.5303430079155673,0.22158191084806833,0.33842635539927146,True,1.0,0.78
2024-02-12,Rotterdam,R32,Hard,3,Hubert Hurkacz,Jiri Lehecka,player1,top_10,0.8313671820127245,1.34,0.7028824833702882,0.12848469864243628,0.11403202389705092,True,1.0,0.3400000000000001
2024-02-12,Rotterdam,R16,Hard,3,Andrey Rublev,Felix Auger Aliassime,player1,top_10,0.7329762774712991,1.44,0.6546762589928057,0.07830001847849344,0.0554858395586707,True,1.0,0.43999999999999995
2024-02-12,Rotterdam,R16,Hard,3,Holger Rune,Alexander Shevchenko,player1,top_10,0.7915293539713311,1.33,0.7108695652173914,0.08065978875393964,0.052734040781870384,False,1.0,-1.0
2024-02-12,Rotterdam,R16,Hard,3,Milos Raonic,Alexander Bublik,player1,other,0.44116328337913147,2.5,0.37810945273631846,0.063053830642813,0.10290820844782866,True,1.0,1.5
2024-02-12,Rotterdam,R16,Hard,3,Gael Monfils,Jannik Sinner,player1,top_10,0.15012802681865942,7.88,0.11955307262569832,0.030574954192961093,0.18300885133103628,False,1.0,-1.0
2024-02-12,Rotterdam,QF,Hard,3,Alex De Minaur,Andrey Rublev,player1,top_10,0.5609534296678381,2.14,0.4412532637075718,0.11970016596026634,0.2004403394891736,True,1.0,1.1400000000000001
2024-02-12,Delray Beach,R16,Hard,3,Adrian Mannarino,Marcos Giron,player1,other,0.4849542343046047,2.15,0.4386422976501305,0.046311936654474195,0.04265160375490007,False,1.0,-1.0
2024-02-12,Delray Beach,R16,Hard,3,Taylor Fritz,Nuno Borges,player2,top_10,0.863953616671017,1.2,0.7849462365591398,0.07900738011187725,0.036744340005220366,True,1.0,0.19999999999999996
2024-02-12,Delray Beach,SF,Hard,3,Taylor Fritz,Marcos Giron,player1,top_10,0.7959428150362563,1.38,0.6856492027334853,0.11029361230277102,0.09840108475003362,True,1.0,0.3799999999999999
2024-02-12,Buenos Aires,R32,Clay,3,Laslo Djere,Marin Cilic,player1,other,0.7180353760115965,1.44,0.6563245823389022,0.061710793672694275,0.03397094145669893,True,1.0,0.43999999999999995
2024-02-12,Buenos Aires,R16,Clay,3,Laslo Djere,Andrea Vavassori,player2,other,0.6346799440430592,1.64,0.5762273901808785,0.05845255386218062,0.04087510823061696,False,1.0,-1.0
2024-02-12,Buenos Aires,QF,Clay,3,Andrea Vavassori,Carlos Alcaraz,player2,top_10,0.10303374901509411,10.31,0.09162995594713658,0.011403793067957538,0.06227795234562039,False,1.0,-1.0
2024-02-19,Doha,R32,Hard,3,Roberto Bautista Agut,Marton Fucsovics,player1,other,0.5102447964420639,2.07,0.4552631578947368,0.05498163854732707,0.056206728635072145,False,1.0,-1.0
2024-02-19,Doha,R32,Hard,3,Alexei Popyrin,Abedallah Shelbayh,player1,other,0.7201399963836005,1.45,0.6497584541062802,0.0703815422773203,0.04420299475622069,True,1.0,0.44999999999999996
2024-02-19,Doha,R16,Hard,3,Alexander Bublik,Marton Fucsovics,player1,other,0.5235593946405812,2.04,0.4631578947368421,0.06040149990373911,0.06806116506678572,True,1.0,1.04
2024-02-19,Doha,R16,Hard,3,Alexei Popyrin,Hugo Grenier,player2,other,0.7240929123108223,1.43,0.6595238095238095,0.06456910278701278,0.03545286460447583,True,1.0,0.42999999999999994
2024-02-19,Rio De Janeiro,SF,Clay,3,Francisco Cerundolo,Sebastian Baez,player2,other,0.4531160514946581,2.39,0.3949367088607595,0.05817934263389862,0.08294736307223305,False,1.0,-1.0
2024-02-19,Los Cabos,R32,Hard,3,Alex Michelsen,Constant Lestienne,player1,other,0.7615359781125989,1.36,0.695067264573991,0.06646871353860784,0.035688930233134575,True,1.0,0.3600000000000001
2024-02-19,Los Cabos,R16,Hard,3,Rinky Hijikata,Aleksandar Kovacevic,player2,other,0.618555821521157,1.86,0.5092348284960422,0.10932099302511478,0.15051382802935198,False,1.0,-1.0
2024-02-19,Los Cabos,R16,Hard,3,Alex De Minaur,Alex Michelsen,player2,top_10,0.8479030914252198,1.25,0.755859375,0.0920437164252198,0.05987886428152475,False,1.0,-1.0
2024-02-19,Los Cabos,SF,Hard,3,Stefanos Tsitsipas,Casper Ruud,player2,other,0.583830428236284,1.88,0.503957783641161,0.079872644595123,0.09760120508421377,False,1.0,-1.0
2024-02-26,Dubai,R32,Hard,3,Denis Shapovalov,Andy Murray,player1,other,0.5977506584471447,1.74,0.5433070866141733,0.05444357183297144,0.04008614569803176,False,1.0,-1.0
2024-02-26,Dubai,QF,Hard,3,Andrey Rublev,Sebastian Korda,player1,top_10,0.782334402062039,1.4,0.6736596736596736,0.10867472840236536,0.09526816288685447,True,1.0,0.3999999999999999
2024-02-26,Dubai,QF,Hard,3,Ugo Humbert,Hubert Hurkacz,player1,top_10,0.5350471178919799,2.12,0.4450261780104712,0.09002093988150872,0.1342998899309974,True,1.0,1.12
2024-02-26,Dubai,QF,Hard,3,Daniil Medvedev,Alejandro Davidovich Fokina,player2,top_10,0.8607055900853502,1.2,0.7872340425531915,0.07347154753215868,0.032846708102420186,True,1.0,0.19999999999999996
2024-02-26,Dubai,SF,Hard,3,Andrey Rublev,Alexander Bublik,player1,top_10,0.81285594453694,1.28,0.7387755102040816,0.07408043433285838,0.040455609007283205,False,1.0,-1.0
2024-02-26,Dubai,SF,Hard,3,Daniil Medvedev,Ugo Humbert,player2,top_10,0.7549608484817342,1.39,0.6789838337182448,0.07597701476348939,0.04939557938961042,False,1.0,-1.0
2024-02-26,Acapulco,R32,Hard,3,Ben Shelton,Daniel Evans,player1,other,0.7610271641707281,1.36,0.6930022573363431,0.068024906834385,0.03499694327219033,True,1.0,0.3600000000000001
2024-02-26,Acapulco,QF,Hard,3,Ben Shelton,Casper Ruud,player2,other,0.4792183526215054,2.15,0.4386422976501305,0.0405760549713749,0.03031945813623671,False,1.0,-1.0
2024-02-26,Acapulco,SF,Hard,3,Holger Rune,Casper Ruud,player1,top_10,0.5252510038065036,2.23,0.42377260981912146,0.10147839398738212,0.17130973848850295,False,1.0,-1.0
2024-02-26,Acapulco,SF,Hard,3,Alex De Minaur,Jack Draper,player2,top_10,0.6316148108723462,1.65,0.5714285714285715,0.06018623944377466,0.042164437939371135,True,1.0,0.6499999999999999
2024-02-26,Santiago,R32,Clay,3,Pedro Martinez,Francesco Passaro,player1,other,0.7216082495694707,1.44,0.6555023923444976,0.06610585722497309,0.039115879380037744,True,1.0,0.43999999999999995
2024-02-26,Santiago,R32,Clay,3,Alex Molcan,Federico Coria,player1,other,0.6258625137314217,1.69,0.5587467362924282,0.06711577743899344,0.05770764820610258,False,1.0,-1.0
2024-03-04,Indian Wells Masters,R128,Hard,4,Thanasi Kokkinakis,Marcos Giron,player2,other,0.3942028608939398,2.65,0.35835351089588374,0.03584934999805606,0.04463758136894047,True,1.0,1.65
2024-03-04,Indian Wells Masters,R128,Hard,4,Aleksandar Vukic,Shintaro Mochizuki,player2,other,0.5725089647126239,1.9,0.5013123359580053,0.07119662875461863,0.08776703295398536,True,1.0,0.8999999999999999
2024-03-04,Indian Wells Masters,R64,Hard,4,Matteo Arnaldi,Carlos Alcaraz,player1,top_10,0.15777548075453787,6.53,0.14528795811518325,0.012487522639354626,0.030273889327132264,False,1.0,-1.0
2024-03-04,Indian Wells Masters,R64,Hard,4,Alexander Bublik,Juncheng Shang,player1,other,0.6436667543104653,1.65,0.5758354755784061,0.06783127873205919,0.062050144612267655,True,1.0,0.6499999999999999
2024-03-04,Indian Wells Masters,R64,Hard,4,Andy Murray,Andrey Rublev,player2,top_10,0.22418609853842053,5.02,0.1890145395799677,0.035171558958452837,0.12541421466287095,False,1.0,-1.0
2024-03-04,Indian Wells Masters,R64,Hard,4,Roberto Carballes Baena,Daniil Medvedev,player1,top_10,0.111179815996395,12.54,0.0759027266028003,0.035277089393594696,0.3941948925947931,False,1.0,-1.0
2024-03-04,Indian Wells Masters,R64,Hard,4,Alex Michelsen,Tommy Paul,player2,other,0.4011240569822528,2.73,0.34844868735083534,0.052675369631417446,0.09506867556155008,False,1.0,-1.0
2024-03-04,Indian Wells Masters,R64,Hard,4,Aleksandar Vukic,Novak Djokovic,player1,top_10,0.10202150463556321,16.81,0.05667789001122335,0.04534361462433986,0.7149814929238174,False,1.0,-1.0
2024-03-04,Indian Wells Masters,R32,Hard,4,Felix Auger Aliassime,Carlos Alcaraz,player1,top_10,0.22977080452911777,4.6,0.20689655172413796,0.022874252804979817,0.05694570083394168,False,1.0,-1.0
2024-03-04,Indian Wells Masters,R32,Hard,4,Alex De Minaur,Alexander Bublik,player1,top_10,0.8270236371103358,1.25,0.7591522157996148,0.06787142131072099,0.03377954638791972,True,1.0,0.25
2024-03-04,Indian Wells Masters,R32,Hard,4,Alexander Zverev,Tallon Griekspoor,player1,top_10,0.8277660485576653,1.3,0.7314049586776858,0.09636108987997949,0.07609586312496497,True,1.0,0.30000000000000004
2024-03-04,Indian Wells Masters,R32,Hard,4,Andrey Rublev,Jiri Lehecka,player1,top_10,0.8268363731459002,1.27,0.75049115913556,0.07634521401034022,0.05008219389529325,False,1.0,-1.0
2024-03-04,Indian Wells Masters,R32,Hard,4,Holger Rune,Lorenzo Musetti,player1,top_10,0.8352619542463345,1.34,0.7093275488069414,0.12593440543939316,0.11925101869008836,True,1.0,0.3400000000000001
2024-03-04,Indian Wells Masters,R32,Hard,4,Sebastian Baez,Taylor Fritz,player2,other,0.2501533104307605,5.13,0.18571428571428572,0.06443902471647478,0.2832864825098014,False,1.0,-1.0
2024-03-04,Indian Wells Masters,R32,Hard,4,Daniil Medvedev,Sebastian Korda,player2,top_10,0.7784523575126001,1.38,0.6891891891891893,0.08926316832341086,0.07426425336738807,True,1.0,0.3799999999999999
2024-03-04,Indian Wells Masters,R32,Hard,4,Ugo Humbert,Tommy Paul,player1,other,0.5449935753704177,1.9,0.5013123359580053,0.04368123941241242,0.03548779320379358,False,1.0,-1.0
2024-03-04,Indian Wells Masters,R32,Hard,4,Luca Nardi,Novak Djokovic,player2,top_10,0.09215610492261615,14.6,0.06530089628681178,0.026855208635804373,0.34547913187019585,True,1.0,13.6
2024-03-04,Indian Wells Masters,R16,Hard,4,Jiri Lehecka,Stefanos Tsitsipas,player1,other,0.40754019789822843,2.68,0.3542168674698795,0.053323330428348914,0.09220773036725227,True,1.0,1.6800000000000002
2024-03-04,Indian Wells Masters,R16,Hard,4,Holger Rune,Taylor Fritz,player1,top_10,0.4759163886664331,2.48,0.38308457711442784,0.09283181155200526,0.180272643892754,True,1.0,1.48
2024-03-04,Indian Wells Masters,R16,Hard,4,Daniil Medvedev,Grigor Dimitrov,player1,top_10,0.6826585291762851,1.57,0.6055276381909548,0.07713089098533032,0.07177389080676766,True,1.0,0.5700000000000001
2024-03-04,Indian Wells Masters,SF,Hard,4,Jannik Sinner,Carlos Alcaraz,player2,top_10,0.6616101850210634,1.76,0.5392670157068064,0.12234316931425704,0.1644339256370716,False,1.0,-1.0
2024-03-04,Indian Wells Masters,F,Hard,4,Daniil Medvedev,Carlos Alcaraz,player2,top_10,0.36476871826953144,3.14,0.3022222222222222,0.06254649604730922,0.14537377536632867,False,1.0,-1.0
2024-03-18,Miami Masters,R128,Hard,4,Pedro Cachin,Andrea Vavassori,player2,other,0.4092925385533103,2.55,0.3703703703703704,0.03892216818293992,0.04369597331094133,False,1.0,-1.0
2024-03-18,Miami Masters,R128,Hard,4,Alex Michelsen,Lukas Klein,player1,other,0.6191701454104926,1.72,0.549738219895288,0.0694319255152046,0.06497265010604736,True,1.0,0.72
2024-03-18,Miami Masters,R128,Hard,4,Matteo Berrettini,Andy Murray,player1,other,0.631591108068117,1.77,0.5354330708661418,0.09615803720197524,0.11791626128056715,False,1.0,-1.0
2024-03-18,Miami Masters,R128,Hard,4,Fabian Marozsan,Aleksandar Kovacevic,player2,other,0.6450176103603225,1.64,0.5762273901808785,0.06879022017944392,0.057828880990928755,True,1.0,0.6399999999999999
2024-03-18,Miami Masters,R128,Hard,4,Kei Nishikori,Sebastian Ofner,player1,other,0.5636779696855642,2.0,0.47368421052631576,0.0899937591592484,0.12735593937112832,False,1.0,-1.0
2024-03-18,Miami Masters,R128,Hard,4,Alexander Shevchenko,Daniel Elahi Galan,player2,other,0.6981955381708046,1.48,0.6381418092909535,0.060053728879851054,0.033329396492790764,True,1.0,0.48
2024-03-18,Miami Masters,R64,Hard,4,Andrea Vavassori,Jannik Sinner,player1,top_10,0.09369700887626209,13.78,0.06954760297096556,0.02414940590529653,0.2911447823148916,False,1.0,-1.0
2024-03-18,Miami Masters,R64,Hard,4,Roberto Carballes Baena,Carlos Alcaraz,player2,top_10,0.0918673676952958,18.91,0.05070281124497991,0.04116455645031589,0.7372119231180435,False,1.0,-1.0
2024-03-18,Miami Masters,R32,Hard,4,Tallon Griekspoor,Jannik Sinner,player1,top_10,0.12055886530504989,8.97,0.10568295114656033,0.014875914158489559,0.08141302178629761,False,1.0,-1.0
2024-03-18,Miami Masters,R32,Hard,4,Nicolas Jarry,Thiago Seyboth Wild,player1,other,0.5808121338401019,1.87,0.5065963060686015,0.07421582777150038,0.08611869028099062,True,1.0,0.8700000000000001
2024-03-18,Miami Masters,R32,Hard,4,Casper Ruud,Alejandro Davidovich Fokina,player1,top_10,0.7324276102992267,1.5,0.6305418719211823,0.10188573837804438,0.09864141544883998,True,1.0,0.5
2024-03-18,Miami Masters,R32,Hard,4,Hubert Hurkacz,Sebastian Korda,player1,top_10,0.7047547685051608,1.55,0.6105527638190955,0.09420200468606532,0.09236989118299932,True,1.0,0.55
2024-03-18,Miami Masters,R32,Hard,4,Yannick Hanfmann,Grigor Dimitrov,player1,other,0.16766019147148936,6.21,0.15279672578444747,0.014863465687041888,0.04116978903794888,False,1.0,-1.0
2024-03-18,Miami Masters,R32,Hard,4,Gael Monfils,Carlos Alcaraz,player1,top_10,0.19538295881766252,7.63,0.12399540757749715,0.07138755124016537,0.49077197577876497,False,1.0,-1.0
2024-03-18,Miami Masters,R16,Hard,4,Alexander Zverev,Karen Khachanov,player1,top_10,0.7586447112450081,1.43,0.6611374407582938,0.09750727048671426,0.08486193708036155,True,1.0,0.42999999999999994
2024-03-18,Miami Masters,R16,Hard,4,Lorenzo Musetti,Carlos Alcaraz,player1,top_10,0.11832037003493205,9.27,0.10261374636979671,0.01570662366513534,0.09682983022382008,False,1.0,-1.0
2024-03-18,Miami Masters,QF,Hard,4,Grigor Dimitrov,Carlos Alcaraz,player1,top_10,0.27570434587034537,4.92,0.19211822660098524,0.08358611926936013,0.3564653816820993,True,1.0,3.92
2024-03-18,Miami Masters,SF,Hard,4,Grigor Dimitrov,Alexander Zverev,player1,top_10,0.4892157506085452,2.26,0.41902313624678666,0.07019261436175855,0.10562759637531216,True,1.0,1.2599999999999998
2024-04-01,Marrakech,R32,Clay,3,Hugo Gaston,Fabio Fognini,player1,other,0.5127109962703371,2.04,0.4631578947368421,0.049553101533495014,0.04593043239148775,False,1.0,-1.0
2024-04-01,Houston,R32,Clay,3,J J Wolf,Alexander Ritschard,player1,other,0.5941491652031522,1.77,0.5329815303430079,0.061167634860144315,0.05164402240957938,True,1.0,0.77
2024-04-01,Estoril,R16,Clay,3,Dominic Thiem,Richard Gasquet,player2,other,0.6418007444311781,1.61,0.588235294117647,0.053565450313531104,0.03329919853419677,False,1.0,-1.0
2024-04-01,Estoril,SF,Clay,3,Cristian Garin,Hubert Hurkacz,player2,top_10,0.40557018820607915,2.68,0.3542168674698795,0.05135332073619964,0.08692810439229215,False,1.0,-1.0
2024-04-08,Monte Carlo Masters,R64,Clay,4,Aleksandar Vukic,Gael Monfils,player2,other,0.2978845165538741,3.72,0.2574850299401198,0.04039948661375431,0.10813040158041176,False,1.0,-1.0
2024-04-08,Monte Carlo Masters,R64,Clay,4,Karen Khachanov,Cameron Norrie,player1,other,0.6127378793433155,1.69,0.5598958333333334,0.0528420460099821,0.03552701609020309,True,1.0,0.69
2024-04-08,Monte Carlo Masters,R64,Clay,4,Felix Auger Aliassime,Luca Nardi,player1,other,0.6553784621561832,1.63,0.5809768637532133,0.07440159840296989,0.06826689331457858,True,1.0,0.6299999999999999
2024-04-08,Monte Carlo Masters,R32,Clay,4,Grigor Dimitrov,Miomir Kecmanovic,player2,top_10,0.8184518456706392,1.3,0.7286012526096034,0.08985059306103582,0.06398739937183104,True,1.0,0.30000000000000004
2024-04-08,Monte Carlo Masters,R32,Clay,4,Holger Rune,Sumit Nagal,player2,top_10,0.8521428281687501,1.24,0.7651515151515152,0.08699131301723484,0.056657106929250106,True,1.0,0.24
2024-04-08,Monte Carlo Masters,R32,Clay,4,Gael Monfils,Daniil Medvedev,player1,top_10,0.3285633914868481,3.21,0.2945054945054945,0.034057896981353586,0.054688486672782366,False,1.0,-1.0
2024-04-08,Monte Carlo Masters,R32,Clay,4,Casper Ruud,Alejandro Tabilo,player1,top_10,0.8470854944291157,1.25,0.7572815533980582,0.08980394103105749,0.05885686803639467,True,1.0,0.25
2024-04-08,Monte Carlo Masters,R32,Clay,4,Hubert Hurkacz,Roberto Bautista Agut,player2,top_10,0.7527999835315198,1.45,0.6514423076923078,0.10135767583921196,0.09155997612070366,True,1.0,0.44999999999999996
2024-04-08,Monte Carlo Masters,R16,Clay,4,Jan Lennard Struff,Jannik Sinner,player1,top_10,0.17068112325551987,8.74,0.10816326530612246,0.06251785794939742,0.49175301725324383,False,1.0,-1.0
2024-04-08,Monte Carlo Masters,R16,Clay,4,Holger Rune,Grigor Dimitrov,player1,top_10,0.5820662184583348,2.17,0.4348958333333333,0.14717038512500152,0.26308369405458654,True,1.0,1.17
2024-04-08,Monte Carlo Masters,R16,Clay,4,Alexander Zverev,Stefanos Tsitsipas,player1,top_10,0.5920823914566006,1.79,0.5289473684210526,0.06313502303554797,0.05982748070731503,False,1.0,-1.0
2024-04-08,Monte Carlo Masters,R16,Clay,4,Hubert Hurkacz,Casper Ruud,player1,top_10,0.45654897109468395,2.75,0.3436754176610979,0.11287355343358607,0.25550967051038087,False,1.0,-1.0
2024-04-08,Monte Carlo Masters,R16,Clay,4,Lorenzo Musetti,Novak Djokovic,player2,top_10,0.25412555055110736,4.51,0.21015761821366025,0.04396793233744711,0.14610623298549408,False,1.0,-1.0
2024-04-08,Monte Carlo Masters,QF,Clay,4,Holger Rune,Jannik Sinner,player2,top_10,0.2385520089578886,5.77,0.16376811594202897,0.07478389301585964,0.3764450916870171,False,1.0,-1.0
2024-04-08,Monte Carlo Masters,SF,Clay,4,Stefanos Tsitsipas,Jannik Sinner,player1,top_10,0.3270750340725624,3.62,0.2612244897959184,0.065850544276644,0.18401162334267585,True,1.0,2.62
2024-04-08,Monte Carlo Masters,SF,Clay,4,Casper Ruud,Novak Djokovic,player2,top_10,0.3781713300436449,2.9,0.32714617169373555,0.05102515834990934,0.09669685712657017,True,1.0,1.9
2024-04-15,Munich,R32,Clay,3,Cristian Garin,Dominik Koepfer,player2,other,0.5435028262048306,1.91,0.4947089947089948,0.04879383149583577,0.03809039805122638,True,1.0,0.9099999999999999
2024-04-15,Munich,R16,Clay,3,Yannick Hanfmann,Marc Andrea Huesler,player2,other,0.6299810815062005,1.67,0.5662337662337663,0.06374731527243416,0.05206840611535474,False,1.0,-1.0
2024-04-15,Munich,SF,Clay,3,Holger Rune,Jan Lennard Struff,player2,other,0.693820101517264,1.5,0.6287128712871286,0.06510723023013543,0.04073015227589605,False,1.0,-1.0
2024-04-15,Barcelona,R64,Clay,3,Brandon Nakashima,Daniel Evans,player1,other,0.7099519307611036,1.48,0.6416464891041161,0.06830544165698749,0.05072885752643336,True,1.0,0.48
2024-04-15,Barcelona,R64,Clay,3,Roman Safiullin,Roberto Bautista Agut,player2,other,0.489374096446376,2.21,0.43041237113402064,0.05896172531235533,0.08151675314649087,False,1.0,-1.0
2024-04-15,Barcelona,R64,Clay,3,Flavio Cobolli,Rafael Nadal,player1,other,0.3280357251355944,4.19,0.22550831792975967,0.10252740720583475,0.37446968831814076,False,1.0,-1.0
2024-04-15,Barcelona,R32,Clay,3,Matteo Arnaldi,Sebastian Baez,player2,other,0.45529505272371695,2.29,0.4143222506393862,0.04097280208433074,0.04262567073731183,True,1.0,1.29
2024-04-15,Barcelona,R32,Clay,3,Alex De Minaur,Rafael Nadal,player2,other,0.5371514590913499,2.01,0.47244094488188976,0.06471051420946011,0.07967443277361308,True,1.0,1.0099999999999998
2024-04-15,Barcelona,R16,Clay,3,Arthur Fils,Alex De Minaur,player2,other,0.30989243892522994,3.58,0.26488706365503084,0.0450053752701991,0.10941493135232327,True,1.0,2.58
2024-04-15,Barcelona,QF,Clay,3,Arthur Fils,Dusan Lajovic,player1,other,0.6602635700110965,1.62,0.586734693877551,0.07352887613354553,0.06962698341797635,False,1.0,-1.0
2024-04-15,Barcelona,SF,Clay,3,Stefanos Tsitsipas,Dusan Lajovic,player2,top_10,0.8537251120140118,1.21,0.7846975088967971,0.06902760311721468,0.03300738553695426,True,1.0,0.20999999999999996
2024-04-15,Bucharest,R32,Clay,3,Thanasi Kokkinakis,Gregoire Barrere,player2,other,0.5378238758460818,1.92,0.49340369393139843,0.04442018191468339,0.032621841624477066,False,1.0,-1.0
2024-04-15,Bucharest,R16,Clay,3,Miomir Kecmanovic,Pedro Martinez,player2,other,0.5300152055403392,1.99,0.47493403693931396,0.05508116860102524,0.05473025902527506,False,1.0,-1.0
2024-04-22,Madrid Masters,R128,Clay,4,Juncheng Shang,Corentin Moutet,player2,other,0.4457982450130153,2.39,0.3964646464646465,0.04933359854836877,0.0654578055811067,True,1.0,1.3900000000000001
2024-04-22,Madrid Masters,R64,Clay,4,Alexander Shevchenko,Carlos Alcaraz,player2,top_10,0.09794121871975242,11.18,0.08510638297872342,0.012834835741029005,0.094982825286832,False,1.0,-1.0
2024-04-22,Madrid Masters,R64,Clay,4,Jaume Munar,Jan Lennard Struff,player2,other,0.39818310233733967,2.6,0.3643031784841076,0.033879923853232075,0.035276066077083224,False,1.0,-1.0
2024-04-22,Madrid Masters,R64,Clay,4,Andrey Rublev,Facundo Bagnis,player2,top_10,0.8683382078454175,1.2,0.7909407665505226,0.0773974412948949,0.042005849414500945,True,1.0,0.19999999999999996
2024-04-22,Madrid Masters,R64,Clay,4,Tommy Paul,Lukas Klein,player1,other,0.6387026757913917,1.65,0.5747422680412371,0.06396040775015466,0.05385941505579628,True,1.0,0.6499999999999999
2024-04-22,Madrid Masters,R64,Clay,4,Luca Van Assche,Sebastian Baez,player2,other,0.3700768147816962,2.84,0.3333333333333333,0.03674348144836287,0.05101815398001708,False,1.0,-1.0
2024-04-22,Madrid Masters,R64,Clay,4,Jack Draper,Hubert Hurkacz,player1,top_10,0.49090745993066603,2.2,0.43152454780361754,0.05938291212704849,0.07999641184746531,False,1.0,-1.0
2024-04-22,Madrid Masters,R64,Clay,4,Daniil Medvedev,Matteo Arnaldi,player1,top_10,0.71454632148751,1.48,0.6407766990291263,0.0737696224583837,0.057528555801514725,True,1.0,0.48
2024-04-22,Madrid Masters,R64,Clay,4,Miomir Kecmanovic,Casper Ruud,player2,top_10,0.20830998838585169,5.21,0.18210361067503922,0.026206377710812467,0.08529503949028727,False,1.0,-1.0
2024-04-22,Madrid Masters,R64,Clay,4,Adrian Mannarino,Felix Auger Aliassime,player2,other,0.20519624852861718,5.85,0.16189111747851,0.043305131050107165,0.2003980538924104,False,1.0,-1.0
2024-04-22,Madrid Masters,R64,Clay,4,Flavio Cobolli,Nicolas Jarry,player2,other,0.40928988065865246,2.52,0.37623762376237624,0.03305225689627622,0.031410499259804214,True,1.0,1.52
2024-04-22,Madrid Masters,R64,Clay,4,Lorenzo Sonego,Jannik Sinner,player1,top_10,0.11249695208010857,11.47,0.08313349320543567,0.0293634588746729,0.2903400403588453,False,1.0,-1.0
2024-04-22,Madrid Masters,R32,Clay,4,Alejandro Davidovich Fokina,Andrey Rublev,player1,top_10,0.39209928903777674,2.66,0.3559322033898305,0.03616708564794624,0.0429841088404862,False,1.0,-1.0
2024-04-22,Madrid Masters,R32,Clay,4,Sebastian Baez,Taylor Fritz,player2,other,0.4105404693447754,2.54,0.37283950617283945,0.03770096317193594,0.04277279213572949,False,1.0,-1.0
2024-04-22,Madrid Masters,R32,Clay,4,Daniel Altmaier,Hubert Hurkacz,player2,top_10,0.3567160484730867,3.46,0.273109243697479,0.08360680477560767,0.2342375277168799,False,1.0,-1.0
2024-04-22,Madrid Masters,R32,Clay,4,Pedro Cachin,Rafael Nadal,player1,other,0.24288416543819544,5.31,0.1780185758513932,0.06486558958680225,0.28971491847681774,False,1.0,-1.0
2024-04-22,Madrid Masters,R32,Clay,4,Pavel Kotov,Jannik Sinner,player1,top_10,0.10752315807674757,16.53,0.05811965811965813,0.049403499957089446,0.7773578030086375,False,1.0,-1.0
2024-04-22,Madrid Masters,R16,Clay,4,Andrey Rublev,Tallon Griekspoor,player1,top_10,0.8158657946745816,1.44,0.6563245823389022,0.15954121233567942,0.17484674433139752,True,1.0,0.43999999999999995
2024-04-22,Madrid Masters,R16,Clay,4,Alexander Zverev,Francisco Cerundolo,player1,top_10,0.8647478141823712,1.2,0.7883597883597884,0.07638802582258286,0.03769737701884543,False,1.0,-1.0
2024-04-22,Madrid Masters,R16,Clay,4,Rafael Nadal,Jiri Lehecka,player1,other,0.536978004675858,1.92,0.49340369393139843,0.043574310744459555,0.030997768977647278,False,1.0,-1.0
2024-04-22,Madrid Masters,R16,Clay,4,Casper Ruud,Felix Auger Aliassime,player1,top_10,0.8317483062352816,1.26,0.7504950495049505,0.08125325673033112,0.04800286585645486,False,1.0,-1.0
2024-04-22,Madrid Masters,SF,Clay,4,Taylor Fritz,Andrey Rublev,player1,top_10,0.4666814196931761,2.26,0.41902313624678666,0.04765828344638945,0.05470000850657797,False,1.0,-1.0
2024-04-22,Madrid Masters,F,Clay,4,Andrey Rublev,Felix Auger Aliassime,player1,top_10,0.7794781227185621,1.33,0.7139784946236559,0.06549962809490617,0.03670590321568762,True,1.0,0.33000000000000007
2024-05-06,Rome Masters,R128,Clay,4,Luca Nardi,Daniel Altmaier,player2,other,0.47767496452188246,2.2,0.43152454780361754,0.04615041671826492,0.05088492194814154,True,1.0,1.2000000000000002
2024-05-06,Rome Masters,R128,Clay,4,Zizou Bergs,Rafael Nadal,player1,other,0.23423285152199805,5.6,0.1691394658753709,0.06509338564662714,0.31170396852318905,False,1.0,-1.0
2024-05-06,Rome Masters,R128,Clay,4,Rinky Hijikata,Jaume Munar,player1,other,0.2036589715202275,7.01,0.13563501849568435,0.06802395302454314,0.4276493903567946,False,1.0,-1.0
2024-05-06,Rome Masters,R128,Clay,4,Pedro Martinez,Nuno Borges,player2,other,0.5597761871061132,1.89,0.5013192612137204,0.05845692589239282,0.05797699363055392,False,1.0,-1.0
2024-05-06,Rome Masters,R128,Clay,4,Arthur Rinderknech,Francesco Passaro,player1,other,0.6439259466972778,1.65,0.5790816326530612,0.06484431404421653,0.06247781205050823,False,1.0,-1.0
2024-05-06,Rome Masters,R64,Clay,4,Daniil Medvedev,Jack Draper,player1,top_10,0.690372853483586,1.68,0.5647668393782384,0.12560601410534766,0.15982639385242448,True,1.0,0.6799999999999999
2024-05-06,Rome Masters,R64,Clay,4,Rafael Nadal,Hubert Hurkacz,player2,top_10,0.727877816634697,1.62,0.5846153846153845,0.14326243201931244,0.1791620629482092,False,1.0,-1.0
2024-05-06,Rome Masters,R64,Clay,4,Stefanos Tsitsipas,Jan Lennard Struff,player2,top_10,0.6845709103920212,1.52,0.6228287841191067,0.06174212627291453,0.04054778379587226,True,1.0,0.52
2024-05-06,Rome Masters,R64,Clay,4,Yoshihito Nishioka,Grigor Dimitrov,player2,top_10,0.21522342959240315,5.78,0.16353111432706222,0.05169231526534093,0.24399142304409027,False,1.0,-1.0
2024-05-06,Rome Masters,R64,Clay,4,Alexander Bublik,Nuno Borges,player2,other,0.5071075499197404,2.11,0.44908616187989553,0.05802138803984486,0.06999693033065213,False,1.0,-1.0
2024-05-06,Rome Masters,R64,Clay,4,Miomir Kecmanovic,Casper Ruud,player2,top_10,0.2255150265522636,4.88,0.19471947194719472,0.030795554605068887,0.10051332957504644,True,1.0,3.88
2024-05-06,Rome Masters,R32,Clay,4,Felix Auger Aliassime,Alex De Minaur,player2,other,0.46541444415510713,2.31,0.41071428571428575,0.05470015844082138,0.07510736599829748,False,1.0,-1.0
2024-05-06,Rome Masters,R32,Clay,4,Sebastian Korda,Taylor Fritz,player1,other,0.4263291039697909,2.53,0.37376237623762376,0.05256672773216714,0.07861263304357091,False,1.0,-1.0
2024-05-06,Rome Masters,R32,Clay,4,Miomir Kecmanovic,Thiago Monteiro,player1,other,0.5806841580697799,1.81,0.5236842105263159,0.05699994754346405,0.05103832610630166,False,1.0,-1.0
2024-05-06,Rome Masters,R32,Clay,4,Karen Khachanov,Francisco Cerundolo,player2,other,0.5985724337041619,1.79,0.5289473684210526,0.0696250652831093,0.07144465633044983,True,1.0,0.79
2024-05-06,Rome Masters,R16,Clay,4,Daniil Medvedev,Tommy Paul,player1,top_10,0.7628024989323602,1.48,0.6442307692307693,0.11857172970159091,0.12894769841989306,False,1.0,-1.0
2024-05-06,Rome Masters,R16,Clay,4,Alex De Minaur,Stefanos Tsitsipas,player1,top_10,0.3178644160390152,3.31,0.28663793103448276,0.031226485004532456,0.05213121708914037,False,1.0,-1.0
2024-05-06,Rome Masters,QF,Clay,4,Hubert Hurkacz,Tommy Paul,player1,top_10,0.6644024540607174,1.65,0.5758354755784061,0.08856697848231132,0.09626404920018367,False,1.0,-1.0
2024-05-06,Rome Masters,SF,Clay,4,Nicolas Jarry,Tommy Paul,player2,other,0.5019983959018152,2.07,0.4581151832460733,0.043883212655741854,0.039136679516757256,True,1.0,1.0699999999999998
2024-05-06,Rome Masters,SF,Clay,4,Alexander Zverev,Alejandro Tabilo,player1,top_10,0.8521252985518103,1.27,0.7562380038387715,0.0958872947130388,0.08219912916079908,True,1.0,0.27
2024-05-06,Rome Masters,F,Clay,4,Alexander Zverev,Nicolas Jarry,player2,top_10,0.8126530363636669,1.33,0.7139784946236559,0.098674541740011,0.0808285383636771,True,1.0,0.33000000000000007
2024-05-20,Geneva,R32,Clay,3,Rinky Hijikata,Sebastian Ofner,player2,other,0.2714315689573612,3.84,0.2470588235294118,0.0243727454279494,0.04229722479626696,False,1.0,-1.0
2024-05-20,Geneva,R32,Clay,3,Alex Michelsen,Aleksandar Kovacevic,player1,other,0.5280388036747063,2.11,0.44908616187989553,0.07895264179481082,0.11416187575363035,True,1.0,1.1099999999999999
2024-05-20,Geneva,QF,Clay,3,Casper Ruud,Sebastian Baez,player1,top_10,0.799662662876448,1.3,0.726890756302521,0.07277190657392707,0.03956146173938249,True,1.0,0.30000000000000004
2024-05-20,Geneva,F,Clay,3,Casper Ruud,Tomas Machac,player1,top_10,0.7951141890130952,1.56,0.6080402010050251,0.18707398800807007,0.24037813486042847,True,1.0,0.56
2024-05-20,Lyon,R16,Clay,3,Alexander Bublik,Aleksandar Vukic,player1,other,0.612376542439176,1.78,0.531578947368421,0.08079759507075501,0.09003024554173339,True,1.0,0.78
2024-05-27,Roland Garros,R128,Clay,5,Thiago Seyboth Wild,Gael Monfils,player2,other,0.6472781359713666,1.65,0.5790816326530612,0.0681965033183054,0.06800892435275491,False,1.0,-1.0
2024-05-27,Roland Garros,R128,Clay,5,Soon Woo Kwon,Emil Ruusuvuori,player2,other,0.181013414901774,5.86,0.16285714285714284,0.01815627204463116,0.06073861132439573,True,1.0,4.86
2024-05-27,Roland Garros,R128,Clay,5,Marcos Giron,Jozef Kovalik,player2,other,0.5946075178092721,1.77,0.5414507772020726,0.05315674060719955,0.05245530652241165,False,1.0,-1.0
2024-05-27,Roland Garros,R128,Clay,5,Mackenzie Mcdonald,Tallon Griekspoor,player2,other,0.17758886149441255,6.58,0.14545454545454548,0.03213431603986708,0.1685347086332346,False,1.0,-1.0
2024-05-27,Roland Garros,R128,Clay,5,Adrian Mannarino,Giulio Zeppieri,player1,other,0.24132405789705536,4.28,0.22323049001814885,0.018093567878906508,0.03286696779939702,False,1.0,-1.0
2024-05-27,Roland Garros,R128,Clay,5,Alexander Bublik,Gregoire Barrere,player1,other,0.604137150271347,1.9,0.5026178010471204,0.10151934922422656,0.14786058551555914,True,1.0,0.8999999999999999
2024-05-27,Roland Garros,R128,Clay,5,Pedro Cachin,Tommy Paul,player2,other,0.17167834257691042,7.14,0.13349514563106796,0.03818319694584246,0.2257833659991404,False,1.0,-1.0
2024-05-27,Roland Garros,R128,Clay,5,Daniel Evans,Holger Rune,player1,other,0.14858878033995448,7.84,0.12206047032474805,0.026528310015206433,0.16493603786524325,False,1.0,-1.0
2024-05-27,Roland Garros,R128,Clay,5,Alex Michelsen,Alex De Minaur,player2,other,0.18864662754061068,7.13,0.1336573511543135,0.05498927638629719,0.34505045436455406,False,1.0,-1.0
2024-05-27,Roland Garros,R128,Clay,5,Felipe Meligeni Alves,Casper Ruud,player1,top_10,0.10024851862967898,10.54,0.090595340811044,0.009653177818634978,0.056619386356816404,False,1.0,-1.0
2024-05-27,Roland Garros,R128,Clay,5,Daniil Medvedev,Dominik Koepfer,player2,top_10,0.8708352895806821,1.2,0.7952218430034129,0.0756134465772692,0.0450023474968185,True,1.0,0.19999999999999996
2024-05-27,Roland Garros,R128,Clay,5,Christopher Eubanks,Jannik Sinner,player1,top_10,0.09725837670151553,17.1,0.05629139072847682,0.040966985973038716,0.6631182415959157,False,1.0,-1.0
2024-05-27,Roland Garros,R128,Clay,5,Pierre Hugues Herbert,Novak Djokovic,player1,top_10,0.09129614600257885,17.79,0.05422647527910686,0.03706967072347199,0.6241584373858776,False,1.0,-1.0
2024-05-27,Roland Garros,R64,Clay,5,Pavel Kotov,Stan Wawrinka,player1,other,0.656781724991656,1.57,0.6074999999999999,0.04928172499165606,0.03114730823689993,True,1.0,0.5700000000000001
2024-05-27,Roland Garros,R64,Clay,5,Filip Misolic,Francisco Cerundolo,player2,other,0.16838404233257934,6.14,0.15543328748280605,0.012950754849773288,0.033878019922037095,False,1.0,-1.0
2024-05-27,Roland Garros,R64,Clay,5,Alexander Bublik,Jan Lennard Struff,player2,other,0.30864746367311513,3.78,0.2529644268774704,0.055683036795644736,0.16668741268437515,False,1.0,-1.0
2024-05-27,Roland Garros,R64,Clay,5,Jozef Kovalik,Karen Khachanov,player1,other,0.13854798292079037,8.23,0.11600429645542427,0.0225436864653661,0.14024989943810484,True,1.0,7.23
2024-05-27,Roland Garros,R64,Clay,5,Kei Nishikori,Ben Shelton,player2,other,0.20535761328663585,5.27,0.18040435458786935,0.024953258698766495,0.08223462202057086,False,1.0,-1.0
2024-05-27,Roland Garros,R64,Clay,5,Holger Rune,Flavio Cobolli,player2,other,0.7150833550115699,1.45,0.6555819477434679,0.05950140726810205,0.03687086476677637,True,1.0,0.44999999999999996
2024-05-27,Roland Garros,R64,Clay,5,Miomir Kecmanovic,Daniil Medvedev,player2,top_10,0.2781681447928077,3.8,0.2504930966469428,0.02767504814586491,0.05703895021266925,False,1.0,-1.0
2024-05-27,Roland Garros,R64,Clay,5,David Goffin,Alexander Zverev,player1,top_10,0.1026667914958896,12.04,0.07951070336391439,0.023156088131975214,0.23610816961051073,False,1.0,-1.0
2024-05-27,Roland Garros,R64,Clay,5,Richard Gasquet,Jannik Sinner,player1,top_10,0.10731382925342059,15.54,0.06216053108026554,0.04515329817315505,0.6676569065981559,False,1.0,-1.0
2024-05-27,Roland Garros,R64,Clay,5,Roberto Carballes Baena,Novak Djokovic,player2,top_10,0.100306014183609,13.61,0.07035519125683061,0.029950822926778392,0.36516485303891844,False,1.0,-1.0
2024-05-27,Roland Garros,R32,Clay,5,Alex De Minaur,Jan Lennard Struff,player2,other,0.5708083712078713,1.86,0.5118110236220472,0.05899734758582409,0.06170357044664071,True,1.0,0.8600000000000001
2024-05-27,Roland Garros,R32,Clay,5,Hubert Hurkacz,Denis Shapovalov,player2,top_10,0.7455289999826267,1.42,0.6728110599078342,0.07271794007479249,0.058651179975329815,True,1.0,0.41999999999999993
2024-05-27,Roland Garros,R32,Clay,5,Tomas Machac,Daniil Medvedev,player1,top_10,0.3084974854608789,3.35,0.2841880341880342,0.02430945127284473,0.03346657629394434,False,1.0,-1.0
2024-05-27,Roland Garros,R32,Clay,5,Pavel Kotov,Jannik Sinner,player1,top_10,0.10951330112568307,13.59,0.07045143638850888,0.039061864737174185,0.4882857622980328,False,1.0,-1.0
2024-05-27,Roland Garros,R16,Clay,5,Hubert Hurkacz,Grigor Dimitrov,player1,top_10,0.4414598364944595,2.38,0.40050377833753154,0.04095605815692799,0.05067441085681357,False,1.0,-1.0
2024-05-27,Roland Garros,R16,Clay,5,Casper Ruud,Taylor Fritz,player2,top_10,0.8224763306225554,1.32,0.7209302325581396,0.10154609806441584,0.08566875642177324,True,1.0,0.32000000000000006
2024-05-27,Roland Garros,R16,Clay,5,Alex De Minaur,Daniil Medvedev,player1,top_10,0.49129411898804304,2.36,0.4025316455696203,0.08876247341842275,0.15945412081178156,True,1.0,1.3599999999999999
2024-05-27,Roland Garros,R16,Clay,5,Alexander Zverev,Holger Rune,player1,top_10,0.8024846733905101,1.35,0.7039473684210525,0.09853730496945756,0.08335430907718872,True,1.0,0.3500000000000001
2024-05-27,Roland Garros,R16,Clay,5,Corentin Moutet,Jannik Sinner,player1,top_10,0.10731521935894595,10.75,0.08898305084745764,0.018332168511488306,0.15363860810866892,False,1.0,-1.0
2024-05-27,Roland Garros,QF,Clay,5,Stefanos Tsitsipas,Carlos Alcaraz,player2,top_10,0.2743486429162786,4.25,0.22445255474452552,0.04989608817175306,0.165981732394184,False,1.0,-1.0
2024-05-27,Roland Garros,QF,Clay,5,Casper Ruud,Novak Djokovic,player2,top_10,0.646684986251343,1.76,0.5428571428571429,0.10382784339420004,0.1381655758023636,True,1.0,0.76
2024-05-27,Roland Garros,SF,Clay,5,Alexander Zverev,Casper Ruud,player2,top_10,0.5961639986015674,1.79,0.5314136125654451,0.06475038603612238,0.06713355749680572,True,1.0,0.79
2024-06-10,Stuttgart,R32,Grass,3,Flavio Cobolli,Jan Lennard Struff,player2,other,0.25926507240001717,4.88,0.19338842975206608,0.0658766426479511,0.26521355331208385,False,1.0,-1.0
2024-06-10,Stuttgart,F,Grass,3,Jack Draper,Matteo Berrettini,player1,other,0.4859344197184259,2.18,0.43376623376623374,0.052168185952192137,0.05933703498616849,True,1.0,1.1800000000000002
2024-06-10,s Hertogenbosch,R32,Grass,3,Luca Nardi,David Goffin,player1,other,0.3847567440187199,2.7,0.3493975903614458,0.0353591536572741,0.03884320885054371,True,1.0,1.7000000000000002
2024-06-10,s Hertogenbosch,R32,Grass,3,Milos Raonic,Jordan Thompson,player1,other,0.4538301456326527,2.41,0.3914141414141414,0.062416004218511345,0.09373065097469324,True,1.0,1.4100000000000001
2024-06-10,s Hertogenbosch,R32,Grass,3,Roberto Bautista Agut,Marc Andrea Huesler,player1,other,0.6233417388235317,1.66,0.5677083333333334,0.05563340549019835,0.0347472864470626,True,1.0,0.6599999999999999
2024-06-10,s Hertogenbosch,R16,Grass,3,Karen Khachanov,Aleksandar Vukic,player1,other,0.760779763244042,1.36,0.6936936936936937,0.06708606955034824,0.034660478011897145,False,1.0,-1.0
2024-06-10,s Hertogenbosch,QF,Grass,3,Sebastian Korda,Tommy Paul,player1,other,0.467305792441332,2.21,0.427461139896373,0.039844652544959,0.03274580129534366,True,1.0,1.21
2024-06-10,s Hertogenbosch,QF,Grass,3,Milos Raonic,Alex De Minaur,player2,top_10,0.4308510705512835,3.25,0.2919389978213508,0.13891207272993272,0.4002659792916715,False,1.0,-1.0
2024-06-10,s Hertogenbosch,F,Grass,3,Sebastian Korda,Alex De Minaur,player1,top_10,0.45060521397070114,2.55,0.3703703703703704,0.08023484360033073,0.14904329562528773,False,1.0,-1.0
2024-06-17,Queen's Club,R32,Grass,3,Lorenzo Musetti,Alex De Minaur,player1,top_10,0.21793378310927622,4.81,0.19699499165275455,0.020938791456521666,0.04826149675561853,True,1.0,3.8099999999999996
2024-06-17,Queen's Club,R32,Grass,3,Sebastian Baez,Tommy Paul,player2,other,0.2264473504214636,5.54,0.17065868263473055,0.055788667786733054,0.25451832133490837,False,1.0,-1.0
2024-06-17,Queen's Club,R16,Grass,3,Sebastian Korda,Grigor Dimitrov,player2,top_10,0.4797191215743081,2.56,0.3694581280788178,0.11026099349549034,0.22808095123022887,True,1.0,1.56
2024-06-17,Queen's Club,SF,Grass,3,Sebastian Korda,Tommy Paul,player1,other,0.524657446447971,2.01,0.4696569920844328,0.055000454363538176,0.054561467360421556,False,1.0,-1.0
2024-06-17,Halle,R32,Grass,3,Oscar Otte,Alexander Zverev,player2,top_10,0.2026785744271292,5.65,0.16666666666666666,0.036011907760462536,0.14513394551328007,False,1.0,-1.0
2024-06-17,Halle,R32,Grass,3,Felix Auger Aliassime,Dominik Koepfer,player1,other,0.7680195947609044,1.36,0.6930022573363431,0.07501733742456129,0.04450664887483008,False,1.0,-1.0
2024-06-17,Halle,R32,Grass,3,Andrey Rublev,Marcos Giron,player2,top_10,0.8687576299091747,1.25,0.7553816046966731,0.11337602521250156,0.08594703738646839,False,1.0,-1.0
2024-06-17,Halle,R32,Grass,3,Alex Michelsen,Matteo Berrettini,player2,other,0.28341379501312974,3.78,0.2485089463220676,0.03490484869106214,0.07130414514963035,False,1.0,-1.0
2024-06-17,Halle,R32,Grass,3,Tallon Griekspoor,Jannik Sinner,player2,top_10,0.19328407193077005,6.02,0.15686274509803924,0.036421326832730805,0.16357011302323554,False,1.0,-1.0
2024-06-17,Halle,R16,Grass,3,Lorenzo Sonego,Alexander Zverev,player2,top_10,0.284525278485021,4.57,0.20659722222222224,0.07792805626279878,0.30028052267654615,False,1.0,-1.0
2024-06-17,Halle,R16,Grass,3,Stefanos Tsitsipas,Jan Lennard Struff,player1,other,0.6010377330827943,1.83,0.5158730158730157,0.08516471720977858,0.09989905154151357,False,1.0,-1.0
2024-06-17,Halle,R16,Grass,3,Fabian Marozsan,Jannik Sinner,player1,top_10,0.15083181103116486,9.61,0.09849906191369609,0.05233274911746877,0.4494937040094942,False,1.0,-1.0
2024-06-17,Halle,SF,Grass,3,Hubert Hurkacz,Alexander Zverev,player2,top_10,0.500862277848154,2.28,0.4138817480719795,0.08698052977617443,0.1419659934937909,True,1.0,1.2799999999999998
2024-06-17,Halle,F,Grass,3,Hubert Hurkacz,Jannik Sinner,player2,top_10,0.3595354942963341,3.2,0.29515418502202645,0.06438130927430763,0.150513581748269,False,1.0,-1.0
2024-06-24,Mallorca,R32,Grass,3,Dominic Thiem,Gael Monfils,player1,other,0.3576675756872296,3.04,0.3106575963718821,0.047009979315347505,0.08730943008917802,False,1.0,-1.0
2024-06-24,Mallorca,R32,Grass,3,Alexander Shevchenko,Constant Lestienne,player2,other,0.5353697020477247,2.13,0.44386422976501305,0.09150547228271166,0.1403374653616536,True,1.0,1.13
2024-06-24,Mallorca,R16,Grass,3,Roberto Bautista Agut,Ugo Humbert,player1,other,0.4641352902199845,2.29,0.41282051282051285,0.051314777399471656,0.0628698146037645,True,1.0,1.29
2024-06-24,Mallorca,R16,Grass,3,Roberto Carballes Baena,Gael Monfils,player1,other,0.3332142351659157,3.28,0.2885032537960954,0.04471098136982027,0.09294269134420352,False,1.0,-1.0
2024-06-24,Mallorca,R16,Grass,3,Alex Michelsen,Adrian Mannarino,player1,other,0.6601870737230446,1.62,0.5824742268041238,0.07771284691892089,0.06950305943133239,True,1.0,0.6200000000000001
2024-06-24,Mallorca,QF,Grass,3,Roberto Bautista Agut,Gael Monfils,player1,other,0.5700320974456826,1.87,0.5052910052910053,0.06474109215467727,0.06596002222342656,False,1.0,-1.0
2024-07-01,Wimbledon,R128,Grass,5,Yannick Hanfmann,Jannik Sinner,player1,top_10,0.10098841184139762,21.84,0.04420131291028446,0.05678709893111316,1.205586914616124,False,1.0,-1.0
2024-07-01,Wimbledon,R128,Grass,5,Sumit Nagal,Miomir Kecmanovic,player1,other,0.19969152353956746,7.22,0.13221153846153846,0.06747998507802899,0.441772799955677,False,1.0,-1.0
2024-07-01,Wimbledon,R128,Grass,5,Daniel Elahi Galan,Tallon Griekspoor,player2,other,0.1683255083977172,6.32,0.15053763440860216,0.01778787398911505,0.0638172130735728,False,1.0,-1.0
2024-07-01,Wimbledon,R128,Grass,5,Alex Michelsen,Lloyd Harris,player2,other,0.5272423813488223,2.06,0.46214099216710186,0.06510138918172043,0.08611930557857395,False,1.0,-1.0
2024-07-01,Wimbledon,R128,Grass,5,Dusan Lajovic,Grigor Dimitrov,player1,top_10,0.12733316915495685,12.61,0.07619047619047621,0.05114269296448064,0.6056712630440058,False,1.0,-1.0
2024-07-01,Wimbledon,R128,Grass,5,Aleksandar Kovacevic,Daniil Medvedev,player1,top_10,0.09706656334259171,14.64,0.06513409961685823,0.03193246372573348,0.42105448733554274,False,1.0,-1.0
2024-07-01,Wimbledon,R128,Grass,5,Sebastian Baez,Brandon Nakashima,player2,other,0.1996847087698883,5.37,0.1776416539050536,0.02204305486483471,0.07230688609430025,False,1.0,-1.0
2024-07-01,Wimbledon,R128,Grass,5,Alexander Shevchenko,Ugo Humbert,player1,other,0.2024523207947715,6.25,0.15196743554952513,0.05048488524524636,0.26532700496732176,False,1.0,-1.0
2024-07-01,Wimbledon,R128,Grass,5,Pedro Martinez,Tommy Paul,player2,other,0.156358056762563,11.82,0.08087091757387248,0.07548713918869053,0.8481522309334947,False,1.0,-1.0
2024-07-01,Wimbledon,R128,Grass,5,Constant Lestienne,Lorenzo Musetti,player2,other,0.15211780052203352,6.8,0.14032869785082178,0.011789102671211749,0.03440104354982787,False,1.0,-1.0
2024-07-01,Wimbledon,R128,Grass,5,Taro Daniel,Stefanos Tsitsipas,player1,other,0.14160206184397742,9.75,0.09805735430157263,0.04354470754240479,0.3806201029787798,False,1.0,-1.0
2024-07-01,Wimbledon,R128,Grass,5,Elias Ymer,Jack Draper,player1,other,0.1610326254951291,12.12,0.07832699619771863,0.08270562929741046,0.9517154210009644,False,1.0,-1.0
2024-07-01,Wimbledon,R128,Grass,5,Roberto Carballes Baena,Alexander Zverev,player1,top_10,0.1045818348316151,17.1,0.05629139072847682,0.04829044410313828,0.7883493756206182,False,1.0,-1.0
2024-07-01,Wimbledon,R128,Grass,5,Radu Albot,Hubert Hurkacz,player2,top_10,0.11320879572886093,10.99,0.08645054031587698,0.026758255412983947,0.24416466506018153,False,1.0,-1.0
2024-07-01,Wimbledon,R128,Grass,5,James Duckworth,Alex De Minaur,player2,top_10,0.10884029384878273,10.12,0.09400179051029545,0.014838503338487283,0.10146377374968107,False,1.0,-1.0
2024-07-01,Wimbledon,R128,Grass,5,Christopher Eubanks,Quentin Halys,player1,other,0.5451420901546818,1.99,0.4804177545691906,0.06472433558549123,0.08483275940781687,False,1.0,-1.0
2024-07-01,Wimbledon,R128,Grass,5,Vit Kopriva,Novak Djokovic,player1,top_10,0.09038122582576813,14.74,0.06472081218274112,0.025660413643027014,0.33221926867182217,False,1.0,-1.0
2024-07-01,Wimbledon,R64,Grass,5,Daniel Altmaier,Denis Shapovalov,player2,other,0.1843010196167432,5.83,0.163558106169297,0.020742913447446193,0.07447494436561286,False,1.0,-1.0
2024-07-01,Wimbledon,R64,Grass,5,Ben Shelton,Lloyd Harris,player1,other,0.6189887780565796,1.7,0.5595854922279793,0.05940328582860033,0.052280922696185284,True,1.0,0.7
2024-07-01,Wimbledon,R64,Grass,5,Juncheng Shang,Grigor Dimitrov,player2,top_10,0.24666030785785842,5.84,0.163323782234957,0.08333652562290142,0.44049619788989314,False,1.0,-1.0
2024-07-01,Wimbledon,R64,Grass,5,Alexandre Muller,Daniil Medvedev,player2,top_10,0.10858333611670463,14.42,0.06606217616580311,0.04252115995090153,0.5657717068028808,False,1.0,-1.0
2024-07-01,Wimbledon,R64,Grass,5,Aleksandar Vukic,Carlos Alcaraz,player2,top_10,0.11259681830979622,15.73,0.06089552238805971,0.05170129592173651,0.7711479520130945,False,1.0,-1.0
2024-07-01,Wimbledon,R64,Grass,5,Otto Virtanen,Tommy Paul,player2,other,0.1559902252992992,7.59,0.12557603686635946,0.03041418843293975,0.1839658100216809,False,1.0,-1.0
2024-07-01,Wimbledon,R64,Grass,5,Fabio Fognini,Casper Ruud,player1,top_10,0.2517788660774526,4.61,0.2065404475043029,0.0452384185731497,0.1607005726170565,True,1.0,3.6100000000000003
2024-07-01,Wimbledon,R64,Grass,5,Arthur Rinderknech,Taylor Fritz,player2,other,0.1449207045795731,8.76,0.10885045778229908,0.03607024679727401,0.26950537211706016,False,1.0,-1.0
2024-07-01,Wimbledon,R64,Grass,5,Tomas Machac,Roman Safiullin,player2,other,0.48462972011832073,2.18,0.4366925064599483,0.047937213658372446,0.05649278985793926,False,1.0,-1.0
2024-07-01,Wimbledon,R64,Grass,5,Jaume Munar,Alex De Minaur,player1,top_10,0.10462322324988438,12.81,0.07442196531791907,0.030201257931965306,0.3402234898310189,False,1.0,-1.0
2024-07-01,Wimbledon,R64,Grass,5,Thiago Seyboth Wild,Holger Rune,player1,other,0.18842905980067906,6.51,0.1467889908256881,0.04164006897499095,0.2266731793024206,False,1.0,-1.0
2024-07-01,Wimbledon,R64,Grass,5,Karen Khachanov,Quentin Halys,player1,other,0.7009911128022561,1.5,0.6341463414634148,0.06684477133884137,0.05148666920338418,False,1.0,-1.0
2024-07-01,Wimbledon,R32,Grass,5,Miomir Kecmanovic,Jannik Sinner,player2,top_10,0.11924136358968314,14.37,0.06627680311890838,0.05296456047077476,0.7134983947837465,False,1.0,-1.0
2024-07-01,Wimbledon,R32,Grass,5,Frances Tiafoe,Carlos Alcaraz,player1,top_10,0.12337424158348091,10.3,0.09251101321585904,0.03086322836762187,0.2707546883098535,False,1.0,-1.0
2024-07-01,Wimbledon,R32,Grass,5,Brandon Nakashima,Ugo Humbert,player1,other,0.4987100366761978,2.11,0.451948051948052,0.0467619847281458,0.052278177386777314,False,1.0,-1.0
2024-07-01,Wimbledon,R32,Grass,5,Alexander Bublik,Tommy Paul,player1,other,0.38768100239530673,2.68,0.35731414868105515,0.030366853714251574,0.03898508641942211,False,1.0,-1.0
2024-07-01,Wimbledon,R32,Grass,5,Roberto Bautista Agut,Fabio Fognini,player1,other,0.7203468765342307,1.43,0.664319248826291,0.056027627707939676,0.030096033443949843,True,1.0,0.42999999999999994
2024-07-01,Wimbledon,R32,Grass,5,Alejandro Tabilo,Taylor Fritz,player1,other,0.26764431240627423,4.99,0.19124797406807126,0.07639633833820297,0.3355451189073084,False,1.0,-1.0
2024-07-01,Wimbledon,R32,Grass,5,Lucas Pouille,Alex De Minaur,player1,top_10,0.11420649662622517,10.95,0.08750000000000001,0.026706496626225165,0.2505611380571656,False,1.0,-1.0
2024-07-01,Wimbledon,R16,Grass,5,Ben Shelton,Jannik Sinner,player1,top_10,0.11746472139614476,10.64,0.08982035928143713,0.027644362114707638,0.24982463565498036,False,1.0,-1.0
2024-07-01,Wimbledon,R16,Grass,5,Roberto Bautista Agut,Tommy Paul,player1,other,0.21967747160810444,5.71,0.16642335766423358,0.05325411394387086,0.2543583628822763,False,1.0,-1.0
2024-07-01,Wimbledon,R16,Grass,5,Taylor Fritz,Alexander Zverev,player2,top_10,0.4958101444441237,2.33,0.40712468193384227,0.08868546251028142,0.15523763655480816,True,1.0,1.33
2024-07-01,Wimbledon,R16,Grass,5,Novak Djokovic,Holger Rune,player1,top_10,0.7866548538379474,1.32,0.7221052631578948,0.06454959068005262,0.03838440706609064,True,1.0,0.32000000000000006
2024-07-01,Wimbledon,QF,Grass,5,Lorenzo Musetti,Taylor Fritz,player2,other,0.24490980280466923,4.36,0.2186379928315412,0.02627180997312803,0.06780674022835798,True,1.0,3.3600000000000003
2024-07-15,Gstaad,R32,Clay,3,Lukas Klein,Stan Wawrinka,player1,other,0.5005595098589272,2.1,0.4488188976377953,0.051740612221131854,0.0511749707037471,True,1.0,1.1
2024-07-15,Gstaad,R32,Clay,3,Vit Kopriva,Daniel Elahi Galan,player1,other,0.5048319409658862,2.07,0.45382585751978893,0.051006083446097306,0.045002117799384456,False,1.0,-1.0
2024-07-15,Gstaad,QF,Clay,3,Fabio Fognini,Stefanos Tsitsipas,player2,other,0.18667329829515064,5.92,0.15909090909090912,0.027582389204241525,0.10510592590729184,False,1.0,-1.0
2024-07-15,Newport,R32,Grass,3,Rinky Hijikata,Mackenzie Mcdonald,player1,other,0.5188842085181983,2.12,0.4450261780104712,0.0738580305077271,0.10003452205858043,False,1.0,-1.0
2024-07-15,Newport,R16,Grass,3,Benoit Paire,Marcos Giron,player1,other,0.20790834924636478,5.22,0.18053375196232338,0.027374597284041402,0.08528158306602418,False,1.0,-1.0
2024-07-15,Newport,R16,Grass,3,Adrian Mannarino,Reilly Opelka,player1,other,0.7001218877576477,1.67,0.5662337662337663,0.1338881215238814,0.16920355255527164,False,1.0,-1.0
2024-07-15,Newport,QF,Grass,3,Mackenzie Mcdonald,Reilly Opelka,player1,other,0.7191020863916195,1.61,0.5861182519280206,0.13298383446359896,0.15775435909050756,False,1.0,-1.0
2024-07-15,Newport,SF,Grass,3,Alex Michelsen,Reilly Opelka,player2,other,0.714381378020807,1.62,0.583547557840617,0.13083382018019007,0.15729783239370748,True,1.0,0.6200000000000001
2024-07-15,Bastad,R16,Clay,3,Cameron Norrie,Rafael Nadal,player1,other,0.4517260382850144,2.53,0.37220843672456577,0.07951760156044863,0.14286687686108623,False,1.0,-1.0
2024-07-15,Hamburg,R32,Clay,3,Dusan Lajovic,Felipe Meligeni Alves,player1,other,0.6165582994747575,1.73,0.5471204188481674,0.06943788062659006,0.06664585809133045,True,1.0,0.73
2024-07-15,Hamburg,SF,Clay,3,Sebastian Baez,Arthur Fils,player1,other,0.5144349979103245,2.12,0.4450261780104712,0.06940881989985337,0.09060219556988813,False,1.0,-1.0
2024-07-15,Hamburg,F,Clay,3,Alexander Zverev,Arthur Fils,player1,top_10,0.8117498900416167,1.32,0.7149028077753781,0.09684708226623862,0.07150985485493405,False,1.0,-1.0
2024-07-22,Kitzbuhel,R32,Clay,3,Hugo Gaston,Daniel Altmaier,player1,other,0.5075333947401363,2.12,0.4450261780104712,0.06250721672966508,0.07597079684908892,True,1.0,1.12
2024-07-22,Umag,R16,Clay,3,Chun Hsin Tseng,Fabio Fognini,player2,other,0.3594306664631517,2.87,0.32786885245901637,0.031561814004135325,0.03156601274924542,True,1.0,1.87
2024-07-22,Umag,QF,Clay,3,Fabian Marozsan,Andrey Rublev,player1,top_10,0.3932971376145205,2.71,0.3469879518072289,0.0463091858072916,0.06583524293535048,False,1.0,-1.0
2024-07-22,Umag,SF,Clay,3,Andrey Rublev,Francisco Cerundolo,player1,top_10,0.710679078559966,1.53,0.6175,0.09317907855996599,0.08733899019674807,False,1.0,-1.0
2024-07-22,Atlanta,R16,Hard,3,Alejandro Davidovich Fokina,Reilly Opelka,player2,other,0.5760007660212346,1.87,0.5052910052910053,0.07070976073022928,0.07712143245970882,True,1.0,0.8700000000000001
2024-07-29,Paris Olympics,QF,Clay,1,Casper Ruud,Felix Auger Aliassime,player2,top_10,0.49316406695713666,2.28,0.41538461538461535,0.07777945157252131,0.12441407266227145,False,1.0,-1.0
2024-07-29,Washington,R64,Hard,3,Luca Nardi,Mitchell Krueger,player2,other,0.49938873594807837,2.24,0.4226804123711341,0.07670832357694429,0.1186307685236957,False,1.0,-1.0
2024-07-29,Washington,R32,Hard,3,Jordan Thompson,Reilly Opelka,player1,other,0.5336108976177215,1.98,0.47757255936675463,0.05603833825096688,0.056549577283088626,True,1.0,0.98
2024-07-29,Washington,R16,Hard,3,Sebastian Korda,Thanasi Kokkinakis,player1,other,0.7706414593847052,1.35,0.6993318485523385,0.07130961083236664,0.04036597016935206,True,1.0,0.3500000000000001
2024-07-29,Washington,R16,Hard,3,Andrey Rublev,Arthur Rinderknech,player2,top_10,0.863062748223992,1.27,0.7449799196787148,0.11808282854527719,0.09608969024446984,True,1.0,0.27
2024-07-29,Washington,QF,Hard,3,Sebastian Korda,Jordan Thompson,player2,other,0.7017554874495123,1.48,0.6407766990291263,0.060978788420386065,0.03859812142527824,True,1.0,0.48
2024-08-05,Canada Masters,R64,Hard,4,Vasek Pospisil,Sebastian Korda,player1,other,0.147770750517591,9.02,0.1060455896927651,0.0417251608248259,0.33289216966867075,False,1.0,-1.0
2024-08-05,Canada Masters,R64,Hard,4,Kei Nishikori,Alex Michelsen,player1,other,0.3287391369517121,3.36,0.28205128205128205,0.04668785490043004,0.10456350015775262,True,1.0,2.36
2024-08-05,Canada Masters,R64,Hard,4,Matteo Arnaldi,Mackenzie Mcdonald,player1,other,0.5698931265300025,1.83,0.5196850393700787,0.05020808715992375,0.04290442154990454,True,1.0,0.8300000000000001
2024-08-05,Canada Masters,R32,Hard,4,Alexander Zverev,Jordan Thompson,player2,top_10,0.8467183556094512,1.3,0.7336065573770492,0.11311179823240203,0.10073386229228659,True,1.0,0.30000000000000004
2024-08-05,Canada Masters,R32,Hard,4,Holger Rune,Pablo Carreno Busta,player1,other,0.7897508842729195,1.31,0.7259414225941423,0.06380946167877721,0.034573658397524604,True,1.0,0.31000000000000005
2024-08-05,Canada Masters,R32,Hard,4,Casper Ruud,James Duckworth,player1,top_10,0.7864309864987754,1.31,0.7230443974630022,0.06338658903577321,0.03022459231339583,True,1.0,0.31000000000000005
2024-08-05,Canada Masters,R32,Hard,4,Hubert Hurkacz,Thanasi Kokkinakis,player2,top_10,0.6189671868037562,1.72,0.5544041450777203,0.06456304172603589,0.06462356130246061,True,1.0,0.72
2024-08-05,Canada Masters,R32,Hard,4,Grigor Dimitrov,Rinky Hijikata,player2,top_10,0.853004721690688,1.24,0.7660377358490565,0.08696698584163143,0.05772585489645307,True,1.0,0.24
2024-08-05,Canada Masters,R16,Hard,4,Alexander Zverev,Holger Rune,player2,top_10,0.8121713806446776,1.31,0.7236286919831223,0.08854268866155535,0.06394450864452778,True,1.0,0.31000000000000005
2024-08-05,Canada Masters,R16,Hard,4,Sebastian Korda,Casper Ruud,player2,top_10,0.6066980178902727,1.8,0.5287958115183247,0.077902206371948,0.09205643220249082,True,1.0,0.8
2024-08-05,Canada Masters,R16,Hard,4,Hubert Hurkacz,Arthur Rinderknech,player1,top_10,0.6754230279923844,1.62,0.586734693877551,0.08868833411483346,0.09418530534766278,True,1.0,0.6200000000000001
2024-08-05,Canada Masters,R16,Hard,4,Grigor Dimitrov,Alexei Popyrin,player2,top_10,0.7905838034335323,1.33,0.7152034261241969,0.07538037730933544,0.05147645856659799,False,1.0,-1.0
2024-08-05,Canada Masters,R16,Hard,4,Matteo Arnaldi,Alejandro Davidovich Fokina,player2,other,0.4832508165742182,2.18,0.4352331606217616,0.048017655952456606,0.05348678013179575,True,1.0,1.1800000000000002
2024-08-05,Canada Masters,R16,Hard,4,Alejandro Tabilo,Jannik Sinner,player1,top_10,0.11516423062245192,9.08,0.10453648915187376,0.010627741470578156,0.045691214051863493,False,1.0,-1.0
2024-08-05,Canada Masters,F,Hard,4,Andrey Rublev,Alexei Popyrin,player2,top_10,0.7625933004849278,1.37,0.6955555555555556,0.0670377449293722,0.04475282166435118,False,1.0,-1.0
2024-08-12,Cincinnati Masters,R32,Hard,4,Gael Monfils,Carlos Alcaraz,player2,top_10,0.11905963689261485,8.8,0.10840932117527861,0.01065031571733624,0.04772480465501083,True,1.0,7.800000000000001
2024-08-12,Cincinnati Masters,R32,Hard,4,Casper Ruud,Felix Auger Aliassime,player1,top_10,0.5471794620182248,2.28,0.41538461538461535,0.1317948466336094,0.24756917340155238,False,1.0,-1.0
2024-08-12,Cincinnati Masters,R32,Hard,4,Lorenzo Musetti,Frances Tiafoe,player2,other,0.5679750248797907,1.92,0.49473684210526314,0.07323818277452754,0.09051204776919808,False,1.0,-1.0
2024-08-12,Cincinnati Masters,R32,Hard,4,Hubert Hurkacz,Yoshihito Nishioka,player1,top_10,0.7297234642568214,1.44,0.6563245823389022,0.07339888191791921,0.05080178852982281,True,1.0,0.43999999999999995
2024-08-12,Cincinnati Masters,R32,Hard,4,Arthur Fils,Brandon Nakashima,player1,other,0.5207047792324789,2.04,0.4645669291338583,0.056137850098620656,0.06223774963425699,False,1.0,-1.0
2024-08-12,Cincinnati Masters,R32,Hard,4,Sebastian Baez,Jordan Thompson,player2,other,0.41065099209301903,2.55,0.37192118226600984,0.03872980982700919,0.04716002983719847,False,1.0,-1.0
2024-08-12,Cincinnati Masters,R32,Hard,4,Alex Michelsen,Jannik Sinner,player1,top_10,0.16917650033611373,7.25,0.13069544364508395,0.038481056691029775,0.2265296274368246,False,1.0,-1.0
2024-08-12,Cincinnati Masters,R16,Hard,4,Hubert Hurkacz,Flavio Cobolli,player1,top_10,0.7495287234266136,1.63,0.5809768637532133,0.16855185967340025,0.22173181918538004,True,1.0,0.6299999999999999
2024-08-12,Cincinnati Masters,QF,Hard,4,Frances Tiafoe,Hubert Hurkacz,player1,top_10,0.4875671940225277,2.17,0.43782383419689114,0.049743359825636546,0.05802081102888501,True,1.0,1.17
2024-08-12,Cincinnati Masters,QF,Hard,4,Alexander Zverev,Ben Shelton,player2,top_10,0.8015217930051217,1.29,0.7361963190184049,0.06532547398671684,0.033963112976607035,True,1.0,0.29000000000000004
2024-08-12,Cincinnati Masters,SF,Hard,4,Jannik Sinner,Alexander Zverev,player2,top_10,0.7074488647987308,1.54,0.6188118811881189,0.0886369836106119,0.0894712517900455,True,1.0,0.54
2024-08-12,Cincinnati Masters,F,Hard,4,Jannik Sinner,Frances Tiafoe,player1,top_10,0.8089420582242157,1.29,0.7538167938931298,0.05512526433108589,0.04353525510923831,True,1.0,0.29000000000000004
2024-08-19,Winston-Salem,R32,Hard,3,Alexander Shevchenko,Pablo Carreno Busta,player2,other,0.36190296559758645,2.92,0.3225058004640371,0.03939716513354935,0.05675665954495246,False,1.0,-1.0
2024-08-19,Winston-Salem,R16,Hard,3,Arthur Rinderknech,David Goffin,player1,other,0.56272491754872,1.84,0.5132275132275131,0.04949740432120686,0.035413848289644834,False,1.0,-1.0
2024-08-19,Winston-Salem,SF,Hard,3,Alex Michelsen,Pablo Carreno Busta,player1,other,0.5601999102279726,1.97,0.48157894736842105,0.0786209628595515,0.10359382314910592,True,1.0,0.97
2024-08-26,Us Open,R128,Hard,5,Mackenzie Mcdonald,Jannik Sinner,player1,top_10,0.08893237821366022,17.89,0.05343915343915343,0.03549322477450679,0.5910002462423813,False,1.0,-1.0
2024-08-26,Us Open,R128,Hard,5,Stefanos Tsitsipas,Thanasi Kokkinakis,player1,other,0.7551417963515944,1.39,0.6855203619909503,0.06962143436064405,0.04964709692871616,False,1.0,-1.0
2024-08-26,Us Open,R128,Hard,5,Federico Coria,Nuno Borges,player1,other,0.19402654140040806,7.37,0.12987012987012989,0.06415641153027818,0.4299756101210075,False,1.0,-1.0
2024-08-26,Us Open,R128,Hard,5,Dusan Lajovic,Daniil Medvedev,player2,top_10,0.10154850531673039,11.51,0.08286852589641436,0.01867997942031603,0.1688232961955669,False,1.0,-1.0
2024-08-26,Us Open,R128,Hard,5,Thiago Monteiro,Ugo Humbert,player1,other,0.17285113180123343,6.21,0.15395095367847408,0.018900178122759348,0.07340552848565962,False,1.0,-1.0
2024-08-26,Us Open,R128,Hard,5,Maximilian Marterer,Alexander Zverev,player1,top_10,0.0970024503869863,15.86,0.06042654028436019,0.036575910102626105,0.5384588631376025,False,1.0,-1.0
2024-08-26,Us Open,R128,Hard,5,Dominic Thiem,Ben Shelton,player2,other,0.1530914180212032,9.47,0.10066476733143401,0.052426650689769205,0.4497757286607945,False,1.0,-1.0
2024-08-26,Us Open,R128,Hard,5,Luca Nardi,Roberto Bautista Agut,player1,other,0.2798821037130831,4.11,0.2317757009345794,0.0481064027785037,0.15031544626077153,False,1.0,-1.0
2024-08-26,Us Open,R128,Hard,5,Soon Woo Kwon,Alexei Popyrin,player1,other,0.16841565039621564,6.62,0.14359637774902975,0.02481927264718589,0.11491160562294755,False,1.0,-1.0
2024-08-26,Us Open,R128,Hard,5,Radu Albot,Novak Djokovic,player1,top_10,0.08798319197011284,24.56,0.03949941337504889,0.04848377859506395,1.1608671947859712,False,1.0,-1.0
2024-08-26,Us Open,R64,Hard,5,Alex Michelsen,Jannik Sinner,player1,top_10,0.10156617322580623,12.25,0.07825432656132429,0.02331184666448194,0.24418562201612626,False,1.0,-1.0
2024-08-26,Us Open,R64,Hard,5,Max Purcell,Tommy Paul,player2,other,0.14453584778754555,7.28,0.1312649164677804,0.013270931319765145,0.052220971893331636,False,1.0,-1.0
2024-08-26,Us Open,R64,Hard,5,Botic Van De Zandschulp,Carlos Alcaraz,player1,top_10,0.10150634903584684,19.07,0.05029880478087649,0.051207544254970344,0.9357260761135991,True,1.0,18.07
2024-08-26,Us Open,R64,Hard,5,Adrian Mannarino,David Goffin,player1,other,0.3459490319272304,3.23,0.29475982532751094,0.05118920659971948,0.11741537312495431,False,1.0,-1.0
2024-08-26,Us Open,R64,Hard,5,Alex De Minaur,Otto Virtanen,player2,top_10,0.8519378283021429,1.24,0.7703703703703705,0.08156745793177245,0.05640290709465723,True,1.0,0.24
2024-08-26,Us Open,R64,Hard,5,Hubert Hurkacz,Jordan Thompson,player2,top_10,0.7349210451646551,1.5,0.6359223300970874,0.09899871506756763,0.1023815677469826,False,1.0,-1.0
2024-08-26,Us Open,R64,Hard,5,Casper Ruud,Gael Monfils,player1,top_10,0.684535071419151,1.51,0.628992628992629,0.055542442426522065,0.033647957842918075,True,1.0,0.51
2024-08-26,Us Open,R64,Hard,5,Alexandre Muller,Alexander Zverev,player1,top_10,0.10273717509577411,12.84,0.07492795389048992,0.027809221205284188,0.3191453282297395,False,1.0,-1.0
2024-08-26,Us Open,R64,Hard,5,Alexander Shevchenko,Frances Tiafoe,player2,other,0.19643452940578054,5.49,0.17319277108433734,0.023241758321443207,0.07842556643773524,False,1.0,-1.0
2024-08-26,Us Open,R64,Hard,5,Laslo Djere,Novak Djokovic,player2,top_10,0.092269734975079,20.55,0.047287899860917935,0.04498183511416106,0.8961430537378734,False,1.0,-1.0
2024-08-26,Us Open,R32,Hard,5,Gabriel Diallo,Tommy Paul,player1,other,0.15866196646372735,6.92,0.13823163138231634,0.02043033508141101,0.09794080792899318,False,1.0,-1.0
2024-08-26,Us Open,R32,Hard,5,Matteo Arnaldi,Jordan Thompson,player2,other,0.563179800429752,1.95,0.48684210526315796,0.07633769516659406,0.09820061083801646,False,1.0,-1.0
2024-08-26,Us Open,R16,Hard,5,Alex De Minaur,Jordan Thompson,player1,top_10,0.8306387473945489,1.26,0.754863813229572,0.07577493416497694,0.04660482171713162,True,1.0,0.26
2024-08-26,Us Open,R16,Hard,5,Casper Ruud,Taylor Fritz,player1,top_10,0.4488930673502162,3.26,0.291304347826087,0.15758871952412923,0.46339139956170494,False,1.0,-1.0
2024-08-26,Us Open,R16,Hard,5,Grigor Dimitrov,Andrey Rublev,player1,top_10,0.5509941206733225,2.01,0.47382198952879584,0.0771721311445267,0.10749818255337817,True,1.0,1.0099999999999998
2024-08-26,Us Open,QF,Hard,5,Alex De Minaur,Jack Draper,player1,top_10,0.6433362353947124,1.67,0.570694087403599,0.07264214799111346,0.07437151310916967,False,1.0,-1.0
2024-09-18,Hangzhou,R32,Hard,3,Alexander Shevchenko,Marco Trungelliti,player2,other,0.6156069680988777,1.68,0.5602094240837696,0.0553975440151081,0.03421970640611455,True,1.0,0.6799999999999999
2024-09-18,Hangzhou,R16,Hard,3,Alexander Shevchenko,Mikhail Kukushkin,player2,other,0.6711201365005253,1.64,0.574025974025974,0.09709416247455127,0.10063702386086137,False,1.0,-1.0
2024-09-18,Hangzhou,R16,Hard,3,Yoshihito Nishioka,Marin Cilic,player1,other,0.7045741298281404,1.55,0.6105527638190955,0.09402136600904487,0.0920899012336176,False,1.0,-1.0
2024-09-18,Chengdu,R32,Hard,3,Shintaro Mochizuki,Yannick Hanfmann,player1,other,0.41167688050869744,2.53,0.37220843672456577,0.03946844378413167,0.041542507687004404,False,1.0,-1.0
2024-09-18,Chengdu,R16,Hard,3,Nicolas Jarry,Lukas Klein,player2,other,0.6126106127745897,1.75,0.5382585751978891,0.07435203757670061,0.07206857235553199,True,1.0,0.75
2024-09-18,Chengdu,QF,Hard,3,Pedro Martinez,Yannick Hanfmann,player1,other,0.5195932738845149,2.04,0.4631578947368421,0.056435379147672826,0.05997027872441052,False,1.0,-1.0
2024-09-25,Tokyo,R32,Hard,3,Felix Auger Aliassime,Yoshihito Nishioka,player1,other,0.7584425748460384,1.37,0.6914414414414414,0.06700113340459701,0.03906632753907269,False,1.0,-1.0
2024-09-25,Tokyo,R32,Hard,3,Casper Ruud,Jordan Thompson,player1,top_10,0.6917917863212751,1.65,0.5725388601036269,0.11925292621764827,0.14145644743010394,False,1.0,-1.0
2024-09-25,Tokyo,R32,Hard,3,Hubert Hurkacz,Marcos Giron,player2,top_10,0.8109192208592906,1.38,0.6834862385321101,0.12743298232718048,0.11906852478582092,True,1.0,0.3799999999999999
2024-09-25,Tokyo,R32,Hard,3,Taylor Fritz,Arthur Fils,player1,top_10,0.7864934133466642,1.32,0.7167381974248926,0.06975521592177159,0.03817130561759685,False,1.0,-1.0
2024-09-25,Tokyo,R16,Hard,3,Holger Rune,Yoshihito Nishioka,player1,other,0.6612689693898908,1.58,0.6,0.06126896938989079,0.04480497163602748,True,1.0,0.5800000000000001
2024-09-25,Tokyo,R16,Hard,3,Hubert Hurkacz,Jack Draper,player2,top_10,0.4648697546954767,2.23,0.42377260981912146,0.04109714487635524,0.036659552970913056,False,1.0,-1.0
2024-09-25,Tokyo,QF,Hard,3,Holger Rune,Kei Nishikori,player1,other,0.6498741687069108,1.6,0.5907928388746803,0.05908132983223058,0.03979866993105741,True,1.0,0.6000000000000001
2024-09-26,Beijing,R32,Hard,3,Lorenzo Musetti,Zizou Bergs,player2,other,0.6646364740714119,1.6,0.5897435897435896,0.07489288432782226,0.06341835851425909,True,1.0,0.6000000000000001
2024-09-26,Beijing,R32,Hard,3,Nicolas Jarry,Jannik Sinner,player1,top_10,0.13276966136532878,10.54,0.08981001727115717,0.042959644094171606,0.3993922307905652,False,1.0,-1.0
2024-09-26,Beijing,R16,Hard,3,Jiri Lehecka,Roberto Bautista Agut,player2,other,0.6515203267403283,1.6,0.5907928388746803,0.06072748786564808,0.04243252278452542,True,1.0,0.6000000000000001
2024-09-26,Beijing,R16,Hard,3,Andrey Rublev,Alejandro Davidovich Fokina,player1,top_10,0.8030381949040057,1.29,0.7306889352818372,0.07234925962216854,0.03591927142616744,True,1.0,0.29000000000000004
2024-09-26,Beijing,SF,Hard,3,Daniil Medvedev,Carlos Alcaraz,player1,top_10,0.3387606198614154,3.72,0.2545090180360721,0.0842516018253433,0.26018950588446554,False,1.0,-1.0
2024-09-26,Beijing,F,Hard,3,Jannik Sinner,Carlos Alcaraz,player2,top_10,0.525947066795575,2.08,0.4554973821989528,0.07044968459662221,0.09396989893479601,False,1.0,-1.0
2024-10-02,Shanghai Masters,R128,Hard,4,Pavel Kotov,Yosuke Watanuki,player1,other,0.6493713174317374,1.8,0.5250659630606861,0.12430535437105128,0.1688683713771273,False,1.0,-1.0
2024-10-02,Shanghai Masters,R128,Hard,4,Alejandro Davidovich Fokina,Gabriel Diallo,player2,other,0.5913324627770752,1.75,0.5394736842105263,0.05185877856654886,0.034831809859881546,True,1.0,0.75
2024-10-02,Shanghai Masters,R128,Hard,4,Thiago Seyboth Wild,Daniel Evans,player2,other,0.44151618310174284,2.37,0.398477157360406,0.043039025741336834,0.046393353951130645,True,1.0,1.37
2024-10-02,Shanghai Masters,R128,Hard,4,Luca Nardi,Alexandre Muller,player2,other,0.44957401556080095,2.38,0.39593908629441626,0.05363492926638469,0.06998615703470623,False,1.0,-1.0
2024-10-02,Shanghai Masters,R64,Hard,4,Grigor Dimitrov,Zizou Bergs,player1,top_10,0.8287488083567416,1.44,0.6555023923444976,0.173246416012244,0.19339828403370785,True,1.0,0.43999999999999995
2024-10-02,Shanghai Masters,R64,Hard,4,Fabio Fognini,Tommy Paul,player1,other,0.14953758786149376,8.67,0.10894141829393629,0.040596169567557475,0.2964908867591509,False,1.0,-1.0
2024-10-02,Shanghai Masters,R64,Hard,4,Sebastian Baez,Gael Monfils,player1,other,0.33529253737590875,3.2,0.29515418502202645,0.0401383523538823,0.07293611960290813,False,1.0,-1.0
2024-10-02,Shanghai Masters,R64,Hard,4,Nicolas Jarry,Yibing Wu,player2,other,0.5723520908159276,1.83,0.5158730158730157,0.05647907494291193,0.047404326193147606,False,1.0,-1.0
2024-10-02,Shanghai Masters,R64,Hard,4,Taro Daniel,Jannik Sinner,player1,top_10,0.11084858549569299,16.19,0.05872093023255814,0.05212765526313485,0.7946385991752697,False,1.0,-1.0
2024-10-02,Shanghai Masters,R32,Hard,4,Yosuke Watanuki,Taylor Fritz,player2,top_10,0.21738089803619917,4.9,0.19275123558484344,0.024629662451355727,0.06516640037737609,False,1.0,-1.0
2024-10-02,Shanghai Masters,R32,Hard,4,Frances Tiafoe,Roman Safiullin,player2,other,0.6338477993933118,1.66,0.5688311688311688,0.06501663056214302,0.052187346992897565,False,1.0,-1.0
2024-10-02,Shanghai Masters,R32,Hard,4,Grigor Dimitrov,Alexei Popyrin,player1,top_10,0.7656005858565514,1.65,0.5725388601036269,0.19306172575292457,0.2632409666633098,True,1.0,0.6499999999999999
2024-10-02,Shanghai Masters,R32,Hard,4,Yibing Wu,Carlos Alcaraz,player1,top_10,0.1107566955690243,13.2,0.07172995780590717,0.03902673776311713,0.46198838151112065,False,1.0,-1.0
2024-10-02,Shanghai Masters,R16,Hard,4,Tomas Machac,Tommy Paul,player2,other,0.4425877790997621,2.47,0.3825,0.060087779099762095,0.09319181437641244,True,1.0,1.4700000000000002
2024-10-02,Shanghai Masters,R16,Hard,4,Gael Monfils,Carlos Alcaraz,player1,top_10,0.14554893460446464,9.97,0.09528130671506352,0.05026762788940112,0.4511228780065125,False,1.0,-1.0
2024-10-02,Shanghai Masters,SF,Hard,4,Novak Djokovic,Taylor Fritz,player1,top_10,0.7687541738115016,1.4,0.6759259259259259,0.09282824788557564,0.07625584333610214,True,1.0,0.3999999999999999
2024-10-02,Shanghai Masters,F,Hard,4,Novak Djokovic,Jannik Sinner,player1,top_10,0.36747164010213607,2.87,0.3294392523364486,0.03803238776568746,0.05464360709313054,False,1.0,-1.0
2024-10-14,Stockholm,R32,Hard,3,Lorenzo Sonego,Marc Andrea Huesler,player1,other,0.5975159203320796,1.81,0.5224274406332454,0.07508847969883414,0.08150381580106403,True,1.0,0.81
2024-10-14,Stockholm,QF,Hard,3,Casper Ruud,Tallon Griekspoor,player1,top_10,0.6485774958737879,1.78,0.531578947368421,0.11699854850536684,0.15446794265534247,False,1.0,-1.0
2024-10-14,Stockholm,SF,Hard,3,Grigor Dimitrov,Tallon Griekspoor,player1,top_10,0.833381744445262,1.41,0.6713286713286714,0.16205307311659067,0.17506825966781941,True,1.0,0.4099999999999999
2024-10-14,Stockholm,F,Hard,3,Grigor Dimitrov,Tommy Paul,player1,top_10,0.6293833508444305,2.17,0.4363636363636364,0.19301971448079414,0.3657618713324142,False,1.0,-1.0
2024-10-14,Antwerp,SF,Hard,3,Hugo Gaston,Roberto Bautista Agut,player2,other,0.3633018076488681,2.94,0.32101616628175517,0.042285641367112936,0.06810731448767215,False,1.0,-1.0
2024-10-14,Almaty,R32,Hard,3,Maximilian Marterer,Damir Dzumhur,player1,other,0.5625645527646079,1.86,0.5092348284960422,0.05332972426856575,0.04637006814217082,True,1.0,0.8600000000000001
2024-10-14,Almaty,R32,Hard,3,Timofey Skatov,Tomas Machac,player1,other,0.18676063449205701,5.81,0.1628242074927954,0.02393642699926163,0.0850792863988512,False,1.0,-1.0
2024-10-14,Almaty,QF,Hard,3,Alejandro Tabilo,Gabriel Diallo,player1,other,0.5824358799133798,1.8,0.5250659630606861,0.05736991685269366,0.04838458384408356,False,1.0,-1.0
2024-10-14,Almaty,F,Hard,3,Karen Khachanov,Gabriel Diallo,player1,other,0.5954046665965476,2.24,0.5011135857461024,0.09429108085044513,0.3337064531762667,True,1.0,1.2400000000000002
2024-10-21,Basel,R32,Hard,3,Roberto Bautista Agut,Casper Ruud,player2,top_10,0.4278135115542294,2.65,0.3567961165048544,0.07101739504937504,0.13370580561870793,True,1.0,1.65
2024-10-21,Basel,R32,Hard,3,Sebastian Baez,Felix Auger Aliassime,player2,other,0.185484289058624,6.21,0.15163934426229508,0.03384494479632891,0.15185743505405502,False,1.0,-1.0
2024-10-21,Basel,R32,Hard,3,Stefanos Tsitsipas,Francisco Cerundolo,player1,other,0.7528022112188063,1.37,0.6886363636363636,0.0641658475824427,0.03133902936976474,True,1.0,0.3700000000000001
2024-10-21,Basel,R16,Hard,3,Holger Rune,Dominic Stricker,player1,other,0.7717902108963131,1.37,0.6886363636363636,0.08315384725994945,0.05735258892794898,True,1.0,0.3700000000000001
2024-10-21,Basel,R16,Hard,3,Andrey Rublev,Alejandro Tabilo,player2,top_10,0.8388388796974104,1.25,0.7563352826510722,0.08250359704633825,0.048548599621763056,True,1.0,0.25
2024-10-21,Basel,QF,Hard,3,Holger Rune,David Goffin,player1,other,0.7630406439894896,1.36,0.6936936936936937,0.06934695029579585,0.037735275825705905,True,1.0,0.3600000000000001
2024-10-21,Basel,SF,Hard,3,Ben Shelton,Arthur Fils,player2,other,0.5384776034136816,1.95,0.48548812664907653,0.052989476764605026,0.050031326656678976,True,1.0,0.95
2024-10-21,Vienna,R32,Hard,3,Alex De Minaur,Jan Lennard Struff,player1,top_10,0.8000403557261144,1.35,0.6986607142857143,0.10137964144040013,0.08005448023025452,True,1.0,0.3500000000000001
2024-10-21,Vienna,R16,Hard,3,Alex De Minaur,Flavio Cobolli,player1,top_10,0.8415265311522867,1.33,0.7089715536105032,0.13255497754178347,0.11923028643254135,True,1.0,0.33000000000000007
2024-10-21,Vienna,R16,Hard,3,Brandon Nakashima,Karen Khachanov,player1,other,0.5058539379925598,2.11,0.44908616187989553,0.056767776112664314,0.06735180916430117,False,1.0,-1.0
2024-10-21,Vienna,R16,Hard,3,Frances Tiafoe,Matteo Berrettini,player1,other,0.47998375308505753,2.25,0.42010309278350516,0.05988066030155237,0.07996344444137937,False,1.0,-1.0
2024-10-21,Vienna,R16,Hard,3,Tomas Machac,Grigor Dimitrov,player1,top_10,0.5617665052783487,2.34,0.4030612244897959,0.15870528078855278,0.31453362235133586,True,1.0,1.3399999999999999
2024-10-21,Vienna,R16,Hard,3,Alexander Zverev,Marcos Giron,player2,top_10,0.8736131522646656,1.18,0.8013468013468014,0.07226635091786426,0.030863519672305384,True,1.0,0.17999999999999994
2024-10-21,Vienna,QF,Hard,3,Alexander Zverev,Lorenzo Musetti,player2,top_10,0.846836636838031,1.24,0.7633587786259541,0.08347785821207687,0.05007742967915843,False,1.0,-1.0
2024-10-21,Vienna,SF,Hard,3,Alex De Minaur,Karen Khachanov,player1,top_10,0.6270883790828927,1.67,0.5639686684073107,0.06311971067558197,0.04723759306843078,False,1.0,-1.0
2024-10-28,Paris Masters,R64,Hard,4,Adrian Mannarino,Tommy Paul,player1,other,0.17096133929255194,6.09,0.1553398058252427,0.01562153346730924,0.04115455629164133,True,1.0,5.09
2024-10-28,Paris Masters,R64,Hard,4,Hubert Hurkacz,Alex Michelsen,player2,other,0.6109794304491544,1.69,0.5587467362924282,0.052232694156726156,0.03255523745907085,False,1.0,-1.0
2024-10-28,Paris Masters,R64,Hard,4,Alexander Bublik,Fabio Fognini,player2,other,0.6183971632003534,1.67,0.5684754521963824,0.049921711003971025,0.03272326254459018,True,1.0,0.6699999999999999
2024-10-28,Paris Masters,R32,Hard,4,Nicolas Jarry,Carlos Alcaraz,player1,top_10,0.1325625412305178,9.17,0.10361681329423265,0.02894572793628515,0.21559850308384831,False,1.0,-1.0
2024-10-28,Paris Masters,R32,Hard,4,Casper Ruud,Jordan Thompson,player1,top_10,0.6654586579917825,1.66,0.5699481865284974,0.09551047146328506,0.10466137226635891,False,1.0,-1.0
2024-10-28,Paris Masters,R32,Hard,4,Daniil Medvedev,Alexei Popyrin,player2,top_10,0.842962181732901,1.3,0.726890756302521,0.11607142543038007,0.09585083625277141,False,1.0,-1.0
2024-10-28,Paris Masters,R32,Hard,4,Andrey Rublev,Francisco Cerundolo,player2,top_10,0.7912723720333509,1.31,0.7194860813704497,0.07178629066290121,0.036566807363689696,False,1.0,-1.0
2024-10-28,Paris Masters,R32,Hard,4,Alexander Zverev,Tallon Griekspoor,player2,top_10,0.8533855863282609,1.29,0.7334710743801653,0.11991451194809555,0.10086740636345659,True,1.0,0.29000000000000004
2024-10-28,Paris Masters,R32,Hard,4,Jack Draper,Taylor Fritz,player2,top_10,0.5843984166785533,1.86,0.5092348284960422,0.07516358818251112,0.08698105502210918,True,1.0,0.8600000000000001
2024-10-28,Paris Masters,R16,Hard,4,Alexei Popyrin,Karen Khachanov,player2,other,0.4763592351344925,2.29,0.4143222506393862,0.062036984495106307,0.09086264845798786,False,1.0,-1.0
2024-10-28,Paris Masters,R16,Hard,4,Stefanos Tsitsipas,Francisco Cerundolo,player1,other,0.6993791860786948,1.48,0.6407766990291263,0.0586024870495685,0.03508119539646826,True,1.0,0.48
2024-10-28,Paris Masters,R16,Hard,4,Alex De Minaur,Jack Draper,player1,top_10,0.4776768753735195,2.22,0.4263565891472868,0.05132028622623269,0.06044266332921333,True,1.0,1.2200000000000002
2024-10-28,Paris Masters,QF,Hard,4,Grigor Dimitrov,Karen Khachanov,player1,top_10,0.6471583899488015,1.73,0.5494791666666667,0.09767922328213474,0.11958401461142654,False,1.0,-1.0
2024-10-28,Paris Masters,F,Hard,4,Alexander Zverev,Ugo Humbert,player2,top_10,0.7812120803008492,1.41,0.6736111111111112,0.10760096918973805,0.1015090332241973,True,1.0,0.4099999999999999
2024-11-04,Metz,R32,Hard,3,Roberto Bautista Agut,Benjamin Bonzi,player2,other,0.5934721860679161,1.95,0.48548812664907653,0.10798405941883954,0.15727076283243635,False,1.0,-1.0
2024-11-04,Metz,R32,Hard,3,Alexander Shevchenko,Jan Lennard Struff,player2,other,0.38246887700928694,2.7,0.3493975903614458,0.03307128664784115,0.032665967925074924,False,1.0,-1.0
2024-11-04,Metz,R32,Hard,3,Lorenzo Sonego,Gregoire Barrere,player1,other,0.7316903301345796,1.42,0.6635071090047394,0.06818322112984021,0.03900026879110302,True,1.0,0.41999999999999993
2024-11-04,Metz,R16,Hard,3,Casper Ruud,Benjamin Bonzi,player2,top_10,0.7401779062479729,1.88,0.5013262599469495,0.2388516463010234,0.39153446374618894,False,1.0,-1.0
2024-11-04,Metz,R16,Hard,3,Richard Gasquet,Alex Michelsen,player1,other,0.21830698178993238,4.96,0.19086460032626426,0.02744238146366812,0.08280262967806462,False,1.0,-1.0
2024-11-04,Metz,SF,Hard,3,Alex Michelsen,Benjamin Bonzi,player1,other,0.6154574077492373,1.85,0.5092838196286471,0.10617358812059019,0.1385962043360891,False,1.0,-1.0
2024-11-04,Metz,F,Hard,3,Cameron Norrie,Benjamin Bonzi,player1,other,0.5442274581443864,1.91,0.4947089947089948,0.049518463435391624,0.039474445055778073,False,1.0,-1.0
2024-11-04,Belgrade,QF,Hard,3,Fabian Marozsan,Laslo Djere,player1,other,0.5495845154067175,1.97,0.4802110817941952,0.0693734336125223,0.08268149535123348,False,1.0,-1.0
2024-11-04,Belgrade,F,Hard,3,Hamad Medjedovic,Denis Shapovalov,player1,other,0.36387606728147026,3.0,0.3150684931506849,0.04880757413078535,0.09162820184441078,False,1.0,-1.0
2024-11-11,Tour Finals,RR,Hard,1,Andrey Rublev,Casper Ruud,player1,top_10,0.6696760851143632,1.55,0.6105527638190955,0.05912332129526765,0.03799793192726292,False,1.0,-1.0
2024-11-11,Tour Finals,RR,Hard,1,Carlos Alcaraz,Andrey Rublev,player2,top_10,0.7679331371940323,1.54,0.615,0.15293313719403234,0.1826170312788098,True,1.0,0.54
2024-11-11,Tour Finals,RR,Hard,1,Casper Ruud,Carlos Alcaraz,player2,top_10,0.1288003787404294,8.71,0.10849539406345958,0.020304984676969826,0.12185129882914025,True,1.0,7.710000000000001
2024-11-11,Tour Finals,RR,Hard,1,Alexander Zverev,Andrey Rublev,player1,top_10,0.8225681613722357,1.3,0.7280334728033473,0.09453468856888836,0.06933860978390638,True,1.0,0.30000000000000004
2024-11-11,Tour Finals,RR,Hard,1,Alex De Minaur,Daniil Medvedev,player1,top_10,0.5704060138969543,1.88,0.5026455026455027,0.06776051125145166,0.07236330612627406,False,1.0,-1.0
2024-11-11,Tour Finals,SF,Hard,1,Casper Ruud,Jannik Sinner,player1,top_10,0.11253262804659507,9.58,0.09877704609595485,0.013755581950640222,0.07806257668638072,False,1.0,-1.0
2024-12-30,Hong Kong,R32,Hard,3,Fabian Marozsan,Roman Safiullin,player2,other,0.4329971342572622,2.54,0.37592137592137587,0.05707575833588635,0.09981272101344607,True,1.0,1.54
2024-12-30,Brisbane,R32,Hard,3,Rinky Hijikata,Novak Djokovic,player1,top_10,0.10931492029920875,10.93,0.08688387635756058,0.022431043941648174,0.19481207887035157,False,1.0,-1.0
2024-12-30,Brisbane,QF,Hard,3,Grigor Dimitrov,Jordan Thompson,player2,top_10,0.812320275306342,1.33,0.712742980561555,0.09957729474478694,0.08038596615743487,True,1.0,0.33000000000000007
2024-12-30,Brisbane,QF,Hard,3,Reilly Opelka,Novak Djokovic,player2,top_10,0.1096475375885179,9.96,0.09536784741144413,0.01427969017707377,0.09208947438163839,True,1.0,8.96
2024-12-30,Brisbane,SF,Hard,3,Jiri Lehecka,Grigor Dimitrov,player1,top_10,0.5421298004275635,2.52,0.37623762376237624,0.1658921766651873,0.3661670970774601,True,1.0,1.52
2024-12-30,Brisbane,F,Hard,3,Jiri Lehecka,Reilly Opelka,player2,other,0.6320996055332025,1.69,0.5610389610389611,0.07106064449424143,0.06824833335111224,True,1.0,0.69
2025-01-06,Auckland,R32,Hard,3,Pablo Carreno Busta,Jakub Mensik,player2,other,0.2866062553385313,3.73,0.25100401606425704,0.03560223927427425,0.06904133241272181,False,1.0,-1.0
2025-01-06,Auckland,R16,Hard,3,Sebastian Baez,Facundo Diaz Acosta,player2,other,0.5152183532878228,2.01,0.4696569920844328,0.04556136120339005,0.03558889010852384,False,1.0,-1.0
2025-01-06,Auckland,R16,Hard,3,Gael Monfils,Jan Lennard Struff,player1,other,0.49113829354567723,2.11,0.4476439790575916,0.043494314488085606,0.036301799381378785,True,1.0,1.1099999999999999
2025-01-06,Auckland,R16,Hard,3,Jakub Mensik,Ben Shelton,player2,other,0.4852925639004008,2.14,0.44270833333333337,0.04258423056706745,0.03852608674685787,True,1.0,1.1400000000000001
2025-01-06,Auckland,QF,Hard,3,Facundo Diaz Acosta,Gael Monfils,player2,other,0.32253752824911025,3.4,0.2781316348195329,0.04440589342957735,0.0966275960469749,False,1.0,-1.0
2025-01-06,Auckland,F,Hard,3,Zizou Bergs,Gael Monfils,player2,other,0.45528594952597173,2.37,0.398477157360406,0.056808792165565725,0.07902770037655316,False,1.0,-1.0
2025-01-06,Adelaide,R16,Hard,3,Sebastian Korda,Alejandro Davidovich Fokina,player2,other,0.5187719730630321,2.17,0.4348958333333333,0.08387613972969882,0.12573518154677965,True,1.0,1.17
2025-01-06,Adelaide,R16,Hard,3,Manuel Guinard,Tommy Paul,player2,other,0.13875906749771164,8.42,0.11275026343519494,0.026008804062516697,0.16835134833073184,False,1.0,-1.0
2025-01-06,Adelaide,QF,Hard,3,Sebastian Korda,Thanasi Kokkinakis,player1,other,0.6743831475735481,1.65,0.5736434108527132,0.10073973672083492,0.11273219349635433,True,1.0,0.6499999999999999
2025-01-06,Adelaide,SF,Hard,3,Sebastian Korda,Miomir Kecmanovic,player1,other,0.6478700718702238,1.8,0.5250659630606861,0.12280410880953774,0.16616612936640296,True,1.0,0.8
2025-01-06,Adelaide,SF,Hard,3,Felix Auger Aliassime,Tommy Paul,player1,other,0.5062232595767233,2.2,0.43005181347150256,0.07617144610522075,0.11369117106879134,True,1.0,1.2000000000000002
2025-01-13,Australian Open,R128,Hard,5,Nicolas Jarry,Jannik Sinner,player2,top_10,0.09268956892260705,17.25,0.055829228243021355,0.03686034067958569,0.5988950639149715,False,1.0,-1.0
2025-01-13,Australian Open,R128,Hard,5,Adrian Mannarino,Karen Khachanov,player2,other,0.18028478994944508,6.44,0.1470198675496689,0.03326492239977619,0.16103404727442638,False,1.0,-1.0
2025-01-13,Australian Open,R128,Hard,5,Jenson Brooksby,Taylor Fritz,player1,top_10,0.12757586443161226,12.99,0.07346647646219685,0.054109387969415404,0.6572104789666433,False,1.0,-1.0
2025-01-13,Australian Open,R128,Hard,5,Joao Fonseca,Andrey Rublev,player1,top_10,0.6754530110330101,2.3,0.413265306122449,0.26218770491056115,0.5535419253759232,True,1.0,1.2999999999999998
2025-01-13,Australian Open,R128,Hard,5,Camilo Ugo Carabelli,Learner Tien,player2,other,0.21628255645187341,5.36,0.17665130568356371,0.0396312507683097,0.15927450258204157,False,1.0,-1.0
2025-01-13,Australian Open,R128,Hard,5,Francesco Passaro,Grigor Dimitrov,player1,top_10,0.10328723232958126,10.21,0.09325044404973358,0.010036788279847678,0.054562642085024704,True,1.0,9.21
2025-01-13,Australian Open,R128,Hard,5,Mariano Navone,Jack Draper,player2,other,0.15743954076926328,9.71,0.09842154131847725,0.059017999450786035,0.5287379408695465,False,1.0,-1.0
2025-01-13,Australian Open,R128,Hard,5,Alexander Shevchenko,Carlos Alcaraz,player1,top_10,0.09535503336385702,20.74,0.046436781609195406,0.048918251754661614,0.9776633919663943,False,1.0,-1.0
2025-01-13,Australian Open,R128,Hard,5,Dominic Stricker,James Duckworth,player1,other,0.5113072645749429,2.09,0.4528795811518324,0.0584276834231105,0.06863218296163065,False,1.0,-1.0
2025-01-13,Australian Open,R64,Hard,5,Holger Rune,Matteo Berrettini,player2,other,0.5193957937873476,2.13,0.44531250000000006,0.07408329378734752,0.10631304076705028,True,1.0,1.13
2025-01-13,Australian Open,R64,Hard,5,Gabriel Diallo,Karen Khachanov,player1,other,0.3136616635427176,3.41,0.27906976744186046,0.03459189610085711,0.06958627268066697,False,1.0,-1.0
2025-01-13,Australian Open,R64,Hard,5,Cristian Garin,Taylor Fritz,player2,top_10,0.10111495826107132,13.02,0.07330960854092528,0.027805349720146047,0.31651675655914846,False,1.0,-1.0
2025-01-13,Australian Open,R64,Hard,5,Daniel Altmaier,Gael Monfils,player2,other,0.24339875898658195,4.38,0.21785714285714286,0.025541616129439088,0.06608656436122884,False,1.0,-1.0
2025-01-13,Australian Open,R64,Hard,5,Lorenzo Sonego,Joao Fonseca,player2,other,0.2412000423738978,4.72,0.20270270270270271,0.03849733967119509,0.13846420000479753,True,1.0,3.7199999999999998
2025-01-13,Australian Open,R64,Hard,5,Hugo Gaston,Jiri Lehecka,player1,other,0.14457601341357285,9.38,0.10153256704980844,0.04304344636376441,0.35612300581931333,False,1.0,-1.0
2025-01-13,Australian Open,R64,Hard,5,Jordan Thompson,Nuno Borges,player2,other,0.5520836276792779,1.93,0.4934383202099738,0.058645307469304075,0.06552140142100626,False,1.0,-1.0
2025-01-13,Australian Open,R64,Hard,5,Yoshihito Nishioka,Carlos Alcaraz,player1,top_10,0.09089251943218028,15.68,0.06107784431137725,0.029814675120803033,0.4251947046965868,False,1.0,-1.0
2025-01-13,Australian Open,R64,Hard,5,Casper Ruud,Jakub Mensik,player2,top_10,0.5941607473789755,1.74,0.5468749999999999,0.04728574737897562,0.033839700439417364,False,1.0,-1.0
2025-01-13,Australian Open,R64,Hard,5,Hady Habib,Ugo Humbert,player1,other,0.15739186310103173,6.99,0.13597033374536463,0.0214215293556671,0.10016912307621184,False,1.0,-1.0
2025-01-13,Australian Open,R64,Hard,5,Pedro Martinez,Alexander Zverev,player2,top_10,0.09845509866971287,16.29,0.05838150289017341,0.040073595779539464,0.6038335573296226,False,1.0,-1.0
2025-01-13,Australian Open,R32,Hard,5,Marcos Giron,Jannik Sinner,player1,top_10,0.08877761562238107,16.82,0.05717488789237669,0.03160272773000438,0.49323949476844964,False,1.0,-1.0
2025-01-13,Australian Open,R32,Hard,5,Gael Monfils,Taylor Fritz,player2,top_10,0.20000948711420172,6.44,0.14814814814814814,0.05186133896605358,0.2880610970154591,True,1.0,5.44
2025-01-13,Australian Open,R32,Hard,5,Fabian Marozsan,Lorenzo Sonego,player2,other,0.5158366611068209,2.02,0.46981627296587924,0.04602038814094167,0.04199005543577827,False,1.0,-1.0
2025-01-13,Australian Open,R32,Hard,5,Novak Djokovic,Tomas Machac,player1,top_10,0.8466887716849816,1.24,0.7647058823529412,0.08198288933204034,0.04989407688937714,True,1.0,0.24
2025-01-13,Australian Open,R32,Hard,5,Nuno Borges,Carlos Alcaraz,player1,top_10,0.0952700991103661,13.97,0.06866666666666665,0.02660343244369945,0.3309232845718144,False,1.0,-1.0
2025-01-13,Australian Open,R32,Hard,5,Arthur Fils,Ugo Humbert,player1,other,0.44856520505078085,2.38,0.39898989898989906,0.049575306060881785,0.06758518802085844,False,1.0,-1.0
2025-01-13,Australian Open,R16,Hard,5,Ben Shelton,Gael Monfils,player2,other,0.6517375070300884,1.61,0.5913705583756345,0.06036694865445391,0.04929738631844233,True,1.0,0.6100000000000001
2025-01-13,Australian Open,R16,Hard,5,Learner Tien,Lorenzo Sonego,player1,other,0.5073337968461434,2.1,0.45312499999999994,0.05420879684614349,0.06540097337690132,False,1.0,-1.0
2025-01-13,Australian Open,R16,Hard,5,Novak Djokovic,Jiri Lehecka,player1,top_10,0.8275171556776165,1.25,0.7600767754318618,0.06744038024575472,0.03439644459702065,True,1.0,0.25
2025-01-13,Australian Open,R16,Hard,5,Jack Draper,Carlos Alcaraz,player1,top_10,0.15266656702508108,8.12,0.11739130434782612,0.03527526267725496,0.23965252424365824,False,1.0,-1.0
2025-01-13,Australian Open,QF,Hard,5,Ben Shelton,Lorenzo Sonego,player1,other,0.7533142122138727,1.37,0.6969026548672567,0.05641155734661607,0.032040470733005755,True,1.0,0.3700000000000001
2025-01-13,Australian Open,QF,Hard,5,Novak Djokovic,Carlos Alcaraz,player2,top_10,0.4807256119269714,2.57,0.37163814180929094,0.10908747011768044,0.23546482265231639,True,1.0,1.5699999999999998
2025-01-13,Australian Open,QF,Hard,5,Alexander Zverev,Tommy Paul,player2,top_10,0.8134677008319672,1.35,0.7071583514099783,0.10630934942198889,0.09818139612315574,True,1.0,0.3500000000000001
2025-01-13,Australian Open,SF,Hard,5,Novak Djokovic,Alexander Zverev,player1,top_10,0.6586111558798421,1.63,0.5862944162436549,0.07231673963618723,0.07353618408414253,False,1.0,-1.0
2025-01-13,Australian Open,F,Hard,5,Jannik Sinner,Alexander Zverev,player2,top_10,0.7907618974555571,1.35,0.7103004291845494,0.08046146827100775,0.0675285615650022,True,1.0,0.3500000000000001
2025-01-27,Montpellier,R32,Hard,3,Borna Coric,Constant Lestienne,player1,other,0.6655964431194349,1.84,0.5132275132275131,0.15236892989192174,0.22469745533976027,False,1.0,-1.0
2025-01-27,Montpellier,R16,Hard,3,Mattia Bellucci,Aleksandar Kovacevic,player2,other,0.5306608783493415,2.03,0.4657894736842106,0.06487140466513092,0.07724158304916318,False,1.0,-1.0
2025-02-03,Rotterdam,R32,Hard,3,Daniel Altmaier,Aleksandar Kovacevic,player2,other,0.19567698167611472,5.78,0.16353111432706222,0.032145867349052504,0.1310129540879431,True,1.0,4.78
2025-02-03,Rotterdam,R32,Hard,3,Fabian Marozsan,Jan Lennard Struff,player1,other,0.4738358056742551,2.24,0.4226804123711341,0.05115539330312102,0.061392204710331466,True,1.0,1.2400000000000002
2025-02-03,Rotterdam,R32,Hard,3,Andrea Vavassori,Felix Auger Aliassime,player1,other,0.15832413317863211,7.14,0.1324422843256379,0.025881848852994216,0.13043431089543323,True,1.0,6.14
2025-02-03,Rotterdam,R16,Hard,3,Daniil Medvedev,Mattia Bellucci,player1,top_10,0.8349220994741562,1.3,0.7274633123689728,0.10745878710518342,0.08539872931640308,False,1.0,-1.0
2025-02-03,Rotterdam,R16,Hard,3,Fabian Marozsan,Andrey Rublev,player1,top_10,0.30127203125518204,3.81,0.24852071005917162,0.05275132119601042,0.14784643908224349,False,1.0,-1.0
2025-02-03,Rotterdam,QF,Hard,3,Hubert Hurkacz,Andrey Rublev,player1,top_10,0.5095703892496176,2.07,0.45669291338582685,0.05287747586379077,0.05481070574670843,True,1.0,1.0699999999999998
2025-02-03,Rotterdam,QF,Hard,3,Pedro Martinez,Carlos Alcaraz,player2,top_10,0.11042948955002325,9.83,0.09650735294117649,0.013922136608846766,0.08552188227672863,False,1.0,-1.0
2025-02-03,Rotterdam,SF,Hard,3,Hubert Hurkacz,Carlos Alcaraz,player2,top_10,0.27666713423176664,4.09,0.23120300751879702,0.04546412671296962,0.1315685790079255,False,1.0,-1.0
2025-02-03,Dallas,R32,Hard,3,Roberto Carballes Baena,Michael Mmoh,player2,other,0.6493552107763096,1.62,0.5824742268041238,0.06688098397218589,0.05195544145762171,False,1.0,-1.0
2025-02-03,Dallas,R32,Hard,3,Matteo Arnaldi,Christopher Eubanks,player2,other,0.5948839572687018,1.79,0.5277044854881265,0.06717947178057526,0.06484228351097626,True,1.0,0.79
2025-02-03,Dallas,R32,Hard,3,Jenson Brooksby,Tommy Paul,player1,top_10,0.1312048197263657,9.08,0.10453648915187376,0.02666833057449193,0.19133976311540046,False,1.0,-1.0
2025-02-03,Dallas,R32,Hard,3,Rinky Hijikata,Adrian Mannarino,player2,other,0.6208679327584634,1.71,0.5546875,0.06618043275846341,0.061684165016972436,True,1.0,0.71
2025-02-03,Dallas,R16,Hard,3,Jaume Munar,Ben Shelton,player2,other,0.17302783971767158,6.68,0.14138817480719795,0.031639664910473625,0.15582596931404602,True,1.0,5.68
2025-02-03,Dallas,QF,Hard,3,Matteo Arnaldi,Jaume Munar,player2,other,0.6565493381019593,1.59,0.5954198473282442,0.0611294907737151,0.043913447582115295,False,1.0,-1.0
2025-02-03,Dallas,QF,Hard,3,Reilly Opelka,Tommy Paul,player1,top_10,0.4805606481298945,2.5,0.37810945273631846,0.10245119539357606,0.2014016203247363,False,1.0,-1.0
2025-02-03,Dallas,SF,Hard,3,Denis Shapovalov,Tommy Paul,player2,top_10,0.4132094401077652,2.55,0.37192118226600984,0.04128825784175538,0.05368407227480132,True,1.0,1.5499999999999998
2025-02-03,Dallas,F,Hard,3,Casper Ruud,Denis Shapovalov,player1,top_10,0.5003213901001784,2.22,0.42783505154639173,0.07248633855378667,0.11071348602239617,False,1.0,-1.0
2025-02-10,Marseille,R32,Hard,3,Sebastian Korda,Otto Virtanen,player2,other,0.7766993194447429,1.34,0.7008928571428572,0.0758064623018857,0.040777088055955535,False,1.0,-1.0
2025-02-10,Delray Beach,R32,Hard,3,Alexander Shevchenko,Michael Mmoh,player1,other,0.547888791376219,1.93,0.48941798941798953,0.05847080195822951,0.05742536735610271,False,1.0,-1.0
2025-02-10,Delray Beach,R32,Hard,3,Dmitry Popko,Arthur Rinderknech,player1,other,0.17779574258268094,6.01,0.15708274894810662,0.020712993634574323,0.06855241292191239,False,1.0,-1.0
2025-02-10,Delray Beach,QF,Hard,3,Miomir Kecmanovic,Marcos Giron,player2,other,0.5290970534691017,2.03,0.4657894736842106,0.06330757978489115,0.07406701854227649,True,1.0,1.0299999999999998
2025-02-10,Buenos Aires,R16,Clay,3,Federico Coria,Joao Fonseca,player1,other,0.19737643057024093,5.37,0.1763803680981595,0.02099606247208144,0.059911432162193745,False,1.0,-1.0
2025-02-10,Buenos Aires,QF,Clay,3,Alexander Zverev,Francisco Cerundolo,player1,top_10,0.7759279228256221,1.35,0.6973094170403586,0.07861850578526342,0.04750269581458988,False,1.0,-1.0
2025-02-17,Doha,R32,Hard,3,Alexander Bublik,Andrey Rublev,player1,top_10,0.3093204748928278,3.85,0.24509803921568626,0.06422243567714156,0.19088382833738704,False,1.0,-1.0
2025-02-17,Doha,R32,Hard,3,Daniil Medvedev,Karen Khachanov,player1,top_10,0.6658022963941038,1.55,0.6085858585858586,0.05721643780824526,0.03199355941086096,True,1.0,0.55
2025-02-17,Doha,R32,Hard,3,Novak Djokovic,Matteo Berrettini,player1,top_10,0.8602009447164122,1.27,0.7465069860279441,0.1136939586884681,0.09245519978984348,False,1.0,-1.0
2025-02-17,Doha,R32,Hard,3,Marin Cilic,Carlos Alcaraz,player1,top_10,0.09702618488330621,12.75,0.07474600870827286,0.022280176175033348,0.2370838572621542,False,1.0,-1.0
2025-02-17,Doha,R16,Hard,3,Daniil Medvedev,Zizou Bergs,player2,top_10,0.8195503972427614,1.34,0.7061403508771931,0.11341004636556828,0.09819753230530026,True,1.0,0.3400000000000001
2025-02-17,Doha,R16,Hard,3,Hamad Medjedovic,Felix Auger Aliassime,player1,other,0.25263763780666965,4.22,0.22426470588235295,0.028372931924316697,0.0661308315441459,False,1.0,-1.0
2025-02-17,Doha,R16,Hard,3,Luca Nardi,Carlos Alcaraz,player2,top_10,0.1017103687496493,14.0,0.06790945406125166,0.03380091468839763,0.4239451624950902,False,1.0,-1.0
2025-02-17,Doha,QF,Hard,3,Alex De Minaur,Andrey Rublev,player1,top_10,0.672578335292224,1.65,0.5725388601036269,0.10003947518859713,0.10975425323216953,False,1.0,-1.0
2025-02-17,Doha,QF,Hard,3,Jack Draper,Matteo Berrettini,player1,other,0.6448297065700188,1.66,0.5710594315245477,0.07377027504547107,0.07041731290623116,True,1.0,0.6599999999999999
2025-02-17,Doha,SF,Hard,3,Felix Auger Aliassime,Andrey Rublev,player1,top_10,0.5014112936487289,2.18,0.43376623376623374,0.0676450598824952,0.09307662015422913,False,1.0,-1.0
2025-02-17,Rio de Janeiro,R32,Clay,3,Luciano Darderi,Hugo Dellien,player2,other,0.5745889468603613,1.9,0.4973544973544974,0.07723444950586394,0.0917189990346865,True,1.0,0.8999999999999999
2025-02-24,Dubai,R32,Hard,3,Marin Cilic,Alex De Minaur,player2,top_10,0.156981066303179,6.69,0.14120667522464697,0.01577439107853204,0.05020333356826767,True,1.0,5.69
2025-02-24,Dubai,R32,Hard,3,Jiri Lehecka,Ugo Humbert,player1,other,0.5633921815697044,1.95,0.48412698412698413,0.07926519744272026,0.09861475406092357,False,1.0,-1.0
2025-02-24,Dubai,QF,Hard,3,Stefanos Tsitsipas,Matteo Berrettini,player2,other,0.4435676489660318,2.37,0.39999999999999997,0.043567648966031824,0.0512553280494954,True,1.0,1.37
2025-02-24,Dubai,F,Hard,3,Stefanos Tsitsipas,Felix Auger Aliassime,player1,other,0.6194120152307357,1.7,0.5572916666666667,0.062120348564069006,0.053000425892250735,True,1.0,0.7
2025-02-24,Acapulco,R32,Hard,3,Arthur Rinderknech,Casper Ruud,player1,top_10,0.24763047349519487,4.4,0.2142857142857143,0.03334475920948057,0.08957408337885753,False,1.0,-1.0
2025-02-24,Acapulco,R32,Hard,3,Gabriel Diallo,Tommy Paul,player2,top_10,0.4001950132967815,3.3,0.28725701943844495,0.11293799385833653,0.3206435438793789,False,1.0,-1.0
2025-02-24,Acapulco,R32,Hard,3,Marcos Giron,Adam Walton,player2,other,0.6991380572681672,1.48,0.6407766990291263,0.058361358239040984,0.034724324756887526,True,1.0,0.48
2025-02-24,Acapulco,R32,Hard,3,Brandon Nakashima,Benjamin Bonzi,player1,other,0.7157515728610498,1.45,0.6522781774580336,0.06347339540301622,0.037839780648522225,True,1.0,0.44999999999999996
2025-02-24,Acapulco,R16,Hard,3,Holger Rune,Brandon Nakashima,player1,other,0.6249900167840271,1.66,0.5699481865284974,0.05504183025552967,0.03748342786148495,False,1.0,-1.0
2025-02-24,Acapulco,R16,Hard,3,Alexander Zverev,Learner Tien,player2,top_10,0.8499951350657978,1.24,0.7642585551330798,0.085736579932718,0.0539939674815893,False,1.0,-1.0
2025-02-24,Acapulco,SF,Hard,3,Alejandro Davidovich Fokina,Denis Shapovalov,player1,other,0.4328927605050265,2.42,0.3919597989949749,0.0409329615100516,0.04760048042216414,True,1.0,1.42
2025-02-24,Acapulco,SF,Hard,3,Brandon Nakashima,Tomas Machac,player1,other,0.42105560725525476,2.47,0.3840399002493765,0.03701570700587825,0.040007349920479274,False,1.0,-1.0
2025-02-24,Santiago,R32,Clay,3,Francisco Comesana,Felipe Meligeni Alves,player2,other,0.6005376804435357,1.73,0.5447368421052632,0.05580083833827254,0.03893018716731678,True,1.0,0.73
2025-03-05,Indian Wells Masters,R128,Hard,4,Dusan Lajovic,Li Tu,player2,other,0.590149976303271,1.83,0.5184210526315789,0.07172892367169215,0.07997445663498604,True,1.0,0.8300000000000001
2025-03-05,Indian Wells Masters,R128,Hard,4,Jordan Thompson,Corentin Moutet,player2,other,0.5382255204920138,1.93,0.4921052631578948,0.04612025733411895,0.038775254549586524,False,1.0,-1.0
2025-03-05,Indian Wells Masters,R128,Hard,4,Alexander Bublik,Yosuke Watanuki,player1,other,0.6362486140310746,1.68,0.5647668393782384,0.07148177465283623,0.06889767157220528,False,1.0,-1.0
2025-03-05,Indian Wells Masters,R64,Hard,4,Sebastian Korda,Gael Monfils,player2,other,0.5671464622610304,2.14,0.44270833333333337,0.12443812892769701,0.21369342923860513,False,1.0,-1.0
2025-03-05,Indian Wells Masters,R64,Hard,4,Grigor Dimitrov,Nuno Borges,player1,other,0.48496336337566753,2.14,0.4412532637075718,0.04371009966809575,0.03782159762392867,True,1.0,1.1400000000000001
2025-03-05,Indian Wells Masters,R64,Hard,4,Jakub Mensik,Karen Khachanov,player2,other,0.5044110626836957,2.11,0.44908616187989553,0.0553249008038002,0.06430734226259793,False,1.0,-1.0
2025-03-05,Indian Wells Masters,R64,Hard,4,Jiri Lehecka,Cameron Norrie,player1,other,0.6643651853439816,1.57,0.6055276381909548,0.058837547153026803,0.04305334099005115,False,1.0,-1.0
2025-03-05,Indian Wells Masters,R64,Hard,4,Lorenzo Musetti,Roman Safiullin,player1,other,0.5722169513379324,1.87,0.5065963060686015,0.06562064526933087,0.07004569900193358,True,1.0,0.8700000000000001
2025-03-05,Indian Wells Masters,R64,Hard,4,Casper Ruud,Marcos Giron,player1,top_10,0.6921724991625163,1.55,0.6095717884130982,0.0826007107494181,0.07286737370190033,False,1.0,-1.0
2025-03-05,Indian Wells Masters,R64,Hard,4,Alexander Zverev,Tallon Griekspoor,player1,top_10,0.8249850175059746,1.26,0.7543859649122807,0.07059905259369392,0.039481122057528045,False,1.0,-1.0
2025-03-05,Indian Wells Masters,R32,Hard,4,Denis Shapovalov,Carlos Alcaraz,player2,top_10,0.2230031166874448,5.13,0.18441971383147854,0.03858340285596626,0.14400598860659175,False,1.0,-1.0
2025-03-05,Indian Wells Masters,R32,Hard,4,Grigor Dimitrov,Gael Monfils,player1,other,0.5823548621650413,1.92,0.49340369393139843,0.08895116823364285,0.11812133535687919,True,1.0,0.9199999999999999
2025-03-05,Indian Wells Masters,R32,Hard,4,Daniil Medvedev,Alex Michelsen,player1,top_10,0.8143327610618719,1.34,0.7086956521739131,0.10563710888795885,0.09120589982290844,True,1.0,0.3400000000000001
2025-03-05,Indian Wells Masters,R32,Hard,4,Alexei Popyrin,Marcos Giron,player2,other,0.528280700200006,2.09,0.4528795811518324,0.07540111904817354,0.10410666341801234,False,1.0,-1.0
2025-03-05,Indian Wells Masters,R32,Hard,4,Stefanos Tsitsipas,Matteo Berrettini,player2,top_10,0.5982998659604404,1.94,0.4881266490765172,0.11017321688392318,0.16070173996325432,True,1.0,0.94
2025-03-05,Indian Wells Masters,R16,Hard,4,Grigor Dimitrov,Carlos Alcaraz,player1,top_10,0.1531550672831095,6.82,0.1399747793190416,0.013180287964067894,0.04451755887080666,False,1.0,-1.0
2025-03-05,Indian Wells Masters,R16,Hard,4,Alex De Minaur,Francisco Cerundolo,player1,top_10,0.8362482375891732,1.27,0.7465069860279441,0.08974125156122914,0.06203526173825,False,1.0,-1.0
2025-03-05,Indian Wells Masters,R16,Hard,4,Brandon Nakashima,Ben Shelton,player2,other,0.4210247480648273,2.46,0.385,0.036024748064827306,0.03572088023947517,False,1.0,-1.0
2025-03-05,Indian Wells Masters,R16,Hard,4,Tommy Paul,Daniil Medvedev,player1,top_10,0.5444290082873745,2.01,0.47244094488188976,0.07198806340548475,0.09430230665762263,False,1.0,-1.0
2025-03-05,Indian Wells Masters,QF,Hard,4,Francisco Cerundolo,Carlos Alcaraz,player2,top_10,0.12045038219112603,9.06,0.10562685093780848,0.014823531253317548,0.09128046265160183,False,1.0,-1.0
2025-03-05,Indian Wells Masters,QF,Hard,4,Jack Draper,Ben Shelton,player1,other,0.7269702652983524,1.48,0.6416464891041161,0.08532377619423626,0.07591599264156157,True,1.0,0.48
2025-03-05,Indian Wells Masters,QF,Hard,4,Daniil Medvedev,Arthur Fils,player1,top_10,0.8275933606773208,1.35,0.705240174672489,0.1223531860048318,0.11725103691438316,True,1.0,0.3500000000000001
2025-03-05,Indian Wells Masters,SF,Hard,4,Holger Rune,Daniil Medvedev,player2,top_10,0.4248391245100596,2.49,0.38059701492537307,0.04424210958468655,0.05784942003004845,True,1.0,1.4900000000000002
2025-03-05,Indian Wells Masters,F,Hard,4,Holger Rune,Jack Draper,player1,other,0.47454602166162213,2.44,0.38847117794486213,0.08607484371676,0.15789229285435802,False,1.0,-1.0
2025-03-19,Miami Masters,R128,Hard,4,Fabian Marozsan,Gael Monfils,player1,other,0.42845877479977784,2.81,0.33569739952718675,0.0927613752725911,0.20396915718737585,False,1.0,-1.0
2025-03-19,Miami Masters,R64,Hard,4,David Goffin,Carlos Alcaraz,player2,top_10,0.11688111479996903,12.53,0.07595870206489676,0.04092241273507227,0.4645203684436118,True,1.0,11.53
2025-03-19,Miami Masters,R64,Hard,4,Casper Ruud,Miomir Kecmanovic,player1,top_10,0.6351422026497429,1.68,0.5636363636363637,0.07150583901337915,0.06703890045156796,True,1.0,0.6799999999999999
2025-03-19,Miami Masters,R64,Hard,4,Ugo Humbert,Joao Fonseca,player1,other,0.632642448506565,1.66,0.5710594315245477,0.06158301698201729,0.05018646452089792,False,1.0,-1.0
2025-03-19,Miami Masters,R64,Hard,4,Jack Draper,Jakub Mensik,player2,top_10,0.8175597636814195,1.28,0.7408906882591094,0.07666907542231005,0.04647649751221694,False,1.0,-1.0
2025-03-19,Miami Masters,R32,Hard,4,Alex De Minaur,Joao Fonseca,player2,other,0.6080238009381115,1.74,0.5456919060052219,0.0623318949328896,0.057961413632313996,True,1.0,0.74
2025-03-19,Miami Masters,R32,Hard,4,Coleman Wong,Adam Walton,player2,other,0.45120555543059665,2.48,0.38308457711442784,0.06812097831616881,0.11898977746787975,False,1.0,-1.0
2025-03-19,Miami Masters,R32,Hard,4,Taylor Fritz,Denis Shapovalov,player1,top_10,0.7617312469168063,1.41,0.6705607476635514,0.09117049925325482,0.07404105815269679,True,1.0,0.4099999999999999
2025-03-19,Miami Masters,R32,Hard,4,Arthur Fils,Frances Tiafoe,player2,other,0.5684348232345658,1.82,0.5197889182058046,0.048645905028761205,0.03455137828690985,True,1.0,0.8200000000000001
2025-03-19,Miami Masters,R16,Hard,4,Brandon Nakashima,Grigor Dimitrov,player1,other,0.48327731630649434,2.37,0.39999999999999997,0.08327731630649438,0.14536723964639153,False,1.0,-1.0
2025-03-19,Miami Masters,R16,Hard,4,Casper Ruud,Francisco Cerundolo,player1,top_10,0.5892471363453474,2.05,0.46194225721784776,0.12730487912749966,0.20795662950796212,False,1.0,-1.0
2025-03-19,Miami Masters,R16,Hard,4,Novak Djokovic,Lorenzo Musetti,player1,top_10,0.844668813708167,1.31,0.7230443974630022,0.12162441624516485,0.10651614595769887,True,1.0,0.31000000000000005
2025-03-19,Miami Masters,R16,Hard,4,Sebastian Korda,Gael Monfils,player2,other,0.6203334005234281,1.7,0.5572916666666667,0.06304173385676137,0.05456678088982775,True,1.0,0.7
2025-03-19,Miami Masters,R16,Hard,4,Matteo Berrettini,Alex De Minaur,player2,other,0.47919185572835127,2.31,0.4092071611253197,0.06998469460303158,0.10693318673249141,True,1.0,1.31
2025-03-19,Miami Masters,QF,Hard,4,Taylor Fritz,Matteo Berrettini,player1,top_10,0.7521951639600997,1.44,0.6571428571428571,0.09505230681724253,0.0831610361025435,True,1.0,0.43999999999999995
2025-03-19,Miami Masters,SF,Hard,4,Novak Djokovic,Grigor Dimitrov,player1,top_10,0.8467624765376808,1.25,0.7609942638623327,0.08576821267534807,0.05845309567210097,True,1.0,0.25
2025-03-19,Miami Masters,F,Hard,4,Jakub Mensik,Novak Djokovic,player1,top_10,0.308684896596612,4.01,0.23619047619047617,0.07249442040613585,0.2378264353524141,True,1.0,3.01
2025-03-31,Marrakech,R32,Clay,3,Elliot Benchetrit,Jesper De Jong,player1,other,0.17944073604758795,8.95,0.10589410589410592,0.07354663015348203,0.605994587625912,False,1.0,-1.0
2025-03-31,Houston,R32,Clay,3,Yannick Hanfmann,Adrian Mannarino,player2,other,0.7047000517834366,1.48,0.6407766990291263,0.06392335275431038,0.042956076639486196,False,1.0,-1.0
2025-03-31,Houston,R16,Clay,3,Alejandro Tabilo,Jenson Brooksby,player2,other,0.6225879907007847,1.72,0.5485564304461943,0.07403156025459046,0.07085134400534976,False,1.0,-1.0
2025-03-31,Houston,SF,Clay,3,Brandon Nakashima,Frances Tiafoe,player2,other,0.5061991939685578,2.05,0.4647519582245431,0.04144723574401471,0.03770834763554343,False,1.0,-1.0
2025-03-31,Houston,F,Clay,3,Frances Tiafoe,Jenson Brooksby,player1,other,0.7002294664202422,1.48,0.6416464891041161,0.05858297731612605,0.036339610301958425,False,1.0,-1.0
2025-03-31,Bucharest,R16,Clay,3,Gabriel Diallo,Sebastian Baez,player2,other,0.32300839853161006,3.25,0.2903930131004367,0.03261538543117337,0.049777295227732776,False,1.0,-1.0
2025-03-31,Bucharest,F,Clay,3,Flavio Cobolli,Sebastian Baez,player2,other,0.4212117982437502,2.47,0.3840399002493765,0.037171897994373704,0.04039314166206309,True,1.0,1.4700000000000002
2025-04-07,Monte Carlo Masters,R64,Clay,4,Fabio Fognini,Francisco Cerundolo,player2,other,0.16620168071904154,6.24,0.15217391304347827,0.014027767675563269,0.037098487686819226,False,1.0,-1.0
2025-04-07,Monte Carlo Masters,R64,Clay,4,Felix Auger Aliassime,Daniel Altmaier,player1,other,0.721536995961054,1.44,0.6571428571428571,0.06439413881819689,0.03901327418391776,False,1.0,-1.0
2025-04-07,Monte Carlo Masters,R64,Clay,4,Flavio Cobolli,Dusan Lajovic,player1,other,0.5840948857038352,1.86,0.5118110236220472,0.07228386208178794,0.08641648740913344,True,1.0,0.8600000000000001
2025-04-07,Monte Carlo Masters,R64,Clay,4,Nicolas Jarry,Grigor Dimitrov,player2,other,0.31768894062572733,3.28,0.2915766738660907,0.026112266759636626,0.04201972525238551,False,1.0,-1.0
2025-04-07,Monte Carlo Masters,R32,Clay,4,Carlos Alcaraz,Francisco Cerundolo,player2,top_10,0.8120076412344597,1.36,0.6964285714285715,0.11557906980588817,0.10433039207886524,True,1.0,0.3600000000000001
2025-04-07,Monte Carlo Masters,R32,Clay,4,Gael Monfils,Andrey Rublev,player2,top_10,0.44353049675252804,2.59,0.3682926829268293,0.07523781382569872,0.14874398658904753,False,1.0,-1.0
2025-04-07,Monte Carlo Masters,R32,Clay,4,Jack Draper,Marcos Giron,player2,top_10,0.816140391087759,1.29,0.7425149700598803,0.07362542102787872,0.052821104503209204,True,1.0,0.29000000000000004
2025-04-07,Monte Carlo Masters,R32,Clay,4,Tomas Machac,Alex De Minaur,player1,top_10,0.5158174892388908,2.16,0.441860465116279,0.07395702412261179,0.11416577675600426,False,1.0,-1.0
2025-04-07,Monte Carlo Masters,R32,Clay,4,Daniil Medvedev,Alexandre Muller,player1,other,0.6795557266796911,1.52,0.6246913580246914,0.05486436865499966,0.03292470455313051,True,1.0,0.52
2025-04-07,Monte Carlo Masters,R32,Clay,4,Alexander Zverev,Matteo Berrettini,player1,top_10,0.6805202675595393,1.56,0.6080402010050251,0.07248006655451422,0.061611617392881346,False,1.0,-1.0
2025-04-07,Monte Carlo Masters,R16,Clay,4,Alejandro Davidovich Fokina,Jack Draper,player2,top_10,0.4922609601135293,2.71,0.35167464114832536,0.14058631896520396,0.33402720190766444,True,1.0,1.71
2025-04-07,Monte Carlo Masters,R16,Clay,4,Daniil Medvedev,Alex De Minaur,player1,top_10,0.5668044468650318,2.2,0.43005181347150256,0.13675263339352928,0.24696978310307016,False,1.0,-1.0
2025-04-07,Monte Carlo Masters,R16,Clay,4,Lorenzo Musetti,Matteo Berrettini,player1,other,0.49299161974423217,2.1,0.4516971279373368,0.04129449180689537,0.035282401462887525,True,1.0,1.1
2025-04-07,Monte Carlo Masters,QF,Clay,4,Carlos Alcaraz,Arthur Fils,player1,top_10,0.7662244807778015,1.36,0.6997792494481236,0.06644523132967783,0.042065293857810104,True,1.0,0.3600000000000001
2025-04-07,Monte Carlo Masters,SF,Clay,4,Carlos Alcaraz,Alejandro Davidovich Fokina,player2,top_10,0.8675259492816819,1.22,0.7809694793536804,0.08655646992800148,0.058381658123651925,True,1.0,0.21999999999999997
2025-04-07,Monte Carlo Masters,SF,Clay,4,Lorenzo Musetti,Alex De Minaur,player1,top_10,0.528283914197562,2.15,0.4430051813471503,0.08527873285041176,0.13581041552475837,True,1.0,1.15
2025-04-14,Munich,R32,Clay,3,Ben Shelton,Borna Gojo,player2,other,0.7270037211000863,1.47,0.6466346153846154,0.08036910571547085,0.06869547001712678,True,1.0,0.47
2025-04-14,Munich,R32,Clay,3,Felix Auger Aliassime,Mariano Navone,player2,other,0.6126002385871702,1.7,0.5595854922279793,0.0530147463591909,0.04142040559818927,False,1.0,-1.0
2025-04-14,Munich,R32,Clay,3,Learner Tien,Tallon Griekspoor,player2,other,0.33015743129796243,3.18,0.29955947136563876,0.03059795993232367,0.04990063152752067,False,1.0,-1.0
2025-04-14,Munich,R16,Clay,3,Alexander Shevchenko,Francisco Cerundolo,player1,other,0.14728305229106117,7.3,0.1299165673420739,0.017366484948987265,0.0751662817247466,False,1.0,-1.0
2025-04-14,Munich,QF,Clay,3,Ben Shelton,Luciano Darderi,player1,other,0.4705859325126614,2.21,0.43041237113402064,0.040173561378640754,0.03999491085298157,True,1.0,1.21
2025-04-14,Munich,QF,Clay,3,Alexander Zverev,Tallon Griekspoor,player1,top_10,0.8503024940947314,1.27,0.7485148514851484,0.10178764260958295,0.07988416750030883,True,1.0,0.27
2025-04-14,Munich,SF,Clay,3,Alexander Zverev,Fabian Marozsan,player2,top_10,0.8554155569681002,1.22,0.783303730017762,0.07211182695033824,0.04360697950108225,True,1.0,0.21999999999999997
2025-04-14,Barcelona,R32,Clay,3,Reilly Opelka,Stefanos Tsitsipas,player2,other,0.1874946506236459,6.15,0.15405777166437415,0.03343687895927175,0.15309210133542228,False,1.0,-1.0
2025-04-14,Barcelona,R16,Clay,3,Casper Ruud,Hamad Medjedovic,player2,top_10,0.7906616122968515,1.37,0.6941964285714286,0.0964651837254229,0.08320640884668662,True,1.0,0.3700000000000001
2025-04-14,Barcelona,R16,Clay,3,Alejandro Davidovich Fokina,Andrey Rublev,player1,top_10,0.5344181784659131,1.99,0.47769028871391084,0.05672788975200227,0.0634921751471671,True,1.0,0.99
2025-04-14,Barcelona,R16,Clay,3,Laslo Djere,Carlos Alcaraz,player2,top_10,0.14370663201182385,8.02,0.1186813186813187,0.025025313330505145,0.15252718873482718,False,1.0,-1.0
2025-04-14,Barcelona,QF,Clay,3,Carlos Alcaraz,Alex De Minaur,player1,top_10,0.8509876872752956,1.22,0.7805755395683452,0.07041214770695037,0.03820497847586063,True,1.0,0.21999999999999997
2025-04-14,Barcelona,SF,Clay,3,Carlos Alcaraz,Arthur Fils,player2,top_10,0.8110617087464012,1.32,0.7203389830508474,0.09072272569555373,0.0706014555452496,True,1.0,0.32000000000000006
2025-04-23,Madrid Masters,R128,Clay,4,Learner Tien,Marcos Giron,player1,other,0.5009410882101397,2.08,0.4583333333333333,0.0426077548768064,0.04195746347709062,False,1.0,-1.0
2025-04-23,Madrid Masters,R128,Clay,4,Gael Monfils,Borna Gojo,player1,other,0.6618609265512598,1.61,0.5934343434343434,0.0684265831169164,0.0655960917475284,True,1.0,0.6100000000000001
2025-04-23,Madrid Masters,R64,Clay,4,Gabriel Diallo,Kamil Majchrzak,player1,other,0.5179933197836898,2.0,0.47780678851174935,0.04018653127194044,0.035986639567379575,True,1.0,1.0
2025-04-23,Madrid Masters,R64,Clay,4,Novak Djokovic,Matteo Arnaldi,player2,top_10,0.8201908921757033,1.3,0.7336065573770492,0.08658433479865413,0.06624815982841431,False,1.0,-1.0
2025-04-23,Madrid Masters,R64,Clay,4,Holger Rune,Flavio Cobolli,player1,top_10,0.7679043741042837,1.39,0.6883408071748879,0.07956356692939581,0.06738708000495425,False,1.0,-1.0
2025-04-23,Madrid Masters,R64,Clay,4,Harold Mayot,Francisco Cerundolo,player2,other,0.14754985959501507,7.05,0.13496932515337423,0.01258053444164084,0.04022651014485623,False,1.0,-1.0
2025-04-23,Madrid Masters,R32,Clay,4,Karen Khachanov,Tommy Paul,player2,other,0.550899153556343,2.18,0.4366925064599483,0.11420664709639472,0.2009601547528278,False,1.0,-1.0
2025-04-23,Madrid Masters,R32,Clay,4,Matteo Berrettini,Jack Draper,player2,top_10,0.4245173649672143,2.44,0.39,0.034517364967214303,0.03582237052000281,False,1.0,-1.0
2025-04-23,Madrid Masters,R32,Clay,4,Daniil Medvedev,Juan Manuel Cerundolo,player2,top_10,0.826471860526556,1.33,0.7158119658119658,0.11065989471459015,0.09920757450031947,True,1.0,0.33000000000000007
2025-04-23,Madrid Masters,R32,Clay,4,Sebastian Korda,Casper Ruud,player1,other,0.3613304712413729,3.0,0.3181818181818181,0.04314865305955479,0.08399141372411878,False,1.0,-1.0
2025-04-23,Madrid Masters,R32,Clay,4,Andrey Rublev,Alexander Bublik,player2,top_10,0.8090533888269597,1.29,0.7425149700598803,0.06653841876707933,0.04367887158677797,False,1.0,-1.0
2025-04-23,Madrid Masters,R32,Clay,4,Alexander Zverev,Alejandro Davidovich Fokina,player1,top_10,0.8275859600221431,1.33,0.7158119658119658,0.11177399421017731,0.10068932682945042,True,1.0,0.33000000000000007
2025-04-23,Madrid Masters,R16,Clay,4,Gabriel Diallo,Grigor Dimitrov,player2,other,0.3231361231555628,3.19,0.29890109890109895,0.024235024254463833,0.03080423286624523,True,1.0,2.19
2025-04-23,Madrid Masters,R16,Clay,4,Lorenzo Musetti,Alex De Minaur,player1,top_10,0.5057735505326443,2.22,0.42930591259640094,0.07646763793624334,0.12281728218247034,True,1.0,1.2200000000000002
2025-04-23,Madrid Masters,R16,Clay,4,Tommy Paul,Jack Draper,player2,top_10,0.4309913890616328,2.49,0.38213399503722084,0.04885739402441197,0.07316855876346584,False,1.0,-1.0
2025-04-23,Madrid Masters,R16,Clay,4,Daniil Medvedev,Brandon Nakashima,player2,top_10,0.8024882583974264,1.36,0.6991150442477876,0.10337321414963885,0.09138403142050006,True,1.0,0.3600000000000001
2025-04-23,Madrid Masters,R16,Clay,4,Taylor Fritz,Casper Ruud,player1,top_10,0.4929502628110533,2.18,0.43814432989690716,0.05480593291414615,0.0746315729280963,False,1.0,-1.0
2025-04-23,Madrid Masters,R16,Clay,4,Alexander Zverev,Francisco Cerundolo,player2,top_10,0.834316237618971,1.5,0.6376811594202898,0.1966350781986812,0.2514743564284565,False,1.0,-1.0
2025-04-23,Madrid Masters,QF,Clay,4,Matteo Arnaldi,Jack Draper,player2,top_10,0.4422430834270548,3.71,0.2565130260521042,0.18573005737495063,0.6407218395143732,False,1.0,-1.0
2025-04-23,Madrid Masters,SF,Clay,4,Lorenzo Musetti,Jack Draper,player2,top_10,0.5484622922972708,2.49,0.38213399503722084,0.16632829726005,0.3656711078202045,False,1.0,-1.0
2025-05-07,Rome Masters,R128,Clay,4,Miomir Kecmanovic,Tallon Griekspoor,player1,other,0.4410189538521399,2.34,0.40609137055837563,0.034927583293764275,0.03198435201400729,False,1.0,-1.0
2025-05-07,Rome Masters,R128,Clay,4,Reilly Opelka,Learner Tien,player2,other,0.5570557518090112,1.91,0.5,0.057055751809011235,0.06397648595521144,False,1.0,-1.0
2025-05-07,Rome Masters,R64,Clay,4,Alexei Popyrin,Carlos Taberner,player1,other,0.7082018801334281,1.48,0.6442307692307693,0.06397111090265883,0.04813878259747356,True,1.0,0.48
2025-05-07,Rome Masters,R64,Clay,4,Dusan Lajovic,Carlos Alcaraz,player1,top_10,0.0954668708490114,11.32,0.0848827809215845,0.010584089927426904,0.0806849780108091,False,1.0,-1.0
2025-05-07,Rome Masters,R64,Clay,4,Luca Nardi,Alex De Minaur,player1,top_10,0.14067627812847283,7.41,0.12925969447708577,0.011416583651387063,0.042411220931983684,False,1.0,-1.0
2025-05-07,Rome Masters,R64,Clay,4,Learner Tien,Tomas Machac,player2,other,0.30479923042835294,3.55,0.26954732510288065,0.03525190532547229,0.08203726802065281,False,1.0,-1.0
2025-05-07,Rome Masters,R64,Clay,4,Ben Shelton,Jaume Munar,player1,other,0.6353792936980079,1.73,0.5483028720626633,0.08707642163534468,0.09920617809755372,False,1.0,-1.0
2025-05-07,Rome Masters,R32,Clay,4,Stefanos Tsitsipas,Arthur Fils,player2,other,0.500266338164712,2.16,0.4404145077720207,0.05985183039269132,0.08057529043577794,False,1.0,-1.0
2025-05-07,Rome Masters,R32,Clay,4,Alexei Popyrin,Daniil Medvedev,player2,other,0.40415568755664016,3.09,0.30872483221476504,0.09543085534187512,0.24884107455001803,False,1.0,-1.0
2025-05-07,Rome Masters,R32,Clay,4,Laslo Djere,Carlos Alcaraz,player2,top_10,0.15246107599916617,8.18,0.1166306695464363,0.03583040645272986,0.24713160167317916,False,1.0,-1.0
2025-05-07,Rome Masters,R32,Clay,4,Hugo Dellien,Alex De Minaur,player1,top_10,0.09912057460964556,11.6,0.08227848101265824,0.016842093596987323,0.14979866547188836,False,1.0,-1.0
2025-05-07,Rome Masters,R32,Clay,4,Tomas Machac,Tommy Paul,player1,other,0.48398673005873155,2.21,0.43041237113402064,0.05357435892471091,0.06961067342979665,False,1.0,-1.0
2025-05-07,Rome Masters,R32,Clay,4,Casper Ruud,Matteo Berrettini,player1,top_10,0.6964783909217885,1.6,0.5949367088607596,0.10154168206102898,0.11436542547486173,True,1.0,0.6000000000000001
2025-05-07,Rome Masters,R32,Clay,4,Sebastian Korda,Jaume Munar,player1,other,0.6173259285880826,1.72,0.5544041450777203,0.06292178351036226,0.06180059717150199,False,1.0,-1.0
2025-05-07,Rome Masters,R32,Clay,4,Jesper De Jong,Jannik Sinner,player1,top_10,0.10083840006585239,11.94,0.08012326656394454,0.020715133501907845,0.20401049678627747,False,1.0,-1.0
2025-05-07,Rome Masters,R16,Clay,4,Corentin Moutet,Jack Draper,player2,top_10,0.15756408959462334,6.94,0.13788819875776398,0.01967589083685936,0.09349478178668602,False,1.0,-1.0
2025-05-07,Rome Masters,R16,Clay,4,Alex De Minaur,Tommy Paul,player1,top_10,0.6885339779152009,1.5,0.635036496350365,0.053497481564835914,0.03280096687280132,False,1.0,-1.0
2025-05-07,Rome Masters,R16,Clay,4,Jannik Sinner,Francisco Cerundolo,player2,top_10,0.8197970666925573,1.26,0.7514792899408285,0.06831777675172879,0.032944304032622135,True,1.0,0.26
2025-05-07,Rome Masters,QF,Clay,4,Carlos Alcaraz,Jack Draper,player2,top_10,0.8105992760347096,1.35,0.709051724137931,0.10154755189677855,0.09430902264685803,True,1.0,0.3500000000000001
2025-05-07,Rome Masters,QF,Clay,4,Hubert Hurkacz,Tommy Paul,player2,other,0.40518791897629886,3.02,0.3167420814479638,0.08844583752833507,0.22366751530842255,False,1.0,-1.0
2025-05-07,Rome Masters,QF,Clay,4,Casper Ruud,Jannik Sinner,player1,top_10,0.28454631124297497,3.9,0.2456479690522244,0.03889834219075056,0.1097306138476023,False,1.0,-1.0
2025-05-07,Rome Masters,SF,Clay,4,Carlos Alcaraz,Lorenzo Musetti,player1,top_10,0.7799950738373469,1.34,0.7130620985010707,0.06693297533627618,0.04519339894204488,True,1.0,0.3400000000000001
2025-05-07,Rome Masters,SF,Clay,4,Tommy Paul,Jannik Sinner,player2,top_10,0.1497505159547288,8.05,0.11925601750547046,0.030494498449258334,0.20549165343556686,False,1.0,-1.0
2025-05-07,Rome Masters,F,Clay,4,Carlos Alcaraz,Jannik Sinner,player1,top_10,0.48663962788990117,2.3,0.41475826972010177,0.0718813581697994,0.11927114414677265,True,1.0,1.2999999999999998
2025-05-18,Geneva,R32,Clay,3,Learner Tien,Kei Nishikori,player2,other,0.5190778470596508,2.03,0.4671916010498688,0.05188624600978198,0.053728029531090904,False,1.0,-1.0
2025-05-18,Geneva,SF,Clay,3,Cameron Norrie,Novak Djokovic,player2,top_10,0.2214585759225872,4.95,0.1924959216965742,0.02896265422601299,0.09621995081680668,False,1.0,-1.0
2025-05-18,Hamburg,R32,Clay,3,Aleksandar Kovacevic,Alexander Zverev,player2,top_10,0.0944633038584982,12.06,0.07938931297709924,0.015073990881398963,0.13922744453348834,False,1.0,-1.0
2025-05-26,Roland Garros,R128,Clay,5,Jordan Thompson,Jiri Lehecka,player2,other,0.20408337195450588,5.68,0.1683748169838946,0.03570855497061129,0.1591935527015933,False,1.0,-1.0
2025-05-26,Roland Garros,R128,Clay,5,Aleksandar Vukic,Karen Khachanov,player1,other,0.1446089318410161,7.89,0.12138084632516705,0.02322808551584904,0.14096447222561692,False,1.0,-1.0
2025-05-26,Roland Garros,R128,Clay,5,Sebastian Korda,Luciano Darderi,player1,other,0.547348147900305,1.92,0.49869451697127937,0.04865363092902558,0.050908443968585515,True,1.0,0.9199999999999999
2025-05-26,Roland Garros,R128,Clay,5,Gabriel Diallo,Francisco Cerundolo,player2,other,0.17971440762093796,7.01,0.1366995073891626,0.04301490023177537,0.259797997422775,True,1.0,6.01
2025-05-26,Roland Garros,R128,Clay,5,Lloyd Harris,Andrey Rublev,player2,other,0.1478067360132723,9.17,0.1044921875,0.043314548513272294,0.355387769241707,False,1.0,-1.0
2025-05-26,Roland Garros,R128,Clay,5,Albert Ramos,Casper Ruud,player2,top_10,0.09978723986259214,14.0,0.06852960745176313,0.031257632410829,0.3970213580762898,False,1.0,-1.0
2025-05-26,Roland Garros,R128,Clay,5,Mackenzie Mcdonald,Novak Djokovic,player2,top_10,0.09316055414054834,18.03,0.05304621848739496,0.040114335653153387,0.6796847911540868,False,1.0,-1.0
2025-05-26,Roland Garros,R128,Clay,5,Mattia Bellucci,Jack Draper,player1,top_10,0.10360465862632884,16.9,0.05691964285714286,0.046685015769185975,0.7509187307849572,False,1.0,-1.0
2025-05-26,Roland Garros,R128,Clay,5,Taylor Fritz,Daniel Altmaier,player2,top_10,0.8054695061715181,1.28,0.7434869739478958,0.06198253222362238,0.031000967899543236,False,1.0,-1.0
2025-05-26,Roland Garros,R128,Clay,5,Learner Tien,Alexander Zverev,player1,top_10,0.11505527257590668,14.03,0.06839309428950864,0.04666217828639804,0.6142254742399706,False,1.0,-1.0
2025-05-26,Roland Garros,R128,Clay,5,Giulio Zeppieri,Carlos Alcaraz,player1,top_10,0.08267151644377276,30.06,0.03250724171226264,0.05016427473151012,1.4851057842998088,False,1.0,-1.0
2025-05-26,Roland Garros,R128,Clay,5,Arthur Rinderknech,Jannik Sinner,player2,top_10,0.0996008850240183,24.75,0.039208074534161495,0.060392810489856806,1.465121904344453,False,1.0,-1.0
2025-05-26,Roland Garros,R64,Clay,5,Gabriel Diallo,Tallon Griekspoor,player1,other,0.444831571091622,2.43,0.39249999999999996,0.052331571091622064,0.08094071775264156,False,1.0,-1.0
2025-05-26,Roland Garros,R64,Clay,5,Jiri Lehecka,Alejandro Davidovich Fokina,player2,other,0.5226528279810593,2.07,0.4623376623376624,0.060315165643396895,0.08189135392079261,True,1.0,1.0699999999999998
2025-05-26,Roland Garros,R64,Clay,5,Adam Walton,Andrey Rublev,player2,other,0.15613636455940808,14.58,0.06598334401024984,0.09015302054915823,1.2764681952761698,False,1.0,-1.0
2025-05-26,Roland Garros,R64,Clay,5,Alexander Bublik,Alex De Minaur,player2,top_10,0.1383171700260095,7.77,0.12302483069977428,0.015292339326235208,0.07472441110209371,True,1.0,6.77
2025-05-26,Roland Garros,R64,Clay,5,Daniel Elahi Galan,Lorenzo Musetti,player2,top_10,0.09570882765478456,15.65,0.061187762447510494,0.03452106520727406,0.49784315279737834,False,1.0,-1.0
2025-05-26,Roland Garros,R64,Clay,5,Jesper De Jong,Alexander Zverev,player2,top_10,0.09436486033428197,13.32,0.07177700348432056,0.02258785684996141,0.25693993965263595,False,1.0,-1.0
2025-05-26,Roland Garros,R64,Clay,5,Fabian Marozsan,Carlos Alcaraz,player2,top_10,0.10058098434247394,15.56,0.061519903498190594,0.03906108084428334,0.5650401163688946,False,1.0,-1.0
2025-05-26,Roland Garros,R64,Clay,5,Richard Gasquet,Jannik Sinner,player2,top_10,0.1050375587418783,23.89,0.04056224899598393,0.06447530974589437,1.5093472783434727,False,1.0,-1.0
2025-05-26,Roland Garros,R32,Clay,5,Sebastian Korda,Frances Tiafoe,player1,other,0.5699564748562564,1.84,0.518324607329843,0.051631867526413466,0.04871991373551193,False,1.0,-1.0
2025-05-26,Roland Garros,R32,Clay,5,Arthur Fils,Andrey Rublev,player1,other,0.48717866783748165,2.34,0.40759493670886077,0.07958373112862088,0.13999808273970704,False,1.0,-1.0
2025-05-26,Roland Garros,R32,Clay,5,Filip Misolic,Novak Djokovic,player1,top_10,0.10987296407323928,10.1,0.09498207885304662,0.014890885220192662,0.10971693713971675,False,1.0,-1.0
2025-05-26,Roland Garros,R32,Clay,5,Jack Draper,Joao Fonseca,player2,top_10,0.7142169101114431,1.46,0.6540284360189573,0.06018847409248573,0.04275668876270683,True,1.0,0.45999999999999996
2025-05-26,Roland Garros,R32,Clay,5,Damir Dzumhur,Carlos Alcaraz,player2,top_10,0.09486108170045103,33.42,0.029334882370026145,0.06552619933042489,2.1702573504290736,False,1.0,-1.0
2025-05-26,Roland Garros,R16,Clay,5,Alexei Popyrin,Tommy Paul,player2,other,0.47595278724267187,2.39,0.399497487437186,0.07645529980548588,0.13752716150998578,False,1.0,-1.0
2025-05-26,Roland Garros,R16,Clay,5,Cameron Norrie,Novak Djokovic,player1,top_10,0.15872465763251611,8.71,0.11031664964249234,0.048408007990023774,0.38249176797921547,False,1.0,-1.0
2025-05-26,Roland Garros,R16,Clay,5,Alexander Bublik,Jack Draper,player2,top_10,0.1301589417961273,8.56,0.11203319502074689,0.01812574677538041,0.1141605417748498,True,1.0,7.5600000000000005
2025-05-26,Roland Garros,R16,Clay,5,Ben Shelton,Carlos Alcaraz,player2,top_10,0.11168616452427187,11.11,0.08559670781893004,0.026089456705341824,0.2408332878646603,False,1.0,-1.0
2025-05-26,Roland Garros,R16,Clay,5,Andrey Rublev,Jannik Sinner,player1,top_10,0.11185762989899332,10.7,0.08936170212765959,0.022495927771333732,0.19687663991922855,False,1.0,-1.0
2025-05-26,Roland Garros,QF,Clay,5,Lorenzo Musetti,Frances Tiafoe,player2,top_10,0.8506651482458483,1.22,0.783303730017762,0.06736141822808628,0.037811480859934854,True,1.0,0.21999999999999997
2025-05-26,Roland Garros,QF,Clay,5,Alexander Bublik,Jannik Sinner,player2,top_10,0.10686401132250804,14.36,0.06631989596879065,0.040544115353717394,0.5345672025912155,False,1.0,-1.0
2025-05-26,Roland Garros,SF,Clay,5,Novak Djokovic,Jannik Sinner,player2,top_10,0.32402387739312394,4.03,0.23674242424242423,0.08728145315069971,0.3058162258942895,False,1.0,-1.0
2025-05-26,Roland Garros,F,Clay,5,Carlos Alcaraz,Jannik Sinner,player1,top_10,0.5712899409208673,1.85,0.513157894736842,0.05813204618402523,0.05688639070360452,True,1.0,0.8500000000000001
2025-06-09,Stuttgart,R32,Grass,3,Alex Michelsen,Gael Monfils,player2,other,0.5815024054676711,1.79,0.5289473684210526,0.05255503704661846,0.040889305787131236,True,1.0,0.79
2025-06-09,Stuttgart,R16,Grass,3,Quentin Halys,Taylor Fritz,player1,top_10,0.3497187727407685,3.04,0.31221719457013575,0.037501578170632766,0.06314506913193618,False,1.0,-1.0
2025-06-09,Stuttgart,QF,Grass,3,Taylor Fritz,Marton Fucsovics,player1,top_10,0.7515298584960445,1.38,0.6856492027334853,0.06588065576255919,0.037111204724541325,True,1.0,0.3799999999999999
2025-06-09,Stuttgart,SF,Grass,3,Alexander Zverev,Ben Shelton,player2,top_10,0.6639450739862013,1.56,0.606060606060606,0.05788446792559532,0.035754315418474014,True,1.0,0.56
2025-06-09,Stuttgart,F,Grass,3,Taylor Fritz,Alexander Zverev,player2,top_10,0.4888802971587444,2.24,0.4226804123711341,0.06619988478761035,0.09509186563558769,True,1.0,1.2400000000000002
2025-06-09,s Hertogenbosch,R32,Grass,3,Jesper De Jong,Reilly Opelka,player2,other,0.4884607827699412,2.18,0.4352331606217616,0.05322762214817961,0.06484450643847195,False,1.0,-1.0
2025-06-09,s Hertogenbosch,R16,Grass,3,Gabriel Diallo,Jordan Thompson,player2,other,0.44705248905730494,2.47,0.3840399002493765,0.06301258880792843,0.10421964797154326,True,1.0,1.4700000000000002
2025-06-09,s Hertogenbosch,SF,Grass,3,Zizou Bergs,Reilly Opelka,player2,other,0.4705596974356092,2.22,0.4263565891472868,0.04420310828832241,0.04464252830705251,True,1.0,1.2200000000000002
2025-06-16,Queen's Club,R32,Grass,3,Jenson Brooksby,Jack Draper,player2,top_10,0.150252838497537,8.59,0.11076604554865424,0.03948679294888277,0.2906718826938428,False,1.0,-1.0
2025-06-16,Queen's Club,R32,Grass,3,Camilo Ugo Carabelli,Reilly Opelka,player2,other,0.23019301445177362,5.04,0.18840579710144925,0.04178721735032437,0.16017279283693908,False,1.0,-1.0
2025-06-16,Queen's Club,R32,Grass,3,Adam Walton,Carlos Alcaraz,player1,top_10,0.10422258388555765,17.3,0.05567685589519651,0.04854572799036114,0.8030507012201474,False,1.0,-1.0
2025-06-16,Queen's Club,R16,Grass,3,Alexei Popyrin,Jack Draper,player2,top_10,0.22939451399806673,5.55,0.1704035874439462,0.058990926554120526,0.27313955268927026,False,1.0,-1.0
2025-06-16,Queen's Club,R16,Grass,3,Brandon Nakashima,Daniel Evans,player1,other,0.7461253622265533,1.4,0.6788990825688074,0.06722627965774597,0.04457550711717462,True,1.0,0.3999999999999999
2025-06-16,Queen's Club,R16,Grass,3,Gabriel Diallo,Jiri Lehecka,player1,other,0.43060247038017446,2.42,0.3919597989949749,0.038642671385199556,0.04205797832002223,False,1.0,-1.0
2025-06-16,Queen's Club,R16,Grass,3,Jakub Mensik,Roberto Bautista Agut,player2,other,0.7230235882866841,1.48,0.6407766990291263,0.08224688925755785,0.0700749106642925,False,1.0,-1.0
2025-06-16,Queen's Club,R16,Grass,3,Jaume Munar,Carlos Alcaraz,player2,top_10,0.10039447689705754,15.2,0.06346272335181762,0.03693175354523992,0.5259960488352744,False,1.0,-1.0
2025-06-16,Queen's Club,QF,Grass,3,Brandon Nakashima,Jack Draper,player2,top_10,0.29617142983058836,4.54,0.20905923344947733,0.08711219638111103,0.3446182914308713,False,1.0,-1.0
2025-06-16,Queen's Club,SF,Grass,3,Jiri Lehecka,Jack Draper,player2,top_10,0.40776153262219794,2.69,0.35336538461538464,0.054396148006813305,0.09687852275371245,True,1.0,1.69
2025-06-16,Queen's Club,F,Grass,3,Carlos Alcaraz,Jiri Lehecka,player2,top_10,0.8516727689233878,1.23,0.7743119266055046,0.0773608423178832,0.047557505775767034,True,1.0,0.22999999999999998
2025-06-16,Halle,R32,Grass,3,Lorenzo Sonego,Jan Lennard Struff,player1,other,0.49992895397674375,2.1,0.4516971279373368,0.048231826039406955,0.049850803351161876,True,1.0,1.1
2025-06-16,Halle,R32,Grass,3,Yannick Hanfmann,Jannik Sinner,player2,top_10,0.11447538286526367,18.37,0.05211558307533539,0.062359799789928276,1.1029127832348937,False,1.0,-1.0
2025-06-16,Halle,SF,Grass,3,Daniil Medvedev,Alexander Zverev,player1,top_10,0.6049689202951685,2.13,0.44386422976501305,0.16110469053015541,0.2885838002287088,True,1.0,1.13
2025-06-16,Halle,SF,Grass,3,Karen Khachanov,Alexander Bublik,player1,other,0.4442772248345322,2.36,0.401015228426396,0.043261996408136216,0.04849425060949586,False,1.0,-1.0
2025-06-22,Mallorca,R16,Grass,3,Bernard Tomic,Roberto Bautista Agut,player2,other,0.24096828251395616,4.3,0.21960072595281305,0.021367556561143114,0.03616361481001151,False,1.0,-1.0
2025-06-22,Mallorca,R16,Grass,3,Learner Tien,Ben Shelton,player2,top_10,0.3317965486611678,3.78,0.25148514851485154,0.08031140014631627,0.2541909539392143,True,1.0,2.78
2025-06-23,Eastbourne,R32,Grass,3,Luciano Darderi,Marcos Giron,player2,other,0.43534541022142115,2.39,0.3949367088607595,0.04040870136066166,0.040475530429196604,False,1.0,-1.0
2025-06-23,Eastbourne,R16,Grass,3,Alejandro Davidovich Fokina,James Duckworth,player1,other,0.72828007366605,1.43,0.6627358490566039,0.06554422460944609,0.04144050534245142,True,1.0,0.42999999999999994
2025-06-23,Eastbourne,QF,Grass,3,Jenson Brooksby,Daniel Evans,player2,other,0.6020382767910796,1.79,0.5289473684210526,0.07309090837002696,0.07764851545603246,True,1.0,0.79
2025-06-30,Wimbledon,R128,Grass,5,Luca Nardi,Jannik Sinner,player1,top_10,0.10552916938033947,22.92,0.042206435436690344,0.06332273394364912,1.418728562197381,False,1.0,-1.0
2025-06-30,Wimbledon,R128,Grass,5,Chun Hsin Tseng,Aleksandar Vukic,player2,other,0.2868433096912719,4.01,0.23619047619047617,0.050652833500795746,0.15024167186200033,False,1.0,-1.0
2025-06-30,Wimbledon,R128,Grass,5,Mariano Navone,Denis Shapovalov,player2,other,0.20607238584990262,5.96,0.15937940761636105,0.04669297823354157,0.22819141966541967,True,1.0,4.96
2025-06-30,Wimbledon,R128,Grass,5,Hamad Medjedovic,Sebastian Ofner,player1,other,0.6857168774839618,1.53,0.6212871287128713,0.06442974877109053,0.0491468225504616,False,1.0,-1.0
2025-06-30,Wimbledon,R128,Grass,5,Sebastian Baez,Jack Draper,player1,top_10,0.10545678619943684,20.67,0.04658671586715867,0.05887007033227817,1.1797917707423595,False,1.0,-1.0
2025-06-30,Wimbledon,R128,Grass,5,Camilo Ugo Carabelli,Marcos Giron,player1,other,0.160076386596713,9.73,0.09823911028730306,0.06183727630940994,0.5575432415860175,False,1.0,-1.0
2025-06-30,Wimbledon,R128,Grass,5,Hugo Gaston,Jakub Mensik,player1,other,0.17023666630152978,8.63,0.11030927835051545,0.059927387951014335,0.46914243018220225,False,1.0,-1.0
2025-06-30,Wimbledon,R128,Grass,5,Roberto Carballes Baena,Alex De Minaur,player1,other,0.13401473809289743,19.92,0.0482560917343526,0.08575864635854483,1.6695735828105174,False,1.0,-1.0
2025-06-30,Wimbledon,R128,Grass,5,Arthur Cazaux,Adam Walton,player2,other,0.6845267574299756,1.51,0.6271604938271605,0.05736626360281505,0.03363540371926316,True,1.0,0.51
2025-06-30,Wimbledon,R128,Grass,5,Alexandre Muller,Novak Djokovic,player2,top_10,0.09322443178134841,18.3,0.052795031055900624,0.04042940072544779,0.706007101598676,False,1.0,-1.0
2025-06-30,Wimbledon,R128,Grass,5,Matteo Arnaldi,Botic Van De Zandschulp,player1,other,0.6390238221868972,1.66,0.5721649484536083,0.06685887373328891,0.06077954483024939,False,1.0,-1.0
2025-06-30,Wimbledon,R128,Grass,5,Benjamin Bonzi,Daniil Medvedev,player1,top_10,0.12893998665505266,8.56,0.11111111111111112,0.01782887554394154,0.10372628576725085,True,1.0,7.5600000000000005
2025-06-30,Wimbledon,R128,Grass,5,Nicolas Jarry,Holger Rune,player1,top_10,0.28772336558687234,3.65,0.25963488843813387,0.028088477148738467,0.05019028439208395,True,1.0,2.65
2025-06-30,Wimbledon,R128,Grass,5,Hugo Dellien,Jiri Lehecka,player2,other,0.16430438569165148,22.38,0.043180846515604956,0.12112353917604653,2.67713215177916,False,1.0,-1.0
2025-06-30,Wimbledon,R128,Grass,5,Zizou Bergs,Lloyd Harris,player1,other,0.7278414864678483,1.47,0.6432038834951456,0.08463760297270273,0.06992698510773698,False,1.0,-1.0
2025-06-30,Wimbledon,R128,Grass,5,Filip Misolic,Jan Lennard Struff,player2,other,0.4659601373552194,2.28,0.41538461538461535,0.050575521970604054,0.062389113169900146,False,1.0,-1.0
2025-06-30,Wimbledon,R128,Grass,5,Fabio Fognini,Carlos Alcaraz,player2,top_10,0.0998838979749931,29.42,0.03319093000328623,0.06669296797170687,1.938584278424297,False,1.0,-1.0
2025-06-30,Wimbledon,R64,Grass,5,Aleksandar Vukic,Jannik Sinner,player2,top_10,0.10074928748261369,21.54,0.04478935698447894,0.055959930498134754,1.1701396523754988,False,1.0,-1.0
2025-06-30,Wimbledon,R64,Grass,5,Lorenzo Sonego,Nikoloz Basilashvili,player1,other,0.7213708648543471,1.44,0.6571428571428571,0.06422800771148995,0.038774045390259804,True,1.0,0.43999999999999995
2025-06-30,Wimbledon,R64,Grass,5,Marin Cilic,Jack Draper,player1,top_10,0.22320175815284904,6.55,0.14490861618798956,0.07829314196485948,0.46197151590116114,True,1.0,5.55
2025-06-30,Wimbledon,R64,Grass,5,Arthur Cazaux,Alex De Minaur,player1,other,0.15216902160265844,7.7,0.12300683371298406,0.029162187889674382,0.17170146634047,False,1.0,-1.0
2025-06-30,Wimbledon,R64,Grass,5,Daniel Evans,Novak Djokovic,player2,top_10,0.09922864226266037,10.96,0.08742714404662781,0.01180149821603256,0.08754591919875776,False,1.0,-1.0
2025-06-30,Wimbledon,R64,Grass,5,Shintaro Mochizuki,Karen Khachanov,player2,other,0.1788269295634728,5.81,0.1628242074927954,0.016002722070677405,0.03898446076377682,False,1.0,-1.0
2025-06-30,Wimbledon,R64,Grass,5,Mattia Bellucci,Jiri Lehecka,player2,other,0.23261392893005986,4.57,0.2079722703639515,0.024641658566108365,0.06304565521037364,True,1.0,3.5700000000000003
2025-06-30,Wimbledon,R32,Grass,5,Pedro Martinez,Jannik Sinner,player1,top_10,0.09953672247367362,28.17,0.03461274845784784,0.06492397401582578,1.8039494720833862,False,1.0,-1.0
2025-06-30,Wimbledon,R32,Grass,5,Miomir Kecmanovic,Novak Djokovic,player2,top_10,0.09582723405559075,13.67,0.07006802721088434,0.02575920684470641,0.30995828953992555,False,1.0,-1.0
2025-06-30,Wimbledon,R32,Grass,5,Jan Lennard Struff,Carlos Alcaraz,player2,top_10,0.10294850627257325,12.61,0.07551319648093843,0.027435309791634818,0.2981806640971487,False,1.0,-1.0
2025-06-30,Wimbledon,R16,Grass,5,Grigor Dimitrov,Jannik Sinner,player2,top_10,0.1257726683065857,13.83,0.0693135935397039,0.056459074766881806,0.7394360026800803,False,1.0,-1.0
2025-06-30,Wimbledon,R16,Grass,5,Lorenzo Sonego,Ben Shelton,player1,top_10,0.3294864276577601,3.76,0.2524850894632207,0.07700133819453941,0.2388689679931778,False,1.0,-1.0
2025-06-30,Wimbledon,QF,Grass,5,Jannik Sinner,Ben Shelton,player2,top_10,0.8267596597034862,1.29,0.7351129363449692,0.09164672335851698,0.06651996101749721,True,1.0,0.29000000000000004
2025-06-30,Wimbledon,QF,Grass,5,Flavio Cobolli,Novak Djokovic,player1,top_10,0.14292547009842707,7.53,0.12645011600928074,0.016475354089146327,0.07622878984115589,False,1.0,-1.0
2025-06-30,Wimbledon,QF,Grass,5,Cameron Norrie,Carlos Alcaraz,player2,top_10,0.1084753607083186,9.96,0.09536784741144413,0.01310751329687447,0.0804145926548534,False,1.0,-1.0
2025-06-30,Wimbledon,SF,Grass,5,Novak Djokovic,Jannik Sinner,player2,top_10,0.3869103916319016,2.85,0.33255269320843084,0.05435769842347077,0.10269461615091968,False,1.0,-1.0
2025-06-30,Wimbledon,F,Grass,5,Carlos Alcaraz,Jannik Sinner,player1,top_10,0.5210660103369102,1.98,0.4789473684210527,0.04211864191585757,0.03171070046708224,False,1.0,-1.0
2025-07-14,Gstaad,R32,Clay,3,Alexander Shevchenko,Stan Wawrinka,player2,other,0.5284787005901702,1.96,0.4814814814814815,0.046997219108688704,0.03581825315673359,True,1.0,0.96
2025-07-14,Gstaad,R32,Clay,3,Francisco Comesana,Marco Trungelliti,player2,other,0.6746794489507805,1.59,0.5933503836317136,0.08132906531906692,0.072740323831741,True,1.0,0.5900000000000001
2025-07-14,Bastad,R32,Clay,3,Botic Van De Zandschulp,Mikael Ymer,player2,other,0.7273664054584925,1.42,0.6666666666666666,0.060699738791825886,0.03286029575105931,True,1.0,0.41999999999999993
2025-07-20,Umag,R32,Clay,3,Roberto Carballes Baena,Nikoloz Basilashvili,player2,other,0.4994477613976131,2.1,0.4488188976377953,0.05062886375981779,0.04884029893498765,False,1.0,-1.0
2025-07-20,Umag,R16,Clay,3,Dino Prizmic,Nikoloz Basilashvili,player2,other,0.7069419437354524,1.5,0.6323529411764707,0.07458900255898171,0.060412915603178574,True,1.0,0.5
2025-07-21,Kitzbuhel,R32,Clay,3,Arthur Rinderknech,Facundo Bagnis,player2,other,0.7223612380307906,1.47,0.6432038834951456,0.07915735453564499,0.061871019905262115,True,1.0,0.47
2025-07-21,Kitzbuhel,R16,Clay,3,Arthur Rinderknech,Norbert Gombos,player1,other,0.6948605545758891,1.49,0.6339066339066339,0.0609539206692552,0.03534222631807482,True,1.0,0.49
2025-07-21,Kitzbuhel,QF,Clay,3,Thiago Seyboth Wild,Botic Van De Zandschulp,player2,other,0.5019394528816186,2.09,0.4514435695538058,0.05049588332781274,0.04905345652258275,False,1.0,-1.0
2025-07-21,Washington,R64,Hard,3,Miomir Kecmanovic,Zachary Svajda,player1,other,0.7130913348882588,1.48,0.6381418092909535,0.07494952559730528,0.05537517563462302,False,1.0,-1.0
2025-07-21,Washington,R32,Hard,3,Jiri Lehecka,Zachary Svajda,player1,other,0.7785694922362731,1.36,0.695067264573991,0.0835022276622821,0.058854509441331526,True,1.0,0.3600000000000001
2025-07-21,Washington,R32,Hard,3,Alexei Popyrin,Yibing Wu,player1,other,0.6256102911296992,1.78,0.5303430079155673,0.09526728321413191,0.11358631821086468,False,1.0,-1.0
2025-07-21,Washington,R32,Hard,3,Matteo Arnaldi,Lorenzo Sonego,player2,other,0.5449634078967814,1.99,0.47493403693931396,0.07002937095746747,0.08447718171459506,True,1.0,0.99
2025-07-21,Washington,R16,Hard,3,Jiri Lehecka,Alex De Minaur,player1,other,0.4345344299213057,2.53,0.37376237623762376,0.06077205368368194,0.09937210770090332,False,1.0,-1.0
2025-07-21,Washington,R16,Hard,3,Flavio Cobolli,Frances Tiafoe,player2,other,0.49905311982701855,2.1,0.450261780104712,0.04879133972230654,0.04801155163673898,False,1.0,-1.0
2025-07-21,Washington,R16,Hard,3,Ben Shelton,Gabriel Diallo,player1,top_10,0.7118479542518233,1.5,0.6305418719211823,0.08130608233064107,0.06777193137773502,True,1.0,0.5
2025-07-21,Washington,QF,Hard,3,Alex De Minaur,Brandon Nakashima,player1,other,0.7138717776387358,1.46,0.6464891041162226,0.06738267352251315,0.04225279535255422,True,1.0,0.45999999999999996
2025-07-21,Washington,QF,Hard,3,Taylor Fritz,Alejandro Davidovich Fokina,player2,top_10,0.8252535704188344,1.28,0.7424547283702212,0.08279884204861321,0.05632457013610806,False,1.0,-1.0
2025-07-21,Washington,F,Hard,3,Alex De Minaur,Alejandro Davidovich Fokina,player1,other,0.7282118467116789,1.42,0.6635071090047394,0.06470473770693952,0.03406082233058405,True,1.0,0.41999999999999993
2025-07-27,Canada Masters,R128,Hard,4,Jenson Brooksby,Corentin Moutet,player2,other,0.5134777097003372,2.08,0.4540682414698162,0.05940946823052101,0.06803363617670144,False,1.0,-1.0
2025-07-27,Canada Masters,R128,Hard,4,Hugo Dellien,Fabian Marozsan,player1,other,0.15807302793648273,6.58,0.1443433029908973,0.013729724945585442,0.04012052382205633,False,1.0,-1.0
2025-07-27,Canada Masters,R128,Hard,4,Yosuke Watanuki,Daniel Altmaier,player2,other,0.5137000640804391,2.1,0.450261780104712,0.0634382839757271,0.07877013456892223,True,1.0,1.1
2025-07-27,Canada Masters,R128,Hard,4,Vasek Pospisil,Facundo Bagnis,player1,other,0.2294954782528217,5.4,0.17557251908396945,0.05392295916885226,0.2392755825652374,False,1.0,-1.0
2025-07-27,Canada Masters,R64,Hard,4,Hugo Gaston,Andrey Rublev,player1,other,0.1504034685733456,7.33,0.1294536817102138,0.020949786863131814,0.10245742464262331,False,1.0,-1.0
2025-07-27,Canada Masters,R64,Hard,4,James Duckworth,Lorenzo Musetti,player2,top_10,0.336807592848823,3.44,0.27578947368421053,0.06101811916461247,0.15861811939995107,False,1.0,-1.0
2025-07-27,Canada Masters,R32,Hard,4,Taylor Fritz,Gabriel Diallo,player2,top_10,0.8355391075621545,1.35,0.6986607142857143,0.13687839327644025,0.12797779520890873,True,1.0,0.3500000000000001
2025-07-27,Canada Masters,R32,Hard,4,Ben Shelton,Brandon Nakashima,player1,top_10,0.7739025338716797,1.37,0.690744920993228,0.08315761287845169,0.06024647140420131,True,1.0,0.3700000000000001
2025-07-27,Canada Masters,R32,Hard,4,Nuno Borges,Casper Ruud,player1,other,0.41214728899726216,2.53,0.37220843672456577,0.03993885227269639,0.04273264116307318,False,1.0,-1.0
2025-07-27,Canada Masters,R32,Hard,4,Lorenzo Musetti,Alex Michelsen,player1,top_10,0.6986240267230261,1.51,0.6243781094527363,0.07424591727028984,0.05492228035176949,False,1.0,-1.0
2025-07-27,Canada Masters,R32,Hard,4,Holger Rune,Alexandre Muller,player2,top_10,0.8764066203975075,1.23,0.768796992481203,0.10760962791630446,0.0779801430889342,True,1.0,0.22999999999999998
2025-07-27,Canada Masters,R32,Hard,4,Alexei Popyrin,Daniil Medvedev,player2,other,0.27451089115688004,3.86,0.24461839530332682,0.02989249585355322,0.059612039865556965,True,1.0,2.86
2025-07-27,Canada Masters,R16,Hard,4,Ben Shelton,Flavio Cobolli,player1,top_10,0.7710931413728636,1.4,0.6751740139211136,0.09591912745174991,0.07953039792200889,True,1.0,0.3999999999999999
2025-07-27,Canada Masters,R16,Hard,4,Alexander Zverev,Francisco Cerundolo,player1,top_10,0.8234302361718928,1.29,0.7334710743801653,0.08995916179172747,0.06222500466174177,True,1.0,0.29000000000000004
2025-07-27,Canada Masters,QF,Hard,4,Taylor Fritz,Andrey Rublev,player1,top_10,0.7379346693546754,1.42,0.6627078384798101,0.07522683087486537,0.047867230483639056,True,1.0,0.41999999999999993
2025-07-27,Canada Masters,QF,Hard,4,Alex Michelsen,Karen Khachanov,player1,other,0.4320706395497736,2.75,0.3436754176610979,0.08839522188867571,0.18819425876187734,False,1.0,-1.0
2025-07-27,Canada Masters,SF,Hard,4,Ben Shelton,Taylor Fritz,player2,top_10,0.5076746617875035,2.39,0.3949367088607595,0.11273795292674405,0.21334244167213345,True,1.0,1.3900000000000001
2025-07-27,Canada Masters,SF,Hard,4,Alexander Zverev,Karen Khachanov,player1,top_10,0.8020473602787339,1.4,0.6751740139211136,0.12687334635762026,0.12286630439022739,False,1.0,-1.0
2025-08-07,Cincinnati Masters,R128,Hard,4,Hamad Medjedovic,Aleksandar Kovacevic,player2,other,0.5877104841965317,1.91,0.49336870026525204,0.09434178393127968,0.12252702481537547,True,1.0,0.9099999999999999
2025-08-07,Cincinnati Masters,R128,Hard,4,Learner Tien,Leandro Riedi,player1,other,0.762312179664452,1.39,0.6789838337182448,0.0833283459462072,0.059613929733588145,True,1.0,0.3899999999999999
2025-08-07,Cincinnati Masters,R128,Hard,4,Pedro Martinez,Nicolas Jarry,player1,other,0.27934850718843385,3.7,0.25553319919517103,0.023815307993262813,0.03358947659720524,True,1.0,2.7
2025-08-07,Cincinnati Masters,R128,Hard,4,Jordan Thompson,Adrian Mannarino,player1,other,0.5265621330401367,2.19,0.43116883116883115,0.09539330187130551,0.1531710713578992,False,1.0,-1.0
2025-08-07,Cincinnati Masters,R64,Hard,4,Damir Dzumhur,Carlos Alcaraz,player2,top_10,0.09844154566425932,14.72,0.06480304955527319,0.03363849610898613,0.4490595521778973,False,1.0,-1.0
2025-08-07,Cincinnati Masters,R64,Hard,4,Reilly Opelka,Alex De Minaur,player1,top_10,0.2703742594157869,4.19,0.22550831792975967,0.04486594148602724,0.13286814695214733,True,1.0,3.1900000000000004
2025-08-07,Cincinnati Masters,R64,Hard,4,Jenson Brooksby,Arthur Cazaux,player1,other,0.5776136626797255,1.84,0.5119363395225464,0.06567732315717911,0.06280913933069493,True,1.0,0.8400000000000001
2025-08-07,Cincinnati Masters,R64,Hard,4,Daniel Elahi Galan,Jannik Sinner,player1,top_10,0.08162903571773905,19.02,0.05042436345481778,0.03120467226292127,0.5525842593513967,False,1.0,-1.0
2025-08-07,Cincinnati Masters,R32,Hard,4,Alexei Popyrin,Andrey Rublev,player2,other,0.4138300565396602,2.59,0.3636363636363637,0.050193692903296505,0.07181984643771988,False,1.0,-1.0
2025-08-07,Cincinnati Masters,R32,Hard,4,Alexander Zverev,Brandon Nakashima,player2,top_10,0.8483557998978926,1.28,0.7403651115618661,0.10799068833602643,0.08589542386930249,True,1.0,0.28
2025-08-07,Cincinnati Masters,R32,Hard,4,Jenson Brooksby,Karen Khachanov,player1,other,0.4171194562873593,2.79,0.33729216152019004,0.07982729476716927,0.16376328304173238,False,1.0,-1.0
2025-08-07,Cincinnati Masters,R32,Hard,4,Roberto Bautista Agut,Ben Shelton,player2,top_10,0.23555007108964787,5.06,0.1864951768488746,0.04905489424077328,0.19188335971361814,False,1.0,-1.0
2025-08-07,Cincinnati Masters,R32,Hard,4,Holger Rune,Alex Michelsen,player2,top_10,0.704298107515268,1.54,0.6120906801007557,0.09220742741451227,0.08461908557351272,True,1.0,0.54
2025-08-07,Cincinnati Masters,R32,Hard,4,Ugo Humbert,Frances Tiafoe,player1,other,0.49673234422853935,2.19,0.43116883116883115,0.0655635130597082,0.08784383386050121,False,1.0,-1.0
2025-08-07,Cincinnati Masters,R32,Hard,4,Gabriel Diallo,Jannik Sinner,player2,top_10,0.10460581916135081,12.7,0.07501820830298615,0.029587610858364657,0.3284939033491552,False,1.0,-1.0
2025-08-07,Cincinnati Masters,R16,Hard,4,Alexander Zverev,Karen Khachanov,player2,top_10,0.7321570614649286,1.43,0.660332541567696,0.0718245198972326,0.046984597894847935,True,1.0,0.42999999999999994
2025-08-07,Cincinnati Masters,R16,Hard,4,Ben Shelton,Jiri Lehecka,player2,top_10,0.7238118406082842,1.67,0.5651041666666667,0.15870767394161744,0.20876577381583455,True,1.0,0.6699999999999999
2025-08-07,Cincinnati Masters,R16,Hard,4,Adrian Mannarino,Jannik Sinner,player2,top_10,0.09693076808224001,13.06,0.07310149041873669,0.023829277663503318,0.2659158311540546,False,1.0,-1.0
2025-08-07,Cincinnati Masters,QF,Hard,4,Holger Rune,Terence Atmane,player2,top_10,0.8429729862259966,1.28,0.7414141414141414,0.10155884481185518,0.07900542236927566,False,1.0,-1.0
2025-08-07,Cincinnati Masters,SF,Hard,4,Carlos Alcaraz,Alexander Zverev,player2,top_10,0.6856175753499617,1.55,0.6105527638190955,0.0750648115308662,0.0627072417924407,True,1.0,0.55
2025-08-07,Cincinnati Masters,F,Hard,4,Jannik Sinner,Carlos Alcaraz,player1,top_10,0.7590198560924003,1.49,0.637469586374696,0.12155026971770433,0.13093958557767643,False,1.0,-1.0
2025-08-17,Winston-Salem,R32,Hard,3,Mattia Bellucci,Jaume Munar,player2,other,0.5154571285817334,2.12,0.4450261780104712,0.07043095057126225,0.09276911259327492,False,1.0,-1.0
2025-08-17,Winston-Salem,R16,Hard,3,Sebastian Korda,Kamil Majchrzak,player1,other,0.6052608971830612,1.74,0.5396825396825397,0.06557835750052154,0.05315396109852649,True,1.0,0.74
2025-08-17,Winston-Salem,R16,Hard,3,Hamad Medjedovic,Gabriel Diallo,player1,other,0.5028947305776531,2.08,0.4526315789473684,0.05026315163028472,0.04602103960151849,True,1.0,1.08
2025-08-17,Winston-Salem,QF,Hard,3,Sebastian Korda,Miomir Kecmanovic,player2,other,0.5929554429801529,1.75,0.537037037037037,0.05591840594311592,0.03767202521526758,True,1.0,0.75
2025-08-17,Winston-Salem,F,Hard,3,Botic Van De Zandschulp,Marton Fucsovics,player2,other,0.524338163911383,2.03,0.4643799472295515,0.05995821668183149,0.06440647274010736,False,1.0,-1.0
2025-08-25,Us Open,R128,Hard,5,Vit Kopriva,Jannik Sinner,player2,top_10,0.08979457525511488,27.37,0.03558844256518675,0.054206132689928126,1.4576775247324942,False,1.0,-1.0
2025-08-25,Us Open,R128,Hard,5,Emil Ruusuvuori,Alexei Popyrin,player2,other,0.16455715359681078,10.45,0.09130434782608696,0.07325280577072382,0.7196222550866725,False,1.0,-1.0
2025-08-25,Us Open,R128,Hard,5,Denis Shapovalov,Marton Fucsovics,player2,other,0.5649296927527319,1.84,0.5132275132275131,0.05170217952521872,0.03947063466502665,True,1.0,0.8400000000000001
2025-08-25,Us Open,R128,Hard,5,Alejandro Tabilo,Alexander Zverev,player2,top_10,0.09270197661741648,14.1,0.0680766688697951,0.02462530774762138,0.30709787030557234,False,1.0,-1.0
2025-08-25,Us Open,R128,Hard,5,Billy Harris,Felix Auger Aliassime,player2,other,0.15579121809118437,7.55,0.12514484356894556,0.030646374522238812,0.17622369658844195,False,1.0,-1.0
2025-08-25,Us Open,R128,Hard,5,Coleman Wong,Aleksandar Kovacevic,player2,other,0.5032983210884923,2.08,0.4526315789473684,0.05066674214112388,0.04686050786406393,True,1.0,1.08
2025-08-25,Us Open,R128,Hard,5,Hugo Dellien,Kamil Majchrzak,player1,other,0.15363228748845573,9.46,0.10076045627376426,0.05287183121469147,0.45336143964079123,False,1.0,-1.0
2025-08-25,Us Open,R128,Hard,5,Yoshihito Nishioka,Frances Tiafoe,player2,other,0.16175498906739005,7.04,0.13407134071340715,0.027683648353982904,0.13875512303442594,False,1.0,-1.0
2025-08-25,Us Open,R128,Hard,5,Reilly Opelka,Carlos Alcaraz,player2,top_10,0.10861147705712067,10.44,0.09138381201044388,0.01722766504667679,0.13390382047633986,False,1.0,-1.0
2025-08-25,Us Open,R64,Hard,5,Alexei Popyrin,Jannik Sinner,player2,top_10,0.1038582194607837,14.88,0.06415094339622641,0.03970727606455729,0.5454103055764615,False,1.0,-1.0
2025-08-25,Us Open,R64,Hard,5,Coleman Wong,Adam Walton,player2,other,0.4260970123460166,2.42,0.3919597989949749,0.034137213351041695,0.0311547698773601,True,1.0,1.42
2025-08-25,Us Open,R64,Hard,5,Francisco Cerundolo,Leandro Riedi,player2,other,0.7187123508275164,1.46,0.6481927710843374,0.07051957974317902,0.04932003220817388,False,1.0,-1.0
2025-08-25,Us Open,R64,Hard,5,Shintaro Mochizuki,Alex De Minaur,player2,top_10,0.10181787456673187,12.67,0.0751824817518248,0.026635392814907066,0.29003247076049277,False,1.0,-1.0
2025-08-25,Us Open,R64,Hard,5,Jordan Thompson,Adrian Mannarino,player2,other,0.4178397620531115,2.48,0.3815461346633417,0.03629362738976982,0.03624260989171657,False,1.0,-1.0
2025-08-25,Us Open,R64,Hard,5,Mattia Bellucci,Carlos Alcaraz,player1,top_10,0.0858559192335212,14.88,0.06415094339622641,0.02170497583729479,0.27753607819479564,False,1.0,-1.0
2025-08-25,Us Open,R32,Hard,5,Denis Shapovalov,Jannik Sinner,player1,top_10,0.0972947754488576,15.75,0.06082289803220036,0.03647187741665724,0.5323927133195072,False,1.0,-1.0
2025-08-25,Us Open,R32,Hard,5,Tommy Paul,Alexander Bublik,player1,other,0.5617888445645641,1.9,0.4973544973544974,0.06443434721006674,0.06739880467267179,False,1.0,-1.0
2025-08-25,Us Open,R32,Hard,5,Zizou Bergs,Jaume Munar,player1,other,0.3754868808339607,2.8,0.33649289099526064,0.03899398983870006,0.05136326633508981,False,1.0,-1.0
2025-08-25,Us Open,R32,Hard,5,Alexander Zverev,Felix Auger Aliassime,player2,top_10,0.823378173407385,1.26,0.7490039840637449,0.07437418934364004,0.03745649849330504,False,1.0,-1.0
2025-08-25,Us Open,R32,Hard,5,Coleman Wong,Andrey Rublev,player1,other,0.16553523399620118,7.42,0.12808460634547592,0.037450627650725266,0.22827143625181268,False,1.0,-1.0
2025-08-25,Us Open,R32,Hard,5,Kamil Majchrzak,Leandro Riedi,player2,other,0.7091373192548213,1.6,0.5949367088607596,0.11420061039406171,0.13461971080771407,False,1.0,-1.0
2025-08-25,Us Open,R32,Hard,5,Daniel Altmaier,Alex De Minaur,player2,top_10,0.102969259281048,10.3,0.09251101321585904,0.010458246065188956,0.06058337059479446,False,1.0,-1.0
2025-08-25,Us Open,R32,Hard,5,Luciano Darderi,Carlos Alcaraz,player2,top_10,0.10034175001618212,16.9,0.05691964285714286,0.043422107159039255,0.6957755752734776,False,1.0,-1.0
2025-08-25,Us Open,R16,Hard,5,Lorenzo Musetti,Jaume Munar,player2,top_10,0.7483742848276136,1.44,0.6587677725118484,0.08960651231576522,0.07765897015176354,True,1.0,0.43999999999999995
2025-08-25,Us Open,R16,Hard,5,Felix Auger Aliassime,Andrey Rublev,player1,other,0.5921466725649247,2.05,0.46052631578947373,0.13162035677545098,0.21390067875809549,True,1.0,1.0499999999999998
2025-08-25,Us Open,R16,Hard,5,Taylor Fritz,Tomas Machac,player2,top_10,0.8175626407272896,1.36,0.6930022573363431,0.12456038339094644,0.1118851913891139,True,1.0,0.3600000000000001
2025-08-25,Us Open,R16,Hard,5,Arthur Rinderknech,Carlos Alcaraz,player1,top_10,0.09204189438698403,16.67,0.057659694742792526,0.0343821996441915,0.5343383794310239,False,1.0,-1.0
2025-08-25,Us Open,QF,Hard,5,Lorenzo Musetti,Jannik Sinner,player2,top_10,0.11118297530801076,12.69,0.07574654042243265,0.035436434885578114,0.41091195665865643,False,1.0,-1.0
2025-08-25,Us Open,QF,Hard,5,Felix Auger Aliassime,Alex De Minaur,player2,top_10,0.5149268352878266,2.23,0.42673521850899737,0.0881916167788292,0.14828684269185322,True,1.0,1.23
2025-08-25,Us Open,QF,Hard,5,Novak Djokovic,Taylor Fritz,player2,top_10,0.7681982006473006,1.45,0.6555819477434679,0.1126162529038327,0.11388739093858585,True,1.0,0.44999999999999996
2025-08-25,Us Open,QF,Hard,5,Jiri Lehecka,Carlos Alcaraz,player1,top_10,0.11548578700080654,10.11,0.09408602150537636,0.021399765495430184,0.16756130657815405,False,1.0,-1.0
2025-08-25,Us Open,SF,Hard,5,Felix Auger Aliassime,Jannik Sinner,player1,top_10,0.10233043565559168,13.38,0.07147814018043025,0.030852295475161426,0.3691812290718166,False,1.0,-1.0
2025-08-25,Us Open,SF,Hard,5,Novak Djokovic,Carlos Alcaraz,player2,top_10,0.33987701287482347,3.73,0.25400000000000006,0.08587701287482341,0.26774125802309146,False,1.0,-1.0
2025-08-25,Us Open,F,Hard,5,Jannik Sinner,Carlos Alcaraz,player1,top_10,0.6518723717202127,1.75,0.5442708333333333,0.10760153838687947,0.14077665051037225,False,1.0,-1.0
2025-09-17,Chengdu,R32,Hard,3,Jordan Thompson,Alejandro Tabilo,player2,other,0.5282791477719003,1.95,0.48275862068965525,0.04552052708224508,0.030144338155205563,False,1.0,-1.0
2025-09-17,Chengdu,R32,Hard,3,Juan Manuel Cerundolo,Lorenzo Sonego,player2,other,0.41182612257029166,2.51,0.3771712158808933,0.03465490668939836,0.03368356765143199,False,1.0,-1.0
2025-09-17,Chengdu,R32,Hard,3,Alexander Shevchenko,Gael Monfils,player1,other,0.4775482962894677,2.42,0.3904282115869018,0.08712008470256594,0.15566687702051185,True,1.0,1.42
2025-09-17,Chengdu,R16,Hard,3,Lorenzo Musetti,Dino Prizmic,player2,top_10,0.8276084345837442,1.37,0.6914414414414414,0.13616699314230285,0.13382355537972968,True,1.0,0.3700000000000001
2025-09-17,Chengdu,QF,Hard,3,Alexander Shevchenko,Taro Daniel,player1,other,0.5913502485162326,1.78,0.5303430079155673,0.06100724060066531,0.05260344235889408,True,1.0,0.78
2025-09-17,Chengdu,SF,Hard,3,Alexander Shevchenko,Lorenzo Musetti,player2,top_10,0.2572258519540127,5.12,0.1847133757961783,0.0725124761578344,0.31699636200454506,False,1.0,-1.0
2025-09-17,Chengdu,F,Hard,3,Alejandro Tabilo,Lorenzo Musetti,player2,top_10,0.40919700352739047,3.82,0.24803149606299213,0.16116550746439834,0.5631325534746314,True,1.0,2.82
2025-09-24,Tokyo,R32,Hard,3,Taylor Fritz,Gabriel Diallo,player2,top_10,0.849507593468036,1.27,0.7454909819639278,0.10401661150410813,0.07887464370440567,True,1.0,0.27
2025-09-24,Tokyo,R32,Hard,3,Tomas Machac,Sho Shimabukuro,player1,other,0.7984542001192745,1.29,0.7334710743801653,0.06498312573910914,0.03000591815386411,False,1.0,-1.0
2025-09-24,Tokyo,R32,Hard,3,Yoshihito Nishioka,Luciano Darderi,player2,other,0.4669721217003174,2.24,0.4226804123711341,0.044291709329183304,0.04601755260871099,False,1.0,-1.0
2025-09-24,Tokyo,R32,Hard,3,Casper Ruud,Shintaro Mochizuki,player2,other,0.7539416043513126,1.37,0.690744920993228,0.0631966833580846,0.03289999796129839,True,1.0,0.3700000000000001
2025-09-24,Tokyo,R32,Hard,3,Frances Tiafoe,Marton Fucsovics,player1,other,0.5188701377999552,2.0,0.4722955145118733,0.04657462328808187,0.03774027559991033,False,1.0,-1.0
2025-09-24,Tokyo,R32,Hard,3,Sebastian Baez,Carlos Alcaraz,player2,top_10,0.09941277026641333,17.87,0.0534957627118644,0.04591700755454893,0.7765062046608064,False,1.0,-1.0
2025-09-24,Tokyo,R16,Hard,3,Sebastian Korda,Sho Shimabukuro,player1,other,0.7818683807720306,1.33,0.7096069868995633,0.07226139387246733,0.03988494642680074,True,1.0,0.33000000000000007
2025-09-24,Tokyo,R16,Hard,3,Jenson Brooksby,Luciano Darderi,player2,other,0.6777856254631706,1.52,0.6218905472636816,0.05589507819948891,0.030234150704019247,True,1.0,0.52
2025-09-24,Tokyo,R16,Hard,3,Brandon Nakashima,Marton Fucsovics,player2,other,0.594724204724007,1.75,0.5406824146981627,0.054041790025844305,0.04076735826701228,True,1.0,0.75
2025-09-24,Tokyo,R16,Hard,3,Zizou Bergs,Carlos Alcaraz,player2,top_10,0.1038346701457717,10.71,0.08851063829787234,0.015324031847899364,0.11206931726121505,False,1.0,-1.0
2025-09-24,Tokyo,QF,Hard,3,Sebastian Korda,Taylor Fritz,player1,top_10,0.3197979373862459,3.23,0.29321663019693656,0.026581307189309344,0.03294733775757419,False,1.0,-1.0
2025-09-25,Beijing,R32,Hard,3,Tallon Griekspoor,Corentin Moutet,player2,other,0.4945114918596,2.12,0.4450261780104712,0.049485313849128854,0.04836436274235212,False,1.0,-1.0
2025-09-25,Beijing,R32,Hard,3,Jakub Mensik,Miomir Kecmanovic,player1,other,0.7051269875810329,1.48,0.6390243902439025,0.06610259733713042,0.04358794161992863,True,1.0,0.48
2025-09-25,Beijing,R32,Hard,3,Karen Khachanov,Alexandre Muller,player2,top_10,0.8670353713551195,1.22,0.7761467889908258,0.09088858236429376,0.05778315305324583,False,1.0,-1.0
2025-09-25,Beijing,R32,Hard,3,Marin Cilic,Jannik Sinner,player1,top_10,0.09466036807191384,15.63,0.06126126126126126,0.033399106810652585,0.47954155296401346,False,1.0,-1.0
2025-09-25,Beijing,QF,Hard,3,Alex De Minaur,Jakub Mensik,player2,top_10,0.7325883011873903,1.42,0.6666666666666666,0.06592163452072364,0.04027538768609412,True,1.0,0.41999999999999993
2025-09-25,Beijing,QF,Hard,3,Fabian Marozsan,Jannik Sinner,player2,top_10,0.10261905022835548,10.73,0.08836023789294818,0.014258812335407295,0.10110240895025435,False,1.0,-1.0
2025-09-25,Beijing,F,Hard,3,Learner Tien,Jannik Sinner,player2,top_10,0.11292289042359431,12.08,0.07856598016781083,0.03435691025578348,0.3641085163170191,False,1.0,-1.0
2025-10-01,Shanghai Masters,R128,Hard,4,Sebastian Korda,Zizou Bergs,player1,other,0.7376528131992601,1.41,0.668235294117647,0.06941751908161309,0.04009046661095672,False,1.0,-1.0
2025-10-01,Shanghai Masters,R128,Hard,4,Learner Tien,Miomir Kecmanovic,player1,other,0.5847809989992684,1.87,0.5039787798408488,0.08080221915841956,0.09354046812863193,True,1.0,0.8700000000000001
2025-10-01,Shanghai Masters,R64,Hard,4,Daniel Altmaier,Jannik Sinner,player1,top_10,0.09131117716799615,13.25,0.07147862648913804,0.019832550678858113,0.20987309747594907,False,1.0,-1.0
2025-10-01,Shanghai Masters,R64,Hard,4,Francisco Cerundolo,Adrian Mannarino,player2,other,0.561739894547827,1.85,0.5118733509234827,0.049866543624344284,0.039218804913480065,True,1.0,0.8500000000000001
2025-10-01,Shanghai Masters,R64,Hard,4,Ben Shelton,David Goffin,player2,top_10,0.8260883150045774,1.31,0.721868365180467,0.10421994982411031,0.08217569265599639,False,1.0,-1.0
2025-10-01,Shanghai Masters,R64,Hard,4,Felix Auger Aliassime,Alejandro Tabilo,player1,other,0.6900818728899197,1.54,0.6130653266331658,0.07701654625675391,0.06272608425047643,True,1.0,0.54
2025-10-01,Shanghai Masters,R64,Hard,4,Camilo Ugo Carabelli,Alex De Minaur,player1,top_10,0.0964260257251179,11.2,0.08496732026143793,0.011458705463679969,0.07997148812132038,False,1.0,-1.0
2025-10-01,Shanghai Masters,R64,Hard,4,Karen Khachanov,Juncheng Shang,player1,top_10,0.6844407714850638,1.56,0.606060606060606,0.0783801654244578,0.06772760351669954,False,1.0,-1.0
2025-10-01,Shanghai Masters,R64,Hard,4,Learner Tien,Corentin Moutet,player1,other,0.5388163796673721,2.02,0.4684210526315789,0.07039532703579315,0.08840908692809157,True,1.0,1.02
2025-10-01,Shanghai Masters,R32,Hard,4,Tallon Griekspoor,Jannik Sinner,player1,top_10,0.08652883295458162,14.04,0.06772908366533865,0.018799749289242967,0.21486481468232588,True,1.0,13.04
2025-10-01,Shanghai Masters,R32,Hard,4,Alexander Zverev,Arthur Rinderknech,player2,top_10,0.8135177182078338,1.31,0.7230443974630022,0.09047332074483161,0.0657082108522623,False,1.0,-1.0
2025-10-01,Shanghai Masters,R16,Hard,4,Novak Djokovic,Jaume Munar,player1,top_10,0.870621806817736,1.19,0.7923211169284468,0.07830068988928929,0.036039950113105845,True,1.0,0.18999999999999995
2025-10-01,Shanghai Masters,R16,Hard,4,Felix Auger Aliassime,Lorenzo Musetti,player1,top_10,0.5866911221653465,1.91,0.4947089947089948,0.09198212745635165,0.12058004333581174,True,1.0,0.9099999999999999
2025-10-01,Shanghai Masters,QF,Hard,4,Novak Djokovic,Zizou Bergs,player1,top_10,0.8232309860636686,1.33,0.7145922746781115,0.10863871138555714,0.09489721146467933,True,1.0,0.33000000000000007
2025-10-01,Shanghai Masters,QF,Hard,4,Alex De Minaur,Daniil Medvedev,player2,top_10,0.708180700525161,1.52,0.6265356265356266,0.08164507398953447,0.07643466479824479,False,1.0,-1.0
2025-10-13,Stockholm,R32,Hard,3,Matteo Berrettini,Giulio Zeppieri,player1,other,0.7017009472120211,1.47,0.6423357664233577,0.059365180788663485,0.03150039240167107,True,1.0,0.47
2025-10-13,Stockholm,R16,Hard,3,Leo Borg,Denis Shapovalov,player1,other,0.15063517186262335,8.7,0.1086065573770492,0.04202861448557414,0.31052599520482294,False,1.0,-1.0
2025-10-13,Stockholm,F,Hard,3,Ugo Humbert,Casper Ruud,player1,other,0.43574197516064367,2.38,0.39593908629441626,0.039802888866227404,0.03706590088233197,False,1.0,-1.0
2025-10-13,Brussels,R32,Hard,3,Mattia Bellucci,Marcos Giron,player2,other,0.5083926093711817,2.16,0.4375,0.07089260937118169,0.09812803624175248,False,1.0,-1.0
2025-10-13,Brussels,R32,Hard,3,Matteo Arnaldi,Yannick Hanfmann,player2,other,0.5449563608415467,2.1,0.4488188976377953,0.09613746320375144,0.14440835776724825,False,1.0,-1.0
2025-10-13,Brussels,R16,Hard,3,Lorenzo Musetti,Yannick Hanfmann,player2,top_10,0.812687923489038,1.38,0.6834862385321101,0.12920168495692785,0.12150933441487227,True,1.0,0.3799999999999999
2025-10-13,Brussels,F,Hard,3,Felix Auger Aliassime,Jiri Lehecka,player1,other,0.5683871054195367,1.85,0.5105820105820106,0.05780509483752616,0.051516145026143045,True,1.0,0.8500000000000001
2025-10-13,Almaty,R16,Hard,3,Adam Walton,Daniil Medvedev,player2,other,0.19133141452652105,5.68,0.16593245227606462,0.02539896225045643,0.08676243451063947,False,1.0,-1.0
2025-10-20,Basel,R32,Hard,3,Ben Shelton,Kamil Majchrzak,player2,top_10,0.8267087095647624,1.49,0.6339066339066339,0.19280207565812846,0.23179597725149598,True,1.0,0.49
2025-10-20,Basel,R16,Hard,3,Ben Shelton,Jaume Munar,player2,top_10,0.7916108608199339,1.49,0.6330049261083743,0.1586059347115596,0.17950018262170153,False,1.0,-1.0
2025-10-20,Basel,R16,Hard,3,Jakub Mensik,Joao Fonseca,player2,other,0.4689051159031871,2.21,0.42894056847545214,0.039964547427734975,0.036280306146043606,False,1.0,-1.0
2025-10-20,Basel,R16,Hard,3,Jenson Brooksby,Alejandro Davidovich Fokina,player2,other,0.4847824353286077,2.15,0.44010416666666663,0.04467826866194108,0.042282235956506486,False,1.0,-1.0
2025-10-20,Basel,R16,Hard,3,Reilly Opelka,Botic Van De Zandschulp,player2,other,0.5316798636848634,2.0,0.47368421052631576,0.057995653158547655,0.06335972736972684,True,1.0,1.0
2025-10-20,Basel,QF,Hard,3,Casper Ruud,Alejandro Davidovich Fokina,player1,other,0.7021050458262521,1.48,0.6390243902439025,0.06308065558234965,0.03911546782285308,False,1.0,-1.0
2025-10-20,Vienna,R32,Hard,3,Hamad Medjedovic,Lorenzo Musetti,player1,top_10,0.36302835732457234,3.04,0.3106575963718821,0.05237076095269022,0.10360620626669981,False,1.0,-1.0
2025-10-20,Vienna,R32,Hard,3,Jurij Rodionov,Alex De Minaur,player2,top_10,0.11848336944001608,9.18,0.1026392961876833,0.01584407325233278,0.08767733145934753,False,1.0,-1.0
2025-10-20,Vienna,R32,Hard,3,Daniel Altmaier,Jannik Sinner,player2,top_10,0.09260788815664411,15.57,0.06148282097649185,0.03112506718015226,0.4419048185989489,False,1.0,-1.0
2025-10-20,Vienna,R16,Hard,3,Alexander Zverev,Matteo Arnaldi,player2,top_10,0.8110877874325766,1.29,0.7323651452282157,0.07872264220436087,0.046303245788023834,True,1.0,0.29000000000000004
2025-10-20,Vienna,R16,Hard,3,Flavio Cobolli,Jannik Sinner,player1,top_10,0.09995513076569733,14.25,0.06740837696335078,0.03254675380234655,0.4243606134111869,False,1.0,-1.0
2025-10-20,Vienna,QF,Hard,3,Alexander Zverev,Tallon Griekspoor,player2,top_10,0.7726523769800377,1.46,0.6464891041162226,0.12616327286381512,0.12807247039085506,True,1.0,0.45999999999999996
2025-10-20,Vienna,QF,Hard,3,Alex De Minaur,Matteo Berrettini,player1,top_10,0.7954317402098239,1.3,0.7291666666666667,0.06626507354315714,0.034061262272771065,True,1.0,0.30000000000000004
2025-10-27,Paris Masters,R64,Hard,4,Camilo Ugo Carabelli,Tomas Martin Etcheverry,player2,other,0.2181569688301425,4.96,0.19086460032626426,0.027292368503878228,0.08205856539750667,True,1.0,3.96
2025-10-27,Paris Masters,R64,Hard,4,Daniil Medvedev,Jaume Munar,player1,other,0.7453122914205031,1.41,0.6690140845070424,0.07629820691346079,0.0508903309029094,True,1.0,0.4099999999999999
2025-10-27,Paris Masters,R64,Hard,4,Grigor Dimitrov,Giovanni Mpetshi Perricard,player1,other,0.45055630371018623,2.34,0.4015345268542199,0.049021776855966315,0.054301750681835737,True,1.0,1.3399999999999999
2025-10-27,Paris Masters,R32,Hard,4,Zizou Bergs,Jannik Sinner,player2,top_10,0.09095965683717742,12.75,0.07474600870827286,0.016213648128904565,0.15973562467401214,False,1.0,-1.0
2025-10-27,Paris Masters,R32,Hard,4,Ben Shelton,Flavio Cobolli,player1,top_10,0.6451590991288466,1.97,0.4788359788359788,0.16632312029286783,0.2709634252838278,True,1.0,0.97
2025-10-27,Paris Masters,R32,Hard,4,Camilo Ugo Carabelli,Alexander Zverev,player1,top_10,0.11065988029458333,11.58,0.0831353919239905,0.027524488370592834,0.28144141381127485,False,1.0,-1.0
2025-10-27,Paris Masters,R32,Hard,4,Grigor Dimitrov,Daniil Medvedev,player1,other,0.2938051690337122,3.53,0.2676348547717842,0.02617031426192795,0.037132246689003945,False,1.0,-1.0
2025-10-27,Paris Masters,R32,Hard,4,Lorenzo Sonego,Lorenzo Musetti,player2,top_10,0.3865190482326417,3.48,0.2719665271966527,0.11455252103598901,0.34508628784959317,True,1.0,2.48
2025-10-27,Paris Masters,R32,Hard,4,Joao Fonseca,Karen Khachanov,player1,other,0.5134387736131715,2.12,0.4450261780104712,0.0684125956027003,0.08849020005992358,False,1.0,-1.0
2025-10-27,Paris Masters,R32,Hard,4,Felix Auger Aliassime,Alexandre Muller,player1,top_10,0.8482050802399739,1.27,0.7449799196787148,0.10322516056125908,0.07722045190476684,True,1.0,0.27
2025-10-27,Paris Masters,R16,Hard,4,Francisco Cerundolo,Jannik Sinner,player1,top_10,0.09270860070240872,11.75,0.0805946791862285,0.012113921516180223,0.08932605825330242,False,1.0,-1.0
2025-10-27,Paris Masters,R16,Hard,4,Alexander Zverev,Alejandro Davidovich Fokina,player2,top_10,0.7681360518269819,1.44,0.6538461538461539,0.114289897980828,0.10611591463085385,True,1.0,0.43999999999999995
2025-10-27,Paris Masters,R16,Hard,4,Alex De Minaur,Karen Khachanov,player2,top_10,0.6857556485235695,1.63,0.5777202072538861,0.10803544126968345,0.11778170709341823,True,1.0,0.6299999999999999
2025-10-27,Paris Masters,R16,Hard,4,Taylor Fritz,Alexander Bublik,player1,top_10,0.6822591041523833,1.73,0.5447368421052632,0.13752226204712015,0.18030825018362318,False,1.0,-1.0
2025-10-27,Paris Masters,R16,Hard,4,Felix Auger Aliassime,Daniel Altmaier,player2,top_10,0.8021541487350098,1.41,0.6697892271662763,0.13236492156873347,0.13103734971636372,True,1.0,0.4099999999999999
2025-10-27,Paris Masters,QF,Hard,4,Alex De Minaur,Alexander Bublik,player2,top_10,0.6844295454214985,1.74,0.5408970976253298,0.1435324477961687,0.1909074090334073,False,1.0,-1.0
2025-10-27,Paris Masters,QF,Hard,4,Valentin Vacherot,Felix Auger Aliassime,player1,top_10,0.45346521370779397,2.28,0.4138817480719795,0.03958346563581444,0.033900687253770156,False,1.0,-1.0
2025-10-27,Paris Masters,SF,Hard,4,Felix Auger Aliassime,Alexander Bublik,player1,top_10,0.6399460066932704,1.9,0.4973544973544974,0.14259150933877301,0.21589741271721374,True,1.0,0.8999999999999999
2025-11-02,Athens,R16,Hard,3,Stan Wawrinka,Lorenzo Musetti,player2,top_10,0.2996293456405388,4.81,0.1956521739130435,0.1039771717274953,0.44121715253099136,False,1.0,-1.0
2025-11-02,Athens,R16,Hard,3,Damir Dzumhur,Sebastian Korda,player2,other,0.27786159992519804,3.73,0.2525050100200401,0.025356589905157934,0.036423767720988764,False,1.0,-1.0
2025-11-02,Athens,R16,Hard,3,Novak Djokovic,Alejandro Tabilo,player1,top_10,0.8610620323254863,1.21,0.7803992740471869,0.08066275827829938,0.04188505911383836,True,1.0,0.20999999999999996
2025-11-02,Athens,SF,Hard,3,Sebastian Korda,Lorenzo Musetti,player1,top_10,0.5954800567466053,2.07,0.45669291338582685,0.13878714336077846,0.23264371746547285,False,1.0,-1.0
2025-11-02,Athens,SF,Hard,3,Novak Djokovic,Yannick Hanfmann,player2,top_10,0.8597971733329407,1.22,0.7711069418386493,0.08869023149429145,0.04895255146618763,True,1.0,0.21999999999999997
2025-11-02,Athens,F,Hard,3,Novak Djokovic,Lorenzo Musetti,player2,top_10,0.7611881068650767,1.36,0.6957494407158836,0.06543866614919303,0.0352158253365043,True,1.0,0.3600000000000001
2025-11-09,Tour Finals,RR,Hard,1,Felix Auger Aliassime,Ben Shelton,player1,top_10,0.47880088048893404,2.18,0.4352331606217616,0.04356771986717245,0.0437859194658764,True,1.0,1.1800000000000002
2025-11-09,Tour Finals,RR,Hard,1,Alexander Zverev,Felix Auger Aliassime,player2,top_10,0.3347899463687958,4.8,0.1986644407345576,0.13612550563423817,0.6069917425702196,False,1.0,-1.0
2025-11-09,Tour Finals,RR,Hard,1,Felix Auger Aliassime,Jannik Sinner,player2,top_10,0.13902584928492917,8.64,0.11019567456230688,0.028830174722622295,0.2011833378217882,False,1.0,-1.0
2025-11-09,Tour Finals,RR,Hard,1,Lorenzo Musetti,Alex De Minaur,player1,top_10,0.33474217143975293,3.13,0.3028953229398664,0.03184684849988656,0.04774299660642667,True,1.0,2.13
2025-11-09,Tour Finals,RR,Hard,1,Lorenzo Musetti,Taylor Fritz,player1,top_10,0.4226004050117038,2.87,0.3294392523364486,0.09316115267525521,0.21286316238359004,False,1.0,-1.0
2025-11-09,Tour Finals,RR,Hard,1,Alex De Minaur,Carlos Alcaraz,player2,top_10,0.2252796271934386,4.66,0.20341880341880342,0.02186082377463519,0.049803062721423985,False,1.0,-1.0
2025-11-09,Tour Finals,RR,Hard,1,Taylor Fritz,Carlos Alcaraz,player2,top_10,0.24173071811569,4.4,0.21568627450980393,0.026044443605886064,0.06361515970903608,False,1.0,-1.0
2025-11-09,Tour Finals,SF,Hard,1,Alex De Minaur,Jannik Sinner,player2,top_10,0.11528597189443446,9.44,0.10095238095238096,0.014333590942053498,0.08829957468346128,False,1.0,-1.0
2025-11-09,Tour Finals,SF,Hard,1,Felix Auger Aliassime,Carlos Alcaraz,player2,top_10,0.2766924393007318,4.75,0.20033670033670034,0.07635573896403144,0.314289086678476,False,1.0,-1.0
2025-11-09,Tour Finals,F,Hard,1,Carlos Alcaraz,Jannik Sinner,player1,top_10,0.4578958607144328,2.61,0.36341463414634145,0.09448122656809133,0.19510819646466948,False,1.0,-1.0
2026-01-04,Brisbane,R32,Hard,3,Alexei Popyrin,Quentin Halys,player1,other,0.6651212076917595,1.55,0.6075949367088608,0.05752627098289875,0.0309378719222273,False,1.0,-1.0
2026-01-04,Brisbane,R32,Hard,3,Denis Shapovalov,Raphael Collignon,player2,other,0.6068875321820045,1.74,0.5421052631578948,0.06478226902410977,0.055984305996687855,False,1.0,-1.0
2026-01-04,Brisbane,R32,Hard,3,Nick Kyrgios,Aleksandar Kovacevic,player1,other,0.4922880810486668,2.29,0.4113110539845758,0.08097702706409099,0.12733970560144692,False,1.0,-1.0
2026-01-04,Brisbane,R32,Hard,3,Camilo Ugo Carabelli,Learner Tien,player1,other,0.20458768361967208,5.06,0.1864951768488746,0.01809250677079749,0.03521367911554063,False,1.0,-1.0
2026-01-04,Brisbane,R32,Hard,3,Alex Michelsen,James Duckworth,player2,other,0.6406144799766972,1.71,0.5523560209424083,0.08825845903428886,0.09545076076015213,True,1.0,0.71
2026-01-04,Brisbane,R32,Hard,3,Daniel Altmaier,Kamil Majchrzak,player1,other,0.5788494494112019,1.84,0.5093333333333333,0.06951611607786856,0.06508298691661146,False,1.0,-1.0
2026-01-04,Brisbane,R16,Hard,3,Cameron Norrie,Aleksandar Kovacevic,player2,other,0.699730774363554,1.48,0.6407766990291263,0.05895407533442776,0.03560154605805993,False,1.0,-1.0
2026-01-04,Brisbane,R16,Hard,3,Reilly Opelka,Kamil Majchrzak,player1,other,0.5919322302149331,1.8,0.5250659630606861,0.06686626715424704,0.06547801438687967,False,1.0,-1.0
2026-01-04,Brisbane,SF,Hard,3,Alex Michelsen,Daniil Medvedev,player2,other,0.2736075927561959,3.77,0.25049701789264417,0.023110574863551725,0.03150062469085846,False,1.0,-1.0
2026-01-04,Brisbane,F,Hard,3,Brandon Nakashima,Daniil Medvedev,player2,other,0.30987182517282585,3.6,0.26229508196721313,0.047576743205612726,0.1155385706221731,False,1.0,-1.0
2026-01-05,Hong Kong,R16,Hard,3,Lorenzo Sonego,Juncheng Shang,player2,other,0.48282433113252415,2.23,0.422279792746114,0.06054453838641016,0.07669825842552891,False,1.0,-1.0
2026-01-05,Hong Kong,QF,Hard,3,Coleman Wong,Lorenzo Musetti,player2,top_10,0.3496813679992141,3.71,0.2535211267605634,0.09616024123865075,0.2973178752770844,False,1.0,-1.0
2026-01-05,Hong Kong,F,Hard,3,Alexander Bublik,Lorenzo Musetti,player2,top_10,0.5934173936852153,1.8,0.5238095238095238,0.06960786987569145,0.06815130863338753,True,1.0,0.8
2026-01-12,Auckland,R16,Hard,3,Nuno Borges,Eliot Spizzirri,player2,other,0.6049725655735135,1.72,0.5473684210526316,0.05760414452088192,0.04055281278644324,False,1.0,-1.0
2026-01-12,Auckland,R16,Hard,3,Ben Shelton,Francisco Comesana,player2,top_10,0.8199082921718929,1.29,0.7323651452282157,0.08754314694367715,0.057681696901741825,True,1.0,0.29000000000000004
2026-01-12,Adelaide,R32,Hard,3,Alexei Popyrin,Reilly Opelka,player1,other,0.5860926756753617,1.77,0.5317460317460317,0.054346643929329974,0.03738403594539025,False,1.0,-1.0
2026-01-12,Adelaide,R32,Hard,3,Gabriel Diallo,Andrea Vavassori,player1,other,0.7522860185172261,1.42,0.6823266219239373,0.06995939659328876,0.06824614629446102,False,1.0,-1.0
2026-01-12,Adelaide,R16,Hard,3,Aleksandar Vukic,Andrea Vavassori,player2,other,0.661794973520006,1.56,0.6050632911392405,0.056731682380765536,0.03240015869120949,True,1.0,0.56
2026-01-12,Adelaide,QF,Hard,3,Tomas Machac,Jaume Munar,player1,other,0.5996392013732482,1.77,0.5317460317460317,0.06789316962721648,0.06136138643064937,True,1.0,0.77
2026-01-19,Australian Open,R128,Hard,5,Filip Misolic,Alejandro Davidovich Fokina,player2,other,0.15681541645377378,8.94,0.10600000000000001,0.05081541645377377,0.40192982309673764,False,1.0,-1.0
2026-01-19,Australian Open,R128,Hard,5,Mackenzie Mcdonald,Alex De Minaur,player2,top_10,0.11003979652869329,10.02,0.0948509485094851,0.015188848019208195,0.10259876121750677,False,1.0,-1.0
2026-01-19,Australian Open,R128,Hard,5,Jesper De Jong,Daniil Medvedev,player1,other,0.15734194059821968,9.88,0.09606587374199452,0.061276066856225164,0.5545383731104105,False,1.0,-1.0
2026-01-19,Australian Open,R128,Hard,5,Felix Auger Aliassime,Nuno Borges,player2,top_10,0.8413640854492477,1.28,0.7382413087934561,0.10312277665579161,0.07694602937503706,False,1.0,-1.0
2026-01-19,Australian Open,R128,Hard,5,Carlos Taberner,Lorenzo Sonego,player2,other,0.18822471006878605,7.38,0.12765957446808512,0.060565135600700926,0.3890983603076411,False,1.0,-1.0
2026-01-19,Australian Open,R128,Hard,5,Tallon Griekspoor,Ethan Quinn,player1,other,0.6005476859700808,1.72,0.5473684210526316,0.053179264917449176,0.03294201986853895,False,1.0,-1.0
2026-01-19,Australian Open,R128,Hard,5,Pedro Martinez,Novak Djokovic,player2,top_10,0.0963544318278327,12.53,0.07595870206489676,0.020395729762935938,0.20732103080274356,False,1.0,-1.0
2026-01-19,Australian Open,R128,Hard,5,Ben Shelton,Ugo Humbert,player2,top_10,0.6676275159657127,1.57,0.5984654731457799,0.06916204281993277,0.04817520006616893,True,1.0,0.5700000000000001
2026-01-19,Australian Open,R128,Hard,5,Joao Fonseca,Eliot Spizzirri,player1,other,0.6771127238477245,1.53,0.6184538653366584,0.058658858511066114,0.035982467487018444,False,1.0,-1.0
2026-01-19,Australian Open,R128,Hard,5,Hugo Gaston,Jannik Sinner,player2,top_10,0.08959053232751919,26.85,0.0362526920315865,0.05333784029593269,1.4055057929938903,False,1.0,-1.0
2026-01-19,Australian Open,R64,Hard,5,Yannick Hanfmann,Carlos Alcaraz,player1,top_10,0.10026940134273914,19.31,0.04970472440944883,0.05056467693329031,0.9362021399282926,False,1.0,-1.0
2026-01-19,Australian Open,R64,Hard,5,Thiago Agustin Tirante,Tommy Paul,player2,other,0.15250561642789645,7.83,0.12121212121212122,0.031293495215775236,0.1941189766304292,False,1.0,-1.0
2026-01-19,Australian Open,R64,Hard,5,Hamad Medjedovic,Alex De Minaur,player2,top_10,0.19607282018543817,5.5,0.1716867469879518,0.02438607319748637,0.07840051101990997,False,1.0,-1.0
2026-01-19,Australian Open,R64,Hard,5,Alexandre Muller,Alexander Zverev,player1,top_10,0.10992020255259409,9.98,0.09519492293744332,0.014725279615150771,0.09700362147488906,False,1.0,-1.0
2026-01-19,Australian Open,R64,Hard,5,Quentin Halys,Daniil Medvedev,player2,other,0.16649861038488953,6.55,0.14379084967320263,0.022707760711686897,0.09056589802102644,False,1.0,-1.0
2026-01-19,Australian Open,R64,Hard,5,Vit Kopriva,Taylor Fritz,player2,top_10,0.13839811954311906,7.73,0.12258796821793419,0.015810151325184874,0.06981746406831046,False,1.0,-1.0
2026-01-19,Australian Open,R64,Hard,5,Botic Van De Zandschulp,Juncheng Shang,player2,other,0.46857673158928526,2.22,0.4248704663212435,0.04370626526804178,0.04024034412821331,True,1.0,1.2200000000000002
2026-01-19,Australian Open,R64,Hard,5,James Duckworth,Jannik Sinner,player2,top_10,0.0951854283891901,22.15,0.04360967184801382,0.05157575654117628,1.1083572388205605,False,1.0,-1.0
2026-01-19,Australian Open,R32,Hard,5,Corentin Moutet,Carlos Alcaraz,player1,top_10,0.09995786933875354,17.54,0.05444743935309974,0.04551042998565381,0.7532610282017371,False,1.0,-1.0
2026-01-19,Australian Open,R32,Hard,5,Alexander Zverev,Cameron Norrie,player1,top_10,0.8697036639118143,1.21,0.7823741007194245,0.08732956319238983,0.05234143333329527,True,1.0,0.20999999999999996
2026-01-19,Australian Open,R32,Hard,5,Lorenzo Musetti,Tomas Machac,player2,top_10,0.6911301988226283,1.5,0.626865671641791,0.0642645271808373,0.03669529823394241,True,1.0,0.5
2026-01-19,Australian Open,R32,Hard,5,Botic Van De Zandschulp,Novak Djokovic,player2,top_10,0.12846788659064115,8.23,0.11505376344086023,0.013414123149780924,0.057290706640976685,False,1.0,-1.0
2026-01-19,Australian Open,R32,Hard,5,Eliot Spizzirri,Jannik Sinner,player1,top_10,0.08821711240967418,33.15,0.029566744730679162,0.05865036767899502,1.9243972763806991,False,1.0,-1.0
2026-01-19,Australian Open,R16,Hard,5,Alexander Zverev,Francisco Cerundolo,player2,top_10,0.8573852986683846,1.35,0.697986577181208,0.1593987214871766,0.15747015320231933,True,1.0,0.3500000000000001
2026-01-19,Australian Open,R16,Hard,5,Learner Tien,Daniil Medvedev,player2,other,0.39800703006854216,2.75,0.34210526315789475,0.05590176691064741,0.09451933268849089,True,1.0,1.75
2026-01-19,Australian Open,R16,Hard,5,Taylor Fritz,Lorenzo Musetti,player2,top_10,0.6068236402206718,1.72,0.549738219895288,0.05708542032538377,0.04373666117955549,False,1.0,-1.0
2026-01-19,Australian Open,R16,Hard,5,Ben Shelton,Casper Ruud,player1,top_10,0.6829090513121806,1.53,0.6175,0.06540905131218056,0.04485084850763632,True,1.0,0.53
2026-01-19,Australian Open,R16,Hard,5,Luciano Darderi,Jannik Sinner,player1,top_10,0.09430698163788587,16.08,0.05964912280701755,0.03465785883086832,0.5164562647372046,False,1.0,-1.0
2026-01-19,Australian Open,QF,Hard,5,Alexander Zverev,Learner Tien,player2,top_10,0.7352202426967663,1.44,0.6563245823389022,0.0788956603578641,0.0587171494833435,True,1.0,0.43999999999999995
2026-01-19,Australian Open,QF,Hard,5,Novak Djokovic,Lorenzo Musetti,player1,top_10,0.8250596105816537,1.31,0.7206823027718551,0.10437730780979859,0.08082808986196632,True,1.0,0.31000000000000005
2026-01-19,Australian Open,SF,Hard,5,Novak Djokovic,Jannik Sinner,player2,top_10,0.16658793993196844,8.63,0.11030927835051545,0.05627866158145299,0.43765392161288774,True,1.0,7.630000000000001
2026-02-02,Montpellier,R32,Hard,3,Arthur Fils,Valentin Royer,player2,other,0.6543408788793633,1.66,0.5665796344647519,0.08776124441461142,0.08620585893974303,True,1.0,0.6599999999999999
2026-02-02,Montpellier,R32,Hard,3,Hamad Medjedovic,Stan Wawrinka,player1,other,0.6908694353568078,1.5,0.6287128712871286,0.06215656406967918,0.03630415303521167,False,1.0,-1.0
2026-02-02,Montpellier,R16,Hard,3,Felix Auger Aliassime,Stan Wawrinka,player1,top_10,0.7949043240116009,1.3,0.7239915074309979,0.070912816580603,0.03337562121508125,True,1.0,0.30000000000000004
2026-02-02,Montpellier,QF,Hard,3,Arthur Fils,Felix Auger Aliassime,player2,top_10,0.4290098137280469,2.57,0.3669950738916256,0.062014739836421306,0.10255522128108052,False,1.0,-1.0
2026-02-09,Rotterdam,R32,Hard,3,Hubert Hurkacz,Alexander Bublik,player1,top_10,0.5236360341330691,2.11,0.4476439790575916,0.07599205507547752,0.10487203202077577,False,1.0,-1.0
2026-02-09,Rotterdam,QF,Hard,3,Alexander Bublik,Jaume Munar,player2,top_10,0.7259173725425225,1.49,0.6383495145631067,0.0875678579794158,0.08161688508835857,True,1.0,0.49
2026-02-09,Rotterdam,SF,Hard,3,Alex De Minaur,Ugo Humbert,player1,top_10,0.7371573628535737,1.41,0.6690140845070424,0.06814327834653133,0.03939188162353885,True,1.0,0.4099999999999999
2026-02-09,Dallas,R32,Hard,3,Taylor Fritz,Marcos Giron,player2,top_10,0.8169178456688303,1.38,0.6820276497695854,0.1348901958992449,0.12734662702298571,True,1.0,0.3799999999999999
2026-02-09,Dallas,R16,Hard,3,Ethan Quinn,Marin Cilic,player1,other,0.4682223915159644,2.46,0.38345864661654133,0.08476374489942307,0.1518270831292725,False,1.0,-1.0
2026-02-09,Dallas,SF,Hard,3,Ben Shelton,Denis Shapovalov,player2,top_10,0.7138307837814922,1.5,0.6296296296296295,0.08420115415186269,0.07074617567223834,True,1.0,0.5
2026-02-09,Dallas,SF,Hard,3,Marin Cilic,Taylor Fritz,player1,top_10,0.43077838282839515,2.43,0.3879093198992443,0.042869062929150825,0.046791470273000235,False,1.0,-1.0
2026-02-09,Dallas,F,Hard,3,Ben Shelton,Taylor Fritz,player2,top_10,0.5182033157972776,2.08,0.4540682414698162,0.0641350743274614,0.07786289685833747,True,1.0,1.08
2026-02-09,Buenos Aires,R32,Clay,3,Ignacio Buse,Francesco Passaro,player2,other,0.4529675701524669,2.36,0.39795918367346944,0.05500838647899747,0.06900346555982184,True,1.0,1.3599999999999999
2026-02-09,Buenos Aires,R32,Clay,3,Damir Dzumhur,Hugo Dellien,player2,other,0.530579397664897,1.96,0.48010610079575594,0.05047329686914109,0.03993561942319812,False,1.0,-1.0
2026-02-16,Doha,R32,Hard,3,Moez Echargui,Stefanos Tsitsipas,player2,other,0.16505338681154058,6.87,0.13693467336683418,0.0281187134447064,0.1339167673952838,False,1.0,-1.0
2026-02-16,Doha,R32,Hard,3,Arthur Rinderknech,Carlos Alcaraz,player1,top_10,0.15123277851733377,14.41,0.06610499027867792,0.08512778823865585,1.1792643384347798,False,1.0,-1.0
2026-02-16,Doha,R16,Hard,3,Alexei Popyrin,Jannik Sinner,player1,top_10,0.10105520191299955,15.19,0.06292412091301666,0.038131080999982886,0.535028517058463,False,1.0,-1.0
2026-02-16,Doha,R16,Hard,3,Valentin Royer,Carlos Alcaraz,player2,top_10,0.1000984935193208,12.77,0.07396664249456128,0.026131851024759525,0.2782577622417266,False,1.0,-1.0
2026-02-16,Doha,QF,Hard,3,Jakub Mensik,Jannik Sinner,player2,top_10,0.16853746805318534,8.5,0.11087866108786612,0.05765880696531922,0.43256847845207547,True,1.0,7.5
2026-02-16,Delray Beach,R32,Hard,3,Valentin Vacherot,Alex Michelsen,player2,other,0.5612402842376403,1.87,0.502659574468085,0.05858070976955532,0.04951933152438737,False,1.0,-1.0
2026-02-16,Delray Beach,R16,Hard,3,Casper Ruud,Marcos Giron,player1,other,0.7153619330888805,1.47,0.6388206388206389,0.07654129426824163,0.05158204164065433,True,1.0,0.47
2026-02-16,Delray Beach,R16,Hard,3,Adam Walton,Tommy Paul,player2,other,0.15718355630804226,7.13,0.13260340632603407,0.024580149982008193,0.12071875647634134,False,1.0,-1.0
2026-02-16,Delray Beach,QF,Hard,3,Tommy Paul,Taylor Fritz,player2,top_10,0.4872814407224159,2.19,0.4296875,0.057593940722415915,0.06714635518209089,True,1.0,1.19
2026-02-16,Rio de Janeiro,R32,Clay,3,Pedro Martinez,Damir Dzumhur,player2,other,0.646331462160513,1.62,0.5813953488372093,0.06493611332330362,0.047056968700031065,False,1.0,-1.0
2026-02-16,Rio de Janeiro,R16,Clay,3,Jaime Faria,Damir Dzumhur,player2,other,0.6707185300753998,1.57,0.5984654731457799,0.07225305692961992,0.05302809221837779,True,1.0,0.5700000000000001
2026-02-16,Rio de Janeiro,SF,Clay,3,Ignacio Buse,Alejandro Tabilo,player2,other,0.4713463709990046,2.23,0.42377260981912146,0.047573761179883156,0.051102407327780375,False,1.0,-1.0
2026-02-23,Dubai,R32,Hard,3,Alexander Bublik,Jan Lennard Struff,player1,top_10,0.7825560679551308,1.35,0.697986577181208,0.08456949077392273,0.05645069173942663,True,1.0,0.3500000000000001
2026-02-23,Dubai,R32,Hard,3,Hubert Hurkacz,Jakub Mensik,player2,other,0.46269088495811467,2.23,0.422279792746114,0.04041109221200068,0.03180067345659565,False,1.0,-1.0
2026-02-23,Dubai,R32,Hard,3,Benjamin Hassan,Stan Wawrinka,player1,other,0.2065607664775134,5.35,0.17692307692307693,0.029637689554436464,0.10510010065469666,False,1.0,-1.0
2026-02-23,Dubai,QF,Hard,3,Jakub Mensik,Tallon Griekspoor,player2,other,0.7675668720105309,1.36,0.69438202247191,0.07318484953862081,0.04389094593432208,False,1.0,-1.0
2026-02-23,Dubai,QF,Hard,3,Jiri Lehecka,Felix Auger Aliassime,player2,top_10,0.3992610397980159,2.71,0.3469879518072289,0.052273087990787004,0.08199741785262304,False,1.0,-1.0
2026-02-23,Acapulco,R32,Hard,3,Dalibor Svrcina,James Duckworth,player2,other,0.671488086390034,1.63,0.578811369509044,0.09267671688099,0.09452558081575535,True,1.0,0.6299999999999999
2026-02-23,Acapulco,R32,Hard,3,Adrian Mannarino,Sho Shimabukuro,player2,other,0.6055137890319133,1.71,0.5488126649076518,0.05670112412426154,0.03542857924457177,False,1.0,-1.0
2026-02-23,Acapulco,QF,Hard,3,Valentin Vacherot,Brandon Nakashima,player1,other,0.5108429822512864,2.05,0.46052631578947373,0.05031666646181271,0.047228113615137124,False,1.0,-1.0
2026-02-23,Acapulco,QF,Hard,3,Flavio Cobolli,Yibing Wu,player2,other,0.5059736417591304,2.17,0.4348958333333333,0.07107780842579708,0.09796280261731294,True,1.0,1.17
2026-03-04,Indian Wells Masters,R128,Hard,4,Terence Atmane,Grigor Dimitrov,player2,other,0.4800953036876763,2.24,0.4196891191709845,0.060406184516691774,0.07541348026039496,False,1.0,-1.0
2026-03-04,Indian Wells Masters,R64,Hard,4,Dalibor Svrcina,Jannik Sinner,player1,top_10,0.08805132470928416,16.55,0.057517084282460135,0.030534240426824025,0.45724942393865275,False,1.0,-1.0
2026-03-04,Indian Wells Masters,R64,Hard,4,Reilly Opelka,Ben Shelton,player1,top_10,0.2854902599045703,3.8,0.24901185770750986,0.03647840219706042,0.0848629876373671,False,1.0,-1.0
2026-03-04,Indian Wells Masters,R64,Hard,4,Marton Fucsovics,Lorenzo Musetti,player1,top_10,0.3190142594725282,3.38,0.27931769722814503,0.03969656224438317,0.07826819701714538,True,1.0,2.38
2026-03-04,Indian Wells Masters,R64,Hard,4,Grigor Dimitrov,Carlos Alcaraz,player2,top_10,0.11107352803551579,12.05,0.07874617737003058,0.03232735066548521,0.3384360128279653,False,1.0,-1.0
2026-03-04,Indian Wells Masters,R32,Hard,4,Denis Shapovalov,Jannik Sinner,player1,top_10,0.10827117188867148,11.16,0.0844954881050041,0.023775683783667387,0.20830627827757375,False,1.0,-1.0
2026-03-04,Indian Wells Masters,R32,Hard,4,Joao Fonseca,Tommy Paul,player1,other,0.3810051892882071,2.74,0.3413461538461538,0.03965903544205329,0.043954218649687515,True,1.0,1.7400000000000002
2026-03-04,Indian Wells Masters,R32,Hard,4,Ben Shelton,Learner Tien,player2,top_10,0.7433989552941708,1.63,0.5766233766233767,0.16677557867079407,0.21174029712949827,False,1.0,-1.0
2026-03-04,Indian Wells Masters,R32,Hard,4,Sebastian Baez,Daniil Medvedev,player2,other,0.21906173333329118,5.41,0.17404580152671753,0.04501593180657365,0.18512397733310526,False,1.0,-1.0
2026-03-04,Indian Wells Masters,R32,Hard,4,Jack Draper,Francisco Cerundolo,player2,other,0.6945597976198933,1.52,0.6218905472636816,0.07266925035621163,0.05573089238223783,True,1.0,0.52
2026-03-04,Indian Wells Masters,R32,Hard,4,Arthur Rinderknech,Carlos Alcaraz,player1,top_10,0.13875800310367292,13.07,0.07304964539007092,0.065708357713602,0.813567100565005,False,1.0,-1.0
2026-03-04,Indian Wells Masters,R16,Hard,4,Alexander Zverev,Frances Tiafoe,player2,top_10,0.8334269860118914,1.34,0.7067833698030634,0.1266436162088279,0.1167921612559345,True,1.0,0.3400000000000001
2026-03-04,Indian Wells Masters,R16,Hard,4,Alex Michelsen,Daniil Medvedev,player2,other,0.2794516656898529,3.75,0.25149700598802394,0.027954659701828977,0.04794374633694842,False,1.0,-1.0
2026-03-04,Indian Wells Masters,R16,Hard,4,Novak Djokovic,Jack Draper,player1,top_10,0.6810536365021607,1.65,0.5714285714285715,0.10962506507358916,0.12373850022856503,False,1.0,-1.0
2026-03-04,Indian Wells Masters,QF,Hard,4,Alexander Zverev,Arthur Fils,player1,top_10,0.6735712155338524,1.56,0.6050632911392405,0.06850792439461184,0.05077109623280973,True,1.0,0.56
2026-03-04,Indian Wells Masters,QF,Hard,4,Cameron Norrie,Carlos Alcaraz,player2,top_10,0.10222381436727106,10.54,0.08981001727115717,0.012413797096113885,0.07743900343103682,False,1.0,-1.0
2026-03-04,Indian Wells Masters,F,Hard,4,Jannik Sinner,Daniil Medvedev,player1,top_10,0.8274187584047153,1.25,0.7572815533980582,0.0701372050066571,0.034273448005894186,True,1.0,0.25
2026-03-18,Miami Masters,R128,Hard,4,Matteo Arnaldi,Alexander Shevchenko,player1,other,0.5153329915189023,2.09,0.45000000000000007,0.06533299151890226,0.07704595227450584,False,1.0,-1.0
2026-03-18,Miami Masters,R128,Hard,4,Mariano Navone,Nikoloz Basilashvili,player1,other,0.555610730428183,1.86,0.5053191489361702,0.05029158149201274,0.0334359585964204,True,1.0,0.8600000000000001
2026-03-18,Miami Masters,R128,Hard,4,Reilly Opelka,Nuno Borges,player1,other,0.5958575896119216,1.74,0.5421052631578948,0.05375232645402683,0.03679220592474358,True,1.0,0.74
2026-03-18,Miami Masters,R64,Hard,4,Damir Dzumhur,Jannik Sinner,player1,top_10,0.08859308202938132,28.29,0.034470989761092155,0.054122092268289165,1.5062982906111975,False,1.0,-1.0
2026-03-18,Miami Masters,R64,Hard,4,Gabriel Diallo,Ugo Humbert,player1,other,0.4877552535225529,2.12,0.44356955380577423,0.04418569971677866,0.03404113746781223,False,1.0,-1.0
2026-03-18,Miami Masters,R64,Hard,4,Alexander Shevchenko,Ben Shelton,player2,top_10,0.20747948531032978,6.05,0.15620641562064158,0.0512730696896882,0.25525088612749525,True,1.0,5.05
2026-03-18,Miami Masters,R64,Hard,4,Stefanos Tsitsipas,Alex De Minaur,player1,top_10,0.4289812634839252,2.67,0.3535108958837772,0.07547036760014797,0.1453799735020802,True,1.0,1.67
2026-03-18,Miami Masters,R64,Hard,4,Luciano Darderi,Martin Landaluce,player2,other,0.6029007244766545,1.73,0.5447368421052632,0.05816388237139136,0.043018253344612345,False,1.0,-1.0
2026-03-18,Miami Masters,R32,Hard,4,Corentin Moutet,Jannik Sinner,player1,top_10,0.11464037835950891,17.08,0.056353591160221005,0.058286787199287905,0.958057662380412,False,1.0,-1.0
2026-03-18,Miami Masters,R32,Hard,4,Felix Auger Aliassime,Terence Atmane,player1,top_10,0.845492536922035,1.26,0.7469879518072289,0.09850458511480609,0.06532059652176406,False,1.0,-1.0
2026-03-18,Miami Masters,R32,Hard,4,Valentin Vacherot,Matteo Berrettini,player2,other,0.5046539202313273,2.15,0.4386422976501305,0.06601162258119675,0.08500592849735356,True,1.0,1.15
2026-03-18,Miami Masters,R16,Hard,4,Alex Michelsen,Jannik Sinner,player1,top_10,0.10532444664000266,11.79,0.08034321372854915,0.024981232911453516,0.24177522588563127,False,1.0,-1.0
2026-03-18,Miami Masters,R16,Hard,4,Terence Atmane,Frances Tiafoe,player2,other,0.37645162426354184,2.74,0.34292565947242204,0.0335259647911198,0.03147745048210471,False,1.0,-1.0
2026-03-18,Miami Masters,R16,Hard,4,Ugo Humbert,Francisco Cerundolo,player1,other,0.5967855440818367,1.81,0.519893899204244,0.0768916448775927,0.08018183478812446,False,1.0,-1.0
2026-03-18,Miami Masters,QF,Hard,4,Frances Tiafoe,Jannik Sinner,player2,top_10,0.10732983930004919,12.21,0.07779456193353473,0.029535277366514456,0.3104973378536007,False,1.0,-1.0
2026-03-18,Miami Masters,QF,Hard,4,Alexander Zverev,Francisco Cerundolo,player1,top_10,0.7979222154406557,1.32,0.7161290322580645,0.08179318318259121,0.05325732438166553,True,1.0,0.32000000000000006
2026-03-30,Marrakech,R32,Clay,3,Juan Manuel Cerundolo,Kamil Majchrzak,player1,other,0.5249421303085596,2.0,0.4694960212201591,0.05544610908840053,0.04988426061711926,False,1.0,-1.0
2026-03-30,Marrakech,R32,Clay,3,Henrique Rocha,Marco Trungelliti,player2,other,0.6658031131051835,1.59,0.5912596401028277,0.07454347300235575,0.05862694983724176,False,1.0,-1.0
2026-03-30,Marrakech,R16,Clay,3,Kamil Majchrzak,Marco Trungelliti,player1,other,0.708790373960329,1.48,0.6372549019607844,0.07153547199954458,0.04900975346128683,False,1.0,-1.0
2026-03-30,Bucharest,R16,Clay,3,Alex Molcan,Gabriel Diallo,player2,other,0.48663277765439433,2.21,0.4244791666666667,0.06215361098772765,0.07545843861621149,True,1.0,1.21
2026-03-30,Bucharest,QF,Clay,3,Alex Molcan,Mariano Navone,player2,other,0.34031907930893085,3.06,0.30612244897959184,0.034196630329339006,0.041376382685328394,False,1.0,-1.0
2026-04-05,Monte Carlo Masters,R64,Clay,4,Stefanos Tsitsipas,Francisco Cerundolo,player2,other,0.509890909192408,2.07,0.4552631578947368,0.05462775129767117,0.05547418202828447,False,1.0,-1.0
2026-04-05,Monte Carlo Masters,R64,Clay,4,Alexander Shevchenko,Marin Cilic,player1,other,0.5244611249777095,1.99,0.4735449735449735,0.05091615143273598,0.043677638705641786,False,1.0,-1.0
2026-04-05,Monte Carlo Masters,R64,Clay,4,Miomir Kecmanovic,Cameron Norrie,player2,other,0.48099346480749944,2.17,0.433420365535248,0.04757309927225145,0.043755818632273735,False,1.0,-1.0
2026-04-05,Monte Carlo Masters,R64,Clay,4,Denis Shapovalov,Alexander Blockx,player2,other,0.559760515188182,1.96,0.48010610079575594,0.0796544143924261,0.0971306097688368,False,1.0,-1.0
2026-04-05,Monte Carlo Masters,R32,Clay,4,Ugo Humbert,Jannik Sinner,player1,top_10,0.11017518504858448,13.42,0.071280276816609,0.03889490823197547,0.47855098335200374,False,1.0,-1.0
2026-04-05,Monte Carlo Masters,R32,Clay,4,Marin Cilic,Felix Auger Aliassime,player1,top_10,0.4237211325724582,2.77,0.3404761904761905,0.0832449420962677,0.1737075372257092,False,1.0,-1.0
2026-04-05,Monte Carlo Masters,R32,Clay,4,Cameron Norrie,Alex De Minaur,player1,top_10,0.44631599682820244,2.84,0.33176470588235296,0.11455129094584948,0.2675374309920949,False,1.0,-1.0
2026-04-05,Monte Carlo Masters,R32,Clay,4,Sebastian Baez,Carlos Alcaraz,player1,top_10,0.10556895514449811,13.5,0.07088781830695114,0.03468113683754698,0.4251808944507246,False,1.0,-1.0
2026-04-05,Monte Carlo Masters,R16,Clay,4,Tomas Machac,Jannik Sinner,player2,top_10,0.09835251414345793,13.46,0.07108350586611456,0.027269008277343368,0.3238248403709437,False,1.0,-1.0
2026-04-05,Monte Carlo Masters,R16,Clay,4,Felix Auger Aliassime,Casper Ruud,player1,top_10,0.4546383094413535,2.39,0.3949367088607595,0.05970160058059404,0.08658555956483494,True,1.0,1.3900000000000001
2026-04-05,Monte Carlo Masters,R16,Clay,4,Alexander Zverev,Zizou Bergs,player2,top_10,0.8627374682802778,1.2,0.7857142857142858,0.07702318256599194,0.035284961936333264,True,1.0,0.19999999999999996
2026-04-05,Monte Carlo Masters,R16,Clay,4,Matteo Berrettini,Joao Fonseca,player2,other,0.4890874609571401,2.24,0.42118863049095606,0.06789883046618406,0.09555591254399387,False,1.0,-1.0
2026-04-05,Monte Carlo Masters,R16,Clay,4,Alexander Blockx,Alex De Minaur,player1,top_10,0.43279624543059797,3.53,0.2676348547717842,0.16516139065881374,0.5277707463700108,False,1.0,-1.0
2026-04-05,Monte Carlo Masters,R16,Clay,4,Hubert Hurkacz,Valentin Vacherot,player2,other,0.47151437103466015,2.23,0.422279792746114,0.04923457828854616,0.05147704740729209,False,1.0,-1.0
2026-04-05,Monte Carlo Masters,QF,Clay,4,Alexander Zverev,Joao Fonseca,player2,top_10,0.7086343909780569,1.6,0.5897435897435896,0.11889080123446727,0.1338150255648911,True,1.0,0.6000000000000001
2026-04-05,Monte Carlo Masters,QF,Clay,4,Valentin Vacherot,Alex De Minaur,player2,top_10,0.4054207591854339,2.68,0.3510895883777239,0.054331170807709994,0.086527634616963,True,1.0,1.6800000000000002
2026-04-05,Monte Carlo Masters,F,Clay,4,Carlos Alcaraz,Jannik Sinner,player1,top_10,0.6319501563539044,1.94,0.4881266490765172,0.14382350727738719,0.22598330332657446,False,1.0,-1.0
2026-04-13,Munich,R32,Clay,3,Denis Shapovalov,Tallon Griekspoor,player1,other,0.5540482694914602,1.86,0.5053191489361702,0.048729120555289995,0.030529781254116095,True,1.0,0.8600000000000001
2026-04-13,Munich,R32,Clay,3,Sumit Nagal,Francisco Cerundolo,player2,other,0.15481054794290106,9.73,0.09740259740259742,0.057407950540303634,0.5063066314844272,False,1.0,-1.0
2026-04-13,Munich,R16,Clay,3,Alex Molcan,Daniel Altmaier,player2,other,0.4971684483459766,2.11,0.44619422572178474,0.05097422262419188,0.049025426010010587,True,1.0,1.1099999999999999
2026-04-13,Munich,R16,Clay,3,Gabriel Diallo,Alexander Zverev,player2,top_10,0.13331362237370867,7.9,0.11928651059085842,0.014027111782850252,0.053177616752298595,False,1.0,-1.0
2026-04-13,Munich,QF,Clay,3,Alexander Zverev,Francisco Cerundolo,player2,top_10,0.8248100745098843,1.35,0.6952595936794582,0.12955048083042608,0.1134936005883439,True,1.0,0.3500000000000001
2026-04-13,Barcelona,R32,Clay,3,Lorenzo Musetti,Martin Landaluce,player2,top_10,0.8599021469737501,1.22,0.7723880597014926,0.08751408727225751,0.04908061930797511,True,1.0,0.21999999999999997
2026-04-13,Barcelona,R32,Clay,3,Otto Virtanen,Carlos Alcaraz,player2,top_10,0.0871815924501605,14.85,0.06427221172022685,0.02290938072993365,0.29464664788488326,False,1.0,-1.0
2026-04-13,Barcelona,R16,Clay,3,Lorenzo Musetti,Corentin Moutet,player2,top_10,0.832343200072898,1.25,0.750499001996008,0.08184419807688992,0.04042900009112246,True,1.0,0.25
2026-04-13,Barcelona,R16,Clay,3,Alex De Minaur,Hamad Medjedovic,player2,top_10,0.7917673524498167,1.35,0.6959459459459459,0.09582140650387072,0.06888592580725256,False,1.0,-1.0
2026-04-13,Barcelona,QF,Clay,3,Arthur Fils,Lorenzo Musetti,player2,top_10,0.6120973939441305,1.88,0.5,0.11209739394413054,0.15074310061496532,True,1.0,0.8799999999999999
2026-04-22,Madrid Masters,R128,Clay,4,Adam Walton,Martin Landaluce,player2,other,0.23945302271290095,4.39,0.2146690518783542,0.024783970834546754,0.051198769709635106,True,1.0,3.3899999999999997
2026-04-22,Madrid Masters,R128,Clay,4,Reilly Opelka,Nicolai Budkov Kjaer,player2,other,0.5751573351441566,1.81,0.519893899204244,0.055263435939912564,0.04103477661092342,False,1.0,-1.0
2026-04-22,Madrid Masters,R128,Clay,4,Adrian Mannarino,Ignacio Buse,player2,other,0.20918137665706663,5.22,0.18053375196232338,0.028647624694743246,0.0919267861498877,False,1.0,-1.0
2026-04-22,Madrid Masters,R128,Clay,4,Lorenzo Sonego,Dusan Lajovic,player2,other,0.5025290653330637,2.15,0.4386422976501305,0.06388676768293322,0.08043749046608695,False,1.0,-1.0
2026-04-22,Madrid Masters,R64,Clay,4,Daniil Medvedev,Fabian Marozsan,player1,top_10,0.6611572049811149,1.62,0.5813953488372093,0.07976185614390552,0.07107467206940615,True,1.0,0.6200000000000001
2026-04-22,Madrid Masters,R64,Clay,4,Vilius Gaubas,Felix Auger Aliassime,player1,top_10,0.28322391915026074,3.76,0.250996015936255,0.03222790321400576,0.06492193600498042,False,1.0,-1.0
2026-04-22,Madrid Masters,R64,Clay,4,Alexander Bublik,Stefanos Tsitsipas,player1,other,0.22567899294143687,5.26,0.178125,0.04755399294143686,0.18707150287195795,False,1.0,-1.0
2026-04-22,Madrid Masters,R64,Clay,4,Jiri Lehecka,Alejandro Tabilo,player2,other,0.6266191517815435,1.65,0.5736434108527132,0.052975740928830284,0.03392160043954667,True,1.0,0.6499999999999999
2026-04-22,Madrid Masters,R64,Clay,4,Ignacio Buse,Arthur Fils,player1,other,0.19443496340699004,5.31,0.1780185758513932,0.01641638755559685,0.03244965569111702,False,1.0,-1.0
2026-04-22,Madrid Masters,R64,Clay,4,Ben Shelton,Dino Prizmic,player2,top_10,0.7318241055351117,1.46,0.6464891041162226,0.08533500141888906,0.068463194081263,False,1.0,-1.0
2026-04-22,Madrid Masters,R64,Clay,4,Arthur Rinderknech,Dusan Lajovic,player1,other,0.6598191864686284,1.57,0.6015228426395939,0.05829634382903448,0.03591612275574657,True,1.0,0.5700000000000001
2026-04-22,Madrid Masters,R64,Clay,4,Benjamin Bonzi,Jannik Sinner,player1,top_10,0.09221379921541346,25.17,0.0385790679908327,0.05363473122458076,1.321021326251957,False,1.0,-1.0
2026-04-22,Madrid Masters,R32,Clay,4,Daniil Medvedev,Nicolai Budkov Kjaer,player1,top_10,0.809100380698982,1.3,0.7245762711864407,0.0845241095125413,0.051830494908676694,True,1.0,0.30000000000000004
2026-04-22,Madrid Masters,R32,Clay,4,Lorenzo Musetti,Tallon Griekspoor,player2,top_10,0.8705181605613806,1.22,0.7711069418386493,0.0994112187227314,0.062032155884884366,True,1.0,0.21999999999999997
2026-04-22,Madrid Masters,R32,Clay,4,Elmer Moller,Jannik Sinner,player1,top_10,0.09476466301957394,19.27,0.049802761341222884,0.044961901678351054,0.8261150563871897,False,1.0,-1.0
2026-04-22,Madrid Masters,R16,Clay,4,Alexander Zverev,Jakub Mensik,player2,top_10,0.782586137354271,1.44,0.6546762589928057,0.12790987836146528,0.12692403779015016,True,1.0,0.43999999999999995
2026-04-22,Madrid Masters,R16,Clay,4,Stefanos Tsitsipas,Casper Ruud,player2,other,0.3418560739900525,3.1,0.30493273542600896,0.03692333856404356,0.05975382936916285,False,1.0,-1.0
2026-04-22,Madrid Masters,R16,Clay,4,Lorenzo Musetti,Jiri Lehecka,player2,top_10,0.6624509952005672,1.57,0.5994897959183673,0.0629611992821999,0.04004806246489051,False,1.0,-1.0
2026-04-22,Madrid Masters,R16,Clay,4,Cameron Norrie,Jannik Sinner,player1,top_10,0.11672229423286422,15.18,0.06296296296296296,0.05375933126990126,0.7718444264548788,False,1.0,-1.0
2026-04-22,Madrid Masters,QF,Clay,4,Flavio Cobolli,Alexander Zverev,player2,top_10,0.13651144702293572,9.25,0.10281280310378274,0.033698643919152976,0.26273088496215535,False,1.0,-1.0
2026-04-22,Madrid Masters,QF,Clay,4,Alexander Blockx,Casper Ruud,player2,other,0.31929415776920483,3.3,0.28571428571428575,0.03357987205491908,0.05367072063837586,True,1.0,2.3
2026-04-22,Madrid Masters,QF,Clay,4,Jiri Lehecka,Arthur Fils,player2,other,0.2374560962370469,4.6,0.20415224913494812,0.03330384710209877,0.09229804269041564,False,1.0,-1.0
2026-04-22,Madrid Masters,SF,Clay,4,Alexander Blockx,Alexander Zverev,player2,top_10,0.29158602835814473,4.12,0.22846441947565546,0.06312160888248927,0.2013344368355563,False,1.0,-1.0
2026-04-22,Madrid Masters,SF,Clay,4,Arthur Fils,Jannik Sinner,player2,top_10,0.2306346548254272,5.28,0.17884914463452564,0.05178551019090155,0.21775097747825567,False,1.0,-1.0
