tourney_date,tourney_name,round,surface,tournament_importance,player,opponent,side,model_type,model_probability,odds,market_probability,edge,ev,won,stake,profit,year
2019-01-07,Auckland,R16,Hard,3,John Isner,Taylor Fritz,player1,top_10,0.7362589671515151,1.58,0.6030150753768844,0.1332438917746307,0.16328916809939387,False,1,-1.0,2019
2019-02-11,Rotterdam,R16,Hard,3,Ernests Gulbis,Kei Nishikori,player2,top_10,0.3015679150627761,3.76,0.2524850894632207,0.0490828255995554,0.13389536063603802,False,1,-1.0,2019
2019-02-11,Rotterdam,SF,Hard,3,Kei Nishikori,Stan Wawrinka,player2,top_10,0.6814215105272025,1.55,0.6153846153846154,0.06603689514258704,0.05620334131716381,False,1,-1.0,2019
2019-02-11,New York,R16,Hard,3,Bernard Tomic,John Isner,player2,top_10,0.349470211959087,3.12,0.3051224944320712,0.04434771752701583,0.09034706131235148,False,1,-1.0,2019
2019-02-11,New York,QF,Hard,3,John Isner,Jordan Thompson,player1,top_10,0.8126665441770146,1.3,0.7302904564315352,0.08237608774547933,0.05646650743011897,True,1,0.30000000000000004,2019
2019-02-11,Buenos Aires,SF,Clay,3,Dominic Thiem,Diego Schwartzman,player2,top_10,0.8272863786850005,1.42,0.6720554272517322,0.15523095143326837,0.1747466577327007,False,1,-1.0,2019
2019-02-18,Delray Beach,R32,Hard,3,Juan Martin del Potro,Yoshihito Nishioka,player1,top_10,0.7993283873629063,1.32,0.7185501066098081,0.08077828075309823,0.05511347131903643,True,1,0.32000000000000006,2019
2019-02-18,Delray Beach,R16,Hard,3,Juan Martin del Potro,Reilly Opelka,player2,top_10,0.8014637722910365,1.51,0.6299019607843138,0.17156181150672267,0.21021029615946513,True,1,0.51,2019
2019-02-18,Delray Beach,QF,Hard,3,Juan Martin del Potro,Mackenzie Mcdonald,player1,top_10,0.8202549918921175,1.32,0.7197452229299364,0.10050976896218111,0.08273658929759514,False,1,-1.0,2019
2019-02-18,Delray Beach,SF,Hard,3,John Isner,Daniel Evans,player1,top_10,0.7374176269127242,1.42,0.6712962962962963,0.06612133061642789,0.04713303021606824,False,1,-1.0,2019
2019-02-25,Dubai,SF,Hard,3,Roger Federer,Borna Coric,player1,top_10,0.803520181321522,1.38,0.6898876404494382,0.11363254087208385,0.10885785022370031,True,1,0.3799999999999999,2019
2019-02-25,Dubai,F,Hard,3,Roger Federer,Stefanos Tsitsipas,player1,top_10,0.788753663505593,1.32,0.7226890756302521,0.06606458787534086,0.04115483582738272,True,1,0.32000000000000006,2019
2019-02-25,Acapulco,R16,Hard,3,Rafael Nadal,Nick Kyrgios,player2,top_10,0.8243360045165126,1.25,0.7609942638623327,0.06334174065417986,0.030420005645640708,False,1,-1.0,2019
2019-02-25,Acapulco,QF,Hard,3,Alexander Zverev,Alex De Minaur,player1,top_10,0.7871301667878677,1.34,0.7086956521739131,0.07843451461395468,0.05475442349574283,True,1,0.3400000000000001,2019
2019-02-25,Acapulco,QF,Hard,3,John Isner,John Millman,player1,top_10,0.7183308224107696,1.63,0.5831202046035805,0.13521061780718913,0.1708792405295544,True,1,0.6299999999999999,2019
2019-02-25,Acapulco,SF,Hard,3,Cameron Norrie,Alexander Zverev,player2,top_10,0.346982666259832,5.09,0.1869009584664536,0.16008170779337838,0.7661417712625448,False,1,-1.0,2019
2019-02-25,Acapulco,SF,Hard,3,Nick Kyrgios,John Isner,player2,top_10,0.672988784224586,1.74,0.5468749999999999,0.12611378422458608,0.1710004845507796,True,1,0.74,2019
2019-02-25,Acapulco,F,Hard,3,Alexander Zverev,Nick Kyrgios,player2,top_10,0.78433926857638,1.43,0.6651053864168619,0.11923388215951813,0.1216051540642234,False,1,-1.0,2019
2019-03-04,Indian Wells Masters,R64,Hard,4,Stefanos Tsitsipas,Felix Auger Aliassime,player1,top_10,0.8061013081023732,1.38,0.6870748299319728,0.11902647817040046,0.11241980518127498,False,1,-1.0,2019
2019-03-04,Indian Wells Masters,R64,Hard,4,Martin Klizan,Alexander Zverev,player2,top_10,0.1703134799226663,6.12,0.1558620689655172,0.014451410957149108,0.04231849712671776,False,1,-1.0,2019
2019-03-04,Indian Wells Masters,R64,Hard,4,Dominic Thiem,Jordan Thompson,player2,top_10,0.7783753127794255,1.33,0.7164179104477612,0.06195740233166436,0.03523916599663596,True,1,0.33000000000000007,2019
2019-03-04,Indian Wells Masters,R32,Hard,4,John Isner,Guido Pella,player2,top_10,0.8383160214623481,1.24,0.7677902621722846,0.07052575929006344,0.0395118666133116,True,1,0.24,2019
2019-03-04,Indian Wells Masters,R32,Hard,4,Roger Federer,Stan Wawrinka,player1,top_10,0.831098778400845,1.28,0.746031746031746,0.08506703236909896,0.06380643635308164,True,1,0.28,2019
2019-03-04,Indian Wells Masters,R32,Hard,4,Kei Nishikori,Hubert Hurkacz,player1,top_10,0.8256284217024191,1.33,0.7176220806794056,0.10800634102301354,0.09808580086421748,False,1,-1.0,2019
2019-03-04,Indian Wells Masters,R32,Hard,4,Jan Lennard Struff,Alexander Zverev,player2,top_10,0.226503093245627,4.94,0.1928104575163398,0.03369263572928721,0.11892528063339747,True,1,3.9400000000000004,2019
2019-03-04,Indian Wells Masters,R32,Hard,4,Dominic Thiem,Gilles Simon,player2,top_10,0.8043250807402086,1.4,0.6796338672768879,0.12469121346332068,0.12605511303629197,True,1,0.3999999999999999,2019
2019-03-04,Indian Wells Masters,R16,Hard,4,Filip Krajinovic,Rafael Nadal,player1,top_10,0.1376207157831653,8.63,0.1103092783505154,0.027311437432649882,0.1876667772087166,False,1,-1.0,2019
2019-03-04,Indian Wells Masters,R16,Hard,4,Ivo Karlovic,Dominic Thiem,player1,top_10,0.4079870280073751,3.43,0.2778947368421052,0.13009229116526988,0.3993955060652966,False,1,-1.0,2019
2019-03-04,Indian Wells Masters,QF,Hard,4,Gael Monfils,Dominic Thiem,player2,top_10,0.6909315351747628,1.65,0.578005115089514,0.11292642008524878,0.14003703303835857,False,1,-1.0,2019
2019-03-04,Indian Wells Masters,F,Hard,4,Roger Federer,Dominic Thiem,player2,top_10,0.8489955575514272,1.25,0.7609942638623327,0.08800129368909448,0.06124444693928399,False,1,-1.0,2019
2019-03-18,Miami Masters,R64,Hard,4,Kevin Anderson,Jaume Munar,player2,top_10,0.8181079497475245,1.52,0.625615763546798,0.1924921862007265,0.24352408361623734,True,1,0.52,2019
2019-03-18,Miami Masters,R64,Hard,4,Hubert Hurkacz,Dominic Thiem,player2,top_10,0.3688454502286237,3.18,0.2980132450331126,0.07083220519551109,0.17292853172702338,True,1,2.18,2019
2019-03-18,Miami Masters,R32,Hard,4,Kevin Anderson,Joao Sousa,player2,top_10,0.8267356182538929,1.52,0.6265356265356266,0.2001999917182663,0.25663813974591715,True,1,0.52,2019
2019-03-18,Miami Masters,R16,Hard,4,Stefanos Tsitsipas,Denis Shapovalov,player2,top_10,0.802531689931722,1.68,0.5670103092783505,0.23552138065337147,0.3482532390852928,False,1,-1.0,2019
2019-03-18,Miami Masters,R16,Hard,4,Roger Federer,Daniil Medvedev,player1,top_10,0.7986423816504983,1.31,0.7287784679089027,0.06986391374159562,0.04622151996215279,True,1,0.31000000000000005,2019
2019-03-18,Miami Masters,R16,Hard,4,Kevin Anderson,Jordan Thompson,player1,top_10,0.8144617282624179,1.42,0.6712962962962963,0.14316543196612164,0.15653565413263337,True,1,0.41999999999999993,2019
2019-03-18,Miami Masters,R16,Hard,4,Kyle Edmund,John Isner,player2,top_10,0.6349212253271651,1.97,0.4842931937172774,0.1506280316098877,0.2507948138945152,False,1,-1.0,2019
2019-03-18,Miami Masters,QF,Hard,4,Roberto Bautista Agut,John Isner,player2,top_10,0.5892433828462165,1.98,0.4816753926701571,0.10756799017605939,0.1667018980355086,False,1,-1.0,2019
2019-03-18,Miami Masters,F,Hard,4,Roger Federer,John Isner,player2,top_10,0.856445204695414,1.25,0.7632575757575758,0.09318762893783816,0.07055650586926746,True,1,0.25,2019
2019-04-15,Monte Carlo Masters,R32,Clay,4,Roberto Bautista Agut,Rafael Nadal,player2,top_10,0.1222420115633435,8.48,0.1120418848167539,0.0102001267465896,0.03661225805715285,False,1,-1.0,2019
2019-04-15,Monte Carlo Masters,R32,Clay,4,Alexander Zverev,Felix Auger Aliassime,player1,top_10,0.7837896577074455,1.48,0.6399026763990268,0.1438869813084187,0.1600086934070193,True,1,0.48,2019
2019-04-15,Monte Carlo Masters,R32,Clay,4,Kei Nishikori,Pierre Hugues Herbert,player2,top_10,0.8443886938478958,1.22,0.7765567765567766,0.06783191729111926,0.0301542064944329,False,1,-1.0,2019
2019-04-15,Monte Carlo Masters,R16,Clay,4,Daniil Medvedev,Stefanos Tsitsipas,player1,top_10,0.5048535415584033,2.07,0.4595300261096606,0.045323515448742746,0.045046831025894796,True,1,1.0699999999999998,2019
2019-04-15,Monte Carlo Masters,R16,Clay,4,Taylor Fritz,Novak Djokovic,player2,top_10,0.1415282640416325,8.45,0.1123949579831932,0.029133306058439293,0.19591383115179428,False,1,-1.0,2019
2019-04-22,Barcelona,R32,Clay,3,Dominic Thiem,Diego Schwartzman,player1,top_10,0.8237466796947749,1.3,0.7286012526096034,0.09514542708517149,0.07087068360320739,True,1,0.30000000000000004,2019
2019-04-22,Barcelona,R32,Clay,3,Marton Fucsovics,Stefanos Tsitsipas,player1,top_10,0.4328568669948585,3.38,0.2808510638297872,0.15200580316507128,0.4630562104426217,False,1,-1.0,2019
2019-04-22,Barcelona,R16,Clay,3,Kei Nishikori,Felix Auger Aliassime,player1,top_10,0.7595038333933423,1.64,0.5784061696658098,0.18109766372753244,0.24558628676508126,True,1,0.6399999999999999,2019
2019-04-22,Barcelona,R16,Clay,3,Dominic Thiem,Jaume Munar,player1,top_10,0.799059721602649,1.29,0.7361963190184049,0.06286340258424417,0.030787040867417292,True,1,0.29000000000000004,2019
2019-04-22,Barcelona,R16,Clay,3,Jan Lennard Struff,Stefanos Tsitsipas,player1,top_10,0.3515235767427736,3.73,0.254,0.09752357674277362,0.3111829412505456,True,1,2.73,2019
2019-04-22,Barcelona,QF,Clay,3,Kei Nishikori,Roberto Carballes Baena,player2,top_10,0.8269303173127568,1.27,0.7475149105367793,0.07941540677597747,0.050201502987201135,True,1,0.27,2019
2019-04-22,Barcelona,QF,Clay,3,Dominic Thiem,Guido Pella,player1,top_10,0.787298423326046,1.35,0.7045951859956237,0.0827032373304224,0.06285287149016222,True,1,0.3500000000000001,2019
2019-04-22,Barcelona,SF,Clay,3,Kei Nishikori,Daniil Medvedev,player1,top_10,0.7120112846673537,1.83,0.5196850393700787,0.19232624529727504,0.30298065094125737,False,1,-1.0,2019
2019-04-29,Munich,QF,Clay,3,Alexander Zverev,Cristian Garin,player1,top_10,0.78926197435091,1.35,0.7006651884700665,0.08859678588084341,0.06550366537372848,False,1,-1.0,2019
2019-04-29,Estoril,SF,Clay,3,David Goffin,Stefanos Tsitsipas,player2,top_10,0.5418898286528048,2.53,0.3753086419753087,0.16658118667749605,0.370981266491596,False,1,-1.0,2019
2019-05-06,Madrid Masters,R32,Clay,4,Alexander Zverev,David Ferrer,player1,top_10,0.7820315551749425,1.33,0.7158119658119658,0.06621958936297667,0.04010196838267355,True,1,0.33000000000000007,2019
2019-05-06,Madrid Masters,R32,Clay,4,Juan Martin del Potro,Laslo Djere,player1,top_10,0.7754231620164296,1.76,0.5404699738903395,0.23495318812609012,0.3647447651489161,False,1,-1.0,2019
2019-05-06,Madrid Masters,R16,Clay,4,Kei Nishikori,Stan Wawrinka,player2,top_10,0.5816210244672604,2.13,0.4467532467532467,0.1348677777140137,0.2388527821152645,False,1,-1.0,2019
2019-05-06,Madrid Masters,R16,Clay,4,Alexander Zverev,Hubert Hurkacz,player1,top_10,0.8338280932547925,1.41,0.675115207373272,0.15871288588152044,0.17569761148925728,True,1,0.4099999999999999,2019
2019-05-06,Madrid Masters,R16,Clay,4,Fernando Verdasco,Stefanos Tsitsipas,player2,top_10,0.3276282861417667,3.2,0.2967032967032967,0.030924989438469996,0.04841051565365351,False,1,-1.0,2019
2019-05-06,Madrid Masters,R16,Clay,4,Dominic Thiem,Fabio Fognini,player2,top_10,0.8256674386963673,1.36,0.6997792494481236,0.12588818924824363,0.12290771662705957,True,1,0.3600000000000001,2019
2019-05-06,Madrid Masters,QF,Clay,4,Alexander Zverev,Stefanos Tsitsipas,player2,top_10,0.6569326736407599,2.18,0.4366925064599483,0.22024016718081163,0.43211322853685674,False,1,-1.0,2019
2019-05-06,Madrid Masters,QF,Clay,4,Roger Federer,Dominic Thiem,player1,top_10,0.3763369865367093,2.83,0.3356807511737089,0.04065623536300039,0.0650336718988872,False,1,-1.0,2019
2019-05-06,Madrid Masters,QF,Clay,4,Marin Cilic,Novak Djokovic,player2,top_10,0.1904252503866833,5.77,0.1649782923299565,0.02544695805672678,0.09875369473116247,False,1,-1.0,2019
2019-05-06,Madrid Masters,SF,Clay,4,Dominic Thiem,Novak Djokovic,player1,top_10,0.544769958440192,2.06,0.4635416666666666,0.08122829177352547,0.12222611438679565,False,1,-1.0,2019
2019-05-13,Rome Masters,R32,Clay,4,Fernando Verdasco,Dominic Thiem,player2,top_10,0.2566566373042706,4.96,0.1921824104234527,0.06447422688081789,0.27301692102918207,True,1,3.96,2019
2019-05-13,Rome Masters,R32,Clay,4,Kei Nishikori,Taylor Fritz,player2,top_10,0.8117202816659127,1.31,0.7259414225941423,0.08577885907177041,0.06335356898234568,True,1,0.31000000000000005,2019
2019-05-13,Rome Masters,R32,Clay,4,Marin Cilic,Jan Lennard Struff,player1,top_10,0.695979737300838,1.57,0.6055276381909548,0.09045209910988317,0.09268818756231562,False,1,-1.0,2019
2019-05-13,Rome Masters,R32,Clay,4,Alexander Zverev,Matteo Berrettini,player1,top_10,0.6704910889982242,1.6,0.5949367088607596,0.07555438013746463,0.07278574239715874,False,1,-1.0,2019
2019-05-13,Rome Masters,R32,Clay,4,Juan Martin del Potro,David Goffin,player1,top_10,0.4897941903421656,2.34,0.4075949367088607,0.08219925363330488,0.14611840540066745,True,1,1.3399999999999999,2019
2019-05-13,Rome Masters,R16,Clay,4,Roger Federer,Borna Coric,player2,top_10,0.7411526148349835,1.52,0.6265356265356266,0.11461698829935696,0.12655197454917494,True,1,0.52,2019
2019-05-13,Rome Masters,R16,Clay,4,Kei Nishikori,Jan Lennard Struff,player1,top_10,0.7873029102859835,1.48,0.6425120772946861,0.14479083299129747,0.16520830722325563,True,1,0.48,2019
2019-05-13,Rome Masters,R16,Clay,4,Juan Martin del Potro,Casper Ruud,player2,top_10,0.7827676815580212,1.37,0.6935123042505593,0.08925537730746191,0.07239172373448916,True,1,0.3700000000000001,2019
2019-05-13,Rome Masters,QF,Clay,4,Roger Federer,Stefanos Tsitsipas,player2,top_10,0.5330993955767025,2.12,0.4406332453825857,0.0924661501941168,0.13017071862260932,False,1,-1.0,2019
2019-05-13,Rome Masters,QF,Clay,4,Kei Nishikori,Diego Schwartzman,player1,top_10,0.6526609247294007,1.58,0.605,0.047660924729400755,0.03120426107245322,False,1,-1.0,2019
2019-05-13,Rome Masters,F,Clay,4,Novak Djokovic,Rafael Nadal,player2,top_10,0.4610953163689419,2.63,0.3631961259079903,0.09789919046095164,0.2126806820503172,False,1,-1.0,2019
2019-05-20,Geneva,QF,Clay,3,Hugo Dellien,Alexander Zverev,player2,top_10,0.206740032809459,5.07,0.1875,0.01924003280945899,0.04817196634395715,False,1,-1.0,2019
2019-05-20,Geneva,SF,Clay,3,Alexander Zverev,Federico Delbonis,player1,top_10,0.8211597095995044,1.42,0.6689976689976691,0.15216204060183525,0.1660467876312961,True,1,0.41999999999999993,2019
2019-05-20,Geneva,F,Clay,3,Alexander Zverev,Nicolas Jarry,player1,top_10,0.7486745214240184,1.45,0.6555819477434679,0.09309257368055046,0.0855780560648266,True,1,0.44999999999999996,2019
2019-06-10,Stuttgart,R16,Grass,3,Karen Khachanov,Matteo Berrettini,player2,top_10,0.5890054582064065,1.85,0.513157894736842,0.07584756346956445,0.08966009768185201,False,1,-1.0,2019
2019-06-10,s Hertogenbosch,R16,Grass,3,Nicolas Jarry,Stefanos Tsitsipas,player2,top_10,0.2350872635179591,4.53,0.2094240837696335,0.025663179748325604,0.06494530373635476,True,1,3.5300000000000002,2019
2019-06-17,Queen's Club,R32,Grass,3,Kevin Anderson,Cameron Norrie,player2,top_10,0.771065546595465,1.36,0.6984478935698448,0.07261765302562018,0.048649143369832504,True,1,0.3600000000000001,2019
2019-06-17,Queen's Club,R32,Grass,3,Stefanos Tsitsipas,Kyle Edmund,player1,top_10,0.7909244457421801,1.36,0.6977777777777777,0.09314666796440241,0.07565724620936504,True,1,0.3600000000000001,2019
2019-06-17,Queen's Club,R16,Grass,3,Kevin Anderson,Gilles Simon,player1,top_10,0.8071391805745444,1.34,0.7061403508771931,0.1009988296973513,0.08156650196988952,False,1,-1.0,2019
2019-06-17,Queen's Club,R16,Grass,3,Jeremy Chardy,Stefanos Tsitsipas,player2,top_10,0.2984565439374362,3.65,0.2596348884381338,0.03882165549930239,0.08936638537164221,False,1,-1.0,2019
2019-06-17,Queen's Club,QF,Grass,3,Felix Auger Aliassime,Stefanos Tsitsipas,player1,top_10,0.4646359207722878,2.3,0.413265306122449,0.05137061464983883,0.06866261777626192,True,1,1.2999999999999998,2019
2019-06-17,Halle,R32,Grass,3,John Millman,Roger Federer,player1,top_10,0.1149011059118558,9.09,0.1044334975369458,0.010467608374910009,0.04445105273876915,False,1,-1.0,2019
2019-06-17,Halle,R16,Grass,3,Jo-Wilfried Tsonga,Roger Federer,player1,top_10,0.2393715331395969,4.97,0.1905537459283387,0.04881778721125818,0.1896765197037965,False,1,-1.0,2019
2019-06-17,Halle,QF,Grass,3,Alexander Zverev,David Goffin,player2,top_10,0.6854210522970446,1.58,0.601010101010101,0.08441095128694365,0.08296526262933057,False,1,-1.0,2019
2019-06-17,Halle,QF,Grass,3,Karen Khachanov,Matteo Berrettini,player2,top_10,0.487370004545734,2.24,0.4241645244215937,0.06320548012414029,0.09170881018244426,False,1,-1.0,2019
2019-06-17,Halle,SF,Grass,3,Pierre Hugues Herbert,Roger Federer,player2,top_10,0.1333158679671572,8.24,0.1158798283261802,0.017436039640976994,0.09852275204937533,False,1,-1.0,2019
2019-07-15,Umag,R16,Clay,3,Fabio Fognini,Stefano Travaglia,player1,top_10,0.840346075224863,1.39,0.6811926605504588,0.15915341467440425,0.16808104456255957,False,1,-1.0,2019
2019-07-22,Hamburg,QF,Clay,3,Alexander Zverev,Filip Krajinovic,player1,top_10,0.8151232653430714,1.38,0.688487584650113,0.1266356806929585,0.12487010617343852,True,1,0.3799999999999999,2019
2019-07-22,Hamburg,QF,Clay,3,Fabio Fognini,Pablo Carreno Busta,player2,top_10,0.604091383563973,1.98,0.4803149606299213,0.12377642293405167,0.1961009394566664,False,1,-1.0,2019
2019-07-22,Hamburg,SF,Clay,3,Alexander Zverev,Nikoloz Basilashvili,player1,top_10,0.812179290885518,1.41,0.6736111111111112,0.13856817977440683,0.1451728001485803,False,1,-1.0,2019
2019-07-29,Kitzbuhel,R16,Clay,3,Sebastian Ofner,Dominic Thiem,player1,top_10,0.117669658398588,9.33,0.1020211742059672,0.015648484192620812,0.09785791285882606,False,1,-1.0,2019
2019-07-29,Kitzbuhel,QF,Clay,3,Pablo Andujar,Dominic Thiem,player2,top_10,0.196782227482648,5.35,0.1781874039938556,0.018594823488792406,0.05278491703216681,False,1,-1.0,2019
2019-07-29,Kitzbuhel,SF,Clay,3,Lorenzo Sonego,Dominic Thiem,player2,top_10,0.2161725858257838,5.23,0.1828124999999999,0.0333600858257839,0.13058262386884933,False,1,-1.0,2019
2019-07-29,Los Cabos,R16,Hard,3,Fabio Fognini,Marcel Granollers,player1,top_10,0.7127071731163696,1.83,0.5196850393700787,0.19302213374629085,0.3042541268029564,True,1,0.8300000000000001,2019
2019-07-29,Los Cabos,QF,Hard,3,Fabio Fognini,Taylor Fritz,player2,top_10,0.5286704908130315,2.29,0.4143222506393862,0.11434824017364531,0.21065542396184223,False,1,-1.0,2019
2019-07-29,Washington,R16,Hard,3,Daniil Medvedev,Frances Tiafoe,player1,top_10,0.8242013653721839,1.38,0.6898876404494382,0.13431372492274574,0.1373978842136137,True,1,0.3799999999999999,2019
2019-07-29,Washington,R16,Hard,3,Stefanos Tsitsipas,Jordan Thompson,player1,top_10,0.8269066029895961,1.31,0.7265135699373695,0.10039303305222658,0.0832476499163709,True,1,0.31000000000000005,2019
2019-08-05,Canada Masters,R32,Hard,4,Dominic Thiem,Denis Shapovalov,player1,top_10,0.6696440755736862,1.71,0.5546875,0.11495657557368621,0.1450913692310034,True,1,0.71,2019
2019-08-05,Canada Masters,R32,Hard,4,Daniil Medvedev,Kyle Edmund,player2,top_10,0.7710814277734652,1.56,0.6080402010050251,0.16304122676844013,0.2028870273266058,True,1,0.56,2019
2019-08-05,Canada Masters,R32,Hard,4,Alexander Zverev,Cameron Norrie,player2,top_10,0.8430468576906125,1.31,0.7259414225941423,0.1171054350964702,0.1043913835747024,True,1,0.31000000000000005,2019
2019-08-05,Canada Masters,R32,Hard,4,Karen Khachanov,Stan Wawrinka,player2,top_10,0.4967956032600182,2.28,0.4168797953964194,0.07991580786359881,0.13269397543284145,True,1,1.2799999999999998,2019
2019-08-05,Canada Masters,R32,Hard,4,Kei Nishikori,Richard Gasquet,player1,top_10,0.768394117889175,1.38,0.6870748299319728,0.08131928795720222,0.06038388268706141,False,1,-1.0,2019
2019-08-05,Canada Masters,R32,Hard,4,Stefanos Tsitsipas,Hubert Hurkacz,player1,top_10,0.7849468259515984,1.43,0.664319248826291,0.12062757712530736,0.12247396111078562,False,1,-1.0,2019
2019-08-05,Canada Masters,R32,Hard,4,Daniel Evans,Rafael Nadal,player1,top_10,0.134946537756305,7.93,0.1198668146503884,0.015079723105916598,0.07012604440749859,False,1,-1.0,2019
2019-08-05,Canada Masters,R16,Hard,4,Dominic Thiem,Marin Cilic,player2,top_10,0.6380456307795341,1.88,0.5065616797900262,0.13148395098950794,0.19952578586552405,True,1,0.8799999999999999,2019
2019-08-05,Canada Masters,R16,Hard,4,Alexander Zverev,Nikoloz Basilashvili,player2,top_10,0.8313844569444165,1.44,0.6611764705882353,0.17020798635618128,0.19719361799995977,True,1,0.43999999999999995,2019
2019-08-05,Canada Masters,R16,Hard,4,Guido Pella,Rafael Nadal,player1,top_10,0.1287157393084615,9.41,0.1012416427889207,0.027474096519540803,0.21121510689262268,False,1,-1.0,2019
2019-08-05,Canada Masters,QF,Hard,4,Dominic Thiem,Daniil Medvedev,player2,top_10,0.487759172884715,2.23,0.4282051282051282,0.059554044679586804,0.08770295553291452,False,1,-1.0,2019
2019-08-05,Canada Masters,SF,Hard,4,Daniil Medvedev,Karen Khachanov,player2,top_10,0.7407721677824123,1.5,0.6359223300970874,0.10484983768532485,0.11115825167361842,True,1,0.5,2019
2019-08-12,Cincinnati Masters,R32,Hard,4,Kei Nishikori,Yoshihito Nishioka,player2,top_10,0.8203558388162772,1.33,0.7152034261241969,0.10515241269208031,0.09107326562564866,False,1,-1.0,2019
2019-08-12,Cincinnati Masters,R32,Hard,4,Stefanos Tsitsipas,Jan Lennard Struff,player1,top_10,0.687249201936622,1.56,0.6090225563909775,0.07822664554564451,0.07210875502113034,False,1,-1.0,2019
2019-08-12,Cincinnati Masters,R32,Hard,4,Nick Kyrgios,Karen Khachanov,player2,top_10,0.6904895129517254,1.64,0.5794871794871795,0.11100233346454591,0.13240280124082965,False,1,-1.0,2019
2019-08-12,Cincinnati Masters,R16,Hard,4,Daniil Medvedev,Jan Lennard Struff,player1,top_10,0.7860363793438001,1.38,0.6877828054298643,0.09825357391393585,0.08473020349444405,True,1,0.3799999999999999,2019
2019-08-12,Cincinnati Masters,R16,Hard,4,Karen Khachanov,Lucas Pouille,player1,top_10,0.7255652861941543,1.45,0.6555819477434679,0.06998333845068638,0.052069664981523656,False,1,-1.0,2019
2019-08-12,Cincinnati Masters,R16,Hard,4,Pablo Carreno Busta,Novak Djokovic,player2,top_10,0.1136348586401073,9.98,0.0960144927536231,0.017620365886484204,0.13407588922827096,False,1,-1.0,2019
2019-09-16,St. Petersburg,R16,Hard,3,Karen Khachanov,Joao Sousa,player1,top_10,0.7629057964009421,1.38,0.6870748299319728,0.07583096646896936,0.05280999903330008,False,1,-1.0,2019
2019-09-16,St. Petersburg,SF,Hard,3,Egor Gerasimov,Daniil Medvedev,player2,top_10,0.2240165435756373,5.61,0.1688888888888889,0.055127654686748406,0.2567328094593252,False,1,-1.0,2019
2019-09-23,Zhuhai,R16,Hard,3,Pablo Andujar,Roberto Bautista Agut,player2,top_10,0.2615504465828601,4.06,0.2339622641509434,0.027588182431916686,0.061894813126411874,False,1,-1.0,2019
2019-09-23,Zhuhai,QF,Hard,3,Andreas Seppi,Roberto Bautista Agut,player1,top_10,0.2716149769965596,4.3,0.2210144927536232,0.05060048424293642,0.16794440108520636,False,1,-1.0,2019
2019-09-30,Beijing,R32,Hard,3,Alexander Zverev,Frances Tiafoe,player2,top_10,0.8198633208158163,1.41,0.6728538283062646,0.14700949250955164,0.15600728235030087,True,1,0.4099999999999999,2019
2019-09-30,Beijing,R32,Hard,3,Sam Querrey,Roberto Bautista Agut,player1,top_10,0.3003173529049135,3.58,0.2633744855967078,0.03694286730820573,0.0751361233995903,True,1,2.58,2019
2019-09-30,Beijing,R16,Hard,3,Alexander Zverev,Felix Auger Aliassime,player1,top_10,0.811972983764599,1.4,0.6759259259259259,0.1360470578386731,0.1367621772704386,True,1,0.3999999999999999,2019
2019-09-30,Beijing,R16,Hard,3,Jeremy Chardy,Karen Khachanov,player1,top_10,0.369953370047239,3.45,0.2752100840336134,0.09474328601362558,0.27633912666297467,False,1,-1.0,2019
2019-09-30,Beijing,QF,Hard,3,Fabio Fognini,Karen Khachanov,player2,top_10,0.5035841413515164,2.41,0.3944723618090452,0.1091117795424712,0.21363778065715466,False,1,-1.0,2019
2019-09-30,Beijing,QF,Hard,3,Andy Murray,Dominic Thiem,player2,top_10,0.3618748927169571,2.91,0.3263888888888889,0.03548600382806821,0.05305593780634521,False,1,-1.0,2019
2019-09-30,Beijing,SF,Hard,3,Stefanos Tsitsipas,Alexander Zverev,player2,top_10,0.5745864449150709,2.16,0.4404145077720207,0.13417193714305026,0.24110672101655328,True,1,1.1600000000000001,2019
2019-09-30,Beijing,SF,Hard,3,Karen Khachanov,Dominic Thiem,player2,top_10,0.4696586159879651,2.43,0.3909774436090226,0.07868117237894251,0.14127043685075524,False,1,-1.0,2019
2019-09-30,Beijing,F,Hard,3,Stefanos Tsitsipas,Dominic Thiem,player2,top_10,0.5515118377347832,1.95,0.4868421052631579,0.06466973247162527,0.07544808358282717,False,1,-1.0,2019
2019-10-07,Shanghai Masters,R32,Hard,4,Jeremy Chardy,Alexander Zverev,player2,top_10,0.2784924759287201,3.87,0.2456140350877192,0.03287844084100092,0.0777658818441469,False,1,-1.0,2019
2019-10-07,Shanghai Masters,R32,Hard,4,Karen Khachanov,Taylor Fritz,player1,top_10,0.699053450114274,1.48,0.6416464891041161,0.05740696101015785,0.03459910616912548,True,1,0.48,2019
2019-10-07,Shanghai Masters,R32,Hard,4,Stefanos Tsitsipas,Felix Auger Aliassime,player2,top_10,0.7511707229866103,1.41,0.6713286713286714,0.0798420516579389,0.05915071941112038,True,1,0.4099999999999999,2019
2019-10-07,Shanghai Masters,R16,Hard,4,Nikoloz Basilashvili,Dominic Thiem,player2,top_10,0.2849183898880817,4.1,0.2322097378277153,0.0527086520603664,0.16816539854113488,False,1,-1.0,2019
2019-10-07,Shanghai Masters,R16,Hard,4,Karen Khachanov,Fabio Fognini,player2,top_10,0.7579758531371987,1.43,0.6619385342789598,0.09603731885823896,0.08390546998619414,False,1,-1.0,2019
2019-10-07,Shanghai Masters,R16,Hard,4,Vasek Pospisil,Daniil Medvedev,player1,top_10,0.1477279566948399,7.91,0.1201334816462736,0.027594475048566297,0.16852813745618378,False,1,-1.0,2019
2019-10-07,Shanghai Masters,R16,Hard,4,Stefanos Tsitsipas,Hubert Hurkacz,player2,top_10,0.8300091248118505,1.38,0.6877828054298643,0.14222631938198627,0.14541259224035363,True,1,0.3799999999999999,2019
2019-10-07,Shanghai Masters,R16,Hard,4,John Isner,Novak Djokovic,player2,top_10,0.1420770191967328,7.7,0.124004550625711,0.018072468571021794,0.09399304781484252,False,1,-1.0,2019
2019-10-07,Shanghai Masters,QF,Hard,4,Roger Federer,Alexander Zverev,player1,top_10,0.7631316490873624,1.43,0.6658878504672897,0.09724379862007271,0.09127825819492819,False,1,-1.0,2019
2019-10-07,Shanghai Masters,QF,Hard,4,Dominic Thiem,Matteo Berrettini,player2,top_10,0.764891198608116,1.6,0.5949367088607596,0.1699544897473565,0.22382591777298577,False,1,-1.0,2019
2019-10-07,Shanghai Masters,QF,Hard,4,Daniil Medvedev,Fabio Fognini,player2,top_10,0.8542369805292399,1.21,0.7850799289520427,0.0691570515771972,0.03362674644038027,True,1,0.20999999999999996,2019
2019-10-07,Shanghai Masters,SF,Hard,4,Alexander Zverev,Matteo Berrettini,player1,top_10,0.6464925132873311,1.6,0.5949367088607596,0.051555804426571594,0.034388021259729895,True,1,0.6000000000000001,2019
2019-10-07,Shanghai Masters,SF,Hard,4,Daniil Medvedev,Stefanos Tsitsipas,player2,top_10,0.8026097369933204,1.4,0.6796338672768879,0.12297586971643248,0.12365363179064848,True,1,0.3999999999999999,2019
2019-10-14,Moscow,QF,Hard,3,Andreas Seppi,Karen Khachanov,player1,top_10,0.3651282840394689,3.6,0.2638036809815951,0.10132460305787377,0.3144618225420881,True,1,2.6,2019
2019-10-21,Basel,R32,Hard,3,Roberto Bautista Agut,Marius Copil,player1,top_10,0.8316704669419153,1.29,0.7367346938775509,0.0949357730643644,0.07285490235507072,True,1,0.29000000000000004,2019
2019-10-21,Basel,R16,Hard,3,Richard Gasquet,Roberto Bautista Agut,player1,top_10,0.3532716573091354,3.04,0.3122171945701357,0.04105446273899971,0.07394583821977163,False,1,-1.0,2019
2019-10-21,Basel,QF,Hard,3,Roberto Bautista Agut,Reilly Opelka,player1,top_10,0.7403042313958844,1.46,0.6490384615384616,0.09126576985742285,0.0808441778379912,False,1,-1.0,2019
2019-10-21,Basel,QF,Hard,3,Stefanos Tsitsipas,Filip Krajinovic,player1,top_10,0.7631308641750606,1.41,0.6736111111111112,0.08951975306394944,0.07601451848683538,True,1,0.4099999999999999,2019
2019-10-21,Basel,F,Hard,3,Alex De Minaur,Roger Federer,player2,top_10,0.1587578492992865,6.88,0.137844611528822,0.0209132377704645,0.09225400317909105,False,1,-1.0,2019
2019-10-21,Vienna,R32,Hard,3,Hubert Hurkacz,Karen Khachanov,player2,top_10,0.4324491135979499,2.4,0.393939393939394,0.03850971965855593,0.03787787263507969,False,1,-1.0,2019
2019-10-21,Vienna,R32,Hard,3,Jo-Wilfried Tsonga,Dominic Thiem,player2,top_10,0.4116804299744645,2.69,0.3518072289156627,0.05987320105880184,0.10742035663130955,False,1,-1.0,2019
2019-10-21,Vienna,R16,Hard,3,Marton Fucsovics,Karen Khachanov,player1,top_10,0.3829876154174767,2.96,0.3195402298850574,0.0634473855324193,0.1336433416357311,False,1,-1.0,2019
2019-10-21,Vienna,QF,Hard,3,Diego Schwartzman,Karen Khachanov,player2,top_10,0.4427827168122205,2.33,0.4071246819338422,0.035658034878378264,0.03168373017247372,True,1,1.33,2019
2019-10-21,Vienna,QF,Hard,3,Dominic Thiem,Pablo Carreno Busta,player2,top_10,0.8263012244323167,1.27,0.75,0.07630122443231668,0.0494025550290422,True,1,0.27,2019
2019-10-28,Paris Masters,R32,Hard,4,Jan Lennard Struff,Karen Khachanov,player2,top_10,0.421354093480097,2.46,0.3865336658354114,0.034820427644685625,0.03653106996103861,True,1,1.46,2019
2019-10-28,Paris Masters,R32,Hard,4,Dominic Thiem,Milos Raonic,player2,top_10,0.6930008981677265,1.54,0.6159600997506234,0.0770407984171031,0.06722138317829879,True,1,0.54,2019
2019-10-28,Paris Masters,R32,Hard,4,Jeremy Chardy,Daniil Medvedev,player2,top_10,0.2341535030451401,5.5,0.1729323308270676,0.061221172218072495,0.28784426674827057,True,1,4.5,2019
2019-10-28,Paris Masters,R32,Hard,4,Alex De Minaur,Roberto Bautista Agut,player2,top_10,0.5834716297423618,1.79,0.5301837270341206,0.05328790270824113,0.0444142172388276,True,1,0.79,2019
2019-10-28,Paris Masters,R16,Hard,4,Rafael Nadal,Stan Wawrinka,player2,top_10,0.8539305879274334,1.24,0.7690875232774674,0.08484306464996594,0.05887392903001737,True,1,0.24,2019
2019-10-28,Paris Masters,R16,Hard,4,Alexander Zverev,Denis Shapovalov,player1,top_10,0.7720470042612694,1.41,0.6736111111111112,0.09843589315015822,0.08858627600838975,False,1,-1.0,2019
2019-10-28,Paris Masters,R16,Hard,4,Stefanos Tsitsipas,Alex De Minaur,player2,top_10,0.6826453335586496,1.6,0.5939086294416244,0.08873670411702528,0.09223253369383949,True,1,0.6000000000000001,2019
2019-10-28,Paris Masters,F,Hard,4,Denis Shapovalov,Novak Djokovic,player2,top_10,0.1981020988774292,5.98,0.1589310829817159,0.039171015895713285,0.18465055128702657,False,1,-1.0,2019
2019-11-11,Tour Finals,RR,Hard,1,Dominic Thiem,Matteo Berrettini,player2,top_10,0.7894267920805836,1.36,0.7017543859649122,0.0876724061156714,0.07362043722959383,False,1,-1.0,2019
2019-11-11,Tour Finals,RR,Hard,1,Roger Federer,Novak Djokovic,player1,top_10,0.3672037150616096,3.12,0.3051224944320712,0.062081220629538414,0.14567559099222205,True,1,2.12,2019
2019-11-11,Tour Finals,RR,Hard,1,Stefanos Tsitsipas,Alexander Zverev,player2,top_10,0.5970360193376231,2.09,0.4557291666666667,0.14130685267095638,0.2478052804156321,True,1,1.0899999999999999,2019
2019-11-11,Tour Finals,RR,Hard,1,Daniil Medvedev,Alexander Zverev,player2,top_10,0.6500313333020645,1.9,0.5026178010471204,0.14741353225494414,0.2350595332739226,False,1,-1.0,2019
2019-11-11,Tour Finals,RR,Hard,1,Rafael Nadal,Alexander Zverev,player1,top_10,0.7887434206153454,1.4,0.6803652968036529,0.10837812381169254,0.10424078886148352,False,1,-1.0,2019
2019-11-11,Tour Finals,RR,Hard,1,Rafael Nadal,Daniil Medvedev,player1,top_10,0.6470504750412416,2.16,0.441860465116279,0.20519000992496256,0.3976290260890819,True,1,1.1600000000000001,2019
2019-11-11,Tour Finals,SF,Hard,1,Alexander Zverev,Dominic Thiem,player1,top_10,0.6050154805422577,2.06,0.4635416666666666,0.14147381387559116,0.24633188991705102,False,1,-1.0,2019
2019-11-11,Tour Finals,SF,Hard,1,Roger Federer,Stefanos Tsitsipas,player1,top_10,0.8325556214193234,1.33,0.7182203389830509,0.11433528243627245,0.10729897648770015,False,1,-1.0,2019
2019-11-11,Tour Finals,F,Hard,1,Stefanos Tsitsipas,Dominic Thiem,player1,top_10,0.626355773876284,1.96,0.486910994764398,0.13944477911188607,0.22765731679751666,True,1,0.96,2019
2020-02-03,Montpellier,R16,Hard,3,David Goffin,Alexander Bublik,player2,top_10,0.787297757217699,1.34,0.7028824833702882,0.08441527384741077,0.05497899467171674,True,1,0.3400000000000001,2020
2020-02-03,Montpellier,R16,Hard,3,Gael Monfils,Adrian Mannarino,player1,top_10,0.6743509199823704,1.57,0.6015228426395939,0.07282807734277652,0.05873094437232157,True,1,0.5700000000000001,2020
2020-02-03,Montpellier,QF,Hard,3,David Goffin,Pierre Hugues Herbert,player2,top_10,0.7822450675420122,1.49,0.6348039215686274,0.14744114597338476,0.16554515063759812,True,1,0.49,2020
2020-02-03,Montpellier,QF,Hard,3,Gael Monfils,Norbert Gombos,player2,top_10,0.8203537372278746,1.28,0.7366255144032922,0.08372822282458248,0.05005278365167956,True,1,0.28,2020
2020-02-03,Montpellier,SF,Hard,3,David Goffin,Vasek Pospisil,player1,top_10,0.7160991380272747,1.52,0.6218905472636816,0.094208590763593,0.0884706898014575,False,1,-1.0,2020
2020-02-03,Montpellier,SF,Hard,3,Gael Monfils,Filip Krajinovic,player2,top_10,0.7056938532256926,1.69,0.5587467362924282,0.14694711693326434,0.19262261195142039,True,1,0.69,2020
2020-02-10,Rotterdam,R32,Hard,3,Robin Haase,David Goffin,player2,top_10,0.1959653640632197,5.59,0.1693907875185735,0.026574576544646206,0.0954463851133982,False,1,-1.0,2020
2020-02-10,Rotterdam,R16,Hard,3,Stefanos Tsitsipas,Aljaz Bedene,player1,top_10,0.8613211077206854,1.2,0.7883597883597884,0.072961319360897,0.03358532926482241,False,1,-1.0,2020
2020-02-10,Rotterdam,QF,Hard,3,Gael Monfils,Daniel Evans,player1,top_10,0.7940513498935647,1.48,0.6390243902439025,0.1550269596496623,0.1751959978424758,True,1,0.48,2020
2020-02-10,Rotterdam,SF,Hard,3,Gael Monfils,Filip Krajinovic,player2,top_10,0.6744011345357777,1.59,0.5954198473282442,0.0789812872075335,0.0722978039118865,True,1,0.5900000000000001,2020
2020-02-10,Rotterdam,F,Hard,3,Gael Monfils,Felix Auger Aliassime,player2,top_10,0.6780332087047961,1.56,0.6070528967254408,0.07098031197935528,0.05773180557948199,True,1,0.56,2020
2020-02-17,Marseille,R16,Hard,3,Daniil Medvedev,Jannik Sinner,player2,top_10,0.8174711089950711,1.26,0.7495029821073559,0.06796812688771525,0.030013597333789638,True,1,0.26,2020
2020-02-17,Marseille,F,Hard,3,Stefanos Tsitsipas,Felix Auger Aliassime,player2,top_10,0.7375006600459622,1.41,0.6713286713286714,0.0661719887172908,0.0398759306648066,True,1,0.4099999999999999,2020
2020-02-24,Dubai,R32,Hard,3,Stefanos Tsitsipas,Pablo Carreno Busta,player2,top_10,0.8025279838851339,1.32,0.7142857142857143,0.08824226959941961,0.05933693872837681,True,1,0.32000000000000006,2020
2020-02-24,Dubai,R32,Hard,3,Gael Monfils,Marton Fucsovics,player2,top_10,0.7950750823894216,1.34,0.7035398230088495,0.09153525938057205,0.06540061040182499,True,1,0.3400000000000001,2020
2020-02-24,Dubai,R16,Hard,3,Alexander Bublik,Stefanos Tsitsipas,player1,top_10,0.265137150995355,4.78,0.197986577181208,0.06715057381414702,0.26735558175779706,False,1,-1.0,2020
2020-02-24,Dubai,R16,Hard,3,Yasutaka Uchiyama,Gael Monfils,player2,top_10,0.1621727241027916,6.99,0.1359703337453646,0.026202390357426997,0.13358734147851337,False,1,-1.0,2020
2020-02-24,Dubai,QF,Hard,3,Stefanos Tsitsipas,Jan Lennard Struff,player1,top_10,0.7821731415902008,1.4,0.6759259259259259,0.10624721566427486,0.09504239822628102,True,1,0.3999999999999999,2020
2020-02-24,Dubai,QF,Hard,3,Karen Khachanov,Novak Djokovic,player2,top_10,0.1263417531622036,8.69,0.1096311475409836,0.01671060562122001,0.09790983497954941,False,1,-1.0,2020
2020-02-24,Dubai,SF,Hard,3,Stefanos Tsitsipas,Daniel Evans,player1,top_10,0.8477271223410349,1.23,0.771375464684015,0.0763516576570199,0.042704360479472875,True,1,0.22999999999999998,2020
2020-02-24,Acapulco,F,Hard,3,Taylor Fritz,Rafael Nadal,player2,top_10,0.1413223077881019,9.01,0.1052631578947368,0.0360591498933651,0.27331399317079796,False,1,-1.0,2020
2020-08-24,Cincinnati Masters,R32,Hard,4,Kevin Anderson,Stefanos Tsitsipas,player1,top_10,0.3076345104702422,3.95,0.2403846153846153,0.0672498950856269,0.2151563163574568,False,1,-1.0,2020
2020-08-24,Cincinnati Masters,R16,Hard,4,Stefanos Tsitsipas,John Isner,player1,top_10,0.809968101394014,1.33,0.7145922746781115,0.0953758267159025,0.07725757485403867,True,1,0.33000000000000007,2020
2020-08-24,Cincinnati Masters,R16,Hard,4,Reilly Opelka,Matteo Berrettini,player1,top_10,0.5285755797524958,2.36,0.4025316455696203,0.12604393418287552,0.24743836821589005,True,1,1.3599999999999999,2020
2020-08-24,Cincinnati Masters,R16,Hard,4,Jan Lennard Struff,David Goffin,player1,top_10,0.5032080472269728,2.3,0.413265306122449,0.08994274110452377,0.15737850862203728,True,1,1.2999999999999998,2020
2020-08-24,Cincinnati Masters,R16,Hard,4,Novak Djokovic,Tennys Sandgren,player1,top_10,0.8903495901722791,1.16,0.8204334365325077,0.06991615363977144,0.03280552459984368,True,1,0.15999999999999992,2020
2020-08-24,Cincinnati Masters,SF,Hard,4,Stefanos Tsitsipas,Milos Raonic,player2,top_10,0.6856646152931015,1.59,0.5974683544303797,0.08819626086272181,0.09020673831603149,False,1,-1.0,2020
2020-09-14,Rome Masters,R32,Clay,4,Gael Monfils,Dominik Koepfer,player1,top_10,0.7924784321747685,1.41,0.6720930232558139,0.12038540891895466,0.11739458936642361,False,1,-1.0,2020
2020-09-14,Rome Masters,QF,Clay,4,Casper Ruud,Matteo Berrettini,player2,top_10,0.4910264586491097,2.28,0.4168797953964194,0.07414666325269031,0.11954032571997009,True,1,1.2799999999999998,2020
2020-09-14,Rome Masters,SF,Clay,4,Casper Ruud,Novak Djokovic,player2,top_10,0.4895884389314504,5.05,0.7709750566893424,-0.28138661775789203,1.4724216166038244,False,1,-1.0,2020
2020-09-21,Hamburg,R32,Clay,3,Gael Monfils,Yannick Hanfmann,player1,top_10,0.6664221229248332,1.91,0.4960422163588391,0.17037990656599405,0.27286625478643123,False,1,-1.0,2020
2020-09-21,Hamburg,R32,Clay,3,Ugo Humbert,Daniil Medvedev,player1,top_10,0.2800061459234496,4.61,0.2065404475043029,0.07346569841914669,0.2908283327071026,True,1,3.6100000000000003,2020
2020-09-21,Hamburg,F,Clay,3,Stefanos Tsitsipas,Andrey Rublev,player1,top_10,0.6838864718994975,2.06,0.4621409921671018,0.22174547973239567,0.4088061321129648,False,1,-1.0,2020
2020-10-12,St Petersburg,R32,Hard,3,Richard Gasquet,Daniil Medvedev,player1,top_10,0.1774621653635723,6.12,0.154696132596685,0.022766032766887295,0.08606845202506241,False,1,-1.0,2020
2020-10-12,Cologne 1,QF,Hard,3,Lloyd Harris,Alexander Zverev,player2,top_10,0.3107782637879893,6.19,0.1532147742818057,0.1575634895061836,0.9237174528476537,False,1,-1.0,2020
2020-10-12,Cologne 1,F,Hard,3,Alexander Zverev,Felix Auger Aliassime,player1,top_10,0.7501644110832758,1.39,0.6797235023041476,0.07044090877912823,0.04272853140575328,True,1,0.3899999999999999,2020
2020-10-19,Cologne 2,QF,Hard,3,Alejandro Davidovich Fokina,Diego Schwartzman,player2,top_10,0.3346929480764082,3.4,0.2781316348195329,0.0565613132568753,0.13795602345978797,False,1,-1.0,2020
2020-10-19,Cologne 2,SF,Hard,3,Felix Auger Aliassime,Diego Schwartzman,player1,top_10,0.6185289087920479,2.03,0.468586387434555,0.14994252135749292,0.2556136848478572,False,1,-1.0,2020
2020-10-19,Cologne 2,SF,Hard,3,Alexander Zverev,Jannik Sinner,player1,top_10,0.771144297649228,1.84,0.5145118733509234,0.2566324242983046,0.41890550767457957,True,1,0.8400000000000001,2020
2020-10-19,Cologne 2,F,Hard,3,Alexander Zverev,Diego Schwartzman,player1,top_10,0.8270187471395629,1.51,0.628992628992629,0.19802611814693394,0.24879830818074,True,1,0.51,2020
2020-10-26,Vienna,R32,Hard,3,Norbert Gombos,Andrey Rublev,player1,top_10,0.1382091370310534,9.08,0.1045364891518737,0.03367264787917969,0.2549389642419648,False,1,-1.0,2020
2020-10-26,Vienna,R32,Hard,3,Jason Jung,Daniil Medvedev,player1,top_10,0.1079784278553063,9.69,0.0986046511627907,0.0093737766925156,0.04631096591791806,False,1,-1.0,2020
2020-10-26,Vienna,R32,Hard,3,Stefanos Tsitsipas,Jan Lennard Struff,player1,top_10,0.8249381631002387,1.28,0.7387755102040816,0.0861626528961571,0.05592084876830558,True,1,0.28,2020
2020-10-26,Vienna,R16,Hard,3,Cristian Garin,Dominic Thiem,player2,top_10,0.2219146931335504,6.14,0.1542699724517906,0.06764472068175978,0.3625562158399994,False,1,-1.0,2020
2020-10-26,Vienna,R16,Hard,3,Stefanos Tsitsipas,Grigor Dimitrov,player2,top_10,0.7260657429291913,1.43,0.6651053864168619,0.06096035651232945,0.03827401238874356,False,1,-1.0,2020
2020-10-26,Vienna,QF,Hard,3,Kevin Anderson,Daniil Medvedev,player1,top_10,0.2876719215564234,4.17,0.2277777777777777,0.059894143778645714,0.19959191289028555,True,1,3.17,2020
2020-10-26,Vienna,SF,Hard,3,Kevin Anderson,Andrey Rublev,player1,top_10,0.2782438078604841,4.36,0.2186379928315412,0.05960581502894288,0.21314300227171068,False,1,-1.0,2020
2020-10-26,Vienna,F,Hard,3,Lorenzo Sonego,Andrey Rublev,player1,top_10,0.1948518640237676,5.85,0.1630901287553648,0.03176173526840281,0.13988340453904047,False,1,-1.0,2020
2020-11-02,Paris Masters,R32,Hard,4,Stefanos Tsitsipas,Ugo Humbert,player2,top_10,0.769645966186431,1.46,0.6515513126491647,0.11809465353726634,0.12368311063218923,False,1,-1.0,2020
2020-11-02,Paris Masters,R32,Hard,4,Matteo Berrettini,Marcos Giron,player1,top_10,0.7847184570211073,1.36,0.6984478935698448,0.0862705634512625,0.06721710154870603,False,1,-1.0,2020
2020-11-02,Paris Masters,R32,Hard,4,Radu Albot,Andrey Rublev,player1,top_10,0.1459380778879584,8.82,0.1081900910010111,0.037747986886947305,0.28717384697179327,False,1,-1.0,2020
2020-11-02,Paris Masters,R32,Hard,4,Alexander Zverev,Miomir Kecmanovic,player1,top_10,0.8129807488288233,1.33,0.7152034261241969,0.09777732270462647,0.08126439594233509,True,1,0.33000000000000007,2020
2020-11-02,Paris Masters,R16,Hard,4,Alex De Minaur,Daniil Medvedev,player1,top_10,0.4616642379828983,2.44,0.3915211970074813,0.07014304097541701,0.12646074067827184,False,1,-1.0,2020
2020-11-02,Paris Masters,R16,Hard,4,Alejandro Davidovich Fokina,Diego Schwartzman,player1,top_10,0.4337838058124588,2.75,0.3452380952380952,0.08854571057436361,0.19290546598426173,False,1,-1.0,2020
2020-11-02,Paris Masters,R16,Hard,4,Stan Wawrinka,Andrey Rublev,player1,top_10,0.2490380241194229,4.65,0.2051282051282051,0.04390981899121782,0.15802681215531655,True,1,3.6500000000000004,2020
2020-11-02,Paris Masters,R16,Hard,4,Adrian Mannarino,Alexander Zverev,player1,top_10,0.2453804936292258,5.05,0.1881028938906752,0.057277599738550594,0.2391714928275902,False,1,-1.0,2020
2020-11-02,Paris Masters,QF,Hard,4,Alexander Zverev,Stan Wawrinka,player1,top_10,0.8154543905263215,1.45,0.657210401891253,0.1582439886350685,0.18240886626316616,True,1,0.44999999999999996,2020
2020-11-02,Paris Masters,SF,Hard,4,Daniil Medvedev,Milos Raonic,player1,top_10,0.7117601916384206,1.48,0.6425120772946861,0.06924811434373457,0.053405083624862515,True,1,0.48,2020
2020-11-02,Paris Masters,SF,Hard,4,Alexander Zverev,Rafael Nadal,player2,top_10,0.4362643063562076,2.42,0.3934837092731829,0.04278059708302473,0.055759621382022395,True,1,1.42,2020
2020-11-02,Paris Masters,F,Hard,4,Alexander Zverev,Daniil Medvedev,player1,top_10,0.558656068190294,1.9,0.5013123359580053,0.057343732232288724,0.061446529561558605,False,1,-1.0,2020
2020-11-16,Tour Finals,RR,Hard,1,Andrey Rublev,Dominic Thiem,player2,top_10,0.4474561967801675,2.39,0.399497487437186,0.04795870934298152,0.0694203103046005,True,1,1.3900000000000001,2020
2020-11-16,Tour Finals,RR,Hard,1,Rafael Nadal,Stefanos Tsitsipas,player2,top_10,0.8263008486653916,1.39,0.6869369369369369,0.13936391172845464,0.14855817964489415,True,1,0.3899999999999999,2020
2020-11-16,Tour Finals,RR,Hard,1,Alexander Zverev,Diego Schwartzman,player2,top_10,0.8208079492900294,1.31,0.7276507276507277,0.09315722163930173,0.07525841356993856,True,1,0.31000000000000005,2020
2020-11-16,Tour Finals,RR,Hard,1,Daniil Medvedev,Diego Schwartzman,player2,top_10,0.8388663917898699,1.29,0.7361963190184049,0.102670072771465,0.08213764540893218,True,1,0.29000000000000004,2020
2020-11-16,Tour Finals,RR,Hard,1,Daniil Medvedev,Alexander Zverev,player2,top_10,0.6224846933088808,1.71,0.5581395348837209,0.06434515842515987,0.06444882555818615,True,1,0.71,2020
2020-11-16,Tour Finals,RR,Hard,1,Novak Djokovic,Alexander Zverev,player2,top_10,0.8333936265404454,1.31,0.7287784679089027,0.10461515863154269,0.09174565076798347,True,1,0.31000000000000005,2020
2020-11-16,Tour Finals,SF,Hard,1,Novak Djokovic,Dominic Thiem,player2,top_10,0.7293197722373601,1.56,0.6129032258064515,0.1164165464309086,0.1377388446902818,False,1,-1.0,2020
2020-11-16,Tour Finals,SF,Hard,1,Rafael Nadal,Daniil Medvedev,player2,top_10,0.705674681850568,2.04,0.4687499999999999,0.23692468185056814,0.4395763509751588,False,1,-1.0,2020
2020-11-16,Tour Finals,F,Hard,1,Daniil Medvedev,Dominic Thiem,player2,top_10,0.6972855154181636,1.66,0.5765306122448979,0.12075490317326576,0.15749395559415158,True,1,0.6599999999999999,2020
2021-01-05,Antalya,R16,Hard,3,Dimitar Kuzmanov,Matteo Berrettini,player2,top_10,0.1423959444310225,8.72,0.1092951991828396,0.03310074524818289,0.24169263543851627,False,1,-1.0,2021
2021-01-05,Antalya,QF,Hard,3,Alexander Bublik,Matteo Berrettini,player1,top_10,0.3286060326622789,3.49,0.2713987473903967,0.05720728527188218,0.14683505399135333,True,1,2.49,2021
2021-02-22,Cordoba,R16,Clay,3,Diego Schwartzman,Marco Cecchinato,player1,top_10,0.8022458807594827,1.32,0.717948717948718,0.08429716281076471,0.058964562602517145,True,1,0.32000000000000006,2021
2021-03-01,Rotterdam,R16,Hard,3,Andy Murray,Andrey Rublev,player2,top_10,0.2327955995210994,5.68,0.1671554252199413,0.0656401743011581,0.32227900527984465,False,1,-1.0,2021
2021-03-01,Rotterdam,QF,Hard,3,Stefanos Tsitsipas,Karen Khachanov,player2,top_10,0.807495576209854,1.37,0.6921348314606741,0.1153607447491799,0.1062689394075001,True,1,0.3700000000000001,2021
2021-03-01,Rotterdam,QF,Hard,3,Jeremy Chardy,Andrey Rublev,player2,top_10,0.280480039806488,6.05,0.1573816155988858,0.1230984242076022,0.6969042408292523,False,1,-1.0,2021
2021-03-01,Rotterdam,SF,Hard,3,Andrey Rublev,Stefanos Tsitsipas,player2,top_10,0.6191313006384257,1.97,0.4802110817941952,0.1389202188442305,0.21968866225769856,True,1,0.97,2021
2021-03-01,Buenos Aires,QF,Clay,3,Jaume Munar,Diego Schwartzman,player2,top_10,0.3179606100219872,3.37,0.2814498933901919,0.03651071663179534,0.07152725577409691,False,1,-1.0,2021
2021-03-08,Doha,R16,Hard,3,Roger Federer,Daniel Evans,player2,top_10,0.8133708289894859,1.51,0.6271604938271605,0.18621033516232532,0.22818995177412366,True,1,0.51,2021
2021-03-08,Doha,R16,Hard,3,Richard Gasquet,Andrey Rublev,player1,top_10,0.1512041000548696,7.19,0.1316425120772947,0.0195615879775749,0.08715747939451246,False,1,-1.0,2021
2021-03-08,Doha,R16,Hard,3,Dominic Thiem,Aslan Karatsev,player1,top_10,0.8142220576713569,1.38,0.6877828054298643,0.12643925224149266,0.12362643958647246,True,1,0.3799999999999999,2021
2021-03-08,Doha,SF,Hard,3,Andrey Rublev,Roberto Bautista Agut,player2,top_10,0.8133049811659845,1.34,0.7074235807860262,0.1058814003799583,0.08982867476241929,False,1,-1.0,2021
2021-03-15,Acapulco,R32,Hard,3,Benoit Paire,Stefanos Tsitsipas,player2,top_10,0.1308848445805945,9.48,0.1005692599620493,0.030315584618545194,0.2407883266240357,False,1,-1.0,2021
2021-03-15,Acapulco,R16,Hard,3,Laslo Djere,Alexander Zverev,player1,top_10,0.1385220503225491,8.51,0.1116910229645094,0.026831027358039702,0.1788226482448929,False,1,-1.0,2021
2021-03-15,Acapulco,QF,Hard,3,Stefanos Tsitsipas,Felix Auger Aliassime,player2,top_10,0.8230466994658144,1.34,0.7080610021786492,0.11498569728716523,0.10288257728419142,True,1,0.3400000000000001,2021
2021-03-15,Acapulco,F,Hard,3,Alexander Zverev,Stefanos Tsitsipas,player2,top_10,0.4925351792842285,2.57,0.3700980392156863,0.12243714006854223,0.2658154107604672,True,1,1.5699999999999998,2021
2021-03-22,Miami Masters,R64,Hard,4,Yasutaka Uchiyama,Diego Schwartzman,player1,top_10,0.1781125487242277,6.49,0.1471747700394218,0.030937778684805878,0.1559504412202377,False,1,-1.0,2021
2021-03-22,Miami Masters,R32,Hard,4,Kei Nishikori,Stefanos Tsitsipas,player2,top_10,0.2501216190611548,4.12,0.2299065420560748,0.020215077005080018,0.03050107053195794,False,1,-1.0,2021
2021-03-22,Miami Masters,R16,Hard,4,Marin Cilic,Andrey Rublev,player1,top_10,0.1725569343594544,7.24,0.1308523409363745,0.041704593423079916,0.24931220476244986,False,1,-1.0,2021
2021-03-22,Miami Masters,QF,Hard,4,Daniil Medvedev,Roberto Bautista Agut,player2,top_10,0.8461859830640073,1.29,0.7361963190184049,0.1099896640456024,0.09157991815256941,False,1,-1.0,2021
2021-03-22,Miami Masters,SF,Hard,4,Andrey Rublev,Hubert Hurkacz,player2,top_10,0.8565119020541602,1.22,0.7749077490774907,0.08160415297666945,0.04494452050607539,False,1,-1.0,2021
2021-04-12,Monte Carlo Masters,R32,Clay,4,Salvatore Caruso,Andrey Rublev,player1,top_10,0.1234416869630567,8.84,0.1079717457114026,0.015469941251654101,0.09122451275342114,False,1,-1.0,2021
2021-04-12,Monte Carlo Masters,R32,Clay,4,Matteo Berrettini,Alejandro Davidovich Fokina,player1,top_10,0.6791528573399006,1.86,0.5118110236220472,0.16734183371785338,0.2632243146522152,False,1,-1.0,2021
2021-04-12,Monte Carlo Masters,R32,Clay,4,Stefanos Tsitsipas,Aslan Karatsev,player1,top_10,0.6970254215208082,1.52,0.625615763546798,0.07140965797401011,0.059478640711628394,True,1,0.52,2021
2021-04-12,Monte Carlo Masters,R32,Clay,4,Alexander Zverev,Lorenzo Sonego,player1,top_10,0.7755337542770334,1.43,0.6651053864168619,0.11042836786017152,0.10901326861615773,True,1,0.42999999999999994,2021
2021-04-12,Monte Carlo Masters,R32,Clay,4,Novak Djokovic,Jannik Sinner,player2,top_10,0.7858003140619152,1.33,0.7133620689655172,0.07243824509639796,0.045114417702347254,True,1,0.33000000000000007,2021
2021-04-12,Monte Carlo Masters,R16,Clay,4,Alexander Zverev,David Goffin,player2,top_10,0.7720967184480831,1.49,0.637469586374696,0.13462713207338717,0.15042411048764387,False,1,-1.0,2021
2021-04-12,Monte Carlo Masters,SF,Clay,4,Casper Ruud,Andrey Rublev,player2,top_10,0.371795699653626,3.25,0.2919389978213508,0.07985670183227522,0.20833602387428463,False,1,-1.0,2021
2021-04-19,Barcelona,R16,Clay,3,Corentin Moutet,Diego Schwartzman,player1,top_10,0.2645386679561053,4.06,0.2339622641509434,0.03057640380516191,0.07402699190178741,False,1,-1.0,2021
2021-04-19,Barcelona,QF,Clay,3,Stefanos Tsitsipas,Felix Auger Aliassime,player2,top_10,0.8445603822983704,1.27,0.7485148514851484,0.09604553081322198,0.07259168551893039,True,1,0.27,2021
2021-04-19,Barcelona,QF,Clay,3,Andrey Rublev,Jannik Sinner,player2,top_10,0.7095921588288402,1.99,0.4790575916230366,0.23053456720580356,0.41208839606939196,False,1,-1.0,2021
2021-04-19,Barcelona,SF,Clay,3,Stefanos Tsitsipas,Jannik Sinner,player1,top_10,0.7937711992884324,1.42,0.6689976689976691,0.12477353029076332,0.127155102989574,True,1,0.41999999999999993,2021
2021-04-19,Barcelona,F,Clay,3,Rafael Nadal,Stefanos Tsitsipas,player1,top_10,0.7230285822602895,1.53,0.6194029850746269,0.10362559718566267,0.106233730858243,True,1,0.53,2021
2021-04-19,Belgrade,R16,Clay,3,Matteo Berrettini,Marco Cecchinato,player1,top_10,0.7357242608509317,1.56,0.6080402010050251,0.12768405984590658,0.14772984692745345,True,1,0.56,2021
2021-04-19,Belgrade,QF,Clay,3,Miomir Kecmanovic,Novak Djokovic,player2,top_10,0.1077471323668417,9.93,0.0956284153005464,0.012118717066295304,0.06992902440273818,False,1,-1.0,2021
2021-04-19,Belgrade,SF,Clay,3,Taro Daniel,Matteo Berrettini,player1,top_10,0.1948811727047597,5.42,0.1750380517503805,0.01984312095437918,0.056255956059797496,False,1,-1.0,2021
2021-04-19,Belgrade,F,Clay,3,Aslan Karatsev,Matteo Berrettini,player2,top_10,0.5872498041146494,1.87,0.5091863517060368,0.07806345240861268,0.0981571336943945,False,1,-1.0,2021
2021-04-26,Munich,QF,Clay,3,Alexander Zverev,Ilya Ivashka,player2,top_10,0.8467177402701563,1.26,0.75,0.09671774027015634,0.06686435274039698,False,1,-1.0,2021
2021-05-03,Madrid Masters,R32,Clay,4,Alejandro Davidovich Fokina,Daniil Medvedev,player1,top_10,0.4879959931726391,2.31,0.4107142857142857,0.07728170745835339,0.12727074422879636,False,1,-1.0,2021
2021-05-03,Madrid Masters,R16,Clay,4,Cristian Garin,Daniil Medvedev,player2,top_10,0.5495652006625285,2.34,0.4030612244897959,0.14650397617273253,0.28598256955031653,True,1,1.3399999999999999,2021
2021-05-03,Madrid Masters,R16,Clay,4,Federico Delbonis,Matteo Berrettini,player2,top_10,0.2548837363220124,4.13,0.2294776119402985,0.025406124381713885,0.05266983100991118,False,1,-1.0,2021
2021-05-03,Madrid Masters,R16,Clay,4,John Isner,Andrey Rublev,player2,top_10,0.3009472825734847,3.54,0.268595041322314,0.0323522412511707,0.06535338031013582,True,1,2.54,2021
2021-05-03,Madrid Masters,QF,Clay,4,Dominic Thiem,John Isner,player2,top_10,0.8454043109352877,1.24,0.7638095238095237,0.08159478712576396,0.04830134555975671,True,1,0.24,2021
2021-05-03,Madrid Masters,SF,Clay,4,Dominic Thiem,Alexander Zverev,player2,top_10,0.6791751980586622,2.14,0.4441558441558441,0.23501935390281814,0.4534349238455372,False,1,-1.0,2021
2021-05-03,Madrid Masters,F,Clay,4,Matteo Berrettini,Alexander Zverev,player2,top_10,0.4608603471135278,2.31,0.4122137404580152,0.048646606655512625,0.0645874018322492,False,1,-1.0,2021
2021-05-10,Rome Masters,R32,Clay,4,Aslan Karatsev,Daniil Medvedev,player2,top_10,0.6131791543010898,1.83,0.5171503957783641,0.09602875852272574,0.12211785237099437,True,1,0.8300000000000001,2021
2021-05-10,Rome Masters,R32,Clay,4,Felix Auger Aliassime,Diego Schwartzman,player2,top_10,0.4471682856602629,2.46,0.385,0.06216828566026289,0.10003398272424668,True,1,1.46,2021
2021-05-10,Rome Masters,R32,Clay,4,Jan Lennard Struff,Andrey Rublev,player1,top_10,0.2150642505568791,5.24,0.1799687010954616,0.03509554946141752,0.12693667291804667,False,1,-1.0,2021
2021-05-10,Rome Masters,R32,Clay,4,Marin Cilic,Stefanos Tsitsipas,player1,top_10,0.1973360086571802,7.51,0.1257275902211874,0.0716084184359928,0.4819934250154234,False,1,-1.0,2021
2021-05-10,Rome Masters,R16,Clay,4,Denis Shapovalov,Rafael Nadal,player2,top_10,0.1182438985753831,8.73,0.1082737487231869,0.0099701498521962,0.032269234563094495,False,1,-1.0,2021
2021-05-10,Rome Masters,R16,Clay,4,Andrey Rublev,Roberto Bautista Agut,player1,top_10,0.7182698397892043,1.54,0.615,0.10326983978920434,0.10613555327537472,True,1,0.54,2021
2021-05-10,Rome Masters,R16,Clay,4,Dominic Thiem,Lorenzo Sonego,player1,top_10,0.8299481182620406,1.28,0.7419354838709676,0.08801263439107299,0.06233359137541203,False,1,-1.0,2021
2021-05-10,Rome Masters,R16,Clay,4,Matteo Berrettini,Stefanos Tsitsipas,player2,top_10,0.3524707073061262,3.05,0.3099547511312218,0.04251595617490439,0.07503565728368478,False,1,-1.0,2021
2021-05-10,Rome Masters,QF,Clay,4,Rafael Nadal,Alexander Zverev,player1,top_10,0.7650744174700224,1.39,0.682648401826484,0.08242601564353835,0.063453440283331,True,1,0.3899999999999999,2021
2021-05-10,Rome Masters,QF,Clay,4,Stefanos Tsitsipas,Novak Djokovic,player2,top_10,0.5366769294738056,2.28,0.4168797953964194,0.11979713407738624,0.22362339920027674,False,1,-1.0,2021
2021-05-10,Rome Masters,SF,Clay,4,Reilly Opelka,Rafael Nadal,player1,top_10,0.1350148295654694,7.92,0.12,0.0150148295654694,0.06931745015851765,False,1,-1.0,2021
2021-05-10,Rome Masters,F,Clay,4,Rafael Nadal,Novak Djokovic,player1,top_10,0.7012683838490209,1.51,0.6308068459657702,0.07046153788325071,0.0589152596120216,True,1,0.51,2021
2021-05-17,Geneva,R16,Clay,3,Roger Federer,Pablo Andujar,player1,top_10,0.8372205975494493,1.32,0.7161290322580645,0.12109156529138487,0.10513118876527316,False,1,-1.0,2021
2021-05-17,Lyon,R16,Clay,3,Richard Gasquet,Diego Schwartzman,player1,top_10,0.3941919997263417,3.7,0.255533199195171,0.13865880053117074,0.4585103989874644,True,1,2.7,2021
2021-06-14,Queen's Club,R16,Grass,3,Andy Murray,Matteo Berrettini,player2,top_10,0.5086517308352064,3.23,0.2916666666666667,0.21698506416853974,0.6429450905977167,False,1,-1.0,2021
2021-06-14,Queen's Club,QF,Grass,3,Matteo Berrettini,Daniel Evans,player2,top_10,0.7560339331709183,1.4,0.6736596736596736,0.08237425951124466,0.058447506439285535,True,1,0.3999999999999999,2021
2021-06-14,Queen's Club,F,Grass,3,Matteo Berrettini,Cameron Norrie,player2,top_10,0.8082269973331409,1.28,0.7403651115618661,0.06786188577127472,0.03453055658642032,True,1,0.28,2021
2021-06-14,Halle,R32,Grass,3,Karen Khachanov,Andrey Rublev,player1,top_10,0.4203217781727739,2.5,0.3796526054590571,0.040669172713716784,0.05080444543193474,False,1,-1.0,2021
2021-06-14,Halle,F,Grass,3,Ugo Humbert,Andrey Rublev,player1,top_10,0.3756226949410743,2.92,0.324074074074074,0.051548620867000294,0.09681826922793701,True,1,1.92,2021
2021-06-21,Mallorca,R16,Grass,3,Dominic Thiem,Adrian Mannarino,player1,top_10,0.7502022756910603,1.59,0.5943877551020408,0.15581452058901957,0.19282161834878603,False,1,-1.0,2021
2021-06-21,Mallorca,R16,Grass,3,Corentin Moutet,Daniil Medvedev,player2,top_10,0.2711355621678364,5.09,0.1856,0.08553556216783642,0.38008001143428727,False,1,-1.0,2021
2021-06-21,Mallorca,QF,Grass,3,Sam Querrey,Roberto Bautista Agut,player1,top_10,0.5648056400133741,3.18,0.2980132450331126,0.26679239498026147,0.7960819352425297,True,1,2.18,2021
2021-06-21,Mallorca,QF,Grass,3,Casper Ruud,Daniil Medvedev,player1,top_10,0.3164901667392727,4.49,0.210896309314587,0.10559385742468572,0.42104084865933467,False,1,-1.0,2021
2021-06-21,Mallorca,SF,Grass,3,Pablo Carreno Busta,Daniil Medvedev,player2,top_10,0.2452951854891365,4.55,0.2073170731707317,0.03797811231840481,0.1160930939755711,False,1,-1.0,2021
2021-06-21,Mallorca,F,Grass,3,Sam Querrey,Daniil Medvedev,player2,top_10,0.4033221933026674,3.89,0.2431906614785991,0.16013153182406828,0.5689233319473761,False,1,-1.0,2021
2021-08-02,Washington,R16,Hard,3,Rafael Nadal,Lloyd Harris,player2,top_10,0.856614526888853,1.22,0.7711069418386493,0.08550758505020373,0.04506972280440061,False,1,-1.0,2021
2021-08-09,Canada Masters,R32,Hard,4,Denis Shapovalov,Frances Tiafoe,player1,top_10,0.7904906460190588,1.33,0.7096069868995633,0.08088365911949558,0.051352559205348314,False,1,-1.0,2021
2021-08-09,Canada Masters,SF,Hard,4,John Isner,Daniil Medvedev,player2,top_10,0.379109774174742,3.34,0.284796573875803,0.09431320029893903,0.2662266457436383,False,1,-1.0,2021
2021-08-16,Cincinnati Masters,R32,Hard,4,Alexander Zverev,Lloyd Harris,player2,top_10,0.8494304587285324,1.29,0.7356557377049181,0.1137747210236143,0.09576529175980683,True,1,0.29000000000000004,2021
2021-08-16,Cincinnati Masters,R32,Hard,4,Benoit Paire,Denis Shapovalov,player1,top_10,0.3680458276807956,4.06,0.2339622641509434,0.13408356352985218,0.49426606038402987,True,1,3.0599999999999996,2021
2021-08-16,Cincinnati Masters,R16,Hard,4,Guido Pella,Alexander Zverev,player2,top_10,0.1140277649111193,9.22,0.1039844509232264,0.01004331398789289,0.05133599248052001,False,1,-1.0,2021
2021-08-16,Cincinnati Masters,R16,Hard,4,Grigor Dimitrov,Daniil Medvedev,player2,top_10,0.2877789115884722,5.15,0.1838351822503962,0.103943729338076,0.4820613946806318,False,1,-1.0,2021
2021-08-16,Cincinnati Masters,QF,Hard,4,Stefanos Tsitsipas,Felix Auger Aliassime,player2,top_10,0.7957773834250608,1.38,0.6898876404494382,0.10588974297562259,0.09817278912658378,True,1,0.3799999999999999,2021
2021-08-16,Cincinnati Masters,QF,Hard,4,Alexander Zverev,Casper Ruud,player1,top_10,0.8495289075056753,1.25,0.7591522157996148,0.09037669170606055,0.06191113438209417,True,1,0.25,2021
2021-08-16,Cincinnati Masters,QF,Hard,4,Benoit Paire,Andrey Rublev,player2,top_10,0.2915854532918339,4.75,0.2003367003367003,0.09124875295513357,0.3850309031362109,False,1,-1.0,2021
2021-08-16,Cincinnati Masters,QF,Hard,4,Daniil Medvedev,Pablo Carreno Busta,player1,top_10,0.8119686832266403,1.28,0.7429718875502008,0.06899679567643946,0.03931991453009959,True,1,0.28,2021
2021-08-16,Cincinnati Masters,SF,Hard,4,Stefanos Tsitsipas,Alexander Zverev,player2,top_10,0.5799863219546825,2.23,0.4252577319587629,0.1547285899959196,0.29336949795894185,False,1,-1.0,2021
2021-09-24,Laver Cup,RR,Hard,3,Andrey Rublev,Diego Schwartzman,player2,top_10,0.8161965201257906,1.3,0.7302904564315352,0.08590606369425535,0.0610554761635278,True,1,0.30000000000000004,2021
2021-09-27,San Diego,R16,Hard,3,Andy Murray,Casper Ruud,player1,top_10,0.6393729529555426,2.14,0.4412532637075718,0.19811968924797085,0.3682581193248613,False,1,-1.0,2021
2021-09-27,San Diego,QF,Hard,3,Casper Ruud,Lorenzo Sonego,player1,top_10,0.691276234478693,1.5,0.6341463414634148,0.057129893015278266,0.03691435171803953,True,1,0.5,2021
2021-09-27,San Diego,QF,Hard,3,Andrey Rublev,Diego Schwartzman,player1,top_10,0.8392465338322377,1.3,0.7302904564315352,0.10895607740070246,0.09102049398190903,True,1,0.30000000000000004,2021
2021-09-27,San Diego,SF,Hard,3,Grigor Dimitrov,Casper Ruud,player1,top_10,0.4793932441309931,2.82,0.3364705882352941,0.14292265589569902,0.35188894844940055,False,1,-1.0,2021
2021-09-27,San Diego,SF,Hard,3,Andrey Rublev,Cameron Norrie,player2,top_10,0.8010721742175244,1.32,0.7161290322580645,0.08494314195945996,0.057415269967132254,False,1,-1.0,2021
2021-10-04,Indian Wells Masters,R64,Hard,4,Mackenzie Mcdonald,Daniil Medvedev,player1,top_10,0.1543140052641865,8.81,0.1073961499493414,0.04691785531484512,0.3595063863774832,False,1,-1.0,2021
2021-10-04,Indian Wells Masters,R32,Hard,4,Andy Murray,Alexander Zverev,player1,top_10,0.3082287396785194,4.81,0.1969949916527545,0.11123374802576488,0.4825802378536782,False,1,-1.0,2021
2021-10-04,Indian Wells Masters,R32,Hard,4,Matteo Berrettini,Taylor Fritz,player2,top_10,0.7723359960413001,1.4,0.6781609195402298,0.09417507650107027,0.08127039445782008,False,1,-1.0,2021
2021-10-04,Indian Wells Masters,R16,Hard,4,Gael Monfils,Alexander Zverev,player2,top_10,0.2647256778105082,4.62,0.2061855670103092,0.058540110800199,0.223032631484548,False,1,-1.0,2021
2021-10-04,Indian Wells Masters,R16,Hard,4,Grigor Dimitrov,Daniil Medvedev,player2,top_10,0.1775364563961191,6.16,0.1538461538461538,0.023690302549965292,0.09362457140009361,True,1,5.16,2021
2021-10-04,Indian Wells Masters,QF,Hard,4,Stefanos Tsitsipas,Nikoloz Basilashvili,player2,top_10,0.8510190671188674,1.25,0.7572815533980582,0.09373751372080918,0.06377383389858429,False,1,-1.0,2021
2021-10-18,Moscow,R16,Hard,3,Adrian Mannarino,Andrey Rublev,player1,top_10,0.1857751958300735,8.35,0.113588110403397,0.07218708542667648,0.5512228851811136,True,1,7.35,2021
2021-10-25,Vienna,R32,Hard,3,Stefanos Tsitsipas,Grigor Dimitrov,player1,top_10,0.7525018254795804,1.42,0.6666666666666666,0.08583515881291381,0.06855259218100418,True,1,0.41999999999999993,2021
2021-10-25,Vienna,R16,Hard,3,Alex De Minaur,Alexander Zverev,player2,top_10,0.2316317662441801,4.92,0.1921182266009852,0.0395135396431949,0.1396282899213661,False,1,-1.0,2021
2021-10-25,Vienna,R16,Hard,3,Casper Ruud,Lorenzo Sonego,player1,top_10,0.7717272162231761,1.36,0.6971046770601336,0.07462253916304251,0.049549014063519525,True,1,0.3600000000000001,2021
2021-10-25,Vienna,R16,Hard,3,Stefanos Tsitsipas,Frances Tiafoe,player2,top_10,0.8342507482868449,1.24,0.7647058823529412,0.06954486593390363,0.03447092787568762,False,1,-1.0,2021
2021-10-25,St. Petersburg,R16,Hard,3,Andrey Rublev,Ilya Ivashka,player1,top_10,0.796115848180568,1.36,0.6971046770601336,0.09901117112043445,0.08271755352557258,True,1,0.3600000000000001,2021
2021-11-01,Paris Masters,R32,Hard,4,Hubert Hurkacz,Tommy Paul,player1,top_10,0.7702043062014918,1.39,0.6797235023041476,0.09048080389734425,0.07058398562007356,True,1,0.3899999999999999,2021
2021-11-01,Paris Masters,R16,Hard,4,Alexander Zverev,Grigor Dimitrov,player2,top_10,0.8256102591537037,1.33,0.7108695652173914,0.11474069393631225,0.09806164467442596,True,1,0.33000000000000007,2021
2021-11-01,Paris Masters,QF,Hard,4,Alexander Zverev,Casper Ruud,player1,top_10,0.7975183628138764,1.37,0.690744920993228,0.10677344182064841,0.09260015705501079,True,1,0.3700000000000001,2021
2021-11-01,Paris Masters,QF,Hard,4,Hubert Hurkacz,James Duckworth,player2,top_10,0.7764416079645572,1.33,0.710239651416122,0.06620195654843519,0.03266733859286114,True,1,0.33000000000000007,2021
2021-11-01,Paris Masters,SF,Hard,4,Daniil Medvedev,Alexander Zverev,player2,top_10,0.6677809088344593,1.79,0.5314136125654451,0.13636729626901423,0.1953278268136821,True,1,0.79,2021
2021-11-01,Paris Masters,F,Hard,4,Novak Djokovic,Daniil Medvedev,player2,top_10,0.6300829605552918,2.02,0.4712041884816754,0.1588787720736164,0.27276758032168946,True,1,1.02,2021
2021-11-15,Tour Finals,RR,Hard,1,Daniil Medvedev,Jannik Sinner,player2,top_10,0.8133599959219827,1.39,0.6819221967963387,0.13143779912564402,0.13057039433155587,True,1,0.3899999999999999,2021
2021-11-15,Tour Finals,RR,Hard,1,Daniil Medvedev,Alexander Zverev,player2,top_10,0.6878755967941146,1.53,0.6194029850746269,0.06847261171948771,0.052449663094995325,True,1,0.53,2021
2021-11-15,Tour Finals,RR,Hard,1,Stefanos Tsitsipas,Andrey Rublev,player1,top_10,0.6441252037235529,1.73,0.5483028720626633,0.0958223316608896,0.11433660244174643,False,1,-1.0,2021
2021-11-15,Tour Finals,RR,Hard,1,Casper Ruud,Novak Djokovic,player1,top_10,0.1662935504700188,6.48,0.1462450592885375,0.020048491181481304,0.07758220704572194,False,1,-1.0,2021
2021-11-15,Tour Finals,F,Hard,1,Daniil Medvedev,Alexander Zverev,player2,top_10,0.7337483471661165,1.56,0.61,0.12374834716611649,0.14464742157914173,False,1,-1.0,2021
2022-02-07,Rotterdam,R16,Hard,3,Stefanos Tsitsipas,Ilya Ivashka,player1,top_10,0.8460159673891642,1.25,0.7563352826510722,0.08968068473809199,0.057519959236455226,True,1,0.25,2022
2022-02-07,Rotterdam,QF,Hard,3,Andrey Rublev,Marton Fucsovics,player1,top_10,0.850544244507191,1.24,0.7669172932330828,0.08362695127410824,0.054674863188916845,True,1,0.24,2022
2022-02-07,Rotterdam,QF,Hard,3,Felix Auger Aliassime,Cameron Norrie,player2,top_10,0.7644837346363437,1.48,0.6425120772946861,0.1219716573416576,0.1314359272617886,True,1,0.48,2022
2022-02-07,Rotterdam,F,Hard,3,Stefanos Tsitsipas,Felix Auger Aliassime,player2,top_10,0.6354656724055039,1.78,0.5352480417754569,0.10021763063004696,0.13112889688179696,False,1,-1.0,2022
2022-02-07,Buenos Aires,R16,Clay,3,Casper Ruud,Roberto Carballes Baena,player2,top_10,0.8658776332104319,1.21,0.78,0.08587763321043185,0.04771193618462255,True,1,0.20999999999999996,2022
2022-02-07,Buenos Aires,F,Clay,3,Casper Ruud,Diego Schwartzman,player2,top_10,0.7856120922984244,1.42,0.667447306791569,0.11816478550685539,0.11556917106376263,True,1,0.41999999999999993,2022
2022-02-14,Marseille,R16,Hard,3,Richard Gasquet,Andrey Rublev,player1,top_10,0.2390831997833568,5.71,0.1664233576642335,0.0726598421191233,0.36516507076296734,False,1,-1.0,2022
2022-02-14,Marseille,QF,Hard,3,Lucas Pouille,Andrey Rublev,player1,top_10,0.211846665045683,5.95,0.1596045197740112,0.052242145271671814,0.26048765702181376,False,1,-1.0,2022
2022-02-14,Marseille,SF,Hard,3,Andrey Rublev,Benjamin Bonzi,player2,top_10,0.8211260943277638,1.31,0.7265135699373695,0.09461252439039436,0.0756751835693707,True,1,0.31000000000000005,2022
2022-02-14,Marseille,F,Hard,3,Andrey Rublev,Felix Auger Aliassime,player2,top_10,0.4268847230208309,2.42,0.3919597989949749,0.03492492402585601,0.033061029710410805,True,1,1.42,2022
2022-02-14,Rio de Janeiro,R16,Clay,3,Matteo Berrettini,Thiago Monteiro,player2,top_10,0.8472008547653269,1.31,0.7230443974630022,0.12415645730232472,0.10983311974257831,True,1,0.31000000000000005,2022
2022-02-14,Rio de Janeiro,QF,Clay,3,Matteo Berrettini,Carlos Alcaraz,player2,top_10,0.6798317789002915,2.3,0.411764705882353,0.2680670730179385,0.5636130914706702,False,1,-1.0,2022
2022-02-21,Dubai,R32,Hard,3,Andrey Rublev,Daniel Evans,player2,top_10,0.7718799256908694,1.57,0.6025316455696202,0.16934828012124914,0.21185148333466497,True,1,0.5700000000000001,2022
2022-02-21,Dubai,R16,Hard,3,Andy Murray,Jannik Sinner,player1,top_10,0.3063052688933723,3.4,0.2781316348195329,0.028173634073839382,0.04143791423746579,False,1,-1.0,2022
2022-02-21,Dubai,QF,Hard,3,Andrey Rublev,Mackenzie Mcdonald,player2,top_10,0.818323007306263,1.28,0.7398373983739838,0.07848560893227918,0.04745344935201659,True,1,0.28,2022
2022-02-21,Dubai,QF,Hard,3,Hubert Hurkacz,Jannik Sinner,player2,top_10,0.4630826958286693,2.55,0.3719211822660098,0.0911615135626595,0.1808608743631066,True,1,1.5499999999999998,2022
2022-02-21,Dubai,SF,Hard,3,Andrey Rublev,Hubert Hurkacz,player2,top_10,0.7146341638286398,1.99,0.4763157894736842,0.23831837435495556,0.4221219860189931,True,1,0.99,2022
2022-02-21,Dubai,F,Hard,3,Andrey Rublev,Jiri Vesely,player2,top_10,0.8479557814564798,1.34,0.7093275488069414,0.13862823264953839,0.13626074715168296,True,1,0.3400000000000001,2022
2022-02-21,Acapulco,QF,Hard,3,Yoshihito Nishioka,Daniil Medvedev,player1,top_10,0.1082943835343555,9.81,0.0966850828729281,0.011609300661427402,0.0623679024720275,False,1,-1.0,2022
2022-02-21,Acapulco,SF,Hard,3,Stefanos Tsitsipas,Cameron Norrie,player2,top_10,0.7505781166099204,1.51,0.6280788177339901,0.12249929887593025,0.13337295608097977,False,1,-1.0,2022
2022-03-07,Indian Wells Masters,R64,Hard,4,Dominik Koepfer,Andrey Rublev,player1,top_10,0.1262331557352669,8.9,0.106425702811245,0.01980745292402189,0.12347508604387536,False,1,-1.0,2022
2022-03-07,Indian Wells Masters,R64,Hard,4,Alexander Zverev,Tommy Paul,player1,top_10,0.8358480449423576,1.26,0.7543859649122807,0.08146208003007693,0.053168536627370644,False,1,-1.0,2022
2022-03-07,Indian Wells Masters,R64,Hard,4,Felix Auger Aliassime,Botic Van De Zandschulp,player1,top_10,0.8451321792313805,1.27,0.7475149105367793,0.09761726869460119,0.07331786762385326,False,1,-1.0,2022
2022-03-07,Indian Wells Masters,R32,Hard,4,Andrey Rublev,Frances Tiafoe,player2,top_10,0.8061517474314132,1.41,0.674364896073903,0.13178685135751012,0.1366739638782925,True,1,0.4099999999999999,2022
2022-03-07,Indian Wells Masters,R32,Hard,4,Matteo Berrettini,Lloyd Harris,player1,top_10,0.8153959326438969,1.27,0.7490118577075099,0.06638407493638698,0.03555283445774904,True,1,0.27,2022
2022-03-07,Indian Wells Masters,R32,Hard,4,Casper Ruud,Nick Kyrgios,player2,top_10,0.6322203347342977,1.82,0.5223097112860893,0.10991062344820846,0.15064100921642187,False,1,-1.0,2022
2022-03-07,Indian Wells Masters,R32,Hard,4,Jannik Sinner,Benjamin Bonzi,player2,top_10,0.8573204799240112,1.23,0.7705223880597014,0.08679809186430976,0.05450419030653372,True,1,0.22999999999999998,2022
2022-03-07,Indian Wells Masters,R32,Hard,4,Stefanos Tsitsipas,Jenson Brooksby,player2,top_10,0.7091535989902843,1.6,0.5949367088607596,0.11421689012952474,0.13464575838445492,False,1,-1.0,2022
2022-03-07,Indian Wells Masters,R16,Hard,4,Matteo Berrettini,Miomir Kecmanovic,player1,top_10,0.7673640215251165,1.41,0.6728538283062646,0.0945101932188519,0.0819832703504142,False,1,-1.0,2022
2022-03-07,Indian Wells Masters,R16,Hard,4,Jannik Sinner,Nick Kyrgios,player2,top_10,0.7453232915125919,1.81,0.5261780104712042,0.21914528104138775,0.34903515763779136,False,1,-1.0,2022
2022-03-07,Indian Wells Masters,QF,Hard,4,Andrey Rublev,Grigor Dimitrov,player2,top_10,0.7995764225405869,1.34,0.7105831533477323,0.08899326919285466,0.07143240620438651,True,1,0.3400000000000001,2022
2022-03-07,Indian Wells Masters,QF,Hard,4,Rafael Nadal,Nick Kyrgios,player1,top_10,0.7522894382183988,1.4,0.6803652968036529,0.0719241414147459,0.05320521350575824,True,1,0.3999999999999999,2022
2022-03-07,Indian Wells Masters,SF,Hard,4,Rafael Nadal,Carlos Alcaraz,player1,top_10,0.7350572011871922,1.66,0.5765306122448979,0.15852658894229432,0.22019495397073902,True,1,0.6599999999999999,2022
2022-03-21,Miami Masters,R64,Hard,4,Henri Laaksonen,Casper Ruud,player1,top_10,0.1930198431145969,5.87,0.1614285714285714,0.03159127168602552,0.13302647908268384,False,1,-1.0,2022
2022-03-21,Miami Masters,R64,Hard,4,Andrey Rublev,Nick Kyrgios,player2,top_10,0.7078774472384889,1.66,0.5732647814910026,0.13461266574748632,0.17507656241589148,False,1,-1.0,2022
2022-03-21,Miami Masters,R64,Hard,4,Felix Auger Aliassime,Miomir Kecmanovic,player1,top_10,0.757432588752217,1.4,0.676674364896074,0.08075822385614295,0.060405624253103696,False,1,-1.0,2022
2022-03-21,Miami Masters,R32,Hard,4,Alexander Bublik,Casper Ruud,player1,top_10,0.3155751393748886,3.64,0.2616632860040567,0.05391185337083193,0.14869350732459474,False,1,-1.0,2022
2022-03-21,Miami Masters,R32,Hard,4,Stefanos Tsitsipas,Alex De Minaur,player1,top_10,0.7952724509666714,1.38,0.6891891891891893,0.10608326177748217,0.0974759823340065,True,1,0.3799999999999999,2022
2022-03-21,Miami Masters,R32,Hard,4,Hubert Hurkacz,Aslan Karatsev,player1,top_10,0.8314882041394046,1.38,0.6870748299319728,0.14441337420743183,0.14745372171237825,True,1,0.3799999999999999,2022
2022-03-21,Miami Masters,R16,Hard,4,Cameron Norrie,Casper Ruud,player2,top_10,0.4553377115914541,2.28,0.4168797953964194,0.03845791619503469,0.038169982428515215,False,1,-1.0,2022
2022-03-21,Miami Masters,R16,Hard,4,Stefanos Tsitsipas,Carlos Alcaraz,player1,top_10,0.4111202529508082,2.57,0.3700980392156863,0.04102221373512188,0.056579050083577,False,1,-1.0,2022
2022-03-21,Miami Masters,QF,Hard,4,Alexander Zverev,Casper Ruud,player2,top_10,0.7853074602199475,1.33,0.7164179104477612,0.06888954977218631,0.04445892209253016,False,1,-1.0,2022
2022-03-21,Miami Masters,SF,Hard,4,Francisco Cerundolo,Casper Ruud,player1,top_10,0.2346219542325065,5.44,0.1745068285280728,0.0601151257044337,0.2763434310248356,False,1,-1.0,2022
2022-03-21,Miami Masters,SF,Hard,4,Hubert Hurkacz,Carlos Alcaraz,player2,top_10,0.4699520920727303,2.78,0.3427895981087471,0.12716249396398321,0.30646681596219016,False,1,-1.0,2022
2022-04-04,Marrakech,R16,Clay,3,Alex Molcan,Felix Auger Aliassime,player2,top_10,0.3476734116358728,3.57,0.2654320987654321,0.08224131287044067,0.2411940795400659,True,1,2.57,2022
2022-04-11,Monte Carlo Masters,R32,Clay,4,Stefanos Tsitsipas,Fabio Fognini,player1,top_10,0.8374413862032876,1.28,0.7419354838709676,0.09550590233231993,0.07192497434020811,True,1,0.28,2022
2022-04-11,Monte Carlo Masters,R16,Clay,4,Jannik Sinner,Andrey Rublev,player1,top_10,0.5839046299872542,1.87,0.5091863517060368,0.07471827828121747,0.09190165807616546,True,1,0.8700000000000001,2022
2022-04-11,Monte Carlo Masters,QF,Clay,4,Alexander Zverev,Jannik Sinner,player1,top_10,0.7259813820527556,1.42,0.6705336426914155,0.055447739361340176,0.030893562514912987,True,1,0.41999999999999993,2022
2022-04-11,Monte Carlo Masters,QF,Clay,4,Stefanos Tsitsipas,Diego Schwartzman,player2,top_10,0.793003176949813,1.33,0.7139784946236559,0.07902468232615711,0.05469422534325141,True,1,0.33000000000000007,2022
2022-04-18,Barcelona,R32,Clay,3,Brandon Nakashima,Casper Ruud,player2,top_10,0.2009704021395616,6.93,0.136986301369863,0.0639841007696986,0.3927248868271619,False,1,-1.0,2022
2022-04-18,Barcelona,R32,Clay,3,Egor Gerasimov,Cameron Norrie,player1,top_10,0.2011135749895997,6.38,0.1493333333333333,0.05178024165626641,0.28310460843364604,False,1,-1.0,2022
2022-04-18,Barcelona,R16,Clay,3,Stefanos Tsitsipas,Grigor Dimitrov,player2,top_10,0.8464473520181363,1.22,0.7777777777777778,0.06866957424035847,0.03266576946212621,True,1,0.21999999999999997,2022
2022-04-18,Barcelona,QF,Clay,3,Felix Auger Aliassime,Diego Schwartzman,player2,top_10,0.4476031227733338,2.34,0.4045801526717557,0.04302297010157813,0.04739130728960106,False,1,-1.0,2022
2022-04-18,Barcelona,QF,Clay,3,Cameron Norrie,Alex De Minaur,player2,top_10,0.6331274676676845,2.5,0.3796526054590571,0.25347486220862736,0.5828186691692111,False,1,-1.0,2022
2022-04-18,Barcelona,QF,Clay,3,Stefanos Tsitsipas,Carlos Alcaraz,player1,top_10,0.5638391400125345,2.19,0.4326424870466321,0.13119665296590244,0.2348077166274506,False,1,-1.0,2022
2022-04-18,Belgrade ,QF,Clay,3,Novak Djokovic,Miomir Kecmanovic,player1,top_10,0.8232862430877823,1.55,0.6115288220551378,0.2117574210326445,0.2760936767860626,True,1,0.55,2022
2022-04-18,Belgrade ,SF,Clay,3,Fabio Fognini,Andrey Rublev,player1,top_10,0.3449402544377435,3.38,0.2808510638297872,0.06408919060795631,0.16589805999957308,False,1,-1.0,2022
2022-04-18,Belgrade ,SF,Clay,3,Novak Djokovic,Karen Khachanov,player2,top_10,0.867937230131799,1.24,0.7642585551330798,0.10367867499871919,0.07624216536343079,True,1,0.24,2022
2022-04-18,Belgrade ,F,Clay,3,Novak Djokovic,Andrey Rublev,player2,top_10,0.7674915021276103,1.39,0.682648401826484,0.0848431003011263,0.06681318795737823,False,1,-1.0,2022
2022-04-25,Munich,R16,Clay,3,Alex Molcan,Casper Ruud,player2,top_10,0.2716189007547127,4.56,0.2069565217391304,0.06466237901558228,0.23858218744148973,False,1,-1.0,2022
2022-04-25,Munich,QF,Clay,3,Casper Ruud,Botic Van De Zandschulp,player2,top_10,0.8030622105367766,1.29,0.7334710743801653,0.06959113615661128,0.03595025159244186,False,1,-1.0,2022
2022-04-25,Estoril,R16,Clay,3,Felix Auger Aliassime,Carlos Taberner,player2,top_10,0.7866598567849792,1.34,0.7074235807860262,0.079236275998953,0.054124208091872184,True,1,0.3400000000000001,2022
2022-04-25,Estoril,QF,Clay,3,Felix Auger Aliassime,Sebastian Korda,player2,top_10,0.6309180117890496,1.79,0.5289473684210526,0.101970643367997,0.1293432411023988,False,1,-1.0,2022
2022-05-02,Madrid Masters,R32,Clay,4,Nikoloz Basilashvili,Carlos Alcaraz,player2,top_10,0.1438908045898275,7.36,0.1289940828402367,0.014896721749590808,0.059036321781130496,False,1,-1.0,2022
2022-05-02,Madrid Masters,R32,Clay,4,Rafael Nadal,Miomir Kecmanovic,player2,top_10,0.8610763744375186,1.31,0.7230443974630022,0.1380319769745164,0.1280100505131494,True,1,0.31000000000000005,2022
2022-05-02,Madrid Masters,R32,Clay,4,Novak Djokovic,Gael Monfils,player1,top_10,0.8726003844536555,1.2,0.7934595524956971,0.0791408319579584,0.04712046134438658,True,1,0.19999999999999996,2022
2022-05-02,Madrid Masters,R16,Clay,4,Jannik Sinner,Felix Auger Aliassime,player2,top_10,0.6783817320603913,1.58,0.602015113350126,0.07636661871026529,0.0718431366554183,False,1,-1.0,2022
2022-05-02,Madrid Masters,R16,Clay,4,Stefanos Tsitsipas,Grigor Dimitrov,player1,top_10,0.8368993384151014,1.31,0.7236286919831223,0.11327064643197915,0.09633813332378294,True,1,0.31000000000000005,2022
2022-05-02,Madrid Masters,R16,Clay,4,Cameron Norrie,Carlos Alcaraz,player2,top_10,0.1895770105313574,5.5,0.1729323308270676,0.01664467970428979,0.042673557922465744,False,1,-1.0,2022
2022-05-02,Madrid Masters,QF,Clay,4,Alexander Zverev,Felix Auger Aliassime,player1,top_10,0.7897269318874853,1.48,0.6416464891041161,0.14808044278336918,0.16879585919347828,True,1,0.48,2022
2022-05-02,Madrid Masters,QF,Clay,4,Andrey Rublev,Stefanos Tsitsipas,player2,top_10,0.3681150638480167,3.12,0.3051224944320712,0.0629925694159455,0.14851899920581202,False,1,-1.0,2022
2022-05-02,Madrid Masters,QF,Clay,4,Rafael Nadal,Carlos Alcaraz,player2,top_10,0.7666991879174319,1.96,0.4855643044619423,0.28113488345548954,0.5027304083181664,False,1,-1.0,2022
2022-05-02,Madrid Masters,SF,Clay,4,Stefanos Tsitsipas,Alexander Zverev,player2,top_10,0.6862789614372193,1.6,0.5939086294416244,0.09237033199559497,0.098046338299551,False,1,-1.0,2022
2022-05-02,Madrid Masters,SF,Clay,4,Novak Djokovic,Carlos Alcaraz,player2,top_10,0.6286169984541243,1.76,0.5428571428571429,0.0857598555969814,0.10636591727925881,False,1,-1.0,2022
2022-05-09,Rome Masters,R16,Clay,4,Alexander Zverev,Alex De Minaur,player1,top_10,0.845438727636057,1.22,0.7749077490774907,0.07053097855856627,0.03143524771598949,True,1,0.21999999999999997,2022
2022-05-09,Rome Masters,QF,Clay,4,Casper Ruud,Denis Shapovalov,player2,top_10,0.7829029172304018,1.41,0.6728538283062646,0.11004908892413723,0.10389311329486656,True,1,0.4099999999999999,2022
2022-05-09,Rome Masters,SF,Clay,4,Casper Ruud,Novak Djokovic,player1,top_10,0.2444437914437227,4.32,0.2202166064981949,0.02422718494552778,0.05599717903688217,False,1,-1.0,2022
2022-05-09,Rome Masters,F,Clay,4,Stefanos Tsitsipas,Novak Djokovic,player2,top_10,0.4665688114485582,2.75,0.3467933491686461,0.11977546227991209,0.2830642314835351,False,1,-1.0,2022
2022-05-16,Geneva,SF,Clay,3,Casper Ruud,Reilly Opelka,player2,top_10,0.8189065311214656,1.27,0.7495069033530573,0.06939962776840836,0.04001129452426133,True,1,0.27,2022
2022-06-06,Stuttgart,R16,Grass,3,Matteo Berrettini,Radu Albot,player1,top_10,0.8302155307579103,1.27,0.742914979757085,0.08730055100082534,0.05437372406254612,True,1,0.27,2022
2022-06-06,Stuttgart,F,Grass,3,Matteo Berrettini,Andy Murray,player1,top_10,0.6179336137848798,1.87,0.5065963060686015,0.11133730771627826,0.15553585777772527,True,1,0.8700000000000001,2022
2022-06-06,s Hertogenbosch,R16,Grass,3,Gilles Simon,Daniil Medvedev,player1,top_10,0.1250375306443037,8.6,0.1097308488612836,0.015306681783020096,0.07532276354101175,False,1,-1.0,2022
2022-06-13,Queen's Club,R32,Grass,3,Matteo Berrettini,Daniel Evans,player2,top_10,0.826844227511074,1.47,0.6423357664233577,0.18450846108771635,0.21546101444127874,True,1,0.47,2022
2022-06-13,Queen's Club,QF,Grass,3,Matteo Berrettini,Tommy Paul,player1,top_10,0.7939174951127418,1.36,0.69438202247191,0.09953547264083173,0.07972779335332891,True,1,0.3600000000000001,2022
2022-06-13,Queen's Club,SF,Grass,3,Matteo Berrettini,Botic Van De Zandschulp,player1,top_10,0.8085415588811635,1.3,0.7302904564315352,0.0782511024496283,0.051104026545512604,True,1,0.30000000000000004,2022
2022-06-13,Halle,R16,Grass,3,Stefanos Tsitsipas,Nick Kyrgios,player1,top_10,0.4989095725767563,2.29,0.4128205128205128,0.08608905975624348,0.1425029212007719,False,1,-1.0,2022
2022-06-13,Halle,R16,Grass,3,Ilya Ivashka,Daniil Medvedev,player2,top_10,0.2826513435475347,4.64,0.2041166380789022,0.07853470546863248,0.3115022340605609,False,1,-1.0,2022
2022-06-13,Halle,QF,Grass,3,Felix Auger Aliassime,Hubert Hurkacz,player2,top_10,0.7097116924557124,1.52,0.6228287841191067,0.08688290833660572,0.0787617725326829,False,1,-1.0,2022
2022-06-13,Halle,F,Grass,3,Hubert Hurkacz,Daniil Medvedev,player2,top_10,0.3866843413898908,2.78,0.3412322274881517,0.04545211390173909,0.07498246906389638,True,1,1.7799999999999998,2022
2022-06-20,Mallorca,F,Grass,3,Stefanos Tsitsipas,Roberto Bautista Agut,player2,top_10,0.6519599381116283,1.68,0.5647668393782384,0.08719309873338998,0.09529269602753554,True,1,0.6799999999999999,2022
2022-06-20,Mallorca,QF,Grass,3,Marcos Giron,Stefanos Tsitsipas,player2,top_10,0.2303192964727708,4.51,0.2101576182136602,0.02016167825911061,0.03874002709219626,False,1,-1.0,2022
2022-07-11,Bastad,R16,Clay,3,Andrey Rublev,Federico Coria,player1,top_10,0.8198484727565258,1.28,0.7371663244353183,0.08268214832120757,0.04940604512835309,True,1,0.28,2022
2022-07-18,Gstaad,QF,Clay,3,Casper Ruud,Jaume Munar,player2,top_10,0.8376019874825417,1.23,0.7709497206703911,0.06665226681215053,0.030250444603526244,True,1,0.22999999999999998,2022
2022-07-18,Gstaad,F,Clay,3,Matteo Berrettini,Casper Ruud,player2,top_10,0.5591632440833356,1.97,0.481578947368421,0.07758429671491462,0.1015515908441712,False,1,-1.0,2022
2022-07-18,Hamburg,SF,Clay,3,Alex Molcan,Carlos Alcaraz,player2,top_10,0.1570702629457602,7.05,0.1339066339066339,0.023163629039126304,0.10734535376760945,False,1,-1.0,2022
2022-07-25,Umag,R16,Clay,3,Jannik Sinner,Jaume Munar,player2,top_10,0.8246145539565312,1.4,0.6736596736596736,0.15095488029685755,0.15446037553914355,True,1,0.3999999999999999,2022
2022-07-25,Umag,F,Clay,3,Carlos Alcaraz,Jannik Sinner,player2,top_10,0.7431648914868413,1.61,0.5892857142857143,0.15387917720112698,0.19649547529381456,False,1,-1.0,2022
2022-08-01,Washington,R16,Hard,3,Andrey Rublev,Maxime Cressy,player2,top_10,0.8104404675318184,1.41,0.6666666666666667,0.14377380086515168,0.1427210592198639,True,1,0.4099999999999999,2022
2022-08-01,Los Cabos,SF,Hard,3,Cameron Norrie,Felix Auger Aliassime,player2,top_10,0.5176973336039801,2.01,0.4710526315789474,0.04664470202503268,0.040571640543999865,True,1,1.0099999999999998,2022
2022-08-01,Los Cabos,SF,Hard,3,Daniil Medvedev,Miomir Kecmanovic,player2,top_10,0.8510381993840933,1.23,0.7670454545454546,0.08399274483863872,0.04677698524243476,True,1,0.22999999999999998,2022
2022-08-08,Canada Masters,R32,Hard,4,Andrey Rublev,Daniel Evans,player2,top_10,0.7915052030624498,1.35,0.7013274336283185,0.09017776943413125,0.06853202413430726,False,1,-1.0,2022
2022-08-08,Canada Masters,R32,Hard,4,Felix Auger Aliassime,Yoshihito Nishioka,player1,top_10,0.8186650081148606,1.33,0.7152034261241969,0.1034615819906638,0.08882446079276474,True,1,0.33000000000000007,2022
2022-08-08,Canada Masters,R32,Hard,4,Hubert Hurkacz,Emil Ruusuvuori,player2,top_10,0.6727875951611723,1.58,0.601010101010101,0.07177749415107126,0.06300440035465221,True,1,0.5800000000000001,2022
2022-08-08,Canada Masters,R32,Hard,4,Daniil Medvedev,Nick Kyrgios,player2,top_10,0.7223725190335163,1.45,0.6539379474940334,0.06843457153948285,0.04744015259859857,False,1,-1.0,2022
2022-08-08,Canada Masters,R16,Hard,4,Casper Ruud,Roberto Bautista Agut,player1,top_10,0.6187189984943932,1.76,0.5404699738903395,0.0782490246040537,0.08894543735013194,True,1,0.76,2022
2022-08-08,Canada Masters,QF,Hard,4,Casper Ruud,Felix Auger Aliassime,player2,top_10,0.4635878666869357,2.48,0.3830845771144278,0.08050328957250791,0.1496979093836006,True,1,1.48,2022
2022-08-15,Cincinnati Masters,R32,Hard,4,Felix Auger Aliassime,Alex De Minaur,player2,top_10,0.625016852919935,1.71,0.5546875,0.07032935291993503,0.06877881849308887,True,1,0.71,2022
2022-08-15,Cincinnati Masters,R32,Hard,4,Stefanos Tsitsipas,Filip Krajinovic,player1,top_10,0.8379740530275654,1.27,0.7444668008048291,0.09350725222273637,0.06422704734500814,True,1,0.27,2022
2022-08-15,Cincinnati Masters,R32,Hard,4,Fabio Fognini,Andrey Rublev,player1,top_10,0.357087633113002,4.84,0.1960132890365448,0.1610743440764572,0.7283041442669296,False,1,-1.0,2022
2022-08-15,Cincinnati Masters,R16,Hard,4,Jannik Sinner,Felix Auger Aliassime,player2,top_10,0.5997812424063041,1.89,0.5026315789473684,0.09714966345893572,0.13358654814791482,False,1,-1.0,2022
2022-08-15,Cincinnati Masters,R16,Hard,4,Marin Cilic,Carlos Alcaraz,player2,top_10,0.2831543163768315,3.92,0.241779497098646,0.04137481927818554,0.10996492019717952,False,1,-1.0,2022
2022-08-15,Cincinnati Masters,R16,Hard,4,Andrey Rublev,Taylor Fritz,player2,top_10,0.3895210986148414,2.65,0.3567961165048544,0.03272498210998703,0.03223091132932965,False,1,-1.0,2022
2022-08-15,Cincinnati Masters,QF,Hard,4,Felix Auger Aliassime,Borna Coric,player1,top_10,0.7500107762247851,1.51,0.6280788177339901,0.12193195849079497,0.13251627209942546,False,1,-1.0,2022
2022-08-15,Cincinnati Masters,QF,Hard,4,Cameron Norrie,Carlos Alcaraz,player1,top_10,0.3650470685108433,3.48,0.2719665271966527,0.09308054131419058,0.2703637984177347,True,1,2.48,2022
2022-08-15,Cincinnati Masters,QF,Hard,4,Daniil Medvedev,Taylor Fritz,player2,top_10,0.7751615909438506,1.44,0.660377358490566,0.11478423245328462,0.11623269095914485,True,1,0.43999999999999995,2022
2022-08-15,Cincinnati Masters,F,Hard,4,Stefanos Tsitsipas,Borna Coric,player2,top_10,0.6815573317203053,1.59,0.5974683544303797,0.08408897728992559,0.0836761574352855,False,1,-1.0,2022
2022-09-26,Tel Aviv,F,Hard,3,Novak Djokovic,Marin Cilic,player1,top_10,0.8555833986516553,1.22,0.7757352941176471,0.07984810453400826,0.0438117463550195,True,1,0.21999999999999997,2022
2022-09-26,Seoul,QF,Hard,3,Jenson Brooksby,Cameron Norrie,player2,top_10,0.4530485751764173,2.65,0.3567961165048544,0.0962524586715629,0.20057872421750578,True,1,1.65,2022
2022-09-26,Sofia,SF,Hard,3,Jannik Sinner,Holger Rune,player2,top_10,0.8289885124506458,1.28,0.7424547283702212,0.08653378408042456,0.06110529593682659,False,1,-1.0,2022
2022-10-03,Astana,R32,Hard,3,Hubert Hurkacz,Francisco Cerundolo,player1,top_10,0.8491275922381293,1.22,0.7732342007434944,0.07589339149463492,0.03593566253051769,True,1,0.21999999999999997,2022
2022-10-03,Astana,R32,Hard,3,Andrey Rublev,Laslo Djere,player1,top_10,0.8526422645776935,1.28,0.7414141414141414,0.11122812316355213,0.09138209865944777,True,1,0.28,2022
2022-10-03,Astana,R16,Hard,3,Hubert Hurkacz,Alexander Bublik,player2,top_10,0.6782959360876916,1.56,0.606060606060606,0.0722353300270856,0.0581416602967989,True,1,0.56,2022
2022-10-03,Astana,QF,Hard,3,Daniil Medvedev,Roberto Bautista Agut,player1,top_10,0.752862279110459,1.39,0.6804597701149425,0.07240250899551648,0.04647856796353794,True,1,0.3899999999999999,2022
2022-10-03,Astana,QF,Hard,3,Andrey Rublev,Adrian Mannarino,player1,top_10,0.8348809926504529,1.24,0.7642585551330798,0.07062243751737307,0.0352524308865616,True,1,0.24,2022
2022-10-03,Astana,SF,Hard,3,Novak Djokovic,Daniil Medvedev,player2,top_10,0.7947061505732903,1.52,0.6218905472636816,0.17281560330960866,0.20795334887140127,True,1,0.52,2022
2022-10-03,Astana,SF,Hard,3,Stefanos Tsitsipas,Andrey Rublev,player2,top_10,0.5968696550717143,1.83,0.5184210526315789,0.0784486024401354,0.09227146878123721,True,1,0.8300000000000001,2022
2022-10-03,Astana,F,Hard,3,Novak Djokovic,Stefanos Tsitsipas,player2,top_10,0.8533787220342085,1.25,0.7586872586872586,0.09469146334694989,0.06672340254276063,True,1,0.25,2022
2022-10-10,Gijon,R16,Hard,3,Andrey Rublev,Ilya Ivashka,player2,top_10,0.8157438466686241,1.31,0.7194860813704497,0.09625776529817442,0.06862443913589761,True,1,0.31000000000000005,2022
2022-10-10,Gijon,QF,Hard,3,Andrey Rublev,Tommy Paul,player2,top_10,0.7787488043413329,1.43,0.664319248826291,0.11442955551504186,0.11361079020810594,True,1,0.42999999999999994,2022
2022-10-10,Gijon,F,Hard,3,Andrey Rublev,Sebastian Korda,player2,top_10,0.7814999176316587,1.42,0.6666666666666666,0.11483325096499208,0.1097298830369553,True,1,0.41999999999999993,2022
2022-10-17,Stockholm,F,Hard,3,Stefanos Tsitsipas,Holger Rune,player2,top_10,0.8053930440304812,1.36,0.695067264573991,0.11032577945649014,0.09533453988145446,False,1,-1.0,2022
2022-10-17,Antwerp,QF,Hard,3,Felix Auger Aliassime,Daniel Evans,player2,top_10,0.8106326957115431,1.37,0.6914414414414414,0.11919125427010169,0.1105667931248141,True,1,0.3700000000000001,2022
2022-10-17,Antwerp,SF,Hard,3,Richard Gasquet,Felix Auger Aliassime,player2,top_10,0.2379975878868956,4.9,0.1927512355848434,0.045246352302052206,0.16618818064578855,False,1,-1.0,2022
2022-10-17,Antwerp,F,Hard,3,Felix Auger Aliassime,Sebastian Korda,player2,top_10,0.6886930103879548,1.53,0.6194029850746269,0.06929002531332795,0.05370030589357089,True,1,0.53,2022
2022-10-24,Basel,R32,Hard,3,Casper Ruud,Stan Wawrinka,player1,top_10,0.736087550725189,1.47,0.6449275362318841,0.09116001449330491,0.0820486995660279,False,1,-1.0,2022
2022-10-24,Basel,R16,Hard,3,Felix Auger Aliassime,Miomir Kecmanovic,player2,top_10,0.821231377929017,1.35,0.705240174672489,0.11599120325652801,0.10866236020417303,True,1,0.3500000000000001,2022
2022-10-24,Basel,SF,Hard,3,Felix Auger Aliassime,Carlos Alcaraz,player2,top_10,0.5542301206175466,2.02,0.4712041884816754,0.08302593213587123,0.11954484364744422,True,1,1.02,2022
2022-10-24,Basel,F,Hard,3,Holger Rune,Felix Auger Aliassime,player2,top_10,0.3660256069117817,3.3,0.2872570194384449,0.07876858747333682,0.2078845028088796,False,1,-1.0,2022
2022-10-24,Vienna,R32,Hard,3,Taylor Fritz,Yoshihito Nishioka,player1,top_10,0.7863708539223567,1.35,0.7013274336283185,0.08504342029403822,0.061600652795181676,True,1,0.3500000000000001,2022
2022-10-24,Vienna,R16,Hard,3,Taylor Fritz,Denis Shapovalov,player2,top_10,0.7321919779560361,1.66,0.5699481865284974,0.16224379142753864,0.21543868340701983,False,1,-1.0,2022
2022-10-24,Vienna,SF,Hard,3,Grigor Dimitrov,Daniil Medvedev,player1,top_10,0.1986786958060442,5.19,0.1826771653543306,0.016001530451713597,0.03114243123336946,False,1,-1.0,2022
2022-10-31,Paris Masters,R32,Hard,4,Rafael Nadal,Tommy Paul,player1,top_10,0.8249547032425874,1.45,0.6522781774580336,0.17267652578455372,0.1961843197017516,False,1,-1.0,2022
2022-10-31,Paris Masters,R32,Hard,4,Maxime Cressy,Novak Djokovic,player2,top_10,0.1336393841782821,9.71,0.0975836431226765,0.036055741055605606,0.29763842037111954,False,1,-1.0,2022
2022-10-31,Paris Masters,R32,Hard,4,John Isner,Andrey Rublev,player2,top_10,0.3361532384382171,3.28,0.2885032537960954,0.04764998464212167,0.10258262207735203,False,1,-1.0,2022
2022-10-31,Paris Masters,R16,Hard,4,Karen Khachanov,Novak Djokovic,player2,top_10,0.1496084006518597,7.31,0.1297619047619047,0.019846495889955018,0.0936374087650943,False,1,-1.0,2022
2022-10-31,Paris Masters,R16,Hard,4,Andrey Rublev,Holger Rune,player2,top_10,0.6978081139202357,1.61,0.5892857142857143,0.10852239963452137,0.12347106341157948,False,1,-1.0,2022
2022-10-31,Paris Masters,QF,Hard,4,Felix Auger Aliassime,Frances Tiafoe,player1,top_10,0.7442891546842629,1.42,0.667447306791569,0.07684184789269388,0.05689059965165333,True,1,0.41999999999999993,2022
2022-10-31,Paris Masters,QF,Hard,4,Holger Rune,Carlos Alcaraz,player2,top_10,0.4827917299113653,2.86,0.3333333333333333,0.149458396578032,0.3807843475465047,True,1,1.8599999999999999,2022
2022-10-31,Paris Masters,SF,Hard,4,Holger Rune,Felix Auger Aliassime,player2,top_10,0.385473404572789,2.74,0.3476190476190476,0.0378543569537414,0.05619712852944192,True,1,1.7400000000000002,2022
2022-10-31,Paris Masters,F,Hard,4,Novak Djokovic,Holger Rune,player2,top_10,0.8353788500829129,1.24,0.7660377358490565,0.06934111423385636,0.035869774102812,False,1,-1.0,2022
2022-11-14,Tour Finals,RR,Hard,1,Novak Djokovic,Andrey Rublev,player2,top_10,0.800336004862546,1.32,0.7161290322580645,0.08420697260448151,0.05644352641856071,True,1,0.32000000000000006,2022
2022-11-14,Tour Finals,RR,Hard,1,Novak Djokovic,Daniil Medvedev,player2,top_10,0.8370722539028875,1.34,0.7080610021786492,0.12901125172423833,0.12167682022986936,True,1,0.3400000000000001,2022
2022-11-14,Tour Finals,RR,Hard,1,Andrey Rublev,Daniil Medvedev,player1,top_10,0.3140722122365668,3.34,0.2832618025751073,0.03081040966145948,0.04900118887013305,True,1,2.34,2022
2022-11-14,Tour Finals,RR,Hard,1,Stefanos Tsitsipas,Novak Djokovic,player2,top_10,0.3715642362720641,3.3,0.2872570194384449,0.08430721683361919,0.2261619796978115,False,1,-1.0,2022
2022-11-14,Tour Finals,RR,Hard,1,Taylor Fritz,Felix Auger Aliassime,player2,top_10,0.4591085946149234,2.43,0.3894472361809045,0.06966135843401894,0.11563388491426396,True,1,1.4300000000000002,2022
2022-11-14,Tour Finals,RR,Hard,1,Casper Ruud,Taylor Fritz,player2,top_10,0.5750725882942138,2.01,0.4710526315789474,0.10401995671526643,0.15589590247136964,True,1,1.0099999999999998,2022
2022-11-14,Tour Finals,RR,Hard,1,Rafael Nadal,Felix Auger Aliassime,player2,top_10,0.5646854193003855,2.34,0.4060913705583756,0.15859404874200994,0.32136388116290204,False,1,-1.0,2022
2022-11-14,Tour Finals,RR,Hard,1,Rafael Nadal,Casper Ruud,player2,top_10,0.5787096059457244,2.42,0.3919597989949749,0.1867498069507495,0.400477246388653,True,1,1.42,2022
2022-11-14,Tour Finals,SF,Hard,1,Taylor Fritz,Novak Djokovic,player2,top_10,0.2579353990722522,4.14,0.2290502793296089,0.028885119742643323,0.067852552159124,False,1,-1.0,2022
2022-11-14,Tour Finals,SF,Hard,1,Andrey Rublev,Casper Ruud,player2,top_10,0.6909980180208196,1.69,0.5633074935400517,0.1276905244807679,0.1677866504551851,False,1,-1.0,2022
2023-01-02,Adelaide 1,SF,Hard,3,Novak Djokovic,Daniil Medvedev,player1,top_10,0.7237279073684203,1.54,0.615,0.1087279073684203,0.11454097734736729,True,1,0.54,2023
2023-02-06,Montpellier,SF,Hard,3,Holger Rune,Maxime Cressy,player1,top_10,0.856229904242284,1.24,0.7655954631379962,0.09063444110428776,0.06172508126043211,False,1,-1.0,2023
2023-02-06,Dallas,R16,Hard,3,Jack Sock,Taylor Fritz,player1,top_10,0.1777844189726777,5.98,0.1589310829817159,0.018853335990961784,0.06315082545661266,False,1,-1.0,2023
2023-02-06,Dallas,QF,Hard,3,Taylor Fritz,Marcos Giron,player1,top_10,0.8726077880632234,1.23,0.7696629213483147,0.10294486671490866,0.07330757931776472,True,1,0.22999999999999998,2023
2023-02-06,Dallas,SF,Hard,3,Taylor Fritz,Yibing Wu,player1,top_10,0.8352470239162079,1.29,0.7372708757637474,0.09797614815246047,0.07746866085190818,False,1,-1.0,2023
2023-02-13,Rotterdam,R32,Hard,3,Alex De Minaur,Andrey Rublev,player2,top_10,0.4934742307798115,2.71,0.3485576923076923,0.14491653847211922,0.3373151654132891,True,1,1.71,2023
2023-02-13,Rotterdam,R32,Hard,3,Hubert Hurkacz,Roberto Bautista Agut,player2,top_10,0.7381426024382135,1.64,0.577319587628866,0.16082301480934746,0.2105538679986701,True,1,0.6399999999999999,2023
2023-02-13,Rotterdam,R16,Hard,3,Hubert Hurkacz,Grigor Dimitrov,player1,top_10,0.5733646645670585,1.83,0.5171503957783641,0.0562142687886944,0.04925733615771705,False,1,-1.0,2023
2023-02-13,Rotterdam,R16,Hard,3,Felix Auger Aliassime,Gregoire Barrere,player1,top_10,0.8706276803991789,1.2,0.7883597883597884,0.08226789203939056,0.044753216479014674,True,1,0.19999999999999996,2023
2023-02-13,Rotterdam,R16,Hard,3,Jannik Sinner,Stefanos Tsitsipas,player1,top_10,0.511136423148003,2.16,0.4375,0.073636423148003,0.1040546739996866,True,1,1.1600000000000001,2023
2023-02-13,Rotterdam,QF,Hard,3,Felix Auger Aliassime,Daniil Medvedev,player2,top_10,0.4895921848585089,2.26,0.4190231362467866,0.07056904861172231,0.10647833778023008,False,1,-1.0,2023
2023-02-13,Delray Beach,R16,Hard,3,Emilio Gomez,Taylor Fritz,player2,top_10,0.1382929015633484,8.04,0.1174533479692645,0.02083955359408389,0.11187492856932091,False,1,-1.0,2023
2023-02-13,Delray Beach,QF,Hard,3,Adrian Mannarino,Taylor Fritz,player1,top_10,0.2961514438565586,3.86,0.2446183953033268,0.05153304855323182,0.14314457328631625,False,1,-1.0,2023
2023-02-13,Buenos Aires,R16,Clay,3,Carlos Alcaraz,Laslo Djere,player1,top_10,0.82912736464213,1.26,0.7490039840637449,0.08012338057838508,0.04470047944908381,True,1,0.26,2023
2023-02-13,Buenos Aires,F,Clay,3,Cameron Norrie,Carlos Alcaraz,player1,top_10,0.236851657311781,4.96,0.1908646003262642,0.045987056985516805,0.1747842202664338,False,1,-1.0,2023
2023-02-20,Doha,R16,Hard,3,Andrey Rublev,Tallon Griekspoor,player1,top_10,0.8341587243934172,1.27,0.7454909819639278,0.08866774242948938,0.05938157997963986,True,1,0.27,2023
2023-02-20,Doha,QF,Hard,3,Felix Auger Aliassime,Alejandro Davidovich Fokina,player2,top_10,0.8165094310932933,1.33,0.7096069868995633,0.10690244419373007,0.08595754335408018,True,1,0.33000000000000007,2023
2023-02-20,Doha,F,Hard,3,Andy Murray,Daniil Medvedev,player2,top_10,0.1777819616247939,5.89,0.1609686609686609,0.016813300656133012,0.047135753970036,False,1,-1.0,2023
2023-02-20,Rio De Janeiro,R16,Clay,3,Fabio Fognini,Carlos Alcaraz,player2,top_10,0.1275800746953487,8.81,0.1073961499493414,0.020183924746007317,0.1239804580660222,False,1,-1.0,2023
2023-02-27,Dubai,R16,Hard,3,Andrey Rublev,Alejandro Davidovich Fokina,player2,top_10,0.7953876691847125,1.32,0.7167381974248926,0.07864947175981984,0.049911723323820545,True,1,0.32000000000000006,2023
2023-02-27,Dubai,QF,Hard,3,Andrey Rublev,Botic Van De Zandschulp,player1,top_10,0.8185652923908825,1.39,0.6811926605504588,0.1373726318404237,0.1378057564233266,True,1,0.3899999999999999,2023
2023-02-27,Dubai,SF,Hard,3,Novak Djokovic,Daniil Medvedev,player2,top_10,0.7747679692959016,1.44,0.6579572446555819,0.11681072464031972,0.11566587578609833,False,1,-1.0,2023
2023-02-27,Acapulco,R32,Hard,3,Taylor Fritz,John Isner,player1,top_10,0.8457437393768884,1.27,0.7444668008048291,0.10127693857205933,0.07409454900864829,True,1,0.27,2023
2023-02-27,Acapulco,R16,Hard,3,Casper Ruud,Taro Daniel,player2,top_10,0.7960056674736286,1.31,0.7212765957446808,0.07472907172894772,0.042767424390453446,False,1,-1.0,2023
2023-02-27,Acapulco,QF,Hard,3,Taylor Fritz,Frances Tiafoe,player1,top_10,0.7372344706917922,1.49,0.6348039215686274,0.10243054912316474,0.09847936133077029,True,1,0.49,2023
2023-02-27,Acapulco,SF,Hard,3,Alex De Minaur,Holger Rune,player1,top_10,0.4208465126965691,2.61,0.3618581907090465,0.058988321987522574,0.09840939813804517,True,1,1.6099999999999999,2023
2023-02-27,Acapulco,SF,Hard,3,Taylor Fritz,Tommy Paul,player1,top_10,0.7383429949773056,1.53,0.6194029850746269,0.11894000990267872,0.12966478231527756,False,1,-1.0,2023
2023-03-06,Indian Wells Masters,R64,Hard,4,Andrey Rublev,Jiri Lehecka,player1,top_10,0.7071086447310204,1.46,0.6515513126491647,0.05555733208185576,0.0323786213072898,True,1,0.45999999999999996,2023
2023-03-06,Indian Wells Masters,R64,Hard,4,Holger Rune,Mackenzie Mcdonald,player1,top_10,0.8444965358896858,1.35,0.705240174672489,0.13925636121719676,0.14007032345107584,True,1,0.3500000000000001,2023
2023-03-06,Indian Wells Masters,R64,Hard,4,Pedro Martinez,Felix Auger Aliassime,player2,top_10,0.1297794452027389,8.07,0.1180327868852459,0.011746658317492997,0.04732012278610298,False,1,-1.0,2023
2023-03-06,Indian Wells Masters,R64,Hard,4,Carlos Alcaraz,Thanasi Kokkinakis,player2,top_10,0.8043474777960787,1.34,0.7099567099567099,0.09439076783936884,0.07782562024674555,True,1,0.3400000000000001,2023
2023-03-06,Indian Wells Masters,R32,Hard,4,Ugo Humbert,Andrey Rublev,player1,top_10,0.255828550805853,4.21,0.2261029411764706,0.029725609629382393,0.07703819889264107,False,1,-1.0,2023
2023-03-06,Indian Wells Masters,R32,Hard,4,Holger Rune,Stan Wawrinka,player2,top_10,0.8267295934059572,1.25,0.7628083491461101,0.06392124425984713,0.033411991757446496,False,1,-1.0,2023
2023-03-06,Indian Wells Masters,R16,Hard,4,Felix Auger Aliassime,Tommy Paul,player1,top_10,0.6855422130551055,1.84,0.5157894736842105,0.16975273937089508,0.2613976720213943,True,1,0.8400000000000001,2023
2023-03-06,Indian Wells Masters,R16,Hard,4,Carlos Alcaraz,Jack Draper,player1,top_10,0.7992026140852501,1.29,0.7372708757637474,0.06193173832150267,0.030971372169972616,True,1,0.29000000000000004,2023
2023-03-06,Indian Wells Masters,QF,Hard,4,Daniil Medvedev,Alejandro Davidovich Fokina,player2,top_10,0.8664970207313297,1.23,0.7717996289424861,0.09469739178884362,0.06579133549953556,True,1,0.22999999999999998,2023
2023-03-06,Indian Wells Masters,SF,Hard,4,Frances Tiafoe,Daniil Medvedev,player1,top_10,0.2479440651397223,4.18,0.2273567467652495,0.020587318374472807,0.036406192284039185,False,1,-1.0,2023
2023-03-06,Indian Wells Masters,F,Hard,4,Daniil Medvedev,Carlos Alcaraz,player2,top_10,0.5300438135962713,2.06,0.4635416666666666,0.06650214692960471,0.0918902560083189,False,1,-1.0,2023
2023-03-20,Miami Masters,R64,Hard,4,Hubert Hurkacz,Thanasi Kokkinakis,player1,top_10,0.8122893381016306,1.31,0.7236286919831223,0.08866064611850832,0.06409903291313618,True,1,0.31000000000000005,2023
2023-03-20,Miami Masters,R64,Hard,4,Andrey Rublev,J J Wolf,player1,top_10,0.844467232578063,1.24,0.7651515151515152,0.07931571742654775,0.04713936839679811,True,1,0.24,2023
2023-03-20,Miami Masters,R64,Hard,4,Casper Ruud,Ilya Ivashka,player1,top_10,0.7326400701684005,1.41,0.6705607476635514,0.062079322504849044,0.03302249893744463,True,1,0.4099999999999999,2023
2023-03-20,Miami Masters,R32,Hard,4,Hubert Hurkacz,Adrian Mannarino,player1,top_10,0.8396097198609485,1.28,0.7393075356415478,0.10030218421940063,0.07470044142201404,False,1,-1.0,2023
2023-03-20,Miami Masters,R32,Hard,4,Andrey Rublev,Miomir Kecmanovic,player1,top_10,0.8670378268299542,1.22,0.7769652650822669,0.0900725617476873,0.057786148732544146,True,1,0.21999999999999997,2023
2023-03-20,Miami Masters,R32,Hard,4,Casper Ruud,Botic Van De Zandschulp,player2,top_10,0.8047529028017513,1.32,0.7185501066098081,0.08620279619194315,0.062273831698311743,False,1,-1.0,2023
2023-03-20,Miami Masters,R16,Hard,4,Stefanos Tsitsipas,Karen Khachanov,player1,top_10,0.7227047607191714,1.95,0.4854881266490765,0.23721663407009497,0.40927428340238425,False,1,-1.0,2023
2023-03-20,Miami Masters,R16,Hard,4,Quentin Halys,Daniil Medvedev,player2,top_10,0.171063050870573,8.27,0.1145610278372591,0.05650202303331389,0.41469143069963876,False,1,-1.0,2023
2023-03-20,Miami Masters,R16,Hard,4,Holger Rune,Taylor Fritz,player1,top_10,0.5002419716661622,2.2,0.4300518134715025,0.07019015819465974,0.10053233766555703,False,1,-1.0,2023
2023-03-20,Miami Masters,R16,Hard,4,Tommy Paul,Carlos Alcaraz,player1,top_10,0.2713708168464189,5.47,0.1737160120845921,0.09765480476182681,0.48439836814991133,False,1,-1.0,2023
2023-03-20,Miami Masters,QF,Hard,4,Taylor Fritz,Carlos Alcaraz,player1,top_10,0.3656675476601657,4.19,0.2269372693726937,0.13873027828747198,0.5321470246960942,False,1,-1.0,2023
2023-03-20,Miami Masters,SF,Hard,4,Jannik Sinner,Carlos Alcaraz,player1,top_10,0.3928788887881245,2.92,0.324074074074074,0.06880481471405048,0.14720635526132353,True,1,1.92,2023
2023-04-03,Estoril,QF,Clay,3,Casper Ruud,Sebastian Baez,player2,top_10,0.755973789021063,1.43,0.6619385342789598,0.09403525474210328,0.0810425183001201,True,1,0.42999999999999994,2023
2023-04-03,Estoril,SF,Clay,3,Casper Ruud,Quentin Halys,player2,top_10,0.8422086399409178,1.25,0.7553816046966731,0.08682703524424462,0.05276079992614721,True,1,0.25,2023
2023-04-03,Estoril,F,Clay,3,Casper Ruud,Miomir Kecmanovic,player1,top_10,0.7720213694654344,1.42,0.6650943396226415,0.1069270298427929,0.09627034464091683,True,1,0.41999999999999993,2023
2023-04-10,Monte Carlo Masters,R32,Clay,4,Casper Ruud,Botic Van De Zandschulp,player1,top_10,0.8526849179749524,1.21,0.7803992740471869,0.07228564392776549,0.031748750749692356,True,1,0.20999999999999996,2023
2023-04-10,Monte Carlo Masters,R32,Clay,4,Daniil Medvedev,Lorenzo Sonego,player1,top_10,0.791941329139615,1.32,0.717948717948718,0.07399261119089706,0.04536255446429188,True,1,0.32000000000000006,2023
2023-04-10,Monte Carlo Masters,R16,Clay,4,Casper Ruud,Jan Lennard Struff,player2,top_10,0.7996938137479775,1.32,0.7191489361702128,0.08054487757776474,0.05559583414733038,False,1,-1.0,2023
2023-04-10,Monte Carlo Masters,R16,Clay,4,Matteo Berrettini,Holger Rune,player1,top_10,0.5042298727845989,2.77,0.3389021479713603,0.16532772481323854,0.39671674761333886,False,1,-1.0,2023
2023-04-10,Monte Carlo Masters,QF,Clay,4,Stefanos Tsitsipas,Taylor Fritz,player1,top_10,0.8168196655053515,1.33,0.712742980561555,0.1040766849437964,0.08637015512211749,False,1,-1.0,2023
2023-04-10,Monte Carlo Masters,QF,Clay,4,Daniil Medvedev,Holger Rune,player1,top_10,0.4971479270267281,2.13,0.4453125,0.05183542702672811,0.0589250845669308,False,1,-1.0,2023
2023-04-10,Monte Carlo Masters,SF,Clay,4,Andrey Rublev,Taylor Fritz,player2,top_10,0.54295067065097,1.9,0.5013123359580053,0.04163833469296474,0.03160627423684298,True,1,0.8999999999999999,2023
2023-04-10,Monte Carlo Masters,SF,Clay,4,Jannik Sinner,Holger Rune,player2,top_10,0.7263078732193883,1.54,0.6159600997506234,0.1103477734687649,0.118514124757858,False,1,-1.0,2023
2023-04-10,Monte Carlo Masters,F,Clay,4,Andrey Rublev,Holger Rune,player2,top_10,0.4247308689190121,2.46,0.3865336658354114,0.038197203083600695,0.0448379375407697,True,1,1.46,2023
2023-04-17,Munich,R16,Clay,3,Taylor Fritz,Marton Fucsovics,player1,top_10,0.8178950974807012,1.32,0.7167381974248926,0.10115690005580857,0.07962152867452565,True,1,0.32000000000000006,2023
2023-04-17,Munich,QF,Clay,3,Dominic Thiem,Taylor Fritz,player1,top_10,0.3792511639852645,2.72,0.3477218225419664,0.03152934144329811,0.03156316603991949,False,1,-1.0,2023
2023-04-17,Barcelona,R16,Clay,3,Stefanos Tsitsipas,Denis Shapovalov,player1,top_10,0.8572413411954595,1.21,0.7831541218637993,0.07408721933166018,0.03726202284650593,True,1,0.20999999999999996,2023
2023-04-17,Barcelona,R16,Clay,3,Casper Ruud,Francisco Cerundolo,player1,top_10,0.8346006002966607,1.44,0.6595744680851063,0.17502613221155439,0.20182486442719139,False,1,-1.0,2023
2023-04-17,Barcelona,R16,Clay,3,Roberto Bautista Agut,Carlos Alcaraz,player1,top_10,0.128006611810907,9.71,0.0984215413184772,0.029585070492429796,0.24294420068390699,False,1,-1.0,2023
2023-04-17,Barcelona,QF,Clay,3,Stefanos Tsitsipas,Alex De Minaur,player2,top_10,0.8529049826055957,1.23,0.7717996289424861,0.08110535366310956,0.04907312860488264,True,1,0.22999999999999998,2023
2023-04-17,Barcelona,QF,Clay,3,Jannik Sinner,Lorenzo Musetti,player2,top_10,0.7670873678333431,1.35,0.7039473684210525,0.06313999941229054,0.03556794657501322,False,1,-1.0,2023
2023-04-17,Barcelona,SF,Clay,3,Stefanos Tsitsipas,Lorenzo Musetti,player2,top_10,0.8077451501182197,1.35,0.7039473684210525,0.10379778169716714,0.09045595265959666,True,1,0.3500000000000001,2023
2023-04-17,Barcelona,F,Clay,3,Stefanos Tsitsipas,Carlos Alcaraz,player1,top_10,0.2950403811801074,4.13,0.2309124767225326,0.0641279044575748,0.21851677427384353,False,1,-1.0,2023
2023-04-24,Madrid Masters,R64,Clay,4,Felix Auger Aliassime,Dusan Lajovic,player1,top_10,0.6076748244245874,1.72,0.5509138381201044,0.05676098630448301,0.04520069801029036,False,1,-1.0,2023
2023-04-24,Madrid Masters,R32,Clay,4,Holger Rune,Alejandro Davidovich Fokina,player1,top_10,0.7495495209993388,1.47,0.6457831325301205,0.10376638846921826,0.10183779586902802,False,1,-1.0,2023
2023-04-24,Madrid Masters,R16,Clay,4,Aslan Karatsev,Daniil Medvedev,player1,top_10,0.3434498846985522,3.52,0.2697095435684647,0.07374034113008748,0.20894359413890373,True,1,2.52,2023
2023-04-24,Madrid Masters,R16,Clay,4,Alexander Zverev,Carlos Alcaraz,player1,top_10,0.2993251974415686,4.2,0.2250922509225092,0.0742329465190594,0.2571658292545882,False,1,-1.0,2023
2023-04-24,Madrid Masters,QF,Clay,4,Karen Khachanov,Carlos Alcaraz,player1,top_10,0.1324328336641285,8.42,0.1127502634351949,0.019682570228933605,0.115084459451962,False,1,-1.0,2023
2023-04-24,Madrid Masters,SF,Clay,4,Borna Coric,Carlos Alcaraz,player1,top_10,0.1205805553435924,8.59,0.1107660455486542,0.009814509794938198,0.03578697040145862,False,1,-1.0,2023
2023-04-24,Madrid Masters,F,Clay,4,Jan Lennard Struff,Carlos Alcaraz,player2,top_10,0.1264002707740578,9.47,0.100664767331434,0.025735503442623806,0.19701056423032737,False,1,-1.0,2023
2023-05-08,Rome Masters,R64,Clay,4,Taylor Fritz,Yannick Hanfmann,player2,top_10,0.7322001112434301,1.45,0.6539379474940334,0.07826216374939665,0.06169016130297361,False,1,-1.0,2023
2023-05-08,Rome Masters,R64,Clay,4,Alex Molcan,Andrey Rublev,player1,top_10,0.2298365396648739,4.79,0.1976549413735343,0.032181598291339625,0.10091702499474609,False,1,-1.0,2023
2023-05-08,Rome Masters,R32,Clay,4,Bernabe Zapata Miralles,Daniil Medvedev,player1,top_10,0.2872298226338838,4.27,0.2222222222222222,0.06500760041166159,0.22647134264668378,False,1,-1.0,2023
2023-05-08,Rome Masters,R32,Clay,4,Andrey Rublev,Alejandro Davidovich Fokina,player1,top_10,0.7900977837455853,1.49,0.6383495145631067,0.15174826918247852,0.17724569778092203,True,1,0.49,2023
2023-05-08,Rome Masters,R16,Clay,4,Stefanos Tsitsipas,Lorenzo Musetti,player1,top_10,0.829825349440973,1.4,0.6818181818181818,0.1480071676227912,0.1617554892173621,True,1,0.3999999999999999,2023
2023-05-08,Rome Masters,R16,Clay,4,Andrey Rublev,Yannick Hanfmann,player1,top_10,0.809877540118426,1.33,0.7114967462039045,0.09838079391452159,0.07713712835750669,False,1,-1.0,2023
2023-05-08,Rome Masters,R16,Clay,4,Casper Ruud,Laslo Djere,player1,top_10,0.7955622856085102,1.41,0.6720930232558139,0.12346926235269629,0.1217428227079993,True,1,0.4099999999999999,2023
2023-05-08,Rome Masters,QF,Clay,4,Stefanos Tsitsipas,Borna Coric,player1,top_10,0.8564179696087173,1.3,0.7325102880658436,0.12390768154287368,0.11334336049133253,True,1,0.30000000000000004,2023
2023-05-08,Rome Masters,QF,Clay,4,Casper Ruud,Francisco Cerundolo,player2,top_10,0.7648834624232318,1.59,0.5974683544303797,0.16741510799285209,0.21616470525293863,True,1,0.5900000000000001,2023
2023-05-08,Rome Masters,QF,Clay,4,Holger Rune,Novak Djokovic,player2,top_10,0.3156192258907306,3.29,0.2894168466522678,0.026202379238462803,0.03838725318050373,True,1,2.29,2023
2023-05-08,Rome Masters,SF,Clay,4,Stefanos Tsitsipas,Daniil Medvedev,player2,top_10,0.6406702210309404,1.63,0.5820512820512821,0.05861893897965831,0.044292460280432766,False,1,-1.0,2023
2023-05-08,Rome Masters,SF,Clay,4,Casper Ruud,Holger Rune,player2,top_10,0.4758122223026557,2.3,0.413265306122449,0.06254691618020669,0.094368111296108,False,1,-1.0,2023
2023-05-08,Rome Masters,F,Clay,4,Holger Rune,Daniil Medvedev,player1,top_10,0.6192055053008475,1.86,0.5130890052356021,0.10611650006524542,0.15172223985957645,False,1,-1.0,2023
2023-05-22,Geneva,R16,Clay,3,Taylor Fritz,Marcos Giron,player1,top_10,0.8343955262112899,1.31,0.7212765957446808,0.11311893046660904,0.0930581393367898,True,1,0.31000000000000005,2023
2023-05-22,Geneva,QF,Clay,3,Casper Ruud,Nicolas Jarry,player1,top_10,0.8363360487526182,1.31,0.722457627118644,0.11387842163397421,0.09560022386592992,False,1,-1.0,2023
2023-06-12,s Hertogenbosch,R16,Grass,3,Alexander Bublik,Jannik Sinner,player1,top_10,0.3572915806957659,3.4,0.2781316348195329,0.07915994587623298,0.21479137436560403,False,1,-1.0,2023
2023-06-19,Queen's Club,R32,Grass,3,Holger Rune,Maxime Cressy,player1,top_10,0.7246010035288729,1.49,0.6356968215158926,0.08890418201298034,0.07965549525802063,True,1,0.49,2023
2023-06-19,Queen's Club,R32,Grass,3,Bernabe Zapata Miralles,Taylor Fritz,player1,top_10,0.1372607672080214,8.52,0.1115745568300312,0.02568621037799021,0.16946173661234243,False,1,-1.0,2023
2023-06-19,Queen's Club,R32,Grass,3,Frances Tiafoe,Botic Van De Zandschulp,player2,top_10,0.7347666913593524,1.49,0.637469586374696,0.09729710498465638,0.09480237012543502,True,1,0.49,2023
2023-06-19,Queen's Club,R32,Grass,3,Arthur Rinderknech,Carlos Alcaraz,player1,top_10,0.2268815252094567,6.21,0.1527967257844474,0.07408479942500931,0.40893427155072604,False,1,-1.0,2023
2023-06-19,Queen's Club,R16,Grass,3,Jiri Lehecka,Carlos Alcaraz,player1,top_10,0.3136209315379064,4.3,0.2210144927536232,0.09260643878428318,0.34857000561299745,False,1,-1.0,2023
2023-06-19,Queen's Club,QF,Grass,3,Lorenzo Musetti,Holger Rune,player1,top_10,0.4983911326662498,2.34,0.4030612244897959,0.09532990817645387,0.16623525043902443,False,1,-1.0,2023
2023-06-19,Queen's Club,QF,Grass,3,Grigor Dimitrov,Carlos Alcaraz,player1,top_10,0.3518116033218996,3.14,0.3006681514476615,0.05114345187423808,0.10468843443076481,False,1,-1.0,2023
2023-06-19,Queen's Club,SF,Grass,3,Sebastian Korda,Carlos Alcaraz,player2,top_10,0.3238745934384414,3.2,0.2967032967032967,0.02717129673514468,0.036398699003012513,False,1,-1.0,2023
2023-06-19,Halle,R32,Grass,3,Richard Gasquet,Jannik Sinner,player2,top_10,0.3534498472772061,4.51,0.2087719298245614,0.1446779174526447,0.5940588112201994,False,1,-1.0,2023
2023-06-19,Halle,R16,Grass,3,Stefanos Tsitsipas,Nicolas Jarry,player1,top_10,0.7542904421264348,1.38,0.6863636363636364,0.06792680576279841,0.04092081013447996,False,1,-1.0,2023
2023-06-19,Halle,R16,Grass,3,Lorenzo Sonego,Jannik Sinner,player1,top_10,0.3311945407162798,3.65,0.2596348884381338,0.07155965227814598,0.20886007361442116,False,1,-1.0,2023
2023-06-19,Halle,QF,Grass,3,Alexander Bublik,Jannik Sinner,player1,top_10,0.3934864256930604,3.16,0.2993348115299334,0.094151614163127,0.24341710519007087,True,1,2.16,2023
2023-06-19,Halle,QF,Grass,3,Tallon Griekspoor,Andrey Rublev,player2,top_10,0.4406342199378648,2.58,0.3676470588235294,0.0729871611143354,0.13683628743969112,False,1,-1.0,2023
2023-06-19,Halle,QF,Grass,3,Roberto Bautista Agut,Daniil Medvedev,player1,top_10,0.3449452256388698,3.24,0.2925764192139738,0.052368806424896,0.11762253106993836,True,1,2.24,2023
2023-06-19,Halle,SF,Grass,3,Andrey Rublev,Roberto Bautista Agut,player1,top_10,0.5644517476468137,1.84,0.5157894736842105,0.04866227396260325,0.03859121567013729,True,1,0.8400000000000001,2023
2023-06-26,Eastbourne,R16,Grass,3,Taylor Fritz,Mackenzie Mcdonald,player1,top_10,0.8078995709649147,1.28,0.7382413087934561,0.06965826217145865,0.034111450835090845,False,1,-1.0,2023
2023-06-26,Mallorca,R16,Grass,3,Yannick Hanfmann,Stefanos Tsitsipas,player1,top_10,0.3322338986133132,3.54,0.2670807453416149,0.0651531532716983,0.17610800109112879,True,1,2.54,2023
2023-07-17,Bastad,QF,Clay,3,Andrey Rublev,Alexander Zverev,player1,top_10,0.5117581068228768,2.12,0.4479166666666666,0.06384144015621024,0.08492718646449893,True,1,1.12,2023
2023-07-17,Bastad,SF,Clay,3,Lorenzo Musetti,Casper Ruud,player1,top_10,0.4032734280529264,2.64,0.3592233009708738,0.04405012708205258,0.06464185005972578,False,1,-1.0,2023
2023-07-17,Bastad,F,Clay,3,Casper Ruud,Andrey Rublev,player2,top_10,0.6615066525210139,1.62,0.5856777493606138,0.07582890316040014,0.07164077708404265,False,1,-1.0,2023
2023-07-24,Hamburg,R16,Clay,3,Andrey Rublev,Daniel Altmaier,player2,top_10,0.8359143553752414,1.25,0.7539370078740157,0.08197734750122565,0.04489294421905174,False,1,-1.0,2023
2023-07-24,Atlanta,SF,Hard,3,Taylor Fritz,J J Wolf,player1,top_10,0.8341971957637399,1.37,0.6928251121076232,0.14137208365611664,0.14285015819632368,True,1,0.3700000000000001,2023
2023-07-24,Atlanta,F,Hard,3,Aleksandar Vukic,Taylor Fritz,player1,top_10,0.2410190350669799,4.94,0.1928104575163398,0.04820857755064009,0.19063403323088068,False,1,-1.0,2023
2023-07-31,Washington,R16,Hard,3,Taylor Fritz,Andy Murray,player1,top_10,0.8164918321805846,1.34,0.7067833698030634,0.10970846237752119,0.09409905512198347,True,1,0.3400000000000001,2023
2023-07-31,Washington,QF,Hard,3,Frances Tiafoe,Daniel Evans,player1,top_10,0.8301944467259279,1.27,0.746,0.08419444672592791,0.054346947341928464,False,1,-1.0,2023
2023-07-31,Washington,QF,Hard,3,Taylor Fritz,Jordan Thompson,player2,top_10,0.7381012547197664,1.46,0.6481927710843374,0.08990848363542903,0.07762783189085892,True,1,0.45999999999999996,2023
2023-07-31,Washington,SF,Hard,3,Taylor Fritz,Tallon Griekspoor,player2,top_10,0.834128886744677,1.3,0.7297297297297297,0.10439915701494729,0.08436755276808011,False,1,-1.0,2023
2023-07-31,Los Cabos,QF,Hard,3,Stefanos Tsitsipas,Nicolas Jarry,player1,top_10,0.8431898467475545,1.31,0.7206823027718551,0.1225075439756994,0.10457869923929641,True,1,0.31000000000000005,2023
2023-07-31,Los Cabos,SF,Hard,3,Stefanos Tsitsipas,Borna Coric,player1,top_10,0.7936675775449692,1.39,0.6811926605504588,0.1124749169945104,0.10319793278750711,True,1,0.3899999999999999,2023
2023-07-31,Los Cabos,F,Hard,3,Stefanos Tsitsipas,Alex De Minaur,player1,top_10,0.7766899986742836,1.36,0.6957494407158836,0.08094055795839994,0.0562983981970257,True,1,0.3600000000000001,2023
2023-08-07,Canada Masters,R32,Hard,4,Jiri Lehecka,Casper Ruud,player2,top_10,0.4428799606289842,2.6,0.3643031784841076,0.07857678214487662,0.15148789763535897,False,1,-1.0,2023
2023-08-07,Canada Masters,R32,Hard,4,Jannik Sinner,Matteo Berrettini,player2,top_10,0.7154702617225621,1.45,0.65311004784689,0.062360213875672144,0.03743187949771504,True,1,0.44999999999999996,2023
2023-08-07,Canada Masters,R32,Hard,4,Stefanos Tsitsipas,Gael Monfils,player1,top_10,0.8194531643308505,1.26,0.7509881422924901,0.06846502203836036,0.03251098705687161,False,1,-1.0,2023
2023-08-07,Canada Masters,R32,Hard,4,Holger Rune,Marcos Giron,player2,top_10,0.8288670893115576,1.37,0.6921348314606741,0.1367322578508835,0.135547912356834,False,1,-1.0,2023
2023-08-07,Canada Masters,R16,Hard,4,Daniil Medvedev,Lorenzo Musetti,player1,top_10,0.8590637992375552,1.2,0.7891036906854131,0.06996010855214208,0.030876559085066146,True,1,0.19999999999999996,2023
2023-08-07,Canada Masters,R16,Hard,4,Casper Ruud,Alejandro Davidovich Fokina,player2,top_10,0.6474772036955718,1.77,0.5366492146596858,0.11082798903588598,0.14603465054116216,False,1,-1.0,2023
2023-08-07,Canada Masters,QF,Hard,4,Daniil Medvedev,Alex De Minaur,player1,top_10,0.8046159891401622,1.32,0.7185501066098081,0.08606588253035408,0.06209310566501414,False,1,-1.0,2023
2023-08-07,Canada Masters,F,Hard,4,Alex De Minaur,Jannik Sinner,player1,top_10,0.3603565276667731,2.95,0.32183908045977,0.03851744720700312,0.0630517566169807,False,1,-1.0,2023
2023-08-14,Cincinnati Masters,R64,Hard,4,Frances Tiafoe,Tallon Griekspoor,player1,top_10,0.68882176216642,1.53,0.6194029850746269,0.06941877709179312,0.05389729611462263,True,1,0.53,2023
2023-08-14,Cincinnati Masters,R32,Hard,4,Daniil Medvedev,Lorenzo Musetti,player1,top_10,0.8474323017136521,1.22,0.778584392014519,0.06884790969913313,0.03386740809065558,True,1,0.21999999999999997,2023
2023-08-14,Cincinnati Masters,R32,Hard,4,Holger Rune,Mackenzie Mcdonald,player1,top_10,0.7170368784111721,1.57,0.6045340050377834,0.11250287337338871,0.1257478991055403,False,1,-1.0,2023
2023-08-14,Cincinnati Masters,R32,Hard,4,Andrey Rublev,Emil Ruusuvuori,player1,top_10,0.7903855081748853,1.31,0.7259414225941423,0.064444085580743,0.03540501570909976,False,1,-1.0,2023
2023-08-14,Cincinnati Masters,R32,Hard,4,Casper Ruud,Max Purcell,player1,top_10,0.7998867459910111,1.31,0.721868365180467,0.07801838081054402,0.04785163724822453,False,1,-1.0,2023
2023-08-14,Cincinnati Masters,R32,Hard,4,Stan Wawrinka,Frances Tiafoe,player2,top_10,0.4243635839447667,2.52,0.3762376237623762,0.048125960182390515,0.06939623154081209,True,1,1.52,2023
2023-08-14,Cincinnati Masters,R16,Hard,4,Daniil Medvedev,Alexander Zverev,player1,top_10,0.7441354968347201,1.48,0.6407766990291263,0.10335879780559387,0.10132053531538576,False,1,-1.0,2023
2023-08-14,Cincinnati Masters,R16,Hard,4,Carlos Alcaraz,Tommy Paul,player1,top_10,0.8277488898600477,1.25,0.7596153846153846,0.0681335052446631,0.03468611232505961,True,1,0.25,2023
2023-08-14,Cincinnati Masters,SF,Hard,4,Hubert Hurkacz,Carlos Alcaraz,player1,top_10,0.3806501973808849,3.35,0.2826552462526766,0.09799495112820833,0.2751781612259645,False,1,-1.0,2023
2023-08-14,Cincinnati Masters,F,Hard,4,Novak Djokovic,Carlos Alcaraz,player2,top_10,0.6359999357822049,1.62,0.5877862595419847,0.048213676240220216,0.03031989596717205,True,1,0.6200000000000001,2023
2023-09-20,Chengdu,SF,Hard,3,Alexander Zverev,Grigor Dimitrov,player1,top_10,0.7345778473290938,1.5,0.6314496314496314,0.10312821587946241,0.10186677099364072,True,1,0.5,2023
2023-09-20,Chengdu,F,Hard,3,Alexander Zverev,Roman Safiullin,player2,top_10,0.8259303093769378,1.33,0.7145922746781115,0.1113380346988263,0.09848731147132733,True,1,0.33000000000000007,2023
2023-09-27,Beijing,R32,Hard,3,Stefanos Tsitsipas,Nicolas Jarry,player1,top_10,0.805618974643686,1.48,0.6407766990291263,0.16484227561455977,0.1923160824726553,False,1,-1.0,2023
2023-09-27,Beijing,R32,Hard,3,Holger Rune,Felix Auger Aliassime,player2,top_10,0.4729867818921782,2.22,0.4248704663212435,0.04811631557093471,0.050030655800635704,True,1,1.2200000000000002,2023
2023-09-27,Beijing,R16,Hard,3,Andrey Rublev,Ugo Humbert,player2,top_10,0.7947010114126528,1.36,0.6977777777777777,0.0969232336348751,0.08079337552120791,False,1,-1.0,2023
2023-09-27,Beijing,R16,Hard,3,Alexander Zverev,Alejandro Davidovich Fokina,player1,top_10,0.7967099948761417,1.52,0.6246913580246914,0.17201863685145025,0.2109991922117354,True,1,0.52,2023
2023-09-27,Beijing,R16,Hard,3,Holger Rune,Grigor Dimitrov,player1,top_10,0.6020750608756084,1.94,0.4881266490765172,0.11394841179909115,0.16802561809868022,False,1,-1.0,2023
2023-09-27,Beijing,QF,Hard,3,Alexander Zverev,Nicolas Jarry,player1,top_10,0.8389895352310989,1.36,0.6964285714285715,0.14256096380252736,0.14102576791429455,True,1,0.3600000000000001,2023
2023-09-27,Beijing,SF,Hard,3,Jannik Sinner,Carlos Alcaraz,player1,top_10,0.406739646141933,3.64,0.2601626016260162,0.1465770445159168,0.48053231195663604,True,1,2.64,2023
2023-10-02,Shanghai Masters,R64,Hard,4,Cristian Garin,Daniil Medvedev,player2,top_10,0.1084870448311187,9.58,0.0996240601503759,0.0088629846807428,0.03930588948211722,False,1,-1.0,2023
2023-10-02,Shanghai Masters,R64,Hard,4,Alexander Zverev,Roman Safiullin,player2,top_10,0.8124946982305956,1.39,0.6789838337182448,0.13351086451235084,0.1293676305405278,False,1,-1.0,2023
2023-10-02,Shanghai Masters,R64,Hard,4,Holger Rune,Brandon Nakashima,player2,top_10,0.7277755855218727,1.58,0.6,0.12777558552187274,0.14988542512455894,False,1,-1.0,2023
2023-10-02,Shanghai Masters,R64,Hard,4,Andrey Rublev,Quentin Halys,player2,top_10,0.8679083440710914,1.19,0.7958833619210978,0.07202498214999364,0.032810929444598735,True,1,0.18999999999999995,2023
2023-10-02,Shanghai Masters,R64,Hard,4,Taylor Fritz,Yosuke Watanuki,player1,top_10,0.8443926641894257,1.22,0.7757352941176471,0.06865737007177863,0.030159050311099334,True,1,0.21999999999999997,2023
2023-10-02,Shanghai Masters,R32,Hard,4,Casper Ruud,Christopher Eubanks,player2,top_10,0.8168529077625936,1.3,0.7314049586776858,0.08544794908490772,0.06190878009137166,True,1,0.30000000000000004,2023
2023-10-02,Shanghai Masters,R32,Hard,4,Andrey Rublev,Adrian Mannarino,player2,top_10,0.8196618766230889,1.27,0.7470119521912351,0.07264992443185381,0.04097058331132289,True,1,0.27,2023
2023-10-02,Shanghai Masters,R32,Hard,4,Stefanos Tsitsipas,Ugo Humbert,player2,top_10,0.7592460488752106,1.52,0.6218905472636816,0.13735550161152899,0.15405399429032018,False,1,-1.0,2023
2023-10-02,Shanghai Masters,R16,Hard,4,Grigor Dimitrov,Carlos Alcaraz,player1,top_10,0.23081774075163,4.63,0.20446735395189,0.02635038679974,0.06868613968004689,True,1,3.63,2023
2023-10-02,Shanghai Masters,QF,Hard,4,Andrey Rublev,Ugo Humbert,player2,top_10,0.7909790047057189,1.41,0.6728538283062646,0.1181251763994543,0.11528039663506362,True,1,0.4099999999999999,2023
2023-10-02,Shanghai Masters,SF,Hard,4,Andrey Rublev,Grigor Dimitrov,player1,top_10,0.6558035509486482,1.63,0.5831202046035805,0.07268334634506768,0.06895978804629643,True,1,0.6299999999999999,2023
2023-10-02,Shanghai Masters,F,Hard,4,Andrey Rublev,Hubert Hurkacz,player1,top_10,0.73781926129474,1.54,0.6169154228855721,0.12090383840916785,0.13624166239389957,False,1,-1.0,2023
2023-10-16,Tokyo,R32,Hard,3,Casper Ruud,Yosuke Watanuki,player2,top_10,0.7363426791862414,1.45,0.6522781774580336,0.08406450172820779,0.06769688482005004,True,1,0.44999999999999996,2023
2023-10-16,Tokyo,R32,Hard,3,Taylor Fritz,Cameron Norrie,player1,top_10,0.8080887385929151,1.44,0.6571428571428571,0.15094588145005794,0.16364778357379767,True,1,0.43999999999999995,2023
2023-10-16,Tokyo,R16,Hard,3,Casper Ruud,Marcos Giron,player1,top_10,0.809893413779942,1.39,0.6797235023041476,0.13016991147579438,0.12575184515411925,False,1,-1.0,2023
2023-10-16,Stockholm,R16,Hard,3,Holger Rune,Miomir Kecmanovic,player1,top_10,0.6483101198427151,1.64,0.5762273901808785,0.0720827296618366,0.06322859654205276,False,1,-1.0,2023
2023-10-16,Antwerp,R16,Hard,3,Stefanos Tsitsipas,Botic Van De Zandschulp,player1,top_10,0.8228258133637958,1.36,0.6964285714285715,0.12639724193522428,0.11904310617476233,True,1,0.3600000000000001,2023
2023-10-16,Antwerp,QF,Hard,3,Stefanos Tsitsipas,Yannick Hanfmann,player1,top_10,0.8423716170121164,1.23,0.7674858223062382,0.0748857947058782,0.036117088924903146,True,1,0.22999999999999998,2023
2023-10-23,Basel,R32,Hard,3,Alexander Bublik,Casper Ruud,player1,top_10,0.5169728938443339,2.37,0.398477157360406,0.11849573648392786,0.2252257584110713,False,1,-1.0,2023
2023-10-23,Basel,R32,Hard,3,Holger Rune,Miomir Kecmanovic,player1,top_10,0.637147494761075,1.71,0.5523560209424083,0.0847914738186667,0.08952221604143823,True,1,0.71,2023
2023-10-23,Basel,R16,Hard,3,Dominic Stricker,Casper Ruud,player1,top_10,0.3826942495083976,2.76,0.3428571428571429,0.03983710665125467,0.056236128643177286,True,1,1.7599999999999998,2023
2023-10-23,Basel,R16,Hard,3,Holger Rune,Sebastian Baez,player1,top_10,0.7152694403661908,1.48,0.6407766990291263,0.07449274133706452,0.05859877174196232,True,1,0.48,2023
2023-10-23,Vienna,F,Hard,3,Jannik Sinner,Daniil Medvedev,player2,top_10,0.5932362315754395,1.98,0.4789473684210527,0.1142888631543868,0.17460773851937017,True,1,0.98,2023
2023-10-23,Vienna,R32,Hard,3,Stefanos Tsitsipas,Dominic Thiem,player1,top_10,0.7956901273279033,1.33,0.712742980561555,0.08294714676634829,0.0582678693461115,True,1,0.33000000000000007,2023
2023-10-23,Vienna,R16,Hard,3,Stefanos Tsitsipas,Tomas Machac,player1,top_10,0.7929591974754416,1.47,0.6432038834951456,0.14975531398029607,0.1656500202888992,True,1,0.47,2023
2023-10-23,Vienna,QF,Hard,3,Alexander Zverev,Andrey Rublev,player2,top_10,0.5768828207629767,1.82,0.5223097112860893,0.05457310947688743,0.04992673378861762,False,1,-1.0,2023
2023-10-23,Vienna,QF,Hard,3,Daniil Medvedev,Karen Khachanov,player1,top_10,0.8575589062652188,1.22,0.7761467889908258,0.08141211727439301,0.04622186564356692,True,1,0.21999999999999997,2023
2023-10-23,Vienna,SF,Hard,3,Andrey Rublev,Jannik Sinner,player2,top_10,0.401834813365898,2.63,0.3600973236009733,0.041737489764924696,0.05682555915231169,False,1,-1.0,2023
2023-10-30,Paris Masters,R32,Hard,4,Felix Auger Aliassime,Stefanos Tsitsipas,player2,top_10,0.5317258176313674,1.97,0.481578947368421,0.0501468702629464,0.04749986073379375,False,1,-1.0,2023
2023-10-30,Paris Masters,R32,Hard,4,Francisco Cerundolo,Casper Ruud,player2,top_10,0.3912557972438808,2.74,0.3460620525059665,0.04519374473791432,0.07204088444823353,True,1,1.7400000000000002,2023
2023-10-30,Paris Masters,R32,Hard,4,Holger Rune,Dominic Thiem,player2,top_10,0.7561578208905241,1.51,0.628992628992629,0.1271651918978951,0.14179830954469136,True,1,0.51,2023
2023-10-30,Paris Masters,R16,Hard,4,Alexander Zverev,Stefanos Tsitsipas,player2,top_10,0.5920594475886296,1.91,0.4973684210526315,0.09469102653599809,0.13083354489428245,False,1,-1.0,2023
2023-10-30,Paris Masters,R16,Hard,4,Jannik Sinner,Alex De Minaur,player1,top_10,0.8039965865564843,1.34,0.7067833698030634,0.09721321675342087,0.07735542598568906,False,1,-1.0,2023
2023-10-30,Paris Masters,R16,Hard,4,Holger Rune,Daniel Altmaier,player2,top_10,0.8444583875526787,1.26,0.7504950495049505,0.09396333804772816,0.06401756831637512,True,1,0.26,2023
2023-10-30,Paris Masters,QF,Hard,4,Alex De Minaur,Andrey Rublev,player1,top_10,0.3929955044203779,2.85,0.3325526932084308,0.06044281121194711,0.12003718759807702,False,1,-1.0,2023
2023-10-30,Paris Masters,QF,Hard,4,Holger Rune,Novak Djokovic,player1,top_10,0.3295478594720959,3.65,0.2611336032388664,0.0684142562332295,0.2028496870731501,False,1,-1.0,2023
2023-10-30,Paris Masters,SF,Hard,4,Novak Djokovic,Andrey Rublev,player1,top_10,0.8005888076489435,1.36,0.6984478935698448,0.10214091407909864,0.08880077840256317,True,1,0.3600000000000001,2023
2023-10-30,Paris Masters,F,Hard,4,Novak Djokovic,Grigor Dimitrov,player1,top_10,0.8638190100090188,1.33,0.7152034261241969,0.148615583884822,0.14887928331199513,True,1,0.33000000000000007,2023
2023-11-13,Tour Finals,RR,Hard,3,Alexander Zverev,Andrey Rublev,player2,top_10,0.6490870876890616,1.66,0.5721649484536083,0.07692213923545332,0.07748456556384231,True,1,0.6599999999999999,2023
2023-11-13,Tour Finals,RR,Hard,3,Alexander Zverev,Daniil Medvedev,player2,top_10,0.4785764564652562,2.81,0.3388235294117647,0.13975292705349152,0.34479984266736996,False,1,-1.0,2023
2023-11-13,Tour Finals,RR,Hard,3,Andrey Rublev,Daniil Medvedev,player2,top_10,0.4597868270737433,2.55,0.3719211822660098,0.08786564480773351,0.17245640903804538,False,1,-1.0,2023
2023-11-13,Tour Finals,RR,Hard,3,Novak Djokovic,Jannik Sinner,player2,top_10,0.7050685934119393,1.63,0.5831202046035805,0.12194838880835879,0.14926180726146093,False,1,-1.0,2023
2023-11-13,Tour Finals,SF,Hard,3,Novak Djokovic,Carlos Alcaraz,player1,top_10,0.7041120469385792,1.63,0.5831202046035805,0.12099184233499871,0.14770263650988402,True,1,0.6299999999999999,2023
2023-11-13,Tour Finals,SF,Hard,3,Jannik Sinner,Daniil Medvedev,player2,top_10,0.6944801451607846,1.64,0.5794871794871795,0.11499296567360506,0.1389474380636867,True,1,0.6399999999999999,2023
2023-11-13,Tour Finals,F,Hard,3,Jannik Sinner,Novak Djokovic,player1,top_10,0.4205862958429909,2.48,0.3846153846153846,0.03597091122760632,0.043054013690617454,False,1,-1.0,2023
2024-01-01,Brisbane,SF,Hard,3,Holger Rune,Roman Safiullin,player1,top_10,0.7430136512546333,1.56,0.606060606060606,0.1369530451940273,0.15910129595722794,True,1,0.56,2024
2024-01-01,Brisbane,F,Hard,3,Holger Rune,Grigor Dimitrov,player1,top_10,0.6319845555938792,1.86,0.5092348284960422,0.12274972709783705,0.17549127340461546,False,1,-1.0,2024
2024-01-29,Montpellier,SF,Hard,3,Borna Coric,Holger Rune,player1,top_10,0.4387244494018052,2.71,0.3485576923076923,0.09016675709411293,0.1889432578788921,True,1,1.71,2024
2024-02-05,Marseille,R16,Hard,3,Hubert Hurkacz,Alexander Shevchenko,player2,top_10,0.8479480863385448,1.27,0.7444668008048291,0.10348128553371572,0.07689406964995191,True,1,0.27,2024
2024-02-05,Marseille,QF,Hard,3,Hubert Hurkacz,Tomas Machac,player1,top_10,0.7936543989687239,1.36,0.6930022573363431,0.10065214163238079,0.07936998259746458,True,1,0.3600000000000001,2024
2024-02-12,Rotterdam,R32,Hard,3,Holger Rune,Roman Safiullin,player1,top_10,0.7519249187636357,1.78,0.5303430079155673,0.22158191084806833,0.33842635539927146,True,1,0.78,2024
2024-02-12,Rotterdam,R32,Hard,3,Hubert Hurkacz,Jiri Lehecka,player1,top_10,0.8313671820127245,1.34,0.7028824833702882,0.12848469864243628,0.11403202389705092,True,1,0.3400000000000001,2024
2024-02-12,Rotterdam,R16,Hard,3,Andrey Rublev,Felix Auger Aliassime,player1,top_10,0.7329762774712991,1.44,0.6546762589928057,0.07830001847849344,0.0554858395586707,True,1,0.43999999999999995,2024
2024-02-12,Rotterdam,R16,Hard,3,Holger Rune,Alexander Shevchenko,player1,top_10,0.7915293539713311,1.33,0.7108695652173914,0.08065978875393964,0.052734040781870384,False,1,-1.0,2024
2024-02-12,Rotterdam,R16,Hard,3,Gael Monfils,Jannik Sinner,player1,top_10,0.1501280268186594,7.88,0.1195530726256983,0.030574954192961093,0.18300885133103595,False,1,-1.0,2024
2024-02-12,Rotterdam,QF,Hard,3,Alex De Minaur,Andrey Rublev,player1,top_10,0.5609534296678381,2.14,0.4412532637075718,0.11970016596026634,0.2004403394891736,True,1,1.1400000000000001,2024
2024-02-12,Delray Beach,R16,Hard,3,Taylor Fritz,Nuno Borges,player2,top_10,0.863953616671017,1.2,0.7849462365591398,0.07900738011187725,0.036744340005220366,True,1,0.19999999999999996,2024
2024-02-12,Delray Beach,SF,Hard,3,Taylor Fritz,Marcos Giron,player1,top_10,0.7959428150362563,1.38,0.6856492027334853,0.11029361230277102,0.09840108475003362,True,1,0.3799999999999999,2024
2024-02-19,Los Cabos,R16,Hard,3,Alex De Minaur,Alex Michelsen,player2,top_10,0.8479030914252198,1.25,0.755859375,0.0920437164252198,0.05987886428152475,False,1,-1.0,2024
2024-02-26,Dubai,QF,Hard,3,Andrey Rublev,Sebastian Korda,player1,top_10,0.782334402062039,1.4,0.6736596736596736,0.10867472840236536,0.09526816288685447,True,1,0.3999999999999999,2024
2024-02-26,Dubai,QF,Hard,3,Ugo Humbert,Hubert Hurkacz,player1,top_10,0.5350471178919799,2.12,0.4450261780104712,0.09002093988150872,0.1342998899309974,True,1,1.12,2024
2024-02-26,Dubai,QF,Hard,3,Daniil Medvedev,Alejandro Davidovich Fokina,player2,top_10,0.8607055900853502,1.2,0.7872340425531915,0.07347154753215868,0.032846708102420186,True,1,0.19999999999999996,2024
2024-02-26,Dubai,SF,Hard,3,Andrey Rublev,Alexander Bublik,player1,top_10,0.81285594453694,1.28,0.7387755102040816,0.07408043433285838,0.040455609007283205,False,1,-1.0,2024
2024-02-26,Dubai,SF,Hard,3,Daniil Medvedev,Ugo Humbert,player2,top_10,0.7549608484817342,1.39,0.6789838337182448,0.07597701476348939,0.04939557938961042,False,1,-1.0,2024
2024-02-26,Acapulco,SF,Hard,3,Holger Rune,Casper Ruud,player1,top_10,0.5252510038065036,2.23,0.4237726098191214,0.10147839398738218,0.17130973848850295,False,1,-1.0,2024
2024-02-26,Acapulco,SF,Hard,3,Alex De Minaur,Jack Draper,player2,top_10,0.6316148108723462,1.65,0.5714285714285715,0.06018623944377466,0.042164437939371135,True,1,0.6499999999999999,2024
2024-03-04,Indian Wells Masters,R64,Hard,4,Matteo Arnaldi,Carlos Alcaraz,player1,top_10,0.1577754807545378,6.53,0.1452879581151832,0.012487522639354598,0.03027388932713171,False,1,-1.0,2024
2024-03-04,Indian Wells Masters,R64,Hard,4,Andy Murray,Andrey Rublev,player2,top_10,0.2241860985384205,5.02,0.1890145395799677,0.03517155895845281,0.12541421466287084,False,1,-1.0,2024
2024-03-04,Indian Wells Masters,R32,Hard,4,Felix Auger Aliassime,Carlos Alcaraz,player1,top_10,0.2297708045291177,4.6,0.2068965517241379,0.02287425280497979,0.05694570083394124,False,1,-1.0,2024
2024-03-04,Indian Wells Masters,R32,Hard,4,Alex De Minaur,Alexander Bublik,player1,top_10,0.8270236371103358,1.25,0.7591522157996148,0.06787142131072099,0.03377954638791972,True,1,0.25,2024
2024-03-04,Indian Wells Masters,R32,Hard,4,Alexander Zverev,Tallon Griekspoor,player1,top_10,0.8277660485576653,1.3,0.7314049586776858,0.09636108987997949,0.07609586312496497,True,1,0.30000000000000004,2024
2024-03-04,Indian Wells Masters,R32,Hard,4,Andrey Rublev,Jiri Lehecka,player1,top_10,0.8268363731459002,1.27,0.75049115913556,0.07634521401034022,0.05008219389529325,False,1,-1.0,2024
2024-03-04,Indian Wells Masters,R32,Hard,4,Holger Rune,Lorenzo Musetti,player1,top_10,0.8352619542463345,1.34,0.7093275488069414,0.12593440543939316,0.11925101869008836,True,1,0.3400000000000001,2024
2024-03-04,Indian Wells Masters,R32,Hard,4,Daniil Medvedev,Sebastian Korda,player2,top_10,0.7784523575126001,1.38,0.6891891891891893,0.08926316832341086,0.07426425336738807,True,1,0.3799999999999999,2024
2024-03-04,Indian Wells Masters,R16,Hard,4,Holger Rune,Taylor Fritz,player1,top_10,0.4759163886664331,2.48,0.3830845771144278,0.09283181155200532,0.180272643892754,True,1,1.48,2024
2024-03-04,Indian Wells Masters,R16,Hard,4,Daniil Medvedev,Grigor Dimitrov,player1,top_10,0.6826585291762851,1.57,0.6055276381909548,0.07713089098533032,0.07177389080676766,True,1,0.5700000000000001,2024
2024-03-04,Indian Wells Masters,SF,Hard,4,Jannik Sinner,Carlos Alcaraz,player2,top_10,0.6616101850210634,1.76,0.5392670157068064,0.12234316931425704,0.1644339256370716,False,1,-1.0,2024
2024-03-04,Indian Wells Masters,F,Hard,4,Daniil Medvedev,Carlos Alcaraz,player2,top_10,0.3647687182695314,3.14,0.3022222222222222,0.06254649604730916,0.14537377536632856,False,1,-1.0,2024
2024-03-18,Miami Masters,R32,Hard,4,Tallon Griekspoor,Jannik Sinner,player1,top_10,0.1205588653050498,8.97,0.1056829511465603,0.014875914158489503,0.08141302178629684,False,1,-1.0,2024
2024-03-18,Miami Masters,R32,Hard,4,Casper Ruud,Alejandro Davidovich Fokina,player1,top_10,0.7324276102992267,1.5,0.6305418719211823,0.10188573837804438,0.09864141544883998,True,1,0.5,2024
2024-03-18,Miami Masters,R32,Hard,4,Hubert Hurkacz,Sebastian Korda,player1,top_10,0.7047547685051608,1.55,0.6105527638190955,0.09420200468606532,0.09236989118299932,True,1,0.55,2024
2024-03-18,Miami Masters,R32,Hard,4,Gael Monfils,Carlos Alcaraz,player1,top_10,0.1953829588176625,7.63,0.1239954075774971,0.0713875512401654,0.49077197577876475,False,1,-1.0,2024
2024-03-18,Miami Masters,R16,Hard,4,Alexander Zverev,Karen Khachanov,player1,top_10,0.7586447112450081,1.43,0.6611374407582938,0.09750727048671426,0.08486193708036155,True,1,0.42999999999999994,2024
2024-03-18,Miami Masters,R16,Hard,4,Lorenzo Musetti,Carlos Alcaraz,player1,top_10,0.118320370034932,9.27,0.1026137463697967,0.015706623665135297,0.09682983022381952,False,1,-1.0,2024
2024-03-18,Miami Masters,QF,Hard,4,Grigor Dimitrov,Carlos Alcaraz,player1,top_10,0.2757043458703453,4.92,0.1921182266009852,0.0835861192693601,0.35646538168209896,True,1,3.92,2024
2024-03-18,Miami Masters,SF,Hard,4,Grigor Dimitrov,Alexander Zverev,player1,top_10,0.4892157506085452,2.26,0.4190231362467866,0.07019261436175861,0.10562759637531216,True,1,1.2599999999999998,2024
2024-04-01,Estoril,SF,Clay,3,Cristian Garin,Hubert Hurkacz,player2,top_10,0.4055701882060791,2.68,0.3542168674698795,0.05135332073619958,0.08692810439229215,False,1,-1.0,2024
2024-04-08,Monte Carlo Masters,R32,Clay,4,Grigor Dimitrov,Miomir Kecmanovic,player2,top_10,0.8184518456706392,1.3,0.7286012526096034,0.08985059306103582,0.06398739937183104,True,1,0.30000000000000004,2024
2024-04-08,Monte Carlo Masters,R32,Clay,4,Holger Rune,Sumit Nagal,player2,top_10,0.8521428281687501,1.24,0.7651515151515152,0.08699131301723484,0.056657106929250106,True,1,0.24,2024
2024-04-08,Monte Carlo Masters,R32,Clay,4,Gael Monfils,Daniil Medvedev,player1,top_10,0.3285633914868481,3.21,0.2945054945054945,0.034057896981353586,0.054688486672782366,False,1,-1.0,2024
2024-04-08,Monte Carlo Masters,R32,Clay,4,Casper Ruud,Alejandro Tabilo,player1,top_10,0.8470854944291157,1.25,0.7572815533980582,0.08980394103105749,0.05885686803639467,True,1,0.25,2024
2024-04-08,Monte Carlo Masters,R32,Clay,4,Hubert Hurkacz,Roberto Bautista Agut,player2,top_10,0.7527999835315198,1.45,0.6514423076923078,0.10135767583921196,0.09155997612070366,True,1,0.44999999999999996,2024
2024-04-08,Monte Carlo Masters,R16,Clay,4,Jan Lennard Struff,Jannik Sinner,player1,top_10,0.1706811232555198,8.74,0.1081632653061224,0.06251785794939739,0.49175301725324305,False,1,-1.0,2024
2024-04-08,Monte Carlo Masters,R16,Clay,4,Holger Rune,Grigor Dimitrov,player1,top_10,0.5820662184583348,2.17,0.4348958333333333,0.14717038512500152,0.26308369405458654,True,1,1.17,2024
2024-04-08,Monte Carlo Masters,R16,Clay,4,Alexander Zverev,Stefanos Tsitsipas,player1,top_10,0.5920823914566006,1.79,0.5289473684210526,0.06313502303554797,0.05982748070731503,False,1,-1.0,2024
2024-04-08,Monte Carlo Masters,R16,Clay,4,Hubert Hurkacz,Casper Ruud,player1,top_10,0.4565489710946839,2.75,0.3436754176610979,0.11287355343358602,0.25550967051038076,False,1,-1.0,2024
2024-04-08,Monte Carlo Masters,R16,Clay,4,Lorenzo Musetti,Novak Djokovic,player2,top_10,0.2541255505511073,4.51,0.2101576182136602,0.04396793233744711,0.14610623298549386,False,1,-1.0,2024
2024-04-08,Monte Carlo Masters,QF,Clay,4,Holger Rune,Jannik Sinner,player2,top_10,0.2385520089578886,5.77,0.1637681159420289,0.07478389301585972,0.3764450916870171,False,1,-1.0,2024
2024-04-08,Monte Carlo Masters,SF,Clay,4,Stefanos Tsitsipas,Jannik Sinner,player1,top_10,0.3270750340725624,3.62,0.2612244897959184,0.065850544276644,0.18401162334267585,True,1,2.62,2024
2024-04-08,Monte Carlo Masters,SF,Clay,4,Casper Ruud,Novak Djokovic,player2,top_10,0.3781713300436449,2.9,0.3271461716937355,0.051025158349909394,0.09669685712657017,True,1,1.9,2024
2024-04-15,Barcelona,SF,Clay,3,Stefanos Tsitsipas,Dusan Lajovic,player2,top_10,0.8537251120140118,1.21,0.7846975088967971,0.06902760311721468,0.03300738553695426,True,1,0.20999999999999996,2024
2024-04-22,Madrid Masters,R64,Clay,4,Andrey Rublev,Facundo Bagnis,player2,top_10,0.8683382078454175,1.2,0.7909407665505226,0.0773974412948949,0.042005849414500945,True,1,0.19999999999999996,2024
2024-04-22,Madrid Masters,R64,Clay,4,Jack Draper,Hubert Hurkacz,player1,top_10,0.490907459930666,2.2,0.4315245478036175,0.05938291212704849,0.0799964118474652,False,1,-1.0,2024
2024-04-22,Madrid Masters,R64,Clay,4,Daniil Medvedev,Matteo Arnaldi,player1,top_10,0.71454632148751,1.48,0.6407766990291263,0.0737696224583837,0.057528555801514725,True,1,0.48,2024
2024-04-22,Madrid Masters,R64,Clay,4,Miomir Kecmanovic,Casper Ruud,player2,top_10,0.2083099883858516,5.21,0.1821036106750392,0.026206377710812412,0.08529503949028683,False,1,-1.0,2024
2024-04-22,Madrid Masters,R32,Clay,4,Alejandro Davidovich Fokina,Andrey Rublev,player1,top_10,0.3920992890377767,2.66,0.3559322033898305,0.036167085647946184,0.04298410884048609,False,1,-1.0,2024
2024-04-22,Madrid Masters,R32,Clay,4,Daniel Altmaier,Hubert Hurkacz,player2,top_10,0.3567160484730867,3.46,0.273109243697479,0.08360680477560767,0.2342375277168799,False,1,-1.0,2024
2024-04-22,Madrid Masters,R16,Clay,4,Andrey Rublev,Tallon Griekspoor,player1,top_10,0.8158657946745816,1.44,0.6563245823389022,0.15954121233567942,0.17484674433139752,True,1,0.43999999999999995,2024
2024-04-22,Madrid Masters,R16,Clay,4,Alexander Zverev,Francisco Cerundolo,player1,top_10,0.8647478141823712,1.2,0.7883597883597884,0.07638802582258286,0.03769737701884543,False,1,-1.0,2024
2024-04-22,Madrid Masters,R16,Clay,4,Casper Ruud,Felix Auger Aliassime,player1,top_10,0.8317483062352816,1.26,0.7504950495049505,0.08125325673033112,0.04800286585645486,False,1,-1.0,2024
2024-04-22,Madrid Masters,SF,Clay,4,Taylor Fritz,Andrey Rublev,player1,top_10,0.4666814196931761,2.26,0.4190231362467866,0.047658283446389504,0.05470000850657797,False,1,-1.0,2024
2024-04-22,Madrid Masters,F,Clay,4,Andrey Rublev,Felix Auger Aliassime,player1,top_10,0.7794781227185621,1.33,0.7139784946236559,0.06549962809490617,0.03670590321568762,True,1,0.33000000000000007,2024
2024-05-06,Rome Masters,R64,Clay,4,Daniil Medvedev,Jack Draper,player1,top_10,0.690372853483586,1.68,0.5647668393782384,0.12560601410534766,0.15982639385242448,True,1,0.6799999999999999,2024
2024-05-06,Rome Masters,R64,Clay,4,Rafael Nadal,Hubert Hurkacz,player2,top_10,0.727877816634697,1.62,0.5846153846153845,0.14326243201931244,0.1791620629482092,False,1,-1.0,2024
2024-05-06,Rome Masters,R64,Clay,4,Stefanos Tsitsipas,Jan Lennard Struff,player2,top_10,0.6845709103920212,1.52,0.6228287841191067,0.06174212627291453,0.04054778379587226,True,1,0.52,2024
2024-05-06,Rome Masters,R64,Clay,4,Yoshihito Nishioka,Grigor Dimitrov,player2,top_10,0.2152234295924031,5.78,0.1635311143270622,0.051692315265340905,0.24399142304409005,False,1,-1.0,2024
2024-05-06,Rome Masters,R64,Clay,4,Miomir Kecmanovic,Casper Ruud,player2,top_10,0.2255150265522636,4.88,0.1947194719471947,0.030795554605068914,0.10051332957504644,True,1,3.88,2024
2024-05-06,Rome Masters,R16,Clay,4,Daniil Medvedev,Tommy Paul,player1,top_10,0.7628024989323602,1.48,0.6442307692307693,0.11857172970159091,0.12894769841989306,False,1,-1.0,2024
2024-05-06,Rome Masters,R16,Clay,4,Alex De Minaur,Stefanos Tsitsipas,player1,top_10,0.3178644160390152,3.31,0.2866379310344827,0.03122648500453251,0.05213121708914037,False,1,-1.0,2024
2024-05-06,Rome Masters,QF,Clay,4,Hubert Hurkacz,Tommy Paul,player1,top_10,0.6644024540607174,1.65,0.5758354755784061,0.08856697848231132,0.09626404920018367,False,1,-1.0,2024
2024-05-06,Rome Masters,SF,Clay,4,Alexander Zverev,Alejandro Tabilo,player1,top_10,0.8521252985518103,1.27,0.7562380038387715,0.0958872947130388,0.08219912916079908,True,1,0.27,2024
2024-05-06,Rome Masters,F,Clay,4,Alexander Zverev,Nicolas Jarry,player2,top_10,0.8126530363636669,1.33,0.7139784946236559,0.098674541740011,0.0808285383636771,True,1,0.33000000000000007,2024
2024-05-20,Geneva,QF,Clay,3,Casper Ruud,Sebastian Baez,player1,top_10,0.799662662876448,1.3,0.726890756302521,0.07277190657392707,0.03956146173938249,True,1,0.30000000000000004,2024
2024-05-20,Geneva,F,Clay,3,Casper Ruud,Tomas Machac,player1,top_10,0.7951141890130952,1.56,0.6080402010050251,0.18707398800807007,0.24037813486042847,True,1,0.56,2024
2024-06-10,s Hertogenbosch,QF,Grass,3,Milos Raonic,Alex De Minaur,player2,top_10,0.4308510705512835,3.25,0.2919389978213508,0.13891207272993272,0.4002659792916715,False,1,-1.0,2024
2024-06-10,s Hertogenbosch,F,Grass,3,Sebastian Korda,Alex De Minaur,player1,top_10,0.4506052139707011,2.55,0.3703703703703704,0.08023484360033067,0.14904329562528762,False,1,-1.0,2024
2024-06-17,Queen's Club,R32,Grass,3,Lorenzo Musetti,Alex De Minaur,player1,top_10,0.2179337831092762,4.81,0.1969949916527545,0.020938791456521694,0.048261496755618416,True,1,3.8099999999999996,2024
2024-06-17,Queen's Club,R16,Grass,3,Sebastian Korda,Grigor Dimitrov,player2,top_10,0.4797191215743081,2.56,0.3694581280788178,0.11026099349549034,0.22808095123022887,True,1,1.56,2024
2024-06-17,Halle,R32,Grass,3,Oscar Otte,Alexander Zverev,player2,top_10,0.2026785744271292,5.65,0.1666666666666666,0.03601190776046259,0.14513394551328007,False,1,-1.0,2024
2024-06-17,Halle,R32,Grass,3,Andrey Rublev,Marcos Giron,player2,top_10,0.8687576299091747,1.25,0.7553816046966731,0.11337602521250156,0.08594703738646839,False,1,-1.0,2024
2024-06-17,Halle,R32,Grass,3,Tallon Griekspoor,Jannik Sinner,player2,top_10,0.19328407193077,6.02,0.1568627450980392,0.03642132683273078,0.16357011302323532,False,1,-1.0,2024
2024-06-17,Halle,R16,Grass,3,Lorenzo Sonego,Alexander Zverev,player2,top_10,0.284525278485021,4.57,0.2065972222222222,0.0779280562627988,0.30028052267654615,False,1,-1.0,2024
2024-06-17,Halle,R16,Grass,3,Fabian Marozsan,Jannik Sinner,player1,top_10,0.1508318110311648,9.61,0.098499061913696,0.052332749117468796,0.44949370400949373,False,1,-1.0,2024
2024-06-17,Halle,SF,Grass,3,Hubert Hurkacz,Alexander Zverev,player2,top_10,0.500862277848154,2.28,0.4138817480719795,0.08698052977617443,0.1419659934937909,True,1,1.2799999999999998,2024
2024-06-17,Halle,F,Grass,3,Hubert Hurkacz,Jannik Sinner,player2,top_10,0.3595354942963341,3.2,0.2951541850220264,0.06438130927430769,0.150513581748269,False,1,-1.0,2024
2024-07-15,Hamburg,F,Clay,3,Alexander Zverev,Arthur Fils,player1,top_10,0.8117498900416167,1.32,0.7149028077753781,0.09684708226623862,0.07150985485493405,False,1,-1.0,2024
2024-07-22,Umag,QF,Clay,3,Fabian Marozsan,Andrey Rublev,player1,top_10,0.3932971376145205,2.71,0.3469879518072289,0.0463091858072916,0.06583524293535048,False,1,-1.0,2024
2024-07-22,Umag,SF,Clay,3,Andrey Rublev,Francisco Cerundolo,player1,top_10,0.710679078559966,1.53,0.6175,0.09317907855996599,0.08733899019674807,False,1,-1.0,2024
2024-07-29,Paris Olympics,QF,Clay,1,Casper Ruud,Felix Auger Aliassime,player2,top_10,0.4931640669571366,2.28,0.4153846153846153,0.07777945157252131,0.12441407266227145,False,1,-1.0,2024
2024-07-29,Washington,R16,Hard,3,Andrey Rublev,Arthur Rinderknech,player2,top_10,0.863062748223992,1.27,0.7449799196787148,0.11808282854527719,0.09608969024446984,True,1,0.27,2024
2024-08-05,Canada Masters,R32,Hard,4,Alexander Zverev,Jordan Thompson,player2,top_10,0.8467183556094512,1.3,0.7336065573770492,0.11311179823240203,0.10073386229228659,True,1,0.30000000000000004,2024
2024-08-05,Canada Masters,R32,Hard,4,Casper Ruud,James Duckworth,player1,top_10,0.7864309864987754,1.31,0.7230443974630022,0.06338658903577321,0.03022459231339583,True,1,0.31000000000000005,2024
2024-08-05,Canada Masters,R32,Hard,4,Hubert Hurkacz,Thanasi Kokkinakis,player2,top_10,0.6189671868037562,1.72,0.5544041450777203,0.06456304172603589,0.06462356130246061,True,1,0.72,2024
2024-08-05,Canada Masters,R32,Hard,4,Grigor Dimitrov,Rinky Hijikata,player2,top_10,0.853004721690688,1.24,0.7660377358490565,0.08696698584163143,0.05772585489645307,True,1,0.24,2024
2024-08-05,Canada Masters,R16,Hard,4,Alexander Zverev,Holger Rune,player2,top_10,0.8121713806446776,1.31,0.7236286919831223,0.08854268866155535,0.06394450864452778,True,1,0.31000000000000005,2024
2024-08-05,Canada Masters,R16,Hard,4,Sebastian Korda,Casper Ruud,player2,top_10,0.6066980178902727,1.8,0.5287958115183247,0.077902206371948,0.09205643220249082,True,1,0.8,2024
2024-08-05,Canada Masters,R16,Hard,4,Hubert Hurkacz,Arthur Rinderknech,player1,top_10,0.6754230279923844,1.62,0.586734693877551,0.08868833411483346,0.09418530534766278,True,1,0.6200000000000001,2024
2024-08-05,Canada Masters,R16,Hard,4,Grigor Dimitrov,Alexei Popyrin,player2,top_10,0.7905838034335323,1.33,0.7152034261241969,0.07538037730933544,0.05147645856659799,False,1,-1.0,2024
2024-08-05,Canada Masters,R16,Hard,4,Alejandro Tabilo,Jannik Sinner,player1,top_10,0.1151642306224519,9.08,0.1045364891518737,0.010627741470578198,0.04569121405186327,False,1,-1.0,2024
2024-08-05,Canada Masters,F,Hard,4,Andrey Rublev,Alexei Popyrin,player2,top_10,0.7625933004849278,1.37,0.6955555555555556,0.0670377449293722,0.04475282166435118,False,1,-1.0,2024
2024-08-12,Cincinnati Masters,R32,Hard,4,Gael Monfils,Carlos Alcaraz,player2,top_10,0.1190596368926148,8.8,0.1084093211752786,0.010650315717336198,0.04772480465501028,True,1,7.800000000000001,2024
2024-08-12,Cincinnati Masters,R32,Hard,4,Casper Ruud,Felix Auger Aliassime,player1,top_10,0.5471794620182248,2.28,0.4153846153846153,0.13179484663360946,0.24756917340155238,False,1,-1.0,2024
2024-08-12,Cincinnati Masters,R32,Hard,4,Hubert Hurkacz,Yoshihito Nishioka,player1,top_10,0.7297234642568214,1.44,0.6563245823389022,0.07339888191791921,0.05080178852982281,True,1,0.43999999999999995,2024
2024-08-12,Cincinnati Masters,R32,Hard,4,Alex Michelsen,Jannik Sinner,player1,top_10,0.1691765003361137,7.25,0.1306954436450839,0.0384810566910298,0.22652962743682425,False,1,-1.0,2024
2024-08-12,Cincinnati Masters,R16,Hard,4,Hubert Hurkacz,Flavio Cobolli,player1,top_10,0.7495287234266136,1.63,0.5809768637532133,0.16855185967340025,0.22173181918538004,True,1,0.6299999999999999,2024
2024-08-12,Cincinnati Masters,QF,Hard,4,Frances Tiafoe,Hubert Hurkacz,player1,top_10,0.4875671940225277,2.17,0.4378238341968911,0.0497433598256366,0.05802081102888501,True,1,1.17,2024
2024-08-12,Cincinnati Masters,QF,Hard,4,Alexander Zverev,Ben Shelton,player2,top_10,0.8015217930051217,1.29,0.7361963190184049,0.06532547398671684,0.033963112976607035,True,1,0.29000000000000004,2024
2024-08-12,Cincinnati Masters,SF,Hard,4,Jannik Sinner,Alexander Zverev,player2,top_10,0.7074488647987308,1.54,0.6188118811881189,0.0886369836106119,0.0894712517900455,True,1,0.54,2024
2024-08-12,Cincinnati Masters,F,Hard,4,Jannik Sinner,Frances Tiafoe,player1,top_10,0.8089420582242157,1.29,0.7538167938931298,0.05512526433108589,0.04353525510923831,True,1,0.29000000000000004,2024
2024-09-25,Tokyo,R32,Hard,3,Casper Ruud,Jordan Thompson,player1,top_10,0.6917917863212751,1.65,0.5725388601036269,0.11925292621764827,0.14145644743010394,False,1,-1.0,2024
2024-09-25,Tokyo,R32,Hard,3,Hubert Hurkacz,Marcos Giron,player2,top_10,0.8109192208592906,1.38,0.6834862385321101,0.12743298232718048,0.11906852478582092,True,1,0.3799999999999999,2024
2024-09-25,Tokyo,R32,Hard,3,Taylor Fritz,Arthur Fils,player1,top_10,0.7864934133466642,1.32,0.7167381974248926,0.06975521592177159,0.03817130561759685,False,1,-1.0,2024
2024-09-25,Tokyo,R16,Hard,3,Hubert Hurkacz,Jack Draper,player2,top_10,0.4648697546954767,2.23,0.4237726098191214,0.041097144876355296,0.036659552970913056,False,1,-1.0,2024
2024-09-26,Beijing,R16,Hard,3,Andrey Rublev,Alejandro Davidovich Fokina,player1,top_10,0.8030381949040057,1.29,0.7306889352818372,0.07234925962216854,0.03591927142616744,True,1,0.29000000000000004,2024
2024-09-26,Beijing,SF,Hard,3,Daniil Medvedev,Carlos Alcaraz,player1,top_10,0.3387606198614154,3.72,0.2545090180360721,0.0842516018253433,0.26018950588446554,False,1,-1.0,2024
2024-09-26,Beijing,F,Hard,3,Jannik Sinner,Carlos Alcaraz,player2,top_10,0.525947066795575,2.08,0.4554973821989528,0.07044968459662221,0.09396989893479601,False,1,-1.0,2024
2024-10-02,Shanghai Masters,R64,Hard,4,Grigor Dimitrov,Zizou Bergs,player1,top_10,0.8287488083567416,1.44,0.6555023923444976,0.173246416012244,0.19339828403370785,True,1,0.43999999999999995,2024
2024-10-02,Shanghai Masters,R32,Hard,4,Yosuke Watanuki,Taylor Fritz,player2,top_10,0.2173808980361991,4.9,0.1927512355848434,0.0246296624513557,0.06516640037737564,False,1,-1.0,2024
2024-10-02,Shanghai Masters,R32,Hard,4,Grigor Dimitrov,Alexei Popyrin,player1,top_10,0.7656005858565514,1.65,0.5725388601036269,0.19306172575292457,0.2632409666633098,True,1,0.6499999999999999,2024
2024-10-02,Shanghai Masters,R16,Hard,4,Gael Monfils,Carlos Alcaraz,player1,top_10,0.1455489346044646,9.97,0.0952813067150635,0.050267627889401104,0.4511228780065123,False,1,-1.0,2024
2024-10-02,Shanghai Masters,SF,Hard,4,Novak Djokovic,Taylor Fritz,player1,top_10,0.7687541738115016,1.4,0.6759259259259259,0.09282824788557564,0.07625584333610214,True,1,0.3999999999999999,2024
2024-10-02,Shanghai Masters,F,Hard,4,Novak Djokovic,Jannik Sinner,player1,top_10,0.367471640102136,2.87,0.3294392523364486,0.0380323877656874,0.05464360709313043,False,1,-1.0,2024
2024-10-14,Stockholm,QF,Hard,3,Casper Ruud,Tallon Griekspoor,player1,top_10,0.6485774958737879,1.78,0.531578947368421,0.11699854850536684,0.15446794265534247,False,1,-1.0,2024
2024-10-14,Stockholm,SF,Hard,3,Grigor Dimitrov,Tallon Griekspoor,player1,top_10,0.833381744445262,1.41,0.6713286713286714,0.16205307311659067,0.17506825966781941,True,1,0.4099999999999999,2024
2024-10-14,Stockholm,F,Hard,3,Grigor Dimitrov,Tommy Paul,player1,top_10,0.6293833508444305,2.17,0.4363636363636364,0.19301971448079414,0.3657618713324142,False,1,-1.0,2024
2024-10-21,Basel,R32,Hard,3,Roberto Bautista Agut,Casper Ruud,player2,top_10,0.4278135115542294,2.65,0.3567961165048544,0.07101739504937504,0.13370580561870793,True,1,1.65,2024
2024-10-21,Basel,R16,Hard,3,Andrey Rublev,Alejandro Tabilo,player2,top_10,0.8388388796974104,1.25,0.7563352826510722,0.08250359704633825,0.048548599621763056,True,1,0.25,2024
2024-10-21,Vienna,R32,Hard,3,Alex De Minaur,Jan Lennard Struff,player1,top_10,0.8000403557261144,1.35,0.6986607142857143,0.10137964144040013,0.08005448023025452,True,1,0.3500000000000001,2024
2024-10-21,Vienna,R16,Hard,3,Alex De Minaur,Flavio Cobolli,player1,top_10,0.8415265311522867,1.33,0.7089715536105032,0.13255497754178347,0.11923028643254135,True,1,0.33000000000000007,2024
2024-10-21,Vienna,R16,Hard,3,Tomas Machac,Grigor Dimitrov,player1,top_10,0.5617665052783487,2.34,0.4030612244897959,0.15870528078855278,0.31453362235133586,True,1,1.3399999999999999,2024
2024-10-21,Vienna,R16,Hard,3,Alexander Zverev,Marcos Giron,player2,top_10,0.8736131522646656,1.18,0.8013468013468014,0.07226635091786426,0.030863519672305384,True,1,0.17999999999999994,2024
2024-10-21,Vienna,QF,Hard,3,Alexander Zverev,Lorenzo Musetti,player2,top_10,0.846836636838031,1.24,0.7633587786259541,0.08347785821207687,0.05007742967915843,False,1,-1.0,2024
2024-10-21,Vienna,SF,Hard,3,Alex De Minaur,Karen Khachanov,player1,top_10,0.6270883790828927,1.67,0.5639686684073107,0.06311971067558197,0.04723759306843078,False,1,-1.0,2024
2024-10-28,Paris Masters,R32,Hard,4,Nicolas Jarry,Carlos Alcaraz,player1,top_10,0.1325625412305178,9.17,0.1036168132942326,0.028945727936285207,0.21559850308384831,False,1,-1.0,2024
2024-10-28,Paris Masters,R32,Hard,4,Casper Ruud,Jordan Thompson,player1,top_10,0.6654586579917825,1.66,0.5699481865284974,0.09551047146328506,0.10466137226635891,False,1,-1.0,2024
2024-10-28,Paris Masters,R32,Hard,4,Daniil Medvedev,Alexei Popyrin,player2,top_10,0.842962181732901,1.3,0.726890756302521,0.11607142543038007,0.09585083625277141,False,1,-1.0,2024
2024-10-28,Paris Masters,R32,Hard,4,Andrey Rublev,Francisco Cerundolo,player2,top_10,0.7912723720333509,1.31,0.7194860813704497,0.07178629066290121,0.036566807363689696,False,1,-1.0,2024
2024-10-28,Paris Masters,R32,Hard,4,Alexander Zverev,Tallon Griekspoor,player2,top_10,0.8533855863282609,1.29,0.7334710743801653,0.11991451194809555,0.10086740636345659,True,1,0.29000000000000004,2024
2024-10-28,Paris Masters,R32,Hard,4,Jack Draper,Taylor Fritz,player2,top_10,0.5843984166785533,1.86,0.5092348284960422,0.07516358818251112,0.08698105502210918,True,1,0.8600000000000001,2024
2024-10-28,Paris Masters,R16,Hard,4,Alex De Minaur,Jack Draper,player1,top_10,0.4776768753735195,2.22,0.4263565891472868,0.05132028622623269,0.06044266332921333,True,1,1.2200000000000002,2024
2024-10-28,Paris Masters,QF,Hard,4,Grigor Dimitrov,Karen Khachanov,player1,top_10,0.6471583899488015,1.73,0.5494791666666667,0.09767922328213474,0.11958401461142654,False,1,-1.0,2024
2024-10-28,Paris Masters,F,Hard,4,Alexander Zverev,Ugo Humbert,player2,top_10,0.7812120803008492,1.41,0.6736111111111112,0.10760096918973805,0.1015090332241973,True,1,0.4099999999999999,2024
2024-11-04,Metz,R16,Hard,3,Casper Ruud,Benjamin Bonzi,player2,top_10,0.7401779062479729,1.88,0.5013262599469495,0.2388516463010234,0.39153446374618894,False,1,-1.0,2024
2024-11-11,Tour Finals,RR,Hard,1,Andrey Rublev,Casper Ruud,player1,top_10,0.6696760851143632,1.55,0.6105527638190955,0.05912332129526765,0.03799793192726292,False,1,-1.0,2024
2024-11-11,Tour Finals,RR,Hard,1,Carlos Alcaraz,Andrey Rublev,player2,top_10,0.7679331371940323,1.54,0.615,0.15293313719403234,0.1826170312788098,True,1,0.54,2024
2024-11-11,Tour Finals,RR,Hard,1,Casper Ruud,Carlos Alcaraz,player2,top_10,0.1288003787404294,8.71,0.1084953940634595,0.02030498467696991,0.12185129882914025,True,1,7.710000000000001,2024
2024-11-11,Tour Finals,RR,Hard,1,Alexander Zverev,Andrey Rublev,player1,top_10,0.8225681613722357,1.3,0.7280334728033473,0.09453468856888836,0.06933860978390638,True,1,0.30000000000000004,2024
2024-11-11,Tour Finals,RR,Hard,1,Alex De Minaur,Daniil Medvedev,player1,top_10,0.5704060138969543,1.88,0.5026455026455027,0.06776051125145166,0.07236330612627406,False,1,-1.0,2024
2024-11-11,Tour Finals,SF,Hard,1,Casper Ruud,Jannik Sinner,player1,top_10,0.112532628046595,9.58,0.0987770460959548,0.013755581950640194,0.07806257668638017,False,1,-1.0,2024
2024-12-30,Brisbane,QF,Hard,3,Grigor Dimitrov,Jordan Thompson,player2,top_10,0.812320275306342,1.33,0.712742980561555,0.09957729474478694,0.08038596615743487,True,1,0.33000000000000007,2024
2024-12-30,Brisbane,QF,Hard,3,Reilly Opelka,Novak Djokovic,player2,top_10,0.1096475375885179,9.96,0.0953678474114441,0.014279690177073798,0.09208947438163839,True,1,8.96,2024
2024-12-30,Brisbane,SF,Hard,3,Jiri Lehecka,Grigor Dimitrov,player1,top_10,0.5421298004275635,2.52,0.3762376237623762,0.16589217666518735,0.3661670970774601,True,1,1.52,2024
2025-02-03,Rotterdam,R16,Hard,3,Daniil Medvedev,Mattia Bellucci,player1,top_10,0.8349220994741562,1.3,0.7274633123689728,0.10745878710518342,0.08539872931640308,False,1,-1.0,2025
2025-02-03,Rotterdam,R16,Hard,3,Fabian Marozsan,Andrey Rublev,player1,top_10,0.301272031255182,3.81,0.2485207100591716,0.05275132119601039,0.14784643908224337,False,1,-1.0,2025
2025-02-03,Rotterdam,QF,Hard,3,Hubert Hurkacz,Andrey Rublev,player1,top_10,0.5095703892496176,2.07,0.4566929133858268,0.052877475863790824,0.05481070574670843,True,1,1.0699999999999998,2025
2025-02-03,Rotterdam,QF,Hard,3,Pedro Martinez,Carlos Alcaraz,player2,top_10,0.1104294895500232,9.83,0.0965073529411764,0.013922136608846794,0.08552188227672808,False,1,-1.0,2025
2025-02-03,Rotterdam,SF,Hard,3,Hubert Hurkacz,Carlos Alcaraz,player2,top_10,0.2766671342317666,4.09,0.231203007518797,0.045464126712969594,0.1315685790079253,False,1,-1.0,2025
2025-02-03,Dallas,R32,Hard,3,Jenson Brooksby,Tommy Paul,player1,top_10,0.1312048197263657,9.08,0.1045364891518737,0.026668330574491986,0.19133976311540046,False,1,-1.0,2025
2025-02-03,Dallas,QF,Hard,3,Reilly Opelka,Tommy Paul,player1,top_10,0.4805606481298945,2.5,0.3781094527363184,0.10245119539357611,0.2014016203247363,False,1,-1.0,2025
2025-02-03,Dallas,SF,Hard,3,Denis Shapovalov,Tommy Paul,player2,top_10,0.4132094401077652,2.55,0.3719211822660098,0.04128825784175544,0.05368407227480132,True,1,1.5499999999999998,2025
2025-02-03,Dallas,F,Hard,3,Casper Ruud,Denis Shapovalov,player1,top_10,0.5003213901001784,2.22,0.4278350515463917,0.07248633855378672,0.11071348602239617,False,1,-1.0,2025
2025-02-10,Buenos Aires,QF,Clay,3,Alexander Zverev,Francisco Cerundolo,player1,top_10,0.7759279228256221,1.35,0.6973094170403586,0.07861850578526342,0.04750269581458988,False,1,-1.0,2025
2025-02-17,Doha,R32,Hard,3,Alexander Bublik,Andrey Rublev,player1,top_10,0.3093204748928278,3.85,0.2450980392156862,0.06422243567714161,0.19088382833738704,False,1,-1.0,2025
2025-02-17,Doha,R32,Hard,3,Daniil Medvedev,Karen Khachanov,player1,top_10,0.6658022963941038,1.55,0.6085858585858586,0.05721643780824526,0.03199355941086096,True,1,0.55,2025
2025-02-17,Doha,R32,Hard,3,Novak Djokovic,Matteo Berrettini,player1,top_10,0.8602009447164122,1.27,0.7465069860279441,0.1136939586884681,0.09245519978984348,False,1,-1.0,2025
2025-02-17,Doha,R16,Hard,3,Daniil Medvedev,Zizou Bergs,player2,top_10,0.8195503972427614,1.34,0.7061403508771931,0.11341004636556828,0.09819753230530026,True,1,0.3400000000000001,2025
2025-02-17,Doha,QF,Hard,3,Alex De Minaur,Andrey Rublev,player1,top_10,0.672578335292224,1.65,0.5725388601036269,0.10003947518859713,0.10975425323216953,False,1,-1.0,2025
2025-02-17,Doha,SF,Hard,3,Felix Auger Aliassime,Andrey Rublev,player1,top_10,0.5014112936487289,2.18,0.4337662337662337,0.06764505988249525,0.09307662015422913,False,1,-1.0,2025
2025-02-24,Dubai,R32,Hard,3,Marin Cilic,Alex De Minaur,player2,top_10,0.156981066303179,6.69,0.1412066752246469,0.015774391078532124,0.05020333356826767,True,1,5.69,2025
2025-02-24,Acapulco,R32,Hard,3,Arthur Rinderknech,Casper Ruud,player1,top_10,0.2476304734951948,4.4,0.2142857142857143,0.03334475920948049,0.0895740833788572,False,1,-1.0,2025
2025-02-24,Acapulco,R32,Hard,3,Gabriel Diallo,Tommy Paul,player2,top_10,0.4001950132967815,3.3,0.2872570194384449,0.11293799385833658,0.3206435438793789,False,1,-1.0,2025
2025-02-24,Acapulco,R16,Hard,3,Alexander Zverev,Learner Tien,player2,top_10,0.8499951350657978,1.24,0.7642585551330798,0.085736579932718,0.0539939674815893,False,1,-1.0,2025
2025-03-05,Indian Wells Masters,R64,Hard,4,Casper Ruud,Marcos Giron,player1,top_10,0.6921724991625163,1.55,0.6095717884130982,0.0826007107494181,0.07286737370190033,False,1,-1.0,2025
2025-03-05,Indian Wells Masters,R64,Hard,4,Alexander Zverev,Tallon Griekspoor,player1,top_10,0.8249850175059746,1.26,0.7543859649122807,0.07059905259369392,0.039481122057528045,False,1,-1.0,2025
2025-03-05,Indian Wells Masters,R32,Hard,4,Denis Shapovalov,Carlos Alcaraz,player2,top_10,0.2230031166874448,5.13,0.1844197138314785,0.03858340285596629,0.14400598860659175,False,1,-1.0,2025
2025-03-05,Indian Wells Masters,R32,Hard,4,Daniil Medvedev,Alex Michelsen,player1,top_10,0.8143327610618719,1.34,0.7086956521739131,0.10563710888795885,0.09120589982290844,True,1,0.3400000000000001,2025
2025-03-05,Indian Wells Masters,R32,Hard,4,Stefanos Tsitsipas,Matteo Berrettini,player2,top_10,0.5982998659604404,1.94,0.4881266490765172,0.11017321688392318,0.16070173996325432,True,1,0.94,2025
2025-03-05,Indian Wells Masters,R16,Hard,4,Grigor Dimitrov,Carlos Alcaraz,player1,top_10,0.1531550672831095,6.82,0.1399747793190416,0.013180287964067894,0.04451755887080666,False,1,-1.0,2025
2025-03-05,Indian Wells Masters,R16,Hard,4,Alex De Minaur,Francisco Cerundolo,player1,top_10,0.8362482375891732,1.27,0.7465069860279441,0.08974125156122914,0.06203526173825,False,1,-1.0,2025
2025-03-05,Indian Wells Masters,R16,Hard,4,Tommy Paul,Daniil Medvedev,player1,top_10,0.5444290082873745,2.01,0.4724409448818897,0.0719880634054848,0.09430230665762263,False,1,-1.0,2025
2025-03-05,Indian Wells Masters,QF,Hard,4,Francisco Cerundolo,Carlos Alcaraz,player2,top_10,0.120450382191126,9.06,0.1056268509378084,0.014823531253317604,0.09128046265160161,False,1,-1.0,2025
2025-03-05,Indian Wells Masters,QF,Hard,4,Daniil Medvedev,Arthur Fils,player1,top_10,0.8275933606773208,1.35,0.705240174672489,0.1223531860048318,0.11725103691438316,True,1,0.3500000000000001,2025
2025-03-05,Indian Wells Masters,SF,Hard,4,Holger Rune,Daniil Medvedev,player2,top_10,0.4248391245100596,2.49,0.380597014925373,0.044242109584686606,0.05784942003004845,True,1,1.4900000000000002,2025
2025-03-19,Miami Masters,R64,Hard,4,Casper Ruud,Miomir Kecmanovic,player1,top_10,0.6351422026497429,1.68,0.5636363636363637,0.07150583901337915,0.06703890045156796,True,1,0.6799999999999999,2025
2025-03-19,Miami Masters,R64,Hard,4,Jack Draper,Jakub Mensik,player2,top_10,0.8175597636814195,1.28,0.7408906882591094,0.07666907542231005,0.04647649751221694,False,1,-1.0,2025
2025-03-19,Miami Masters,R32,Hard,4,Taylor Fritz,Denis Shapovalov,player1,top_10,0.7617312469168063,1.41,0.6705607476635514,0.09117049925325482,0.07404105815269679,True,1,0.4099999999999999,2025
2025-03-19,Miami Masters,R16,Hard,4,Casper Ruud,Francisco Cerundolo,player1,top_10,0.5892471363453474,2.05,0.4619422572178477,0.12730487912749971,0.20795662950796212,False,1,-1.0,2025
2025-03-19,Miami Masters,R16,Hard,4,Novak Djokovic,Lorenzo Musetti,player1,top_10,0.844668813708167,1.31,0.7230443974630022,0.12162441624516485,0.10651614595769887,True,1,0.31000000000000005,2025
2025-03-19,Miami Masters,QF,Hard,4,Taylor Fritz,Matteo Berrettini,player1,top_10,0.7521951639600997,1.44,0.6571428571428571,0.09505230681724253,0.0831610361025435,True,1,0.43999999999999995,2025
2025-03-19,Miami Masters,SF,Hard,4,Novak Djokovic,Grigor Dimitrov,player1,top_10,0.8467624765376808,1.25,0.7609942638623327,0.08576821267534807,0.05845309567210097,True,1,0.25,2025
2025-03-19,Miami Masters,F,Hard,4,Jakub Mensik,Novak Djokovic,player1,top_10,0.308684896596612,4.01,0.2361904761904761,0.07249442040613593,0.2378264353524141,True,1,3.01,2025
2025-04-07,Monte Carlo Masters,R32,Clay,4,Carlos Alcaraz,Francisco Cerundolo,player2,top_10,0.8120076412344597,1.36,0.6964285714285715,0.11557906980588817,0.10433039207886524,True,1,0.3600000000000001,2025
2025-04-07,Monte Carlo Masters,R32,Clay,4,Gael Monfils,Andrey Rublev,player2,top_10,0.443530496752528,2.59,0.3682926829268293,0.07523781382569866,0.14874398658904742,False,1,-1.0,2025
2025-04-07,Monte Carlo Masters,R32,Clay,4,Jack Draper,Marcos Giron,player2,top_10,0.816140391087759,1.29,0.7425149700598803,0.07362542102787872,0.052821104503209204,True,1,0.29000000000000004,2025
2025-04-07,Monte Carlo Masters,R32,Clay,4,Tomas Machac,Alex De Minaur,player1,top_10,0.5158174892388908,2.16,0.441860465116279,0.07395702412261179,0.11416577675600426,False,1,-1.0,2025
2025-04-07,Monte Carlo Masters,R32,Clay,4,Alexander Zverev,Matteo Berrettini,player1,top_10,0.6805202675595393,1.56,0.6080402010050251,0.07248006655451422,0.061611617392881346,False,1,-1.0,2025
2025-04-07,Monte Carlo Masters,R16,Clay,4,Alejandro Davidovich Fokina,Jack Draper,player2,top_10,0.4922609601135293,2.71,0.3516746411483253,0.14058631896520402,0.33402720190766444,True,1,1.71,2025
2025-04-07,Monte Carlo Masters,R16,Clay,4,Daniil Medvedev,Alex De Minaur,player1,top_10,0.5668044468650318,2.2,0.4300518134715025,0.13675263339352933,0.24696978310307016,False,1,-1.0,2025
2025-04-07,Monte Carlo Masters,QF,Clay,4,Carlos Alcaraz,Arthur Fils,player1,top_10,0.7662244807778015,1.36,0.6997792494481236,0.06644523132967783,0.042065293857810104,True,1,0.3600000000000001,2025
2025-04-07,Monte Carlo Masters,SF,Clay,4,Carlos Alcaraz,Alejandro Davidovich Fokina,player2,top_10,0.8675259492816819,1.22,0.7809694793536804,0.08655646992800148,0.058381658123651925,True,1,0.21999999999999997,2025
2025-04-07,Monte Carlo Masters,SF,Clay,4,Lorenzo Musetti,Alex De Minaur,player1,top_10,0.528283914197562,2.15,0.4430051813471503,0.08527873285041176,0.13581041552475837,True,1,1.15,2025
2025-04-14,Munich,QF,Clay,3,Alexander Zverev,Tallon Griekspoor,player1,top_10,0.8503024940947314,1.27,0.7485148514851484,0.10178764260958295,0.07988416750030883,True,1,0.27,2025
2025-04-14,Munich,SF,Clay,3,Alexander Zverev,Fabian Marozsan,player2,top_10,0.8554155569681002,1.22,0.783303730017762,0.07211182695033824,0.04360697950108225,True,1,0.21999999999999997,2025
2025-04-14,Barcelona,R16,Clay,3,Casper Ruud,Hamad Medjedovic,player2,top_10,0.7906616122968515,1.37,0.6941964285714286,0.0964651837254229,0.08320640884668662,True,1,0.3700000000000001,2025
2025-04-14,Barcelona,R16,Clay,3,Alejandro Davidovich Fokina,Andrey Rublev,player1,top_10,0.5344181784659131,1.99,0.4776902887139108,0.056727889752002325,0.0634921751471671,True,1,0.99,2025
2025-04-14,Barcelona,R16,Clay,3,Laslo Djere,Carlos Alcaraz,player2,top_10,0.1437066320118238,8.02,0.1186813186813187,0.02502531333050509,0.15252718873482662,False,1,-1.0,2025
2025-04-14,Barcelona,QF,Clay,3,Carlos Alcaraz,Alex De Minaur,player1,top_10,0.8509876872752956,1.22,0.7805755395683452,0.07041214770695037,0.03820497847586063,True,1,0.21999999999999997,2025
2025-04-14,Barcelona,SF,Clay,3,Carlos Alcaraz,Arthur Fils,player2,top_10,0.8110617087464012,1.32,0.7203389830508474,0.09072272569555373,0.0706014555452496,True,1,0.32000000000000006,2025
2025-04-23,Madrid Masters,R64,Clay,4,Novak Djokovic,Matteo Arnaldi,player2,top_10,0.8201908921757033,1.3,0.7336065573770492,0.08658433479865413,0.06624815982841431,False,1,-1.0,2025
2025-04-23,Madrid Masters,R64,Clay,4,Holger Rune,Flavio Cobolli,player1,top_10,0.7679043741042837,1.39,0.6883408071748879,0.07956356692939581,0.06738708000495425,False,1,-1.0,2025
2025-04-23,Madrid Masters,R32,Clay,4,Matteo Berrettini,Jack Draper,player2,top_10,0.4245173649672143,2.44,0.39,0.034517364967214303,0.03582237052000281,False,1,-1.0,2025
2025-04-23,Madrid Masters,R32,Clay,4,Daniil Medvedev,Juan Manuel Cerundolo,player2,top_10,0.826471860526556,1.33,0.7158119658119658,0.11065989471459015,0.09920757450031947,True,1,0.33000000000000007,2025
2025-04-23,Madrid Masters,R32,Clay,4,Andrey Rublev,Alexander Bublik,player2,top_10,0.8090533888269597,1.29,0.7425149700598803,0.06653841876707933,0.04367887158677797,False,1,-1.0,2025
2025-04-23,Madrid Masters,R32,Clay,4,Alexander Zverev,Alejandro Davidovich Fokina,player1,top_10,0.8275859600221431,1.33,0.7158119658119658,0.11177399421017731,0.10068932682945042,True,1,0.33000000000000007,2025
2025-04-23,Madrid Masters,R16,Clay,4,Lorenzo Musetti,Alex De Minaur,player1,top_10,0.5057735505326443,2.22,0.4293059125964009,0.0764676379362434,0.12281728218247034,True,1,1.2200000000000002,2025
2025-04-23,Madrid Masters,R16,Clay,4,Tommy Paul,Jack Draper,player2,top_10,0.4309913890616328,2.49,0.3821339950372208,0.048857394024412026,0.07316855876346584,False,1,-1.0,2025
2025-04-23,Madrid Masters,R16,Clay,4,Daniil Medvedev,Brandon Nakashima,player2,top_10,0.8024882583974264,1.36,0.6991150442477876,0.10337321414963885,0.09138403142050006,True,1,0.3600000000000001,2025
2025-04-23,Madrid Masters,R16,Clay,4,Taylor Fritz,Casper Ruud,player1,top_10,0.4929502628110533,2.18,0.4381443298969071,0.054805932914146205,0.0746315729280963,False,1,-1.0,2025
2025-04-23,Madrid Masters,R16,Clay,4,Alexander Zverev,Francisco Cerundolo,player2,top_10,0.834316237618971,1.5,0.6376811594202898,0.1966350781986812,0.2514743564284565,False,1,-1.0,2025
2025-04-23,Madrid Masters,QF,Clay,4,Matteo Arnaldi,Jack Draper,player2,top_10,0.4422430834270548,3.71,0.2565130260521042,0.18573005737495063,0.6407218395143732,False,1,-1.0,2025
2025-04-23,Madrid Masters,SF,Clay,4,Lorenzo Musetti,Jack Draper,player2,top_10,0.5484622922972708,2.49,0.3821339950372208,0.16632829726005005,0.3656711078202045,False,1,-1.0,2025
2025-05-07,Rome Masters,R64,Clay,4,Luca Nardi,Alex De Minaur,player1,top_10,0.1406762781284728,7.41,0.1292596944770857,0.011416583651387091,0.04241122093198357,False,1,-1.0,2025
2025-05-07,Rome Masters,R32,Clay,4,Laslo Djere,Carlos Alcaraz,player2,top_10,0.1524610759991661,8.18,0.1166306695464363,0.03583040645272981,0.2471316016731787,False,1,-1.0,2025
2025-05-07,Rome Masters,R32,Clay,4,Casper Ruud,Matteo Berrettini,player1,top_10,0.6964783909217885,1.6,0.5949367088607596,0.10154168206102898,0.11436542547486173,True,1,0.6000000000000001,2025
2025-05-07,Rome Masters,R16,Clay,4,Corentin Moutet,Jack Draper,player2,top_10,0.1575640895946233,6.94,0.1378881987577639,0.019675890836859417,0.09349478178668591,False,1,-1.0,2025
2025-05-07,Rome Masters,R16,Clay,4,Alex De Minaur,Tommy Paul,player1,top_10,0.6885339779152009,1.5,0.635036496350365,0.053497481564835914,0.03280096687280132,False,1,-1.0,2025
2025-05-07,Rome Masters,R16,Clay,4,Jannik Sinner,Francisco Cerundolo,player2,top_10,0.8197970666925573,1.26,0.7514792899408285,0.06831777675172879,0.032944304032622135,True,1,0.26,2025
2025-05-07,Rome Masters,QF,Clay,4,Carlos Alcaraz,Jack Draper,player2,top_10,0.8105992760347096,1.35,0.709051724137931,0.10154755189677855,0.09430902264685803,True,1,0.3500000000000001,2025
2025-05-07,Rome Masters,QF,Clay,4,Casper Ruud,Jannik Sinner,player1,top_10,0.2845463112429749,3.9,0.2456479690522244,0.0388983421907505,0.10973061384760219,False,1,-1.0,2025
2025-05-07,Rome Masters,SF,Clay,4,Carlos Alcaraz,Lorenzo Musetti,player1,top_10,0.7799950738373469,1.34,0.7130620985010707,0.06693297533627618,0.04519339894204488,True,1,0.3400000000000001,2025
2025-05-07,Rome Masters,SF,Clay,4,Tommy Paul,Jannik Sinner,player2,top_10,0.1497505159547288,8.05,0.1192560175054704,0.030494498449258403,0.20549165343556686,False,1,-1.0,2025
2025-05-07,Rome Masters,F,Clay,4,Carlos Alcaraz,Jannik Sinner,player1,top_10,0.4866396278899011,2.3,0.4147582697201017,0.0718813581697994,0.11927114414677253,True,1,1.2999999999999998,2025
2025-05-18,Geneva,SF,Clay,3,Cameron Norrie,Novak Djokovic,player2,top_10,0.2214585759225872,4.95,0.1924959216965742,0.02896265422601299,0.09621995081680668,False,1,-1.0,2025
2025-06-09,Stuttgart,R16,Grass,3,Quentin Halys,Taylor Fritz,player1,top_10,0.3497187727407685,3.04,0.3122171945701357,0.03750157817063282,0.06314506913193618,False,1,-1.0,2025
2025-06-09,Stuttgart,QF,Grass,3,Taylor Fritz,Marton Fucsovics,player1,top_10,0.7515298584960445,1.38,0.6856492027334853,0.06588065576255919,0.037111204724541325,True,1,0.3799999999999999,2025
2025-06-09,Stuttgart,SF,Grass,3,Alexander Zverev,Ben Shelton,player2,top_10,0.6639450739862013,1.56,0.606060606060606,0.05788446792559532,0.035754315418474014,True,1,0.56,2025
2025-06-09,Stuttgart,F,Grass,3,Taylor Fritz,Alexander Zverev,player2,top_10,0.4888802971587444,2.24,0.4226804123711341,0.06619988478761035,0.09509186563558769,True,1,1.2400000000000002,2025
2025-06-16,Queen's Club,R32,Grass,3,Jenson Brooksby,Jack Draper,player2,top_10,0.150252838497537,8.59,0.1107660455486542,0.03948679294888281,0.2906718826938428,False,1,-1.0,2025
2025-06-16,Queen's Club,R16,Grass,3,Alexei Popyrin,Jack Draper,player2,top_10,0.2293945139980667,5.55,0.1704035874439462,0.0589909265541205,0.27313955268927015,False,1,-1.0,2025
2025-06-16,Queen's Club,QF,Grass,3,Brandon Nakashima,Jack Draper,player2,top_10,0.2961714298305883,4.54,0.2090592334494773,0.087112196381111,0.34461829143087097,False,1,-1.0,2025
2025-06-16,Queen's Club,SF,Grass,3,Jiri Lehecka,Jack Draper,player2,top_10,0.4077615326221979,2.69,0.3533653846153846,0.054396148006813305,0.09687852275371234,True,1,1.69,2025
2025-06-16,Queen's Club,F,Grass,3,Carlos Alcaraz,Jiri Lehecka,player2,top_10,0.8516727689233878,1.23,0.7743119266055046,0.0773608423178832,0.047557505775767034,True,1,0.22999999999999998,2025
2025-06-16,Halle,SF,Grass,3,Daniil Medvedev,Alexander Zverev,player1,top_10,0.6049689202951685,2.13,0.443864229765013,0.16110469053015547,0.2885838002287088,True,1,1.13,2025
2025-06-22,Mallorca,R16,Grass,3,Learner Tien,Ben Shelton,player2,top_10,0.3317965486611678,3.78,0.2514851485148515,0.08031140014631633,0.2541909539392143,True,1,2.78,2025
2025-07-21,Washington,R16,Hard,3,Ben Shelton,Gabriel Diallo,player1,top_10,0.7118479542518233,1.5,0.6305418719211823,0.08130608233064107,0.06777193137773502,True,1,0.5,2025
2025-07-21,Washington,QF,Hard,3,Taylor Fritz,Alejandro Davidovich Fokina,player2,top_10,0.8252535704188344,1.28,0.7424547283702212,0.08279884204861321,0.05632457013610806,False,1,-1.0,2025
2025-07-27,Canada Masters,R64,Hard,4,James Duckworth,Lorenzo Musetti,player2,top_10,0.336807592848823,3.44,0.2757894736842105,0.06101811916461253,0.15861811939995107,False,1,-1.0,2025
2025-07-27,Canada Masters,R32,Hard,4,Taylor Fritz,Gabriel Diallo,player2,top_10,0.8355391075621545,1.35,0.6986607142857143,0.13687839327644025,0.12797779520890873,True,1,0.3500000000000001,2025
2025-07-27,Canada Masters,R32,Hard,4,Ben Shelton,Brandon Nakashima,player1,top_10,0.7739025338716797,1.37,0.690744920993228,0.08315761287845169,0.06024647140420131,True,1,0.3700000000000001,2025
2025-07-27,Canada Masters,R32,Hard,4,Lorenzo Musetti,Alex Michelsen,player1,top_10,0.6986240267230261,1.51,0.6243781094527363,0.07424591727028984,0.05492228035176949,False,1,-1.0,2025
2025-07-27,Canada Masters,R32,Hard,4,Holger Rune,Alexandre Muller,player2,top_10,0.8764066203975075,1.23,0.768796992481203,0.10760962791630446,0.0779801430889342,True,1,0.22999999999999998,2025
2025-07-27,Canada Masters,R16,Hard,4,Ben Shelton,Flavio Cobolli,player1,top_10,0.7710931413728636,1.4,0.6751740139211136,0.09591912745174991,0.07953039792200889,True,1,0.3999999999999999,2025
2025-07-27,Canada Masters,R16,Hard,4,Alexander Zverev,Francisco Cerundolo,player1,top_10,0.8234302361718928,1.29,0.7334710743801653,0.08995916179172747,0.06222500466174177,True,1,0.29000000000000004,2025
2025-07-27,Canada Masters,QF,Hard,4,Taylor Fritz,Andrey Rublev,player1,top_10,0.7379346693546754,1.42,0.6627078384798101,0.07522683087486537,0.047867230483639056,True,1,0.41999999999999993,2025
2025-07-27,Canada Masters,SF,Hard,4,Ben Shelton,Taylor Fritz,player2,top_10,0.5076746617875035,2.39,0.3949367088607595,0.11273795292674405,0.21334244167213345,True,1,1.3900000000000001,2025
2025-07-27,Canada Masters,SF,Hard,4,Alexander Zverev,Karen Khachanov,player1,top_10,0.8020473602787339,1.4,0.6751740139211136,0.12687334635762026,0.12286630439022739,False,1,-1.0,2025
2025-08-07,Cincinnati Masters,R64,Hard,4,Reilly Opelka,Alex De Minaur,player1,top_10,0.2703742594157869,4.19,0.2255083179297596,0.04486594148602732,0.13286814695214733,True,1,3.1900000000000004,2025
2025-08-07,Cincinnati Masters,R32,Hard,4,Alexander Zverev,Brandon Nakashima,player2,top_10,0.8483557998978926,1.28,0.7403651115618661,0.10799068833602643,0.08589542386930249,True,1,0.28,2025
2025-08-07,Cincinnati Masters,R32,Hard,4,Roberto Bautista Agut,Ben Shelton,player2,top_10,0.2355500710896478,5.06,0.1864951768488746,0.049054894240773195,0.1918833597136177,False,1,-1.0,2025
2025-08-07,Cincinnati Masters,R32,Hard,4,Holger Rune,Alex Michelsen,player2,top_10,0.704298107515268,1.54,0.6120906801007557,0.09220742741451227,0.08461908557351272,True,1,0.54,2025
2025-08-07,Cincinnati Masters,R16,Hard,4,Alexander Zverev,Karen Khachanov,player2,top_10,0.7321570614649286,1.43,0.660332541567696,0.0718245198972326,0.046984597894847935,True,1,0.42999999999999994,2025
2025-08-07,Cincinnati Masters,R16,Hard,4,Ben Shelton,Jiri Lehecka,player2,top_10,0.7238118406082842,1.67,0.5651041666666667,0.15870767394161744,0.20876577381583455,True,1,0.6699999999999999,2025
2025-08-07,Cincinnati Masters,QF,Hard,4,Holger Rune,Terence Atmane,player2,top_10,0.8429729862259966,1.28,0.7414141414141414,0.10155884481185518,0.07900542236927566,False,1,-1.0,2025
2025-08-07,Cincinnati Masters,SF,Hard,4,Carlos Alcaraz,Alexander Zverev,player2,top_10,0.6856175753499617,1.55,0.6105527638190955,0.0750648115308662,0.0627072417924407,True,1,0.55,2025
2025-08-07,Cincinnati Masters,F,Hard,4,Jannik Sinner,Carlos Alcaraz,player1,top_10,0.7590198560924003,1.49,0.637469586374696,0.12155026971770433,0.13093958557767643,False,1,-1.0,2025
2025-09-17,Chengdu,R16,Hard,3,Lorenzo Musetti,Dino Prizmic,player2,top_10,0.8276084345837442,1.37,0.6914414414414414,0.13616699314230285,0.13382355537972968,True,1,0.3700000000000001,2025
2025-09-17,Chengdu,SF,Hard,3,Alexander Shevchenko,Lorenzo Musetti,player2,top_10,0.2572258519540127,5.12,0.1847133757961783,0.0725124761578344,0.31699636200454506,False,1,-1.0,2025
2025-09-17,Chengdu,F,Hard,3,Alejandro Tabilo,Lorenzo Musetti,player2,top_10,0.4091970035273904,3.82,0.2480314960629921,0.1611655074643983,0.5631325534746312,True,1,2.82,2025
2025-09-24,Tokyo,R32,Hard,3,Taylor Fritz,Gabriel Diallo,player2,top_10,0.849507593468036,1.27,0.7454909819639278,0.10401661150410813,0.07887464370440567,True,1,0.27,2025
2025-09-24,Tokyo,QF,Hard,3,Sebastian Korda,Taylor Fritz,player1,top_10,0.3197979373862459,3.23,0.2932166301969365,0.0265813071893094,0.03294733775757419,False,1,-1.0,2025
2025-09-25,Beijing,R32,Hard,3,Karen Khachanov,Alexandre Muller,player2,top_10,0.8670353713551195,1.22,0.7761467889908258,0.09088858236429376,0.05778315305324583,False,1,-1.0,2025
2025-09-25,Beijing,QF,Hard,3,Alex De Minaur,Jakub Mensik,player2,top_10,0.7325883011873903,1.42,0.6666666666666666,0.06592163452072364,0.04027538768609412,True,1,0.41999999999999993,2025
2025-10-01,Shanghai Masters,R64,Hard,4,Ben Shelton,David Goffin,player2,top_10,0.8260883150045774,1.31,0.721868365180467,0.10421994982411031,0.08217569265599639,False,1,-1.0,2025
2025-10-01,Shanghai Masters,R64,Hard,4,Karen Khachanov,Juncheng Shang,player1,top_10,0.6844407714850638,1.56,0.606060606060606,0.0783801654244578,0.06772760351669954,False,1,-1.0,2025
2025-10-01,Shanghai Masters,R32,Hard,4,Alexander Zverev,Arthur Rinderknech,player2,top_10,0.8135177182078338,1.31,0.7230443974630022,0.09047332074483161,0.0657082108522623,False,1,-1.0,2025
2025-10-01,Shanghai Masters,R16,Hard,4,Novak Djokovic,Jaume Munar,player1,top_10,0.870621806817736,1.19,0.7923211169284468,0.07830068988928929,0.036039950113105845,True,1,0.18999999999999995,2025
2025-10-01,Shanghai Masters,R16,Hard,4,Felix Auger Aliassime,Lorenzo Musetti,player1,top_10,0.5866911221653465,1.91,0.4947089947089948,0.09198212745635165,0.12058004333581174,True,1,0.9099999999999999,2025
2025-10-01,Shanghai Masters,QF,Hard,4,Novak Djokovic,Zizou Bergs,player1,top_10,0.8232309860636686,1.33,0.7145922746781115,0.10863871138555714,0.09489721146467933,True,1,0.33000000000000007,2025
2025-10-01,Shanghai Masters,QF,Hard,4,Alex De Minaur,Daniil Medvedev,player2,top_10,0.708180700525161,1.52,0.6265356265356266,0.08164507398953447,0.07643466479824479,False,1,-1.0,2025
2025-10-13,Brussels,R16,Hard,3,Lorenzo Musetti,Yannick Hanfmann,player2,top_10,0.812687923489038,1.38,0.6834862385321101,0.12920168495692785,0.12150933441487227,True,1,0.3799999999999999,2025
2025-10-20,Basel,R32,Hard,3,Ben Shelton,Kamil Majchrzak,player2,top_10,0.8267087095647624,1.49,0.6339066339066339,0.19280207565812846,0.23179597725149598,True,1,0.49,2025
2025-10-20,Basel,R16,Hard,3,Ben Shelton,Jaume Munar,player2,top_10,0.7916108608199339,1.49,0.6330049261083743,0.1586059347115596,0.17950018262170153,False,1,-1.0,2025
2025-10-20,Vienna,R32,Hard,3,Hamad Medjedovic,Lorenzo Musetti,player1,top_10,0.3630283573245723,3.04,0.3106575963718821,0.052370760952690165,0.1036062062666997,False,1,-1.0,2025
2025-10-20,Vienna,R32,Hard,3,Jurij Rodionov,Alex De Minaur,player2,top_10,0.118483369440016,9.18,0.1026392961876833,0.015844073252332697,0.08767733145934686,False,1,-1.0,2025
2025-10-20,Vienna,R16,Hard,3,Alexander Zverev,Matteo Arnaldi,player2,top_10,0.8110877874325766,1.29,0.7323651452282157,0.07872264220436087,0.046303245788023834,True,1,0.29000000000000004,2025
2025-10-20,Vienna,QF,Hard,3,Alexander Zverev,Tallon Griekspoor,player2,top_10,0.7726523769800377,1.46,0.6464891041162226,0.12616327286381512,0.12807247039085506,True,1,0.45999999999999996,2025
2025-10-20,Vienna,QF,Hard,3,Alex De Minaur,Matteo Berrettini,player1,top_10,0.7954317402098239,1.3,0.7291666666666667,0.06626507354315714,0.034061262272771065,True,1,0.30000000000000004,2025
2025-10-27,Paris Masters,R32,Hard,4,Ben Shelton,Flavio Cobolli,player1,top_10,0.6451590991288466,1.97,0.4788359788359788,0.16632312029286783,0.2709634252838278,True,1,0.97,2025
2025-10-27,Paris Masters,R32,Hard,4,Lorenzo Sonego,Lorenzo Musetti,player2,top_10,0.3865190482326417,3.48,0.2719665271966527,0.11455252103598901,0.34508628784959317,True,1,2.48,2025
2025-10-27,Paris Masters,R32,Hard,4,Felix Auger Aliassime,Alexandre Muller,player1,top_10,0.8482050802399739,1.27,0.7449799196787148,0.10322516056125908,0.07722045190476684,True,1,0.27,2025
2025-10-27,Paris Masters,R16,Hard,4,Alexander Zverev,Alejandro Davidovich Fokina,player2,top_10,0.7681360518269819,1.44,0.6538461538461539,0.114289897980828,0.10611591463085385,True,1,0.43999999999999995,2025
2025-10-27,Paris Masters,R16,Hard,4,Alex De Minaur,Karen Khachanov,player2,top_10,0.6857556485235695,1.63,0.5777202072538861,0.10803544126968345,0.11778170709341823,True,1,0.6299999999999999,2025
2025-10-27,Paris Masters,R16,Hard,4,Taylor Fritz,Alexander Bublik,player1,top_10,0.6822591041523833,1.73,0.5447368421052632,0.13752226204712015,0.18030825018362318,False,1,-1.0,2025
2025-10-27,Paris Masters,R16,Hard,4,Felix Auger Aliassime,Daniel Altmaier,player2,top_10,0.8021541487350098,1.41,0.6697892271662763,0.13236492156873347,0.13103734971636372,True,1,0.4099999999999999,2025
2025-10-27,Paris Masters,QF,Hard,4,Alex De Minaur,Alexander Bublik,player2,top_10,0.6844295454214985,1.74,0.5408970976253298,0.1435324477961687,0.1909074090334073,False,1,-1.0,2025
2025-10-27,Paris Masters,QF,Hard,4,Valentin Vacherot,Felix Auger Aliassime,player1,top_10,0.4534652137077939,2.28,0.4138817480719795,0.039583465635814385,0.033900687253770045,False,1,-1.0,2025
2025-10-27,Paris Masters,SF,Hard,4,Felix Auger Aliassime,Alexander Bublik,player1,top_10,0.6399460066932704,1.9,0.4973544973544974,0.14259150933877301,0.21589741271721374,True,1,0.8999999999999999,2025
2025-11-02,Athens,R16,Hard,3,Stan Wawrinka,Lorenzo Musetti,player2,top_10,0.2996293456405388,4.81,0.1956521739130435,0.1039771717274953,0.44121715253099136,False,1,-1.0,2025
2025-11-02,Athens,R16,Hard,3,Novak Djokovic,Alejandro Tabilo,player1,top_10,0.8610620323254863,1.21,0.7803992740471869,0.08066275827829938,0.04188505911383836,True,1,0.20999999999999996,2025
2025-11-02,Athens,SF,Hard,3,Sebastian Korda,Lorenzo Musetti,player1,top_10,0.5954800567466053,2.07,0.4566929133858268,0.13878714336077852,0.23264371746547285,False,1,-1.0,2025
2025-11-02,Athens,SF,Hard,3,Novak Djokovic,Yannick Hanfmann,player2,top_10,0.8597971733329407,1.22,0.7711069418386493,0.08869023149429145,0.04895255146618763,True,1,0.21999999999999997,2025
2025-11-02,Athens,F,Hard,3,Novak Djokovic,Lorenzo Musetti,player2,top_10,0.7611881068650767,1.36,0.6957494407158836,0.06543866614919303,0.0352158253365043,True,1,0.3600000000000001,2025
2025-11-09,Tour Finals,RR,Hard,1,Felix Auger Aliassime,Ben Shelton,player1,top_10,0.478800880488934,2.18,0.4352331606217616,0.043567719867172394,0.04378591946587618,True,1,1.1800000000000002,2025
2025-11-09,Tour Finals,RR,Hard,1,Alexander Zverev,Felix Auger Aliassime,player2,top_10,0.3347899463687958,4.8,0.1986644407345576,0.13612550563423817,0.6069917425702196,False,1,-1.0,2025
2025-11-09,Tour Finals,RR,Hard,1,Felix Auger Aliassime,Jannik Sinner,player2,top_10,0.1390258492849291,8.64,0.1101956745623068,0.02883017472262228,0.20118333782178743,False,1,-1.0,2025
2025-11-09,Tour Finals,RR,Hard,1,Lorenzo Musetti,Alex De Minaur,player1,top_10,0.3347421714397529,3.13,0.3028953229398664,0.031846848499886504,0.04774299660642656,True,1,2.13,2025
2025-11-09,Tour Finals,RR,Hard,1,Lorenzo Musetti,Taylor Fritz,player1,top_10,0.4226004050117038,2.87,0.3294392523364486,0.09316115267525521,0.21286316238359004,False,1,-1.0,2025
2025-11-09,Tour Finals,RR,Hard,1,Alex De Minaur,Carlos Alcaraz,player2,top_10,0.2252796271934386,4.66,0.2034188034188034,0.02186082377463522,0.049803062721423985,False,1,-1.0,2025
2025-11-09,Tour Finals,RR,Hard,1,Taylor Fritz,Carlos Alcaraz,player2,top_10,0.24173071811569,4.4,0.2156862745098039,0.026044443605886092,0.06361515970903608,False,1,-1.0,2025
2025-11-09,Tour Finals,SF,Hard,1,Alex De Minaur,Jannik Sinner,player2,top_10,0.1152859718944344,9.44,0.1009523809523809,0.014333590942053498,0.08829957468346061,False,1,-1.0,2025
2025-11-09,Tour Finals,SF,Hard,1,Felix Auger Aliassime,Carlos Alcaraz,player2,top_10,0.2766924393007318,4.75,0.2003367003367003,0.07635573896403147,0.314289086678476,False,1,-1.0,2025
2025-11-09,Tour Finals,F,Hard,1,Carlos Alcaraz,Jannik Sinner,player1,top_10,0.4578958607144328,2.61,0.3634146341463414,0.09448122656809138,0.19510819646466948,False,1,-1.0,2025
2026-01-05,Hong Kong,QF,Hard,3,Coleman Wong,Lorenzo Musetti,player2,top_10,0.3496813679992141,3.71,0.2535211267605634,0.09616024123865075,0.2973178752770844,False,1,-1.0,2026
2026-01-05,Hong Kong,F,Hard,3,Alexander Bublik,Lorenzo Musetti,player2,top_10,0.5934173936852153,1.8,0.5238095238095238,0.06960786987569145,0.06815130863338753,True,1,0.8,2026
2026-01-12,Auckland,R16,Hard,3,Ben Shelton,Francisco Comesana,player2,top_10,0.8199082921718929,1.29,0.7323651452282157,0.08754314694367715,0.057681696901741825,True,1,0.29000000000000004,2026
2026-02-02,Montpellier,R16,Hard,3,Felix Auger Aliassime,Stan Wawrinka,player1,top_10,0.7949043240116009,1.3,0.7239915074309979,0.070912816580603,0.03337562121508125,True,1,0.30000000000000004,2026
2026-02-02,Montpellier,QF,Hard,3,Arthur Fils,Felix Auger Aliassime,player2,top_10,0.4290098137280469,2.57,0.3669950738916256,0.062014739836421306,0.10255522128108052,False,1,-1.0,2026
2026-02-09,Rotterdam,R32,Hard,3,Hubert Hurkacz,Alexander Bublik,player1,top_10,0.5236360341330691,2.11,0.4476439790575916,0.07599205507547752,0.10487203202077577,False,1,-1.0,2026
2026-02-09,Rotterdam,QF,Hard,3,Alexander Bublik,Jaume Munar,player2,top_10,0.7259173725425225,1.49,0.6383495145631067,0.0875678579794158,0.08161688508835857,True,1,0.49,2026
2026-02-09,Rotterdam,SF,Hard,3,Alex De Minaur,Ugo Humbert,player1,top_10,0.7371573628535737,1.41,0.6690140845070424,0.06814327834653133,0.03939188162353885,True,1,0.4099999999999999,2026
2026-02-09,Dallas,R32,Hard,3,Taylor Fritz,Marcos Giron,player2,top_10,0.8169178456688303,1.38,0.6820276497695854,0.1348901958992449,0.12734662702298571,True,1,0.3799999999999999,2026
2026-02-09,Dallas,SF,Hard,3,Ben Shelton,Denis Shapovalov,player2,top_10,0.7138307837814922,1.5,0.6296296296296295,0.08420115415186269,0.07074617567223834,True,1,0.5,2026
2026-02-09,Dallas,SF,Hard,3,Marin Cilic,Taylor Fritz,player1,top_10,0.4307783828283951,2.43,0.3879093198992443,0.04286906292915077,0.046791470273000124,False,1,-1.0,2026
2026-02-09,Dallas,F,Hard,3,Ben Shelton,Taylor Fritz,player2,top_10,0.5182033157972776,2.08,0.4540682414698162,0.0641350743274614,0.07786289685833747,True,1,1.08,2026
2026-02-16,Doha,QF,Hard,3,Jakub Mensik,Jannik Sinner,player2,top_10,0.1685374680531853,8.5,0.1108786610878661,0.057658806965319206,0.43256847845207513,True,1,7.5,2026
2026-02-16,Delray Beach,QF,Hard,3,Tommy Paul,Taylor Fritz,player2,top_10,0.4872814407224159,2.19,0.4296875,0.057593940722415915,0.06714635518209089,True,1,1.19,2026
2026-02-23,Dubai,R32,Hard,3,Alexander Bublik,Jan Lennard Struff,player1,top_10,0.7825560679551308,1.35,0.697986577181208,0.08456949077392273,0.05645069173942663,True,1,0.3500000000000001,2026
2026-02-23,Dubai,QF,Hard,3,Jiri Lehecka,Felix Auger Aliassime,player2,top_10,0.3992610397980159,2.71,0.3469879518072289,0.052273087990787004,0.08199741785262304,False,1,-1.0,2026
2026-03-04,Indian Wells Masters,R64,Hard,4,Reilly Opelka,Ben Shelton,player1,top_10,0.2854902599045703,3.8,0.2490118577075098,0.03647840219706047,0.0848629876373671,False,1,-1.0,2026
2026-03-04,Indian Wells Masters,R64,Hard,4,Marton Fucsovics,Lorenzo Musetti,player1,top_10,0.3190142594725282,3.38,0.279317697228145,0.03969656224438323,0.07826819701714538,True,1,2.38,2026
2026-03-04,Indian Wells Masters,R32,Hard,4,Ben Shelton,Learner Tien,player2,top_10,0.7433989552941708,1.63,0.5766233766233767,0.16677557867079407,0.21174029712949827,False,1,-1.0,2026
2026-03-04,Indian Wells Masters,R16,Hard,4,Alexander Zverev,Frances Tiafoe,player2,top_10,0.8334269860118914,1.34,0.7067833698030634,0.1266436162088279,0.1167921612559345,True,1,0.3400000000000001,2026
2026-03-04,Indian Wells Masters,R16,Hard,4,Novak Djokovic,Jack Draper,player1,top_10,0.6810536365021607,1.65,0.5714285714285715,0.10962506507358916,0.12373850022856503,False,1,-1.0,2026
2026-03-04,Indian Wells Masters,QF,Hard,4,Alexander Zverev,Arthur Fils,player1,top_10,0.6735712155338524,1.56,0.6050632911392405,0.06850792439461184,0.05077109623280973,True,1,0.56,2026
2026-03-04,Indian Wells Masters,F,Hard,4,Jannik Sinner,Daniil Medvedev,player1,top_10,0.8274187584047153,1.25,0.7572815533980582,0.0701372050066571,0.034273448005894186,True,1,0.25,2026
2026-03-18,Miami Masters,R64,Hard,4,Alexander Shevchenko,Ben Shelton,player2,top_10,0.2074794853103297,6.05,0.1562064156206415,0.0512730696896882,0.2552508861274947,True,1,5.05,2026
2026-03-18,Miami Masters,R64,Hard,4,Stefanos Tsitsipas,Alex De Minaur,player1,top_10,0.4289812634839252,2.67,0.3535108958837772,0.07547036760014797,0.1453799735020802,True,1,1.67,2026
2026-03-18,Miami Masters,R32,Hard,4,Felix Auger Aliassime,Terence Atmane,player1,top_10,0.845492536922035,1.26,0.7469879518072289,0.09850458511480609,0.06532059652176406,False,1,-1.0,2026
2026-03-18,Miami Masters,QF,Hard,4,Alexander Zverev,Francisco Cerundolo,player1,top_10,0.7979222154406557,1.32,0.7161290322580645,0.08179318318259121,0.05325732438166553,True,1,0.32000000000000006,2026
2026-04-05,Monte Carlo Masters,R32,Clay,4,Marin Cilic,Felix Auger Aliassime,player1,top_10,0.4237211325724582,2.77,0.3404761904761905,0.0832449420962677,0.1737075372257092,False,1,-1.0,2026
2026-04-05,Monte Carlo Masters,R32,Clay,4,Cameron Norrie,Alex De Minaur,player1,top_10,0.4463159968282024,2.84,0.3317647058823529,0.11455129094584948,0.2675374309920948,False,1,-1.0,2026
2026-04-05,Monte Carlo Masters,R16,Clay,4,Felix Auger Aliassime,Casper Ruud,player1,top_10,0.4546383094413535,2.39,0.3949367088607595,0.05970160058059404,0.08658555956483494,True,1,1.3900000000000001,2026
2026-04-05,Monte Carlo Masters,R16,Clay,4,Alexander Zverev,Zizou Bergs,player2,top_10,0.8627374682802778,1.2,0.7857142857142858,0.07702318256599194,0.035284961936333264,True,1,0.19999999999999996,2026
2026-04-05,Monte Carlo Masters,R16,Clay,4,Alexander Blockx,Alex De Minaur,player1,top_10,0.4327962454305979,3.53,0.2676348547717842,0.1651613906588137,0.5277707463700106,False,1,-1.0,2026
2026-04-05,Monte Carlo Masters,QF,Clay,4,Alexander Zverev,Joao Fonseca,player2,top_10,0.7086343909780569,1.6,0.5897435897435896,0.11889080123446727,0.1338150255648911,True,1,0.6000000000000001,2026
2026-04-05,Monte Carlo Masters,QF,Clay,4,Valentin Vacherot,Alex De Minaur,player2,top_10,0.4054207591854339,2.68,0.3510895883777239,0.054331170807709994,0.086527634616963,True,1,1.6800000000000002,2026
2026-04-05,Monte Carlo Masters,F,Clay,4,Carlos Alcaraz,Jannik Sinner,player1,top_10,0.6319501563539044,1.94,0.4881266490765172,0.14382350727738719,0.22598330332657446,False,1,-1.0,2026
2026-04-13,Munich,R16,Clay,3,Gabriel Diallo,Alexander Zverev,player2,top_10,0.1333136223737086,7.9,0.1192865105908584,0.01402711178285021,0.05317761675229804,False,1,-1.0,2026
2026-04-13,Munich,QF,Clay,3,Alexander Zverev,Francisco Cerundolo,player2,top_10,0.8248100745098843,1.35,0.6952595936794582,0.12955048083042608,0.1134936005883439,True,1,0.3500000000000001,2026
2026-04-13,Barcelona,R32,Clay,3,Lorenzo Musetti,Martin Landaluce,player2,top_10,0.8599021469737501,1.22,0.7723880597014926,0.08751408727225751,0.04908061930797511,True,1,0.21999999999999997,2026
2026-04-13,Barcelona,R16,Clay,3,Lorenzo Musetti,Corentin Moutet,player2,top_10,0.832343200072898,1.25,0.750499001996008,0.08184419807688992,0.04042900009112246,True,1,0.25,2026
2026-04-13,Barcelona,R16,Clay,3,Alex De Minaur,Hamad Medjedovic,player2,top_10,0.7917673524498167,1.35,0.6959459459459459,0.09582140650387072,0.06888592580725256,False,1,-1.0,2026
2026-04-13,Barcelona,QF,Clay,3,Arthur Fils,Lorenzo Musetti,player2,top_10,0.6120973939441305,1.88,0.5,0.11209739394413054,0.15074310061496532,True,1,0.8799999999999999,2026
2026-04-22,Madrid Masters,R64,Clay,4,Daniil Medvedev,Fabian Marozsan,player1,top_10,0.6611572049811149,1.62,0.5813953488372093,0.07976185614390552,0.07107467206940615,True,1,0.6200000000000001,2026
2026-04-22,Madrid Masters,R64,Clay,4,Vilius Gaubas,Felix Auger Aliassime,player1,top_10,0.2832239191502607,3.76,0.250996015936255,0.032227903214005704,0.06492193600498009,False,1,-1.0,2026
2026-04-22,Madrid Masters,R64,Clay,4,Ben Shelton,Dino Prizmic,player2,top_10,0.7318241055351117,1.46,0.6464891041162226,0.08533500141888906,0.068463194081263,False,1,-1.0,2026
2026-04-22,Madrid Masters,R32,Clay,4,Daniil Medvedev,Nicolai Budkov Kjaer,player1,top_10,0.809100380698982,1.3,0.7245762711864407,0.0845241095125413,0.051830494908676694,True,1,0.30000000000000004,2026
2026-04-22,Madrid Masters,R32,Clay,4,Lorenzo Musetti,Tallon Griekspoor,player2,top_10,0.8705181605613806,1.22,0.7711069418386493,0.0994112187227314,0.062032155884884366,True,1,0.21999999999999997,2026
2026-04-22,Madrid Masters,R16,Clay,4,Alexander Zverev,Jakub Mensik,player2,top_10,0.782586137354271,1.44,0.6546762589928057,0.12790987836146528,0.12692403779015016,True,1,0.43999999999999995,2026
2026-04-22,Madrid Masters,R16,Clay,4,Lorenzo Musetti,Jiri Lehecka,player2,top_10,0.6624509952005672,1.57,0.5994897959183673,0.0629611992821999,0.04004806246489051,False,1,-1.0,2026
2026-04-22,Madrid Masters,QF,Clay,4,Flavio Cobolli,Alexander Zverev,player2,top_10,0.1365114470229357,9.25,0.1028128031037827,0.03369864391915299,0.26273088496215513,False,1,-1.0,2026
2026-04-22,Madrid Masters,SF,Clay,4,Alexander Blockx,Alexander Zverev,player2,top_10,0.2915860283581447,4.12,0.2284644194756554,0.06312160888248927,0.20133443683555607,False,1,-1.0,2026
2026-04-22,Madrid Masters,SF,Clay,4,Arthur Fils,Jannik Sinner,player2,top_10,0.2306346548254272,5.28,0.1788491446345256,0.05178551019090161,0.21775097747825567,False,1,-1.0,2026
