tourney_date,match_date,tourney_name,round,surface,tournament_importance,player,opponent,side,model_type,model_probability,odds,closing_odds,execution_odds_source,closing_odds_source,friction_bps,friction_adjusted_odds,clv,market_probability,market_overround,edge,ev,friction_adjusted_ev,fractional_kelly_25,edge_trust_probability,accepted_by_strategy,won,stake,profit,friction_adjusted_profit
2018-12-31,2019-01-01,Doha,R32,Hard,3,Pierre Hugues Herbert,Dominic Thiem,player2,top_10,0.3839362145109013,3.75,3.77,B365W/B365L,AvgW/AvgL,200.0,3.695,-0.0053050397877983935,0.25,1.0666666666666667,0.13393621451090132,0.43976080441587984,0.41864431261778035,0.03997825494689817,,True,True,1.0,2.75,2.695
2018-12-31,2019-01-01,Doha,R32,Hard,3,Damir Dzumhur,Novak Djokovic,player2,top_10,0.11855970294634466,11.0,12.85,B365W/B365L,AvgW/AvgL,200.0,10.8,-0.14396887159533067,0.08713692946058092,1.0432900432900432,0.031422773485763736,0.30415673240979124,0.2804447918205223,0.007603918310244781,,True,False,1.0,-1.0,-1.0
2018-12-31,2019-01-02,Pune,R16,Hard,3,Kevin Anderson,Laslo Djere,player2,top_10,0.8745819915878583,1.25,1.32,B365W/B365L,AvgW/AvgL,200.0,1.245,-0.053030303030303094,0.75,1.0666666666666667,0.12458199158785832,0.0932274894848229,0.08885457952688369,0.0932274894848229,,True,True,1.0,0.25,0.2450000000000001
2018-12-31,2019-01-02,Brisbane,R16,Hard,3,Denis Kudla,Kei Nishikori,player2,top_10,0.2670259796682126,5.0,5.17,B365W/B365L,AvgW/AvgL,200.0,4.92,-0.03288201160541582,0.1883116883116883,1.0620689655172415,0.07871429135652433,0.3351298983410631,0.31376781996760617,0.020945618646316444,,True,False,1.0,-1.0,-1.0
2018-12-31,2019-01-03,Brisbane,QF,Hard,3,Grigor Dimitrov,Kei Nishikori,player2,top_10,0.5007591873557637,2.3,2.26,B365W/B365L,AvgW/AvgL,200.0,2.274,0.017699115044247815,0.411764705882353,1.0559006211180124,0.08899448147341077,0.1517461309182565,0.13872639204700676,0.02918194825351087,,True,False,1.0,-1.0,-1.0
2018-12-31,2019-01-04,Doha,SF,Hard,3,Roberto Bautista Agut,Novak Djokovic,player2,top_10,0.2144838288822134,5.0,4.95,B365W/B365L,AvgW/AvgL,200.0,4.92,0.010101010101010166,0.1883116883116883,1.0620689655172415,0.02617214057052511,0.072419144411067,0.05526043810048997,0.004526196525691688,,True,True,1.0,4.0,3.92
2018-12-31,2019-01-06,Brisbane,F,Hard,3,Daniil Medvedev,Kei Nishikori,player2,top_10,0.48425180468248663,2.37,2.36,B365W/B365L,AvgW/AvgL,200.0,2.3426,0.004237288135593209,0.398477157360406,1.058883603429278,0.08577464732208062,0.14767677709749338,0.13440827764919316,0.026948316988593683,,True,False,1.0,-1.0,-1.0
2019-01-07,2019-01-08,Auckland,R16,Hard,3,Taylor Fritz,John Isner,player1,top_10,0.4385733378180537,2.37,2.4,B365W/B365L,AvgW/AvgL,200.0,2.3426,-0.012499999999999956,0.39230769230769225,1.0755356995118723,0.04626564551036144,0.03941881062878727,0.027401901172572574,0.007193213618391837,,True,True,1.0,1.37,1.3426
2019-01-14,2019-01-14,Australian Open,R128,Hard,5,Peter Gojowczyk,Karen Khachanov,player1,other,0.1636695901770869,6.5,7.07,B365W/B365L,AvgW/AvgL,200.0,6.39,-0.08062234794908063,0.14586070959264127,1.0547470547470548,0.01780888058444563,0.06385233615106489,0.04584868123158525,0.002902378915957495,,True,False,1.0,-1.0,-1.0
2019-01-14,2019-01-14,Australian Open,R128,Hard,5,John Isner,Reilly Opelka,player1,top_10,0.8483397340956729,1.5,1.46,B365W/B365L,AvgW/AvgL,200.0,1.49,0.027397260273972712,0.6359223300970874,1.0483460559796436,0.21241740399858544,0.2725096011435093,0.2640262038025526,0.13625480057175465,,True,False,1.0,-1.0,-1.0
2019-01-14,2019-01-14,Australian Open,R128,Hard,5,James Duckworth,Rafael Nadal,player2,top_10,0.18999656544792298,11.0,11.64,B365W/B365L,AvgW/AvgL,200.0,10.8,-0.054982817869415834,0.08713692946058092,1.0432900432900432,0.10285963598734206,1.0899622199271528,1.0519629068375684,0.02724905549817882,,True,False,1.0,-1.0,-1.0
2019-01-14,2019-01-15,Australian Open,R128,Hard,5,Kamil Majchrzak,Kei Nishikori,player1,top_10,0.11391873686748452,17.0,15.25,B365W/B365L,AvgW/AvgL,200.0,16.68,0.11475409836065564,0.05660377358490567,1.0392156862745097,0.05731496328257885,0.9366185267472369,0.9001645309496418,0.014634664480425576,,True,False,1.0,-1.0,-1.0
2019-01-14,2019-01-15,Australian Open,R128,Hard,5,Steve Darcis,Borna Coric,player2,other,0.18790901292532403,5.5,5.37,B365W/B365L,AvgW/AvgL,200.0,5.41,0.024208566108007368,0.1716867469879518,1.0590111642743223,0.01622226593737222,0.03349957108928214,0.01658775992600303,0.0018610872827378969,,True,False,1.0,-1.0,-1.0
2019-01-14,2019-01-15,Australian Open,R128,Hard,5,Benoit Paire,Dominic Thiem,player1,top_10,0.4295688741376467,3.75,3.68,B365W/B365L,AvgW/AvgL,200.0,3.695,0.01902173913043481,0.25447316103379725,1.0479166666666666,0.17509571310384947,0.610883278016175,0.5872569899386044,0.05553484345601591,,True,False,1.0,-1.0,-1.0
2019-01-14,2019-01-16,Australian Open,R64,Hard,5,John Millman,Roberto Bautista Agut,player1,other,0.3184295318818628,3.4,3.46,B365W/B365L,AvgW/AvgL,200.0,3.352,-0.017341040462427793,0.28118393234672306,1.0459973463069439,0.03724559953513973,0.08266040839833355,0.06737579086800405,0.008610459208159746,,True,False,1.0,-1.0,-1.0
2019-01-14,2019-01-16,Australian Open,R64,Hard,5,Matthew Ebden,Rafael Nadal,player2,top_10,0.13796707892551496,10.0,9.92,B365W/B365L,AvgW/AvgL,200.0,9.82,0.008064516129032251,0.09584086799276674,1.0433962264150942,0.04212621093274822,0.37967078925514963,0.35483671504855696,0.010546410812643046,,True,False,1.0,-1.0,-1.0
2019-01-14,2019-01-17,Australian Open,R64,Hard,5,Novak Djokovic,Jo-Wilfried Tsonga,player1,top_10,0.9729929802649622,1.06,1.06,B365W/B365L,AvgW/AvgL,200.0,1.0588,0.0,0.9041591320072333,1.0433962264150942,0.06883384825772887,0.03137255908085995,0.030204967504541907,0.13071899617024968,,True,True,1.0,0.06000000000000005,0.05879999999999996
2019-01-14,2019-01-18,Australian Open,R32,Hard,5,Marin Cilic,Fernando Verdasco,player2,top_10,0.8350135629859144,1.28,1.3,B365W/B365L,AvgW/AvgL,200.0,1.2744,-0.015384615384615441,0.7455268389662029,1.0479166666666666,0.08948672401971158,0.06881736062197052,0.06414128466924934,0.06144407198390225,,True,True,1.0,0.28,0.2744
2019-01-14,2019-01-18,Australian Open,R32,Hard,5,Diego Schwartzman,Tomas Berdych,player1,other,0.26805908344666063,4.0,4.04,B365W/B365L,AvgW/AvgL,200.0,3.94,-0.00990099009900991,0.23809523809523808,1.05,0.029963845351422547,0.07223633378664251,0.056152788779842866,0.00601969448222021,,True,False,1.0,-1.0,-1.0
2019-01-14,2019-01-19,Australian Open,R32,Hard,5,Alex Bolt,Alexander Zverev,player1,top_10,0.16019264211983092,13.0,10.63,B365W/B365L,AvgW/AvgL,200.0,12.76,0.22295390404515514,0.07407407407407408,1.0384615384615383,0.08611856804575684,1.082504347557802,1.0440581134490425,0.022552173907454207,,True,False,1.0,-1.0,-1.0
2019-01-14,2019-01-20,Australian Open,R16,Hard,5,Marin Cilic,Roberto Bautista Agut,player1,top_10,0.6941862121697782,1.72,1.72,B365W/B365L,AvgW/AvgL,200.0,1.7056,0.0,0.549738219895288,1.0575858250276855,0.14444799227449012,0.19400028493201843,0.18400400347677365,0.06736121004583974,,True,False,1.0,-1.0,-1.0
2019-01-14,2019-01-20,Australian Open,R16,Hard,5,Roger Federer,Stefanos Tsitsipas,player1,top_10,0.9161042935423591,1.14,1.16,B365W/B365L,AvgW/AvgL,200.0,1.1372,-0.017241379310344862,0.8283132530120482,1.0590111642743223,0.08779104053031095,0.04435889463828929,0.04179380261637078,0.07921231185408807,,True,False,1.0,-1.0,-1.0
2019-01-14,2019-01-21,Australian Open,R16,Hard,5,Daniil Medvedev,Novak Djokovic,player1,top_10,0.18114389797279581,6.5,6.4,B365W/B365L,AvgW/AvgL,200.0,6.39,0.015625,0.14586070959264127,1.0547470547470548,0.03528318838015454,0.1774353368231728,0.15750950804616526,0.008065242582871491,,True,False,1.0,-1.0,-1.0
2019-01-14,2019-01-21,Australian Open,R16,Hard,5,Milos Raonic,Alexander Zverev,player1,top_10,0.5785022523701722,2.2,2.13,B365W/B365L,AvgW/AvgL,200.0,2.176,0.032863849765258246,0.43005181347150256,1.0569550930996714,0.1484504388986696,0.2727049552143789,0.2588209011574947,0.05681353233632892,,True,True,1.0,1.2000000000000002,1.1760000000000002
2019-01-14,2019-01-24,Australian Open,SF,Hard,5,Rafael Nadal,Stefanos Tsitsipas,player2,top_10,0.935165203896558,1.16,1.18,B365W/B365L,AvgW/AvgL,200.0,1.1567999999999998,-0.016949152542372947,0.8116883116883117,1.0620689655172415,0.12347689220824631,0.08479163652000721,0.08179910786753813,0.13248693206251133,,True,True,1.0,0.15999999999999992,0.15679999999999983
2019-01-14,2019-01-25,Australian Open,SF,Hard,5,Lucas Pouille,Novak Djokovic,player2,top_10,0.11229437203288417,11.0,10.45,B365W/B365L,AvgW/AvgL,200.0,10.8,0.052631578947368585,0.08713692946058092,1.0432900432900432,0.02515744257230325,0.23523809236172588,0.2127792179551491,0.005880952309043147,,True,False,1.0,-1.0,-1.0
2019-01-14,2019-01-27,Australian Open,F,Hard,5,Novak Djokovic,Rafael Nadal,player2,top_10,0.6289621303312996,1.74,1.75,B365W/B365L,AvgW/AvgL,200.0,1.7252,-0.005714285714285672,0.5526992287917738,1.0398289227479283,0.07626290153952575,0.0943941067764612,0.08508546724755806,0.031889900937993654,,True,True,1.0,0.74,0.7252000000000001
2019-02-04,2019-02-07,Cordoba,R16,Clay,3,Alessandro Giannessi,Diego Schwartzman,player1,other,0.1459501078774676,8.0,7.99,B365W/B365L,AvgW/AvgL,200.0,7.859999999999999,0.0012515644555695093,0.11894273127753305,1.0509259259259258,0.027007376599934546,0.16760086301974075,0.1471678479168952,0.005985745107847884,,True,False,1.0,-1.0,-1.0
2019-02-11,2019-02-13,Rotterdam,R32,Hard,3,Thomas Fabbiano,Jo-Wilfried Tsonga,player2,other,0.21486468491777155,5.5,6.2,B365W/B365L,AvgW/AvgL,200.0,5.41,-0.11290322580645162,0.1716867469879518,1.0590111642743223,0.04317793792981975,0.18175576704774354,0.1624179454051441,0.01009754261376353,,True,False,1.0,-1.0,-1.0
2019-02-11,2019-02-14,New York,R16,Hard,3,John Isner,Bernard Tomic,player1,top_10,0.8811101998322786,1.4,1.37,B365W/B365L,AvgW/AvgL,200.0,1.392,0.021897810218977964,0.6626506024096386,1.077922077922078,0.21845959742263998,0.2335542797651899,0.2265053981665317,0.14597142485324371,,True,True,1.0,0.3999999999999999,0.3919999999999999
2019-02-11,2019-02-14,Buenos Aires,R16,Clay,3,Maximilian Marterer,Dominic Thiem,player1,top_10,0.2495758246734304,4.5,4.87,B365W/B365L,AvgW/AvgL,200.0,4.43,-0.07597535934291588,0.2077464788732394,1.0696798493408664,0.04182934580019099,0.12309121103043685,0.10562090330329665,0.008792229359316919,,True,False,1.0,-1.0,-1.0
2019-02-11,2019-02-15,Rotterdam,QF,Hard,3,Damir Dzumhur,Gael Monfils,player2,other,0.2576282323974606,4.33,4.25,B365W/B365L,AvgW/AvgL,200.0,4.2634,0.018823529411764683,0.2198198198198198,1.0506190133646311,0.03780841257764078,0.11553024628100428,0.0983722060033334,0.008673441912988309,,True,False,1.0,-1.0,-1.0
2019-02-11,2019-02-15,Rotterdam,QF,Hard,3,Marton Fucsovics,Kei Nishikori,player2,top_10,0.24699259877993918,4.5,4.58,B365W/B365L,AvgW/AvgL,200.0,4.43,-0.017467248908296984,0.21052631578947367,1.0555555555555556,0.036466282990465504,0.11146669450972635,0.09417721259513046,0.007961906750694739,,True,False,1.0,-1.0,-1.0
2019-02-11,2019-02-15,Buenos Aires,QF,Clay,3,Pablo Cuevas,Dominic Thiem,player2,top_10,0.32989763733248634,3.5,3.62,B365W/B365L,AvgW/AvgL,200.0,3.45,-0.03314917127071826,0.27083333333333337,1.0549450549450547,0.05906430399915297,0.15464173066370213,0.13814684879707795,0.015464173066370213,,True,False,1.0,-1.0,-1.0
2019-02-11,2019-02-16,Rotterdam,SF,Hard,3,Stan Wawrinka,Kei Nishikori,player1,top_10,0.43615303001222994,2.5,2.48,B365W/B365L,AvgW/AvgL,200.0,2.4699999999999998,0.008064516129032251,0.3796526054590571,1.05359477124183,0.056500424553172834,0.09038257503057479,0.07729798413020783,0.015063762505095798,,True,True,1.0,1.5,1.4699999999999998
2019-02-11,2019-02-16,New York,QF,Hard,3,Jordan Thompson,John Isner,player1,top_10,0.41312378456061927,3.4,3.52,B365W/B365L,AvgW/AvgL,200.0,3.352,-0.03409090909090917,0.28118393234672306,1.0459973463069439,0.1319398522138962,0.4046208675061055,0.38479092584719576,0.04214800703188599,,True,False,1.0,-1.0,-1.0
2019-02-11,2019-02-16,Buenos Aires,SF,Clay,3,Dominic Thiem,Diego Schwartzman,player1,top_10,0.8028950454710537,1.4,1.42,B365W/B365L,AvgW/AvgL,200.0,1.392,-0.014084507042253502,0.6818181818181818,1.0476190476190477,0.12107686365287196,0.12405306365947516,0.11762990329570672,0.077533164787172,,True,False,1.0,-1.0,-1.0
2019-02-18,2019-02-20,Delray Beach,R32,Hard,3,Juan Martin del Potro,Yoshihito Nishioka,player1,top_10,0.8327394094809718,1.25,1.32,B365W/B365L,AvgW/AvgL,200.0,1.245,-0.053030303030303094,0.75,1.0666666666666667,0.0827394094809718,0.040924261851214755,0.036760564803809986,0.040924261851214755,,True,True,1.0,0.25,0.2450000000000001
2019-02-18,2019-02-20,Delray Beach,R16,Hard,3,John Isner,Lukas Lacko,player1,top_10,0.9439857054403364,1.11,1.12,B365W/B365L,AvgW/AvgL,200.0,1.1078000000000001,-0.008928571428571397,0.8541392904073586,1.0547470547470548,0.08984641503297786,0.047824133038773545,0.04574736448680482,0.10869121145175796,,True,True,1.0,0.1100000000000001,0.10780000000000012
2019-02-18,2019-02-22,Delray Beach,R16,Hard,3,Juan Martin del Potro,Reilly Opelka,player2,top_10,0.6929307664478245,1.5,1.51,B365W/B365L,AvgW/AvgL,200.0,1.49,-0.0066225165562914245,0.625,1.0666666666666667,0.06793076644782448,0.03939614967173671,0.03246684200725847,0.019698074835868357,,True,True,1.0,0.5,0.49
2019-02-18,2019-02-22,Delray Beach,QF,Hard,3,Adrian Mannarino,John Isner,player1,top_10,0.2461217869860295,4.33,4.1,B365W/B365L,AvgW/AvgL,200.0,4.2634,0.056097560975609806,0.2198198198198198,1.0506190133646311,0.026301967166209694,0.06570733764950776,0.04931562663623812,0.004932983307020102,,True,False,1.0,-1.0,-1.0
2019-02-18,2019-02-23,Delray Beach,SF,Hard,3,John Isner,Daniel Evans,player1,top_10,0.7425777000493743,1.44,1.42,B365W/B365L,AvgW/AvgL,200.0,1.4312,0.014084507042253502,0.6563245823389022,1.058080808080808,0.08625311771047206,0.06931188807109895,0.06277720431066452,0.03938175458585168,,True,False,1.0,-1.0,-1.0
2019-02-25,2019-02-25,Dubai,R32,Hard,3,Roger Federer,Philipp Kohlschreiber,player2,top_10,0.98,1.1,1.11,B365W/B365L,AvgW/AvgL,200.0,1.098,-0.009009009009009028,0.8641975308641975,1.051948051948052,0.1158024691358025,0.07800000000000007,0.07604000000000007,0.195,,True,True,1.0,0.10000000000000009,0.09800000000000009
2019-02-25,2019-02-26,Dubai,R32,Hard,3,Marin Cilic,Gael Monfils,player2,top_10,0.6920903471009866,1.8,1.93,B365W/B365L,AvgW/AvgL,200.0,1.784,-0.06735751295336778,0.5135135135135135,1.0818713450292399,0.17857683358747312,0.2457626247817759,0.23468917922816013,0.07680082024430497,,True,False,1.0,-1.0,-1.0
2019-02-25,2019-02-26,Dubai,R32,Hard,3,Benoit Paire,Kei Nishikori,player2,top_10,0.27399654591581035,4.5,4.82,B365W/B365L,AvgW/AvgL,200.0,4.43,-0.06639004149377603,0.2077464788732394,1.0696798493408664,0.06625006704257094,0.23298445662114664,0.21380469840703975,0.016641746901510473,,True,False,1.0,-1.0,-1.0
2019-02-25,2019-02-27,Dubai,R16,Hard,3,Egor Gerasimov,Stefanos Tsitsipas,player2,other,0.2438948819351482,4.33,4.3,B365W/B365L,AvgW/AvgL,200.0,4.2634,0.006976744186046657,0.21699819168173598,1.0642802155504234,0.02689669025341221,0.05606483877919166,0.039821439642310774,0.004209071980419794,,True,False,1.0,-1.0,-1.0
2019-02-25,2019-02-27,Acapulco,R32,Hard,3,Mischa Zverev,Rafael Nadal,player2,top_10,0.10486504171222344,11.0,10.09,B365W/B365L,AvgW/AvgL,200.0,10.8,0.09018830525272548,0.08713692946058092,1.0432900432900432,0.017728112251642517,0.15351545883445783,0.1325424504920132,0.0038378864708614457,,True,False,1.0,-1.0,-1.0
2019-02-25,2019-02-27,Acapulco,R16,Hard,3,Peter Gojowczyk,John Millman,player1,other,0.375125272940085,2.75,2.79,B365W/B365L,AvgW/AvgL,200.0,2.715,-0.014336917562724039,0.3373493975903614,1.077922077922078,0.0377758753497236,0.03159450058523383,0.01846511603233081,0.004513500083604833,,True,False,1.0,-1.0,-1.0
2019-02-25,2019-02-28,Dubai,QF,Hard,3,Marton Fucsovics,Roger Federer,player1,top_10,0.28555799824829053,5.0,5.05,B365W/B365L,AvgW/AvgL,200.0,4.92,-0.00990099009900991,0.1883116883116883,1.0620689655172415,0.09724630993660224,0.42778999124145267,0.4049453513815895,0.026736874452590792,,True,False,1.0,-1.0,-1.0
2019-02-25,2019-02-28,Acapulco,R16,Hard,3,David Ferrer,Alexander Zverev,player2,top_10,0.24293097192641577,5.0,4.89,B365W/B365L,AvgW/AvgL,200.0,4.92,0.02249488752556239,0.1883116883116883,1.0620689655172415,0.05461928361472748,0.21465485963207886,0.19522038187796553,0.013415928727004929,,True,False,1.0,-1.0,-1.0
2019-02-25,2019-02-28,Acapulco,R16,Hard,3,Steve Johnson,Stan Wawrinka,player1,other,0.28724559953513973,3.75,3.65,B365W/B365L,AvgW/AvgL,200.0,3.695,0.027397260273972712,0.25,1.0666666666666667,0.03724559953513973,0.07717099825677398,0.06137249028234126,0.007015545296070362,,True,False,1.0,-1.0,-1.0
2019-02-25,2019-03-01,Sao Paulo,QF,Clay,3,Marco Trungelliti,Guido Pella,player1,other,0.23394509925715992,4.5,4.62,B365W/B365L,AvgW/AvgL,200.0,4.43,-0.025974025974025983,0.21052631578947367,1.0555555555555556,0.02341878346768625,0.052752946657219635,0.036376789709218316,0.003768067618372831,,True,False,1.0,-1.0,-1.0
2019-02-25,2019-03-01,Acapulco,QF,Hard,3,John Millman,John Isner,player1,top_10,0.46283717039383304,2.3,2.28,B365W/B365L,AvgW/AvgL,200.0,2.274,0.00877192982456143,0.411764705882353,1.0559006211180124,0.051072464511480065,0.06452549190581591,0.052491725475576345,0.012408748443426139,,True,False,1.0,-1.0,-1.0
2019-02-25,2019-03-02,Dubai,F,Hard,3,Roger Federer,Stefanos Tsitsipas,player1,top_10,0.933101929334694,1.28,1.32,B365W/B365L,AvgW/AvgL,200.0,1.2744,-0.030303030303030276,0.7455268389662029,1.0479166666666666,0.18757509036849118,0.19437046954840842,0.1891450987441341,0.1735450620967932,,True,True,1.0,0.28,0.2744
2019-02-25,2019-03-02,Acapulco,SF,Hard,3,Cameron Norrie,Alexander Zverev,player2,top_10,0.280874111517174,5.0,5.09,B365W/B365L,AvgW/AvgL,200.0,4.92,-0.017681728880157177,0.1883116883116883,1.0620689655172415,0.09256242320548572,0.40437055758587004,0.38190062866449614,0.025273159849116877,,True,False,1.0,-1.0,-1.0
2019-02-25,2019-03-02,Acapulco,SF,Hard,3,Nick Kyrgios,John Isner,player2,top_10,0.6137664344440832,1.72,1.74,B365W/B365L,AvgW/AvgL,200.0,1.7056,-0.011494252873563204,0.549738219895288,1.0575858250276855,0.06402821454879515,0.055678267243823076,0.04684003058782826,0.019332731681883014,,True,True,1.0,0.72,0.7056
2019-03-04,2019-03-09,Indian Wells Masters,R64,Hard,4,Felix Auger Aliassime,Stefanos Tsitsipas,player1,top_10,0.4138869612951542,3.0,3.03,B365W/B365L,AvgW/AvgL,200.0,2.96,-0.009900990099009799,0.3119266055045871,1.0686274509803921,0.10196035579056706,0.24166088388546247,0.2251054054336563,0.03020761048568281,,True,True,1.0,2.0,1.96
2019-03-04,2019-03-10,Indian Wells Masters,R64,Hard,4,Mackenzie Mcdonald,Daniil Medvedev,player1,other,0.28724559953513973,3.75,3.94,B365W/B365L,AvgW/AvgL,200.0,3.695,-0.048223350253807085,0.25,1.0666666666666667,0.03724559953513973,0.07717099825677398,0.06137249028234126,0.007015545296070362,,True,False,1.0,-1.0,-1.0
2019-03-04,2019-03-10,Indian Wells Masters,R64,Hard,4,Nicolas Jarry,Kyle Edmund,player1,other,0.3144809930787147,3.4,3.43,B365W/B365L,AvgW/AvgL,200.0,3.352,-0.008746355685131268,0.2765957446808511,1.0633484162895928,0.03788524839786361,0.0692353764676299,0.054140288799851555,0.007212018382044781,,True,False,1.0,-1.0,-1.0
2019-03-04,2019-03-10,Indian Wells Masters,R64,Hard,4,Martin Klizan,Alexander Zverev,player2,top_10,0.23087932000286115,5.5,6.12,B365W/B365L,AvgW/AvgL,200.0,5.41,-0.10130718954248363,0.1716867469879518,1.0590111642743223,0.05919257301490935,0.26983626001573646,0.24905712121547885,0.014990903334207582,,True,False,1.0,-1.0,-1.0
2019-03-04,2019-03-10,Indian Wells Masters,R64,Hard,4,Jordan Thompson,Dominic Thiem,player1,top_10,0.39411499336007094,3.25,3.36,B365W/B365L,AvgW/AvgL,200.0,3.205,-0.03273809523809523,0.2903930131004367,1.059572006940428,0.10372198025963425,0.2808737284202305,0.2631385537190274,0.031208192046692278,,True,False,1.0,-1.0,-1.0
2019-03-04,2019-03-11,Indian Wells Masters,R32,Hard,4,Jan Lennard Struff,Alexander Zverev,player2,top_10,0.2797877163503044,5.0,4.94,B365W/B365L,AvgW/AvgL,200.0,4.92,0.012145748987854255,0.1883116883116883,1.0620689655172415,0.09147602803861613,0.3989385817515221,0.3765555644434977,0.02493366135947013,,True,True,1.0,4.0,3.92
2019-03-04,2019-03-11,Indian Wells Masters,R32,Hard,4,Gilles Simon,Dominic Thiem,player1,top_10,0.44112546103821204,3.0,2.97,B365W/B365L,AvgW/AvgL,200.0,2.96,0.010101010101009944,0.3181818181818181,1.0476190476190477,0.12294364285639392,0.3233763831146361,0.3057313646731076,0.040422047889329515,,True,False,1.0,-1.0,-1.0
2019-03-04,2019-03-12,Indian Wells Masters,R32,Hard,4,John Isner,Guido Pella,player2,top_10,0.8583662356932734,1.22,1.24,B365W/B365L,AvgW/AvgL,200.0,1.2156,-0.016129032258064502,0.7801801801801801,1.0506190133646311,0.07818605551309332,0.04720680754579354,0.04342999610874318,0.0536440994838563,,True,True,1.0,0.21999999999999997,0.2156
2019-03-04,2019-03-12,Indian Wells Masters,R32,Hard,4,Hubert Hurkacz,Kei Nishikori,player1,top_10,0.357941780566305,3.2,3.38,B365W/B365L,AvgW/AvgL,200.0,3.156,-0.053254437869822424,0.2982456140350877,1.0477941176470589,0.05969616653121729,0.14541369781217606,0.12966425946725857,0.016524283842292733,,True,True,1.0,2.2,2.156
2019-03-04,2019-03-13,Indian Wells Masters,R16,Hard,4,John Isner,Karen Khachanov,player1,top_10,0.6994637459300199,1.61,1.64,B365W/B365L,AvgW/AvgL,200.0,1.5978,-0.018292682926829174,0.588235294117647,1.0559006211180124,0.11122845181237295,0.12613663094733213,0.11760317324698588,0.05169534055218529,,True,False,1.0,-1.0,-1.0
2019-03-04,2019-03-13,Indian Wells Masters,R16,Hard,4,Kyle Edmund,Roger Federer,player1,top_10,0.3454906144828118,4.5,4.52,B365W/B365L,AvgW/AvgL,200.0,4.43,-0.004424778761061843,0.21052631578947367,1.0555555555555556,0.13496429869333815,0.5547077651726531,0.5305234221588562,0.03962198322661808,,True,False,1.0,-1.0,-1.0
2019-03-04,2019-03-14,Indian Wells Masters,R16,Hard,4,Ivo Karlovic,Dominic Thiem,player1,top_10,0.40213604512562073,3.5,3.43,B365W/B365L,AvgW/AvgL,200.0,3.45,0.020408163265306145,0.27083333333333337,1.0549450549450547,0.13130271179228736,0.4074761579396725,0.3873693556833916,0.040747615793967254,,True,False,1.0,-1.0,-1.0
2019-03-04,2019-03-16,Indian Wells Masters,SF,Hard,4,Dominic Thiem,Milos Raonic,player1,top_10,0.4376037219198967,2.37,2.37,B365W/B365L,AvgW/AvgL,200.0,2.3426,0.0,0.398477157360406,1.058883603429278,0.039126564559490706,0.03712082095015523,0.025130478969550007,0.006773872436159714,,True,True,1.0,1.37,1.3426
2019-03-04,2019-03-17,Indian Wells Masters,F,Hard,4,Dominic Thiem,Roger Federer,player1,top_10,0.26739366520470675,4.0,3.98,B365W/B365L,AvgW/AvgL,200.0,3.94,0.005025125628140614,0.23809523809523808,1.05,0.029298427109468672,0.06957466081882702,0.05353104090654459,0.005797888401568918,,True,True,1.0,3.0,2.94
2019-03-18,2019-03-22,Miami Masters,R64,Hard,4,Kei Nishikori,Dusan Lajovic,player1,top_10,0.8891150459083326,1.18,1.16,B365W/B365L,AvgW/AvgL,200.0,1.1764,0.01724137931034475,0.7922535211267606,1.0696798493408664,0.09686152478157195,0.04915575417183238,0.045954940006562334,0.06827188079421166,,True,False,1.0,-1.0,-1.0
2019-03-18,2019-03-22,Miami Masters,R64,Hard,4,Mischa Zverev,Nikoloz Basilashvili,player1,other,0.31449569509939257,3.75,3.7,B365W/B365L,AvgW/AvgL,200.0,3.695,0.013513513513513375,0.25,1.0666666666666667,0.06449569509939257,0.1793588566227221,0.16206159339225545,0.016305350602065647,,True,False,1.0,-1.0,-1.0
2019-03-18,2019-03-22,Miami Masters,R64,Hard,4,Hubert Hurkacz,Dominic Thiem,player1,top_10,0.405774556015049,3.0,3.18,B365W/B365L,AvgW/AvgL,200.0,2.96,-0.05660377358490576,0.3119266055045871,1.0686274509803921,0.09384795051046191,0.21732366804514702,0.2010926858045451,0.027165458505643378,,True,True,1.0,2.0,1.96
2019-03-18,2019-03-22,Miami Masters,R64,Hard,4,Ilya Ivashka,Kyle Edmund,player1,other,0.23116526234092566,4.5,4.6,B365W/B365L,AvgW/AvgL,200.0,4.43,-0.021739130434782483,0.2077464788732394,1.0696798493408664,0.02341878346768625,0.040243680534165494,0.02406211217030063,0.0028745486095832495,,True,False,1.0,-1.0,-1.0
2019-03-18,2019-03-23,Miami Masters,R64,Hard,4,Mackenzie Mcdonald,Stefanos Tsitsipas,player1,top_10,0.38526546252355826,3.75,3.84,B365W/B365L,AvgW/AvgL,200.0,3.695,-0.0234375,0.25,1.0666666666666667,0.13526546252355826,0.4447454844633436,0.4235558840245477,0.040431407678485784,,True,False,1.0,-1.0,-1.0
2019-03-18,2019-03-24,Miami Masters,R64,Hard,4,David Ferrer,Alexander Zverev,player2,top_10,0.2976327022911728,4.0,4.05,B365W/B365L,AvgW/AvgL,200.0,3.94,-0.012345679012345623,0.23371647509578544,1.069672131147541,0.06391622719538734,0.19053080916469112,0.17267284702722074,0.015877567430390926,,True,True,1.0,3.0,2.94
2019-03-18,2019-03-25,Miami Masters,R32,Hard,4,Kevin Anderson,Joao Sousa,player2,top_10,0.6923244947344314,1.53,1.52,B365W/B365L,AvgW/AvgL,200.0,1.5194,0.006578947368421018,0.6203473945409429,1.05359477124183,0.07197710019348846,0.059256476943680025,0.05191783729949506,0.027951168369660388,,True,True,1.0,0.53,0.5194000000000001
2019-03-18,2019-03-26,Miami Masters,R32,Hard,4,Leonardo Mayer,Stefanos Tsitsipas,player1,top_10,0.36334798641525134,4.0,3.84,B365W/B365L,AvgW/AvgL,200.0,3.94,0.04166666666666674,0.23809523809523808,1.05,0.12525274832001326,0.4533919456610054,0.43159106647609025,0.03778266213841711,,True,False,1.0,-1.0,-1.0
2019-03-18,2019-03-26,Miami Masters,R16,Hard,4,Kevin Anderson,Jordan Thompson,player1,top_10,0.8053040158369336,1.4,1.42,B365W/B365L,AvgW/AvgL,200.0,1.392,-0.014084507042253502,0.6818181818181818,1.0476190476190477,0.1234858340187518,0.12742562217170694,0.12098319004501146,0.07964101385731685,,True,True,1.0,0.3999999999999999,0.3919999999999999
2019-03-18,2019-03-26,Miami Masters,R16,Hard,4,John Isner,Kyle Edmund,player2,top_10,0.6770387579276788,1.9,1.85,B365W/B365L,AvgW/AvgL,200.0,1.882,0.027027027027026973,0.5,1.0526315789473684,0.17703875792767876,0.2863736400625896,0.2741869424198914,0.07954823335071934,,True,True,1.0,0.8999999999999999,0.8819999999999999
2019-03-18,2019-03-26,Miami Masters,R16,Hard,4,Novak Djokovic,Roberto Bautista Agut,player1,top_10,0.8611461663447785,1.2,1.19,B365W/B365L,AvgW/AvgL,200.0,1.196,0.008403361344537785,0.7894736842105263,1.0555555555555556,0.07167248213425215,0.03337539961373412,0.029930814948355006,0.041719249517167656,,True,False,1.0,-1.0,-1.0
2019-03-18,2019-03-27,Miami Masters,R16,Hard,4,Denis Shapovalov,Stefanos Tsitsipas,player1,top_10,0.544354466611205,2.2,2.2,B365W/B365L,AvgW/AvgL,200.0,2.176,0.0,0.43005181347150256,1.0569550930996714,0.11430265313970245,0.19757982654465112,0.1845153193459822,0.04116246386346897,,True,True,1.0,1.2000000000000002,1.1760000000000002
2019-03-18,2019-03-27,Miami Masters,R16,Hard,4,Daniil Medvedev,Roger Federer,player1,top_10,0.3838752477991174,3.5,3.52,B365W/B365L,AvgW/AvgL,200.0,3.45,-0.005681818181818232,0.27083333333333337,1.0549450549450547,0.11304191446578404,0.34356336729691095,0.3243696049069551,0.034356336729691093,,True,False,1.0,-1.0,-1.0
2019-03-18,2019-03-29,Miami Masters,QF,Hard,4,Kevin Anderson,Roger Federer,player1,top_10,0.32922292354572524,5.0,4.86,B365W/B365L,AvgW/AvgL,200.0,4.92,0.028806584362139898,0.1883116883116883,1.0620689655172415,0.14091123523403695,0.6461146177286262,0.6197767838449683,0.04038216360803914,,True,False,1.0,-1.0,-1.0
2019-03-18,2019-03-29,Miami Masters,SF,Hard,4,Roger Federer,Denis Shapovalov,player1,top_10,0.9400480654224102,1.2,1.2,B365W/B365L,AvgW/AvgL,200.0,1.196,0.0,0.7894736842105263,1.0555555555555556,0.15057438121188382,0.12805767850689215,0.12429748624520248,0.16007209813361523,,True,True,1.0,0.19999999999999996,0.19599999999999995
2019-04-08,2019-04-09,Marrakech,R32,Clay,3,Denis Istomin,Alexander Zverev,player2,top_10,0.18919042027661503,6.0,7.0,B365W/B365L,AvgW/AvgL,200.0,5.9,-0.1428571428571429,0.15730337078651685,1.0595238095238095,0.031887049490098185,0.1351425216596902,0.11622347963202873,0.00675712608298451,,True,False,1.0,-1.0,-1.0
2019-04-08,2019-04-11,Marrakech,R16,Clay,3,Alexander Zverev,Jaume Munar,player2,top_10,0.8433427235808576,1.25,1.24,B365W/B365L,AvgW/AvgL,200.0,1.245,0.008064516129032251,0.75,1.0666666666666667,0.0933427235808576,0.054178404476072,0.04996169085816779,0.054178404476072,,True,False,1.0,-1.0,-1.0
2019-04-15,2019-04-17,Monte Carlo Masters,R32,Clay,4,Dominic Thiem,Martin Klizan,player2,top_10,0.8694876899604718,1.2,1.22,B365W/B365L,AvgW/AvgL,200.0,1.196,-0.016393442622950838,0.783001808318264,1.0642802155504234,0.08648588164220772,0.04338522795256608,0.03990727719272419,0.054231534940707614,,True,True,1.0,0.19999999999999996,0.19599999999999995
2019-04-15,2019-04-17,Monte Carlo Masters,R32,Clay,4,Mikhail Kukushkin,Stefanos Tsitsipas,player1,top_10,0.40072676382704964,3.75,4.06,B365W/B365L,AvgW/AvgL,200.0,3.695,-0.07635467980295563,0.25,1.0666666666666667,0.15072676382704964,0.5027253643514361,0.4806853923409483,0.045702305850130555,,True,False,1.0,-1.0,-1.0
2019-04-15,2019-04-18,Monte Carlo Masters,R16,Clay,4,Alexander Zverev,Fabio Fognini,player2,top_10,0.8520965770577356,1.25,1.25,B365W/B365L,AvgW/AvgL,200.0,1.245,0.0,0.7619047619047619,1.05,0.0901918151529737,0.06512072132216945,0.060860238436880876,0.06512072132216945,,True,False,1.0,-1.0,-1.0
2019-04-15,2019-04-18,Monte Carlo Masters,R16,Clay,4,Dominic Thiem,Dusan Lajovic,player2,top_10,0.9333080320045543,1.16,1.17,B365W/B365L,AvgW/AvgL,200.0,1.1567999999999998,-0.008547008547008517,0.8116883116883117,1.0620689655172415,0.12161972031624257,0.08263731712528286,0.07965073142286822,0.12912080800825454,,True,False,1.0,-1.0,-1.0
2019-04-15,2019-04-18,Monte Carlo Masters,R16,Clay,4,Stefanos Tsitsipas,Daniil Medvedev,player1,top_10,0.687716290047987,1.72,1.76,B365W/B365L,AvgW/AvgL,200.0,1.7056,-0.022727272727272707,0.549738219895288,1.0575858250276855,0.13797807015269892,0.18287201888253757,0.17296890430584655,0.06349722877865888,,True,False,1.0,-1.0,-1.0
2019-04-15,2019-04-19,Monte Carlo Masters,QF,Clay,4,Guido Pella,Rafael Nadal,player2,top_10,0.09393788241392298,17.0,15.87,B365W/B365L,AvgW/AvgL,200.0,16.68,0.07120352867044755,0.05660377358490567,1.0392156862745097,0.03733410882901731,0.5969440010366907,0.5668838786642352,0.009327250016198291,,True,False,1.0,-1.0,-1.0
2019-04-22,2019-04-23,Barcelona,R32,Clay,3,Dominic Thiem,Diego Schwartzman,player1,top_10,0.8487432959728847,1.3,1.3,B365W/B365L,AvgW/AvgL,200.0,1.294,0.0,0.7234042553191489,1.0633484162895928,0.1253390406537358,0.10336628476475013,0.0982738249889128,0.08613857063729176,,True,True,1.0,0.30000000000000004,0.29400000000000004
2019-04-22,2019-04-23,Barcelona,R32,Clay,3,Stefanos Tsitsipas,Marton Fucsovics,player1,top_10,0.8187738278801522,1.3,1.32,B365W/B365L,AvgW/AvgL,200.0,1.294,-0.015151515151515138,0.7234042553191489,1.0633484162895928,0.09536957256100331,0.06440597624419789,0.05949333327691694,0.0536716468701649,,True,True,1.0,0.30000000000000004,0.29400000000000004
2019-04-22,2019-04-25,Barcelona,R16,Clay,3,Felix Auger Aliassime,Kei Nishikori,player1,top_10,0.4662545576587013,2.3,2.25,B365W/B365L,AvgW/AvgL,200.0,2.274,0.022222222222222143,0.411764705882353,1.0559006211180124,0.0544898517763483,0.07238548261501287,0.06026286411588666,0.01392028511827171,,True,False,1.0,-1.0,-1.0
2019-04-22,2019-04-25,Barcelona,R16,Clay,3,Jan Lennard Struff,Stefanos Tsitsipas,player1,top_10,0.3984309629892396,3.75,3.73,B365W/B365L,AvgW/AvgL,200.0,3.695,0.00536193029490617,0.25447316103379725,1.0479166666666666,0.14395780195544233,0.4941161112096484,0.47220240824524007,0.0449196464736044,,True,True,1.0,2.75,2.695
2019-04-22,2019-04-25,Barcelona,R16,Clay,3,David Ferrer,Rafael Nadal,player2,top_10,0.19441887890161968,5.5,5.59,B365W/B365L,AvgW/AvgL,200.0,5.41,-0.01610017889087656,0.1716867469879518,1.0590111642743223,0.02273213191366788,0.06930383395890827,0.05180613485776253,0.003850212997717126,,True,False,1.0,-1.0,-1.0
2019-04-22,2019-04-26,Barcelona,QF,Clay,3,Kei Nishikori,Roberto Carballes Baena,player1,top_10,0.8764007390558989,1.22,1.27,B365W/B365L,AvgW/AvgL,200.0,1.2156,-0.03937007874015752,0.7801801801801801,1.0506190133646311,0.09622055887571879,0.06920890164819662,0.0653527383963507,0.07864647914567799,,True,True,1.0,0.21999999999999997,0.2156
2019-04-22,2019-04-26,Barcelona,QF,Clay,3,Jan Lennard Struff,Rafael Nadal,player1,top_10,0.18523825740318395,10.0,9.4,B365W/B365L,AvgW/AvgL,200.0,9.82,0.06382978723404253,0.09584086799276674,1.0433962264150942,0.08939738941041721,0.8523825740318394,0.8190396876992663,0.02367729372310665,,True,False,1.0,-1.0,-1.0
2019-04-22,2019-04-28,Barcelona,F,Clay,3,Dominic Thiem,Daniil Medvedev,player1,top_10,0.9064614817873049,1.28,1.29,B365W/B365L,AvgW/AvgL,200.0,1.2744,-0.007751937984496138,0.7455268389662029,1.0479166666666666,0.16093464282110204,0.1602706966877503,0.15519451238974136,0.14309883632834847,,True,True,1.0,0.28,0.2744
2019-04-29,2019-05-01,Estoril,R16,Clay,3,Guido Andreozzi,Stefanos Tsitsipas,player1,top_10,0.23902792955957963,4.5,4.97,B365W/B365L,AvgW/AvgL,200.0,4.43,-0.09456740442655931,0.2077464788732394,1.0696798493408664,0.03128145068634022,0.07562568301810835,0.05889372794893766,0.005401834501293453,,True,False,1.0,-1.0,-1.0
2019-04-29,2019-05-02,Munich,R16,Clay,3,Taro Daniel,Guido Pella,player2,other,0.24501049925836804,4.5,4.82,B365W/B365L,AvgW/AvgL,200.0,4.43,-0.06639004149377603,0.2077464788732394,1.0696798493408664,0.03726402038512863,0.10254724666265613,0.08539651171457041,0.0073248033330468665,,True,False,1.0,-1.0,-1.0
2019-04-29,2019-05-04,Estoril,SF,Clay,3,Stefanos Tsitsipas,David Goffin,player1,top_10,0.7909412523065422,1.53,1.52,B365W/B365L,AvgW/AvgL,200.0,1.5194,0.006578947368421018,0.6203473945409429,1.05359477124183,0.17059385776559932,0.21014011602900962,0.20175613875456033,0.09912269624009887,,True,True,1.0,0.53,0.5194000000000001
2019-05-06,2019-05-07,Madrid Masters,R32,Clay,4,Reilly Opelka,Dominic Thiem,player2,top_10,0.2925881497575151,6.0,5.88,B365W/B365L,AvgW/AvgL,200.0,5.9,0.020408163265306145,0.15730337078651685,1.0595238095238095,0.13528477897099828,0.7555288985450908,0.7262700835693394,0.037776444927254536,,True,False,1.0,-1.0,-1.0
2019-05-06,2019-05-07,Madrid Masters,R32,Clay,4,Roger Federer,Richard Gasquet,player2,top_10,0.98,1.1,1.1,B365W/B365L,AvgW/AvgL,200.0,1.098,0.0,0.8641975308641975,1.051948051948052,0.1158024691358025,0.07800000000000007,0.07604000000000007,0.195,,True,True,1.0,0.10000000000000009,0.09800000000000009
2019-05-06,2019-05-08,Madrid Masters,R32,Clay,4,Felix Auger Aliassime,Rafael Nadal,player2,top_10,0.2270892493362614,5.5,5.29,B365W/B365L,AvgW/AvgL,200.0,5.41,0.03969754253308122,0.1716867469879518,1.0590111642743223,0.055402502348309596,0.24899087134943765,0.2285528389091741,0.01383282618607987,,True,False,1.0,-1.0,-1.0
2019-05-06,2019-05-08,Madrid Masters,R32,Clay,4,Hugo Dellien,Kei Nishikori,player1,top_10,0.2638053622564897,6.0,5.78,B365W/B365L,AvgW/AvgL,200.0,5.9,0.03806228373702414,0.15730337078651685,1.0595238095238095,0.10650199146997286,0.5828321735389383,0.5564516373132895,0.029141608676946918,,True,False,1.0,-1.0,-1.0
2019-05-06,2019-05-08,Madrid Masters,R32,Clay,4,Juan Martin del Potro,Laslo Djere,player1,top_10,0.7136937441224965,1.72,1.76,B365W/B365L,AvgW/AvgL,200.0,1.7056,-0.022727272727272707,0.5376344086021505,1.0813953488372094,0.17605933552034603,0.22755323989069398,0.21727604997533012,0.0790115416287132,,True,False,1.0,-1.0,-1.0
2019-05-06,2019-05-09,Madrid Masters,R16,Clay,4,Frances Tiafoe,Rafael Nadal,player2,top_10,0.09743027404618687,11.0,10.39,B365W/B365L,AvgW/AvgL,200.0,10.8,0.05871029836381125,0.08713692946058092,1.0432900432900432,0.010293344585605949,0.07173301450805558,0.05224695969881832,0.0017933253627013894,,True,False,1.0,-1.0,-1.0
2019-05-06,2019-05-09,Madrid Masters,R16,Clay,4,Stan Wawrinka,Kei Nishikori,player2,top_10,0.6372499025662042,1.72,1.72,B365W/B365L,AvgW/AvgL,200.0,1.7056,0.0,0.549738219895288,1.0575858250276855,0.08751168267091614,0.09606983241387118,0.08689343381691783,0.03335758069926083,,True,True,1.0,0.72,0.7056
2019-05-06,2019-05-09,Madrid Masters,R16,Clay,4,Hubert Hurkacz,Alexander Zverev,player2,top_10,0.3559133490686498,3.2,2.93,B365W/B365L,AvgW/AvgL,200.0,3.156,0.0921501706484642,0.2982456140350877,1.0477941176470589,0.057667735033562095,0.1389227170196794,0.12326252966065876,0.01578667238859993,,True,False,1.0,-1.0,-1.0
2019-05-06,2019-05-09,Madrid Masters,R16,Clay,4,Stefanos Tsitsipas,Fernando Verdasco,player1,top_10,0.7882111930422513,1.33,1.35,B365W/B365L,AvgW/AvgL,200.0,1.3234000000000001,-0.014814814814814836,0.7188160676532769,1.0459973463069439,0.06939512538897441,0.04832088674619428,0.04311869287211545,0.03660673238348051,,True,True,1.0,0.33000000000000007,0.32340000000000013
2019-05-06,2019-05-09,Madrid Masters,R16,Clay,4,Fabio Fognini,Dominic Thiem,player2,top_10,0.3728327317022896,3.2,3.17,B365W/B365L,AvgW/AvgL,200.0,3.156,0.009463722397476504,0.2982456140350877,1.0477941176470589,0.07458711766720189,0.19306474144732677,0.17666010125242604,0.02193917516446895,,True,False,1.0,-1.0,-1.0
2019-05-06,2019-05-09,Madrid Masters,R16,Clay,4,Gael Monfils,Roger Federer,player2,top_10,0.325221610549263,3.5,3.62,B365W/B365L,AvgW/AvgL,200.0,3.45,-0.03314917127071826,0.27083333333333337,1.0549450549450547,0.05438827721592965,0.13827563692242062,0.12201455639495751,0.013827563692242062,,True,False,1.0,-1.0,-1.0
2019-05-06,2019-05-10,Madrid Masters,QF,Clay,4,Stefanos Tsitsipas,Alexander Zverev,player1,top_10,0.7118636155310849,1.66,1.69,B365W/B365L,AvgW/AvgL,200.0,1.6467999999999998,-0.017751479289940808,0.5699481865284974,1.0569550930996714,0.14191542900258747,0.18169360178160088,0.1722970020565905,0.06882333400818216,,True,True,1.0,0.6599999999999999,0.6467999999999998
2019-05-06,2019-05-10,Madrid Masters,QF,Clay,4,Roger Federer,Dominic Thiem,player1,top_10,0.5289733624024062,2.75,2.83,B365W/B365L,AvgW/AvgL,200.0,2.715,-0.028268551236749095,0.3436754176610979,1.058080808080808,0.18529794474130834,0.45467674660661705,0.4361626789225328,0.06495382094380243,,True,False,1.0,-1.0,-1.0
2019-05-06,2019-05-10,Madrid Masters,QF,Clay,4,Marin Cilic,Novak Djokovic,player2,top_10,0.1882660400000825,5.5,5.77,B365W/B365L,AvgW/AvgL,200.0,5.41,-0.04679376083188902,0.1716867469879518,1.0590111642743223,0.016579293012130708,0.035463220000453766,0.01851927640044637,0.001970178888914098,,True,False,1.0,-1.0,-1.0
2019-05-06,2019-05-11,Madrid Masters,SF,Clay,4,Stefanos Tsitsipas,Rafael Nadal,player1,top_10,0.185825805596897,7.0,6.45,B365W/B365L,AvgW/AvgL,200.0,6.88,0.0852713178294573,0.13580246913580246,1.051948051948052,0.050023336461094525,0.3007806391782789,0.27848154250665125,0.012532526632428287,,True,True,1.0,6.0,5.88
2019-05-06,2019-05-12,Madrid Masters,F,Clay,4,Stefanos Tsitsipas,Novak Djokovic,player1,top_10,0.531085073633211,3.0,2.85,B365W/B365L,AvgW/AvgL,200.0,2.96,0.05263157894736836,0.3181818181818181,1.0476190476190477,0.21290325545139288,0.593255220899633,0.5720118179543044,0.07415690261245413,,True,False,1.0,-1.0,-1.0
2019-05-13,2019-05-14,Rome Masters,R32,Clay,4,Matteo Berrettini,Alexander Zverev,player1,top_10,0.47229537055908044,2.37,2.35,B365W/B365L,AvgW/AvgL,200.0,2.3426,0.008510638297872353,0.39230769230769225,1.0755356995118723,0.0799876782513882,0.11934002822502066,0.10639913507170184,0.021777377413324934,,True,True,1.0,1.37,1.3426
2019-05-13,2019-05-16,Rome Masters,R32,Clay,4,Taylor Fritz,Kei Nishikori,player1,top_10,0.47430292234847626,3.5,3.47,B365W/B365L,AvgW/AvgL,200.0,3.45,0.008645533141210304,0.2677824267782427,1.0669642857142856,0.20652049557023355,0.660060228219667,0.6363450821022432,0.0660060228219667,,True,False,1.0,-1.0,-1.0
2019-05-13,2019-05-17,Rome Masters,QF,Clay,4,Stefanos Tsitsipas,Roger Federer,player1,top_10,0.7743954191177218,1.66,1.67,B365W/B365L,AvgW/AvgL,200.0,1.6467999999999998,-0.005988023952095856,0.5699481865284974,1.0569550930996714,0.20444723258922437,0.2854963957354182,0.27527437620306416,0.10814257414220386,,True,True,1.0,0.6599999999999999,0.6467999999999998
2019-05-13,2019-05-17,Rome Masters,QF,Clay,4,Kei Nishikori,Diego Schwartzman,player2,top_10,0.7099535942968718,1.53,1.58,B365W/B365L,AvgW/AvgL,200.0,1.5194,-0.03164556962025322,0.6203473945409429,1.05359477124183,0.08960619975592887,0.08622899927421385,0.07870349117466702,0.04067405626142162,,True,False,1.0,-1.0,-1.0
2019-05-13,2019-05-18,Rome Masters,SF,Clay,4,Stefanos Tsitsipas,Rafael Nadal,player1,top_10,0.3506875674527021,4.0,4.2,B365W/B365L,AvgW/AvgL,200.0,3.94,-0.04761904761904767,0.23809523809523808,1.05,0.112592329357464,0.4027502698108083,0.38170901576364624,0.033562522484234025,,True,False,1.0,-1.0,-1.0
2019-05-20,2019-05-22,Geneva,R16,Clay,3,Damir Dzumhur,Stan Wawrinka,player1,other,0.29073969943326844,3.75,3.86,B365W/B365L,AvgW/AvgL,200.0,3.695,-0.02849740932642486,0.25,1.0666666666666667,0.04073969943326844,0.09027387287475674,0.07428318940592693,0.008206715715886976,,True,True,1.0,2.75,2.695
2019-05-20,2019-05-23,Geneva,QF,Clay,3,Hugo Dellien,Alexander Zverev,player1,top_10,0.2669611041507546,5.5,5.07,B365W/B365L,AvgW/AvgL,200.0,5.41,0.08481262327416172,0.1716867469879518,1.0590111642743223,0.09527435716280278,0.46828607282915014,0.4442595734555824,0.026015892934952784,,True,False,1.0,-1.0,-1.0
2019-05-20,2019-05-24,Geneva,SF,Clay,3,Federico Delbonis,Alexander Zverev,player1,top_10,0.48781439816246375,3.0,2.87,B365W/B365L,AvgW/AvgL,200.0,2.96,0.04529616724738683,0.3181818181818181,1.0476190476190477,0.16963257998064563,0.46344319448739124,0.44393061856089266,0.057930399310923905,,True,False,1.0,-1.0,-1.0
2019-05-20,2019-05-25,Geneva,F,Clay,3,Alexander Zverev,Nicolas Jarry,player1,top_10,0.8956761267007055,1.44,1.45,B365W/B365L,AvgW/AvgL,200.0,1.4312,-0.006896551724137945,0.6563245823389022,1.058080808080808,0.23935154436180328,0.2897736224490159,0.28189167253404973,0.1646441036642136,,True,True,1.0,0.43999999999999995,0.4312
2019-05-27,2019-05-27,Roland Garros,R128,Clay,5,Hubert Hurkacz,Novak Djokovic,player2,top_10,0.21793342518876013,15.0,13.12,B365W/B365L,AvgW/AvgL,200.0,14.719999999999999,0.14329268292682928,0.06425452276980662,1.0375404530744337,0.15367890241895352,2.269001377831402,2.207980018778549,0.04051788174698932,,True,False,1.0,-1.0,-1.0
2019-05-27,2019-05-27,Roland Garros,R128,Clay,5,Tommy Paul,Dominic Thiem,player2,top_10,0.08728428380161402,19.0,16.85,B365W/B365L,AvgW/AvgL,200.0,18.64,0.12759643916913932,0.050949050949050945,1.0330237358101135,0.03633523285256307,0.6584013922306663,0.6269790500620852,0.009144463780981476,,True,False,1.0,-1.0,-1.0
2019-05-27,2019-05-27,Roland Garros,R128,Clay,5,Mischa Zverev,Richard Gasquet,player2,other,0.1591943360738165,6.5,6.3,B365W/B365L,AvgW/AvgL,200.0,6.39,0.031746031746031855,0.14586070959264127,1.0547470547470548,0.013333626481175226,0.034763184479807197,0.017251807511687423,0.0015801447490821454,,True,False,1.0,-1.0,-1.0
2019-05-27,2019-05-27,Roland Garros,R128,Clay,5,Yannick Hanfmann,Rafael Nadal,player2,top_10,0.04205650820824314,29.0,24.63,B365W/B365L,AvgW/AvgL,200.0,28.439999999999998,0.17742590336987418,0.03349441759706715,1.0295076342425804,0.008562090611175986,0.21963873803905098,0.1960870934424348,0.0019610601610629552,,True,False,1.0,-1.0,-1.0
2019-05-27,2019-05-28,Roland Garros,R128,Clay,5,Juan Martin del Potro,Nicolas Jarry,player1,top_10,0.8088000349077358,1.3,1.27,B365W/B365L,AvgW/AvgL,200.0,1.294,0.023622047244094446,0.7291666666666667,1.0549450549450547,0.07963336824106904,0.05144004538005653,0.046587245170610136,0.04286670448338044,,True,True,1.0,0.30000000000000004,0.29400000000000004
2019-05-27,2019-05-29,Roland Garros,R64,Clay,5,Jo-Wilfried Tsonga,Kei Nishikori,player1,top_10,0.3477648935702702,3.4,3.23,B365W/B365L,AvgW/AvgL,200.0,3.352,0.05263157894736836,0.28118393234672306,1.0459973463069439,0.06658096122354712,0.1824006381389186,0.16570792324754557,0.01900006647280402,,True,False,1.0,-1.0,-1.0
2019-05-27,2019-05-29,Roland Garros,R64,Clay,5,Yannick Maden,Rafael Nadal,player1,top_10,0.061763355645007914,41.0,28.49,B365W/B365L,AvgW/AvgL,200.0,40.2,0.4391014391014392,0.023856006856816343,1.022394235918407,0.037907348788191575,1.5322975814453244,1.4828868969293183,0.009576859884033277,,True,False,1.0,-1.0,-1.0
2019-05-27,2019-05-30,Roland Garros,R64,Clay,5,Radu Albot,Jan Lennard Struff,player1,other,0.32790154626975226,3.2,3.05,B365W/B365L,AvgW/AvgL,200.0,3.156,0.049180327868852514,0.2982456140350877,1.0477941176470589,0.02965593223466456,0.04928494806320738,0.03485728002733823,0.005600562279909929,,True,False,1.0,-1.0,-1.0
2019-05-27,2019-05-30,Roland Garros,R64,Clay,5,Mikael Ymer,Alexander Zverev,player1,top_10,0.23847717281205158,5.5,6.25,B365W/B365L,AvgW/AvgL,200.0,5.41,-0.12,0.1716867469879518,1.0590111642743223,0.06679042582409978,0.31162445046628373,0.29016150491319914,0.017312469470349097,,True,False,1.0,-1.0,-1.0
2019-05-27,2019-05-30,Roland Garros,R64,Clay,5,Alexander Bublik,Dominic Thiem,player2,top_10,0.09038534880778526,19.0,18.07,B365W/B365L,AvgW/AvgL,200.0,18.64,0.051466519092418395,0.050949050949050945,1.0330237358101135,0.039436297858734315,0.7173216273479199,0.6847829017771172,0.009962800379832222,,True,False,1.0,-1.0,-1.0
2019-05-27,2019-05-30,Roland Garros,R64,Clay,5,Yoshihito Nishioka,Juan Martin del Potro,player1,top_10,0.13442271817874335,8.0,8.44,B365W/B365L,AvgW/AvgL,200.0,7.859999999999999,-0.05213270142180093,0.11894273127753305,1.0509259259259258,0.015479986901210302,0.0753817454299468,0.05656256488492273,0.0026922051939266716,,True,False,1.0,-1.0,-1.0
2019-05-27,2019-05-31,Roland Garros,R32,Clay,5,Casper Ruud,Roger Federer,player1,top_10,0.1854402822156741,6.5,6.4,B365W/B365L,AvgW/AvgL,200.0,6.39,0.015625,0.14586070959264127,1.0547470547470548,0.03957957262303283,0.2053618344018816,0.18496340335815742,0.009334628836449164,,True,False,1.0,-1.0,-1.0
2019-05-27,2019-05-31,Roland Garros,R32,Clay,5,Kei Nishikori,Laslo Djere,player1,top_10,0.8371696815200517,1.3,1.3,B365W/B365L,AvgW/AvgL,200.0,1.294,0.0,0.7291666666666667,1.0549450549450547,0.10800301485338493,0.08832058597606718,0.0832975678869469,0.0736004883133893,,True,True,1.0,0.30000000000000004,0.29400000000000004
2019-05-27,2019-06-01,Roland Garros,R32,Clay,5,Stefanos Tsitsipas,Filip Krajinovic,player1,top_10,0.98,1.16,1.17,B365W/B365L,AvgW/AvgL,200.0,1.1567999999999998,-0.008547008547008517,0.8116883116883117,1.0620689655172415,0.1683116883116883,0.1367999999999999,0.1336639999999998,0.21374999999999994,,True,True,1.0,0.15999999999999992,0.15679999999999983
2019-05-27,2019-06-03,Roland Garros,R16,Clay,5,Alexander Zverev,Fabio Fognini,player1,top_10,0.5637744261047714,2.1,2.04,B365W/B365L,AvgW/AvgL,200.0,2.0780000000000003,0.02941176470588247,0.450261780104712,1.0575858250276855,0.11351264600005934,0.18392629482001988,0.17152325744571506,0.04180143064091361,,True,True,1.0,1.1,1.0780000000000003
2019-05-27,2019-06-03,Roland Garros,R16,Clay,5,Karen Khachanov,Juan Martin del Potro,player1,top_10,0.4124575985373279,2.75,2.79,B365W/B365L,AvgW/AvgL,200.0,2.715,-0.014336917562724039,0.3436754176610979,1.058080808080808,0.06878218087623,0.13425839597765166,0.11982238002884515,0.019179770853950236,,True,True,1.0,1.75,1.7149999999999999
2019-05-27,2019-06-04,Roland Garros,QF,Clay,5,Stan Wawrinka,Roger Federer,player2,top_10,0.3332465627705301,3.2,3.08,B365W/B365L,AvgW/AvgL,200.0,3.156,0.038961038961039085,0.2982456140350877,1.0477941176470589,0.035000948735442405,0.06638900086569643,0.051726152103793055,0.00754420464382914,,True,False,1.0,-1.0,-1.0
2019-05-27,2019-06-06,Roland Garros,QF,Clay,5,Alexander Zverev,Novak Djokovic,player2,top_10,0.16366255328530233,7.0,6.6,B365W/B365L,AvgW/AvgL,200.0,6.88,0.06060606060606055,0.13580246913580246,1.051948051948052,0.027860084149499864,0.14563787299711628,0.12599836660288,0.006068244708213179,,True,False,1.0,-1.0,-1.0
2019-05-27,2019-06-09,Roland Garros,F,Clay,5,Rafael Nadal,Dominic Thiem,player1,top_10,0.9021003339200526,1.2,1.21,B365W/B365L,AvgW/AvgL,200.0,1.196,-0.008264462809917328,0.7983193277310925,1.043859649122807,0.10378100618896013,0.08252040070406311,0.07891199936838289,0.1031505008800789,,True,True,1.0,0.19999999999999996,0.19599999999999995
2019-06-10,2019-06-13,s Hertogenbosch,R16,Grass,3,Nicolas Jarry,Stefanos Tsitsipas,player1,top_10,0.3527227084476713,4.5,4.53,B365W/B365L,AvgW/AvgL,200.0,4.43,-0.0066225165562914245,0.2077464788732394,1.0696798493408664,0.14497622957443188,0.5872521880145208,0.5625615984231837,0.04194658485818006,,True,True,1.0,3.5,3.4299999999999997
2019-06-17,2019-06-17,Queen's Club,R32,Grass,3,Kevin Anderson,Cameron Norrie,player1,top_10,0.886630576522186,1.33,1.36,B365W/B365L,AvgW/AvgL,200.0,1.3234000000000001,-0.022058823529411797,0.7096069868995633,1.059572006940428,0.17702358962262277,0.17921866677450748,0.1733669049694611,0.13577171725341472,,True,True,1.0,0.33000000000000007,0.32340000000000013
2019-06-17,2019-06-17,Halle,R32,Grass,3,Robin Haase,Alexander Zverev,player1,top_10,0.4613470850446356,5.0,5.2,B365W/B365L,AvgW/AvgL,200.0,4.92,-0.03846153846153855,0.1883116883116883,1.0620689655172415,0.2730353967329473,1.3067354252231782,1.269827658419607,0.08167096407644864,,True,False,1.0,-1.0,-1.0
2019-06-17,2019-06-19,Halle,R16,Grass,3,Karen Khachanov,Jan Lennard Struff,player2,top_10,0.5590607571743953,1.9,1.94,B365W/B365L,AvgW/AvgL,200.0,1.882,-0.020618556701030966,0.4864864864864864,1.0818713450292399,0.07257427068790889,0.06221543863135104,0.052152345002211886,0.017282066286486403,,True,True,1.0,0.8999999999999999,0.8819999999999999
2019-06-17,2019-06-20,Queen's Club,R32,Grass,3,Kyle Edmund,Stefanos Tsitsipas,player1,top_10,0.48544028373465087,3.0,3.14,B365W/B365L,AvgW/AvgL,200.0,2.96,-0.04458598726114649,0.3119266055045871,1.0686274509803921,0.17351367823006375,0.4563208512039526,0.4369032398545666,0.057040106400494076,,True,False,1.0,-1.0,-1.0
2019-06-17,2019-06-20,Queen's Club,R16,Grass,3,Kevin Anderson,Gilles Simon,player2,top_10,0.8787093965109265,1.33,1.34,B365W/B365L,AvgW/AvgL,200.0,1.3234000000000001,-0.007462686567164201,0.7096069868995633,1.059572006940428,0.16910240961136325,0.1686834973595323,0.16288401534256025,0.12779052830267595,,True,False,1.0,-1.0,-1.0
2019-06-17,2019-06-20,Queen's Club,R16,Grass,3,Jeremy Chardy,Stefanos Tsitsipas,player2,top_10,0.40022594017286395,3.5,3.65,B365W/B365L,AvgW/AvgL,200.0,3.45,-0.041095890410958846,0.2677824267782427,1.0669642857142856,0.13244351339462124,0.40079079060502376,0.38077949359638064,0.04007907906050238,,True,False,1.0,-1.0,-1.0
2019-06-17,2019-06-20,Halle,R16,Grass,3,Steve Johnson,Alexander Zverev,player1,top_10,0.42408554257113784,2.5,2.62,B365W/B365L,AvgW/AvgL,200.0,2.4699999999999998,-0.04580152671755733,0.375,1.0666666666666667,0.04908554257113784,0.0602138564278446,0.04749129015071041,0.010035642737974101,,True,False,1.0,-1.0,-1.0
2019-06-17,2019-06-20,Halle,R16,Grass,3,Jo-Wilfried Tsonga,Roger Federer,player1,top_10,0.21267617042825263,5.0,4.97,B365W/B365L,AvgW/AvgL,200.0,4.92,0.006036217303823088,0.1883116883116883,1.0620689655172415,0.024364482116564334,0.0633808521412631,0.04636675850700289,0.003961303258828944,,True,False,1.0,-1.0,-1.0
2019-06-17,2019-06-22,Halle,SF,Grass,3,Pierre Hugues Herbert,Roger Federer,player2,top_10,0.14666977534725933,8.0,8.24,B365W/B365L,AvgW/AvgL,200.0,7.859999999999999,-0.029126213592232997,0.11894273127753305,1.0509259259259258,0.027727044069726287,0.17335820277807457,0.15282443422945835,0.006191364384931235,,True,False,1.0,-1.0,-1.0
2019-06-24,2019-06-28,Eastbourne,SF,Grass,3,Taylor Fritz,Kyle Edmund,player1,other,0.393618331846834,2.62,2.56,B365W/B365L,AvgW/AvgL,200.0,2.5876,0.0234375,0.3640776699029127,1.0483460559796436,0.029540661943921298,0.031280029438705115,0.018526795486867753,0.004827165036837209,,True,True,1.0,1.62,1.5876000000000001
2019-07-01,2019-07-01,Wimbledon,R128,Grass,5,Vasek Pospisil,Felix Auger Aliassime,player2,other,0.10318413088309863,10.0,10.14,B365W/B365L,AvgW/AvgL,200.0,9.82,-0.013806706114398493,0.09584086799276674,1.0433962264150942,0.007343262890331895,0.03184130883098635,0.013268165272028676,0.0008844808008607319,,True,False,1.0,-1.0,-1.0
2019-07-01,2019-07-01,Wimbledon,R128,Grass,5,Thomas Fabbiano,Stefanos Tsitsipas,player1,top_10,0.17742830839340315,6.5,6.98,B365W/B365L,AvgW/AvgL,200.0,6.39,-0.06876790830945567,0.14586070959264127,1.0547470547470548,0.031567598800761876,0.15328400455712055,0.13376689063384606,0.0069674547525963885,,True,True,1.0,5.5,5.39
2019-07-01,2019-07-01,Wimbledon,R128,Grass,5,Jozef Kovalik,Robin Haase,player1,other,0.24926905151627005,4.33,3.99,B365W/B365L,AvgW/AvgL,200.0,4.2634,0.08521303258145352,0.2198198198198198,1.0506190133646311,0.02944923169645025,0.07933499306544933,0.06273367423446574,0.005956080560469169,,True,False,1.0,-1.0,-1.0
2019-07-01,2019-07-01,Wimbledon,R128,Grass,5,Peter Gojowczyk,Roberto Bautista Agut,player1,other,0.09900681272460936,11.0,9.92,B365W/B365L,AvgW/AvgL,200.0,10.8,0.1088709677419355,0.08713692946058092,1.0432900432900432,0.011869883264028436,0.08907493997070293,0.06927357742578111,0.0022268734992675733,,True,False,1.0,-1.0,-1.0
2019-07-01,2019-07-01,Wimbledon,R128,Grass,5,Jiri Vesely,Alexander Zverev,player1,top_10,0.46943358049642914,4.33,4.37,B365W/B365L,AvgW/AvgL,200.0,4.2634,-0.009153318077803174,0.2198198198198198,1.0506190133646311,0.24961376067660934,1.032647403549538,1.0013831270884759,0.07752608134756292,,True,True,1.0,3.33,3.2634
2019-07-01,2019-07-02,Wimbledon,R128,Grass,5,Sam Querrey,Dominic Thiem,player2,top_10,0.7709810620467528,2.3,2.23,B365W/B365L,AvgW/AvgL,200.0,2.274,0.03139013452914785,0.411764705882353,1.0559006211180124,0.3592163561643998,0.7732564427075312,0.7532109350943158,0.14870316205914064,,True,True,1.0,1.2999999999999998,1.274
2019-07-01,2019-07-02,Wimbledon,R128,Grass,5,Frances Tiafoe,Fabio Fognini,player2,top_10,0.5440941411235496,2.1,2.07,B365W/B365L,AvgW/AvgL,200.0,2.0780000000000003,0.01449275362318847,0.450261780104712,1.0575858250276855,0.09383236101883757,0.14259769635945418,0.13062762525473626,0.0324085673544214,,True,False,1.0,-1.0,-1.0
2019-07-01,2019-07-02,Wimbledon,R128,Grass,5,Federico Delbonis,Daniel Evans,player2,other,0.12923562467479988,8.0,8.98,B365W/B365L,AvgW/AvgL,200.0,7.859999999999999,-0.10913140311804015,0.11894273127753305,1.0509259259259258,0.010292893397266828,0.03388499739839901,0.015792009943926932,0.0012101784785142503,,True,False,1.0,-1.0,-1.0
2019-07-01,2019-07-02,Wimbledon,R128,Grass,5,James Ward,Nikoloz Basilashvili,player1,other,0.44698213581841917,2.37,2.34,B365W/B365L,AvgW/AvgL,200.0,2.3426,0.012820512820512997,0.398477157360406,1.058883603429278,0.04850497845801316,0.05934766188965346,0.047100351368228766,0.010829865308330923,,True,False,1.0,-1.0,-1.0
2019-07-01,2019-07-02,Wimbledon,R128,Grass,5,Yuichi Sugita,Rafael Nadal,player2,top_10,0.0620448161953846,17.0,13.52,B365W/B365L,AvgW/AvgL,200.0,16.68,0.2573964497041421,0.05660377358490567,1.0392156862745097,0.005441042610478931,0.0547618753215382,0.03490753413901515,0.0008556543018990344,,True,False,1.0,-1.0,-1.0
2019-07-01,2019-07-02,Wimbledon,R128,Grass,5,Thiago Monteiro,Kei Nishikori,player2,top_10,0.22039254990616164,11.0,10.21,B365W/B365L,AvgW/AvgL,200.0,10.8,0.07737512242899114,0.08713692946058092,1.0432900432900432,0.1332556204455807,1.424318048967778,1.3802395389865458,0.03560795122419445,,True,False,1.0,-1.0,-1.0
2019-07-01,2019-07-02,Wimbledon,R128,Grass,5,Lloyd Harris,Roger Federer,player1,top_10,0.07259281070273944,23.0,20.67,B365W/B365L,AvgW/AvgL,200.0,22.56,0.11272375423318803,0.04206580591420241,1.0335772707705553,0.03052700478853703,0.6696346461630073,0.6376938094538017,0.007609484615488719,,True,False,1.0,-1.0,-1.0
2019-07-01,2019-07-03,Wimbledon,R64,Grass,5,Denis Kudla,Novak Djokovic,player2,top_10,0.07436282747946066,26.0,22.28,B365W/B365L,AvgW/AvgL,200.0,25.5,0.16696588868940743,0.03739355794150315,1.0285605483625286,0.03696926953795751,0.9334335144659772,0.8962521007262468,0.009334335144659773,,True,False,1.0,-1.0,-1.0
2019-07-01,2019-07-03,Wimbledon,R64,Grass,5,Steve Darcis,Roberto Bautista Agut,player2,other,0.09448019235091276,11.0,10.98,B365W/B365L,AvgW/AvgL,200.0,10.8,0.0018214936247722413,0.08713692946058092,1.0432900432900432,0.007343262890331839,0.03928211586004038,0.02038607738985787,0.0009820528965010095,,True,False,1.0,-1.0,-1.0
2019-07-01,2019-07-04,Wimbledon,R64,Grass,5,Marton Fucsovics,Fabio Fognini,player2,top_10,0.47909885577314126,2.2,2.13,B365W/B365L,AvgW/AvgL,200.0,2.176,0.032863849765258246,0.43005181347150256,1.0569550930996714,0.0490470423016387,0.05401748270091089,0.042519110162355434,0.011253642229356434,,True,False,1.0,-1.0,-1.0
2019-07-01,2019-07-04,Wimbledon,R64,Grass,5,Nick Kyrgios,Rafael Nadal,player2,top_10,0.27095286144793107,4.0,3.98,B365W/B365L,AvgW/AvgL,200.0,3.94,0.005025125628140614,0.23809523809523808,1.05,0.03285762335269299,0.08381144579172428,0.06755427410484838,0.006984287149310357,,True,False,1.0,-1.0,-1.0
2019-07-01,2019-07-05,Wimbledon,R32,Grass,5,Kevin Anderson,Guido Pella,player2,top_10,0.9294198363041669,1.12,1.13,B365W/B365L,AvgW/AvgL,200.0,1.1176000000000001,-0.008849557522123686,0.8426966292134831,1.0595238095238095,0.08672320709068382,0.040950216660667046,0.03871960905353708,0.0853129513763896,,True,False,1.0,-1.0,-1.0
2019-07-01,2019-07-06,Wimbledon,R32,Grass,5,Tennys Sandgren,Fabio Fognini,player1,top_10,0.4142944832841684,3.5,3.51,B365W/B365L,AvgW/AvgL,200.0,3.45,-0.002849002849002802,0.27083333333333337,1.0549450549450547,0.14346114995083503,0.4500306914945893,0.429315967330381,0.04500306914945893,,True,True,1.0,2.5,2.45
2019-07-01,2019-07-06,Wimbledon,R32,Grass,5,Jo-Wilfried Tsonga,Rafael Nadal,player2,top_10,0.2502227743616323,5.0,5.12,B365W/B365L,AvgW/AvgL,200.0,4.92,-0.0234375,0.1883116883116883,1.0620689655172415,0.061911086049944025,0.2511138718081616,0.23109604985923093,0.0156946169880101,,True,False,1.0,-1.0,-1.0
2019-07-01,2019-07-06,Wimbledon,R32,Grass,5,Steve Johnson,Kei Nishikori,player1,top_10,0.31166984574348416,4.5,4.41,B365W/B365L,AvgW/AvgL,200.0,4.43,0.020408163265306145,0.21052631578947367,1.0555555555555556,0.10114352995401049,0.4025143058456786,0.38069741664363477,0.0287510218461199,,True,False,1.0,-1.0,-1.0
2019-07-01,2019-07-08,Wimbledon,R16,Grass,5,Mikhail Kukushkin,Kei Nishikori,player1,top_10,0.2189135994528471,6.0,6.91,B365W/B365L,AvgW/AvgL,200.0,5.9,-0.13169319826338644,0.15730337078651685,1.0595238095238095,0.06161022866633026,0.31348159671708253,0.29159023677179796,0.015674079835854126,,True,False,1.0,-1.0,-1.0
2019-07-01,2019-07-14,Wimbledon,F,Grass,5,Novak Djokovic,Roger Federer,player2,top_10,0.6648962260715029,1.55,1.54,B365W/B365L,AvgW/AvgL,200.0,1.5390000000000001,0.006493506493506551,0.6265060240963857,1.029776674937965,0.03839020197511722,0.03058915041082949,0.02327529192404304,0.013904159277649767,,True,True,1.0,0.55,0.5390000000000001
2019-07-15,2019-07-17,Umag,R16,Clay,3,Paolo Lorenzi,Laslo Djere,player1,other,0.3237247552661222,3.75,4.07,B365W/B365L,AvgW/AvgL,200.0,3.695,-0.07862407862407872,0.25,1.0666666666666667,0.07372475526612221,0.21396783224795834,0.19616297070832156,0.019451621113450758,,True,False,1.0,-1.0,-1.0
2019-07-22,2019-07-24,Hamburg,R16,Clay,3,Marton Fucsovics,Dominic Thiem,player2,top_10,0.2546236662779172,5.0,5.16,B365W/B365L,AvgW/AvgL,200.0,4.92,-0.03100775193798455,0.1883116883116883,1.0620689655172415,0.06631197796622892,0.2731183313895861,0.2527484380873527,0.01706989571184913,,True,False,1.0,-1.0,-1.0
2019-07-22,2019-07-25,Hamburg,R16,Clay,3,Alexander Zverev,Federico Delbonis,player1,top_10,0.8135030060199194,1.28,1.3,B365W/B365L,AvgW/AvgL,200.0,1.2744,-0.015384615384615441,0.7322175732217574,1.0669642857142856,0.08128543279816203,0.041283847705496896,0.03672823087178531,0.036860578308479365,,True,True,1.0,0.28,0.2744
2019-07-22,2019-07-26,Gstaad,QF,Clay,3,Joao Sousa,Roberto Bautista Agut,player1,other,0.2782598792344576,3.75,3.83,B365W/B365L,AvgW/AvgL,200.0,3.695,-0.02088772845953002,0.25447316103379725,1.0479166666666666,0.02378671820066036,0.04347454712921606,0.028170253771320763,0.00395223155720146,,True,True,1.0,2.75,2.695
2019-07-22,2019-07-26,Hamburg,QF,Clay,3,Alexander Zverev,Filip Krajinovic,player1,top_10,0.8475915962285117,1.36,1.38,B365W/B365L,AvgW/AvgL,200.0,1.3528000000000002,-0.014492753623188248,0.7017543859649122,1.0477941176470589,0.14583721026359941,0.15272457087077596,0.14662191137793074,0.10605872977137216,,True,True,1.0,0.3600000000000001,0.3528000000000002
2019-07-22,2019-07-26,Hamburg,QF,Clay,3,Andrey Rublev,Dominic Thiem,player2,top_10,0.18268357459756146,6.0,6.29,B365W/B365L,AvgW/AvgL,200.0,5.9,-0.04610492845786962,0.15730337078651685,1.0595238095238095,0.02538020381104461,0.09610144758536876,0.07783309012561268,0.004805072379268438,,True,True,1.0,5.0,4.9
2019-07-22,2019-07-26,Atlanta,QF,Hard,3,Bernard Tomic,Alex De Minaur,player1,other,0.3243411407285286,3.2,3.14,B365W/B365L,AvgW/AvgL,200.0,3.156,0.019108280254777066,0.2982456140350877,1.0477941176470589,0.026095526693440896,0.037891650331291604,0.02362064013923626,0.004305869355828591,,True,False,1.0,-1.0,-1.0
2019-07-22,2019-07-27,Hamburg,SF,Clay,3,Alexander Zverev,Nikoloz Basilashvili,player1,top_10,0.7779972259647491,1.44,1.41,B365W/B365L,AvgW/AvgL,200.0,1.4312,0.02127659574468077,0.6563245823389022,1.058080808080808,0.12167264362584684,0.12031600538923864,0.11346962980074887,0.06836136669843106,,True,False,1.0,-1.0,-1.0
2019-07-29,2019-07-31,Kitzbuhel,R16,Clay,3,Dominic Thiem,Sebastian Ofner,player2,top_10,0.98,1.07,1.06,B365W/B365L,AvgW/AvgL,200.0,1.0686,0.009433962264151052,0.893743793445879,1.0456905503634475,0.08625620655412103,0.048600000000000046,0.04722799999999998,0.17357142857142857,,True,True,1.0,0.07000000000000006,0.0686
2019-07-29,2019-08-01,Los Cabos,R16,Hard,3,Marcel Granollers,Fabio Fognini,player1,top_10,0.5216134173178166,2.0,1.98,B365W/B365L,AvgW/AvgL,200.0,1.98,0.010101010101010166,0.4623655913978494,1.0813953488372094,0.059247825919967245,0.04322683463563326,0.032794566289276905,0.010806708658908315,,True,False,1.0,-1.0,-1.0
2019-07-29,2019-08-02,Los Cabos,QF,Hard,3,Taylor Fritz,Fabio Fognini,player1,top_10,0.6556023494329484,1.66,1.62,B365W/B365L,AvgW/AvgL,200.0,1.6467999999999998,0.024691358024691246,0.5699481865284974,1.0569550930996714,0.08565416290445094,0.08829990005869426,0.07964594904617928,0.033446931840414494,,True,True,1.0,0.6599999999999999,0.6467999999999998
2019-07-29,2019-08-02,Washington,R16,Hard,3,Stefanos Tsitsipas,Jordan Thompson,player1,top_10,0.7948675115448177,1.33,1.31,B365W/B365L,AvgW/AvgL,200.0,1.3234000000000001,0.01526717557251911,0.7188160676532769,1.0459973463069439,0.07605144389154084,0.05717379035460762,0.051927664778411875,0.043313477541369404,,True,True,1.0,0.33000000000000007,0.32340000000000013
2019-07-29,2019-08-02,Washington,QF,Hard,3,Daniil Medvedev,Marin Cilic,player1,top_10,0.6968784513626443,1.61,1.57,B365W/B365L,AvgW/AvgL,200.0,1.5978,0.02547770700636942,0.588235294117647,1.0559006211180124,0.10864315724499729,0.12197430669385734,0.11347238958723305,0.0499894699564989,,True,True,1.0,0.6100000000000001,0.5978000000000001
2019-07-29,2019-08-03,Washington,QF,Hard,3,Benoit Paire,Stefanos Tsitsipas,player1,top_10,0.3480296133347563,3.5,3.49,B365W/B365L,AvgW/AvgL,200.0,3.45,0.002865329512893977,0.27083333333333337,1.0549450549450547,0.07719628000142292,0.21810364667164694,0.2007021660049092,0.021810364667164694,,True,False,1.0,-1.0,-1.0
2019-07-29,2019-08-04,Washington,SF,Hard,3,Daniil Medvedev,Peter Gojowczyk,player1,top_10,0.9698990730990662,1.16,1.16,B365W/B365L,AvgW/AvgL,200.0,1.1567999999999998,0.0,0.8116883116883117,1.0620689655172415,0.15821076141075452,0.12508292479491673,0.12197924776099961,0.1954420699920575,,True,True,1.0,0.15999999999999992,0.15679999999999983
2019-07-29,2019-08-04,Washington,F,Hard,3,Nick Kyrgios,Daniil Medvedev,player1,top_10,0.5281915228046143,2.1,2.13,B365W/B365L,AvgW/AvgL,200.0,2.0780000000000003,-0.014084507042253391,0.450261780104712,1.0575858250276855,0.07792974269990233,0.10920219788969021,0.09758198438798871,0.024818681338565955,,True,True,1.0,1.1,1.0780000000000003
2019-08-05,2019-08-07,Canada Masters,R32,Hard,4,Denis Shapovalov,Dominic Thiem,player2,top_10,0.5830885906891574,2.2,2.13,B365W/B365L,AvgW/AvgL,200.0,2.176,0.032863849765258246,0.4225721784776903,1.0756634669678147,0.16051641221146712,0.28279489951614645,0.2688007733396066,0.05891560406586383,,True,False,1.0,-1.0,-1.0
2019-08-05,2019-08-07,Canada Masters,R32,Hard,4,Kei Nishikori,Richard Gasquet,player2,top_10,0.8079803580047191,1.4,1.38,B365W/B365L,AvgW/AvgL,200.0,1.392,0.01449275362318847,0.6626506024096386,1.077922077922078,0.14532975559508055,0.13117250120660673,0.12470865834256895,0.08198281325412922,,True,False,1.0,-1.0,-1.0
2019-08-05,2019-08-07,Canada Masters,R32,Hard,4,Stefanos Tsitsipas,Hubert Hurkacz,player2,top_10,0.7759954433019679,1.4,1.43,B365W/B365L,AvgW/AvgL,200.0,1.392,-0.020979020979021046,0.6626506024096386,1.077922077922078,0.11334484089232932,0.08639362062275502,0.08018565707633923,0.0539960128892219,,True,False,1.0,-1.0,-1.0
2019-08-05,2019-08-07,Canada Masters,R32,Hard,4,Rafael Nadal,Daniel Evans,player2,top_10,0.9654358810376743,1.08,1.08,B365W/B365L,AvgW/AvgL,200.0,1.0784,0.0,0.8810572687224669,1.0509259259259258,0.08437861231520738,0.04267075152068832,0.04112605411102799,0.13334609850215087,,True,True,1.0,0.08000000000000007,0.07840000000000003
2019-08-05,2019-08-08,Canada Masters,R16,Hard,4,Marin Cilic,Dominic Thiem,player2,top_10,0.7007659392361765,1.9,1.93,B365W/B365L,AvgW/AvgL,200.0,1.882,-0.015544041450777257,0.5,1.0526315789473684,0.20076593923617647,0.3314552845487352,0.31884149764248404,0.09207091237464868,,True,False,1.0,-1.0,-1.0
2019-08-05,2019-08-08,Canada Masters,R16,Hard,4,Alexander Zverev,Nikoloz Basilashvili,player1,top_10,0.7790759795024108,1.44,1.44,B365W/B365L,AvgW/AvgL,200.0,1.4312,0.0,0.6563245823389022,1.058080808080808,0.12275139716350858,0.1218694104834715,0.11501354186385038,0.06924398322924517,,True,True,1.0,0.43999999999999995,0.4312
2019-08-05,2019-08-08,Canada Masters,R16,Hard,4,Karen Khachanov,Felix Auger Aliassime,player1,top_10,0.6788699840399632,1.72,1.69,B365W/B365L,AvgW/AvgL,200.0,1.7056,0.01775147928994092,0.549738219895288,1.0575858250276855,0.1291317641446752,0.16765637254873678,0.15788064477856129,0.05821401824608916,,True,True,1.0,0.72,0.7056
2019-08-05,2019-08-09,Canada Masters,QF,Hard,4,Daniil Medvedev,Dominic Thiem,player1,top_10,0.6764023904964647,1.61,1.67,B365W/B365L,AvgW/AvgL,200.0,1.5978,-0.0359281437125748,0.588235294117647,1.0559006211180124,0.0881670963788177,0.08900784869930817,0.08075573953525134,0.0364786265161099,,True,True,1.0,0.6100000000000001,0.5978000000000001
2019-08-05,2019-08-09,Canada Masters,QF,Hard,4,Alexander Zverev,Karen Khachanov,player1,top_10,0.7514756410419708,1.8,1.77,B365W/B365L,AvgW/AvgL,200.0,1.784,0.016949152542372836,0.5263157894736842,1.0555555555555556,0.22515985156828666,0.3526561538755476,0.34063254361887596,0.11020504808610862,,True,False,1.0,-1.0,-1.0
2019-08-05,2019-08-09,Canada Masters,QF,Hard,4,Fabio Fognini,Rafael Nadal,player2,top_10,0.21864234371414026,6.0,6.22,B365W/B365L,AvgW/AvgL,200.0,5.9,-0.03536977491961413,0.15730337078651685,1.0595238095238095,0.061338972927623414,0.3118540622848416,0.28998982791342764,0.015592703114242079,,True,False,1.0,-1.0,-1.0
2019-08-05,2019-08-10,Canada Masters,SF,Hard,4,Karen Khachanov,Daniil Medvedev,player1,top_10,0.4330395115553818,2.62,2.62,B365W/B365L,AvgW/AvgL,200.0,2.5876,0.0,0.3640776699029127,1.0483460559796436,0.0689618416524691,0.13456352027510032,0.12053304010070598,0.020765975351095728,,True,False,1.0,-1.0,-1.0
2019-08-05,2019-08-11,Canada Masters,F,Hard,4,Daniil Medvedev,Rafael Nadal,player2,top_10,0.38246783689442343,3.0,2.99,B365W/B365L,AvgW/AvgL,200.0,2.96,0.0033444816053511683,0.3181818181818181,1.0476190476190477,0.06428601871260531,0.1474035106832703,0.13210479720749335,0.018425438835408786,,True,False,1.0,-1.0,-1.0
2019-08-12,2019-08-14,Cincinnati Masters,R32,Hard,4,Yoshihito Nishioka,Kei Nishikori,player1,top_10,0.32128440832825544,3.4,3.34,B365W/B365L,AvgW/AvgL,200.0,3.352,0.017964071856287456,0.2765957446808511,1.0633484162895928,0.04468866364740437,0.09236698831606849,0.07694533671631221,0.009621561282923801,,True,True,1.0,2.4,2.352
2019-08-12,2019-08-14,Cincinnati Masters,R32,Hard,4,Benoit Paire,Daniil Medvedev,player1,top_10,0.39504758177368426,3.4,3.6,B365W/B365L,AvgW/AvgL,200.0,3.352,-0.05555555555555558,0.2765957446808511,1.0633484162895928,0.11845183709283319,0.3431617780305265,0.3241994941053896,0.03574601854484651,,True,False,1.0,-1.0,-1.0
2019-08-12,2019-08-15,Cincinnati Masters,R16,Hard,4,Daniil Medvedev,Jan Lennard Struff,player1,top_10,0.749539170376996,1.4,1.38,B365W/B365L,AvgW/AvgL,200.0,1.392,0.01449275362318847,0.6818181818181818,1.0476190476190477,0.06772098855881425,0.049354838527794376,0.043358525164778394,0.030846774079871492,,True,True,1.0,0.3999999999999999,0.3919999999999999
2019-08-12,2019-08-17,Cincinnati Masters,SF,Hard,4,Daniil Medvedev,Novak Djokovic,player1,top_10,0.40027175908505697,3.4,3.39,B365W/B365L,AvgW/AvgL,200.0,3.352,0.002949852507374562,0.28118393234672306,1.0459973463069439,0.1190878267383339,0.36092398088919364,0.3417109364531109,0.037596248009291004,,True,True,1.0,2.4,2.352
2019-08-19,2019-08-20,Winston-Salem,R32,Hard,3,Marco Cecchinato,John Millman,player1,other,0.35829088693980726,3.0,2.92,B365W/B365L,AvgW/AvgL,200.0,2.96,0.027397260273972712,0.3119266055045871,1.0686274509803921,0.046364281435220145,0.07487266081942179,0.06054102534182948,0.009359082602427723,,True,False,1.0,-1.0,-1.0
2019-08-19,2019-08-22,Winston-Salem,R16,Hard,3,Frances Tiafoe,Filip Krajinovic,player1,other,0.5790729815968112,1.8,1.78,B365W/B365L,AvgW/AvgL,200.0,1.784,0.011235955056179803,0.5263157894736842,1.0555555555555556,0.05275719212312702,0.0423313668742602,0.033066199168711174,0.013228552148206313,,True,True,1.0,0.8,0.784
2019-08-26,2019-08-26,US Open,R128,Hard,5,Prajnesh Gunneswaran,Daniil Medvedev,player2,top_10,0.20520361855695035,19.0,20.19,B365W/B365L,AvgW/AvgL,200.0,18.64,-0.05894006934125806,0.050949050949050945,1.0330237358101135,0.1542545676078994,2.8988687525820565,2.8249954499015546,0.040262066008084116,,True,False,1.0,-1.0,-1.0
2019-08-26,2019-08-26,US Open,R128,Hard,5,Thiago Monteiro,Bradley Klahn,player1,other,0.45714546018124,2.37,2.32,B365W/B365L,AvgW/AvgL,200.0,2.3426,0.02155172413793105,0.398477157360406,1.058883603429278,0.05866830282083402,0.08343474062953893,0.07090895502057293,0.01522531763312754,,True,False,1.0,-1.0,-1.0
2019-08-26,2019-08-27,US Open,R128,Hard,5,Andrey Rublev,Stefanos Tsitsipas,player1,top_10,0.5107095382851607,2.5,2.59,B365W/B365L,AvgW/AvgL,200.0,2.4699999999999998,-0.03474903474903468,0.3796526054590571,1.05359477124183,0.13105693282610364,0.27677384571290187,0.2614525595643469,0.04612897428548365,,True,True,1.0,1.5,1.4699999999999998
2019-08-26,2019-08-27,US Open,R128,Hard,5,Mikhail Kukushkin,Roberto Bautista Agut,player1,top_10,0.15954204818994888,8.0,7.88,B365W/B365L,AvgW/AvgL,200.0,7.859999999999999,0.015228426395939021,0.11894273127753305,1.0509259259259258,0.040599316912415834,0.27633638551959094,0.25400049877299813,0.009869156625699677,,True,True,1.0,7.0,6.859999999999999
2019-08-26,2019-08-27,US Open,R128,Hard,5,Pablo Andujar,Kyle Edmund,player1,other,0.23676202355426834,4.5,4.64,B365W/B365L,AvgW/AvgL,200.0,4.43,-0.030172413793103425,0.21052631578947367,1.0555555555555556,0.02623570776479467,0.06542910599420748,0.048855764345408725,0.00467350757101482,,True,True,1.0,3.5,3.4299999999999997
2019-08-26,2019-08-27,US Open,R128,Hard,5,Alexander Zverev,Radu Albot,player2,top_10,0.8510789394140426,1.44,1.44,B365W/B365L,AvgW/AvgL,200.0,1.4312,0.0,0.6563245823389022,1.058080808080808,0.19475435707514033,0.22555367275622124,0.21806417808937772,0.12815549588421662,,True,True,1.0,0.43999999999999995,0.4312
2019-08-26,2019-08-27,US Open,R128,Hard,5,Vasek Pospisil,Karen Khachanov,player1,top_10,0.3662217692469584,6.0,7.19,B365W/B365L,AvgW/AvgL,200.0,5.9,-0.16550764951321284,0.15730337078651685,1.0595238095238095,0.20891839846044152,1.1973306154817505,1.1607084385570547,0.059866530774087524,,True,True,1.0,5.0,4.9
2019-08-26,2019-08-29,US Open,R64,Hard,5,Hugo Dellien,Daniil Medvedev,player1,top_10,0.1808996469713124,19.0,14.3,B365W/B365L,AvgW/AvgL,200.0,18.64,0.32867132867132853,0.050949050949050945,1.0330237358101135,0.12995059602226144,2.4370932924549358,2.3719694195452634,0.033848517950763,,True,False,1.0,-1.0,-1.0
2019-08-26,2019-08-29,US Open,R64,Hard,5,Alexander Zverev,Frances Tiafoe,player2,top_10,0.7226912975467443,1.5,1.52,B365W/B365L,AvgW/AvgL,200.0,1.49,-0.013157894736842146,0.6359223300970874,1.0483460559796436,0.0867689674496569,0.08403694632011649,0.07681003334464903,0.042018473160058245,,True,True,1.0,0.5,0.49
2019-08-26,2019-08-31,US Open,R32,Hard,5,Feliciano Lopez,Daniil Medvedev,player1,top_10,0.4394899383019277,3.5,3.59,B365W/B365L,AvgW/AvgL,200.0,3.45,-0.02506963788300831,0.27083333333333337,1.0549450549450547,0.1686566049685943,0.5382147840567468,0.5162402871416507,0.05382147840567468,,True,False,1.0,-1.0,-1.0
2019-08-26,2019-08-31,US Open,R32,Hard,5,Aljaz Bedene,Alexander Zverev,player1,top_10,0.4421852333909208,3.75,3.87,B365W/B365L,AvgW/AvgL,200.0,3.695,-0.03100775193798455,0.25447316103379725,1.0479166666666666,0.18771207235712356,0.6581946252159532,0.6338744373794523,0.059835875019632105,,True,False,1.0,-1.0,-1.0
2019-08-26,2019-09-01,US Open,R16,Hard,5,Roger Federer,David Goffin,player1,top_10,0.9794461164210454,1.16,1.16,B365W/B365L,AvgW/AvgL,200.0,1.1567999999999998,0.0,0.8116883116883117,1.0620689655172415,0.16775780473273372,0.1361574950484126,0.13302326747586515,0.2127460860131448,,True,True,1.0,0.15999999999999992,0.15679999999999983
2019-08-26,2019-09-02,US Open,R16,Hard,5,Diego Schwartzman,Alexander Zverev,player2,top_10,0.5397860795786423,2.0,1.99,B365W/B365L,AvgW/AvgL,200.0,1.98,0.005025125628140614,0.47368421052631576,1.0555555555555556,0.06610186905232657,0.07957215915728466,0.06877643756571183,0.019893039789321165,,True,True,1.0,1.0,0.98
2019-08-26,2019-09-03,US Open,R16,Hard,5,Marin Cilic,Rafael Nadal,player1,top_10,0.1391088051990061,9.0,8.79,B365W/B365L,AvgW/AvgL,200.0,8.84,0.023890784982935287,0.10625620655412116,1.0456905503634475,0.032852598644884934,0.2519792467910549,0.22972183795921386,0.007874351462220465,,True,False,1.0,-1.0,-1.0
2019-08-26,2019-09-03,US Open,QF,Hard,5,Stan Wawrinka,Daniil Medvedev,player1,top_10,0.7064422339651805,1.72,1.81,B365W/B365L,AvgW/AvgL,200.0,1.7056,-0.04972375690607744,0.549738219895288,1.0575858250276855,0.15670401406989243,0.21508064242011038,0.2049078742510118,0.07468077861809388,,True,False,1.0,-1.0,-1.0
2019-08-26,2019-09-04,US Open,QF,Hard,5,Grigor Dimitrov,Roger Federer,player2,top_10,0.12610254658545805,9.0,9.44,B365W/B365L,AvgW/AvgL,200.0,8.84,-0.04661016949152541,0.10625620655412116,1.0456905503634475,0.019846340031336895,0.13492291926912248,0.11474651181544915,0.004216341227160077,,True,True,1.0,8.0,7.84
2019-08-26,2019-09-07,US Open,SF,Hard,5,Rafael Nadal,Matteo Berrettini,player2,top_10,0.9752213670419708,1.06,1.06,B365W/B365L,AvgW/AvgL,200.0,1.0588,0.0,0.9041591320072333,1.0433962264150942,0.07106223503473752,0.03373464906448912,0.03256438342403867,0.14056103776870454,,True,True,1.0,0.06000000000000005,0.05879999999999996
2019-09-16,2019-09-19,St. Petersburg,R16,Hard,3,Joao Sousa,Karen Khachanov,player1,top_10,0.515798105682987,3.0,3.03,B365W/B365L,AvgW/AvgL,200.0,2.96,-0.009900990099009799,0.3119266055045871,1.0686274509803921,0.2038715001783999,0.547394317048961,0.5267623928216416,0.06842428963112013,,True,True,1.0,2.0,1.96
2019-09-16,2019-09-20,St. Petersburg,QF,Hard,3,Andrey Rublev,Daniil Medvedev,player2,top_10,0.2664070783848552,4.0,4.01,B365W/B365L,AvgW/AvgL,200.0,3.94,-0.0024937655860348684,0.23809523809523808,1.05,0.02831184028961714,0.06562831353942089,0.04964388883632953,0.0054690261282850745,,True,False,1.0,-1.0,-1.0
2019-09-16,2019-09-21,St. Petersburg,SF,Hard,3,Egor Gerasimov,Daniil Medvedev,player2,top_10,0.22165116189756706,5.5,5.61,B365W/B365L,AvgW/AvgL,200.0,5.41,-0.019607843137254943,0.1716867469879518,1.0590111642743223,0.04996441490961526,0.21908139043661878,0.19913278586583782,0.012171188357589933,,True,False,1.0,-1.0,-1.0
2019-09-16,2019-09-22,St. Petersburg,F,Hard,3,Borna Coric,Daniil Medvedev,player1,top_10,0.38509950047211483,4.33,4.54,B365W/B365L,AvgW/AvgL,200.0,4.2634,-0.04625550660792954,0.2198198198198198,1.0506190133646311,0.16527968065229504,0.6674808370442572,0.6418332103128143,0.05011117395227156,,True,False,1.0,-1.0,-1.0
2019-09-23,2019-09-26,Zhuhai,R16,Hard,3,Andy Murray,Alex De Minaur,player2,other,0.34829282103832293,3.0,3.03,B365W/B365L,AvgW/AvgL,200.0,2.96,-0.009900990099009799,0.3119266055045871,1.0686274509803921,0.03636621553373581,0.04487846311496879,0.030946750273435852,0.005609807889371099,,True,False,1.0,-1.0,-1.0
2019-09-23,2019-09-26,Zhuhai,R16,Hard,3,Adrian Mannarino,Stefanos Tsitsipas,player1,top_10,0.3778530832176817,3.5,3.42,B365W/B365L,AvgW/AvgL,200.0,3.45,0.023391812865497075,0.2677824267782427,1.0669642857142856,0.11007065643943897,0.3224857912618858,0.3035931371010018,0.03224857912618858,,True,True,1.0,2.5,2.45
2019-09-30,2019-09-30,Beijing,R32,Hard,3,Frances Tiafoe,Alexander Zverev,player2,top_10,0.529455577583688,2.75,2.9,B365W/B365L,AvgW/AvgL,200.0,2.715,-0.051724137931034475,0.3373493975903614,1.077922077922078,0.19210617999332658,0.456002838355142,0.4374718931397128,0.06514326262216315,,True,False,1.0,-1.0,-1.0
2019-09-30,2019-09-30,Beijing,R32,Hard,3,Pablo Cuevas,Karen Khachanov,player1,top_10,0.43753381332906194,2.5,2.55,B365W/B365L,AvgW/AvgL,200.0,2.4699999999999998,-0.019607843137254832,0.375,1.0666666666666667,0.06253381332906194,0.09383453332265479,0.08070851892278286,0.01563908888710913,,True,False,1.0,-1.0,-1.0
2019-09-30,2019-10-01,Beijing,R32,Hard,3,Sam Querrey,Roberto Bautista Agut,player1,top_10,0.3744772811143826,3.4,3.58,B365W/B365L,AvgW/AvgL,200.0,3.352,-0.05027932960893855,0.2765957446808511,1.0633484162895928,0.09788153643353154,0.2732227557889009,0.2552478462954104,0.02846070372801051,,True,True,1.0,2.4,2.352
2019-09-30,2019-10-01,Beijing,R32,Hard,3,Stefanos Tsitsipas,Dusan Lajovic,player1,top_10,0.8135762158587396,1.28,1.27,B365W/B365L,AvgW/AvgL,200.0,1.2744,0.007874015748031482,0.7322175732217574,1.0669642857142856,0.08135864263698223,0.04137755629918674,0.03682152949037776,0.03694424669570244,,True,True,1.0,0.28,0.2744
2019-09-30,2019-10-02,Tokyo,R16,Hard,3,Go Soeda,Novak Djokovic,player2,top_10,0.087970602200236,13.0,13.19,B365W/B365L,AvgW/AvgL,200.0,12.76,-0.014404852160727732,0.07407407407407408,1.0384615384615383,0.01389652812616192,0.14361782860306804,0.12250488407501137,0.002992038095897251,,True,False,1.0,-1.0,-1.0
2019-09-30,2019-10-03,Beijing,R16,Hard,3,Alexander Zverev,Felix Auger Aliassime,player1,top_10,0.8949855789123667,1.36,1.4,B365W/B365L,AvgW/AvgL,200.0,1.3528000000000002,-0.02857142857142847,0.6880733944954128,1.0686274509803921,0.20691218441695391,0.21718038732081885,0.21073649115264992,0.15081971341723527,,True,True,1.0,0.3600000000000001,0.3528000000000002
2019-09-30,2019-10-03,Beijing,R16,Hard,3,Stefanos Tsitsipas,Nikoloz Basilashvili,player1,top_10,0.7553940224270065,1.53,1.5,B365W/B365L,AvgW/AvgL,200.0,1.5194,0.020000000000000018,0.6076923076923076,1.0755356995118723,0.14770171473469884,0.15575285431331992,0.1477456776755937,0.07346832750628297,,True,True,1.0,0.53,0.5194000000000001
2019-09-30,2019-10-04,Beijing,QF,Hard,3,Alexander Zverev,Sam Querrey,player1,top_10,0.7877574197306859,1.33,1.31,B365W/B365L,AvgW/AvgL,200.0,1.3234000000000001,0.01526717557251911,0.7188160676532769,1.0459973463069439,0.06894135207740903,0.04771736824181233,0.042518169271589856,0.03614952139531236,,True,True,1.0,0.33000000000000007,0.32340000000000013
2019-09-30,2019-10-04,Beijing,QF,Hard,3,Stefanos Tsitsipas,John Isner,player1,top_10,0.5735768233059104,1.8,1.78,B365W/B365L,AvgW/AvgL,200.0,1.784,0.011235955056179803,0.5263157894736842,1.0555555555555556,0.04726103383222624,0.0324382819506388,0.023261052777744207,0.010136963109574626,,True,True,1.0,0.8,0.784
2019-09-30,2019-10-04,Beijing,QF,Hard,3,Karen Khachanov,Fabio Fognini,player1,top_10,0.7383991029540156,1.61,1.57,B365W/B365L,AvgW/AvgL,200.0,1.5978,0.02547770700636942,0.588235294117647,1.0559006211180124,0.1501638088363686,0.18882255575596513,0.17981408669992616,0.07738629334260864,,True,True,1.0,0.6100000000000001,0.5978000000000001
2019-09-30,2019-10-05,Beijing,SF,Hard,3,Alexander Zverev,Stefanos Tsitsipas,player1,top_10,0.7767815309863053,1.66,1.7,B365W/B365L,AvgW/AvgL,200.0,1.6467999999999998,-0.02352941176470591,0.5699481865284974,1.0569550930996714,0.20683334445780788,0.28945734143726676,0.2792038252282475,0.10964293236260106,,True,False,1.0,-1.0,-1.0
2019-09-30,2019-10-06,Tokyo,F,Hard,3,John Millman,Novak Djokovic,player2,top_10,0.10107316070368355,11.0,11.69,B365W/B365L,AvgW/AvgL,200.0,10.8,-0.05902480752780148,0.08713692946058092,1.0432900432900432,0.013936231243102629,0.11180476774051906,0.09159013559978246,0.0027951191935129765,,True,False,1.0,-1.0,-1.0
2019-09-30,2019-10-06,Beijing,F,Hard,3,Stefanos Tsitsipas,Dominic Thiem,player1,top_10,0.6773483973929093,1.9,1.95,B365W/B365L,AvgW/AvgL,200.0,1.882,-0.02564102564102566,0.5,1.0526315789473684,0.1773483973929093,0.28696195504652766,0.27476968389345524,0.07971165417959103,,True,False,1.0,-1.0,-1.0
2019-10-07,2019-10-08,Shanghai Masters,R32,Hard,4,Cameron Norrie,Daniil Medvedev,player1,top_10,0.1821598136870657,6.0,6.18,B365W/B365L,AvgW/AvgL,200.0,5.9,-0.029126213592232997,0.15730337078651685,1.0595238095238095,0.024856442900548864,0.09295888212239423,0.07474290075368772,0.004647944106119711,,True,False,1.0,-1.0,-1.0
2019-10-07,2019-10-09,Shanghai Masters,R32,Hard,4,Jeremy Chardy,Alexander Zverev,player1,top_10,0.32986399652375337,3.5,3.87,B365W/B365L,AvgW/AvgL,200.0,3.45,-0.09560723514211888,0.2677824267782427,1.0669642857142856,0.062081569745510656,0.1545239878331367,0.13803078800694912,0.01545239878331367,,True,False,1.0,-1.0,-1.0
2019-10-07,2019-10-09,Shanghai Masters,R32,Hard,4,Dominic Thiem,Pablo Carreno Busta,player2,top_10,0.7610314419696355,1.4,1.43,B365W/B365L,AvgW/AvgL,200.0,1.392,-0.020979020979021046,0.6626506024096386,1.077922077922078,0.09838083955999688,0.06544401875748956,0.05935576722173247,0.040902511723430984,,True,True,1.0,0.3999999999999999,0.3919999999999999
2019-10-07,2019-10-09,Shanghai Masters,R32,Hard,4,Taylor Fritz,Karen Khachanov,player1,top_10,0.457376368581263,2.75,2.65,B365W/B365L,AvgW/AvgL,200.0,2.715,0.037735849056603765,0.3373493975903614,1.077922077922078,0.1200269709909016,0.2577850135984734,0.2417768406981291,0.03682643051406763,,True,False,1.0,-1.0,-1.0
2019-10-07,2019-10-09,Shanghai Masters,R32,Hard,4,Stefanos Tsitsipas,Felix Auger Aliassime,player1,top_10,0.8133323375451672,1.4,1.41,B365W/B365L,AvgW/AvgL,200.0,1.392,-0.007092198581560294,0.6626506024096386,1.077922077922078,0.15068173513552863,0.13866527256323402,0.1321586138628727,0.08666579535202128,,True,True,1.0,0.3999999999999999,0.3919999999999999
2019-10-07,2019-10-09,Shanghai Masters,R32,Hard,4,Novak Djokovic,Denis Shapovalov,player1,top_10,0.9786265533463339,1.1,1.08,B365W/B365L,AvgW/AvgL,200.0,1.098,0.0185185185185186,0.8641975308641975,1.051948051948052,0.11442902248213638,0.07648920868096733,0.07453195557427467,0.19122302170241814,,True,True,1.0,0.10000000000000009,0.09800000000000009
2019-10-07,2019-10-10,Shanghai Masters,R16,Hard,4,Andrey Rublev,Alexander Zverev,player1,top_10,0.5831544576080369,2.37,2.41,B365W/B365L,AvgW/AvgL,200.0,2.3426,-0.016597510373444035,0.398477157360406,1.058883603429278,0.18467730024763085,0.38207606453104737,0.3660976323925872,0.06972190958595754,,True,False,1.0,-1.0,-1.0
2019-10-07,2019-10-10,Shanghai Masters,R16,Hard,4,Matteo Berrettini,Roberto Bautista Agut,player1,top_10,0.6854820248904543,1.72,1.71,B365W/B365L,AvgW/AvgL,200.0,1.7056,0.005847953216374213,0.549738219895288,1.0575858250276855,0.13574380499516625,0.17902908281158136,0.16915814165315884,0.06216287597624353,,True,True,1.0,0.72,0.7056
2019-10-07,2019-10-10,Shanghai Masters,R16,Hard,4,Karen Khachanov,Fabio Fognini,player2,top_10,0.7312917798796992,1.44,1.43,B365W/B365L,AvgW/AvgL,200.0,1.4312,0.006993006993007089,0.6563245823389022,1.058080808080808,0.07496719754079695,0.05306016302676675,0.046624795363825466,0.03014781990157202,,True,False,1.0,-1.0,-1.0
2019-10-07,2019-10-10,Shanghai Masters,R16,Hard,4,Vasek Pospisil,Daniil Medvedev,player1,top_10,0.23953241246827942,8.0,7.91,B365W/B365L,AvgW/AvgL,200.0,7.859999999999999,0.011378002528444897,0.11894273127753305,1.0509259259259258,0.12058968119074637,0.9162592997462353,0.882724762000676,0.032723546419508406,,True,False,1.0,-1.0,-1.0
2019-10-07,2019-10-10,Shanghai Masters,R16,Hard,4,Stefanos Tsitsipas,Hubert Hurkacz,player2,top_10,0.7398602857852181,1.4,1.38,B365W/B365L,AvgW/AvgL,200.0,1.392,0.01449275362318847,0.6818181818181818,1.0476190476190477,0.05804210396703635,0.0358044000993053,0.029885517813023565,0.022377750062065816,,True,True,1.0,0.3999999999999999,0.3919999999999999
2019-10-07,2019-10-11,Shanghai Masters,QF,Hard,4,Fabio Fognini,Daniil Medvedev,player1,top_10,0.287654323210395,4.33,4.42,B365W/B365L,AvgW/AvgL,200.0,4.2634,-0.020361990950226172,0.2198198198198198,1.0506190133646311,0.06783450339057523,0.24554321950101043,0.22638544157519802,0.018434175638213996,,True,False,1.0,-1.0,-1.0
2019-10-07,2019-10-11,Shanghai Masters,QF,Hard,4,Novak Djokovic,Stefanos Tsitsipas,player1,top_10,0.9154677660983942,1.14,1.11,B365W/B365L,AvgW/AvgL,200.0,1.1372,0.02702702702702675,0.8283132530120482,1.0590111642743223,0.08715451308634603,0.043633253352169304,0.04106994360709387,0.07791652384315953,,True,False,1.0,-1.0,-1.0
2019-10-07,2019-10-13,Shanghai Masters,F,Hard,4,Daniil Medvedev,Alexander Zverev,player1,top_10,0.7950203859583409,1.53,1.54,B365W/B365L,AvgW/AvgL,200.0,1.5194,-0.006493506493506551,0.6203473945409429,1.05359477124183,0.174672991417398,0.2163811905162616,0.20795397442510322,0.10206659930012339,,True,True,1.0,0.53,0.5194000000000001
2019-10-14,2019-10-18,Moscow,QF,Hard,3,Andreas Seppi,Karen Khachanov,player2,top_10,0.2847693657806182,3.75,3.6,B365W/B365L,AvgW/AvgL,200.0,3.695,0.04166666666666674,0.25447316103379725,1.0479166666666666,0.03029620474682093,0.0678851216773182,0.05222280655938416,0.006171374697938018,,True,True,1.0,2.75,2.695
2019-10-21,2019-10-21,Basel,R32,Hard,3,Hugo Dellien,Alex De Minaur,player1,other,0.13675161186197868,8.0,8.31,B365W/B365L,AvgW/AvgL,200.0,7.859999999999999,-0.03730445246690739,0.11894273127753305,1.0509259259259258,0.01780888058444563,0.09401289489582942,0.07486766923515231,0.003357603389136765,,True,False,1.0,-1.0,-1.0
2019-10-21,2019-10-21,Vienna,R32,Hard,3,Hubert Hurkacz,Karen Khachanov,player1,top_10,0.502362788785251,2.2,2.4,B365W/B365L,AvgW/AvgL,200.0,2.176,-0.08333333333333326,0.4225721784776903,1.0756634669678147,0.07979061030756068,0.10519813532755229,0.09314142839670625,0.021916278193240057,,True,False,1.0,-1.0,-1.0
2019-10-21,2019-10-22,Basel,R32,Hard,3,Taylor Fritz,Alexander Zverev,player1,top_10,0.4691336492054341,4.0,4.03,B365W/B365L,AvgW/AvgL,200.0,3.94,-0.007444168734491385,0.23371647509578544,1.069672131147541,0.23541717410964866,0.8765345968217364,0.8483865778694104,0.0730445497351447,,True,True,1.0,3.0,2.94
2019-10-21,2019-10-22,Basel,R32,Hard,3,Marius Copil,Roberto Bautista Agut,player1,top_10,0.4114842811771885,3.25,3.61,B365W/B365L,AvgW/AvgL,200.0,3.205,-0.09972299168975063,0.2903930131004367,1.059572006940428,0.1210912680767518,0.3373239138258626,0.3188071211728891,0.03748043486954029,,True,False,1.0,-1.0,-1.0
2019-10-21,2019-10-23,Vienna,R32,Hard,3,Adrian Mannarino,Sam Querrey,player1,other,0.47691281324083684,2.2,2.23,B365W/B365L,AvgW/AvgL,200.0,2.176,-0.013452914798206206,0.4225721784776903,1.0756634669678147,0.054340634763146545,0.04920818912984115,0.03776228161206108,0.010251706068716905,,True,False,1.0,-1.0,-1.0
2019-10-21,2019-10-23,Vienna,R16,Hard,3,Marton Fucsovics,Karen Khachanov,player1,top_10,0.4015132413521338,3.0,2.96,B365W/B365L,AvgW/AvgL,200.0,2.96,0.013513513513513598,0.3119266055045871,1.0686274509803921,0.08958663584754667,0.20453972405640142,0.18847919440231609,0.025567465507050177,,True,False,1.0,-1.0,-1.0
2019-10-21,2019-10-24,Basel,R16,Hard,3,Richard Gasquet,Roberto Bautista Agut,player1,top_10,0.3333210396251347,3.25,3.04,B365W/B365L,AvgW/AvgL,200.0,3.205,0.06907894736842102,0.2903930131004367,1.059572006940428,0.042928026524698015,0.08329337878168785,0.06829393199855671,0.009254819864631983,,True,False,1.0,-1.0,-1.0
2019-10-21,2019-10-24,Basel,R16,Hard,3,Ricardas Berankis,Stefanos Tsitsipas,player1,top_10,0.2677070341462574,4.33,5.04,B365W/B365L,AvgW/AvgL,200.0,4.2634,-0.14087301587301582,0.21699819168173598,1.0642802155504234,0.050708842464521425,0.15917145785329456,0.14134216937915378,0.011949809148145238,,True,False,1.0,-1.0,-1.0
2019-10-21,2019-10-24,Basel,R16,Hard,3,Frances Tiafoe,Stan Wawrinka,player2,other,0.3264923399297105,3.25,3.52,B365W/B365L,AvgW/AvgL,200.0,3.205,-0.07670454545454541,0.2903930131004367,1.059572006940428,0.0360993268292738,0.06110010477155914,0.046407949474722154,0.006788900530173237,,True,False,1.0,-1.0,-1.0
2019-10-21,2019-10-24,Vienna,R16,Hard,3,Fernando Verdasco,Dominic Thiem,player2,top_10,0.34018649664900824,4.0,3.97,B365W/B365L,AvgW/AvgL,200.0,3.94,0.007556675062972307,0.23371647509578544,1.069672131147541,0.1064700215532228,0.36074598659603296,0.34033479679709244,0.030062165549669412,,True,False,1.0,-1.0,-1.0
2019-10-21,2019-10-25,Basel,QF,Hard,3,Roberto Bautista Agut,Reilly Opelka,player1,top_10,0.8425689556435927,1.5,1.46,B365W/B365L,AvgW/AvgL,200.0,1.49,0.027397260273972712,0.6359223300970874,1.0483460559796436,0.20664662554650526,0.26385343346538903,0.2554277439089531,0.13192671673269452,,True,False,1.0,-1.0,-1.0
2019-10-21,2019-10-25,Basel,QF,Hard,3,Roger Federer,Stan Wawrinka,player1,top_10,0.866583176724343,1.2,1.18,B365W/B365L,AvgW/AvgL,200.0,1.196,0.016949152542372836,0.7894736842105263,1.0555555555555556,0.07710949251381671,0.039899812069211615,0.036433479362314225,0.04987476508651453,,True,True,1.0,0.19999999999999996,0.19599999999999995
2019-10-21,2019-10-25,Vienna,QF,Hard,3,Karen Khachanov,Diego Schwartzman,player2,top_10,0.6972931288853603,1.57,1.6,B365W/B365L,AvgW/AvgL,200.0,1.5586000000000002,-0.018750000000000044,0.6015228426395939,1.058883603429278,0.09577028624576644,0.09475021235001574,0.08680107068072274,0.04155711067983146,,True,False,1.0,-1.0,-1.0
2019-10-21,2019-10-26,Basel,SF,Hard,3,Roger Federer,Stefanos Tsitsipas,player1,top_10,0.891483987540644,1.28,1.28,B365W/B365L,AvgW/AvgL,200.0,1.2744,0.0,0.7455268389662029,1.0479166666666666,0.1459571485744411,0.1410995040520243,0.13610719372179664,0.12598170004645023,,True,True,1.0,0.28,0.2744
2019-10-21,2019-10-26,Vienna,SF,Hard,3,Dominic Thiem,Matteo Berrettini,player1,top_10,0.7905513420815987,1.61,1.62,B365W/B365L,AvgW/AvgL,200.0,1.5978,-0.006172839506172867,0.588235294117647,1.0559006211180124,0.20231604796395175,0.272787660751374,0.26314293437797853,0.11179822161941556,,True,True,1.0,0.6100000000000001,0.5978000000000001
2019-10-21,2019-10-27,Vienna,F,Hard,3,Dominic Thiem,Diego Schwartzman,player2,top_10,0.8272377020247093,1.28,1.29,B365W/B365L,AvgW/AvgL,200.0,1.2744,-0.007751937984496138,0.7455268389662029,1.0479166666666666,0.08171086305850639,0.05886425859162786,0.05423172746028945,0.05255737374252487,,True,True,1.0,0.28,0.2744
2019-10-28,2019-10-29,Paris Masters,R32,Hard,4,Jan Lennard Struff,Karen Khachanov,player1,top_10,0.4753500242113906,2.5,2.46,B365W/B365L,AvgW/AvgL,200.0,2.4699999999999998,0.016260162601626105,0.375,1.0666666666666667,0.10035002421139061,0.18837506052847652,0.17411455980213464,0.03139584342141275,,True,True,1.0,1.5,1.4699999999999998
2019-10-28,2019-10-29,Paris Masters,R32,Hard,4,Jeremy Chardy,Daniil Medvedev,player1,top_10,0.228395275674367,5.5,5.5,B365W/B365L,AvgW/AvgL,200.0,5.41,0.0,0.1716867469879518,1.0590111642743223,0.05670852868641518,0.2561740162090185,0.23561844139832555,0.014231889789389916,,True,True,1.0,4.5,4.41
2019-10-28,2019-10-30,Paris Masters,R32,Hard,4,Jo-Wilfried Tsonga,Matteo Berrettini,player1,top_10,0.6112989691299731,2.25,2.4,B365W/B365L,AvgW/AvgL,200.0,2.225,-0.0625,0.4109947643979057,1.0813871196036802,0.20030420473206734,0.37542268054243944,0.3601402063141901,0.07508453610848789,,True,True,1.0,1.25,1.225
2019-10-28,2019-10-30,Paris Masters,R32,Hard,4,Milos Raonic,Dominic Thiem,player2,top_10,0.4392302985388732,2.37,2.47,B365W/B365L,AvgW/AvgL,200.0,2.3426,-0.04048582995951422,0.39230769230769225,1.0755356995118723,0.04692260623118094,0.04097580753712948,0.02894089735716432,0.007477337141811949,,True,False,1.0,-1.0,-1.0
2019-10-28,2019-10-30,Paris Masters,R32,Hard,4,Taylor Fritz,Stefanos Tsitsipas,player1,top_10,0.5324818208036589,3.5,3.63,B365W/B365L,AvgW/AvgL,200.0,3.45,-0.03581267217630846,0.2677824267782427,1.0669642857142856,0.2646993940254162,0.8636863728128062,0.8370622817726233,0.08636863728128062,,True,False,1.0,-1.0,-1.0
2019-10-28,2019-10-31,Paris Masters,R16,Hard,4,Stan Wawrinka,Rafael Nadal,player2,top_10,0.37935679030485425,4.0,4.13,B365W/B365L,AvgW/AvgL,200.0,3.94,-0.03147699757869249,0.23809523809523808,1.05,0.14126155220961617,0.517427161219417,0.49466575380112565,0.04311893010161808,,True,False,1.0,-1.0,-1.0
2019-10-28,2019-10-31,Paris Masters,R16,Hard,4,Radu Albot,Gael Monfils,player2,other,0.27321596808842485,4.0,3.98,B365W/B365L,AvgW/AvgL,200.0,3.94,0.005025125628140614,0.23809523809523808,1.05,0.03512072999318677,0.09286387235369942,0.07647091426839392,0.007738656029474951,,True,False,1.0,-1.0,-1.0
2019-10-28,2019-10-31,Paris Masters,R16,Hard,4,Denis Shapovalov,Alexander Zverev,player1,top_10,0.5081223887133854,2.75,2.91,B365W/B365L,AvgW/AvgL,200.0,2.715,-0.054982817869415834,0.3436754176610979,1.058080808080808,0.16444697105228756,0.39733656896181,0.3795522853568414,0.05676236699454429,,True,True,1.0,1.75,1.7149999999999999
2019-10-28,2019-10-31,Paris Masters,R16,Hard,4,Alex De Minaur,Stefanos Tsitsipas,player1,top_10,0.487712360685144,2.37,2.34,B365W/B365L,AvgW/AvgL,200.0,2.3426,0.012820512820512997,0.398477157360406,1.058883603429278,0.089235203324738,0.15587829482379134,0.14251497614101838,0.028444944310910828,,True,False,1.0,-1.0,-1.0
2019-10-28,2019-10-31,Paris Masters,R16,Hard,4,Kyle Edmund,Novak Djokovic,player1,top_10,0.1774517606078101,7.0,8.23,B365W/B365L,AvgW/AvgL,200.0,6.88,-0.14945321992709604,0.13580246913580246,1.051948051948052,0.04164929147200763,0.24216232425467066,0.22086811298173337,0.01009009684394461,,True,False,1.0,-1.0,-1.0
2019-10-28,2019-11-01,Paris Masters,QF,Hard,4,Jo-Wilfried Tsonga,Rafael Nadal,player2,top_10,0.24768183361571194,5.0,5.47,B365W/B365L,AvgW/AvgL,200.0,4.92,-0.08592321755027421,0.1883116883116883,1.0620689655172415,0.05937014530402365,0.23840916807855972,0.21859462138930275,0.014900573004909982,,True,False,1.0,-1.0,-1.0
2019-10-28,2019-11-02,Paris Masters,SF,Hard,4,Denis Shapovalov,Rafael Nadal,player1,top_10,0.3305389438710883,5.0,4.94,B365W/B365L,AvgW/AvgL,200.0,4.92,0.012145748987854255,0.1883116883116883,1.0620689655172415,0.1422272555594,0.6526947193554414,0.6262516038457543,0.04079341995971509,,True,True,1.0,4.0,3.92
2019-10-28,2019-11-02,Paris Masters,SF,Hard,4,Novak Djokovic,Grigor Dimitrov,player1,top_10,0.941713030905967,1.12,1.1,B365W/B365L,AvgW/AvgL,200.0,1.1176000000000001,0.0181818181818183,0.8426966292134831,1.0595238095238095,0.09901640169248394,0.054718594614683175,0.0524584833405089,0.11399707211392318,,True,True,1.0,0.1200000000000001,0.11760000000000015
2019-10-28,2019-11-03,Paris Masters,F,Hard,4,Denis Shapovalov,Novak Djokovic,player2,top_10,0.18676697889241023,6.0,5.98,B365W/B365L,AvgW/AvgL,200.0,5.9,0.0033444816053511683,0.15730337078651685,1.0595238095238095,0.02946360810589338,0.12060187335446138,0.1019251754652204,0.006030093667723069,,True,False,1.0,-1.0,-1.0
2019-11-11,2019-11-11,Tour Finals,RR,Hard,1,Stefanos Tsitsipas,Daniil Medvedev,player1,top_10,0.3745824183174774,3.0,3.03,B365W/B365L,AvgW/AvgL,200.0,2.96,-0.009900990099009799,0.3181818181818181,1.0476190476190477,0.056400600135659285,0.12374725495243222,0.10876395821973306,0.015468406869054027,,True,True,1.0,2.0,1.96
2019-11-11,2019-11-13,Tour Finals,RR,Hard,1,Stefanos Tsitsipas,Alexander Zverev,player1,top_10,0.5576151039636432,2.0,2.09,B365W/B365L,AvgW/AvgL,200.0,1.98,-0.04306220095693769,0.47368421052631576,1.0555555555555556,0.08393089343732746,0.11523020792728644,0.10407790584801357,0.02880755198182161,,True,True,1.0,1.0,0.98
2019-11-11,2019-11-13,Tour Finals,RR,Hard,1,Daniil Medvedev,Rafael Nadal,player1,top_10,0.6301432169714838,1.72,1.71,B365W/B365L,AvgW/AvgL,200.0,1.7056,0.005847953216374213,0.549738219895288,1.0575858250276855,0.08040499707619575,0.08384633319095208,0.07477227086656274,0.029113310135747254,,True,False,1.0,-1.0,-1.0
2019-11-11,2019-11-14,Tour Finals,RR,Hard,1,Dominic Thiem,Matteo Berrettini,player1,top_10,0.8247935662680239,1.36,1.36,B365W/B365L,AvgW/AvgL,200.0,1.3528000000000002,0.0,0.7017543859649122,1.0477941176470589,0.12303918030311167,0.12171925012451262,0.11578073644738296,0.08452725703091152,,True,False,1.0,-1.0,-1.0
2019-11-11,2019-11-14,Tour Finals,RR,Hard,1,Novak Djokovic,Roger Federer,player2,top_10,0.7966447935498379,1.36,1.37,B365W/B365L,AvgW/AvgL,200.0,1.3528000000000002,-0.007299270072992692,0.7017543859649122,1.0477941176470589,0.09489040758492562,0.08343691922777957,0.07770107671422083,0.05794230501929135,,True,False,1.0,-1.0,-1.0
2019-11-11,2019-11-15,Tour Finals,RR,Hard,1,Alexander Zverev,Daniil Medvedev,player1,top_10,0.7262329437037782,1.9,1.92,B365W/B365L,AvgW/AvgL,200.0,1.882,-0.01041666666666663,0.5,1.0526315789473684,0.22623294370377822,0.3798425930371786,0.36677040005051054,0.10551183139921629,,True,True,1.0,0.8999999999999999,0.8819999999999999
2019-11-11,2019-11-15,Tour Finals,RR,Hard,1,Stefanos Tsitsipas,Rafael Nadal,player1,top_10,0.4319282605203663,2.75,2.93,B365W/B365L,AvgW/AvgL,200.0,2.715,-0.061433447098976135,0.3436754176610979,1.058080808080808,0.08825284285926843,0.18780271643100732,0.17268522731279445,0.026828959490143904,,True,False,1.0,-1.0,-1.0
2019-11-11,2019-11-16,Tour Finals,SF,Hard,1,Alexander Zverev,Dominic Thiem,player1,top_10,0.6016492944709725,2.0,2.06,B365W/B365L,AvgW/AvgL,200.0,1.98,-0.029126213592232997,0.47368421052631576,1.0555555555555556,0.12796508394465672,0.20329858894194497,0.1912656030525255,0.05082464723548624,,True,False,1.0,-1.0,-1.0
2019-11-11,2019-11-17,Tour Finals,F,Hard,1,Stefanos Tsitsipas,Dominic Thiem,player1,top_10,0.6043752803714844,2.0,1.96,B365W/B365L,AvgW/AvgL,200.0,1.98,0.020408163265306145,0.47368421052631576,1.0555555555555556,0.1306910698451686,0.20875056074296872,0.19666305513553906,0.05218764018574218,,True,True,1.0,1.0,0.98
2020-01-20,2020-01-20,Australian Open,R128,Hard,5,Jan Lennard Struff,Novak Djokovic,player2,top_10,0.08398474711792214,23.0,20.0,B365W/B365L,AvgW/AvgL,200.0,22.56,0.1499999999999999,0.04206580591420241,1.0335772707705553,0.04191894120371973,0.9316491837122093,0.8946958949803235,0.010586922542184197,,True,False,1.0,-1.0,-1.0
2020-01-20,2020-01-22,Australian Open,R64,Hard,5,Filip Krajinovic,Roger Federer,player2,top_10,0.10214829893233068,17.0,14.08,B365W/B365L,AvgW/AvgL,200.0,16.68,0.20738636363636354,0.05660377358490567,1.0392156862745097,0.045544525347425015,0.7365210818496216,0.7038336261912758,0.011508141903900338,,True,False,1.0,-1.0,-1.0
2020-01-20,2020-01-22,Australian Open,R64,Hard,5,Michael Mmoh,Roberto Bautista Agut,player2,top_10,0.12990332554429285,8.0,7.88,B365W/B365L,AvgW/AvgL,200.0,7.859999999999999,0.015228426395939021,0.11894273127753305,1.0509259259259258,0.010960594266759799,0.039226604354342776,0.021040138778141704,0.001400950155512242,,True,False,1.0,-1.0,-1.0
2020-01-20,2020-01-23,Australian Open,R64,Hard,5,Alex Bolt,Dominic Thiem,player1,top_10,0.14678802766796814,9.0,8.43,B365W/B365L,AvgW/AvgL,200.0,8.84,0.06761565836298944,0.10625620655412116,1.0456905503634475,0.04053182111384698,0.3210922490117133,0.29760616458483835,0.01003413278161604,,True,False,1.0,-1.0,-1.0
2020-01-20,2020-01-23,Australian Open,R64,Hard,5,Egor Gerasimov,Alexander Zverev,player2,top_10,0.293060587261343,4.5,4.87,B365W/B365L,AvgW/AvgL,200.0,4.43,-0.07597535934291588,0.21052631578947367,1.0555555555555556,0.08253427147186931,0.3187726426760433,0.2982584015677494,0.022769474476860237,,True,False,1.0,-1.0,-1.0
2020-01-20,2020-01-24,Australian Open,R32,Hard,5,Milos Raonic,Stefanos Tsitsipas,player2,top_10,0.3563691191611269,3.2,3.16,B365W/B365L,AvgW/AvgL,200.0,3.156,0.012658227848101333,0.2982456140350877,1.0477941176470589,0.0581235051260392,0.14038118131560617,0.12470094007251653,0.01595240696768252,,True,True,1.0,2.2,2.156
2020-01-20,2020-01-24,Australian Open,R32,Hard,5,Roberto Bautista Agut,Marin Cilic,player1,top_10,0.8492948286879656,1.36,1.34,B365W/B365L,AvgW/AvgL,200.0,1.3528000000000002,0.014925373134328401,0.7017543859649122,1.0477941176470589,0.14754044272305333,0.15504096701563325,0.14892604424908001,0.10766733820530083,,True,False,1.0,-1.0,-1.0
2020-01-20,2020-01-25,Australian Open,R32,Hard,5,Pablo Carreno Busta,Rafael Nadal,player2,top_10,0.07861020006839592,15.0,14.33,B365W/B365L,AvgW/AvgL,200.0,14.719999999999999,0.04675505931612012,0.06425452276980662,1.0375404530744337,0.014355677298589303,0.17915300102593879,0.1571421450067878,0.0031991607326060495,,True,False,1.0,-1.0,-1.0
2020-01-20,2020-01-25,Australian Open,R32,Hard,5,Gael Monfils,Ernests Gulbis,player1,top_10,0.7185427389664549,1.53,1.48,B365W/B365L,AvgW/AvgL,200.0,1.5194,0.03378378378378377,0.6203473945409429,1.05359477124183,0.09819534442551203,0.09937039061867609,0.09175383758563166,0.04687282576352645,,True,True,1.0,0.53,0.5194000000000001
2020-01-20,2020-01-25,Australian Open,R32,Hard,5,Taylor Fritz,Dominic Thiem,player2,top_10,0.38386999386671083,3.0,2.98,B365W/B365L,AvgW/AvgL,200.0,2.96,0.006711409395973256,0.3181818181818181,1.0476190476190477,0.06568817568489271,0.1516099816001325,0.13625518184546404,0.018951247700016563,,True,False,1.0,-1.0,-1.0
2020-01-20,2020-01-26,Australian Open,R16,Hard,5,Diego Schwartzman,Novak Djokovic,player2,top_10,0.1235656319320575,13.0,11.88,B365W/B365L,AvgW/AvgL,200.0,12.76,0.09427609427609429,0.07407407407407408,1.0384615384615383,0.04949155785798341,0.6063532151167474,0.5766974634530537,0.012632358648265571,,True,False,1.0,-1.0,-1.0
2020-01-20,2020-01-27,Australian Open,R16,Hard,5,Stan Wawrinka,Daniil Medvedev,player2,top_10,0.3363612805843522,3.75,3.79,B365W/B365L,AvgW/AvgL,200.0,3.695,-0.01055408970976257,0.25447316103379725,1.0479166666666666,0.08188811955055497,0.2613548021913208,0.24285493175918138,0.023759527471938255,,True,True,1.0,2.75,2.695
2020-01-20,2020-01-27,Australian Open,R16,Hard,5,Andrey Rublev,Alexander Zverev,player2,top_10,0.5816380090255134,1.8,1.81,B365W/B365L,AvgW/AvgL,200.0,1.784,-0.0055248618784530246,0.5263157894736842,1.0555555555555556,0.055322219551829255,0.04694841624592422,0.03764220810151597,0.014671380076851318,,True,False,1.0,-1.0,-1.0
2020-01-20,2020-01-28,Australian Open,QF,Hard,5,Tennys Sandgren,Roger Federer,player2,top_10,0.1306259878094671,8.0,7.94,B365W/B365L,AvgW/AvgL,200.0,7.859999999999999,0.007556675062972307,0.11894273127753305,1.0509259259259258,0.011683256531934055,0.04500790247573683,0.026720264182411357,0.0016074250884191724,,True,False,1.0,-1.0,-1.0
2020-01-20,2020-01-28,Australian Open,QF,Hard,5,Novak Djokovic,Milos Raonic,player2,top_10,0.98,1.12,1.12,B365W/B365L,AvgW/AvgL,200.0,1.1176000000000001,0.0,0.8426966292134831,1.0595238095238095,0.1373033707865169,0.09760000000000009,0.09524800000000012,0.20333333333333334,,True,True,1.0,0.1200000000000001,0.11760000000000015
2020-01-20,2020-01-29,Australian Open,QF,Hard,5,Dominic Thiem,Rafael Nadal,player1,top_10,0.3489887233555658,3.2,3.42,B365W/B365L,AvgW/AvgL,200.0,3.156,-0.0643274853801169,0.2982456140350877,1.0477941176470589,0.0507431093204781,0.11676391473781056,0.10140841091016561,0.013268626674751198,,True,True,1.0,2.2,2.156
2020-01-20,2020-01-30,Australian Open,SF,Hard,5,Roger Federer,Novak Djokovic,player2,top_10,0.159465015262228,6.5,6.25,B365W/B365L,AvgW/AvgL,200.0,6.39,0.040000000000000036,0.14586070959264127,1.0547470547470548,0.01360430566958673,0.03652259920448209,0.018981447525636908,0.0016601181456582766,,True,False,1.0,-1.0,-1.0
2020-01-20,2020-01-31,Australian Open,SF,Hard,5,Dominic Thiem,Alexander Zverev,player1,top_10,0.6994717292592428,1.5,1.48,B365W/B365L,AvgW/AvgL,200.0,1.49,0.013513513513513598,0.6359223300970874,1.0483460559796436,0.0635493991621554,0.049207593888864254,0.04221287659627182,0.024603796944432127,,True,True,1.0,0.5,0.49
2020-02-03,2020-02-06,Montpellier,R16,Hard,3,Alexander Bublik,David Goffin,player2,top_10,0.399988495829789,3.25,3.17,B365W/B365L,AvgW/AvgL,200.0,3.205,0.025236593059936974,0.2903930131004367,1.059572006940428,0.10959548272935232,0.29996261144681435,0.28196312913447386,0.03332917904964604,,True,False,1.0,-1.0,-1.0
2020-02-03,2020-02-06,Montpellier,R16,Hard,3,Gael Monfils,Adrian Mannarino,player2,top_10,0.6683942719591334,1.57,1.57,B365W/B365L,AvgW/AvgL,200.0,1.5586000000000002,0.0,0.5890052356020942,1.0813871196036802,0.0793890363570392,0.04937900697583941,0.04175931227550539,0.021657459199929563,,True,True,1.0,0.5700000000000001,0.5586000000000002
2020-02-03,2020-02-07,Montpellier,QF,Hard,3,Pierre Hugues Herbert,David Goffin,player1,top_10,0.4026817690083832,2.62,2.59,B365W/B365L,AvgW/AvgL,200.0,2.5876,0.011583011583011782,0.3640776699029127,1.0483460559796436,0.038604099105470524,0.05502623480196411,0.0419793454860925,0.008491702901537671,,True,False,1.0,-1.0,-1.0
2020-02-03,2020-02-07,Cordoba,R16,Clay,3,Jaume Munar,Diego Schwartzman,player1,other,0.3174175912257485,3.5,3.65,B365W/B365L,AvgW/AvgL,200.0,3.45,-0.041095890410958846,0.2677824267782427,1.0669642857142856,0.049635164447505764,0.11096156929011958,0.09509068972883228,0.011096156929011957,,True,False,1.0,-1.0,-1.0
2020-02-03,2020-02-08,Montpellier,SF,Hard,3,Vasek Pospisil,David Goffin,player1,top_10,0.43684637138580484,2.5,2.5,B365W/B365L,AvgW/AvgL,200.0,2.4699999999999998,0.0,0.3796526054590571,1.05359477124183,0.05719376592674774,0.09211592846451211,0.07901053732293783,0.015352654744085351,,True,True,1.0,1.5,1.4699999999999998
2020-02-03,2020-02-08,Montpellier,SF,Hard,3,Gael Monfils,Filip Krajinovic,player2,top_10,0.6326072787357443,1.72,1.69,B365W/B365L,AvgW/AvgL,200.0,1.7056,0.01775147928994092,0.549738219895288,1.0575858250276855,0.08286905884045626,0.08808451942548018,0.07897497461168546,0.03058490257829173,,True,True,1.0,0.72,0.7056
2020-02-03,2020-02-09,Montpellier,F,Hard,3,Gael Monfils,Vasek Pospisil,player1,top_10,0.7961732421058729,1.44,1.45,B365W/B365L,AvgW/AvgL,200.0,1.4312,-0.006896551724137945,0.6563245823389022,1.058080808080808,0.1398486597669707,0.146489468632457,0.13948314410192536,0.08323265263207784,,True,True,1.0,0.43999999999999995,0.4312
2020-02-10,2020-02-11,Rotterdam,R32,Hard,3,Hubert Hurkacz,Stefanos Tsitsipas,player2,top_10,0.46223501843084325,3.0,3.27,B365W/B365L,AvgW/AvgL,200.0,2.96,-0.0825688073394496,0.3119266055045871,1.0686274509803921,0.15030841292625613,0.38670505529252974,0.36821565455529603,0.04833813191156622,,True,False,1.0,-1.0,-1.0
2020-02-10,2020-02-13,Rotterdam,R16,Hard,3,Jannik Sinner,David Goffin,player2,top_10,0.39011694456684376,3.0,3.27,B365W/B365L,AvgW/AvgL,200.0,2.96,-0.0825688073394496,0.3119266055045871,1.0686274509803921,0.07819033906225664,0.17035083370053128,0.15474615591785756,0.02129385421256641,,True,True,1.0,2.0,1.96
2020-02-10,2020-02-13,New York,R16,Hard,3,Soon Woo Kwon,Milos Raonic,player2,other,0.23473300079829584,4.5,4.55,B365W/B365L,AvgW/AvgL,200.0,4.43,-0.01098901098901095,0.2077464788732394,1.0696798493408664,0.026986521925056434,0.05629850359233124,0.03986719353645052,0.004021321685166517,,True,True,1.0,3.5,3.4299999999999997
2020-02-10,2020-02-14,Rotterdam,QF,Hard,3,Gael Monfils,Daniel Evans,player1,top_10,0.7582902466150431,1.44,1.48,B365W/B365L,AvgW/AvgL,200.0,1.4312,-0.027027027027027084,0.6563245823389022,1.058080808080808,0.10196566427614084,0.091937955125662,0.08526500095544964,0.05223747450321705,,True,True,1.0,0.43999999999999995,0.4312
2020-02-10,2020-02-15,Rotterdam,SF,Hard,3,Gael Monfils,Filip Krajinovic,player1,top_10,0.7334891054510045,1.61,1.59,B365W/B365L,AvgW/AvgL,200.0,1.5978,0.012578616352201255,0.588235294117647,1.0559006211180124,0.14525381133335757,0.1809174597761174,0.17196889268961513,0.07414649990824482,,True,True,1.0,0.6100000000000001,0.5978000000000001
2020-02-10,2020-02-16,Rotterdam,F,Hard,3,Gael Monfils,Felix Auger Aliassime,player2,top_10,0.6711769275685041,1.57,1.56,B365W/B365L,AvgW/AvgL,200.0,1.5586000000000002,0.0064102564102563875,0.6015228426395939,1.058883603429278,0.06965408492891023,0.05374777628255151,0.04609635930827066,0.023573586088838378,,True,True,1.0,0.5700000000000001,0.5586000000000002
2020-02-17,2020-02-19,Delray Beach,R16,Hard,3,Mackenzie Mcdonald,Reilly Opelka,player2,other,0.41328481729475885,2.5,2.65,B365W/B365L,AvgW/AvgL,200.0,2.4699999999999998,-0.05660377358490565,0.375,1.0666666666666667,0.038284817294758855,0.03321204323689708,0.02081349871805427,0.005535340539482847,,True,False,1.0,-1.0,-1.0
2020-02-17,2020-02-21,Marseille,QF,Hard,3,Gilles Simon,Daniil Medvedev,player2,top_10,0.3582111924272915,4.5,4.66,B365W/B365L,AvgW/AvgL,200.0,4.43,-0.03433476394849788,0.21052631578947367,1.0555555555555556,0.14768487663781782,0.6119503659228116,0.5868755824529013,0.04371074042305797,,True,True,1.0,3.5,3.4299999999999997
2020-02-17,2020-02-21,ATP Rio de Janeiro,R16,Clay,3,Jaume Munar,Dominic Thiem,player1,top_10,0.2541235347435752,4.5,4.99,B365W/B365L,AvgW/AvgL,200.0,4.43,-0.09819639278557113,0.2077464788732394,1.0696798493408664,0.046377055870335776,0.1435559063460884,0.12576725891403795,0.010253993310434886,,True,False,1.0,-1.0,-1.0
2020-02-17,2020-02-23,Marseille,F,Hard,3,Felix Auger Aliassime,Stefanos Tsitsipas,player2,top_10,0.3911705367108723,2.75,2.88,B365W/B365L,AvgW/AvgL,200.0,2.715,-0.04513888888888884,0.3436754176610979,1.058080808080808,0.04749511904977444,0.07571897595489885,0.06202800717001833,0.01081699656498555,,True,False,1.0,-1.0,-1.0
2020-02-24,2020-02-25,Dubai,R32,Hard,3,Stefanos Tsitsipas,Pablo Carreno Busta,player1,top_10,0.8295378422761271,1.3,1.32,B365W/B365L,AvgW/AvgL,200.0,1.294,-0.015151515151515138,0.7234042553191489,1.0633484162895928,0.10613358695697828,0.07839919495896533,0.07342196790530855,0.06533266246580444,,True,True,1.0,0.30000000000000004,0.29400000000000004
2020-02-24,2020-02-26,Dubai,R16,Hard,3,Gael Monfils,Yasutaka Uchiyama,player1,top_10,0.9539257398086968,1.11,1.1,B365W/B365L,AvgW/AvgL,200.0,1.1078000000000001,0.009090909090909038,0.8541392904073586,1.0547470547470548,0.09978644940133818,0.058857571187653515,0.0567589345600744,0.13376720724466695,,True,True,1.0,0.1100000000000001,0.10780000000000012
2020-02-24,2020-02-26,Acapulco,R32,Hard,3,Jason Jung,Alexander Zverev,player2,top_10,0.31046507317953376,5.0,5.3,B365W/B365L,AvgW/AvgL,200.0,4.92,-0.05660377358490565,0.1883116883116883,1.0620689655172415,0.12215338486784547,0.5523253658976688,0.5274881600433061,0.0345203353686043,,True,False,1.0,-1.0,-1.0
2020-02-24,2020-02-26,Acapulco,R32,Hard,3,Pablo Andujar,Rafael Nadal,player1,top_10,0.12406949824248946,15.0,13.64,B365W/B365L,AvgW/AvgL,200.0,14.719999999999999,0.0997067448680351,0.06425452276980662,1.0375404530744337,0.059814975472682844,0.8610424736373419,0.8263030141294447,0.015375758457809677,,True,False,1.0,-1.0,-1.0
2020-02-24,2020-02-27,Dubai,QF,Hard,3,Jan Lennard Struff,Stefanos Tsitsipas,player1,top_10,0.3866379709508828,3.0,2.92,B365W/B365L,AvgW/AvgL,200.0,2.96,0.027397260273972712,0.3181818181818181,1.0476190476190477,0.0684561527690647,0.15991391285264844,0.14444839401461307,0.019989239106581055,,True,False,1.0,-1.0,-1.0
2020-02-24,2020-02-27,Dubai,QF,Hard,3,Gael Monfils,Richard Gasquet,player2,top_10,0.8483370342337739,1.22,1.21,B365W/B365L,AvgW/AvgL,200.0,1.2156,0.008264462809917328,0.7801801801801801,1.0506190133646311,0.06815685405359384,0.03497118176520417,0.031238498814575605,0.039739979278641105,,True,True,1.0,0.21999999999999997,0.2156
2020-02-24,2020-02-27,Dubai,QF,Hard,3,Karen Khachanov,Novak Djokovic,player2,top_10,0.11657625405525984,9.0,8.69,B365W/B365L,AvgW/AvgL,200.0,8.84,0.03567318757192184,0.10625620655412116,1.0456905503634475,0.010320047501138685,0.04918628649733858,0.03053408584849704,0.0015370714530418307,,True,False,1.0,-1.0,-1.0
2020-02-24,2020-02-27,Santiago,R16,Clay,3,Alejandro Davidovich Fokina,Cristian Garin,player1,other,0.3349453523625621,3.25,3.45,B365W/B365L,AvgW/AvgL,200.0,3.205,-0.05797101449275366,0.2903930131004367,1.059572006940428,0.04455233926212543,0.08857239517832682,0.07349985432201156,0.009841377242036313,,True,False,1.0,-1.0,-1.0
2020-02-24,2020-02-28,Dubai,SF,Hard,3,Stefanos Tsitsipas,Daniel Evans,player2,top_10,0.98,1.22,1.23,B365W/B365L,AvgW/AvgL,200.0,1.2156,-0.008130081300813052,0.7801801801801801,1.0506190133646311,0.1998198198198199,0.19559999999999994,0.19128799999999999,0.22227272727272723,,True,True,1.0,0.21999999999999997,0.2156
2020-02-24,2020-02-28,Acapulco,QF,Hard,3,Soon Woo Kwon,Rafael Nadal,player2,top_10,0.11197503160683653,11.0,10.94,B365W/B365L,AvgW/AvgL,200.0,10.8,0.005484460694698434,0.08713692946058092,1.0432900432900432,0.024838102146255606,0.2317253476752018,0.20933034135383466,0.005793133691880045,,True,False,1.0,-1.0,-1.0
2020-02-24,2020-02-29,Dubai,F,Hard,3,Stefanos Tsitsipas,Novak Djokovic,player2,top_10,0.43030136059997126,3.5,3.3,B365W/B365L,AvgW/AvgL,200.0,3.45,0.06060606060606055,0.27083333333333337,1.0549450549450547,0.1594680272666379,0.5060547620998994,0.48453969406990094,0.05060547620998994,,True,False,1.0,-1.0,-1.0
2020-02-24,2020-02-29,Acapulco,SF,Hard,3,Grigor Dimitrov,Rafael Nadal,player1,top_10,0.173601774894808,6.5,6.29,B365W/B365L,AvgW/AvgL,200.0,6.39,0.03338632750397452,0.14586070959264127,1.0547470547470548,0.027741065302166718,0.12841153681625195,0.10931534157782297,0.005836888037102361,,True,False,1.0,-1.0,-1.0
2020-08-24,2020-08-24,Cincinnati Masters,R32,Hard,4,Richard Gasquet,Roberto Bautista Agut,player2,other,0.41241481117410106,2.5,2.51,B365W/B365L,AvgW/AvgL,200.0,2.4699999999999998,-0.003984063745019806,0.375,1.0666666666666667,0.03741481117410106,0.031037027935252648,0.01866458360002954,0.005172837989208774,,True,False,1.0,-1.0,-1.0
2020-08-24,2020-08-25,Cincinnati Masters,R32,Hard,4,Filip Krajinovic,Dominic Thiem,player1,top_10,0.22258712675006934,5.0,5.16,B365W/B365L,AvgW/AvgL,200.0,4.92,-0.03100775193798455,0.1883116883116883,1.0620689655172415,0.034275438438381045,0.11293563375034665,0.09512866361034111,0.007058477109396666,,True,True,1.0,4.0,3.92
2020-08-24,2020-08-25,Cincinnati Masters,R32,Hard,4,Ricardas Berankis,Novak Djokovic,player2,top_10,0.13749625321664405,9.0,9.41,B365W/B365L,AvgW/AvgL,200.0,8.84,-0.043570669500531345,0.10625620655412116,1.0456905503634475,0.03124004666252289,0.23746627894979644,0.21546687843513335,0.007420821217181139,,True,False,1.0,-1.0,-1.0
2020-08-24,2020-08-25,Cincinnati Masters,R16,Hard,4,Reilly Opelka,Matteo Berrettini,player2,top_10,0.45902410827237217,2.37,2.36,B365W/B365L,AvgW/AvgL,200.0,2.3426,0.004237288135593209,0.39230769230769225,1.0755356995118723,0.06671641596467992,0.08788713660552205,0.07530987603885908,0.01603779865064271,,True,True,1.0,1.37,1.3426
2020-08-24,2020-08-27,Cincinnati Masters,QF,Hard,4,Stefanos Tsitsipas,Reilly Opelka,player1,top_10,0.7710938571769373,1.4,1.41,B365W/B365L,AvgW/AvgL,200.0,1.392,-0.007092198581560294,0.6818181818181818,1.0476190476190477,0.08927567535875558,0.0795314000477122,0.07336264919029672,0.04970712502982014,,True,True,1.0,0.3999999999999999,0.3919999999999999
2020-08-24,2020-08-28,Cincinnati Masters,SF,Hard,4,Milos Raonic,Stefanos Tsitsipas,player1,top_10,0.5607059400199297,2.37,2.36,B365W/B365L,AvgW/AvgL,200.0,2.3426,0.004237288135593209,0.398477157360406,1.058883603429278,0.16222878265952367,0.3288730778472334,0.31350973509068725,0.060013335373582735,,True,True,1.0,1.37,1.3426
2020-08-31,2020-08-31,Us Open,R128,Hard,5,Kevin Anderson,Alexander Zverev,player2,top_10,0.42304156698009865,3.4,3.61,B365W/B365L,AvgW/AvgL,200.0,3.352,-0.05817174515235457,0.28118393234672306,1.0459973463069439,0.14185763463337558,0.43834132773233536,0.41803533251729064,0.04566055497211827,,True,False,1.0,-1.0,-1.0
2020-08-31,2020-09-01,Us Open,R128,Hard,5,Reilly Opelka,David Goffin,player2,top_10,0.5282657969295299,2.37,2.43,B365W/B365L,AvgW/AvgL,200.0,2.3426,-0.024691358024691357,0.398477157360406,1.058883603429278,0.1297886395691239,0.2519899387229859,0.23751545588711676,0.04598356546039889,,True,False,1.0,-1.0,-1.0
2020-08-31,2020-09-02,Us Open,R128,Hard,5,Leonardo Mayer,Milos Raonic,player1,other,0.09704073235728539,11.0,12.17,B365W/B365L,AvgW/AvgL,200.0,10.8,-0.09613804437140505,0.08713692946058092,1.0432900432900432,0.009903802896704464,0.06744805593013925,0.048039909458682195,0.0016862013982534812,,True,False,1.0,-1.0,-1.0
2020-08-31,2020-09-02,Us Open,R64,Hard,5,Lloyd Harris,David Goffin,player2,top_10,0.3550110621781417,5.0,5.62,B365W/B365L,AvgW/AvgL,200.0,4.92,-0.11032028469750887,0.1883116883116883,1.0620689655172415,0.16669937386645342,0.7750553108907086,0.7466544259164571,0.048440956930669285,,True,False,1.0,-1.0,-1.0
2020-08-31,2020-09-03,Us Open,R64,Hard,5,Matteo Berrettini,Ugo Humbert,player1,top_10,0.7607551884947906,1.4,1.34,B365W/B365L,AvgW/AvgL,200.0,1.392,0.04477611940298498,0.6818181818181818,1.0476190476190477,0.07893700667660886,0.06505726389270683,0.0589712223847485,0.040660789932941775,,True,True,1.0,0.3999999999999999,0.3919999999999999
2020-08-31,2020-09-03,Us Open,R64,Hard,5,Miomir Kecmanovic,Roberto Bautista Agut,player2,other,0.17921969801394122,6.0,6.7,B365W/B365L,AvgW/AvgL,200.0,5.9,-0.10447761194029848,0.15730337078651685,1.0595238095238095,0.02191632722742437,0.07531818808364732,0.057396218282253275,0.003765909404182366,,True,False,1.0,-1.0,-1.0
2020-08-31,2020-09-05,Us Open,R32,Hard,5,Adrian Mannarino,Alexander Zverev,player2,top_10,0.2277046228857148,5.5,5.19,B365W/B365L,AvgW/AvgL,200.0,5.41,0.059730250481695446,0.1716867469879518,1.0590111642743223,0.056017875897763,0.25237542587143136,0.23188200981171703,0.014020856992857298,,True,False,1.0,-1.0,-1.0
2020-08-31,2020-09-05,Us Open,R32,Hard,5,Matteo Berrettini,Casper Ruud,player1,top_10,0.922835863257345,1.14,1.15,B365W/B365L,AvgW/AvgL,200.0,1.1372,-0.008695652173913104,0.8283132530120482,1.0590111642743223,0.09452261024529685,0.05203288411337323,0.049448943696252745,0.09291586448816655,,True,True,1.0,0.1399999999999999,0.1372
2020-08-31,2020-09-06,Us Open,R16,Hard,5,Pablo Carreno Busta,Novak Djokovic,player2,top_10,0.11460061083034156,11.0,13.87,B365W/B365L,AvgW/AvgL,200.0,10.8,-0.20692141312184564,0.08713692946058092,1.0432900432900432,0.027463681369760642,0.2606067191337572,0.237686596967689,0.006515167978343931,,True,True,1.0,10.0,9.8
2020-08-31,2020-09-06,Us Open,R16,Hard,5,Alejandro Davidovich Fokina,Alexander Zverev,player2,top_10,0.17056625207333487,6.5,6.52,B365W/B365L,AvgW/AvgL,200.0,6.39,-0.0030674846625766694,0.14586070959264127,1.0547470547470548,0.024705542480693593,0.10868063847667664,0.08991835074860977,0.00494002902166712,,True,False,1.0,-1.0,-1.0
2020-08-31,2020-09-07,Us Open,R16,Hard,5,Denis Shapovalov,David Goffin,player2,top_10,0.4981498789095673,2.1,2.14,B365W/B365L,AvgW/AvgL,200.0,2.0780000000000003,-0.01869158878504673,0.450261780104712,1.0575858250276855,0.047888098804855284,0.04611474571009133,0.03515544837408102,0.010480624025020757,,True,True,1.0,1.1,1.0780000000000003
2020-08-31,2020-09-08,Us Open,R16,Hard,5,Andrey Rublev,Matteo Berrettini,player2,top_10,0.5204192849518635,2.0,1.99,B365W/B365L,AvgW/AvgL,200.0,1.98,0.005025125628140614,0.47368421052631576,1.0555555555555556,0.04673507442554775,0.04083856990372703,0.030430184204689792,0.010209642475931757,,True,True,1.0,1.0,0.98
2020-09-14,2020-09-19,Rome Masters,QF,Clay,4,Diego Schwartzman,Rafael Nadal,player1,top_10,0.14671616954297345,15.0,14.71,B365W/B365L,AvgW/AvgL,200.0,14.719999999999999,0.01971447994561526,0.06425452276980662,1.0375404530744337,0.08246164677316684,1.2007425431446017,1.159662015672569,0.021441831127582172,,True,True,1.0,14.0,13.719999999999999
2020-09-14,2020-09-19,Rome Masters,QF,Clay,4,Matteo Berrettini,Casper Ruud,player1,top_10,0.6843853649042877,1.57,1.63,B365W/B365L,AvgW/AvgL,200.0,1.5586000000000002,-0.036809815950920144,0.6015228426395939,1.058883603429278,0.08286252226469382,0.07448502289973175,0.06668302973982293,0.032668869692864796,,True,False,1.0,-1.0,-1.0
2020-09-14,2020-09-19,Rome Masters,QF,Clay,4,Dominik Koepfer,Novak Djokovic,player1,top_10,0.08389012744250353,15.0,13.71,B365W/B365L,AvgW/AvgL,200.0,14.719999999999999,0.09409190371991238,0.06425452276980662,1.0375404530744337,0.019635604672696913,0.2583519116375529,0.23486267595365196,0.00461342699352773,,True,False,1.0,-1.0,-1.0
2020-09-21,2020-09-22,Hamburg,R32,Clay,3,Ugo Humbert,Daniil Medvedev,player1,top_10,0.2361732594528327,4.5,4.61,B365W/B365L,AvgW/AvgL,200.0,4.43,-0.02386117136659438,0.2077464788732394,1.0696798493408664,0.028426780579593303,0.06277966753774722,0.04624753937604886,0.004484261966981944,,True,True,1.0,3.5,3.4299999999999997
2020-09-21,2020-09-25,Hamburg,QF,Clay,3,Dusan Lajovic,Stefanos Tsitsipas,player1,top_10,0.46422696335236724,2.75,2.87,B365W/B365L,AvgW/AvgL,200.0,2.715,-0.04181184668989546,0.3373493975903614,1.077922077922078,0.12687756576200582,0.2766241492190099,0.26037620550167695,0.0395177356027157,,True,False,1.0,-1.0,-1.0
2020-09-21,2020-09-27,Hamburg,F,Clay,3,Stefanos Tsitsipas,Andrey Rublev,player1,top_10,0.5189719517071848,2.05,2.06,B365W/B365L,AvgW/AvgL,200.0,2.029,-0.004854368932038944,0.4533333333333333,1.0760401721664277,0.06563861837385149,0.06389250099972876,0.05299409001387789,0.01521250023803066,,True,False,1.0,-1.0,-1.0
2020-09-28,2020-09-28,Roland Garros,R128,Clay,5,Alexander Bublik,Gael Monfils,player2,top_10,0.5030770845431568,2.1,2.14,B365W/B365L,AvgW/AvgL,200.0,2.0780000000000003,-0.01869158878504673,0.450261780104712,1.0575858250276855,0.05281530443844479,0.05646187754062937,0.04539418168067999,0.012832244895597582,,True,True,1.0,1.1,1.0780000000000003
2020-09-28,2020-09-28,Roland Garros,R128,Clay,5,Egor Gerasimov,Rafael Nadal,player2,top_10,0.030709324364486923,34.0,22.68,B365W/B365L,AvgW/AvgL,200.0,33.339999999999996,0.4991181657848325,0.02776586314374768,1.0592778821106197,0.0029434612207392442,0.04411702839255538,0.023848874311993895,0.0003342199120648135,,True,False,1.0,-1.0,-1.0
2020-09-28,2020-09-29,Roland Garros,R128,Clay,5,Richard Gasquet,Roberto Bautista Agut,player1,top_10,0.22059149973656203,5.0,5.16,B365W/B365L,AvgW/AvgL,200.0,4.92,-0.03100775193798455,0.1883116883116883,1.0620689655172415,0.03227981142487374,0.10295749868281012,0.08531017870388513,0.006434843667675633,,True,False,1.0,-1.0,-1.0
2020-09-28,2020-09-29,Roland Garros,R128,Clay,5,Vasek Pospisil,Matteo Berrettini,player2,top_10,0.17514817283046646,6.5,7.02,B365W/B365L,AvgW/AvgL,200.0,6.39,-0.07407407407407407,0.14586070959264127,1.0547470547470548,0.02928746323782519,0.13846312339803202,0.11919682438668067,0.006293778336274183,,True,False,1.0,-1.0,-1.0
2020-09-28,2020-09-30,Roland Garros,R64,Clay,5,Alexander Zverev,Pierre Hugues Herbert,player2,top_10,0.98,1.1,1.11,B365W/B365L,AvgW/AvgL,200.0,1.098,-0.009009009009009028,0.8641975308641975,1.051948051948052,0.1158024691358025,0.07800000000000007,0.07604000000000007,0.195,,True,True,1.0,0.10000000000000009,0.09800000000000009
2020-09-28,2020-10-01,Roland Garros,R64,Clay,5,Attila Balazs,Roberto Bautista Agut,player1,top_10,0.1105115683658469,11.0,10.03,B365W/B365L,AvgW/AvgL,200.0,10.8,0.09670987038883361,0.08713692946058092,1.0432900432900432,0.023374638905265976,0.21562725202431587,0.1935249383511466,0.005390681300607897,,True,False,1.0,-1.0,-1.0
2020-09-28,2020-10-01,Roland Garros,R64,Clay,5,Lloyd Harris,Matteo Berrettini,player1,top_10,0.176361899101394,7.0,8.29,B365W/B365L,AvgW/AvgL,200.0,6.88,-0.1556091676718938,0.13580246913580246,1.051948051948052,0.04055942996559153,0.23453329370975795,0.21336986581759065,0.009772220571239915,,True,False,1.0,-1.0,-1.0
2020-09-28,2020-10-01,Roland Garros,R64,Clay,5,Pablo Cuevas,Stefanos Tsitsipas,player1,top_10,0.24321676354132976,4.33,4.99,B365W/B365L,AvgW/AvgL,200.0,4.2634,-0.13226452905811625,0.2198198198198198,1.0506190133646311,0.023396943721509966,0.05312858613395799,0.03693034968210529,0.0039886325926394885,,True,False,1.0,-1.0,-1.0
2020-09-28,2020-10-02,Roland Garros,R32,Clay,5,Alexander Zverev,Marco Cecchinato,player2,top_10,0.7346684575153926,1.44,1.42,B365W/B365L,AvgW/AvgL,200.0,1.4312,0.014084507042253502,0.6563245823389022,1.058080808080808,0.07834387517649033,0.05792257882216523,0.05145749639602987,0.03291055614895752,,True,True,1.0,0.43999999999999995,0.4312
2020-09-28,2020-10-03,Roland Garros,R32,Clay,5,Pablo Carreno Busta,Roberto Bautista Agut,player1,top_10,0.5388281562298849,2.1,2.09,B365W/B365L,AvgW/AvgL,200.0,2.0780000000000003,0.004784688995215447,0.450261780104712,1.0575858250276855,0.08856637612517287,0.13153912808275836,0.11968490864570092,0.02989525638244508,,True,True,1.0,1.1,1.0780000000000003
2020-09-28,2020-10-03,Roland Garros,R32,Clay,5,Stefanos Tsitsipas,Aljaz Bedene,player2,top_10,0.9406162637934907,1.11,1.1,B365W/B365L,AvgW/AvgL,200.0,1.1078000000000001,0.009090909090909038,0.8541392904073586,1.0547470547470548,0.08647697338613214,0.04408405281077479,0.042014697030429135,0.10019102911539716,,True,True,1.0,0.1100000000000001,0.10780000000000012
2020-09-28,2020-10-07,Roland Garros,QF,Clay,5,Novak Djokovic,Pablo Carreno Busta,player1,top_10,0.98,1.06,1.06,B365W/B365L,AvgW/AvgL,200.0,1.0588,0.0,0.9041591320072333,1.0433962264150942,0.07584086799276668,0.038800000000000036,0.03762399999999994,0.16166666666666668,,True,True,1.0,0.06000000000000005,0.05879999999999996
2020-09-28,2020-10-09,Roland Garros,SF,Clay,5,Stefanos Tsitsipas,Novak Djokovic,player2,top_10,0.34837802972658016,3.4,3.53,B365W/B365L,AvgW/AvgL,200.0,3.352,-0.03682719546742208,0.28118393234672306,1.0459973463069439,0.0671940973798571,0.18448530107037253,0.16776315564349664,0.01921721886149714,,True,False,1.0,-1.0,-1.0
2020-09-28,2020-10-09,Roland Garros,SF,Clay,5,Diego Schwartzman,Rafael Nadal,player1,top_10,0.1915757362774442,5.5,5.51,B365W/B365L,AvgW/AvgL,200.0,5.41,-0.001814882032667886,0.1716867469879518,1.0590111642743223,0.019888989289492398,0.053666549525943075,0.036424733260973174,0.002981474973663504,,True,False,1.0,-1.0,-1.0
2020-09-28,2020-10-11,Roland Garros,F,Clay,5,Rafael Nadal,Novak Djokovic,player1,top_10,0.6957236291544524,1.72,1.68,B365W/B365L,AvgW/AvgL,200.0,1.7056,0.023809523809523725,0.549738219895288,1.0575858250276855,0.14598540925916437,0.19664464214565813,0.18662622188583405,0.06827938963390907,,True,True,1.0,0.72,0.7056
2020-10-12,2020-10-13,St Petersburg,R32,Hard,3,Vasek Pospisil,Andrey Rublev,player1,top_10,0.4302618632836977,2.75,2.92,B365W/B365L,AvgW/AvgL,200.0,2.715,-0.05821917808219179,0.3373493975903614,1.077922077922078,0.09291246569333628,0.18322012403016863,0.16816095881523918,0.026174303432881234,,True,False,1.0,-1.0,-1.0
2020-10-12,2020-10-14,St Petersburg,R32,Hard,3,Richard Gasquet,Daniil Medvedev,player2,top_10,0.304860115826765,6.0,6.12,B365W/B365L,AvgW/AvgL,200.0,5.9,-0.019607843137254943,0.15730337078651685,1.0595238095238095,0.14755674504024813,0.8291606949605899,0.7986746833779135,0.04145803474802949,,True,False,1.0,-1.0,-1.0
2020-10-12,2020-10-14,Sardinia,R32,Clay,3,Corentin Moutet,Frances Tiafoe,player2,other,0.46928693871874916,2.2,2.17,B365W/B365L,AvgW/AvgL,200.0,2.176,0.01382488479262678,0.4225721784776903,1.0756634669678147,0.04671476024105886,0.03243126518124828,0.021168378651998276,0.006756513579426724,,True,True,1.0,1.2000000000000002,1.1760000000000002
2020-10-12,2020-10-15,St Petersburg,R16,Hard,3,Ugo Humbert,Andrey Rublev,player2,top_10,0.3302512912556479,4.5,5.18,B365W/B365L,AvgW/AvgL,200.0,4.43,-0.13127413127413123,0.2077464788732394,1.0696798493408664,0.12250481238240848,0.48613081065041563,0.4630132202625201,0.034723629332172545,,True,False,1.0,-1.0,-1.0
2020-10-12,2020-10-15,Cologne 1,R16,Hard,3,Fernando Verdasco,Alexander Zverev,player2,top_10,0.4508674670044126,4.33,4.5,B365W/B365L,AvgW/AvgL,200.0,4.2634,-0.0377777777777778,0.21699819168173598,1.0642802155504234,0.23386927532267662,0.9522561321291065,0.9222283588266127,0.07149070061029328,,True,False,1.0,-1.0,-1.0
2020-10-12,2020-10-17,St Petersburg,SF,Hard,3,Andrey Rublev,Denis Shapovalov,player1,top_10,0.655027816075585,1.66,1.63,B365W/B365L,AvgW/AvgL,200.0,1.6467999999999998,0.01840490797546024,0.5585106382978724,1.078600114744693,0.09651717777771263,0.08734617468547107,0.07869980751327332,0.0330856722293451,,True,True,1.0,0.6599999999999999,0.6467999999999998
2020-10-19,2020-10-21,Antwerp,R16,Hard,3,Pablo Andujar,Grigor Dimitrov,player2,other,0.1800170519677593,6.5,5.36,B365W/B365L,AvgW/AvgL,200.0,6.39,0.2126865671641791,0.14586070959264127,1.0547470547470548,0.034156342375118026,0.17011083779043545,0.15030896207398192,0.007732310808656157,,True,False,1.0,-1.0,-1.0
2020-10-19,2020-10-23,Cologne 2,QF,Hard,3,Alejandro Davidovich Fokina,Diego Schwartzman,player1,top_10,0.4137540523961705,3.4,3.4,B365W/B365L,AvgW/AvgL,200.0,3.352,0.0,0.2765957446808511,1.0633484162895928,0.13715830771531945,0.4067637781469797,0.38690358363196353,0.04237122689031039,,True,False,1.0,-1.0,-1.0
2020-10-19,2020-10-24,Cologne 2,SF,Hard,3,Diego Schwartzman,Felix Auger Aliassime,player1,top_10,0.6302914503898106,1.75,1.79,B365W/B365L,AvgW/AvgL,200.0,1.7349999999999999,-0.022346368715083775,0.5333333333333333,1.0714285714285714,0.09695811705647728,0.10301003818216858,0.0935556664263213,0.03433667939405619,,True,True,1.0,0.75,0.7349999999999999
2020-10-19,2020-10-24,Cologne 2,SF,Hard,3,Jannik Sinner,Alexander Zverev,player1,top_10,0.532419292849179,1.95,1.95,B365W/B365L,AvgW/AvgL,200.0,1.931,0.0,0.48,1.0683760683760686,0.05241929284917901,0.03821762105589899,0.02810165449176466,0.010057268698920787,,True,False,1.0,-1.0,-1.0
2020-10-26,2020-10-26,Vienna,R32,Hard,3,Norbert Gombos,Andrey Rublev,player2,top_10,0.10427367287743083,11.0,9.08,B365W/B365L,AvgW/AvgL,200.0,10.8,0.21145374449339216,0.08713692946058092,1.0432900432900432,0.01713674341684991,0.14701040165173918,0.12615566707625303,0.0036752600412934796,,True,False,1.0,-1.0,-1.0
2020-10-26,2020-10-27,Vienna,R32,Hard,3,Filip Krajinovic,Novak Djokovic,player2,top_10,0.22524483676178686,8.0,8.57,B365W/B365L,AvgW/AvgL,200.0,7.859999999999999,-0.06651108518086346,0.11894273127753305,1.0509259259259258,0.10630210548425381,0.8019586940942948,0.7704244169476445,0.0286413819319391,,True,False,1.0,-1.0,-1.0
2020-10-26,2020-10-28,Vienna,R32,Hard,3,Daniil Medvedev,Jason Jung,player2,top_10,0.98,1.08,1.06,B365W/B365L,AvgW/AvgL,200.0,1.0784,0.018867924528301883,0.8810572687224669,1.0509259259259258,0.09894273127753306,0.05840000000000005,0.05683200000000001,0.1825,,True,True,1.0,0.08000000000000007,0.07840000000000003
2020-10-26,2020-10-28,Vienna,R32,Hard,3,Jan Lennard Struff,Stefanos Tsitsipas,player2,top_10,0.4040818568569575,3.5,3.62,B365W/B365L,AvgW/AvgL,200.0,3.45,-0.03314917127071826,0.2677824267782427,1.0669642857142856,0.1362994300787148,0.4142864989993513,0.3940824061565035,0.04142864989993513,,True,False,1.0,-1.0,-1.0
2020-10-26,2020-10-29,Vienna,R16,Hard,3,Dominic Thiem,Cristian Garin,player2,top_10,0.9573403732449306,1.14,1.12,B365W/B365L,AvgW/AvgL,200.0,1.1372,0.01785714285714257,0.8283132530120482,1.0590111642743223,0.12902712023288243,0.0913680254992208,0.08868747245413505,0.1631571883914658,,True,True,1.0,0.1399999999999999,0.1372
2020-10-26,2020-10-30,Vienna,QF,Hard,3,Dominic Thiem,Andrey Rublev,player2,top_10,0.632885454645141,1.75,1.77,B365W/B365L,AvgW/AvgL,200.0,1.7349999999999999,-0.011299435028248594,0.5333333333333333,1.0714285714285714,0.09955212131180768,0.10754954562899677,0.09805626380931959,0.03584984854299892,,True,False,1.0,-1.0,-1.0
2020-10-26,2020-10-30,Vienna,QF,Hard,3,Kevin Anderson,Daniil Medvedev,player2,top_10,0.2430520009803241,4.33,4.17,B365W/B365L,AvgW/AvgL,200.0,4.2634,0.0383693045563549,0.21699819168173598,1.0642802155504234,0.02605380929858811,0.0524151642448033,0.03622790097951367,0.003935072390750999,,True,True,1.0,3.33,3.2634
2020-10-26,2020-10-31,Vienna,SF,Hard,3,Kevin Anderson,Andrey Rublev,player2,top_10,0.3918615518016273,4.33,4.36,B365W/B365L,AvgW/AvgL,200.0,4.2634,-0.006880733944954143,0.21699819168173598,1.0642802155504234,0.17486336011989131,0.6967605193010462,0.6706625399510577,0.05230934829587434,,True,False,1.0,-1.0,-1.0
2020-11-02,2020-11-03,Paris Masters,R32,Hard,4,Marcos Giron,Matteo Berrettini,player1,top_10,0.3104447094698038,3.4,3.15,B365W/B365L,AvgW/AvgL,200.0,3.352,0.0793650793650793,0.2765957446808511,1.0633484162895928,0.03384896478895272,0.055512012197332816,0.04061066614278219,0.005782501270555502,,True,True,1.0,2.4,2.352
2020-11-02,2020-11-04,Paris Masters,R32,Hard,4,Kevin Anderson,Daniil Medvedev,player2,top_10,0.4933739670697562,3.0,3.04,B365W/B365L,AvgW/AvgL,200.0,2.96,-0.013157894736842146,0.3119266055045871,1.0686274509803921,0.1814473615651691,0.4801219012092687,0.4603869425264784,0.060015237651158584,,True,False,1.0,-1.0,-1.0
2020-11-02,2020-11-04,Paris Masters,R32,Hard,4,Radu Albot,Andrey Rublev,player2,top_10,0.2789969768235059,8.0,8.82,B365W/B365L,AvgW/AvgL,200.0,7.859999999999999,-0.09297052154195018,0.11894273127753305,1.0509259259259258,0.16005424554597283,1.231975814588047,1.192916237832756,0.043999136235287395,,True,False,1.0,-1.0,-1.0
2020-11-02,2020-11-04,Paris Masters,R32,Hard,4,Miomir Kecmanovic,Alexander Zverev,player2,top_10,0.3248018364039106,3.25,3.34,B365W/B365L,AvgW/AvgL,200.0,3.205,-0.026946107784431073,0.2903930131004367,1.059572006940428,0.03440882330347389,0.055605968312709364,0.04098988567453343,0.006178440923634374,,True,False,1.0,-1.0,-1.0
2020-11-02,2020-11-04,Paris Masters,R32,Hard,4,Rafael Nadal,Feliciano Lopez,player2,top_10,0.9318805170024524,1.11,1.08,B365W/B365L,AvgW/AvgL,200.0,1.1078000000000001,0.0277777777777779,0.8541392904073586,1.0547470547470548,0.07774122659509386,0.03438737387272231,0.032337236735316924,0.07815312243800518,,True,True,1.0,0.1100000000000001,0.10780000000000012
2020-11-02,2020-11-05,Paris Masters,R16,Hard,4,Alex De Minaur,Daniil Medvedev,player1,top_10,0.41335136827759345,2.5,2.44,B365W/B365L,AvgW/AvgL,200.0,2.4699999999999998,0.024590163934426146,0.3796526054590571,1.05359477124183,0.03369876281853634,0.03337842069398367,0.020977879645655673,0.005563070115663944,,True,False,1.0,-1.0,-1.0
2020-11-02,2020-11-05,Paris Masters,R16,Hard,4,Alejandro Davidovich Fokina,Diego Schwartzman,player1,top_10,0.4505941421150548,2.75,2.75,B365W/B365L,AvgW/AvgL,200.0,2.715,0.0,0.3436754176610979,1.058080808080808,0.10691872445395689,0.23913389081640068,0.22336309584237368,0.03416198440234296,,True,False,1.0,-1.0,-1.0
2020-11-02,2020-11-06,Paris Masters,QF,Hard,4,Alexander Zverev,Stan Wawrinka,player1,top_10,0.8115801716842213,1.44,1.45,B365W/B365L,AvgW/AvgL,200.0,1.4312,-0.006896551724137945,0.6563245823389022,1.058080808080808,0.15525558934531902,0.16867544722527855,0.1615335417144575,0.09583832228709009,,True,True,1.0,0.43999999999999995,0.4312
2020-11-02,2020-11-06,Paris Masters,QF,Hard,4,Pablo Carreno Busta,Rafael Nadal,player2,top_10,0.17895370854529535,6.0,5.31,B365W/B365L,AvgW/AvgL,200.0,5.9,0.12994350282485878,0.15730337078651685,1.0595238095238095,0.021650337758778504,0.07372225127177212,0.0558268804172426,0.003686112563588606,,True,False,1.0,-1.0,-1.0
2020-11-02,2020-11-07,Paris Masters,SF,Hard,4,Milos Raonic,Daniil Medvedev,player2,top_10,0.43464935968446894,2.75,2.66,B365W/B365L,AvgW/AvgL,200.0,2.715,0.03383458646616533,0.3436754176610979,1.058080808080808,0.09097394202337106,0.19528573913228953,0.1800730115433331,0.027897962733184217,,True,False,1.0,-1.0,-1.0
2020-11-02,2020-11-07,Paris Masters,SF,Hard,4,Alexander Zverev,Rafael Nadal,player2,top_10,0.4503458551566235,2.37,2.42,B365W/B365L,AvgW/AvgL,200.0,2.3426,-0.02066115702479332,0.398477157360406,1.058883603429278,0.0518686977962175,0.06731967672119776,0.054980200289906245,0.012284612540364554,,True,True,1.0,1.37,1.3426
2020-11-02,2020-11-08,Paris Masters,F,Hard,4,Daniil Medvedev,Alexander Zverev,player2,top_10,0.6229064042996364,1.9,1.91,B365W/B365L,AvgW/AvgL,200.0,1.882,-0.005235602094240788,0.5,1.0526315789473684,0.1229064042996364,0.1835221681693091,0.17230985289191558,0.050978380047030314,,True,True,1.0,0.8999999999999999,0.8819999999999999
2020-11-16,2020-11-16,Tour Finals,RR,Hard,1,Alexander Zverev,Daniil Medvedev,player2,top_10,0.5870460637627997,2.05,2.16,B365W/B365L,AvgW/AvgL,200.0,2.029,-0.05092592592592604,0.4533333333333333,1.0760401721664277,0.13371273042946635,0.2034444307137392,0.19111646337472044,0.04843915016993791,,True,False,1.0,-1.0,-1.0
2020-11-16,2020-11-16,Tour Finals,RR,Hard,1,Diego Schwartzman,Novak Djokovic,player2,top_10,0.2511859658465264,6.0,6.75,B365W/B365L,AvgW/AvgL,200.0,5.9,-0.11111111111111116,0.15730337078651685,1.0595238095238095,0.09388259506000957,0.5071157950791584,0.48199719849450584,0.02535578975395792,,True,False,1.0,-1.0,-1.0
2020-11-16,2020-11-17,Tour Finals,RR,Hard,1,Stefanos Tsitsipas,Andrey Rublev,player2,top_10,0.6691011359107597,1.7,1.76,B365W/B365L,AvgW/AvgL,200.0,1.686,-0.03409090909090917,0.5466666666666666,1.0760401721664277,0.12243446924409307,0.13747193104829147,0.12810451514554083,0.04909711823153267,,True,True,1.0,0.7,0.6859999999999999
2020-11-16,2020-11-18,Tour Finals,RR,Hard,1,Alexander Zverev,Diego Schwartzman,player2,top_10,0.879356413420431,1.28,1.31,B365W/B365L,AvgW/AvgL,200.0,1.2744,-0.022900763358778664,0.7322175732217574,1.0669642857142856,0.14713884019867363,0.12557620917815174,0.12065181326299729,0.11212161533763547,,True,True,1.0,0.28,0.2744
2020-11-16,2020-11-19,Tour Finals,RR,Hard,1,Andrey Rublev,Dominic Thiem,player2,top_10,0.4336014281098187,2.5,2.39,B365W/B365L,AvgW/AvgL,200.0,2.4699999999999998,0.046025104602510414,0.375,1.0666666666666667,0.05860142810981872,0.08400357027454686,0.07099552743125215,0.01400059504575781,,True,True,1.0,1.5,1.4699999999999998
2020-11-16,2020-11-20,Tour Finals,RR,Hard,1,Novak Djokovic,Alexander Zverev,player1,top_10,0.817877295227124,1.33,1.31,B365W/B365L,AvgW/AvgL,200.0,1.3234000000000001,0.01526717557251911,0.7096069868995633,1.059572006940428,0.1082703083275608,0.08777680265207505,0.0823788125035761,0.0664975777667235,,True,True,1.0,0.33000000000000007,0.32340000000000013
2021-01-04,2021-01-07,Delray Beach,R32,Hard,3,Thomaz Bellucci,Thiago Monteiro,player2,other,0.3479832003755772,3.0,3.1,B365W/B365L,AvgW/AvgL,200.0,2.96,-0.032258064516129115,0.3119266055045871,1.0686274509803921,0.036056594870990055,0.04394960112673152,0.030030273111708472,0.00549370014084144,,True,False,1.0,-1.0,-1.0
2021-01-04,2021-01-08,Delray Beach,R32,Hard,3,Andrej Martin,Daniel Elahi Galan,player2,other,0.4016267965983451,2.75,2.7,B365W/B365L,AvgW/AvgL,200.0,2.715,0.01851851851851838,0.3373493975903614,1.077922077922078,0.06427739900798368,0.10447369064544909,0.09041675276450689,0.01492481294934987,,True,False,1.0,-1.0,-1.0
2021-01-04,2021-01-10,Delray Beach,R16,Hard,3,Daniel Elahi Galan,Hubert Hurkacz,player2,other,0.34429862310166126,3.0,3.12,B365W/B365L,AvgW/AvgL,200.0,2.96,-0.03846153846153855,0.3119266055045871,1.0686274509803921,0.03237201759707414,0.03289586930498378,0.019123924380917368,0.004111983663122973,,True,False,1.0,-1.0,-1.0
2021-01-05,2021-01-10,Antalya,R16,Hard,3,Dimitar Kuzmanov,Matteo Berrettini,player1,top_10,0.12224641390706367,9.0,8.72,B365W/B365L,AvgW/AvgL,200.0,8.84,0.032110091743119185,0.10625620655412116,1.0456905503634475,0.015990207352942515,0.10021772516357308,0.0806582989384429,0.0031318039113616587,,True,False,1.0,-1.0,-1.0
2021-02-01,2021-02-01,Murray River Open,R64,Hard,3,Marco Cecchinato,Marton Fucsovics,player1,other,0.18772379213448398,5.5,5.03,B365W/B365L,AvgW/AvgL,200.0,5.41,0.09343936381709739,0.1716867469879518,1.0590111642743223,0.016037045146532175,0.032480856739661834,0.01558571544755838,0.0018044920410923242,,True,False,1.0,-1.0,-1.0
2021-02-01,2021-02-01,Murray River Open,R64,Hard,3,Mikael Ymer,Adrian Mannarino,player1,other,0.38698640655027094,2.75,2.74,B365W/B365L,AvgW/AvgL,200.0,2.715,0.0036496350364962904,0.3373493975903614,1.077922077922078,0.04963700895990952,0.06421261801324507,0.05066809378398551,0.009173231144749296,,True,False,1.0,-1.0,-1.0
2021-02-01,2021-02-02,Murray River Open,R32,Hard,3,Pedro Sousa,Daniel Evans,player2,other,0.20175454752518507,5.5,5.3,B365W/B365L,AvgW/AvgL,200.0,5.41,0.037735849056603765,0.1716867469879518,1.0590111642743223,0.030067800537233264,0.10965001138851782,0.09149210211125125,0.006091667299362101,,True,False,1.0,-1.0,-1.0
2021-02-08,2021-02-08,Australian Open,R128,Hard,5,Federico Coria,Milos Raonic,player2,other,0.051090126343214415,26.0,21.38,B365W/B365L,AvgW/AvgL,200.0,25.5,0.21608980355472407,0.03739355794150315,1.0285605483625286,0.013696568401711268,0.3283432849235748,0.3027982217519676,0.003283432849235748,,True,False,1.0,-1.0,-1.0
2021-02-08,2021-02-08,Australian Open,R128,Hard,5,Mikhail Kukushkin,Dominic Thiem,player2,top_10,0.21770758385979339,17.0,15.11,B365W/B365L,AvgW/AvgL,200.0,16.68,0.12508272667107878,0.05660377358490567,1.0392156862745097,0.1611038102748877,2.7010289256164874,2.6313624987813533,0.042203576962757616,,True,False,1.0,-1.0,-1.0
2021-02-08,2021-02-08,Australian Open,R128,Hard,5,Benoit Paire,Egor Gerasimov,player2,other,0.2138288509218751,5.0,5.36,B365W/B365L,AvgW/AvgL,200.0,4.92,-0.0671641791044777,0.1883116883116883,1.0620689655172415,0.0255171626101868,0.06914425460937546,0.052037946535625434,0.004321515913085966,,True,False,1.0,-1.0,-1.0
2021-02-08,2021-02-08,Australian Open,R128,Hard,5,Elias Ymer,Diego Schwartzman,player2,top_10,0.19957315173176715,13.0,11.74,B365W/B365L,AvgW/AvgL,200.0,12.76,0.10732538330494035,0.07407407407407408,1.0384615384615383,0.12549907765769308,1.594450972512973,1.5465534160973489,0.03321772859402027,,True,False,1.0,-1.0,-1.0
2021-02-08,2021-02-09,Australian Open,R128,Hard,5,Vasek Pospisil,Daniil Medvedev,player1,top_10,0.1475763384292335,13.0,11.62,B365W/B365L,AvgW/AvgL,200.0,12.76,0.11876075731497426,0.07407407407407408,1.0384615384615383,0.07350226435515943,0.9184923995800356,0.8830740783570195,0.019135258324584074,,True,False,1.0,-1.0,-1.0
2021-02-08,2021-02-09,Australian Open,R128,Hard,5,Gilles Simon,Stefanos Tsitsipas,player1,top_10,0.10781939786335532,10.0,11.11,B365W/B365L,AvgW/AvgL,200.0,9.82,-0.09990999099909992,0.09584086799276674,1.0433962264150942,0.011978529870588575,0.07819397863355304,0.05878648701814915,0.00217205496204314,,True,False,1.0,-1.0,-1.0
2021-02-08,2021-02-09,Australian Open,R128,Hard,5,Kevin Anderson,Matteo Berrettini,player1,top_10,0.31126015942229956,3.4,3.22,B365W/B365L,AvgW/AvgL,200.0,3.352,0.05590062111801242,0.28118393234672306,1.0459973463069439,0.0300762270755765,0.058284542035818454,0.04334405438354805,0.006071306462064423,,True,False,1.0,-1.0,-1.0
2021-02-08,2021-02-10,Australian Open,R64,Hard,5,Novak Djokovic,Frances Tiafoe,player1,top_10,0.04412437099463485,29.0,1.01,B365W/B365L,AvgW/AvgL,200.0,28.439999999999998,27.712871287128714,0.032268829045283144,1.0686089220126236,0.011855541949351706,0.27960675884441066,0.254897111087415,0.0024964889182536665,,True,True,1.0,28.0,27.439999999999998
2021-02-08,2021-02-12,Australian Open,R32,Hard,5,Adrian Mannarino,Alexander Zverev,player1,top_10,0.1996461793262736,5.5,5.68,B365W/B365L,AvgW/AvgL,200.0,5.41,-0.03169014084507038,0.1716867469879518,1.0590111642743223,0.027959432338321794,0.09805398629450479,0.08008583015514015,0.005447443683028044,,True,False,1.0,-1.0,-1.0
2021-02-08,2021-02-12,Australian Open,R32,Hard,5,Dominic Thiem,Nick Kyrgios,player2,top_10,0.8285051624419081,1.28,1.25,B365W/B365L,AvgW/AvgL,200.0,1.2744,0.02400000000000002,0.7455268389662029,1.0479166666666666,0.08297832347570522,0.060486607925642366,0.055846979015967635,0.05400589993360925,,True,True,1.0,0.28,0.2744
2021-02-08,2021-02-13,Australian Open,R32,Hard,5,Feliciano Lopez,Andrey Rublev,player1,top_10,0.12574488881140328,19.0,13.97,B365W/B365L,AvgW/AvgL,200.0,18.64,0.3600572655690766,0.050949050949050945,1.0330237358101135,0.07479583786235233,1.389152887416662,1.3438847274445571,0.019293790103009197,,True,False,1.0,-1.0,-1.0
2021-02-08,2021-02-13,Australian Open,R32,Hard,5,Filip Krajinovic,Daniil Medvedev,player1,top_10,0.1303417013730133,11.0,10.07,B365W/B365L,AvgW/AvgL,200.0,10.8,0.09235352532274077,0.08713692946058092,1.0432900432900432,0.04320477191243237,0.4337587151031461,0.40769037482854364,0.010843967877578653,,True,False,1.0,-1.0,-1.0
2021-02-08,2021-02-13,Australian Open,R32,Hard,5,Matteo Berrettini,Karen Khachanov,player1,top_10,0.7379456944947447,1.4,1.4,B365W/B365L,AvgW/AvgL,200.0,1.392,0.0,0.6818181818181818,1.0476190476190477,0.05612751267656291,0.03312397229264247,0.02722040673668452,0.020702482682901546,,True,True,1.0,0.3999999999999999,0.3919999999999999
2021-02-08,2021-02-15,Australian Open,R16,Hard,5,Mackenzie Mcdonald,Daniil Medvedev,player1,top_10,0.09769846150498532,15.0,12.13,B365W/B365L,AvgW/AvgL,200.0,14.719999999999999,0.23660346248969488,0.06425452276980662,1.0375404530744337,0.0334439387351787,0.4654769225747798,0.43812135335338376,0.008312087903121069,,True,False,1.0,-1.0,-1.0
2021-02-08,2021-02-15,Australian Open,R16,Hard,5,Stefanos Tsitsipas,Matteo Berrettini,player1,top_10,0.8818711004776278,1.25,1.26,B365W/B365L,AvgW/AvgL,200.0,1.245,-0.007936507936507908,0.7619047619047619,1.05,0.11996633857286598,0.1023388755970348,0.09792952009464675,0.1023388755970348,,True,True,1.0,0.25,0.2450000000000001
2021-02-02,2021-02-16,Atp Cup,RR,Hard,3,Novak Djokovic,Alexander Zverev,player2,top_10,0.683472782301592,1.57,1.58,B365W/B365L,AvgW/AvgL,200.0,1.5586000000000002,-0.006329113924050667,0.6015228426395939,1.058883603429278,0.08194993966199815,0.07305226821349953,0.06526067849526146,0.03204046851469277,,True,True,1.0,0.5700000000000001,0.5586000000000002
2021-02-08,2021-02-16,Australian Open,QF,Hard,5,Novak Djokovic,Alexander Zverev,player1,top_10,0.7221490110256821,1.57,1.58,B365W/B365L,AvgW/AvgL,200.0,1.5586000000000002,-0.006329113924050667,0.6015228426395939,1.058883603429278,0.1206261683860882,0.13377394731032088,0.12554144858462823,0.05867278390803547,,True,True,1.0,0.5700000000000001,0.5586000000000002
2021-02-08,2021-02-17,Australian Open,QF,Hard,5,Andrey Rublev,Daniil Medvedev,player1,top_10,0.3820608921458938,2.75,2.89,B365W/B365L,AvgW/AvgL,200.0,2.715,-0.04844290657439454,0.3436754176610979,1.058080808080808,0.0383854744847959,0.05066745340120793,0.03729532217610154,0.00723820762874399,,True,False,1.0,-1.0,-1.0
2021-02-08,2021-02-17,Australian Open,QF,Hard,5,Stefanos Tsitsipas,Rafael Nadal,player1,top_10,0.443445791792497,2.75,2.9,B365W/B365L,AvgW/AvgL,200.0,2.715,-0.051724137931034475,0.3436754176610979,1.058080808080808,0.09977037413139911,0.21947592742936672,0.20395532471662925,0.03135370391848096,,True,True,1.0,1.75,1.7149999999999999
2021-02-08,2021-02-19,Australian Open,SF,Hard,5,Daniil Medvedev,Stefanos Tsitsipas,player1,top_10,0.8270158156704022,1.4,1.41,B365W/B365L,AvgW/AvgL,200.0,1.392,-0.007092198581560294,0.6818181818181818,1.0476190476190477,0.1451976338522204,0.15782214193856298,0.15120601541319972,0.09863883871160188,,True,True,1.0,0.3999999999999999,0.3919999999999999
2021-02-08,2021-02-21,Australian Open,F,Hard,5,Daniil Medvedev,Novak Djokovic,player1,top_10,0.5577456537131184,2.0,2.0,B365W/B365L,AvgW/AvgL,200.0,1.98,0.0,0.47780678851174935,1.046448087431694,0.079938865201369,0.1154913074262367,0.10433639435197428,0.028872826856559175,,True,False,1.0,-1.0,-1.0
2021-02-22,2021-02-23,Montpellier,R32,Hard,3,Peter Gojowczyk,Jan Lennard Struff,player1,other,0.3480953467495702,3.0,3.14,B365W/B365L,AvgW/AvgL,200.0,2.96,-0.04458598726114649,0.3119266055045871,1.0686274509803921,0.036168741244983094,0.044286040248710634,0.030362226378727764,0.005535755031088829,,True,True,1.0,2.0,1.96
2021-02-22,2021-02-23,Cordoba,R32,Clay,3,Facundo Bagnis,Nicolas Kicker,player1,other,0.8601188625164953,1.2,1.21,B365W/B365L,AvgW/AvgL,200.0,1.196,-0.008264462809917328,0.783001808318264,1.0642802155504234,0.07711705419823123,0.03214263501979428,0.028702159569728297,0.04017829377474286,,True,True,1.0,0.19999999999999996,0.19599999999999995
2021-02-22,2021-02-24,Singapore,R16,Hard,3,Taro Daniel,Marin Cilic,player2,other,0.3254327425151208,3.25,3.53,B365W/B365L,AvgW/AvgL,200.0,3.205,-0.07932011331444755,0.2903930131004367,1.059572006940428,0.035039729414684084,0.057656413174142496,0.04301193976096207,0.006406268130460278,,True,False,1.0,-1.0,-1.0
2021-02-22,2021-02-25,Montpellier,R16,Hard,3,Gregoire Barrere,Roberto Bautista Agut,player2,other,0.31257914595621084,3.5,3.35,B365W/B365L,AvgW/AvgL,200.0,3.45,0.04477611940298498,0.2677824267782427,1.0669642857142856,0.044796719177968125,0.09402701084673792,0.07839805354892748,0.009402701084673792,,True,False,1.0,-1.0,-1.0
2021-02-22,2021-02-25,Cordoba,R16,Clay,3,Diego Schwartzman,Marco Cecchinato,player2,top_10,0.8688982212662777,1.3,1.32,B365W/B365L,AvgW/AvgL,200.0,1.294,-0.015151515151515138,0.7234042553191489,1.0633484162895928,0.14549396594712882,0.12956768764616106,0.12435429831856337,0.10797307303846754,,True,True,1.0,0.30000000000000004,0.29400000000000004
2021-02-22,2021-02-25,Singapore,R16,Hard,3,Matthew Ebden,John Millman,player2,other,0.2749705013569721,3.75,4.02,B365W/B365L,AvgW/AvgL,200.0,3.695,-0.06716417910447747,0.25,1.0666666666666667,0.024970501356972097,0.031139380088645363,0.016016002514011807,0.0028308527353313965,,True,True,1.0,2.75,2.695
2021-03-01,2021-03-01,Buenos Aires,R32,Clay,3,Marco Cecchinato,Laslo Djere,player2,other,0.581298831230173,1.8,1.75,B365W/B365L,AvgW/AvgL,200.0,1.784,0.028571428571428692,0.5263157894736842,1.0555555555555556,0.054983041756488826,0.04633789621431145,0.03703711491462869,0.014480592566972327,,True,False,1.0,-1.0,-1.0
2021-03-01,2021-03-02,Rotterdam,R32,Hard,3,Egor Gerasimov,Stefanos Tsitsipas,player1,top_10,0.25132416564520627,4.5,4.88,B365W/B365L,AvgW/AvgL,200.0,4.43,-0.07786885245901642,0.21052631578947367,1.0555555555555556,0.04079784985573259,0.13095874540342822,0.1133660538082637,0.009354196100244874,,True,False,1.0,-1.0,-1.0
2021-03-01,2021-03-02,Rotterdam,R32,Hard,3,Marcos Giron,Andrey Rublev,player1,top_10,0.19230005115578758,6.0,7.01,B365W/B365L,AvgW/AvgL,200.0,5.9,-0.14407988587731813,0.15730337078651685,1.0595238095238095,0.03499668036927073,0.15380030693472535,0.13457030181914675,0.007690015346736268,,True,False,1.0,-1.0,-1.0
2021-03-01,2021-03-02,Rotterdam,R32,Hard,3,Ugo Humbert,Jeremy Chardy,player2,other,0.7264984095867622,1.44,1.49,B365W/B365L,AvgW/AvgL,200.0,1.4312,-0.033557046979865834,0.6563245823389022,1.058080808080808,0.07017382724785992,0.04615770980493744,0.03976452380057399,0.026225971480078096,,True,False,1.0,-1.0,-1.0
2021-03-01,2021-03-02,Buenos Aires,R32,Clay,3,Sumit Nagal,Joao Sousa,player2,other,0.7798951263159526,1.4,1.44,B365W/B365L,AvgW/AvgL,200.0,1.392,-0.02777777777777779,0.6818181818181818,1.0476190476190477,0.09807694449777082,0.09185317684233357,0.08561401583180595,0.0574082355264585,,True,True,1.0,0.3999999999999999,0.3919999999999999
2021-03-01,2021-03-03,Rotterdam,R32,Hard,3,Dusan Lajovic,Daniil Medvedev,player1,top_10,0.16882636288800998,8.0,7.35,B365W/B365L,AvgW/AvgL,200.0,7.859999999999999,0.08843537414965996,0.11894273127753305,1.0509259259259258,0.04988363161047693,0.35061090310407983,0.32697521229975846,0.01252181796800285,,True,True,1.0,7.0,6.859999999999999
2021-03-01,2021-03-03,Rotterdam,R16,Hard,3,Andy Murray,Andrey Rublev,player2,top_10,0.17422370091899297,6.0,5.68,B365W/B365L,AvgW/AvgL,200.0,5.9,0.05633802816901423,0.15730337078651685,1.0595238095238095,0.016920330132476125,0.045342205513957845,0.02791983542205856,0.002267110275697892,,True,False,1.0,-1.0,-1.0
2021-03-01,2021-03-04,Rotterdam,R16,Hard,3,Hubert Hurkacz,Stefanos Tsitsipas,player1,top_10,0.4013370339379899,4.5,4.53,B365W/B365L,AvgW/AvgL,200.0,4.43,-0.0066225165562914245,0.21052631578947367,1.0555555555555556,0.19081071814851625,0.8060166527209546,0.7779230603452952,0.05757261805149676,,True,False,1.0,-1.0,-1.0
2021-03-01,2021-03-05,Rotterdam,QF,Hard,3,Stefanos Tsitsipas,Karen Khachanov,player1,top_10,0.8620511029471392,1.36,1.37,B365W/B365L,AvgW/AvgL,200.0,1.3528000000000002,-0.007299270072992692,0.7017543859649122,1.0477941176470589,0.16029671698222692,0.17238950000810932,0.16618273206689005,0.119714930561187,,True,True,1.0,0.3600000000000001,0.3528000000000002
2021-03-01,2021-03-05,Buenos Aires,QF,Clay,3,Diego Schwartzman,Jaume Munar,player2,top_10,0.8909346189443077,1.33,1.32,B365W/B365L,AvgW/AvgL,200.0,1.3234000000000001,0.007575757575757569,0.7188160676532769,1.0459973463069439,0.17211855129103082,0.1849430431959293,0.17906287471089694,0.14010836605752217,,True,True,1.0,0.33000000000000007,0.32340000000000013
2021-03-01,2021-03-06,Rotterdam,SF,Hard,3,Andrey Rublev,Stefanos Tsitsipas,player1,top_10,0.5421331779700245,2.0,1.97,B365W/B365L,AvgW/AvgL,200.0,1.98,0.015228426395939021,0.47368421052631576,1.0555555555555556,0.06844896744370871,0.08426635594004894,0.0734236923806485,0.021066588985012236,,True,True,1.0,1.0,0.98
2021-03-01,2021-03-06,Buenos Aires,SF,Clay,3,Diego Schwartzman,Miomir Kecmanovic,player1,top_10,0.8516267552793163,1.25,1.23,B365W/B365L,AvgW/AvgL,200.0,1.245,0.016260162601626105,0.7619047619047619,1.05,0.08972199337455444,0.06453344409914538,0.06027531032274888,0.06453344409914538,,True,True,1.0,0.25,0.2450000000000001
2021-03-08,2021-03-08,Doha,R32,Hard,3,Blaz Rola,Richard Gasquet,player2,other,0.43255459520062545,2.5,2.39,B365W/B365L,AvgW/AvgL,200.0,2.4699999999999998,0.046025104602510414,0.3796526054590571,1.05359477124183,0.052901989741568345,0.08138648800156367,0.06840985014554479,0.01356441466692728,,True,False,1.0,-1.0,-1.0
2021-03-08,2021-03-09,Doha,R32,Hard,3,Jeremy Chardy,Daniel Evans,player2,other,0.4990239317879004,2.1,2.16,B365W/B365L,AvgW/AvgL,200.0,2.0780000000000003,-0.02777777777777779,0.450261780104712,1.0575858250276855,0.04876215168318837,0.04795025675459086,0.03697173025525713,0.010897785626043375,,True,False,1.0,-1.0,-1.0
2021-03-08,2021-03-10,Doha,R16,Hard,3,Daniel Evans,Roger Federer,player1,top_10,0.5372832826704926,2.62,2.54,B365W/B365L,AvgW/AvgL,200.0,2.5876,0.03149606299212593,0.3640776699029127,1.0483460559796436,0.17320561276757995,0.4076822005966908,0.39027422223816677,0.06291391984516832,,True,False,1.0,-1.0,-1.0
2021-03-08,2021-03-10,Doha,R16,Hard,3,Malek Jaziri,Nikoloz Basilashvili,player1,other,0.35063561375166086,3.0,3.05,B365W/B365L,AvgW/AvgL,200.0,2.96,-0.016393442622950727,0.3181818181818181,1.0476190476190477,0.032453795569842736,0.05190684125498257,0.03788141670491607,0.0064883551568728215,,True,False,1.0,-1.0,-1.0
2021-03-08,2021-03-10,Doha,R16,Hard,3,Dominic Thiem,Aslan Karatsev,player1,top_10,0.7776569793695373,1.36,1.38,B365W/B365L,AvgW/AvgL,200.0,1.3528000000000002,-0.014492753623188248,0.7017543859649122,1.0477941176470589,0.07590259340462502,0.05761349194257076,0.05201436169111018,0.04000936940456302,,True,True,1.0,0.3600000000000001,0.3528000000000002
2021-03-08,2021-03-11,Doha,QF,Hard,3,Nikoloz Basilashvili,Roger Federer,player1,top_10,0.3013762342744295,5.5,4.85,B365W/B365L,AvgW/AvgL,200.0,5.41,0.13402061855670122,0.1716867469879518,1.0590111642743223,0.1296894872864777,0.6575692885093622,0.6304454274246636,0.036531627139409016,,True,True,1.0,4.5,4.41
2021-03-08,2021-03-11,Doha,QF,Hard,3,Andrey Rublev,Marton Fucsovics,player1,top_10,0.8691973592347505,1.2,1.2,B365W/B365L,AvgW/AvgL,200.0,1.196,0.0,0.7894736842105263,1.0555555555555556,0.07972367502422417,0.04303683108170056,0.03956004164476157,0.053796038852125715,,True,True,1.0,0.19999999999999996,0.19599999999999995
2021-03-08,2021-03-11,Doha,QF,Hard,3,Roberto Bautista Agut,Dominic Thiem,player1,top_10,0.4335098685549535,2.75,2.74,B365W/B365L,AvgW/AvgL,200.0,2.715,0.0036496350364962904,0.3436754176610979,1.058080808080808,0.08983445089385561,0.192152138526122,0.17697929312669858,0.027450305503731714,,True,True,1.0,1.75,1.7149999999999999
2021-03-08,2021-03-11,Marseille,R16,Hard,3,Stefanos Tsitsipas,Lucas Pouille,player1,top_10,0.9560763744162941,1.1,1.1,B365W/B365L,AvgW/AvgL,200.0,1.098,0.0,0.8641975308641975,1.051948051948052,0.09187884355209663,0.05168401185792361,0.04977185910909103,0.1292100296448089,,True,True,1.0,0.10000000000000009,0.09800000000000009
2021-03-08,2021-03-12,Marseille,QF,Hard,3,Pierre Hugues Herbert,Stefanos Tsitsipas,player1,top_10,0.25717869371256097,5.0,5.32,B365W/B365L,AvgW/AvgL,200.0,4.92,-0.06015037593984962,0.1883116883116883,1.0620689655172415,0.06886700540087268,0.28589346856280484,0.2653191730657999,0.017868341785175303,,True,True,1.0,4.0,3.92
2021-03-08,2021-03-12,Marseille,QF,Hard,3,Daniil Medvedev,Jannik Sinner,player1,top_10,0.808635869189894,1.33,1.33,B365W/B365L,AvgW/AvgL,200.0,1.3234000000000001,0.0,0.7188160676532769,1.0459973463069439,0.08981980153661717,0.07548570602255916,0.07014870928590589,0.05718614092618117,,True,True,1.0,0.33000000000000007,0.32340000000000013
2021-03-15,2021-03-16,Dubai,R32,Hard,3,Emil Ruusuvuori,Andrey Rublev,player2,top_10,0.25637742941300523,5.5,5.11,B365W/B365L,AvgW/AvgL,200.0,5.41,0.0763209393346378,0.1716867469879518,1.0590111642743223,0.08469068242505343,0.41007586177152877,0.3870018931243584,0.022781992320640487,,True,False,1.0,-1.0,-1.0
2021-03-15,2021-03-16,Dubai,R32,Hard,3,Alexei Popyrin,Karen Khachanov,player2,other,0.43881700922545175,2.37,2.39,B365W/B365L,AvgW/AvgL,200.0,2.3426,-0.008368200836820106,0.398477157360406,1.058883603429278,0.04033985186504574,0.03999631186432073,0.02797272581154331,0.00729859705553298,,True,False,1.0,-1.0,-1.0
2021-03-15,2021-03-17,Dubai,R16,Hard,3,Taylor Fritz,Andrey Rublev,player2,top_10,0.2594961214705893,4.0,4.42,B365W/B365L,AvgW/AvgL,200.0,3.94,-0.09502262443438914,0.23809523809523808,1.05,0.021400883375351232,0.037984485882357255,0.02241471859412192,0.0031653738235297713,,True,False,1.0,-1.0,-1.0
2021-03-15,2021-03-17,Dubai,R16,Hard,3,Jannik Sinner,Roberto Bautista Agut,player2,other,0.5280707463060115,2.1,2.1,B365W/B365L,AvgW/AvgL,200.0,2.0780000000000003,0.0,0.450261780104712,1.0575858250276855,0.07780896620129946,0.10894856724262414,0.09733101082389195,0.024761038009687302,,True,True,1.0,1.1,1.0780000000000003
2021-03-15,2021-03-17,Acapulco,R32,Hard,3,Daniel Elahi Galan,Casper Ruud,player2,other,0.27906575630396036,4.0,3.84,B365W/B365L,AvgW/AvgL,200.0,3.94,0.04166666666666674,0.23809523809523808,1.05,0.04097051820872227,0.11626302521584142,0.09951907983760377,0.009688585434653452,,True,False,1.0,-1.0,-1.0
2021-03-15,2021-03-17,Acapulco,R32,Hard,3,Stefan Kozlov,Cameron Norrie,player2,other,0.21005820591162427,5.0,4.85,B365W/B365L,AvgW/AvgL,200.0,4.92,0.030927835051546504,0.1883116883116883,1.0620689655172415,0.021746517599935983,0.05029102955812137,0.03348637308519142,0.0031431893473825856,,True,False,1.0,-1.0,-1.0
2021-03-15,2021-03-17,Acapulco,R32,Hard,3,Stefanos Tsitsipas,Benoit Paire,player2,top_10,0.98,1.06,1.06,B365W/B365L,AvgW/AvgL,200.0,1.0588,0.0,0.9041591320072333,1.0433962264150942,0.07584086799276668,0.038800000000000036,0.03762399999999994,0.16166666666666668,,True,True,1.0,0.06000000000000005,0.05879999999999996
2021-03-15,2021-03-18,Dubai,QF,Hard,3,Andrey Rublev,Marton Fucsovics,player2,top_10,0.9185701792304777,1.16,1.16,B365W/B365L,AvgW/AvgL,200.0,1.1567999999999998,0.0,0.8116883116883117,1.0620689655172415,0.106881867542166,0.06554140790735402,0.06260198333381642,0.10240844985524071,,True,True,1.0,0.15999999999999992,0.15679999999999983
2021-03-15,2021-03-18,Acapulco,R16,Hard,3,John Isner,Stefanos Tsitsipas,player1,top_10,0.2889172396298669,4.33,4.16,B365W/B365L,AvgW/AvgL,200.0,4.2634,0.04086538461538458,0.2198198198198198,1.0506190133646311,0.06909741981004708,0.25101164759732364,0.2317697594379744,0.01884471828808736,,True,False,1.0,-1.0,-1.0
2021-03-15,2021-03-19,Acapulco,QF,Hard,3,Felix Auger Aliassime,Stefanos Tsitsipas,player1,top_10,0.33907114127404786,3.2,3.25,B365W/B365L,AvgW/AvgL,200.0,3.156,-0.01538461538461533,0.2982456140350877,1.0477941176470589,0.04082552723896016,0.08502765207695329,0.07010852186089511,0.009662233190562872,,True,False,1.0,-1.0,-1.0
2021-03-22,2021-03-25,Miami Masters,R128,Hard,4,Fernando Verdasco,Bjorn Fratangelo,player1,other,0.32281690586056994,3.2,2.96,B365W/B365L,AvgW/AvgL,200.0,3.156,0.08108108108108114,0.2982456140350877,1.0477941176470589,0.024571291825482233,0.03301409875382377,0.01881015489595872,0.0037516021311163376,,True,False,1.0,-1.0,-1.0
2021-03-22,2021-03-26,Miami Masters,R64,Hard,4,Mikael Ymer,Nikoloz Basilashvili,player1,other,0.4349266823001552,2.37,2.42,B365W/B365L,AvgW/AvgL,200.0,2.3426,-0.02066115702479332,0.398477157360406,1.058883603429278,0.03644952493974918,0.030776237051367894,0.018859245956343584,0.0056161016517094695,,True,True,1.0,1.37,1.3426
2021-03-22,2021-03-26,Miami Masters,R64,Hard,4,Lloyd Harris,Roberto Bautista Agut,player1,other,0.32539159446691535,3.2,3.51,B365W/B365L,AvgW/AvgL,200.0,3.156,-0.08831908831908819,0.2982456140350877,1.0477941176470589,0.027145980431827643,0.04125310229412915,0.02693587213758486,0.004687852533423767,,True,False,1.0,-1.0,-1.0
2021-03-22,2021-03-27,Miami Masters,R64,Hard,4,Tennys Sandgren,Andrey Rublev,player1,top_10,0.22366017210631142,7.0,8.15,B365W/B365L,AvgW/AvgL,200.0,6.88,-0.14110429447852768,0.13580246913580246,1.051948051948052,0.08785770297050896,0.56562120474418,0.5387819840914225,0.023567550197674165,,True,False,1.0,-1.0,-1.0
2021-03-22,2021-03-28,Miami Masters,R64,Hard,4,Diego Schwartzman,Yasutaka Uchiyama,player2,top_10,0.9133751129090245,1.14,1.12,B365W/B365L,AvgW/AvgL,200.0,1.1372,0.01785714285714257,0.8283132530120482,1.0590111642743223,0.08506185989697634,0.04124762871628784,0.03869017840014266,0.07365647985051406,,True,True,1.0,0.1399999999999999,0.1372
2021-03-22,2021-03-28,Miami Masters,R32,Hard,4,Alexei Popyrin,Daniil Medvedev,player2,top_10,0.20595260971279306,6.5,7.1,B365W/B365L,AvgW/AvgL,200.0,6.39,-0.08450704225352113,0.14586070959264127,1.0547470547470548,0.06009190012015178,0.33869196313315486,0.31603717606474757,0.015395089233325221,,True,False,1.0,-1.0,-1.0
2021-03-22,2021-03-30,Miami Masters,R16,Hard,4,Frances Tiafoe,Daniil Medvedev,player1,top_10,0.2281599292928644,5.5,5.49,B365W/B365L,AvgW/AvgL,200.0,5.41,0.0018214936247722413,0.1716867469879518,1.0590111642743223,0.056473182304912606,0.2548796111107543,0.23434521747439652,0.014159978395041906,,True,False,1.0,-1.0,-1.0
2021-03-22,2021-03-31,Miami Masters,R16,Hard,4,Marin Cilic,Andrey Rublev,player1,top_10,0.15686448000205375,7.0,7.24,B365W/B365L,AvgW/AvgL,200.0,6.88,-0.03314917127071826,0.13580246913580246,1.051948051948052,0.021062010866251285,0.0980513600143762,0.07922762241412984,0.004085473333932342,,True,False,1.0,-1.0,-1.0
2021-03-22,2021-04-01,Miami Masters,QF,Hard,4,Stefanos Tsitsipas,Hubert Hurkacz,player2,top_10,0.9522541824923847,1.2,1.21,B365W/B365L,AvgW/AvgL,200.0,1.196,-0.008264462809917328,0.7894736842105263,1.0555555555555556,0.16278049828185837,0.14270501899086158,0.13889600226089205,0.178381273738577,,True,False,1.0,-1.0,-1.0
2021-04-05,2021-04-06,Cagliari,R32,Clay,3,Thomas Fabbiano,Marco Cecchinato,player1,other,0.263620786062553,4.0,4.01,B365W/B365L,AvgW/AvgL,200.0,3.94,-0.0024937655860348684,0.23809523809523808,1.05,0.025525547967314932,0.05448314425021206,0.038665897086458845,0.004540262020851005,,True,False,1.0,-1.0,-1.0
2021-04-05,2021-04-08,Marbella,R16,Clay,3,Gianluca Mager,Casper Ruud,player2,other,0.4286017736785068,2.5,2.51,B365W/B365L,AvgW/AvgL,200.0,2.4699999999999998,-0.003984063745019806,0.3796526054590571,1.05359477124183,0.048949168219449724,0.07150443419626706,0.058646380985911795,0.011917405699377845,,True,False,1.0,-1.0,-1.0
2021-04-12,2021-04-13,Monte Carlo Masters,R64,Clay,4,Nikoloz Basilashvili,Filip Krajinovic,player2,other,0.3312963861791691,3.2,3.02,B365W/B365L,AvgW/AvgL,200.0,3.156,0.0596026490066226,0.2982456140350877,1.0477941176470589,0.03305077214408142,0.06014843577334128,0.045571394781457775,0.006835049519697873,,True,False,1.0,-1.0,-1.0
2021-04-12,2021-04-13,Monte Carlo Masters,R64,Clay,4,Laslo Djere,Karen Khachanov,player2,other,0.47014046691168665,2.2,2.13,B365W/B365L,AvgW/AvgL,200.0,2.176,0.032863849765258246,0.43005181347150256,1.0569550930996714,0.040088653440184085,0.03430902720571072,0.023025655999830197,0.007147714001189732,,True,False,1.0,-1.0,-1.0
2021-04-12,2021-04-13,Monte Carlo Masters,R64,Clay,4,Jan Lennard Struff,Grigor Dimitrov,player2,other,0.46052685756554146,2.3,2.38,B365W/B365L,AvgW/AvgL,200.0,2.274,-0.03361344537815125,0.411764705882353,1.0559006211180124,0.04876215168318848,0.059211772400745266,0.04723807410404124,0.01138687930783563,,True,False,1.0,-1.0,-1.0
2021-04-12,2021-04-13,Monte Carlo Masters,R64,Clay,4,Lorenzo Sonego,Marton Fucsovics,player2,other,0.44881287649789703,2.3,2.25,B365W/B365L,AvgW/AvgL,200.0,2.274,0.022222222222222143,0.411764705882353,1.0559006211180124,0.03704817061554405,0.03226961594516309,0.02060048115621782,0.006205695374069825,,True,True,1.0,1.2999999999999998,1.274
2021-04-12,2021-04-13,Monte Carlo Masters,R32,Clay,4,Aslan Karatsev,Stefanos Tsitsipas,player1,top_10,0.43502311421515405,2.5,2.54,B365W/B365L,AvgW/AvgL,200.0,2.4699999999999998,-0.015748031496062964,0.3796526054590571,1.05359477124183,0.05537050875609695,0.08755778553788518,0.07450709211143036,0.014592964256314197,,True,False,1.0,-1.0,-1.0
2021-04-12,2021-04-14,Monte Carlo Masters,R32,Clay,4,Casper Ruud,Diego Schwartzman,player1,top_10,0.5229742783848736,2.5,2.49,B365W/B365L,AvgW/AvgL,200.0,2.4699999999999998,0.00401606425702794,0.3796526054590571,1.05359477124183,0.14332167292581655,0.3074356959621841,0.2917464676106378,0.05123928266036402,,True,True,1.0,1.5,1.4699999999999998
2021-04-12,2021-04-14,Monte Carlo Masters,R32,Clay,4,Tommy Paul,Roberto Bautista Agut,player1,other,0.2597128376719117,4.0,4.0,B365W/B365L,AvgW/AvgL,200.0,3.94,0.0,0.23809523809523808,1.05,0.02161759957667364,0.03885135068764689,0.023268580427332264,0.0032376125573039074,,True,False,1.0,-1.0,-1.0
2021-04-12,2021-04-14,Monte Carlo Masters,R32,Clay,4,Andrey Rublev,Salvatore Caruso,player1,top_10,0.9552532344777928,1.08,1.07,B365W/B365L,AvgW/AvgL,200.0,1.0784,0.009345794392523477,0.8810572687224669,1.0509259259259258,0.07419596575532583,0.031673493236016245,0.030145088060851727,0.09897966636255068,,True,True,1.0,0.08000000000000007,0.07840000000000003
2021-04-12,2021-04-14,Monte Carlo Masters,R32,Clay,4,Jannik Sinner,Novak Djokovic,player1,top_10,0.3205553133608223,3.4,3.31,B365W/B365L,AvgW/AvgL,200.0,3.352,0.027190332326283873,0.28118393234672306,1.0459973463069439,0.03937138101409926,0.08988806542679584,0.07450141038547642,0.009363340148624567,,True,False,1.0,-1.0,-1.0
2021-04-12,2021-04-15,Monte Carlo Masters,R16,Clay,4,Cristian Garin,Stefanos Tsitsipas,player1,top_10,0.3439091498784817,3.4,3.36,B365W/B365L,AvgW/AvgL,200.0,3.352,0.011904761904761862,0.28118393234672306,1.0459973463069439,0.06272521753175864,0.16929110958683768,0.1527834703926706,0.01763449058196226,,True,False,1.0,-1.0,-1.0
2021-04-12,2021-04-15,Monte Carlo Masters,R16,Clay,4,David Goffin,Alexander Zverev,player1,top_10,0.4149184204110479,2.5,2.62,B365W/B365L,AvgW/AvgL,200.0,2.4699999999999998,-0.04580152671755733,0.3796526054590571,1.05359477124183,0.03526581495199077,0.03729605102761968,0.024848498415288134,0.0062160085046032805,,True,True,1.0,1.5,1.4699999999999998
2021-04-12,2021-04-15,Monte Carlo Masters,R16,Clay,4,Daniel Evans,Novak Djokovic,player2,top_10,0.10288398740660765,11.0,10.9,B365W/B365L,AvgW/AvgL,200.0,10.8,0.00917431192660545,0.08713692946058092,1.0432900432900432,0.015747057946026724,0.1317238614726841,0.11114706399136276,0.0032930965368171026,,True,True,1.0,10.0,9.8
2021-04-12,2021-04-16,Monte Carlo Masters,QF,Clay,4,Alejandro Davidovich Fokina,Stefanos Tsitsipas,player1,top_10,0.34092088461191855,4.33,4.37,B365W/B365L,AvgW/AvgL,200.0,4.2634,-0.009153318077803174,0.2198198198198198,1.0506190133646311,0.12110106479209876,0.4761874303696072,0.4534820994544535,0.035749807084805345,,True,False,1.0,-1.0,-1.0
2021-04-12,2021-04-17,Monte Carlo Masters,SF,Clay,4,Casper Ruud,Andrey Rublev,player2,top_10,0.33931115350654517,3.4,3.25,B365W/B365L,AvgW/AvgL,200.0,3.352,0.04615384615384621,0.28118393234672306,1.0459973463069439,0.05812722115982211,0.15365792192225358,0.13737098655393942,0.01600603353356808,,True,False,1.0,-1.0,-1.0
2021-04-12,2021-04-17,Monte Carlo Masters,SF,Clay,4,Stefanos Tsitsipas,Daniel Evans,player1,top_10,0.966188476817834,1.16,1.16,B365W/B365L,AvgW/AvgL,200.0,1.1567999999999998,0.0,0.8116883116883117,1.0620689655172415,0.15450016512952236,0.12077863310868742,0.11768682998287025,0.1887166142323242,,True,True,1.0,0.15999999999999992,0.15679999999999983
2021-04-12,2021-04-18,Monte Carlo Masters,F,Clay,4,Stefanos Tsitsipas,Andrey Rublev,player1,top_10,0.556368248568572,2.0,2.0,B365W/B365L,AvgW/AvgL,200.0,1.98,0.0,0.47368421052631576,1.0555555555555556,0.08268403804225627,0.11273649713714406,0.10160913216577261,0.028184124284286016,,True,True,1.0,1.0,0.98
2021-04-19,2021-04-19,Barcelona,R64,Clay,3,Nikoloz Basilashvili,Jeremy Chardy,player1,other,0.3443853752483,3.0,2.83,B365W/B365L,AvgW/AvgL,200.0,2.96,0.060070671378091856,0.3181818181818181,1.0476190476190477,0.026203557066481864,0.0331561257448999,0.019380710734967943,0.0041445157181124875,,True,False,1.0,-1.0,-1.0
2021-04-19,2021-04-20,Barcelona,R32,Clay,3,Egor Gerasimov,Jannik Sinner,player1,other,0.17581240717173724,6.0,5.89,B365W/B365L,AvgW/AvgL,200.0,5.9,0.018675721561969505,0.15730337078651685,1.0595238095238095,0.01850903638522039,0.05487444303042355,0.03729320231324984,0.002743722151521177,,True,False,1.0,-1.0,-1.0
2021-04-19,2021-04-20,Barcelona,R32,Clay,3,Pablo Andujar,Roberto Bautista Agut,player1,other,0.2077659728061365,5.0,5.0,B365W/B365L,AvgW/AvgL,200.0,4.92,0.0,0.1883116883116883,1.0620689655172415,0.01945428449444822,0.03882986403068256,0.022208586206191594,0.00242686650191766,,True,False,1.0,-1.0,-1.0
2021-04-19,2021-04-21,Barcelona,R32,Clay,3,Stefanos Tsitsipas,Jaume Munar,player2,top_10,0.848591533350345,1.22,1.22,B365W/B365L,AvgW/AvgL,200.0,1.2156,0.0,0.7801801801801801,1.0506190133646311,0.06841135317016489,0.03528167068742086,0.031547867940679375,0.04009280759934189,,True,True,1.0,0.21999999999999997,0.2156
2021-04-19,2021-04-21,Barcelona,R32,Clay,3,Federico Gaio,Andrey Rublev,player1,top_10,0.08501568029142796,13.0,11.28,B365W/B365L,AvgW/AvgL,200.0,12.76,0.15248226950354615,0.07407407407407408,1.0384615384615383,0.010941606217353878,0.1052038437885634,0.08480008051862076,0.002191746745595071,,True,False,1.0,-1.0,-1.0
2021-04-19,2021-04-21,Barcelona,R32,Clay,3,Jordan Thompson,Pablo Carreno Busta,player1,other,0.1798608618838452,6.0,6.66,B365W/B365L,AvgW/AvgL,200.0,5.9,-0.09909909909909909,0.15730337078651685,1.0595238095238095,0.022557491097328353,0.07916517130307121,0.061179085114686726,0.00395825856515356,,True,False,1.0,-1.0,-1.0
2021-04-19,2021-04-21,Belgrade,R16,Clay,3,Marco Cecchinato,Matteo Berrettini,player1,top_10,0.5890583111253744,2.5,2.42,B365W/B365L,AvgW/AvgL,200.0,2.4699999999999998,0.03305785123966953,0.3796526054590571,1.05359477124183,0.20940570566631733,0.4726457778134361,0.4549740284796747,0.07877429630223935,,True,False,1.0,-1.0,-1.0
2021-04-19,2021-04-21,Belgrade,R16,Clay,3,Soon Woo Kwon,Novak Djokovic,player1,top_10,0.13403053354187527,21.0,17.91,B365W/B365L,AvgW/AvgL,200.0,20.6,0.17252931323283072,0.045888232621535664,1.0377180575200378,0.08814230092033962,1.8146412043793805,1.7610289909626307,0.022683015054742257,,True,False,1.0,-1.0,-1.0
2021-04-19,2021-04-22,Barcelona,R16,Clay,3,Stefanos Tsitsipas,Alex De Minaur,player1,top_10,0.98,1.1,1.1,B365W/B365L,AvgW/AvgL,200.0,1.098,0.0,0.8641975308641975,1.051948051948052,0.1158024691358025,0.07800000000000007,0.07604000000000007,0.195,,True,True,1.0,0.10000000000000009,0.09800000000000009
2021-04-19,2021-04-22,Barcelona,R16,Clay,3,Rafael Nadal,Kei Nishikori,player1,top_10,0.9762317378953869,1.08,1.09,B365W/B365L,AvgW/AvgL,200.0,1.0784,-0.00917431192660556,0.8810572687224669,1.0509259259259258,0.09517446917291994,0.054330276927017876,0.052768306146385224,0.16978211539693072,,True,True,1.0,0.08000000000000007,0.07840000000000003
2021-04-19,2021-04-23,Barcelona,QF,Clay,3,Stefanos Tsitsipas,Felix Auger Aliassime,player1,top_10,0.8210443856841455,1.3,1.27,B365W/B365L,AvgW/AvgL,200.0,1.294,0.023622047244094446,0.7291666666666667,1.0549450549450547,0.09187771901747877,0.06735770138938921,0.062431435075284314,0.056131417824491,,True,True,1.0,0.30000000000000004,0.29400000000000004
2021-04-19,2021-04-23,Belgrade,QF,Clay,3,Filip Krajinovic,Matteo Berrettini,player1,top_10,0.6063227241222393,1.9,1.94,B365W/B365L,AvgW/AvgL,200.0,1.882,-0.020618556701030966,0.5,1.0526315789473684,0.10632272412223931,0.1520131758322546,0.14109936679805435,0.042225882175626284,,True,False,1.0,-1.0,-1.0
2021-04-19,2021-04-24,Barcelona,SF,Clay,3,Stefanos Tsitsipas,Jannik Sinner,player2,top_10,0.7850476050576567,1.44,1.42,B365W/B365L,AvgW/AvgL,200.0,1.4312,0.014084507042253502,0.6563245823389022,1.058080808080808,0.12872302271875447,0.1304685512830256,0.12356013235851826,0.07412985868353728,,True,True,1.0,0.43999999999999995,0.4312
2021-04-19,2021-04-24,Belgrade,SF,Clay,3,Taro Daniel,Matteo Berrettini,player2,top_10,0.19516006114365902,5.5,5.42,B365W/B365L,AvgW/AvgL,200.0,5.41,0.014760147601476037,0.1716867469879518,1.0590111642743223,0.02347331415570722,0.07338033629012464,0.05581593078719538,0.004076685349451369,,True,False,1.0,-1.0,-1.0
2021-04-26,2021-04-27,Munich,R32,Clay,3,Andrej Martin,Jan Lennard Struff,player1,other,0.30727756935920353,3.4,3.22,B365W/B365L,AvgW/AvgL,200.0,3.352,0.05590062111801242,0.28118393234672306,1.0459973463069439,0.026093637012480464,0.044743735821291986,0.02999441249205026,0.004660805814717915,,True,False,1.0,-1.0,-1.0
2021-04-26,2021-04-28,Estoril,R16,Clay,3,Alejandro Davidovich Fokina,Jeremy Chardy,player2,other,0.6912213985726127,1.5,1.47,B365W/B365L,AvgW/AvgL,200.0,1.49,0.020408163265306145,0.6359223300970874,1.0483460559796436,0.05529906847552524,0.036832097858919,0.029919883873192887,0.0184160489294595,,True,True,1.0,0.5,0.49
2021-04-26,2021-04-30,Munich,QF,Clay,3,Ilya Ivashka,Alexander Zverev,player1,top_10,0.33646659031150966,3.75,3.78,B365W/B365L,AvgW/AvgL,200.0,3.695,-0.007936507936507908,0.25447316103379725,1.0479166666666666,0.08199342927771242,0.26174971366816113,0.2432440512010281,0.023795428515287376,,True,True,1.0,2.75,2.695
2021-05-03,2021-05-03,Madrid Masters,R64,Clay,4,Ugo Humbert,Aslan Karatsev,player1,other,0.29431208994080793,3.5,3.42,B365W/B365L,AvgW/AvgL,200.0,3.45,0.023391812865497075,0.27083333333333337,1.0549450549450547,0.02347875660747456,0.0300923147928277,0.015376710295787466,0.00300923147928277,,True,False,1.0,-1.0,-1.0
2021-05-03,2021-05-04,Madrid Masters,R32,Clay,4,Fabio Fognini,Matteo Berrettini,player1,top_10,0.3152049225086846,3.4,3.4,B365W/B365L,AvgW/AvgL,200.0,3.352,0.0,0.28118393234672306,1.0459973463069439,0.03402099016196153,0.07169673652952757,0.05656690024911071,0.007468410055159122,,True,False,1.0,-1.0,-1.0
2021-05-03,2021-05-05,Madrid Masters,R32,Clay,4,Alejandro Davidovich Fokina,Daniil Medvedev,player1,top_10,0.6038246001658558,2.37,2.31,B365W/B365L,AvgW/AvgL,200.0,2.3426,0.025974025974025983,0.398477157360406,1.058883603429278,0.2053474428054498,0.43106430239307836,0.4145195083485338,0.07866136904983181,,True,False,1.0,-1.0,-1.0
2021-05-03,2021-05-05,Madrid Masters,R32,Clay,4,Benoit Paire,Stefanos Tsitsipas,player1,top_10,0.10276901836634322,11.0,12.53,B365W/B365L,AvgW/AvgL,200.0,10.8,-0.12210694333599359,0.08713692946058092,1.0432900432900432,0.0156320889057623,0.13045920202977546,0.10990539835650681,0.0032614800507443863,,True,False,1.0,-1.0,-1.0
2021-05-03,2021-05-06,Madrid Masters,R16,Clay,4,Cristian Garin,Daniil Medvedev,player2,top_10,0.4849867010051929,2.3,2.34,B365W/B365L,AvgW/AvgL,200.0,2.274,-0.017094017094017144,0.411764705882353,1.0559006211180124,0.07322199512283994,0.11546941231194363,0.10285975808580872,0.022205656213835318,,True,True,1.0,1.2999999999999998,1.274
2021-05-03,2021-05-06,Madrid Masters,R16,Clay,4,Alexander Zverev,Daniel Evans,player1,top_10,0.974030054043823,1.25,1.21,B365W/B365L,AvgW/AvgL,200.0,1.245,0.03305785123966953,0.7619047619047619,1.05,0.21212529213906117,0.2175375675547788,0.2126674172845598,0.2175375675547788,,True,True,1.0,0.25,0.2450000000000001
2021-05-03,2021-05-07,Madrid Masters,QF,Clay,4,John Isner,Dominic Thiem,player1,top_10,0.3112194296610786,3.75,4.01,B365W/B365L,AvgW/AvgL,200.0,3.695,-0.06483790523690769,0.25447316103379725,1.0479166666666666,0.05674626862728133,0.16707286122904474,0.14995579259768532,0.015188441929913159,,True,False,1.0,-1.0,-1.0
2021-05-03,2021-05-07,Madrid Masters,QF,Clay,4,Alexander Zverev,Rafael Nadal,player1,top_10,0.3709679835756907,4.33,4.36,B365W/B365L,AvgW/AvgL,200.0,4.2634,-0.006880733944954143,0.2198198198198198,1.0506190133646311,0.15114816375587092,0.6062913688827409,0.5815849011765997,0.04551737003624181,,True,True,1.0,3.33,3.2634
2021-05-03,2021-05-08,Madrid Masters,SF,Clay,4,Casper Ruud,Matteo Berrettini,player1,top_10,0.6951638776095147,1.66,1.73,B365W/B365L,AvgW/AvgL,200.0,1.6467999999999998,-0.040462427745664775,0.5699481865284974,1.0569550930996714,0.12521569108101727,0.15397203683179433,0.1447958736473487,0.058322741224164525,,True,False,1.0,-1.0,-1.0
2021-05-10,2021-05-10,Rome Masters,R64,Clay,4,Benoit Paire,Stefano Travaglia,player2,other,0.2955044519680735,3.5,3.49,B365W/B365L,AvgW/AvgL,200.0,3.45,0.002865329512893977,0.27083333333333337,1.0549450549450547,0.02467111863474014,0.034265581888257235,0.019490359289853654,0.0034265581888257234,,True,False,1.0,-1.0,-1.0
2021-05-10,2021-05-11,Rome Masters,R64,Clay,4,Tommy Paul,Roberto Bautista Agut,player1,other,0.2995256981682751,3.5,3.53,B365W/B365L,AvgW/AvgL,200.0,3.45,-0.008498583569405027,0.27083333333333337,1.0549450549450547,0.028692364834941753,0.048339943588962986,0.033363658680549246,0.004833994358896298,,True,False,1.0,-1.0,-1.0
2021-05-10,2021-05-11,Rome Masters,R64,Clay,4,Roberto Carballes Baena,Cameron Norrie,player2,other,0.3474015719689262,3.0,2.99,B365W/B365L,AvgW/AvgL,200.0,2.96,0.0033444816053511683,0.3181818181818181,1.0476190476190477,0.02921975378710806,0.042204715906778545,0.028308653028021435,0.005275589488347318,,True,False,1.0,-1.0,-1.0
2021-05-10,2021-05-12,Rome Masters,R32,Clay,4,Jannik Sinner,Rafael Nadal,player1,top_10,0.41114556218717296,4.33,4.22,B365W/B365L,AvgW/AvgL,200.0,4.2634,0.026066350710900466,0.2198198198198198,1.0506190133646311,0.19132574236735317,0.7802602842704589,0.7528779898287932,0.05857809941970412,,True,False,1.0,-1.0,-1.0
2021-05-10,2021-05-12,Rome Masters,R32,Clay,4,Alexander Zverev,Hugo Dellien,player2,top_10,0.98,1.07,1.06,B365W/B365L,AvgW/AvgL,200.0,1.0686,0.009433962264151052,0.893743793445879,1.0456905503634475,0.08625620655412103,0.048600000000000046,0.04722799999999998,0.17357142857142857,,True,True,1.0,0.07000000000000006,0.0686
2021-05-10,2021-05-12,Rome Masters,R32,Clay,4,Aslan Karatsev,Daniil Medvedev,player2,top_10,0.6202915403649898,1.8,1.83,B365W/B365L,AvgW/AvgL,200.0,1.784,-0.016393442622950838,0.5263157894736842,1.0555555555555556,0.09397575089130561,0.11652477265698163,0.10660010801114178,0.03641399145530676,,True,True,1.0,0.8,0.784
2021-05-10,2021-05-12,Rome Masters,R32,Clay,4,Jan Lennard Struff,Andrey Rublev,player1,top_10,0.3156634162882648,5.0,5.24,B365W/B365L,AvgW/AvgL,200.0,4.92,-0.04580152671755733,0.1883116883116883,1.0620689655172415,0.12735172797657648,0.5783170814413239,0.5530640081382627,0.03614481759008274,,True,False,1.0,-1.0,-1.0
2021-05-10,2021-05-12,Rome Masters,R32,Clay,4,Dominic Thiem,Marton Fucsovics,player2,top_10,0.8089846335230101,1.28,1.24,B365W/B365L,AvgW/AvgL,200.0,1.2744,0.032258064516129004,0.7455268389662029,1.0479166666666666,0.06345779455680722,0.035500330909452926,0.03097001696172405,0.03169672402629725,,True,True,1.0,0.28,0.2744
2021-05-10,2021-05-12,Rome Masters,R32,Clay,4,Marin Cilic,Stefanos Tsitsipas,player2,top_10,0.1837717530042794,7.0,7.51,B365W/B365L,AvgW/AvgL,200.0,6.88,-0.0679094540612516,0.13580246913580246,1.051948051948052,0.04796928386847693,0.28640227102995575,0.2643496606694421,0.011933427959581489,,True,False,1.0,-1.0,-1.0
2021-05-10,2021-05-12,Rome Masters,R32,Clay,4,Matteo Berrettini,John Millman,player1,top_10,0.9182454993219492,1.14,1.14,B365W/B365L,AvgW/AvgL,200.0,1.1372,0.0,0.8283132530120482,1.0590111642743223,0.08993224630990104,0.046799869227022006,0.04422878182892062,0.08357119504825364,,True,True,1.0,0.1399999999999999,0.1372
2021-05-10,2021-05-13,Rome Masters,R16,Clay,4,Denis Shapovalov,Rafael Nadal,player2,top_10,0.12056300794379582,9.0,8.73,B365W/B365L,AvgW/AvgL,200.0,8.84,0.030927835051546282,0.10625620655412116,1.0456905503634475,0.014306801389674662,0.08506707149416237,0.06577699022315497,0.002658345984192574,,True,False,1.0,-1.0,-1.0
2021-05-10,2021-05-13,Rome Masters,R16,Clay,4,Stefanos Tsitsipas,Matteo Berrettini,player1,top_10,0.7556134361811164,1.4,1.37,B365W/B365L,AvgW/AvgL,200.0,1.392,0.021897810218977964,0.6818181818181818,1.0476190476190477,0.07379525436293466,0.05785881065356291,0.051813903164113995,0.036161756658476825,,True,True,1.0,0.3999999999999999,0.3919999999999999
2021-05-10,2021-05-13,Rome Masters,R16,Clay,4,Alejandro Davidovich Fokina,Novak Djokovic,player1,top_10,0.21158124578046242,5.0,5.11,B365W/B365L,AvgW/AvgL,200.0,4.92,-0.021526418786692814,0.1883116883116883,1.0620689655172415,0.023269557468774127,0.05790622890231212,0.04097972923987514,0.0036191393063945074,,True,False,1.0,-1.0,-1.0
2021-05-10,2021-05-15,Rome Masters,QF,Clay,4,Andrey Rublev,Lorenzo Sonego,player2,top_10,0.805071881254025,1.28,1.29,B365W/B365L,AvgW/AvgL,200.0,1.2744,-0.007751937984496138,0.7455268389662029,1.0479166666666666,0.05954504228782209,0.030492008005151977,0.0259836054701294,0.02722500714745712,,True,False,1.0,-1.0,-1.0
2021-05-10,2021-05-15,Rome Masters,SF,Clay,4,Reilly Opelka,Rafael Nadal,player1,top_10,0.13182394672645759,8.0,7.92,B365W/B365L,AvgW/AvgL,200.0,7.859999999999999,0.010101010101010166,0.11894273127753305,1.0509259259259258,0.012881215448924538,0.05459157381166069,0.036136221269956526,0.0019496990647021675,,True,False,1.0,-1.0,-1.0
2021-05-10,2021-05-16,Rome Masters,F,Clay,4,Rafael Nadal,Novak Djokovic,player1,top_10,0.7396592723495475,1.5,1.51,B365W/B365L,AvgW/AvgL,200.0,1.49,-0.0066225165562914245,0.6359223300970874,1.0483460559796436,0.10373694225246011,0.1094889085243213,0.10209231580082584,0.05474445426216065,,True,True,1.0,0.5,0.49
2021-05-17,2021-05-21,Lyon,QF,Clay,3,Yoshihito Nishioka,Stefanos Tsitsipas,player2,top_10,0.1282888091528782,13.0,12.07,B365W/B365L,AvgW/AvgL,200.0,12.76,0.07705053852526933,0.07407407407407408,1.0384615384615383,0.05421473507880413,0.6677545189874168,0.6369652047907259,0.013911552478904516,,True,False,1.0,-1.0,-1.0
2021-05-17,2021-05-23,Lyon,F,Clay,3,Cameron Norrie,Stefanos Tsitsipas,player1,top_10,0.23940798922890882,5.0,5.13,B365W/B365L,AvgW/AvgL,200.0,4.92,-0.025341130604288442,0.1883116883116883,1.0620689655172415,0.05109630091722053,0.19703994614454412,0.17788730700623134,0.012314996634034008,,True,False,1.0,-1.0,-1.0
2021-05-24,2021-05-26,Belgrade 2,R16,Clay,3,Roberto Carballes Baena,Gael Monfils,player1,other,0.5483996894904734,1.9,1.84,B365W/B365L,AvgW/AvgL,200.0,1.882,0.032608695652173836,0.5,1.0526315789473684,0.04839968949047335,0.04195941003189935,0.03208821562107078,0.011655391675527597,,True,True,1.0,0.8999999999999999,0.8819999999999999
2021-05-31,2021-05-31,Roland Garros,R128,Clay,5,Benoit Paire,Casper Ruud,player1,other,0.10950016111805466,11.0,11.37,B365W/B365L,AvgW/AvgL,200.0,10.8,-0.03254177660510105,0.08713692946058092,1.0432900432900432,0.02236323165747374,0.20450177229860111,0.18260174007499042,0.0051125443074650275,,True,False,1.0,-1.0,-1.0
2021-05-31,2021-05-31,Roland Garros,R128,Clay,5,Alexander Bublik,Daniil Medvedev,player2,top_10,0.35849642447427,3.0,2.92,B365W/B365L,AvgW/AvgL,200.0,2.96,0.027397260273972712,0.3181818181818181,1.0476190476190477,0.04031460629245187,0.07548927342280998,0.0611494164438392,0.009436159177851247,,True,False,1.0,-1.0,-1.0
2021-05-31,2021-06-01,Roland Garros,R128,Clay,5,Novak Djokovic,Tennys Sandgren,player2,top_10,0.070890833370721,29.0,1.01,B365W/B365L,AvgW/AvgL,200.0,28.439999999999998,27.712871287128714,0.032268829045283144,1.0686089220126236,0.03862200432543785,1.0558341677509089,1.016135301063305,0.009427090783490258,,True,True,1.0,28.0,27.439999999999998
2021-05-31,2021-06-01,Roland Garros,R128,Clay,5,Taro Daniel,Matteo Berrettini,player1,top_10,0.17554176306864216,9.0,10.64,B365W/B365L,AvgW/AvgL,200.0,8.84,-0.15413533834586468,0.10625620655412116,1.0456905503634475,0.06928555651452101,0.5798758676177795,0.5517891855267967,0.01812112086305561,,True,False,1.0,-1.0,-1.0
2021-05-31,2021-06-01,Roland Garros,R128,Clay,5,Alexei Popyrin,Rafael Nadal,player2,top_10,0.06604815249963014,23.0,21.96,B365W/B365L,AvgW/AvgL,200.0,22.56,0.04735883424408005,0.04206580591420241,1.0335772707705553,0.02398234658542773,0.5191075074914933,0.49004632039165585,0.005898948948766969,,True,False,1.0,-1.0,-1.0
2021-05-31,2021-06-03,Roland Garros,R64,Clay,5,Pablo Cuevas,Novak Djokovic,player1,top_10,0.07815065687838,19.0,18.38,B365W/B365L,AvgW/AvgL,200.0,18.64,0.0337323177366704,0.050949050949050945,1.0330237358101135,0.027201605929329062,0.48486248068922,0.4567282442130033,0.006734201120683611,,True,False,1.0,-1.0,-1.0
2021-05-31,2021-06-03,Roland Garros,R64,Clay,5,Marin Cilic,Roger Federer,player2,top_10,0.4621816210752183,2.5,2.84,B365W/B365L,AvgW/AvgL,200.0,2.4699999999999998,-0.11971830985915488,0.3796526054590571,1.05359477124183,0.08252901561616122,0.1554540526880458,0.1415886040557891,0.025909008781340965,,True,False,1.0,-1.0,-1.0
2021-05-31,2021-06-03,Roland Garros,R64,Clay,5,Philipp Kohlschreiber,Aslan Karatsev,player1,other,0.13065678485627472,8.0,7.05,B365W/B365L,AvgW/AvgL,200.0,7.859999999999999,0.13475177304964547,0.11894273127753305,1.0509259259259258,0.011714053578741668,0.04525427885019773,0.02696232897031925,0.001616224244649919,,True,True,1.0,7.0,6.859999999999999
2021-05-31,2021-06-04,Roland Garros,R32,Clay,5,Laslo Djere,Alexander Zverev,player1,top_10,0.30737859442291354,5.0,5.4,B365W/B365L,AvgW/AvgL,200.0,4.92,-0.07407407407407418,0.1883116883116883,1.0620689655172415,0.11906690611122525,0.5368929721145677,0.5123026845607346,0.03355581075716048,,True,False,1.0,-1.0,-1.0
2021-05-31,2021-06-04,Roland Garros,R32,Clay,5,Henri Laaksonen,Kei Nishikori,player2,other,0.3263636751499994,3.2,3.39,B365W/B365L,AvgW/AvgL,200.0,3.156,-0.05604719764011801,0.2982456140350877,1.0477941176470589,0.02811806111491172,0.04436376047999824,0.030003758773398226,0.005041336418181617,,True,False,1.0,-1.0,-1.0
2021-05-31,2021-06-05,Roland Garros,R32,Clay,5,Roger Federer,Dominik Koepfer,player1,top_10,0.8099079540507719,1.3,1.31,B365W/B365L,AvgW/AvgL,200.0,1.294,-0.007633587786259555,0.7291666666666667,1.0549450549450547,0.08074128738410513,0.05288034026600347,0.048020892541698834,0.04406695022166955,,True,True,1.0,0.30000000000000004,0.29400000000000004
2021-05-31,2021-06-06,Roland Garros,R16,Clay,5,Kei Nishikori,Alexander Zverev,player2,top_10,0.2556404504735741,4.5,4.76,B365W/B365L,AvgW/AvgL,200.0,4.43,-0.054621848739495715,0.21052631578947367,1.0555555555555556,0.045114134684100415,0.1503820271310834,0.1324871955979331,0.010741573366505957,,True,False,1.0,-1.0,-1.0
2021-05-31,2021-06-06,Roland Garros,R16,Clay,5,Pablo Carreno Busta,Stefanos Tsitsipas,player1,top_10,0.19122470722824916,5.5,5.79,B365W/B365L,AvgW/AvgL,200.0,5.41,-0.050086355785837644,0.1716867469879518,1.0590111642743223,0.01953796024029736,0.05173588975537036,0.03452566610482799,0.0028742160975205756,,True,False,1.0,-1.0,-1.0
2021-05-31,2021-06-08,Roland Garros,QF,Clay,5,Alexander Zverev,Alejandro Davidovich Fokina,player2,top_10,0.9579221343952846,1.12,1.12,B365W/B365L,AvgW/AvgL,200.0,1.1176000000000001,0.0,0.8426966292134831,1.0595238095238095,0.11522550518180152,0.07287279052271887,0.07057377740017023,0.15181831358899753,,True,True,1.0,0.1200000000000001,0.11760000000000015
2021-06-07,2021-06-08,Stuttgart,R32,Grass,3,Rudolf Molleker,Marin Cilic,player2,other,0.12115338441600698,9.0,8.0,B365W/B365L,AvgW/AvgL,200.0,8.84,0.125,0.10625620655412116,1.0456905503634475,0.014897177861885824,0.09038045974406284,0.07099591823750173,0.0028243893670019636,,True,False,1.0,-1.0,-1.0
2021-05-31,2021-06-09,Roland Garros,QF,Clay,5,Diego Schwartzman,Rafael Nadal,player2,top_10,0.10964132272889182,10.0,10.82,B365W/B365L,AvgW/AvgL,200.0,9.82,-0.07578558225508325,0.09584086799276674,1.0433962264150942,0.013800454736125081,0.09641322728891821,0.07667778919771773,0.0026781452024699504,,True,False,1.0,-1.0,-1.0
2021-05-31,2021-06-11,Roland Garros,SF,Clay,5,Rafael Nadal,Novak Djokovic,player1,top_10,0.798498983402499,1.4,1.41,B365W/B365L,AvgW/AvgL,200.0,1.392,-0.007092198581560294,0.6818181818181818,1.0476190476190477,0.11668080158431726,0.11789857676349857,0.11151058489627858,0.07368661047718662,,True,False,1.0,-1.0,-1.0
2021-05-31,2021-06-13,Roland Garros,F,Clay,5,Stefanos Tsitsipas,Novak Djokovic,player1,top_10,0.5027474173581481,3.0,3.11,B365W/B365L,AvgW/AvgL,200.0,2.96,-0.03536977491961413,0.3181818181818181,1.0476190476190477,0.18456559917632998,0.5082422520744443,0.48813235538011834,0.06353028150930554,,True,False,1.0,-1.0,-1.0
2021-06-14,2021-06-14,Halle,R32,Grass,3,Corentin Moutet,David Goffin,player1,other,0.32522485479885455,3.2,3.04,B365W/B365L,AvgW/AvgL,200.0,3.156,0.05263157894736836,0.2982456140350877,1.0477941176470589,0.026979240763766843,0.04071953535633466,0.02640964174518501,0.004627219926856211,,True,True,1.0,2.2,2.156
2021-06-14,2021-06-14,Halle,R32,Grass,3,Ilya Ivashka,Roger Federer,player1,top_10,0.2518846907220985,5.5,5.69,B365W/B365L,AvgW/AvgL,200.0,5.41,-0.033391915641476366,0.1716867469879518,1.0590111642743223,0.08019794373414671,0.3853657989715419,0.362696176806553,0.021409211053974548,,True,False,1.0,-1.0,-1.0
2021-06-14,2021-06-15,Halle,R32,Grass,3,Karen Khachanov,Andrey Rublev,player1,top_10,0.43414008082796074,2.5,2.5,B365W/B365L,AvgW/AvgL,200.0,2.4699999999999998,0.0,0.3796526054590571,1.05359477124183,0.05448747536890364,0.08535020206990185,0.07232599964506292,0.014225033678316975,,True,False,1.0,-1.0,-1.0
2021-06-14,2021-06-15,Halle,R32,Grass,3,Jurij Rodionov,Philipp Kohlschreiber,player2,other,0.36646298238648223,3.0,2.87,B365W/B365L,AvgW/AvgL,200.0,2.96,0.04529616724738683,0.3181818181818181,1.0476190476190477,0.048281164204664107,0.09938894715944668,0.08473042786398743,0.012423618394930835,,True,False,1.0,-1.0,-1.0
2021-06-14,2021-06-15,Halle,R32,Grass,3,Dominik Koepfer,Alexander Zverev,player1,top_10,0.25342409807373095,4.5,4.33,B365W/B365L,AvgW/AvgL,200.0,4.43,0.03926096997690531,0.21052631578947367,1.0555555555555556,0.04289778228425728,0.1404084413317893,0.12266875446662806,0.010029174380842094,,True,False,1.0,-1.0,-1.0
2021-06-14,2021-06-15,Halle,R32,Grass,3,Jan Lennard Struff,Daniil Medvedev,player1,top_10,0.28071886328806167,3.75,3.96,B365W/B365L,AvgW/AvgL,200.0,3.695,-0.05303030303030298,0.25447316103379725,1.0479166666666666,0.026245702254264425,0.05269573733023136,0.03725619984938788,0.0047905215754755785,,True,True,1.0,2.75,2.695
2021-06-14,2021-06-16,Halle,R16,Grass,3,Jordan Thompson,Andrey Rublev,player1,top_10,0.4886521368630021,4.33,4.25,B365W/B365L,AvgW/AvgL,200.0,4.2634,0.018823529411764683,0.2198198198198198,1.0506190133646311,0.2688323170431823,1.1158637526167992,1.083319520301723,0.0837735550012612,,True,False,1.0,-1.0,-1.0
2021-06-14,2021-06-16,Halle,R16,Grass,3,Felix Auger Aliassime,Roger Federer,player1,top_10,0.47672735360646956,2.62,2.65,B365W/B365L,AvgW/AvgL,200.0,2.5876,-0.011320754716981019,0.3640776699029127,1.0483460559796436,0.11264968370355688,0.2490256664489503,0.23357970019210073,0.03842988679767751,,True,True,1.0,1.62,1.5876000000000001
2021-06-14,2021-06-17,Queen's Club,R16,Grass,3,Andy Murray,Matteo Berrettini,player2,top_10,0.3843791574824529,3.4,3.23,B365W/B365L,AvgW/AvgL,200.0,3.352,0.05263157894736836,0.28118393234672306,1.0459973463069439,0.10319522513572982,0.3068891354403398,0.28843893588118197,0.0319676182750354,,True,False,1.0,-1.0,-1.0
2021-06-14,2021-06-18,Halle,QF,Grass,3,Philipp Kohlschreiber,Andrey Rublev,player2,top_10,0.3708781417530409,3.75,3.67,B365W/B365L,AvgW/AvgL,200.0,3.695,0.021798365122615904,0.25447316103379725,1.0479166666666666,0.11640498071924366,0.39079303157390344,0.3703947337774861,0.03552663923399122,,True,False,1.0,-1.0,-1.0
2021-06-14,2021-06-19,Queen's Club,SF,Grass,3,Matteo Berrettini,Alex De Minaur,player1,top_10,0.7822079985303912,1.4,1.37,B365W/B365L,AvgW/AvgL,200.0,1.392,0.021897810218977964,0.6818181818181818,1.0476190476190477,0.10038981671220948,0.09509119794254767,0.08883353395430454,0.059431998714092306,,True,True,1.0,0.3999999999999999,0.3919999999999999
2021-06-14,2021-06-19,Halle,SF,Grass,3,Nikoloz Basilashvili,Andrey Rublev,player1,top_10,0.2630133305067649,4.33,4.01,B365W/B365L,AvgW/AvgL,200.0,4.2634,0.07980049875311734,0.2198198198198198,1.0506190133646311,0.0431935106869451,0.138847721094292,0.12133103328254147,0.010424003085157056,,True,False,1.0,-1.0,-1.0
2021-06-14,2021-06-20,Queen's Club,F,Grass,3,Matteo Berrettini,Cameron Norrie,player1,top_10,0.846811026692249,1.28,1.28,B365W/B365L,AvgW/AvgL,200.0,1.2744,0.0,0.7455268389662029,1.0479166666666666,0.10128418772604608,0.08391811416607867,0.07917597241660204,0.07492688764828452,,True,True,1.0,0.28,0.2744
2021-06-14,2021-06-20,Halle,F,Grass,3,Ugo Humbert,Andrey Rublev,player1,top_10,0.36627730950451587,3.0,2.92,B365W/B365L,AvgW/AvgL,200.0,2.96,0.027397260273972712,0.3181818181818181,1.0476190476190477,0.04809549132269775,0.0988319285135476,0.08418083613336691,0.01235399106419345,,True,True,1.0,2.0,1.96
2021-06-21,2021-06-22,Mallorca,R32,Grass,3,Ugo Humbert,Miomir Kecmanovic,player2,other,0.6595869555521496,1.57,1.55,B365W/B365L,AvgW/AvgL,200.0,1.5586000000000002,0.012903225806451646,0.6015228426395939,1.058883603429278,0.058064112912555754,0.035551520216874966,0.028032228923580538,0.015592772024945158,,True,True,1.0,0.5700000000000001,0.5586000000000002
2021-06-21,2021-06-22,Mallorca,R16,Grass,3,Adrian Mannarino,Dominic Thiem,player1,top_10,0.4741482011167168,2.3,2.33,B365W/B365L,AvgW/AvgL,200.0,2.274,-0.012875536480686844,0.411764705882353,1.0559006211180124,0.06238349523436382,0.09054086256844862,0.07821300933941411,0.017411704340086275,,True,True,1.0,1.2999999999999998,1.274
2021-06-21,2021-06-22,Mallorca,R16,Grass,3,Corentin Moutet,Daniil Medvedev,player2,top_10,0.2922754068826473,5.5,5.09,B365W/B365L,AvgW/AvgL,200.0,5.41,0.08055009823182724,0.1716867469879518,1.0590111642743223,0.1205886598946955,0.6075147378545601,0.581209951235122,0.03375081876969779,,True,False,1.0,-1.0,-1.0
2021-06-21,2021-06-23,Mallorca,R16,Grass,3,Roberto Bautista Agut,Stefano Travaglia,player2,top_10,0.811281498356043,1.28,1.25,B365W/B365L,AvgW/AvgL,200.0,1.2744,0.02400000000000002,0.7455268389662029,1.0479166666666666,0.06575465938984015,0.03844031789573507,0.03389714150494119,0.03432171240690631,,True,True,1.0,0.28,0.2744
2021-06-21,2021-06-24,Mallorca,QF,Grass,3,Sam Querrey,Roberto Bautista Agut,player2,top_10,0.3404826498343736,3.2,3.18,B365W/B365L,AvgW/AvgL,200.0,3.156,0.0062893081761006275,0.2982456140350877,1.0477941176470589,0.042237035799285894,0.08954447946999555,0.07456324287728311,0.010175509030681313,,True,True,1.0,2.2,2.156
2021-06-21,2021-06-24,Mallorca,QF,Grass,3,Daniil Medvedev,Casper Ruud,player1,top_10,0.8725397045387455,1.2,1.2,B365W/B365L,AvgW/AvgL,200.0,1.196,0.0,0.7894736842105263,1.0555555555555556,0.08306602032821919,0.04704764544649459,0.04355748662833961,0.05880955680811825,,True,True,1.0,0.19999999999999996,0.19599999999999995
2021-06-21,2021-06-26,Mallorca,F,Grass,3,Daniil Medvedev,Sam Querrey,player1,top_10,0.8741419811394536,1.28,1.25,B365W/B365L,AvgW/AvgL,200.0,1.2744,0.02400000000000002,0.7455268389662029,1.0479166666666666,0.12861514217325076,0.11890173585850067,0.11400654076411967,0.10616226415937559,,True,True,1.0,0.28,0.2744
2021-06-28,2021-06-28,Wimbledon,R128,Grass,5,Frances Tiafoe,Stefanos Tsitsipas,player1,top_10,0.3125009657734964,5.5,5.5,B365W/B365L,AvgW/AvgL,200.0,5.41,0.0,0.1716867469879518,1.0590111642743223,0.1408142187855446,0.7187553117542301,0.6906302248346156,0.03993085065301279,,True,True,1.0,4.5,4.41
2021-06-28,2021-06-29,Wimbledon,R128,Grass,5,Tallon Griekspoor,Alexander Zverev,player1,top_10,0.1549022187867568,11.0,10.6,B365W/B365L,AvgW/AvgL,200.0,10.8,0.037735849056603765,0.08713692946058092,1.0432900432900432,0.06776528932617588,0.7039244066543249,0.6729439628969736,0.017598110166358122,,True,False,1.0,-1.0,-1.0
2021-06-28,2021-06-29,Wimbledon,R128,Grass,5,Adrian Mannarino,Roger Federer,player1,top_10,0.20962611060539366,5.5,5.31,B365W/B365L,AvgW/AvgL,200.0,5.41,0.03578154425612068,0.1716867469879518,1.0590111642743223,0.03793936361744185,0.15294360832966503,0.1340772583751797,0.008496867129425835,,True,False,1.0,-1.0,-1.0
2021-06-28,2021-06-29,Wimbledon,R128,Grass,5,Yuichi Sugita,Richard Gasquet,player2,other,0.23826322451647275,4.33,4.29,B365W/B365L,AvgW/AvgL,200.0,4.2634,0.00932400932400923,0.2198198198198198,1.0506190133646311,0.018443404696652954,0.03167976215632706,0.01581143140352992,0.0023783605222467766,,True,False,1.0,-1.0,-1.0
2021-06-28,2021-06-29,Wimbledon,R128,Grass,5,Daniil Medvedev,Jan Lennard Struff,player1,top_10,0.9494941853609652,1.14,1.14,B365W/B365L,AvgW/AvgL,200.0,1.1372,0.0,0.8283132530120482,1.0590111642743223,0.12118093234891703,0.08242337131150024,0.07976478759248962,0.1471845916276791,,True,True,1.0,0.1399999999999999,0.1372
2021-06-28,2021-06-30,Wimbledon,R128,Grass,5,Salvatore Caruso,Marin Cilic,player2,other,0.10373242043965125,10.0,11.1,B365W/B365L,AvgW/AvgL,200.0,9.82,-0.09909909909909909,0.09584086799276674,1.0433962264150942,0.007891552446884512,0.03732420439651252,0.0186523687173753,0.001036783455458681,,True,False,1.0,-1.0,-1.0
2021-06-28,2021-06-30,Wimbledon,R64,Grass,5,Kevin Anderson,Novak Djokovic,player2,top_10,0.06237358973939666,19.0,15.29,B365W/B365L,AvgW/AvgL,200.0,18.64,0.2426422498364944,0.050949050949050945,1.0330237358101135,0.011424538790345717,0.18509820504853658,0.1626437127423539,0.002570808403451897,,True,False,1.0,-1.0,-1.0
2021-06-28,2021-06-30,Wimbledon,R64,Grass,5,Lloyd Harris,Andrey Rublev,player1,top_10,0.26799619352191606,5.0,5.31,B365W/B365L,AvgW/AvgL,200.0,4.92,-0.058380414312617646,0.1883116883116883,1.0620689655172415,0.07968450521022777,0.3399809676095803,0.318541272127827,0.02124881047559877,,True,False,1.0,-1.0,-1.0
2021-06-28,2021-06-30,Wimbledon,R64,Grass,5,Egor Gerasimov,Karen Khachanov,player2,other,0.229317467672014,4.5,4.81,B365W/B365L,AvgW/AvgL,200.0,4.43,-0.0644490644490644,0.21052631578947367,1.0555555555555556,0.018791151882540325,0.03192860452406299,0.015876381787021887,0.002280614608861642,,True,False,1.0,-1.0,-1.0
2021-06-28,2021-07-01,Wimbledon,R64,Grass,5,Roberto Bautista Agut,Miomir Kecmanovic,player2,top_10,0.940347528281577,1.28,1.29,B365W/B365L,AvgW/AvgL,200.0,1.2744,-0.007751937984496138,0.7455268389662029,1.0479166666666666,0.1948206893153741,0.20364483620041857,0.19837889004204168,0.18182574660751655,,True,True,1.0,0.28,0.2744
2021-06-28,2021-07-01,Wimbledon,R64,Grass,5,Tennys Sandgren,Alexander Zverev,player1,top_10,0.16861597729377797,8.0,9.38,B365W/B365L,AvgW/AvgL,200.0,7.859999999999999,-0.14712153518123672,0.11894273127753305,1.0509259259259258,0.049673246016244926,0.3489278183502239,0.32532158152909474,0.012461707798222282,,True,False,1.0,-1.0,-1.0
2021-06-28,2021-07-01,Wimbledon,R64,Grass,5,Roger Federer,Richard Gasquet,player2,top_10,0.861794714034882,1.2,1.19,B365W/B365L,AvgW/AvgL,200.0,1.196,0.008403361344537785,0.7894736842105263,1.0555555555555556,0.07232102982435562,0.03415365684185831,0.030706477985718766,0.042692071052322894,,True,True,1.0,0.19999999999999996,0.19599999999999995
2021-06-28,2021-07-02,Wimbledon,R32,Grass,5,Denis Shapovalov,Andy Murray,player2,other,0.8147839323115865,1.28,1.25,B365W/B365L,AvgW/AvgL,200.0,1.2744,0.02400000000000002,0.7455268389662029,1.0479166666666666,0.06925709334538366,0.04292343335883078,0.03836064333788586,0.03832449407038462,,True,True,1.0,0.28,0.2744
2021-06-28,2021-07-02,Wimbledon,R32,Grass,5,Roberto Bautista Agut,Dominik Koepfer,player1,top_10,0.7748060740105986,1.36,1.36,B365W/B365L,AvgW/AvgL,200.0,1.3528000000000002,0.0,0.7017543859649122,1.0477941176470589,0.0730516880456864,0.053736260654414225,0.048157656921538006,0.037316847676676534,,True,True,1.0,0.3600000000000001,0.3528000000000002
2021-06-28,2021-07-03,Wimbledon,R32,Grass,5,Aljaz Bedene,Matteo Berrettini,player1,top_10,0.29484411547644657,5.0,6.37,B365W/B365L,AvgW/AvgL,200.0,4.92,-0.21507064364207218,0.1883116883116883,1.0620689655172415,0.10653242716475828,0.4742205773822328,0.450633048144117,0.02963878608638955,,True,False,1.0,-1.0,-1.0
2021-06-28,2021-07-03,Wimbledon,R32,Grass,5,Taylor Fritz,Alexander Zverev,player1,top_10,0.15282903493664673,8.0,7.24,B365W/B365L,AvgW/AvgL,200.0,7.859999999999999,0.1049723756906078,0.11894273127753305,1.0509259259259258,0.03388630365911369,0.22263227949317388,0.20123621460204322,0.007951152839041924,,True,False,1.0,-1.0,-1.0
2021-06-28,2021-07-03,Wimbledon,R32,Grass,5,Daniil Medvedev,Marin Cilic,player1,top_10,0.98,1.16,1.17,B365W/B365L,AvgW/AvgL,200.0,1.1567999999999998,-0.008547008547008517,0.8116883116883117,1.0620689655172415,0.1683116883116883,0.1367999999999999,0.1336639999999998,0.21374999999999994,,True,True,1.0,0.15999999999999992,0.15679999999999983
2021-06-28,2021-07-05,Wimbledon,R16,Grass,5,Andrey Rublev,Marton Fucsovics,player1,top_10,0.9229042429112893,1.14,1.16,B365W/B365L,AvgW/AvgL,200.0,1.1372,-0.017241379310344862,0.8283132530120482,1.0590111642743223,0.09459098989924108,0.05211083691886967,0.049526705038718116,0.09305506592655305,,True,False,1.0,-1.0,-1.0
2021-06-28,2021-07-06,Wimbledon,R16,Grass,5,Hubert Hurkacz,Daniil Medvedev,player2,top_10,0.21153590041241888,5.0,5.16,B365W/B365L,AvgW/AvgL,200.0,4.92,-0.03100775193798455,0.1883116883116883,1.0620689655172415,0.023224212100730585,0.05767950206209438,0.040756630029100904,0.0036049688788808987,,True,True,1.0,4.0,3.92
2021-06-28,2021-07-07,Wimbledon,QF,Grass,5,Matteo Berrettini,Felix Auger Aliassime,player1,top_10,0.8761981861674267,1.25,1.28,B365W/B365L,AvgW/AvgL,200.0,1.245,-0.0234375,0.7619047619047619,1.05,0.11429342426266487,0.09524773270928341,0.09086674177844636,0.09524773270928341,,True,True,1.0,0.25,0.2450000000000001
2021-06-28,2021-07-09,Wimbledon,SF,Grass,5,Novak Djokovic,Denis Shapovalov,player2,top_10,0.9557527762876125,1.08,1.1,B365W/B365L,AvgW/AvgL,200.0,1.0784,-0.018181818181818188,0.8810572687224669,1.0509259259259258,0.07469550756514554,0.03221299839062153,0.0306837939485613,0.10066561997069219,,True,True,1.0,0.08000000000000007,0.07840000000000003
2021-06-28,2021-07-09,Wimbledon,SF,Grass,5,Hubert Hurkacz,Matteo Berrettini,player1,top_10,0.38913449363996955,2.75,2.88,B365W/B365L,AvgW/AvgL,200.0,2.715,-0.04513888888888884,0.3436754176610979,1.058080808080808,0.045459075978871666,0.07011985750991623,0.05650015023251731,0.010017122501416604,,True,False,1.0,-1.0,-1.0
2021-06-28,2021-07-11,Wimbledon,F,Grass,5,Novak Djokovic,Matteo Berrettini,player1,top_10,0.9355563068452594,1.22,1.21,B365W/B365L,AvgW/AvgL,200.0,1.2156,0.008264462809917328,0.7867132867132867,1.0418943533697633,0.1488430201319727,0.14137869435121642,0.1372622466010973,0.16065760721729141,,True,True,1.0,0.21999999999999997,0.2156
2021-07-12,2021-07-15,Bastad,R16,Clay,3,Roberto Carballes Baena,Fabio Fognini,player1,other,0.3988453617953769,2.62,2.65,B365W/B365L,AvgW/AvgL,200.0,2.5876,-0.011320754716981019,0.3640776699029127,1.0483460559796436,0.0347676918924642,0.044974847903887505,0.03205225818171731,0.006940562948130787,,True,True,1.0,1.62,1.5876000000000001
2021-07-12,2021-07-16,Bastad,QF,Clay,3,Federico Coria,Cristian Garin,player2,other,0.3214441636069175,3.4,3.22,B365W/B365L,AvgW/AvgL,200.0,3.352,0.05590062111801242,0.28118393234672306,1.0459973463069439,0.04026023126019446,0.0929101562635195,0.0774808364103875,0.00967814127744995,,True,True,1.0,2.4,2.352
2021-07-19,2021-07-19,Umag,R32,Clay,3,Stefano Travaglia,Jaume Munar,player1,other,0.39932718660247923,2.62,2.58,B365W/B365L,AvgW/AvgL,200.0,2.5876,0.015503875968992276,0.3640776699029127,1.0483460559796436,0.03524951669956655,0.046237228898495686,0.03329902805257534,0.007135374830014766,,True,True,1.0,1.62,1.5876000000000001
2021-07-19,2021-07-21,Gstaad,R16,Clay,3,Marc Polmans,Cristian Garin,player1,other,0.20647688412071746,5.0,5.38,B365W/B365L,AvgW/AvgL,200.0,4.92,-0.07063197026022305,0.1883116883116883,1.0620689655172415,0.018165195809029172,0.03238442060358726,0.015866269873929806,0.002024026287724204,,True,False,1.0,-1.0,-1.0
2021-07-19,2021-07-22,Los Cabos,R16,Hard,3,Evgeny Donskoy,John Isner,player2,other,0.22335141772637235,5.0,5.52,B365W/B365L,AvgW/AvgL,200.0,4.92,-0.09420289855072461,0.1883116883116883,1.0620689655172415,0.03503972941468406,0.11675708863186174,0.09888897521375195,0.007297318039491359,,True,False,1.0,-1.0,-1.0
2021-07-19,2021-07-22,Los Cabos,R16,Hard,3,Elias Ymer,Cameron Norrie,player1,other,0.22903535217469406,4.5,4.4,B365W/B365L,AvgW/AvgL,200.0,4.43,0.022727272727272707,0.21052631578947367,1.0555555555555556,0.01850903638522039,0.030659084786123336,0.014626610133894657,0.0021899346275802384,,True,False,1.0,-1.0,-1.0
2021-07-26,2021-07-26,Atlanta,R32,Hard,3,Steve Johnson,Alexei Popyrin,player2,other,0.44962819133575915,2.3,2.19,B365W/B365L,AvgW/AvgL,200.0,2.274,0.05022831050228316,0.411764705882353,1.0559006211180124,0.037863485453406176,0.03414484007224594,0.022454507097516285,0.006566315398508836,,True,True,1.0,1.2999999999999998,1.274
2021-07-26,2021-07-28,Kitzbuhel,R16,Clay,3,Pedro Martinez,Roberto Bautista Agut,player1,other,0.3756286529831744,2.75,2.68,B365W/B365L,AvgW/AvgL,200.0,2.715,0.026119402985074647,0.3436754176610979,1.058080808080808,0.0319532353220765,0.032978795703729524,0.019831792849318353,0.0047112565291042175,,True,True,1.0,1.75,1.7149999999999999
2021-08-02,2021-08-03,Washington,R64,Hard,3,Sam Querrey,Kei Nishikori,player2,other,0.41728700632492155,2.5,2.41,B365W/B365L,AvgW/AvgL,200.0,2.4699999999999998,0.03734439834024883,0.3796526054590571,1.05359477124183,0.03763440086586445,0.04321751581230393,0.030698905622556172,0.007202919302050655,,True,False,1.0,-1.0,-1.0
2021-08-02,2021-08-06,Washington,R16,Hard,3,Lloyd Harris,Rafael Nadal,player1,top_10,0.3322965825354577,4.0,4.11,B365W/B365L,AvgW/AvgL,200.0,3.94,-0.02676399026763998,0.23809523809523808,1.05,0.0942013444402196,0.32918633014183074,0.3092485351897033,0.027432194178485896,,True,True,1.0,3.0,2.94
2021-07-24,2021-08-10,Tokyo Olympics,R64,Hard,3,Alexander Bublik,Daniil Medvedev,player1,top_10,0.4139948389898729,4.5,4.63,B365W/B365L,AvgW/AvgL,200.0,4.43,-0.028077753779697567,0.21052631578947367,1.0555555555555556,0.2034685232003992,0.862976775454428,0.8339971367251366,0.061641198246744855,,True,False,1.0,-1.0,-1.0
2021-08-09,2021-08-12,Canada Masters,R32,Hard,4,Frances Tiafoe,Denis Shapovalov,player2,top_10,0.47471232400591135,3.2,3.25,B365W/B365L,AvgW/AvgL,200.0,3.156,-0.01538461538461533,0.43859649122807015,0.7125,0.036115832777841195,0.5190794368189163,0.49819209456265623,0.058986299638513214,,True,True,1.0,2.2,2.156
2021-08-09,2021-08-12,Canada Masters,R16,Hard,4,John Isner,Andrey Rublev,player1,top_10,0.46154054364649183,2.75,2.71,B365W/B365L,AvgW/AvgL,200.0,2.715,0.014760147601476037,0.3436754176610979,1.058080808080808,0.11786512598539395,0.26923649502785263,0.2530825760002253,0.038462356432550374,,True,True,1.0,1.75,1.7149999999999999
2021-08-09,2021-08-13,Canada Masters,R16,Hard,4,James Duckworth,Daniil Medvedev,player1,top_10,0.22826130793139737,8.0,8.36,B365W/B365L,AvgW/AvgL,200.0,7.859999999999999,-0.04306220095693769,0.11894273127753305,1.0509259259259258,0.10931857665386432,0.826090463451179,0.7941338803407831,0.029503230837542107,,True,False,1.0,-1.0,-1.0
2021-08-09,2021-08-15,Canada Masters,SF,Hard,4,Daniil Medvedev,John Isner,player1,top_10,0.8299833048985941,1.3,1.33,B365W/B365L,AvgW/AvgL,200.0,1.294,-0.022556390977443663,0.7291666666666667,1.0549450549450547,0.10081663823192732,0.07897829636817233,0.07399839653878076,0.06581524697347693,,True,True,1.0,0.30000000000000004,0.29400000000000004
2021-08-09,2021-08-15,Canada Masters,F,Hard,4,Reilly Opelka,Daniil Medvedev,player1,top_10,0.2564131749975971,5.0,4.74,B365W/B365L,AvgW/AvgL,200.0,4.92,0.05485232067510548,0.1883116883116883,1.0620689655172415,0.06810148668590879,0.2820658749879854,0.26155282098817767,0.017629117186749088,,True,False,1.0,-1.0,-1.0
2021-08-16,2021-08-18,Cincinnati Masters,R32,Hard,4,Benoit Paire,Denis Shapovalov,player2,top_10,0.3265888650204305,3.75,4.06,B365W/B365L,AvgW/AvgL,200.0,3.695,-0.07635467980295563,0.25447316103379725,1.0479166666666666,0.07211570398663325,0.22470824382661436,0.20674585625049058,0.02042802216605585,,True,True,1.0,2.75,2.695
2021-08-16,2021-08-18,Cincinnati Masters,R32,Hard,4,Marin Cilic,Andrey Rublev,player2,top_10,0.3866846175704667,3.5,3.66,B365W/B365L,AvgW/AvgL,200.0,3.45,-0.04371584699453557,0.27083333333333337,1.0549450549450547,0.11585128423713331,0.35339616149663333,0.33406193061811007,0.035339616149663335,,True,False,1.0,-1.0,-1.0
2021-08-16,2021-08-18,Cincinnati Masters,R32,Hard,4,Dominik Koepfer,Pablo Carreno Busta,player2,other,0.29713555651386947,3.5,3.64,B365W/B365L,AvgW/AvgL,200.0,3.45,-0.03846153846153855,0.27083333333333337,1.0549450549450547,0.0263022231805361,0.0399744477985432,0.0251176699728497,0.00399744477985432,,True,False,1.0,-1.0,-1.0
2021-08-16,2021-08-19,Cincinnati Masters,R16,Hard,4,Guido Pella,Alexander Zverev,player1,top_10,0.1671749978348657,8.0,9.22,B365W/B365L,AvgW/AvgL,200.0,7.859999999999999,-0.13232104121475063,0.11894273127753305,1.0509259259259258,0.04823226655733265,0.33739998267892546,0.31399548298204427,0.012049999381390194,,True,False,1.0,-1.0,-1.0
2021-08-16,2021-08-19,Cincinnati Masters,R16,Hard,4,Gael Monfils,Andrey Rublev,player2,top_10,0.45811691736660387,3.5,3.38,B365W/B365L,AvgW/AvgL,200.0,3.45,0.035502958579881616,0.27083333333333337,1.0549450549450547,0.1872835840332705,0.6034092107831136,0.5805033649147834,0.06034092107831136,,True,False,1.0,-1.0,-1.0
2021-08-16,2021-08-20,Cincinnati Masters,QF,Hard,4,Daniil Medvedev,Pablo Carreno Busta,player1,top_10,0.88340295927659,1.28,1.28,B365W/B365L,AvgW/AvgL,200.0,1.2744,0.0,0.7455268389662029,1.0479166666666666,0.1378761203103871,0.13075578787403516,0.12580873130208622,0.11674623917324567,,True,True,1.0,0.28,0.2744
2021-08-16,2021-08-21,Cincinnati Masters,QF,Hard,4,Alexander Zverev,Casper Ruud,player1,top_10,0.9549069841575533,1.25,1.25,B365W/B365L,AvgW/AvgL,200.0,1.245,0.0,0.7619047619047619,1.05,0.1930022222527914,0.19363373019694158,0.1888591952761539,0.19363373019694158,,True,True,1.0,0.25,0.2450000000000001
2021-08-16,2021-08-21,Cincinnati Masters,SF,Hard,4,Stefanos Tsitsipas,Alexander Zverev,player2,top_10,0.5043092357666991,2.2,2.23,B365W/B365L,AvgW/AvgL,200.0,2.176,-0.013452914798206206,0.43005181347150256,1.0569550930996714,0.0742574222951965,0.10948031868673802,0.09737689702833718,0.02280839972640375,,True,False,1.0,-1.0,-1.0
2021-08-16,2021-08-22,Cincinnati Masters,F,Hard,4,Andrey Rublev,Alexander Zverev,player1,top_10,0.3532926307595828,3.0,2.95,B365W/B365L,AvgW/AvgL,200.0,2.96,0.016949152542372836,0.3181818181818181,1.0476190476190477,0.03511081257776466,0.05987789227874829,0.04574618704836497,0.007484736534843536,,True,False,1.0,-1.0,-1.0
2021-08-23,2021-08-23,Winston-Salem,R64,Hard,3,Guido Pella,Jordan Thompson,player2,other,0.5039019338284189,2.1,2.08,B365W/B365L,AvgW/AvgL,200.0,2.0780000000000003,0.009615384615384581,0.450261780104712,1.0575858250276855,0.05364015372370684,0.05819406103967961,0.047108218495454546,0.013225922963563548,,True,False,1.0,-1.0,-1.0
2021-08-23,2021-08-23,Winston-Salem,R64,Hard,3,Andreas Seppi,Ilya Ivashka,player1,other,0.3156875928367243,3.4,3.41,B365W/B365L,AvgW/AvgL,200.0,3.352,-0.0029325513196482023,0.28118393234672306,1.0459973463069439,0.03450366049000125,0.07333781564486264,0.05818481118869989,0.007639355796339858,,True,False,1.0,-1.0,-1.0
2021-08-23,2021-08-24,Winston-Salem,R32,Hard,3,Federico Coria,Pierre Hugues Herbert,player1,other,0.3749625767810315,2.75,2.78,B365W/B365L,AvgW/AvgL,200.0,2.715,-0.010791366906474753,0.3436754176610979,1.058080808080808,0.03128715911993363,0.031147086147836678,0.01802339596050051,0.004449583735405239,,True,False,1.0,-1.0,-1.0
2021-08-23,2021-08-24,Winston-Salem,R32,Hard,3,Benoit Paire,Gilles Simon,player2,other,0.6076790534280421,1.72,1.66,B365W/B365L,AvgW/AvgL,200.0,1.7056,0.03614457831325302,0.549738219895288,1.0575858250276855,0.05794083353275403,0.045207971896232324,0.03645739352686855,0.01569721246396956,,True,True,1.0,0.72,0.7056
2021-08-23,2021-08-26,Winston-Salem,QF,Hard,3,Emil Ruusuvuori,Richard Gasquet,player2,other,0.6686490402339994,1.57,1.53,B365W/B365L,AvgW/AvgL,200.0,1.5586000000000002,0.026143790849673332,0.6015228426395939,1.058883603429278,0.06712619759440552,0.049778993167379104,0.04215639410871158,0.02183289174007855,,True,True,1.0,0.5700000000000001,0.5586000000000002
2021-08-30,2021-08-30,Us Open,R128,Hard,5,Evgeny Donskoy,Felix Auger Aliassime,player1,other,0.1396284804039765,9.0,9.85,B365W/B365L,AvgW/AvgL,200.0,8.84,-0.08629441624365475,0.10625620655412116,1.0456905503634475,0.03337227384985533,0.2566563236357884,0.23431576677115218,0.008020510113618387,,True,False,1.0,-1.0,-1.0
2021-08-30,2021-08-30,Us Open,R128,Hard,5,Andy Murray,Stefanos Tsitsipas,player1,top_10,0.3050369950460613,9.0,9.79,B365W/B365L,AvgW/AvgL,200.0,8.84,-0.08069458631256377,0.10625620655412116,1.0456905503634475,0.19878078849194014,1.7453329554145518,1.6965270362071818,0.054541654856704744,,True,False,1.0,-1.0,-1.0
2021-08-30,2021-08-31,Us Open,R128,Hard,5,Jaume Munar,Aslan Karatsev,player1,other,0.27848276407398764,4.0,3.77,B365W/B365L,AvgW/AvgL,200.0,3.94,0.0610079575596818,0.23809523809523808,1.05,0.04038752597874956,0.11393105629595057,0.09722209045151131,0.009494254691329215,,True,False,1.0,-1.0,-1.0
2021-08-30,2021-08-31,Us Open,R128,Hard,5,Jeremy Chardy,Matteo Berrettini,player1,top_10,0.19331845200014316,7.0,6.99,B365W/B365L,AvgW/AvgL,200.0,6.88,0.0014306151645206988,0.13580246913580246,1.051948051948052,0.0575159828643407,0.3532291640010021,0.330030949760985,0.014717881833375088,,True,False,1.0,-1.0,-1.0
2021-08-30,2021-08-31,Us Open,R128,Hard,5,Sam Querrey,Alexander Zverev,player1,top_10,0.1472122156461687,13.0,11.71,B365W/B365L,AvgW/AvgL,200.0,12.76,0.11016225448334738,0.07407407407407408,1.0384615384615383,0.07313814157209463,0.9137588034001932,0.8784278716451127,0.019036641737504027,,True,False,1.0,-1.0,-1.0
2021-08-30,2021-08-31,Us Open,R128,Hard,5,Richard Gasquet,Daniil Medvedev,player1,top_10,0.16609637392002624,13.0,15.82,B365W/B365L,AvgW/AvgL,200.0,12.76,-0.17825537294563842,0.07407407407407408,1.0384615384615383,0.09202229984595216,1.1592528609603412,1.119389731219535,0.024151101270007108,,True,False,1.0,-1.0,-1.0
2021-08-30,2021-09-01,Us Open,R64,Hard,5,Pedro Martinez,Andrey Rublev,player1,top_10,0.10622442180563996,13.0,13.53,B365W/B365L,AvgW/AvgL,200.0,12.76,-0.03917220990391712,0.07407407407407408,1.0384615384615383,0.03215034773156587,0.38091748347331944,0.35542362223996593,0.007935780905694155,,True,False,1.0,-1.0,-1.0
2021-08-30,2021-09-01,Us Open,R64,Hard,5,Emil Ruusuvuori,Roberto Bautista Agut,player2,other,0.39510231849715494,2.62,2.7,B365W/B365L,AvgW/AvgL,200.0,2.5876,-0.029629629629629672,0.3640776699029127,1.0483460559796436,0.031024648594242255,0.035168074462545995,0.022366759343238174,0.005427171984960801,,True,False,1.0,-1.0,-1.0
2021-08-30,2021-09-01,Us Open,R64,Hard,5,Dominik Koepfer,Daniil Medvedev,player2,top_10,0.09168213929360691,17.0,17.96,B365W/B365L,AvgW/AvgL,200.0,16.68,-0.053452115812917644,0.05660377358490567,1.0392156862745097,0.035078365708701244,0.5585963679913175,0.5292580834173632,0.008728068249864336,,True,False,1.0,-1.0,-1.0
2021-08-30,2021-09-02,Us Open,R64,Hard,5,Adrian Mannarino,Stefanos Tsitsipas,player1,top_10,0.2368767376789256,11.0,13.15,B365W/B365L,AvgW/AvgL,200.0,10.8,-0.16349809885931565,0.08713692946058092,1.0432900432900432,0.14973980821834465,1.6056441144681814,1.5582687669323967,0.04014110286170454,,True,False,1.0,-1.0,-1.0
2021-08-30,2021-09-03,Us Open,R64,Hard,5,Denis Shapovalov,Roberto Carballes Baena,player2,top_10,0.98,1.08,1.06,B365W/B365L,AvgW/AvgL,200.0,1.0784,0.018867924528301883,0.8810572687224669,1.0509259259259258,0.09894273127753306,0.05840000000000005,0.05683200000000001,0.1825,,True,True,1.0,0.08000000000000007,0.07840000000000003
2021-08-30,2021-09-03,Us Open,R32,Hard,5,Pablo Andujar,Daniil Medvedev,player2,top_10,0.05974414905541092,23.0,20.07,B365W/B365L,AvgW/AvgL,200.0,22.56,0.14598903836571986,0.04206580591420241,1.0335772707705553,0.01767834314120851,0.3741154282744512,0.3478280026900704,0.0042513116849369455,,True,False,1.0,-1.0,-1.0
2021-08-30,2021-09-04,Us Open,R32,Hard,5,Kei Nishikori,Novak Djokovic,player1,top_10,0.1629226936631777,15.0,14.08,B365W/B365L,AvgW/AvgL,200.0,14.719999999999999,0.06534090909090917,0.06425452276980662,1.0375404530744337,0.09866817089337107,1.4438404049476654,1.3982220507219751,0.025782864374065455,,True,False,1.0,-1.0,-1.0
2021-08-30,2021-09-04,Us Open,R32,Hard,5,Ilya Ivashka,Matteo Berrettini,player1,top_10,0.4115006076652849,2.75,2.68,B365W/B365L,AvgW/AvgL,200.0,2.715,0.026119402985074647,0.3436754176610979,1.058080808080808,0.06782519000418702,0.13162667107953352,0.11722414981124851,0.018803810154219076,,True,False,1.0,-1.0,-1.0
2021-08-30,2021-09-05,Us Open,R32,Hard,5,Jack Sock,Alexander Zverev,player2,top_10,0.08974062181885278,15.0,13.02,B365W/B365L,AvgW/AvgL,200.0,14.719999999999999,0.15207373271889413,0.06425452276980662,1.0375404530744337,0.025486099049046168,0.34610932728279176,0.32098195317351297,0.006180523701478424,,True,False,1.0,-1.0,-1.0
2021-08-30,2021-09-05,Us Open,R32,Hard,5,Denis Shapovalov,Lloyd Harris,player1,top_10,0.7453544219082892,1.53,1.55,B365W/B365L,AvgW/AvgL,200.0,1.5194,-0.012903225806451646,0.6203473945409429,1.05359477124183,0.12500702736734626,0.14039226551968242,0.13249150864745463,0.06622276675456717,,True,False,1.0,-1.0,-1.0
2021-08-30,2021-09-06,Us Open,R16,Hard,5,Oscar Otte,Matteo Berrettini,player1,top_10,0.20106616561669993,6.5,6.64,B365W/B365L,AvgW/AvgL,200.0,6.39,-0.02108433734939752,0.14586070959264127,1.0547470547470548,0.05520545602405866,0.3069300765085494,0.2848127982907125,0.013951367114024974,,True,False,1.0,-1.0,-1.0
2021-08-30,2021-09-06,Us Open,R16,Hard,5,Alexander Zverev,Jannik Sinner,player2,top_10,0.9025760449928316,1.16,1.18,B365W/B365L,AvgW/AvgL,200.0,1.1567999999999998,-0.016949152542372947,0.8116883116883117,1.0620689655172415,0.09088773330451994,0.046988212191684614,0.04409996884770745,0.07341908154950724,,True,True,1.0,0.15999999999999992,0.15679999999999983
2021-08-30,2021-09-09,Us Open,QF,Hard,5,Novak Djokovic,Matteo Berrettini,player2,top_10,0.949514482741797,1.1,1.11,B365W/B365L,AvgW/AvgL,200.0,1.098,-0.009009009009009028,0.8641975308641975,1.051948051948052,0.08531695187759947,0.044465931015976734,0.04256690205049313,0.11116482753994174,,True,True,1.0,0.10000000000000009,0.09800000000000009
2021-08-30,2021-09-10,Us Open,SF,Hard,5,Daniil Medvedev,Felix Auger Aliassime,player1,top_10,0.9139195927752926,1.16,1.17,B365W/B365L,AvgW/AvgL,200.0,1.1567999999999998,-0.008547008547008517,0.8116883116883117,1.0620689655172415,0.10223128108698087,0.060146727619339285,0.05722218492245826,0.09397926190521769,,True,True,1.0,0.15999999999999992,0.15679999999999983
2021-08-30,2021-09-11,Us Open,SF,Hard,5,Novak Djokovic,Alexander Zverev,player1,top_10,0.7614658718961191,1.4,1.39,B365W/B365L,AvgW/AvgL,200.0,1.392,0.007194244604316502,0.6818181818181818,1.0476190476190477,0.07964769007793737,0.06605222065456673,0.059960493679397764,0.04128263790910421,,True,True,1.0,0.3999999999999999,0.3919999999999999
2021-08-30,2021-09-12,Us Open,F,Hard,5,Novak Djokovic,Daniil Medvedev,player1,top_10,0.7916130325739538,1.4,1.39,B365W/B365L,AvgW/AvgL,200.0,1.392,0.007194244604316502,0.6818181818181818,1.0476190476190477,0.109794850755772,0.1082582456035352,0.10192534134294357,0.06766140350220952,,True,False,1.0,-1.0,-1.0
2021-09-20,2021-09-22,Metz,R16,Hard,3,Mikael Ymer,Pablo Carreno Busta,player1,other,0.37730250941333265,2.75,2.74,B365W/B365L,AvgW/AvgL,200.0,2.715,0.0036496350364962904,0.3436754176610979,1.058080808080808,0.03362709175223477,0.0375819008866648,0.024376313057198118,0.005368842983809257,,True,False,1.0,-1.0,-1.0
2021-09-20,2021-09-23,Metz,R16,Hard,3,Lucas Pouille,Hubert Hurkacz,player1,other,0.32255527670933154,3.2,3.13,B365W/B365L,AvgW/AvgL,200.0,3.156,0.022364217252396346,0.2982456140350877,1.0477941176470589,0.024309662674243837,0.03217688546986108,0.017984453294650482,0.0036564642579387592,,True,False,1.0,-1.0,-1.0
2021-09-27,2021-09-29,Sofia,R16,Hard,3,Dimitar Kuzmanov,Kamil Majchrzak,player2,other,0.3168534396439532,3.5,3.8,B365W/B365L,AvgW/AvgL,200.0,3.45,-0.07894736842105254,0.27083333333333337,1.0549450549450547,0.04602010631061981,0.1089870387538362,0.09314436677163851,0.010898703875383619,,True,False,1.0,-1.0,-1.0
2021-09-27,2021-09-30,Sofia,R16,Hard,3,Egor Gerasimov,Jannik Sinner,player2,other,0.23660160762729976,4.5,4.39,B365W/B365L,AvgW/AvgL,200.0,4.43,0.02505694760820054,0.21052631578947367,1.0555555555555556,0.026075291837826087,0.06470723432284886,0.04814512178893782,0.0046219453087749185,,True,False,1.0,-1.0,-1.0
2021-09-24,2021-10-01,Laver Cup,RR,Hard,3,Diego Schwartzman,Andrey Rublev,player1,top_10,0.3317104518882558,3.5,3.52,B365W/B365L,AvgW/AvgL,200.0,3.45,-0.005681818181818232,0.27083333333333337,1.0549450549450547,0.06087711855492245,0.16098658160889545,0.14440105901448275,0.016098658160889547,,True,False,1.0,-1.0,-1.0
2021-09-27,2021-10-01,San Diego,R16,Hard,3,Andy Murray,Casper Ruud,player1,top_10,0.6566399507150015,2.1,2.14,B365W/B365L,AvgW/AvgL,200.0,2.0780000000000003,-0.01869158878504673,0.450261780104712,1.0575858250276855,0.20637817061028946,0.3789438965015032,0.36449781758577326,0.08612361284125071,,True,False,1.0,-1.0,-1.0
2021-09-27,2021-10-01,San Diego,QF,Hard,3,Diego Schwartzman,Andrey Rublev,player1,top_10,0.31614212852212087,3.5,3.52,B365W/B365L,AvgW/AvgL,200.0,3.45,-0.005681818181818232,0.27083333333333337,1.0549450549450547,0.0453087951887875,0.10649744982742304,0.0906903434013171,0.010649744982742303,,True,False,1.0,-1.0,-1.0
2021-09-27,2021-10-02,San Diego,QF,Hard,3,Casper Ruud,Lorenzo Sonego,player1,top_10,0.7825854140200861,1.53,1.5,B365W/B365L,AvgW/AvgL,200.0,1.5194,0.020000000000000018,0.6203473945409429,1.05359477124183,0.16223801947914318,0.19735568345073173,0.18906027806211884,0.0930923035144961,,True,True,1.0,0.53,0.5194000000000001
2021-09-27,2021-10-02,San Diego,SF,Hard,3,Cameron Norrie,Andrey Rublev,player1,top_10,0.39118331649240606,3.4,3.33,B365W/B365L,AvgW/AvgL,200.0,3.352,0.02102102102102088,0.28118393234672306,1.0459973463069439,0.109999384145683,0.3300232760741806,0.31124647688254514,0.03437742459106048,,True,True,1.0,2.4,2.352
2021-09-27,2021-10-03,Sofia,F,Hard,3,Jannik Sinner,Gael Monfils,player2,other,0.6620059335852817,1.57,1.59,B365W/B365L,AvgW/AvgL,200.0,1.5586000000000002,-0.012578616352201255,0.6015228426395939,1.058883603429278,0.06048309094568782,0.03934931572889233,0.031802448086020174,0.017258471810917688,,True,True,1.0,0.5700000000000001,0.5586000000000002
2021-09-27,2021-10-04,San Diego,F,Hard,3,Casper Ruud,Cameron Norrie,player1,top_10,0.5422768132897786,1.9,1.91,B365W/B365L,AvgW/AvgL,200.0,1.882,-0.005235602094240788,0.5,1.0526315789473684,0.042276813289778614,0.0303259452505793,0.020564962611363313,0.008423873680716473,,True,True,1.0,0.8999999999999999,0.8819999999999999
2021-10-04,2021-10-08,Indian Wells Masters,R128,Hard,4,Daniel Elahi Galan,Jan Lennard Struff,player1,other,0.3480426085109077,3.0,2.89,B365W/B365L,AvgW/AvgL,200.0,2.96,0.03806228373702414,0.3181818181818181,1.0476190476190477,0.02986079032908956,0.044127825532722986,0.030206121192286717,0.005515978191590373,,True,False,1.0,-1.0,-1.0
2021-10-04,2021-10-09,Indian Wells Masters,R64,Hard,4,Guido Pella,Roberto Bautista Agut,player1,other,0.2627592608402199,4.0,3.82,B365W/B365L,AvgW/AvgL,200.0,3.94,0.04712041884816753,0.23809523809523808,1.05,0.024664022744981806,0.05103704336087955,0.03527148771046629,0.004253086946739963,,True,False,1.0,-1.0,-1.0
2021-10-04,2021-10-09,Indian Wells Masters,R64,Hard,4,Vasek Pospisil,Denis Shapovalov,player1,other,0.3083893016849033,3.4,3.59,B365W/B365L,AvgW/AvgL,200.0,3.352,-0.05292479108635095,0.28118393234672306,1.0459973463069439,0.02720536933818024,0.048523625728671194,0.033720939247795845,0.005054544346736583,,True,False,1.0,-1.0,-1.0
2021-10-04,2021-10-09,Indian Wells Masters,R64,Hard,4,Taro Daniel,Reilly Opelka,player1,other,0.2791513706638113,3.75,3.59,B365W/B365L,AvgW/AvgL,200.0,3.695,0.04456824512534818,0.25447316103379725,1.0479166666666666,0.024678209630014047,0.04681763998929245,0.03146431460278276,0.004256149089935677,,True,False,1.0,-1.0,-1.0
2021-10-04,2021-10-09,Indian Wells Masters,R64,Hard,4,Daniel Altmaier,Grigor Dimitrov,player1,other,0.30947993440619187,3.4,3.44,B365W/B365L,AvgW/AvgL,200.0,3.352,-0.011627906976744207,0.28118393234672306,1.0459973463069439,0.028296002059468806,0.0522317769810523,0.03737674012955505,0.0054408101021929485,,True,False,1.0,-1.0,-1.0
2021-10-04,2021-10-10,Indian Wells Masters,R64,Hard,4,Emilio Gomez,Pablo Carreno Busta,player1,other,0.18401878780452718,6.0,6.92,B365W/B365L,AvgW/AvgL,200.0,5.9,-0.1329479768786127,0.15730337078651685,1.0595238095238095,0.026715417018010335,0.1041127268271631,0.08571084804671047,0.005205636341358155,,True,False,1.0,-1.0,-1.0
2021-10-04,2021-10-10,Indian Wells Masters,R64,Hard,4,Salvatore Caruso,Aslan Karatsev,player1,other,0.29392717484886394,3.75,3.9,B365W/B365L,AvgW/AvgL,200.0,3.695,-0.038461538461538436,0.25447316103379725,1.0479166666666666,0.03945401381506669,0.10222690568323967,0.08606091106655211,0.009293355062112697,,True,False,1.0,-1.0,-1.0
2021-10-04,2021-10-11,Indian Wells Masters,R64,Hard,4,Pedro Martinez,Stefanos Tsitsipas,player1,top_10,0.19165897167474588,8.0,7.81,B365W/B365L,AvgW/AvgL,200.0,7.859999999999999,0.02432778489116516,0.11894273127753305,1.0509259259259258,0.07271624039721283,0.533271773397967,0.5064395173635026,0.019045420478498824,,True,False,1.0,-1.0,-1.0
2021-10-04,2021-10-11,Indian Wells Masters,R32,Hard,4,Casper Ruud,Lloyd Harris,player1,top_10,0.8108654470761859,1.36,1.35,B365W/B365L,AvgW/AvgL,200.0,1.3528000000000002,0.007407407407407307,0.7017543859649122,1.0477941176470589,0.10911106111127367,0.10277700802361289,0.0969387768046645,0.07137292223862005,,True,True,1.0,0.3600000000000001,0.3528000000000002
2021-10-04,2021-10-12,Indian Wells Masters,R32,Hard,4,Andy Murray,Alexander Zverev,player2,top_10,0.39426454455882354,5.0,4.81,B365W/B365L,AvgW/AvgL,200.0,4.92,0.03950103950103956,0.1883116883116883,1.0620689655172415,0.20595285624713525,0.9713227227941177,0.9397815592294119,0.060707670174632355,,True,False,1.0,-1.0,-1.0
2021-10-04,2021-10-12,Indian Wells Masters,R32,Hard,4,Filip Krajinovic,Daniil Medvedev,player1,top_10,0.14979866040740422,8.0,7.64,B365W/B365L,AvgW/AvgL,200.0,7.859999999999999,0.04712041884816753,0.11894273127753305,1.0509259259259258,0.030855929129871174,0.19838928325923377,0.17741747080219716,0.007085331544972635,,True,False,1.0,-1.0,-1.0
2021-10-04,2021-10-13,Indian Wells Masters,R32,Hard,4,Stefanos Tsitsipas,Fabio Fognini,player1,top_10,0.9222377025301227,1.14,1.14,B365W/B365L,AvgW/AvgL,200.0,1.1372,0.0,0.8283132530120482,1.0590111642743223,0.09392444951807455,0.051350980884339814,0.048768715317255545,0.09169818015060688,,True,True,1.0,0.1399999999999999,0.1372
2021-10-04,2021-10-13,Indian Wells Masters,R16,Hard,4,Diego Schwartzman,Casper Ruud,player1,top_10,0.34385982132615095,3.0,2.85,B365W/B365L,AvgW/AvgL,200.0,2.96,0.05263157894736836,0.3181818181818181,1.0476190476190477,0.02567800314433283,0.031579463978452904,0.017825071125406877,0.003947432997306613,,True,True,1.0,2.0,1.96
2021-10-04,2021-10-13,Indian Wells Masters,R16,Hard,4,Grigor Dimitrov,Daniil Medvedev,player1,top_10,0.23072393888840803,6.0,6.16,B365W/B365L,AvgW/AvgL,200.0,5.9,-0.025974025974025983,0.15730337078651685,1.0595238095238095,0.07342056810189118,0.3843436333304483,0.36127123944160744,0.019217181666522413,,True,True,1.0,5.0,4.9
2021-10-04,2021-10-14,Indian Wells Masters,R16,Hard,4,Alex De Minaur,Stefanos Tsitsipas,player1,top_10,0.3118760585161249,4.5,4.41,B365W/B365L,AvgW/AvgL,200.0,4.43,0.020408163265306145,0.21052631578947367,1.0555555555555556,0.1013497427266512,0.40344226332256183,0.3816109392264331,0.02881730452304013,,True,False,1.0,-1.0,-1.0
2021-10-04,2021-10-14,Indian Wells Masters,R16,Hard,4,Gael Monfils,Alexander Zverev,player1,top_10,0.2980762989066638,4.5,4.62,B365W/B365L,AvgW/AvgL,200.0,4.43,-0.025974025974025983,0.21052631578947367,1.0555555555555556,0.08754998311719014,0.3413433450799872,0.3204780041565207,0.024381667505713373,,True,False,1.0,-1.0,-1.0
2021-10-18,2021-10-21,Moscow,R16,Hard,3,Pedro Martinez,Filip Krajinovic,player1,other,0.358288576384175,3.0,2.92,B365W/B365L,AvgW/AvgL,200.0,2.96,0.027397260273972712,0.3181818181818181,1.0476190476190477,0.040106758202356874,0.07486572915252498,0.060534186097157994,0.009358216144065623,,True,True,1.0,2.0,1.96
2021-10-25,2021-10-25,Vienna,R32,Hard,3,Alexei Popyrin,Matteo Berrettini,player1,top_10,0.3478675174607966,3.75,3.58,B365W/B365L,AvgW/AvgL,200.0,3.695,0.04748603351955305,0.25447316103379725,1.0479166666666666,0.09339435642699934,0.30450319047798713,0.2853704770176433,0.02768210822527156,,True,False,1.0,-1.0,-1.0
2021-10-25,2021-10-25,Vienna,R32,Hard,3,Andy Murray,Hubert Hurkacz,player1,top_10,0.4451679336575545,2.5,2.49,B365W/B365L,AvgW/AvgL,200.0,2.4699999999999998,0.00401606425702794,0.3796526054590571,1.05359477124183,0.06551532819849742,0.11291983414388629,0.09956479613415947,0.01881997235731438,,True,True,1.0,1.5,1.4699999999999998
2021-10-25,2021-10-26,Vienna,R32,Hard,3,Lloyd Harris,Casper Ruud,player1,top_10,0.6914906508498985,2.1,2.1,B365W/B365L,AvgW/AvgL,200.0,2.0780000000000003,0.0,0.450261780104712,1.0575858250276855,0.24122887074518645,0.4521303667847868,0.4369175724660892,0.10275690154199699,,True,False,1.0,-1.0,-1.0
2021-10-25,2021-10-26,Vienna,R32,Hard,3,Stefanos Tsitsipas,Grigor Dimitrov,player1,top_10,0.7428539342584465,1.4,1.42,B365W/B365L,AvgW/AvgL,200.0,1.392,-0.014084507042253502,0.6818181818181818,1.0476190476190477,0.06103575244026471,0.039995507961824994,0.03405267648775745,0.02499719247614063,,True,True,1.0,0.3999999999999999,0.3919999999999999
2021-10-25,2021-10-27,Vienna,R16,Hard,3,Matteo Berrettini,Nikoloz Basilashvili,player1,top_10,0.7268987003113936,1.44,1.4,B365W/B365L,AvgW/AvgL,200.0,1.4312,0.028571428571428692,0.6563245823389022,1.058080808080808,0.07057411797249136,0.04673412844840674,0.040337419885666526,0.02655348207295838,,True,True,1.0,0.43999999999999995,0.4312
2021-10-25,2021-10-27,St. Petersburg,R16,Hard,3,Pablo Andujar,Denis Shapovalov,player1,other,0.14164928731374626,8.0,6.87,B365W/B365L,AvgW/AvgL,200.0,7.859999999999999,0.16448326055312945,0.11894273127753305,1.0509259259259258,0.022706556036213216,0.1331942985099701,0.11336339828604558,0.004756939232498932,,True,False,1.0,-1.0,-1.0
2021-10-25,2021-10-27,St. Petersburg,R16,Hard,3,Andrey Rublev,Ilya Ivashka,player1,top_10,0.882843900953226,1.33,1.36,B365W/B365L,AvgW/AvgL,200.0,1.3234000000000001,-0.022058823529411797,0.7188160676532769,1.0459973463069439,0.16402783329994908,0.1741823882677906,0.16835561852149933,0.13195635474832618,,True,True,1.0,0.33000000000000007,0.32340000000000013
2021-10-25,2021-10-28,Vienna,R16,Hard,3,Lorenzo Sonego,Casper Ruud,player1,top_10,0.3702533480984588,3.2,3.13,B365W/B365L,AvgW/AvgL,200.0,3.156,0.022364217252396346,0.2982456140350877,1.0477941176470589,0.07200773406337108,0.1848107139150682,0.1685195665987359,0.021001217490348657,,True,False,1.0,-1.0,-1.0
2021-10-25,2021-10-29,Vienna,QF,Hard,3,Alexander Zverev,Felix Auger Aliassime,player2,top_10,0.8666551798469626,1.25,1.24,B365W/B365L,AvgW/AvgL,200.0,1.245,0.008064516129032251,0.7619047619047619,1.05,0.10475041794220075,0.08331897480870326,0.07898569890946855,0.08331897480870326,,True,True,1.0,0.25,0.2450000000000001
2021-10-25,2021-10-29,Vienna,QF,Hard,3,Jannik Sinner,Casper Ruud,player1,top_10,0.98,1.4,1.39,B365W/B365L,AvgW/AvgL,200.0,1.392,0.007194244604316502,0.6818181818181818,1.0476190476190477,0.2981818181818182,0.3719999999999999,0.3641599999999999,0.23249999999999998,,True,True,1.0,0.3999999999999999,0.3919999999999999
2021-11-01,2021-11-02,Paris Masters,R32,Hard,4,Novak Djokovic,Marton Fucsovics,player1,top_10,0.9741338573827123,1.08,1.11,B365W/B365L,AvgW/AvgL,200.0,1.0784,-0.027027027027027084,0.8810572687224669,1.0509259259259258,0.09307658866024537,0.052064565973329355,0.05050595180151697,0.1627017686666541,,True,True,1.0,0.08000000000000007,0.07840000000000003
2021-11-01,2021-11-04,Paris Masters,R16,Hard,4,Grigor Dimitrov,Alexander Zverev,player1,top_10,0.41277726597433706,3.4,3.27,B365W/B365L,AvgW/AvgL,200.0,3.352,0.039755351681957096,0.28118393234672306,1.0459973463069439,0.131593333627614,0.403442704312746,0.38362939554597775,0.042025281699244375,,True,False,1.0,-1.0,-1.0
2021-11-01,2021-11-04,Paris Masters,R16,Hard,4,Dominik Koepfer,Hubert Hurkacz,player1,top_10,0.2953423660602472,4.33,4.3,B365W/B365L,AvgW/AvgL,200.0,4.2634,0.006976744186046657,0.2198198198198198,1.0506190133646311,0.07552254624042742,0.27883244504087046,0.25916264346125795,0.020933366744810094,,True,False,1.0,-1.0,-1.0
2021-11-01,2021-11-05,Paris Masters,QF,Hard,4,Alexander Zverev,Casper Ruud,player1,top_10,0.7731969370694612,1.4,1.37,B365W/B365L,AvgW/AvgL,200.0,1.392,0.021897810218977964,0.6818181818181818,1.0476190476190477,0.09137875525127948,0.08247571189724567,0.07629013640068999,0.05154731993577856,,True,True,1.0,0.3999999999999999,0.3919999999999999
2021-11-01,2021-11-05,Paris Masters,QF,Hard,4,James Duckworth,Hubert Hurkacz,player1,top_10,0.34746818337814667,3.2,3.26,B365W/B365L,AvgW/AvgL,200.0,3.156,-0.018404907975460016,0.2982456140350877,1.0477941176470589,0.049222569343058964,0.11189818681006936,0.09660958674143094,0.01271570304659879,,True,False,1.0,-1.0,-1.0
2021-11-01,2021-11-05,Paris Masters,QF,Hard,4,Taylor Fritz,Novak Djokovic,player1,top_10,0.29390213093302436,4.33,4.3,B365W/B365L,AvgW/AvgL,200.0,4.2634,0.006976744186046657,0.2198198198198198,1.0506190133646311,0.07408231111320457,0.2725962269399954,0.253022345019856,0.020465182202702357,,True,False,1.0,-1.0,-1.0
2021-11-01,2021-11-06,Paris Masters,SF,Hard,4,Alexander Zverev,Daniil Medvedev,player1,top_10,0.5040661008008618,2.1,2.03,B365W/B365L,AvgW/AvgL,200.0,2.0780000000000003,0.034482758620689724,0.450261780104712,1.0575858250276855,0.053804320696149766,0.058538811681809744,0.04744935746419088,0.013304275382229487,,True,False,1.0,-1.0,-1.0
2021-11-15,2021-11-15,Tour Finals,RR,Hard,1,Stefanos Tsitsipas,Andrey Rublev,player2,top_10,0.6576275211718585,1.72,1.73,B365W/B365L,AvgW/AvgL,200.0,1.7056,-0.005780346820809301,0.549738219895288,1.0575858250276855,0.10788930127657048,0.13111933641559664,0.1216495001107219,0.045527547366526616,,True,False,1.0,-1.0,-1.0
2021-11-15,2021-11-15,Tour Finals,RR,Hard,1,Casper Ruud,Novak Djokovic,player1,top_10,0.3549053118223955,6.5,6.48,B365W/B365L,AvgW/AvgL,200.0,6.39,0.0030864197530864335,0.14586070959264127,1.0547470547470548,0.2090446022297542,1.3068845268455707,1.267844942545107,0.059403842129344124,,True,False,1.0,-1.0,-1.0
2021-11-15,2021-11-16,Tour Finals,RR,Hard,1,Alexander Zverev,Daniil Medvedev,player1,top_10,0.46322523720651854,2.5,2.49,B365W/B365L,AvgW/AvgL,200.0,2.4699999999999998,0.00401606425702794,0.3796526054590571,1.05359477124183,0.08357263174746143,0.1580630930162964,0.14416633590010064,0.0263438488360494,,True,False,1.0,-1.0,-1.0
2021-11-15,2021-11-17,Tour Finals,RR,Hard,1,Cameron Norrie,Casper Ruud,player1,top_10,0.5115495575170244,2.37,2.36,B365W/B365L,AvgW/AvgL,200.0,2.3426,0.004237288135593209,0.398477157360406,1.058883603429278,0.11307240015661835,0.21237245131534777,0.19835599343938126,0.03875409695535543,,True,False,1.0,-1.0,-1.0
2021-11-15,2021-11-19,Tour Finals,RR,Hard,1,Andrey Rublev,Casper Ruud,player1,top_10,0.6894478200692136,1.5,1.53,B365W/B365L,AvgW/AvgL,200.0,1.49,-0.019607843137254943,0.625,1.0666666666666667,0.06444782006921357,0.03417173010382035,0.027277251903128186,0.017085865051910176,,True,False,1.0,-1.0,-1.0
2021-11-15,2021-11-19,Tour Finals,RR,Hard,1,Novak Djokovic,Cameron Norrie,player1,top_10,0.9035242382006867,1.14,1.12,B365W/B365L,AvgW/AvgL,200.0,1.1372,0.01785714285714257,0.8283132530120482,1.0590111642743223,0.07521098518863856,0.030017631548782786,0.02748776368182093,0.053602913479969296,,True,True,1.0,0.1399999999999999,0.1372
2021-11-15,2021-11-20,Tour Finals,SF,Hard,1,Novak Djokovic,Alexander Zverev,player1,top_10,0.8013978521317776,1.4,1.39,B365W/B365L,AvgW/AvgL,200.0,1.392,0.007194244604316502,0.6818181818181818,1.0476190476190477,0.11957967031359584,0.12195699298448859,0.11554581016743437,0.07622312061530538,,True,False,1.0,-1.0,-1.0
2022-01-03,2022-01-06,Adelaide 1,R16,Hard,3,Juan Manuel Cerundolo,Gael Monfils,player1,other,0.23502320318453124,4.5,4.68,B365W/B365L,AvgW/AvgL,200.0,4.43,-0.038461538461538436,0.21052631578947367,1.0555555555555556,0.024496887395057565,0.05760441433039054,0.0411527901074733,0.004114601023599325,,True,False,1.0,-1.0,-1.0
2022-01-03,2022-01-08,Adelaide 1,SF,Hard,3,Thanasi Kokkinakis,Gael Monfils,player1,other,0.34751012956542193,3.0,3.04,B365W/B365L,AvgW/AvgL,200.0,2.96,-0.013157894736842146,0.3181818181818181,1.0476190476190477,0.02932831138360381,0.0425303886962658,0.02862998351364887,0.005316298587033225,,True,False,1.0,-1.0,-1.0
2022-01-03,2022-01-08,Melbourne,SF,Hard,3,Emil Ruusuvuori,Rafael Nadal,player1,top_10,0.30383001136607357,5.0,4.45,B365W/B365L,AvgW/AvgL,200.0,4.92,0.12359550561797739,0.1883116883116883,1.0620689655172415,0.11551832305438528,0.5191500568303679,0.4948436559210819,0.03244687855189799,,True,False,1.0,-1.0,-1.0
2022-01-10,2022-01-10,Sydney,R32,Hard,3,Daniel Altmaier,Fabio Fognini,player1,other,0.38180496673584186,2.75,2.74,B365W/B365L,AvgW/AvgL,200.0,2.715,0.0036496350364962904,0.3436754176610979,1.058080808080808,0.038129549074743974,0.0499636585235651,0.03660048468781063,0.007137665503366443,,True,False,1.0,-1.0,-1.0
2022-01-17,2022-01-17,Australian Open,R128,Hard,5,Matteo Berrettini,Brandon Nakashima,player1,top_10,0.8496993646080133,1.3,1.31,B365W/B365L,AvgW/AvgL,200.0,1.294,-0.007633587786259555,0.7291666666666667,1.0549450549450547,0.12053269794134658,0.10460917399041736,0.09951097780276927,0.08717431165868111,,True,True,1.0,0.30000000000000004,0.29400000000000004
2022-01-17,2022-01-18,Australian Open,R128,Hard,5,Stefano Travaglia,Roberto Bautista Agut,player1,other,0.11599832416899339,9.0,10.64,B365W/B365L,AvgW/AvgL,200.0,8.84,-0.15413533834586468,0.10625620655412116,1.0456905503634475,0.009742117614872231,0.04398491752094047,0.025425185653901505,0.0013745286725293897,,True,False,1.0,-1.0,-1.0
2022-01-17,2022-01-18,Australian Open,R128,Hard,5,Gianluca Mager,Andrey Rublev,player2,top_10,0.18851396113295582,13.0,12.31,B365W/B365L,AvgW/AvgL,200.0,12.76,0.05605199025182772,0.07407407407407408,1.0384615384615383,0.11443988705888174,1.4506814947284257,1.4054381440565162,0.030222531140175535,,True,False,1.0,-1.0,-1.0
2022-01-17,2022-01-18,Australian Open,R128,Hard,5,Felix Auger Aliassime,Emil Ruusuvuori,player1,top_10,0.7909091078466577,1.33,1.29,B365W/B365L,AvgW/AvgL,200.0,1.3234000000000001,0.03100775193798455,0.7188160676532769,1.0459973463069439,0.07209304019338081,0.051909113436054755,0.046689113324266895,0.03932508593640511,,True,True,1.0,0.33000000000000007,0.32340000000000013
2022-01-17,2022-01-19,Australian Open,R64,Hard,5,Matteo Berrettini,Stefan Kozlov,player1,top_10,0.9765233692756067,1.06,1.08,B365W/B365L,AvgW/AvgL,200.0,1.0588,-0.01851851851851849,0.9041591320072333,1.0433962264150942,0.07236423726837338,0.03511477143214313,0.03394294338901232,0.1463115476339296,,True,True,1.0,0.06000000000000005,0.05879999999999996
2022-01-17,2022-01-19,Australian Open,R64,Hard,5,Yannick Hanfmann,Rafael Nadal,player1,top_10,0.07522150939245807,15.0,18.96,B365W/B365L,AvgW/AvgL,200.0,14.719999999999999,-0.2088607594936709,0.06425452276980662,1.0375404530744337,0.010966986622651456,0.12832264088687106,0.10726061825698274,0.0022914757301226974,,True,False,1.0,-1.0,-1.0
2022-01-17,2022-01-22,Australian Open,R32,Hard,5,Jannik Sinner,Taro Daniel,player2,top_10,0.98,1.08,1.09,B365W/B365L,AvgW/AvgL,200.0,1.0784,-0.00917431192660556,0.8810572687224669,1.0509259259259258,0.09894273127753306,0.05840000000000005,0.05683200000000001,0.1825,,True,True,1.0,0.08000000000000007,0.07840000000000003
2022-01-17,2022-01-22,Australian Open,R32,Hard,5,Stefanos Tsitsipas,Benoit Paire,player2,top_10,0.9300454434660289,1.11,1.1,B365W/B365L,AvgW/AvgL,200.0,1.1078000000000001,0.009090909090909038,0.8541392904073586,1.0547470547470548,0.07590615305867032,0.03235044224729218,0.030304342271666937,0.07352373238020943,,True,True,1.0,0.1100000000000001,0.10780000000000012
2022-01-17,2022-01-22,Australian Open,R32,Hard,5,Andrey Rublev,Marin Cilic,player2,top_10,0.8246160877810222,1.3,1.3,B365W/B365L,AvgW/AvgL,200.0,1.294,0.0,0.7291666666666667,1.0549450549450547,0.0954494211143555,0.07200091411532897,0.06705321758864283,0.06000076176277413,,True,False,1.0,-1.0,-1.0
2022-01-17,2022-01-22,Australian Open,R32,Hard,5,Botic Van De Zandschulp,Daniil Medvedev,player1,top_10,0.10030042861556437,15.0,14.02,B365W/B365L,AvgW/AvgL,200.0,14.719999999999999,0.06990014265335232,0.06425452276980662,1.0375404530744337,0.03604590584575776,0.5045064292334656,0.4764223092211075,0.009009043379169027,,True,False,1.0,-1.0,-1.0
2022-01-17,2022-01-23,Australian Open,R16,Hard,5,Pablo Carreno Busta,Matteo Berrettini,player1,top_10,0.3887591584182756,2.75,2.78,B365W/B365L,AvgW/AvgL,200.0,2.715,-0.010791366906474753,0.3436754176610979,1.058080808080808,0.04508374075717769,0.0690876856502578,0.05548111510561815,0.009869669378608257,,True,False,1.0,-1.0,-1.0
2022-01-17,2022-01-23,Australian Open,R16,Hard,5,Alexander Zverev,Denis Shapovalov,player1,top_10,0.8827722931613591,1.22,1.23,B365W/B365L,AvgW/AvgL,200.0,1.2156,-0.008130081300813052,0.7801801801801801,1.0506190133646311,0.10259211298117898,0.07698219765685804,0.0730979995669481,0.08747977006461143,,True,False,1.0,-1.0,-1.0
2022-01-17,2022-01-24,Australian Open,R16,Hard,5,Stefanos Tsitsipas,Taylor Fritz,player2,top_10,0.6708115414105627,1.57,1.55,B365W/B365L,AvgW/AvgL,200.0,1.5586000000000002,0.012903225806451646,0.6015228426395939,1.058883603429278,0.06928869877096877,0.05317412001458338,0.04552686844250309,0.02332198246253657,,True,True,1.0,0.5700000000000001,0.5586000000000002
2022-01-17,2022-01-28,Australian Open,SF,Hard,5,Rafael Nadal,Matteo Berrettini,player2,top_10,0.7488557100760345,1.4,1.4,B365W/B365L,AvgW/AvgL,200.0,1.392,0.0,0.6818181818181818,1.0476190476190477,0.0670375282578527,0.04839799410644818,0.042407148425839924,0.03024874631653012,,True,True,1.0,0.3999999999999999,0.3919999999999999
2022-01-17,2022-01-28,Australian Open,SF,Hard,5,Stefanos Tsitsipas,Daniil Medvedev,player2,top_10,0.3292952759635537,3.2,3.29,B365W/B365L,AvgW/AvgL,200.0,3.156,-0.027355623100303927,0.2982456140350877,1.0477941176470589,0.031049661928465977,0.053744883083371886,0.03925589094097548,0.006107373077655896,,True,False,1.0,-1.0,-1.0
2022-01-31,2022-02-03,Montpellier,R16,Hard,3,Mikael Ymer,Gael Monfils,player1,other,0.2650254425551554,4.0,3.88,B365W/B365L,AvgW/AvgL,200.0,3.94,0.030927835051546504,0.23809523809523808,1.05,0.02693020445991734,0.060101770220621686,0.044200243667312455,0.005008480851718474,,True,True,1.0,3.0,2.94
2022-02-07,2022-02-08,Rotterdam,R32,Hard,3,Alejandro Davidovich Fokina,Stefanos Tsitsipas,player1,top_10,0.30354191972300665,4.5,4.35,B365W/B365L,AvgW/AvgL,200.0,4.43,0.034482758620689724,0.21052631578947367,1.0555555555555556,0.09301560393353298,0.36593863875352994,0.3446907043729195,0.02613847419668071,,True,False,1.0,-1.0,-1.0
2022-02-07,2022-02-09,Buenos Aires,R16,Clay,3,Roberto Carballes Baena,Casper Ruud,player1,top_10,0.2593668081835317,5.0,4.29,B365W/B365L,AvgW/AvgL,200.0,4.92,0.16550116550116556,0.1883116883116883,1.0620689655172415,0.0710551198718434,0.2968340409176584,0.27608469626297594,0.01855212755735365,,True,False,1.0,-1.0,-1.0
2022-02-07,2022-02-10,Rotterdam,R16,Hard,3,Andy Murray,Felix Auger Aliassime,player2,top_10,0.4470769561103032,3.0,3.0,B365W/B365L,AvgW/AvgL,200.0,2.96,0.0,0.3181818181818181,1.0476190476190477,0.12889513792848506,0.34123086833090954,0.3233477900864974,0.04265385854136369,,True,False,1.0,-1.0,-1.0
2022-02-07,2022-02-11,Rotterdam,QF,Hard,3,Andrey Rublev,Marton Fucsovics,player2,top_10,0.8589195614752936,1.25,1.24,B365W/B365L,AvgW/AvgL,200.0,1.245,0.008064516129032251,0.7619047619047619,1.05,0.09701479957053172,0.07364945184411698,0.0693548540367406,0.07364945184411698,,True,True,1.0,0.25,0.2450000000000001
2022-02-07,2022-02-12,Rotterdam,SF,Hard,3,Andrey Rublev,Felix Auger Aliassime,player2,top_10,0.6312645002499555,1.72,1.7,B365W/B365L,AvgW/AvgL,200.0,1.7056,0.0117647058823529,0.549738219895288,1.0575858250276855,0.08152628035466747,0.08577494042992345,0.07668473162632411,0.029782965427056756,,True,False,1.0,-1.0,-1.0
2022-02-07,2022-02-12,Buenos Aires,SF,Clay,3,Federico Delbonis,Casper Ruud,player1,top_10,0.30895096660112975,5.0,4.38,B365W/B365L,AvgW/AvgL,200.0,4.92,0.14155251141552516,0.1883116883116883,1.0620689655172415,0.12063927828944146,0.5447548330056488,0.5200387556775584,0.03404717706285305,,True,False,1.0,-1.0,-1.0
2022-02-14,2022-02-16,Marseille,R16,Hard,3,Andrey Rublev,Richard Gasquet,player1,top_10,0.9548150137642926,1.12,1.14,B365W/B365L,AvgW/AvgL,200.0,1.1176000000000001,-0.01754385964912264,0.8426966292134831,1.0595238095238095,0.11211838455080947,0.06939281541600777,0.06710125938297351,0.14456836545001606,,True,True,1.0,0.1200000000000001,0.11760000000000015
2022-02-14,2022-02-18,Marseille,QF,Hard,3,Andrey Rublev,Lucas Pouille,player2,top_10,0.9524145592851094,1.12,1.13,B365W/B365L,AvgW/AvgL,200.0,1.1176000000000001,-0.008849557522123686,0.8426966292134831,1.0595238095238095,0.10971793007162634,0.06670430639932266,0.06441851145703845,0.13896730499858875,,True,True,1.0,0.1200000000000001,0.11760000000000015
2022-02-14,2022-02-18,Rio de Janeiro,R16,Clay,3,Thiago Monteiro,Matteo Berrettini,player1,top_10,0.30642719538240415,3.4,3.42,B365W/B365L,AvgW/AvgL,200.0,3.352,-0.005847953216374324,0.28118393234672306,1.0459973463069439,0.025243263035681085,0.041852464300174086,0.027143958921818645,0.004359631697934801,,True,False,1.0,-1.0,-1.0
2022-02-21,2022-02-22,Dubai,R32,Hard,3,Andrey Rublev,Daniel Evans,player1,top_10,0.6688436703007131,1.57,1.57,B365W/B365L,AvgW/AvgL,200.0,1.5586000000000002,0.0,0.6015228426395939,1.058883603429278,0.06732082766111924,0.05008456237211967,0.04245974453069162,0.021966913321105116,,True,True,1.0,0.5700000000000001,0.5586000000000002
2022-02-21,2022-02-23,Dubai,R16,Hard,3,Andrey Rublev,Soon Woo Kwon,player1,top_10,0.8615340675726073,1.2,1.21,B365W/B365L,AvgW/AvgL,200.0,1.196,-0.008264462809917328,0.7894736842105263,1.0555555555555556,0.07206038336208098,0.03384088108712874,0.030394744816838293,0.04230110135891093,,True,True,1.0,0.19999999999999996,0.19599999999999995
2022-02-21,2022-02-23,Dubai,R16,Hard,3,Andy Murray,Jannik Sinner,player2,top_10,0.3206341262396506,3.5,3.4,B365W/B365L,AvgW/AvgL,200.0,3.45,0.02941176470588247,0.27083333333333337,1.0549450549450547,0.049800792906317226,0.12221944183877709,0.10618773552679461,0.012221944183877708,,True,False,1.0,-1.0,-1.0
2022-02-21,2022-02-23,Dubai,R16,Hard,3,Jiri Vesely,Roberto Bautista Agut,player1,other,0.22241857031296583,5.0,4.94,B365W/B365L,AvgW/AvgL,200.0,4.92,0.012145748987854255,0.1883116883116883,1.0620689655172415,0.03410688200127754,0.11209285156482918,0.09429936593979193,0.0070058032228018235,,True,True,1.0,4.0,3.92
2022-02-21,2022-02-24,Dubai,QF,Hard,3,Jiri Vesely,Novak Djokovic,player2,top_10,0.2150147914307149,11.0,11.58,B365W/B365L,AvgW/AvgL,200.0,10.8,-0.050086355785837644,0.08713692946058092,1.0432900432900432,0.12787786197013395,1.3651627057378635,1.322159747451721,0.03412906764344659,,True,True,1.0,10.0,9.8
2022-02-21,2022-02-24,Acapulco,R16,Hard,3,Pablo Andujar,Daniil Medvedev,player1,top_10,0.06619736735207074,17.0,16.39,B365W/B365L,AvgW/AvgL,200.0,16.68,0.03721781574130567,0.05660377358490567,1.0392156862745097,0.009593593767165072,0.12535524498520256,0.10417208743253992,0.00195867570289379,,True,False,1.0,-1.0,-1.0
2022-02-21,2022-02-25,Acapulco,QF,Hard,3,Stefanos Tsitsipas,Marcos Giron,player2,top_10,0.8689814232219387,1.22,1.19,B365W/B365L,AvgW/AvgL,200.0,1.2156,0.025210084033613578,0.7801801801801801,1.0506190133646311,0.08880124304175863,0.060157336330765226,0.056333818068588726,0.06836060946677867,,True,True,1.0,0.21999999999999997,0.2156
2022-02-21,2022-02-26,Dubai,F,Hard,3,Andrey Rublev,Jiri Vesely,player2,top_10,0.8210576921907072,1.33,1.34,B365W/B365L,AvgW/AvgL,200.0,1.3234000000000001,-0.007462686567164201,0.7188160676532769,1.0459973463069439,0.10224162453743035,0.09200673061364067,0.08658774984518208,0.06970206864669747,,True,True,1.0,0.33000000000000007,0.32340000000000013
2022-02-21,2022-02-26,Acapulco,SF,Hard,3,Stefanos Tsitsipas,Cameron Norrie,player2,top_10,0.7097077796662381,1.5,1.51,B365W/B365L,AvgW/AvgL,200.0,1.49,-0.0066225165562914245,0.6359223300970874,1.0483460559796436,0.07378544956915067,0.06456166949935715,0.057464591702694745,0.03228083474967858,,True,False,1.0,-1.0,-1.0
2022-03-07,2022-03-13,Indian Wells Masters,R64,Hard,4,Botic Van De Zandschulp,Felix Auger Aliassime,player2,top_10,0.3029165538414803,3.75,3.76,B365W/B365L,AvgW/AvgL,200.0,3.695,-0.0026595744680850686,0.25447316103379725,1.0479166666666666,0.04844339280768306,0.13593707690555112,0.11927666644426971,0.01235791608232283,,True,True,1.0,2.75,2.695
2022-03-07,2022-03-14,Indian Wells Masters,R32,Hard,4,Gael Monfils,Daniil Medvedev,player2,top_10,0.20908682989637906,6.0,6.28,B365W/B365L,AvgW/AvgL,200.0,5.9,-0.04458598726114649,0.15730337078651685,1.0595238095238095,0.05178345910986221,0.25452097937827434,0.23361229638863645,0.012726048968913717,,True,True,1.0,5.0,4.9
2022-03-07,2022-03-15,Indian Wells Masters,R32,Hard,4,Lloyd Harris,Matteo Berrettini,player2,top_10,0.33199342773666196,4.0,3.79,B365W/B365L,AvgW/AvgL,200.0,3.94,0.0554089709762533,0.23809523809523808,1.05,0.09389818964142388,0.32797371094664785,0.30805410528244814,0.02733114257888732,,True,False,1.0,-1.0,-1.0
2022-03-07,2022-03-15,Indian Wells Masters,R32,Hard,4,Nick Kyrgios,Casper Ruud,player2,top_10,0.5869841240138779,2.0,1.99,B365W/B365L,AvgW/AvgL,200.0,1.98,0.005025125628140614,0.47368421052631576,1.0555555555555556,0.11329991348756213,0.1739682480277558,0.16222856554747822,0.04349206200693895,,True,True,1.0,1.0,0.98
2022-03-07,2022-03-15,Indian Wells Masters,R32,Hard,4,Benjamin Bonzi,Jannik Sinner,player1,top_10,0.27098874457407657,4.33,4.13,B365W/B365L,AvgW/AvgL,200.0,4.2634,0.04842615012106544,0.2198198198198198,1.0506190133646311,0.05116892475425677,0.1733812640057516,0.15533341361711805,0.013016611411843213,,True,False,1.0,-1.0,-1.0
2022-03-07,2022-03-16,Indian Wells Masters,R16,Hard,4,Hubert Hurkacz,Andrey Rublev,player2,top_10,0.42741586846709445,2.5,2.49,B365W/B365L,AvgW/AvgL,200.0,2.4699999999999998,0.00401606425702794,0.3796526054590571,1.05359477124183,0.04776326300803735,0.06853967116773607,0.055717195113723195,0.011423278527956012,,True,False,1.0,-1.0,-1.0
2022-03-07,2022-03-16,Indian Wells Masters,R16,Hard,4,Rafael Nadal,Reilly Opelka,player1,top_10,0.9186790629334264,1.22,1.22,B365W/B365L,AvgW/AvgL,200.0,1.2156,0.0,0.7801801801801801,1.0506190133646311,0.1384988827532463,0.12078845677878017,0.11674626890187312,0.13725960997588657,,True,True,1.0,0.21999999999999997,0.2156
2022-03-07,2022-03-18,Indian Wells Masters,QF,Hard,4,Grigor Dimitrov,Andrey Rublev,player1,top_10,0.4121951525254198,3.4,3.29,B365W/B365L,AvgW/AvgL,200.0,3.352,0.033434650455927084,0.28118393234672306,1.0459973463069439,0.1310112201786967,0.40146351858642715,0.381678151265207,0.0418191165194195,,True,False,1.0,-1.0,-1.0
2022-03-07,2022-03-19,Indian Wells Masters,SF,Hard,4,Rafael Nadal,Carlos Alcaraz,player1,top_10,0.6788391704033874,1.61,1.66,B365W/B365L,AvgW/AvgL,200.0,1.5978,-0.030120481927710774,0.588235294117647,1.0559006211180124,0.0906038762857404,0.09293106434945375,0.08464922647053241,0.03808650178256301,,True,True,1.0,0.6100000000000001,0.5978000000000001
2022-03-07,2022-03-20,Indian Wells Masters,F,Hard,4,Taylor Fritz,Rafael Nadal,player1,top_10,0.28836957853999085,4.5,4.86,B365W/B365L,AvgW/AvgL,200.0,4.43,-0.07407407407407418,0.21052631578947367,1.0555555555555556,0.07784326275051717,0.29766310342995883,0.2774772329321594,0.02126165024499706,,True,True,1.0,3.5,3.4299999999999997
2022-03-21,2022-03-26,Miami Masters,R64,Hard,4,Henri Laaksonen,Casper Ruud,player2,top_10,0.20204249810993247,5.5,5.87,B365W/B365L,AvgW/AvgL,200.0,5.41,-0.06303236797274281,0.1716867469879518,1.0590111642743223,0.030355751121980662,0.11123373960462857,0.09304991477473468,0.006179652200257142,,True,False,1.0,-1.0,-1.0
2022-03-21,2022-03-26,Miami Masters,R64,Hard,4,Andy Murray,Daniil Medvedev,player2,top_10,0.18181765352862467,6.0,6.38,B365W/B365L,AvgW/AvgL,200.0,5.9,-0.059561128526645746,0.15730337078651685,1.0595238095238095,0.024514282742107818,0.090905921171748,0.07272415581888558,0.0045452960585874004,,True,False,1.0,-1.0,-1.0
2022-03-21,2022-03-28,Miami Masters,R32,Hard,4,Hubert Hurkacz,Aslan Karatsev,player1,top_10,0.7787674525915684,1.4,1.38,B365W/B365L,AvgW/AvgL,200.0,1.392,0.01449275362318847,0.6818181818181818,1.0476190476190477,0.09694927077338666,0.09027443362819576,0.08404429400746316,0.056421521017622364,,True,True,1.0,0.3999999999999999,0.3919999999999999
2022-03-21,2022-03-29,Miami Masters,R32,Hard,4,Alex De Minaur,Stefanos Tsitsipas,player1,top_10,0.33496158761342437,3.2,3.06,B365W/B365L,AvgW/AvgL,200.0,3.156,0.045751633986928164,0.2982456140350877,1.0477941176470589,0.03671597357833667,0.07187708036295815,0.05713877050796745,0.008167850041245242,,True,False,1.0,-1.0,-1.0
2022-03-21,2022-03-29,Miami Masters,R16,Hard,4,Alexander Zverev,Thanasi Kokkinakis,player2,top_10,0.8653052325073263,1.2,1.2,B365W/B365L,AvgW/AvgL,200.0,1.196,0.0,0.7894736842105263,1.0555555555555556,0.07583154829679994,0.0383662790087915,0.03490505807876218,0.04795784876098939,,True,True,1.0,0.19999999999999996,0.19599999999999995
2022-03-21,2022-03-29,Miami Masters,R16,Hard,4,Casper Ruud,Cameron Norrie,player1,top_10,0.6691013011195673,1.57,1.63,B365W/B365L,AvgW/AvgL,200.0,1.5586000000000002,-0.036809815950920144,0.6015228426395939,1.058883603429278,0.06757845847997346,0.05048904275772076,0.0428612879249578,0.02214431699900033,,True,True,1.0,0.5700000000000001,0.5586000000000002
2022-03-21,2022-03-29,Miami Masters,R16,Hard,4,Jannik Sinner,Nick Kyrgios,player1,other,0.39283938946139285,2.75,2.62,B365W/B365L,AvgW/AvgL,200.0,2.715,0.04961832061068705,0.3436754176610979,1.058080808080808,0.04916397180029497,0.08030832101883034,0.06655894238768156,0.011472617288404334,,True,True,1.0,1.75,1.7149999999999999
2022-03-21,2022-03-29,Miami Masters,R16,Hard,4,Lloyd Harris,Hubert Hurkacz,player2,top_10,0.3577142959840284,3.5,3.33,B365W/B365L,AvgW/AvgL,200.0,3.45,0.05105105105105112,0.27083333333333337,1.0549450549450547,0.086880962650695,0.25200003594409937,0.23411432114489794,0.025200003594409937,,True,False,1.0,-1.0,-1.0
2022-03-21,2022-03-31,Miami Masters,QF,Hard,4,Hubert Hurkacz,Daniil Medvedev,player2,top_10,0.312636964769083,4.0,3.87,B365W/B365L,AvgW/AvgL,200.0,3.94,0.03359173126614978,0.23809523809523808,1.05,0.0745417266738449,0.2505478590763319,0.23178964119018697,0.020878988256360993,,True,True,1.0,3.0,2.94
2022-03-21,2022-04-01,Miami Masters,SF,Hard,4,Francisco Cerundolo,Casper Ruud,player1,top_10,0.23186549023629094,5.5,5.44,B365W/B365L,AvgW/AvgL,200.0,5.41,0.011029411764705843,0.1716867469879518,1.0590111642743223,0.060178743248339134,0.2752601962996002,0.25439230217833386,0.015292233127755565,,True,False,1.0,-1.0,-1.0
2022-03-21,2022-04-02,Miami Masters,SF,Hard,4,Hubert Hurkacz,Carlos Alcaraz,player2,top_10,0.3841953727252271,2.75,2.78,B365W/B365L,AvgW/AvgL,200.0,2.715,-0.010791366906474753,0.3436754176610979,1.058080808080808,0.0405199550641292,0.05653727499437444,0.043090436948991506,0.00807675357062492,,True,False,1.0,-1.0,-1.0
2022-04-04,2022-04-05,Marrakech,R32,Clay,3,Malek Jaziri,Jiri Vesely,player2,other,0.16223936241960468,7.0,6.26,B365W/B365L,AvgW/AvgL,200.0,6.88,0.1182108626198084,0.13580246913580246,1.051948051948052,0.02643689328380222,0.13567553693723278,0.11620681344688022,0.005653147372384699,,True,True,1.0,6.0,5.88
2022-04-04,2022-04-06,Houston,R32,Clay,3,Christian Harrison,Alejandro Tabilo,player2,other,0.24561686099786295,4.33,3.98,B365W/B365L,AvgW/AvgL,200.0,4.2634,0.0879396984924623,0.2198198198198198,1.0506190133646311,0.025797041178043156,0.06352100812074657,0.047162925178288906,0.004768844453509502,,True,False,1.0,-1.0,-1.0
2022-04-04,2022-04-07,Marrakech,R16,Clay,3,Alex Molcan,Felix Auger Aliassime,player2,top_10,0.3308097542212287,3.75,3.57,B365W/B365L,AvgW/AvgL,200.0,3.695,0.050420168067226934,0.25447316103379725,1.0479166666666666,0.07633659318743147,0.24053657832960762,0.22234204184744,0.021866961666327966,,True,True,1.0,2.75,2.695
2022-04-11,2022-04-12,Monte Carlo Masters,R32,Clay,4,Stefanos Tsitsipas,Fabio Fognini,player2,top_10,0.8257012931900778,1.28,1.28,B365W/B365L,AvgW/AvgL,200.0,1.2744,0.0,0.7455268389662029,1.0479166666666666,0.08017445422387492,0.0568976552832996,0.052273728041435125,0.05080147793151749,,True,True,1.0,0.28,0.2744
2022-04-11,2022-04-13,Monte Carlo Masters,R32,Clay,4,Lorenzo Musetti,Felix Auger Aliassime,player2,top_10,0.4441377316961399,2.37,2.4,B365W/B365L,AvgW/AvgL,200.0,2.3426,-0.012499999999999956,0.398477157360406,1.058883603429278,0.045660574335733894,0.052606424119851614,0.04043705027137734,0.009599712430629856,,True,True,1.0,1.37,1.3426
2022-04-11,2022-04-13,Monte Carlo Masters,R32,Clay,4,Casper Ruud,Holger Rune,player1,top_10,0.9142697612039697,1.16,1.16,B365W/B365L,AvgW/AvgL,200.0,1.1567999999999998,0.0,0.8116883116883117,1.0620689655172415,0.10258144951565806,0.060552922996604835,0.05762725976075203,0.0946139421821951,,True,True,1.0,0.15999999999999992,0.15679999999999983
2022-04-11,2022-04-14,Monte Carlo Masters,R16,Clay,4,Jannik Sinner,Andrey Rublev,player1,top_10,0.5534160201548095,1.9,1.87,B365W/B365L,AvgW/AvgL,200.0,1.882,0.016042780748662944,0.5,1.0526315789473684,0.05341602015480951,0.05149043829413802,0.04152894993135142,0.014302899526149451,,True,True,1.0,0.8999999999999999,0.8819999999999999
2022-04-11,2022-04-14,Monte Carlo Masters,R16,Clay,4,Laslo Djere,Stefanos Tsitsipas,player1,top_10,0.19920584663809798,6.0,5.94,B365W/B365L,AvgW/AvgL,200.0,5.9,0.010101010101009944,0.15730337078651685,1.0595238095238095,0.041902475851581134,0.1952350798285878,0.17531449516477815,0.00976175399142939,,True,False,1.0,-1.0,-1.0
2022-04-11,2022-04-15,Monte Carlo Masters,QF,Clay,4,Jannik Sinner,Alexander Zverev,player2,top_10,0.4019885208520224,2.75,2.89,B365W/B365L,AvgW/AvgL,200.0,2.715,-0.04844290657439454,0.3436754176610979,1.058080808080808,0.05831310319092453,0.10546843234306169,0.09139883411324079,0.01506691890615167,,True,False,1.0,-1.0,-1.0
2022-04-18,2022-04-19,Barcelona,R32,Clay,3,Mackenzie Mcdonald,Diego Schwartzman,player1,other,0.1777756933120975,6.0,5.72,B365W/B365L,AvgW/AvgL,200.0,5.9,0.04895104895104896,0.15730337078651685,1.0595238095238095,0.02047232252558065,0.06665415987258505,0.048876590541375387,0.0033327079936292525,,True,False,1.0,-1.0,-1.0
2022-04-18,2022-04-21,Barcelona,R32,Clay,3,Stefanos Tsitsipas,Ilya Ivashka,player1,top_10,0.9414637078537834,1.12,1.12,B365W/B365L,AvgW/AvgL,200.0,1.1176000000000001,0.0,0.8426966292134831,1.0595238095238095,0.09876707864030032,0.05443935279623753,0.05217983989738849,0.11341531832549476,,True,True,1.0,0.1200000000000001,0.11760000000000015
2022-04-18,2022-04-22,Barcelona,R16,Clay,3,Emil Ruusuvuori,Casper Ruud,player1,top_10,0.269607496284012,5.0,4.87,B365W/B365L,AvgW/AvgL,200.0,4.92,0.026694045174537884,0.1883116883116883,1.0620689655172415,0.08129580797232369,0.34803748142005997,0.3264688817173389,0.021752342588753748,,True,False,1.0,-1.0,-1.0
2022-04-18,2022-04-22,Barcelona,R16,Clay,3,Frances Tiafoe,Felix Auger Aliassime,player2,top_10,0.4023680489100452,2.75,2.69,B365W/B365L,AvgW/AvgL,200.0,2.715,0.02230483271375472,0.3436754176610979,1.058080808080808,0.0586926312489473,0.10651213450262431,0.09242925279077263,0.015216019214660616,,True,False,1.0,-1.0,-1.0
2022-04-18,2022-04-22,Barcelona,R16,Clay,3,Marton Fucsovics,Cameron Norrie,player2,top_10,0.4688874783276522,2.2,2.22,B365W/B365L,AvgW/AvgL,200.0,2.176,-0.009009009009009028,0.43005181347150256,1.0569550930996714,0.03883566485614964,0.03155245232083492,0.02029915284097128,0.006573427566840608,,True,False,1.0,-1.0,-1.0
2022-04-18,2022-04-22,Barcelona,R16,Clay,3,Stefanos Tsitsipas,Grigor Dimitrov,player2,top_10,0.8827883152635121,1.22,1.22,B365W/B365L,AvgW/AvgL,200.0,1.2156,0.0,0.7801801801801801,1.0506190133646311,0.102608135083332,0.07700174462148474,0.07311747603432531,0.08750198252441448,,True,True,1.0,0.21999999999999997,0.2156
2022-04-18,2022-04-22,Barcelona,QF,Clay,3,Diego Schwartzman,Felix Auger Aliassime,player1,top_10,0.8507903059956426,1.57,1.59,B365W/B365L,AvgW/AvgL,200.0,1.5586000000000002,-0.012578616352201255,0.6015228426395939,1.058883603429278,0.24926746335604877,0.335740780413159,0.3260417709248088,0.14725472825138552,,True,True,1.0,0.5700000000000001,0.5586000000000002
2022-04-18,2022-04-22,Barcelona,QF,Clay,3,Alex De Minaur,Cameron Norrie,player1,top_10,0.7351566679406782,1.53,1.53,B365W/B365L,AvgW/AvgL,200.0,1.5194,0.0,0.6203473945409429,1.05359477124183,0.11480927339973535,0.12478970194923772,0.11699704126906657,0.0588630669571876,,True,True,1.0,0.53,0.5194000000000001
2022-04-18,2022-04-22,Barcelona,QF,Clay,3,Stefanos Tsitsipas,Carlos Alcaraz,player2,top_10,0.675014937579816,2.2,2.19,B365W/B365L,AvgW/AvgL,200.0,2.176,0.004566210045662267,0.43005181347150256,1.0569550930996714,0.24496312410831345,0.4850328626755953,0.4688325041736797,0.10104851305741568,,True,False,1.0,-1.0,-1.0
2022-04-18,2022-04-22,Belgrade ,QF,Clay,3,Andrey Rublev,Taro Daniel,player2,top_10,0.7984052360274478,1.3,1.27,B365W/B365L,AvgW/AvgL,200.0,1.294,0.023622047244094446,0.7291666666666667,1.0549450549450547,0.0692385693607811,0.037926806835682225,0.03313637541951753,0.031605672363068514,,True,True,1.0,0.30000000000000004,0.29400000000000004
2022-04-25,2022-04-27,Munich,R16,Clay,3,Alexander Zverev,Holger Rune,player1,top_10,0.9204946643517365,1.14,1.17,B365W/B365L,AvgW/AvgL,200.0,1.1372,-0.02564102564102566,0.8283132530120482,1.0590111642743223,0.09218141133968838,0.04936391736097959,0.0467865323007948,0.08814985243032075,,True,False,1.0,-1.0,-1.0
2022-04-25,2022-04-28,Estoril,R16,Clay,3,Carlos Taberner,Felix Auger Aliassime,player2,top_10,0.30812493761474435,3.4,3.24,B365W/B365L,AvgW/AvgL,200.0,3.352,0.04938271604938271,0.28118393234672306,1.0459973463069439,0.02694100526802129,0.047624787890130804,0.032834790884623044,0.004960915405221959,,True,False,1.0,-1.0,-1.0
2022-05-02,2022-05-03,Madrid Masters,R64,Clay,4,Botic Van De Zandschulp,Pablo Carreno Busta,player1,other,0.32411998122143426,3.2,3.05,B365W/B365L,AvgW/AvgL,200.0,3.156,0.049180327868852514,0.2982456140350877,1.0477941176470589,0.02587436718634656,0.0371839399085897,0.02292266073484661,0.004225447716885193,,True,True,1.0,2.2,2.156
2022-05-02,2022-05-03,Madrid Masters,R32,Clay,4,Denis Shapovalov,Andy Murray,player1,other,0.6952015134245684,1.5,1.47,B365W/B365L,AvgW/AvgL,200.0,1.49,0.020408163265306145,0.6359223300970874,1.0483460559796436,0.059279183327480944,0.04280227013685256,0.03585025500260686,0.02140113506842628,,True,False,1.0,-1.0,-1.0
2022-05-02,2022-05-03,Madrid Masters,R32,Clay,4,Novak Djokovic,Gael Monfils,player1,top_10,0.944517971492042,1.2,1.2,B365W/B365L,AvgW/AvgL,200.0,1.196,0.0,0.7894736842105263,1.0555555555555556,0.15504428728151565,0.13342156579045034,0.12964349390448215,0.16677695723806296,,True,True,1.0,0.19999999999999996,0.19599999999999995
2022-05-02,2022-05-04,Madrid Masters,R32,Clay,4,Rafael Nadal,Miomir Kecmanovic,player2,top_10,0.7953528552683939,1.33,1.31,B365W/B365L,AvgW/AvgL,200.0,1.3234000000000001,0.01526717557251911,0.7188160676532769,1.0459973463069439,0.07653678761511706,0.05781929750696402,0.052569968662192657,0.043802498111336366,,True,True,1.0,0.33000000000000007,0.32340000000000013
2022-05-02,2022-05-05,Madrid Masters,R16,Clay,4,Lorenzo Musetti,Alexander Zverev,player2,top_10,0.3030271556032309,3.75,3.79,B365W/B365L,AvgW/AvgL,200.0,3.695,-0.01055408970976257,0.25447316103379725,1.0479166666666666,0.048553994569433656,0.13635183351211588,0.11968533995393815,0.012395621228374171,,True,False,1.0,-1.0,-1.0
2022-05-02,2022-05-05,Madrid Masters,R16,Clay,4,Felix Auger Aliassime,Jannik Sinner,player1,top_10,0.46201108317336126,2.37,2.39,B365W/B365L,AvgW/AvgL,200.0,2.3426,-0.008368200836820106,0.398477157360406,1.058883603429278,0.06353392581295525,0.0949662671208662,0.08230716344191613,0.017329610788479232,,True,True,1.0,1.37,1.3426
2022-05-02,2022-05-05,Madrid Masters,R16,Clay,4,Grigor Dimitrov,Stefanos Tsitsipas,player2,top_10,0.2953639466348158,3.5,3.43,B365W/B365L,AvgW/AvgL,200.0,3.45,0.020408163265306145,0.27083333333333337,1.0549450549450547,0.02453061330148243,0.03377381322185535,0.019005615890114513,0.0033773813221855352,,True,False,1.0,-1.0,-1.0
2022-05-02,2022-05-05,Madrid Masters,R16,Clay,4,Cameron Norrie,Carlos Alcaraz,player2,top_10,0.2304691154849634,5.0,5.5,B365W/B365L,AvgW/AvgL,200.0,4.92,-0.09090909090909094,0.1883116883116883,1.0620689655172415,0.042157427173275114,0.15234557742481702,0.13390804818601998,0.009521598589051064,,True,False,1.0,-1.0,-1.0
2022-05-02,2022-05-08,Madrid Masters,F,Clay,4,Alexander Zverev,Carlos Alcaraz,player1,top_10,0.4483445695763755,2.5,2.51,B365W/B365L,AvgW/AvgL,200.0,2.4699999999999998,-0.003984063745019806,0.3796526054590571,1.05359477124183,0.06869196411731837,0.12086142394093868,0.10741108685364731,0.020143570656823113,,True,False,1.0,-1.0,-1.0
2022-05-09,2022-05-12,Rome Masters,R16,Clay,4,Felix Auger Aliassime,Marcos Giron,player1,top_10,0.9246089322916963,1.16,1.19,B365W/B365L,AvgW/AvgL,200.0,1.1567999999999998,-0.025210084033613467,0.8116883116883117,1.0620689655172415,0.11292062060338459,0.0725463614583676,0.0695876128750341,0.11335368977869943,,True,True,1.0,0.15999999999999992,0.15679999999999983
2022-05-09,2022-05-13,Rome Masters,QF,Clay,4,Stefanos Tsitsipas,Jannik Sinner,player2,top_10,0.7198019420156301,1.44,1.46,B365W/B365L,AvgW/AvgL,200.0,1.4312,-0.013698630136986356,0.6563245823389022,1.058080808080808,0.06347735967672785,0.036514796502507274,0.03018053941276977,0.020747043467333682,,True,True,1.0,0.43999999999999995,0.4312
2022-05-09,2022-05-15,Rome Masters,F,Clay,4,Stefanos Tsitsipas,Novak Djokovic,player2,top_10,0.3758870101956051,2.75,2.75,B365W/B365L,AvgW/AvgL,200.0,2.715,0.0,0.3436754176610979,1.058080808080808,0.03221159253450723,0.033689278037914105,0.02053323268106777,0.004812754005416301,,True,False,1.0,-1.0,-1.0
2022-05-16,2022-05-17,Geneva,R16,Clay,3,Richard Gasquet,Daniil Medvedev,player2,top_10,0.4064839714408389,3.0,3.02,B365W/B365L,AvgW/AvgL,200.0,2.96,-0.0066225165562914245,0.3181818181818181,1.0476190476190477,0.0883021532590208,0.21945191432251676,0.20319255546488324,0.027431489290314595,,True,True,1.0,2.0,1.96
2022-05-16,2022-05-19,Geneva,QF,Clay,3,Thanasi Kokkinakis,Casper Ruud,player1,top_10,0.24188247669155866,4.5,4.69,B365W/B365L,AvgW/AvgL,200.0,4.43,-0.04051172707889139,0.21052631578947367,1.0555555555555556,0.031356160902084984,0.08847114511201393,0.0715393717436047,0.006319367508000995,,True,False,1.0,-1.0,-1.0
2022-05-23,2022-05-23,Roland Garros,R128,Clay,5,Yoshihito Nishioka,Novak Djokovic,player2,top_10,0.09033973244407656,26.0,21.46,B365W/B365L,AvgW/AvgL,200.0,25.5,0.21155638397017706,0.03739355794150315,1.0285605483625286,0.05294617450257341,1.3488330435459908,1.3036631773239522,0.013488330435459907,,True,False,1.0,-1.0,-1.0
2022-05-23,2022-05-23,Roland Garros,R128,Clay,5,James Duckworth,Mikael Ymer,player2,other,0.3076208256305253,3.4,3.42,B365W/B365L,AvgW/AvgL,200.0,3.352,-0.005847953216374324,0.28118393234672306,1.0459973463069439,0.02643689328380222,0.045910807143785926,0.031145007513520673,0.004782375744144368,,True,False,1.0,-1.0,-1.0
2022-05-23,2022-05-24,Roland Garros,R128,Clay,5,Jo-Wilfried Tsonga,Casper Ruud,player1,top_10,0.14661747260933844,15.0,14.79,B365W/B365L,AvgW/AvgL,200.0,14.719999999999999,0.014198782961460488,0.06425452276980662,1.0375404530744337,0.08236294983953182,1.1992620891400767,1.1582091968094614,0.021415394448929943,,True,False,1.0,-1.0,-1.0
2022-05-23,2022-05-24,Roland Garros,R128,Clay,5,Lorenzo Musetti,Stefanos Tsitsipas,player2,top_10,0.19662847393195182,7.0,7.56,B365W/B365L,AvgW/AvgL,200.0,6.88,-0.07407407407407407,0.13580246913580246,1.051948051948052,0.06082600479614936,0.37639931752366274,0.35280390065182854,0.01568330489681928,,True,False,1.0,-1.0,-1.0
2022-05-23,2022-05-24,Roland Garros,R128,Clay,5,Soon Woo Kwon,Andrey Rublev,player2,top_10,0.13565060232093007,8.0,9.19,B365W/B365L,AvgW/AvgL,200.0,7.859999999999999,-0.1294885745375408,0.11894273127753305,1.0509259259259258,0.01670787104339702,0.08520481856744055,0.06621373424251031,0.003043029234551448,,True,False,1.0,-1.0,-1.0
2022-05-23,2022-05-24,Roland Garros,R128,Clay,5,Facundo Bagnis,Daniil Medvedev,player2,top_10,0.23484695319424764,7.0,6.25,B365W/B365L,AvgW/AvgL,200.0,6.88,0.1200000000000001,0.13580246913580246,1.051948051948052,0.09904448405844518,0.6439286723597335,0.6157470379764238,0.02683036134832223,,True,False,1.0,-1.0,-1.0
2022-05-23,2022-05-25,Roland Garros,R64,Clay,5,Corentin Moutet,Rafael Nadal,player1,top_10,0.09471618790566935,15.0,13.88,B365W/B365L,AvgW/AvgL,200.0,14.719999999999999,0.08069164265129669,0.06425452276980662,1.0375404530744337,0.030461665135862737,0.42074281858504026,0.3942222859714527,0.007513264617590005,,True,False,1.0,-1.0,-1.0
2022-05-23,2022-05-26,Roland Garros,R64,Clay,5,Federico Delbonis,Andrey Rublev,player2,top_10,0.173330952671655,6.0,6.52,B365W/B365L,AvgW/AvgL,200.0,5.9,-0.07975460122699385,0.15730337078651685,1.0595238095238095,0.016027581885138142,0.03998571602992995,0.02265262076276453,0.0019992858014964976,,True,False,1.0,-1.0,-1.0
2022-05-23,2022-05-27,Roland Garros,R32,Clay,5,Felix Auger Aliassime,Filip Krajinovic,player2,top_10,0.8042216122734189,1.3,1.28,B365W/B365L,AvgW/AvgL,200.0,1.294,0.015625,0.7291666666666667,1.0549450549450547,0.07505494560675219,0.045488095955444646,0.040662766281804125,0.0379067466295372,,True,True,1.0,0.30000000000000004,0.29400000000000004
2022-05-23,2022-05-27,Roland Garros,R32,Clay,5,Botic Van De Zandschulp,Rafael Nadal,player1,top_10,0.11297414554036073,11.0,9.63,B365W/B365L,AvgW/AvgL,200.0,10.8,0.14226375908618882,0.08713692946058092,1.0432900432900432,0.025837216079779804,0.24271560094396816,0.22012077183589596,0.006067890023599204,,True,False,1.0,-1.0,-1.0
2022-05-23,2022-05-27,Roland Garros,R32,Clay,5,Sebastian Korda,Carlos Alcaraz,player1,top_10,0.21940699451598136,5.0,5.11,B365W/B365L,AvgW/AvgL,200.0,4.92,-0.021526418786692814,0.1883116883116883,1.0620689655172415,0.03109530620429307,0.09703497257990679,0.07948241301862824,0.006064685786244174,,True,False,1.0,-1.0,-1.0
2022-05-23,2022-05-28,Roland Garros,R32,Clay,5,Cristian Garin,Andrey Rublev,player2,top_10,0.30806519087579476,4.0,3.98,B365W/B365L,AvgW/AvgL,200.0,3.94,0.005025125628140614,0.23809523809523808,1.05,0.06996995278055668,0.23226076350317904,0.21377685205063135,0.01935506362526492,,True,False,1.0,-1.0,-1.0
2022-05-23,2022-05-29,Roland Garros,R16,Clay,5,Felix Auger Aliassime,Rafael Nadal,player2,top_10,0.19616643063938122,5.5,5.82,B365W/B365L,AvgW/AvgL,200.0,5.41,-0.054982817869415834,0.1716867469879518,1.0590111642743223,0.024479683651429412,0.07891536851659675,0.06126038975905246,0.0043841871398109305,,True,False,1.0,-1.0,-1.0
2022-05-23,2022-05-29,Roland Garros,R16,Clay,5,Bernabe Zapata Miralles,Alexander Zverev,player2,top_10,0.11013591681439827,10.0,10.24,B365W/B365L,AvgW/AvgL,200.0,9.82,-0.0234375,0.09584086799276674,1.0433962264150942,0.014295048821631531,0.10135916814398271,0.08153470311739108,0.002815532448443964,,True,False,1.0,-1.0,-1.0
2022-05-23,2022-05-29,Roland Garros,R16,Clay,5,Karen Khachanov,Carlos Alcaraz,player1,top_10,0.20004525287528035,7.0,7.64,B365W/B365L,AvgW/AvgL,200.0,6.88,-0.08376963350785338,0.13580246913580246,1.051948051948052,0.0642427837394779,0.40031677012696254,0.37631133978192866,0.016679865421956774,,True,False,1.0,-1.0,-1.0
2022-05-23,2022-05-30,Roland Garros,R16,Clay,5,Marin Cilic,Daniil Medvedev,player2,top_10,0.3029217582866447,3.75,3.73,B365W/B365L,AvgW/AvgL,200.0,3.695,0.00536193029490617,0.25447316103379725,1.0479166666666666,0.04844859725284745,0.13595659357491763,0.1192958968691521,0.012359690324992512,,True,True,1.0,2.75,2.695
2022-05-23,2022-05-31,Roland Garros,QF,Clay,5,Novak Djokovic,Rafael Nadal,player2,top_10,0.7754095940437622,1.44,1.44,B365W/B365L,AvgW/AvgL,200.0,1.4312,0.0,0.6563245823389022,1.058080808080808,0.11908501170485997,0.1165898154230175,0.10976621099543249,0.06624421330853268,,True,False,1.0,-1.0,-1.0
2022-05-23,2022-05-31,Roland Garros,QF,Clay,5,Alexander Zverev,Carlos Alcaraz,player1,top_10,0.265539034545975,4.33,3.97,B365W/B365L,AvgW/AvgL,200.0,4.2634,0.09068010075566746,0.2198198198198198,1.0506190133646311,0.0457192147261552,0.14978401958407173,0.1320991198833097,0.0112450465153207,,True,True,1.0,3.33,3.2634
2022-05-23,2022-06-01,Roland Garros,QF,Clay,5,Marin Cilic,Andrey Rublev,player2,top_10,0.495478975470765,2.1,2.15,B365W/B365L,AvgW/AvgL,200.0,2.0780000000000003,-0.023255813953488302,0.450261780104712,1.0575858250276855,0.04521719536605301,0.04050584848860661,0.029605311028249814,0.009205874656501502,,True,True,1.0,1.1,1.0780000000000003
2022-05-23,2022-06-03,Roland Garros,SF,Clay,5,Alexander Zverev,Rafael Nadal,player1,top_10,0.3422740835984573,3.4,3.3,B365W/B365L,AvgW/AvgL,200.0,3.352,0.030303030303030276,0.28118393234672306,1.0459973463069439,0.061090151251734226,0.1637318842347547,0.14730272822202872,0.01705540460778695,,True,False,1.0,-1.0,-1.0
2022-05-23,2022-06-05,Roland Garros,F,Clay,5,Rafael Nadal,Casper Ruud,player1,top_10,0.9102539557418046,1.16,1.18,B365W/B365L,AvgW/AvgL,200.0,1.1567999999999998,-0.016949152542372947,0.8258258258258259,1.0438871473354232,0.0844281299159787,0.05589458866049321,0.05298177600211937,0.08733529478202069,,True,True,1.0,0.15999999999999992,0.15679999999999983
2022-06-06,2022-06-09,s Hertogenbosch,R16,Grass,3,Gilles Simon,Daniil Medvedev,player2,top_10,0.123432458930399,10.0,8.6,B365W/B365L,AvgW/AvgL,200.0,9.82,0.16279069767441867,0.09584086799276674,1.0433962264150942,0.027591590937632263,0.23432458930399003,0.2121067466965183,0.006509016369555278,,True,False,1.0,-1.0,-1.0
2022-06-06,2022-06-10,Stuttgart,QF,Grass,3,Andy Murray,Stefanos Tsitsipas,player2,top_10,0.5801468541850419,2.3,2.3,B365W/B365L,AvgW/AvgL,200.0,2.274,0.0,0.411764705882353,1.0559006211180124,0.16838214830268888,0.33433776462559617,0.3192539464167852,0.06429572396646081,,True,True,1.0,1.2999999999999998,1.274
2022-06-06,2022-06-10,s Hertogenbosch,QF,Grass,3,Ilya Ivashka,Daniil Medvedev,player1,top_10,0.2809559816862067,4.5,4.44,B365W/B365L,AvgW/AvgL,200.0,4.43,0.013513513513513375,0.21052631578947367,1.0555555555555556,0.07042966589673305,0.2643019175879303,0.2446349988698957,0.01887870839913788,,True,False,1.0,-1.0,-1.0
2022-06-06,2022-06-11,s Hertogenbosch,SF,Grass,3,Adrian Mannarino,Daniil Medvedev,player1,top_10,0.2584504104587412,4.33,4.17,B365W/B365L,AvgW/AvgL,200.0,4.2634,0.0383693045563549,0.2198198198198198,1.0506190133646311,0.03863059063892138,0.11909027728634936,0.10187747994979712,0.008940711507984186,,True,False,1.0,-1.0,-1.0
2022-06-13,2022-06-14,Halle,R32,Grass,3,Benjamin Bonzi,Stefanos Tsitsipas,player2,top_10,0.30420505399347897,3.5,3.64,B365W/B365L,AvgW/AvgL,200.0,3.45,-0.03846153846153855,0.27083333333333337,1.0549450549450547,0.0333717206601456,0.06471768897717645,0.04950743627750254,0.006471768897717644,,True,False,1.0,-1.0,-1.0
2022-06-13,2022-06-15,Halle,R16,Grass,3,Nick Kyrgios,Stefanos Tsitsipas,player2,top_10,0.6567473833585314,1.61,1.61,B365W/B365L,AvgW/AvgL,200.0,1.5978,0.0,0.588235294117647,1.0559006211180124,0.06851208924088448,0.057363287207235714,0.0493509691302616,0.023509543937391682,,True,True,1.0,0.6100000000000001,0.5978000000000001
2022-06-13,2022-06-15,Halle,R16,Grass,3,Felix Auger Aliassime,Mackenzie Mcdonald,player2,top_10,0.8589921962922231,1.2,1.19,B365W/B365L,AvgW/AvgL,200.0,1.196,0.008403361344537785,0.7894736842105263,1.0555555555555556,0.06951851208169679,0.030790635550667717,0.027354666765498803,0.03848829443833465,,True,True,1.0,0.19999999999999996,0.19599999999999995
2022-06-13,2022-06-16,Halle,R16,Grass,3,Ilya Ivashka,Daniil Medvedev,player1,top_10,0.22029675395712767,5.0,4.64,B365W/B365L,AvgW/AvgL,200.0,4.92,0.07758620689655182,0.1883116883116883,1.0620689655172415,0.031985065645439376,0.10148376978563833,0.08386002946906812,0.006342735611602396,,True,False,1.0,-1.0,-1.0
2022-06-13,2022-06-17,Queen's Club,QF,Grass,3,Matteo Berrettini,Tommy Paul,player2,top_10,0.7958290948174749,1.36,1.36,B365W/B365L,AvgW/AvgL,200.0,1.3528000000000002,0.0,0.7017543859649122,1.0477941176470589,0.09407470885256264,0.0823275689517659,0.07659759946908018,0.05717192288317075,,True,True,1.0,0.3600000000000001,0.3528000000000002
2022-06-13,2022-06-17,Halle,QF,Grass,3,Hubert Hurkacz,Felix Auger Aliassime,player2,top_10,0.4230354369773942,2.5,2.51,B365W/B365L,AvgW/AvgL,200.0,2.4699999999999998,-0.003984063745019806,0.3796526054590571,1.05359477124183,0.043382831518337106,0.057588592443485465,0.04489752933416358,0.00959809874058091,,True,True,1.0,1.5,1.4699999999999998
2022-06-13,2022-06-17,Halle,QF,Grass,3,Roberto Bautista Agut,Daniil Medvedev,player1,top_10,0.3244695939517734,3.4,3.37,B365W/B365L,AvgW/AvgL,200.0,3.352,0.008902077151335286,0.28118393234672306,1.0459973463069439,0.04328566160505032,0.10319661943602954,0.08762207892634444,0.010749647857919743,,True,False,1.0,-1.0,-1.0
2022-06-13,2022-06-18,Queen's Club,SF,Grass,3,Botic Van De Zandschulp,Matteo Berrettini,player2,top_10,0.3149716586570406,3.75,3.52,B365W/B365L,AvgW/AvgL,200.0,3.695,0.06534090909090917,0.25447316103379725,1.0479166666666666,0.06049849762324333,0.1811437199639021,0.16382027873776484,0.016467610905809282,,True,False,1.0,-1.0,-1.0
2022-06-13,2022-06-19,Queen's Club,F,Grass,3,Filip Krajinovic,Matteo Berrettini,player1,top_10,0.24190309885472533,5.0,4.95,B365W/B365L,AvgW/AvgL,200.0,4.92,0.010101010101010166,0.1883116883116883,1.0620689655172415,0.05359141054303704,0.2095154942736266,0.1901632463652485,0.013094718392101662,,True,False,1.0,-1.0,-1.0
2022-06-13,2022-06-19,Halle,F,Grass,3,Hubert Hurkacz,Daniil Medvedev,player2,top_10,0.3890720014695428,3.0,2.78,B365W/B365L,AvgW/AvgL,200.0,2.96,0.07913669064748219,0.3181818181818181,1.0476190476190477,0.07089018328772467,0.16721600440862838,0.15165312434984668,0.020902000551078548,,True,True,1.0,2.0,1.96
2022-06-20,2022-06-22,Mallorca,R16,Grass,3,Ilya Ivashka,Stefanos Tsitsipas,player2,top_10,0.39325280564768283,2.62,2.47,B365W/B365L,AvgW/AvgL,200.0,2.5876,0.06072874493927127,0.3640776699029127,1.0483460559796436,0.029175135744770153,0.03032235079692902,0.017580959893944148,0.004679375122982873,,True,False,1.0,-1.0,-1.0
2022-06-20,2022-06-24,Mallorca,SF,Grass,3,Benjamin Bonzi,Stefanos Tsitsipas,player2,top_10,0.4314309248515993,2.75,2.67,B365W/B365L,AvgW/AvgL,200.0,2.715,0.029962546816479474,0.3436754176610979,1.058080808080808,0.0877555071905014,0.18643504334189798,0.171334960972092,0.02663357762027114,,True,False,1.0,-1.0,-1.0
2022-06-20,2022-06-25,Mallorca,F,Grass,3,Stefanos Tsitsipas,Roberto Bautista Agut,player1,top_10,0.6278903979302002,1.66,1.68,B365W/B365L,AvgW/AvgL,200.0,1.6467999999999998,-0.011904761904761862,0.5699481865284974,1.0569550930996714,0.05794221140170275,0.04229806056413227,0.034009907311453536,0.016021992637928893,,True,True,1.0,0.6599999999999999,0.6467999999999998
2022-06-27,2022-06-27,Wimbledon,R128,Grass,5,Alejandro Davidovich Fokina,Hubert Hurkacz,player2,top_10,0.20149172258235748,5.5,6.28,B365W/B365L,AvgW/AvgL,200.0,5.41,-0.12420382165605104,0.1716867469879518,1.0590111642743223,0.029804975594405675,0.10820447420296608,0.09007021917055402,0.006011359677942561,,True,True,1.0,4.5,4.41
2022-06-27,2022-06-28,Wimbledon,R128,Grass,5,Felix Auger Aliassime,Maxime Cressy,player2,top_10,0.8596907017211849,1.3,1.31,B365W/B365L,AvgW/AvgL,200.0,1.294,-0.007633587786259555,0.7291666666666667,1.0549450549450547,0.13052403505451815,0.1175979122375404,0.11243976802721328,0.09799826019795033,,True,False,1.0,-1.0,-1.0
2022-06-27,2022-06-29,Wimbledon,R64,Grass,5,Thanasi Kokkinakis,Novak Djokovic,player2,top_10,0.1168752698491583,17.0,15.05,B365W/B365L,AvgW/AvgL,200.0,16.68,0.1295681063122922,0.05660377358490567,1.0392156862745097,0.060271496264252634,0.9868795874356912,0.9494795010839604,0.015419993553682674,,True,False,1.0,-1.0,-1.0
2022-06-27,2022-06-29,Wimbledon,R64,Grass,5,Tallon Griekspoor,Carlos Alcaraz,player2,top_10,0.6427198713789392,3.4,3.64,B365W/B365L,AvgW/AvgL,200.0,3.352,-0.06593406593406603,0.28118393234672306,1.0459973463069439,0.3615359390322161,1.1852475626883932,1.1543970088622038,0.12346328778004095,,True,False,1.0,-1.0,-1.0
2022-06-27,2022-06-30,Wimbledon,R64,Grass,5,Ricardas Berankis,Rafael Nadal,player1,top_10,0.07134082258692831,15.0,11.61,B365W/B365L,AvgW/AvgL,200.0,14.719999999999999,0.29198966408268734,0.06425452276980662,1.0375404530744337,0.007086299817121694,0.07011233880392465,0.05013690847958463,0.001252006050070083,,True,False,1.0,-1.0,-1.0
2022-06-27,2022-07-01,Wimbledon,R32,Grass,5,Oscar Otte,Carlos Alcaraz,player2,top_10,0.5819964284984345,3.4,3.5,B365W/B365L,AvgW/AvgL,200.0,3.352,-0.02857142857142858,0.28118393234672306,1.0459973463069439,0.3008124961517114,0.9787878568946771,0.9508520283267523,0.10195706842652887,,True,False,1.0,-1.0,-1.0
2022-06-27,2022-07-02,Wimbledon,R32,Grass,5,Lorenzo Sonego,Rafael Nadal,player1,top_10,0.24625430687907954,5.0,5.15,B365W/B365L,AvgW/AvgL,200.0,4.92,-0.029126213592233108,0.1883116883116883,1.0620689655172415,0.057942618567391246,0.23127153439539772,0.21157118984507128,0.014454470899712357,,True,False,1.0,-1.0,-1.0
2022-06-27,2022-07-05,Wimbledon,QF,Grass,5,Novak Djokovic,Jannik Sinner,player2,top_10,0.9443575174435528,1.11,1.11,B365W/B365L,AvgW/AvgL,200.0,1.1078000000000001,0.0,0.8541392904073586,1.0547470547470548,0.0902182270361942,0.048236844362343684,0.04615925782396789,0.10962919173259919,,True,True,1.0,0.1100000000000001,0.10780000000000012
2022-06-27,2022-07-10,Wimbledon,F,Grass,5,Nick Kyrgios,Novak Djokovic,player2,top_10,0.35502491952203186,3.75,3.81,B365W/B365L,AvgW/AvgL,200.0,3.695,-0.015748031496062964,0.25447316103379725,1.0479166666666666,0.10055175848823461,0.3313434482076194,0.31181707763390765,0.030122131655238128,,True,False,1.0,-1.0,-1.0
2022-07-18,2022-07-19,Hamburg,R32,Clay,3,Emil Ruusuvuori,Diego Schwartzman,player2,other,0.32627376795169605,3.2,2.99,B365W/B365L,AvgW/AvgL,200.0,3.156,0.07023411371237454,0.2982456140350877,1.0477941176470589,0.028028153916608345,0.04407605744542742,0.029720011655552825,0.0050086428915258425,,True,True,1.0,2.2,2.156
2022-07-18,2022-07-21,Hamburg,R16,Clay,3,Andrey Rublev,Francisco Cerundolo,player1,top_10,0.7510537323272105,1.4,1.39,B365W/B365L,AvgW/AvgL,200.0,1.392,0.007194244604316502,0.6818181818181818,1.0476190476190477,0.06923555050902874,0.05147522525809467,0.045466795399476956,0.032172015786309176,,True,False,1.0,-1.0,-1.0
2022-07-18,2022-07-21,Hamburg,R16,Clay,3,Filip Krajinovic,Carlos Alcaraz,player1,top_10,0.2496586329652492,4.5,4.5,B365W/B365L,AvgW/AvgL,200.0,4.43,0.0,0.21052631578947367,1.0555555555555556,0.03913231717577553,0.12346384834362145,0.10598774403605393,0.008818846310258675,,True,False,1.0,-1.0,-1.0
2022-07-18,2022-07-22,Hamburg,QF,Clay,3,Karen Khachanov,Carlos Alcaraz,player2,top_10,0.250253047471919,5.0,5.23,B365W/B365L,AvgW/AvgL,200.0,4.92,-0.04397705544933084,0.1883116883116883,1.0620689655172415,0.06194135916023072,0.25126523735959505,0.23124499356184147,0.01570407733497469,,True,False,1.0,-1.0,-1.0
2022-07-25,2022-07-29,Umag,QF,Clay,3,Jannik Sinner,Roberto Carballes Baena,player1,top_10,0.9436696358804366,1.16,1.15,B365W/B365L,AvgW/AvgL,200.0,1.1567999999999998,0.008695652173912993,0.8116883116883117,1.0620689655172415,0.13198132419212494,0.09465677762130639,0.09163703478648891,0.14790121503329132,,True,True,1.0,0.15999999999999992,0.15679999999999983
2022-07-25,2022-07-29,Umag,QF,Clay,3,Carlos Alcaraz,Facundo Bagnis,player1,top_10,0.98,1.07,1.05,B365W/B365L,AvgW/AvgL,200.0,1.0686,0.01904761904761898,0.893743793445879,1.0456905503634475,0.08625620655412103,0.048600000000000046,0.04722799999999998,0.17357142857142857,,True,True,1.0,0.07000000000000006,0.0686
2022-07-25,2022-07-31,Umag,F,Clay,3,Carlos Alcaraz,Jannik Sinner,player1,top_10,0.6437975877857267,1.61,1.61,B365W/B365L,AvgW/AvgL,200.0,1.5978,0.0,0.588235294117647,1.0559006211180124,0.05556229366807974,0.03651411633502005,0.028659785764034218,0.01496480177664756,,True,False,1.0,-1.0,-1.0
2022-08-01,2022-08-04,Washington,R32,Hard,3,Tommy Paul,Nick Kyrgios,player1,other,0.35885146550488217,3.0,2.94,B365W/B365L,AvgW/AvgL,200.0,2.96,0.020408163265306145,0.3181818181818181,1.0476190476190477,0.04066964732306405,0.07655439651464657,0.06220033789445123,0.009569299564330822,,True,False,1.0,-1.0,-1.0
2022-08-01,2022-08-04,Washington,R16,Hard,3,Daniel Evans,Taylor Fritz,player1,other,0.29706230442370035,3.5,3.47,B365W/B365L,AvgW/AvgL,200.0,3.45,0.008645533141210304,0.27083333333333337,1.0549450549450547,0.02622897109036698,0.039718065482951315,0.024864950261766272,0.003971806548295131,,True,True,1.0,2.5,2.45
2022-08-01,2022-08-05,Washington,R16,Hard,3,Maxime Cressy,Andrey Rublev,player2,top_10,0.4815729971839372,2.75,2.82,B365W/B365L,AvgW/AvgL,200.0,2.715,-0.024822695035460973,0.3436754176610979,1.058080808080808,0.13789757952283932,0.32432574225582733,0.3074706873543894,0.04633224889368962,,True,False,1.0,-1.0,-1.0
2022-08-01,2022-08-05,Los Cabos,QF,Hard,3,Steve Johnson,Felix Auger Aliassime,player1,top_10,0.29684683970712084,4.0,4.02,B365W/B365L,AvgW/AvgL,200.0,3.94,-0.004975124378109319,0.23809523809523808,1.05,0.05875160161188275,0.18738735882848334,0.16957654844605619,0.015615613235706946,,True,False,1.0,-1.0,-1.0
2022-08-01,2022-08-05,Los Cabos,QF,Hard,3,Ricardas Berankis,Daniil Medvedev,player1,top_10,0.25083368681774626,8.0,7.63,B365W/B365L,AvgW/AvgL,200.0,7.859999999999999,0.04849279161205766,0.11894273127753305,1.0509259259259258,0.1318909555402132,1.00666949454197,0.9715527783874855,0.0359524819479275,,True,False,1.0,-1.0,-1.0
2022-08-01,2022-08-06,Los Cabos,SF,Hard,3,Felix Auger Aliassime,Cameron Norrie,player1,top_10,0.6221405673402891,1.8,1.79,B365W/B365L,AvgW/AvgL,200.0,1.784,0.005586592178770999,0.5263157894736842,1.0555555555555556,0.09582477786660493,0.1198530212125204,0.10989877213507576,0.03745406912891262,,True,False,1.0,-1.0,-1.0
2022-08-01,2022-08-07,Washington,SF,Hard,3,Mikael Ymer,Nick Kyrgios,player1,other,0.23079648405184533,5.0,4.74,B365W/B365L,AvgW/AvgL,200.0,4.92,0.05485232067510548,0.1883116883116883,1.0620689655172415,0.04248479574015704,0.1539824202592266,0.13551870153507894,0.009623901266201662,,True,False,1.0,-1.0,-1.0
2022-08-01,2022-08-07,Washington,SF,Hard,3,Andrey Rublev,Yoshihito Nishioka,player1,top_10,0.8727903358520692,1.2,1.18,B365W/B365L,AvgW/AvgL,200.0,1.196,0.016949152542372836,0.7894736842105263,1.0555555555555556,0.0833166516415429,0.04734840302248303,0.04385724167907476,0.0591855037781038,,True,False,1.0,-1.0,-1.0
2022-08-08,2022-08-10,Canada Masters,R32,Hard,4,Alex Molcan,Casper Ruud,player2,top_10,0.3051951955760157,3.4,3.39,B365W/B365L,AvgW/AvgL,200.0,3.352,0.002949852507374562,0.28118393234672306,1.0459973463069439,0.024011263229292645,0.03766366495845341,0.023014295570804588,0.003923298433172231,,True,False,1.0,-1.0,-1.0
2022-08-08,2022-08-10,Canada Masters,R32,Hard,4,Hubert Hurkacz,Emil Ruusuvuori,player2,top_10,0.740780142577508,1.53,1.58,B365W/B365L,AvgW/AvgL,200.0,1.5194,-0.03164556962025322,0.6203473945409429,1.05359477124183,0.12043274803656512,0.1333936181435873,0.12554134863226574,0.06292151799225816,,True,True,1.0,0.53,0.5194000000000001
2022-08-08,2022-08-11,Canada Masters,R32,Hard,4,Andrey Rublev,Daniel Evans,player2,top_10,0.8249502947350075,1.33,1.35,B365W/B365L,AvgW/AvgL,200.0,1.3234000000000001,-0.014814814814814836,0.7188160676532769,1.0459973463069439,0.10613422708173059,0.09718389199756,0.091739220052309,0.0736241606042121,,True,False,1.0,-1.0,-1.0
2022-08-08,2022-08-11,Canada Masters,R32,Hard,4,Felix Auger Aliassime,Yoshihito Nishioka,player1,top_10,0.8093785491068292,1.33,1.33,B365W/B365L,AvgW/AvgL,200.0,1.3234000000000001,0.0,0.7188160676532769,1.0459973463069439,0.09056248145355228,0.07647347031208285,0.07113157188797781,0.057934447206123355,,True,True,1.0,0.33000000000000007,0.32340000000000013
2022-08-08,2022-08-11,Canada Masters,R16,Hard,4,Felix Auger Aliassime,Cameron Norrie,player1,top_10,0.6061648144159804,1.72,1.78,B365W/B365L,AvgW/AvgL,200.0,1.7056,-0.03370786516853941,0.549738219895288,1.0575858250276855,0.05642659452069232,0.042603480795486204,0.033874707467896115,0.014792875276210487,,True,True,1.0,0.72,0.7056
2022-08-08,2022-08-11,Canada Masters,R16,Hard,4,Alex De Minaur,Nick Kyrgios,player1,other,0.35947670696175166,3.0,2.93,B365W/B365L,AvgW/AvgL,200.0,2.96,0.023890784982935065,0.3181818181818181,1.0476190476190477,0.041294888779933536,0.07843012088525503,0.0640510526067849,0.009803765110656879,,True,False,1.0,-1.0,-1.0
2022-08-08,2022-08-12,Canada Masters,QF,Hard,4,Hubert Hurkacz,Nick Kyrgios,player2,top_10,0.35891957876689007,3.5,3.27,B365W/B365L,AvgW/AvgL,200.0,3.45,0.07033639143730896,0.27083333333333337,1.0549450549450547,0.0880862454335567,0.2562185256841153,0.2382725467457708,0.02562185256841153,,True,True,1.0,2.5,2.45
2022-08-08,2022-08-14,Canada Masters,F,Hard,4,Pablo Carreno Busta,Hubert Hurkacz,player2,top_10,0.4641867216000939,2.37,2.3,B365W/B365L,AvgW/AvgL,200.0,2.3426,0.0304347826086957,0.398477157360406,1.058883603429278,0.06570956423968788,0.10012253019222261,0.08740381402038,0.018270534706609963,,True,True,1.0,1.37,1.3426
2022-08-15,2022-08-15,Cincinnati Masters,R64,Hard,4,Holger Rune,Cameron Norrie,player1,other,0.27905324118002856,4.0,3.94,B365W/B365L,AvgW/AvgL,200.0,3.94,0.015228426395939021,0.23809523809523808,1.05,0.04095800308479047,0.11621296472011422,0.09946977024931258,0.009684413726676186,,True,False,1.0,-1.0,-1.0
2022-08-15,2022-08-17,Cincinnati Masters,R32,Hard,4,Felix Auger Aliassime,Alex De Minaur,player1,top_10,0.5995277618832519,1.72,1.71,B365W/B365L,AvgW/AvgL,200.0,1.7056,0.005847953216374213,0.549738219895288,1.0575858250276855,0.049789541987963815,0.031187750439193196,0.02255455066807438,0.01082908001360875,,True,True,1.0,0.72,0.7056
2022-08-15,2022-08-17,Cincinnati Masters,R32,Hard,4,Mackenzie Mcdonald,Carlos Alcaraz,player1,top_10,0.18630780133596914,6.0,6.28,B365W/B365L,AvgW/AvgL,200.0,5.9,-0.04458598726114649,0.15730337078651685,1.0595238095238095,0.029004430549452287,0.11784680801581482,0.09921602788221795,0.005892340400790741,,True,False,1.0,-1.0,-1.0
2022-08-15,2022-08-17,Cincinnati Masters,R32,Hard,4,Hubert Hurkacz,John Isner,player2,top_10,0.8218677597784678,1.5,1.45,B365W/B365L,AvgW/AvgL,200.0,1.49,0.034482758620689724,0.6359223300970874,1.0483460559796436,0.1859454296813804,0.23280163966770173,0.22458296206991707,0.11640081983385087,,True,False,1.0,-1.0,-1.0
2022-08-15,2022-08-18,Cincinnati Masters,R16,Hard,4,Diego Schwartzman,Stefanos Tsitsipas,player2,top_10,0.30850826737532544,3.75,3.83,B365W/B365L,AvgW/AvgL,200.0,3.695,-0.02088772845953002,0.25447316103379725,1.0479166666666666,0.054035106341528194,0.15690600265747046,0.1399380479518274,0.014264182059770042,,True,False,1.0,-1.0,-1.0
2022-08-15,2022-08-18,Cincinnati Masters,R16,Hard,4,Denis Shapovalov,Daniil Medvedev,player2,top_10,0.24859299550880787,4.33,4.23,B365W/B365L,AvgW/AvgL,200.0,4.2634,0.02364066193853409,0.2198198198198198,1.0506190133646311,0.028773175688988073,0.07640767055313813,0.05985137705225141,0.005736311603088448,,True,False,1.0,-1.0,-1.0
2022-08-15,2022-08-19,Cincinnati Masters,QF,Hard,4,Stefanos Tsitsipas,John Isner,player2,top_10,0.7727659460215206,1.36,1.31,B365W/B365L,AvgW/AvgL,200.0,1.3528000000000002,0.03816793893129766,0.7017543859649122,1.0477941176470589,0.07101156005660836,0.050961686589268085,0.045397771777913265,0.03539006013143616,,True,True,1.0,0.3600000000000001,0.3528000000000002
2022-08-15,2022-08-20,Cincinnati Masters,QF,Hard,4,Carlos Alcaraz,Cameron Norrie,player1,top_10,0.8004349233298833,1.3,1.3,B365W/B365L,AvgW/AvgL,200.0,1.294,0.0,0.7291666666666667,1.0549450549450547,0.07126825666321657,0.04056540032884834,0.03576279078886904,0.03380450027404028,,True,False,1.0,-1.0,-1.0
2022-08-29,2022-08-29,Us Open,R128,Hard,5,Kyle Edmund,Casper Ruud,player1,top_10,0.14404544081696655,9.0,9.99,B365W/B365L,AvgW/AvgL,200.0,8.84,-0.09909909909909909,0.10625620655412116,1.0456905503634475,0.03778923426284539,0.29640896735269895,0.2733616968219842,0.009262780229771842,,True,False,1.0,-1.0,-1.0
2022-08-29,2022-09-04,Us Open,R16,Hard,5,Karen Khachanov,Pablo Carreno Busta,player1,other,0.3827019263850963,2.75,2.73,B365W/B365L,AvgW/AvgL,200.0,2.715,0.0073260073260073,0.3436754176610979,1.058080808080808,0.03902650872399843,0.05243029755901496,0.03903573013553652,0.007490042508430709,,True,True,1.0,1.75,1.7149999999999999
2022-08-29,2022-09-04,Us Open,R16,Hard,5,Corentin Moutet,Casper Ruud,player1,top_10,0.2144392234397632,5.0,5.23,B365W/B365L,AvgW/AvgL,200.0,4.92,-0.04397705544933084,0.1883116883116883,1.0620689655172415,0.02612753512807492,0.07219611719881602,0.05504097932363494,0.0045122573249260015,,True,False,1.0,-1.0,-1.0
2022-08-29,2022-09-05,Us Open,R16,Hard,5,Daniil Medvedev,Nick Kyrgios,player2,top_10,0.7257519753287293,1.53,1.53,B365W/B365L,AvgW/AvgL,200.0,1.5194,0.0,0.6203473945409429,1.05359477124183,0.10540458078778636,0.11040052225295577,0.10270755131447129,0.05207571804384706,,True,False,1.0,-1.0,-1.0
2022-08-29,2022-09-06,Us Open,R16,Hard,5,Marin Cilic,Carlos Alcaraz,player2,top_10,0.267740581256117,4.5,4.68,B365W/B365L,AvgW/AvgL,200.0,4.43,-0.038461538461538436,0.21052631578947367,1.0555555555555556,0.05721426546664332,0.20483261565252653,0.18609077496459825,0.01463090111803761,,True,False,1.0,-1.0,-1.0
2022-09-19,2022-09-22,Metz,R16,Hard,3,Dominic Thiem,Hubert Hurkacz,player2,top_10,0.4832955958962829,3.0,2.98,B365W/B365L,AvgW/AvgL,200.0,2.96,0.006711409395973256,0.3181818181818181,1.0476190476190477,0.16511377771446478,0.4498867876888487,0.4305549638529974,0.05623584846110609,,True,False,1.0,-1.0,-1.0
2022-09-19,2022-09-22,Metz,R16,Hard,3,Stan Wawrinka,Daniil Medvedev,player2,top_10,0.242996669852525,6.0,6.0,B365W/B365L,AvgW/AvgL,200.0,5.9,0.0,0.15730337078651685,1.0595238095238095,0.08569329906600814,0.45798001911514996,0.43368035212989753,0.022899000955757497,,True,True,1.0,5.0,4.9
2022-09-19,2022-09-23,Metz,QF,Hard,3,Arthur Rinderknech,Hubert Hurkacz,player2,top_10,0.2754314448692684,4.33,4.02,B365W/B365L,AvgW/AvgL,200.0,4.2634,0.07711442786069655,0.2198198198198198,1.0506190133646311,0.05561162504944861,0.1926181562839322,0.17427442205563892,0.014460822543838753,,True,False,1.0,-1.0,-1.0
2022-09-26,2022-09-29,Tel Aviv,R16,Hard,3,Pablo Andujar,Novak Djokovic,player1,top_10,0.09857851509302497,15.0,12.64,B365W/B365L,AvgW/AvgL,200.0,14.719999999999999,0.18670886075949356,0.06425452276980662,1.0375404530744337,0.03432399232321835,0.47867772639537454,0.45107574216932744,0.008547816542774546,,True,False,1.0,-1.0,-1.0
2022-09-26,2022-09-29,Seoul,R16,Hard,3,Nicolas Jarry,Casper Ruud,player1,top_10,0.295865739696305,5.0,4.93,B365W/B365L,AvgW/AvgL,200.0,4.92,0.014198782961460488,0.1883116883116883,1.0620689655172415,0.10755405138461668,0.4793286984815248,0.4556594393058204,0.0299580436550953,,True,False,1.0,-1.0,-1.0
2022-09-26,2022-09-29,Sofia,R16,Hard,3,Marc Andrea Huesler,Pablo Carreno Busta,player1,other,0.30048498381272437,3.75,3.7,B365W/B365L,AvgW/AvgL,200.0,3.695,0.013513513513513375,0.25447316103379725,1.0479166666666666,0.046011822778927125,0.12681868929771634,0.11029201518801646,0.011528971754337848,,True,True,1.0,2.75,2.695
2022-09-26,2022-09-30,Tel Aviv,QF,Hard,3,Novak Djokovic,Vasek Pospisil,player1,top_10,0.98,1.06,1.05,B365W/B365L,AvgW/AvgL,200.0,1.0588,0.00952380952380949,0.9041591320072333,1.0433962264150942,0.07584086799276668,0.038800000000000036,0.03762399999999994,0.16166666666666668,,True,True,1.0,0.06000000000000005,0.05879999999999996
2022-09-26,2022-09-30,Seoul,QF,Hard,3,Yoshihito Nishioka,Casper Ruud,player2,top_10,0.2470879249083744,4.33,3.82,B365W/B365L,AvgW/AvgL,200.0,4.2634,0.13350785340314153,0.2198198198198198,1.0506190133646311,0.027268105088554595,0.06989071485326115,0.05343465905436329,0.005247050664659246,,True,True,1.0,3.33,3.2634
2022-10-03,2022-10-03,Astana,R32,Hard,3,Hubert Hurkacz,Francisco Cerundolo,player1,top_10,0.9295514957642128,1.22,1.22,B365W/B365L,AvgW/AvgL,200.0,1.2156,0.0,0.7801801801801801,1.0506190133646311,0.14937131558403272,0.1340528248323396,0.1299627982509771,0.15233275549129502,,True,True,1.0,0.21999999999999997,0.2156
2022-10-03,2022-10-03,Astana,R32,Hard,3,Andrey Rublev,Laslo Djere,player2,top_10,0.824727427708873,1.28,1.28,B365W/B365L,AvgW/AvgL,200.0,1.2744,0.0,0.7455268389662029,1.0479166666666666,0.07920058874267011,0.055651107467357436,0.051032633872187705,0.04968848881014056,,True,True,1.0,0.28,0.2744
2022-10-03,2022-10-04,Astana,R32,Hard,3,Stefanos Tsitsipas,Mikhail Kukushkin,player1,top_10,0.9647642870073986,1.1,1.08,B365W/B365L,AvgW/AvgL,200.0,1.098,0.0185185185185186,0.8641975308641975,1.051948051948052,0.1005667561432011,0.06124071570813852,0.05931118713412373,0.15310178927034618,,True,True,1.0,0.10000000000000009,0.09800000000000009
2022-10-03,2022-10-06,Astana,R16,Hard,3,Emil Ruusuvuori,Daniil Medvedev,player1,top_10,0.2793211516386505,5.0,4.43,B365W/B365L,AvgW/AvgL,200.0,4.92,0.12866817155756216,0.1883116883116883,1.0620689655172415,0.09100946332696222,0.3966057581932525,0.37426006606216045,0.02478785988707828,,True,False,1.0,-1.0,-1.0
2022-10-03,2022-10-06,Astana,R16,Hard,3,Botic Van De Zandschulp,Novak Djokovic,player1,top_10,0.13294444699332533,8.0,7.24,B365W/B365L,AvgW/AvgL,200.0,7.859999999999999,0.1049723756906078,0.11894273127753305,1.0509259259259258,0.014001715715792284,0.06355557594660266,0.044943353367536965,0.0022698419980929523,,True,False,1.0,-1.0,-1.0
2022-10-03,2022-10-06,Astana,R16,Hard,3,Hubert Hurkacz,Alexander Bublik,player1,top_10,0.6895770060850682,1.57,1.56,B365W/B365L,AvgW/AvgL,200.0,1.5586000000000002,0.0064102564102563875,0.6015228426395939,1.058883603429278,0.08805416344547434,0.08263589955355716,0.07477472168418747,0.036243815593665414,,True,True,1.0,0.5700000000000001,0.5586000000000002
2022-10-03,2022-10-07,Astana,QF,Hard,3,Daniil Medvedev,Roberto Bautista Agut,player2,top_10,0.7401136903500054,1.4,1.39,B365W/B365L,AvgW/AvgL,200.0,1.392,0.007194244604316502,0.6818181818181818,1.0476190476190477,0.05829550853182364,0.0361591664900075,0.030238256967207444,0.02259947905625469,,True,True,1.0,0.3999999999999999,0.3919999999999999
2022-10-03,2022-10-07,Astana,QF,Hard,3,Novak Djokovic,Karen Khachanov,player2,top_10,0.98,1.12,1.12,B365W/B365L,AvgW/AvgL,200.0,1.1176000000000001,0.0,0.8426966292134831,1.0595238095238095,0.1373033707865169,0.09760000000000009,0.09524800000000012,0.20333333333333334,,True,True,1.0,0.1200000000000001,0.11760000000000015
2022-10-03,2022-10-07,Astana,QF,Hard,3,Hubert Hurkacz,Stefanos Tsitsipas,player2,top_10,0.5410420285633412,2.1,2.09,B365W/B365L,AvgW/AvgL,200.0,2.0780000000000003,0.004784688995215447,0.450261780104712,1.0575858250276855,0.09078024845862914,0.13618825998301654,0.12428533535462305,0.030951877268867393,,True,False,1.0,-1.0,-1.0
2022-10-03,2022-10-07,Astana,QF,Hard,3,Adrian Mannarino,Andrey Rublev,player2,top_10,0.2460959918669401,4.33,4.02,B365W/B365L,AvgW/AvgL,200.0,4.2634,0.07711442786069655,0.2198198198198198,1.0506190133646311,0.026276172047120294,0.0655956447838506,0.04920565172551239,0.004924597956745541,,True,False,1.0,-1.0,-1.0
2022-10-03,2022-10-08,Astana,SF,Hard,3,Daniil Medvedev,Novak Djokovic,player2,top_10,0.4171672941234871,2.62,2.5,B365W/B365L,AvgW/AvgL,200.0,2.5876,0.04800000000000004,0.3640776699029127,1.0483460559796436,0.053089624220574394,0.09297831060353623,0.07946209027393525,0.014348504722767936,,True,False,1.0,-1.0,-1.0
2022-10-03,2022-10-09,Astana,F,Hard,3,Novak Djokovic,Stefanos Tsitsipas,player2,top_10,0.871022994615041,1.25,1.25,B365W/B365L,AvgW/AvgL,200.0,1.245,0.0,0.7619047619047619,1.05,0.1091182327102791,0.0887787432688012,0.08442362829572608,0.0887787432688012,,True,True,1.0,0.25,0.2450000000000001
2022-10-10,2022-10-12,Gijon,R16,Hard,3,Thiago Monteiro,Pablo Carreno Busta,player1,other,0.17219295171124113,6.0,5.2,B365W/B365L,AvgW/AvgL,200.0,5.9,0.15384615384615374,0.15730337078651685,1.0595238095238095,0.014889580924724283,0.03315771026744685,0.015938415096322767,0.0016578855133723425,,True,False,1.0,-1.0,-1.0
2022-10-10,2022-10-13,Gijon,R16,Hard,3,Andrey Rublev,Ilya Ivashka,player1,top_10,0.8157926323449458,1.3,1.31,B365W/B365L,AvgW/AvgL,200.0,1.294,-0.007633587786259555,0.7291666666666667,1.0549450549450547,0.08662596567827907,0.060530422048429594,0.05563566625435992,0.05044201837369132,,True,True,1.0,0.30000000000000004,0.29400000000000004
2022-10-10,2022-10-14,Gijon,QF,Hard,3,Andrey Rublev,Tommy Paul,player2,top_10,0.7540891214573076,1.44,1.43,B365W/B365L,AvgW/AvgL,200.0,1.4312,0.006993006993007089,0.6563245823389022,1.058080808080808,0.09776453911840532,0.08588833489852282,0.0792523506296986,0.04880019028325161,,True,True,1.0,0.43999999999999995,0.4312
2022-10-10,2022-10-15,Gijon,SF,Hard,3,Dominic Thiem,Andrey Rublev,player2,top_10,0.33716014391010274,3.5,3.42,B365W/B365L,AvgW/AvgL,200.0,3.45,0.023391812865497075,0.27083333333333337,1.0549450549450547,0.06632681057676937,0.18006050368535964,0.16320249648985452,0.018006050368535965,,True,False,1.0,-1.0,-1.0
2022-10-17,2022-10-19,Stockholm,R16,Hard,3,Maxime Cressy,Stefanos Tsitsipas,player2,top_10,0.3528042819316989,3.75,3.83,B365W/B365L,AvgW/AvgL,200.0,3.695,-0.02088772845953002,0.25447316103379725,1.0479166666666666,0.09833112089790164,0.32301605724387084,0.30361182173762735,0.029365096113079168,,True,False,1.0,-1.0,-1.0
2022-10-17,2022-10-21,Stockholm,QF,Hard,3,Stefanos Tsitsipas,Mikael Ymer,player1,top_10,0.8507051769120788,1.25,1.24,B365W/B365L,AvgW/AvgL,200.0,1.245,0.008064516129032251,0.7619047619047619,1.05,0.08880041500731695,0.06338147114009851,0.05912794525553822,0.06338147114009851,,True,True,1.0,0.25,0.2450000000000001
2022-10-17,2022-10-22,Stockholm,SF,Hard,3,Holger Rune,Alex De Minaur,player1,other,0.4696396331717703,2.2,2.25,B365W/B365L,AvgW/AvgL,200.0,2.176,-0.022222222222222143,0.43005181347150256,1.0569550930996714,0.03958781970026776,0.03320719297789476,0.021935841781772214,0.006918165203728074,,True,True,1.0,1.2000000000000002,1.1760000000000002
2022-10-17,2022-10-22,Stockholm,SF,Hard,3,Emil Ruusuvuori,Stefanos Tsitsipas,player1,top_10,0.3358377558394071,3.2,3.12,B365W/B365L,AvgW/AvgL,200.0,3.156,0.025641025641025772,0.2982456140350877,1.0477941176470589,0.03759214180431941,0.07468081868610288,0.059903957429168875,0.008486456668875327,,True,False,1.0,-1.0,-1.0
2022-10-17,2022-10-22,Antwerp,SF,Hard,3,Felix Auger Aliassime,Richard Gasquet,player1,top_10,0.9457109712614745,1.16,1.17,B365W/B365L,AvgW/AvgL,200.0,1.1567999999999998,-0.008547008547008517,0.8116883116883117,1.0620689655172415,0.13402265957316284,0.09702472666331036,0.09399845155527356,0.1516011354114225,,True,True,1.0,0.15999999999999992,0.15679999999999983
2022-10-17,2022-10-23,Stockholm,F,Hard,3,Stefanos Tsitsipas,Holger Rune,player2,top_10,0.7812592934484843,1.36,1.36,B365W/B365L,AvgW/AvgL,200.0,1.3528000000000002,0.0,0.7017543859649122,1.0477941176470589,0.07950490748357208,0.06251263908993876,0.05688757217710977,0.043411554923568574,,True,False,1.0,-1.0,-1.0
2022-10-24,2022-10-24,Vienna,R32,Hard,3,Taylor Fritz,Yoshihito Nishioka,player1,top_10,0.7771802691566179,1.33,1.35,B365W/B365L,AvgW/AvgL,200.0,1.3234000000000001,-0.014814814814814836,0.7188160676532769,1.0459973463069439,0.058364201503340984,0.03364975797830183,0.028520368201868207,0.025492240892652895,,True,True,1.0,0.33000000000000007,0.32340000000000013
2022-10-24,2022-10-25,Basel,R32,Hard,3,Stan Wawrinka,Casper Ruud,player2,top_10,0.37734362111290976,2.75,2.67,B365W/B365L,AvgW/AvgL,200.0,2.715,0.029962546816479474,0.3436754176610979,1.058080808080808,0.03366820345181187,0.037694958060501826,0.024487931321549916,0.005384994008643118,,True,True,1.0,1.75,1.7149999999999999
2022-10-24,2022-10-26,Basel,R16,Hard,3,Botic Van De Zandschulp,Carlos Alcaraz,player1,top_10,0.27917660686624635,4.5,4.53,B365W/B365L,AvgW/AvgL,200.0,4.43,-0.0066225165562914245,0.21052631578947367,1.0555555555555556,0.06865029107677267,0.2562947308981086,0.23675236841747127,0.018306766492722042,,True,False,1.0,-1.0,-1.0
2022-10-24,2022-10-26,Vienna,R32,Hard,3,Dennis Novak,Stefanos Tsitsipas,player2,top_10,0.13066189284420804,8.0,7.83,B365W/B365L,AvgW/AvgL,200.0,7.859999999999999,0.02171136653895278,0.11894273127753305,1.0509259259259258,0.01171916156667499,0.04529514275366431,0.02700247775547515,0.0016176836697737254,,True,False,1.0,-1.0,-1.0
2022-10-24,2022-10-26,Vienna,R16,Hard,3,Taylor Fritz,Denis Shapovalov,player1,top_10,0.6841505673909763,1.66,1.66,B365W/B365L,AvgW/AvgL,200.0,1.6467999999999998,0.0,0.5699481865284974,1.0569550930996714,0.11420238086247891,0.13568994186902067,0.12665915437945974,0.05139770525341693,,True,False,1.0,-1.0,-1.0
2022-10-24,2022-10-27,Vienna,R16,Hard,3,Grigor Dimitrov,Andrey Rublev,player2,top_10,0.29026301027336743,4.5,4.24,B365W/B365L,AvgW/AvgL,200.0,4.43,0.061320754716981174,0.21052631578947367,1.0555555555555556,0.07973669448389376,0.3061835462301534,0.28586513551101767,0.021870253302153815,,True,True,1.0,3.5,3.4299999999999997
2022-10-24,2022-10-27,Vienna,R16,Hard,3,Daniil Medvedev,Dominic Thiem,player2,top_10,0.9088747897284857,1.28,1.27,B365W/B365L,AvgW/AvgL,200.0,1.2744,0.007874015748031482,0.7455268389662029,1.0479166666666666,0.1633479507622828,0.1633597308524617,0.15827003202998213,0.14585690254684078,,True,True,1.0,0.28,0.2744
2022-10-24,2022-10-28,Basel,QF,Hard,3,Alexander Bublik,Felix Auger Aliassime,player1,top_10,0.30806384971182604,4.0,3.77,B365W/B365L,AvgW/AvgL,200.0,3.94,0.0610079575596818,0.23809523809523808,1.05,0.06996861161658796,0.23225539884730417,0.2137715678645945,0.01935461657060868,,True,False,1.0,-1.0,-1.0
2022-10-24,2022-10-28,Basel,QF,Hard,3,Pablo Carreno Busta,Carlos Alcaraz,player2,top_10,0.364960976550722,4.0,3.76,B365W/B365L,AvgW/AvgL,200.0,3.94,0.06382978723404253,0.23809523809523808,1.05,0.12686573845548393,0.45984390620288806,0.4379462476098448,0.03832032551690734,,True,False,1.0,-1.0,-1.0
2022-10-24,2022-10-28,Vienna,QF,Hard,3,Jannik Sinner,Daniil Medvedev,player2,top_10,0.45711523078266914,3.0,2.96,B365W/B365L,AvgW/AvgL,200.0,2.96,0.013513513513513598,0.3181818181818181,1.0476190476190477,0.13893341260085101,0.3713456923480074,0.3530610831167006,0.046418211543500926,,True,False,1.0,-1.0,-1.0
2022-10-24,2022-10-29,Basel,SF,Hard,3,Felix Auger Aliassime,Carlos Alcaraz,player2,top_10,0.49687362024770276,2.1,2.02,B365W/B365L,AvgW/AvgL,200.0,2.0780000000000003,0.03960396039603964,0.450261780104712,1.0575858250276855,0.046611840142990746,0.043434602520175836,0.03250338287472654,0.009871500572767235,,True,True,1.0,1.1,1.0780000000000003
2022-10-24,2022-10-29,Vienna,SF,Hard,3,Grigor Dimitrov,Daniil Medvedev,player2,top_10,0.2701223335114371,5.0,5.19,B365W/B365L,AvgW/AvgL,200.0,4.92,-0.036608863198458685,0.1883116883116883,1.0620689655172415,0.08181064519974882,0.35061166755718554,0.32900188087627047,0.021913229222324096,,True,False,1.0,-1.0,-1.0
2022-10-31,2022-10-31,Paris Masters,R64,Hard,4,Lorenzo Musetti,Marin Cilic,player1,other,0.42085632916021143,2.5,2.53,B365W/B365L,AvgW/AvgL,200.0,2.4699999999999998,-0.011857707509881354,0.3796526054590571,1.05359477124183,0.04120372370115433,0.05214082290052857,0.03951513302572207,0.008690137150088095,,True,True,1.0,1.5,1.4699999999999998
2022-10-31,2022-11-01,Paris Masters,R64,Hard,4,Hubert Hurkacz,Adrian Mannarino,player1,top_10,0.8724043563426277,1.22,1.22,B365W/B365L,AvgW/AvgL,200.0,1.2156,0.0,0.7801801801801801,1.0506190133646311,0.0922241761624476,0.06433331473800577,0.06049473557009824,0.07310603947500656,,True,True,1.0,0.21999999999999997,0.2156
2022-10-31,2022-11-01,Paris Masters,R32,Hard,4,John Isner,Andrey Rublev,player1,top_10,0.3144816002267093,3.4,3.28,B365W/B365L,AvgW/AvgL,200.0,3.352,0.03658536585365857,0.28118393234672306,1.0459973463069439,0.033297667879986226,0.06923744077081151,0.05414232395992946,0.0072122334136261994,,True,False,1.0,-1.0,-1.0
2022-10-31,2022-11-02,Paris Masters,R32,Hard,4,Mikael Ymer,Felix Auger Aliassime,player1,top_10,0.2371501560329769,4.5,4.67,B365W/B365L,AvgW/AvgL,200.0,4.43,-0.03640256959314769,0.21052631578947367,1.0555555555555556,0.026623840243503227,0.06717570214839608,0.05057519122608767,0.004798264439171148,,True,False,1.0,-1.0,-1.0
2022-10-31,2022-11-03,Paris Masters,R16,Hard,4,Grigor Dimitrov,Carlos Alcaraz,player2,top_10,0.3463348404474834,3.5,3.47,B365W/B365L,AvgW/AvgL,200.0,3.45,0.008645533141210304,0.27083333333333337,1.0549450549450547,0.07550150711415005,0.2121719415661919,0.1948551995438178,0.02121719415661919,,True,False,1.0,-1.0,-1.0
2022-10-31,2022-11-04,Paris Masters,QF,Hard,4,Stefanos Tsitsipas,Tommy Paul,player1,top_10,0.7597039823310325,1.4,1.39,B365W/B365L,AvgW/AvgL,200.0,1.392,0.007194244604316502,0.6818181818181818,1.0476190476190477,0.07788580051285077,0.06358557526344549,0.0575079434047972,0.03974098453965344,,True,True,1.0,0.3999999999999999,0.3919999999999999
2022-10-31,2022-11-04,Paris Masters,QF,Hard,4,Frances Tiafoe,Felix Auger Aliassime,player2,top_10,0.3857089888162373,2.75,2.85,B365W/B365L,AvgW/AvgL,200.0,2.715,-0.03508771929824561,0.3436754176610979,1.058080808080808,0.04203357115513939,0.06069971924465256,0.047199904636084145,0.008671388463521794,,True,False,1.0,-1.0,-1.0
2022-10-31,2022-11-04,Paris Masters,QF,Hard,4,Holger Rune,Carlos Alcaraz,player2,top_10,0.44540597735662757,2.75,2.86,B365W/B365L,AvgW/AvgL,200.0,2.715,-0.038461538461538436,0.3436754176610979,1.058080808080808,0.10173055969552969,0.2248664377307258,0.20927722852324382,0.032123776818675114,,True,True,1.0,1.75,1.7149999999999999
2022-10-31,2022-11-05,Paris Masters,SF,Hard,4,Holger Rune,Felix Auger Aliassime,player2,top_10,0.45567153825611395,2.75,2.74,B365W/B365L,AvgW/AvgL,200.0,2.715,0.0036496350364962904,0.3436754176610979,1.058080808080808,0.11199612059501607,0.25309673020431334,0.23714822636534927,0.03615667574347333,,True,True,1.0,1.75,1.7149999999999999
2022-11-14,2022-11-14,Tour Finals,RR,Hard,1,Andrey Rublev,Daniil Medvedev,player2,top_10,0.35688683664114484,3.4,3.34,B365W/B365L,AvgW/AvgL,200.0,3.352,0.017964071856287456,0.28118393234672306,1.0459973463069439,0.07570290429442178,0.21341524457989247,0.19628467642111747,0.0222307546437388,,True,True,1.0,2.4,2.352
2022-11-14,2022-11-15,Tour Finals,RR,Hard,1,Casper Ruud,Taylor Fritz,player1,top_10,0.5730681619015072,2.0,2.01,B365W/B365L,AvgW/AvgL,200.0,1.98,-0.004975124378109319,0.47368421052631576,1.0555555555555556,0.09938395137519146,0.14613632380301445,0.1346749605649843,0.03653408095075361,,True,True,1.0,1.0,0.98
2022-11-14,2022-11-15,Tour Finals,RR,Hard,1,Felix Auger Aliassime,Rafael Nadal,player1,top_10,0.6979310312987479,1.61,1.6,B365W/B365L,AvgW/AvgL,200.0,1.5978,0.006250000000000089,0.588235294117647,1.0559006211180124,0.10969573718110093,0.12366896039098418,0.11515420180913949,0.05068400016023941,,True,True,1.0,0.6100000000000001,0.5978000000000001
2022-11-14,2022-11-19,Tour Finals,SF,Hard,1,Casper Ruud,Andrey Rublev,player1,top_10,0.4787476234163903,2.2,2.18,B365W/B365L,AvgW/AvgL,200.0,2.176,0.00917431192660545,0.43005181347150256,1.0569550930996714,0.04869580994488776,0.053244771516058775,0.041754828554065426,0.011092660732512243,,True,True,1.0,1.2000000000000002,1.1760000000000002
2023-01-02,2023-01-02,Adelaide 1,R32,Hard,3,Alexei Popyrin,Felix Auger Aliassime,player2,top_10,0.18185352263621568,6.5,6.04,B365W/B365L,AvgW/AvgL,200.0,6.39,0.07615894039735105,0.14586070959264127,1.0547470547470548,0.035992813043574406,0.18204789713540204,0.1620440096454181,0.008274904415245548,,True,True,1.0,5.5,5.39
2023-01-02,2023-01-03,Adelaide 1,R32,Hard,3,Andrey Rublev,Roberto Bautista Agut,player2,top_10,0.7596979670876913,1.4,1.46,B365W/B365L,AvgW/AvgL,200.0,1.392,-0.04109589041095896,0.6818181818181818,1.0476190476190477,0.07787978526950956,0.0635771539227678,0.05749957018606627,0.039735721201729884,,True,False,1.0,-1.0,-1.0
2023-01-02,2023-01-03,Adelaide 1,R32,Hard,3,Daniil Medvedev,Lorenzo Sonego,player2,top_10,0.98,1.11,1.12,B365W/B365L,AvgW/AvgL,200.0,1.1078000000000001,-0.008928571428571397,0.8541392904073586,1.0547470547470548,0.1258607095926414,0.08780000000000007,0.0856440000000001,0.19954545454545453,,True,True,1.0,0.1100000000000001,0.10780000000000012
2023-01-02,2023-01-04,Adelaide 1,R16,Hard,3,Daniil Medvedev,Miomir Kecmanovic,player1,top_10,0.9348290053414416,1.14,1.16,B365W/B365L,AvgW/AvgL,200.0,1.1372,-0.017241379310344862,0.8283132530120482,1.0590111642743223,0.10651575232939348,0.06570506608924337,0.06308754487428742,0.11733047515936323,,True,True,1.0,0.1399999999999999,0.1372
2023-01-02,2023-01-07,Adelaide 1,SF,Hard,3,Novak Djokovic,Daniil Medvedev,player1,top_10,0.7842836893835112,1.53,1.54,B365W/B365L,AvgW/AvgL,200.0,1.5194,-0.006493506493506551,0.6203473945409429,1.05359477124183,0.16393629484256833,0.1999540447567722,0.191640637649307,0.09431794563998688,,True,True,1.0,0.53,0.5194000000000001
2023-01-09,2023-01-11,Auckland,R16,Hard,3,Casper Ruud,Laslo Djere,player2,top_10,0.8860448653971483,1.17,1.18,B365W/B365L,AvgW/AvgL,200.0,1.1665999999999999,-0.008474576271186418,0.8103727714748785,1.0547008547008547,0.07567209392226981,0.03667249251466348,0.03365993997231312,0.05393013605097573,,True,False,1.0,-1.0,-1.0
2023-01-09,2023-01-11,Adelaide 2,R16,Hard,3,Thanasi Kokkinakis,Andrey Rublev,player1,top_10,0.3167553136018854,3.4,3.28,B365W/B365L,AvgW/AvgL,200.0,3.352,0.03658536585365857,0.28118393234672306,1.0459973463069439,0.03557138125516235,0.0769680662464104,0.061763811193519924,0.00801750690066775,,True,True,1.0,2.4,2.352
2023-01-16,2023-01-16,Australian Open,R128,Hard,5,Stefanos Tsitsipas,Quentin Halys,player2,top_10,0.952687023615342,1.14,1.14,B365W/B365L,AvgW/AvgL,200.0,1.1372,0.0,0.8283132530120482,1.0590111642743223,0.1243737706032938,0.08606320692148975,0.08339568325536686,0.15368429807408895,,True,True,1.0,0.1399999999999999,0.1372
2023-01-16,2023-01-16,Australian Open,R128,Hard,5,Alex Molcan,Stan Wawrinka,player2,other,0.2789690863284766,3.75,3.7,B365W/B365L,AvgW/AvgL,200.0,3.695,0.013513513513513375,0.25595238095238093,1.041860465116279,0.02301670537609568,0.04613407373178724,0.030790773983720987,0.004194006702889749,,True,True,1.0,2.75,2.695
2023-01-16,2023-01-17,Australian Open,R128,Hard,5,Casper Ruud,Tomas Machac,player2,top_10,0.9342920776632994,1.17,1.17,B365W/B365L,AvgW/AvgL,200.0,1.1665999999999999,0.0,0.8103727714748785,1.0547008547008547,0.12391930618842084,0.09312173086606018,0.08994513780200489,0.13694372186185327,,True,True,1.0,0.16999999999999993,0.16659999999999986
2023-01-16,2023-01-18,Australian Open,R128,Hard,5,Fabio Fognini,Thanasi Kokkinakis,player2,other,0.21024956276023166,5.0,5.0,B365W/B365L,AvgW/AvgL,200.0,4.92,0.0,0.18962722852512157,1.0547008547008547,0.02062233423511009,0.05124781380115828,0.034427848780339776,0.0032029883625723926,,True,False,1.0,-1.0,-1.0
2023-01-16,2023-01-19,Australian Open,R64,Hard,5,Maxime Cressy,Holger Rune,player1,top_10,0.2073748225722405,5.0,5.01,B365W/B365L,AvgW/AvgL,200.0,4.92,-0.001996007984031878,0.18962722852512157,1.0547008547008547,0.017747594047118925,0.03687411286120246,0.02028412705542315,0.0023046320538251536,,True,False,1.0,-1.0,-1.0
2023-01-16,2023-01-20,Australian Open,R32,Hard,5,Stefanos Tsitsipas,Tallon Griekspoor,player1,top_10,0.9498535002331709,1.1,1.09,B365W/B365L,AvgW/AvgL,200.0,1.098,0.00917431192660545,0.8641975308641975,1.051948051948052,0.08565596936897346,0.04483885025648812,0.042939143256021786,0.11209712564122021,,True,True,1.0,0.10000000000000009,0.09800000000000009
2023-01-16,2023-01-20,Australian Open,R32,Hard,5,Francisco Cerundolo,Felix Auger Aliassime,player2,top_10,0.20136384707708355,6.5,7.38,B365W/B365L,AvgW/AvgL,200.0,6.39,-0.1192411924119241,0.14586070959264127,1.0547470547470548,0.05550313748444227,0.30886500600104294,0.2867149828225637,0.01403931845459286,,True,False,1.0,-1.0,-1.0
2023-01-16,2023-01-21,Australian Open,R32,Hard,5,Novak Djokovic,Grigor Dimitrov,player1,top_10,0.8694772438186983,1.2,1.2,B365W/B365L,AvgW/AvgL,200.0,1.196,0.0,0.7894736842105263,1.0555555555555556,0.08000355960817196,0.043372692582437894,0.039894783607163115,0.05421586572804738,,True,True,1.0,0.19999999999999996,0.19599999999999995
2023-01-16,2023-01-22,Australian Open,R16,Hard,5,Yoshihito Nishioka,Karen Khachanov,player1,other,0.3721965998935982,3.0,2.86,B365W/B365L,AvgW/AvgL,200.0,2.96,0.04895104895104896,0.3181818181818181,1.0476190476190477,0.05401478171178009,0.11658979968079464,0.1017019356850507,0.01457372496009933,,True,False,1.0,-1.0,-1.0
2023-01-16,2023-01-22,Australian Open,R16,Hard,5,Jiri Lehecka,Felix Auger Aliassime,player1,top_10,0.31776456062907243,4.5,4.34,B365W/B365L,AvgW/AvgL,200.0,4.43,0.03686635944700467,0.21052631578947367,1.0555555555555556,0.10723824483959876,0.42994052283082596,0.40769700358679084,0.030710037345058998,,True,True,1.0,3.5,3.4299999999999997
2023-01-16,2023-01-23,Australian Open,R16,Hard,5,Alex De Minaur,Novak Djokovic,player2,top_10,0.23069356268983376,4.5,4.4,B365W/B365L,AvgW/AvgL,200.0,4.43,0.022727272727272707,0.21052631578947367,1.0555555555555556,0.020167246900360092,0.038121032104251884,0.021972482715963526,0.00272293086458942,,True,False,1.0,-1.0,-1.0
2023-01-16,2023-01-29,Australian Open,F,Hard,5,Novak Djokovic,Stefanos Tsitsipas,player1,top_10,0.9285975859836444,1.2,1.2,B365W/B365L,AvgW/AvgL,200.0,1.196,0.0,0.7999999999999999,1.0416666666666667,0.12859758598364446,0.11431710318037322,0.11060271283643866,0.14289637897546656,,True,True,1.0,0.19999999999999996,0.19599999999999995
2023-02-06,2023-02-10,Montpellier,QF,Hard,3,Holger Rune,Gregoire Barrere,player1,top_10,0.9225985842147719,1.2,1.18,B365W/B365L,AvgW/AvgL,200.0,1.196,0.016949152542372836,0.7894736842105263,1.0555555555555556,0.1331249000042456,0.10711830105772627,0.10342790672086719,0.13389787632215785,,True,True,1.0,0.19999999999999996,0.19599999999999995
2023-02-06,2023-02-10,Dallas,R16,Hard,3,Taylor Fritz,Jack Sock,player2,top_10,0.9369506792403415,1.11,1.13,B365W/B365L,AvgW/AvgL,200.0,1.1078000000000001,-0.017699115044247593,0.8541392904073586,1.0547470547470548,0.08281138883298289,0.04001525395677913,0.037953962462450405,0.09094375899267976,,True,True,1.0,0.1100000000000001,0.10780000000000012
2023-02-06,2023-02-11,Montpellier,SF,Hard,3,Maxime Cressy,Holger Rune,player1,top_10,0.34121392177165394,4.0,4.05,B365W/B365L,AvgW/AvgL,200.0,3.94,-0.012345679012345623,0.23809523809523808,1.05,0.10311868367641586,0.36485568708661575,0.34438285178031647,0.030404640590551313,,True,True,1.0,3.0,2.94
2023-02-13,2023-02-14,Rotterdam,R32,Hard,3,Lorenzo Sonego,Felix Auger Aliassime,player2,top_10,0.3265979238198242,3.75,3.41,B365W/B365L,AvgW/AvgL,200.0,3.695,0.0997067448680351,0.25595238095238093,1.041860465116279,0.07064554286744329,0.22474221432434083,0.2067793285142504,0.020431110393121895,,True,False,1.0,-1.0,-1.0
2023-02-13,2023-02-14,Rotterdam,R32,Hard,3,Emil Ruusuvuori,Stefanos Tsitsipas,player2,top_10,0.20399777088488602,5.5,5.33,B365W/B365L,AvgW/AvgL,200.0,5.41,0.031894934333958735,0.1716867469879518,1.0590111642743223,0.032311023896934216,0.12198773986687306,0.10362794048723345,0.0067770966592707255,,True,False,1.0,-1.0,-1.0
2023-02-13,2023-02-16,Rotterdam,R16,Hard,3,Jannik Sinner,Stefanos Tsitsipas,player2,top_10,0.4814126359223967,2.2,2.16,B365W/B365L,AvgW/AvgL,200.0,2.176,0.0185185185185186,0.43152454780361754,1.0533478497550355,0.04988808811877915,0.05910779902927277,0.04755389576713531,0.012314124797765159,,True,True,1.0,1.2000000000000002,1.1760000000000002
2023-02-13,2023-02-16,Buenos Aires,R16,Clay,3,Laslo Djere,Carlos Alcaraz,player1,top_10,0.277424306028348,4.0,3.76,B365W/B365L,AvgW/AvgL,200.0,3.94,0.06382978723404253,0.23809523809523808,1.05,0.03932906793310992,0.109697224113392,0.09305176575169105,0.009141435342782667,,True,False,1.0,-1.0,-1.0
2023-02-13,2023-02-17,Rotterdam,QF,Hard,3,Felix Auger Aliassime,Daniil Medvedev,player2,top_10,0.5148994973767691,2.2,2.26,B365W/B365L,AvgW/AvgL,200.0,2.176,-0.0265486725663715,0.43152454780361754,1.0533478497550355,0.08337494957315156,0.1327788942288921,0.12042130629184966,0.027662269631019185,,True,False,1.0,-1.0,-1.0
2023-02-13,2023-02-18,Delray Beach,QF,Hard,3,Taylor Fritz,Adrian Mannarino,player2,top_10,0.8628970222517276,1.22,1.25,B365W/B365L,AvgW/AvgL,200.0,1.2156,-0.02400000000000002,0.7801801801801801,1.0506190133646311,0.0827168420715475,0.052734367147107636,0.04893762024920009,0.059925417212622324,,True,True,1.0,0.21999999999999997,0.2156
2023-02-13,2023-02-18,Buenos Aires,SF,Clay,3,Carlos Alcaraz,Bernabe Zapata Miralles,player1,top_10,0.98,1.11,1.11,B365W/B365L,AvgW/AvgL,200.0,1.1078000000000001,0.0,0.8541392904073586,1.0547470547470548,0.1258607095926414,0.08780000000000007,0.0856440000000001,0.19954545454545453,,True,True,1.0,0.1100000000000001,0.10780000000000012
2023-02-13,2023-02-19,Delray Beach,F,Hard,3,Taylor Fritz,Miomir Kecmanovic,player2,top_10,0.8370446197887589,1.29,1.29,B365W/B365L,AvgW/AvgL,200.0,1.2842,0.0,0.744047619047619,1.041860465116279,0.09299700074113992,0.079787559527499,0.07493270073272415,0.06878237890301636,,True,True,1.0,0.29000000000000004,0.2842
2023-02-13,2023-02-19,Buenos Aires,F,Clay,3,Cameron Norrie,Carlos Alcaraz,player1,top_10,0.2720247025343591,5.0,4.96,B365W/B365L,AvgW/AvgL,200.0,4.92,0.008064516129032251,0.18962722852512157,1.0547008547008547,0.08239747400923755,0.36012351267179565,0.3383615364690469,0.02250771954198723,,True,False,1.0,-1.0,-1.0
2023-02-20,2023-02-22,Doha,R16,Hard,3,Jason Kubler,Felix Auger Aliassime,player2,top_10,0.25379499939498873,5.0,4.86,B365W/B365L,AvgW/AvgL,200.0,4.92,0.028806584362139898,0.18962722852512157,1.0547008547008547,0.06416777086986716,0.26897499697494365,0.2486713970233445,0.016810937310933978,,True,False,1.0,-1.0,-1.0
2023-02-20,2023-02-23,Rio De Janeiro,R16,Clay,3,Carlos Alcaraz,Fabio Fognini,player1,top_10,0.98,1.06,1.06,B365W/B365L,AvgW/AvgL,200.0,1.0588,0.0,0.9041591320072333,1.0433962264150942,0.07584086799276668,0.038800000000000036,0.03762399999999994,0.16166666666666668,,True,True,1.0,0.06000000000000005,0.05879999999999996
2023-02-20,2023-02-24,Rio De Janeiro,QF,Clay,3,Carlos Alcaraz,Dusan Lajovic,player1,top_10,0.98,1.13,1.13,B365W/B365L,AvgW/AvgL,200.0,1.1274,0.0,0.8415147265077139,1.0516224188790562,0.13848527349228612,0.10739999999999988,0.10485199999999995,0.20653846153846148,,True,True,1.0,0.1299999999999999,0.12739999999999996
2023-02-20,2023-02-25,Rio De Janeiro,SF,Clay,3,Nicolas Jarry,Carlos Alcaraz,player1,top_10,0.2810417054659857,4.5,4.5,B365W/B365L,AvgW/AvgL,200.0,4.43,0.0,0.21052631578947367,1.0555555555555556,0.07051538967651205,0.26468767459693576,0.2450147552143167,0.018906262471209696,,True,False,1.0,-1.0,-1.0
2023-02-20,2023-02-26,Rio De Janeiro,F,Clay,3,Cameron Norrie,Carlos Alcaraz,player1,top_10,0.28427445901453474,4.33,4.47,B365W/B365L,AvgW/AvgL,200.0,4.2634,-0.031319910514541305,0.2198198198198198,1.0506190133646311,0.06445463919471495,0.2309084075329354,0.2119757285625674,0.017335466031001157,,True,True,1.0,3.33,3.2634
2023-02-27,2023-02-28,Dubai,R32,Hard,3,Felix Auger Aliassime,Maxime Cressy,player1,top_10,0.8945458805074614,1.3,1.31,B365W/B365L,AvgW/AvgL,200.0,1.294,-0.007633587786259555,0.7291666666666667,1.0549450549450547,0.16537921384079468,0.16290964465969987,0.1575423693766551,0.13575803721641655,,True,True,1.0,0.30000000000000004,0.29400000000000004
2023-02-27,2023-02-28,Acapulco,R32,Hard,3,Taylor Fritz,John Isner,player1,top_10,0.9289681741477176,1.29,1.27,B365W/B365L,AvgW/AvgL,200.0,1.2842,0.015748031496062964,0.744047619047619,1.041860465116279,0.18492055510009864,0.1983689446505557,0.19298092924049892,0.17100771090565145,,True,True,1.0,0.29000000000000004,0.2842
2023-02-27,2023-03-01,Dubai,R16,Hard,3,Andrey Rublev,Alejandro Davidovich Fokina,player1,top_10,0.7934022729009846,1.3,1.32,B365W/B365L,AvgW/AvgL,200.0,1.294,-0.015151515151515138,0.7291666666666667,1.0549450549450547,0.0642356062343179,0.03142295477128007,0.026662541133874146,0.02618579564273339,,True,True,1.0,0.30000000000000004,0.29400000000000004
2023-02-27,2023-03-01,Dubai,R16,Hard,3,Tallon Griekspoor,Novak Djokovic,player2,top_10,0.20220322591659035,10.0,8.87,B365W/B365L,AvgW/AvgL,200.0,9.82,0.12739571589627974,0.09584086799276674,1.0433962264150942,0.1063623579238236,1.0220322591659032,0.9856356785009172,0.028389784976830645,,True,False,1.0,-1.0,-1.0
2023-02-27,2023-03-02,Dubai,QF,Hard,3,Andrey Rublev,Botic Van De Zandschulp,player2,top_10,0.7931592283730169,1.4,1.39,B365W/B365L,AvgW/AvgL,200.0,1.392,0.007194244604316502,0.6818181818181818,1.0476190476190477,0.11134104655483512,0.11042291972222357,0.10407764589523943,0.06901432482638975,,True,True,1.0,0.3999999999999999,0.3919999999999999
2023-02-27,2023-03-02,Dubai,QF,Hard,3,Daniil Medvedev,Borna Coric,player2,top_10,0.8656117456852461,1.2,1.19,B365W/B365L,AvgW/AvgL,200.0,1.196,0.008403361344537785,0.7894736842105263,1.0555555555555556,0.0761380614747198,0.03873409482229531,0.03527164783955433,0.048417618527869154,,True,True,1.0,0.19999999999999996,0.19599999999999995
2023-02-27,2023-03-02,Acapulco,R16,Hard,3,Taro Daniel,Casper Ruud,player2,top_10,0.3538088264300441,3.5,3.39,B365W/B365L,AvgW/AvgL,200.0,3.45,0.032448377581120846,0.27083333333333337,1.0549450549450547,0.0829754930967107,0.23833089250515427,0.22064045118365216,0.023833089250515426,,True,True,1.0,2.5,2.45
2023-02-27,2023-03-02,Acapulco,R16,Hard,3,Taylor Fritz,Denis Shapovalov,player1,top_10,0.7363154423424505,1.62,1.61,B365W/B365L,AvgW/AvgL,200.0,1.6076000000000001,0.006211180124223503,0.586734693877551,1.0520665593129361,0.14958074846489955,0.19283101659476987,0.18370070510972353,0.07775444217531041,,True,True,1.0,0.6200000000000001,0.6076000000000001
2023-02-27,2023-03-03,Dubai,SF,Hard,3,Novak Djokovic,Daniil Medvedev,player2,top_10,0.7674604753407607,1.44,1.44,B365W/B365L,AvgW/AvgL,200.0,1.4312,0.0,0.6563245823389022,1.058080808080808,0.11113589300185844,0.10514308449069532,0.0983894323076967,0.0597403889151678,,True,False,1.0,-1.0,-1.0
2023-02-27,2023-03-03,Acapulco,QF,Hard,3,Matteo Berrettini,Holger Rune,player1,top_10,0.5682421986276572,2.0,1.99,B365W/B365L,AvgW/AvgL,200.0,1.98,0.005025125628140614,0.47368421052631576,1.0555555555555556,0.09455798810134147,0.13648439725531447,0.12511955328276136,0.03412109931382862,,True,False,1.0,-1.0,-1.0
2023-02-27,2023-03-03,Acapulco,QF,Hard,3,Frances Tiafoe,Taylor Fritz,player2,top_10,0.38686371254917995,2.75,2.59,B365W/B365L,AvgW/AvgL,200.0,2.715,0.061776061776061875,0.3436754176610979,1.058080808080808,0.04318829488808207,0.06387520951024483,0.05033497957102351,0.009125029930034976,,True,False,1.0,-1.0,-1.0
2023-02-27,2023-03-04,Dubai,F,Hard,3,Daniil Medvedev,Andrey Rublev,player1,top_10,0.8695312421824912,1.22,1.23,B365W/B365L,AvgW/AvgL,200.0,1.2156,-0.008130081300813052,0.7801801801801801,1.0506190133646311,0.08935106200231113,0.060828115462639276,0.05700217799703636,0.06912285848027191,,True,True,1.0,0.21999999999999997,0.2156
2023-03-06,2023-03-10,Indian Wells Masters,R64,Hard,4,Jordan Thompson,Stefanos Tsitsipas,player2,top_10,0.1894301130680448,5.5,5.29,B365W/B365L,AvgW/AvgL,200.0,5.41,0.03969754253308122,0.1716867469879518,1.0590111642743223,0.017743366080092998,0.04186562187424647,0.02481691169812239,0.002325867881902582,,True,True,1.0,4.5,4.41
2023-03-06,2023-03-10,Indian Wells Masters,R64,Hard,4,Diego Schwartzman,Casper Ruud,player1,top_10,0.3611195057650475,4.0,3.72,B365W/B365L,AvgW/AvgL,200.0,3.94,0.07526881720430101,0.23809523809523808,1.05,0.1230242676698094,0.4444780230601898,0.422810852714287,0.037039835255015814,,True,False,1.0,-1.0,-1.0
2023-03-06,2023-03-11,Indian Wells Masters,R64,Hard,4,Andrey Rublev,Jiri Lehecka,player2,top_10,0.7314694956513141,1.44,1.46,B365W/B365L,AvgW/AvgL,200.0,1.4312,-0.013698630136986356,0.6563245823389022,1.058080808080808,0.07514491331241191,0.05331607373789232,0.04687914217616079,0.03029322371471155,,True,True,1.0,0.43999999999999995,0.4312
2023-03-06,2023-03-11,Indian Wells Masters,R64,Hard,4,Daniil Medvedev,Brandon Nakashima,player1,top_10,0.9765983572831134,1.1,1.09,B365W/B365L,AvgW/AvgL,200.0,1.098,0.00917431192660545,0.8641975308641975,1.051948051948052,0.11240082641891591,0.07425819301142482,0.07230499629685859,0.1856454825285619,,True,True,1.0,0.10000000000000009,0.09800000000000009
2023-03-06,2023-03-12,Indian Wells Masters,R64,Hard,4,Thanasi Kokkinakis,Carlos Alcaraz,player1,top_10,0.3109670114161818,3.4,3.28,B365W/B365L,AvgW/AvgL,200.0,3.352,0.03658536585365857,0.28118393234672306,1.0459973463069439,0.029783079069458762,0.05728783881501809,0.042361422267041426,0.005967483209897718,,True,False,1.0,-1.0,-1.0
2023-03-06,2023-03-12,Indian Wells Masters,R32,Hard,4,Cristian Garin,Casper Ruud,player2,top_10,0.3555274496510752,4.33,4.05,B365W/B365L,AvgW/AvgL,200.0,4.2634,0.06913580246913598,0.2198198198198198,1.0506190133646311,0.1357076298312554,0.5394338569891557,0.515755728842394,0.040498037311498175,,True,True,1.0,3.33,3.2634
2023-03-06,2023-03-13,Indian Wells Masters,R32,Hard,4,Holger Rune,Stan Wawrinka,player2,top_10,0.8626082845087444,1.22,1.25,B365W/B365L,AvgW/AvgL,200.0,1.2156,-0.02400000000000002,0.7801801801801801,1.0506190133646311,0.08242810432856429,0.052382107100668124,0.048586630648829676,0.05952512170530469,,True,False,1.0,-1.0,-1.0
2023-03-06,2023-03-13,Indian Wells Masters,R32,Hard,4,Sebastian Baez,Taylor Fritz,player1,top_10,0.21479396049008978,6.5,6.4,B365W/B365L,AvgW/AvgL,200.0,6.39,0.015625,0.14586070959264127,1.0547470547470548,0.0689332508974485,0.3961607431855837,0.37253340753167363,0.018007306508435624,,True,False,1.0,-1.0,-1.0
2023-03-06,2023-03-14,Indian Wells Masters,R16,Hard,4,Marton Fucsovics,Taylor Fritz,player2,top_10,0.2522090055676659,4.5,4.19,B365W/B365L,AvgW/AvgL,200.0,4.43,0.07398568019093066,0.21052631578947367,1.0555555555555556,0.04168268977819223,0.1349405250544965,0.11728589466475992,0.009638608932464035,,True,False,1.0,-1.0,-1.0
2023-03-06,2023-03-15,Indian Wells Masters,R16,Hard,4,Felix Auger Aliassime,Tommy Paul,player1,top_10,0.6097604109768099,1.8,1.84,B365W/B365L,AvgW/AvgL,200.0,1.784,-0.021739130434782594,0.5263157894736842,1.0555555555555556,0.0834446215031257,0.0975687397582578,0.08781257318262886,0.030490231174455564,,True,True,1.0,0.8,0.784
2023-03-06,2023-03-17,Indian Wells Masters,QF,Hard,4,Carlos Alcaraz,Felix Auger Aliassime,player1,top_10,0.7588291806739513,1.36,1.37,B365W/B365L,AvgW/AvgL,200.0,1.3528000000000002,-0.007299270072992692,0.7017543859649122,1.0477941176470589,0.05707479470903909,0.032007685716573864,0.02654411561572151,0.02222755952539851,,True,True,1.0,0.3600000000000001,0.3528000000000002
2023-03-06,2023-03-18,Indian Wells Masters,SF,Hard,4,Frances Tiafoe,Daniil Medvedev,player1,top_10,0.3303221811447991,4.0,4.18,B365W/B365L,AvgW/AvgL,200.0,3.94,-0.04306220095693769,0.23809523809523808,1.05,0.09222694304956103,0.32128872457919644,0.3014693937105085,0.026774060381599702,,True,False,1.0,-1.0,-1.0
2023-03-06,2023-03-18,Indian Wells Masters,SF,Hard,4,Carlos Alcaraz,Jannik Sinner,player1,top_10,0.6849780050543584,1.53,1.57,B365W/B365L,AvgW/AvgL,200.0,1.5194,-0.02547770700636942,0.6203473945409429,1.05359477124183,0.06463061051341545,0.04801634773316832,0.040755580879592135,0.022649220628852978,,True,True,1.0,0.53,0.5194000000000001
2023-03-06,2023-03-19,Indian Wells Masters,F,Hard,4,Carlos Alcaraz,Daniil Medvedev,player1,top_10,0.6919197593098267,1.73,1.78,B365W/B365L,AvgW/AvgL,200.0,1.7153999999999998,-0.028089887640449507,0.5483028720626633,1.054225158271401,0.14361688724716348,0.1970211836060003,0.18691915512007667,0.06747300808424668,,True,True,1.0,0.73,0.7153999999999998
2023-03-20,2023-03-24,Miami Masters,R64,Hard,4,Ilya Ivashka,Casper Ruud,player2,top_10,0.3896096313201137,3.0,2.87,B365W/B365L,AvgW/AvgL,200.0,2.96,0.04529616724738683,0.3181818181818181,1.0476190476190477,0.0714278131382956,0.16882889396034118,0.1532445087075366,0.021103611745042647,,True,False,1.0,-1.0,-1.0
2023-03-20,2023-03-25,Miami Masters,R64,Hard,4,Richard Gasquet,Stefanos Tsitsipas,player2,top_10,0.2074710972866739,5.0,4.75,B365W/B365L,AvgW/AvgL,200.0,4.92,0.05263157894736836,0.18962722852512157,1.0547008547008547,0.017843868761552334,0.0373554864333695,0.020757798650435588,0.0023347179020855938,,True,False,1.0,-1.0,-1.0
2023-03-20,2023-03-25,Miami Masters,R64,Hard,4,Thiago Monteiro,Felix Auger Aliassime,player2,top_10,0.1977473031980712,9.0,8.92,B365W/B365L,AvgW/AvgL,200.0,8.84,0.008968609865470878,0.10625620655412116,1.0456905503634475,0.09149109664395005,0.7797257287826409,0.7480861602709494,0.024366429024457528,,True,False,1.0,-1.0,-1.0
2023-03-20,2023-03-25,Miami Masters,R64,Hard,4,Thanasi Kokkinakis,Hubert Hurkacz,player1,top_10,0.3526009190986835,3.5,3.43,B365W/B365L,AvgW/AvgL,200.0,3.45,0.020408163265306145,0.27083333333333337,1.0549450549450547,0.08176758576535015,0.23410321684539237,0.21647317089045826,0.023410321684539236,,True,False,1.0,-1.0,-1.0
2023-03-20,2023-03-26,Miami Masters,R32,Hard,4,Andrey Rublev,Miomir Kecmanovic,player2,top_10,0.8703332578266165,1.22,1.22,B365W/B365L,AvgW/AvgL,200.0,1.2156,0.0,0.7801801801801801,1.0506190133646311,0.09015307764643643,0.06180657454847213,0.05797710821403507,0.07023474380508198,,True,True,1.0,0.21999999999999997,0.2156
2023-03-20,2023-03-26,Miami Masters,R32,Hard,4,Taylor Fritz,Denis Shapovalov,player2,top_10,0.7954758833664343,1.36,1.34,B365W/B365L,AvgW/AvgL,200.0,1.3528000000000002,0.014925373134328401,0.7017543859649122,1.0477941176470589,0.09372149740152202,0.08184720137835066,0.07611977501811246,0.05683833429052128,,True,True,1.0,0.3600000000000001,0.3528000000000002
2023-03-20,2023-03-27,Miami Masters,R32,Hard,4,Alex Molcan,Daniil Medvedev,player1,top_10,0.1447949834939917,11.0,11.12,B365W/B365L,AvgW/AvgL,200.0,10.8,-0.010791366906474753,0.08713692946058092,1.0432900432900432,0.057658054033410774,0.5927448184339086,0.5637858217351104,0.014818620460847715,,True,False,1.0,-1.0,-1.0
2023-03-20,2023-03-27,Miami Masters,R32,Hard,4,Grigor Dimitrov,Jannik Sinner,player1,other,0.27097261093829494,4.33,4.17,B365W/B365L,AvgW/AvgL,200.0,4.2634,0.0383693045563549,0.2198198198198198,1.0506190133646311,0.05115279111847515,0.17331140536281708,0.15526462947432662,0.013011366768980261,,True,False,1.0,-1.0,-1.0
2023-03-20,2023-03-27,Miami Masters,R32,Hard,4,Casper Ruud,Botic Van De Zandschulp,player2,top_10,0.8195205992053961,1.3,1.32,B365W/B365L,AvgW/AvgL,200.0,1.294,-0.015151515151515138,0.7291666666666667,1.0549450549450547,0.09035393253872936,0.06537677896701496,0.060459655371782606,0.05448064913917913,,True,False,1.0,-1.0,-1.0
2023-03-20,2023-03-29,Miami Masters,R16,Hard,4,Quentin Halys,Daniil Medvedev,player1,top_10,0.13226474241876815,9.0,8.27,B365W/B365L,AvgW/AvgL,200.0,8.84,0.08827085852478844,0.10625620655412116,1.0456905503634475,0.026008535864646992,0.19038268176891338,0.16922032298191048,0.005949458805278543,,True,False,1.0,-1.0,-1.0
2023-03-20,2023-03-31,Miami Masters,SF,Hard,4,Daniil Medvedev,Karen Khachanov,player1,top_10,0.8823259959479869,1.2,1.2,B365W/B365L,AvgW/AvgL,200.0,1.196,0.0,0.7894736842105263,1.0555555555555556,0.09285231173746056,0.05879119513758421,0.055261891153792264,0.07348899392198029,,True,True,1.0,0.19999999999999996,0.19599999999999995
2023-03-20,2023-04-02,Miami Masters,F,Hard,4,Jannik Sinner,Daniil Medvedev,player1,top_10,0.5580519502959729,1.91,1.93,B365W/B365L,AvgW/AvgL,200.0,1.8918,-0.010362694300518172,0.5,1.0471204188481675,0.058051950295972876,0.06587922506530819,0.05572267956992144,0.018098688204755,,True,False,1.0,-1.0,-1.0
2023-04-03,2023-04-07,Estoril,QF,Clay,3,Sebastian Baez,Casper Ruud,player1,top_10,0.39158725989015714,2.75,2.8,B365W/B365L,AvgW/AvgL,200.0,2.715,-0.017857142857142794,0.3436754176610979,1.058080808080808,0.047911842229059254,0.07686496469793203,0.06315941060177654,0.010980709242561717,,True,False,1.0,-1.0,-1.0
2023-04-10,2023-04-11,Monte Carlo Masters,R32,Clay,4,Stefanos Tsitsipas,Benjamin Bonzi,player2,top_10,0.9071510003016352,1.17,1.13,B365W/B365L,AvgW/AvgL,200.0,1.1665999999999999,0.03539823008849563,0.8103727714748785,1.0547008547008547,0.09677822882675668,0.06136667035291313,0.05828235695188749,0.0902451034601664,,True,True,1.0,0.16999999999999993,0.16659999999999986
2023-04-10,2023-04-11,Monte Carlo Masters,R32,Clay,4,Jaume Munar,Andrey Rublev,player2,top_10,0.24603254639234173,4.5,4.56,B365W/B365L,AvgW/AvgL,200.0,4.43,-0.013157894736842035,0.21052631578947367,1.0555555555555556,0.03550623060286806,0.10714645876553786,0.08992418051807383,0.007653318483252704,,True,False,1.0,-1.0,-1.0
2023-04-10,2023-04-12,Monte Carlo Masters,R32,Clay,4,Taylor Fritz,Stan Wawrinka,player2,top_10,0.7012568048468688,1.5,1.49,B365W/B365L,AvgW/AvgL,200.0,1.49,0.006711409395973256,0.6368038740920097,1.046894803548796,0.06445293075485914,0.05188520727030321,0.04487263922183454,0.025942603635151607,,True,True,1.0,0.5,0.49
2023-04-10,2023-04-12,Monte Carlo Masters,R32,Clay,4,Casper Ruud,Botic Van De Zandschulp,player2,top_10,0.8640255601531146,1.2,1.21,B365W/B365L,AvgW/AvgL,200.0,1.196,-0.008264462809917328,0.7894736842105263,1.0555555555555556,0.07455187594258827,0.03683067218373748,0.033374569943125015,0.046038340229671855,,True,True,1.0,0.19999999999999996,0.19599999999999995
2023-04-10,2023-04-12,Monte Carlo Masters,R32,Clay,4,Dominic Thiem,Holger Rune,player2,top_10,0.5181540595239273,2.75,2.69,B365W/B365L,AvgW/AvgL,200.0,2.715,0.02230483271375472,0.3436754176610979,1.058080808080808,0.17447864186282946,0.42492366369080026,0.40678827160746267,0.06070338052725718,,True,False,1.0,-1.0,-1.0
2023-04-10,2023-04-12,Monte Carlo Masters,R32,Clay,4,Lorenzo Sonego,Daniil Medvedev,player1,top_10,0.45575551400212466,3.4,3.36,B365W/B365L,AvgW/AvgL,200.0,3.352,0.011904761904761862,0.28118393234672306,1.0459973463069439,0.1745715816554016,0.5495687476072239,0.5276924829351218,0.05724674454241915,,True,False,1.0,-1.0,-1.0
2023-04-10,2023-04-12,Monte Carlo Masters,R32,Clay,4,Jannik Sinner,Diego Schwartzman,player1,top_10,0.98,1.11,1.12,B365W/B365L,AvgW/AvgL,200.0,1.1078000000000001,-0.008928571428571397,0.8541392904073586,1.0547470547470548,0.1258607095926414,0.08780000000000007,0.0856440000000001,0.19954545454545453,,True,True,1.0,0.1100000000000001,0.10780000000000012
2023-04-10,2023-04-13,Monte Carlo Masters,R16,Clay,4,Casper Ruud,Jan Lennard Struff,player2,top_10,0.7999287543891493,1.3,1.32,B365W/B365L,AvgW/AvgL,200.0,1.294,-0.015151515151515138,0.7291666666666667,1.0549450549450547,0.0707620877224826,0.03990738070589417,0.035107808179559274,0.03325615058824514,,True,False,1.0,-1.0,-1.0
2023-04-10,2023-04-13,Monte Carlo Masters,R16,Clay,4,Andrey Rublev,Karen Khachanov,player2,top_10,0.5519206459156818,1.91,1.84,B365W/B365L,AvgW/AvgL,200.0,1.8918,0.0380434782608694,0.5,1.0471204188481675,0.051920645915681796,0.05416843369895219,0.044123477943286804,0.014881437829382472,,True,True,1.0,0.9099999999999999,0.8917999999999999
2023-04-10,2023-04-13,Monte Carlo Masters,R16,Clay,4,Matteo Berrettini,Holger Rune,player1,top_10,0.3890933188590468,2.75,2.77,B365W/B365L,AvgW/AvgL,200.0,2.715,-0.0072202166064981865,0.3436754176610979,1.058080808080808,0.04541790119794892,0.0700066268623788,0.05638836070231201,0.010000946694625543,,True,False,1.0,-1.0,-1.0
2023-04-10,2023-04-13,Monte Carlo Masters,R16,Clay,4,Lorenzo Musetti,Novak Djokovic,player2,top_10,0.35649437241419935,5.0,5.06,B365W/B365L,AvgW/AvgL,200.0,4.92,-0.011857707509881354,0.18962722852512157,1.0547008547008547,0.16686714388907778,0.7824718620709967,0.7539523122778609,0.048904491379437295,,True,True,1.0,4.0,3.92
2023-04-10,2023-04-14,Monte Carlo Masters,QF,Clay,4,Jan Lennard Struff,Andrey Rublev,player1,top_10,0.37994569543888534,3.0,2.85,B365W/B365L,AvgW/AvgL,200.0,2.96,0.05263157894736836,0.3181818181818181,1.0476190476190477,0.06176387725706722,0.13983708631665603,0.12463925849910062,0.017479635789582004,,True,False,1.0,-1.0,-1.0
2023-04-10,2023-04-16,Monte Carlo Masters,F,Clay,4,Andrey Rublev,Holger Rune,player2,top_10,0.4340338046886131,2.5,2.46,B365W/B365L,AvgW/AvgL,200.0,2.4699999999999998,0.016260162601626105,0.3796526054590571,1.05359477124183,0.054381199229555977,0.08508451172153275,0.07206349758087416,0.014180751953588791,,True,True,1.0,1.5,1.4699999999999998
2023-04-17,2023-04-19,Barcelona,R32,Clay,3,Diego Schwartzman,Jannik Sinner,player1,top_10,0.15177246404842826,8.0,8.03,B365W/B365L,AvgW/AvgL,200.0,7.859999999999999,-0.0037359900373598043,0.11894273127753305,1.0509259259259258,0.03282973277089521,0.21417971238742595,0.1929315674206461,0.00764927544240807,,True,False,1.0,-1.0,-1.0
2023-04-17,2023-04-20,Munich,R16,Clay,3,Taylor Fritz,Marton Fucsovics,player2,top_10,0.8151973996023132,1.3,1.32,B365W/B365L,AvgW/AvgL,200.0,1.294,-0.015151515151515138,0.7291666666666667,1.0549450549450547,0.08603073293564645,0.05975661948300717,0.054865435085393294,0.04979718290250597,,True,True,1.0,0.30000000000000004,0.29400000000000004
2023-04-17,2023-04-20,Munich,R16,Clay,3,Yannick Hanfmann,Holger Rune,player1,top_10,0.34131793210252354,3.75,3.65,B365W/B365L,AvgW/AvgL,200.0,3.695,0.027397260273972712,0.25595238095238093,1.041860465116279,0.0853655511501426,0.2799422453844632,0.26116975911882434,0.025449295034951202,,True,False,1.0,-1.0,-1.0
2023-04-17,2023-04-20,Barcelona,R16,Clay,3,Stefanos Tsitsipas,Denis Shapovalov,player1,top_10,0.9475408224006647,1.2,1.21,B365W/B365L,AvgW/AvgL,200.0,1.196,-0.008264462809917328,0.7894736842105263,1.0555555555555556,0.1580671381901384,0.13704898688079764,0.13325882359119498,0.1713112336009971,,True,True,1.0,0.19999999999999996,0.19599999999999995
2023-04-17,2023-04-20,Barcelona,R16,Clay,3,Casper Ruud,Francisco Cerundolo,player1,top_10,0.7636134218292684,1.44,1.44,B365W/B365L,AvgW/AvgL,200.0,1.4312,0.0,0.6563245823389022,1.058080808080808,0.10728883949036616,0.09960332743414646,0.09288352932204896,0.05659279967849232,,True,False,1.0,-1.0,-1.0
2023-04-17,2023-04-20,Barcelona,R16,Clay,3,Carlos Alcaraz,Roberto Bautista Agut,player2,top_10,0.9729962952671036,1.06,1.06,B365W/B365L,AvgW/AvgL,200.0,1.0588,0.0,0.9041591320072333,1.0433962264150942,0.06883716325987033,0.031376072983129895,0.030208477428809284,0.13073363742970778,,True,True,1.0,0.06000000000000005,0.05879999999999996
2023-04-17,2023-04-21,Barcelona,QF,Clay,3,Alex De Minaur,Stefanos Tsitsipas,player1,top_10,0.2493674599242917,4.33,4.16,B365W/B365L,AvgW/AvgL,200.0,4.2634,0.04086538461538458,0.2198198198198198,1.0506190133646311,0.029547640104471917,0.07976110147218307,0.06315322864122519,0.005988070681094825,,True,False,1.0,-1.0,-1.0
2023-04-17,2023-04-21,Barcelona,QF,Clay,3,Lorenzo Musetti,Jannik Sinner,player1,top_10,0.34938620677082327,3.2,3.21,B365W/B365L,AvgW/AvgL,200.0,3.156,-0.0031152647975076775,0.2982456140350877,1.0477941176470589,0.05114059273573557,0.1180358616666346,0.10266286856871831,0.013413166098481203,,True,True,1.0,2.2,2.156
2023-04-17,2023-04-21,Banja Luka,QF,Clay,3,Andrey Rublev,Damir Dzumhur,player1,top_10,0.98,1.06,1.06,B365W/B365L,AvgW/AvgL,200.0,1.0588,0.0,0.9041591320072333,1.0433962264150942,0.07584086799276668,0.038800000000000036,0.03762399999999994,0.16166666666666668,,True,True,1.0,0.06000000000000005,0.05879999999999996
2023-04-17,2023-04-22,Munich,SF,Clay,3,Taylor Fritz,Botic Van De Zandschulp,player1,top_10,0.7797690691073075,1.44,1.46,B365W/B365L,AvgW/AvgL,200.0,1.4312,-0.013698630136986356,0.6563245823389022,1.058080808080808,0.12344448676840525,0.12286745951452271,0.11600549170637847,0.06981105654234246,,True,False,1.0,-1.0,-1.0
2023-04-17,2023-04-22,Barcelona,SF,Clay,3,Stefanos Tsitsipas,Lorenzo Musetti,player2,top_10,0.7778364558543344,1.33,1.35,B365W/B365L,AvgW/AvgL,200.0,1.3234000000000001,-0.014814814814814836,0.7188160676532769,1.0459973463069439,0.05902038820105748,0.03452248628626475,0.029388765677626216,0.026153398701715715,,True,True,1.0,0.33000000000000007,0.32340000000000013
2023-04-17,2023-04-22,Banja Luka,SF,Clay,3,Andrey Rublev,Alex Molcan,player2,top_10,0.8805595119326265,1.17,1.2,B365W/B365L,AvgW/AvgL,200.0,1.1665999999999999,-0.025000000000000022,0.8103727714748785,1.0547008547008547,0.07018674045774798,0.030254628961172925,0.027260726620601944,0.04449210141348962,,True,True,1.0,0.16999999999999993,0.16659999999999986
2023-04-17,2023-04-23,Banja Luka,F,Clay,3,Andrey Rublev,Dusan Lajovic,player1,top_10,0.887881837120064,1.25,1.25,B365W/B365L,AvgW/AvgL,200.0,1.245,0.0,0.7619047619047619,1.05,0.1259770752153021,0.10985229640007996,0.10541288721447972,0.10985229640007996,,True,False,1.0,-1.0,-1.0
2023-04-24,2023-04-28,Madrid Masters,R64,Clay,4,Alexander Bublik,Holger Rune,player1,top_10,0.17399668277745056,6.0,5.44,B365W/B365L,AvgW/AvgL,200.0,5.9,0.10294117647058809,0.15848527349228608,1.0516224188790562,0.01551140928516448,0.04398009666470348,0.0265804283869584,0.002199004833235174,,True,False,1.0,-1.0,-1.0
2023-04-24,2023-04-29,Madrid Masters,R64,Clay,4,Felix Auger Aliassime,Dusan Lajovic,player1,top_10,0.7841653719670041,1.73,1.72,B365W/B365L,AvgW/AvgL,200.0,1.7153999999999998,0.005813953488372103,0.5483028720626633,1.054225158271401,0.23586249990434083,0.35660609350291705,0.3451572790721986,0.12212537448730036,,True,False,1.0,-1.0,-1.0
2023-04-24,2023-04-30,Madrid Masters,R32,Clay,4,Alejandro Davidovich Fokina,Holger Rune,player1,top_10,0.41264675936419815,2.75,2.68,B365W/B365L,AvgW/AvgL,200.0,2.715,0.026119402985074647,0.3436754176610979,1.058080808080808,0.06897134170310026,0.13477858825154487,0.12033595167379796,0.019254084035934982,,True,True,1.0,1.75,1.7149999999999999
2023-04-24,2023-04-30,Madrid Masters,R32,Clay,4,Roberto Bautista Agut,Karen Khachanov,player1,other,0.453501593271277,2.38,2.36,B365W/B365L,AvgW/AvgL,200.0,2.3524,0.008474576271186418,0.39746835443037976,1.0571107423861263,0.056033238840897226,0.07933379198563906,0.06681714801135186,0.014372063765514323,,True,False,1.0,-1.0,-1.0
2023-04-24,2023-04-30,Madrid Masters,R32,Clay,4,Carlos Alcaraz,Grigor Dimitrov,player1,top_10,0.956433227848092,1.1,1.08,B365W/B365L,AvgW/AvgL,200.0,1.098,0.0185185185185186,0.8641975308641975,1.051948051948052,0.09223569698389456,0.05207655063290133,0.05016368417720514,0.13019137658225322,,True,True,1.0,0.10000000000000009,0.09800000000000009
2023-04-24,2023-05-01,Madrid Masters,R32,Clay,4,Sebastian Baez,Stefanos Tsitsipas,player1,top_10,0.23987372817052882,5.5,5.36,B365W/B365L,AvgW/AvgL,200.0,5.41,0.026119402985074647,0.1716867469879518,1.0590111642743223,0.06818698118257702,0.31930550493790855,0.2977168694025609,0.017739194718772697,,True,False,1.0,-1.0,-1.0
2023-04-24,2023-05-02,Madrid Masters,R16,Clay,4,Aslan Karatsev,Daniil Medvedev,player1,top_10,0.3770630317394425,3.75,3.52,B365W/B365L,AvgW/AvgL,200.0,3.695,0.06534090909090917,0.25595238095238093,1.041860465116279,0.12111065078706157,0.41398636902290953,0.39324790227723994,0.03763512445662814,,True,True,1.0,2.75,2.695
2023-04-24,2023-05-02,Madrid Masters,R16,Clay,4,Karen Khachanov,Andrey Rublev,player2,top_10,0.43569104694383687,2.63,2.62,B365W/B365L,AvgW/AvgL,200.0,2.5974,0.003816793893129722,0.36319612590799033,1.046894803548796,0.07249492103584654,0.1458674534622909,0.13166392533192184,0.022372308813234803,,True,True,1.0,1.63,1.5974
2023-04-24,2023-05-03,Madrid Masters,QF,Clay,4,Carlos Alcaraz,Karen Khachanov,player1,top_10,0.9763205206270983,1.07,1.07,B365W/B365L,AvgW/AvgL,200.0,1.0686,0.0,0.893743793445879,1.0456905503634475,0.08257672718121933,0.04466295707099523,0.04329610834211722,0.15951056096783994,,True,True,1.0,0.07000000000000006,0.0686
2023-05-08,2023-05-12,Rome Masters,R64,Clay,4,Jannik Sinner,Thanasi Kokkinakis,player2,top_10,0.9295101173991841,1.11,1.12,B365W/B365L,AvgW/AvgL,200.0,1.1078000000000001,-0.008928571428571397,0.8541392904073586,1.0547470547470548,0.07537082699182551,0.031756230313094436,0.029711308054816254,0.0721732507115782,,True,True,1.0,0.1100000000000001,0.10780000000000012
2023-05-08,2023-05-13,Rome Masters,R64,Clay,4,Andrey Rublev,Alex Molcan,player2,top_10,0.8816297596599895,1.17,1.18,B365W/B365L,AvgW/AvgL,200.0,1.1665999999999999,-0.008474576271186418,0.8103727714748785,1.0547008547008547,0.07125698818511095,0.031506818802187614,0.028509277619343576,0.04633355706204063,,True,True,1.0,0.16999999999999993,0.16659999999999986
2023-05-08,2023-05-14,Rome Masters,R64,Clay,4,Emil Ruusuvuori,Daniil Medvedev,player1,top_10,0.3437323090500168,3.0,3.27,B365W/B365L,AvgW/AvgL,200.0,2.96,-0.0825688073394496,0.3181818181818181,1.0476190476190477,0.02555049086819866,0.031196927150050402,0.01744763478804967,0.0038996158937563002,,True,False,1.0,-1.0,-1.0
2023-05-08,2023-05-14,Rome Masters,R64,Clay,4,Yannick Hanfmann,Taylor Fritz,player2,top_10,0.4408172793246379,2.75,2.74,B365W/B365L,AvgW/AvgL,200.0,2.715,0.0036496350364962904,0.3436754176610979,1.058080808080808,0.09714186166354,0.2122475181427541,0.1968189133663918,0.030321074020393444,,True,True,1.0,1.75,1.7149999999999999
2023-05-08,2023-05-14,Rome Masters,R32,Clay,4,Casper Ruud,Alexander Bublik,player1,top_10,0.9038154222337128,1.17,1.16,B365W/B365L,AvgW/AvgL,200.0,1.1665999999999999,0.008620689655172376,0.8103727714748785,1.0547008547008547,0.09344265075883429,0.05746404401344393,0.054391071577849226,0.08450594707859406,,True,True,1.0,0.16999999999999993,0.16659999999999986
2023-05-08,2023-05-14,Rome Masters,R32,Clay,4,Holger Rune,Fabio Fognini,player2,top_10,0.8913495759168326,1.2,1.18,B365W/B365L,AvgW/AvgL,200.0,1.196,0.016949152542372836,0.7894736842105263,1.0555555555555556,0.10187589170630629,0.0696194911001991,0.06605409279653177,0.0870243638752489,,True,True,1.0,0.19999999999999996,0.19599999999999995
2023-05-08,2023-05-14,Rome Masters,R32,Clay,4,Novak Djokovic,Grigor Dimitrov,player1,top_10,0.9214689198765557,1.14,1.14,B365W/B365L,AvgW/AvgL,200.0,1.1372,0.0,0.8283132530120482,1.0590111642743223,0.09315566686450749,0.050474568659273356,0.04789445568361908,0.09013315832013105,,True,True,1.0,0.1399999999999999,0.1372
2023-05-08,2023-05-16,Rome Masters,R16,Clay,4,Yannick Hanfmann,Andrey Rublev,player2,top_10,0.3183918526691323,3.4,3.28,B365W/B365L,AvgW/AvgL,200.0,3.352,0.03658536585365857,0.28118393234672306,1.0459973463069439,0.037207920322409216,0.08253229907504978,0.06724949014693138,0.008597114486984352,,True,True,1.0,2.4,2.352
2023-05-08,2023-05-16,Rome Masters,R16,Clay,4,Laslo Djere,Casper Ruud,player2,top_10,0.37146996648011354,3.0,2.89,B365W/B365L,AvgW/AvgL,200.0,2.96,0.03806228373702414,0.3181818181818181,1.0476190476190477,0.053288148298295424,0.11440989944034063,0.09955110078113605,0.01430123743004258,,True,False,1.0,-1.0,-1.0
2023-05-08,2023-05-16,Rome Masters,R16,Clay,4,Alexei Popyrin,Holger Rune,player1,top_10,0.3356187466091248,5.0,4.68,B365W/B365L,AvgW/AvgL,200.0,4.92,0.06837606837606836,0.18962722852512157,1.0547008547008547,0.1459915180840032,0.6780937330456238,0.6512442333168937,0.04238085831535149,,True,False,1.0,-1.0,-1.0
2023-05-08,2023-05-17,Rome Masters,QF,Clay,4,Casper Ruud,Francisco Cerundolo,player1,top_10,0.6640122605619381,1.62,1.59,B365W/B365L,AvgW/AvgL,200.0,1.6076000000000001,0.018867924528301883,0.586734693877551,1.0520665593129361,0.07727756668438712,0.07569986211033974,0.06746611007937175,0.030524137947717633,,True,True,1.0,0.6200000000000001,0.6076000000000001
2023-05-08,2023-05-17,Rome Masters,QF,Clay,4,Holger Rune,Novak Djokovic,player2,top_10,0.4623858427712153,3.4,3.29,B365W/B365L,AvgW/AvgL,200.0,3.352,0.033434650455927084,0.28118393234672306,1.0459973463069439,0.18120191042449224,0.572111865422132,0.5499173449691137,0.05959498598147209,,True,True,1.0,2.4,2.352
2023-05-08,2023-05-18,Rome Masters,QF,Clay,4,Stefanos Tsitsipas,Borna Coric,player2,top_10,0.8004035840134204,1.29,1.3,B365W/B365L,AvgW/AvgL,200.0,1.2842,-0.007692307692307665,0.744047619047619,1.041860465116279,0.05635596496580142,0.03252062337731232,0.027878282590034442,0.028035020152855444,,True,True,1.0,0.29000000000000004,0.2842
2023-05-08,2023-05-18,Rome Masters,QF,Clay,4,Yannick Hanfmann,Daniil Medvedev,player1,top_10,0.42683848033057115,3.0,2.92,B365W/B365L,AvgW/AvgL,200.0,2.96,0.027397260273972712,0.3181818181818181,1.0476190476190477,0.10865666214875302,0.28051544099171344,0.2634419017784906,0.03506443012396418,,True,False,1.0,-1.0,-1.0
2023-05-08,2023-05-20,Rome Masters,SF,Clay,4,Stefanos Tsitsipas,Daniil Medvedev,player2,top_10,0.6964970936700979,1.62,1.63,B365W/B365L,AvgW/AvgL,200.0,1.6076000000000001,-0.006134969325153228,0.586734693877551,1.0520665593129361,0.10976239979254698,0.12832529174555873,0.11968872778404954,0.05174406925224142,,True,False,1.0,-1.0,-1.0
2023-05-08,2023-05-20,Rome Masters,SF,Clay,4,Holger Rune,Casper Ruud,player1,top_10,0.6722743924072428,1.57,1.62,B365W/B365L,AvgW/AvgL,200.0,1.5586000000000002,-0.030864197530864224,0.6025316455696202,1.0571107423861263,0.0697427468376226,0.05547079607937133,0.04780686800592887,0.024329296526040056,,True,True,1.0,0.5700000000000001,0.5586000000000002
2023-05-22,2023-05-24,Geneva,R16,Clay,3,Marcos Giron,Taylor Fritz,player2,top_10,0.3676344463024983,3.4,3.39,B365W/B365L,AvgW/AvgL,200.0,3.352,0.002949852507374562,0.28118393234672306,1.0459973463069439,0.08645051395577524,0.24995711742849425,0.23231066400597433,0.02603719973213482,,True,False,1.0,-1.0,-1.0
2023-05-22,2023-05-24,Geneva,R16,Clay,3,J J Wolf,Casper Ruud,player2,top_10,0.2731412997028505,4.5,4.37,B365W/B365L,AvgW/AvgL,200.0,4.43,0.029748283752860427,0.21052631578947367,1.0555555555555556,0.06261498391337683,0.22913584866282732,0.21001595768362769,0.016366846333059095,,True,False,1.0,-1.0,-1.0
2023-05-22,2023-05-25,Geneva,QF,Clay,3,Casper Ruud,Nicolas Jarry,player1,top_10,0.774522370092472,1.33,1.31,B365W/B365L,AvgW/AvgL,200.0,1.3234000000000001,0.01526717557251911,0.7188160676532769,1.0459973463069439,0.055706302439195166,0.030114752222987873,0.025002904580377627,0.02281420622953626,,True,False,1.0,-1.0,-1.0
2023-05-29,2023-05-29,Roland Garros,R128,Clay,5,Felix Auger Aliassime,Fabio Fognini,player1,top_10,0.8355545470719432,1.36,1.34,B365W/B365L,AvgW/AvgL,200.0,1.3528000000000002,0.014925373134328401,0.7017543859649122,1.0477941176470589,0.13380016110703097,0.13635418401784283,0.130338191278925,0.09469040556794638,,True,False,1.0,-1.0,-1.0
2023-05-29,2023-05-30,Roland Garros,R128,Clay,5,Thiago Seyboth Wild,Daniil Medvedev,player1,top_10,0.15168226448677197,11.0,9.81,B365W/B365L,AvgW/AvgL,200.0,10.8,0.12130479102956171,0.08713692946058092,1.0432900432900432,0.06454533502619104,0.6685049093544915,0.6381684564571373,0.016712622733862287,,True,True,1.0,10.0,9.8
2023-05-29,2023-06-01,Roland Garros,R64,Clay,5,Holger Rune,Gael Monfils,player2,top_10,0.9701445994114677,1.07,1.06,B365W/B365L,AvgW/AvgL,200.0,1.0686,0.009433962264151052,0.893743793445879,1.0456905503634475,0.07640080596558874,0.038054721370270495,0.036696518931094366,0.13590971917953737,,True,True,1.0,0.07000000000000006,0.0686
2023-05-29,2023-06-01,Roland Garros,R64,Clay,5,Taylor Fritz,Arthur Rinderknech,player2,top_10,0.98,1.11,1.12,B365W/B365L,AvgW/AvgL,200.0,1.1078000000000001,-0.008928571428571397,0.8541392904073586,1.0547470547470548,0.1258607095926414,0.08780000000000007,0.0856440000000001,0.19954545454545453,,True,True,1.0,0.1100000000000001,0.10780000000000012
2023-05-29,2023-06-01,Roland Garros,R64,Clay,5,Jannik Sinner,Daniel Altmaier,player2,top_10,0.9744398560601711,1.08,1.08,B365W/B365L,AvgW/AvgL,200.0,1.0784,0.0,0.8810572687224669,1.0509259259259258,0.09338258733770421,0.052395044544984906,0.05083594077528858,0.1637345142030777,,True,False,1.0,-1.0,-1.0
2023-05-29,2023-06-02,Roland Garros,R32,Clay,5,Stefanos Tsitsipas,Diego Schwartzman,player1,top_10,0.98,1.1,1.09,B365W/B365L,AvgW/AvgL,200.0,1.098,0.00917431192660545,0.8641975308641975,1.051948051948052,0.1158024691358025,0.07800000000000007,0.07604000000000007,0.195,,True,True,1.0,0.10000000000000009,0.09800000000000009
2023-05-29,2023-06-02,Roland Garros,R32,Clay,5,Andrey Rublev,Lorenzo Sonego,player1,top_10,0.8170959749058043,1.29,1.29,B365W/B365L,AvgW/AvgL,200.0,1.2842,0.0,0.744047619047619,1.041860465116279,0.07304835585818537,0.054053807628487605,0.049314650974033925,0.04659811002455828,,True,False,1.0,-1.0,-1.0
2023-05-29,2023-06-04,Roland Garros,R16,Clay,5,Carlos Alcaraz,Lorenzo Musetti,player1,top_10,0.8989757134184804,1.17,1.18,B365W/B365L,AvgW/AvgL,200.0,1.1665999999999999,-0.008474576271186418,0.8103727714748785,1.0547008547008547,0.08860294194360185,0.05180158469962198,0.048745067273999076,0.0761788010288559,,True,True,1.0,0.16999999999999993,0.16659999999999986
2023-05-29,2023-06-05,Roland Garros,R16,Clay,5,Francisco Cerundolo,Holger Rune,player1,top_10,0.37458430133513276,3.4,3.24,B365W/B365L,AvgW/AvgL,200.0,3.352,0.04938271604938271,0.28118393234672306,1.0459973463069439,0.0934003689884097,0.2735866245394514,0.255606578075365,0.028498606722859518,,True,False,1.0,-1.0,-1.0
2023-05-29,2023-06-07,Roland Garros,QF,Clay,5,Casper Ruud,Holger Rune,player1,top_10,0.6675656958330037,1.73,1.76,B365W/B365L,AvgW/AvgL,200.0,1.7153999999999998,-0.017045454545454586,0.5483028720626633,1.054225158271401,0.11926282377034048,0.15488865379109645,0.1451421946319345,0.053044059517498784,,True,True,1.0,0.73,0.7153999999999998
2023-05-29,2023-06-09,Roland Garros,SF,Clay,5,Novak Djokovic,Carlos Alcaraz,player2,top_10,0.4293376554726528,2.63,2.63,B365W/B365L,AvgW/AvgL,200.0,2.5974,0.0,0.36319612590799033,1.046894803548796,0.06614152956466246,0.12915803389307678,0.11516162632466831,0.01980951440077865,,True,True,1.0,1.63,1.5974
2023-05-29,2023-06-09,Roland Garros,SF,Clay,5,Casper Ruud,Alexander Zverev,player1,top_10,0.5506554109373007,1.91,1.89,B365W/B365L,AvgW/AvgL,200.0,1.8918,0.010582010582010692,0.5,1.0471204188481675,0.05065541093730075,0.051751834890244375,0.04172990641118551,0.014217537057759445,,True,True,1.0,0.9099999999999999,0.8917999999999999
2023-05-29,2023-06-11,Roland Garros,F,Clay,5,Casper Ruud,Novak Djokovic,player2,top_10,0.3313052395333047,4.8,4.7,B365W/B365L,AvgW/AvgL,200.0,4.724,0.02127659574468077,0.19999999999999998,1.0416666666666667,0.13130523953330472,0.5902651497598626,0.5650859515553315,0.038833233536833066,,True,False,1.0,-1.0,-1.0
2023-06-12,2023-06-14,s Hertogenbosch,R16,Grass,3,Alexander Bublik,Jannik Sinner,player1,top_10,0.35256352489839277,3.75,3.4,B365W/B365L,AvgW/AvgL,200.0,3.695,0.10294117647058831,0.25595238095238093,1.041860465116279,0.09661114394601183,0.3221132183689728,0.3027222244995612,0.0292830198517248,,True,False,1.0,-1.0,-1.0
2023-06-12,2023-06-15,Stuttgart,R16,Grass,3,Richard Gasquet,Stefanos Tsitsipas,player1,top_10,0.2656801652586895,4.0,3.66,B365W/B365L,AvgW/AvgL,200.0,3.94,0.09289617486338786,0.23809523809523808,1.05,0.0275849271634514,0.06272066103475793,0.04677985111923655,0.005226721752896494,,True,True,1.0,3.0,2.94
2023-06-12,2023-06-15,s Hertogenbosch,R16,Grass,3,Adrian Mannarino,Daniil Medvedev,player2,top_10,0.22957690561031252,4.5,4.69,B365W/B365L,AvgW/AvgL,200.0,4.43,-0.04051172707889139,0.21052631578947367,1.0555555555555556,0.019050589820838848,0.03309607524640634,0.01702569185368441,0.0023640053747433104,,True,True,1.0,3.5,3.4299999999999997
2023-06-12,2023-06-16,Stuttgart,QF,Grass,3,Marton Fucsovics,Taylor Fritz,player2,top_10,0.28822498865211243,4.0,3.69,B365W/B365L,AvgW/AvgL,200.0,3.94,0.08401084010840121,0.23809523809523808,1.05,0.05012975055687435,0.15289995460844974,0.13560645528932302,0.012741662884037478,,True,True,1.0,3.0,2.94
2023-06-12,2023-06-16,s Hertogenbosch,QF,Grass,3,Jannik Sinner,Emil Ruusuvuori,player2,top_10,0.8422398442580493,1.25,1.24,B365W/B365L,AvgW/AvgL,200.0,1.245,0.008064516129032251,0.7619047619047619,1.05,0.08033508235328746,0.05279980532256165,0.0485886061012715,0.05279980532256165,,True,False,1.0,-1.0,-1.0
2023-06-19,2023-06-19,Halle,R32,Grass,3,Marcos Giron,Daniil Medvedev,player1,top_10,0.22711335025652496,6.0,5.52,B365W/B365L,AvgW/AvgL,200.0,5.9,0.0869565217391306,0.15848527349228608,1.0516224188790562,0.06862807676423888,0.36268010153914987,0.3399687665134974,0.018134005076957494,,True,False,1.0,-1.0,-1.0
2023-06-19,2023-06-20,Queen's Club,R32,Grass,3,Maxime Cressy,Holger Rune,player1,top_10,0.4731195428770116,2.63,2.6,B365W/B365L,AvgW/AvgL,200.0,2.5974,0.011538461538461497,0.36319612590799033,1.046894803548796,0.10992341696902125,0.24430439776654045,0.22888070066874988,0.03746999965744486,,True,False,1.0,-1.0,-1.0
2023-06-19,2023-06-20,Queen's Club,R32,Grass,3,Frances Tiafoe,Botic Van De Zandschulp,player2,top_10,0.7247950368893811,1.44,1.49,B365W/B365L,AvgW/AvgL,200.0,1.4312,-0.033557046979865834,0.6563245823389022,1.058080808080808,0.06847045455047884,0.04370485312070871,0.037326656796082214,0.02483230290949359,,True,True,1.0,0.43999999999999995,0.4312
2023-06-19,2023-06-20,Halle,R32,Grass,3,Richard Gasquet,Jannik Sinner,player1,top_10,0.23581758914787088,4.5,4.51,B365W/B365L,AvgW/AvgL,200.0,4.43,-0.0022172949002217113,0.21052631578947367,1.0555555555555556,0.025291273358397204,0.061179151165418943,0.044671919925067916,0.004369939368958496,,True,False,1.0,-1.0,-1.0
2023-06-19,2023-06-20,Halle,R32,Grass,3,Yibing Wu,Andrey Rublev,player2,top_10,0.40818110678795994,3.5,3.47,B365W/B365L,AvgW/AvgL,200.0,3.45,0.008645533141210304,0.27083333333333337,1.0549450549450547,0.13734777345462656,0.42863387375785966,0.4082248184184618,0.04286338737578597,,True,False,1.0,-1.0,-1.0
2023-06-19,2023-06-21,Halle,R16,Grass,3,Stefanos Tsitsipas,Nicolas Jarry,player2,top_10,0.7656795182850823,1.4,1.38,B365W/B365L,AvgW/AvgL,200.0,1.392,0.01449275362318847,0.6818181818181818,1.0476190476190477,0.08386133646690053,0.07195132559911516,0.06582588945283446,0.04496957849944698,,True,False,1.0,-1.0,-1.0
2023-06-19,2023-06-21,Halle,R16,Grass,3,Brandon Nakashima,Roberto Bautista Agut,player2,other,0.4854154459371117,2.2,2.12,B365W/B365L,AvgW/AvgL,200.0,2.176,0.037735849056603765,0.43152454780361754,1.0533478497550355,0.05389089813349418,0.06791398106164592,0.05626401035915518,0.014148746054509566,,True,False,1.0,-1.0,-1.0
2023-06-19,2023-06-22,Queen's Club,R16,Grass,3,Taylor Fritz,Adrian Mannarino,player1,top_10,0.8234938265380034,1.29,1.29,B365W/B365L,AvgW/AvgL,200.0,1.2842,0.0,0.744047619047619,1.041860465116279,0.07944620749038445,0.06230703623402442,0.057530772040103983,0.0537129622707107,,True,False,1.0,-1.0,-1.0
2023-06-19,2023-06-22,Queen's Club,R16,Grass,3,Jiri Lehecka,Carlos Alcaraz,player1,top_10,0.3382666519160368,4.5,4.3,B365W/B365L,AvgW/AvgL,200.0,4.43,0.04651162790697683,0.21052631578947367,1.0555555555555556,0.1277403361265631,0.5221999336221655,0.49852126798804275,0.03729999525872611,,True,False,1.0,-1.0,-1.0
2023-06-19,2023-06-22,Halle,R16,Grass,3,Andrey Rublev,Yannick Hanfmann,player2,top_10,0.9027211559314332,1.2,1.2,B365W/B365L,AvgW/AvgL,200.0,1.196,0.0,0.7894736842105263,1.0555555555555556,0.11324747172090688,0.0832653871177198,0.07965450249399408,0.10408173389714978,,True,True,1.0,0.19999999999999996,0.19599999999999995
2023-06-19,2023-06-23,Queen's Club,QF,Grass,3,Lorenzo Musetti,Holger Rune,player1,top_10,0.44284806889119754,2.38,2.34,B365W/B365L,AvgW/AvgL,200.0,2.3524,0.017094017094017033,0.39746835443037976,1.0571107423861263,0.04537971446081779,0.053978403961050136,0.04175579725965306,0.00977869636975546,,True,False,1.0,-1.0,-1.0
2023-06-19,2023-06-23,Queen's Club,QF,Grass,3,Grigor Dimitrov,Carlos Alcaraz,player1,top_10,0.35667258245675404,3.2,3.14,B365W/B365L,AvgW/AvgL,200.0,3.156,0.019108280254777066,0.2982456140350877,1.0477941176470589,0.058426968421666337,0.14135226386161304,0.12565867023351585,0.01606275725700148,,True,False,1.0,-1.0,-1.0
2023-06-19,2023-06-23,Halle,QF,Grass,3,Alexander Bublik,Jannik Sinner,player2,top_10,0.31271139794963565,3.4,3.16,B365W/B365L,AvgW/AvgL,200.0,3.352,0.07594936708860756,0.28118393234672306,1.0459973463069439,0.031527465602912585,0.06321875302876123,0.04820860592717868,0.006585286773829295,,True,True,1.0,2.4,2.352
2023-06-19,2023-06-23,Halle,QF,Grass,3,Tallon Griekspoor,Andrey Rublev,player1,top_10,0.41944313992247195,2.5,2.58,B365W/B365L,AvgW/AvgL,200.0,2.4699999999999998,-0.03100775193798455,0.3796526054590571,1.05359477124183,0.03979053446341485,0.048607849806179826,0.03602455560850559,0.008101308301029972,,True,False,1.0,-1.0,-1.0
2023-06-19,2023-06-23,Halle,QF,Grass,3,Roberto Bautista Agut,Daniil Medvedev,player1,top_10,0.34853678379628744,3.4,3.24,B365W/B365L,AvgW/AvgL,200.0,3.352,0.04938271604938271,0.28118393234672306,1.0459973463069439,0.06735285144956438,0.18502506490737725,0.1682952992851554,0.01927344426118513,,True,True,1.0,2.4,2.352
2023-06-19,2023-06-24,Queen's Club,SF,Grass,3,Alex De Minaur,Holger Rune,player1,top_10,0.5816120539285525,1.91,1.88,B365W/B365L,AvgW/AvgL,200.0,1.8918,0.015957446808510634,0.5,1.0471204188481675,0.08161205392855253,0.11087902300353525,0.10029368362203561,0.03046127005591628,,True,True,1.0,0.9099999999999999,0.8917999999999999
2023-06-19,2023-06-24,Queen's Club,SF,Grass,3,Carlos Alcaraz,Sebastian Korda,player1,top_10,0.7863196848257673,1.33,1.35,B365W/B365L,AvgW/AvgL,200.0,1.3234000000000001,-0.014814814814814836,0.7188160676532769,1.0459973463069439,0.06750361717249043,0.04580518081827056,0.04061547089842055,0.034700894559295876,,True,True,1.0,0.33000000000000007,0.32340000000000013
2023-06-19,2023-06-24,Halle,SF,Grass,3,Andrey Rublev,Roberto Bautista Agut,player1,top_10,0.6449417948407902,1.8,1.84,B365W/B365L,AvgW/AvgL,200.0,1.784,-0.021739130434782594,0.5263157894736842,1.0555555555555556,0.11862600536710599,0.16089523071342238,0.15057616199596968,0.05027975959794449,,True,True,1.0,0.8,0.784
2023-06-19,2023-06-25,Halle,F,Grass,3,Andrey Rublev,Alexander Bublik,player1,top_10,0.6539204281859616,1.67,1.64,B365W/B365L,AvgW/AvgL,200.0,1.6566,0.018292682926829285,0.5684754521963824,1.0533478497550355,0.08544497598957923,0.09204711507055591,0.0832845813328641,0.03434593845916266,,True,False,1.0,-1.0,-1.0
2023-06-26,2023-06-28,Mallorca,R16,Grass,3,Yannick Hanfmann,Stefanos Tsitsipas,player2,top_10,0.3603119092020226,3.5,3.54,B365W/B365L,AvgW/AvgL,200.0,3.45,-0.011299435028248594,0.27083333333333337,1.0549450549450547,0.08947857586868924,0.2610916822070791,0.243076086746978,0.026109168220707912,,True,True,1.0,2.5,2.45
2023-07-03,2023-07-03,Wimbledon,R128,Grass,5,Corentin Moutet,Richard Gasquet,player2,other,0.44830218008226486,2.38,2.39,B365W/B365L,AvgW/AvgL,200.0,2.3524,-0.004184100418410108,0.39746835443037976,1.0571107423861263,0.0508338256518851,0.06695918859579031,0.05458604842551973,0.012130287789092448,,True,True,1.0,1.38,1.3523999999999998
2023-07-03,2023-07-03,Wimbledon,R128,Grass,5,Pedro Cachin,Novak Djokovic,player2,top_10,0.056913904603262844,34.0,20.89,B365W/B365L,AvgW/AvgL,200.0,33.339999999999996,0.6275730014360938,0.028848900314195947,1.0195107746068723,0.028065004289066896,0.9350727565109366,0.8975095794727831,0.0070838845190222465,,True,False,1.0,-1.0,-1.0
2023-07-03,2023-07-04,Wimbledon,R128,Grass,5,Jeremy Chardy,Carlos Alcaraz,player2,top_10,0.07941443966310302,29.0,19.5,B365W/B365L,AvgW/AvgL,200.0,28.439999999999998,0.4871794871794872,0.03365544818393868,1.0245817685216798,0.04575899147916434,1.3030187502299877,1.2585466640186498,0.011634095984196319,,True,False,1.0,-1.0,-1.0
2023-07-03,2023-07-05,Wimbledon,R128,Grass,5,Yibing Wu,Frances Tiafoe,player1,top_10,0.19315548830381057,5.5,4.78,B365W/B365L,AvgW/AvgL,200.0,5.41,0.15062761506276146,0.1716867469879518,1.0590111642743223,0.02146874131585877,0.06235518567095821,0.04497119172361519,0.003464176981719901,,True,False,1.0,-1.0,-1.0
2023-07-03,2023-07-05,Wimbledon,R128,Grass,5,Stefanos Tsitsipas,Dominic Thiem,player2,top_10,0.98,1.17,1.18,B365W/B365L,AvgW/AvgL,200.0,1.1665999999999999,-0.008474576271186418,0.8103727714748785,1.0547008547008547,0.16962722852512147,0.1465999999999999,0.14326799999999984,0.21558823529411758,,True,True,1.0,0.16999999999999993,0.16659999999999986
2023-07-03,2023-07-06,Wimbledon,R64,Grass,5,Dominic Stricker,Frances Tiafoe,player2,top_10,0.2853647860235402,4.5,4.77,B365W/B365L,AvgW/AvgL,200.0,4.43,-0.05660377358490554,0.21052631578947367,1.0555555555555556,0.07483847023406653,0.28414153710593093,0.264166002084283,0.020295824078995068,,True,False,1.0,-1.0,-1.0
2023-07-03,2023-07-06,Wimbledon,R64,Grass,5,Mikael Ymer,Taylor Fritz,player2,top_10,0.31157215807348404,4.5,4.27,B365W/B365L,AvgW/AvgL,200.0,4.43,0.05386416861826704,0.21052631578947367,1.0555555555555556,0.10104584228401037,0.4020747113306782,0.3802646602655342,0.028719622237905584,,True,True,1.0,3.5,3.4299999999999997
2023-07-03,2023-07-06,Wimbledon,R64,Grass,5,Liam Broady,Casper Ruud,player1,top_10,0.24264073297302935,4.5,4.44,B365W/B365L,AvgW/AvgL,200.0,4.43,0.013513513513513375,0.21052631578947367,1.0555555555555556,0.03211441718355568,0.09188329837863207,0.07489844707051996,0.0065630927413308626,,True,True,1.0,3.5,3.4299999999999997
2023-07-03,2023-07-07,Wimbledon,R64,Grass,5,Daniil Medvedev,Adrian Mannarino,player1,top_10,0.8549535854361341,1.22,1.26,B365W/B365L,AvgW/AvgL,200.0,1.2156,-0.031746031746031744,0.7801801801801801,1.0506190133646311,0.074773405255954,0.04304337423208357,0.03928157845616462,0.04891292526373134,,True,True,1.0,0.21999999999999997,0.2156
2023-07-03,2023-07-07,Wimbledon,R64,Grass,5,Stefanos Tsitsipas,Andy Murray,player1,top_10,0.5272796906787895,2.1,2.08,B365W/B365L,AvgW/AvgL,200.0,2.0780000000000003,0.009615384615384581,0.4516971279373368,1.054225158271401,0.07558256274145275,0.10728735042545812,0.09568719723052488,0.02438348873305866,,True,True,1.0,1.1,1.0780000000000003
2023-07-03,2023-07-08,Wimbledon,R32,Grass,5,Nicolas Jarry,Carlos Alcaraz,player2,top_10,0.15236870815461356,8.0,7.82,B365W/B365L,AvgW/AvgL,200.0,7.859999999999999,0.023017902813299296,0.11894273127753305,1.0509259259259258,0.033425976877080515,0.2189496652369084,0.19761804609526246,0.007819630901318157,,True,False,1.0,-1.0,-1.0
2023-07-03,2023-07-08,Wimbledon,R32,Grass,5,Alejandro Davidovich Fokina,Holger Rune,player1,top_10,0.3689738428870472,3.0,2.92,B365W/B365L,AvgW/AvgL,200.0,2.96,0.027397260273972712,0.3181818181818181,1.0476190476190477,0.05079202470522909,0.10692152866114168,0.09216257494565983,0.01336519108264271,,True,False,1.0,-1.0,-1.0
2023-07-03,2023-07-08,Wimbledon,R32,Grass,5,Stefanos Tsitsipas,Laslo Djere,player2,top_10,0.8912567597646484,1.2,1.19,B365W/B365L,AvgW/AvgL,200.0,1.196,0.008403361344537785,0.7894736842105263,1.0555555555555556,0.10178307555412203,0.06950811171757798,0.06594308467851939,0.08688513964697249,,True,True,1.0,0.19999999999999996,0.19599999999999995
2023-07-03,2023-07-09,Wimbledon,R16,Grass,5,Daniel Elahi Galan,Jannik Sinner,player1,top_10,0.08538647400828729,13.0,12.17,B365W/B365L,AvgW/AvgL,200.0,12.76,0.06820049301561215,0.07407407407407408,1.0384615384615383,0.011312399934213208,0.11002416210773469,0.08953140834574569,0.0022921700439111395,,True,False,1.0,-1.0,-1.0
2023-07-03,2023-07-09,Wimbledon,R16,Grass,5,Andrey Rublev,Alexander Bublik,player1,top_10,0.6812017107415705,1.8,1.85,B365W/B365L,AvgW/AvgL,200.0,1.784,-0.027027027027027084,0.5263157894736842,1.0555555555555556,0.15488592126788636,0.22616307933482704,0.21526385196296183,0.07067596229213345,,True,True,1.0,0.8,0.784
2023-07-03,2023-07-10,Wimbledon,R16,Grass,5,Carlos Alcaraz,Matteo Berrettini,player2,top_10,0.7432976304764938,1.4,1.38,B365W/B365L,AvgW/AvgL,200.0,1.392,0.01449275362318847,0.6818181818181818,1.0476190476190477,0.06147944865831201,0.04061668266709123,0.034670301623279276,0.025385426666932026,,True,True,1.0,0.3999999999999999,0.3919999999999999
2023-07-03,2023-07-10,Wimbledon,R16,Grass,5,Holger Rune,Grigor Dimitrov,player1,top_10,0.47129462005036094,2.38,2.49,B365W/B365L,AvgW/AvgL,200.0,2.3524,-0.04417670682730934,0.39746835443037976,1.0571107423861263,0.07382626561998118,0.12168119571985903,0.10867346420646895,0.022043694876786056,,True,True,1.0,1.38,1.3523999999999998
2023-07-03,2023-07-10,Wimbledon,R16,Grass,5,Daniil Medvedev,Jiri Lehecka,player1,top_10,0.8331314283381239,1.25,1.25,B365W/B365L,AvgW/AvgL,200.0,1.245,0.0,0.7619047619047619,1.05,0.07122666643336206,0.041414285422654906,0.03724862828096437,0.041414285422654906,,True,True,1.0,0.25,0.2450000000000001
2023-07-03,2023-07-10,Wimbledon,R16,Grass,5,Christopher Eubanks,Stefanos Tsitsipas,player1,top_10,0.3592376439532568,3.2,3.23,B365W/B365L,AvgW/AvgL,200.0,3.156,-0.009287925696594312,0.2982456140350877,1.0477941176470589,0.0609920299181691,0.14956046065042172,0.13375400431647844,0.016995506892093375,,True,True,1.0,2.2,2.156
2023-07-03,2023-07-11,Wimbledon,QF,Grass,5,Roman Safiullin,Jannik Sinner,player2,top_10,0.2692657240435242,5.5,5.54,B365W/B365L,AvgW/AvgL,200.0,5.41,-0.0072202166064981865,0.1716867469879518,1.0590111642743223,0.09757897705557242,0.4809614822393832,0.45672756707546613,0.0267200823466324,,True,False,1.0,-1.0,-1.0
2023-07-03,2023-07-12,Wimbledon,QF,Grass,5,Christopher Eubanks,Daniil Medvedev,player2,top_10,0.24893571562899952,5.0,5.4,B365W/B365L,AvgW/AvgL,200.0,4.92,-0.07407407407407418,0.18962722852512157,1.0547008547008547,0.059308487103877955,0.2446785781449976,0.22476372089467767,0.01529241113406235,,True,False,1.0,-1.0,-1.0
2023-07-03,2023-07-14,Wimbledon,SF,Grass,5,Novak Djokovic,Jannik Sinner,player1,top_10,0.8623366951636754,1.2,1.23,B365W/B365L,AvgW/AvgL,200.0,1.196,-0.024390243902439046,0.7894736842105263,1.0555555555555556,0.07286301095314907,0.03480403419641043,0.03135468741575573,0.04350504274551304,,True,True,1.0,0.19999999999999996,0.19599999999999995
2023-07-03,2023-07-16,Wimbledon,F,Grass,5,Novak Djokovic,Carlos Alcaraz,player2,top_10,0.7095751405571875,1.53,1.54,B365W/B365L,AvgW/AvgL,200.0,1.5194,-0.006493506493506551,0.6322115384615384,1.0338229081239594,0.07736360209564908,0.08564996505249689,0.07812846856259076,0.040400926911555134,,True,False,1.0,-1.0,-1.0
2023-07-17,2023-07-20,Gstaad,R16,Clay,3,Jaume Munar,Stan Wawrinka,player1,other,0.34697143924072193,3.0,2.71,B365W/B365L,AvgW/AvgL,200.0,2.96,0.10701107011070121,0.3181818181818181,1.0476190476190477,0.028789621058903814,0.040914317722165805,0.027035460152536883,0.005114289715270726,,True,True,1.0,2.0,1.96
2023-07-17,2023-07-21,Bastad,QF,Clay,3,Alexander Zverev,Andrey Rublev,player1,top_10,0.6373142717299798,1.73,1.72,B365W/B365L,AvgW/AvgL,200.0,1.7153999999999998,0.005813953488372103,0.5483028720626633,1.054225158271401,0.08901139966731653,0.10255369009286502,0.09324890172560718,0.035121126744131856,,True,False,1.0,-1.0,-1.0
2023-07-17,2023-07-22,Bastad,SF,Clay,3,Andrey Rublev,Francisco Cerundolo,player1,top_10,0.7489214545637761,1.57,1.58,B365W/B365L,AvgW/AvgL,200.0,1.5586000000000002,-0.006329113924050667,0.6025316455696202,1.0571107423861263,0.14638980899415588,0.17580668366512858,0.16726897908310162,0.07710819458996866,,True,True,1.0,0.5700000000000001,0.5586000000000002
2023-07-17,2023-07-22,Bastad,SF,Clay,3,Lorenzo Musetti,Casper Ruud,player1,top_10,0.47113103515422405,2.75,2.64,B365W/B365L,AvgW/AvgL,200.0,2.715,0.04166666666666652,0.3436754176610979,1.058080808080808,0.12745561749312617,0.2956103466741161,0.27912076044371825,0.04223004952487373,,True,False,1.0,-1.0,-1.0
2023-07-17,2023-07-23,Bastad,F,Clay,3,Andrey Rublev,Casper Ruud,player1,top_10,0.4797172252703936,2.5,2.29,B365W/B365L,AvgW/AvgL,200.0,2.4699999999999998,0.09170305676855883,0.3796526054590571,1.05359477124183,0.10006461981133652,0.19929306317598405,0.18490154641787215,0.03321551052933067,,True,True,1.0,1.5,1.4699999999999998
2023-07-24,2023-07-24,Hamburg,R32,Clay,3,Daniel Altmaier,Richard Gasquet,player2,other,0.6375685195294362,1.62,1.58,B365W/B365L,AvgW/AvgL,200.0,1.6076000000000001,0.025316455696202445,0.586734693877551,1.0520665593129361,0.05083382565188521,0.032861001637686627,0.024955151995521674,0.01325040388616396,,True,True,1.0,0.6200000000000001,0.6076000000000001
2023-07-24,2023-07-28,Atlanta,R16,Hard,3,Taylor Fritz,Yibing Wu,player2,top_10,0.8845469652836366,1.3,1.31,B365W/B365L,AvgW/AvgL,200.0,1.294,-0.007633587786259555,0.7291666666666667,1.0549450549450547,0.1553802986169699,0.1499110548687277,0.14460377307702582,0.12492587905727305,,True,True,1.0,0.30000000000000004,0.29400000000000004
2023-07-31,2023-08-02,Washington,R32,Hard,3,Brandon Nakashima,Andy Murray,player2,other,0.5971130858492645,1.73,1.77,B365W/B365L,AvgW/AvgL,200.0,1.7153999999999998,-0.02259887005649719,0.5483028720626633,1.054225158271401,0.04881021378660122,0.033005638519227554,0.02428778746582816,0.011303300862749163,,True,False,1.0,-1.0,-1.0
2023-07-31,2023-08-03,Los Cabos,R16,Hard,3,Jason Jung,Borna Coric,player1,other,0.19412101361200632,5.5,5.68,B365W/B365L,AvgW/AvgL,200.0,5.41,-0.03169014084507038,0.1716867469879518,1.0590111642743223,0.02243426662405451,0.06766557486603475,0.05019468364095414,0.0037591986036685974,,True,False,1.0,-1.0,-1.0
2023-07-31,2023-08-03,Los Cabos,R16,Hard,3,John Isner,Stefanos Tsitsipas,player2,top_10,0.2684645328841988,4.0,4.0,B365W/B365L,AvgW/AvgL,200.0,3.94,0.0,0.23809523809523808,1.05,0.03036929478896072,0.07385813153679521,0.057750259563743245,0.006154844294732935,,True,False,1.0,-1.0,-1.0
2023-07-31,2023-08-04,Washington,R16,Hard,3,Taylor Fritz,Andy Murray,player1,top_10,0.8306982303964673,1.36,1.34,B365W/B365L,AvgW/AvgL,200.0,1.3528000000000002,0.014925373134328401,0.7017543859649122,1.0477941176470589,0.12894384443155504,0.1297495933391956,0.12376856608034115,0.09010388426333026,,True,True,1.0,0.3600000000000001,0.3528000000000002
2023-07-31,2023-08-04,Los Cabos,QF,Hard,3,Stefanos Tsitsipas,Nicolas Jarry,player2,top_10,0.8340634121121338,1.3,1.31,B365W/B365L,AvgW/AvgL,200.0,1.294,-0.007633587786259555,0.7291666666666667,1.0549450549450547,0.10489674544546701,0.08428243574577393,0.07927805527310111,0.07023536312147827,,True,True,1.0,0.30000000000000004,0.29400000000000004
2023-07-31,2023-08-05,Washington,QF,Hard,3,Frances Tiafoe,Daniel Evans,player2,top_10,0.8079802730618689,1.29,1.27,B365W/B365L,AvgW/AvgL,200.0,1.2842,0.015748031496062964,0.744047619047619,1.041860465116279,0.06393265401424997,0.042294552249810935,0.037608266666052076,0.03646082090500942,,True,False,1.0,-1.0,-1.0
2023-07-31,2023-08-05,Washington,QF,Hard,3,Jordan Thompson,Taylor Fritz,player1,top_10,0.38482951862802217,2.75,2.69,B365W/B365L,AvgW/AvgL,200.0,2.715,0.02230483271375472,0.3436754176610979,1.058080808080808,0.04115410096692429,0.05828117622706097,0.04481214307508019,0.008325882318151567,,True,False,1.0,-1.0,-1.0
2023-07-31,2023-08-06,Los Cabos,F,Hard,3,Stefanos Tsitsipas,Alex De Minaur,player1,top_10,0.8194912451640812,1.36,1.36,B365W/B365L,AvgW/AvgL,200.0,1.3528000000000002,0.0,0.7017543859649122,1.0477941176470589,0.11773685919916899,0.11450809342315055,0.10860775645796927,0.0795195093216323,,True,True,1.0,0.3600000000000001,0.3528000000000002
2023-08-07,2023-08-08,Canada Masters,R64,Hard,4,Milos Raonic,Frances Tiafoe,player2,top_10,0.33181471456877254,3.2,3.09,B365W/B365L,AvgW/AvgL,200.0,3.156,0.035598705501618255,0.2982456140350877,1.0477941176470589,0.03356910053368484,0.06180708662007217,0.047207239179046234,0.007023532570462746,,True,True,1.0,2.2,2.156
2023-08-07,2023-08-09,Canada Masters,R32,Hard,4,Taylor Fritz,Ugo Humbert,player2,top_10,0.8319545240313241,1.3,1.32,B365W/B365L,AvgW/AvgL,200.0,1.294,-0.015151515151515138,0.7291666666666667,1.0549450549450547,0.10278785736465734,0.08154088124072134,0.0765491540965334,0.06795073436726777,,True,True,1.0,0.30000000000000004,0.29400000000000004
2023-08-07,2023-08-09,Canada Masters,R32,Hard,4,Jiri Lehecka,Casper Ruud,player2,top_10,0.4735806802366479,2.63,2.6,B365W/B365L,AvgW/AvgL,200.0,2.5974,0.011538461538461497,0.36319612590799033,1.046894803548796,0.11038455432865757,0.24551718902238395,0.23007845884666922,0.03765601058625521,,True,False,1.0,-1.0,-1.0
2023-08-07,2023-08-09,Canada Masters,R32,Hard,4,Matteo Berrettini,Jannik Sinner,player1,top_10,0.3748337752614687,2.75,2.73,B365W/B365L,AvgW/AvgL,200.0,2.715,0.0073260073260073,0.3436754176610979,1.058080808080808,0.031158357600370834,0.030792881969039065,0.017673699834887535,0.004398983138434153,,True,False,1.0,-1.0,-1.0
2023-08-07,2023-08-11,Canada Masters,R16,Hard,4,Jannik Sinner,Andy Murray,player1,top_10,0.9066772646028145,1.2,1.21,B365W/B365L,AvgW/AvgL,200.0,1.196,-0.008264462809917328,0.7894736842105263,1.0555555555555556,0.11720358039228818,0.08801271752337736,0.0843860084649661,0.11001589690422173,,True,True,1.0,0.19999999999999996,0.19599999999999995
2023-08-07,2023-08-11,Canada Masters,R16,Hard,4,Hubert Hurkacz,Carlos Alcaraz,player1,top_10,0.20961135973058656,5.0,4.59,B365W/B365L,AvgW/AvgL,200.0,4.92,0.08932461873638342,0.18962722852512157,1.0547008547008547,0.019984131205464994,0.048056798652932775,0.03128788987448583,0.0030035499158082984,,True,False,1.0,-1.0,-1.0
2023-08-07,2023-08-11,Canada Masters,QF,Hard,4,Daniil Medvedev,Alex De Minaur,player1,top_10,0.8275869558746116,1.3,1.32,B365W/B365L,AvgW/AvgL,200.0,1.294,-0.015151515151515138,0.7291666666666667,1.0549450549450547,0.09842028920794488,0.07586304263699514,0.07089752090174747,0.06321920219749594,,True,False,1.0,-1.0,-1.0
2023-08-07,2023-08-12,Canada Masters,QF,Hard,4,Tommy Paul,Carlos Alcaraz,player2,top_10,0.22680989353146974,5.0,4.61,B365W/B365L,AvgW/AvgL,200.0,4.92,0.08459869848156165,0.18962722852512157,1.0547008547008547,0.037182665006348176,0.1340494676573487,0.11590467617483113,0.008378091728584294,,True,True,1.0,4.0,3.92
2023-08-07,2023-08-13,Canada Masters,F,Hard,4,Jannik Sinner,Alex De Minaur,player2,top_10,0.7638724408629385,1.4,1.4,B365W/B365L,AvgW/AvgL,200.0,1.392,0.0,0.6818181818181818,1.0476190476190477,0.08205425904475672,0.06942141720811379,0.06331043768121031,0.043388385755071125,,True,True,1.0,0.3999999999999999,0.3919999999999999
2023-08-14,2023-08-14,Cincinnati Masters,R64,Hard,4,Tallon Griekspoor,Frances Tiafoe,player2,top_10,0.45494728492052827,2.63,2.49,B365W/B365L,AvgW/AvgL,200.0,2.5974,0.056224899598393385,0.36319612590799033,1.046894803548796,0.09175115901253794,0.1965113593409893,0.1816800778525801,0.030139779040029034,,True,False,1.0,-1.0,-1.0
2023-08-14,2023-08-15,Cincinnati Masters,R64,Hard,4,Taylor Fritz,Jiri Lehecka,player2,top_10,0.8058706078596414,1.33,1.34,B365W/B365L,AvgW/AvgL,200.0,1.3234000000000001,-0.007462686567164201,0.7188160676532769,1.0459973463069439,0.0870545402063645,0.07180790845332308,0.06648916244144948,0.054399930646456866,,True,True,1.0,0.33000000000000007,0.32340000000000013
2023-08-14,2023-08-16,Cincinnati Masters,R32,Hard,4,Taylor Fritz,Lorenzo Sonego,player2,top_10,0.8029065891059379,1.29,1.26,B365W/B365L,AvgW/AvgL,200.0,1.2842,0.023809523809523725,0.744047619047619,1.041860465116279,0.05885897005831897,0.03574949994665996,0.031092641729845494,0.030818534436775825,,True,True,1.0,0.29000000000000004,0.2842
2023-08-14,2023-08-16,Cincinnati Masters,R32,Hard,4,Daniil Medvedev,Lorenzo Musetti,player1,top_10,0.8986208538647391,1.22,1.22,B365W/B365L,AvgW/AvgL,200.0,1.2156,0.0,0.7801801801801801,1.0506190133646311,0.11844067368455902,0.09631744171498169,0.09236350995797687,0.1094516383124792,,True,True,1.0,0.21999999999999997,0.2156
2023-08-14,2023-08-16,Cincinnati Masters,R32,Hard,4,Max Purcell,Casper Ruud,player1,top_10,0.3699847723778274,3.4,3.4,B365W/B365L,AvgW/AvgL,200.0,3.352,0.0,0.28118393234672306,1.0459973463069439,0.08880084003110433,0.2579482260846131,0.24018895701047738,0.026869606883813867,,True,True,1.0,2.4,2.352
2023-08-14,2023-08-16,Cincinnati Masters,R32,Hard,4,Jordan Thompson,Carlos Alcaraz,player1,top_10,0.15190378236987936,8.0,7.41,B365W/B365L,AvgW/AvgL,200.0,7.859999999999999,0.07962213225371118,0.11894273127753305,1.0509259259259258,0.032961051092346316,0.2152302589590348,0.1939637294272517,0.007686794962822672,,True,False,1.0,-1.0,-1.0
2023-08-14,2023-08-17,Cincinnati Masters,R32,Hard,4,Alejandro Davidovich Fokina,Novak Djokovic,player1,top_10,0.185233413489993,6.0,5.45,B365W/B365L,AvgW/AvgL,200.0,5.9,0.10091743119266061,0.15848527349228608,1.0516224188790562,0.02674813999770692,0.11140048093995802,0.09287713959095878,0.005570024046997901,,True,False,1.0,-1.0,-1.0
2023-08-14,2023-08-17,Cincinnati Masters,R16,Hard,4,Alexander Zverev,Daniil Medvedev,player1,top_10,0.41649608574547886,2.63,2.64,B365W/B365L,AvgW/AvgL,200.0,2.5974,-0.0037878787878788955,0.36319612590799033,1.046894803548796,0.05329995983748853,0.0953847055106094,0.08180693311530685,0.014629556059909418,,True,True,1.0,1.63,1.5974
2023-08-14,2023-08-17,Cincinnati Masters,R16,Hard,4,Hubert Hurkacz,Stefanos Tsitsipas,player1,top_10,0.4586961526527208,2.63,2.57,B365W/B365L,AvgW/AvgL,200.0,2.5974,0.023346303501945442,0.36319612590799033,1.046894803548796,0.09550002674473046,0.2063708814766556,0.19141738690017696,0.03165197568660362,,True,True,1.0,1.63,1.5974
2023-08-14,2023-08-17,Cincinnati Masters,R16,Hard,4,Max Purcell,Stan Wawrinka,player2,other,0.3940611535462961,2.75,2.83,B365W/B365L,AvgW/AvgL,200.0,2.715,-0.028268551236749095,0.3436754176610979,1.058080808080808,0.050385735885198235,0.08366817225231427,0.06987603187819391,0.011952596036044896,,True,True,1.0,1.75,1.7149999999999999
2023-08-14,2023-08-17,Cincinnati Masters,R16,Hard,4,Tommy Paul,Carlos Alcaraz,player1,top_10,0.2820181454312809,3.75,3.95,B365W/B365L,AvgW/AvgL,200.0,3.695,-0.05063291139240511,0.25595238095238093,1.041860465116279,0.026065764478899967,0.05756804536730331,0.042057047368582845,0.005233458669754846,,True,False,1.0,-1.0,-1.0
2023-08-14,2023-08-18,Cincinnati Masters,QF,Hard,4,Max Purcell,Carlos Alcaraz,player1,top_10,0.1576211824102502,8.0,8.33,B365W/B365L,AvgW/AvgL,200.0,7.859999999999999,-0.03961584633853543,0.11894273127753305,1.0509259259259258,0.038678451132717145,0.26096945928200155,0.2389024937445665,0.009320337831500056,,True,False,1.0,-1.0,-1.0
2023-08-28,2023-08-29,Us Open,R128,Hard,5,Corentin Moutet,Andy Murray,player2,other,0.2807854296836201,4.0,3.65,B365W/B365L,AvgW/AvgL,200.0,3.94,0.09589041095890405,0.23809523809523808,1.05,0.042690191588382,0.12314171873448032,0.10629459295346311,0.010261809894540027,,True,False,1.0,-1.0,-1.0
2023-08-28,2023-08-29,Us Open,R128,Hard,5,Attila Balazs,Daniil Medvedev,player1,top_10,0.06665208904433818,67.0,34.68,B365W/B365L,AvgW/AvgL,200.0,65.67999999999999,0.9319492502883506,0.014705882352941176,1.0149253731343284,0.051946206691397004,3.465689965970658,3.377709208432131,0.013127613507464614,,True,False,1.0,-1.0,-1.0
2023-08-28,2023-08-29,Us Open,R128,Hard,5,Marc Andrea Huesler,Hubert Hurkacz,player1,other,0.12165422480233999,9.0,8.87,B365W/B365L,AvgW/AvgL,200.0,8.84,0.014656144306651742,0.10625620655412116,1.0456905503634475,0.015398018248218834,0.09488802322105994,0.07542334725268551,0.002965250725658123,,True,False,1.0,-1.0,-1.0
2023-08-28,2023-08-29,Us Open,R128,Hard,5,Milos Raonic,Stefanos Tsitsipas,player2,top_10,0.32285468352126445,3.75,3.59,B365W/B365L,AvgW/AvgL,200.0,3.695,0.04456824512534818,0.25595238095238093,1.041860465116279,0.06690230256888352,0.2107050632047417,0.1929480556110721,0.01915500574588561,,True,False,1.0,-1.0,-1.0
2023-08-28,2023-08-30,Us Open,R128,Hard,5,Dominik Koepfer,Carlos Alcaraz,player1,top_10,0.04657324852968804,23.0,17.6,B365W/B365L,AvgW/AvgL,200.0,22.56,0.30681818181818166,0.04206580591420241,1.0335772707705553,0.004507442615485628,0.07118471618282485,0.05069248682976213,0.0008089172293502824,,True,False,1.0,-1.0,-1.0
2023-08-28,2023-08-31,Us Open,R64,Hard,5,Gael Monfils,Andrey Rublev,player2,top_10,0.39459349457811377,3.0,2.97,B365W/B365L,AvgW/AvgL,200.0,2.96,0.010101010101009944,0.3181818181818181,1.0476190476190477,0.07641167639629565,0.1837804837343413,0.16799674395121678,0.022972560466792663,,True,False,1.0,-1.0,-1.0
2023-08-28,2023-08-31,Us Open,R64,Hard,5,Sebastian Ofner,Frances Tiafoe,player2,top_10,0.27327511261474347,5.0,5.59,B365W/B365L,AvgW/AvgL,200.0,4.92,-0.10554561717352418,0.18962722852512157,1.0547008547008547,0.0836478840896219,0.3663755630737173,0.3445135540645379,0.022898472692107333,,True,False,1.0,-1.0,-1.0
2023-08-28,2023-09-01,Us Open,R64,Hard,5,Lloyd Harris,Carlos Alcaraz,player2,top_10,0.10669209332009866,15.0,15.04,B365W/B365L,AvgW/AvgL,200.0,14.719999999999999,-0.0026595744680850686,0.06425452276980662,1.0375404530744337,0.04243757055029204,0.6003813998014799,0.5705076136718522,0.010721096425026427,,True,False,1.0,-1.0,-1.0
2023-08-28,2023-09-02,Us Open,R32,Hard,5,Jannik Sinner,Stan Wawrinka,player1,top_10,0.9377823585858003,1.11,1.12,B365W/B365L,AvgW/AvgL,200.0,1.1078000000000001,-0.008928571428571397,0.8541392904073586,1.0547470547470548,0.08364306817844169,0.0409384180302384,0.03887529684134966,0.09304185915963264,,True,True,1.0,0.1100000000000001,0.10780000000000012
2023-08-28,2023-09-02,Us Open,R32,Hard,5,Nicolas Jarry,Alex De Minaur,player1,other,0.2889855528480992,4.0,4.22,B365W/B365L,AvgW/AvgL,200.0,3.94,-0.05213270142180093,0.23809523809523808,1.05,0.0508903147528611,0.15594221139239672,0.13860307822151074,0.012995184282699726,,True,False,1.0,-1.0,-1.0
2023-08-28,2023-09-02,Us Open,R32,Hard,5,Arthur Rinderknech,Andrey Rublev,player1,top_10,0.21885247950960288,5.0,5.59,B365W/B365L,AvgW/AvgL,200.0,4.92,-0.10554561717352418,0.18962722852512157,1.0547008547008547,0.02922525098448131,0.09426239754801435,0.07675419918724613,0.005891399846750897,,True,False,1.0,-1.0,-1.0
2023-08-28,2023-09-03,Us Open,R32,Hard,5,Daniil Medvedev,Sebastian Baez,player1,top_10,0.98,1.07,1.07,B365W/B365L,AvgW/AvgL,200.0,1.0686,0.0,0.893743793445879,1.0456905503634475,0.08625620655412103,0.048600000000000046,0.04722799999999998,0.17357142857142857,,True,True,1.0,0.07000000000000006,0.0686
2023-08-28,2023-09-04,Us Open,R16,Hard,5,Alex De Minaur,Daniil Medvedev,player1,top_10,0.39386942828181737,3.2,3.21,B365W/B365L,AvgW/AvgL,200.0,3.156,-0.0031152647975076775,0.2982456140350877,1.0477941176470589,0.09562381424672967,0.26038217050181567,0.24305191565741568,0.02958888301156996,,True,False,1.0,-1.0,-1.0
2023-08-28,2023-09-04,Us Open,R16,Hard,5,Jack Draper,Andrey Rublev,player2,top_10,0.4265476181477137,3.0,3.02,B365W/B365L,AvgW/AvgL,200.0,2.96,-0.0066225165562914245,0.3181818181818181,1.0476190476190477,0.10836579996589557,0.2796428544431411,0.26258094971723256,0.034955356805392634,,True,False,1.0,-1.0,-1.0
2023-08-28,2023-09-05,Us Open,R16,Hard,5,Alexander Zverev,Jannik Sinner,player1,top_10,0.501061772628478,2.38,2.53,B365W/B365L,AvgW/AvgL,200.0,2.3524,-0.059288537549407105,0.39746835443037976,1.0571107423861263,0.1035934181980982,0.1925270188557775,0.17869771393123146,0.03487808312604665,,True,True,1.0,1.38,1.3523999999999998
2023-08-28,2023-09-09,Us Open,SF,Hard,5,Carlos Alcaraz,Daniil Medvedev,player1,top_10,0.9623952029192462,1.22,1.25,B365W/B365L,AvgW/AvgL,200.0,1.2156,-0.02400000000000002,0.7801801801801801,1.0506190133646311,0.1822150227390661,0.1741221475614803,0.16988760866863567,0.19786607677440946,,True,False,1.0,-1.0,-1.0
2023-09-20,2023-09-24,Chengdu,QF,Hard,3,Miomir Kecmanovic,Alexander Zverev,player1,top_10,0.2526041392555607,5.0,4.79,B365W/B365L,AvgW/AvgL,200.0,4.92,0.04384133611691032,0.18962722852512157,1.0547008547008547,0.06297691073043912,0.26302069627780345,0.2428123651373586,0.016438793517362715,,True,False,1.0,-1.0,-1.0
2023-09-20,2023-09-25,Chengdu,SF,Hard,3,Alexander Zverev,Grigor Dimitrov,player1,top_10,0.6891888748460268,1.5,1.5,B365W/B365L,AvgW/AvgL,200.0,1.49,0.0,0.6368038740920097,1.046894803548796,0.052385000754017086,0.03378331226904013,0.026891423520579882,0.016891656134520067,,True,True,1.0,0.5,0.49
2023-09-20,2023-09-26,Chengdu,F,Hard,3,Roman Safiullin,Alexander Zverev,player1,top_10,0.34125346895048286,3.4,3.33,B365W/B365L,AvgW/AvgL,200.0,3.352,0.02102102102102088,0.28118393234672306,1.0459973463069439,0.0600695366037598,0.1602617944316418,0.14388162792201853,0.01669393691996269,,True,False,1.0,-1.0,-1.0
2023-09-27,2023-09-29,Beijing,R32,Hard,3,Tommy Paul,Daniil Medvedev,player2,top_10,0.27938413912925897,4.33,4.27,B365W/B365L,AvgW/AvgL,200.0,4.2634,0.014051522248243575,0.2198198198198198,1.0506190133646311,0.05956431930943917,0.20973332242969134,0.19112633876368268,0.015745744927154005,,True,False,1.0,-1.0,-1.0
2023-09-27,2023-09-29,Beijing,R32,Hard,3,Cameron Norrie,Andrey Rublev,player2,top_10,0.4175537922492829,2.63,2.59,B365W/B365L,AvgW/AvgL,200.0,2.5974,0.015444015444015413,0.36319612590799033,1.046894803548796,0.054357666341292576,0.09816647361561404,0.08455421998828738,0.015056207609756756,,True,False,1.0,-1.0,-1.0
2023-09-27,2023-09-29,Beijing,R32,Hard,3,Jannik Sinner,Daniel Evans,player2,top_10,0.9227184716734131,1.2,1.2,B365W/B365L,AvgW/AvgL,200.0,1.196,0.0,0.7894736842105263,1.0555555555555556,0.13324478746288682,0.10726216600809574,0.10357129212140206,0.13407770751011971,,True,True,1.0,0.19999999999999996,0.19599999999999995
2023-09-27,2023-09-30,Beijing,R16,Hard,3,Alex De Minaur,Daniil Medvedev,player1,top_10,0.341467625381513,3.75,3.75,B365W/B365L,AvgW/AvgL,200.0,3.695,0.0,0.25595238095238093,1.041860465116279,0.08551524442913205,0.2805035951806737,0.26172287578469045,0.0255003268346067,,True,False,1.0,-1.0,-1.0
2023-09-27,2023-09-30,Beijing,R16,Hard,3,Alejandro Davidovich Fokina,Alexander Zverev,player1,top_10,0.449880108365627,2.5,2.53,B365W/B365L,AvgW/AvgL,200.0,2.4699999999999998,-0.011857707509881354,0.3796526054590571,1.05359477124183,0.07022750290656987,0.12470027091406743,0.11120386766309853,0.020783378485677906,,True,False,1.0,-1.0,-1.0
2023-09-27,2023-10-01,Beijing,R16,Hard,3,Yoshihito Nishioka,Jannik Sinner,player1,top_10,0.3340227361900819,4.5,4.41,B365W/B365L,AvgW/AvgL,200.0,4.43,0.020408163265306145,0.21052631578947367,1.0555555555555556,0.12349642040060821,0.5031023128553684,0.47972072132206267,0.03593587948966918,,True,False,1.0,-1.0,-1.0
2023-09-27,2023-10-01,Beijing,R16,Hard,3,Holger Rune,Grigor Dimitrov,player2,top_10,0.6251601183856073,1.91,1.94,B365W/B365L,AvgW/AvgL,200.0,1.8918,-0.015463917525773252,0.5,1.0471204188481675,0.12516011838560726,0.19405582611650984,0.18267791196189176,0.05331204014189831,,True,False,1.0,-1.0,-1.0
2023-09-27,2023-10-02,Beijing,QF,Hard,3,Ugo Humbert,Daniil Medvedev,player1,top_10,0.24701920450029766,5.0,4.91,B365W/B365L,AvgW/AvgL,200.0,4.92,0.018329938900203624,0.18962722852512157,1.0547008547008547,0.05739197597517609,0.2350960225014883,0.21533448614146444,0.01469350140634302,,True,False,1.0,-1.0,-1.0
2023-09-27,2023-10-02,Beijing,QF,Hard,3,Carlos Alcaraz,Casper Ruud,player2,top_10,0.9115897471050495,1.13,1.13,B365W/B365L,AvgW/AvgL,200.0,1.1274,0.0,0.8415147265077139,1.0516224188790562,0.07007502059733561,0.030096414228705806,0.027726280886232746,0.057877719670588135,,True,True,1.0,0.1299999999999999,0.12739999999999996
2023-09-27,2023-10-03,Beijing,SF,Hard,3,Alexander Zverev,Daniil Medvedev,player1,top_10,0.5311680253662922,2.75,2.74,B365W/B365L,AvgW/AvgL,200.0,2.715,0.0036496350364962904,0.3436754176610979,1.058080808080808,0.18749260770519427,0.4607120697573034,0.44212118886948315,0.06581600996532906,,True,False,1.0,-1.0,-1.0
2023-10-02,2023-10-06,Shanghai Masters,R64,Hard,4,Roman Safiullin,Alexander Zverev,player1,top_10,0.37784089933927867,3.0,2.94,B365W/B365L,AvgW/AvgL,200.0,2.96,0.020408163265306145,0.3181818181818181,1.0476190476190477,0.05965908115746055,0.133522698017836,0.11840906204426482,0.0166903372522295,,True,True,1.0,2.0,1.96
2023-10-02,2023-10-06,Shanghai Masters,R64,Hard,4,Brandon Nakashima,Holger Rune,player2,top_10,0.5498163147210826,2.38,2.37,B365W/B365L,AvgW/AvgL,200.0,2.3524,0.00421940928270037,0.39746835443037976,1.0571107423861263,0.15234796029070286,0.3085628290361766,0.2933878987498746,0.05589906323119142,,True,True,1.0,1.38,1.3523999999999998
2023-10-02,2023-10-07,Shanghai Masters,R64,Hard,4,Cristian Garin,Daniil Medvedev,player1,top_10,0.13651032841351757,9.0,9.58,B365W/B365L,AvgW/AvgL,200.0,8.84,-0.06054279749478075,0.10625620655412116,1.0456905503634475,0.03025412185939641,0.22859295572165816,0.20675130317549528,0.007143529866301818,,True,False,1.0,-1.0,-1.0
2023-10-02,2023-10-08,Shanghai Masters,R64,Hard,4,Mikhail Kukushkin,Daniel Evans,player1,other,0.2617510455021527,4.0,3.74,B365W/B365L,AvgW/AvgL,200.0,3.94,0.06951871657753994,0.23809523809523808,1.05,0.023655807406914642,0.047004182008610895,0.031299119278481724,0.003917015167384241,,True,False,1.0,-1.0,-1.0
2023-10-02,2023-10-08,Shanghai Masters,R32,Hard,4,Sebastian Korda,Daniil Medvedev,player2,top_10,0.30016436476971264,4.5,4.34,B365W/B365L,AvgW/AvgL,200.0,4.43,0.03686635944700467,0.21052631578947367,1.0555555555555556,0.08963804898023897,0.35073964146370684,0.32972813592982686,0.025052831533121916,,True,True,1.0,3.5,3.4299999999999997
2023-10-02,2023-10-08,Shanghai Masters,R32,Hard,4,Sebastian Baez,Jannik Sinner,player1,top_10,0.1912817986886375,7.0,7.16,B365W/B365L,AvgW/AvgL,200.0,6.88,-0.022346368715083775,0.13580246913580246,1.051948051948052,0.05547932955283505,0.3389725908204626,0.31601877497782604,0.014123857950852609,,True,False,1.0,-1.0,-1.0
2023-10-02,2023-10-08,Shanghai Masters,R32,Hard,4,Casper Ruud,Christopher Eubanks,player2,top_10,0.8259784951367111,1.29,1.3,B365W/B365L,AvgW/AvgL,200.0,1.2842,-0.007692307692307665,0.744047619047619,1.041860465116279,0.08193087608909211,0.0655122587263573,0.060721583454564354,0.056476085108928695,,True,True,1.0,0.29000000000000004,0.2842
2023-10-02,2023-10-09,Shanghai Masters,R32,Hard,4,Adrian Mannarino,Andrey Rublev,player2,top_10,0.27915765078853494,3.75,3.75,B365W/B365L,AvgW/AvgL,200.0,3.695,0.0,0.25595238095238093,1.041860465116279,0.023205269836154008,0.04684119045700608,0.03148751966363661,0.004258290041546007,,True,False,1.0,-1.0,-1.0
2023-10-02,2023-10-09,Shanghai Masters,R32,Hard,4,Taylor Fritz,Diego Schwartzman,player1,top_10,0.9251429521277998,1.14,1.14,B365W/B365L,AvgW/AvgL,200.0,1.1372,0.0,0.8283132530120482,1.0590111642743223,0.09682969911575168,0.05466296542569174,0.05207256515973396,0.09761243826016389,,True,False,1.0,-1.0,-1.0
2023-10-02,2023-10-09,Shanghai Masters,R32,Hard,4,Carlos Alcaraz,Daniel Evans,player2,top_10,0.954606986599355,1.08,1.07,B365W/B365L,AvgW/AvgL,200.0,1.0784,0.009345794392523477,0.8810572687224669,1.0509259259259258,0.07354971787688802,0.030975545527303402,0.029448174348744402,0.09679857977282305,,True,True,1.0,0.08000000000000007,0.07840000000000003
2023-10-02,2023-10-11,Shanghai Masters,R16,Hard,4,Tommy Paul,Andrey Rublev,player2,top_10,0.3902850363206518,2.75,2.7,B365W/B365L,AvgW/AvgL,200.0,2.715,0.01851851851851838,0.3436754176610979,1.058080808080808,0.04660961865955393,0.07328384988179248,0.059623873610569644,0.010469121411684641,,True,False,1.0,-1.0,-1.0
2023-10-02,2023-10-14,Shanghai Masters,SF,Hard,4,Grigor Dimitrov,Andrey Rublev,player2,top_10,0.5017425921982788,2.3,2.28,B365W/B365L,AvgW/AvgL,200.0,2.274,0.00877192982456143,0.413265306122449,1.0520665593129361,0.08847728607582978,0.15400796205604106,0.1409626546588859,0.0296169157800079,,True,False,1.0,-1.0,-1.0
2023-10-16,2023-10-16,Tokyo,R32,Hard,3,Jordan Thompson,Alexander Zverev,player2,top_10,0.27904800547196285,4.33,4.0,B365W/B365L,AvgW/AvgL,200.0,4.2634,0.08250000000000002,0.2198198198198198,1.0506190133646311,0.05922818565214305,0.20827786369359913,0.1896932665291664,0.015636476253273208,,True,True,1.0,3.33,3.2634
2023-10-16,2023-10-17,Tokyo,R32,Hard,3,Casper Ruud,Yosuke Watanuki,player2,top_10,0.7788795880853222,1.5,1.45,B365W/B365L,AvgW/AvgL,200.0,1.49,0.034482758620689724,0.6368038740920097,1.046894803548796,0.14207571399331254,0.1683193821279833,0.16053058624713007,0.08415969106399165,,True,True,1.0,0.5,0.49
2023-10-16,2023-10-19,Antwerp,R16,Hard,3,Stefanos Tsitsipas,Botic Van De Zandschulp,player2,top_10,0.8089472739738022,1.36,1.36,B365W/B365L,AvgW/AvgL,200.0,1.3528000000000002,0.0,0.7017543859649122,1.0477941176470589,0.10719288800888993,0.10016829260437105,0.09434387223175977,0.06956131430859099,,True,True,1.0,0.3600000000000001,0.3528000000000002
2023-10-23,2023-10-23,Vienna,R32,Hard,3,Sebastian Ofner,Alexander Zverev,player2,top_10,0.3477756810667062,5.0,5.11,B365W/B365L,AvgW/AvgL,200.0,4.92,-0.021526418786692814,0.18962722852512157,1.0547008547008547,0.15814845254158463,0.738878405333531,0.7110563508481945,0.04617990033334569,,True,False,1.0,-1.0,-1.0
2023-10-23,2023-10-25,Basel,R32,Hard,3,Taylor Fritz,Max Purcell,player2,top_10,0.9221883707223986,1.17,1.17,B365W/B365L,AvgW/AvgL,200.0,1.1665999999999999,0.0,0.8103727714748785,1.0547008547008547,0.11181559924752005,0.07896039374520625,0.07582495328475003,0.11611822609589159,,True,True,1.0,0.16999999999999993,0.16659999999999986
2023-10-23,2023-10-26,Vienna,R16,Hard,3,Stefanos Tsitsipas,Tomas Machac,player2,top_10,0.7541151726574804,1.44,1.47,B365W/B365L,AvgW/AvgL,200.0,1.4312,-0.020408163265306145,0.6563245823389022,1.058080808080808,0.09779059031857817,0.08592584862677172,0.07928963510738596,0.048821504901574844,,True,True,1.0,0.43999999999999995,0.4312
2023-10-23,2023-10-26,Vienna,R16,Hard,3,Grigor Dimitrov,Daniil Medvedev,player1,top_10,0.36867373029453027,3.75,3.72,B365W/B365L,AvgW/AvgL,200.0,3.695,0.008064516129032251,0.25595238095238093,1.041860465116279,0.11272134934214934,0.38252648860448835,0.3622494334382892,0.034775135327680756,,True,False,1.0,-1.0,-1.0
2023-10-23,2023-10-27,Vienna,QF,Hard,3,Borna Gojo,Stefanos Tsitsipas,player1,top_10,0.3625982048344259,3.0,2.93,B365W/B365L,AvgW/AvgL,200.0,2.96,0.023890784982935065,0.3181818181818181,1.0476190476190477,0.044416386652607776,0.08779461450327763,0.07329068630990054,0.010974326812909704,,True,False,1.0,-1.0,-1.0
2023-10-23,2023-10-27,Vienna,QF,Hard,3,Karen Khachanov,Daniil Medvedev,player1,top_10,0.25639787092609445,4.5,4.23,B365W/B365L,AvgW/AvgL,200.0,4.43,0.06382978723404253,0.21052631578947367,1.0555555555555556,0.04587155513662078,0.15379041916742497,0.13584256820259832,0.010985029940530355,,True,False,1.0,-1.0,-1.0
2023-10-23,2023-10-28,Basel,SF,Hard,3,Felix Auger Aliassime,Holger Rune,player1,top_10,0.449229066909151,2.3,2.18,B365W/B365L,AvgW/AvgL,200.0,2.274,0.05504587155963292,0.413265306122449,1.0520665593129361,0.03596376078670199,0.03322685389104718,0.02154689815140931,0.006389779594432151,,True,True,1.0,1.2999999999999998,1.274
2023-10-30,2023-10-31,Paris Masters,R32,Hard,4,Roman Safiullin,Carlos Alcaraz,player2,top_10,0.17694458766015986,6.0,5.61,B365W/B365L,AvgW/AvgL,200.0,5.9,0.06951871657753994,0.15848527349228608,1.0516224188790562,0.018459314167873775,0.061667525960959146,0.043973067194943205,0.0030833762980479575,,True,True,1.0,5.0,4.9
2023-10-30,2023-11-01,Paris Masters,R32,Hard,4,Grigor Dimitrov,Daniil Medvedev,player1,top_10,0.30766918639337293,3.4,3.19,B365W/B365L,AvgW/AvgL,200.0,3.352,0.0658307210031348,0.28118393234672306,1.0459973463069439,0.026485254046649864,0.04607523373746791,0.03130711279058607,0.004799503514319575,,True,True,1.0,2.4,2.352
2023-10-30,2023-11-02,Paris Masters,R16,Hard,4,Holger Rune,Daniel Altmaier,player2,top_10,0.8647887597298413,1.22,1.26,B365W/B365L,AvgW/AvgL,200.0,1.2156,-0.031746031746031744,0.7801801801801801,1.0506190133646311,0.08460857954966117,0.055042286870406326,0.051237216327595037,0.06254805326182537,,True,True,1.0,0.21999999999999997,0.2156
2023-10-30,2023-11-02,Paris Masters,R16,Hard,4,Tallon Griekspoor,Novak Djokovic,player2,top_10,0.18461425458785352,7.0,7.35,B365W/B365L,AvgW/AvgL,200.0,6.88,-0.04761904761904756,0.13580246913580246,1.051948051948052,0.04881178545205106,0.29229978211497465,0.27014607156443216,0.012179157588123943,,True,False,1.0,-1.0,-1.0
2023-10-30,2023-11-03,Paris Masters,QF,Hard,4,Stefanos Tsitsipas,Karen Khachanov,player2,top_10,0.7023848508362454,1.53,1.56,B365W/B365L,AvgW/AvgL,200.0,1.5194,-0.019230769230769273,0.6203473945409429,1.05359477124183,0.08203745629530246,0.07464882177945542,0.06720354236059123,0.035211708386535576,,True,True,1.0,0.53,0.5194000000000001
2023-10-30,2023-11-03,Paris Masters,QF,Hard,4,Holger Rune,Novak Djokovic,player1,top_10,0.27653622028252456,3.75,3.65,B365W/B365L,AvgW/AvgL,200.0,3.695,0.027397260273972712,0.25595238095238093,1.041860465116279,0.020583839330143627,0.03701082605946704,0.021801333943928247,0.00336462055086064,,True,False,1.0,-1.0,-1.0
2023-10-30,2023-11-04,Paris Masters,SF,Hard,4,Andrey Rublev,Novak Djokovic,player2,top_10,0.3757683183360718,3.2,3.15,B365W/B365L,AvgW/AvgL,200.0,3.156,0.01587301587301604,0.2982456140350877,1.0477941176470589,0.07752270430098412,0.2024586186754299,0.1859248126686427,0.023006661213117032,,True,False,1.0,-1.0,-1.0
2023-11-13,2023-11-13,Tour Finals,RR,Hard,3,Carlos Alcaraz,Alexander Zverev,player2,top_10,0.7751698066423994,1.44,1.45,B365W/B365L,AvgW/AvgL,200.0,1.4312,-0.006896551724137945,0.6563245823389022,1.058080808080808,0.1188452243034972,0.11624452156505516,0.10942302726660208,0.06604802361650862,,True,False,1.0,-1.0,-1.0
2023-11-13,2023-11-14,Tour Finals,RR,Hard,3,Jannik Sinner,Novak Djokovic,player2,top_10,0.5494859594989218,2.3,2.28,B365W/B365L,AvgW/AvgL,200.0,2.274,0.00877192982456143,0.413265306122449,1.0520665593129361,0.13622065337647277,0.26381770684751993,0.24953107190054813,0.05073417439375384,,True,True,1.0,1.2999999999999998,1.274
2023-11-13,2023-11-16,Tour Finals,RR,Hard,3,Holger Rune,Jannik Sinner,player2,top_10,0.36768756973883465,3.0,2.96,B365W/B365L,AvgW/AvgL,200.0,2.96,0.013513513513513598,0.3181818181818181,1.0476190476190477,0.04950575155701653,0.10306270921650396,0.0883552064269506,0.012882838652062995,,True,False,1.0,-1.0,-1.0
2023-11-13,2023-11-17,Tour Finals,RR,Hard,3,Andrey Rublev,Alexander Zverev,player2,top_10,0.6057898528189671,2.3,2.22,B365W/B365L,AvgW/AvgL,200.0,2.274,0.03603603603603589,0.413265306122449,1.0520665593129361,0.19252454669651814,0.3933166614836243,0.3775661253103313,0.07563781951608162,,True,False,1.0,-1.0,-1.0
2023-11-13,2023-11-17,Tour Finals,RR,Hard,3,Daniil Medvedev,Carlos Alcaraz,player2,top_10,0.5581708174303801,2.2,2.19,B365W/B365L,AvgW/AvgL,200.0,2.176,0.004566210045662267,0.43152454780361754,1.0533478497550355,0.12664626962676256,0.22797579834683634,0.21457969872850724,0.04749495798892423,,True,False,1.0,-1.0,-1.0
2023-11-13,2023-11-18,Tour Finals,SF,Hard,3,Carlos Alcaraz,Novak Djokovic,player2,top_10,0.468020755842146,2.3,2.28,B365W/B365L,AvgW/AvgL,200.0,2.274,0.00877192982456143,0.413265306122449,1.0520665593129361,0.05475544971969698,0.07644773843693564,0.06427919878503996,0.014701488160949164,,True,False,1.0,-1.0,-1.0
2023-11-13,2023-11-18,Tour Finals,SF,Hard,3,Jannik Sinner,Daniil Medvedev,player2,top_10,0.6563510086699381,1.67,1.64,B365W/B365L,AvgW/AvgL,200.0,1.6566,0.018292682926829285,0.5684754521963824,1.0533478497550355,0.08787555647355572,0.0961061844787966,0.08731108096261953,0.035860516596565896,,True,True,1.0,0.6699999999999999,0.6566000000000001
2023-11-13,2023-11-19,Tour Finals,F,Hard,3,Novak Djokovic,Jannik Sinner,player2,top_10,0.7177933973098929,1.53,1.55,B365W/B365L,AvgW/AvgL,200.0,1.5194,-0.012903225806451646,0.6203473945409429,1.05359477124183,0.09744600276894999,0.09822389788413616,0.09061528787265133,0.04633202730383781,,True,True,1.0,0.53,0.5194000000000001
2024-01-01,2024-01-01,Brisbane,R32,Hard,3,Andy Murray,Grigor Dimitrov,player1,other,0.33077982506121767,3.4,3.25,B365W/B365L,AvgW/AvgL,200.0,3.352,0.04615384615384621,0.28118393234672306,1.0459973463069439,0.049595892714494605,0.12465140520814011,0.10877397360520169,0.012984521375847928,,True,False,1.0,-1.0,-1.0
2024-01-01,2024-01-04,Hong Kong,R16,Hard,3,Andrey Rublev,Liam Broady,player1,top_10,0.9554604208541397,1.08,1.09,B365W/B365L,AvgW/AvgL,200.0,1.0784,-0.00917431192660556,0.8810572687224669,1.0509259259259258,0.07440315213167281,0.03189725452247098,0.030368517849104312,0.09967892038272173,,True,True,1.0,0.08000000000000007,0.07840000000000003
2024-01-01,2024-01-05,Brisbane,QF,Hard,3,James Duckworth,Holger Rune,player2,top_10,0.234945930421809,5.0,5.04,B365W/B365L,AvgW/AvgL,200.0,4.92,-0.007936507936507908,0.18962722852512157,1.0547008547008547,0.045318701896687436,0.174729652109045,0.15593397767530026,0.010920603256815313,,True,False,1.0,-1.0,-1.0
2024-01-01,2024-01-06,Brisbane,SF,Hard,3,Roman Safiullin,Holger Rune,player2,top_10,0.43937204645752337,2.38,2.4,B365W/B365L,AvgW/AvgL,200.0,2.3524,-0.008333333333333304,0.39746835443037976,1.0571107423861263,0.04190369202714361,0.045705470568905615,0.03357880208667785,0.008279976552337974,,True,False,1.0,-1.0,-1.0
2024-01-08,2024-01-08,Auckland,R32,Hard,3,Fabian Marozsan,Gael Monfils,player2,other,0.414629801901072,2.5,2.53,B365W/B365L,AvgW/AvgL,200.0,2.4699999999999998,-0.011857707509881354,0.3796526054590571,1.05359477124183,0.03497719644201491,0.03657450475268009,0.024135610695647736,0.0060957507921133485,,True,True,1.0,1.5,1.4699999999999998
2024-01-15,2024-01-15,Australian Open,R128,Hard,5,Marc Polmans,Alexei Popyrin,player1,other,0.20691893743605044,5.0,5.03,B365W/B365L,AvgW/AvgL,200.0,4.92,-0.005964214711729698,0.18962722852512157,1.0547008547008547,0.017291708910928877,0.03459468718025227,0.01804117218536827,0.002162167948765767,,True,False,1.0,-1.0,-1.0
2024-01-15,2024-01-15,Australian Open,R128,Hard,5,Stefanos Tsitsipas,Zizou Bergs,player1,top_10,0.964272608785416,1.1,1.09,B365W/B365L,AvgW/AvgL,200.0,1.098,0.00917431192660545,0.8641975308641975,1.051948051948052,0.1000750779212185,0.06069986966395767,0.05877132444638683,0.15174967415989404,,True,True,1.0,0.10000000000000009,0.09800000000000009
2024-01-15,2024-01-15,Australian Open,R128,Hard,5,Milos Raonic,Alex De Minaur,player2,top_10,0.3585819498788261,6.5,7.15,B365W/B365L,AvgW/AvgL,200.0,6.39,-0.09090909090909094,0.14586070959264127,1.0547470547470548,0.2127212402861848,1.3307826742123694,1.2913386597256986,0.0604901215551077,,True,False,1.0,-1.0,-1.0
2024-01-15,2024-01-15,Australian Open,R128,Hard,5,David Goffin,Ugo Humbert,player1,other,0.35195866289673455,3.2,3.0,B365W/B365L,AvgW/AvgL,200.0,3.156,0.06666666666666665,0.2982456140350877,1.0477941176470589,0.05371304886164685,0.12626772126955066,0.1107815401020944,0.014348604689721664,,True,False,1.0,-1.0,-1.0
2024-01-15,2024-01-17,Australian Open,R64,Hard,5,Hugo Gaston,Taylor Fritz,player2,other,0.1900454587214564,6.5,6.12,B365W/B365L,AvgW/AvgL,200.0,6.39,0.06209150326797386,0.14586070959264127,1.0547470547470548,0.04418474912881512,0.23529548168946657,0.2143904812301063,0.010695249167703026,,True,False,1.0,-1.0,-1.0
2024-01-15,2024-01-19,Australian Open,R32,Hard,5,Luca Van Assche,Stefanos Tsitsipas,player2,top_10,0.2299834382526278,4.5,4.6,B365W/B365L,AvgW/AvgL,200.0,4.43,-0.021739130434782483,0.21052631578947367,1.0555555555555556,0.01945712246315412,0.034925472136825064,0.018826631459141097,0.00249467658120179,,True,False,1.0,-1.0,-1.0
2024-01-15,2024-01-19,Australian Open,R32,Hard,5,Sebastian Baez,Jannik Sinner,player2,top_10,0.12455194222295485,17.0,17.61,B365W/B365L,AvgW/AvgL,200.0,16.68,-0.03463940942646215,0.05712701053799223,1.0296973158195317,0.06742493168496261,1.1173830177902324,1.0775263962788868,0.01745910965297238,,True,False,1.0,-1.0,-1.0
2024-01-15,2024-01-20,Australian Open,R32,Hard,5,Hubert Hurkacz,Ugo Humbert,player1,top_10,0.6600514371747582,1.57,1.62,B365W/B365L,AvgW/AvgL,200.0,1.5586000000000002,-0.030864197530864224,0.6025316455696202,1.0571107423861263,0.05751979160513798,0.03628075636437045,0.028756169980578283,0.01591261244051335,,True,True,1.0,0.5700000000000001,0.5586000000000002
2024-01-15,2024-01-20,Australian Open,R32,Hard,5,Felix Auger Aliassime,Daniil Medvedev,player1,top_10,0.26911657511637943,5.0,4.65,B365W/B365L,AvgW/AvgL,200.0,4.92,0.07526881720430101,0.18962722852512157,1.0547008547008547,0.07948934659125786,0.34558287558189715,0.3240535495725868,0.021598929723868572,,True,False,1.0,-1.0,-1.0
2024-01-15,2024-01-20,Australian Open,R32,Hard,5,Alex Michelsen,Alexander Zverev,player1,top_10,0.25889027032914946,5.0,5.07,B365W/B365L,AvgW/AvgL,200.0,4.92,-0.013806706114398493,0.18962722852512157,1.0547008547008547,0.0692630418040279,0.2944513516457473,0.27374013001941544,0.018403209477859207,,True,False,1.0,-1.0,-1.0
2024-01-15,2024-01-21,Australian Open,R16,Hard,5,Karen Khachanov,Jannik Sinner,player2,top_10,0.16799849971894087,8.0,7.22,B365W/B365L,AvgW/AvgL,200.0,7.859999999999999,0.10803324099723,0.11894273127753305,1.0509259259259258,0.04905576844140783,0.3439879977515271,0.32046820779087526,0.01228528563398311,,True,False,1.0,-1.0,-1.0
2024-01-15,2024-01-22,Australian Open,R16,Hard,5,Cameron Norrie,Alexander Zverev,player1,top_10,0.26327510727855113,4.0,4.03,B365W/B365L,AvgW/AvgL,200.0,3.94,-0.007444168734491385,0.23809523809523808,1.05,0.025179869183313053,0.05310042911420454,0.037303922677491386,0.004425035759517045,,True,False,1.0,-1.0,-1.0
2024-01-15,2024-01-22,Australian Open,R16,Hard,5,Miomir Kecmanovic,Carlos Alcaraz,player1,top_10,0.09577046813053047,11.0,10.79,B365W/B365L,AvgW/AvgL,200.0,10.8,0.019462465245597915,0.08713692946058092,1.0432900432900432,0.00863353866994955,0.0534751494358352,0.03432105580972922,0.00133687873589588,,True,False,1.0,-1.0,-1.0
2024-01-15,2024-01-23,Australian Open,QF,Hard,5,Andrey Rublev,Jannik Sinner,player2,top_10,0.24580264795019235,4.5,4.42,B365W/B365L,AvgW/AvgL,200.0,4.43,0.018099547511312153,0.21052631578947367,1.0555555555555556,0.03527633216071868,0.10611191577586554,0.08890573041935201,0.0075794225554189675,,True,False,1.0,-1.0,-1.0
2024-01-15,2024-01-24,Australian Open,QF,Hard,5,Hubert Hurkacz,Daniil Medvedev,player2,top_10,0.39995760614013054,3.0,3.0,B365W/B365L,AvgW/AvgL,200.0,2.96,0.0,0.3181818181818181,1.0476190476190477,0.08177578795831242,0.19987281842039162,0.1838745141747864,0.024984102302548952,,True,False,1.0,-1.0,-1.0
2024-01-15,2024-01-26,Australian Open,SF,Hard,5,Novak Djokovic,Jannik Sinner,player2,top_10,0.7295010588918192,1.5,1.5,B365W/B365L,AvgW/AvgL,200.0,1.49,0.0,0.6368038740920097,1.046894803548796,0.09269718479980948,0.09425158833772873,0.08695657774881055,0.047125794168864366,,True,False,1.0,-1.0,-1.0
2024-01-15,2024-01-26,Australian Open,SF,Hard,5,Alexander Zverev,Daniil Medvedev,player2,top_10,0.532365776322546,2.1,2.16,B365W/B365L,AvgW/AvgL,200.0,2.0780000000000003,-0.02777777777777779,0.4516971279373368,1.054225158271401,0.08066864838520921,0.11796813027734665,0.10625608319825075,0.026810938699396963,,True,False,1.0,-1.0,-1.0
2024-01-29,2024-02-02,Montpellier,QF,Hard,3,Michael Mmoh,Holger Rune,player2,top_10,0.25410914561109543,4.5,4.38,B365W/B365L,AvgW/AvgL,200.0,4.43,0.027397260273972712,0.21052631578947367,1.0555555555555556,0.04358282982162176,0.1434911552499295,0.12570351505715271,0.010249368232137821,,True,False,1.0,-1.0,-1.0
2024-02-05,2024-02-06,Cordoba,R32,Clay,3,Bernabe Zapata Miralles,Cristian Garin,player2,other,0.5959991080764364,2.2,2.14,B365W/B365L,AvgW/AvgL,200.0,2.176,0.028037383177570208,0.43152454780361754,1.0533478497550355,0.16447456027281887,0.31119803776816024,0.29689405917432576,0.06483292453503338,,True,True,1.0,1.2000000000000002,1.1760000000000002
2024-02-05,2024-02-07,Marseille,R16,Hard,3,Hugo Gaston,Ugo Humbert,player2,other,0.24438802665927362,4.33,4.14,B365W/B365L,AvgW/AvgL,200.0,4.2634,0.04589371980676349,0.2198198198198198,1.0506190133646311,0.02456820683945382,0.05820015543465473,0.041923912859147094,0.004369381038637743,,True,False,1.0,-1.0,-1.0
2024-02-05,2024-02-08,Marseille,R16,Hard,3,Alexander Shevchenko,Hubert Hurkacz,player1,top_10,0.28198906986499755,4.0,3.7,B365W/B365L,AvgW/AvgL,200.0,3.94,0.08108108108108092,0.23809523809523808,1.05,0.04389383176975947,0.12795627945999022,0.11103693526809044,0.010663023288332518,,True,False,1.0,-1.0,-1.0
2024-02-05,2024-02-09,Cordoba,R16,Clay,3,Hugo Dellien,Sebastian Baez,player2,other,0.22566913778338338,5.0,4.73,B365W/B365L,AvgW/AvgL,200.0,4.92,0.05708245243128962,0.18962722852512157,1.0547008547008547,0.03604190925826181,0.1283456889169169,0.11029215789424618,0.008021605557307306,,True,False,1.0,-1.0,-1.0
2024-02-05,2024-02-10,Cordoba,SF,Clay,3,Facundo Bagnis,Federico Coria,player2,other,0.4473543645672864,2.38,2.25,B365W/B365L,AvgW/AvgL,200.0,2.3524,0.057777777777777706,0.39746835443037976,1.0571107423861263,0.04988601013690663,0.06470338767014161,0.05235640720808443,0.011721628201112612,,True,True,1.0,1.38,1.3523999999999998
2024-02-12,2024-02-13,Rotterdam,R32,Hard,3,Hubert Hurkacz,Jiri Lehecka,player2,top_10,0.7817554863342027,1.36,1.34,B365W/B365L,AvgW/AvgL,200.0,1.3528000000000002,0.014925373134328401,0.7017543859649122,1.0477941176470589,0.08000110036929042,0.0631874614145157,0.057558821912909564,0.043880181537858116,,True,True,1.0,0.3600000000000001,0.3528000000000002
2024-02-12,2024-02-13,Buenos Aires,R32,Clay,3,Daniel Elahi Galan,Diego Schwartzman,player2,other,0.6902649244445427,2.0,1.91,B365W/B365L,AvgW/AvgL,200.0,1.98,0.04712041884816753,0.47368421052631576,1.0555555555555556,0.21658071391822692,0.38052984888908536,0.36672455040019447,0.09513246222227134,,True,True,1.0,1.0,0.98
2024-02-12,2024-02-14,Rotterdam,R32,Hard,3,Holger Rune,Roman Safiullin,player2,top_10,0.6538312713097283,1.8,1.78,B365W/B365L,AvgW/AvgL,200.0,1.784,0.011235955056179803,0.5263157894736842,1.0555555555555556,0.1275154818360441,0.17689628835751092,0.16643498801655532,0.05528009011172216,,True,True,1.0,0.8,0.784
2024-02-12,2024-02-14,Rotterdam,R32,Hard,3,Botic Van De Zandschulp,Jannik Sinner,player1,top_10,0.17986998496286424,7.0,6.84,B365W/B365L,AvgW/AvgL,200.0,6.88,0.023391812865497075,0.13580246913580246,1.051948051948052,0.04406751582706178,0.25908989474004973,0.23750549654450603,0.010795412280835406,,True,False,1.0,-1.0,-1.0
2024-02-12,2024-02-14,Rotterdam,R16,Hard,3,Felix Auger Aliassime,Andrey Rublev,player1,top_10,0.38085504828695443,2.75,2.73,B365W/B365L,AvgW/AvgL,200.0,2.715,0.0073260073260073,0.3436754176610979,1.058080808080808,0.03717963062585655,0.04735138278912465,0.03402145609908114,0.006764483255589236,,True,False,1.0,-1.0,-1.0
2024-02-12,2024-02-15,Rotterdam,R16,Hard,3,Alexander Shevchenko,Holger Rune,player1,top_10,0.35820343281646316,3.4,3.27,B365W/B365L,AvgW/AvgL,200.0,3.352,0.039755351681957096,0.28118393234672306,1.0459973463069439,0.0770195004697401,0.21789167157597478,0.20069790680078448,0.022697049122497374,,True,True,1.0,2.4,2.352
2024-02-12,2024-02-15,Rotterdam,R16,Hard,3,Gael Monfils,Jannik Sinner,player1,top_10,0.13181590525757012,9.0,7.88,B365W/B365L,AvgW/AvgL,200.0,8.84,0.14213197969543145,0.10625620655412116,1.0456905503634475,0.025559698703448958,0.18634314731813106,0.16525260247691975,0.005823223353691596,,True,False,1.0,-1.0,-1.0
2024-02-12,2024-02-16,Rotterdam,QF,Hard,3,Milos Raonic,Jannik Sinner,player2,top_10,0.32463510863526346,7.0,6.74,B365W/B365L,AvgW/AvgL,200.0,6.88,0.03857566765578624,0.13580246913580246,1.051948051948052,0.188832639499461,1.2724457604468442,1.2334895474106125,0.05301857335195184,,True,False,1.0,-1.0,-1.0
2024-02-12,2024-02-18,Rotterdam,F,Hard,3,Jannik Sinner,Alex De Minaur,player1,top_10,0.868172737444641,1.22,1.24,B365W/B365L,AvgW/AvgL,200.0,1.2156,-0.016129032258064502,0.7801801801801801,1.0506190133646311,0.08799255726446087,0.05917073968246195,0.05535077963770557,0.06723947691188858,,True,True,1.0,0.21999999999999997,0.2156
2024-02-12,2024-02-18,Delray Beach,SF,Hard,3,Taylor Fritz,Marcos Giron,player1,top_10,0.8225856569754284,1.36,1.38,B365W/B365L,AvgW/AvgL,200.0,1.3528000000000002,-0.014492753623188248,0.7017543859649122,1.0477941176470589,0.12083127101051616,0.1187164934865827,0.11279387675635971,0.08244200936568241,,True,True,1.0,0.3600000000000001,0.3528000000000002
2024-02-19,2024-02-21,Los Cabos,R16,Hard,3,Alex Michelsen,Alex De Minaur,player2,top_10,0.2734569854419324,4.33,3.87,B365W/B365L,AvgW/AvgL,200.0,4.2634,0.1188630490956073,0.2198198198198198,1.0506190133646311,0.053637165622112626,0.18406874696356745,0.16585651173313465,0.013818974997264824,,True,True,1.0,3.33,3.2634
2024-02-19,2024-02-23,Los Cabos,QF,Hard,3,Thanasi Kokkinakis,Alexander Zverev,player1,top_10,0.21708323201233728,5.0,5.11,B365W/B365L,AvgW/AvgL,200.0,4.92,-0.021526418786692814,0.18962722852512157,1.0547008547008547,0.02745600348721572,0.0854161600616864,0.06804950150069944,0.0053385100038554,,True,False,1.0,-1.0,-1.0
2024-02-19,2024-02-25,Los Cabos,F,Hard,3,Jordan Thompson,Casper Ruud,player1,other,0.29455368168744245,3.5,3.26,B365W/B365L,AvgW/AvgL,200.0,3.45,0.07361963190184051,0.27083333333333337,1.0549450549450547,0.023720348354109078,0.030937885906048623,0.01621020182167654,0.0030937885906048624,,True,True,1.0,2.5,2.45
2024-02-26,2024-02-27,Dubai,R32,Hard,3,Daniil Medvedev,Alexander Shevchenko,player1,top_10,0.9482041915269758,1.1,1.11,B365W/B365L,AvgW/AvgL,200.0,1.098,-0.009009009009009028,0.8641975308641975,1.051948051948052,0.08400666066277829,0.04302461067967343,0.04112820229661948,0.1075615266991835,,True,True,1.0,0.10000000000000009,0.09800000000000009
2024-02-26,2024-02-28,Dubai,R16,Hard,3,Lorenzo Sonego,Daniil Medvedev,player1,top_10,0.19322731240136054,7.0,6.59,B365W/B365L,AvgW/AvgL,200.0,6.88,0.06221547799696503,0.13580246913580246,1.051948051948052,0.05742484326555808,0.3525911868095237,0.32940390932136054,0.014691299450396822,,True,False,1.0,-1.0,-1.0
2024-02-26,2024-02-28,Acapulco,R32,Hard,3,Michael Mmoh,Holger Rune,player2,top_10,0.3666496593973503,3.4,3.38,B365W/B365L,AvgW/AvgL,200.0,3.352,0.00591715976331364,0.28118393234672306,1.0459973463069439,0.08546572705062722,0.24660884195099098,0.22900965829991804,0.025688421036561562,,True,False,1.0,-1.0,-1.0
2024-02-26,2024-02-29,Acapulco,R16,Hard,3,Aleksandar Kovacevic,Holger Rune,player1,top_10,0.27259724384431,5.0,4.48,B365W/B365L,AvgW/AvgL,200.0,4.92,0.11607142857142838,0.18962722852512157,1.0547008547008547,0.08297001531918843,0.36298621922155005,0.3411784397140052,0.02268663870134688,,True,False,1.0,-1.0,-1.0
2024-02-26,2024-03-01,Dubai,SF,Hard,3,Andrey Rublev,Alexander Bublik,player2,top_10,0.8115333803875246,1.29,1.28,B365W/B365L,AvgW/AvgL,200.0,1.2842,0.0078125,0.744047619047619,1.041860465116279,0.06748576133990569,0.046878060699906826,0.04217116709365917,0.04041212129302312,,True,False,1.0,-1.0,-1.0
2024-02-26,2024-03-03,Acapulco,F,Hard,3,Casper Ruud,Alex De Minaur,player2,top_10,0.4481140953569356,2.38,2.4,B365W/B365L,AvgW/AvgL,200.0,2.3524,-0.008333333333333304,0.39746835443037976,1.0571107423861263,0.05064574092655583,0.06651154694950667,0.05414359791765522,0.012049193287954108,,True,False,1.0,-1.0,-1.0
2024-03-04,2024-03-07,Indian Wells Masters,R128,Hard,4,Jaume Munar,Alex Michelsen,player1,other,0.3307929446163864,3.2,2.98,B365W/B365L,AvgW/AvgL,200.0,3.156,0.0738255033557047,0.2982456140350877,1.0477941176470589,0.03254733058129872,0.058537422772436565,0.043982533209315555,0.006651979860504155,,True,False,1.0,-1.0,-1.0
2024-03-04,2024-03-08,Indian Wells Masters,R64,Hard,4,Constant Lestienne,Felix Auger Aliassime,player1,other,0.2910268991505612,4.0,4.08,B365W/B365L,AvgW/AvgL,200.0,3.94,-0.019607843137254943,0.23809523809523808,1.05,0.0529316610553231,0.16410759660224472,0.14664598265321094,0.01367563305018706,,True,False,1.0,-1.0,-1.0
2024-03-04,2024-03-08,Indian Wells Masters,R64,Hard,4,Taro Daniel,Alex De Minaur,player2,top_10,0.11603215145655565,9.0,8.44,B365W/B365L,AvgW/AvgL,200.0,8.84,0.06635071090047395,0.10625620655412116,1.0456905503634475,0.009775944902434497,0.04428936310900089,0.025724218875952,0.0013840425971562778,,True,False,1.0,-1.0,-1.0
2024-03-04,2024-03-08,Indian Wells Masters,R64,Hard,4,Thanasi Kokkinakis,Jannik Sinner,player2,top_10,0.1688934547067712,8.0,9.1,B365W/B365L,AvgW/AvgL,200.0,7.859999999999999,-0.1208791208791209,0.11894273127753305,1.0509259259259258,0.04995072342923815,0.3511476376541697,0.32750255399522155,0.012540987059077488,,True,False,1.0,-1.0,-1.0
2024-03-04,2024-03-08,Indian Wells Masters,R64,Hard,4,Lucas Pouille,Stefanos Tsitsipas,player2,other,0.19269780409494075,5.5,5.44,B365W/B365L,AvgW/AvgL,200.0,5.41,0.011029411764705843,0.1716867469879518,1.0590111642743223,0.021011057106988945,0.059837922522174125,0.04249512015362944,0.0033243290290096736,,True,False,1.0,-1.0,-1.0
2024-03-04,2024-03-09,Indian Wells Masters,R64,Hard,4,Alejandro Tabilo,Taylor Fritz,player1,other,0.2085678421447897,5.0,4.94,B365W/B365L,AvgW/AvgL,200.0,4.92,0.012145748987854255,0.18962722852512157,1.0547008547008547,0.018940613619668145,0.042839210723948584,0.0261537833523654,0.0026774506702467865,,True,False,1.0,-1.0,-1.0
2024-03-04,2024-03-09,Indian Wells Masters,R64,Hard,4,Alexandre Muller,Grigor Dimitrov,player2,other,0.21586661639176075,5.5,5.21,B365W/B365L,AvgW/AvgL,200.0,5.41,0.05566218809980805,0.1716867469879518,1.0590111642743223,0.04417986940380894,0.18726639015468416,0.16783839467942563,0.010403688341926898,,True,False,1.0,-1.0,-1.0
2024-03-04,2024-03-09,Indian Wells Masters,R64,Hard,4,Aleksandar Vukic,Novak Djokovic,player2,top_10,0.10809889148549379,21.0,16.81,B365W/B365L,AvgW/AvgL,200.0,20.6,0.24925639500297447,0.04632152588555859,1.0280112044817926,0.0617773655999352,1.2700767211953696,1.2268371646011724,0.01587595901494212,,True,False,1.0,-1.0,-1.0
2024-03-04,2024-03-10,Indian Wells Masters,R64,Hard,4,Hubert Hurkacz,Gael Monfils,player2,top_10,0.7202438914070972,1.5,1.51,B365W/B365L,AvgW/AvgL,200.0,1.49,-0.0066225165562914245,0.6368038740920097,1.046894803548796,0.08344001731508754,0.08036583711064582,0.07316339819657486,0.04018291855532291,,True,False,1.0,-1.0,-1.0
2024-03-04,2024-03-10,Indian Wells Masters,R64,Hard,4,Lukas Klein,Casper Ruud,player1,top_10,0.24065662445558608,4.5,4.28,B365W/B365L,AvgW/AvgL,200.0,4.43,0.051401869158878455,0.21052631578947367,1.0555555555555556,0.03013030866611241,0.08295481005013738,0.06610884633824632,0.005925343575009813,,True,False,1.0,-1.0,-1.0
2024-03-04,2024-03-10,Indian Wells Masters,R32,Hard,4,Felix Auger Aliassime,Carlos Alcaraz,player1,top_10,0.23583395842706584,4.5,4.6,B365W/B365L,AvgW/AvgL,200.0,4.43,-0.021739130434782483,0.21052631578947367,1.0555555555555556,0.025307642637592165,0.061252812921796296,0.044744435831901685,0.0043752009229854495,,True,False,1.0,-1.0,-1.0
2024-03-04,2024-03-10,Indian Wells Masters,R32,Hard,4,Alex De Minaur,Alexander Bublik,player1,top_10,0.8889385827109073,1.25,1.25,B365W/B365L,AvgW/AvgL,200.0,1.245,0.0,0.7619047619047619,1.05,0.12703382080614545,0.11117322838863414,0.10672853547507968,0.11117322838863414,,True,True,1.0,0.25,0.2450000000000001
2024-03-04,2024-03-10,Indian Wells Masters,R32,Hard,4,Jan Lennard Struff,Jannik Sinner,player2,top_10,0.15643232539793517,10.0,10.07,B365W/B365L,AvgW/AvgL,200.0,9.82,-0.006951340615690249,0.09584086799276674,1.0433962264150942,0.06059145740516843,0.5643232539793517,0.5361654354077234,0.01567564594387088,,True,False,1.0,-1.0,-1.0
2024-03-04,2024-03-10,Indian Wells Masters,R32,Hard,4,Andrey Rublev,Jiri Lehecka,player1,top_10,0.8572708450496502,1.25,1.27,B365W/B365L,AvgW/AvgL,200.0,1.245,-0.015748031496062964,0.7619047619047619,1.05,0.09536608314488837,0.07158855631206279,0.06730220208681462,0.07158855631206279,,True,False,1.0,-1.0,-1.0
2024-03-04,2024-03-11,Indian Wells Masters,R32,Hard,4,Tallon Griekspoor,Alexander Zverev,player1,top_10,0.3358573116366263,3.75,3.54,B365W/B365L,AvgW/AvgL,200.0,3.695,0.05932203389830515,0.25595238095238093,1.041860465116279,0.07990493068424537,0.25946491863734866,0.24099276649733414,0.023587719876122605,,True,False,1.0,-1.0,-1.0
2024-03-04,2024-03-11,Indian Wells Masters,R32,Hard,4,Arthur Fils,Casper Ruud,player1,top_10,0.37235851097024714,3.0,2.88,B365W/B365L,AvgW/AvgL,200.0,2.96,0.04166666666666674,0.3181818181818181,1.0476190476190477,0.054176692788429015,0.11707553291074146,0.10218119247193158,0.014634441613842683,,True,False,1.0,-1.0,-1.0
2024-03-04,2024-03-12,Indian Wells Masters,R32,Hard,4,Luca Nardi,Novak Djokovic,player2,top_10,0.09242087226196449,17.0,14.6,B365W/B365L,AvgW/AvgL,200.0,16.68,0.1643835616438356,0.05712701053799223,1.0296973158195317,0.03529386172397226,0.5711548284533964,0.5415801493295677,0.008924294194584318,,True,True,1.0,16.0,15.68
2024-03-04,2024-03-14,Indian Wells Masters,QF,Hard,4,Tommy Paul,Casper Ruud,player1,top_10,0.5150252888758104,2.0,1.97,B365W/B365L,AvgW/AvgL,200.0,1.98,0.015228426395939021,0.47368421052631576,1.0555555555555556,0.041341078349494687,0.0300505777516209,0.01975007197410472,0.007512644437905225,,True,True,1.0,1.0,0.98
2024-03-04,2024-03-15,Indian Wells Masters,QF,Hard,4,Holger Rune,Daniil Medvedev,player1,top_10,0.400316838001405,2.75,2.86,B365W/B365L,AvgW/AvgL,200.0,2.715,-0.038461538461538436,0.3436754176610979,1.058080808080808,0.056641420340307114,0.10087130450386383,0.08686021517381459,0.014410186357694834,,True,False,1.0,-1.0,-1.0
2024-03-04,2024-03-16,Indian Wells Masters,SF,Hard,4,Carlos Alcaraz,Jannik Sinner,player1,top_10,0.5349694096287365,2.1,2.06,B365W/B365L,AvgW/AvgL,200.0,2.0780000000000003,0.01941747572815533,0.4516971279373368,1.054225158271401,0.08327228169139972,0.12343576022034675,0.11166643320851466,0.02805358186826062,,True,True,1.0,1.1,1.0780000000000003
2024-03-04,2024-03-17,Indian Wells Masters,SF,Hard,4,Tommy Paul,Daniil Medvedev,player1,top_10,0.4452892444802799,3.4,3.23,B365W/B365L,AvgW/AvgL,200.0,3.352,0.05263157894736836,0.28118393234672306,1.0459973463069439,0.16410531213355684,0.5139834312329516,0.4926095474978982,0.05353994075343246,,True,False,1.0,-1.0,-1.0
2024-03-18,2024-03-21,Miami Masters,R128,Hard,4,Emilio Nava,Roberto Bautista Agut,player2,other,0.5326777930715133,2.1,2.14,B365W/B365L,AvgW/AvgL,200.0,2.0780000000000003,-0.01869158878504673,0.4516971279373368,1.054225158271401,0.08098066513417651,0.11862336545017804,0.10690445400260484,0.026959855784131372,,True,False,1.0,-1.0,-1.0
2024-03-18,2024-03-23,Miami Masters,R64,Hard,4,Flavio Cobolli,Cameron Norrie,player1,other,0.30070250878966653,3.75,3.57,B365W/B365L,AvgW/AvgL,200.0,3.695,0.050420168067226934,0.25595238095238093,1.041860465116279,0.0447501278372856,0.12763440796124947,0.11109576997781778,0.011603127996477225,,True,False,1.0,-1.0,-1.0
2024-03-18,2024-03-23,Miami Masters,R64,Hard,4,Luca Van Assche,Casper Ruud,player1,top_10,0.25767178878317676,4.33,4.36,B365W/B365L,AvgW/AvgL,200.0,4.2634,-0.006880733944954143,0.2198198198198198,1.0506190133646311,0.03785196896335696,0.1157188454311554,0.09855790429819578,0.008687601008345,,True,False,1.0,-1.0,-1.0
2024-03-18,2024-03-24,Miami Masters,R32,Hard,4,Alejandro Davidovich Fokina,Casper Ruud,player2,top_10,0.4029271561455563,2.63,2.56,B365W/B365L,AvgW/AvgL,200.0,2.5974,0.02734375,0.36319612590799033,1.046894803548796,0.03973103023756597,0.059698420662813056,0.046562995372467886,0.009156199488161511,,True,False,1.0,-1.0,-1.0
2024-03-18,2024-03-25,Miami Masters,R32,Hard,4,Dominik Koepfer,Ugo Humbert,player1,other,0.30476293386554637,3.4,3.38,B365W/B365L,AvgW/AvgL,200.0,3.352,0.00591715976331364,0.28118393234672306,1.0459973463069439,0.023579001518823306,0.036193975142857715,0.021565354317311436,0.003770205744047679,,True,True,1.0,2.4,2.352
2024-03-18,2024-03-25,Miami Masters,R32,Hard,4,Alex De Minaur,Jan Lennard Struff,player1,top_10,0.8716671768734928,1.2,1.2,B365W/B365L,AvgW/AvgL,200.0,1.196,0.0,0.7894736842105263,1.0555555555555556,0.0821934926629665,0.04600061224819135,0.042513943540697374,0.057500765310239205,,True,True,1.0,0.19999999999999996,0.19599999999999995
2024-03-18,2024-03-25,Miami Masters,R32,Hard,4,Hubert Hurkacz,Sebastian Korda,player2,top_10,0.6911602250156933,1.53,1.55,B365W/B365L,AvgW/AvgL,200.0,1.5194,-0.012903225806451646,0.6203473945409429,1.05359477124183,0.0708128304747504,0.05747514427401074,0.05014884588884444,0.02711091711038242,,True,True,1.0,0.53,0.5194000000000001
2024-03-18,2024-03-25,Miami Masters,R32,Hard,4,Gael Monfils,Carlos Alcaraz,player1,top_10,0.15357135145189316,8.0,7.63,B365W/B365L,AvgW/AvgL,200.0,7.859999999999999,0.04849279161205766,0.11894273127753305,1.0509259259259258,0.03462862017436011,0.22857081161514514,0.20707082241188013,0.00816324327196947,,True,False,1.0,-1.0,-1.0
2024-03-18,2024-03-27,Miami Masters,R16,Hard,4,Fabian Marozsan,Alex De Minaur,player1,top_10,0.39293933922949076,3.4,3.4,B365W/B365L,AvgW/AvgL,200.0,3.352,0.0,0.28118393234672306,1.0459973463069439,0.1117554068827677,0.3359937533802685,0.317132665097253,0.034999349310444634,,True,True,1.0,2.4,2.352
2024-03-18,2024-03-27,Miami Masters,R16,Hard,4,Karen Khachanov,Alexander Zverev,player1,top_10,0.36076070013286987,3.0,2.79,B365W/B365L,AvgW/AvgL,200.0,2.96,0.07526881720430101,0.3181818181818181,1.0476190476190477,0.04257888195105175,0.08228210039860961,0.06785167239329482,0.010285262549826202,,True,False,1.0,-1.0,-1.0
2024-03-18,2024-03-28,Miami Masters,QF,Hard,4,Alexander Zverev,Fabian Marozsan,player1,top_10,0.7994937587153877,1.29,1.26,B365W/B365L,AvgW/AvgL,200.0,1.2842,0.023809523809523725,0.744047619047619,1.041860465116279,0.05544613966776879,0.03134694874285021,0.02670988494230095,0.02702323167487087,,True,True,1.0,0.29000000000000004,0.2842
2024-03-18,2024-03-29,Miami Masters,SF,Hard,4,Daniil Medvedev,Jannik Sinner,player1,top_10,0.5200450138575706,2.63,2.55,B365W/B365L,AvgW/AvgL,200.0,2.5974,0.031372549019607954,0.36319612590799033,1.046894803548796,0.1568488879495803,0.36771838644541066,0.3507649189936539,0.05639852552843722,,True,False,1.0,-1.0,-1.0
2024-03-18,2024-03-31,Miami Masters,F,Hard,4,Grigor Dimitrov,Jannik Sinner,player1,top_10,0.283511780470469,4.33,4.11,B365W/B365L,AvgW/AvgL,200.0,4.2634,0.05352798053527974,0.2198198198198198,1.0506190133646311,0.0636919606506492,0.22760600943713072,0.20872412485779746,0.017087538246030834,,True,False,1.0,-1.0,-1.0
2024-04-01,2024-04-02,Marrakech,R32,Clay,3,Hugo Gaston,Fabio Fognini,player2,other,0.5439121587649502,2.1,2.04,B365W/B365L,AvgW/AvgL,200.0,2.0780000000000003,0.02941176470588247,0.4516971279373368,1.054225158271401,0.09221503082761345,0.1422155334063956,0.1302494659135668,0.03232171213781718,,True,False,1.0,-1.0,-1.0
2024-04-01,2024-04-02,Houston,R32,Clay,3,Michael Mmoh,Juan Pablo Varillas,player1,other,0.43178470696548965,2.5,2.51,B365W/B365L,AvgW/AvgL,200.0,2.4699999999999998,-0.003984063745019806,0.3796526054590571,1.05359477124183,0.05213210150643255,0.07946176741372413,0.06650822620475938,0.013243627902287355,,True,True,1.0,1.5,1.4699999999999998
2024-04-01,2024-04-02,Houston,R32,Clay,3,Daniel Elahi Galan,Benoit Paire,player2,other,0.8293090731884349,1.5,1.47,B365W/B365L,AvgW/AvgL,200.0,1.49,0.020408163265306145,0.6368038740920097,1.046894803548796,0.19250519909642527,0.2439636097826524,0.23567051905076808,0.1219818048913262,,True,True,1.0,0.5,0.49
2024-04-01,2024-04-03,Marrakech,R16,Clay,3,Sumit Nagal,Lorenzo Sonego,player2,other,0.4182461961627356,2.5,2.44,B365W/B365L,AvgW/AvgL,200.0,2.4699999999999998,0.024590163934426146,0.3796526054590571,1.05359477124183,0.038593590703678515,0.04561549040683899,0.033068104521956854,0.007602581734473164,,True,False,1.0,-1.0,-1.0
2024-04-01,2024-04-04,Estoril,R16,Clay,3,Botic Van De Zandschulp,Casper Ruud,player2,top_10,0.2778263649434952,4.5,4.36,B365W/B365L,AvgW/AvgL,200.0,4.43,0.032110091743119185,0.21052631578947367,1.0555555555555556,0.06730004915402155,0.25021864224572854,0.2307707966996837,0.01787276016040918,,True,False,1.0,-1.0,-1.0
2024-04-01,2024-04-06,Estoril,SF,Clay,3,Hubert Hurkacz,Cristian Garin,player2,top_10,0.7102298247697224,1.5,1.47,B365W/B365L,AvgW/AvgL,200.0,1.49,0.020408163265306145,0.6368038740920097,1.046894803548796,0.07342595067771274,0.06534473715458361,0.05824243890688641,0.032672368577291805,,True,True,1.0,0.5,0.49
2024-04-01,2024-04-06,Estoril,SF,Clay,3,Casper Ruud,Pedro Martinez,player1,top_10,0.8857461298524324,1.17,1.16,B365W/B365L,AvgW/AvgL,200.0,1.1665999999999999,0.008620689655172376,0.8103727714748785,1.0547008547008547,0.07537335837755388,0.03632297192734585,0.033311435085847496,0.05341613518727333,,True,False,1.0,-1.0,-1.0
2024-04-08,2024-04-08,Monte Carlo Masters,R64,Clay,4,Arthur Fils,Yannick Hanfmann,player2,other,0.7418233701368585,1.4,1.39,B365W/B365L,AvgW/AvgL,200.0,1.392,0.007194244604316502,0.6818181818181818,1.0476190476190477,0.06000518831867674,0.03855271819160183,0.032618131230507,0.02409544886975115,,True,True,1.0,0.3999999999999999,0.3919999999999999
2024-04-08,2024-04-09,Monte Carlo Masters,R32,Clay,4,Sebastian Ofner,Alexander Zverev,player1,top_10,0.16288605402935868,7.0,7.03,B365W/B365L,AvgW/AvgL,200.0,6.88,-0.004267425320056972,0.13580246913580246,1.051948051948052,0.027083584893556223,0.14020237820551074,0.12065605172198768,0.005841765758562947,,True,False,1.0,-1.0,-1.0
2024-04-08,2024-04-10,Monte Carlo Masters,R32,Clay,4,Sebastian Korda,Jannik Sinner,player2,top_10,0.289383847487384,6.0,5.87,B365W/B365L,AvgW/AvgL,200.0,5.9,0.022146507666098714,0.15848527349228608,1.0516224188790562,0.1308985739950979,0.736303084924304,0.7073647001755656,0.0368151542462152,,True,False,1.0,-1.0,-1.0
2024-04-08,2024-04-10,Monte Carlo Masters,R32,Clay,4,Gael Monfils,Daniil Medvedev,player1,top_10,0.31498876774112217,3.4,3.21,B365W/B365L,AvgW/AvgL,200.0,3.352,0.05919003115264787,0.28118393234672306,1.0459973463069439,0.0338048353943991,0.0709618103198153,0.055842349468241514,0.007391855241647427,,True,False,1.0,-1.0,-1.0
2024-04-08,2024-04-10,Monte Carlo Masters,R32,Clay,4,Casper Ruud,Alejandro Tabilo,player2,top_10,0.8636471640051433,1.25,1.25,B365W/B365L,AvgW/AvgL,200.0,1.245,0.0,0.7619047619047619,1.05,0.10174240210038143,0.07955895500642912,0.07524071918640349,0.07955895500642912,,True,True,1.0,0.25,0.2450000000000001
2024-04-08,2024-04-11,Monte Carlo Masters,R32,Clay,4,Grigor Dimitrov,Miomir Kecmanovic,player2,top_10,0.8053909533215131,1.33,1.3,B365W/B365L,AvgW/AvgL,200.0,1.3234000000000001,0.023076923076922995,0.7188160676532769,1.0459973463069439,0.08657488566823623,0.07116996791761249,0.06585438762569057,0.05391664236182763,,True,True,1.0,0.33000000000000007,0.32340000000000013
2024-04-08,2024-04-11,Monte Carlo Masters,R16,Clay,4,Karen Khachanov,Daniil Medvedev,player2,top_10,0.3586661098879512,3.0,2.93,B365W/B365L,AvgW/AvgL,200.0,2.96,0.023890784982935065,0.3181818181818181,1.0476190476190477,0.0404842917061331,0.07599832966385367,0.06165168526833564,0.009499791207981709,,True,True,1.0,2.0,1.96
2024-04-08,2024-04-12,Monte Carlo Masters,QF,Clay,4,Casper Ruud,Ugo Humbert,player2,top_10,0.8173288995540549,1.3,1.31,B365W/B365L,AvgW/AvgL,200.0,1.294,-0.007633587786259555,0.7291666666666667,1.0549450549450547,0.08816223288738811,0.06252756942027135,0.057623596022947005,0.052106307850226116,,True,True,1.0,0.30000000000000004,0.29400000000000004
2024-04-08,2024-04-12,Monte Carlo Masters,QF,Clay,4,Alex De Minaur,Novak Djokovic,player2,top_10,0.29238673232506673,4.33,4.04,B365W/B365L,AvgW/AvgL,200.0,4.2634,0.07178217821782185,0.2198198198198198,1.0506190133646311,0.07256691250524694,0.26603455096753903,0.24656159459468951,0.01997256388645188,,True,False,1.0,-1.0,-1.0
2024-04-08,2024-04-13,Monte Carlo Masters,SF,Clay,4,Stefanos Tsitsipas,Jannik Sinner,player1,top_10,0.34286229008459823,3.75,3.62,B365W/B365L,AvgW/AvgL,200.0,3.695,0.035911602209944826,0.25595238095238093,1.041860465116279,0.0869099091322173,0.28573358781724334,0.26687616186259044,0.025975780710658484,,True,True,1.0,2.75,2.695
2024-04-08,2024-04-13,Monte Carlo Masters,SF,Clay,4,Casper Ruud,Novak Djokovic,player2,top_10,0.3812448371722218,3.0,2.9,B365W/B365L,AvgW/AvgL,200.0,2.96,0.034482758620689724,0.3181818181818181,1.0476190476190477,0.06306301899040367,0.1437345115166654,0.12848471802977646,0.017966813939583173,,True,True,1.0,2.0,1.96
2024-04-15,2024-04-16,Barcelona,R64,Clay,3,Flavio Cobolli,Rafael Nadal,player2,other,0.24044633334603227,4.33,4.19,B365W/B365L,AvgW/AvgL,200.0,4.2634,0.03341288782816232,0.2198198198198198,1.0506190133646311,0.020626513526212475,0.0411326233883198,0.025118897587473987,0.003088034788912898,,True,False,1.0,-1.0,-1.0
2024-04-15,2024-04-17,Barcelona,R32,Clay,3,Tomas Machac,Alejandro Davidovich Fokina,player1,other,0.4816561729802322,2.2,2.15,B365W/B365L,AvgW/AvgL,200.0,2.176,0.023255813953488413,0.43152454780361754,1.0533478497550355,0.05013162517661468,0.05964358055651098,0.04808383240498537,0.012425745949273119,,True,False,1.0,-1.0,-1.0
2024-04-15,2024-04-17,Barcelona,R32,Clay,3,Alex De Minaur,Rafael Nadal,player1,other,0.5207870286013437,2.0,2.01,B365W/B365L,AvgW/AvgL,200.0,1.98,-0.004975124378109319,0.47368421052631576,1.0555555555555556,0.047102818075027975,0.041574057202687476,0.0311583166306606,0.010393514300671869,,True,True,1.0,1.0,0.98
2024-04-15,2024-04-17,Barcelona,R32,Clay,3,Roberto Carballes Baena,Lorenzo Musetti,player1,other,0.3317967031307501,3.2,3.15,B365W/B365L,AvgW/AvgL,200.0,3.156,0.01587301587301604,0.2982456140350877,1.0477941176470589,0.0335510890956624,0.061749450018400376,0.047150395080647334,0.007016982956636406,,True,True,1.0,2.2,2.156
2024-04-15,2024-04-18,Barcelona,R16,Clay,3,Arthur Fils,Alex De Minaur,player2,other,0.2747932997884892,3.75,3.58,B365W/B365L,AvgW/AvgL,200.0,3.695,0.04748603351955305,0.25595238095238093,1.041860465116279,0.018840918836108278,0.03047487420683459,0.015361242718467616,0.0027704431097122354,,True,True,1.0,2.75,2.695
2024-04-15,2024-04-18,Barcelona,R16,Clay,3,Roberto Carballes Baena,Stefanos Tsitsipas,player1,top_10,0.2015057040976283,5.5,5.42,B365W/B365L,AvgW/AvgL,200.0,5.41,0.014760147601476037,0.1716867469879518,1.0590111642743223,0.029818957109676497,0.10828137253695558,0.09014585916816908,0.006015631807608644,,True,False,1.0,-1.0,-1.0
2024-04-15,2024-04-19,Barcelona,QF,Clay,3,Casper Ruud,Matteo Arnaldi,player1,top_10,0.893729591431857,1.29,1.27,B365W/B365L,AvgW/AvgL,200.0,1.2842,0.015748031496062964,0.744047619047619,1.041860465116279,0.14968197238423808,0.1529111729470956,0.14772754131679083,0.13181997667853068,,True,True,1.0,0.29000000000000004,0.2842
2024-04-15,2024-04-19,Barcelona,QF,Clay,3,Arthur Fils,Dusan Lajovic,player2,other,0.6906039697717304,1.57,1.62,B365W/B365L,AvgW/AvgL,200.0,1.5586000000000002,-0.030864197530864224,0.6025316455696202,1.0571107423861263,0.0880723242021102,0.08424823254161684,0.0763753472862192,0.036950979184919665,,True,False,1.0,-1.0,-1.0
2024-04-15,2024-04-21,Barcelona,F,Clay,3,Stefanos Tsitsipas,Casper Ruud,player1,top_10,0.5646664837517352,2.1,2.07,B365W/B365L,AvgW/AvgL,200.0,2.0780000000000003,0.01449275362318847,0.4516971279373368,1.054225158271401,0.11296935581439843,0.18579961587864402,0.1733769532361059,0.04222718542696455,,True,False,1.0,-1.0,-1.0
2024-04-22,2024-04-25,Madrid Masters,R128,Clay,4,Thiago Monteiro,Dusan Lajovic,player1,other,0.4206983809482035,2.5,2.55,B365W/B365L,AvgW/AvgL,200.0,2.4699999999999998,-0.019607843137254832,0.3796526054590571,1.05359477124183,0.0410457754891464,0.05174595237050872,0.039125000942062504,0.008624325395084786,,True,True,1.0,1.5,1.4699999999999998
2024-04-22,2024-04-26,Madrid Masters,R64,Clay,4,Alexander Zverev,Borna Coric,player1,top_10,0.874599497045372,1.2,1.2,B365W/B365L,AvgW/AvgL,200.0,1.196,0.0,0.7894736842105263,1.0555555555555556,0.08512581283484566,0.049519396454446335,0.04602099846626487,0.06189924556805793,,True,True,1.0,0.19999999999999996,0.19599999999999995
2024-04-22,2024-04-26,Madrid Masters,R64,Clay,4,Jack Draper,Hubert Hurkacz,player1,top_10,0.4755550145649468,2.2,2.2,B365W/B365L,AvgW/AvgL,200.0,2.176,0.0,0.43152454780361754,1.0533478497550355,0.04403046676132927,0.04622103204288297,0.034807711693324306,0.009629381675600618,,True,False,1.0,-1.0,-1.0
2024-04-22,2024-04-27,Madrid Masters,R64,Clay,4,Thiago Monteiro,Stefanos Tsitsipas,player1,top_10,0.1755734985162743,6.0,5.66,B365W/B365L,AvgW/AvgL,200.0,5.9,0.060070671378091856,0.15848527349228608,1.0516224188790562,0.017088225023988213,0.05344099109764566,0.035883641246018394,0.002672049554882283,,True,True,1.0,5.0,4.9
2024-04-22,2024-04-27,Madrid Masters,R64,Clay,4,Max Purcell,Sebastian Korda,player2,other,0.176130460977312,6.0,5.47,B365W/B365L,AvgW/AvgL,200.0,5.9,0.09689213893967108,0.15848527349228608,1.0516224188790562,0.017645187485025915,0.05678276586387199,0.03916971976614081,0.0028391382931935993,,True,False,1.0,-1.0,-1.0
2024-04-22,2024-04-27,Madrid Masters,R64,Clay,4,Casper Ruud,Miomir Kecmanovic,player1,top_10,0.9256139271769939,1.17,1.16,B365W/B365L,AvgW/AvgL,200.0,1.1665999999999999,0.008620689655172376,0.8103727714748785,1.0547008547008547,0.11524115570211535,0.08296829479708276,0.07982120744468091,0.12201219823100411,,True,True,1.0,0.16999999999999993,0.16659999999999986
2024-04-22,2024-04-27,Madrid Masters,R64,Clay,4,Flavio Cobolli,Nicolas Jarry,player2,other,0.4121535471792098,2.5,2.52,B365W/B365L,AvgW/AvgL,200.0,2.4699999999999998,-0.007936507936507908,0.3796526054590571,1.05359477124183,0.03250094172015272,0.0303838679480245,0.018019261532648212,0.0050639779913374166,,True,True,1.0,1.5,1.4699999999999998
2024-04-22,2024-04-27,Madrid Masters,R64,Clay,4,Lorenzo Sonego,Jannik Sinner,player1,top_10,0.15424081838269466,13.0,11.47,B365W/B365L,AvgW/AvgL,200.0,12.76,0.133391455972101,0.07407407407407408,1.0384615384615383,0.08016674430862057,1.0051306389750305,0.9681128425631838,0.020940221645313135,,True,False,1.0,-1.0,-1.0
2024-04-22,2024-04-28,Madrid Masters,R32,Clay,4,Daniel Altmaier,Hubert Hurkacz,player2,top_10,0.331032927145654,3.5,3.46,B365W/B365L,AvgW/AvgL,200.0,3.45,0.011560693641618602,0.27083333333333337,1.0549450549450547,0.06019959381232065,0.15861524500978907,0.1420635986525064,0.015861524500978906,,True,False,1.0,-1.0,-1.0
2024-04-22,2024-04-29,Madrid Masters,R32,Clay,4,Sebastian Korda,Daniil Medvedev,player1,top_10,0.42336945695490985,2.63,2.58,B365W/B365L,AvgW/AvgL,200.0,2.5974,0.019379844961240345,0.36319612590799033,1.046894803548796,0.06017333104691952,0.11346167179141275,0.09965982749468272,0.01740209690052343,,True,False,1.0,-1.0,-1.0
2024-04-22,2024-04-30,Madrid Masters,R16,Clay,4,Carlos Alcaraz,Jan Lennard Struff,player1,top_10,0.9202142791781367,1.17,1.18,B365W/B365L,AvgW/AvgL,200.0,1.1665999999999999,-0.008474576271186418,0.8103727714748785,1.0547008547008547,0.10984150770325818,0.07665070663841986,0.07352197808921415,0.11272162740944101,,True,True,1.0,0.16999999999999993,0.16659999999999986
2024-04-22,2024-04-30,Madrid Masters,R16,Clay,4,Tallon Griekspoor,Andrey Rublev,player2,top_10,0.4292742139629523,2.75,2.75,B365W/B365L,AvgW/AvgL,200.0,2.715,0.0,0.3436754176610979,1.058080808080808,0.08559879630185441,0.18050408839811882,0.16547949090941538,0.025786298342588405,,True,False,1.0,-1.0,-1.0
2024-04-22,2024-04-30,Madrid Masters,R16,Clay,4,Alexander Zverev,Francisco Cerundolo,player1,top_10,0.862002953745836,1.2,1.2,B365W/B365L,AvgW/AvgL,200.0,1.196,0.0,0.7894736842105263,1.0555555555555556,0.07252926953530969,0.034403544495003185,0.030955532680019826,0.04300443061875399,,True,False,1.0,-1.0,-1.0
2024-04-22,2024-04-30,Madrid Masters,R16,Clay,4,Taylor Fritz,Hubert Hurkacz,player2,top_10,0.6363641577795209,1.8,1.84,B365W/B365L,AvgW/AvgL,200.0,1.784,-0.021739130434782594,0.5263157894736842,1.0555555555555556,0.11004836830583675,0.14545548400313768,0.13527365747866538,0.045454838750980525,,True,True,1.0,0.8,0.784
2024-04-22,2024-04-30,Madrid Masters,R16,Clay,4,Jiri Lehecka,Rafael Nadal,player2,other,0.5743474801459241,1.91,1.87,B365W/B365L,AvgW/AvgL,200.0,1.8918,0.021390374331550666,0.5,1.0471204188481675,0.07434748014592407,0.09700368707871498,0.08655056294005914,0.026649364582064558,,True,True,1.0,0.9099999999999999,0.8917999999999999
2024-04-22,2024-04-30,Madrid Masters,R16,Clay,4,Alexander Bublik,Daniil Medvedev,player2,top_10,0.2829183281173401,4.5,4.67,B365W/B365L,AvgW/AvgL,200.0,4.43,-0.03640256959314769,0.21052631578947367,1.0555555555555556,0.0723920123278664,0.2731324765280304,0.2533281935598165,0.019509462609145028,,True,False,1.0,-1.0,-1.0
2024-04-22,2024-05-01,Madrid Masters,QF,Clay,4,Andrey Rublev,Carlos Alcaraz,player1,top_10,0.3015797838209007,4.0,4.13,B365W/B365L,AvgW/AvgL,200.0,3.94,-0.03147699757869249,0.23809523809523808,1.05,0.06348454572566264,0.2063191352836029,0.18822434825434875,0.017193261273633575,,True,True,1.0,3.0,2.94
2024-04-22,2024-05-02,Madrid Masters,QF,Clay,4,Felix Auger Aliassime,Jannik Sinner,player1,top_10,0.4505236642497703,3.4,3.24,B365W/B365L,AvgW/AvgL,200.0,3.352,0.04938271604938271,0.28118393234672306,1.0459973463069439,0.16933973190304724,0.531780458449219,0.51015532256523,0.055393797755126976,,True,True,1.0,2.4,2.352
2024-04-22,2024-05-03,Madrid Masters,SF,Clay,4,Andrey Rublev,Taylor Fritz,player2,top_10,0.6536208558429448,1.62,1.63,B365W/B365L,AvgW/AvgL,200.0,1.6076000000000001,-0.006134969325153228,0.586734693877551,1.0520665593129361,0.06688616196539388,0.05886578646557067,0.05076088785311822,0.02373620421998817,,True,True,1.0,0.6200000000000001,0.6076000000000001
2024-05-06,2024-05-09,Rome Masters,R128,Clay,4,Zizou Bergs,Rafael Nadal,player1,other,0.1895674668114784,5.5,5.6,B365W/B365L,AvgW/AvgL,200.0,5.41,-0.017857142857142794,0.1716867469879518,1.0590111642743223,0.017880719823526597,0.04262106746313121,0.02555999545009824,0.0023678370812850675,,True,False,1.0,-1.0,-1.0
2024-05-06,2024-05-10,Rome Masters,R64,Clay,4,Francesco Passaro,Tallon Griekspoor,player2,other,0.32465348369017577,3.2,3.3,B365W/B365L,AvgW/AvgL,200.0,3.156,-0.030303030303030165,0.2982456140350877,1.0477941176470589,0.026407869655088068,0.03889114780856251,0.02460639452619473,0.004419448614609376,,True,True,1.0,2.2,2.156
2024-05-06,2024-05-10,Rome Masters,R64,Clay,4,Casper Ruud,Miomir Kecmanovic,player1,top_10,0.9058622765177669,1.17,1.18,B365W/B365L,AvgW/AvgL,200.0,1.1665999999999999,-0.008474576271186418,0.8103727714748785,1.0547008547008547,0.09548950504288833,0.05985886352578715,0.05677893178562668,0.08802774047909878,,True,False,1.0,-1.0,-1.0
2024-05-06,2024-05-10,Rome Masters,R64,Clay,4,Alexander Shevchenko,Karen Khachanov,player1,other,0.2763611842627846,3.75,3.41,B365W/B365L,AvgW/AvgL,200.0,3.695,0.0997067448680351,0.25595238095238093,1.041860465116279,0.020408803310403678,0.03635444098544238,0.02115457585098912,0.003304949180494762,,True,False,1.0,-1.0,-1.0
2024-05-06,2024-05-10,Rome Masters,R64,Clay,4,Yannick Hanfmann,Alejandro Tabilo,player2,other,0.4126774630267781,2.5,2.57,B365W/B365L,AvgW/AvgL,200.0,2.4699999999999998,-0.027237354085603016,0.3796526054590571,1.05359477124183,0.033024857567721,0.0316936575669452,0.019313333676141853,0.005282276261157533,,True,False,1.0,-1.0,-1.0
2024-05-06,2024-05-11,Rome Masters,R64,Clay,4,Jack Draper,Daniil Medvedev,player1,top_10,0.5159289867845126,2.2,2.18,B365W/B365L,AvgW/AvgL,200.0,2.176,0.00917431192660545,0.43152454780361754,1.0533478497550355,0.08440443898089506,0.1350437709259278,0.12266147524309945,0.028134118942901618,,True,False,1.0,-1.0,-1.0
2024-05-06,2024-05-11,Rome Masters,R64,Clay,4,Luca Nardi,Holger Rune,player1,other,0.3208258572182981,3.4,3.33,B365W/B365L,AvgW/AvgL,200.0,3.352,0.02102102102102088,0.28118393234672306,1.0459973463069439,0.03964192487157503,0.09080791454221349,0.07540827339573508,0.009459157764813906,,True,False,1.0,-1.0,-1.0
2024-05-06,2024-05-11,Rome Masters,R64,Clay,4,Rafael Nadal,Hubert Hurkacz,player2,top_10,0.8239277664412139,1.62,1.62,B365W/B365L,AvgW/AvgL,200.0,1.6076000000000001,0.0,0.586734693877551,1.0520665593129361,0.23719307256366295,0.3347629816347666,0.3245462773308956,0.13498507323982523,,True,False,1.0,-1.0,-1.0
2024-05-06,2024-05-11,Rome Masters,R64,Clay,4,Andrey Rublev,Marcos Giron,player1,top_10,0.9399081940050548,1.11,1.11,B365W/B365L,AvgW/AvgL,200.0,1.1078000000000001,0.0,0.8541392904073586,1.0547470547470548,0.08576890359769618,0.04329809534561088,0.04123029731879978,0.09840476214911556,,True,True,1.0,0.1100000000000001,0.10780000000000012
2024-05-06,2024-05-11,Rome Masters,R64,Clay,4,Jaume Munar,Cameron Norrie,player1,other,0.4377586875475012,2.38,2.29,B365W/B365L,AvgW/AvgL,200.0,2.3524,0.0393013100436681,0.39746835443037976,1.0571107423861263,0.040290333117121435,0.04186567636305283,0.02978353658674182,0.007584361659973339,,True,False,1.0,-1.0,-1.0
2024-05-06,2024-05-11,Rome Masters,R64,Clay,4,Jan Lennard Struff,Stefanos Tsitsipas,player1,top_10,0.4375655708412932,2.5,2.51,B365W/B365L,AvgW/AvgL,200.0,2.4699999999999998,-0.003984063745019806,0.3796526054590571,1.05359477124183,0.057912965382236115,0.0939139271032331,0.08078695997799412,0.01565232118387218,,True,False,1.0,-1.0,-1.0
2024-05-06,2024-05-13,Rome Masters,R32,Clay,4,Hamad Medjedovic,Daniil Medvedev,player2,top_10,0.694065424378063,3.0,2.95,B365W/B365L,AvgW/AvgL,200.0,2.96,0.016949152542372836,0.3181818181818181,1.0476190476190477,0.37588360619624483,1.0821962731341888,1.0544336561590661,0.1352745341417736,,True,False,1.0,-1.0,-1.0
2024-05-06,2024-05-14,Rome Masters,R16,Clay,4,Hubert Hurkacz,Sebastian Baez,player2,top_10,0.7265106853454446,1.44,1.47,B365W/B365L,AvgW/AvgL,200.0,1.4312,-0.020408163265306145,0.6563245823389022,1.058080808080808,0.07018610300654238,0.04617538689744022,0.03978209286640033,0.026236015282636492,,True,True,1.0,0.43999999999999995,0.4312
2024-05-06,2024-05-17,Rome Masters,SF,Clay,4,Alexander Zverev,Alejandro Tabilo,player1,top_10,0.9543070765121846,1.22,1.27,B365W/B365L,AvgW/AvgL,200.0,1.2156,-0.03937007874015752,0.7801801801801801,1.0506190133646311,0.1741268963320045,0.1642546333448652,0.16005568220821162,0.18665299243734684,,True,True,1.0,0.21999999999999997,0.2156
2024-05-20,2024-05-21,Lyon,R32,Clay,3,Hugo Gaston,Daniel Elahi Galan,player1,other,0.5451138430768476,1.91,1.83,B365W/B365L,AvgW/AvgL,200.0,1.8918,0.043715846994535346,0.5,1.0471204188481675,0.045113843076847626,0.04116744027677893,0.031246368332780272,0.011309736339774433,,True,True,1.0,0.9099999999999999,0.8917999999999999
2024-05-20,2024-05-21,Lyon,R32,Clay,3,Thiago Seyboth Wild,Pedro Martinez,player2,other,0.5422288559036906,1.91,1.85,B365W/B365L,AvgW/AvgL,200.0,1.8918,0.03243243243243232,0.5,1.0471204188481675,0.04222885590369063,0.03565711477604905,0.025788549598601884,0.009795910652760729,,True,True,1.0,0.9099999999999999,0.8917999999999999
2024-05-20,2024-05-22,Geneva,R16,Clay,3,Sebastian Ofner,Casper Ruud,player1,top_10,0.20084757547063364,6.0,6.21,B365W/B365L,AvgW/AvgL,200.0,5.9,-0.033816425120772986,0.15848527349228608,1.0516224188790562,0.04236230197834756,0.20508545282380175,0.18500069527673846,0.010254272641190087,,True,False,1.0,-1.0,-1.0
2024-05-20,2024-05-22,Geneva,R16,Clay,3,Novak Djokovic,Yannick Hanfmann,player1,top_10,0.9718837608525586,1.08,1.09,B365W/B365L,AvgW/AvgL,200.0,1.0784,-0.00917431192660556,0.8810572687224669,1.0509259259259258,0.09082649213009164,0.049634461720763315,0.048079447703399184,0.1551076928773852,,True,True,1.0,0.08000000000000007,0.07840000000000003
2024-05-20,2024-05-22,Lyon,R16,Clay,3,Hugo Gaston,Francisco Cerundolo,player1,other,0.3369231759806736,3.2,3.09,B365W/B365L,AvgW/AvgL,200.0,3.156,0.035598705501618255,0.2982456140350877,1.0477941176470589,0.038677561945585914,0.07815416313815571,0.06332954339500607,0.008881154902063149,,True,True,1.0,2.2,2.156
2024-05-20,2024-05-23,Geneva,QF,Clay,3,Casper Ruud,Sebastian Baez,player1,top_10,0.7767323405036409,1.33,1.3,B365W/B365L,AvgW/AvgL,200.0,1.3234000000000001,0.023076923076922995,0.7188160676532769,1.0459973463069439,0.05791627285036405,0.0330540128698425,0.0279275794225185,0.025040918840789766,,True,True,1.0,0.33000000000000007,0.32340000000000013
2024-05-20,2024-05-23,Geneva,QF,Clay,3,Novak Djokovic,Tallon Griekspoor,player1,top_10,0.9608378848829302,1.14,1.15,B365W/B365L,AvgW/AvgL,200.0,1.1372,-0.008695652173913104,0.8283132530120482,1.0590111642743223,0.13252463187088204,0.09535518876654034,0.09266484268886821,0.17027712279739357,,True,True,1.0,0.1399999999999999,0.1372
2024-05-20,2024-05-25,Geneva,F,Clay,3,Tomas Machac,Casper Ruud,player1,top_10,0.4372619726929063,2.38,2.42,B365W/B365L,AvgW/AvgL,200.0,2.3524,-0.016528925619834767,0.39746835443037976,1.0571107423861263,0.03979361826252653,0.04068349500911694,0.028615064562792725,0.007370198371216838,,True,False,1.0,-1.0,-1.0
2024-05-27,2024-05-27,Roland Garros,R128,Clay,5,Thiago Seyboth Wild,Gael Monfils,player2,other,0.6410671475783599,1.62,1.65,B365W/B365L,AvgW/AvgL,200.0,1.6076000000000001,-0.018181818181818077,0.586734693877551,1.0520665593129361,0.05433245370080897,0.03852877907694313,0.030579546446971473,0.015535798014896421,,True,False,1.0,-1.0,-1.0
2024-05-27,2024-05-27,Roland Garros,R128,Clay,5,Otto Virtanen,Filip Misolic,player1,other,0.3957316395039443,2.63,2.5,B365W/B365L,AvgW/AvgL,200.0,2.5974,0.052000000000000046,0.36319612590799033,1.046894803548796,0.03253551359595397,0.04077421189537345,0.027873360447544848,0.006253713480885498,,True,False,1.0,-1.0,-1.0
2024-05-27,2024-05-27,Roland Garros,R128,Clay,5,Daniel Elahi Galan,Lorenzo Musetti,player1,other,0.17434189940076966,6.0,5.65,B365W/B365L,AvgW/AvgL,200.0,5.9,0.06194690265486713,0.15848527349228608,1.0516224188790562,0.01585662590848358,0.046051396404618083,0.028617206464541134,0.002302569820230904,,True,False,1.0,-1.0,-1.0
2024-05-27,2024-05-27,Roland Garros,R128,Clay,5,Dominik Koepfer,Daniil Medvedev,player1,top_10,0.29898659113134907,4.5,4.66,B365W/B365L,AvgW/AvgL,200.0,4.43,-0.03433476394849788,0.21052631578947367,1.0555555555555556,0.0884602753418754,0.34543966009107085,0.32451059871187626,0.024674261435076488,,True,False,1.0,-1.0,-1.0
2024-05-27,2024-05-27,Roland Garros,R128,Clay,5,Rafael Nadal,Alexander Zverev,player1,top_10,0.36974842774179084,3.5,3.49,B365W/B365L,AvgW/AvgL,200.0,3.45,0.002865329512893977,0.27083333333333337,1.0549450549450547,0.09891509440845747,0.29411949709626795,0.27563207570917847,0.029411949709626795,,True,False,1.0,-1.0,-1.0
2024-05-27,2024-05-27,Roland Garros,R128,Clay,5,Christopher Eubanks,Jannik Sinner,player1,top_10,0.1464002555115438,19.0,17.1,B365W/B365L,AvgW/AvgL,200.0,18.64,0.11111111111111094,0.050949050949050945,1.0330237358101135,0.09545120456249284,1.781604854719332,1.7289007627351762,0.024744511871101833,,True,False,1.0,-1.0,-1.0
2024-05-27,2024-05-28,Roland Garros,R128,Clay,5,Alex Michelsen,Alex De Minaur,player1,other,0.12980717911451217,8.0,7.13,B365W/B365L,AvgW/AvgL,200.0,7.859999999999999,0.12201963534361848,0.11894273127753305,1.0509259259259258,0.010864447836979124,0.03845743291609738,0.020284427840065566,0.0013734797470034779,,True,False,1.0,-1.0,-1.0
2024-05-27,2024-05-29,Roland Garros,R64,Clay,5,Pedro Martinez,Andrey Rublev,player1,top_10,0.18171246009624706,6.0,6.39,B365W/B365L,AvgW/AvgL,200.0,5.9,-0.06103286384976525,0.15848527349228608,1.0516224188790562,0.023227186603960975,0.0902747605774824,0.07210351456785768,0.00451373802887412,,True,False,1.0,-1.0,-1.0
2024-05-27,2024-05-30,Roland Garros,R64,Clay,5,Lorenzo Musetti,Gael Monfils,player2,other,0.7261888544646479,1.44,1.45,B365W/B365L,AvgW/AvgL,200.0,1.4312,-0.006896551724137945,0.6563245823389022,1.058080808080808,0.06986427212574564,0.045711950429092874,0.03932148850980405,0.025972699107439136,,True,True,1.0,0.43999999999999995,0.4312
2024-05-27,2024-05-30,Roland Garros,R64,Clay,5,Fabian Marozsan,Grigor Dimitrov,player1,top_10,0.34478246854867217,3.5,3.31,B365W/B365L,AvgW/AvgL,200.0,3.45,0.05740181268882183,0.27083333333333337,1.0549450549450547,0.0739491352153388,0.20673863992035268,0.18949951649291907,0.020673863992035267,,True,False,1.0,-1.0,-1.0
2024-05-27,2024-05-30,Roland Garros,R64,Clay,5,Miomir Kecmanovic,Daniil Medvedev,player2,top_10,0.2621461048096543,4.0,3.8,B365W/B365L,AvgW/AvgL,200.0,3.94,0.05263157894736836,0.23809523809523808,1.05,0.024050866714416197,0.048584419238617116,0.032855652950037895,0.004048701603218093,,True,False,1.0,-1.0,-1.0
2024-05-27,2024-05-30,Roland Garros,R64,Clay,5,Roberto Carballes Baena,Novak Djokovic,player1,top_10,0.0940470020374411,17.0,13.61,B365W/B365L,AvgW/AvgL,200.0,16.68,0.24908155767817797,0.05712701053799223,1.0296973158195317,0.03691999149944886,0.5987990346364986,0.5687039939845175,0.009356234916195291,,True,False,1.0,-1.0,-1.0
2024-05-27,2024-06-01,Roland Garros,R32,Clay,5,Zizou Bergs,Grigor Dimitrov,player1,top_10,0.24027683397400731,4.5,4.83,B365W/B365L,AvgW/AvgL,200.0,4.43,-0.06832298136645965,0.21052631578947367,1.0555555555555556,0.029750518184533642,0.08124575288303293,0.06442637450485234,0.005803268063073781,,True,False,1.0,-1.0,-1.0
2024-05-27,2024-06-01,Roland Garros,R32,Clay,5,Denis Shapovalov,Hubert Hurkacz,player2,top_10,0.4741790680552962,3.0,2.92,B365W/B365L,AvgW/AvgL,200.0,2.96,0.027397260273972712,0.3181818181818181,1.0476190476190477,0.15599724987347807,0.4225372041658886,0.4035700414436767,0.05281715052073607,,True,False,1.0,-1.0,-1.0
2024-05-27,2024-06-01,Roland Garros,R32,Clay,5,Tomas Machac,Daniil Medvedev,player2,top_10,0.33471821543422087,3.5,3.35,B365W/B365L,AvgW/AvgL,200.0,3.45,0.04477611940298498,0.27083333333333337,1.0549450549450547,0.0638848821008875,0.17151375401977298,0.1547778432480621,0.0171513754019773,,True,False,1.0,-1.0,-1.0
2024-05-27,2024-06-01,Roland Garros,R32,Clay,5,Lorenzo Musetti,Novak Djokovic,player1,top_10,0.3387916566092949,4.5,4.57,B365W/B365L,AvgW/AvgL,200.0,4.43,-0.015317286652078876,0.21052631578947367,1.0555555555555556,0.12826534081982122,0.524562454741827,0.5008470387791762,0.03746874676727335,,True,False,1.0,-1.0,-1.0
2024-05-27,2024-06-02,Roland Garros,R16,Clay,5,Grigor Dimitrov,Hubert Hurkacz,player2,top_10,0.7135605334451702,1.62,1.59,B365W/B365L,AvgW/AvgL,200.0,1.6076000000000001,0.018867924528301883,0.586734693877551,1.0520665593129361,0.12682583956761928,0.15596806418117587,0.14711991356645576,0.06289034846015155,,True,True,1.0,0.6200000000000001,0.6076000000000001
2024-05-27,2024-06-03,Roland Garros,R16,Clay,5,Daniil Medvedev,Alex De Minaur,player2,top_10,0.6627638123833501,1.57,1.59,B365W/B365L,AvgW/AvgL,200.0,1.5586000000000002,-0.012578616352201255,0.6025316455696202,1.0571107423861263,0.06023216681372989,0.04053918544185975,0.032983677980689685,0.017780344492043746,,True,False,1.0,-1.0,-1.0
2024-05-27,2024-06-03,Roland Garros,R16,Clay,5,Alexander Zverev,Holger Rune,player2,top_10,0.7708354396203185,1.36,1.35,B365W/B365L,AvgW/AvgL,200.0,1.3528000000000002,0.007407407407407307,0.7017543859649122,1.0477941176470589,0.06908105365540629,0.0483361978836333,0.042786182718367094,0.03356680408585645,,True,True,1.0,0.3600000000000001,0.3528000000000002
2024-05-27,2024-06-03,Roland Garros,R16,Clay,5,Novak Djokovic,Francisco Cerundolo,player1,top_10,0.9287535589582027,1.14,1.16,B365W/B365L,AvgW/AvgL,200.0,1.1372,-0.017241379310344862,0.8283132530120482,1.0590111642743223,0.1004403059461545,0.05877905721235094,0.05617854724726806,0.10496260216491246,,True,True,1.0,0.1399999999999999,0.1372
2024-05-27,2024-06-04,Roland Garros,QF,Clay,5,Stefanos Tsitsipas,Carlos Alcaraz,player2,top_10,0.24313569464993423,4.5,4.25,B365W/B365L,AvgW/AvgL,200.0,4.43,0.05882352941176472,0.21052631578947367,1.0555555555555556,0.03260937886046056,0.0941106259247041,0.07709112729920853,0.006722187566050293,,True,False,1.0,-1.0,-1.0
2024-05-27,2024-06-04,Roland Garros,QF,Clay,5,Grigor Dimitrov,Jannik Sinner,player2,top_10,0.3108268109771044,4.5,4.66,B365W/B365L,AvgW/AvgL,200.0,4.43,-0.03433476394849788,0.21052631578947367,1.0555555555555556,0.10030049518763073,0.3987206493969697,0.3769627726285725,0.028480046385497837,,True,False,1.0,-1.0,-1.0
2024-05-27,2024-06-05,Roland Garros,QF,Clay,5,Novak Djokovic,Casper Ruud,player1,top_10,0.54798053658564,2.0,2.09,B365W/B365L,AvgW/AvgL,200.0,1.98,-0.04306220095693769,0.47368421052631576,1.0555555555555556,0.07429632605932429,0.09596107317128011,0.0850014624395673,0.023990268292820027,,True,False,1.0,-1.0,-1.0
2024-05-27,2024-06-07,Roland Garros,SF,Clay,5,Jannik Sinner,Carlos Alcaraz,player1,top_10,0.46180377425892805,2.3,2.22,B365W/B365L,AvgW/AvgL,200.0,2.274,0.03603603603603589,0.413265306122449,1.0520665593129361,0.04853846813647905,0.06214868079553437,0.0501417826648024,0.011951669383756611,,True,False,1.0,-1.0,-1.0
2024-05-27,2024-06-09,Roland Garros,F,Clay,5,Alexander Zverev,Carlos Alcaraz,player2,top_10,0.33408186061850165,3.4,3.26,B365W/B365L,AvgW/AvgL,200.0,3.352,0.042944785276073594,0.28118393234672306,1.0459973463069439,0.05289792827177858,0.13587832610290562,0.11984239679321751,0.014153992302386002,,True,False,1.0,-1.0,-1.0
2024-06-10,2024-06-11,Stuttgart,R32,Grass,3,Flavio Cobolli,Jan Lennard Struff,player1,other,0.20442954916280293,5.5,4.88,B365W/B365L,AvgW/AvgL,200.0,5.41,0.12704918032786883,0.1716867469879518,1.0590111642743223,0.03274280217485112,0.12436252039541618,0.10596386097076393,0.006909028910856454,,True,False,1.0,-1.0,-1.0
2024-06-10,2024-06-11,s Hertogenbosch,R32,Grass,3,Zizou Bergs,Tim Van Rijthoven,player1,other,0.7365050416353525,1.4,1.4,B365W/B365L,AvgW/AvgL,200.0,1.392,0.0,0.6818181818181818,1.0476190476190477,0.0546868598171707,0.031107058289493394,0.025215017956410568,0.019441911430933375,,True,True,1.0,0.3999999999999999,0.3919999999999999
2024-06-10,2024-06-12,s Hertogenbosch,R16,Grass,3,Arthur Fils,Ugo Humbert,player2,other,0.4765024270815388,2.2,2.2,B365W/B365L,AvgW/AvgL,200.0,2.176,0.0,0.43152454780361754,1.0533478497550355,0.04497787927792124,0.04830533957938543,0.03686928132942846,0.010063612412371963,,True,False,1.0,-1.0,-1.0
2024-06-10,2024-06-13,s Hertogenbosch,R16,Grass,3,Zizou Bergs,Alex De Minaur,player2,top_10,0.2736806189792873,5.5,5.42,B365W/B365L,AvgW/AvgL,200.0,5.41,0.014760147601476037,0.1716867469879518,1.0590111642743223,0.1019938719913355,0.5052434043860801,0.48061214867794444,0.028069078021448892,,True,False,1.0,-1.0,-1.0
2024-06-10,2024-06-14,s Hertogenbosch,QF,Grass,3,Milos Raonic,Alex De Minaur,player2,top_10,0.4985380472794466,3.2,3.25,B365W/B365L,AvgW/AvgL,200.0,3.156,-0.01538461538461533,0.2982456140350877,1.0477941176470589,0.20029243324435891,0.5953217512942292,0.5733860772139335,0.06765019901070786,,True,False,1.0,-1.0,-1.0
2024-06-10,2024-06-15,s Hertogenbosch,SF,Grass,3,Alex De Minaur,Ugo Humbert,player2,top_10,0.7866920609067595,1.36,1.32,B365W/B365L,AvgW/AvgL,200.0,1.3528000000000002,0.030303030303030276,0.7017543859649122,1.0477941176470589,0.08493767494184723,0.06990120283319295,0.06423701999466441,0.04854250196749509,,True,True,1.0,0.3600000000000001,0.3528000000000002
2024-06-17,2024-06-18,Queen's Club,R32,Grass,3,Francisco Cerundolo,Carlos Alcaraz,player1,top_10,0.1537273822070315,7.0,6.68,B365W/B365L,AvgW/AvgL,200.0,6.88,0.04790419161676662,0.13580246913580246,1.051948051948052,0.017924913071229037,0.07609167544922046,0.057644389584376676,0.0031704864770508525,,True,False,1.0,-1.0,-1.0
2024-06-17,2024-06-18,Halle,R32,Grass,3,Oscar Otte,Alexander Zverev,player2,top_10,0.3207651227265351,5.5,5.65,B365W/B365L,AvgW/AvgL,200.0,5.41,-0.026548672566371723,0.1716867469879518,1.0590111642743223,0.14907837573858332,0.7642081749959433,0.7353393139505551,0.04245600972199685,,True,False,1.0,-1.0,-1.0
2024-06-17,2024-06-19,Queen's Club,R16,Grass,3,Sebastian Korda,Grigor Dimitrov,player2,top_10,0.4627603509686732,2.5,2.56,B365W/B365L,AvgW/AvgL,200.0,2.4699999999999998,-0.0234375,0.3796526054590571,1.05359477124183,0.08310774550961608,0.15690087742168302,0.14301806689262264,0.02615014623694717,,True,True,1.0,1.5,1.4699999999999998
2024-06-17,2024-06-19,Halle,R16,Grass,3,Lorenzo Sonego,Alexander Zverev,player2,top_10,0.2828575080954645,4.5,4.57,B365W/B365L,AvgW/AvgL,200.0,4.43,-0.015317286652078876,0.21052631578947367,1.0555555555555556,0.07233119230599083,0.27285878642959027,0.2530587608629077,0.019489913316399304,,True,False,1.0,-1.0,-1.0
2024-06-17,2024-06-20,Queen's Club,R16,Grass,3,Jack Draper,Carlos Alcaraz,player1,top_10,0.32017256421396284,3.4,3.3,B365W/B365L,AvgW/AvgL,200.0,3.352,0.030303030303030276,0.28118393234672306,1.0459973463069439,0.038988631867239776,0.08858671832747356,0.07321843524520333,0.00922778315911183,,True,True,1.0,2.4,2.352
2024-06-17,2024-06-20,Halle,R16,Grass,3,James Duckworth,Hubert Hurkacz,player2,top_10,0.36423241563458,4.5,4.49,B365W/B365L,AvgW/AvgL,200.0,4.43,0.00222717149220486,0.21052631578947367,1.0555555555555556,0.1537060998451063,0.6390458703556099,0.6135496012611892,0.04564613359682928,,True,False,1.0,-1.0,-1.0
2024-06-17,2024-06-20,Halle,R16,Grass,3,Fabian Marozsan,Jannik Sinner,player2,top_10,0.10727420154590539,11.0,9.61,B365W/B365L,AvgW/AvgL,200.0,10.8,0.1446409989594173,0.08713692946058092,1.0432900432900432,0.020137272085324467,0.1800162170049593,0.1585613766957783,0.004500405425123982,,True,False,1.0,-1.0,-1.0
2024-06-17,2024-06-21,Halle,QF,Grass,3,Marcos Giron,Hubert Hurkacz,player2,top_10,0.35927816667349155,3.75,3.51,B365W/B365L,AvgW/AvgL,200.0,3.695,0.06837606837606836,0.25595238095238093,1.041860465116279,0.10332578572111062,0.3472931250255933,0.32753282585855126,0.031572102275053936,,True,False,1.0,-1.0,-1.0
2024-06-17,2024-06-21,Halle,QF,Grass,3,Jan Lennard Struff,Jannik Sinner,player2,top_10,0.3112691148681618,4.0,3.77,B365W/B365L,AvgW/AvgL,200.0,3.94,0.0610079575596818,0.23809523809523808,1.05,0.0731738767729237,0.2450764594726471,0.22640031258055737,0.020423038289387258,,True,False,1.0,-1.0,-1.0
2024-06-17,2024-06-22,Halle,SF,Grass,3,Hubert Hurkacz,Alexander Zverev,player2,top_10,0.6696265304684561,2.3,2.28,B365W/B365L,AvgW/AvgL,200.0,2.274,0.00877192982456143,0.413265306122449,1.0520665593129361,0.2563612243460071,0.5401410200774489,0.5227307302852692,0.10387327309181711,,True,True,1.0,1.2999999999999998,1.274
2024-06-17,2024-06-23,Halle,F,Grass,3,Hubert Hurkacz,Jannik Sinner,player2,top_10,0.48419026686392574,3.4,3.2,B365W/B365L,AvgW/AvgL,200.0,3.352,0.0625,0.28118393234672306,1.0459973463069439,0.20300633451720268,0.6462469073373476,0.623005774527879,0.06731738618097372,,True,False,1.0,-1.0,-1.0
2024-06-24,2024-06-25,Mallorca,R16,Grass,3,Roberto Carballes Baena,Gael Monfils,player2,other,0.32393460100684157,3.2,3.28,B365W/B365L,AvgW/AvgL,200.0,3.156,-0.024390243902438935,0.2982456140350877,1.0477941176470589,0.02568898697175387,0.03659072322189305,0.02233760077759206,0.0041580367297605735,,True,False,1.0,-1.0,-1.0
2024-06-24,2024-06-25,Mallorca,R16,Grass,3,Alex Michelsen,Adrian Mannarino,player2,other,0.6610085777902611,1.57,1.62,B365W/B365L,AvgW/AvgL,200.0,1.5586000000000002,-0.030864197530864224,0.6025316455696202,1.0571107423861263,0.058476932220640876,0.03778346713071001,0.030247969343901115,0.01657169610996053,,True,True,1.0,0.5700000000000001,0.5586000000000002
2024-07-01,2024-07-01,Wimbledon,R128,Grass,5,Yannick Hanfmann,Jannik Sinner,player1,top_10,0.10738069969517205,26.0,21.84,B365W/B365L,AvgW/AvgL,200.0,25.5,0.19047619047619047,0.03739355794150315,1.0285605483625286,0.06998714175366891,1.7918981920744734,1.7382078422268874,0.017918981920744734,,True,False,1.0,-1.0,-1.0
2024-07-01,2024-07-01,Wimbledon,R128,Grass,5,Matteo Arnaldi,Frances Tiafoe,player1,other,0.46168272996030246,2.3,2.16,B365W/B365L,AvgW/AvgL,200.0,2.274,0.06481481481481466,0.413265306122449,1.0520665593129361,0.04841742383785347,0.061870278908695564,0.04986652792972779,0.011898130559364534,,True,False,1.0,-1.0,-1.0
2024-07-01,2024-07-01,Wimbledon,R128,Grass,5,Luca Van Assche,Fabio Fognini,player2,other,0.6000778258056725,1.8,1.75,B365W/B365L,AvgW/AvgL,200.0,1.784,0.028571428571428692,0.5263157894736842,1.0555555555555556,0.0737620363319883,0.08014008645021048,0.07053884123731974,0.025043777015690775,,True,False,1.0,-1.0,-1.0
2024-07-01,2024-07-01,Wimbledon,R128,Grass,5,Alex Bolt,Casper Ruud,player1,top_10,0.3949662614570742,3.0,2.97,B365W/B365L,AvgW/AvgL,200.0,2.96,0.010101010101009944,0.3181818181818181,1.0476190476190477,0.07678444327525608,0.18489878437122254,0.16910013391293954,0.023112348046402817,,True,False,1.0,-1.0,-1.0
2024-07-01,2024-07-02,Wimbledon,R128,Grass,5,James Duckworth,Alex De Minaur,player2,top_10,0.11933483815245582,11.0,10.12,B365W/B365L,AvgW/AvgL,200.0,10.8,0.0869565217391306,0.08713692946058092,1.0432900432900432,0.0321979086918749,0.31268321967701407,0.28881625204652306,0.007817080491925352,,True,False,1.0,-1.0,-1.0
2024-07-01,2024-07-03,Wimbledon,R128,Grass,5,Emil Ruusuvuori,Mackenzie Mcdonald,player2,other,0.762661465928311,1.67,1.62,B365W/B365L,AvgW/AvgL,200.0,1.6566,0.030864197530864113,0.5684754521963824,1.0533478497550355,0.19418601373192856,0.2736446481002792,0.26342498445684004,0.10210621197771613,,True,True,1.0,0.6699999999999999,0.6566000000000001
2024-07-01,2024-07-03,Wimbledon,R64,Grass,5,Matteo Berrettini,Jannik Sinner,player2,top_10,0.24953847374628424,4.5,5.02,B365W/B365L,AvgW/AvgL,200.0,4.43,-0.10358565737051784,0.21052631578947367,1.0555555555555556,0.03901215795681057,0.12292313185827908,0.10545543869603913,0.00878022370416279,,True,False,1.0,-1.0,-1.0
2024-07-01,2024-07-03,Wimbledon,R64,Grass,5,Fabio Fognini,Casper Ruud,player1,top_10,0.2682211442170104,4.5,4.61,B365W/B365L,AvgW/AvgL,200.0,4.43,-0.02386117136659438,0.21052631578947367,1.0555555555555556,0.057694828427536704,0.2069951489765467,0.18821966888135588,0.01478536778403905,,True,True,1.0,3.5,3.4299999999999997
2024-07-01,2024-07-04,Wimbledon,R64,Grass,5,Daniel Altmaier,Denis Shapovalov,player1,other,0.17753317808891514,6.0,5.83,B365W/B365L,AvgW/AvgL,200.0,5.9,0.029159519725557415,0.15848527349228608,1.0516224188790562,0.019047904596629056,0.06519906853349078,0.047445750724599334,0.003259953426674539,,True,False,1.0,-1.0,-1.0
2024-07-01,2024-07-04,Wimbledon,R64,Grass,5,Juncheng Shang,Grigor Dimitrov,player2,top_10,0.21438908085212094,5.5,5.84,B365W/B365L,AvgW/AvgL,200.0,5.41,-0.05821917808219179,0.1716867469879518,1.0590111642743223,0.042702333864169134,0.17913994468666516,0.15984492740997436,0.009952219149259176,,True,False,1.0,-1.0,-1.0
2024-07-01,2024-07-04,Wimbledon,R64,Grass,5,Marcos Giron,Alexander Zverev,player1,top_10,0.19388856074699246,6.5,6.63,B365W/B365L,AvgW/AvgL,200.0,6.39,-0.019607843137254832,0.14586070959264127,1.0547470547470548,0.04802785115435118,0.26027564485545107,0.23894790317328174,0.01183071112979323,,True,False,1.0,-1.0,-1.0
2024-07-01,2024-07-06,Wimbledon,R32,Grass,5,Jan Lennard Struff,Daniil Medvedev,player2,top_10,0.5951651447337679,2.5,2.63,B365W/B365L,AvgW/AvgL,200.0,2.4699999999999998,-0.049429657794676785,0.3796526054590571,1.05359477124183,0.2155125392747108,0.48791286183441984,0.4700579074924066,0.08131881030573664,,True,False,1.0,-1.0,-1.0
2024-07-01,2024-07-06,Wimbledon,R32,Grass,5,Alexander Zverev,Cameron Norrie,player2,top_10,0.9324864315925012,1.11,1.13,B365W/B365L,AvgW/AvgL,200.0,1.1078000000000001,-0.017699115044247593,0.8541392904073586,1.0547470547470548,0.07834714118514263,0.035059939067676446,0.03300846891817297,0.07968167969926458,,True,True,1.0,0.1100000000000001,0.10780000000000012
2024-07-01,2024-07-06,Wimbledon,R32,Grass,5,Lucas Pouille,Alex De Minaur,player2,top_10,0.10540706385216958,11.0,10.95,B365W/B365L,AvgW/AvgL,200.0,10.8,0.004566210045662267,0.08713692946058092,1.0432900432900432,0.018270134391588658,0.15947770237386538,0.13839628960343164,0.003986942559346634,,True,False,1.0,-1.0,-1.0
2024-07-01,2024-07-06,Wimbledon,R32,Grass,5,Alexei Popyrin,Novak Djokovic,player1,top_10,0.2266667453320212,6.0,6.19,B365W/B365L,AvgW/AvgL,200.0,5.9,-0.030694668820678617,0.15848527349228608,1.0516224188790562,0.06818147183973511,0.36000047199212726,0.3373337974589252,0.01800002359960636,,True,False,1.0,-1.0,-1.0
2024-07-01,2024-07-07,Wimbledon,R16,Grass,5,Daniil Medvedev,Grigor Dimitrov,player2,top_10,0.6850675654673595,1.67,1.68,B365W/B365L,AvgW/AvgL,200.0,1.6566,-0.005952380952380931,0.5684754521963824,1.0533478497550355,0.11659211327097707,0.14406283433049027,0.13488292895322773,0.05375478892928742,,True,True,1.0,0.6699999999999999,0.6566000000000001
2024-07-01,2024-07-07,Wimbledon,R16,Grass,5,Ugo Humbert,Carlos Alcaraz,player1,top_10,0.16475118379808706,7.0,6.64,B365W/B365L,AvgW/AvgL,200.0,6.88,0.054216867469879526,0.13580246913580246,1.051948051948052,0.028948714662284603,0.15325828658660945,0.13348814453083901,0.006385761941108727,,True,False,1.0,-1.0,-1.0
2024-07-01,2024-07-08,Wimbledon,R16,Grass,5,Taylor Fritz,Alexander Zverev,player2,top_10,0.5531645675560302,2.38,2.33,B365W/B365L,AvgW/AvgL,200.0,2.3524,0.02145922746781115,0.39746835443037976,1.0571107423861263,0.1556962131256504,0.31653167078335176,0.30126432871880526,0.05734269398249126,,True,True,1.0,1.38,1.3523999999999998
2024-07-01,2024-07-08,Wimbledon,R16,Grass,5,Arthur Fils,Alex De Minaur,player2,top_10,0.2779429749644301,4.5,4.71,B365W/B365L,AvgW/AvgL,200.0,4.43,-0.04458598726114649,0.21052631578947367,1.0555555555555556,0.06741665917495643,0.2507433873399355,0.23128737909242525,0.017910241952852537,,True,False,1.0,-1.0,-1.0
2024-07-01,2024-07-09,Wimbledon,QF,Grass,5,Jannik Sinner,Daniil Medvedev,player2,top_10,0.9530327753426482,1.22,1.22,B365W/B365L,AvgW/AvgL,200.0,1.2156,0.0,0.7801801801801801,1.0506190133646311,0.1728525951624681,0.16269998591803075,0.15850664170652315,0.18488634763412587,,True,False,1.0,-1.0,-1.0
2024-07-01,2024-07-09,Wimbledon,QF,Grass,5,Tommy Paul,Carlos Alcaraz,player1,top_10,0.2646822168899443,4.0,3.79,B365W/B365L,AvgW/AvgL,200.0,3.94,0.0554089709762533,0.23809523809523808,1.05,0.02658697879470623,0.05872886755977724,0.042847934546380584,0.004894072296648104,,True,False,1.0,-1.0,-1.0
2024-07-01,2024-07-12,Wimbledon,SF,Grass,5,Carlos Alcaraz,Daniil Medvedev,player2,top_10,0.8557908433581352,1.29,1.29,B365W/B365L,AvgW/AvgL,200.0,1.2842,0.0,0.744047619047619,1.041860465116279,0.1117432243105162,0.10397018793199439,0.09900660104051717,0.08962947235516756,,True,True,1.0,0.29000000000000004,0.2842
2024-07-01,2024-07-14,Wimbledon,F,Grass,5,Carlos Alcaraz,Novak Djokovic,player2,top_10,0.582436364966405,1.8,1.76,B365W/B365L,AvgW/AvgL,200.0,1.784,0.022727272727272707,0.5384615384615385,1.0317460317460316,0.043974826504866504,0.048385456939529115,0.03906647510006661,0.015120455293602848,,True,True,1.0,0.8,0.784
2024-07-15,2024-07-17,Newport,R16,Grass,3,Maxime Cressy,Alex Michelsen,player2,other,0.45813835580550033,2.3,2.33,B365W/B365L,AvgW/AvgL,200.0,2.274,-0.012875536480686844,0.413265306122449,1.0520665593129361,0.044873049683051336,0.05371821835265067,0.04180662110170774,0.010330426606278977,,True,False,1.0,-1.0,-1.0
2024-07-15,2024-07-18,Newport,R16,Grass,3,Benoit Paire,Marcos Giron,player2,other,0.2125759068590095,5.5,5.22,B365W/B365L,AvgW/AvgL,200.0,5.41,0.05363984674329503,0.1716867469879518,1.0590111642743223,0.040889159871057706,0.16916748772455226,0.15003565610724146,0.009398193762475126,,True,False,1.0,-1.0,-1.0
2024-07-15,2024-07-18,Bastad,R16,Clay,3,Cameron Norrie,Rafael Nadal,player2,other,0.39854087725766696,2.63,2.53,B365W/B365L,AvgW/AvgL,200.0,2.5974,0.03952569169960474,0.36319612590799033,1.046894803548796,0.03534475134967663,0.048162507187664017,0.03517007458906418,0.0073868876054699415,,True,False,1.0,-1.0,-1.0
2024-07-15,2024-07-21,Bastad,F,Clay,3,Nuno Borges,Rafael Nadal,player2,other,0.38413232603472436,2.75,2.81,B365W/B365L,AvgW/AvgL,200.0,2.715,-0.02135231316725983,0.3436754176610979,1.058080808080808,0.04045690837362648,0.056363896595492013,0.04291926518427658,0.00805198522792743,,True,True,1.0,1.75,1.7149999999999999
2024-07-22,2024-07-23,Kitzbuhel,R32,Clay,3,Pavel Kotov,Matteo Berrettini,player1,other,0.29454700447826765,3.75,3.69,B365W/B365L,AvgW/AvgL,200.0,3.695,0.016260162601626105,0.25595238095238093,1.041860465116279,0.03859462352588672,0.10455126679350368,0.0883511815471989,0.009504660617591244,,True,False,1.0,-1.0,-1.0
2024-07-22,2024-07-23,Umag,R32,Clay,3,Luca Van Assche,Fabio Fognini,player2,other,0.5390651427072317,2.1,2.1,B365W/B365L,AvgW/AvgL,200.0,2.0780000000000003,0.0,0.4516971279373368,1.054225158271401,0.08736801476989492,0.13203679968518667,0.1201773665456276,0.03000836356481515,,True,False,1.0,-1.0,-1.0
2024-07-22,2024-07-25,Umag,QF,Clay,3,Fabian Marozsan,Andrey Rublev,player1,top_10,0.38706881315966335,2.75,2.71,B365W/B365L,AvgW/AvgL,200.0,2.715,0.014760147601476037,0.3436754176610979,1.058080808080808,0.04339339549856547,0.06443923618907421,0.050891827728485994,0.009205605169867745,,True,False,1.0,-1.0,-1.0
2024-07-22,2024-07-25,Atlanta,R16,Hard,3,Aslan Karatsev,Frances Tiafoe,player2,other,0.3839941995742797,2.75,2.68,B365W/B365L,AvgW/AvgL,200.0,2.715,0.026119402985074647,0.3436754176610979,1.058080808080808,0.040318781913181834,0.05598404882926922,0.04254425184416932,0.007997721261324173,,True,False,1.0,-1.0,-1.0
2024-07-29,2024-07-30,Washington,R32,Hard,3,J J Wolf,Miomir Kecmanovic,player2,other,0.4487687639027308,2.38,2.39,B365W/B365L,AvgW/AvgL,200.0,2.3524,-0.004184100418410108,0.39746835443037976,1.0571107423861263,0.05130040947235104,0.0680696580884993,0.05568364020478389,0.012331459798641177,,True,False,1.0,-1.0,-1.0
2024-07-29,2024-07-31,Washington,R32,Hard,3,Mitchell Krueger,Alejandro Davidovich Fokina,player1,other,0.35215323671716553,3.0,2.93,B365W/B365L,AvgW/AvgL,200.0,2.96,0.023890784982935065,0.3181818181818181,1.0476190476190477,0.03397141853534741,0.056459710151496645,0.04237358068281005,0.007057463768937081,,True,False,1.0,-1.0,-1.0
2024-07-29,2024-07-31,Washington,R32,Hard,3,Aleksandar Kovacevic,Roberto Carballes Baena,player1,other,0.6182923542582704,1.67,1.6,B365W/B365L,AvgW/AvgL,200.0,1.6566,0.043749999999999956,0.5684754521963824,1.0533478497550355,0.049816902061888046,0.032548231611311595,0.024263114064250857,0.012144862541534178,,True,True,1.0,0.6699999999999999,0.6566000000000001
2024-07-29,2024-07-31,Washington,R32,Hard,3,Andrey Rublev,Luca Van Assche,player1,top_10,0.8338524582148488,1.25,1.19,B365W/B365L,AvgW/AvgL,200.0,1.245,0.050420168067226934,0.7619047619047619,1.05,0.0719476963100869,0.04231557276856096,0.03814631047748682,0.04231557276856096,,True,True,1.0,0.25,0.2450000000000001
2024-08-05,2024-08-08,Canada Masters,R32,Hard,4,Jordan Thompson,Alexander Zverev,player1,top_10,0.2779097767409403,3.75,3.58,B365W/B365L,AvgW/AvgL,200.0,3.695,0.04748603351955305,0.25595238095238093,1.041860465116279,0.021957395788559375,0.04216166277852618,0.02687662505777444,0.0038328784344114704,,True,False,1.0,-1.0,-1.0
2024-08-05,2024-08-08,Canada Masters,R32,Hard,4,Grigor Dimitrov,Rinky Hijikata,player2,top_10,0.86108660651721,1.25,1.24,B365W/B365L,AvgW/AvgL,200.0,1.245,0.008064516129032251,0.7619047619047619,1.05,0.09918184461244817,0.07635825814651254,0.07205282511392658,0.07635825814651254,,True,True,1.0,0.25,0.2450000000000001
2024-08-05,2024-08-08,Canada Masters,R32,Hard,4,Borna Coric,Jannik Sinner,player1,top_10,0.17351482848283134,7.0,8.6,B365W/B365L,AvgW/AvgL,200.0,6.88,-0.18604651162790697,0.13580246913580246,1.051948051948052,0.03771235934702888,0.21460379937981933,0.1937820199618796,0.008941824974159138,,True,False,1.0,-1.0,-1.0
2024-08-05,2024-08-10,Canada Masters,R32,Hard,4,Thanasi Kokkinakis,Hubert Hurkacz,player2,top_10,0.5128741163853394,2.1,2.14,B365W/B365L,AvgW/AvgL,200.0,2.0780000000000003,-0.01869158878504673,0.4516971279373368,1.054225158271401,0.06117698844800262,0.07703564440921284,0.06575241384873542,0.017508101002093827,,True,False,1.0,-1.0,-1.0
2024-08-05,2024-08-10,Canada Masters,R16,Hard,4,Holger Rune,Alexander Zverev,player1,top_10,0.3088490433435231,3.5,3.43,B365W/B365L,AvgW/AvgL,200.0,3.45,0.020408163265306145,0.27083333333333337,1.0549450549450547,0.03801571001018972,0.0809716517023309,0.06552919953515479,0.00809716517023309,,True,False,1.0,-1.0,-1.0
2024-08-05,2024-08-10,Canada Masters,R16,Hard,4,Sebastian Korda,Casper Ruud,player2,top_10,0.5923330721321611,1.8,1.8,B365W/B365L,AvgW/AvgL,200.0,1.784,0.0,0.5263157894736842,1.0555555555555556,0.06601728265847695,0.06619952983789007,0.05672220068377548,0.020687353074340647,,True,True,1.0,0.8,0.784
2024-08-05,2024-08-10,Canada Masters,R16,Hard,4,Hubert Hurkacz,Arthur Rinderknech,player2,top_10,0.6728912105662319,1.57,1.62,B365W/B365L,AvgW/AvgL,200.0,1.5586000000000002,-0.030864197530864224,0.6025316455696202,1.0571107423861263,0.07035956499661167,0.05643920058898416,0.048768240788529205,0.024754035346045682,,True,True,1.0,0.5700000000000001,0.5586000000000002
2024-08-05,2024-08-11,Canada Masters,QF,Hard,4,Hubert Hurkacz,Alexei Popyrin,player1,top_10,0.6402804210970987,1.62,1.64,B365W/B365L,AvgW/AvgL,200.0,1.6076000000000001,-0.012195121951219412,0.586734693877551,1.0520665593129361,0.053545727219547756,0.03725428217729998,0.029314804955695994,0.015021887974717731,,True,False,1.0,-1.0,-1.0
2024-08-05,2024-08-13,Canada Masters,F,Hard,4,Andrey Rublev,Alexei Popyrin,player2,top_10,0.791377620936164,1.33,1.37,B365W/B365L,AvgW/AvgL,200.0,1.3234000000000001,-0.02919708029197088,0.7188160676532769,1.0459973463069439,0.07256155328288716,0.05253223584509825,0.04730914354691962,0.03979714836749867,,True,False,1.0,-1.0,-1.0
2024-08-12,2024-08-15,Cincinnati Masters,R32,Hard,4,Hubert Hurkacz,Yoshihito Nishioka,player1,top_10,0.7268901382002754,1.44,1.44,B365W/B365L,AvgW/AvgL,200.0,1.4312,0.0,0.6563245823389022,1.058080808080808,0.07056555586137314,0.046721799008396514,0.04032516579223411,0.026546476709316206,,True,True,1.0,0.43999999999999995,0.4312
2024-08-12,2024-08-15,Cincinnati Masters,R32,Hard,4,Karen Khachanov,Alexander Zverev,player1,top_10,0.28822923257911653,4.0,3.96,B365W/B365L,AvgW/AvgL,200.0,3.94,0.010101010101010166,0.23809523809523808,1.05,0.05013399448387845,0.15291693031646614,0.13562317636171906,0.012743077526372179,,True,False,1.0,-1.0,-1.0
2024-07-29,2024-08-16,Paris Olympics,QF,Clay,1,Casper Ruud,Felix Auger Aliassime,player1,top_10,0.4756244122315382,2.3,2.28,B365W/B365L,AvgW/AvgL,200.0,2.274,0.00877192982456143,0.413265306122449,1.0520665593129361,0.06235910610908918,0.0939361481325377,0.0815699134145178,0.018064643871641868,,True,False,1.0,-1.0,-1.0
2024-08-12,2024-08-16,Cincinnati Masters,R32,Hard,4,Gael Monfils,Carlos Alcaraz,player1,top_10,0.21732593050052346,9.0,8.8,B365W/B365L,AvgW/AvgL,200.0,8.84,0.022727272727272707,0.10625620655412116,1.0456905503634475,0.1110697239464023,0.9559333745047112,0.9211612256246273,0.029872917953272224,,True,True,1.0,8.0,7.84
2024-08-12,2024-08-16,Cincinnati Masters,R16,Hard,4,Holger Rune,Gael Monfils,player2,other,0.7876398119820147,1.36,1.38,B365W/B365L,AvgW/AvgL,200.0,1.3528000000000002,-0.014492753623188248,0.7017543859649122,1.0477941176470589,0.08588542601710247,0.0711901442955401,0.0655191376492697,0.04943760020523617,,True,True,1.0,0.3600000000000001,0.3528000000000002
2024-08-12,2024-08-16,Cincinnati Masters,R16,Hard,4,Hubert Hurkacz,Flavio Cobolli,player2,top_10,0.702351675025083,1.62,1.63,B365W/B365L,AvgW/AvgL,200.0,1.6076000000000001,-0.006134969325153228,0.586734693877551,1.0520665593129361,0.11561698114753205,0.13780971354063454,0.1291005527703235,0.05556843287928811,,True,True,1.0,0.6200000000000001,0.6076000000000001
2024-08-12,2024-08-16,Cincinnati Masters,R16,Hard,4,Pablo Carreno Busta,Alexander Zverev,player2,top_10,0.22092372686341577,6.5,7.34,B365W/B365L,AvgW/AvgL,200.0,6.39,-0.114441416893733,0.14586070959264127,1.0547470547470548,0.0750630172707745,0.43600422461220256,0.4117026146572268,0.019818373846009207,,True,False,1.0,-1.0,-1.0
2024-08-19,2024-08-20,Winston-Salem,R32,Hard,3,Alexandre Muller,Pavel Kotov,player2,other,0.637477331864834,1.62,1.61,B365W/B365L,AvgW/AvgL,200.0,1.6076000000000001,0.006211180124223503,0.586734693877551,1.0520665593129361,0.05074263798728307,0.032713277621031156,0.024808558705907258,0.013190837750415787,,True,False,1.0,-1.0,-1.0
2024-08-19,2024-08-21,Winston-Salem,R32,Hard,3,Corentin Moutet,Roman Safiullin,player2,other,0.45678227616995737,2.3,2.22,B365W/B365L,AvgW/AvgL,200.0,2.274,0.03603603603603589,0.413265306122449,1.0520665593129361,0.043516970047508374,0.050599235190901815,0.038722896010483066,0.009730622152096503,,True,False,1.0,-1.0,-1.0
2024-08-26,2024-08-27,Us Open,R128,Hard,5,Dusan Lajovic,Daniil Medvedev,player1,top_10,0.09812716707381675,13.0,11.51,B365W/B365L,AvgW/AvgL,200.0,12.76,0.12945264986967864,0.07407407407407408,1.0384615384615383,0.024053092999742662,0.2756531719596177,0.2521026518619017,0.005742774415825369,,True,False,1.0,-1.0,-1.0
2024-08-26,2024-08-27,Us Open,R128,Hard,5,Marcos Giron,Alex De Minaur,player1,top_10,0.3043970285153178,3.75,3.92,B365W/B365L,AvgW/AvgL,200.0,3.695,-0.04336734693877553,0.25595238095238093,1.041860465116279,0.04844464756293687,0.14148885693244173,0.12474702036409924,0.012862623357494702,,True,False,1.0,-1.0,-1.0
2024-08-26,2024-08-28,Us Open,R64,Hard,5,Rinky Hijikata,Grigor Dimitrov,player2,top_10,0.15789943248828775,9.0,7.44,B365W/B365L,AvgW/AvgL,200.0,8.84,0.20967741935483875,0.10625620655412116,1.0456905503634475,0.05164322593416659,0.42109489239458975,0.3958309831964636,0.01315921538733093,,True,False,1.0,-1.0,-1.0
2024-08-26,2024-08-29,Us Open,R64,Hard,5,Hubert Hurkacz,Jordan Thompson,player2,top_10,0.6950599612159092,1.5,1.5,B365W/B365L,AvgW/AvgL,200.0,1.49,0.0,0.6368038740920097,1.046894803548796,0.058256087123899514,0.042589941823863775,0.03563934221170467,0.021294970911931888,,True,False,1.0,-1.0,-1.0
2024-08-26,2024-08-30,Us Open,R32,Hard,5,Casper Ruud,Juncheng Shang,player1,top_10,0.7636024746237964,1.36,1.39,B365W/B365L,AvgW/AvgL,200.0,1.3528000000000002,-0.021582733812949506,0.7017543859649122,1.0477941176470589,0.06184808865888414,0.038499365488363135,0.03300142767107189,0.02673567047802995,,True,True,1.0,0.3600000000000001,0.3528000000000002
2024-08-26,2024-08-30,Us Open,R32,Hard,5,Andrey Rublev,Jiri Lehecka,player2,top_10,0.8509334678412028,1.33,1.34,B365W/B365L,AvgW/AvgL,200.0,1.3234000000000001,-0.007462686567164201,0.7188160676532769,1.0459973463069439,0.13211740018792595,0.13174151222879982,0.1261253513410479,0.09980417593090893,,True,True,1.0,0.33000000000000007,0.32340000000000013
2024-08-26,2024-08-31,Us Open,R32,Hard,5,David Goffin,Tomas Machac,player1,other,0.41967130916458845,2.5,2.39,B365W/B365L,AvgW/AvgL,200.0,2.4699999999999998,0.046025104602510414,0.3796526054590571,1.05359477124183,0.040018703705531344,0.049178272911471144,0.03658813363653346,0.008196378818578523,,True,False,1.0,-1.0,-1.0
2024-08-26,2024-09-01,Us Open,R32,Hard,5,Daniil Medvedev,Flavio Cobolli,player1,top_10,0.9575840940286342,1.13,1.12,B365W/B365L,AvgW/AvgL,200.0,1.1274,0.008928571428571175,0.8415147265077139,1.0516224188790562,0.11606936752092034,0.08207002625235654,0.07958030760788216,0.15782697356222425,,True,True,1.0,0.1299999999999999,0.12739999999999996
2024-08-26,2024-09-01,Us Open,R16,Hard,5,Andrey Rublev,Grigor Dimitrov,player1,top_10,0.6147924188898143,1.8,1.81,B365W/B365L,AvgW/AvgL,200.0,1.784,-0.0055248618784530246,0.5263157894736842,1.0555555555555556,0.0884766294161301,0.10662635400166576,0.09678967529942872,0.03332073562552055,,True,False,1.0,-1.0,-1.0
2024-08-26,2024-09-03,Us Open,QF,Hard,5,Taylor Fritz,Alexander Zverev,player1,top_10,0.4215887767913139,2.5,2.46,B365W/B365L,AvgW/AvgL,200.0,2.4699999999999998,0.016260162601626105,0.3796526054590571,1.05359477124183,0.0419361713322568,0.05397194197828481,0.041324278674545245,0.008995323663047469,,True,True,1.0,1.5,1.4699999999999998
2024-08-26,2024-09-04,Us Open,QF,Hard,5,Jack Draper,Alex De Minaur,player2,top_10,0.49337625985817934,2.2,2.22,B365W/B365L,AvgW/AvgL,200.0,2.176,-0.009009009009009028,0.43152454780361754,1.0533478497550355,0.0618517120545618,0.08542777168799465,0.07358674145139832,0.017797452434998882,,True,True,1.0,1.2000000000000002,1.1760000000000002
2024-08-26,2024-09-06,Us Open,SF,Hard,5,Jack Draper,Jannik Sinner,player1,top_10,0.26783630281845744,5.0,5.41,B365W/B365L,AvgW/AvgL,200.0,4.92,-0.07578558225508325,0.18962722852512157,1.0547008547008547,0.07820907429333587,0.33918151409228714,0.3177546098668105,0.021198844630767946,,True,False,1.0,-1.0,-1.0
2024-08-26,2024-09-08,Us Open,F,Hard,5,Jannik Sinner,Taylor Fritz,player1,top_10,0.893025300435975,1.25,1.24,B365W/B365L,AvgW/AvgL,200.0,1.245,0.008064516129032251,0.7619047619047619,1.05,0.13112053853121308,0.11628162554496868,0.1118164990427889,0.11628162554496868,,True,True,1.0,0.25,0.2450000000000001
2024-09-18,2024-09-19,Hangzhou,R32,Hard,3,Roberto Carballes Baena,Corentin Moutet,player1,other,0.4559045111037887,2.3,2.22,B365W/B365L,AvgW/AvgL,200.0,2.274,0.03603603603603589,0.413265306122449,1.0520665593129361,0.04263920498133972,0.04858037553871397,0.03672685825001554,0.00934237991129115,,True,True,1.0,1.2999999999999998,1.274
2024-09-18,2024-09-21,Hangzhou,R16,Hard,3,Yasutaka Uchiyama,Holger Rune,player2,other,0.21052135586852205,5.0,4.6,B365W/B365L,AvgW/AvgL,200.0,4.92,0.0869565217391306,0.18962722852512157,1.0547008547008547,0.020894127343400487,0.052606779342610266,0.035765070873128524,0.0032879237089131416,,True,True,1.0,4.0,3.92
2024-09-18,2024-09-22,Chengdu,QF,Hard,3,Lorenzo Musetti,Adrian Mannarino,player2,other,0.8014182446284138,1.29,1.29,B365W/B365L,AvgW/AvgL,200.0,1.2842,0.0,0.744047619047619,1.041860465116279,0.057370625580794865,0.03382953557065385,0.029181309751809048,0.02916339273332228,,True,True,1.0,0.29000000000000004,0.2842
2024-09-18,2024-09-23,Chengdu,SF,Hard,3,Juncheng Shang,Yannick Hanfmann,player2,other,0.8051166459598846,1.33,1.33,B365W/B365L,AvgW/AvgL,200.0,1.3234000000000001,0.0,0.7188160676532769,1.0459973463069439,0.08630057830660776,0.0708051391266466,0.06549136926331145,0.0536402569141262,,True,True,1.0,0.33000000000000007,0.32340000000000013
2024-09-26,2024-09-26,Beijing,R32,Hard,3,Nicolas Jarry,Jannik Sinner,player1,top_10,0.13264070085080093,11.0,10.54,B365W/B365L,AvgW/AvgL,200.0,10.8,0.0436432637571158,0.08713692946058092,1.0432900432900432,0.04550377139022001,0.45904770935881023,0.4325195691886502,0.011476192733970256,,True,False,1.0,-1.0,-1.0
2024-09-26,2024-09-27,Beijing,R32,Hard,3,Daniil Medvedev,Gael Monfils,player1,top_10,0.8674164759759496,1.2,1.2,B365W/B365L,AvgW/AvgL,200.0,1.196,0.0,0.7894736842105263,1.0555555555555556,0.07794279176542329,0.04089977117113949,0.0374301052672357,0.05112471396392438,,True,True,1.0,0.19999999999999996,0.19599999999999995
2024-09-25,2024-09-29,Tokyo,QF,Hard,3,Tomas Machac,Alex Michelsen,player2,other,0.5429084939967368,1.91,1.91,B365W/B365L,AvgW/AvgL,200.0,1.8918,0.0,0.5,1.0471204188481675,0.042908493996736796,0.036955223533767234,0.02707428894302666,0.010152533937848143,,True,True,1.0,0.9099999999999999,0.8917999999999999
2024-09-26,2024-09-29,Beijing,R16,Hard,3,Carlos Alcaraz,Tallon Griekspoor,player1,top_10,0.98,1.06,1.07,B365W/B365L,AvgW/AvgL,200.0,1.0588,-0.009345794392523366,0.9041591320072333,1.0433962264150942,0.07584086799276668,0.038800000000000036,0.03762399999999994,0.16166666666666668,,True,True,1.0,0.06000000000000005,0.05879999999999996
2024-09-26,2024-09-30,Beijing,QF,Hard,3,Carlos Alcaraz,Karen Khachanov,player1,top_10,0.9687002702145119,1.07,1.08,B365W/B365L,AvgW/AvgL,200.0,1.0686,-0.0092592592592593,0.893743793445879,1.0456905503634475,0.07495647676863293,0.03650928912952778,0.03515310875122739,0.13039031831974196,,True,True,1.0,0.07000000000000006,0.0686
2024-09-26,2024-10-02,Beijing,F,Hard,3,Carlos Alcaraz,Jannik Sinner,player1,top_10,0.618039878805754,1.73,1.74,B365W/B365L,AvgW/AvgL,200.0,1.7153999999999998,-0.005747126436781658,0.5483028720626633,1.054225158271401,0.06973700674309069,0.06920899033395433,0.06018560810339019,0.023701709018477513,,True,True,1.0,0.73,0.7153999999999998
2024-10-02,2024-10-02,Shanghai Masters,R128,Hard,4,Alejandro Davidovich Fokina,Gabriel Diallo,player2,other,0.7179323635877762,1.73,1.75,B365W/B365L,AvgW/AvgL,200.0,1.7153999999999998,-0.011428571428571455,0.5483028720626633,1.054225158271401,0.16962949152511297,0.24202298900685282,0.23154117649847117,0.08288458527631946,,True,True,1.0,0.73,0.7153999999999998
2024-10-02,2024-10-02,Shanghai Masters,R128,Hard,4,Egor Gerasimov,Taro Daniel,player1,other,0.2811840774970455,3.75,3.43,B365W/B365L,AvgW/AvgL,200.0,3.695,0.09329446064139946,0.25595238095238093,1.041860465116279,0.02523169654466456,0.05444029061392064,0.03897516635158316,0.00494911732853824,,True,False,1.0,-1.0,-1.0
2024-10-02,2024-10-04,Shanghai Masters,R64,Hard,4,Aleksandar Vukic,Casper Ruud,player1,top_10,0.34226554411482435,3.4,3.21,B365W/B365L,AvgW/AvgL,200.0,3.352,0.05919003115264787,0.28118393234672306,1.0459973463069439,0.061081611768101285,0.16370284999040274,0.1472741038728912,0.01705238020733362,,True,True,1.0,2.4,2.352
2024-10-02,2024-10-04,Shanghai Masters,R64,Hard,4,Fabio Fognini,Tommy Paul,player2,other,0.12674864236245376,9.0,8.67,B365W/B365L,AvgW/AvgL,200.0,8.84,0.03806228373702414,0.10625620655412116,1.0456905503634475,0.0204924358083326,0.1407377812620838,0.12045799848409122,0.004398055664440119,,True,False,1.0,-1.0,-1.0
2024-10-02,2024-10-06,Shanghai Masters,R32,Hard,4,Yibing Wu,Carlos Alcaraz,player1,top_10,0.13637342948487272,15.0,13.2,B365W/B365L,AvgW/AvgL,200.0,14.719999999999999,0.13636363636363646,0.06425452276980662,1.0375404530744337,0.0721189067150661,1.0456014422730906,1.0074168820173264,0.018671454326305188,,True,False,1.0,-1.0,-1.0
2024-10-02,2024-10-08,Shanghai Masters,R32,Hard,4,Taylor Fritz,Yosuke Watanuki,player2,top_10,0.8680205226471562,1.2,1.17,B365W/B365L,AvgW/AvgL,200.0,1.196,0.025641025641025772,0.7894736842105263,1.0555555555555556,0.0785468384366299,0.041624627176587436,0.0381525450859988,0.05203078397073431,,True,True,1.0,0.19999999999999996,0.19599999999999995
2024-10-02,2024-10-08,Shanghai Masters,R32,Hard,4,Alexei Popyrin,Grigor Dimitrov,player1,top_10,0.4994863401416304,2.2,2.21,B365W/B365L,AvgW/AvgL,200.0,2.176,-0.004524886877827927,0.43152454780361754,1.0533478497550355,0.06796179233801286,0.09886994831158702,0.08688227614818789,0.020597905898247292,,True,False,1.0,-1.0,-1.0
2024-10-02,2024-10-09,Shanghai Masters,R16,Hard,4,Roman Safiullin,Novak Djokovic,player2,top_10,0.17642919340377405,7.0,6.84,B365W/B365L,AvgW/AvgL,200.0,6.88,0.023391812865497075,0.13580246913580246,1.051948051948052,0.04062672426797159,0.23500435382641838,0.21383285061796542,0.009791848076100765,,True,False,1.0,-1.0,-1.0
2024-10-02,2024-10-09,Shanghai Masters,R16,Hard,4,Gael Monfils,Carlos Alcaraz,player1,top_10,0.12079582319377968,10.0,9.97,B365W/B365L,AvgW/AvgL,200.0,9.82,0.0030090270812437314,0.09584086799276674,1.0433962264150942,0.024954955201012943,0.20795823193779672,0.18621498376291645,0.005776617553827686,,True,False,1.0,-1.0,-1.0
2024-10-02,2024-10-10,Shanghai Masters,QF,Hard,4,Jannik Sinner,Daniil Medvedev,player1,top_10,0.8070377181753841,1.29,1.3,B365W/B365L,AvgW/AvgL,200.0,1.2842,-0.007692307692307665,0.744047619047619,1.041860465116279,0.0629900991277651,0.04107865644624545,0.036397837680828216,0.03541263486745297,,True,True,1.0,0.29000000000000004,0.2842
2024-10-02,2024-10-12,Shanghai Masters,SF,Hard,4,Taylor Fritz,Novak Djokovic,player2,top_10,0.35237195677183397,3.0,2.92,B365W/B365L,AvgW/AvgL,200.0,2.96,0.027397260273972712,0.3181818181818181,1.0476190476190477,0.03419013859001585,0.057115870315501915,0.0430209920446285,0.007139483789437739,,True,False,1.0,-1.0,-1.0
2024-10-02,2024-10-13,Shanghai Masters,F,Hard,4,Jannik Sinner,Novak Djokovic,player2,top_10,0.7621099173911013,1.4,1.41,B365W/B365L,AvgW/AvgL,200.0,1.392,-0.007092198581560294,0.6818181818181818,1.0476190476190477,0.08029173557291958,0.06695388434754179,0.06085700500841301,0.04184617771721363,,True,True,1.0,0.3999999999999999,0.3919999999999999
2024-10-14,2024-10-16,Stockholm,R16,Hard,3,Lorenzo Sonego,Casper Ruud,player2,top_10,0.47724631304872855,2.38,2.37,B365W/B365L,AvgW/AvgL,200.0,2.3524,0.00421940928270037,0.39746835443037976,1.0571107423861263,0.0797779586183488,0.13584622505597388,0.12267422681582896,0.024609823379705416,,True,False,1.0,-1.0,-1.0
2024-10-14,2024-10-16,Antwerp,R16,Hard,3,Marton Fucsovics,Felix Auger Aliassime,player2,other,0.37645731392197934,2.75,2.66,B365W/B365L,AvgW/AvgL,200.0,2.715,0.03383458646616533,0.3436754176610979,1.058080808080808,0.03278189626088146,0.03525761328544319,0.022081607298173878,0.0050368018979204555,,True,False,1.0,-1.0,-1.0
2024-10-14,2024-10-17,Stockholm,R16,Hard,3,Grigor Dimitrov,Quentin Halys,player2,top_10,0.8477655123849419,1.25,1.24,B365W/B365L,AvgW/AvgL,200.0,1.245,0.008064516129032251,0.7619047619047619,1.05,0.08586075048018005,0.05970689048117739,0.05546806291925277,0.05970689048117739,,True,True,1.0,0.25,0.2450000000000001
2024-10-14,2024-10-17,Almaty,R16,Hard,3,Otto Virtanen,Karen Khachanov,player2,other,0.38237065373425205,2.75,2.63,B365W/B365L,AvgW/AvgL,200.0,2.715,0.04562737642585546,0.3436754176610979,1.058080808080808,0.03869523607315417,0.05151929776919317,0.03813632488849428,0.00735989968131331,,True,False,1.0,-1.0,-1.0
2024-10-14,2024-10-18,Stockholm,QF,Hard,3,Tallon Griekspoor,Casper Ruud,player2,top_10,0.52499561809607,2.0,2.02,B365W/B365L,AvgW/AvgL,200.0,1.98,-0.00990099009900991,0.47368421052631576,1.0555555555555556,0.05131140756975422,0.049991236192139965,0.03949132383021858,0.012497809048034991,,True,True,1.0,1.0,0.98
2024-10-14,2024-10-18,Stockholm,QF,Hard,3,Grigor Dimitrov,Dominic Stricker,player2,top_10,0.9015723858085793,1.2,1.22,B365W/B365L,AvgW/AvgL,200.0,1.196,-0.016393442622950838,0.7894736842105263,1.0555555555555556,0.11209870159805302,0.08188686297029518,0.07828057342706085,0.102358578712869,,True,True,1.0,0.19999999999999996,0.19599999999999995
2024-10-14,2024-10-18,Stockholm,QF,Hard,3,Stan Wawrinka,Andrey Rublev,player1,top_10,0.29429286193804094,5.0,4.67,B365W/B365L,AvgW/AvgL,200.0,4.92,0.07066381156316925,0.18962722852512157,1.0547008547008547,0.10466563341291937,0.4714643096902047,0.44792088073516134,0.029466519355637794,,True,True,1.0,4.0,3.92
2024-10-14,2024-10-19,Antwerp,SF,Hard,3,Hugo Gaston,Roberto Bautista Agut,player2,other,0.3986644275981984,3.0,2.94,B365W/B365L,AvgW/AvgL,200.0,2.96,0.020408163265306145,0.3181818181818181,1.0476190476190477,0.0804826094163803,0.19599328279459527,0.18004670569066727,0.02449916034932441,,True,False,1.0,-1.0,-1.0
2024-10-21,2024-10-21,Basel,R32,Hard,3,Andrey Rublev,Nuno Borges,player2,top_10,0.8816836428978864,1.17,1.18,B365W/B365L,AvgW/AvgL,200.0,1.1665999999999999,-0.008474576271186418,0.8103727714748785,1.0547008547008547,0.07131087142300785,0.03156986219052699,0.028572137804674103,0.046426267927245586,,True,True,1.0,0.16999999999999993,0.16659999999999986
2024-10-21,2024-10-22,Vienna,R32,Hard,3,Alex De Minaur,Jan Lennard Struff,player2,top_10,0.8059648673421927,1.36,1.35,B365W/B365L,AvgW/AvgL,200.0,1.3528000000000002,0.007407407407407307,0.7017543859649122,1.0477941176470589,0.1042104813772805,0.09611221958538224,0.09030927254051851,0.0667445969342932,,True,True,1.0,0.3600000000000001,0.3528000000000002
2024-10-21,2024-10-23,Basel,R16,Hard,3,Alejandro Tabilo,Andrey Rublev,player1,top_10,0.2818128520199388,4.0,3.88,B365W/B365L,AvgW/AvgL,200.0,3.94,0.030927835051546504,0.23809523809523808,1.05,0.04371761392470069,0.1272514080797551,0.11034263695855873,0.010604284006646258,,True,False,1.0,-1.0,-1.0
2024-10-21,2024-10-24,Basel,R16,Hard,3,Pedro Martinez,Arthur Fils,player2,other,0.23278495847642544,4.5,4.28,B365W/B365L,AvgW/AvgL,200.0,4.43,0.051401869158878455,0.21052631578947367,1.0555555555555556,0.02225864268695177,0.047532313143914484,0.031237366050564597,0.0033951652245653202,,True,False,1.0,-1.0,-1.0
2024-10-21,2024-10-24,Vienna,R16,Hard,3,Flavio Cobolli,Alex De Minaur,player1,top_10,0.3107686176881051,3.4,3.24,B365W/B365L,AvgW/AvgL,200.0,3.352,0.04938271604938271,0.28118393234672306,1.0459973463069439,0.029584685341382033,0.05661330013955723,0.04169640649052819,0.005897218764537212,,True,False,1.0,-1.0,-1.0
2024-10-21,2024-10-24,Vienna,R16,Hard,3,Lorenzo Musetti,Gael Monfils,player2,other,0.6571041626697959,1.67,1.65,B365W/B365L,AvgW/AvgL,200.0,1.6566,0.0121212121212122,0.5684754521963824,1.0533478497550355,0.08862871047341347,0.09736395165855904,0.08855875587878392,0.03632983270841756,,True,True,1.0,0.6699999999999999,0.6566000000000001
2024-10-21,2024-10-25,Basel,QF,Hard,3,Holger Rune,David Goffin,player2,other,0.7579103605170477,1.36,1.36,B365W/B365L,AvgW/AvgL,200.0,1.3528000000000002,0.0,0.7017543859649122,1.0477941176470589,0.0561559745521355,0.030758090303184993,0.02530113570746234,0.02135978493276735,,True,True,1.0,0.3600000000000001,0.3528000000000002
2024-10-21,2024-10-25,Vienna,QF,Hard,3,Alexander Zverev,Lorenzo Musetti,player2,top_10,0.8562707940110452,1.22,1.24,B365W/B365L,AvgW/AvgL,200.0,1.2156,-0.016129032258064502,0.7801801801801801,1.0506190133646311,0.07609061383086513,0.044650368693475134,0.04088277719982658,0.05073905533349448,,True,False,1.0,-1.0,-1.0
2024-10-28,2024-10-29,Paris Masters,R32,Hard,4,Nicolas Jarry,Carlos Alcaraz,player1,top_10,0.20559927462533573,10.0,9.17,B365W/B365L,AvgW/AvgL,200.0,9.82,0.09051254089422023,0.09584086799276674,1.0433962264150942,0.10975840663256899,1.0559927462533572,1.0189848768207967,0.02933313184037103,,True,False,1.0,-1.0,-1.0
2024-10-28,2024-10-30,Paris Masters,R32,Hard,4,Daniil Medvedev,Alexei Popyrin,player2,top_10,0.8143921593834789,1.3,1.3,B365W/B365L,AvgW/AvgL,200.0,1.294,0.0,0.7291666666666667,1.0549450549450547,0.08522549271681212,0.05870980719852256,0.05382345424222168,0.04892483933210213,,True,False,1.0,-1.0,-1.0
2024-10-28,2024-10-30,Paris Masters,R32,Hard,4,Arthur Fils,Jan Lennard Struff,player2,other,0.746375860652309,1.4,1.42,B365W/B365L,AvgW/AvgL,200.0,1.392,-0.014084507042253502,0.6818181818181818,1.0476190476190477,0.06455767883412722,0.044926204913232515,0.03895519802801406,0.02807887807077033,,True,True,1.0,0.3999999999999999,0.3919999999999999
2024-10-28,2024-10-30,Paris Masters,R32,Hard,4,Miomir Kecmanovic,Alex De Minaur,player1,top_10,0.2715519581238074,4.0,3.9,B365W/B365L,AvgW/AvgL,200.0,3.94,0.025641025641025772,0.23809523809523808,1.05,0.03345672002856931,0.08620783249522956,0.06991471500780111,0.00718398604126913,,True,False,1.0,-1.0,-1.0
2024-10-28,2024-10-31,Paris Masters,R16,Hard,4,Ugo Humbert,Carlos Alcaraz,player1,top_10,0.2468877256548898,5.0,4.87,B365W/B365L,AvgW/AvgL,200.0,4.92,0.026694045174537884,0.18962722852512157,1.0547008547008547,0.057260497129768245,0.23443862827444906,0.21468761022205785,0.014652414267153066,,True,True,1.0,4.0,3.92
2024-10-28,2024-10-31,Paris Masters,R16,Hard,4,Arthur Rinderknech,Grigor Dimitrov,player2,top_10,0.28154484881638897,4.5,4.27,B365W/B365L,AvgW/AvgL,200.0,4.43,0.05386416861826704,0.21052631578947367,1.0555555555555556,0.0710185330269153,0.26695181967375037,0.24724368025660304,0.019067987119553598,,True,False,1.0,-1.0,-1.0
2024-10-28,2024-11-01,Paris Masters,QF,Hard,4,Stefanos Tsitsipas,Alexander Zverev,player2,top_10,0.4694146531103408,3.0,3.02,B365W/B365L,AvgW/AvgL,200.0,2.96,-0.0066225165562914245,0.3181818181818181,1.0476190476190477,0.15123283492852269,0.4082439593310224,0.38946737320660874,0.0510304949163778,,True,False,1.0,-1.0,-1.0
2024-11-04,2024-11-06,Metz,R16,Hard,3,Casper Ruud,Benjamin Bonzi,player2,top_10,0.5401107096160244,1.91,1.88,B365W/B365L,AvgW/AvgL,200.0,1.8918,0.015957446808510634,0.5,1.0471204188481675,0.040110709616024365,0.03161145536660648,0.021781440451594858,0.008684465760056725,,True,False,1.0,-1.0,-1.0
2024-11-11,2024-11-11,Tour Finals,RR,Hard,1,Andrey Rublev,Alexander Zverev,player1,top_10,0.2956414503097495,3.5,3.48,B365W/B365L,AvgW/AvgL,200.0,3.45,0.005747126436781658,0.27083333333333337,1.0549450549450547,0.024808116976416106,0.03474507608412325,0.019963003568635784,0.003474507608412325,,True,False,1.0,-1.0,-1.0
2024-11-11,2024-11-12,Tour Finals,RR,Hard,1,Alex De Minaur,Daniil Medvedev,player1,top_10,0.5890799491740671,1.91,1.88,B365W/B365L,AvgW/AvgL,200.0,1.8918,0.015957446808510634,0.5,1.0471204188481675,0.08907994917406714,0.1251427029224682,0.11442144784750019,0.03437986344023852,,True,False,1.0,-1.0,-1.0
2024-11-11,2024-11-13,Tour Finals,RR,Hard,1,Casper Ruud,Alexander Zverev,player1,top_10,0.18106412312910136,6.0,5.46,B365W/B365L,AvgW/AvgL,200.0,5.9,0.098901098901099,0.15848527349228608,1.0516224188790562,0.02257884963681528,0.08638473877460817,0.06827832646169807,0.004319236938730408,,True,False,1.0,-1.0,-1.0
2024-11-11,2024-11-16,Tour Finals,SF,Hard,1,Taylor Fritz,Alexander Zverev,player2,top_10,0.38305850595372704,3.0,2.94,B365W/B365L,AvgW/AvgL,200.0,2.96,0.020408163265306145,0.3181818181818181,1.0476190476190477,0.06487668777190891,0.1491755178611811,0.13385317762303206,0.01864693973264764,,True,True,1.0,2.0,1.96
2024-11-11,2024-11-16,Tour Finals,SF,Hard,1,Casper Ruud,Jannik Sinner,player1,top_10,0.18229612700784403,11.0,9.58,B365W/B365L,AvgW/AvgL,200.0,10.8,0.14822546972860118,0.08713692946058092,1.0432900432900432,0.09515919754726311,1.0052573970862844,0.9687981716847156,0.02513143492715711,,True,False,1.0,-1.0,-1.0
2024-12-30,2024-12-30,Brisbane,R32,Hard,3,Yannick Hanfmann,Grigor Dimitrov,player2,top_10,0.20068974792230498,5.5,5.58,B365W/B365L,AvgW/AvgL,200.0,5.41,-0.014336917562724039,0.1716867469879518,1.0590111642743223,0.02900300093435318,0.10379361357267747,0.08573153625967,0.005766311865148748,,True,False,1.0,-1.0,-1.0
2024-12-30,2024-12-31,Brisbane,R32,Hard,3,Rinky Hijikata,Novak Djokovic,player2,top_10,0.15333545356573408,13.0,10.93,B365W/B365L,AvgW/AvgL,200.0,12.76,0.18938700823421772,0.07407407407407408,1.0384615384615383,0.07926137949166,0.993360896354543,0.9565603874987669,0.02069501867405298,,True,False,1.0,-1.0,-1.0
2024-12-30,2025-01-01,Hong Kong,R16,Hard,3,Kei Nishikori,Karen Khachanov,player1,other,0.46830283273190737,2.2,2.16,B365W/B365L,AvgW/AvgL,200.0,2.176,0.0185185185185186,0.43152454780361754,1.0533478497550355,0.03677828492828983,0.030266232010196403,0.019026964024630555,0.00630546500212425,,True,True,1.0,1.2000000000000002,1.1760000000000002
2024-12-30,2025-01-03,Brisbane,QF,Hard,3,Jordan Thompson,Grigor Dimitrov,player1,top_10,0.3020863726990016,3.5,3.3,B365W/B365L,AvgW/AvgL,200.0,3.45,0.06060606060606055,0.27083333333333337,1.0549450549450547,0.031253039365668256,0.057302304446505636,0.04219798581155565,0.005730230444650564,,True,False,1.0,-1.0,-1.0
2024-12-30,2025-01-03,Brisbane,QF,Hard,3,Reilly Opelka,Novak Djokovic,player1,top_10,0.24831544181134557,11.0,9.96,B365W/B365L,AvgW/AvgL,200.0,10.8,0.10441767068273089,0.08713692946058092,1.0432900432900432,0.16117851235076464,1.7314698599248013,1.6818067715625324,0.04328674649812003,,True,True,1.0,10.0,9.8
2024-12-30,2025-01-04,Brisbane,SF,Hard,3,Jiri Lehecka,Grigor Dimitrov,player2,top_10,0.40627612134918256,2.63,2.52,B365W/B365L,AvgW/AvgL,200.0,2.5974,0.043650793650793496,0.36319612590799033,1.046894803548796,0.04307999544119223,0.0685061991483501,0.05526159759236671,0.010507085758949403,,True,True,1.0,1.63,1.5974
2025-01-06,2025-01-07,Auckland,R32,Hard,3,Pedro Martinez,Gael Monfils,player2,other,0.25925009622930373,4.0,3.72,B365W/B365L,AvgW/AvgL,200.0,3.94,0.07526881720430101,0.23809523809523808,1.05,0.021154858134065646,0.03700038491721491,0.021445379143456678,0.0030833654097679095,,True,False,1.0,-1.0,-1.0
2025-01-06,2025-01-08,Auckland,R16,Hard,3,Roberto Carballes Baena,Francisco Cerundolo,player2,other,0.39365555268238894,2.63,2.57,B365W/B365L,AvgW/AvgL,200.0,2.5974,0.023346303501945442,0.36319612590799033,1.046894803548796,0.030459426774398612,0.035314103554682896,0.02248093253723704,0.005416273551331733,,True,True,1.0,1.63,1.5974
2025-01-06,2025-01-08,Adelaide,R16,Hard,3,Manuel Guinard,Tommy Paul,player1,other,0.1415740003733481,9.0,8.42,B365W/B365L,AvgW/AvgL,200.0,8.84,0.06888361045130642,0.10625620655412116,1.0456905503634475,0.03531779381922695,0.27416600336013297,0.2515141633003972,0.008567687605004155,,True,False,1.0,-1.0,-1.0
2025-01-06,2025-01-11,Auckland,F,Hard,3,Zizou Bergs,Gael Monfils,player1,other,0.41846556596870116,2.5,2.37,B365W/B365L,AvgW/AvgL,200.0,2.4699999999999998,0.05485232067510548,0.3796526054590571,1.05359477124183,0.03881296050964406,0.04616391492175287,0.033609947942691676,0.0076939858202921445,,True,False,1.0,-1.0,-1.0
2025-01-13,2025-01-13,Australian Open,R128,Hard,5,Nicolas Jarry,Jannik Sinner,player1,top_10,0.06516408136902406,26.0,17.25,B365W/B365L,AvgW/AvgL,200.0,25.5,0.5072463768115942,0.03739355794150315,1.0285605483625286,0.027770523427520913,0.6942661155946256,0.6616840749101135,0.006942661155946256,,True,False,1.0,-1.0,-1.0
2025-01-13,2025-01-13,Australian Open,R128,Hard,5,Francesco Passaro,Grigor Dimitrov,player2,top_10,0.1892587941462236,11.0,10.21,B365W/B365L,AvgW/AvgL,200.0,10.8,0.07737512242899114,0.08713692946058092,1.0432900432900432,0.10212186468564267,1.0818467356084596,1.043994976779215,0.02704616839021149,,True,True,1.0,10.0,9.8
2025-01-13,2025-01-13,Australian Open,R128,Hard,5,Mariano Navone,Jack Draper,player2,other,0.1034571554596232,11.0,9.71,B365W/B365L,AvgW/AvgL,200.0,10.8,0.13285272914521107,0.08713692946058092,1.0432900432900432,0.016320225999042273,0.13802871005585515,0.11733727896393054,0.003450717751396379,,True,False,1.0,-1.0,-1.0
2025-01-13,2025-01-13,Australian Open,R128,Hard,5,Alexander Shevchenko,Carlos Alcaraz,player1,top_10,0.0746408044983613,29.0,20.74,B365W/B365L,AvgW/AvgL,200.0,28.439999999999998,0.398264223722276,0.03365544818393868,1.0245817685216798,0.04098535631442262,1.1645833304524777,1.122784479933395,0.010398065450468551,,True,False,1.0,-1.0,-1.0
2025-01-13,2025-01-13,Australian Open,R128,Hard,5,Sebastian Baez,Arthur Cazaux,player2,other,0.3603695263084925,3.0,2.96,B365W/B365L,AvgW/AvgL,200.0,2.96,0.013513513513513598,0.3181818181818181,1.0476190476190477,0.042187708126674384,0.08110857892547751,0.06669379787313778,0.01013857236568469,,True,False,1.0,-1.0,-1.0
2025-01-13,2025-01-14,Australian Open,R128,Hard,5,Adrian Mannarino,Karen Khachanov,player1,other,0.14745677924299372,7.0,6.44,B365W/B365L,AvgW/AvgL,200.0,6.88,0.08695652173913038,0.13580246913580246,1.051948051948052,0.011654310107191257,0.03219745470095603,0.014502641191796783,0.0013415606125398345,,True,False,1.0,-1.0,-1.0
2025-01-13,2025-01-14,Australian Open,R128,Hard,5,Botic Van De Zandschulp,Alex De Minaur,player1,top_10,0.12083649051109957,10.0,8.89,B365W/B365L,AvgW/AvgL,200.0,9.82,0.12485939257592804,0.09584086799276674,1.0433962264150942,0.02499562251833283,0.2083649051109956,0.18661433681899775,0.005787914030860989,,True,False,1.0,-1.0,-1.0
2025-01-13,2025-01-14,Australian Open,R128,Hard,5,Andrey Rublev,Joao Fonseca,player2,top_10,0.6778806421043897,1.62,1.62,B365W/B365L,AvgW/AvgL,200.0,1.6076000000000001,0.0,0.586734693877551,1.0520665593129361,0.09114594822683875,0.09816664020911137,0.08976092024701698,0.039583322664964254,,True,False,1.0,-1.0,-1.0
2025-01-13,2025-01-15,Australian Open,R64,Hard,5,Yoshihito Nishioka,Carlos Alcaraz,player1,top_10,0.1326283440354507,19.0,15.68,B365W/B365L,AvgW/AvgL,200.0,18.64,0.21173469387755106,0.050949050949050945,1.0330237358101135,0.08167929308639976,1.5199385366735636,1.4721923328208013,0.021110257453799495,,True,False,1.0,-1.0,-1.0
2025-01-13,2025-01-15,Australian Open,R64,Hard,5,Jakub Mensik,Casper Ruud,player2,top_10,0.5718722561136352,2.1,2.1,B365W/B365L,AvgW/AvgL,200.0,2.0780000000000003,0.0,0.4516971279373368,1.054225158271401,0.12017512817629844,0.20093173783863405,0.18835054820413422,0.04566630405423501,,True,True,1.0,1.1,1.0780000000000003
2025-01-13,2025-01-16,Australian Open,R64,Hard,5,Daniel Altmaier,Gael Monfils,player2,other,0.29061006009058066,4.5,4.38,B365W/B365L,AvgW/AvgL,200.0,4.43,0.027397260273972712,0.21052631578947367,1.0555555555555556,0.08008374430110698,0.307745270407613,0.28740256620127225,0.021981805029115214,,True,False,1.0,-1.0,-1.0
2025-01-13,2025-01-18,Australian Open,R32,Hard,5,Francisco Cerundolo,Alex De Minaur,player1,top_10,0.14366876892899963,8.0,7.3,B365W/B365L,AvgW/AvgL,200.0,7.859999999999999,0.09589041095890405,0.11894273127753305,1.0509259259259258,0.02472603765146658,0.14935015143199692,0.12923652378193695,0.005333933979714176,,True,False,1.0,-1.0,-1.0
2025-01-13,2025-01-18,Australian Open,R32,Hard,5,Gael Monfils,Taylor Fritz,player1,top_10,0.25446361914169724,7.0,6.44,B365W/B365L,AvgW/AvgL,200.0,6.88,0.08695652173913038,0.13580246913580246,1.051948051948052,0.11866115000589478,0.7812453339918807,0.7507096996948769,0.03255188891632836,,True,True,1.0,6.0,5.88
2025-01-13,2025-01-19,Australian Open,R16,Hard,5,Jack Draper,Carlos Alcaraz,player1,top_10,0.18383622239733105,8.0,8.12,B365W/B365L,AvgW/AvgL,200.0,7.859999999999999,-0.01477832512315258,0.11894273127753305,1.0509259259259258,0.064893491119798,0.4706897791786484,0.444952708043022,0.0168103492563803,,True,False,1.0,-1.0,-1.0
2025-01-13,2025-01-21,Australian Open,QF,Hard,5,Novak Djokovic,Carlos Alcaraz,player2,top_10,0.426745749208825,2.5,2.57,B365W/B365L,AvgW/AvgL,200.0,2.4699999999999998,-0.027237354085603016,0.3796526054590571,1.05359477124183,0.04709314374976792,0.0668643730220625,0.054062000545797684,0.01114406217034375,,True,True,1.0,1.5,1.4699999999999998
2025-01-27,2025-01-28,Montpellier,R32,Hard,3,Constant Lestienne,Borna Coric,player1,other,0.5495241416296905,2.0,1.94,B365W/B365L,AvgW/AvgL,200.0,1.98,0.030927835051546504,0.47368421052631576,1.0555555555555556,0.07583993110337478,0.09904828325938109,0.08805780042678724,0.02476207081484527,,True,True,1.0,1.0,0.98
2025-01-27,2025-01-30,Montpellier,R16,Hard,3,Jesper De Jong,Flavio Cobolli,player1,other,0.39738367075116077,2.63,2.53,B365W/B365L,AvgW/AvgL,200.0,2.5974,0.03952569169960474,0.36319612590799033,1.046894803548796,0.034187544843170437,0.04511905407555272,0.03216434640906496,0.006920100318336307,,True,True,1.0,1.63,1.5974
2025-01-27,2025-02-01,Montpellier,SF,Hard,3,Andrey Rublev,Aleksandar Kovacevic,player2,top_10,0.8415805375400227,1.25,1.26,B365W/B365L,AvgW/AvgL,200.0,1.245,-0.007936507936507908,0.7619047619047619,1.05,0.07967577563526085,0.05197567192502839,0.04776776923732837,0.05197567192502839,,True,False,1.0,-1.0,-1.0
2025-02-03,2025-02-03,Rotterdam,R32,Hard,3,Stan Wawrinka,Daniil Medvedev,player2,top_10,0.27144065737688083,5.5,5.26,B365W/B365L,AvgW/AvgL,200.0,5.41,0.04562737642585546,0.1716867469879518,1.0590111642743223,0.09975391038892903,0.4929236155728447,0.46849395640892544,0.02738464530960248,,True,False,1.0,-1.0,-1.0
2025-02-03,2025-02-03,Rotterdam,R32,Hard,3,Flavio Cobolli,Hubert Hurkacz,player2,other,0.3010225473310205,3.75,3.49,B365W/B365L,AvgW/AvgL,200.0,3.695,0.0744985673352434,0.25595238095238093,1.041860465116279,0.04507016637863959,0.12883455249132691,0.1122783123881208,0.011712232044666083,,True,False,1.0,-1.0,-1.0
2025-02-03,2025-02-05,Rotterdam,R16,Hard,3,Mattia Bellucci,Daniil Medvedev,player1,top_10,0.467644790739667,3.5,3.47,B365W/B365L,AvgW/AvgL,200.0,3.45,0.008645533141210304,0.27083333333333337,1.0549450549450547,0.19681145740633366,0.6367567675888346,0.6133745280518512,0.06367567675888346,,True,True,1.0,2.5,2.45
2025-02-03,2025-02-06,Rotterdam,R16,Hard,3,Andrey Rublev,Fabian Marozsan,player1,top_10,0.8411045562155782,1.25,1.26,B365W/B365L,AvgW/AvgL,200.0,1.245,-0.007936507936507908,0.7619047619047619,1.05,0.07919979431081636,0.05138069526947278,0.04717517248839498,0.05138069526947278,,True,True,1.0,0.25,0.2450000000000001
2025-02-03,2025-02-06,Rotterdam,R16,Hard,3,Andrea Vavassori,Carlos Alcaraz,player2,top_10,0.1914485964334327,9.0,8.13,B365W/B365L,AvgW/AvgL,200.0,8.84,0.10701107011070099,0.10625620655412116,1.0456905503634475,0.08519238987931155,0.7230373679008943,0.6924055924715451,0.02259491774690295,,True,False,1.0,-1.0,-1.0
2025-02-03,2025-02-06,Dallas,R16,Hard,3,Michael Mmoh,Casper Ruud,player2,top_10,0.24417468731124448,4.5,4.48,B365W/B365L,AvgW/AvgL,200.0,4.43,0.004464285714285587,0.21052631578947367,1.0555555555555556,0.033648371521770803,0.09878609290060014,0.08169386478881291,0.00705614949290001,,True,False,1.0,-1.0,-1.0
2025-02-03,2025-02-07,Rotterdam,QF,Hard,3,Hubert Hurkacz,Andrey Rublev,player1,top_10,0.5085331219769934,2.1,2.07,B365W/B365L,AvgW/AvgL,200.0,2.0780000000000003,0.01449275362318847,0.4516971279373368,1.054225158271401,0.05683599403965661,0.06791955615168621,0.0567318274681925,0.015436262761746864,,True,True,1.0,1.1,1.0780000000000003
2025-02-03,2025-02-07,Rotterdam,QF,Hard,3,Pedro Martinez,Carlos Alcaraz,player2,top_10,0.11029218053504641,11.0,9.83,B365W/B365L,AvgW/AvgL,200.0,10.8,0.11902339776195325,0.08713692946058092,1.0432900432900432,0.02315525107446549,0.21321398588551055,0.19115554977850124,0.005330349647137763,,True,False,1.0,-1.0,-1.0
2025-02-03,2025-02-08,Rotterdam,SF,Hard,3,Hubert Hurkacz,Carlos Alcaraz,player1,top_10,0.293162710126706,4.0,4.09,B365W/B365L,AvgW/AvgL,200.0,3.94,-0.022004889975550057,0.23809523809523808,1.05,0.055067472031467946,0.1726508405068241,0.15506107789922174,0.014387570042235343,,True,False,1.0,-1.0,-1.0
2025-02-03,2025-02-08,Dallas,QF,Hard,3,Reilly Opelka,Tommy Paul,player1,top_10,0.4143481199831026,2.5,2.5,B365W/B365L,AvgW/AvgL,200.0,2.4699999999999998,0.0,0.3796526054590571,1.05359477124183,0.03469551452404551,0.03587029995775659,0.0234398563582634,0.005978383326292765,,True,False,1.0,-1.0,-1.0
2025-02-03,2025-02-08,Dallas,SF,Hard,3,Denis Shapovalov,Tommy Paul,player2,top_10,0.3919872363045537,2.63,2.55,B365W/B365L,AvgW/AvgL,200.0,2.5974,0.031372549019607954,0.36319612590799033,1.046894803548796,0.028791110396563346,0.03092643148097618,0.01814764757744769,0.004743317711806163,,True,True,1.0,1.63,1.5974
2025-02-10,2025-02-12,Marseille,R16,Hard,3,Alexander Bublik,Ugo Humbert,player2,other,0.27486270209554253,3.75,3.54,B365W/B365L,AvgW/AvgL,200.0,3.695,0.05932203389830515,0.25595238095238093,1.041860465116279,0.0189103211431616,0.030735132858284553,0.015617684243029561,0.0027941029871167773,,True,False,1.0,-1.0,-1.0
2025-02-10,2025-02-12,Buenos Aires,R32,Clay,3,Diego Schwartzman,Nicolas Jarry,player2,other,0.2399109562930981,4.33,4.01,B365W/B365L,AvgW/AvgL,200.0,4.2634,0.07980049875311734,0.2198198198198198,1.0506190133646311,0.020091136473278315,0.03881444074911489,0.022836371059994476,0.0029139970532368535,,True,True,1.0,3.33,3.2634
2025-02-10,2025-02-13,Buenos Aires,R16,Clay,3,Corentin Moutet,Lorenzo Musetti,player1,other,0.3101481223371617,3.5,3.28,B365W/B365L,AvgW/AvgL,200.0,3.45,0.06707317073170738,0.27083333333333337,1.0549450549450547,0.03931478900382834,0.08551842818006594,0.07001102206320797,0.008551842818006593,,True,False,1.0,-1.0,-1.0
2025-02-10,2025-02-14,Marseille,QF,Hard,3,Jan Lennard Struff,Daniil Medvedev,player1,top_10,0.2898084156468871,4.33,4.15,B365W/B365L,AvgW/AvgL,200.0,4.2634,0.04337349397590362,0.21557971014492752,1.0712830166708716,0.07422870550195956,0.2548704397510211,0.23556919926893838,0.019134417398725307,,True,False,1.0,-1.0,-1.0
2025-02-10,2025-02-14,Buenos Aires,QF,Clay,3,Francisco Cerundolo,Alexander Zverev,player2,top_10,0.2997013176430937,3.5,3.11,B365W/B365L,AvgW/AvgL,200.0,3.45,0.12540192926045024,0.27083333333333337,1.0549450549450547,0.02886798430976034,0.04895461175082805,0.0339695458686734,0.004895461175082804,,True,True,1.0,2.5,2.45
2025-02-10,2025-02-15,Marseille,SF,Hard,3,Daniil Medvedev,Hamad Medjedovic,player1,top_10,0.8223950478371972,1.29,1.28,B365W/B365L,AvgW/AvgL,200.0,1.2842,0.0078125,0.744047619047619,1.041860465116279,0.07834742878957823,0.060889611709984415,0.056119720432528636,0.05249104457757277,,True,False,1.0,-1.0,-1.0
2025-02-17,2025-02-17,Doha,R32,Hard,3,Marin Cilic,Carlos Alcaraz,player1,top_10,0.06451415130803519,17.0,12.75,B365W/B365L,AvgW/AvgL,200.0,16.68,0.33333333333333326,0.05712701053799223,1.0296973158195317,0.007387140770042953,0.09674057223659815,0.07609604381802693,0.0015115714411968462,,True,False,1.0,-1.0,-1.0
2025-02-17,2025-02-19,Doha,R16,Hard,3,Andrey Rublev,Nuno Borges,player1,top_10,0.7965916724818362,1.3,1.29,B365W/B365L,AvgW/AvgL,200.0,1.294,0.007751937984496138,0.7291666666666667,1.0549450549450547,0.06742500581516941,0.03556917422638703,0.03078962419149603,0.029640978521989186,,True,True,1.0,0.30000000000000004,0.29400000000000004
2025-02-17,2025-02-19,Doha,R16,Hard,3,Daniil Medvedev,Zizou Bergs,player2,top_10,0.8067557772215685,1.36,1.34,B365W/B365L,AvgW/AvgL,200.0,1.3528000000000002,0.014925373134328401,0.7017543859649122,1.0477941176470589,0.1050013912566563,0.09718785702133331,0.09137921542533811,0.06749156737592589,,True,True,1.0,0.3600000000000001,0.3528000000000002
2025-02-17,2025-02-19,Doha,R16,Hard,3,Hamad Medjedovic,Felix Auger Aliassime,player2,other,0.23097005063738396,4.5,4.22,B365W/B365L,AvgW/AvgL,200.0,4.43,0.06635071090047395,0.21052631578947367,1.0555555555555556,0.02044373484791029,0.039365227868227826,0.02319732432361088,0.0028118019905877018,,True,False,1.0,-1.0,-1.0
2025-02-17,2025-02-19,Rio de Janeiro,R32,Clay,3,Alexandre Muller,Joao Fonseca,player2,other,0.2189386324999264,5.0,4.61,B365W/B365L,AvgW/AvgL,200.0,4.92,0.08459869848156165,0.18962722852512157,1.0547008547008547,0.029311403974804834,0.094693162499632,0.07717807189963788,0.005918322656227,,True,True,1.0,4.0,3.92
2025-02-17,2025-02-19,Rio de Janeiro,R16,Clay,3,Alexander Shevchenko,Alexander Zverev,player2,top_10,0.15267059316766307,8.0,8.15,B365W/B365L,AvgW/AvgL,200.0,7.859999999999999,-0.018404907975460127,0.11894273127753305,1.0509259259259258,0.03372786189013002,0.22136474534130457,0.1999908622978317,0.00790588376218945,,True,False,1.0,-1.0,-1.0
2025-02-17,2025-02-21,Doha,SF,Hard,3,Felix Auger Aliassime,Andrey Rublev,player1,top_10,0.5063806997802175,2.2,2.18,B365W/B365L,AvgW/AvgL,200.0,2.176,0.00917431192660545,0.43152454780361754,1.0533478497550355,0.07485615197659995,0.11403753951647855,0.10188440272175336,0.023757820732599695,,True,False,1.0,-1.0,-1.0
2025-02-24,2025-02-25,Dubai,R32,Hard,3,Daniil Medvedev,Jan Lennard Struff,player1,top_10,0.8834635181283615,1.17,1.17,B365W/B365L,AvgW/AvgL,200.0,1.1665999999999999,0.0,0.8103727714748785,1.0547008547008547,0.07309074665348303,0.03365231621018294,0.030648540248546463,0.04948870030909258,,True,True,1.0,0.16999999999999993,0.16659999999999986
2025-02-24,2025-02-25,Acapulco,R32,Hard,3,Arthur Rinderknech,Casper Ruud,player2,top_10,0.3245998839850216,4.5,4.4,B365W/B365L,AvgW/AvgL,200.0,4.43,0.022727272727272707,0.21052631578947367,1.0555555555555556,0.11407356819554793,0.46069947793259713,0.4379774860536455,0.03290710556661408,,True,False,1.0,-1.0,-1.0
2025-02-24,2025-02-25,Acapulco,R32,Hard,3,Flavio Cobolli,Ben Shelton,player2,other,0.2886669067668579,3.75,3.61,B365W/B365L,AvgW/AvgL,200.0,3.695,0.03878116343490312,0.25595238095238093,1.041860465116279,0.03271452581447698,0.08250090037571711,0.06662422050353989,0.0075000818523379194,,True,False,1.0,-1.0,-1.0
2025-03-05,2025-03-07,Indian Wells Masters,R64,Hard,4,Tallon Griekspoor,Alexander Zverev,player1,top_10,0.2836209632856088,4.0,3.87,B365W/B365L,AvgW/AvgL,200.0,3.94,0.03359173126614978,0.23809523809523808,1.05,0.045525725190370736,0.13448385314243527,0.11746659534529869,0.011206987761869605,,True,True,1.0,3.0,2.94
2025-03-05,2025-03-08,Indian Wells Masters,R64,Hard,4,Adam Walton,Denis Shapovalov,player2,other,0.2878992462627151,4.0,3.68,B365W/B365L,AvgW/AvgL,200.0,3.94,0.08695652173913038,0.23809523809523808,1.05,0.04980400816747704,0.1515969850508605,0.13432303027509762,0.012633082087571709,,True,False,1.0,-1.0,-1.0
2025-03-05,2025-03-08,Indian Wells Masters,R64,Hard,4,Hugo Gaston,Hubert Hurkacz,player1,other,0.25740901348845063,4.33,4.1,B365W/B365L,AvgW/AvgL,200.0,4.2634,0.056097560975609806,0.2198198198198198,1.0506190133646311,0.03758919366863084,0.11458102840499118,0.09743758810666037,0.008602179309684023,,True,False,1.0,-1.0,-1.0
2025-03-05,2025-03-08,Indian Wells Masters,R64,Hard,4,Botic Van De Zandschulp,Novak Djokovic,player1,top_10,0.1498321210846011,7.0,6.91,B365W/B365L,AvgW/AvgL,200.0,6.88,0.013024602026049159,0.13580246913580246,1.051948051948052,0.014029651948798627,0.04882484759220762,0.03084499306205546,0.0020343686496753174,,True,True,1.0,6.0,5.88
2025-03-05,2025-03-08,Indian Wells Masters,R64,Hard,4,Andrey Rublev,Matteo Arnaldi,player1,top_10,0.7671881514939201,1.4,1.42,B365W/B365L,AvgW/AvgL,200.0,1.392,-0.014084507042253502,0.6818181818181818,1.0476190476190477,0.08536996967573829,0.07406341209148803,0.06792590687953665,0.04628963255718003,,True,False,1.0,-1.0,-1.0
2025-03-05,2025-03-08,Indian Wells Masters,R64,Hard,4,Yosuke Watanuki,Tomas Machac,player2,other,0.262629085292039,4.0,3.96,B365W/B365L,AvgW/AvgL,200.0,3.94,0.010101010101010166,0.23809523809523808,1.05,0.024533847196800906,0.050516341168155954,0.03475859605063358,0.004209695097346329,,True,True,1.0,3.0,2.94
2025-03-05,2025-03-09,Indian Wells Masters,R64,Hard,4,David Goffin,Alex De Minaur,player2,top_10,0.24208042290539034,5.5,5.25,B365W/B365L,AvgW/AvgL,200.0,5.41,0.04761904761904767,0.1716867469879518,1.0590111642743223,0.07039367591743853,0.33144232597964685,0.30965508791816165,0.018413462554424824,,True,False,1.0,-1.0,-1.0
2025-03-05,2025-03-09,Indian Wells Masters,R32,Hard,4,Alex Michelsen,Daniil Medvedev,player1,top_10,0.3043636971071029,3.4,3.26,B365W/B365L,AvgW/AvgL,200.0,3.352,0.042944785276073594,0.28118393234672306,1.0459973463069439,0.023179764760379862,0.03483657016414987,0.02022711270300892,0.003628809392098945,,True,False,1.0,-1.0,-1.0
2025-03-05,2025-03-09,Indian Wells Masters,R32,Hard,4,Stefanos Tsitsipas,Matteo Berrettini,player1,top_10,0.5588665170096643,1.91,1.94,B365W/B365L,AvgW/AvgL,200.0,1.8918,-0.015463917525773252,0.5,1.0471204188481675,0.058866517009664276,0.06743504748845874,0.05726367687888284,0.018526111947378777,,True,True,1.0,0.9099999999999999,0.8917999999999999
2025-03-05,2025-03-10,Indian Wells Masters,R32,Hard,4,Hubert Hurkacz,Alex De Minaur,player1,top_10,0.40467228086008256,2.75,2.65,B365W/B365L,AvgW/AvgL,200.0,2.715,0.037735849056603765,0.3436754176610979,1.058080808080808,0.060996863198984674,0.11284877236522706,0.09868524253512412,0.016121253195032437,,True,False,1.0,-1.0,-1.0
2025-03-05,2025-03-11,Indian Wells Masters,R32,Hard,4,Grigor Dimitrov,Gael Monfils,player2,other,0.5723236519485615,1.91,1.92,B365W/B365L,AvgW/AvgL,200.0,1.8918,-0.00520833333333337,0.5,1.0471204188481675,0.0723236519485615,0.09313817522175238,0.08272188475628861,0.025587410775206702,,True,True,1.0,0.9099999999999999,0.8917999999999999
2025-03-05,2025-03-11,Indian Wells Masters,R16,Hard,4,Holger Rune,Stefanos Tsitsipas,player1,top_10,0.45391324809136274,2.3,2.29,B365W/B365L,AvgW/AvgL,200.0,2.274,0.004366812227074135,0.413265306122449,1.0520665593129361,0.04064794196891375,0.044000470610134235,0.03219872615975894,0.008461628963487355,,True,True,1.0,1.2999999999999998,1.274
2025-03-05,2025-03-12,Indian Wells Masters,R16,Hard,4,Jack Draper,Taylor Fritz,player1,top_10,0.6298348554377811,1.69,1.78,B365W/B365L,AvgW/AvgL,200.0,1.6762,-0.050561797752809,0.554089709762533,1.0679064525218371,0.07574514567524804,0.06442090568984998,0.055729184684808586,0.0233409078586413,,True,True,1.0,0.69,0.6761999999999999
2025-03-05,2025-03-13,Indian Wells Masters,QF,Hard,4,Daniil Medvedev,Arthur Fils,player1,top_10,0.7626066473636617,1.36,1.35,B365W/B365L,AvgW/AvgL,200.0,1.3528000000000002,0.007407407407407307,0.7017543859649122,1.0477941176470589,0.06085226139874944,0.037145040414579944,0.03165427255356168,0.025795166954569397,,True,True,1.0,0.3600000000000001,0.3528000000000002
2025-03-05,2025-03-15,Indian Wells Masters,SF,Hard,4,Jack Draper,Carlos Alcaraz,player2,top_10,0.32643122804954483,3.5,3.44,B365W/B365L,AvgW/AvgL,200.0,3.45,0.01744186046511631,0.27083333333333337,1.0549450549450547,0.05559789471621146,0.14250929817340696,0.12618773677092976,0.014250929817340696,,True,True,1.0,2.5,2.45
2025-03-19,2025-03-19,Miami Masters,R128,Hard,4,Fabian Marozsan,Gael Monfils,player2,other,0.35135830719731354,3.0,2.81,B365W/B365L,AvgW/AvgL,200.0,2.96,0.06761565836298922,0.3181818181818181,1.0476190476190477,0.033176489015495414,0.054074921591940606,0.04002058930404806,0.006759365198992576,,True,False,1.0,-1.0,-1.0
2025-03-19,2025-03-21,Miami Masters,R64,Hard,4,Quentin Halys,Lorenzo Musetti,player1,other,0.4464655362186997,2.38,2.42,B365W/B365L,AvgW/AvgL,200.0,2.3524,-0.016528925619834767,0.39746835443037976,1.0571107423861263,0.048997181788319966,0.06258797620050538,0.0502655274008692,0.011338401485598802,,True,False,1.0,-1.0,-1.0
2025-03-19,2025-03-21,Miami Masters,R64,Hard,4,Stefanos Tsitsipas,Chun Hsin Tseng,player1,top_10,0.9419339035588455,1.1,1.1,B365W/B365L,AvgW/AvgL,200.0,1.098,0.0,0.8641975308641975,1.051948051948052,0.07773637269464806,0.036127293914730185,0.03424342610761248,0.09031823478682538,,True,True,1.0,0.10000000000000009,0.09800000000000009
2025-03-19,2025-03-22,Miami Masters,R64,Hard,4,Andrey Rublev,Zizou Bergs,player1,top_10,0.8010720235981232,1.3,1.31,B365W/B365L,AvgW/AvgL,200.0,1.294,-0.007633587786259555,0.7291666666666667,1.0549450549450547,0.0719053569314565,0.041393630677560245,0.036587198535971505,0.0344946922313002,,True,False,1.0,-1.0,-1.0
2025-03-19,2025-03-22,Miami Masters,R64,Hard,4,Coleman Wong,Ben Shelton,player2,other,0.1568385954051309,7.0,6.92,B365W/B365L,AvgW/AvgL,200.0,6.88,0.011560693641618602,0.13580246913580246,1.051948051948052,0.021036126269328437,0.09787016783591629,0.07904953638730061,0.004077923659829845,,True,True,1.0,6.0,5.88
2025-03-19,2025-03-22,Miami Masters,R64,Hard,4,Thiago Agustin Tirante,Denis Shapovalov,player2,other,0.24362925311349404,4.5,4.39,B365W/B365L,AvgW/AvgL,200.0,4.43,0.02505694760820054,0.21052631578947367,1.0555555555555556,0.033102937324020365,0.09633163901072317,0.07927759129277856,0.006880831357908798,,True,False,1.0,-1.0,-1.0
2025-03-19,2025-03-22,Miami Masters,R64,Hard,4,Lorenzo Sonego,Taylor Fritz,player1,top_10,0.20635640311801984,5.5,5.37,B365W/B365L,AvgW/AvgL,200.0,5.41,0.024208566108007368,0.1716867469879518,1.0590111642743223,0.03466965613006803,0.1349602171491091,0.11638814086848737,0.007497789841617173,,True,False,1.0,-1.0,-1.0
2025-03-19,2025-03-22,Miami Masters,R64,Hard,4,Jack Draper,Jakub Mensik,player1,top_10,0.8611193655428382,1.25,1.28,B365W/B365L,AvgW/AvgL,200.0,1.245,-0.0234375,0.7619047619047619,1.05,0.09921460363807633,0.07639920692854774,0.07209361010083365,0.07639920692854774,,True,False,1.0,-1.0,-1.0
2025-03-19,2025-03-23,Miami Masters,R32,Hard,4,Jaume Munar,Gael Monfils,player2,other,0.4117309632130879,2.63,2.56,B365W/B365L,AvgW/AvgL,200.0,2.5974,0.02734375,0.36319612590799033,1.046894803548796,0.048534837305097556,0.08285243325042113,0.06943000384967446,0.012707428412641279,,True,False,1.0,-1.0,-1.0
2025-03-19,2025-03-24,Miami Masters,R32,Hard,4,Casper Ruud,Alejandro Tabilo,player1,top_10,0.8136063662034703,1.33,1.34,B365W/B365L,AvgW/AvgL,200.0,1.3234000000000001,-0.007462686567164201,0.7188160676532769,1.0459973463069439,0.09479029855019339,0.08209646705061552,0.07672666503367265,0.06219429322016326,,True,True,1.0,0.33000000000000007,0.32340000000000013
2025-03-19,2025-03-25,Miami Masters,R16,Hard,4,Lorenzo Musetti,Novak Djokovic,player2,top_10,0.3094184095624395,3.5,3.42,B365W/B365L,AvgW/AvgL,200.0,3.45,0.023391812865497075,0.27083333333333337,1.0549450549450547,0.03858507622910612,0.08296443346853821,0.06749351299041628,0.00829644334685382,,True,False,1.0,-1.0,-1.0
2025-03-19,2025-03-26,Miami Masters,R16,Hard,4,Alexander Zverev,Arthur Fils,player2,top_10,0.8132090440729659,1.3,1.32,B365W/B365L,AvgW/AvgL,200.0,1.294,-0.015151515151515138,0.7291666666666667,1.0549450549450547,0.08404237740629916,0.05717175729485571,0.05229250303041791,0.04764313107904642,,True,False,1.0,-1.0,-1.0
2025-03-19,2025-03-27,Miami Masters,QF,Hard,4,Taylor Fritz,Matteo Berrettini,player1,top_10,0.772092521869817,1.44,1.44,B365W/B365L,AvgW/AvgL,200.0,1.4312,0.0,0.6563245823389022,1.058080808080808,0.1157679395309148,0.11181323149253647,0.10501881730008217,0.06353024516621392,,True,True,1.0,0.43999999999999995,0.4312
2025-03-31,2025-04-04,Houston,R16,Clay,3,Adam Walton,Frances Tiafoe,player2,other,0.25983648793661684,4.0,3.64,B365W/B365L,AvgW/AvgL,200.0,3.94,0.09890109890109877,0.23809523809523808,1.05,0.021741249841378762,0.03934595174646738,0.023755762470270336,0.0032788293122056147,,True,False,1.0,-1.0,-1.0
2025-04-07,2025-04-08,Monte Carlo Masters,R32,Clay,4,Matteo Berrettini,Alexander Zverev,player1,top_10,0.4727110156750603,2.38,2.42,B365W/B365L,AvgW/AvgL,200.0,2.3524,-0.016528925619834767,0.39746835443037976,1.0571107423861263,0.07524266124468054,0.1250522173066434,0.11200539327401171,0.0226543871932325,,True,True,1.0,1.38,1.3523999999999998
2025-04-07,2025-04-09,Monte Carlo Masters,R32,Clay,4,Francisco Cerundolo,Carlos Alcaraz,player1,top_10,0.3441021189018395,3.2,3.12,B365W/B365L,AvgW/AvgL,200.0,3.156,0.025641025641025772,0.2982456140350877,1.0477941176470589,0.0458565048667518,0.10112678048588652,0.08598628725420554,0.011491679600668922,,True,False,1.0,-1.0,-1.0
2025-04-07,2025-04-09,Monte Carlo Masters,R32,Clay,4,Alex De Minaur,Tomas Machac,player1,top_10,0.6023903714684055,1.73,1.71,B365W/B365L,AvgW/AvgL,200.0,1.7153999999999998,0.011695906432748648,0.5483028720626633,1.054225158271401,0.0540874994057422,0.04213534264034141,0.033340443216902604,0.014429911863130621,,True,True,1.0,0.73,0.7153999999999998
2025-04-07,2025-04-09,Monte Carlo Masters,R32,Clay,4,Novak Djokovic,Alejandro Tabilo,player1,top_10,0.8866179170367938,1.17,1.18,B365W/B365L,AvgW/AvgL,200.0,1.1665999999999999,-0.008474576271186418,0.8103727714748785,1.0547008547008547,0.0762451455619153,0.0373429629330487,0.034328462015123545,0.05491612196036576,,True,False,1.0,-1.0,-1.0
2025-04-07,2025-04-10,Monte Carlo Masters,R16,Clay,4,Alejandro Davidovich Fokina,Jack Draper,player1,top_10,0.41108511179291546,2.75,2.71,B365W/B365L,AvgW/AvgL,200.0,2.715,0.014760147601476037,0.3436754176610979,1.058080808080808,0.06740969413181758,0.1304840574305176,0.11609607851776549,0.018640579632931087,,True,True,1.0,1.75,1.7149999999999999
2025-04-07,2025-04-10,Monte Carlo Masters,R16,Clay,4,Alex De Minaur,Daniil Medvedev,player2,top_10,0.6802536823984893,1.67,1.66,B365W/B365L,AvgW/AvgL,200.0,1.6566,0.006024096385542244,0.5684754521963824,1.0533478497550355,0.11177823020210687,0.13602364960547703,0.1269082502613374,0.05075509313637203,,True,True,1.0,0.6699999999999999,0.6566000000000001
2025-04-07,2025-04-11,Monte Carlo Masters,QF,Clay,4,Arthur Fils,Carlos Alcaraz,player2,top_10,0.35212666932620684,3.2,3.17,B365W/B365L,AvgW/AvgL,200.0,3.156,0.009463722397476504,0.2982456140350877,1.0477941176470589,0.05388105529111914,0.12680534184386194,0.11131176839350887,0.014409697936802492,,True,False,1.0,-1.0,-1.0
2025-04-07,2025-04-13,Monte Carlo Masters,F,Clay,4,Carlos Alcaraz,Lorenzo Musetti,player2,top_10,0.8633018679524428,1.2,1.21,B365W/B365L,AvgW/AvgL,200.0,1.196,-0.008264462809917328,0.7894736842105263,1.0555555555555556,0.07382818374191646,0.03596224154293132,0.032509034071121545,0.04495280192866415,,True,True,1.0,0.19999999999999996,0.19599999999999995
2025-04-14,2025-04-16,Barcelona,R16,Clay,3,Casper Ruud,Hamad Medjedovic,player1,top_10,0.795136831275306,1.36,1.37,B365W/B365L,AvgW/AvgL,200.0,1.3528000000000002,-0.007299270072992692,0.7017543859649122,1.0477941176470589,0.09338244531039375,0.0813860905344162,0.07566110534923409,0.0565181184266779,,True,True,1.0,0.3600000000000001,0.3528000000000002
2025-04-14,2025-04-17,Barcelona,R16,Clay,3,Andrey Rublev,Alejandro Davidovich Fokina,player1,top_10,0.5875860035004338,1.8,1.82,B365W/B365L,AvgW/AvgL,200.0,1.784,-0.01098901098901095,0.5263157894736842,1.0555555555555556,0.06127021402674959,0.05765480630078079,0.048253430244773854,0.018017126968993998,,True,False,1.0,-1.0,-1.0
2025-04-14,2025-04-18,Munich,QF,Clay,3,Alexander Zverev,Tallon Griekspoor,player2,top_10,0.8408718970353177,1.29,1.27,B365W/B365L,AvgW/AvgL,200.0,1.2842,0.015748031496062964,0.744047619047619,1.041860465116279,0.09682427798769877,0.08472474717555989,0.07984769017275503,0.07303857515134472,,True,True,1.0,0.29000000000000004,0.2842
2025-04-14,2025-04-18,Barcelona,QF,Clay,3,Carlos Alcaraz,Alex De Minaur,player2,top_10,0.8498138766593173,1.22,1.22,B365W/B365L,AvgW/AvgL,200.0,1.2156,0.0,0.7801801801801801,1.0506190133646311,0.0696336964791372,0.03677292952436706,0.03303374846706611,0.041787419914053485,,True,True,1.0,0.21999999999999997,0.2156
2025-04-23,2025-04-25,Madrid Masters,R64,Clay,4,Juan Manuel Cerundolo,Felix Auger Aliassime,player2,other,0.2866653560226893,3.75,3.69,B365W/B365L,AvgW/AvgL,200.0,3.695,0.016260162601626105,0.25595238095238093,1.041860465116279,0.030712975070308346,0.07499508508508479,0.05922849050383683,0.006817735007734981,,True,True,1.0,2.75,2.695
2025-04-23,2025-04-25,Madrid Masters,R64,Clay,4,Laslo Djere,Daniil Medvedev,player2,top_10,0.49368128780211906,2.2,2.26,B365W/B365L,AvgW/AvgL,200.0,2.176,-0.0265486725663715,0.43152454780361754,1.0533478497550355,0.06215673999850152,0.08609883316466205,0.07425048225741115,0.017937256909304592,,True,False,1.0,-1.0,-1.0
2025-04-23,2025-04-25,Madrid Masters,R64,Clay,4,Benjamin Bonzi,Hubert Hurkacz,player1,other,0.37798604054017165,2.75,2.73,B365W/B365L,AvgW/AvgL,200.0,2.715,0.0073260073260073,0.3436754176610979,1.058080808080808,0.03431062287907377,0.039461611485472003,0.026232100066565955,0.005637373069353143,,True,True,1.0,1.75,1.7149999999999999
2025-04-23,2025-04-25,Madrid Masters,R64,Clay,4,Harold Mayot,Francisco Cerundolo,player1,other,0.14911082587944074,7.0,7.05,B365W/B365L,AvgW/AvgL,200.0,6.88,-0.007092198581560294,0.13580246913580246,1.051948051948052,0.013308356743638283,0.04377578115608516,0.025882482050552214,0.0018239908815035483,,True,False,1.0,-1.0,-1.0
2025-04-23,2025-04-26,Madrid Masters,R64,Clay,4,Gabriel Diallo,Kamil Majchrzak,player1,other,0.5240738507805882,2.0,2.0,B365W/B365L,AvgW/AvgL,200.0,1.98,0.0,0.47368421052631576,1.0555555555555556,0.05038964025427245,0.048147701561176426,0.037666224545564675,0.012036925390294106,,True,True,1.0,1.0,0.98
2025-04-23,2025-04-26,Madrid Masters,R64,Clay,4,Novak Djokovic,Matteo Arnaldi,player2,top_10,0.835994354415773,1.3,1.3,B365W/B365L,AvgW/AvgL,200.0,1.294,0.0,0.7291666666666667,1.0549450549450547,0.10682768774910623,0.0867926607405049,0.08177669461401024,0.07232721728375407,,True,False,1.0,-1.0,-1.0
2025-04-23,2025-04-27,Madrid Masters,R32,Clay,4,Juan Manuel Cerundolo,Daniil Medvedev,player2,top_10,0.380076033297007,3.4,3.35,B365W/B365L,AvgW/AvgL,200.0,3.352,0.014925373134328401,0.28118393234672306,1.0459973463069439,0.09889210095028395,0.29225851320982377,0.27401486361156746,0.03044359512602331,,True,False,1.0,-1.0,-1.0
2025-04-23,2025-04-27,Madrid Masters,R32,Clay,4,Benjamin Bonzi,Taylor Fritz,player2,top_10,0.21522066243865734,5.5,5.63,B365W/B365L,AvgW/AvgL,200.0,5.41,-0.023090586145648295,0.1716867469879518,1.0590111642743223,0.043533915450705535,0.1837136434126153,0.1643437837931362,0.010206313522923073,,True,False,1.0,-1.0,-1.0
2025-04-23,2025-04-29,Madrid Masters,R32,Clay,4,Alex De Minaur,Denis Shapovalov,player1,top_10,0.8622687656257307,1.22,1.23,B365W/B365L,AvgW/AvgL,200.0,1.2156,-0.008130081300813052,0.7801801801801801,1.0506190133646311,0.08208858544555064,0.05196789406339147,0.04817391149463829,0.059054425072035774,,True,True,1.0,0.21999999999999997,0.2156
2025-04-23,2025-04-29,Madrid Masters,R16,Clay,4,Taylor Fritz,Casper Ruud,player1,top_10,0.5003108276358502,2.1,2.18,B365W/B365L,AvgW/AvgL,200.0,2.0780000000000003,-0.03669724770642202,0.4516971279373368,1.054225158271401,0.048613699698513424,0.05065273803528547,0.03964589982729694,0.011511985917110333,,True,False,1.0,-1.0,-1.0
2025-04-23,2025-04-29,Madrid Masters,R16,Clay,4,Alexander Zverev,Francisco Cerundolo,player2,top_10,0.7274572956992602,1.44,1.5,B365W/B365L,AvgW/AvgL,200.0,1.4312,-0.040000000000000036,0.6563245823389022,1.058080808080808,0.07113271336035798,0.04753850580693464,0.04113688160478124,0.02701051466303105,,True,False,1.0,-1.0,-1.0
2025-04-23,2025-05-01,Madrid Masters,QF,Clay,4,Matteo Arnaldi,Jack Draper,player1,top_10,0.30906738817746127,3.75,3.71,B365W/B365L,AvgW/AvgL,200.0,3.695,0.010781671159029615,0.25595238095238093,1.041860465116279,0.053115007225080335,0.1590027056654797,0.14200399931571928,0.014454791424134517,,True,False,1.0,-1.0,-1.0
2025-04-23,2025-05-03,Madrid Masters,F,Clay,4,Jack Draper,Casper Ruud,player1,top_10,0.7398297920110661,1.4,1.42,B365W/B365L,AvgW/AvgL,200.0,1.392,-0.014084507042253502,0.6818181818181818,1.0476190476190477,0.058011610192884366,0.03576170881549251,0.029843070479403988,0.022351068009682822,,True,False,1.0,-1.0,-1.0
2025-05-07,2025-05-09,Rome Masters,R64,Clay,4,Alexandre Muller,Stefanos Tsitsipas,player2,other,0.2593577109775771,4.0,3.83,B365W/B365L,AvgW/AvgL,200.0,3.94,0.044386422976501194,0.23809523809523808,1.05,0.021262472882339012,0.037430843910308376,0.02186938125165372,0.003119236992525698,,True,False,1.0,-1.0,-1.0
2025-05-07,2025-05-09,Rome Masters,R64,Clay,4,Carlos Taberner,Alexei Popyrin,player2,other,0.3813472917978926,2.75,2.68,B365W/B365L,AvgW/AvgL,200.0,2.715,0.026119402985074647,0.3436754176610979,1.058080808080808,0.037671874136794736,0.048705052444204755,0.03535789723127836,0.006957864634886394,,True,False,1.0,-1.0,-1.0
2025-05-07,2025-05-09,Rome Masters,R64,Clay,4,Otto Virtanen,Lorenzo Musetti,player1,top_10,0.14897912180346612,9.0,8.76,B365W/B365L,AvgW/AvgL,200.0,8.84,0.027397260273972712,0.10625620655412116,1.0456905503634475,0.04272291524934496,0.3408120962311951,0.3169754367426405,0.010650378007224848,,True,False,1.0,-1.0,-1.0
2025-05-07,2025-05-09,Rome Masters,R64,Clay,4,Francesco Passaro,Grigor Dimitrov,player2,other,0.2593697494595292,4.0,3.92,B365W/B365L,AvgW/AvgL,200.0,3.94,0.020408163265306145,0.23809523809523808,1.05,0.021274511364291093,0.0374789978381167,0.02191681287054492,0.0031232498198430583,,True,True,1.0,3.0,2.94
2025-05-07,2025-05-09,Rome Masters,R64,Clay,4,Luciano Darderi,Jack Draper,player2,top_10,0.27825778133302725,3.75,4.0,B365W/B365L,AvgW/AvgL,200.0,3.695,-0.0625,0.25595238095238093,1.041860465116279,0.022305400380646323,0.04346667999885223,0.028162502025535607,0.003951516363532021,,True,False,1.0,-1.0,-1.0
2025-05-07,2025-05-10,Rome Masters,R64,Clay,4,Learner Tien,Tomas Machac,player1,other,0.2877556597920895,3.75,3.55,B365W/B365L,AvgW/AvgL,200.0,3.695,0.05633802816901423,0.25595238095238093,1.041860465116279,0.03180327883970857,0.0790837242203356,0.06325716293177064,0.007189429474575964,,True,False,1.0,-1.0,-1.0
2025-05-07,2025-05-10,Rome Masters,R64,Clay,4,Roberto Bautista Agut,Tommy Paul,player1,other,0.24083114036474795,4.33,4.29,B365W/B365L,AvgW/AvgL,200.0,4.2634,0.00932400932400923,0.2198198198198198,1.0506190133646311,0.021011320544928158,0.04279883777935867,0.02675948383106641,0.003213125959411311,,True,False,1.0,-1.0,-1.0
2025-05-07,2025-05-10,Rome Masters,R64,Clay,4,Alexander Bublik,Casper Ruud,player2,top_10,0.29686584480589095,5.0,4.99,B365W/B365L,AvgW/AvgL,200.0,4.92,0.002004008016031955,0.18962722852512157,1.0547008547008547,0.10723861628076939,0.4843292240294548,0.4605799564449835,0.030270576501840923,,True,False,1.0,-1.0,-1.0
2025-05-07,2025-05-10,Rome Masters,R64,Clay,4,Nicolas Jarry,Francisco Cerundolo,player2,other,0.2319087108889335,4.5,4.6,B365W/B365L,AvgW/AvgL,200.0,4.43,-0.021739130434782483,0.21052631578947367,1.0555555555555556,0.021382395099459828,0.04358919900020075,0.02735558923797532,0.0031135142143000538,,True,False,1.0,-1.0,-1.0
2025-05-07,2025-05-13,Rome Masters,R16,Clay,4,Francisco Cerundolo,Jannik Sinner,player2,top_10,0.2818942315188494,3.75,3.81,B365W/B365L,AvgW/AvgL,200.0,3.695,-0.015748031496062964,0.25595238095238093,1.041860465116279,0.025941850566468472,0.05710336819568529,0.04159918546214847,0.005191215290516845,,True,False,1.0,-1.0,-1.0
2025-05-07,2025-05-14,Rome Masters,QF,Clay,4,Jack Draper,Carlos Alcaraz,player1,top_10,0.32858237244372734,3.4,3.29,B365W/B365L,AvgW/AvgL,200.0,3.352,0.033434650455927084,0.28118393234672306,1.0459973463069439,0.04739844009700428,0.11718006630867295,0.10140811243137404,0.012206256907153433,,True,False,1.0,-1.0,-1.0
2025-05-07,2025-05-15,Rome Masters,QF,Clay,4,Casper Ruud,Jannik Sinner,player2,top_10,0.32906894114773677,3.75,3.9,B365W/B365L,AvgW/AvgL,200.0,3.695,-0.038461538461538436,0.25595238095238093,1.041860465116279,0.07311656019535584,0.23400852930401284,0.21590973754088727,0.021273502664001166,,True,False,1.0,-1.0,-1.0
2025-05-18,2025-05-20,Hamburg,R32,Clay,3,Camilo Ugo Carabelli,Sebastian Baez,player2,other,0.4923984095112497,2.38,2.38,B365W/B365L,AvgW/AvgL,200.0,2.3524,0.0,0.39746835443037976,1.0571107423861263,0.09493005508086994,0.1719082146367742,0.15831801853426364,0.031142792506661993,,True,True,1.0,1.38,1.3523999999999998
2025-05-18,2025-05-24,Geneva,F,Clay,3,Hubert Hurkacz,Novak Djokovic,player2,top_10,0.33743347401209867,3.2,3.26,B365W/B365L,AvgW/AvgL,200.0,3.156,-0.018404907975460016,0.2982456140350877,1.0477941176470589,0.039187859977010964,0.07978711683871575,0.06494004398218345,0.009066717822581335,,True,False,1.0,-1.0,-1.0
2025-05-26,2025-05-26,Roland Garros,R128,Clay,5,Roberto Bautista Agut,Holger Rune,player1,top_10,0.3097841472861338,5.5,5.36,B365W/B365L,AvgW/AvgL,200.0,5.41,0.026119402985074647,0.1716867469879518,1.0590111642743223,0.138097400298182,0.703812810073736,0.6759322368179839,0.03910071167076311,,True,False,1.0,-1.0,-1.0
2025-05-26,2025-05-26,Roland Garros,R128,Clay,5,Taylor Fritz,Daniel Altmaier,player1,top_10,0.8323066052451135,1.29,1.28,B365W/B365L,AvgW/AvgL,200.0,1.2842,0.0078125,0.744047619047619,1.041860465116279,0.0882589861974945,0.0736755207661964,0.06884814245577472,0.06351337997085896,,True,False,1.0,-1.0,-1.0
2025-05-26,2025-05-27,Roland Garros,R128,Clay,5,Mattia Bellucci,Jack Draper,player1,top_10,0.05808132815989471,19.0,16.9,B365W/B365L,AvgW/AvgL,200.0,18.64,0.12426035502958599,0.050949050949050945,1.0330237358101135,0.007132277210843765,0.10354523503799962,0.08263595690043746,0.0014381282644166614,,True,False,1.0,-1.0,-1.0
2025-05-26,2025-05-28,Roland Garros,R64,Clay,5,Fabian Marozsan,Carlos Alcaraz,player1,top_10,0.10021670819647238,15.0,15.56,B365W/B365L,AvgW/AvgL,200.0,14.719999999999999,-0.03598971722365041,0.06425452276980662,1.0375404530744337,0.035962185426665766,0.5032506229470857,0.4751899446520733,0.008986618266912244,,True,False,1.0,-1.0,-1.0
2025-05-26,2025-05-29,Roland Garros,R64,Clay,5,Novak Djokovic,Corentin Moutet,player2,top_10,0.9700765128440867,1.07,1.08,B365W/B365L,AvgW/AvgL,200.0,1.0686,-0.0092592592592593,0.893743793445879,1.0456905503634475,0.07633271939820774,0.03798186874317282,0.03662376162519103,0.13564953122561707,,True,True,1.0,0.07000000000000006,0.0686
2025-05-26,2025-05-29,Roland Garros,R64,Clay,5,Gael Monfils,Jack Draper,player1,top_10,0.22273794629461158,6.0,6.2,B365W/B365L,AvgW/AvgL,200.0,5.9,-0.032258064516129115,0.15848527349228608,1.0516224188790562,0.0642526728023255,0.33642767776766935,0.31415388313820825,0.016821383888383466,,True,False,1.0,-1.0,-1.0
2025-05-26,2025-05-29,Roland Garros,R64,Clay,5,Richard Gasquet,Jannik Sinner,player2,top_10,0.07605841329121621,34.0,23.89,B365W/B365L,AvgW/AvgL,200.0,33.339999999999996,0.4231896190874842,0.028848900314195947,1.0195107746068723,0.047209512977020265,1.585986051901351,1.5357874991291478,0.012015045847737507,,True,False,1.0,-1.0,-1.0
2025-05-26,2025-05-31,Roland Garros,R32,Clay,5,Joao Fonseca,Jack Draper,player1,top_10,0.495210512280149,2.63,2.76,B365W/B365L,AvgW/AvgL,200.0,2.5974,-0.047101449275362306,0.36319612590799033,1.046894803548796,0.13201438637215868,0.3024036472967918,0.28625978459645895,0.04638092749950795,,True,False,1.0,-1.0,-1.0
2025-05-26,2025-06-03,Roland Garros,QF,Clay,5,Carlos Alcaraz,Tommy Paul,player1,top_10,0.9538195296147979,1.08,1.09,B365W/B365L,AvgW/AvgL,200.0,1.0784,-0.00917431192660556,0.8810572687224669,1.0509259259259258,0.07276226089233095,0.030125091983981778,0.028598980736598056,0.09414091244994297,,True,True,1.0,0.08000000000000007,0.07840000000000003
2025-05-26,2025-06-06,Roland Garros,SF,Clay,5,Lorenzo Musetti,Carlos Alcaraz,player1,top_10,0.1745147287334824,6.0,6.08,B365W/B365L,AvgW/AvgL,200.0,5.9,-0.013157894736842146,0.15848527349228608,1.0516224188790562,0.01602945524119631,0.04708837240089436,0.029636899527546223,0.0023544186200447183,,True,False,1.0,-1.0,-1.0
2025-06-09,2025-06-12,Stuttgart,R16,Grass,3,Alexander Zverev,Corentin Moutet,player2,top_10,0.9643741009928104,1.08,1.07,B365W/B365L,AvgW/AvgL,200.0,1.0784,0.009345794392523477,0.8810572687224669,1.0509259259259258,0.08331683227034348,0.041524029072235305,0.03998103051064676,0.12976259085073522,,True,True,1.0,0.08000000000000007,0.07840000000000003
2025-06-09,2025-06-15,Stuttgart,F,Grass,3,Taylor Fritz,Alexander Zverev,player2,top_10,0.4891249964671113,2.2,2.24,B365W/B365L,AvgW/AvgL,200.0,2.176,-0.017857142857142905,0.43152454780361754,1.0533478497550355,0.05760044866349373,0.07607499222764491,0.06433599231243425,0.01584895671409269,,True,True,1.0,1.2000000000000002,1.1760000000000002
2025-06-16,2025-06-17,Queen's Club,R32,Grass,3,Adam Walton,Carlos Alcaraz,player1,top_10,0.13757513197940519,15.0,17.3,B365W/B365L,AvgW/AvgL,200.0,14.719999999999999,-0.1329479768786127,0.06367041198501872,1.0470588235294118,0.07390471999438647,1.0636269796910778,1.025105942736844,0.01899333892305496,,True,False,1.0,-1.0,-1.0
2025-06-16,2025-06-17,Halle,R32,Grass,3,Yannick Hanfmann,Jannik Sinner,player1,top_10,0.11746861333486557,13.0,18.37,B365W/B365L,AvgW/AvgL,200.0,12.76,-0.2923244420250408,0.07209136331192006,1.067022086824067,0.0453772500229455,0.5270919733532523,0.4988995061528846,0.010981082778192756,,True,False,1.0,-1.0,-1.0
2025-06-16,2025-06-19,Halle,R16,Grass,3,Alexander Zverev,Lorenzo Sonego,player2,top_10,0.9301037879999082,1.12,1.11,B365W/B365L,AvgW/AvgL,200.0,1.1176000000000001,0.009009009009008917,0.8530183727034122,1.0467032967032965,0.07708541529649604,0.04171624255989731,0.039483993468697576,0.08690883866645265,,True,True,1.0,0.1200000000000001,0.11760000000000015
2025-06-16,2025-06-19,Halle,R16,Grass,3,Alexander Bublik,Jannik Sinner,player2,top_10,0.2856269463360339,5.5,6.04,B365W/B365L,AvgW/AvgL,200.0,5.41,-0.08940397350993379,0.1716867469879518,1.0590111642743223,0.11394019934808211,0.5709482048481866,0.5452417796779436,0.03171934471378815,,True,True,1.0,4.5,4.41
2025-06-16,2025-06-20,Halle,QF,Grass,3,Alexander Zverev,Flavio Cobolli,player1,top_10,0.9799246982504035,1.13,1.14,B365W/B365L,AvgW/AvgL,200.0,1.1274,-0.00877192982456143,0.8415147265077139,1.0516224188790562,0.13840997174268965,0.10731490902295587,0.10476710480750488,0.2063748250441461,,True,True,1.0,0.1299999999999999,0.12739999999999996
2025-06-16,2025-06-21,Queen's Club,SF,Grass,3,Jiri Lehecka,Jack Draper,player1,top_10,0.4092163339557445,2.63,2.69,B365W/B365L,AvgW/AvgL,200.0,2.5974,-0.02230483271375472,0.35539215686274506,1.0698833092959226,0.05382417709299947,0.07623895830360805,0.0628985058166508,0.011693091764357063,,True,True,1.0,1.63,1.5974
2025-06-22,2025-06-25,Mallorca,R16,Grass,3,Bernard Tomic,Roberto Bautista Agut,player2,other,0.2731983739303382,4.0,4.3,B365W/B365L,AvgW/AvgL,200.0,3.94,-0.06976744186046513,0.23371647509578544,1.069672131147541,0.03948189883455275,0.09279349572135276,0.07640159328553242,0.00773279131011273,,True,False,1.0,-1.0,-1.0
2025-06-22,2025-06-25,Mallorca,R16,Grass,3,Learner Tien,Ben Shelton,player2,top_10,0.2898611078440493,3.75,3.78,B365W/B365L,AvgW/AvgL,200.0,3.695,-0.007936507936507908,0.25595238095238093,1.041860465116279,0.03390872689166835,0.08697915441518478,0.07103679348376202,0.00790719585592589,,True,True,1.0,2.75,2.695
2025-06-23,2025-06-25,Eastbourne,R16,Grass,3,Daniel Evans,Tommy Paul,player1,other,0.31112179527138917,3.4,3.31,B365W/B365L,AvgW/AvgL,200.0,3.352,0.027190332326283873,0.28118393234672306,1.0459973463069439,0.029937862924666103,0.057814103922723126,0.042880257749696504,0.006022302491950326,,True,True,1.0,2.4,2.352
2025-06-30,2025-07-01,Wimbledon,R128,Grass,5,Alex Bolt,Ben Shelton,player1,top_10,0.2828273104823224,4.0,3.84,B365W/B365L,AvgW/AvgL,200.0,3.94,0.04166666666666674,0.23809523809523808,1.05,0.04473207238708432,0.1313092419292896,0.11433960330035031,0.010942436827440801,,True,False,1.0,-1.0,-1.0
2025-06-30,2025-07-01,Wimbledon,R128,Grass,5,Sebastian Baez,Jack Draper,player1,top_10,0.1200587164905781,15.0,20.67,B365W/B365L,AvgW/AvgL,200.0,14.719999999999999,-0.2743105950653121,0.06367041198501872,1.0470588235294118,0.056388304505559386,0.8008807473586715,0.7672643067413095,0.014301441917119134,,True,False,1.0,-1.0,-1.0
2025-06-30,2025-07-01,Wimbledon,R128,Grass,5,Camilo Ugo Carabelli,Marcos Giron,player2,other,0.1200534215039506,9.0,9.73,B365W/B365L,AvgW/AvgL,200.0,8.84,-0.07502569373072976,0.10536779324055667,1.0545073375262053,0.014685628263393924,0.08048079353555537,0.06127224609492321,0.0025150247979861054,,True,False,1.0,-1.0,-1.0
2025-06-30,2025-07-01,Wimbledon,R128,Grass,5,Arthur Rinderknech,Alexander Zverev,player2,top_10,0.15162011668314146,7.5,7.2,B365W/B365L,AvgW/AvgL,200.0,7.37,0.04166666666666674,0.1258741258741259,1.0592592592592591,0.025745990809015573,0.13715087512356094,0.1174402599547526,0.005275033658598498,,True,True,1.0,6.5,6.37
2025-06-30,2025-07-02,Wimbledon,R64,Grass,5,Shintaro Mochizuki,Karen Khachanov,player2,other,0.1874011821898065,5.5,5.81,B365W/B365L,AvgW/AvgL,200.0,5.41,-0.05335628227194489,0.1716867469879518,1.0590111642743223,0.0157144352018547,0.03070650204393577,0.013840395646853243,0.0017059167802186538,,True,False,1.0,-1.0,-1.0
2025-06-30,2025-07-03,Wimbledon,R64,Grass,5,Marin Cilic,Jack Draper,player1,top_10,0.20895947007909405,6.5,6.55,B365W/B365L,AvgW/AvgL,200.0,6.39,-0.007633587786259555,0.14698162729658795,1.0467032967032965,0.06197784278250609,0.35823655551411115,0.3352510138054108,0.01628347979609596,,True,True,1.0,5.5,5.39
2025-06-30,2025-07-04,Wimbledon,R64,Grass,5,Rinky Hijikata,Ben Shelton,player1,top_10,0.24720234252955817,4.33,4.29,B365W/B365L,AvgW/AvgL,200.0,4.2634,0.00932400932400923,0.2198198198198198,1.0506190133646311,0.02738252270973837,0.07038614315298686,0.05392246714051829,0.005284244981455469,,True,False,1.0,-1.0,-1.0
2025-06-30,2025-07-04,Wimbledon,R32,Grass,5,Taylor Fritz,Alejandro Davidovich Fokina,player1,top_10,0.9033635510914191,1.25,1.28,B365W/B365L,AvgW/AvgL,200.0,1.245,-0.0234375,0.75,1.0666666666666667,0.15336355109141908,0.12920443886427385,0.12468762110881684,0.12920443886427385,,True,True,1.0,0.25,0.2450000000000001
2025-06-30,2025-07-04,Wimbledon,R32,Grass,5,Jan Lennard Struff,Carlos Alcaraz,player1,top_10,0.12338529647670131,11.0,12.61,B365W/B365L,AvgW/AvgL,200.0,10.8,-0.12767644726407612,0.08637873754152825,1.0524475524475523,0.03700655893517306,0.3572382612437144,0.33256120194837413,0.00893095653109286,,True,False,1.0,-1.0,-1.0
2025-06-30,2025-07-05,Wimbledon,R32,Grass,5,Marton Fucsovics,Ben Shelton,player2,top_10,0.32245911183747133,3.6,3.6,B365W/B365L,AvgW/AvgL,200.0,3.548,0.0,0.26530612244897966,1.0470085470085468,0.05715298938849167,0.16085280261489687,0.1440849287993483,0.015466615636047776,,True,False,1.0,-1.0,-1.0
2025-06-30,2025-07-07,Wimbledon,R16,Grass,5,Alex De Minaur,Novak Djokovic,player2,top_10,0.2606694586924715,5.0,5.04,B365W/B365L,AvgW/AvgL,200.0,4.92,-0.007936507936507908,0.18962722852512157,1.0547008547008547,0.07104223016734992,0.30334729346235745,0.28249373676695966,0.01895920584139734,,True,False,1.0,-1.0,-1.0
2025-06-30,2025-07-08,Wimbledon,QF,Grass,5,Taylor Fritz,Karen Khachanov,player1,top_10,0.8073577449372463,1.29,1.27,B365W/B365L,AvgW/AvgL,200.0,1.2842,0.015748031496062964,0.744047619047619,1.041860465116279,0.06331012588962737,0.04149149096904778,0.03680881604841174,0.03576852669745498,,True,True,1.0,0.29000000000000004,0.2842
2025-06-30,2025-07-09,Wimbledon,QF,Grass,5,Jannik Sinner,Ben Shelton,player2,top_10,0.941204198831452,1.25,1.29,B365W/B365L,AvgW/AvgL,200.0,1.245,-0.03100775193798455,0.7422680412371133,1.077777777777778,0.1989361575943387,0.176505248539315,0.17179922754515786,0.176505248539315,,True,True,1.0,0.25,0.2450000000000001
2025-06-30,2025-07-09,Wimbledon,QF,Grass,5,Novak Djokovic,Flavio Cobolli,player2,top_10,0.9499626296383459,1.1,1.09,B365W/B365L,AvgW/AvgL,200.0,1.098,0.00917431192660545,0.8641975308641975,1.051948051948052,0.0857650987741484,0.044958892602180556,0.04305896734290386,0.11239723150545129,,True,True,1.0,0.10000000000000009,0.09800000000000009
2025-06-30,2025-07-11,Wimbledon,SF,Grass,5,Novak Djokovic,Jannik Sinner,player2,top_10,0.5053125502136897,2.8,2.85,B365W/B365L,AvgW/AvgL,200.0,2.764,-0.01754385964912286,0.33333333333333337,1.0714285714285714,0.17197921688035633,0.4148751405983311,0.3966838887906382,0.05762154730532377,,True,False,1.0,-1.0,-1.0
2025-06-30,2025-07-13,Wimbledon,F,Grass,5,Carlos Alcaraz,Jannik Sinner,player1,top_10,0.5558617873280266,2.0,1.98,B365W/B365L,AvgW/AvgL,200.0,1.98,0.010101010101010166,0.47780678851174935,1.046448087431694,0.07805499881627725,0.1117235746560532,0.10060633890949267,0.0279308936640133,,True,False,1.0,-1.0,-1.0
2025-07-14,2025-07-17,Los Cabos,R16,Hard,3,James Duckworth,Alejandro Davidovich Fokina,player1,other,0.252697826541136,4.33,4.22,B365W/B365L,AvgW/AvgL,200.0,4.2634,0.026066350710900466,0.2198198198198198,1.0506190133646311,0.03287800672131619,0.09418158892311879,0.07735191367547911,0.007070689859093002,,True,True,1.0,3.33,3.2634
2025-07-14,2025-07-18,Gstaad,QF,Clay,3,Francisco Comesana,Alexander Bublik,player2,other,0.4637449840047838,2.3,2.27,B365W/B365L,AvgW/AvgL,200.0,2.274,0.013215859030836885,0.413265306122449,1.0520665593129361,0.05047967788233482,0.0666134632110027,0.05455609362687841,0.01281028138673129,,True,False,1.0,-1.0,-1.0
2025-07-14,2025-07-18,Los Cabos,QF,Hard,3,Emilio Nava,Andrey Rublev,player2,top_10,0.23066260207194955,4.75,4.9,B365W/B365L,AvgW/AvgL,200.0,4.675,-0.030612244897959218,0.20168067226890757,1.043859649122807,0.028981929803041984,0.09564735984176043,0.07834766468636412,0.006376490656117362,,True,False,1.0,-1.0,-1.0
2025-07-21,2025-07-22,Washington,R32,Hard,3,Mackenzie Mcdonald,Ben Shelton,player2,top_10,0.29970339609633745,3.75,3.97,B365W/B365L,AvgW/AvgL,200.0,3.695,-0.055415617128463546,0.25595238095238093,1.041860465116279,0.04375101514395652,0.1238877353612654,0.10740404857596686,0.011262521396478674,,True,False,1.0,-1.0,-1.0
2025-07-20,2025-07-23,Umag,R16,Clay,3,Stan Wawrinka,Damir Dzumhur,player1,other,0.44630760655291174,2.5,2.51,B365W/B365L,AvgW/AvgL,200.0,2.4699999999999998,-0.003984063745019806,0.3796526054590571,1.05359477124183,0.06665500109385464,0.11576901638227932,0.10237978818569182,0.01929483606371322,,True,False,1.0,-1.0,-1.0
2025-07-21,2025-07-23,Kitzbuhel,R16,Clay,3,Thiago Agustin Tirante,Alexander Bublik,player2,other,0.40869864711625636,2.63,2.48,B365W/B365L,AvgW/AvgL,200.0,2.5974,0.06048387096774199,0.35380835380835385,1.0746725813265736,0.054890293307902516,0.07487744191575418,0.0615538660197642,0.011484270232477636,,True,False,1.0,-1.0,-1.0
2025-07-21,2025-07-23,Washington,R32,Hard,3,Andrey Rublev,Learner Tien,player2,top_10,0.7400666516261467,1.45,1.44,B365W/B365L,AvgW/AvgL,200.0,1.4409999999999998,0.00694444444444442,0.6588235294117647,1.0467980295566504,0.08124312221438201,0.07309664485791267,0.06643604499327727,0.04060924714328482,,True,False,1.0,-1.0,-1.0
2025-07-21,2025-07-23,Washington,R32,Hard,3,Matteo Arnaldi,Lorenzo Sonego,player1,other,0.5070103030469113,2.05,1.99,B365W/B365L,AvgW/AvgL,200.0,2.029,0.03015075376884413,0.4675324675324676,1.043360433604336,0.039477835514443727,0.03937112124616804,0.028723904882183016,0.009374076487182867,,True,True,1.0,1.0499999999999998,1.029
2025-07-21,2025-07-26,Washington,QF,Hard,3,Alejandro Davidovich Fokina,Taylor Fritz,player1,top_10,0.3219843418641986,3.75,3.69,B365W/B365L,AvgW/AvgL,200.0,3.695,0.016260162601626105,0.25595238095238093,1.041860465116279,0.06603196091181768,0.20744128199074474,0.18973214318821374,0.018858298362794977,,True,True,1.0,2.75,2.695
2025-07-21,2025-07-27,Washington,SF,Hard,3,Ben Shelton,Alejandro Davidovich Fokina,player1,top_10,0.822643599921888,1.33,1.31,B365W/B365L,AvgW/AvgL,200.0,1.3234000000000001,0.01526717557251911,0.7188160676532769,1.0459973463069439,0.10382753226861108,0.09411598789611103,0.08868654013662663,0.07129999083038713,,True,False,1.0,-1.0,-1.0
2025-07-27,2025-07-29,Canada Masters,R64,Hard,4,James Duckworth,Lorenzo Musetti,player1,top_10,0.35681600174067385,3.6,3.44,B365W/B365L,AvgW/AvgL,200.0,3.548,0.04651162790697683,0.26530612244897966,1.0470085470085468,0.09150987929169418,0.2845376062664259,0.2659831741759109,0.027359385217925563,,True,False,1.0,-1.0,-1.0
2025-07-27,2025-07-31,Canada Masters,R32,Hard,4,Emilio Nava,Karen Khachanov,player2,other,0.26035526972452194,4.0,3.75,B365W/B365L,AvgW/AvgL,200.0,3.94,0.06666666666666665,0.23809523809523808,1.05,0.02226003162928386,0.04142107889808777,0.02579976271461648,0.0034517565748406476,,True,False,1.0,-1.0,-1.0
2025-07-27,2025-08-01,Canada Masters,R32,Hard,4,Holger Rune,Alexandre Muller,player1,top_10,0.8988370965874635,1.25,1.23,B365W/B365L,AvgW/AvgL,200.0,1.245,0.016260162601626105,0.7619047619047619,1.05,0.1369323346827016,0.12354637073432934,0.1190521852513921,0.12354637073432934,,True,True,1.0,0.25,0.2450000000000001
2025-07-27,2025-08-02,Canada Masters,R32,Hard,4,Taylor Fritz,Gabriel Diallo,player1,top_10,0.7885821159290703,1.36,1.35,B365W/B365L,AvgW/AvgL,200.0,1.3528000000000002,0.007407407407407307,0.6880733944954128,1.0686274509803921,0.10050872143365752,0.07247167766353574,0.06679388642884654,0.050327553933010916,,True,True,1.0,0.3600000000000001,0.3528000000000002
2025-07-27,2025-08-02,Canada Masters,R32,Hard,4,Ben Shelton,Brandon Nakashima,player1,top_10,0.7867920238581743,1.4,1.37,B365W/B365L,AvgW/AvgL,200.0,1.392,0.021897810218977964,0.6818181818181818,1.0476190476190477,0.1049738420399925,0.1015088334014439,0.09521449721057851,0.06344302087590245,,True,True,1.0,0.3999999999999999,0.3919999999999999
2025-07-27,2025-08-03,Canada Masters,R16,Hard,4,Alexander Zverev,Francisco Cerundolo,player1,top_10,0.8452781594610915,1.25,1.29,B365W/B365L,AvgW/AvgL,200.0,1.245,-0.03100775193798455,0.75,1.0666666666666667,0.09527815946109153,0.05659769932636441,0.05237130852905905,0.05659769932636441,,True,True,1.0,0.25,0.2450000000000001
2025-07-27,2025-08-04,Canada Masters,R16,Hard,4,Taylor Fritz,Jiri Lehecka,player1,top_10,0.8005289034207237,1.3,1.32,B365W/B365L,AvgW/AvgL,200.0,1.294,-0.015151515151515138,0.7234042553191489,1.0633484162895928,0.07712464810157482,0.04068757444694082,0.03588440102641649,0.03390631203911735,,True,True,1.0,0.30000000000000004,0.29400000000000004
2025-07-27,2025-08-08,Canada Masters,F,Hard,4,Karen Khachanov,Ben Shelton,player1,top_10,0.46556650591410287,2.63,2.57,B365W/B365L,AvgW/AvgL,200.0,2.5974,0.023346303501945442,0.36319612590799033,1.046894803548796,0.10237038000611254,0.22443991055409052,0.20926244246129078,0.03442329916473781,,True,False,1.0,-1.0,-1.0
2025-08-07,2025-08-09,Cincinnati Masters,R64,Hard,4,Pedro Martinez,Tommy Paul,player2,other,0.16085618426305281,6.5,6.81,B365W/B365L,AvgW/AvgL,200.0,6.39,-0.04552129221732737,0.14698162729658795,1.0467032967032965,0.013874556966464863,0.04556519770984335,0.027871017440907475,0.002071145350447425,,True,False,1.0,-1.0,-1.0
2025-08-07,2025-08-09,Cincinnati Masters,R64,Hard,4,Sebastian Baez,Gabriel Diallo,player1,other,0.2879787966695624,4.0,4.16,B365W/B365L,AvgW/AvgL,200.0,3.94,-0.03846153846153855,0.23809523809523808,1.05,0.049883558574324305,0.15191518667824955,0.13463645887807574,0.012659598889854129,,True,False,1.0,-1.0,-1.0
2025-08-07,2025-08-10,Cincinnati Masters,R64,Hard,4,Damir Dzumhur,Carlos Alcaraz,player1,top_10,0.09721219474958626,13.0,14.72,B365W/B365L,AvgW/AvgL,200.0,12.76,-0.11684782608695654,0.07341411261582324,1.0477968633308439,0.023798082133763013,0.2637585317446214,0.2404276050047207,0.005494969411346279,,True,False,1.0,-1.0,-1.0
2025-08-07,2025-08-10,Cincinnati Masters,R64,Hard,4,Luca Nardi,Denis Shapovalov,player1,other,0.2912074164784585,3.6,3.63,B365W/B365L,AvgW/AvgL,200.0,3.548,-0.008264462809917328,0.26530612244897966,1.0470085470085468,0.025901294029478827,0.048346699322450615,0.03320391366557074,0.004648721088697174,,True,True,1.0,2.6,2.548
2025-08-07,2025-08-10,Cincinnati Masters,R64,Hard,4,Reilly Opelka,Alex De Minaur,player2,top_10,0.24689189355941055,4.33,4.19,B365W/B365L,AvgW/AvgL,200.0,4.2634,0.03341288782816232,0.21699819168173598,1.0642802155504234,0.029893701877674567,0.06904189911224767,0.05259889900119086,0.0051833257591777536,,True,True,1.0,3.33,3.2634
2025-08-07,2025-08-10,Cincinnati Masters,R64,Hard,4,Adam Walton,Daniil Medvedev,player2,other,0.21904225217167062,5.0,5.06,B365W/B365L,AvgW/AvgL,200.0,4.92,-0.011857707509881354,0.18962722852512157,1.0547008547008547,0.02941502364654905,0.09521126085835308,0.0776878806846194,0.005950703803647067,,True,True,1.0,4.0,3.92
2025-08-07,2025-08-11,Cincinnati Masters,R32,Hard,4,Holger Rune,Alex Michelsen,player1,top_10,0.6776276370127713,1.53,1.54,B365W/B365L,AvgW/AvgL,200.0,1.5194,-0.006493506493506551,0.6203473945409429,1.05359477124183,0.05728024247182839,0.03677028462954007,0.029587431677204734,0.017344473881858523,,True,True,1.0,0.53,0.5194000000000001
2025-08-07,2025-08-12,Cincinnati Masters,R32,Hard,4,Hamad Medjedovic,Carlos Alcaraz,player2,top_10,0.20951328964411897,6.0,5.44,B365W/B365L,AvgW/AvgL,200.0,5.9,0.10294117647058809,0.15848527349228608,1.0516224188790562,0.05102801615183289,0.25707973786471383,0.23612840890030196,0.012853986893235692,,True,False,1.0,-1.0,-1.0
2025-08-07,2025-08-12,Cincinnati Masters,R32,Hard,4,Gabriel Diallo,Jannik Sinner,player1,top_10,0.16396141764020347,9.0,12.7,B365W/B365L,AvgW/AvgL,200.0,8.84,-0.2913385826771653,0.10358565737051792,1.0726495726495726,0.06037576026968555,0.4756527587618312,0.44941893193939875,0.014864148711307226,,True,False,1.0,-1.0,-1.0
2025-08-07,2025-08-13,Cincinnati Masters,R32,Hard,4,Alexander Zverev,Brandon Nakashima,player1,top_10,0.8043997651604389,1.3,1.28,B365W/B365L,AvgW/AvgL,200.0,1.294,0.015625,0.7346938775510204,1.0470085470085468,0.06970588760941843,0.04571969470857057,0.04089329611760795,0.03809974559047547,,True,True,1.0,0.30000000000000004,0.29400000000000004
2025-08-07,2025-08-13,Cincinnati Masters,R16,Hard,4,Holger Rune,Frances Tiafoe,player1,top_10,0.5950848143561391,1.75,1.72,B365W/B365L,AvgW/AvgL,200.0,1.7349999999999999,0.01744186046511631,0.5454545454545455,1.0476190476190474,0.04963026890159361,0.04139842512324349,0.03247215290790134,0.013799475041081163,,True,True,1.0,0.75,0.7349999999999999
2025-08-07,2025-08-14,Cincinnati Masters,R16,Hard,4,Luca Nardi,Carlos Alcaraz,player1,top_10,0.13851404673605566,9.0,9.91,B365W/B365L,AvgW/AvgL,200.0,8.84,-0.09182643794147327,0.10536779324055667,1.0545073375262053,0.03314625349549899,0.24662642062450102,0.22446417314673206,0.007707075644515657,,True,False,1.0,-1.0,-1.0
2025-08-07,2025-08-14,Cincinnati Masters,R16,Hard,4,Alexander Zverev,Karen Khachanov,player1,top_10,0.7197318918956889,1.44,1.43,B365W/B365L,AvgW/AvgL,200.0,1.4312,0.006993006993007089,0.660377358490566,1.0515873015873016,0.05935453340512287,0.03641392432979196,0.03008028368110993,0.02068972973283634,,True,True,1.0,0.43999999999999995,0.4312
2025-08-07,2025-08-14,Cincinnati Masters,R16,Hard,4,Ben Shelton,Jiri Lehecka,player1,top_10,0.6870557077719025,1.67,1.67,B365W/B365L,AvgW/AvgL,200.0,1.6566,0.0,0.5684754521963824,1.0533478497550355,0.1185802555755201,0.14738303197907715,0.13817648549493372,0.05499366864890939,,True,True,1.0,0.6699999999999999,0.6566000000000001
2025-08-07,2025-08-14,Cincinnati Masters,QF,Hard,4,Felix Auger Aliassime,Jannik Sinner,player2,top_10,0.17611922292246718,7.0,6.83,B365W/B365L,AvgW/AvgL,200.0,6.88,0.02489019033674955,0.13580246913580246,1.051948051948052,0.040316753786664716,0.23283456045727025,0.21170025370657408,0.009701440019052926,,True,False,1.0,-1.0,-1.0
2025-08-07,2025-08-16,Cincinnati Masters,QF,Hard,4,Ben Shelton,Alexander Zverev,player1,top_10,0.5003400940595023,2.2,2.25,B365W/B365L,AvgW/AvgL,200.0,2.176,-0.022222222222222143,0.43152454780361754,1.0533478497550355,0.06881554625588476,0.10074820693090514,0.08874004467347707,0.0209892097772719,,True,False,1.0,-1.0,-1.0
2025-08-07,2025-08-16,Cincinnati Masters,SF,Hard,4,Carlos Alcaraz,Alexander Zverev,player2,top_10,0.7144104605017141,1.57,1.55,B365W/B365L,AvgW/AvgL,200.0,1.5586000000000002,0.012903225806451646,0.6045340050377834,1.0536093418259023,0.10987645546393066,0.12162442298769116,0.11348014373797172,0.053344045170039975,,True,True,1.0,0.5700000000000001,0.5586000000000002
2025-08-17,2025-08-18,Winston-Salem,R32,Hard,3,Vit Kopriva,Sebastian Korda,player1,other,0.3617795751690189,3.0,2.89,B365W/B365L,AvgW/AvgL,200.0,2.96,0.03806228373702414,0.3181818181818181,1.0476190476190477,0.04359775698720075,0.08533872550705668,0.07086754250029592,0.010667340688382085,,True,False,1.0,-1.0,-1.0
2025-08-25,2025-08-25,Us Open,R128,Hard,5,Hugo Dellien,Kamil Majchrzak,player2,other,0.10600557997390003,11.0,9.46,B365W/B365L,AvgW/AvgL,200.0,10.8,0.16279069767441845,0.08713692946058092,1.0432900432900432,0.01886865051331911,0.16606137971290036,0.14486026371812033,0.004151534492822509,,True,False,1.0,-1.0,-1.0
2025-08-25,2025-08-25,Us Open,R128,Hard,5,Learner Tien,Novak Djokovic,player1,top_10,0.22244199618062202,5.5,5.67,B365W/B365L,AvgW/AvgL,200.0,5.41,-0.029982363315696592,0.1716867469879518,1.0590111642743223,0.050755249192670215,0.22343097899342113,0.20341119933716512,0.012412832166301173,,True,False,1.0,-1.0,-1.0
2025-08-25,2025-08-25,Us Open,R128,Hard,5,Botic Van De Zandschulp,Holger Rune,player2,other,0.2969432931423036,3.5,3.36,B365W/B365L,AvgW/AvgL,200.0,3.45,0.04166666666666674,0.27083333333333337,1.0549450549450547,0.02610995980897024,0.03930152599806258,0.024454361340947472,0.003930152599806258,,True,False,1.0,-1.0,-1.0
2025-08-25,2025-08-26,Us Open,R128,Hard,5,Emil Ruusuvuori,Alexei Popyrin,player2,other,0.10176700092398938,11.0,10.45,B365W/B365L,AvgW/AvgL,200.0,10.8,0.052631578947368585,0.08713692946058092,1.0432900432900432,0.014630071463408459,0.1194370101638832,0.09908360997908539,0.0029859252540970797,,True,False,1.0,-1.0,-1.0
2025-08-25,2025-08-28,Us Open,R64,Hard,5,Mattia Bellucci,Carlos Alcaraz,player1,top_10,0.0503335885952344,21.0,14.88,B365W/B365L,AvgW/AvgL,200.0,20.6,0.411290322580645,0.04632152588555859,1.0280112044817926,0.004012062709675815,0.05700536049992244,0.03687192506182879,0.0007125670062490305,,True,False,1.0,-1.0,-1.0
2025-08-25,2025-08-29,Us Open,R32,Hard,5,Adrian Mannarino,Ben Shelton,player2,top_10,0.21977544769427393,5.5,5.61,B365W/B365L,AvgW/AvgL,200.0,5.41,-0.019607843137254943,0.1716867469879518,1.0590111642743223,0.048088700706322124,0.2087649623185066,0.18898517202602194,0.011598053462139256,,True,True,1.0,4.5,4.41
2025-08-25,2025-08-29,Us Open,R32,Hard,5,Luciano Darderi,Carlos Alcaraz,player1,top_10,0.059081630299100955,26.0,16.9,B365W/B365L,AvgW/AvgL,200.0,25.5,0.5384615384615385,0.03739355794150315,1.0285605483625286,0.021688072357597808,0.5361223877766249,0.5065815726270743,0.0053612238777662495,,True,False,1.0,-1.0,-1.0
2025-08-25,2025-08-30,Us Open,R32,Hard,5,Lorenzo Musetti,Flavio Cobolli,player1,top_10,0.8226593004395388,1.36,1.35,B365W/B365L,AvgW/AvgL,200.0,1.3528000000000002,0.007407407407407307,0.7017543859649122,1.0477941176470589,0.12090491447462659,0.11881664859777291,0.11289350163460832,0.08251156152623117,,True,True,1.0,0.3600000000000001,0.3528000000000002
2025-08-25,2025-08-31,Us Open,R32,Hard,5,Felix Auger Aliassime,Alexander Zverev,player2,top_10,0.2960536884049202,3.75,3.76,B365W/B365L,AvgW/AvgL,200.0,3.695,-0.0026595744680850686,0.25595238095238093,1.041860465116279,0.04010130745253926,0.11020133151845068,0.09391837865618002,0.010018302865313699,,True,True,1.0,2.75,2.695
2025-08-25,2025-08-31,Us Open,R16,Hard,5,Taylor Fritz,Tomas Machac,player1,top_10,0.7701306453185549,1.36,1.36,B365W/B365L,AvgW/AvgL,200.0,1.3528000000000002,0.0,0.7017543859649122,1.0477941176470589,0.06837625935364267,0.04737767763323475,0.04183273698694123,0.03290116502307968,,True,True,1.0,0.3600000000000001,0.3528000000000002
2025-08-25,2025-09-01,Us Open,R16,Hard,5,Leandro Riedi,Alex De Minaur,player2,top_10,0.2066479849770827,11.0,9.47,B365W/B365L,AvgW/AvgL,200.0,10.8,0.16156282998944027,0.08713692946058092,1.0432900432900432,0.11951105551650178,1.27312783474791,1.2317982377524932,0.03182819586869775,,True,False,1.0,-1.0,-1.0
2025-08-25,2025-09-01,Us Open,R16,Hard,5,Novak Djokovic,Jan Lennard Struff,player2,top_10,0.9536993093085675,1.14,1.15,B365W/B365L,AvgW/AvgL,200.0,1.1372,-0.008695652173913104,0.8283132530120482,1.0590111642743223,0.12538605629651933,0.08721721261176685,0.08454685454570296,0.15574502252101233,,True,True,1.0,0.1399999999999999,0.1372
2025-08-25,2025-09-03,Us Open,QF,Hard,5,Alex De Minaur,Felix Auger Aliassime,player1,top_10,0.6197802591135407,1.67,1.66,B365W/B365L,AvgW/AvgL,200.0,1.6566,0.006024096385542244,0.5684754521963824,1.0533478497550355,0.05130480691715833,0.035033032719613,0.026727977247491597,0.013072027134183957,,True,False,1.0,-1.0,-1.0
2025-08-25,2025-09-03,Us Open,QF,Hard,5,Novak Djokovic,Taylor Fritz,player2,top_10,0.8119006144702138,1.44,1.45,B365W/B365L,AvgW/AvgL,200.0,1.4312,-0.006896551724137945,0.6563245823389022,1.058080808080808,0.15557603213131155,0.16913688483710781,0.16199215942976997,0.09610050274835673,,True,True,1.0,0.43999999999999995,0.4312
2025-08-25,2025-09-07,Us Open,F,Hard,5,Jannik Sinner,Carlos Alcaraz,player1,top_10,0.6029510838634553,1.75,1.75,B365W/B365L,AvgW/AvgL,200.0,1.7349999999999999,0.0,0.5512820512820513,1.0365448504983388,0.051669032581403984,0.055164396761046786,0.04612013050309488,0.01838813225368226,,True,False,1.0,-1.0,-1.0
2025-09-17,2025-09-17,Chengdu,R32,Hard,3,Yi Zhou,Cameron Norrie,player1,other,0.23975706650916528,4.5,4.35,B365W/B365L,AvgW/AvgL,200.0,4.43,0.034482758620689724,0.21052631578947367,1.0555555555555556,0.02923075071969161,0.07890679929124378,0.06212380463560219,0.005636199949374555,,True,True,1.0,3.5,3.4299999999999997
2025-09-17,2025-09-18,Chengdu,R32,Hard,3,Alexander Shevchenko,Gael Monfils,player2,other,0.43179259787363244,2.5,2.42,B365W/B365L,AvgW/AvgL,200.0,2.4699999999999998,0.03305785123966953,0.3796526054590571,1.05359477124183,0.05213999241457534,0.07948149468408106,0.06652771674787206,0.013246915780680176,,True,True,1.0,1.5,1.4699999999999998
2025-09-17,2025-09-19,Hangzhou,R32,Hard,3,Rinky Hijikata,Camilo Ugo Carabelli,player2,other,0.7629505704978353,1.44,1.48,B365W/B365L,AvgW/AvgL,200.0,1.4312,-0.027027027027027084,0.6563245823389022,1.058080808080808,0.1066259881589331,0.09864882151688281,0.09193485649650196,0.05605046677095615,,True,True,1.0,0.43999999999999995,0.4312
2025-09-17,2025-09-20,Hangzhou,R16,Hard,3,Aleksandar Vukic,Alexander Bublik,player2,other,0.32772465020475106,3.5,3.32,B365W/B365L,AvgW/AvgL,200.0,3.45,0.054216867469879526,0.27083333333333337,1.0549450549450547,0.056891316871417685,0.1470362757166287,0.13065004320639118,0.01470362757166287,,True,False,1.0,-1.0,-1.0
2025-09-17,2025-09-20,Hangzhou,R16,Hard,3,Giulio Zeppieri,Learner Tien,player2,other,0.4178439775188094,2.5,2.38,B365W/B365L,AvgW/AvgL,200.0,2.4699999999999998,0.050420168067226934,0.3796526054590571,1.05359477124183,0.038191372059752315,0.044609943797023544,0.032074624471459146,0.007434990632837257,,True,False,1.0,-1.0,-1.0
2025-09-17,2025-09-20,Chengdu,R16,Hard,3,Dino Prizmic,Lorenzo Musetti,player1,top_10,0.3607675488291351,3.4,3.07,B365W/B365L,AvgW/AvgL,200.0,3.352,0.10749185667752448,0.28118393234672306,1.0459973463069439,0.07958361648241202,0.2266096660190593,0.2092928236752608,0.023605173543652012,,True,False,1.0,-1.0,-1.0
2025-09-17,2025-09-22,Chengdu,SF,Hard,3,Alexander Shevchenko,Lorenzo Musetti,player2,top_10,0.21242990992313215,5.5,5.12,B365W/B365L,AvgW/AvgL,200.0,5.41,0.07421875,0.1716867469879518,1.0590111642743223,0.04074316293518035,0.16836450457722685,0.14924581268414494,0.009353583587623714,,True,False,1.0,-1.0,-1.0
2025-09-17,2025-09-23,Chengdu,F,Hard,3,Alejandro Tabilo,Lorenzo Musetti,player2,top_10,0.24251020452353034,4.33,3.82,B365W/B365L,AvgW/AvgL,200.0,4.2634,0.13350785340314153,0.2198198198198198,1.0506190133646311,0.022690384703710542,0.05006918558688633,0.033918005965619225,0.0037589478668833584,,True,True,1.0,3.33,3.2634
2025-09-24,2025-09-28,Tokyo,QF,Hard,3,Carlos Alcaraz,Brandon Nakashima,player2,top_10,0.9714166209043702,1.08,1.07,B365W/B365L,AvgW/AvgL,200.0,1.0784,0.009345794392523477,0.8810572687224669,1.0509259259259258,0.09035935218190327,0.049129950576719886,0.047575683983272846,0.1535310955522495,,True,True,1.0,0.08000000000000007,0.07840000000000003
2025-09-25,2025-09-28,Beijing,R16,Hard,3,Alexander Zverev,Corentin Moutet,player2,top_10,0.9411298928160435,1.17,1.19,B365W/B365L,AvgW/AvgL,200.0,1.1665999999999999,-0.01680672268907568,0.8103727714748785,1.0547008547008547,0.13075712134116502,0.10112197459477087,0.09792213295919625,0.14870878616878075,,True,True,1.0,0.16999999999999993,0.16659999999999986
2025-09-24,2025-09-29,Tokyo,SF,Hard,3,Casper Ruud,Carlos Alcaraz,player1,top_10,0.19811616456258807,6.5,6.47,B365W/B365L,AvgW/AvgL,200.0,6.39,0.004636785162287493,0.14586070959264127,1.0547470547470548,0.052255454969946796,0.2877550696568224,0.26596229155493767,0.013079775893491928,,True,False,1.0,-1.0,-1.0
2025-09-25,2025-09-29,Beijing,QF,Hard,3,Alex De Minaur,Jakub Mensik,player2,top_10,0.7827593282914334,1.4,1.42,B365W/B365L,AvgW/AvgL,200.0,1.392,-0.014084507042253502,0.6818181818181818,1.0476190476190477,0.10094114647325159,0.09586305960800662,0.08960098498167518,0.05991441225500415,,True,True,1.0,0.3999999999999999,0.3919999999999999
2025-09-25,2025-10-01,Beijing,F,Hard,3,Learner Tien,Jannik Sinner,player1,top_10,0.11422505877195743,15.0,12.08,B365W/B365L,AvgW/AvgL,200.0,14.719999999999999,0.24172185430463577,0.06425452276980662,1.0375404530744337,0.04997053600215082,0.7133758815793615,0.6813928651232132,0.012738855028202883,,True,False,1.0,-1.0,-1.0
2025-10-01,2025-10-01,Shanghai Masters,R128,Hard,4,Fabian Marozsan,Stan Wawrinka,player1,other,0.7604112047135537,1.4,1.4,B365W/B365L,AvgW/AvgL,200.0,1.392,0.0,0.6818181818181818,1.0476190476190477,0.07859302289537196,0.06457568659897517,0.058492396961266735,0.04035980412435949,,True,True,1.0,0.3999999999999999,0.3919999999999999
2025-10-01,2025-10-03,Shanghai Masters,R64,Hard,4,Marin Cilic,Novak Djokovic,player2,top_10,0.17045162936345515,8.0,7.46,B365W/B365L,AvgW/AvgL,200.0,7.859999999999999,0.07238605898123329,0.11894273127753305,1.0509259259259258,0.0515088980859221,0.3636130349076413,0.33974980679675737,0.012986179818130047,,True,False,1.0,-1.0,-1.0
2025-10-01,2025-10-03,Shanghai Masters,R64,Hard,4,Ben Shelton,David Goffin,player1,top_10,0.8711705908049552,1.29,1.31,B365W/B365L,AvgW/AvgL,200.0,1.2842,-0.01526717557251911,0.744047619047619,1.041860465116279,0.12712297175733622,0.12381006213839224,0.11875727271172346,0.10673281218826916,,True,False,1.0,-1.0,-1.0
2025-10-01,2025-10-04,Shanghai Masters,R64,Hard,4,Karen Khachanov,Juncheng Shang,player2,top_10,0.6724575924345403,1.57,1.56,B365W/B365L,AvgW/AvgL,200.0,1.5586000000000002,0.0064102564102563875,0.6025316455696202,1.0571107423861263,0.06992594686492004,0.055758420122228314,0.048092403568474607,0.024455447422029958,,True,False,1.0,-1.0,-1.0
2025-10-01,2025-10-05,Shanghai Masters,R32,Hard,4,Yannick Hanfmann,Novak Djokovic,player2,top_10,0.1834542615492074,8.0,7.32,B365W/B365L,AvgW/AvgL,200.0,7.859999999999999,0.09289617486338786,0.11894273127753305,1.0509259259259258,0.06451153027167436,0.4676340923936593,0.44195049577677015,0.016701217585487833,,True,False,1.0,-1.0,-1.0
2025-10-01,2025-10-06,Shanghai Masters,R32,Hard,4,Luciano Darderi,Lorenzo Musetti,player1,top_10,0.24763864442717598,4.33,4.05,B365W/B365L,AvgW/AvgL,200.0,4.2634,0.06913580246913598,0.2198198198198198,1.0506190133646311,0.027818824607356185,0.07227533036967204,0.05578259665082208,0.005426075853578982,,True,False,1.0,-1.0,-1.0
2025-10-01,2025-10-06,Shanghai Masters,R32,Hard,4,Alejandro Davidovich Fokina,Daniil Medvedev,player2,other,0.37696492769340983,2.75,2.62,B365W/B365L,AvgW/AvgL,200.0,2.715,0.04961832061068705,0.3436754176610979,1.058080808080808,0.03328951003231195,0.03665355115687707,0.023459778687607624,0.005236221593839582,,True,False,1.0,-1.0,-1.0
2025-10-01,2025-10-09,Shanghai Masters,QF,Hard,4,Novak Djokovic,Zizou Bergs,player2,top_10,0.7945490067588967,1.33,1.33,B365W/B365L,AvgW/AvgL,200.0,1.3234000000000001,0.0,0.7188160676532769,1.0459973463069439,0.07573293910561985,0.05675017898933271,0.05150615554472404,0.04299255984040356,,True,True,1.0,0.33000000000000007,0.32340000000000013
2025-10-13,2025-10-15,Stockholm,R16,Hard,3,Leo Borg,Denis Shapovalov,player2,other,0.15597301359664273,9.0,8.7,B365W/B365L,AvgW/AvgL,200.0,8.84,0.034482758620689724,0.10625620655412116,1.0456905503634475,0.04971680704252157,0.40375712236978456,0.3788014401943217,0.012617410074055768,,True,False,1.0,-1.0,-1.0
2025-10-13,2025-10-15,Brussels,R32,Hard,3,Nikoloz Basilashvili,Quentin Halys,player1,other,0.5685882122781504,2.0,2.02,B365W/B365L,AvgW/AvgL,200.0,1.98,-0.00990099009900991,0.47368421052631576,1.0555555555555556,0.09490400175183461,0.13717642455630075,0.12580466031073778,0.03429410613907519,,True,True,1.0,1.0,0.98
2025-10-13,2025-10-16,Brussels,R16,Hard,3,Damir Dzumhur,Felix Auger Aliassime,player2,other,0.1789872886589593,6.0,5.76,B365W/B365L,AvgW/AvgL,200.0,5.9,0.04166666666666674,0.15848527349228608,1.0516224188790562,0.020502015166673215,0.07392373195375579,0.05602500308785996,0.0036961865976877896,,True,False,1.0,-1.0,-1.0
2025-10-13,2025-10-16,Brussels,R16,Hard,3,Lorenzo Musetti,Yannick Hanfmann,player2,top_10,0.735854002633961,1.4,1.38,B365W/B365L,AvgW/AvgL,200.0,1.392,0.01449275362318847,0.6818181818181818,1.0476190476190477,0.05403582081577918,0.030195603687545258,0.02430877166647355,0.01887225230471579,,True,True,1.0,0.3999999999999999,0.3919999999999999
2025-10-13,2025-10-16,Almaty,R16,Hard,3,Adam Walton,Daniil Medvedev,player2,other,0.18842964819070962,5.5,5.68,B365W/B365L,AvgW/AvgL,200.0,5.41,-0.03169014084507038,0.1716867469879518,1.0590111642743223,0.016742901202757815,0.036363065048902965,0.019404396711739103,0.0020201702804946093,,True,False,1.0,-1.0,-1.0
2025-10-20,2025-10-20,Vienna,R32,Hard,3,Jurij Rodionov,Alex De Minaur,player1,top_10,0.1304355021663712,10.0,9.18,B365W/B365L,AvgW/AvgL,200.0,9.82,0.08932461873638342,0.09584086799276674,1.0433962264150942,0.03459463417360446,0.3043550216637121,0.2808766312737654,0.008454306157325335,,True,False,1.0,-1.0,-1.0
2025-10-20,2025-10-21,Basel,R32,Hard,3,Kamil Majchrzak,Ben Shelton,player1,top_10,0.41217520597152335,2.63,2.58,B365W/B365L,AvgW/AvgL,200.0,2.5974,0.019379844961240345,0.36319612590799033,1.046894803548796,0.04897908006353302,0.08402079170510635,0.0705838799904347,0.012886624494648214,,True,False,1.0,-1.0,-1.0
2025-10-20,2025-10-22,Vienna,R16,Hard,3,Filip Misolic,Alex De Minaur,player1,top_10,0.10979605771453205,10.0,9.3,B365W/B365L,AvgW/AvgL,200.0,9.82,0.07526881720430101,0.09584086799276674,1.0433962264150942,0.013955189721765307,0.09796057714532047,0.07819728675670479,0.002721127142925569,,True,False,1.0,-1.0,-1.0
2025-10-20,2025-10-23,Vienna,R16,Hard,3,Matteo Arnaldi,Alexander Zverev,player2,top_10,0.31723497204051687,3.75,3.53,B365W/B365L,AvgW/AvgL,200.0,3.695,0.062322946175637384,0.25595238095238093,1.041860465116279,0.06128259108813594,0.18963114515193824,0.1721832216897098,0.017239195013812568,,True,False,1.0,-1.0,-1.0
2025-10-20,2025-10-26,Vienna,F,Hard,3,Jannik Sinner,Alexander Zverev,player2,top_10,0.9586686867303319,1.1,1.1,B365W/B365L,AvgW/AvgL,200.0,1.098,0.0,0.8641975308641975,1.051948051948052,0.09447115586613442,0.054535555403365174,0.052618218029904504,0.1363388885084128,,True,True,1.0,0.10000000000000009,0.09800000000000009
2025-10-27,2025-10-29,Paris Masters,R32,Hard,4,Gabriel Diallo,Alex De Minaur,player1,top_10,0.2789718698160797,3.75,3.55,B365W/B365L,AvgW/AvgL,200.0,3.695,0.05633802816901423,0.25595238095238093,1.041860465116279,0.023019488863698756,0.04614451181029877,0.030801058970414408,0.00419495561911807,,True,False,1.0,-1.0,-1.0
2025-10-27,2025-10-30,Paris Masters,R16,Hard,4,Alexander Zverev,Alejandro Davidovich Fokina,player2,top_10,0.7677217361012909,1.44,1.44,B365W/B365L,AvgW/AvgL,200.0,1.4312,0.0,0.6563245823389022,1.058080808080808,0.11139715376238868,0.10551929998585885,0.09876334870816755,0.05995414771923799,,True,True,1.0,0.43999999999999995,0.4312
2025-10-27,2025-10-30,Paris Masters,R16,Hard,4,Taylor Fritz,Alexander Bublik,player1,top_10,0.5960742330560608,1.73,1.73,B365W/B365L,AvgW/AvgL,200.0,1.7153999999999998,0.0,0.5483028720626633,1.054225158271401,0.047771360993397516,0.031208423186985135,0.022505739384366563,0.010687816159926417,,True,False,1.0,-1.0,-1.0
2025-10-27,2025-10-30,Paris Masters,R16,Hard,4,Felix Auger Aliassime,Daniel Altmaier,player2,top_10,0.735882673394302,1.4,1.41,B365W/B365L,AvgW/AvgL,200.0,1.392,-0.007092198581560294,0.6818181818181818,1.0476190476190477,0.054064491576120255,0.030235742752022787,0.02434868136486834,0.018897339220014246,,True,True,1.0,0.3999999999999999,0.3919999999999999
2025-10-27,2025-10-31,Paris Masters,QF,Hard,4,Daniil Medvedev,Alexander Zverev,player2,top_10,0.5995138266601518,1.73,1.75,B365W/B365L,AvgW/AvgL,200.0,1.7153999999999998,-0.011428571428571455,0.5483028720626633,1.054225158271401,0.05121095459748859,0.03715892012206268,0.02840601825282435,0.012725657576048863,,True,False,1.0,-1.0,-1.0
2025-10-27,2025-10-31,Paris Masters,QF,Hard,4,Valentin Vacherot,Felix Auger Aliassime,player1,top_10,0.5592580634380345,2.38,2.28,B365W/B365L,AvgW/AvgL,200.0,2.3524,0.043859649122807154,0.39746835443037976,1.0571107423861263,0.16178970900765477,0.33103419098252207,0.3155986684316323,0.05996996213451487,,True,False,1.0,-1.0,-1.0
2025-10-27,2025-11-01,Paris Masters,SF,Hard,4,Felix Auger Aliassime,Alexander Bublik,player1,top_10,0.5531855398212198,1.91,1.9,B365W/B365L,AvgW/AvgL,200.0,1.8918,0.0052631578947368585,0.5,1.0471204188481675,0.05318553982121976,0.0565843810585297,0.046516404233783504,0.015545159631464205,,True,True,1.0,0.9099999999999999,0.8917999999999999
2025-10-27,2025-11-02,Paris Masters,F,Hard,4,Felix Auger Aliassime,Jannik Sinner,player1,top_10,0.221221074205999,7.0,7.02,B365W/B365L,AvgW/AvgL,200.0,6.88,-0.002849002849002802,0.13580246913580246,1.051948051948052,0.08541860507019655,0.5485475194419931,0.5220009905372731,0.02285614664341638,,True,False,1.0,-1.0,-1.0
2025-11-02,2025-11-04,Athens,R16,Hard,3,Novak Djokovic,Alejandro Tabilo,player1,top_10,0.8916997054293336,1.2,1.21,B365W/B365L,AvgW/AvgL,200.0,1.196,-0.008264462809917328,0.7894736842105263,1.0555555555555556,0.1022260212188073,0.07003964651520031,0.066472847693483,0.08754955814400041,,True,True,1.0,0.19999999999999996,0.19599999999999995
2025-11-02,2025-11-05,Athens,R16,Hard,3,Stan Wawrinka,Lorenzo Musetti,player2,top_10,0.2519336430317912,5.0,4.81,B365W/B365L,AvgW/AvgL,200.0,4.92,0.03950103950103956,0.18962722852512157,1.0547008547008547,0.062306414506669655,0.2596682151589561,0.23951352371641277,0.016229263447434757,,True,False,1.0,-1.0,-1.0
2025-11-02,2025-11-07,Athens,SF,Hard,3,Sebastian Korda,Lorenzo Musetti,player1,top_10,0.4954689317136075,2.1,2.07,B365W/B365L,AvgW/AvgL,200.0,2.0780000000000003,0.01449275362318847,0.4516971279373368,1.054225158271401,0.04377180377627071,0.040484756598575755,0.029584440100876574,0.009201081045130852,,True,False,1.0,-1.0,-1.0
2025-11-02,2025-11-07,Athens,SF,Hard,3,Novak Djokovic,Yannick Hanfmann,player2,top_10,0.867809650056137,1.2,1.22,B365W/B365L,AvgW/AvgL,200.0,1.196,-0.016393442622950838,0.7894736842105263,1.0555555555555556,0.07833596584561064,0.04137158006736433,0.037900341467139775,0.05171447508420542,,True,True,1.0,0.19999999999999996,0.19599999999999995
2025-11-02,2025-11-08,Athens,F,Hard,3,Novak Djokovic,Lorenzo Musetti,player2,top_10,0.8267651684983589,1.36,1.36,B365W/B365L,AvgW/AvgL,200.0,1.3528000000000002,0.0,0.7017543859649122,1.0477941176470589,0.12501078253344666,0.12440062915776817,0.1184479199445801,0.08638932580400566,,True,True,1.0,0.3600000000000001,0.3528000000000002
2025-11-09,2025-11-09,Tour Finals,RR,Hard,1,Ben Shelton,Alexander Zverev,player1,top_10,0.525525606547395,2.5,2.46,B365W/B365L,AvgW/AvgL,200.0,2.4699999999999998,0.016260162601626105,0.3796526054590571,1.05359477124183,0.1458730010883379,0.3138140163684875,0.29804824817206554,0.05230233606141458,,True,False,1.0,-1.0,-1.0
2025-11-09,2025-11-09,Tour Finals,RR,Hard,1,Alex De Minaur,Carlos Alcaraz,player1,top_10,0.25676479160795906,5.0,4.66,B365W/B365L,AvgW/AvgL,200.0,4.92,0.07296137339055786,0.18962722852512157,1.0547008547008547,0.0671375630828375,0.2838239580397953,0.2632827747111587,0.017738997377487208,,True,False,1.0,-1.0,-1.0
2025-11-09,2025-11-10,Tour Finals,RR,Hard,1,Felix Auger Aliassime,Jannik Sinner,player1,top_10,0.14804142086837502,10.0,8.64,B365W/B365L,AvgW/AvgL,200.0,9.82,0.15740740740740744,0.09584086799276674,1.0433962264150942,0.05220055287560828,0.48041420868375007,0.4537667529274426,0.013344839130104168,,True,False,1.0,-1.0,-1.0
2025-11-09,2025-11-11,Tour Finals,RR,Hard,1,Taylor Fritz,Carlos Alcaraz,player1,top_10,0.28855914981871217,4.5,4.4,B365W/B365L,AvgW/AvgL,200.0,4.43,0.022727272727272707,0.21052631578947367,1.0555555555555556,0.0780328340292385,0.2985161741842046,0.27831703369689476,0.02132258387030033,,True,False,1.0,-1.0,-1.0
2025-11-09,2025-11-12,Tour Finals,RR,Hard,1,Ben Shelton,Felix Auger Aliassime,player1,top_10,0.7113463266275561,1.67,1.68,B365W/B365L,AvgW/AvgL,200.0,1.6566,-0.005952380952380931,0.5684754521963824,1.0533478497550355,0.14287087443117374,0.18794836546801874,0.17841632469120955,0.07012998711493237,,True,False,1.0,-1.0,-1.0
2025-11-09,2025-11-13,Tour Finals,RR,Hard,1,Taylor Fritz,Alex De Minaur,player2,top_10,0.7641133495986019,1.36,1.36,B365W/B365L,AvgW/AvgL,200.0,1.3528000000000002,0.0,0.7017543859649122,1.0477941176470589,0.062358963633689646,0.039194155454098656,0.03369253933698879,0.027218163509790727,,True,False,1.0,-1.0,-1.0
2025-11-09,2025-11-13,Tour Finals,RR,Hard,1,Lorenzo Musetti,Carlos Alcaraz,player2,top_10,0.1987229891968898,6.0,6.05,B365W/B365L,AvgW/AvgL,200.0,5.9,-0.008264462809917328,0.15848527349228608,1.0516224188790562,0.040237715704603716,0.1923379351813388,0.1724656362616499,0.00961689675906694,,True,False,1.0,-1.0,-1.0
2025-11-09,2025-11-15,Tour Finals,SF,Hard,1,Felix Auger Aliassime,Carlos Alcaraz,player2,top_10,0.33249152318665953,4.5,4.75,B365W/B365L,AvgW/AvgL,200.0,4.43,-0.052631578947368474,0.21052631578947367,1.0555555555555556,0.12196520739718586,0.49621185433996795,0.4729374477169016,0.03544370388142628,,True,False,1.0,-1.0,-1.0
2026-01-05,2026-01-07,Hong Kong,R16,Hard,3,Yibing Wu,Andrey Rublev,player2,other,0.375038283115536,2.75,2.61,B365W/B365L,AvgW/AvgL,200.0,2.715,0.05363984674329503,0.3436754176610979,1.058080808080808,0.031362865454438116,0.03135527856772402,0.01822893865868014,0.00447932550967486,,True,False,1.0,-1.0,-1.0
2026-01-04,2026-01-08,Brisbane,R16,Hard,3,Aleksandar Kovacevic,Cameron Norrie,player2,other,0.4064770534943498,2.63,2.64,B365W/B365L,AvgW/AvgL,200.0,2.5974,-0.0037878787878788955,0.36319612590799033,1.046894803548796,0.043280927586359486,0.06903465069013992,0.055783498746224236,0.010588136608917166,,True,True,1.0,1.63,1.5974
2026-01-05,2026-01-08,Hong Kong,R16,Hard,3,Botic Van De Zandschulp,Alexander Bublik,player2,other,0.375038283115536,2.75,2.65,B365W/B365L,AvgW/AvgL,200.0,2.715,0.037735849056603765,0.3436754176610979,1.058080808080808,0.031362865454438116,0.03135527856772402,0.01822893865868014,0.00447932550967486,,True,False,1.0,-1.0,-1.0
2026-01-04,2026-01-10,Brisbane,SF,Hard,3,Alex Michelsen,Daniil Medvedev,player1,other,0.26223600524614116,4.0,3.77,B365W/B365L,AvgW/AvgL,200.0,3.94,0.0610079575596818,0.23809523809523808,1.05,0.024140767150903075,0.04894402098456463,0.033209860669796254,0.004078668415380386,,True,False,1.0,-1.0,-1.0
2026-01-12,2026-01-13,Auckland,R16,Hard,3,Ben Shelton,Francisco Comesana,player2,top_10,0.902216318242135,1.25,1.29,B365W/B365L,AvgW/AvgL,200.0,1.245,-0.03100775193798455,0.7619047619047619,1.05,0.14031155633737313,0.12777039780266874,0.12325931621145816,0.12777039780266874,,True,True,1.0,0.25,0.2450000000000001
2026-01-12,2026-01-14,Auckland,R16,Hard,3,Fabian Marozsan,Casper Ruud,player2,other,0.34937264489081254,3.0,2.76,B365W/B365L,AvgW/AvgL,200.0,2.96,0.0869565217391306,0.3181818181818181,1.0476190476190477,0.031190826708994424,0.048117934672437634,0.03414302887680509,0.006014741834054704,,True,True,1.0,2.0,1.96
2026-01-12,2026-01-14,Adelaide,R16,Hard,3,Rinky Hijikata,Alejandro Davidovich Fokina,player1,other,0.328200874514809,3.2,3.03,B365W/B365L,AvgW/AvgL,200.0,3.156,0.05610561056105623,0.2982456140350877,1.0477941176470589,0.029955260479721302,0.05024279844738888,0.03580195996873736,0.005709408914476009,,True,False,1.0,-1.0,-1.0
2026-01-12,2026-01-15,Auckland,QF,Hard,3,Ben Shelton,Sebastian Baez,player1,top_10,0.8551184852283936,1.22,1.23,B365W/B365L,AvgW/AvgL,200.0,1.2156,-0.008130081300813052,0.7801801801801801,1.0506190133646311,0.07493830504821353,0.04324455197864019,0.039482030643635285,0.049141536339363856,,True,False,1.0,-1.0,-1.0
2026-01-12,2026-01-15,Adelaide,QF,Hard,3,Aleksandar Vukic,Tommy Paul,player2,other,0.24373909041735076,4.33,3.97,B365W/B365L,AvgW/AvgL,200.0,4.2634,0.09068010075566746,0.2198198198198198,1.0506190133646311,0.02391927059753096,0.05539026150712878,0.039157238085333224,0.004158428041075734,,True,False,1.0,-1.0,-1.0
2026-01-12,2026-01-16,Auckland,SF,Hard,3,Sebastian Baez,Marcos Giron,player1,other,0.4627733509344339,2.38,2.49,B365W/B365L,AvgW/AvgL,200.0,2.3524,-0.04417670682730934,0.39746835443037976,1.0571107423861263,0.06530499650405414,0.10140057522395252,0.08862803073816217,0.01836966942462908,,True,True,1.0,1.38,1.3523999999999998
2026-01-19,2026-01-19,Australian Open,R128,Hard,5,Jesper De Jong,Daniil Medvedev,player2,other,0.09054693522574875,13.0,9.88,B365W/B365L,AvgW/AvgL,200.0,12.76,0.3157894736842104,0.07407407407407408,1.0384615384615383,0.016472861151674664,0.17711015793473373,0.15537889348055411,0.0036897949569736194,,True,False,1.0,-1.0,-1.0
2026-01-05,2026-01-20,United Cup,RR,Hard,3,Shintaro Mochizuki,Stefanos Tsitsipas,player1,other,0.1773801204803473,6.5,5.96,B365W/B365L,AvgW/AvgL,200.0,6.39,0.09060402684563762,0.14586070959264127,1.0547470547470548,0.03151941088770602,0.15297078312225743,0.1334589698694192,0.006953217414648064,,True,False,1.0,-1.0,-1.0
2026-01-19,2026-01-20,Australian Open,R128,Hard,5,Shintaro Mochizuki,Stefanos Tsitsipas,player1,other,0.1660351517920171,6.5,5.96,B365W/B365L,AvgW/AvgL,200.0,6.39,0.09060402684563762,0.14586070959264127,1.0547470547470548,0.020174442199375836,0.07922848664811122,0.06096461995098923,0.003601294847641419,,True,False,1.0,-1.0,-1.0
2026-01-19,2026-01-20,Australian Open,R128,Hard,5,Taylor Fritz,Valentin Royer,player1,top_10,0.9419218760082535,1.11,1.12,B365W/B365L,AvgW/AvgL,200.0,1.1078000000000001,-0.008928571428571397,0.8541392904073586,1.0547470547470548,0.08778258560089491,0.045533282369161474,0.04346105424194334,0.10348473265718508,,True,True,1.0,0.1100000000000001,0.10780000000000012
2026-01-19,2026-01-20,Australian Open,R128,Hard,5,Dino Prizmic,James Duckworth,player2,other,0.6078730191561086,1.73,1.73,B365W/B365L,AvgW/AvgL,200.0,1.7153999999999998,0.0,0.5483028720626633,1.054225158271401,0.059570147093445325,0.051620323140067814,0.042745377060388556,0.01767819285618761,,True,False,1.0,-1.0,-1.0
2026-01-19,2026-01-21,Australian Open,R64,Hard,5,Hamad Medjedovic,Alex De Minaur,player2,top_10,0.18110020773290803,6.0,5.5,B365W/B365L,AvgW/AvgL,200.0,5.9,0.09090909090909083,0.15848527349228608,1.0516224188790562,0.022614934240621942,0.08660124639744815,0.06849122562415744,0.004330062319872407,,True,False,1.0,-1.0,-1.0
2026-01-19,2026-01-22,Australian Open,R64,Hard,5,James Duckworth,Jannik Sinner,player2,top_10,0.08923312510849657,51.0,22.15,B365W/B365L,AvgW/AvgL,200.0,50.0,1.3024830699774266,0.019230769230769232,1.0196078431372548,0.07000235587772734,3.550889380533325,3.461656255424828,0.017754446902666626,,True,False,1.0,-1.0,-1.0
2026-01-19,2026-01-23,Australian Open,R32,Hard,5,Fabian Marozsan,Daniil Medvedev,player2,other,0.20964043319088443,5.0,4.67,B365W/B365L,AvgW/AvgL,200.0,4.92,0.07066381156316925,0.18962722852512157,1.0547008547008547,0.020013204665762868,0.04820216595442217,0.03143093129915142,0.0030126353721513857,,True,False,1.0,-1.0,-1.0
2026-01-19,2026-01-23,Australian Open,R32,Hard,5,Tomas Machac,Lorenzo Musetti,player2,top_10,0.40745504994603776,2.63,2.52,B365W/B365L,AvgW/AvgL,200.0,2.5974,0.043650793650793496,0.36319612590799033,1.046894803548796,0.04425892403804743,0.0716067813580793,0.05832374672983842,0.010982635177619524,,True,False,1.0,-1.0,-1.0
2026-01-19,2026-01-24,Australian Open,R32,Hard,5,Stan Wawrinka,Taylor Fritz,player2,top_10,0.16209516697423054,8.0,7.48,B365W/B365L,AvgW/AvgL,200.0,7.859999999999999,0.06951871657753994,0.11894273127753305,1.0509259259259258,0.043152435696697494,0.29676133579384434,0.27406801241745193,0.01059861913549444,,True,False,1.0,-1.0,-1.0
2026-01-19,2026-01-24,Australian Open,R32,Hard,5,Botic Van De Zandschulp,Novak Djokovic,player1,top_10,0.13472726230379917,10.0,8.23,B365W/B365L,AvgW/AvgL,200.0,9.82,0.21506682867557703,0.09584086799276674,1.0433962264150942,0.03888639431103243,0.34727262303799167,0.32302171582330796,0.009646461751055324,,True,False,1.0,-1.0,-1.0
2026-01-19,2026-01-24,Australian Open,R32,Hard,5,Ben Shelton,Valentin Vacherot,player1,top_10,0.9237648245762864,1.22,1.23,B365W/B365L,AvgW/AvgL,200.0,1.2156,-0.008130081300813052,0.7801801801801801,1.0506190133646311,0.1435846443961063,0.12699308598306938,0.12292852075493374,0.14431032498076068,,True,True,1.0,0.21999999999999997,0.2156
2026-01-19,2026-01-25,Australian Open,R16,Hard,5,Alexander Bublik,Alex De Minaur,player2,top_10,0.4329793941305581,2.5,2.41,B365W/B365L,AvgW/AvgL,200.0,2.4699999999999998,0.03734439834024883,0.3796526054590571,1.05359477124183,0.05332678867150098,0.08244848532639526,0.0694591035024783,0.013741414221065876,,True,False,1.0,-1.0,-1.0
2026-01-19,2026-01-25,Australian Open,R16,Hard,5,Alexander Zverev,Francisco Cerundolo,player2,top_10,0.7869303455555283,1.36,1.35,B365W/B365L,AvgW/AvgL,200.0,1.3528000000000002,0.007407407407407307,0.7017543859649122,1.0477941176470589,0.08517595959061608,0.07022526995551859,0.06455937146751889,0.048767548580221226,,True,True,1.0,0.3600000000000001,0.3528000000000002
2026-01-19,2026-01-26,Australian Open,R16,Hard,5,Jakub Mensik,Novak Djokovic,player1,top_10,0.25832240712383575,4.0,3.72,B365W/B365L,AvgW/AvgL,200.0,3.94,0.07526881720430101,0.23809523809523808,1.05,0.02022716902859767,0.033289628495343004,0.01779028406791283,0.0027741357079452502,,True,False,1.0,-1.0,-1.0
2026-01-19,2026-01-26,Australian Open,R16,Hard,5,Ben Shelton,Casper Ruud,player1,top_10,0.6740469592568227,1.53,1.53,B365W/B365L,AvgW/AvgL,200.0,1.5194,0.0,0.6203473945409429,1.05359477124183,0.05369956471587978,0.03129184766293869,0.024146949894816416,0.014760305501386174,,True,True,1.0,0.53,0.5194000000000001
2026-01-19,2026-01-26,Australian Open,R16,Hard,5,Luciano Darderi,Jannik Sinner,player1,top_10,0.05768674779024478,26.0,16.08,B365W/B365L,AvgW/AvgL,200.0,25.5,0.6169154228855722,0.03739355794150315,1.0285605483625286,0.020293189848741636,0.4998554425463644,0.471012068651242,0.004998554425463644,,True,False,1.0,-1.0,-1.0
2026-01-19,2026-01-27,Australian Open,QF,Hard,5,Alexander Zverev,Learner Tien,player2,top_10,0.7383473705963981,1.44,1.44,B365W/B365L,AvgW/AvgL,200.0,1.4312,0.0,0.6563245823389022,1.058080808080808,0.08202278825749587,0.06322021365881325,0.056722756797565,0.035920575942507534,,True,True,1.0,0.43999999999999995,0.4312
2026-01-19,2026-01-28,Australian Open,QF,Hard,5,Novak Djokovic,Lorenzo Musetti,player1,top_10,0.8001375808326212,1.3,1.31,B365W/B365L,AvgW/AvgL,200.0,1.294,-0.007633587786259555,0.7291666666666667,1.0549450549450547,0.07097091416595447,0.040178855082407594,0.035378029597411875,0.03348237923533966,,True,True,1.0,0.30000000000000004,0.29400000000000004
2026-01-19,2026-02-01,Australian Open,F,Hard,5,Novak Djokovic,Carlos Alcaraz,player2,top_10,0.3017947758059778,3.5,3.44,B365W/B365L,AvgW/AvgL,200.0,3.45,0.01744186046511631,0.27083333333333337,1.0549450549450547,0.03096144247264443,0.0562817153209223,0.04119197653062345,0.00562817153209223,,True,False,1.0,-1.0,-1.0
2026-02-09,2026-02-10,Buenos Aires,R32,Clay,3,Alejandro Tabilo,Facundo Diaz Acosta,player1,other,0.6167628234921114,1.8,1.77,B365W/B365L,AvgW/AvgL,200.0,1.784,0.016949152542372836,0.5263157894736842,1.0555555555555556,0.09044703401842724,0.11017308228580058,0.1003048771099268,0.03442908821431268,,True,True,1.0,0.8,0.784
2026-02-09,2026-02-11,Rotterdam,R32,Hard,3,Felix Auger Aliassime,Alexei Popyrin,player2,top_10,0.8471772305144283,1.22,1.22,B365W/B365L,AvgW/AvgL,200.0,1.2156,0.0,0.7801801801801801,1.0506190133646311,0.06699705033424819,0.03355622122760249,0.02982864141333902,0.03813206957682101,,True,True,1.0,0.21999999999999997,0.2156
2026-02-09,2026-02-11,Rotterdam,R32,Hard,3,Jesper De Jong,Karen Khachanov,player2,other,0.2001215520303502,5.5,5.32,B365W/B365L,AvgW/AvgL,200.0,5.41,0.03383458646616533,0.1716867469879518,1.0590111642743223,0.028434805042398398,0.10066853616692606,0.08265759648419457,0.005592696453718115,,True,False,1.0,-1.0,-1.0
2026-02-09,2026-02-11,Dallas,R32,Hard,3,James Duckworth,Eliot Spizzirri,player2,other,0.3147601532249631,3.5,3.51,B365W/B365L,AvgW/AvgL,200.0,3.45,-0.002849002849002802,0.27083333333333337,1.0549450549450547,0.04392681989162972,0.10166053628737082,0.08592252862612271,0.010166053628737081,,True,False,1.0,-1.0,-1.0
2026-02-09,2026-02-12,Rotterdam,R16,Hard,3,Alexander Bublik,Jan Lennard Struff,player2,top_10,0.7697752233068652,1.36,1.34,B365W/B365L,AvgW/AvgL,200.0,1.3528000000000002,0.014925373134328401,0.7017543859649122,1.0477941176470589,0.06802083734195297,0.04689430369733677,0.041351922089527426,0.03256548867870608,,True,True,1.0,0.3600000000000001,0.3528000000000002
2026-02-09,2026-02-12,Rotterdam,R16,Hard,3,Stan Wawrinka,Alex De Minaur,player1,top_10,0.15125635836928653,7.0,6.58,B365W/B365L,AvgW/AvgL,200.0,6.88,0.06382978723404253,0.13580246913580246,1.051948051948052,0.015453889233484064,0.05879450858500568,0.04064374558069128,0.002449771191041903,,True,False,1.0,-1.0,-1.0
2026-02-09,2026-02-12,Buenos Aires,R16,Clay,3,Ignacio Buse,Sebastian Baez,player2,other,0.32670462367141295,3.2,3.08,B365W/B365L,AvgW/AvgL,200.0,3.156,0.038961038961039085,0.2982456140350877,1.0477941176470589,0.02845900963632525,0.045454795748521515,0.031079792306979326,0.0051653176986956265,,True,False,1.0,-1.0,-1.0
2026-02-09,2026-02-13,Rotterdam,QF,Hard,3,Tallon Griekspoor,Felix Auger Aliassime,player2,top_10,0.38276946604858486,3.5,3.38,B365W/B365L,AvgW/AvgL,200.0,3.45,0.035502958579881616,0.27083333333333337,1.0549450549450547,0.11193613271525149,0.33969313117004696,0.32055465786761783,0.0339693131170047,,True,False,1.0,-1.0,-1.0
2026-02-09,2026-02-13,Rotterdam,QF,Hard,3,Jaume Munar,Alexander Bublik,player2,top_10,0.39927926668664393,2.63,2.63,B365W/B365L,AvgW/AvgL,200.0,2.5974,0.0,0.36319612590799033,1.046894803548796,0.0360831407786536,0.050104471385873484,0.0370879672918889,0.00768473487513397,,True,False,1.0,-1.0,-1.0
2026-02-09,2026-02-13,Dallas,R16,Hard,3,Adrian Mannarino,Ben Shelton,player1,top_10,0.2504232557362248,4.5,4.57,B365W/B365L,AvgW/AvgL,200.0,4.43,-0.015317286652078876,0.21052631578947367,1.0555555555555556,0.03989693994675114,0.12690465081301172,0.10937502291147583,0.009064617915215123,,True,False,1.0,-1.0,-1.0
2026-02-09,2026-02-14,Rotterdam,SF,Hard,3,Ugo Humbert,Alex De Minaur,player1,top_10,0.36417172320498475,3.0,2.85,B365W/B365L,AvgW/AvgL,200.0,2.96,0.05263157894736836,0.3181818181818181,1.0476190476190477,0.04598990502316663,0.09251516961495432,0.07794830068675496,0.01156439620186929,,True,False,1.0,-1.0,-1.0
2026-02-09,2026-02-14,Dallas,QF,Hard,3,Ben Shelton,Miomir Kecmanovic,player2,top_10,0.8648127265596661,1.2,1.19,B365W/B365L,AvgW/AvgL,200.0,1.196,0.008403361344537785,0.7894736842105263,1.0555555555555556,0.0753390423491398,0.03777527187159932,0.034316020965360655,0.04721908983949916,,True,True,1.0,0.19999999999999996,0.19599999999999995
2026-02-09,2026-02-14,Dallas,SF,Hard,3,Marin Cilic,Taylor Fritz,player1,top_10,0.4217541822602506,2.5,2.43,B365W/B365L,AvgW/AvgL,200.0,2.4699999999999998,0.028806584362139898,0.3796526054590571,1.05359477124183,0.042101576801193474,0.05438545565062647,0.041732830182818925,0.009064242608437745,,True,False,1.0,-1.0,-1.0
2026-02-09,2026-02-15,Rotterdam,F,Hard,3,Alex De Minaur,Felix Auger Aliassime,player1,top_10,0.4134393243967583,2.5,2.43,B365W/B365L,AvgW/AvgL,200.0,2.4699999999999998,0.028806584362139898,0.3796526054590571,1.05359477124183,0.03378671893770119,0.0335983109918957,0.02119513125999284,0.0055997184986492825,,True,True,1.0,1.5,1.4699999999999998
2026-02-16,2026-02-17,Doha,R32,Hard,3,Jenson Brooksby,Jiri Lehecka,player1,other,0.39491686416598176,2.63,2.56,B365W/B365L,AvgW/AvgL,200.0,2.5974,0.02734375,0.36319612590799033,1.046894803548796,0.03172073825799143,0.038631352756531956,0.025757062984720913,0.0059250541037625705,,True,False,1.0,-1.0,-1.0
2026-02-16,2026-02-17,Doha,R32,Hard,3,Moez Echargui,Stefanos Tsitsipas,player2,other,0.15424099425894744,7.0,6.87,B365W/B365L,AvgW/AvgL,200.0,6.88,0.018922852983988436,0.13580246913580246,1.051948051948052,0.018438525123144978,0.07968695981263207,0.061178040501558395,0.0033202899921930032,,True,False,1.0,-1.0,-1.0
2026-02-16,2026-02-17,Doha,R32,Hard,3,Shintaro Mochizuki,Karen Khachanov,player2,other,0.17606444435536583,6.0,5.92,B365W/B365L,AvgW/AvgL,200.0,5.9,0.013513513513513598,0.15848527349228608,1.0516224188790562,0.01757917086307975,0.05638666613219501,0.03878022169665851,0.0028193333066097504,,True,False,1.0,-1.0,-1.0
2026-02-16,2026-02-17,Rio de Janeiro,R32,Clay,3,Pedro Martinez,Damir Dzumhur,player2,other,0.6425583456020917,1.62,1.62,B365W/B365L,AvgW/AvgL,200.0,1.6076000000000001,0.0,0.586734693877551,1.0520665593129361,0.055823651724540735,0.04094451987538861,0.03297679638992268,0.01650988704652766,,True,False,1.0,-1.0,-1.0
2026-02-16,2026-02-18,Doha,R16,Hard,3,Alexei Popyrin,Jannik Sinner,player2,top_10,0.1021791853741576,15.0,15.19,B365W/B365L,AvgW/AvgL,200.0,14.719999999999999,-0.012508229098090795,0.06425452276980662,1.0375404530744337,0.037924662604350984,0.532687780612364,0.5040776087075998,0.009512281796649357,,True,False,1.0,-1.0,-1.0
2026-02-16,2026-02-18,Doha,R16,Hard,3,Stefanos Tsitsipas,Daniil Medvedev,player2,other,0.29835504883136543,3.5,3.33,B365W/B365L,AvgW/AvgL,200.0,3.45,0.05105105105105112,0.27083333333333337,1.0549450549450547,0.027521715498032062,0.04424267090977907,0.029324918468210837,0.004424267090977907,,True,True,1.0,2.5,2.45
2026-02-16,2026-02-19,Delray Beach,R16,Hard,3,Adam Walton,Tommy Paul,player2,other,0.13801803285687841,8.0,7.13,B365W/B365L,AvgW/AvgL,200.0,7.859999999999999,0.12201963534361848,0.11894273127753305,1.0509259259259258,0.019075301579345366,0.10414426285502731,0.08482173825506423,0.0037194379591081184,,True,False,1.0,-1.0,-1.0
2026-02-23,2026-02-23,Santiago,R32,Clay,3,Dusan Lajovic,Yannick Hanfmann,player2,other,0.5074433909550073,2.38,2.36,B365W/B365L,AvgW/AvgL,200.0,2.3524,0.008474576271186418,0.39746835443037976,1.0571107423861263,0.10997503652462759,0.20771527047291738,0.19370983288255916,0.037629577984224165,,True,False,1.0,-1.0,-1.0
2026-02-23,2026-02-24,Dubai,R32,Hard,3,Jan Lennard Struff,Alexander Bublik,player2,top_10,0.3384865123771472,3.2,3.12,B365W/B365L,AvgW/AvgL,200.0,3.156,0.025641025641025772,0.2982456140350877,1.0477941176470589,0.04024089834205952,0.08315683960687115,0.06826343306227667,0.009449640864417175,,True,False,1.0,-1.0,-1.0
2026-02-23,2026-02-24,Dubai,R32,Hard,3,Alexander Shevchenko,Karen Khachanov,player1,other,0.24277795819796444,4.33,3.99,B365W/B365L,AvgW/AvgL,200.0,4.2634,0.08521303258145352,0.2198198198198198,1.0506190133646311,0.022958138378144644,0.051228558997186036,0.035059546981201506,0.003845987912701654,,True,False,1.0,-1.0,-1.0
2026-02-23,2026-02-24,Acapulco,R32,Hard,3,Coleman Wong,Valentin Vacherot,player2,other,0.3927206596774071,2.75,2.74,B365W/B365L,AvgW/AvgL,200.0,2.715,0.0036496350364962904,0.3436754176610979,1.058080808080808,0.04904524201630922,0.07998181411286953,0.06623659102416024,0.011425973444695647,,True,False,1.0,-1.0,-1.0
2026-02-23,2026-02-24,Acapulco,R32,Hard,3,Adam Walton,Aleksandar Kovacevic,player2,other,0.4796545244498197,2.2,2.17,B365W/B365L,AvgW/AvgL,200.0,2.176,0.01382488479262678,0.43152454780361754,1.0533478497550355,0.048129976646202166,0.055239953789603446,0.043728245202807714,0.011508323706167382,,True,False,1.0,-1.0,-1.0
2026-02-23,2026-02-25,Dubai,R16,Hard,3,Tallon Griekspoor,Alexander Bublik,player2,top_10,0.4221900821945259,3.4,3.19,B365W/B365L,AvgW/AvgL,200.0,3.352,0.0658307210031348,0.28118393234672306,1.0459973463069439,0.14100614984780285,0.43544627946138803,0.41518115551605084,0.04535898744389459,,True,True,1.0,2.4,2.352
2026-02-23,2026-02-25,Acapulco,R32,Hard,3,Alexander Zverev,Corentin Moutet,player2,top_10,0.9058567817016666,1.17,1.18,B365W/B365L,AvgW/AvgL,200.0,1.1665999999999999,-0.008474576271186418,0.8103727714748785,1.0547008547008547,0.0954840102267881,0.05985243459094988,0.056772521533164144,0.08801828616316162,,True,True,1.0,0.16999999999999993,0.16659999999999986
2026-02-23,2026-02-26,Dubai,QF,Hard,3,Jiri Lehecka,Felix Auger Aliassime,player1,top_10,0.4481407329475108,2.75,2.71,B365W/B365L,AvgW/AvgL,200.0,2.715,0.014760147601476037,0.3436754176610979,1.058080808080808,0.1044653152864129,0.23238701560565467,0.21670208995249174,0.03319814508652209,,True,False,1.0,-1.0,-1.0
2026-02-23,2026-02-26,Acapulco,R16,Hard,3,Mattia Bellucci,Alejandro Davidovich Fokina,player2,other,0.20961897032840637,5.0,4.68,B365W/B365L,AvgW/AvgL,200.0,4.92,0.06837606837606836,0.18962722852512157,1.0547008547008547,0.019991741803284807,0.048094851642031866,0.03132533401575932,0.0030059282276269916,,True,True,1.0,4.0,3.92
2026-02-23,2026-02-26,Santiago,R16,Clay,3,Elmer Moller,Francisco Cerundolo,player2,other,0.20444850999287345,5.5,5.17,B365W/B365L,AvgW/AvgL,200.0,5.41,0.06382978723404253,0.1716867469879518,1.0590111642743223,0.032761763004921646,0.12446680496080398,0.10606643906144542,0.006914822497822443,,True,False,1.0,-1.0,-1.0
2026-02-23,2026-02-27,Dubai,SF,Hard,3,Daniil Medvedev,Felix Auger Aliassime,player1,top_10,0.6004411766961647,1.73,1.74,B365W/B365L,AvgW/AvgL,200.0,1.7153999999999998,-0.005747126436781658,0.5483028720626633,1.054225158271401,0.05213830463350144,0.038763235684364905,0.0299967945046008,0.013275080713823597,,True,True,1.0,0.73,0.7153999999999998
2026-02-23,2026-02-27,Acapulco,QF,Hard,3,Mattia Bellucci,Frances Tiafoe,player2,other,0.3444927460376902,3.0,2.87,B365W/B365L,AvgW/AvgL,200.0,2.96,0.04529616724738683,0.3181818181818181,1.0476190476190477,0.02631092785587208,0.0334782381130706,0.019698528271562932,0.004184779764133825,,True,False,1.0,-1.0,-1.0
2026-02-23,2026-02-27,Santiago,R16,Clay,3,Thiago Agustin Tirante,Alejandro Tabilo,player2,other,0.3245565418909597,3.2,3.03,B365W/B365L,AvgW/AvgL,200.0,3.156,0.05610561056105623,0.2982456140350877,1.0477941176470589,0.026310927855872024,0.038580934051071214,0.024300446207868975,0.004384197051258092,,True,False,1.0,-1.0,-1.0
2026-03-04,2026-03-04,Indian Wells Masters,R128,Hard,4,Mariano Navone,Marcos Giron,player2,other,0.31108890147768076,3.4,3.14,B365W/B365L,AvgW/AvgL,200.0,3.352,0.08280254777070062,0.28118393234672306,1.0459973463069439,0.029904969130957693,0.057702265024114574,0.04276999775318591,0.0060106526066786015,,True,False,1.0,-1.0,-1.0
2026-03-04,2026-03-05,Indian Wells Masters,R128,Hard,4,Zachary Svajda,Marin Cilic,player2,other,0.46029580683738447,2.3,2.15,B365W/B365L,AvgW/AvgL,200.0,2.274,0.06976744186046502,0.413265306122449,1.0520665593129361,0.047030500714935475,0.05868035572598418,0.04671266474821234,0.011284683793458497,,True,True,1.0,1.2999999999999998,1.274
2026-03-04,2026-03-06,Indian Wells Masters,R64,Hard,4,Matteo Berrettini,Alexander Zverev,player1,top_10,0.273141638529516,4.5,4.2,B365W/B365L,AvgW/AvgL,200.0,4.43,0.0714285714285714,0.21052631578947367,1.0555555555555556,0.06261532274004233,0.22913737338282203,0.21001745868575583,0.016366955241630145,,True,False,1.0,-1.0,-1.0
2026-03-04,2026-03-07,Indian Wells Masters,R64,Hard,4,Sebastian Korda,Alex De Minaur,player1,top_10,0.4044170437931801,2.63,2.48,B365W/B365L,AvgW/AvgL,200.0,2.5974,0.06048387096774199,0.36319612590799033,1.046894803548796,0.04122091788518978,0.0636168251760636,0.050432829548406,0.009757181775469878,,True,False,1.0,-1.0,-1.0
2026-03-04,2026-03-07,Indian Wells Masters,R64,Hard,4,Juan Manuel Cerundolo,Arthur Rinderknech,player1,other,0.42541813358678354,2.63,2.68,B365W/B365L,AvgW/AvgL,200.0,2.5974,-0.018656716417910557,0.36319612590799033,1.046894803548796,0.06222200767879321,0.11884969133324064,0.10498106017831144,0.018228480265834453,,True,False,1.0,-1.0,-1.0
2026-03-04,2026-03-08,Indian Wells Masters,R64,Hard,4,Taylor Fritz,Jacob Fearnley,player2,top_10,0.9715396473780351,1.2,1.19,B365W/B365L,AvgW/AvgL,200.0,1.196,0.008403361344537785,0.7894736842105263,1.0555555555555556,0.18206596316750878,0.1658475768536421,0.16196141826412994,0.20730947106705266,,True,True,1.0,0.19999999999999996,0.19599999999999995
2026-03-04,2026-03-08,Indian Wells Masters,R64,Hard,4,Sebastian Baez,Jiri Lehecka,player1,other,0.3914338796805992,2.75,2.84,B365W/B365L,AvgW/AvgL,200.0,2.715,-0.03169014084507038,0.3436754176610979,1.058080808080808,0.04775846201950129,0.07644316912164772,0.06274298333282669,0.010920452731663961,,True,True,1.0,1.75,1.7149999999999999
2026-03-04,2026-03-08,Indian Wells Masters,R64,Hard,4,Daniil Medvedev,Alejandro Tabilo,player2,other,0.8359872497055759,1.25,1.25,B365W/B365L,AvgW/AvgL,200.0,1.245,0.0,0.7619047619047619,1.05,0.07408248780081406,0.0449840621319699,0.04080412588344212,0.0449840621319699,,True,True,1.0,0.25,0.2450000000000001
2026-03-04,2026-03-08,Indian Wells Masters,R32,Hard,4,Brandon Nakashima,Alexander Zverev,player2,top_10,0.2813359883148757,4.0,3.84,B365W/B365L,AvgW/AvgL,200.0,3.94,0.04166666666666674,0.23809523809523808,1.05,0.043240750219637636,0.12534395325950287,0.10846379396061034,0.010445329438291906,,True,False,1.0,-1.0,-1.0
2026-03-04,2026-03-09,Indian Wells Masters,R32,Hard,4,Gabriel Diallo,Felix Auger Aliassime,player1,top_10,0.2488069426192373,4.33,3.98,B365W/B365L,AvgW/AvgL,200.0,4.2634,0.0879396984924623,0.2198198198198198,1.0506190133646311,0.02898712279941751,0.07733406154129752,0.06076351916285627,0.005805860476073387,,True,False,1.0,-1.0,-1.0
2026-03-04,2026-03-09,Indian Wells Masters,R32,Hard,4,Aleksandar Kovacevic,Novak Djokovic,player1,top_10,0.23853428358596812,6.0,6.43,B365W/B365L,AvgW/AvgL,200.0,5.9,-0.06687402799377917,0.15848527349228608,1.0516224188790562,0.08004901009368204,0.4312057015158086,0.4073522731572119,0.02156028507579043,,True,False,1.0,-1.0,-1.0
2026-03-04,2026-03-09,Indian Wells Masters,R32,Hard,4,Cameron Norrie,Alex De Minaur,player2,top_10,0.24644380064567328,4.5,4.48,B365W/B365L,AvgW/AvgL,200.0,4.43,0.004464285714285587,0.21052631578947367,1.0555555555555556,0.03591748485619961,0.10899710290552977,0.09174603686033256,0.0077855073503949835,,True,True,1.0,3.5,3.4299999999999997
2026-03-04,2026-03-09,Indian Wells Masters,R32,Hard,4,Alexander Bublik,Rinky Hijikata,player1,top_10,0.873817260615888,1.2,1.21,B365W/B365L,AvgW/AvgL,200.0,1.196,-0.008264462809917328,0.7894736842105263,1.0555555555555556,0.08434357640536172,0.04858071273906561,0.04508544369660206,0.06072589092383203,,True,False,1.0,-1.0,-1.0
2026-03-04,2026-03-10,Indian Wells Masters,R32,Hard,4,Sebastian Baez,Daniil Medvedev,player2,other,0.20826385961824834,5.5,5.41,B365W/B365L,AvgW/AvgL,200.0,5.41,0.01663585951940849,0.1716867469879518,1.0590111642743223,0.03657711263029653,0.1454512279003658,0.12670748053472358,0.008080623772242545,,True,False,1.0,-1.0,-1.0
2026-03-04,2026-03-10,Indian Wells Masters,R32,Hard,4,Arthur Rinderknech,Carlos Alcaraz,player1,top_10,0.07362723022224547,17.0,13.07,B365W/B365L,AvgW/AvgL,200.0,16.68,0.3006885998469777,0.05660377358490567,1.0392156862745097,0.017023456637339805,0.25166291377817307,0.2281022001070544,0.003932233027783954,,True,False,1.0,-1.0,-1.0
2026-03-04,2026-03-10,Indian Wells Masters,R16,Hard,4,Alexander Zverev,Frances Tiafoe,player2,top_10,0.7748125541926512,1.33,1.34,B365W/B365L,AvgW/AvgL,200.0,1.3234000000000001,-0.007462686567164201,0.7188160676532769,1.0459973463069439,0.05599648653937428,0.030500697076226102,0.025386934218554646,0.02310658869411068,,True,True,1.0,0.33000000000000007,0.32340000000000013
2026-03-04,2026-03-12,Indian Wells Masters,QF,Hard,4,Learner Tien,Jannik Sinner,player1,top_10,0.15058993548549468,9.0,8.61,B365W/B365L,AvgW/AvgL,200.0,8.84,0.04529616724738683,0.10625620655412116,1.0456905503634475,0.04433372893137352,0.35530941936945215,0.3312150296917731,0.01110341935529538,,True,False,1.0,-1.0,-1.0
2026-03-04,2026-03-12,Indian Wells Masters,QF,Hard,4,Alexander Zverev,Arthur Fils,player1,top_10,0.6686146959313725,1.57,1.56,B365W/B365L,AvgW/AvgL,200.0,1.5586000000000002,0.0064102564102563875,0.6025316455696202,1.0571107423861263,0.06608305036175222,0.049725072612254784,0.04210286507863725,0.021809242373795956,,True,True,1.0,0.5700000000000001,0.5586000000000002
2026-03-18,2026-03-19,Miami Masters,R128,Hard,4,Alexandre Muller,Matteo Berrettini,player2,other,0.22985309088752037,4.5,4.2,B365W/B365L,AvgW/AvgL,200.0,4.43,0.0714285714285714,0.21052631578947367,1.0555555555555556,0.0193267750980467,0.03433890899384162,0.018249192631715205,0.00245277921384583,,True,False,1.0,-1.0,-1.0
2026-03-18,2026-03-19,Miami Masters,R128,Hard,4,Zizou Bergs,Jenson Brooksby,player1,other,0.4838752539291431,2.38,2.4,B365W/B365L,AvgW/AvgL,200.0,2.3524,-0.008333333333333304,0.39746835443037976,1.0571107423861263,0.08640689949876335,0.1516231043513605,0.13826814734291615,0.027467953686840674,,True,True,1.0,1.38,1.3523999999999998
2026-03-18,2026-03-19,Miami Masters,R128,Hard,4,James Duckworth,Roberto Bautista Agut,player1,other,0.4514142970399128,2.3,2.26,B365W/B365L,AvgW/AvgL,200.0,2.274,0.017699115044247815,0.413265306122449,1.0520665593129361,0.03814899091746382,0.038252883191799425,0.02651611146876176,0.00735632369073066,,True,False,1.0,-1.0,-1.0
2026-03-18,2026-03-20,Miami Masters,R64,Hard,4,Taylor Fritz,Botic Van De Zandschulp,player2,top_10,0.8527238729082782,1.29,1.28,B365W/B365L,AvgW/AvgL,200.0,1.2842,0.0078125,0.744047619047619,1.041860465116279,0.10867625386065927,0.10001379605167893,0.0950679975888109,0.0862187896997232,,True,True,1.0,0.29000000000000004,0.2842
2026-03-18,2026-03-20,Miami Masters,R64,Hard,4,Ethan Quinn,Casper Ruud,player1,other,0.4094897701641436,2.63,2.59,B365W/B365L,AvgW/AvgL,200.0,2.5974,0.015444015444015413,0.36319612590799033,1.046894803548796,0.04629364425615329,0.07695809553169763,0.06360872902434656,0.0118033888852297,,True,True,1.0,1.63,1.5974
2026-03-18,2026-03-21,Miami Masters,R64,Hard,4,Terence Atmane,Arthur Rinderknech,player1,other,0.4754873138012422,2.3,2.24,B365W/B365L,AvgW/AvgL,200.0,2.274,0.02678571428571419,0.413265306122449,1.0520665593129361,0.06222200767879321,0.09362082174285702,0.08125815158402483,0.01800400418131866,,True,True,1.0,1.2999999999999998,1.274
2026-03-18,2026-03-21,Miami Masters,R64,Hard,4,Marton Fucsovics,Felix Auger Aliassime,player2,top_10,0.3451608726450791,3.0,2.92,B365W/B365L,AvgW/AvgL,200.0,2.96,0.027397260273972712,0.3181818181818181,1.0476190476190477,0.026979054463260987,0.035482617935237326,0.021676183029434193,0.004435327241904666,,True,False,1.0,-1.0,-1.0
2026-03-18,2026-03-21,Miami Masters,R64,Hard,4,Alexander Shevchenko,Ben Shelton,player2,top_10,0.19790662266235626,6.5,6.05,B365W/B365L,AvgW/AvgL,200.0,6.39,0.07438016528925617,0.14586070959264127,1.0547470547470548,0.05204591306971498,0.2863930473053158,0.2646233188124565,0.013017865786605264,,True,True,1.0,5.5,5.39
2026-03-18,2026-03-23,Miami Masters,R32,Hard,4,Marin Cilic,Alexander Zverev,player2,top_10,0.19972638340723026,6.0,5.4,B365W/B365L,AvgW/AvgL,200.0,5.9,0.11111111111111094,0.15848527349228608,1.0516224188790562,0.041241109914944174,0.19835830044338154,0.1783856621026586,0.009917915022169077,,True,False,1.0,-1.0,-1.0
2026-03-18,2026-03-26,Miami Masters,QF,Hard,4,Alexander Zverev,Francisco Cerundolo,player2,top_10,0.8183359426247472,1.3,1.32,B365W/B365L,AvgW/AvgL,200.0,1.294,-0.015151515151515138,0.7291666666666667,1.0549450549450547,0.08916927595808044,0.06383672541217136,0.05892670975642289,0.05319727117680946,,True,True,1.0,0.30000000000000004,0.29400000000000004
2026-03-18,2026-03-29,Miami Masters,F,Hard,4,Jannik Sinner,Jiri Lehecka,player2,top_10,0.98,1.06,1.06,B365W/B365L,AvgW/AvgL,200.0,1.0588,0.0,0.9041591320072333,1.0433962264150942,0.07584086799276668,0.038800000000000036,0.03762399999999994,0.16166666666666668,,True,True,1.0,0.06000000000000005,0.05879999999999996
2026-03-30,2026-04-02,Marrakech,R16,Clay,3,Luca Van Assche,Tallon Griekspoor,player1,other,0.43421108285959786,2.38,2.29,B365W/B365L,AvgW/AvgL,200.0,2.3524,0.0393013100436681,0.39746835443037976,1.0571107423861263,0.03674272842921811,0.033422377205842846,0.02143815131891791,0.006054778479319357,,True,True,1.0,1.38,1.3523999999999998
2026-03-30,2026-04-03,Houston,QF,Clay,3,Thiago Agustin Tirante,Ben Shelton,player1,top_10,0.3796095847374442,2.75,2.76,B365W/B365L,AvgW/AvgL,200.0,2.715,-0.0036231884057970065,0.3436754176610979,1.058080808080808,0.035934167076346335,0.043926358027971624,0.03064002256216103,0.006275194003995946,,True,True,1.0,1.75,1.7149999999999999
2026-03-30,2026-04-03,Bucharest,QF,Clay,3,Daniel Altmaier,Fabian Marozsan,player2,other,0.3780255462096813,2.75,2.78,B365W/B365L,AvgW/AvgL,200.0,2.715,-0.010791366906474753,0.3436754176610979,1.058080808080808,0.034350128548583436,0.03957025207662368,0.02633935795928477,0.005652893153803383,,True,False,1.0,-1.0,-1.0
2026-03-30,2026-04-04,Houston,SF,Clay,3,Frances Tiafoe,Tommy Paul,player1,other,0.3492620406230934,3.0,2.89,B365W/B365L,AvgW/AvgL,200.0,2.96,0.03806228373702414,0.3181818181818181,1.0476190476190477,0.031080222441275285,0.04778612186928022,0.03381564024435646,0.005973265233660027,,True,False,1.0,-1.0,-1.0
2026-04-05,2026-04-07,Monte Carlo Masters,R64,Clay,4,Alexei Popyrin,Casper Ruud,player2,other,0.2968538488842245,3.5,3.51,B365W/B365L,AvgW/AvgL,200.0,3.45,-0.002849002849002802,0.27083333333333337,1.0549450549450547,0.026020515550891132,0.03898847109478576,0.024145778650574545,0.003898847109478576,,True,False,1.0,-1.0,-1.0
2026-04-05,2026-04-07,Monte Carlo Masters,R64,Clay,4,Alexander Shevchenko,Marin Cilic,player2,other,0.5300941451082575,2.0,1.99,B365W/B365L,AvgW/AvgL,200.0,1.98,0.005025125628140614,0.47368421052631576,1.0555555555555556,0.05640993458194171,0.06018829021651495,0.04958640731434982,0.015047072554128738,,True,False,1.0,-1.0,-1.0
2026-04-05,2026-04-08,Monte Carlo Masters,R32,Clay,4,Marin Cilic,Felix Auger Aliassime,player1,top_10,0.40322098247079274,2.75,2.77,B365W/B365L,AvgW/AvgL,200.0,2.715,-0.0072202166064981865,0.3436754176610979,1.058080808080808,0.05954556480969486,0.10885770179468002,0.09474496740820226,0.01555110025638286,,True,False,1.0,-1.0,-1.0
2026-04-05,2026-04-08,Monte Carlo Masters,R32,Clay,4,Matteo Berrettini,Daniil Medvedev,player2,top_10,0.3688651470712454,3.0,3.05,B365W/B365L,AvgW/AvgL,200.0,2.96,-0.016393442622950727,0.3181818181818181,1.0476190476190477,0.05068332888942728,0.10659544121373621,0.09184083533088638,0.013324430151717026,,True,True,1.0,2.0,1.96
2026-04-05,2026-04-08,Monte Carlo Masters,R32,Clay,4,Valentin Vacherot,Lorenzo Musetti,player2,top_10,0.43143059451418075,2.75,2.68,B365W/B365L,AvgW/AvgL,200.0,2.715,0.026119402985074647,0.3436754176610979,1.058080808080808,0.08775517685308287,0.18643413491399707,0.17133406410600072,0.026633447844856724,,True,True,1.0,1.75,1.7149999999999999
2026-04-05,2026-04-09,Monte Carlo Masters,R16,Clay,4,Casper Ruud,Felix Auger Aliassime,player1,top_10,0.6762492030993172,1.57,1.56,B365W/B365L,AvgW/AvgL,200.0,1.5586000000000002,0.0064102564102563875,0.6025316455696202,1.0571107423861263,0.073717557529697,0.0617112488659281,0.05400200795059601,0.027066337221898287,,True,False,1.0,-1.0,-1.0
2026-04-05,2026-04-09,Monte Carlo Masters,R16,Clay,4,Alexander Blockx,Alex De Minaur,player2,top_10,0.37786467553075664,3.75,3.53,B365W/B365L,AvgW/AvgL,200.0,3.695,0.062322946175637384,0.25595238095238093,1.041860465116279,0.12191229457837571,0.41699253324033747,0.3962099760861457,0.03790841211275795,,True,False,1.0,-1.0,-1.0
2026-04-05,2026-04-10,Monte Carlo Masters,QF,Clay,4,Valentin Vacherot,Alex De Minaur,player2,top_10,0.42263285262065686,2.75,2.68,B365W/B365L,AvgW/AvgL,200.0,2.715,0.026119402985074647,0.3436754176610979,1.058080808080808,0.07895743495955898,0.16224034470680637,0.14744819486508332,0.023177192100972337,,True,True,1.0,1.75,1.7149999999999999
2026-04-05,2026-04-11,Monte Carlo Masters,SF,Clay,4,Jannik Sinner,Alexander Zverev,player1,top_10,0.9292031889388066,1.17,1.17,B365W/B365L,AvgW/AvgL,200.0,1.1665999999999999,0.0,0.8103727714748785,1.0547008547008547,0.11883041746392808,0.08716773105840367,0.08400844021601164,0.12818783979177015,,True,True,1.0,0.16999999999999993,0.16659999999999986
2026-04-13,2026-04-13,Munich,R32,Clay,3,Emilio Nava,Ben Shelton,player2,top_10,0.3134993673441073,3.4,3.46,B365W/B365L,AvgW/AvgL,200.0,3.352,-0.017341040462427793,0.28118393234672306,1.0459973463069439,0.03231543499738426,0.06589784896996487,0.05084987933744767,0.006864359267704674,,True,False,1.0,-1.0,-1.0
2026-04-13,2026-04-14,Munich,R32,Clay,3,Alexander Zverev,Miomir Kecmanovic,player2,top_10,0.9286608843576903,1.14,1.15,B365W/B365L,AvgW/AvgL,200.0,1.1372,-0.008695652173913104,0.8283132530120482,1.0590111642743223,0.10034763134564217,0.058673408167766894,0.056073157691565456,0.10477394315672667,,True,True,1.0,0.1399999999999999,0.1372
2026-04-13,2026-04-14,Barcelona,R32,Clay,3,Martin Landaluce,Lorenzo Musetti,player2,top_10,0.2889173707816741,4.33,4.14,B365W/B365L,AvgW/AvgL,200.0,4.2634,0.04589371980676349,0.2198198198198198,1.0506190133646311,0.06909755096185433,0.2510122154846489,0.23177031859058939,0.01884476092227094,,True,False,1.0,-1.0,-1.0
2026-04-13,2026-04-16,Barcelona,R16,Clay,3,Lorenzo Sonego,Andrey Rublev,player2,other,0.26636350413173293,4.0,3.86,B365W/B365L,AvgW/AvgL,200.0,3.94,0.0362694300518136,0.23809523809523808,1.05,0.02826826603649485,0.06545401652693172,0.04947220627902771,0.00545450137724431,,True,False,1.0,-1.0,-1.0
2026-04-13,2026-04-17,Munich,QF,Clay,3,Joao Fonseca,Ben Shelton,player1,top_10,0.7294882035506424,1.44,1.44,B365W/B365L,AvgW/AvgL,200.0,1.4312,0.0,0.6563245823389022,1.058080808080808,0.07316362121174014,0.05046301311292495,0.04404351692167935,0.028672166541434632,,True,False,1.0,-1.0,-1.0
2026-04-13,2026-04-17,Munich,QF,Clay,3,Francisco Cerundolo,Alexander Zverev,player1,top_10,0.34898099439054114,3.2,3.08,B365W/B365L,AvgW/AvgL,200.0,3.156,0.038961038961039085,0.2982456140350877,1.0477941176470589,0.05073538035545344,0.11673918204973166,0.10138401829654786,0.01326581614201496,,True,False,1.0,-1.0,-1.0
2026-04-13,2026-04-17,Barcelona,QF,Clay,3,Arthur Fils,Lorenzo Musetti,player1,top_10,0.5803917043319013,1.91,1.88,B365W/B365L,AvgW/AvgL,200.0,1.8918,0.015957446808510634,0.5,1.0471204188481675,0.08039170433190135,0.10854815527393158,0.09798502625509098,0.029820921778552636,,True,True,1.0,0.9099999999999999,0.8917999999999999
2026-04-22,2026-04-24,Madrid Masters,R64,Clay,4,Alejandro Tabilo,Jiri Lehecka,player1,other,0.4485792572258693,2.3,2.22,B365W/B365L,AvgW/AvgL,200.0,2.274,0.03603603603603589,0.413265306122449,1.0520665593129361,0.03531395110342028,0.03173229161949931,0.020069230931626825,0.006102363772980637,,True,False,1.0,-1.0,-1.0
2026-04-22,2026-04-24,Madrid Masters,R64,Clay,4,Ben Shelton,Dino Prizmic,player1,top_10,0.716871654010495,1.44,1.46,B365W/B365L,AvgW/AvgL,200.0,1.4312,-0.013698630136986356,0.6563245823389022,1.058080808080808,0.06054707167159279,0.03229518177511281,0.02598671121982049,0.01834953509949592,,True,False,1.0,-1.0,-1.0
2026-04-22,2026-04-26,Madrid Masters,R32,Clay,4,Lorenzo Musetti,Tallon Griekspoor,player1,top_10,0.8268273452240554,1.25,1.22,B365W/B365L,AvgW/AvgL,200.0,1.245,0.024590163934426146,0.7619047619047619,1.05,0.06492258331929357,0.03353418153006929,0.029400044803949088,0.03353418153006929,,True,True,1.0,0.25,0.2450000000000001
2026-04-22,2026-04-27,Madrid Masters,R32,Clay,4,Nicolai Budkov Kjaer,Daniil Medvedev,player2,top_10,0.31118333570049495,3.5,3.42,B365W/B365L,AvgW/AvgL,200.0,3.45,0.023391812865497075,0.27083333333333337,1.0549450549450547,0.040350002367161575,0.08914167495173231,0.07358250816670764,0.008914167495173231,,True,False,1.0,-1.0,-1.0
2026-04-22,2026-04-28,Madrid Masters,R16,Clay,4,Jakub Mensik,Alexander Zverev,player1,top_10,0.41253896586487987,2.75,2.73,B365W/B365L,AvgW/AvgL,200.0,2.715,0.0073260073260073,0.3436754176610979,1.058080808080808,0.06886354820378199,0.13448215612841974,0.12004329232314881,0.019211736589774247,,True,False,1.0,-1.0,-1.0
2026-04-22,2026-04-28,Madrid Masters,R16,Clay,4,Flavio Cobolli,Daniil Medvedev,player2,top_10,0.553126812332209,1.91,1.97,B365W/B365L,AvgW/AvgL,200.0,1.8918,-0.030456852791878153,0.5,1.0471204188481675,0.05312681233220895,0.05647221155451909,0.04640530357007283,0.015514343833659093,,True,True,1.0,0.9099999999999999,0.8917999999999999
2026-04-22,2026-04-30,Madrid Masters,QF,Clay,4,Flavio Cobolli,Alexander Zverev,player2,top_10,0.1414621788829009,10.0,9.25,B365W/B365L,AvgW/AvgL,200.0,9.82,0.08108108108108114,0.09584086799276674,1.0433962264150942,0.04562131089013417,0.41462178882900913,0.389158596630087,0.01151727191191692,,True,False,1.0,-1.0,-1.0
