bets,wins,win_rate,staked,profit,roi,friction_adjusted_profit,friction_adjusted_roi,max_drawdown,average_odds,average_model_probability,average_edge,average_clv,clv_positive_rate,average_fractional_kelly,edge_threshold,model_type,max_odds,exclude_slams,surface,min_edge_trust
1,1,1.0,1.0,1.62,1.62,1.5876000000000001,1.5876000000000001,0.0,2.62,0.393618331846834,0.029540661943921298,0.0234375,1.0,0.004827165036837209,0.02,other,3.0,True,Grass,
1,1,1.0,1.0,1.62,1.62,1.5876000000000001,1.5876000000000001,0.0,2.62,0.393618331846834,0.029540661943921298,0.0234375,1.0,0.004827165036837209,0.03,other,3.0,True,Grass,
1,1,1.0,1.0,1.62,1.62,1.5876000000000001,1.5876000000000001,0.0,2.62,0.393618331846834,0.029540661943921298,0.0234375,1.0,0.004827165036837209,0.03,other,5.0,True,Grass,
1,1,1.0,1.0,1.62,1.62,1.5876000000000001,1.5876000000000001,0.0,2.62,0.393618331846834,0.029540661943921298,0.0234375,1.0,0.004827165036837209,0.03,other,10.0,True,Grass,
1,1,1.0,1.0,1.62,1.62,1.5876000000000001,1.5876000000000001,0.0,2.62,0.393618331846834,0.029540661943921298,0.0234375,1.0,0.004827165036837209,0.03,other,,True,Grass,
10,5,0.5,10.0,5.1,0.51,4.898,0.48979999999999996,-2.38,3.1130000000000004,0.37277108909639384,0.02874375846076386,0.011156183224642846,0.6,0.004238489341916849,0.01,other,5.0,False,Grass,
5,2,0.4,5.0,2.5,0.5,2.3899999999999997,0.4779999999999999,-2.0,4.05,0.2743359864898752,0.03978679535057318,-0.04407465677556712,0.0,0.008540687867591778,0.02,other,5.0,True,Clay,
5,2,0.4,5.0,2.5,0.5,2.3899999999999997,0.4779999999999999,-2.0,4.05,0.2743359864898752,0.03978679535057318,-0.04407465677556712,0.0,0.008540687867591778,0.03,other,5.0,True,Clay,
15,6,0.4,15.0,7.460000000000001,0.4973333333333334,7.130800000000001,0.47538666666666674,-5.0,4.059333333333333,0.4512522373788307,0.1466785288345003,-0.023934902164049993,0.2,0.057414559844654094,0.1,,10.0,False,Grass,
15,6,0.4,15.0,7.460000000000001,0.4973333333333334,7.130800000000001,0.47538666666666674,-5.0,4.059333333333333,0.4512522373788307,0.1466785288345003,-0.023934902164049993,0.2,0.057414559844654094,0.1,top_10,10.0,False,Grass,
16,6,0.375,16.0,6.460000000000001,0.40375000000000005,6.130799999999999,0.38317499999999993,-5.0,4.055625,0.43998352638314947,0.13956472224188737,-0.02212490042703808,0.25,0.05426266780119511,0.075,top_10,10.0,False,Grass,
5,2,0.4,5.0,1.9500000000000002,0.39,1.851,0.3702,-2.0,3.596000000000001,0.3123907381391815,0.027987880794625865,0.04320718389350971,1.0,0.004985151650456044,0.02,other,5.0,False,Grass,
4,2,0.5,4.0,1.37,0.3425,1.3026,0.32565,-1.0,2.5925000000000002,0.3947414190627559,0.029135601657002325,-0.006546173521934873,0.5,0.0026290810851321176,0.01,other,3.0,True,Grass,
12,5,0.4166666666666667,12.0,3.96,0.33,3.7408,0.31173333333333336,-4.0,3.3658333333333332,0.5188143231240793,0.1732727550817239,-0.010786351024639568,0.25,0.06936545822470248,0.1,,5.0,False,Grass,
12,5,0.4166666666666667,12.0,3.96,0.33,3.7408,0.31173333333333336,-4.0,3.3658333333333332,0.5188143231240793,0.1732727550817239,-0.010786351024639568,0.25,0.06936545822470248,0.1,top_10,5.0,False,Grass,
17,6,0.35294117647058826,17.0,5.46,0.3211764705882353,5.1308,0.30181176470588233,-5.0,4.0717647058823525,0.4287650278615683,0.13308734044509696,-0.015810904367715047,0.29411764705882354,0.051421103845858296,0.075,,10.0,False,Grass,
2,1,0.5,2.0,0.6200000000000001,0.31000000000000005,0.5876000000000001,0.29380000000000006,-1.0,2.495,0.4203002338326266,0.03902282020096723,0.0181290064102565,1.0,0.007828515172584066,0.02,other,3.0,False,Grass,
2,1,0.5,2.0,0.6200000000000001,0.31000000000000005,0.5876000000000001,0.29380000000000006,-1.0,3.475,0.31483020880201307,0.0228814639406468,0.04105860330073352,1.0,0.0032417443550793335,0.02,other,5.0,True,Grass,
2,1,0.5,2.0,0.6200000000000001,0.31000000000000005,0.5876000000000001,0.29380000000000006,-1.0,3.475,0.31483020880201307,0.0228814639406468,0.04105860330073352,1.0,0.0032417443550793335,0.02,other,10.0,True,Grass,
2,1,0.5,2.0,0.6200000000000001,0.31000000000000005,0.5876000000000001,0.29380000000000006,-1.0,3.475,0.31483020880201307,0.0228814639406468,0.04105860330073352,1.0,0.0032417443550793335,0.02,other,,True,Grass,
2,1,0.5,2.0,0.6200000000000001,0.31000000000000005,0.5876000000000001,0.29380000000000006,-1.0,2.495,0.4203002338326266,0.03902282020096723,0.0181290064102565,1.0,0.007828515172584066,0.03,other,3.0,False,Grass,
12,5,0.4166666666666667,12.0,3.1,0.25833333333333336,2.8979999999999997,0.24149999999999996,-4.38,4.094166666666666,0.33001088721015304,0.025422811741269775,-0.0009480230821675151,0.5,0.0037066293915452887,0.01,other,10.0,False,Grass,
6,2,0.3333333333333333,6.0,1.5,0.25,1.3899999999999997,0.2316666666666666,-3.0,4.708333333333333,0.25293834005447396,0.03765689222546674,-0.03652028657037768,0.16666666666666666,0.008114864074301129,0.02,other,10.0,True,Clay,
6,2,0.3333333333333333,6.0,1.5,0.25,1.3899999999999997,0.2316666666666666,-3.0,4.708333333333333,0.25293834005447396,0.03765689222546674,-0.03652028657037768,0.16666666666666666,0.008114864074301129,0.02,other,,True,Clay,
6,2,0.3333333333333333,6.0,1.5,0.25,1.3899999999999997,0.2316666666666666,-2.0,3.908333333333333,0.28326357978652145,0.03809831816458841,-0.028532159334830515,0.16666666666666666,0.008050666936311469,0.03,other,5.0,False,Clay,
6,2,0.3333333333333333,6.0,1.5,0.25,1.3899999999999997,0.2316666666666666,-3.0,4.708333333333333,0.25293834005447396,0.03765689222546674,-0.03652028657037768,0.16666666666666666,0.008114864074301129,0.03,other,10.0,True,Clay,
6,2,0.3333333333333333,6.0,1.5,0.25,1.3899999999999997,0.2316666666666666,-3.0,4.708333333333333,0.25293834005447396,0.03765689222546674,-0.03652028657037768,0.16666666666666666,0.008114864074301129,0.03,other,,True,Clay,
3,1,0.3333333333333333,3.0,0.75,0.25,0.6949999999999998,0.2316666666666666,-1.0,4.0,0.28649165131925286,0.050576158361506425,-0.057837176481426535,0.0,0.011661046720794868,0.075,other,5.0,False,Clay,
3,1,0.3333333333333333,3.0,0.75,0.25,0.6949999999999998,0.2316666666666666,-1.0,4.0,0.28649165131925286,0.050576158361506425,-0.057837176481426535,0.0,0.011661046720794868,0.075,other,5.0,True,Clay,
18,6,0.3333333333333333,18.0,4.460000000000001,0.24777777777777782,4.130799999999999,0.22948888888888883,-5.0,6.716111111111111,0.3964517638206012,0.13338499040497667,-0.00010882039495351764,0.3333333333333333,0.05076500936967524,0.1,,,False,Grass,
18,6,0.3333333333333333,18.0,4.460000000000001,0.24777777777777782,4.130799999999999,0.22948888888888883,-5.0,6.716111111111111,0.3964517638206012,0.13338499040497667,-0.00010882039495351764,0.3333333333333333,0.05076500936967524,0.1,top_10,,False,Grass,
13,5,0.38461538461538464,13.0,2.96,0.2276923076923077,2.7408,0.21083076923076924,-4.0,3.414615384615385,0.4997480568412986,0.16247159110256765,-0.009570083589810322,0.3076923076923077,0.06456690660351846,0.075,top_10,5.0,False,Grass,
20,7,0.35,20.0,4.36,0.21800000000000003,4.012799999999999,0.20063999999999993,-6.1,3.8245000000000005,0.4357328874038659,0.12140534467737238,-0.019075921159105814,0.3,0.045536766966588385,0.05,top_10,10.0,False,Grass,
19,6,0.3157894736842105,19.0,3.460000000000001,0.18210526315789477,3.130799999999999,0.164778947368421,-5.5,6.573157894736842,0.38984655843256594,0.12809407634959333,0.0001613872904724893,0.3684210526315789,0.0484607608317613,0.075,top_10,,False,Grass,
142,67,0.47183098591549294,142.0,25.330000000000002,0.17838028169014086,23.323400000000003,0.16424929577464792,-11.34,3.0403521126760564,0.526565989992915,0.11287903563005061,-0.011641668422211471,0.39436619718309857,0.05189078815238921,0.05,top_10,10.0,False,Hard,
22,8,0.36363636363636365,22.0,3.91,0.17772727272727273,3.5517999999999987,0.16144545454545448,-6.1,3.598181818181818,0.46858971865695404,0.11605546830060222,-0.017448839736851518,0.3181818181818182,0.04590692954480942,0.03,top_10,10.0,False,Grass,
163,82,0.5030674846625767,163.0,25.76,0.15803680981595092,23.6248,0.14493742331288345,-10.42,2.835521472392638,0.558060061740315,0.10740660256373921,-0.01021453965980809,0.4049079754601227,0.05203544058893258,0.03,top_10,10.0,False,Hard,
109,46,0.42201834862385323,109.0,16.9,0.155045871559633,15.302000000000003,0.14038532110091745,-13.190000000000001,3.2934862385321098,0.49989162698087886,0.12475536548040685,-0.015572664456099835,0.3577981651376147,0.05401520539107887,0.1,top_10,10.0,False,Hard,
31,13,0.41935483870967744,31.0,4.62,0.14903225806451614,4.167599999999999,0.13443870967741933,-7.1,2.973548387096774,0.49078056848014956,0.09206195989407011,-0.0008920610718645551,0.45161290322580644,0.0354112177369327,0.01,,5.0,False,Grass,
127,57,0.44881889763779526,127.0,17.92,0.1411023622047244,16.1616,0.12725669291338582,-11.250000000000004,3.116614173228347,0.5203979057072681,0.11886218986501787,-0.013998276153545717,0.36220472440944884,0.054331950539300934,0.075,top_10,10.0,False,Hard,
14,5,0.35714285714285715,14.0,1.96,0.13999999999999999,1.7408000000000001,0.12434285714285716,-5.0,3.48,0.4818566993180822,0.15296999400213068,-0.00279986100614862,0.35714285714285715,0.060380419029014934,0.075,,5.0,False,Grass,
37,14,0.3783783783783784,37.0,5.120000000000001,0.1383783783783784,4.557599999999999,0.12317837837837835,-8.1,3.680540540540541,0.43715465450791086,0.08123968088403503,-0.010757742310336696,0.3783783783783784,0.03053178363231184,0.01,,10.0,False,Grass,
9,3,0.3333333333333333,9.0,1.25,0.1388888888888889,1.1049999999999995,0.12277777777777772,-5.0,3.3000000000000003,0.3482214759192655,0.03875838840952219,-0.03209830094492978,0.0,0.006062078501740739,0.01,other,5.0,True,Clay,
6,3,0.5,6.0,0.77,0.12833333333333333,0.6945999999999999,0.11576666666666664,-1.0,2.356666666666667,0.45867336065011227,0.03488692584984524,-0.004574781384913333,0.5,0.005279499583531049,0.01,other,3.0,False,Grass,
24,9,0.375,24.0,3.0200000000000005,0.12583333333333335,2.6595999999999997,0.11081666666666666,-6.1,3.397916666666667,0.5012291006297587,0.11197450181855635,-0.015366793568304365,0.3333333333333333,0.04517482314163029,0.02,top_10,10.0,False,Grass,
112,46,0.4107142857142857,112.0,13.9,0.12410714285714286,12.302000000000003,0.10983928571428574,-16.189999999999998,3.326517857142857,0.49352835672616446,0.12271265074081425,-0.015874880433893353,0.36607142857142855,0.05288155109603941,0.1,,10.0,False,Hard,
177,90,0.5084745762711864,177.0,20.840000000000003,0.1177401129943503,18.683199999999996,0.10555480225988698,-11.159999999999998,2.7823728813559323,0.5695034342060482,0.10291690385489172,-0.010242084374489082,0.3954802259887006,0.05172169037503226,0.02,top_10,10.0,False,Hard,
22,7,0.3181818181818182,22.0,2.3600000000000003,0.10727272727272728,2.0127999999999995,0.09149090909090907,-6.1,3.7813636363636363,0.42776858797327305,0.11391186835008686,-0.01288567626273408,0.36363636363636365,0.04216005841820763,0.05,,10.0,False,Grass,
152,67,0.4407894736842105,152.0,15.330000000000002,0.10085526315789475,13.3234,0.08765394736842105,-16.34,3.7350657894736843,0.5009693728194263,0.10961488472428946,-0.007731836310337692,0.40131578947368424,0.049540449406998234,0.05,top_10,,False,Hard,
113,54,0.4778761061946903,113.0,10.849999999999998,0.09601769911504422,9.452999999999998,0.08365486725663715,-8.719999999999999,2.6797345132743358,0.5472144957437083,0.11571931685241409,-0.00952405232226457,0.40707964601769914,0.05290716837125564,0.05,top_10,5.0,True,Hard,
131,67,0.5114503816793893,131.0,12.160000000000004,0.09282442748091606,10.6368,0.08119694656488549,-7.759999999999999,2.519160305343511,0.5737583119302837,0.1093667850299414,-0.008174271616032378,0.42748091603053434,0.05146032502683655,0.03,top_10,5.0,True,Hard,
31,11,0.3548387096774194,31.0,2.9699999999999998,0.09580645161290322,2.5105999999999997,0.08098709677419354,-7.1,3.7912903225806454,0.4459313503667101,0.09177301948084132,-0.00889371727110306,0.41935483870967744,0.035845682997767164,0.02,,10.0,False,Grass,
196,102,0.5204081632653061,196.0,17.960000000000004,0.0916326530612245,15.720799999999997,0.08020816326530611,-13.0,2.6864285714285714,0.5837308601509259,0.0974779973486799,-0.008808841872238217,0.39285714285714285,0.050251166359983834,0.01,top_10,10.0,False,Hard,
173,82,0.47398843930635837,173.0,15.759999999999998,0.09109826589595374,13.6248,0.07875606936416185,-15.420000000000002,3.4577456647398845,0.5337500818105793,0.10485500367927345,-0.006861804437953867,0.41040462427745666,0.04996204166601431,0.03,top_10,,False,Hard,
163,65,0.3987730061349693,163.0,14.72,0.09030674846625768,12.465599999999998,0.07647607361963189,-17.7,3.4344785276073617,0.4911018558965096,0.12438267000877488,-0.012514461058123212,0.37423312883435583,0.05393482803326268,0.1,top_10,10.0,False,,
191,81,0.42408376963350786,191.0,17.059999999999995,0.08931937172774866,14.518799999999999,0.07601465968586386,-17.909999999999997,3.283507853403141,0.5103603027388998,0.11781603059997778,-0.012337459413166364,0.3612565445026178,0.05444326771555834,0.075,top_10,10.0,False,,
158,68,0.43037974683544306,158.0,13.830000000000004,0.08753164556962027,11.7534,0.0743886075949367,-19.619999999999997,3.161772151898734,0.5014622959592009,0.10518287213730604,-0.012369306838602224,0.3987341772151899,0.04742845591192647,0.05,,10.0,False,Hard,
128,63,0.4921875,128.0,10.830000000000002,0.08460937500000001,9.313399999999998,0.07276093749999998,-9.34,2.6072656249999997,0.5623187919213262,0.11879244916326126,-0.009247391152127433,0.390625,0.05591855873845202,0.05,top_10,5.0,False,Hard,
218,95,0.43577981651376146,218.0,18.190000000000005,0.08344036697247709,15.366200000000001,0.07048715596330275,-18.319999999999997,3.1742660550458717,0.518481236720463,0.11100109678770644,-0.010261754848367739,0.38990825688073394,0.051510686451328516,0.05,top_10,10.0,False,,
25,9,0.36,25.0,2.0200000000000005,0.08080000000000002,1.6595999999999997,0.06638399999999998,-6.1,3.4819999999999998,0.4885836628108347,0.10803177807256235,-0.015466407539857903,0.32,0.043407857667879794,0.01,top_10,10.0,False,Grass,
149,78,0.5234899328859061,149.0,11.260000000000003,0.07557046979865774,9.614799999999999,0.06452885906040268,-8.419999999999998,2.4442281879194634,0.5917330526886385,0.11197239363301845,-0.008023618228637593,0.40268456375838924,0.055509130314621485,0.03,top_10,5.0,False,Hard,
14,5,0.35714285714285715,14.0,1.0999999999999996,0.07857142857142854,0.8979999999999992,0.06414285714285708,-5.98,5.0807142857142855,0.2966869751140971,0.023163349074971255,0.0070940131700498255,0.5714285714285714,0.0034063199353080035,0.01,other,,False,Grass,
246,115,0.46747967479674796,246.0,18.050000000000004,0.07337398373983742,15.069000000000003,0.06125609756097562,-18.28,2.9898373983739837,0.5465614352891737,0.10626751059595001,-0.009492781820965825,0.3943089430894309,0.051809236213387844,0.03,top_10,10.0,False,,
5,2,0.4,5.0,0.3700000000000001,0.07400000000000002,0.3026,0.06052,-2.0,2.94,0.3630015524016431,0.02655293451307632,0.00649900250274551,0.6,0.0024345296027699858,0.01,other,5.0,True,Grass,
5,2,0.4,5.0,0.3700000000000001,0.07400000000000002,0.3026,0.06052,-2.0,2.94,0.3630015524016431,0.02655293451307632,0.00649900250274551,0.6,0.0024345296027699858,0.01,other,10.0,True,Grass,
5,2,0.4,5.0,0.3700000000000001,0.07400000000000002,0.3026,0.06052,-2.0,2.94,0.3630015524016431,0.02655293451307632,0.00649900250274551,0.6,0.0024345296027699858,0.01,other,,True,Grass,
139,68,0.4892086330935252,139.0,9.660000000000002,0.06949640287769786,8.046800000000001,0.0578906474820144,-9.5,2.7302877697841725,0.552861999495048,0.10626483706568404,-0.010006988048094441,0.4172661870503597,0.04929338808739794,0.03,top_10,10.0,True,Hard,
121,55,0.45454545454545453,121.0,8.350000000000001,0.06900826446280993,6.862999999999998,0.05671900826446279,-9.1,2.9116528925619836,0.5249646040163929,0.11173591997959134,-0.011540162557031258,0.39669421487603307,0.05032221811226952,0.05,top_10,10.0,True,Hard,
21,6,0.2857142857142857,21.0,1.46,0.06952380952380952,1.1307999999999998,0.05384761904761904,-5.5,6.677142857142857,0.369302879736173,0.11786221740965483,0.009388112325826967,0.42857142857142855,0.04423511475539055,0.075,,,False,Grass,
139,71,0.5107913669064749,139.0,8.930000000000001,0.06424460431654677,7.391399999999999,0.053175539568345316,-8.759999999999998,2.492230215827338,0.5784900446301076,0.1058277171908977,-0.008571134032996489,0.4172661870503597,0.05041612976316516,0.02,top_10,5.0,True,Hard,
136,57,0.41911764705882354,136.0,8.920000000000002,0.06558823529411766,7.1616000000000035,0.05265882352941179,-15.620000000000001,3.1960294117647057,0.5046879147670694,0.11370819757697065,-0.014023838143563068,0.375,0.05135439103288292,0.075,,10.0,False,Hard,
187,90,0.48128342245989303,187.0,10.840000000000003,0.057967914438502695,8.6832,0.04643422459893048,-16.16,3.360855614973262,0.5464015077220824,0.10079642460396067,-0.007138883088245284,0.40106951871657753,0.04982029726526831,0.02,top_10,,False,Hard,
137,57,0.41605839416058393,137.0,7.920000000000005,0.05781021897810223,6.161600000000002,0.044975182481751835,-16.37,3.8818248175182486,0.4924489643385542,0.11480392358746046,-0.009488345070931433,0.3722627737226277,0.05154608839938455,0.075,top_10,,False,Hard,
52,29,0.5576923076923077,52.0,2.850000000000001,0.05480769230769233,2.3329999999999997,0.04486538461538461,-7.6899999999999995,2.0280769230769233,0.6458598308249001,0.14196798726285348,-0.007410518612832142,0.38461538461538464,0.07110596739847533,0.1,,3.0,True,Hard,
52,29,0.5576923076923077,52.0,2.850000000000001,0.05480769230769233,2.3329999999999997,0.04486538461538461,-7.6899999999999995,2.0280769230769233,0.6458598308249001,0.14196798726285348,-0.007410518612832142,0.38461538461538464,0.07110596739847533,0.1,top_10,3.0,True,Hard,
119,46,0.3865546218487395,119.0,6.900000000000004,0.057983193277310954,5.302,0.04455462184873949,-19.190000000000005,4.159579831932772,0.4694383313485266,0.11958801895789209,-0.010248257385984725,0.3697478991596639,0.05083456957858877,0.1,top_10,,False,Hard,
59,33,0.559322033898305,59.0,3.1500000000000004,0.05338983050847458,2.5669999999999997,0.04350847457627118,-6.59,1.994915254237288,0.656837563213828,0.1447105810431186,-0.006941672025138179,0.3728813559322034,0.07490934207585728,0.1,,3.0,False,Hard,
59,33,0.559322033898305,59.0,3.1500000000000004,0.05338983050847458,2.5669999999999997,0.04350847457627118,-6.59,1.994915254237288,0.656837563213828,0.1447105810431186,-0.006941672025138179,0.3728813559322034,0.07490934207585728,0.1,top_10,3.0,False,Hard,
26,10,0.38461538461538464,26.0,1.4699999999999998,0.05653846153846153,1.1206,0.0431,-6.1,3.039615384615385,0.5018630931775617,0.10409317600314091,0.002954622845896879,0.5,0.041549562103000974,0.02,,5.0,False,Grass,
27,9,0.3333333333333333,27.0,1.53,0.05666666666666667,1.1393999999999997,0.04219999999999999,-6.5,3.943703703703704,0.430787521673793,0.099198197444416,-0.014271908816340946,0.37037037037037035,0.038283711858178505,0.03,,10.0,False,Grass,
74,43,0.581081081081081,74.0,3.7700000000000014,0.05094594594594597,3.0746000000000007,0.041548648648648656,-7.379999999999998,1.9171621621621622,0.66917564394436,0.13408938410762525,-0.007403190552716918,0.36486486486486486,0.07308955659575034,0.075,top_10,3.0,False,Hard,
153,80,0.5228758169934641,153.0,7.780000000000002,0.050849673202614395,6.1644,0.04029019607843137,-9.759999999999998,2.4218954248366016,0.5892674662125442,0.10036166076017124,-0.007947981290900762,0.4117647058823529,0.0488953856290882,0.01,top_10,5.0,True,Hard,
169,65,0.38461538461538464,169.0,8.719999999999999,0.05159763313609467,6.4655999999999985,0.03825798816568046,-22.700000000000003,3.4890532544378705,0.48255193186951273,0.12164410301354048,-0.013397549650991377,0.378698224852071,0.05242139333789928,0.1,,10.0,False,,
186,84,0.45161290322580644,186.0,9.059999999999999,0.04870967741935483,6.838800000000006,0.036767741935483905,-20.7,2.972956989247312,0.5265875352206557,0.0986253948923919,-0.01059720796005161,0.40860215053763443,0.046503365612253614,0.03,,10.0,False,Hard,
17,6,0.35294117647058826,17.0,0.8599999999999994,0.050588235294117614,0.6227999999999998,0.036635294117647044,-5.1,3.293529411764706,0.4806850626402241,0.13571776600062524,-0.008937123706884775,0.35294117647058826,0.051876614138728586,0.05,top_10,5.0,False,Grass,
268,129,0.48134328358208955,268.0,12.6,0.04701492537313433,9.568000000000003,0.035701492537313445,-19.22,2.894402985074627,0.5643351808526509,0.10210475124499505,-0.009199920783461565,0.3917910447761194,0.05218129893807808,0.02,top_10,10.0,False,,
86,38,0.4418604651162791,86.0,4.100000000000003,0.0476744186046512,3.0579999999999994,0.035558139534883716,-9.32,2.8343023255813957,0.5278468938254317,0.1292180044115113,-0.01390498207580184,0.3488372093023256,0.05569832393000145,0.1,top_10,5.0,True,Hard,
162,86,0.5308641975308642,162.0,7.340000000000002,0.04530864197530865,5.673199999999996,0.035019753086419726,-9.16,2.3856790123456793,0.6041882862895425,0.10730743755878484,-0.008098278322371344,0.3950617283950617,0.055203420684164145,0.02,top_10,5.0,False,Hard,
147,72,0.4897959183673469,147.0,6.430000000000003,0.043741496598639476,4.801399999999999,0.0326625850340136,-10.5,2.693333333333333,0.5584734372144861,0.10308718505267032,-0.010282512840621752,0.40816326530612246,0.048423948317773344,0.02,top_10,10.0,True,Hard,
84,50,0.5952380952380952,84.0,3.4299999999999997,0.04083333333333333,2.6813999999999996,0.031921428571428566,-7.979999999999999,1.865595238095238,0.6776387914382751,0.12756617607966123,-0.006352006465954373,0.39285714285714285,0.06964361807348893,0.05,top_10,3.0,False,Hard,
105,65,0.6190476190476191,105.0,3.860000000000003,0.03676190476190479,2.9827999999999997,0.028407619047619046,-7.250000000000001,1.7825714285714287,0.6963150282427859,0.1161334471344176,-0.005194491349855782,0.4095238095238095,0.0663176077764744,0.03,top_10,3.0,False,Hard,
143,68,0.4755244755244755,143.0,5.660000000000002,0.03958041958041959,4.046800000000003,0.028299300699300717,-10.5,2.9755944055944057,0.5402817233382806,0.10383074123941785,-0.010616654298715115,0.4125874125874126,0.04803503430922259,0.03,top_10,,True,Hard,
206,102,0.49514563106796117,206.0,7.960000000000001,0.03864077669902913,5.720800000000003,0.027770873786407784,-18.0,3.2162135922330095,0.5620690421317492,0.09581712086876733,-0.0060614330591067505,0.39805825242718446,0.04859652912029756,0.01,top_10,,False,Hard,
75,43,0.5733333333333334,75.0,2.7700000000000014,0.03693333333333335,2.0746000000000016,0.027661333333333354,-8.379999999999999,1.9232,0.6663485748275185,0.13308376969046806,-0.007017125023508279,0.37333333333333335,0.07231803340958204,0.075,,3.0,False,Hard,
99,45,0.45454545454545453,99.0,3.7200000000000024,0.0375757575757576,2.5655999999999994,0.02591515151515151,-9.25,2.708787878787879,0.5453375255338794,0.12356004628012718,-0.012285522054007972,0.36363636363636365,0.05627898887664387,0.075,top_10,5.0,True,Hard,
18,11,0.6111111111111112,18.0,0.6099999999999999,0.033888888888888885,0.4578000000000002,0.025433333333333346,-3.23,1.8688888888888888,0.7074652957027946,0.1524241024456738,7.411994137346895e-06,0.3333333333333333,0.08655454713666973,0.1,,3.0,False,Clay,
18,11,0.6111111111111112,18.0,0.6099999999999999,0.033888888888888885,0.4578000000000002,0.025433333333333346,-3.23,1.8688888888888888,0.7074652957027946,0.1524241024456738,7.411994137346895e-06,0.3333333333333333,0.08655454713666973,0.1,top_10,3.0,False,Clay,
125,55,0.44,125.0,4.350000000000001,0.03480000000000001,2.863000000000001,0.022904000000000008,-10.129999999999999,3.1864799999999995,0.5114654847483682,0.10877623970109779,-0.012188559163455332,0.392,0.048849738829241034,0.05,top_10,,True,Hard,
10,4,0.4,10.0,0.3500000000000001,0.03500000000000001,0.22299999999999986,0.022299999999999986,-5.1,3.0680000000000005,0.5054516792453554,0.12456597744855827,-0.01972338089012765,0.2,0.052040515727184246,0.03,,5.0,True,Grass,
161,81,0.5031055900621118,161.0,5.280000000000001,0.03279503105590063,3.574400000000001,0.022201242236024852,-10.02,2.6090062111801244,0.5704559093010173,0.09813104105288173,-0.009541508661445352,0.40372670807453415,0.04715200227877776,0.01,top_10,10.0,True,Hard,
180,98,0.5444444444444444,180.0,5.460000000000003,0.030333333333333348,3.7108000000000003,0.020615555555555557,-10.999999999999998,2.3057777777777777,0.6183527486046504,0.10146236773079444,-0.007413756270223424,0.3888888888888889,0.05353739755855072,0.01,top_10,5.0,False,Hard,
205,82,0.4,205.0,6.810000000000002,0.03321951219512196,4.213799999999999,0.02055512195121951,-24.380000000000006,3.367463414634146,0.4940513869267306,0.11258470090530438,-0.012551037055347825,0.37073170731707317,0.051364041763332695,0.075,,10.0,False,,
82,46,0.5609756097560976,82.0,2.3899999999999997,0.02914634146341463,1.6221999999999994,0.019782926829268285,-7.06,1.968292682926829,0.6713859391732223,0.1494420307343099,-0.0053371932048056885,0.36585365853658536,0.07901642819885099,0.1,,3.0,False,,
82,46,0.5609756097560976,82.0,2.3899999999999997,0.02914634146341463,1.6221999999999994,0.019782926829268285,-7.06,1.968292682926829,0.6713859391732223,0.1494420307343099,-0.0053371932048056885,0.36585365853658536,0.07901642819885099,0.1,top_10,3.0,False,,
113,53,0.4690265486725664,113.0,3.420000000000001,0.030265486725663725,2.151599999999998,0.019040707964601753,-9.25,2.635486725663717,0.5601324673606979,0.1263018455423675,-0.011578143566536182,0.35398230088495575,0.05919682583516648,0.075,top_10,5.0,False,Hard,
122,46,0.3770491803278688,122.0,3.900000000000002,0.03196721311475412,2.302000000000001,0.0188688524590164,-22.189999999999998,4.168606557377049,0.4643454921548303,0.11783980575078698,-0.010656629605027508,0.3770491803278688,0.04987205012279409,0.1,,,False,Hard,
93,39,0.41935483870967744,93.0,2.600000000000001,0.02795698924731184,1.4679999999999995,0.015784946236559134,-9.939999999999998,3.088709677419355,0.5042812056155329,0.1239962951580342,-0.015987569913028077,0.34408602150537637,0.052643938489319676,0.1,top_10,10.0,True,Hard,
293,144,0.49146757679180886,293.0,7.2400000000000055,0.02470989761092152,4.115200000000005,0.014045051194539266,-22.379999999999995,2.8305460750853246,0.5748073223628721,0.09724631550217541,-0.008120509872430947,0.3890784982935154,0.050672967784136484,0.01,top_10,10.0,False,,
103,60,0.5825242718446602,103.0,2.3300000000000023,0.022621359223300993,1.4233999999999987,0.013819417475728143,-7.379999999999999,1.8794174757281557,0.6875632036774636,0.1384976772383973,-0.006061983836787815,0.33980582524271846,0.07808957817551586,0.075,top_10,3.0,False,,
88,38,0.4318181818181818,88.0,2.1000000000000005,0.023863636363636368,1.0579999999999998,0.01202272727272727,-10.32,2.861704545454545,0.522351781778227,0.12744377826212502,-0.013221493359019095,0.36363636363636365,0.05471630284653612,0.1,,5.0,True,Hard,
90,54,0.6,90.0,1.7600000000000007,0.019555555555555562,1.0047999999999992,0.011164444444444437,-9.09,1.8221111111111112,0.6824270669287001,0.11520709474606655,-0.005086530089540617,0.4444444444444444,0.06225536861164578,0.03,top_10,3.0,True,Hard,
10,3,0.3,10.0,0.25,0.025,0.10499999999999998,0.010499999999999999,-6.0,3.7700000000000005,0.32799433911508574,0.037583287228563425,-0.028763314404879847,0.1,0.006054445162351453,0.01,other,10.0,True,Clay,
10,3,0.3,10.0,0.25,0.025,0.10499999999999998,0.010499999999999999,-6.0,3.7700000000000005,0.32799433911508574,0.037583287228563425,-0.028763314404879847,0.1,0.006054445162351453,0.01,other,,True,Clay,
168,68,0.40476190476190477,168.0,3.8299999999999983,0.02279761904761904,1.7533999999999974,0.010436904761904746,-24.619999999999997,3.7830952380952376,0.4797977193518607,0.10268769771618552,-0.008788527879264594,0.40476190476190477,0.0455675739661241,0.05,,,False,Hard,
116,73,0.6293103448275862,116.0,1.9400000000000008,0.01672413793103449,1.0411999999999995,0.008975862068965513,-8.329999999999998,1.7410344827586208,0.7092454731052642,0.11079291500142426,-0.005722640360917306,0.39655172413793105,0.06577797258215608,0.02,top_10,3.0,False,Hard,
19,7,0.3684210526315789,19.0,0.4099999999999995,0.021578947368421024,0.16179999999999994,0.008515789473684207,-5.1,3.0873684210526315,0.5139980066978673,0.12801660163560155,-0.008120376528718857,0.3684210526315789,0.051637871105917124,0.03,top_10,5.0,False,Grass,
132,85,0.6439393939393939,132.0,2.060000000000002,0.01560606060606062,1.078800000000001,0.008172727272727281,-6.859999999999999,1.6952272727272726,0.7203994148411984,0.10369607047359994,-0.005061636217178476,0.38636363636363635,0.06303021777711669,0.01,top_10,3.0,False,Hard,
86,50,0.5813953488372093,86.0,1.4300000000000028,0.016627906976744218,0.6814000000000011,0.0079232558139535,-9.979999999999999,1.8846511627906979,0.6713615677666995,0.12582082994125113,-0.005635111148003065,0.4069767441860465,0.06830986416754216,0.05,,3.0,False,Hard,
63,35,0.5555555555555556,63.0,1.0700000000000016,0.01698412698412701,0.4885999999999997,0.007755555555555551,-9.98,1.956031746031746,0.6591061573620373,0.13356214047363332,-0.007822670030473185,0.38095238095238093,0.07079679308540919,0.075,,3.0,True,Hard,
63,35,0.5555555555555556,63.0,1.0700000000000016,0.01698412698412701,0.4885999999999997,0.007755555555555551,-9.98,1.956031746031746,0.6591061573620373,0.13356214047363332,-0.007822670030473185,0.38095238095238093,0.07079679308540919,0.075,top_10,3.0,True,Hard,
151,72,0.4768211920529801,151.0,2.4300000000000037,0.016092715231788103,0.8013999999999994,0.005307284768211917,-11.529999999999998,2.9266225165562916,0.5464110183979599,0.10086622415794178,-0.010852580222533324,0.40397350993377484,0.04725529380651126,0.02,top_10,,True,Hard,
141,64,0.45390070921985815,141.0,2.33,0.01652482269503546,0.743399999999999,0.005272340425531908,-14.620000000000001,2.706099290780142,0.5384410756137071,0.11146601795763052,-0.00889411067939712,0.40425531914893614,0.05153490858190154,0.05,,5.0,False,Hard,
108,67,0.6203703703703703,108.0,1.3800000000000017,0.012777777777777792,0.5323999999999987,0.004929629629629617,-6.859999999999999,1.7618518518518518,0.6968369850606565,0.10473568146025894,-0.0054329318539418255,0.4166666666666667,0.058642994297889744,0.01,top_10,3.0,True,Hard,
104,60,0.5769230769230769,104.0,1.3300000000000018,0.012788461538461556,0.4234,0.004071153846153846,-8.379999999999999,1.8841346153846152,0.6853476484515384,0.13773008709976686,-0.00579646741395398,0.34615384615384615,0.07748511413183903,0.075,,3.0,False,,
122,54,0.4426229508196721,122.0,1.8500000000000005,0.015163934426229512,0.4529999999999996,0.0037131147540983575,-12.0,2.7571311475409837,0.5286740017670325,0.11012659334409067,-0.009104579758376799,0.4262295081967213,0.049613341299865756,0.05,,5.0,True,Hard,
96,42,0.4375,96.0,1.4000000000000021,0.014583333333333356,0.29199999999999804,0.003041666666666646,-11.120000000000001,2.7811458333333334,0.5403623118910279,0.13333126785099117,-0.013094747821097893,0.34375,0.059181134714753225,0.1,top_10,5.0,False,Hard,
241,97,0.4024896265560166,241.0,3.4400000000000013,0.014273858921161831,0.49120000000000275,0.0020381742738589327,-29.329999999999995,3.282240663900415,0.49553196322011533,0.10401833478528537,-0.010948118535477424,0.3941908713692946,0.04736952971614996,0.05,,10.0,False,,
24,7,0.2916666666666667,24.0,0.3600000000000003,0.015000000000000013,0.012799999999999478,0.0005333333333333116,-7.5,6.395416666666667,0.381002114681711,0.10976249295541674,0.009705949661400518,0.4166666666666667,0.04017261519241707,0.05,top_10,,False,Grass,
0,0,0.0,0.0,0.0,0.0,0.0,0.0,0.0,0.0,0.0,0.0,0.0,0.0,0.0,0.02,other,3.0,True,Clay,
0,0,0.0,0.0,0.0,0.0,0.0,0.0,0.0,0.0,0.0,0.0,0.0,0.0,0.0,0.03,other,3.0,False,Clay,
0,0,0.0,0.0,0.0,0.0,0.0,0.0,0.0,0.0,0.0,0.0,0.0,0.0,0.0,0.03,other,3.0,True,Clay,
0,0,0.0,0.0,0.0,0.0,0.0,0.0,0.0,0.0,0.0,0.0,0.0,0.0,0.0,0.05,other,3.0,False,Clay,
0,0,0.0,0.0,0.0,0.0,0.0,0.0,0.0,0.0,0.0,0.0,0.0,0.0,0.0,0.05,other,3.0,True,Clay,
0,0,0.0,0.0,0.0,0.0,0.0,0.0,0.0,0.0,0.0,0.0,0.0,0.0,0.0,0.05,other,3.0,True,Grass,
0,0,0.0,0.0,0.0,0.0,0.0,0.0,0.0,0.0,0.0,0.0,0.0,0.0,0.0,0.05,other,5.0,True,Grass,
0,0,0.0,0.0,0.0,0.0,0.0,0.0,0.0,0.0,0.0,0.0,0.0,0.0,0.0,0.05,other,10.0,True,Grass,
0,0,0.0,0.0,0.0,0.0,0.0,0.0,0.0,0.0,0.0,0.0,0.0,0.0,0.0,0.05,other,,True,Grass,
0,0,0.0,0.0,0.0,0.0,0.0,0.0,0.0,0.0,0.0,0.0,0.0,0.0,0.0,0.075,other,3.0,False,Clay,
0,0,0.0,0.0,0.0,0.0,0.0,0.0,0.0,0.0,0.0,0.0,0.0,0.0,0.0,0.075,other,3.0,False,Grass,
0,0,0.0,0.0,0.0,0.0,0.0,0.0,0.0,0.0,0.0,0.0,0.0,0.0,0.0,0.075,other,3.0,True,,
0,0,0.0,0.0,0.0,0.0,0.0,0.0,0.0,0.0,0.0,0.0,0.0,0.0,0.0,0.075,other,3.0,True,Hard,
0,0,0.0,0.0,0.0,0.0,0.0,0.0,0.0,0.0,0.0,0.0,0.0,0.0,0.0,0.075,other,3.0,True,Clay,
0,0,0.0,0.0,0.0,0.0,0.0,0.0,0.0,0.0,0.0,0.0,0.0,0.0,0.0,0.075,other,3.0,True,Grass,
0,0,0.0,0.0,0.0,0.0,0.0,0.0,0.0,0.0,0.0,0.0,0.0,0.0,0.0,0.075,other,5.0,True,Grass,
0,0,0.0,0.0,0.0,0.0,0.0,0.0,0.0,0.0,0.0,0.0,0.0,0.0,0.0,0.075,other,10.0,True,Grass,
0,0,0.0,0.0,0.0,0.0,0.0,0.0,0.0,0.0,0.0,0.0,0.0,0.0,0.0,0.075,other,,True,Grass,
0,0,0.0,0.0,0.0,0.0,0.0,0.0,0.0,0.0,0.0,0.0,0.0,0.0,0.0,0.1,other,3.0,False,,
0,0,0.0,0.0,0.0,0.0,0.0,0.0,0.0,0.0,0.0,0.0,0.0,0.0,0.0,0.1,other,3.0,False,Hard,
0,0,0.0,0.0,0.0,0.0,0.0,0.0,0.0,0.0,0.0,0.0,0.0,0.0,0.0,0.1,other,3.0,False,Clay,
0,0,0.0,0.0,0.0,0.0,0.0,0.0,0.0,0.0,0.0,0.0,0.0,0.0,0.0,0.1,other,3.0,False,Grass,
0,0,0.0,0.0,0.0,0.0,0.0,0.0,0.0,0.0,0.0,0.0,0.0,0.0,0.0,0.1,other,3.0,True,,
0,0,0.0,0.0,0.0,0.0,0.0,0.0,0.0,0.0,0.0,0.0,0.0,0.0,0.0,0.1,other,3.0,True,Hard,
0,0,0.0,0.0,0.0,0.0,0.0,0.0,0.0,0.0,0.0,0.0,0.0,0.0,0.0,0.1,other,3.0,True,Clay,
0,0,0.0,0.0,0.0,0.0,0.0,0.0,0.0,0.0,0.0,0.0,0.0,0.0,0.0,0.1,other,3.0,True,Grass,
0,0,0.0,0.0,0.0,0.0,0.0,0.0,0.0,0.0,0.0,0.0,0.0,0.0,0.0,0.1,other,5.0,False,Grass,
0,0,0.0,0.0,0.0,0.0,0.0,0.0,0.0,0.0,0.0,0.0,0.0,0.0,0.0,0.1,other,5.0,True,Grass,
0,0,0.0,0.0,0.0,0.0,0.0,0.0,0.0,0.0,0.0,0.0,0.0,0.0,0.0,0.1,other,10.0,False,Grass,
0,0,0.0,0.0,0.0,0.0,0.0,0.0,0.0,0.0,0.0,0.0,0.0,0.0,0.0,0.1,other,10.0,True,Grass,
0,0,0.0,0.0,0.0,0.0,0.0,0.0,0.0,0.0,0.0,0.0,0.0,0.0,0.0,0.1,other,,False,Grass,
0,0,0.0,0.0,0.0,0.0,0.0,0.0,0.0,0.0,0.0,0.0,0.0,0.0,0.0,0.1,other,,True,Grass,
107,46,0.42990654205607476,107.0,1.2200000000000015,0.011401869158878518,-0.02440000000000353,-0.0002280373831776031,-11.25,2.9688785046728974,0.5203167672411081,0.1184692345321528,-0.014358957386277333,0.35514018691588783,0.05310372209738755,0.075,top_10,10.0,True,Hard,
72,41,0.5694444444444444,72.0,0.45000000000000195,0.006250000000000027,-0.17899999999999983,-0.0024861111111111086,-10.58,1.899861111111111,0.6679352108299291,0.12663711795203414,-0.006433000538532092,0.4166666666666667,0.06722486975672808,0.05,top_10,3.0,True,Hard,
96,58,0.6041666666666666,96.0,0.530000000000002,0.005520833333333354,-0.2405999999999997,-0.0025062499999999968,-10.04,1.8010416666666664,0.6887013828200023,0.1115592743292335,-0.006045296613742914,0.4270833333333333,0.061086717736008274,0.02,top_10,3.0,True,Hard,
165,81,0.4909090909090909,165.0,1.2800000000000031,0.0077575757575757765,-0.4256,-0.002579393939393939,-11.02,2.8245454545454547,0.5591264842728865,0.09621867427042807,-0.01008117042741719,0.4,0.04611334138759841,0.01,top_10,,True,Hard,
215,108,0.5023255813953489,215.0,1.0500000000000056,0.004883720930232584,-1.1110000000000038,-0.005167441860465134,-13.299999999999997,2.4511627906976745,0.5963603098423732,0.11357832588348261,-0.0075372568620016515,0.386046511627907,0.05725374920355363,0.03,top_10,5.0,False,,
188,88,0.46808510638297873,188.0,0.1900000000000035,0.001010638297872359,-1.8138000000000019,-0.009647872340425542,-12.809999999999999,2.6010106382978724,0.5690453679789071,0.11964016410147442,-0.008346501144408606,0.3776595744680851,0.057424381891218894,0.05,top_10,5.0,False,,
24,15,0.625,24.0,-0.07000000000000006,-0.0029166666666666694,-0.24860000000000038,-0.01035833333333335,-3.41,1.7354166666666666,0.7389232027899183,0.1404149140393068,-0.0020134843784461176,0.25,0.08887022010926919,0.075,,3.0,False,Clay,
24,15,0.625,24.0,-0.07000000000000006,-0.0029166666666666694,-0.24860000000000038,-0.01035833333333335,-3.41,1.7354166666666666,0.7389232027899183,0.1404149140393068,-0.0020134843784461176,0.25,0.08887022010926919,0.075,top_10,3.0,False,Clay,
149,91,0.610738255033557,149.0,-0.42999999999999927,-0.0028859060402684515,-1.5813999999999995,-0.010613422818791943,-9.01,1.756040268456376,0.7086343748956154,0.11855804752954645,-0.004668817648050008,0.3825503355704698,0.06943228965134302,0.03,top_10,3.0,False,,
111,66,0.5945945945945946,111.0,-0.3400000000000003,-0.0030630630630630656,-1.2331999999999996,-0.011109909909909907,-9.629999999999999,1.8224324324324326,0.6820533171299967,0.11243499505531204,-0.004711058330871294,0.4144144144144144,0.06325708813473213,0.03,,3.0,False,Hard,
22,8,0.36363636363636365,22.0,0.03000000000000047,0.001363636363636385,-0.25059999999999993,-0.011390909090909089,-5.1,3.0900000000000003,0.49344689302004546,0.1154459228715825,-0.00149164130198599,0.45454545454545453,0.045578757359911945,0.03,,5.0,False,Grass,
96,39,0.40625,96.0,-0.3999999999999999,-0.004166666666666666,-1.5319999999999991,-0.015958333333333324,-12.94,3.133645833333333,0.49672021598603316,0.12163684890941702,-0.01632718942492484,0.3541666666666667,0.051364193902453614,0.1,,10.0,True,Hard,
196,84,0.42857142857142855,196.0,-0.9399999999999977,-0.004795918367346927,-3.1612000000000045,-0.01612857142857145,-25.7,3.51515306122449,0.5067359981663309,0.09682123912555973,-0.007618382060137244,0.413265306122449,0.0449555224291002,0.03,,,False,Hard,
73,41,0.5616438356164384,73.0,-0.5500000000000003,-0.0075342465753424695,-1.1789999999999998,-0.016150684931506846,-11.579999999999998,1.914931506849315,0.6636935077629411,0.12553749005454357,-0.005969572308223806,0.4246575342465753,0.06643218774091574,0.05,,3.0,True,Hard,
282,120,0.425531914893617,282.0,-1.5299999999999976,-0.005425531914893609,-4.739400000000003,-0.016806382978723416,-33.529999999999994,3.161524822695035,0.5133426232833943,0.0970670807771409,-0.009861693147575632,0.40070921985815605,0.046072691340554556,0.03,,10.0,False,,
238,108,0.453781512605042,238.0,-1.4899999999999949,-0.0062605042016806505,-4.0602,-0.017059663865546217,-25.369999999999997,2.8593697478991595,0.5363801123926553,0.08582553660551555,-0.009522074704155937,0.3949579831932773,0.04228584104288206,0.01,,10.0,False,Hard,
26,8,0.3076923076923077,26.0,-0.08999999999999964,-0.0034615384615384473,-0.4482000000000004,-0.017238461538461553,-8.5,6.006153846153846,0.4130141082591052,0.10613127846137704,0.008868720801730588,0.4230769230769231,0.040898456741232665,0.03,top_10,,False,Grass,
98,42,0.42857142857142855,98.0,-0.5999999999999988,-0.006122448979591824,-1.7080000000000006,-0.017428571428571436,-12.120000000000001,2.8068367346938774,0.5351725088677095,0.13165414103441006,-0.012497538243878769,0.35714285714285715,0.05822824209317716,0.1,,5.0,False,Hard,
146,68,0.4657534246575342,146.0,-1.04,-0.007123287671232877,-2.5792000000000006,-0.017665753424657538,-11.54,2.6097260273972602,0.5490427352828192,0.10217099075691406,-0.007770247379384111,0.4383561643835616,0.04696167243357969,0.03,,5.0,True,Hard,
179,87,0.4860335195530726,179.0,-1.5399999999999974,-0.008603351955307249,-3.3492,-0.018710614525139665,-16.79,2.4905586592178772,0.5861519744714345,0.11230558726025804,-0.00936135690926228,0.3854748603351955,0.05471264533706843,0.03,top_10,5.0,True,,
122,71,0.5819672131147541,122.0,-1.2899999999999974,-0.010573770491803258,-2.284199999999999,-0.01872295081967212,-9.459999999999999,1.8331147540983606,0.6913900362571391,0.12900131039369547,-0.005281031306376346,0.36885245901639346,0.07239048258061666,0.05,top_10,3.0,False,,
168,80,0.47619047619047616,168.0,-1.4399999999999977,-0.008571428571428558,-3.171199999999999,-0.01887619047619047,-14.7,2.5563690476190475,0.5621816752267597,0.1037256899903516,-0.007708383166508631,0.4107142857142857,0.05012197019381054,0.03,,5.0,False,Hard,
146,57,0.3904109589041096,146.0,-1.0799999999999983,-0.007397260273972591,-2.8383999999999965,-0.019441095890410934,-21.369999999999997,3.908630136986302,0.47953788012246806,0.11025311156912891,-0.009790165690012863,0.3835616438356164,0.04894420255271604,0.075,,,False,Hard,
210,93,0.44285714285714284,210.0,-1.8599999999999923,-0.00885714285714282,-4.162800000000001,-0.019822857142857146,-26.219999999999995,2.942428571428571,0.5276670200177307,0.09192645872308766,-0.010952277195650138,0.4,0.04452127657570572,0.02,,10.0,False,Hard,
137,59,0.4306569343065693,137.0,-1.2799999999999971,-0.009343065693430637,-2.814400000000003,-0.02054306569343068,-14.120000000000001,2.7906569343065692,0.5452182997917496,0.13618201261543045,-0.011061319949208137,0.34306569343065696,0.06112282155663053,0.1,top_10,5.0,False,,
198,90,0.45454545454545453,198.0,-2.0399999999999996,-0.010303030303030302,-4.1592,-0.021006060606060608,-16.279999999999998,2.8601515151515153,0.5501485813886643,0.10708410965108187,-0.009821844194443291,0.3888888888888889,0.05086157792314425,0.03,top_10,10.0,True,,
7,2,0.2857142857142857,7.0,-0.04999999999999982,-0.0071428571428571175,-0.14900000000000002,-0.02128571428571429,-4.0,5.140000000000001,0.2563390637505437,0.02251079432296115,0.013299687176444268,0.7142857142857143,0.0038600596473793145,0.02,other,10.0,False,Grass,
210,81,0.38571428571428573,210.0,-1.9399999999999977,-0.009238095238095228,-4.481200000000001,-0.021339047619047626,-29.660000000000004,4.586428571428572,0.47530714716591643,0.11261670066357751,-0.002435360349763532,0.3952380952380952,0.050920774346902606,0.075,top_10,,False,,
267,115,0.4307116104868914,267.0,-2.950000000000003,-0.01104868913857679,-5.930999999999997,-0.022213483146067407,-30.27999999999999,4.117977528089888,0.5129186189254339,0.10226287373990753,-0.0006520168742517068,0.4232209737827715,0.04884801336080867,0.03,top_10,,False,,
162,74,0.4567901234567901,162.0,-1.9399999999999955,-0.01197530864197528,-3.661200000000003,-0.02260000000000002,-11.910000000000002,2.6521604938271603,0.5655855325741058,0.128516702023868,-0.010522435709940147,0.3395061728395062,0.06153684256684502,0.075,top_10,5.0,False,,
95,55,0.5789473684210527,95.0,-1.439999999999999,-0.015157894736842096,-2.211200000000001,-0.023275789473684222,-11.29,1.8604210526315794,0.6690119031509356,0.1115393971194836,-0.00480889805461519,0.4421052631578947,0.05943100867200471,0.03,,3.0,True,Hard,
104,45,0.4326923076923077,104.0,-1.2799999999999994,-0.0123076923076923,-2.4344,-0.02340769230769231,-9.719999999999999,2.766826923076923,0.5327715973318233,0.1196573136391643,-0.011535871199742354,0.38461538461538464,0.05402277344158088,0.075,,5.0,True,Hard,
239,95,0.39748953974895396,239.0,-2.809999999999995,-0.011757322175732197,-5.633800000000001,-0.023572384937238497,-30.319999999999993,4.418368200836819,0.48336430032223876,0.10611137565552974,-0.0003176850812208349,0.4225941422594142,0.04822877449887918,0.05,top_10,,False,,
236,122,0.5169491525423728,236.0,-3.399999999999999,-0.014406779661016946,-5.612000000000001,-0.023779661016949158,-13.779999999999998,2.369491525423729,0.6138861938177269,0.10861232313890162,-0.007285540973566817,0.3855932203389831,0.05740764169172387,0.02,top_10,5.0,False,,
188,120,0.6382978723404256,188.0,-3.2399999999999998,-0.017234042553191487,-4.5352,-0.02412340425531915,-7.059999999999999,1.6662234042553192,0.7329032383067794,0.10581160247518781,-0.0045112864642880965,0.3723404255319149,0.06614568603042961,0.01,top_10,3.0,False,,
168,105,0.625,168.0,-2.8799999999999994,-0.01714285714285714,-4.0824,-0.0243,-10.8,1.7044642857142855,0.7243768831591628,0.1121212216403715,-0.004741273761697968,0.38095238095238093,0.06892179040224533,0.02,top_10,3.0,False,,
97,39,0.4020618556701031,97.0,-1.4000000000000004,-0.014432989690721654,-2.5320000000000014,-0.02610309278350517,-13.94,3.435567010309278,0.4877383570083201,0.11967669169900877,-0.016639734308688096,0.3402061855670103,0.05065067259357986,0.1,top_10,,True,Hard,
70,38,0.5428571428571428,70.0,-1.2199999999999993,-0.01742857142857142,-1.8356,-0.02622285714285714,-9.0,1.9821428571428577,0.6659090679667251,0.14707146205666546,-0.0066549841132381654,0.35714285714285715,0.07573376148060704,0.1,,3.0,True,,
70,38,0.5428571428571428,70.0,-1.2199999999999993,-0.01742857142857142,-1.8356,-0.02622285714285714,-9.0,1.9821428571428577,0.6659090679667251,0.14707146205666546,-0.0066549841132381654,0.35714285714285715,0.07573376148060704,0.1,top_10,3.0,True,,
175,73,0.41714285714285715,175.0,-3.229999999999998,-0.018457142857142846,-5.205400000000001,-0.029745142857142862,-16.65,3.021314285714286,0.5255020019548838,0.11206791849668049,-0.010663776056144615,0.37714285714285717,0.051454625275004856,0.05,top_10,10.0,True,,
40,27,0.675,40.0,-1.0099999999999996,-0.025249999999999988,-1.2497999999999996,-0.031244999999999988,-6.07,1.5667499999999999,0.7769975052008771,0.11454276737778299,-0.0020910561195736643,0.325,0.0808717529838947,0.02,top_10,3.0,False,Clay,
258,137,0.5310077519379846,258.0,-5.759999999999998,-0.02232558139534883,-8.064800000000005,-0.03125891472868219,-13.999999999999996,2.2978682170542637,0.6262495297016372,0.10361334277210679,-0.006934964630610772,0.3798449612403101,0.055847926775370635,0.01,top_10,5.0,False,,
132,55,0.4166666666666667,132.0,-2.6499999999999964,-0.02007575757575755,-4.137000000000001,-0.0313409090909091,-14.84,3.025530303030303,0.5040554816613805,0.10560753575531126,-0.011978092165001624,0.4090909090909091,0.046793645077418546,0.05,,10.0,True,Hard,
157,93,0.5923566878980892,157.0,-4.009999999999995,-0.02554140127388532,-5.209799999999996,-0.03318343949044583,-11.59,1.7946496815286623,0.694407404860185,0.11483737085560601,-0.004056698724399966,0.39490445859872614,0.06636468888420849,0.03,,3.0,False,,
43,14,0.32558139534883723,43.0,-0.8799999999999999,-0.020465116279069766,-1.4424000000000006,-0.03354418604651164,-10.6,5.4693023255813955,0.3906419122360923,0.07514591340107467,0.007607376998604156,0.46511627906976744,0.02758819409482671,0.01,,,False,Grass,
157,70,0.445859872611465,157.0,-3.729999999999996,-0.023757961783439464,-5.3954,-0.0343656050955414,-16.749999999999996,2.635222929936306,0.5614197496658345,0.11801599642422415,-0.010470779024938683,0.36942675159235666,0.05560191521380543,0.05,top_10,5.0,True,,
6,3,0.5,6.0,-0.1499999999999999,-0.024999999999999984,-0.20699999999999985,-0.034499999999999975,-3.0,2.1133333333333333,0.6045908147266884,0.11180669211116963,-0.019515013462718462,0.16666666666666666,0.05879120433631374,0.03,,3.0,True,Grass,
21,8,0.38095238095238093,21.0,-0.47999999999999954,-0.022857142857142836,-0.7303999999999999,-0.03478095238095238,-5.1,2.907142857142857,0.5469755586628904,0.12221348438612066,-0.006629320260677603,0.38095238095238093,0.05025537411551168,0.01,top_10,5.0,False,Grass,
21,8,0.38095238095238093,21.0,-0.47999999999999954,-0.022857142857142836,-0.7303999999999999,-0.03478095238095238,-5.1,2.907142857142857,0.5469755586628904,0.12221348438612066,-0.006629320260677603,0.38095238095238093,0.05025537411551168,0.02,top_10,5.0,False,Grass,
182,65,0.35714285714285715,182.0,-4.280000000000005,-0.02351648351648354,-6.534399999999996,-0.03590329670329668,-30.369999999999994,4.922087912087911,0.4526664043562837,0.11769791486915293,-0.0010704839451079631,0.41208791208791207,0.049923491475822646,0.1,top_10,,False,,
111,46,0.4144144144144144,111.0,-2.78,-0.025045045045045043,-4.024400000000002,-0.03625585585585587,-13.32,3.2763063063063065,0.5052825459672168,0.1148936192797029,-0.014987555552818102,0.35135135135135137,0.05134529032874761,0.075,top_10,,True,Hard,
44,30,0.6818181818181818,44.0,-1.4899999999999989,-0.03386363636363634,-1.7401999999999997,-0.039549999999999995,-6.789999999999999,1.5399999999999998,0.7806851081850621,0.10913689914805075,-0.0029754638477886034,0.3181818181818182,0.07731032678295545,0.01,top_10,3.0,False,Clay,
120,53,0.44166666666666665,120.0,-3.5799999999999983,-0.02983333333333332,-4.848399999999999,-0.040403333333333326,-11.620000000000001,2.6929999999999996,0.5457531241539793,0.1214994873782,-0.010729862173079174,0.375,0.056331880294598076,0.075,,5.0,False,Hard,
6,2,0.3333333333333333,6.0,-0.16999999999999993,-0.02833333333333332,-0.24659999999999993,-0.04109999999999999,-4.0,3.11,0.5775126650721557,0.1783491361943417,-0.026714573797751884,0.0,0.08071649665861931,0.075,,5.0,True,Grass,
6,2,0.3333333333333333,6.0,-0.16999999999999993,-0.02833333333333332,-0.24659999999999993,-0.04109999999999999,-4.0,3.11,0.5775126650721557,0.1783491361943417,-0.026714573797751884,0.0,0.08071649665861931,0.075,top_10,5.0,True,Grass,
6,2,0.3333333333333333,6.0,-0.16999999999999993,-0.02833333333333332,-0.24659999999999993,-0.04109999999999999,-4.0,3.11,0.5775126650721557,0.1783491361943417,-0.026714573797751884,0.0,0.08071649665861931,0.1,,5.0,True,Grass,
6,2,0.3333333333333333,6.0,-0.16999999999999993,-0.02833333333333332,-0.24659999999999993,-0.04109999999999999,-4.0,3.11,0.5775126650721557,0.1783491361943417,-0.026714573797751884,0.0,0.08071649665861931,0.1,top_10,5.0,True,Grass,
125,71,0.568,125.0,-4.289999999999997,-0.034319999999999976,-5.2842,-0.0422736,-12.46,1.8510400000000002,0.6848960232504834,0.12713357944595932,-0.004660130577163979,0.384,0.07093642512303294,0.05,,3.0,False,,
290,129,0.44482758620689655,290.0,-9.400000000000002,-0.03241379310344828,-12.432000000000004,-0.04286896551724139,-32.219999999999985,3.967931034482758,0.5304493780477442,0.09838844510183066,-0.001141350413798909,0.41724137931034483,0.04925035223250779,0.02,top_10,,False,,
212,98,0.46226415094339623,212.0,-7.009999999999999,-0.033066037735849055,-9.149800000000003,-0.04315943396226416,-19.969999999999995,2.7802830188679244,0.5647049451320051,0.10374605146417257,-0.009617123114300602,0.3915094339622642,0.051147837989860744,0.02,top_10,10.0,True,,
193,95,0.49222797927461137,193.0,-6.509999999999998,-0.03373056994818652,-8.3398,-0.04321139896373057,-18.479999999999997,2.4296373056994818,0.5995297030228826,0.10826015191231378,-0.009169885163160127,0.38860103626943004,0.05474773440623404,0.02,top_10,5.0,True,,
156,69,0.4423076923076923,156.0,-5.539999999999999,-0.03551282051282051,-7.1692,-0.04595641025641026,-17.1,2.846282051282051,0.5269059917629222,0.09885714732199666,-0.010287215081079007,0.4230769230769231,0.044745754403450376,0.03,,10.0,True,Hard,
361,158,0.4376731301939058,361.0,-12.86,-0.03562326869806094,-16.662800000000004,-0.04615734072022162,-45.13,3.006565096952908,0.5266986459357678,0.08475286332711145,-0.008729993855913812,0.3878116343490305,0.042053349574762804,0.01,,10.0,False,,
34,22,0.6470588235294118,34.0,-1.3699999999999997,-0.040294117647058814,-1.5825999999999998,-0.04654705882352941,-5.36,1.6220588235294118,0.7603243298859342,0.12360671980925882,-0.0025322159981547264,0.29411764705882354,0.08066352347771451,0.03,,3.0,False,Clay,
34,22,0.6470588235294118,34.0,-1.3699999999999997,-0.040294117647058814,-1.5825999999999998,-0.04654705882352941,-5.36,1.6220588235294118,0.7603243298859342,0.12360671980925882,-0.0025322159981547264,0.29411764705882354,0.08066352347771451,0.03,top_10,3.0,False,Clay,
28,9,0.32142857142857145,28.0,-0.9799999999999995,-0.03499999999999998,-1.3404000000000005,-0.047871428571428586,-8.5,5.6625000000000005,0.4449604078356412,0.10334217789385382,0.008773506050586568,0.42857142857142855,0.040628685024477466,0.02,top_10,,False,Grass,
141,59,0.41843971631205673,141.0,-5.279999999999996,-0.037446808510638266,-6.814399999999999,-0.048329078014184394,-15.87,2.827304964539007,0.5378423138545464,0.13383140859320747,-0.011546651845631854,0.3475177304964539,0.05975589907957398,0.1,,5.0,False,,
152,61,0.40131578947368424,152.0,-5.779999999999999,-0.03802631578947368,-7.484399999999999,-0.04923947368421052,-16.57,3.104407894736842,0.5188744577408615,0.1195373458229783,-0.012536122896119342,0.34868421052631576,0.054585542985186454,0.075,top_10,10.0,True,,
209,105,0.5023923444976076,209.0,-8.379999999999995,-0.04009569377990428,-10.292400000000002,-0.04924593301435408,-17.949999999999996,2.3727272727272726,0.6071656582998357,0.10356718863920901,-0.00874180862149569,0.3827751196172249,0.0529270707989424,0.01,top_10,5.0,True,,
125,74,0.592,125.0,-5.259999999999998,-0.042079999999999985,-6.174800000000001,-0.04939840000000001,-12.530000000000001,1.8056,0.6875440768986408,0.10588329699526805,-0.005595370899858762,0.4,0.06159191711212836,0.02,,3.0,False,Hard,
123,72,0.5853658536585366,123.0,-5.19,-0.042195121951219515,-6.106199999999998,-0.04964390243902437,-13.18,1.7836585365853657,0.6991795749693345,0.11845969582855687,-0.0057422443561183254,0.3902439024390244,0.0666594645455264,0.03,top_10,3.0,True,,
204,90,0.4411764705882353,204.0,-8.04,-0.03941176470588235,-10.1592,-0.049800000000000004,-20.279999999999998,3.1387745098039215,0.5369277244067555,0.10454541573252699,-0.009519713477924742,0.39215686274509803,0.049504617481529296,0.03,top_10,,True,,
318,136,0.4276729559748428,318.0,-12.650000000000002,-0.03977987421383648,-16.037000000000003,-0.0504308176100629,-40.46999999999999,3.0835220125786162,0.5213653202430549,0.09099613512830912,-0.009472390414006932,0.39937106918238996,0.044871951797692156,0.02,,10.0,False,,
117,49,0.4188034188034188,117.0,-4.719999999999997,-0.04034188034188032,-5.985600000000002,-0.051158974358974374,-16.21,2.802905982905983,0.5397458563559809,0.13285056986139,-0.013197813237345559,0.3333333333333333,0.05846731360606679,0.1,top_10,5.0,True,,
229,108,0.47161572052401746,229.0,-9.879999999999994,-0.04314410480349342,-12.102399999999996,-0.05284890829694321,-19.179999999999993,2.7310043668122264,0.5721313397845861,0.09935143385067417,-0.008868958551257525,0.388646288209607,0.04951573711879952,0.01,top_10,10.0,True,,
243,113,0.46502057613168724,243.0,-10.53,-0.04333333333333333,-12.919400000000001,-0.05316625514403293,-22.06,2.5722222222222224,0.5649597292242774,0.10492779470409054,-0.007282804081661813,0.3950617283950617,0.05156009780645722,0.03,,5.0,False,,
100,39,0.39,100.0,-4.4,-0.044000000000000004,-5.532,-0.05532,-16.939999999999998,3.4682999999999997,0.4809760924222168,0.11754121140410705,-0.01694620410823919,0.35,0.04948191576706064,0.1,,,True,Hard,
218,104,0.47706422018348627,218.0,-9.989999999999995,-0.045825688073394474,-12.070200000000003,-0.0553678899082569,-19.0,2.493256880733945,0.5681078807744285,0.08939907549668973,-0.007649428629156912,0.3944954128440367,0.045106947293516664,0.01,,5.0,False,Hard,
248,108,0.43548387096774194,248.0,-11.489999999999998,-0.04633064516129032,-14.060199999999998,-0.056694354838709674,-30.369999999999997,3.292459677419355,0.5202961324153663,0.0849157948820061,-0.007211193479058122,0.39919354838709675,0.04123260709850966,0.01,,,False,Hard,
315,144,0.45714285714285713,315.0,-14.759999999999994,-0.04685714285714284,-17.8848,-0.05677714285714285,-35.379999999999995,3.8233333333333333,0.5428794813258948,0.09416427361272894,-0.0007768960084325428,0.4126984126984127,0.04807997965960103,0.01,top_10,,False,,
85,46,0.5411764705882353,85.0,-4.18,-0.049176470588235294,-4.8763999999999985,-0.05736941176470586,-11.7,1.906235294117647,0.680154388205317,0.138136728564894,-0.007217914237017324,0.3411764705882353,0.07602592245025284,0.075,,3.0,True,,
85,46,0.5411764705882353,85.0,-4.18,-0.049176470588235294,-4.8763999999999985,-0.05736941176470586,-11.7,1.906235294117647,0.680154388205317,0.138136728564894,-0.007217914237017324,0.3411764705882353,0.07602592245025284,0.075,top_10,3.0,True,,
136,55,0.40441176470588236,136.0,-6.649999999999999,-0.048897058823529405,-8.137000000000004,-0.059830882352941206,-17.839999999999996,3.274779411764706,0.49226317710929945,0.10306748797652764,-0.012561164645671682,0.40441176470588236,0.04554404494330709,0.05,,,True,Hard,
129,74,0.5736434108527132,129.0,-6.769999999999997,-0.05248062015503874,-7.734600000000001,-0.05995813953488373,-13.759999999999998,1.8198449612403103,0.6862821769676809,0.11494331355086332,-0.005286171805677067,0.3953488372093023,0.06392948800720086,0.03,,3.0,True,,
149,90,0.6040268456375839,149.0,-8.029999999999998,-0.053892617449664414,-9.0494,-0.060734228187919466,-12.96,1.7129530201342282,0.7169119581934414,0.10756989735636968,-0.005647037230179142,0.3825503355704698,0.06347702823578874,0.01,top_10,3.0,True,,
207,90,0.43478260869565216,207.0,-10.56,-0.05101449275362319,-12.688800000000002,-0.06129855072463769,-22.45,2.7054106280193237,0.5445100807545272,0.11235133989812716,-0.008410617214917102,0.3864734299516908,0.05294766927886457,0.05,,5.0,False,,
114,46,0.40350877192982454,114.0,-5.779999999999996,-0.05070175438596487,-7.0244,-0.06161754385964912,-15.569999999999999,3.076754385964912,0.5039065042652094,0.11358869254557119,-0.014649824912556574,0.3684210526315789,0.05037106973298278,0.075,,10.0,True,Hard,
181,73,0.40331491712707185,181.0,-9.23,-0.050994475138121546,-11.205400000000001,-0.061908287292817686,-21.419999999999995,3.33,0.5114181602548469,0.10904141898033358,-0.010295343695150182,0.3812154696132597,0.04990557436781915,0.05,top_10,,True,,
104,59,0.5673076923076923,104.0,-5.669999999999999,-0.05451923076923076,-6.4566,-0.062082692307692304,-13.24,1.8679807692307693,0.6666223271409463,0.10610053862527763,-0.00612976230454989,0.4230769230769231,0.05690235004336159,0.02,,3.0,True,Hard,
200,91,0.455,200.0,-10.62,-0.053099999999999994,-12.587600000000002,-0.06293800000000001,-20.409999999999997,2.59845,0.5584220109155372,0.10460545284935054,-0.009681226031628113,0.39,0.04978097858248546,0.03,,5.0,True,,
173,75,0.43352601156069365,173.0,-9.189999999999998,-0.05312138728323698,-10.966200000000002,-0.0633884393063584,-16.479999999999997,2.7244508670520236,0.5487225801687735,0.12317175360545699,-0.010243851558520473,0.35260115606936415,0.058268740072426016,0.075,,5.0,False,,
135,58,0.42962962962962964,135.0,-7.279999999999999,-0.05392592592592592,-8.6744,-0.06425481481481482,-15.57,2.684222222222222,0.5573584208218068,0.12673358813844798,-0.01258772115697098,0.3333333333333333,0.05945032601620492,0.075,top_10,5.0,True,,
220,93,0.42272727272727273,220.0,-11.860000000000003,-0.05390909090909092,-14.162800000000006,-0.06437636363636366,-31.220000000000002,3.426863636363636,0.5099320376967378,0.09062361704760556,-0.008282274610471952,0.40454545454545454,0.04323238396873938,0.02,,,False,Hard,
318,151,0.4748427672955975,318.0,-17.859999999999996,-0.056163522012578605,-20.842799999999997,-0.06554339622641508,-29.459999999999994,2.487012578616352,0.5724883185349738,0.09019452996776288,-0.007122255631807952,0.3805031446540881,0.04627347667435568,0.01,,5.0,False,,
132,51,0.38636363636363635,132.0,-7.219999999999997,-0.054696969696969674,-8.695600000000002,-0.06587575757575759,-19.76,3.2230303030303036,0.5031132770532741,0.1254085014657065,-0.012689858566199893,0.3560606060606061,0.053806296946856846,0.1,top_10,10.0,True,,
188,65,0.34574468085106386,188.0,-10.280000000000001,-0.05468085106382979,-12.534399999999998,-0.0666723404255319,-36.36999999999999,4.923670212765957,0.4462072317428735,0.11544946119172272,-0.0022295575348569587,0.4148936170212766,0.04869103166639832,0.1,,,False,,
163,73,0.44785276073619634,163.0,-9.27,-0.05687116564417178,-10.8846,-0.06677668711656443,-19.42,2.624233128834356,0.5410947820130949,0.095306523635716,-0.008767803638726852,0.4294478527607362,0.043853785317963245,0.02,,5.0,True,Hard,
135,80,0.5925925925925926,135.0,-8.159999999999998,-0.06044444444444443,-9.0968,-0.06738370370370371,-15.870000000000001,1.740740740740741,0.7128610100790895,0.11348222032778398,-0.005943731285251141,0.3925925925925926,0.06641974543119979,0.02,top_10,3.0,True,,
191,89,0.46596858638743455,191.0,-11.359999999999998,-0.0594764397905759,-13.172800000000002,-0.06896753926701572,-20.75,2.5466492146596864,0.5611689729229142,0.09621492811005046,-0.008337324109485273,0.4031413612565445,0.047745887032201506,0.02,,5.0,False,Hard,
160,69,0.43125,160.0,-9.539999999999997,-0.059624999999999984,-11.169200000000002,-0.06980750000000001,-20.1,3.0626249999999997,0.5163112701411147,0.09686686642086342,-0.01082509861674662,0.41875,0.04373479155630485,0.03,,,True,Hard,
145,86,0.593103448275862,145.0,-9.139999999999999,-0.06303448275862068,-10.1372,-0.06991172413793104,-12.790000000000001,1.7671724137931035,0.6944309669208637,0.09800247101499697,-0.005159930058660871,0.38620689655172413,0.05794703481255415,0.01,,3.0,False,Hard,
185,84,0.4540540540540541,185.0,-11.169999999999998,-0.06037837837837837,-12.9666,-0.07008972972972972,-19.380000000000003,2.5699459459459457,0.5458539082353436,0.08864079971781537,-0.00832137755190223,0.41621621621621624,0.04130053866869705,0.01,,5.0,True,Hard,
225,82,0.36444444444444446,225.0,-13.189999999999998,-0.058622222222222214,-15.7862,-0.07016088888888888,-34.91,4.6103555555555555,0.4609565520640754,0.10772612828269756,-0.0027513891295108187,0.40444444444444444,0.04811801739626833,0.075,,,False,,
181,107,0.5911602209944752,181.0,-11.459999999999999,-0.06331491712707182,-12.710799999999999,-0.07022541436464087,-16.869999999999997,1.7711602209944755,0.7013907691775024,0.10693796505806254,-0.004476716105375443,0.3867403314917127,0.06447699447594234,0.02,,3.0,False,,
11,4,0.36363636363636365,11.0,-0.6499999999999999,-0.05909090909090908,-0.7770000000000001,-0.07063636363636365,-6.1,3.516363636363636,0.47283514252734665,0.11576243805048264,-0.02057818386304632,0.18181818181818182,0.0478724110597067,0.03,,10.0,True,Grass,
11,4,0.36363636363636365,11.0,-0.6499999999999999,-0.05909090909090908,-0.7770000000000001,-0.07063636363636365,-6.1,3.516363636363636,0.47283514252734665,0.11576243805048264,-0.02057818386304632,0.18181818181818182,0.0478724110597067,0.03,,,True,Grass,
19,6,0.3157894736842105,19.0,-1.1400000000000006,-0.06000000000000003,-1.3772000000000002,-0.0724842105263158,-6.1,3.2994736842105263,0.46673143432728936,0.12553453853500485,-0.002836713558688139,0.42105263157894735,0.04729938874879926,0.05,,5.0,False,Grass,
219,98,0.4474885844748858,219.0,-14.009999999999998,-0.06397260273972602,-16.1498,-0.07374337899543379,-25.25,3.0795433789954343,0.5498384384720953,0.10102726060660497,-0.009418608090388015,0.3926940639269406,0.04964546924419965,0.02,top_10,,True,,
222,94,0.42342342342342343,222.0,-14.120000000000001,-0.0636036036036036,-16.397599999999997,-0.07386306306306305,-25.679999999999996,2.980585585585586,0.5233792084339343,0.09959026286627173,-0.010604700828311872,0.3918918918918919,0.04618317802277094,0.03,,10.0,True,,
8,2,0.25,8.0,-0.5,-0.0625,-0.6100000000000003,-0.07625000000000004,-4.0,3.61875,0.30560739116537566,0.03581459053365146,-0.023200938915156857,0.125,0.006922170544388276,0.02,other,5.0,False,Clay,
8,2,0.25,8.0,-0.5,-0.0625,-0.6100000000000003,-0.07625000000000004,-3.25,4.74375,0.2505907403338016,0.03361636400858003,-0.017274419975922717,0.375,0.006983736434349856,0.03,other,10.0,False,Clay,
8,2,0.25,8.0,-0.5,-0.0625,-0.6100000000000003,-0.07625000000000004,-3.25,4.74375,0.2505907403338016,0.03361636400858003,-0.017274419975922717,0.375,0.006983736434349856,0.03,other,,False,Clay,
4,1,0.25,4.0,-0.25,-0.0625,-0.30500000000000016,-0.07625000000000004,-2.0,4.125,0.27335501330372963,0.04378681463805138,-0.0498713888545764,0.0,0.009687801945189358,0.05,other,5.0,False,Clay,
4,1,0.25,4.0,-0.25,-0.0625,-0.30500000000000016,-0.07625000000000004,-2.0,4.125,0.27335501330372963,0.04378681463805138,-0.0498713888545764,0.0,0.009687801945189358,0.05,other,5.0,True,Clay,
4,1,0.25,4.0,-0.25,-0.0625,-0.30500000000000016,-0.07625000000000004,-2.0,5.0,0.25135626545880657,0.04468396292111346,-0.043064991247177525,0.25,0.010242221317558121,0.075,other,10.0,False,Clay,
4,1,0.25,4.0,-0.25,-0.0625,-0.30500000000000016,-0.07625000000000004,-2.0,5.0,0.25135626545880657,0.04468396292111346,-0.043064991247177525,0.25,0.010242221317558121,0.075,other,10.0,True,Clay,
4,1,0.25,4.0,-0.25,-0.0625,-0.30500000000000016,-0.07625000000000004,-2.0,5.0,0.25135626545880657,0.04468396292111346,-0.043064991247177525,0.25,0.010242221317558121,0.075,other,,False,Clay,
4,1,0.25,4.0,-0.25,-0.0625,-0.30500000000000016,-0.07625000000000004,-2.0,5.0,0.25135626545880657,0.04468396292111346,-0.043064991247177525,0.25,0.010242221317558121,0.075,other,,True,Clay,
42,27,0.6428571428571429,42.0,-3.009999999999999,-0.07166666666666664,-3.2497999999999996,-0.07737619047619046,-7.330000000000001,1.6230952380952377,0.7577423299675942,0.11046755977126194,-0.0023346857165528175,0.30952380952380953,0.07718913052602443,0.02,,3.0,False,Clay,
157,61,0.3885350318471338,157.0,-10.779999999999998,-0.06866242038216559,-12.484399999999997,-0.0795184713375796,-21.32,3.406815286624203,0.5055753118890915,0.11645856254158211,-0.01249361386987788,0.3503184713375796,0.05301629774417233,0.075,top_10,,True,,
120,68,0.5666666666666667,120.0,-8.82,-0.0735,-9.6836,-0.08069666666666667,-13.61,1.8365,0.6700084697571393,0.0981271857462208,-0.005736352018349297,0.4083333333333333,0.05333791139816595,0.01,,3.0,True,Hard,
29,9,0.3103448275862069,29.0,-1.9799999999999993,-0.06827586206896549,-2.3404000000000003,-0.08070344827586208,-9.5,5.656896551724138,0.43599946808809004,0.10024094445505563,0.007855207812389004,0.41379310344827586,0.039262202309766785,0.01,top_10,,False,Grass,
101,55,0.5445544554455446,101.0,-7.379999999999999,-0.07306930693069306,-8.152399999999998,-0.0807168316831683,-14.549999999999999,1.8545544554455449,0.6853543068156174,0.1286767713458366,-0.0066784700590096936,0.36633663366336633,0.07064407239932625,0.05,top_10,3.0,True,,
236,108,0.4576271186440678,236.0,-16.879999999999995,-0.07152542372881354,-19.102400000000003,-0.08094237288135595,-25.18,3.0101694915254242,0.5581154511359068,0.09695883692477245,-0.008706934660174663,0.3898305084745763,0.04816999962217939,0.01,top_10,,True,,
30,18,0.6,30.0,-2.25,-0.075,-2.4450000000000003,-0.0815,-5.89,1.6756666666666666,0.7466608442366373,0.1293068609043778,-0.001631214445967688,0.3,0.0813763174679399,0.05,,3.0,False,Clay,
30,18,0.6,30.0,-2.25,-0.075,-2.4450000000000003,-0.0815,-5.89,1.6756666666666666,0.7466608442366373,0.1293068609043778,-0.001631214445967688,0.3,0.0813763174679399,0.05,top_10,3.0,False,Clay,
263,97,0.3688212927756654,263.0,-18.560000000000002,-0.0705703422053232,-21.508799999999994,-0.0817825095057034,-42.95000000000001,4.433536121673003,0.4639443654780477,0.09978200854931336,-0.0014011018128354995,0.42585551330798477,0.044546125452220205,0.05,,,False,,
121,49,0.4049586776859504,121.0,-8.719999999999999,-0.07206611570247932,-9.9856,-0.08252561983471074,-20.21,2.845206611570248,0.5313316064105051,0.1302215665876935,-0.013692737404644686,0.33884297520661155,0.05696223891629227,0.1,,5.0,True,,
278,129,0.46402877697841727,278.0,-20.65,-0.07428057553956834,-23.217000000000002,-0.08351438848920864,-30.039999999999992,2.5397841726618706,0.569024194281918,0.09731011069611374,-0.007084413950730232,0.39568345323741005,0.049658333935863726,0.02,,5.0,False,,
213,125,0.5868544600938967,213.0,-16.919999999999995,-0.07943661971830983,-18.3416,-0.08611079812206572,-19.33,1.7596713615023474,0.6978648235281228,0.09780374717985098,-0.004875823480623069,0.36619718309859156,0.05900622489379271,0.01,,3.0,False,,
170,71,0.4176470588235294,170.0,-12.98,-0.0763529411764706,-14.700400000000002,-0.0864729411764706,-22.67,2.728176470588235,0.5405841820428816,0.11213423694595097,-0.011046698120233836,0.3764705882352941,0.05201511475870556,0.05,,5.0,True,,
173,74,0.4277456647398844,173.0,-13.77,-0.07959537572254335,-15.474600000000002,-0.08944855491329481,-24.61,2.836705202312139,0.521592744692825,0.09271510800198689,-0.010979777042605327,0.4161849710982659,0.042035263112506556,0.02,,10.0,True,Hard,
102,55,0.5392156862745098,102.0,-8.379999999999997,-0.08215686274509801,-9.152399999999998,-0.08972941176470586,-15.549999999999999,1.8657843137254906,0.682147802699188,0.1278697861506345,-0.006344394271431434,0.37254901960784315,0.07004323916602333,0.05,,3.0,True,,
195,85,0.4358974358974359,195.0,-15.669999999999998,-0.08035897435897435,-17.556600000000003,-0.09003384615384617,-23.569999999999997,2.7612307692307696,0.5283080430116042,0.08668358092060446,-0.010306688627487985,0.40512820512820513,0.039818118796638866,0.01,,10.0,True,Hard,
163,62,0.3803680981595092,163.0,-13.029999999999998,-0.07993865030674845,-14.7894,-0.09073251533742331,-22.82,3.220552147239264,0.5008944173612361,0.1142411979879259,-0.013567007637414879,0.3558282208588957,0.051522546651276965,0.075,,10.0,True,,
143,59,0.4125874125874126,143.0,-11.529999999999998,-0.08062937062937062,-12.979400000000002,-0.09076503496503498,-18.819999999999997,2.7548951048951054,0.542116733283617,0.12218656580780068,-0.012981243406026416,0.34265734265734266,0.05669598385655046,0.075,,5.0,True,,
305,120,0.39344262295081966,305.0,-24.529999999999998,-0.08042622950819671,-27.73940000000001,-0.09094885245901643,-49.73000000000002,4.188688524590164,0.4834467703047438,0.09362134297462198,-0.0016694071597286324,0.42950819672131146,0.04358378801073659,0.03,,,False,,
191,74,0.387434554973822,191.0,-15.479999999999999,-0.08104712041884816,-17.510400000000004,-0.09167748691099478,-27.669999999999995,3.142879581151832,0.5037530209241662,0.1059381611216846,-0.01177561935689778,0.38219895287958117,0.047838058296592094,0.05,,10.0,True,,
118,46,0.3898305084745763,118.0,-9.78,-0.08288135593220339,-11.024400000000002,-0.09342711864406782,-19.319999999999997,3.36228813559322,0.49032042367624035,0.11039063216357445,-0.015231273441208336,0.3644067796610169,0.048809583996869105,0.075,,,True,Hard,
37,11,0.2972972972972973,37.0,-3.0299999999999994,-0.08189189189189187,-3.4894000000000003,-0.09430810810810812,-11.0,5.852162162162164,0.3904527532628995,0.08298296452548634,0.012147255162655177,0.5135135135135135,0.03156304120575115,0.02,,,False,Grass,
144,82,0.5694444444444444,144.0,-12.739999999999998,-0.08847222222222222,-13.725199999999997,-0.09531388888888886,-18.45,1.7985416666666667,0.6933558608643203,0.10885004227511956,-0.005806340474047034,0.3958333333333333,0.06267369652848347,0.02,,3.0,True,,
228,94,0.41228070175438597,228.0,-20.119999999999997,-0.08824561403508771,-22.397599999999997,-0.09823508771929823,-30.68,3.2267105263157894,0.5122544777910351,0.09751600638084922,-0.010313771854746103,0.39473684210526316,0.045092171309230544,0.03,,,True,,
137,51,0.3722627737226277,137.0,-12.219999999999999,-0.08919708029197079,-13.695600000000002,-0.09996788321167885,-24.760000000000005,3.5652554744525546,0.4884478756278,0.12166598501758355,-0.01263553305181805,0.35766423357664234,0.052036404445779706,0.1,top_10,,True,,
50,31,0.62,50.0,-4.739999999999998,-0.09479999999999997,-5.0252,-0.100504,-11.049999999999997,1.6541999999999997,0.7371547152314125,0.10019683793457496,-0.004276927784830053,0.28,0.0684116601672997,0.01,,3.0,False,Clay,
224,100,0.44642857142857145,224.0,-21.589999999999996,-0.09638392857142855,-23.638199999999998,-0.10552767857142856,-30.980000000000004,2.577901785714286,0.5602629745447288,0.09805275395891809,-0.009579501233447491,0.39732142857142855,0.04801707427767561,0.02,,5.0,True,,
385,158,0.4103896103896104,385.0,-36.859999999999985,-0.0957402597402597,-40.662800000000004,-0.10561766233766234,-59.98000000000004,3.850311688311688,0.5010914009174624,0.08255473390419173,-0.0023538913523432803,0.4103896103896104,0.04021423936339604,0.01,,,False,,
138,51,0.3695652173913043,138.0,-13.22,-0.09579710144927536,-14.6956,-0.10648985507246378,-25.760000000000005,3.2990579710144927,0.4921204822162954,0.12201014776327027,-0.013763696154216265,0.36231884057971014,0.05195847609904542,0.1,,10.0,True,,
199,85,0.4271356783919598,199.0,-19.669999999999998,-0.09884422110552762,-21.5566,-0.10832462311557789,-26.569999999999997,2.9368844221105532,0.5197614919337954,0.08532804987248513,-0.010738766373825585,0.4020100502512563,0.03910433229856832,0.01,,,True,Hard,
255,114,0.4470588235294118,255.0,-25.709999999999994,-0.10082352941176469,-28.0158,-0.10986588235294117,-33.15999999999999,2.5301568627450983,0.5594967620508491,0.09086410370719768,-0.009438593754813082,0.3803921568627451,0.04426703844692916,0.01,,5.0,True,,
177,74,0.4180790960451977,177.0,-17.769999999999996,-0.10039548022598868,-19.4746,-0.11002598870056496,-27.61,3.0324858757062145,0.5121356685843006,0.09105478717203618,-0.011450348329953989,0.4124293785310734,0.04118265243239633,0.02,,,True,Hard,
27,7,0.25925925925925924,27.0,-2.64,-0.09777777777777778,-2.9872000000000005,-0.11063703703703706,-8.5,6.34037037037037,0.3681225463859394,0.10089347867957382,0.01629064092657461,0.48148148148148145,0.036413169777262125,0.05,,,False,Grass,
246,103,0.4186991869918699,246.0,-25.089999999999996,-0.10199186991869917,-27.4482,-0.1115780487804878,-35.92999999999999,2.9245934959349595,0.5284743430375821,0.09411286452536533,-0.010421978267690452,0.3983739837398374,0.044928026190070705,0.02,,10.0,True,,
169,94,0.5562130177514792,169.0,-18.11,-0.10715976331360946,-19.2478,-0.1138923076923077,-21.659999999999997,1.805621301775148,0.6822709040367079,0.09916069422188437,-0.00614029744371102,0.3727810650887574,0.05649440699561291,0.01,,3.0,True,,
342,136,0.39766081871345027,342.0,-36.65,-0.10716374269005847,-40.037,-0.1170672514619883,-56.01000000000004,4.027953216374269,0.492912719320767,0.08808350837084468,-0.002242516199770412,0.4239766081871345,0.04260381178387196,0.02,,,False,,
168,62,0.36904761904761907,168.0,-18.029999999999998,-0.10732142857142855,-19.7894,-0.11779404761904762,-27.57,3.4997023809523813,0.4890011691658208,0.11152162515456909,-0.01349660084678162,0.35714285714285715,0.05014721021574321,0.075,,,True,,
278,117,0.420863309352518,278.0,-30.209999999999997,-0.10866906474820143,-32.8258,-0.11807841726618705,-38.10999999999999,2.863992805755396,0.5298190465957854,0.08764128261388242,-0.009927161969929854,0.38489208633093525,0.04167223632483386,0.01,,10.0,True,,
197,74,0.3756345177664975,197.0,-21.479999999999997,-0.10903553299492384,-23.510399999999997,-0.11934213197969541,-32.67,3.4227918781725886,0.49147545005349413,0.10334416179067539,-0.01140324718865153,0.38578680203045684,0.04652496787867263,0.05,,,True,,
253,103,0.40711462450592883,253.0,-32.089999999999996,-0.12683794466403162,-34.4482,-0.1361588932806324,-41.929999999999986,3.1796442687747035,0.5166081345638301,0.09202597563510583,-0.010227872432470744,0.39920948616600793,0.043799646456073676,0.02,,,True,,
3,1,0.3333333333333333,3.0,-0.3799999999999999,-0.12666666666666662,-0.4123999999999999,-0.13746666666666663,-2.0,3.106666666666667,0.36328983972717444,0.035831624032794905,0.04049034846732217,1.0,0.0072043703018791,0.03,other,5.0,False,Grass,
15,5,0.3333333333333333,15.0,-1.9,-0.12666666666666665,-2.0620000000000003,-0.13746666666666668,-7.1,2.936,0.48490052146914714,0.09428452075383717,-0.010945086425836597,0.3333333333333333,0.03642921216304915,0.01,,5.0,True,Grass,
143,51,0.35664335664335667,143.0,-18.22,-0.1274125874125874,-19.6956,-0.13773146853146853,-30.760000000000005,3.6242657342657343,0.4784547757750012,0.11854348353333555,-0.013674103263234486,0.36363636363636365,0.05032745394234254,0.1,,,True,,
285,117,0.4105263157894737,285.0,-37.209999999999994,-0.1305614035087719,-39.8258,-0.139739649122807,-44.10999999999999,3.0918947368421055,0.5192521565299372,0.0859476622073727,-0.009767003856855251,0.38596491228070173,0.0407505186278353,0.01,,,True,,
33,9,0.2727272727272727,33.0,-4.47,-0.13545454545454544,-4.8606,-0.14729090909090908,-11.5,6.2266666666666675,0.3713376695318691,0.08799264892533777,0.010297337526703967,0.48484848484848486,0.0330386839955403,0.03,,,False,Grass,
12,4,0.3333333333333333,12.0,-1.65,-0.13749999999999998,-1.7770000000000001,-0.14808333333333334,-6.1,3.0241666666666664,0.5073467064694182,0.11060550555195577,-0.009546175191650788,0.3333333333333333,0.04506241859517051,0.02,,5.0,True,Grass,
10,4,0.4,10.0,-1.4,-0.13999999999999999,-1.492,-0.1492,-4.0,2.1710000000000003,0.5610493832186592,0.08232259235516201,-0.014271227486405025,0.3,0.03771239275184558,0.01,,3.0,True,Grass,
9,3,0.3333333333333333,9.0,-1.27,-0.1411111111111111,-1.3646000000000003,-0.15162222222222224,-5.1,3.117777777777778,0.51787760673408,0.13512434583796237,-0.024519034322364058,0.1111111111111111,0.05728644358166725,0.03,top_10,5.0,True,Grass,
9,3,0.3333333333333333,9.0,-1.27,-0.1411111111111111,-1.3646000000000003,-0.15162222222222224,-5.1,3.117777777777778,0.51787760673408,0.13512434583796237,-0.024519034322364058,0.1111111111111111,0.05728644358166725,0.05,,5.0,True,Grass,
9,3,0.3333333333333333,9.0,-1.27,-0.1411111111111111,-1.3646000000000003,-0.15162222222222224,-5.1,3.117777777777778,0.51787760673408,0.13512434583796237,-0.024519034322364058,0.1111111111111111,0.05728644358166725,0.05,top_10,5.0,True,Grass,
60,25,0.4166666666666667,60.0,-8.670000000000002,-0.14450000000000002,-9.1966,-0.15327666666666667,-18.529999999999998,3.0735000000000006,0.5589052217067702,0.09595096463671572,-0.008677081826484785,0.36666666666666664,0.053887558946113065,0.02,,10.0,True,Clay,
55,21,0.38181818181818183,55.0,-7.9300000000000015,-0.14418181818181822,-8.4514,-0.15366181818181818,-18.61,3.2543636363636366,0.523484781627577,0.09843521010046438,-0.009510509249880023,0.34545454545454546,0.04992238749927485,0.03,,10.0,True,Clay,
42,14,0.3333333333333333,42.0,-6.079999999999998,-0.14476190476190473,-6.5184,-0.1552,-13.66,3.5128571428571433,0.4902072089968434,0.1089138681095483,-0.00837925115448646,0.38095238095238093,0.05155673357765379,0.075,,10.0,True,Clay,
52,19,0.36538461538461536,52.0,-7.57,-0.14557692307692308,-8.0786,-0.1553576923076923,-13.66,3.585576923076923,0.48757639303868594,0.10294353899139887,-0.0076333698955879,0.38461538461538464,0.051370627223683324,0.075,,10.0,False,Clay,
12,3,0.25,12.0,-1.75,-0.14583333333333334,-1.895,-0.15791666666666668,-6.25,3.2000000000000006,0.3505977066789183,0.03636735360017045,-0.021176577995648937,0.08333333333333333,0.005602719294401163,0.01,other,5.0,False,Clay,
48,18,0.375,48.0,-7.319999999999999,-0.1525,-7.773600000000001,-0.16195,-13.19,3.467708333333334,0.5072614036703426,0.10779850366392267,-0.004680734782955431,0.3958333333333333,0.0547979943825271,0.075,top_10,10.0,False,Clay,
38,13,0.34210526315789475,38.0,-5.83,-0.15342105263157896,-6.2134,-0.16351052631578947,-11.659999999999998,3.356315789473684,0.5153494135797947,0.11567491076096251,-0.0047281206184137175,0.39473684210526316,0.055905629605032287,0.075,top_10,10.0,True,Clay,
15,8,0.5333333333333333,15.0,-2.4000000000000004,-0.16000000000000003,-2.492,-0.16613333333333333,-3.23,1.842,0.7185428865338801,0.15953515525561002,-0.0004262948467785114,0.3333333333333333,0.08555004313101276,0.1,,3.0,True,Clay,
15,8,0.5333333333333333,15.0,-2.4000000000000004,-0.16000000000000003,-2.492,-0.16613333333333333,-3.23,1.842,0.7185428865338801,0.15953515525561002,-0.0004262948467785114,0.3333333333333333,0.08555004313101276,0.1,top_10,3.0,True,Clay,
7,3,0.42857142857142855,7.0,-1.15,-0.16428571428571428,-1.2069999999999999,-0.1724285714285714,-3.0,1.9942857142857144,0.6321637839689146,0.10517488269536177,-0.013298582968044394,0.2857142857142857,0.05306210974496637,0.02,,3.0,True,Grass,
43,14,0.32558139534883723,43.0,-7.08,-0.16465116279069766,-7.5184,-0.17484651162790696,-14.659999999999998,3.826511627906977,0.4809916432623569,0.10724922254488481,-0.006528488832976367,0.3953488372093023,0.05057465256459668,0.075,,,True,Clay,
67,30,0.44776119402985076,67.0,-11.259999999999998,-0.1680597014925373,-11.7748,-0.17574328358208957,-17.579999999999995,3.0100000000000002,0.5732868984914284,0.09642378071190276,-0.004237713284236223,0.40298507462686567,0.05590527109888192,0.02,top_10,10.0,False,Clay,
18,8,0.4444444444444444,18.0,-3.04,-0.1688888888888889,-3.1791999999999994,-0.17662222222222218,-4.68,1.9922222222222221,0.6163878581330169,0.08955544196694161,-0.004250786312521373,0.4444444444444444,0.04141238034402829,0.01,,3.0,False,Grass,
7,2,0.2857142857142857,7.0,-1.17,-0.16714285714285712,-1.2466,-0.17808571428571426,-5.0,3.8085714285714287,0.515963680825742,0.1568316944622538,-0.027059093768392044,0.0,0.07007004919094958,0.075,,10.0,True,Grass,
7,2,0.2857142857142857,7.0,-1.17,-0.16714285714285712,-1.2466,-0.17808571428571426,-5.0,3.8085714285714287,0.515963680825742,0.1568316944622538,-0.027059093768392044,0.0,0.07007004919094958,0.075,,,True,Grass,
7,2,0.2857142857142857,7.0,-1.17,-0.16714285714285712,-1.2466,-0.17808571428571426,-5.0,3.8085714285714287,0.515963680825742,0.1568316944622538,-0.027059093768392044,0.0,0.07007004919094958,0.075,top_10,10.0,True,Grass,
7,2,0.2857142857142857,7.0,-1.17,-0.16714285714285712,-1.2466,-0.17808571428571426,-5.0,3.8085714285714287,0.515963680825742,0.1568316944622538,-0.027059093768392044,0.0,0.07007004919094958,0.075,top_10,,True,Grass,
7,2,0.2857142857142857,7.0,-1.17,-0.16714285714285712,-1.2466,-0.17808571428571426,-5.0,3.8085714285714287,0.515963680825742,0.1568316944622538,-0.027059093768392044,0.0,0.07007004919094958,0.1,,10.0,True,Grass,
7,2,0.2857142857142857,7.0,-1.17,-0.16714285714285712,-1.2466,-0.17808571428571426,-5.0,3.8085714285714287,0.515963680825742,0.1568316944622538,-0.027059093768392044,0.0,0.07007004919094958,0.1,,,True,Grass,
7,2,0.2857142857142857,7.0,-1.17,-0.16714285714285712,-1.2466,-0.17808571428571426,-5.0,3.8085714285714287,0.515963680825742,0.1568316944622538,-0.027059093768392044,0.0,0.07007004919094958,0.1,top_10,10.0,True,Grass,
7,2,0.2857142857142857,7.0,-1.17,-0.16714285714285712,-1.2466,-0.17808571428571426,-5.0,3.8085714285714287,0.515963680825742,0.1568316944622538,-0.027059093768392044,0.0,0.07007004919094958,0.1,top_10,,True,Grass,
53,25,0.4716981132075472,53.0,-9.12,-0.17207547169811319,-9.497599999999997,-0.17919999999999994,-12.579999999999998,2.40754716981132,0.6034502097540146,0.10437222436868143,-0.008337677570314693,0.32075471698113206,0.05860151155643153,0.03,,5.0,False,Clay,
67,27,0.40298507462686567,67.0,-11.639999999999997,-0.17373134328358206,-12.207200000000002,-0.18219701492537316,-22.250000000000004,3.0702985074626867,0.5499917756564332,0.08983557360842032,-0.008308122914933736,0.34328358208955223,0.04877192516609802,0.01,,10.0,True,Clay,
61,30,0.4918032786885246,61.0,-10.76,-0.1763934426229508,-11.164799999999998,-0.18302950819672129,-14.829999999999995,2.3052459016393443,0.6222460944177043,0.09784814636751339,-0.00744030110466617,0.32786885245901637,0.05910268518592793,0.02,,5.0,False,Clay,
57,21,0.3684210526315789,57.0,-9.93,-0.17421052631578948,-10.4514,-0.1833578947368421,-20.610000000000003,3.6314035087719296,0.5084742306311727,0.09581691243754674,-0.006897617222967412,0.3684210526315789,0.04836582259366695,0.03,,,True,Clay,
33,20,0.6060606060606061,33.0,-5.919999999999999,-0.17939393939393936,-6.061599999999999,-0.18368484848484848,-6.07,1.538181818181818,0.7905871349703427,0.11829472399153969,-0.0031978081155537457,0.3333333333333333,0.0829010038599166,0.02,,3.0,True,Clay,
33,20,0.6060606060606061,33.0,-5.919999999999999,-0.17939393939393936,-6.061599999999999,-0.18368484848484848,-6.07,1.538181818181818,0.7905871349703427,0.11829472399153969,-0.0031978081155537457,0.3333333333333333,0.0829010038599166,0.02,top_10,3.0,True,Clay,
72,33,0.4583333333333333,72.0,-12.74,-0.17694444444444446,-13.265199999999997,-0.18423888888888884,-19.299999999999997,2.9966666666666666,0.580454240173183,0.09287067374975114,-0.003696058293987904,0.4027777777777778,0.05434381267358557,0.01,top_10,10.0,False,Clay,
69,27,0.391304347826087,69.0,-12.120000000000001,-0.1756521739130435,-12.7176,-0.18431304347826086,-19.579999999999995,3.363768115942029,0.5099431178214898,0.09203249272709572,-0.00615326447834091,0.391304347826087,0.0479596048403825,0.03,,10.0,False,Clay,
39,13,0.3333333333333333,39.0,-6.830000000000002,-0.17512820512820518,-7.2134,-0.18495897435897435,-12.659999999999998,3.7061538461538466,0.5045439897037467,0.11366617224988698,-0.002781155252032659,0.41025641025641024,0.05471131217967757,0.075,top_10,,True,Clay,
77,32,0.4155844155844156,77.0,-13.760000000000002,-0.17870129870129872,-14.3848,-0.1868155844155844,-21.829999999999995,3.1833766233766236,0.5345483866519479,0.08814611733828319,-0.00566930785926598,0.38961038961038963,0.04946229114074189,0.02,,10.0,False,Clay,
69,34,0.4927536231884058,69.0,-12.49,-0.1810144927536232,-12.9402,-0.18753913043478262,-18.549999999999997,2.248695652173913,0.6230372414842266,0.09186871470658065,-0.008255767485955372,0.30434782608695654,0.05483917858860237,0.01,,5.0,False,Clay,
28,16,0.5714285714285714,28.0,-5.18,-0.185,-5.3164,-0.18987142857142855,-5.36,1.6192857142857142,0.7623830407547079,0.12716444889440742,-0.0038564559631281336,0.2857142857142857,0.08029324653823501,0.03,,3.0,True,Clay,
28,16,0.5714285714285714,28.0,-5.18,-0.185,-5.3164,-0.18987142857142855,-5.36,1.6192857142857142,0.7623830407547079,0.12716444889440742,-0.0038564559631281336,0.2857142857142857,0.08029324653823501,0.03,top_10,3.0,True,Clay,
16,5,0.3125,16.0,-2.9,-0.18125,-3.0620000000000003,-0.19137500000000002,-8.1,3.2525,0.46376109983652913,0.09012467846108022,-0.01208140687373637,0.3125,0.034539346676916785,0.01,,10.0,True,Grass,
16,5,0.3125,16.0,-2.9,-0.18125,-3.0620000000000003,-0.19137500000000002,-8.1,3.2525,0.46376109983652913,0.09012467846108022,-0.01208140687373637,0.3125,0.034539346676916785,0.01,,,True,Grass,
63,25,0.3968253968253968,63.0,-11.669999999999998,-0.1852380952380952,-12.196599999999998,-0.19359682539682538,-20.529999999999998,3.546190476190476,0.536809753210278,0.09223621262759014,-0.006623170716209525,0.38095238095238093,0.051508582306754154,0.02,,,True,Clay,
57,31,0.543859649122807,57.0,-10.739999999999998,-0.18842105263157893,-11.0452,-0.1937754385964912,-13.299999999999999,2.048421052631579,0.6803929330221863,0.10355321178161436,-0.005535596852335675,0.3508771929824561,0.06520474896632894,0.01,top_10,5.0,False,Clay,
35,21,0.6,35.0,-6.639999999999999,-0.18971428571428567,-6.7871999999999995,-0.19391999999999998,-6.789999999999999,1.5317142857142858,0.7865702636667516,0.11456507404192887,-0.003946409322704692,0.3142857142857143,0.07880074913664294,0.01,top_10,3.0,True,Clay,
19,10,0.5263157894736842,19.0,-3.58,-0.18842105263157896,-3.6884,-0.1941263157894737,-3.58,1.7442105263157894,0.7388765698355702,0.14776670530068634,-0.0024519474141547056,0.2631578947368421,0.08849489957548046,0.075,,3.0,True,Clay,
19,10,0.5263157894736842,19.0,-3.58,-0.18842105263157896,-3.6884,-0.1941263157894737,-3.58,1.7442105263157894,0.7388765698355702,0.14776670530068634,-0.0024519474141547056,0.2631578947368421,0.08849489957548046,0.075,top_10,3.0,True,Clay,
54,23,0.42592592592592593,54.0,-10.17,-0.18833333333333332,-10.5866,-0.19604814814814817,-15.529999999999998,2.8918518518518517,0.5929015418903587,0.10242808379352117,-0.005583392410496686,0.3888888888888889,0.05897341393186994,0.02,top_10,10.0,True,Clay,
61,25,0.4098360655737705,61.0,-11.620000000000001,-0.19049180327868853,-12.1076,-0.19848524590163935,-16.839999999999996,3.1827868852459016,0.5439565443772523,0.09969362436231088,-0.004694752281936739,0.39344262295081966,0.05333348922150153,0.03,top_10,10.0,False,Clay,
53,28,0.5283018867924528,53.0,-10.26,-0.19358490566037737,-10.554799999999998,-0.19914716981132072,-12.579999999999998,2.1069811320754717,0.670040615663339,0.10721170196507748,-0.005061336906856255,0.3584905660377358,0.06697898928276409,0.02,top_10,5.0,False,Clay,
12,5,0.4166666666666667,12.0,-2.3,-0.19166666666666665,-2.3939999999999997,-0.19949999999999998,-4.08,2.026666666666667,0.6219180954581385,0.112212858306309,-0.0023232400889016958,0.5,0.05459663113526427,0.03,,3.0,False,Grass,
86,36,0.4186046511627907,86.0,-16.49,-0.1917441860465116,-17.1602,-0.19953720930232557,-26.549999999999997,3.123953488372093,0.5384304908903195,0.08329578786354926,-0.005665552754805988,0.37209302325581395,0.046366895742882615,0.01,,10.0,False,Clay,
49,19,0.3877551020408163,49.0,-9.43,-0.19244897959183674,-9.8414,-0.20084489795918367,-15.61,3.076326530612245,0.5566129173304057,0.10587745310556614,-0.00620318957798235,0.3673469387755102,0.0550416760819247,0.03,top_10,10.0,True,Clay,
39,17,0.4358974358974359,39.0,-7.5699999999999985,-0.19410256410256407,-7.8586,-0.2015025641025641,-9.629999999999999,2.55,0.5818625046222348,0.11762038390590324,-0.011420636019704115,0.28205128205128205,0.06347027001978783,0.075,,5.0,False,Clay,
39,22,0.5641025641025641,39.0,-7.889999999999999,-0.20230769230769227,-8.0722,-0.2069794871794872,-9.789999999999997,1.616923076923077,0.751083912286162,0.10665818231795754,-0.005298352587722989,0.28205128205128205,0.07102260222974897,0.01,,3.0,True,Clay,
60,14,0.23333333333333334,60.0,-12.1,-0.20166666666666666,-12.778000000000002,-0.2129666666666667,-18.13,3.300333333333333,0.34131511051832164,0.03249363490908407,-0.007927606936955829,0.38333333333333336,0.00510334123999141,0.01,other,5.0,False,,
13,4,0.3076923076923077,13.0,-2.6499999999999995,-0.20384615384615382,-2.777,-0.21361538461538462,-7.1,3.4069230769230767,0.47960232715232903,0.10423023928409197,-0.011052331991695573,0.3076923076923077,0.04207233750207518,0.02,,10.0,True,Grass,
13,4,0.3076923076923077,13.0,-2.6499999999999995,-0.20384615384615382,-2.777,-0.21361538461538462,-7.1,3.4069230769230767,0.47960232715232903,0.10423023928409197,-0.011052331991695573,0.3076923076923077,0.04207233750207518,0.02,,,True,Grass,
56,21,0.375,56.0,-11.5,-0.20535714285714285,-11.969999999999999,-0.21374999999999997,-16.369999999999997,3.2816071428571427,0.5275335942498156,0.10252337761973872,-0.003614771746571821,0.4107142857142857,0.05268039981104613,0.05,top_10,10.0,False,Clay,
57,24,0.42105263157894735,57.0,-11.89,-0.2085964912280702,-12.3122,-0.21600350877192984,-16.6,2.9475438596491226,0.5889386943478977,0.09900264139436012,-0.004719492828978277,0.38596491228070173,0.05626621990359741,0.01,top_10,10.0,True,Clay,
70,27,0.38571428571428573,70.0,-14.64,-0.20914285714285716,-15.207199999999995,-0.2172457142857142,-24.250000000000004,3.495857142857143,0.5304878588403189,0.08675438498713424,-0.00647541544046676,0.35714285714285715,0.04685008763838992,0.01,,,True,Clay,
61,22,0.36065573770491804,61.0,-12.75,-0.20901639344262296,-13.274999999999997,-0.2176229508196721,-18.139999999999997,3.4142622950819668,0.5046106793292141,0.09743383248946734,-0.006568216537225542,0.39344262295081966,0.04909572692306867,0.05,,10.0,False,Clay,
44,15,0.3409090909090909,44.0,-9.31,-0.2115909090909091,-9.7038,-0.22054090909090907,-15.14,3.1900000000000004,0.5371492050037993,0.11018166506311694,-0.005000082225704911,0.38636363636363635,0.054404583520938625,0.05,top_10,10.0,True,Clay,
49,23,0.46938775510204084,49.0,-10.67,-0.21775510204081633,-10.976599999999998,-0.22401224489795912,-13.319999999999995,2.3144897959183672,0.6369856398418727,0.10411402995005042,-0.01228779960979493,0.30612244897959184,0.06258997159651597,0.02,,5.0,True,Clay,
49,16,0.32653061224489793,49.0,-10.559999999999999,-0.21551020408163263,-11.008799999999999,-0.22466938775510203,-18.139999999999997,3.3644897959183675,0.5076313302297867,0.10306424281488336,-0.008535461405994942,0.3673469387755102,0.049766094445100106,0.05,,10.0,True,Clay,
47,23,0.48936170212765956,47.0,-10.620000000000001,-0.22595744680851065,-10.887599999999999,-0.2316510638297872,-11.839999999999998,2.2159574468085106,0.644325098686035,0.11283272303303374,-0.005759658621653099,0.3404255319148936,0.06505481086963834,0.03,top_10,5.0,False,Clay,
51,19,0.37254901960784315,51.0,-11.43,-0.22411764705882353,-11.841399999999998,-0.23218431372549017,-17.61,3.5047058823529413,0.5385372765813724,0.10265926775661496,-0.0034125972997426737,0.39215686274509803,0.05310122947829823,0.03,top_10,,True,Clay,
44,19,0.4318181818181818,44.0,-9.93,-0.22568181818181818,-10.231399999999999,-0.23253181818181815,-12.579999999999998,2.4543181818181816,0.601582864530961,0.10814695783806977,-0.013739892728051494,0.2727272727272727,0.058622417816423085,0.03,,5.0,True,Clay,
14,6,0.42857142857142855,14.0,-3.1900000000000004,-0.2278571428571429,-3.2861999999999996,-0.2347285714285714,-4.08,1.9078571428571431,0.6559672678684916,0.10576586005055802,-0.0009148180353851232,0.5,0.05210020564546365,0.02,,3.0,False,Grass,
29,12,0.41379310344827586,29.0,-6.64,-0.2289655172413793,-6.8472,-0.2361103448275862,-8.01,2.5841379310344825,0.5722190776704165,0.1302710673668321,-0.0044437527558773265,0.3793103448275862,0.06413972834295319,0.1,top_10,5.0,False,Clay,
55,25,0.45454545454545453,55.0,-12.64,-0.22981818181818184,-12.9872,-0.23613090909090909,-17.04,2.2856363636363635,0.6257307904980141,0.09740964884058194,-0.012785641163415901,0.2727272727272727,0.05638285396022264,0.01,,5.0,True,Clay,
10,3,0.3,10.0,-2.27,-0.227,-2.3646000000000003,-0.23646000000000003,-5.1,2.934,0.5458500060028992,0.12815031387421755,-0.01966713089012765,0.2,0.05342655344318874,0.01,top_10,5.0,True,Grass,
10,3,0.3,10.0,-2.27,-0.227,-2.3646000000000003,-0.23646000000000003,-5.1,2.934,0.5458500060028992,0.12815031387421755,-0.01966713089012765,0.2,0.05342655344318874,0.02,top_10,5.0,True,Grass,
10,3,0.3,10.0,-2.27,-0.227,-2.3646000000000003,-0.23646000000000003,-6.1,3.6060000000000003,0.48075682359539795,0.12438461566113876,-0.02497975224935095,0.1,0.05217693566199365,0.03,top_10,10.0,True,Grass,
10,3,0.3,10.0,-2.27,-0.227,-2.3646000000000003,-0.23646000000000003,-6.1,3.6060000000000003,0.48075682359539795,0.12438461566113876,-0.02497975224935095,0.1,0.05217693566199365,0.03,top_10,,True,Grass,
10,3,0.3,10.0,-2.27,-0.227,-2.3646000000000003,-0.23646000000000003,-6.1,3.6060000000000003,0.48075682359539795,0.12438461566113876,-0.02497975224935095,0.1,0.05217693566199365,0.05,,10.0,True,Grass,
10,3,0.3,10.0,-2.27,-0.227,-2.3646000000000003,-0.23646000000000003,-6.1,3.6060000000000003,0.48075682359539795,0.12438461566113876,-0.02497975224935095,0.1,0.05217693566199365,0.05,,,True,Grass,
10,3,0.3,10.0,-2.27,-0.227,-2.3646000000000003,-0.23646000000000003,-6.1,3.6060000000000003,0.48075682359539795,0.12438461566113876,-0.02497975224935095,0.1,0.05217693566199365,0.05,top_10,10.0,True,Grass,
10,3,0.3,10.0,-2.27,-0.227,-2.3646000000000003,-0.23646000000000003,-6.1,3.6060000000000003,0.48075682359539795,0.12438461566113876,-0.02497975224935095,0.1,0.05217693566199365,0.05,top_10,,True,Grass,
36,16,0.4444444444444444,36.0,-8.319999999999997,-0.23111111111111102,-8.553600000000001,-0.23760000000000003,-10.19,2.4291666666666667,0.6064767423974833,0.12320740270126963,-0.007552590981227246,0.3055555555555556,0.06778770529470392,0.075,top_10,5.0,False,Clay,
57,23,0.40350877192982454,57.0,-13.17,-0.23105263157894737,-13.5866,-0.23836140350877194,-17.879999999999992,3.423859649122807,0.5666909545950995,0.09798140424886628,-0.0034761058894549816,0.40350877192982454,0.056076342120696586,0.02,top_10,,True,Clay,
9,2,0.2222222222222222,9.0,-2.05,-0.22777777777777775,-2.149,-0.23877777777777778,-6.0,6.442222222222223,0.22087338348103647,0.019643189601676478,0.022643363511313068,0.7777777777777778,0.003358815991935976,0.02,other,,False,Grass,
58,19,0.3275862068965517,58.0,-13.57,-0.23396551724137932,-14.0786,-0.2427344827586207,-18.439999999999998,5.628448275862069,0.447367814518569,0.09769513808467892,0.010571573754475467,0.4482758620689655,0.04744418847587295,0.075,,,False,Clay,
46,15,0.32608695652173914,46.0,-11.31,-0.2458695652173913,-11.7038,-0.2544304347826087,-17.139999999999997,3.66,0.5179550690571146,0.10642653730851669,-0.0019584737151468975,0.41304347826086957,0.05228091848478695,0.05,top_10,,True,Clay,
54,18,0.3333333333333333,54.0,-13.320000000000004,-0.24666666666666673,-13.7736,-0.25506666666666666,-19.189999999999998,5.675,0.4618871885229959,0.10162189180049859,0.0145446526434868,0.46296296296296297,0.05019988974685923,0.075,top_10,,False,Clay,
51,16,0.3137254901960784,51.0,-12.559999999999999,-0.24627450980392154,-13.008799999999999,-0.25507450980392155,-20.14,3.7815686274509805,0.4914765360337187,0.09995637943811585,-0.005653407487441047,0.39215686274509803,0.04803253339585893,0.05,,,True,Clay,
60,24,0.4,60.0,-14.89,-0.24816666666666667,-15.312199999999999,-0.25520333333333334,-19.59999999999999,3.450166666666667,0.5642367787945245,0.09494956794689606,-0.002760765613064579,0.4,0.05364936138439635,0.01,top_10,,True,Clay,
39,13,0.3333333333333333,39.0,-9.640000000000002,-0.24717948717948723,-9.9672,-0.25556923076923077,-10.48,3.588205128205128,0.48186234896238006,0.11476570362944763,0.0004253027102961089,0.48717948717948717,0.052371825233959154,0.1,top_10,10.0,False,Clay,
47,20,0.425531914893617,47.0,-11.75,-0.25,-12.055,-0.25648936170212766,-13.109999999999996,2.463191489361702,0.5941595277114027,0.10967792754726223,-0.0092134170229313,0.3191489361702128,0.059469298818077956,0.05,,5.0,False,Clay,
24,12,0.5,24.0,-6.06,-0.2525,-6.1788,-0.25745,-6.06,1.6858333333333333,0.7456468021712158,0.13488258011083093,-0.0029509106837232366,0.2916666666666667,0.08112252620277018,0.05,,3.0,True,Clay,
24,12,0.5,24.0,-6.06,-0.2525,-6.1788,-0.25745,-6.06,1.6858333333333333,0.7456468021712158,0.13488258011083093,-0.0029509106837232366,0.2916666666666667,0.08112252620277018,0.05,top_10,3.0,True,Clay,
76,27,0.35526315789473684,76.0,-19.119999999999997,-0.251578947368421,-19.7176,-0.2594421052631579,-26.58,5.040789473684211,0.4720640290499253,0.08781301742255061,0.008476599495900478,0.4473684210526316,0.04462495230681831,0.03,,,False,Clay,
10,2,0.2,10.0,-2.5,-0.25,-2.61,-0.261,-5.25,4.345000000000001,0.27500035732742895,0.03268577273503214,-0.01526099151196535,0.3,0.006294325421203624,0.02,other,10.0,False,Clay,
10,2,0.2,10.0,-2.5,-0.25,-2.61,-0.261,-5.25,4.345000000000001,0.27500035732742895,0.03268577273503214,-0.01526099151196535,0.3,0.006294325421203624,0.02,other,,False,Clay,
5,1,0.2,5.0,-1.25,-0.25,-1.3050000000000002,-0.261,-3.0,4.9,0.24787403221847723,0.04043092703042801,-0.03964679819254722,0.2,0.008947390577721063,0.05,other,10.0,False,Clay,
5,1,0.2,5.0,-1.25,-0.25,-1.3050000000000002,-0.261,-3.0,4.9,0.24787403221847723,0.04043092703042801,-0.03964679819254722,0.2,0.008947390577721063,0.05,other,10.0,True,Clay,
5,1,0.2,5.0,-1.25,-0.25,-1.3050000000000002,-0.261,-3.0,4.9,0.24787403221847723,0.04043092703042801,-0.03964679819254722,0.2,0.008947390577721063,0.05,other,,False,Clay,
5,1,0.2,5.0,-1.25,-0.25,-1.3050000000000002,-0.261,-3.0,4.9,0.24787403221847723,0.04043092703042801,-0.03964679819254722,0.2,0.008947390577721063,0.05,other,,True,Clay,
85,32,0.3764705882352941,85.0,-21.759999999999998,-0.25599999999999995,-22.384800000000002,-0.2633505882352941,-29.82999999999999,4.78964705882353,0.49346293933756125,0.08372934617544307,0.007126016858401259,0.43529411764705883,0.04578290155704415,0.02,,,False,Clay,
75,30,0.4,75.0,-19.259999999999998,-0.2568,-19.774800000000003,-0.263664,-25.57999999999999,4.848933333333333,0.5225912836055789,0.09053515596749788,0.010110951307783474,0.4533333333333333,0.05104804504182289,0.02,top_10,,False,Clay,
80,33,0.4125,80.0,-20.739999999999995,-0.2592499999999999,-21.2652,-0.265815,-27.29999999999999,4.7219999999999995,0.5322103670495236,0.0877053987480867,0.00970164926200573,0.45,0.049946309087622355,0.01,top_10,,False,Clay,
94,36,0.3829787234042553,94.0,-24.489999999999995,-0.260531914893617,-25.1602,-0.26766170212765955,-34.55,4.581489361702127,0.5009483647665978,0.07971469304393715,0.005904368098024176,0.4148936170212766,0.04330322604680354,0.01,,,False,Clay,
6,2,0.3333333333333333,6.0,-1.5799999999999998,-0.2633333333333333,-1.6283999999999998,-0.2714,-2.2,2.561666666666667,0.42188551793378287,0.042857476858145734,0.004063315478368745,0.5,0.007964968971527348,0.03,other,3.0,True,,
43,19,0.4418604651162791,43.0,-11.5,-0.26744186046511625,-11.749999999999998,-0.27325581395348836,-12.37,2.3086046511627907,0.6240018081214187,0.11580733339928187,-0.005431280108359664,0.3488372093023256,0.0641001357364862,0.05,top_10,5.0,False,Clay,
14,3,0.21428571428571427,14.0,-3.75,-0.26785714285714285,-3.895,-0.2782142857142857,-8.25,3.778571428571429,0.3223083517213074,0.034053517591653946,-0.015794381410441847,0.21428571428571427,0.005342751527838857,0.01,other,10.0,False,Clay,
14,3,0.21428571428571427,14.0,-3.75,-0.26785714285714285,-3.895,-0.2782142857142857,-8.25,3.778571428571429,0.3223083517213074,0.034053517591653946,-0.015794381410441847,0.21428571428571427,0.005342751527838857,0.01,other,,False,Clay,
32,10,0.3125,32.0,-8.650000000000002,-0.27031250000000007,-8.917000000000002,-0.27865625000000005,-10.48,3.4853125,0.496907958843982,0.12263890257938437,3.7385235999044114e-05,0.46875,0.053626705410679,0.1,top_10,10.0,True,Clay,
5,2,0.4,5.0,-1.37,-0.274,-1.4025999999999998,-0.28052,-2.0,2.012,0.7131710919876131,0.19453767892945742,-0.005644921841077233,0.4,0.10034281627402937,0.075,,3.0,False,Grass,
5,2,0.4,5.0,-1.37,-0.274,-1.4025999999999998,-0.28052,-2.0,2.012,0.7131710919876131,0.19453767892945742,-0.005644921841077233,0.4,0.10034281627402937,0.075,top_10,3.0,False,Grass,
5,2,0.4,5.0,-1.37,-0.274,-1.4025999999999998,-0.28052,-2.0,2.012,0.7131710919876131,0.19453767892945742,-0.005644921841077233,0.4,0.10034281627402937,0.1,,3.0,False,Grass,
5,2,0.4,5.0,-1.37,-0.274,-1.4025999999999998,-0.28052,-2.0,2.012,0.7131710919876131,0.19453767892945742,-0.005644921841077233,0.4,0.10034281627402937,0.1,top_10,3.0,False,Grass,
68,25,0.36764705882352944,68.0,-18.62,-0.27382352941176474,-19.1076,-0.28099411764705884,-23.84,5.075735294117647,0.49811971007535166,0.09418909429478245,0.011506131198467913,0.45588235294117646,0.049053330644755776,0.03,top_10,,False,Clay,
31,12,0.3870967741935484,31.0,-8.64,-0.2787096774193549,-8.847199999999999,-0.28539354838709674,-9.01,2.683548387096774,0.5536480163537604,0.12544676546094782,-0.008834933872203136,0.3548387096774194,0.06086543698039161,0.1,,5.0,False,Clay,
10,4,0.4,10.0,-2.92,-0.292,-2.9816,-0.29816,-4.7,1.9330000000000005,0.6622416677832409,0.12685086592737735,-0.006413689388733335,0.4,0.0639502543278003,0.03,top_10,3.0,False,Grass,
68,22,0.3235294117647059,68.0,-19.75,-0.29044117647058826,-20.275,-0.29816176470588235,-24.11,5.283382352941177,0.46282415466461146,0.0921619280559081,0.009825523557694133,0.45588235294117646,0.04525180858292629,0.05,,,False,Clay,
33,10,0.30303030303030304,33.0,-9.649999999999999,-0.29242424242424236,-9.917000000000002,-0.30051515151515157,-11.48,3.894848484848485,0.4846967444067074,0.12005390882937325,0.0021939350370429383,0.48484848484848486,0.05228429767145231,0.1,top_10,,True,Clay,
63,21,0.3333333333333333,63.0,-18.5,-0.29365079365079366,-18.97,-0.3011111111111111,-23.369999999999994,5.313809523809523,0.47988368819208244,0.09626756305793033,0.01375189829977678,0.47619047619047616,0.04813311159921243,0.05,top_10,,False,Clay,
44,21,0.4772727272727273,44.0,-13.17,-0.2993181818181818,-13.3666,-0.30378636363636363,-13.24,2.117272727272727,0.6781958277227816,0.11142394297271832,-0.00867565675004809,0.3409090909090909,0.06873193565662099,0.02,top_10,5.0,True,Clay,
68,14,0.20588235294117646,68.0,-20.1,-0.29558823529411765,-20.778,-0.30555882352941177,-25.13,3.7649999999999997,0.3194068489778036,0.03092078263161524,-0.011356152784744403,0.38235294117647056,0.004912935819667431,0.01,other,10.0,False,,
11,3,0.2727272727272727,11.0,-3.27,-0.2972727272727273,-3.3646000000000003,-0.3058727272727273,-6.1,3.394545454545455,0.5095608941251139,0.1190209257101729,-0.020527047499409954,0.18181818181818182,0.049132445346983515,0.01,top_10,10.0,True,Grass,
11,3,0.2727272727272727,11.0,-3.27,-0.2972727272727273,-3.3646000000000003,-0.3058727272727273,-6.1,3.394545454545455,0.5095608941251139,0.1190209257101729,-0.020527047499409954,0.18181818181818182,0.049132445346983515,0.01,top_10,,True,Grass,
11,3,0.2727272727272727,11.0,-3.27,-0.2972727272727273,-3.3646000000000003,-0.3058727272727273,-6.1,3.394545454545455,0.5095608941251139,0.1190209257101729,-0.020527047499409954,0.18181818181818182,0.049132445346983515,0.02,top_10,10.0,True,Grass,
11,3,0.2727272727272727,11.0,-3.27,-0.2972727272727273,-3.3646000000000003,-0.3058727272727273,-6.1,3.394545454545455,0.5095608941251139,0.1190209257101729,-0.020527047499409954,0.18181818181818182,0.049132445346983515,0.02,top_10,,True,Grass,
46,22,0.4782608695652174,46.0,-13.89,-0.30195652173913046,-14.0922,-0.3063521739130435,-13.96,2.087173913043478,0.6800260911764651,0.10888489544665882,-0.009007077293119708,0.32608695652173914,0.06622822307166476,0.01,top_10,5.0,True,Clay,
42,13,0.30952380952380953,42.0,-12.64,-0.30095238095238097,-12.9672,-0.30874285714285715,-12.64,3.7188095238095236,0.46445992790320906,0.10985377604284864,-0.0030279940466842142,0.47619047619047616,0.04941103223044649,0.1,,10.0,False,Clay,
33,12,0.36363636363636365,33.0,-10.079999999999998,-0.3054545454545454,-10.298399999999999,-0.3120727272727272,-10.08,2.6527272727272724,0.5651324468671114,0.11994616590534413,-0.015039386651577618,0.2727272727272727,0.060753281018502706,0.075,,5.0,True,Clay,
8,3,0.375,8.0,-2.47,-0.30875,-2.5206,-0.315075,-3.7,2.0825000000000005,0.6285125769320925,0.14292440627599656,-0.0077226053573395265,0.375,0.06753567907799546,0.05,top_10,3.0,False,Grass,
4,1,0.25,4.0,-1.25,-0.3125,-1.2850000000000001,-0.32125000000000004,-3.0,2.3625,0.4405783377060034,0.03747287973320845,-0.017127856156633092,0.0,0.002963816794426938,0.01,other,3.0,True,Clay,
12,5,0.4166666666666667,12.0,-3.8100000000000005,-0.31750000000000006,-3.8737999999999997,-0.32281666666666664,-4.700000000000001,1.8100000000000003,0.6952451068744692,0.11688970002548982,-0.004088788776325393,0.4166666666666667,0.05947882072427691,0.01,top_10,3.0,False,Grass,
12,5,0.4166666666666667,12.0,-3.8100000000000005,-0.31750000000000006,-3.8737999999999997,-0.32281666666666664,-4.700000000000001,1.8100000000000003,0.6952451068744692,0.11688970002548982,-0.004088788776325393,0.4166666666666667,0.05947882072427691,0.02,top_10,3.0,False,Grass,
39,17,0.4358974358974359,39.0,-12.430000000000001,-0.31871794871794873,-12.6214,-0.323625641025641,-12.5,2.2497435897435896,0.6435375924849464,0.11691108123390268,-0.00985082041426744,0.3076923076923077,0.0650431524252476,0.03,top_10,5.0,True,Clay,
70,14,0.2,70.0,-22.1,-0.3157142857142857,-22.778,-0.32539999999999997,-26.73,3.9717142857142864,0.31304503907951664,0.03031180521577424,-0.009450370399941593,0.4,0.004818408030473628,0.01,other,,False,,
35,10,0.2857142857142857,35.0,-11.650000000000002,-0.3328571428571429,-11.917,-0.3404857142857143,-12.48,3.6508571428571424,0.4747354298688395,0.1160697438511853,-0.004073320803151881,0.45714285714285713,0.049966192648459244,0.1,,10.0,True,Clay,
25,9,0.36,25.0,-8.649999999999999,-0.3459999999999999,-8.797,-0.35188,-8.649999999999999,2.6212,0.5716142533691884,0.13442693908906428,-0.00752112989855843,0.36,0.06265283415911897,0.1,top_10,5.0,True,Clay,
39,14,0.358974358974359,39.0,-13.56,-0.3476923076923077,-13.788799999999998,-0.3535589743589743,-13.559999999999997,2.5476923076923077,0.583081647977056,0.1131091482125883,-0.0140130420773463,0.28205128205128205,0.058311894311828656,0.05,,5.0,True,Clay,
45,13,0.28888888888888886,45.0,-15.64,-0.34755555555555556,-15.967200000000002,-0.35482666666666673,-16.009999999999998,6.220888888888889,0.4307998314132923,0.1064248093979354,0.022814962622926583,0.5555555555555556,0.04717758889096677,0.1,top_10,,False,Clay,
36,10,0.2777777777777778,36.0,-12.650000000000002,-0.351388888888889,-12.917,-0.35880555555555554,-13.48,4.0216666666666665,0.464157720217314,0.11388264287834729,-0.001982297206663008,0.4722222222222222,0.048837333130896436,0.1,,,True,Clay,
5,2,0.4,5.0,-1.77,-0.354,-1.7946,-0.35892,-3.0,2.012,0.6467853113026593,0.1282598981446193,-0.028105516155262154,0.0,0.06958401219620905,0.03,top_10,3.0,True,Grass,
5,2,0.4,5.0,-1.77,-0.354,-1.7946,-0.35892,-3.0,2.012,0.6467853113026593,0.1282598981446193,-0.028105516155262154,0.0,0.06958401219620905,0.05,,3.0,True,Grass,
5,2,0.4,5.0,-1.77,-0.354,-1.7946,-0.35892,-3.0,2.012,0.6467853113026593,0.1282598981446193,-0.028105516155262154,0.0,0.06958401219620905,0.05,top_10,3.0,True,Grass,
30,11,0.36666666666666664,30.0,-10.83,-0.361,-10.9934,-0.36644666666666664,-10.83,2.518,0.5929965264218973,0.12688316665972793,-0.010759607668592725,0.3,0.0656625044482735,0.075,top_10,5.0,True,Clay,
35,13,0.37142857142857144,35.0,-13.310000000000002,-0.38028571428571434,-13.4838,-0.3852514285714286,-13.31,2.3674285714285714,0.6184789776540076,0.12103170062110684,-0.009914945302805716,0.3142857142857143,0.0638689334394446,0.05,top_10,5.0,True,Clay,
46,9,0.1956521739130435,46.0,-17.33,-0.3767391304347826,-17.7234,-0.3852913043478261,-17.33,3.2454347826086956,0.3429141682239321,0.03314791347262449,-0.012604421860537755,0.3695652173913043,0.004920369717129892,0.01,other,5.0,True,,
9,3,0.3333333333333333,9.0,-3.47,-0.3855555555555556,-3.5206,-0.3911777777777778,-4.7,2.114444444444444,0.6083425279194622,0.13243335874066509,-0.005440036670911468,0.4444444444444444,0.06123503310358829,0.05,,3.0,False,Grass,
48,13,0.2708333333333333,48.0,-18.64,-0.38833333333333336,-18.9672,-0.39514999999999995,-18.639999999999997,6.1706249999999985,0.41876412033333565,0.10264817864913078,0.018393974216029393,0.5416666666666666,0.04491153478433021,0.1,,,False,Clay,
27,9,0.3333333333333333,27.0,-10.65,-0.39444444444444443,-10.796999999999999,-0.39988888888888885,-10.65,2.7325925925925922,0.5503367255094147,0.12858008343992064,-0.012334902503030203,0.3333333333333333,0.05900360290461008,0.1,,5.0,True,Clay,
38,6,0.15789473684210525,38.0,-15.45,-0.40657894736842104,-15.781000000000002,-0.4152894736842106,-18.45,3.3813157894736845,0.330105875262851,0.03225716491408843,-0.008765771381999764,0.42105263157894735,0.005173235511776374,0.01,other,5.0,False,Hard,
42,7,0.16666666666666666,42.0,-17.25,-0.4107142857142857,-17.605,-0.4191666666666667,-17.249999999999996,3.496666666666667,0.3169424826045156,0.033802440779496054,-0.005954271631934183,0.4523809523809524,0.0061146046410305,0.02,other,5.0,False,,
28,5,0.17857142857142858,28.0,-11.58,-0.4135714285714286,-11.808399999999999,-0.4217285714285714,-12.0,3.501785714285714,0.3238481280496118,0.038504073148044125,-0.005328970232623762,0.4642857142857143,0.00784098886446695,0.03,other,5.0,False,,
49,9,0.1836734693877551,49.0,-20.33,-0.41489795918367345,-20.7234,-0.42292653061224494,-20.33,3.485510204081633,0.33207383965220616,0.032914249282753605,-0.01487264325311278,0.3673469387755102,0.005015875471402515,0.01,other,10.0,True,,
49,9,0.1836734693877551,49.0,-20.33,-0.41489795918367345,-20.7234,-0.42292653061224494,-20.33,3.485510204081633,0.33207383965220616,0.032914249282753605,-0.01487264325311278,0.3673469387755102,0.005015875471402515,0.01,other,,True,,
21,4,0.19047619047619047,21.0,-9.08,-0.43238095238095237,-9.238399999999999,-0.43992380952380944,-10.0,3.5180952380952384,0.32205708346288847,0.03897097382304365,-0.012407729503222584,0.42857142857142855,0.007744390531516297,0.03,other,5.0,True,,
8,2,0.25,8.0,-3.58,-0.4475,-3.6284,-0.45355,-4.2,2.51375,0.4294300879502946,0.0455397678034652,0.007344016228582065,0.625,0.009230624596327818,0.03,other,3.0,False,,
6,2,0.3333333333333333,6.0,-2.77,-0.46166666666666667,-2.7946,-0.46576666666666666,-3.0,1.89,0.6719213593225947,0.11778058615393516,-0.01942126346271846,0.16666666666666666,0.061101267196321224,0.01,top_10,3.0,True,Grass,
6,2,0.3333333333333333,6.0,-2.77,-0.46166666666666667,-2.7946,-0.46576666666666666,-3.0,1.89,0.6719213593225947,0.11778058615393516,-0.01942126346271846,0.16666666666666666,0.061101267196321224,0.02,top_10,3.0,True,Grass,
42,6,0.14285714285714285,42.0,-19.45,-0.46309523809523806,-19.781000000000002,-0.47097619047619055,-21.45,3.666428571428572,0.31540995618739287,0.031447386470748656,-0.01285049458643865,0.40476190476190477,0.005114322896407094,0.01,other,10.0,False,Hard,
42,6,0.14285714285714285,42.0,-19.45,-0.46309523809523806,-19.781000000000002,-0.47097619047619055,-21.45,3.666428571428572,0.31540995618739287,0.031447386470748656,-0.01285049458643865,0.40476190476190477,0.005114322896407094,0.01,other,,False,Hard,
5,1,0.2,5.0,-2.38,-0.476,-2.4124,-0.48247999999999996,-4.0,5.464,0.2644578549478843,0.02502620567719669,-0.00029341276609442526,0.6,0.004741554037002457,0.03,other,10.0,False,Grass,
31,5,0.16129032258064516,31.0,-15.079999999999998,-0.48645161290322575,-15.298399999999999,-0.49349677419354837,-15.079999999999998,3.500967741935484,0.31579592305170706,0.03450346992648676,-0.012129691606526893,0.45161290322580644,0.006113287025682851,0.02,other,5.0,True,,
20,4,0.2,20.0,-10.08,-0.504,-10.1984,-0.5099199999999999,-10.08,2.496,0.42419505056904294,0.036512130869968816,-0.009815086034523518,0.3,0.004473878756302944,0.01,other,3.0,True,,
24,4,0.16666666666666666,24.0,-12.079999999999998,-0.5033333333333333,-12.238400000000002,-0.5099333333333335,-12.079999999999998,3.9741666666666666,0.30253188155741156,0.03776602689158819,-0.01706326805772766,0.4166666666666667,0.007586378844691269,0.03,other,10.0,True,,
24,4,0.16666666666666666,24.0,-12.079999999999998,-0.5033333333333333,-12.238400000000002,-0.5099333333333335,-12.079999999999998,3.9741666666666666,0.30253188155741156,0.03776602689158819,-0.01706326805772766,0.4166666666666667,0.007586378844691269,0.03,other,,True,,
50,7,0.14,50.0,-25.25,-0.505,-25.604999999999997,-0.5120999999999999,-25.249999999999996,4.0972,0.29104686737561997,0.03145395274287252,-0.010932827633730104,0.44,0.005693851125223634,0.02,other,10.0,False,,
9,2,0.2222222222222222,9.0,-4.58,-0.508888888888889,-4.6284,-0.5142666666666666,-4.58,2.6655555555555552,0.4007786226427824,0.03936737148515328,-0.003745478305985422,0.4444444444444444,0.006482962987738715,0.02,other,3.0,True,,
52,7,0.1346153846153846,52.0,-27.25,-0.5240384615384616,-27.605000000000004,-0.5308653846153847,-27.249999999999996,4.362692307692307,0.2835736610357023,0.030613668909576657,-0.008383633083073029,0.46153846153846156,0.005536566974172121,0.02,other,,False,,
8,1,0.125,8.0,-4.25,-0.53125,-4.305,-0.538125,-5.0,3.9475,0.2849132560766645,0.04545556397812736,-0.019621931358836914,0.5,0.010216459912381778,0.075,other,5.0,True,,
34,5,0.14705882352941177,34.0,-18.08,-0.5317647058823529,-18.2984,-0.5381882352941176,-18.08,3.824411764705882,0.3025658829194158,0.03404711067162616,-0.015440486871180093,0.4411764705882353,0.006145670261968136,0.02,other,10.0,True,,
34,5,0.14705882352941177,34.0,-18.08,-0.5317647058823529,-18.2984,-0.5381882352941176,-18.08,3.824411764705882,0.3025658829194158,0.03404711067162616,-0.015440486871180093,0.4411764705882353,0.006145670261968136,0.02,other,,True,,
6,1,0.16666666666666666,6.0,-3.25,-0.5416666666666666,-3.285,-0.5475,-5.0,2.4916666666666667,0.4179318335713151,0.0346363890357525,-0.013820996656467355,0.0,0.003154771652490856,0.01,other,3.0,False,Clay,
36,5,0.1388888888888889,36.0,-19.58,-0.5438888888888889,-19.808400000000002,-0.5502333333333334,-19.58,4.334722222222222,0.28634740791056873,0.03419747701527854,-0.012382587212742636,0.4444444444444444,0.0068729680428604245,0.03,other,10.0,False,,
25,5,0.2,25.0,-13.68,-0.5472,-13.8064,-0.552256,-13.68,2.4624,0.4343759443926251,0.03758467535891815,-0.007617141843462063,0.32,0.005317477146283263,0.01,other,3.0,False,,
3,1,0.3333333333333333,3.0,-1.67,-0.5566666666666666,-1.6765999999999999,-0.5588666666666666,-2.0,1.8866666666666667,0.7502600855892544,0.1732132258213499,-0.02470249911924083,0.0,0.10686745065219493,0.075,,3.0,True,Grass,
3,1,0.3333333333333333,3.0,-1.67,-0.5566666666666666,-1.6765999999999999,-0.5588666666666666,-2.0,1.8866666666666667,0.7502600855892544,0.1732132258213499,-0.02470249911924083,0.0,0.10686745065219493,0.075,top_10,3.0,True,Grass,
3,1,0.3333333333333333,3.0,-1.67,-0.5566666666666666,-1.6765999999999999,-0.5588666666666666,-2.0,1.8866666666666667,0.7502600855892544,0.1732132258213499,-0.02470249911924083,0.0,0.10686745065219493,0.1,,3.0,True,Grass,
3,1,0.3333333333333333,3.0,-1.67,-0.5566666666666666,-1.6765999999999999,-0.5588666666666666,-2.0,1.8866666666666667,0.7502600855892544,0.1732132258213499,-0.02470249911924083,0.0,0.10686745065219493,0.1,top_10,3.0,True,Grass,
19,2,0.10526315789473684,19.0,-10.75,-0.5657894736842105,-10.875,-0.5723684210526315,-12.25,3.738421052631579,0.3017398703238199,0.04023034251763838,-0.009045028859948534,0.47368421052631576,0.008651776061885,0.05,other,5.0,False,,
38,5,0.13157894736842105,38.0,-21.58,-0.5678947368421052,-21.8084,-0.5739052631578947,-21.58,4.685526315789473,0.2763682549962104,0.03290321891327336,-0.008817912586632294,0.47368421052631576,0.0065956783141774685,0.03,other,,False,,
32,4,0.125,32.0,-18.95,-0.5921875,-19.131,-0.59784375,-18.95,3.2778125,0.3382828341568524,0.03260043285905142,-0.01010667842481551,0.4375,0.0049876766393268275,0.01,other,5.0,True,Hard,
34,4,0.11764705882352941,34.0,-20.95,-0.6161764705882353,-21.131,-0.6215,-20.95,3.4820588235294117,0.32872549969997134,0.03247649029423267,-0.01393004081963104,0.4117647058823529,0.005090023484157611,0.01,other,10.0,True,Hard,
34,4,0.11764705882352941,34.0,-20.95,-0.6161764705882353,-21.131,-0.6215,-20.95,3.4820588235294117,0.32872549969997134,0.03247649029423267,-0.01393004081963104,0.4117647058823529,0.005090023484157611,0.01,other,,True,Hard,
7,1,0.14285714285714285,7.0,-4.38,-0.6257142857142857,-4.4124,-0.6303428571428571,-6.0,7.045714285714285,0.21653946854499198,0.020620596362906245,0.015603628219462231,0.7142857142857143,0.003845242368682981,0.03,other,,False,Grass,
5,1,0.2,5.0,-3.2,-0.64,-3.216,-0.6432,-3.2,2.55,0.4275389551511727,0.045520839840990625,0.00018847857404249435,0.4,0.008592529758465375,0.03,other,3.0,True,Hard,
23,2,0.08695652173913043,23.0,-14.75,-0.6413043478260869,-14.875,-0.6467391304347826,-15.25,4.305652173913043,0.278012762216821,0.03783389493625108,-0.017453652613299665,0.43478260869565216,0.008118565878370464,0.05,other,10.0,False,,
29,3,0.10344827586206896,29.0,-18.7,-0.6448275862068965,-18.846,-0.6498620689655172,-18.7,3.445862068965517,0.3208541879093359,0.03424987532746528,-0.009672683334052735,0.4482758620689655,0.0060865611143411935,0.02,other,5.0,False,Hard,
13,1,0.07692307692307693,13.0,-8.5,-0.6538461538461539,-8.57,-0.6592307692307693,-10.0,3.6792307692307693,0.3033374073540746,0.039328849163727725,-0.0054156567940525455,0.5384615384615384,0.008372814732789037,0.05,other,5.0,False,Hard,
24,2,0.08333333333333333,24.0,-15.75,-0.65625,-15.875,-0.6614583333333334,-16.25,4.584583333333334,0.27055418098797884,0.036752061116575134,-0.012190126765164866,0.4583333333333333,0.007873078695907844,0.05,other,,False,,
13,2,0.15384615384615385,13.0,-8.58,-0.66,-8.6284,-0.6637230769230769,-8.58,2.6330769230769233,0.40433945002989063,0.03995434153283906,-0.0010578171621305006,0.46153846153846156,0.0070365548129495605,0.02,other,3.0,False,,
11,1,0.09090909090909091,11.0,-7.25,-0.6590909090909091,-7.305,-0.6640909090909091,-7.25,3.789090909090909,0.3003772811084263,0.04445524053431299,-0.0061410667830671395,0.5454545454545454,0.010138503336437335,0.075,other,5.0,False,,
11,1,0.09090909090909091,11.0,-7.25,-0.6590909090909091,-7.305,-0.6640909090909091,-7.25,4.825454545454545,0.2524429502973212,0.041058064267201703,-0.02781196042622589,0.45454545454545453,0.009197506400891129,0.075,other,10.0,True,,
11,1,0.09090909090909091,11.0,-7.25,-0.6590909090909091,-7.305,-0.6640909090909091,-7.25,4.825454545454545,0.2524429502973212,0.041058064267201703,-0.02781196042622589,0.45454545454545453,0.009197506400891129,0.075,other,,True,,
19,2,0.10526315789473684,19.0,-12.7,-0.6684210526315789,-12.786000000000001,-0.6729473684210527,-12.7,3.4357894736842107,0.3304366624993937,0.03905417195049055,-0.005236276626655197,0.47368421052631576,0.007875293456924656,0.03,other,5.0,False,Hard,
33,3,0.09090909090909091,33.0,-22.7,-0.6878787878787879,-22.846,-0.6923030303030303,-22.7,3.8009090909090912,0.3032717075531182,0.032977707561593225,-0.01476149323642308,0.42424242424242425,0.005900875288408798,0.02,other,10.0,False,Hard,
33,3,0.09090909090909091,33.0,-22.7,-0.6878787878787879,-22.846,-0.6923030303030303,-22.7,3.8009090909090912,0.3032717075531182,0.032977707561593225,-0.01476149323642308,0.42424242424242425,0.005900875288408798,0.02,other,,False,Hard,
6,1,0.16666666666666666,6.0,-4.2,-0.7000000000000001,-4.216,-0.7026666666666667,-4.2,2.52,0.43247337265618385,0.04771208367096452,0.0037490195013572536,0.5,0.009697994404242403,0.03,other,3.0,False,Hard,
13,1,0.07692307692307693,13.0,-9.25,-0.7115384615384616,-9.305,-0.7157692307692307,-9.25,3.850769230769231,0.28895463459645054,0.04110068016988268,-0.018002028732644507,0.46153846153846156,0.008697601570191739,0.05,other,5.0,True,,
16,1,0.0625,16.0,-11.5,-0.71875,-11.57,-0.723125,-12.0,4.239375,0.27866701140998795,0.03687942113919821,-0.01882709778407017,0.4375,0.007825257277819705,0.05,other,10.0,False,Hard,
16,1,0.0625,16.0,-11.5,-0.71875,-11.57,-0.723125,-12.0,4.239375,0.27866701140998795,0.03687942113919821,-0.01882709778407017,0.4375,0.007825257277819705,0.05,other,,False,Hard,
23,2,0.08695652173913043,23.0,-16.7,-0.726086956521739,-16.786,-0.7298260869565218,-16.7,3.9469565217391307,0.30354310814654967,0.03639335791719146,-0.013309161566125261,0.43478260869565216,0.007297790777528876,0.03,other,10.0,False,Hard,
23,2,0.08695652173913043,23.0,-16.7,-0.726086956521739,-16.786,-0.7298260869565218,-16.7,3.9469565217391307,0.30354310814654967,0.03639335791719146,-0.013309161566125261,0.43478260869565216,0.007297790777528876,0.03,other,,False,Hard,
14,1,0.07142857142857142,14.0,-10.25,-0.7321428571428571,-10.305,-0.7360714285714286,-10.25,4.5128571428571425,0.2715511783464219,0.04121441721368878,-0.015464846316537717,0.5,0.009354601986539922,0.075,other,10.0,False,,
15,1,0.06666666666666667,15.0,-11.25,-0.75,-11.305,-0.7536666666666666,-11.25,4.945333333333334,0.2600482206383011,0.03925811495037809,-0.007175792045972836,0.5333333333333333,0.00887942008738843,0.075,other,,False,,
24,2,0.08333333333333333,24.0,-18.2,-0.7583333333333333,-18.276,-0.7615,-18.2,3.3887500000000004,0.32451388602289655,0.034371277628622084,-0.00990684843858188,0.5,0.005846873739502119,0.02,other,5.0,True,Hard,
16,1,0.0625,16.0,-12.25,-0.765625,-12.305,-0.7690625,-12.25,4.4725,0.26587354090069215,0.038893939832667174,-0.023936405458885507,0.4375,0.00828185697020255,0.05,other,10.0,True,,
16,1,0.0625,16.0,-12.25,-0.765625,-12.305,-0.7690625,-12.25,4.4725,0.26587354090069215,0.038893939832667174,-0.023936405458885507,0.4375,0.00828185697020255,0.05,other,,True,,
8,1,0.125,8.0,-6.2,-0.775,-6.216,-0.777,-6.2,2.67125,0.401673658992276,0.040595710177807276,-0.0071433505942335995,0.375,0.006689937731601403,0.02,other,3.0,True,Hard,
26,2,0.07692307692307693,26.0,-20.2,-0.7769230769230769,-20.276,-0.7798461538461539,-20.2,3.6473076923076926,0.3130749831280487,0.03407298006158444,-0.014922001569204774,0.46153846153846156,0.005914619836575045,0.02,other,10.0,True,Hard,
26,2,0.07692307692307693,26.0,-20.2,-0.7769230769230769,-20.276,-0.7798461538461539,-20.2,3.6473076923076926,0.3130749831280487,0.03407298006158444,-0.014922001569204774,0.46153846153846156,0.005914619836575045,0.02,other,,True,Hard,
9,1,0.1111111111111111,9.0,-7.2,-0.8,-7.216,-0.8017777777777778,-7.2,2.6377777777777776,0.40783719245771644,0.04260377602703247,-0.003955008957326416,0.4444444444444444,0.007638313276215418,0.02,other,3.0,False,Hard,
12,1,0.08333333333333333,12.0,-10.2,-0.85,-10.216000000000001,-0.8513333333333334,-10.2,2.5083333333333333,0.4285518320254851,0.03865072431987777,-0.008467133498016541,0.3333333333333333,0.005592165300651888,0.01,other,3.0,True,Hard,
13,1,0.07692307692307693,13.0,-11.2,-0.8615384615384615,-11.216000000000001,-0.8627692307692308,-11.2,2.4976923076923083,0.4307513418836201,0.04019053805072056,-0.00615799060294365,0.38461538461538464,0.006333177018534629,0.01,other,3.0,False,Hard,
15,1,0.06666666666666667,15.0,-13.2,-0.88,-13.216,-0.8810666666666667,-13.2,3.400666666666667,0.3331933658949631,0.039327720772475296,-0.004241769045989245,0.5333333333333333,0.007673439785803078,0.03,other,5.0,True,Hard,
17,1,0.058823529411764705,17.0,-15.2,-0.8941176470588235,-15.216000000000001,-0.8950588235294118,-15.2,3.7947058823529414,0.3146774579531882,0.03828839000596441,-0.012578483174305747,0.47058823529411764,0.007562161340585085,0.03,other,10.0,True,Hard,
17,1,0.058823529411764705,17.0,-15.2,-0.8941176470588235,-15.216000000000001,-0.8950588235294118,-15.2,3.7947058823529414,0.3146774579531882,0.03828839000596441,-0.012578483174305747,0.47058823529411764,0.007562161340585085,0.03,other,,True,Hard,
11,0,0.0,11.0,-11.0,-1.0,-11.0,-1.0,-11.0,4.278181818181818,0.2740551357562444,0.03819530928823043,-0.01679531785267564,0.5454545454545454,0.007979341694057769,0.05,other,10.0,True,Hard,
11,0,0.0,11.0,-11.0,-1.0,-11.0,-1.0,-11.0,4.278181818181818,0.2740551357562444,0.03819530928823043,-0.01679531785267564,0.5454545454545454,0.007979341694057769,0.05,other,,True,Hard,
9,0,0.0,9.0,-9.0,-1.0,-9.0,-1.0,-9.0,3.728888888888889,0.2958877996154376,0.03990684262847437,-0.003837868678452557,0.6666666666666666,0.008257512514637239,0.05,other,5.0,True,Hard,
9,0,0.0,9.0,-9.0,-1.0,-9.0,-1.0,-9.0,4.316666666666666,0.283002487055379,0.04097963973452652,-0.01438454622491905,0.5555555555555556,0.009337717997873023,0.075,other,10.0,False,Hard,
9,0,0.0,9.0,-9.0,-1.0,-9.0,-1.0,-9.0,4.316666666666666,0.283002487055379,0.04097963973452652,-0.01438454622491905,0.5555555555555556,0.009337717997873023,0.075,other,,False,Hard,
7,0,0.0,7.0,-7.0,-1.0,-7.0,-1.0,-7.0,3.6214285714285714,0.31362944095980866,0.043975705585210474,0.0029638231784410796,0.7142857142857143,0.0100834737111367,0.075,other,5.0,False,Hard,
7,0,0.0,7.0,-7.0,-1.0,-7.0,-1.0,-7.0,4.725714285714285,0.25306391306218684,0.03898612217925214,-0.01909594281425353,0.5714285714285714,0.008600526448509989,0.075,other,10.0,True,Hard,
7,0,0.0,7.0,-7.0,-1.0,-7.0,-1.0,-7.0,4.725714285714285,0.25306391306218684,0.03898612217925214,-0.01909594281425353,0.5714285714285714,0.008600526448509989,0.075,other,,True,Hard,
6,0,0.0,6.0,-6.0,-1.0,-6.0,-1.0,-6.0,4.971666666666667,0.25027899580276375,0.047246366309673084,-0.037388123090576465,0.5,0.011306417447193831,0.1,other,10.0,False,,
6,0,0.0,6.0,-6.0,-1.0,-6.0,-1.0,-6.0,4.971666666666667,0.25027899580276375,0.047246366309673084,-0.037388123090576465,0.5,0.011306417447193831,0.1,other,10.0,True,,
6,0,0.0,6.0,-6.0,-1.0,-6.0,-1.0,-6.0,4.971666666666667,0.25027899580276375,0.047246366309673084,-0.037388123090576465,0.5,0.011306417447193831,0.1,other,,False,,
6,0,0.0,6.0,-6.0,-1.0,-6.0,-1.0,-6.0,4.971666666666667,0.25027899580276375,0.047246366309673084,-0.037388123090576465,0.5,0.011306417447193831,0.1,other,,True,,
5,0,0.0,5.0,-5.0,-1.0,-5.0,-1.0,-5.0,3.9159999999999995,0.2839662189311115,0.042383207348099916,0.00330721571471686,0.8,0.009349707827333926,0.075,other,5.0,True,Hard,
4,0,0.0,4.0,-4.0,-1.0,-4.0,-1.0,-4.0,4.0825,0.28521479550533585,0.05332322083207105,-0.028169269298144173,0.5,0.012938804240387895,0.1,other,5.0,False,,
4,0,0.0,4.0,-4.0,-1.0,-4.0,-1.0,-4.0,4.0825,0.28521479550533585,0.05332322083207105,-0.028169269298144173,0.5,0.012938804240387895,0.1,other,5.0,True,,
3,0,0.0,3.0,-3.0,-1.0,-3.0,-1.0,-3.0,2.58,0.42080616097982215,0.051179187571355776,0.020589832410805586,1.0,0.011804755181295395,0.05,other,3.0,False,,
3,0,0.0,3.0,-3.0,-1.0,-3.0,-1.0,-3.0,5.8999999999999995,0.2650860000197662,0.029941364472830616,0.06896817104796733,1.0,0.006337606456022556,0.05,other,,False,Grass,
3,0,0.0,3.0,-3.0,-1.0,-3.0,-1.0,-3.0,4.526666666666666,0.2623295374715416,0.048494015202284364,-0.02685539429372452,0.6666666666666666,0.011692111709605829,0.1,other,10.0,False,Hard,
3,0,0.0,3.0,-3.0,-1.0,-3.0,-1.0,-3.0,5.416666666666667,0.23822845413398594,0.045998717417061796,-0.047920851887428416,0.3333333333333333,0.010920723184781836,0.1,other,10.0,False,Clay,
3,0,0.0,3.0,-3.0,-1.0,-3.0,-1.0,-3.0,4.526666666666666,0.2623295374715416,0.048494015202284364,-0.02685539429372452,0.6666666666666666,0.011692111709605829,0.1,other,10.0,True,Hard,
3,0,0.0,3.0,-3.0,-1.0,-3.0,-1.0,-3.0,5.416666666666667,0.23822845413398594,0.045998717417061796,-0.047920851887428416,0.3333333333333333,0.010920723184781836,0.1,other,10.0,True,Clay,
3,0,0.0,3.0,-3.0,-1.0,-3.0,-1.0,-3.0,4.526666666666666,0.2623295374715416,0.048494015202284364,-0.02685539429372452,0.6666666666666666,0.011692111709605829,0.1,other,,False,Hard,
3,0,0.0,3.0,-3.0,-1.0,-3.0,-1.0,-3.0,5.416666666666667,0.23822845413398594,0.045998717417061796,-0.047920851887428416,0.3333333333333333,0.010920723184781836,0.1,other,,False,Clay,
3,0,0.0,3.0,-3.0,-1.0,-3.0,-1.0,-3.0,4.526666666666666,0.2623295374715416,0.048494015202284364,-0.02685539429372452,0.6666666666666666,0.011692111709605829,0.1,other,,True,Hard,
3,0,0.0,3.0,-3.0,-1.0,-3.0,-1.0,-3.0,5.416666666666667,0.23822845413398594,0.045998717417061796,-0.047920851887428416,0.3333333333333333,0.010920723184781836,0.1,other,,True,Clay,
2,0,0.0,2.0,-2.0,-1.0,-2.0,-1.0,-2.0,2.75,0.3726388253019385,0.0289634076408406,-0.00720727765613588,0.0,0.0035366813686186927,0.02,other,3.0,False,Clay,
2,0,0.0,2.0,-2.0,-1.0,-2.0,-1.0,-2.0,2.685,0.40771817356052364,0.05251629212802708,0.02447449220595188,1.0,0.012292200117777631,0.05,other,3.0,False,Hard,
2,0,0.0,2.0,-2.0,-1.0,-2.0,-1.0,-2.0,3.35,0.34812559366734463,0.038977105077231705,0.04901677270098326,1.0,0.008392972934400045,0.05,other,5.0,False,Grass,
2,0,0.0,2.0,-2.0,-1.0,-2.0,-1.0,-2.0,3.35,0.34812559366734463,0.038977105077231705,0.04901677270098326,1.0,0.008392972934400045,0.05,other,10.0,False,Grass,
2,0,0.0,2.0,-2.0,-1.0,-2.0,-1.0,-2.0,7.665,0.1741379321204397,0.020659557480239343,0.09704200016169451,1.0,0.004091477029868371,0.075,other,,False,Grass,
2,0,0.0,2.0,-2.0,-1.0,-2.0,-1.0,-2.0,4.04,0.2860619637484266,0.051152053838516676,0.01616852146263903,1.0,0.012489396257526979,0.1,other,5.0,False,Hard,
2,0,0.0,2.0,-2.0,-1.0,-2.0,-1.0,-2.0,4.125,0.2843676272622451,0.05549438782562542,-0.07250706005892738,0.0,0.013388212223248812,0.1,other,5.0,False,Clay,
2,0,0.0,2.0,-2.0,-1.0,-2.0,-1.0,-2.0,4.04,0.2860619637484266,0.051152053838516676,0.01616852146263903,1.0,0.012489396257526979,0.1,other,5.0,True,Hard,
2,0,0.0,2.0,-2.0,-1.0,-2.0,-1.0,-2.0,4.125,0.2843676272622451,0.05549438782562542,-0.07250706005892738,0.0,0.013388212223248812,0.1,other,5.0,True,Clay,
1,0,0.0,1.0,-1.0,-1.0,-1.0,-1.0,-1.0,2.37,0.44698213581841917,0.04850497845801316,0.012820512820512997,1.0,0.010829865308330923,0.05,other,3.0,False,Grass,
1,0,0.0,1.0,-1.0,-1.0,-1.0,-1.0,-1.0,3.0,0.35829088693980726,0.046364281435220145,0.027397260273972712,1.0,0.009359082602427723,0.05,other,3.0,True,,
1,0,0.0,1.0,-1.0,-1.0,-1.0,-1.0,-1.0,3.0,0.35829088693980726,0.046364281435220145,0.027397260273972712,1.0,0.009359082602427723,0.05,other,3.0,True,Hard,
1,0,0.0,1.0,-1.0,-1.0,-1.0,-1.0,-1.0,2.37,0.45714546018124,0.05866830282083402,0.02155172413793105,1.0,0.01522531763312754,0.075,other,3.0,False,,
1,0,0.0,1.0,-1.0,-1.0,-1.0,-1.0,-1.0,2.37,0.45714546018124,0.05866830282083402,0.02155172413793105,1.0,0.01522531763312754,0.075,other,3.0,False,Hard,
1,0,0.0,1.0,-1.0,-1.0,-1.0,-1.0,-1.0,4.33,0.24926905151627005,0.02944923169645025,0.08521303258145352,1.0,0.005956080560469169,0.075,other,5.0,False,Grass,
1,0,0.0,1.0,-1.0,-1.0,-1.0,-1.0,-1.0,4.33,0.24926905151627005,0.02944923169645025,0.08521303258145352,1.0,0.005956080560469169,0.075,other,10.0,False,Grass,
