tourney_name,surface,round,match_date,year,winner_name,loser_name,score,player_won,player_rank,opponent_rank,source_player,source_url,ta_more,ta_dr,ta_ace_pct,ta_df_pct,ta_1stin_pct,ta_1stwon_pct,ta_2ndwon_pct,ta_bpsvd_num,ta_bpsvd_den,ta_bpsvd_pct,minutes,winner_name_norm,loser_name_norm,score_norm,match_key,w_ta_dr,w_ta_ace_pct,w_ta_df_pct,w_ta_1stin_pct,w_ta_1stwon_pct,w_ta_2ndwon_pct,w_ta_bpsvd_num,w_ta_bpsvd_den,w_ta_bpsvd_pct,l_ta_dr,l_ta_ace_pct,l_ta_df_pct,l_ta_1stin_pct,l_ta_1stwon_pct,l_ta_2ndwon_pct,l_ta_bpsvd_num,l_ta_bpsvd_den,l_ta_bpsvd_pct,winner_stats,loser_stats,winner_rank,loser_rank,dr,time,source,ta_stats_source,source_profile_players
US Open,Hard,F,2025-08-25,2025.0,Carlos Alcaraz,Jannik Sinner,6-2 3-6 6-1 6-4,True,2.0,1.0,Carlos Alcaraz,https://www.tennisabstract.com/cgi-bin/player-classic.cgi?p=CarlosAlcaraz,(ch),1.56,0.11199999999999999,0.0,0.607,0.833,0.5710000000000001,0.0,1.0,0.0,162.0,CARLOS ALCARAZ,JANNIK SINNER,6-2 3-6 6-1 6-4,2025|2025-08-25|US Open|F|CARLOS ALCARAZ|JANNIK SINNER|6-2 3-6 6-1 6-4,,,,,,,,,,,,,,,,,,,,,,,,,,,
US Open,Hard,Q1,2025-08-25,2025.0,Alexander Blockx,Joao Lucas Reis Da Silva,6-2 6-1,True,116.0,229.0,Alexander Blockx,https://www.tennisabstract.com/cgi-bin/player-classic.cgi?p=AlexanderBlockx,,2.1,0.11900000000000001,0.048,0.5,0.81,0.7140000000000001,0.0,0.0,,58.0,ALEXANDER BLOCKX,JOAO LUCAS REIS DA SILVA,6-2 6-1,2025|2025-08-25|US Open|Q1|ALEXANDER BLOCKX|JOAO LUCAS REIS DA SILVA|6-2 6-1,,,,,,,,,,,,,,,,,,,,,,,,,,,
US Open,Hard,Q1,2025-08-25,2025.0,Andrea Collarini,Jan Choinski,7-6(4) 6-4,True,239.0,150.0,Andrea Collarini,https://www.tennisabstract.com/cgi-bin/player-classic.cgi?p=AndreaCollarini,,1.21,0.071,0.013999999999999999,0.6,0.667,0.607,3.0,6.0,0.5,108.0,ANDREA COLLARINI,JAN CHOINSKI,7-6(4) 6-4,2025|2025-08-25|US Open|Q1|ANDREA COLLARINI|JAN CHOINSKI|7-6(4) 6-4,,,,,,,,,,,,,,,,,,,,,,,,,,,
US Open,Hard,Q1,2025-08-25,2025.0,Andres Martin,Viktor Durasovic,6-2 6-3,True,280.0,241.0,Andres Martin,https://www.tennisabstract.com/cgi-bin/player-classic.cgi?p=AndresMartin,,1.73,0.061,0.061,0.5920000000000001,0.759,0.6,3.0,4.0,0.75,64.0,ANDRES MARTIN,VIKTOR DURASOVIC,6-2 6-3,2025|2025-08-25|US Open|Q1|ANDRES MARTIN|VIKTOR DURASOVIC|6-2 6-3,,,,,,,,,,,,,,,,,,,,,,,,,,,
US Open,Hard,Q1,2025-08-25,,Arthur Cazaux,Mark Lajal,6-4 6-1,,,,,,,,,,,,,,,,,,,,,1.7,0.17300000000000001,0.038,0.654,0.794,0.5,2.0,3.0,0.6666666666666666,0.59,0.024,0.14300000000000002,0.452,0.579,0.391,1.0,5.0,0.2,"{'ace_pct': 0.17300000000000001, 'df_pct': 0.038, 'first_in_pct': 0.654, 'first_won_pct': 0.794, 'second_won_pct': 0.5, 'bpsvd_pct': 0.6666666666666666, 'bpsvd_num': 2, 'bpsvd_den': 3}","{'ace_pct': 0.024, 'df_pct': 0.14300000000000002, 'first_in_pct': 0.452, 'first_won_pct': 0.579, 'second_won_pct': 0.391, 'bpsvd_pct': 0.2, 'bpsvd_num': 1, 'bpsvd_den': 5}",79.0,147.0,1.7,65.0,player_profile_classic,player_profile_classic,"['Arthur Cazaux', 'Mark Lajal']"
US Open,Hard,Q1,2025-08-25,2025.0,Beibit Zhukayev,Jack Pinnington Jones,3-6 7-6(6) 7-6(12),True,191.0,222.0,Beibit Zhukayev,https://www.tennisabstract.com/cgi-bin/player-classic.cgi?p=BeibitZhukayev,,0.95,0.11,0.081,0.544,0.757,0.40299999999999997,7.0,11.0,0.6363636363636364,213.0,BEIBIT ZHUKAYEV,JACK PINNINGTON JONES,3-6 7-6(6) 7-6(12),2025|2025-08-25|US Open|Q1|BEIBIT ZHUKAYEV|JACK PINNINGTON JONES|3-6 7-6(6) 7-6(12),,,,,,,,,,,,,,,,,,,,,,,,,,,
US Open,Hard,Q1,2025-08-25,2025.0,Beibit Zhukayev,Pinnington Jones,3-6 7-6(6) 7-6(12),False,222.0,191.0,Jack Pinnington Jones,https://www.tennisabstract.com/cgi-bin/player-classic.cgi?p=JackPinningtonJones,,1.06,0.086,0.086,0.609,0.718,0.46,4.0,7.0,0.5714285714285714,213.0,BEIBIT ZHUKAYEV,PINNINGTON JONES,3-6 7-6(6) 7-6(12),2025|2025-08-25|US Open|Q1|BEIBIT ZHUKAYEV|PINNINGTON JONES|3-6 7-6(6) 7-6(12),,,,,,,,,,,,,,,,,,,,,,,,,,,
US Open,Hard,Q1,2025-08-25,2025.0,Benjamin Hassan,Barrios Vera,6-2 7-6(3),False,134.0,200.0,Tomas Barrios Vera,https://www.tennisabstract.com/cgi-bin/player-classic.cgi?p=TomasBarriosVera,,0.74,0.027999999999999997,0.027999999999999997,0.708,0.529,0.524,6.0,10.0,0.6,88.0,BENJAMIN HASSAN,BARRIOS VERA,6-2 7-6(3),2025|2025-08-25|US Open|Q1|BENJAMIN HASSAN|BARRIOS VERA|6-2 7-6(3),,,,,,,,,,,,,,,,,,,,,,,,,,,
US Open,Hard,Q1,2025-08-25,2025.0,Benjamin Hassan,Tomas Barrios Vera,6-2 7-6(3),True,200.0,134.0,Benjamin Hassan,https://www.tennisabstract.com/cgi-bin/player-classic.cgi?p=BenjaminHassan,,1.35,0.14300000000000002,0.095,0.49200000000000005,0.935,0.375,1.0,3.0,0.3333333333333333,88.0,BENJAMIN HASSAN,TOMAS BARRIOS VERA,6-2 7-6(3),2025|2025-08-25|US Open|Q1|BENJAMIN HASSAN|TOMAS BARRIOS VERA|6-2 7-6(3),,,,,,,,,,,,,,,,,,,,,,,,,,,
US Open,Hard,Q1,2025-08-25,,Bernard Tomic,Patrick Kypson,6-4 6-4,,,,,,,,,,,,,,,,,,,,,1.7,0.214,0.0,0.625,0.8290000000000001,0.667,2.0,2.0,1.0,0.59,0.091,0.045,0.53,0.6859999999999999,0.516,2.0,4.0,0.5,"{'ace_pct': 0.214, 'df_pct': 0.0, 'first_in_pct': 0.625, 'first_won_pct': 0.8290000000000001, 'second_won_pct': 0.667, 'bpsvd_pct': 1.0, 'bpsvd_num': 2, 'bpsvd_den': 2}","{'ace_pct': 0.091, 'df_pct': 0.045, 'first_in_pct': 0.53, 'first_won_pct': 0.6859999999999999, 'second_won_pct': 0.516, 'bpsvd_pct': 0.5, 'bpsvd_num': 2, 'bpsvd_den': 4}",168.0,189.0,1.7,85.0,player_profile_classic,player_profile_classic,"['Bernard Tomic', 'Patrick Kypson']"
US Open,Hard,Q1,2025-08-25,2025.0,Billy Harris,James Trotter,3-6 6-1 6-2,True,151.0,187.0,Billy Harris,https://www.tennisabstract.com/cgi-bin/player-classic.cgi?p=BillyHarris,,1.44,0.015,0.015,0.5670000000000001,0.6579999999999999,0.759,2.0,4.0,0.5,105.0,BILLY HARRIS,JAMES TROTTER,3-6 6-1 6-2,2025|2025-08-25|US Open|Q1|BILLY HARRIS|JAMES TROTTER|3-6 6-1 6-2,,,,,,,,,,,,,,,,,,,,,,,,,,,
US Open,Hard,Q1,2025-08-25,,Coleman Wong,Chris Rodesch,6-4 6-2,,,,,,,,,,,,,,,,,,,,,2.4,0.111,0.0,0.644,0.828,0.813,0.0,0.0,,0.42,0.066,0.049,0.721,0.659,0.353,0.0,0.0,,"{'ace_pct': 0.111, 'df_pct': 0.0, 'first_in_pct': 0.644, 'first_won_pct': 0.828, 'second_won_pct': 0.813, 'bpsvd_num': 0, 'bpsvd_den': 0}","{'ace_pct': 0.066, 'df_pct': 0.049, 'first_in_pct': 0.721, 'first_won_pct': 0.659, 'second_won_pct': 0.353, 'bpsvd_num': 0, 'bpsvd_den': 0}",173.0,162.0,2.4,65.0,player_profile_classic,player_profile_classic,"['Chris Rodesch', 'Coleman Wong']"
US Open,Hard,Q1,2025-08-25,2025.0,Cristian Garin,Yosuke Watanuki,6-4 6-4,True,126.0,148.0,Cristian Garin,https://www.tennisabstract.com/cgi-bin/player-classic.cgi?p=CristianGarin,,1.19,0.0,0.0,0.6940000000000001,0.6509999999999999,0.526,3.0,5.0,0.6,88.0,CRISTIAN GARIN,YOSUKE WATANUKI,6-4 6-4,2025|2025-08-25|US Open|Q1|CRISTIAN GARIN|YOSUKE WATANUKI|6-4 6-4,,,,,,,,,,,,,,,,,,,,,,,,,,,
US Open,Hard,Q1,2025-08-25,2025.0,Daniel Elahi Galan,Den Ouden,6-1 7-5,False,161.0,131.0,Guy Den Ouden,https://www.tennisabstract.com/cgi-bin/player-classic.cgi?p=GuyDenOuden,,0.73,0.045,0.106,0.47,0.645,0.4,1.0,6.0,0.16666666666666666,86.0,DANIEL ELAHI GALAN,DEN OUDEN,6-1 7-5,2025|2025-08-25|US Open|Q1|DANIEL ELAHI GALAN|DEN OUDEN|6-1 7-5,,,,,,,,,,,,,,,,,,,,,,,,,,,
US Open,Hard,Q1,2025-08-25,2025.0,Daniel Elahi Galan,Guy Den Ouden,6-1 7-5,True,131.0,161.0,Daniel Elahi Galan,https://www.tennisabstract.com/cgi-bin/player-classic.cgi?p=DanielElahiGalan,,1.37,0.113,0.032,0.581,0.6940000000000001,0.5770000000000001,3.0,4.0,0.75,86.0,DANIEL ELAHI GALAN,GUY DEN OUDEN,6-1 7-5,2025|2025-08-25|US Open|Q1|DANIEL ELAHI GALAN|GUY DEN OUDEN|6-1 7-5,,,,,,,,,,,,,,,,,,,,,,,,,,,
US Open,Hard,Q1,2025-08-25,2025.0,Daniel Merida Aguilar,Dalibor Svrcina,1-6 6-3 7-5,False,97.0,170.0,Dalibor Svrcina,https://www.tennisabstract.com/cgi-bin/player-classic.cgi?p=DaliborSvrcina,,1.0,0.0,0.066,0.604,0.5820000000000001,0.444,10.0,16.0,0.625,119.0,DANIEL MERIDA AGUILAR,DALIBOR SVRCINA,1-6 6-3 7-5,2025|2025-08-25|US Open|Q1|DANIEL MERIDA AGUILAR|DALIBOR SVRCINA|1-6 6-3 7-5,,,,,,,,,,,,,,,,,,,,,,,,,,,
US Open,Hard,Q1,2025-08-25,2025.0,De Jong,Vilius Gaubas,6-3 6-4,True,83.0,160.0,Jesper De Jong,https://www.tennisabstract.com/cgi-bin/player-classic.cgi?p=JesperDeJong,,1.37,0.054000000000000006,0.107,0.5539999999999999,0.774,0.52,2.0,3.0,0.6666666666666666,104.0,DE JONG,VILIUS GAUBAS,6-3 6-4,2025|2025-08-25|US Open|Q1|DE JONG|VILIUS GAUBAS|6-3 6-4,,,,,,,,,,,,,,,,,,,,,,,,,,,
US Open,Hard,Q1,2025-08-25,,Dino Prizmic,Alexis Galarneau,7-6(7) 6-1,,,,,,,,,,,,,,,,,,,,,1.31,0.032,0.063,0.5870000000000001,0.6759999999999999,0.5770000000000001,5.0,7.0,0.7142857142857143,0.76,0.027999999999999997,0.027999999999999997,0.563,0.575,0.452,4.0,9.0,0.4444444444444444,"{'ace_pct': 0.032, 'df_pct': 0.063, 'first_in_pct': 0.5870000000000001, 'first_won_pct': 0.6759999999999999, 'second_won_pct': 0.5770000000000001, 'bpsvd_pct': 0.7142857142857143, 'bpsvd_num': 5, 'bpsvd_den': 7}","{'ace_pct': 0.027999999999999997, 'df_pct': 0.027999999999999997, 'first_in_pct': 0.563, 'first_won_pct': 0.575, 'second_won_pct': 0.452, 'bpsvd_pct': 0.4444444444444444, 'bpsvd_num': 4, 'bpsvd_den': 9}",124.0,177.0,1.31,102.0,player_profile_classic,player_profile_classic,"['Alexis Galarneau', 'Dino Prizmic']"
US Open,Hard,Q1,2025-08-25,2025.0,Dmitry Popko,Seyboth Wild,7-6(4) 6-3,False,143.0,237.0,Thiago Seyboth Wild,https://www.tennisabstract.com/cgi-bin/player-classic.cgi?p=ThiagoSeybothWild,,0.87,0.094,0.016,0.625,0.8,0.45799999999999996,3.0,5.0,0.6,99.0,DMITRY POPKO,SEYBOTH WILD,7-6(4) 6-3,2025|2025-08-25|US Open|Q1|DMITRY POPKO|SEYBOTH WILD|7-6(4) 6-3,,,,,,,,,,,,,,,,,,,,,,,,,,,
US Open,Hard,Q1,2025-08-25,2025.0,Dmitry Popko,Thiago Seyboth Wild,7-6(4) 6-3,True,237.0,143.0,Dmitry Popko,https://www.tennisabstract.com/cgi-bin/player-classic.cgi?p=DmitryPopko,,1.15,0.114,0.028999999999999998,0.529,0.892,0.515,1.0,2.0,0.5,99.0,DMITRY POPKO,THIAGO SEYBOTH WILD,7-6(4) 6-3,2025|2025-08-25|US Open|Q1|DMITRY POPKO|THIAGO SEYBOTH WILD|7-6(4) 6-3,,,,,,,,,,,,,,,,,,,,,,,,,,,
US Open,Hard,Q1,2025-08-25,2025.0,Fajing Sun,Martin Tiffon,3-6 7-6(5) 4-1 RET,False,253.0,238.0,Pol Martin Tiffon,https://www.tennisabstract.com/cgi-bin/player-classic.cgi?p=PolMartinTiffon,,0.94,0.055999999999999994,0.079,0.528,0.66,0.47600000000000003,1.0,3.0,0.3333333333333333,139.0,FAJING SUN,MARTIN TIFFON,3-6 7-6(5) 4-1 RET,2025|2025-08-25|US Open|Q1|FAJING SUN|MARTIN TIFFON|3-6 7-6(5) 4-1 RET,,,,,,,,,,,,,,,,,,,,,,,,,,,
US Open,Hard,Q1,2025-08-25,2025.0,Fajing Sun,Pol Martin Tiffon,3-6 7-6(5) 4-1 RET,True,238.0,253.0,Fajing Sun,https://www.tennisabstract.com/cgi-bin/player-classic.cgi?p=FajingSun,,1.07,0.02,0.05,0.46,0.674,0.537,5.0,8.0,0.625,139.0,FAJING SUN,POL MARTIN TIFFON,3-6 7-6(5) 4-1 RET,2025|2025-08-25|US Open|Q1|FAJING SUN|POL MARTIN TIFFON|3-6 7-6(5) 4-1 RET,,,,,,,,,,,,,,,,,,,,,,,,,,,
US Open,Hard,Q1,2025-08-25,,Federico Agustin Gomez,Lukas Klein,6-2 6-4,,,,,,,,,,,,,,,,,,,,,1.55,0.12300000000000001,0.105,0.526,0.867,0.593,3.0,3.0,1.0,0.65,0.07400000000000001,0.019,0.537,0.759,0.4,4.0,7.0,0.5714285714285714,"{'ace_pct': 0.12300000000000001, 'df_pct': 0.105, 'first_in_pct': 0.526, 'first_won_pct': 0.867, 'second_won_pct': 0.593, 'bpsvd_pct': 1.0, 'bpsvd_num': 3, 'bpsvd_den': 3}","{'ace_pct': 0.07400000000000001, 'df_pct': 0.019, 'first_in_pct': 0.537, 'first_won_pct': 0.759, 'second_won_pct': 0.4, 'bpsvd_pct': 0.5714285714285714, 'bpsvd_num': 4, 'bpsvd_den': 7}",203.0,119.0,1.55,69.0,player_profile_classic,player_profile_classic,"['Federico Agustin Gomez', 'Lukas Klein']"
US Open,Hard,Q1,2025-08-25,,Federico Cina,Dominic Stricker,6-2 6-2,,,,,,,,,,,,,,,,,,,,,1.81,0.044000000000000004,0.022000000000000002,0.622,0.821,0.529,1.0,2.0,0.5,0.55,0.045,0.045,0.43200000000000005,0.684,0.32,3.0,8.0,0.375,"{'ace_pct': 0.044000000000000004, 'df_pct': 0.022000000000000002, 'first_in_pct': 0.622, 'first_won_pct': 0.821, 'second_won_pct': 0.529, 'bpsvd_pct': 0.5, 'bpsvd_num': 1, 'bpsvd_den': 2}","{'ace_pct': 0.045, 'df_pct': 0.045, 'first_in_pct': 0.43200000000000005, 'first_won_pct': 0.684, 'second_won_pct': 0.32, 'bpsvd_pct': 0.375, 'bpsvd_num': 3, 'bpsvd_den': 8}",210.0,226.0,1.81,56.0,player_profile_classic,player_profile_classic,"['Dominic Stricker', 'Federico Cina']"
US Open,Hard,Q1,2025-08-25,2025.0,Francesco Passaro,Yu Hsiou Hsu,6-3 1-6 6-4,True,120.0,194.0,Francesco Passaro,https://www.tennisabstract.com/cgi-bin/player-classic.cgi?p=FrancescoPassaro,,0.98,0.076,0.063,0.532,0.7140000000000001,0.541,6.0,9.0,0.6666666666666666,114.0,FRANCESCO PASSARO,YU HSIOU HSU,6-3 1-6 6-4,2025|2025-08-25|US Open|Q1|FRANCESCO PASSARO|YU HSIOU HSU|6-3 1-6 6-4,,,,,,,,,,,,,,,,,,,,,,,,,,,
US Open,Hard,Q1,2025-08-25,,Garrett Johns,Colton Smith,6-3 6-3,,,,,,,,,,,,,,,,,,,,,1.41,0.034,0.017,0.508,0.767,0.655,2.0,2.0,1.0,0.71,0.07400000000000001,0.07400000000000001,0.574,0.645,0.522,3.0,6.0,0.5,"{'ace_pct': 0.034, 'df_pct': 0.017, 'first_in_pct': 0.508, 'first_won_pct': 0.767, 'second_won_pct': 0.655, 'bpsvd_pct': 1.0, 'bpsvd_num': 2, 'bpsvd_den': 2}","{'ace_pct': 0.07400000000000001, 'df_pct': 0.07400000000000001, 'first_in_pct': 0.574, 'first_won_pct': 0.645, 'second_won_pct': 0.522, 'bpsvd_pct': 0.5, 'bpsvd_num': 3, 'bpsvd_den': 6}",305.0,133.0,1.41,76.0,player_profile_classic,player_profile_classic,"['Colton Smith', 'Garrett Johns']"
US Open,Hard,Q1,2025-08-25,2025.0,George Loffhagen,Jason Kubler,4-5 RET,True,245.0,195.0,George Loffhagen,https://www.tennisabstract.com/cgi-bin/player-classic.cgi?p=GeorgeLoffhagen,,1.51,0.16699999999999998,0.05,0.5,0.867,0.667,0.0,0.0,,98.0,GEORGE LOFFHAGEN,JASON KUBLER,4-5 RET,2025|2025-08-25|US Open|Q1|GEORGE LOFFHAGEN|JASON KUBLER|4-5 RET,,,,,,,,,,,,,,,,,,,,,,,,,,,
US Open,Hard,Q1,2025-08-25,,Giulio Zeppieri,Hady Habib,4-6 7-6(7) 7-5,,,,,,,,,,,,,,,,,,,,,1.1,0.191,0.078,0.6,0.826,0.435,4.0,6.0,0.6666666666666666,0.91,0.102,0.071,0.7240000000000001,0.696,0.486,12.0,14.0,0.8571428571428571,"{'ace_pct': 0.191, 'df_pct': 0.078, 'first_in_pct': 0.6, 'first_won_pct': 0.826, 'second_won_pct': 0.435, 'bpsvd_pct': 0.6666666666666666, 'bpsvd_num': 4, 'bpsvd_den': 6}","{'ace_pct': 0.102, 'df_pct': 0.071, 'first_in_pct': 0.7240000000000001, 'first_won_pct': 0.696, 'second_won_pct': 0.486, 'bpsvd_pct': 0.8571428571428571, 'bpsvd_num': 12, 'bpsvd_den': 14}",260.0,171.0,1.1,153.0,player_profile_classic,player_profile_classic,"['Giulio Zeppieri', 'Hady Habib']"
US Open,Hard,Q1,2025-08-25,,Harold Mayot,Johannus Monday,7-5 6-3,,,,,,,,,,,,,,,,,,,,,1.66,0.179,0.018000000000000002,0.589,0.909,0.522,1.0,2.0,0.5,0.6,0.031,0.046,0.631,0.634,0.5,5.0,8.0,0.625,"{'ace_pct': 0.179, 'df_pct': 0.018000000000000002, 'first_in_pct': 0.589, 'first_won_pct': 0.909, 'second_won_pct': 0.522, 'bpsvd_pct': 0.5, 'bpsvd_num': 1, 'bpsvd_den': 2}","{'ace_pct': 0.031, 'df_pct': 0.046, 'first_in_pct': 0.631, 'first_won_pct': 0.634, 'second_won_pct': 0.5, 'bpsvd_pct': 0.625, 'bpsvd_num': 5, 'bpsvd_den': 8}",152.0,232.0,1.66,89.0,player_profile_classic,player_profile_classic,"['Harold Mayot', 'Johannus Monday']"
US Open,Hard,Q1,2025-08-25,,Henrique Rocha,Pierre Hugues Herbert,6-4 6-7(1) 6-4,,,,,,,,,,,,,,,,,,,,,1.39,0.077,0.022000000000000002,0.604,0.818,0.611,2.0,2.0,1.0,0.72,0.08199999999999999,0.067,0.612,0.732,0.48100000000000004,14.0,16.0,0.875,"{'ace_pct': 0.077, 'df_pct': 0.022000000000000002, 'first_in_pct': 0.604, 'first_won_pct': 0.818, 'second_won_pct': 0.611, 'bpsvd_pct': 1.0, 'bpsvd_num': 2, 'bpsvd_den': 2}","{'ace_pct': 0.08199999999999999, 'df_pct': 0.067, 'first_in_pct': 0.612, 'first_won_pct': 0.732, 'second_won_pct': 0.48100000000000004, 'bpsvd_pct': 0.875, 'bpsvd_num': 14, 'bpsvd_den': 16}",167.0,139.0,1.39,159.0,player_profile_classic,player_profile_classic,"['Henrique Rocha', 'Pierre Hugues Herbert']"
US Open,Hard,Q1,2025-08-25,,Hugo Grenier,Omar Jasika,6-7(3) 6-3 6-3,,,,,,,,,,,,,,,,,,,,,1.11,0.08900000000000001,0.081,0.5479999999999999,0.691,0.321,9.0,15.0,0.6,0.9,0.0,0.026000000000000002,0.728,0.494,0.419,12.0,21.0,0.5714285714285714,"{'ace_pct': 0.08900000000000001, 'df_pct': 0.081, 'first_in_pct': 0.5479999999999999, 'first_won_pct': 0.691, 'second_won_pct': 0.321, 'bpsvd_pct': 0.6, 'bpsvd_num': 9, 'bpsvd_den': 15}","{'ace_pct': 0.0, 'df_pct': 0.026000000000000002, 'first_in_pct': 0.728, 'first_won_pct': 0.494, 'second_won_pct': 0.419, 'bpsvd_pct': 0.5714285714285714, 'bpsvd_num': 12, 'bpsvd_den': 21}",188.0,202.0,1.11,183.0,player_profile_classic,player_profile_classic,"['Hugo Grenier', 'Omar Jasika']"
US Open,Hard,Q1,2025-08-25,,Ignacio Buse,Lukas Neumayer,7-6(2) 6-7(5) 6-1,,,,,,,,,,,,,,,,,,,,,1.3,0.085,0.038,0.679,0.75,0.5589999999999999,4.0,6.0,0.6666666666666666,0.77,0.036000000000000004,0.063,0.532,0.695,0.48100000000000004,4.0,8.0,0.5,"{'ace_pct': 0.085, 'df_pct': 0.038, 'first_in_pct': 0.679, 'first_won_pct': 0.75, 'second_won_pct': 0.5589999999999999, 'bpsvd_pct': 0.6666666666666666, 'bpsvd_num': 4, 'bpsvd_den': 6}","{'ace_pct': 0.036000000000000004, 'df_pct': 0.063, 'first_in_pct': 0.532, 'first_won_pct': 0.695, 'second_won_pct': 0.48100000000000004, 'bpsvd_pct': 0.5, 'bpsvd_num': 4, 'bpsvd_den': 8}",135.0,157.0,1.3,155.0,player_profile_classic,player_profile_classic,"['Ignacio Buse', 'Lukas Neumayer']"
US Open,Hard,Q1,2025-08-25,2025.0,Jaime Faria,Rio Noguchi,3-6 6-4 6-3,False,219.0,117.0,Rio Noguchi,https://www.tennisabstract.com/cgi-bin/player-classic.cgi?p=RioNoguchi,,0.83,0.011000000000000001,0.0,0.621,0.627,0.444,8.0,13.0,0.6153846153846154,110.0,JAIME FARIA,RIO NOGUCHI,3-6 6-4 6-3,2025|2025-08-25|US Open|Q1|JAIME FARIA|RIO NOGUCHI|3-6 6-4 6-3,,,,,,,,,,,,,,,,,,,,,,,,,,,
US Open,Hard,Q1,2025-08-25,2025.0,James Duckworth,Facundo Bagnis,6-4 6-2,False,462.0,106.0,Facundo Bagnis,https://www.tennisabstract.com/cgi-bin/player-classic.cgi?p=FacundoBagnis,,0.66,0.076,0.106,0.515,0.588,0.469,8.0,12.0,0.6666666666666666,83.0,JAMES DUCKWORTH,FACUNDO BAGNIS,6-4 6-2,2025|2025-08-25|US Open|Q1|JAMES DUCKWORTH|FACUNDO BAGNIS|6-4 6-2,,,,,,,,,,,,,,,,,,,,,,,,,,,
US Open,Hard,Q1,2025-08-25,2025.0,James Mccabe,Francesco Maestrelli,6-3 6-7(2) 6-4,False,155.0,176.0,Francesco Maestrelli,https://www.tennisabstract.com/cgi-bin/player-classic.cgi?p=FrancescoMaestrelli,,0.88,0.065,0.084,0.561,0.65,0.511,11.0,16.0,0.6875,161.0,JAMES MCCABE,FRANCESCO MAESTRELLI,6-3 6-7(2) 6-4,2025|2025-08-25|US Open|Q1|JAMES MCCABE|FRANCESCO MAESTRELLI|6-3 6-7(2) 6-4,,,,,,,,,,,,,,,,,,,,,,,,,,,
US Open,Hard,Q1,2025-08-25,2025.0,Jan Lennard Struff,Clement Chidekh,6-4 6-1,False,221.0,144.0,Clement Chidekh,https://www.tennisabstract.com/cgi-bin/player-classic.cgi?p=ClementChidekh,,0.69,0.017,0.068,0.542,0.43799999999999994,0.444,9.0,15.0,0.6,69.0,JAN LENNARD STRUFF,CLEMENT CHIDEKH,6-4 6-1,2025|2025-08-25|US Open|Q1|JAN LENNARD STRUFF|CLEMENT CHIDEKH|6-4 6-1,,,,,,,,,,,,,,,,,,,,,,,,,,,
US Open,Hard,Q1,2025-08-25,2025.0,Jay Clarke,Jack Satterfield,7-6(5) 6-1,False,1899.0,201.0,Jack Satterfield,https://www.tennisabstract.com/cgi-bin/player-classic.cgi?p=JackSatterfield,,0.62,0.062,0.015,0.585,0.684,0.444,2.0,4.0,0.5,94.0,JAY CLARKE,JACK SATTERFIELD,7-6(5) 6-1,2025|2025-08-25|US Open|Q1|JAY CLARKE|JACK SATTERFIELD|7-6(5) 6-1,,,,,,,,,,,,,,,,,,,,,,,,,,,
US Open,Hard,Q1,2025-08-25,2025.0,Jerome Kym,Carlos Taberner,7-6(2) 6-1,False,99.0,175.0,Carlos Taberner,https://www.tennisabstract.com/cgi-bin/player-classic.cgi?p=CarlosTaberner,,0.58,0.064,0.115,0.551,0.6509999999999999,0.4,2.0,6.0,0.3333333333333333,93.0,JEROME KYM,CARLOS TABERNER,7-6(2) 6-1,2025|2025-08-25|US Open|Q1|JEROME KYM|CARLOS TABERNER|7-6(2) 6-1,,,,,,,,,,,,,,,,,,,,,,,,,,,
US Open,Hard,Q1,2025-08-25,,Juan Manuel Cerundolo,Calvin Hemery,6-4 6-3,,,,,,,,,,,,,,,,,,,,,1.53,0.02,0.02,0.588,0.767,0.667,0.0,0.0,,0.65,0.028999999999999998,0.087,0.652,0.644,0.45799999999999996,2.0,5.0,0.4,"{'ace_pct': 0.02, 'df_pct': 0.02, 'first_in_pct': 0.588, 'first_won_pct': 0.767, 'second_won_pct': 0.667, 'bpsvd_num': 0, 'bpsvd_den': 0}","{'ace_pct': 0.028999999999999998, 'df_pct': 0.087, 'first_in_pct': 0.652, 'first_won_pct': 0.644, 'second_won_pct': 0.45799999999999996, 'bpsvd_pct': 0.4, 'bpsvd_num': 2, 'bpsvd_den': 5}",88.0,185.0,1.53,91.0,player_profile_classic,player_profile_classic,"['Calvin Hemery', 'Juan Manuel Cerundolo']"
US Open,Hard,Q1,2025-08-25,,Kimmer Coppejans,Alex Barrena,6-4 6-7(4) 6-3,,,,,,,,,,,,,,,,,,,,,1.1,0.094,0.075,0.519,0.691,0.47100000000000003,7.0,11.0,0.6363636363636364,0.91,0.025,0.051,0.61,0.556,0.522,12.0,18.0,0.6666666666666666,"{'ace_pct': 0.094, 'df_pct': 0.075, 'first_in_pct': 0.519, 'first_won_pct': 0.691, 'second_won_pct': 0.47100000000000003, 'bpsvd_pct': 0.6363636363636364, 'bpsvd_num': 7, 'bpsvd_den': 11}","{'ace_pct': 0.025, 'df_pct': 0.051, 'first_in_pct': 0.61, 'first_won_pct': 0.556, 'second_won_pct': 0.522, 'bpsvd_pct': 0.6666666666666666, 'bpsvd_num': 12, 'bpsvd_den': 18}",193.0,228.0,1.1,154.0,player_profile_classic,player_profile_classic,"['Alex Barrena', 'Kimmer Coppejans']"
US Open,Hard,Q1,2025-08-25,,Kyrian Jacquet,Liam Draxl,7-5 6-2,,,,,,,,,,,,,,,,,,,,,1.17,0.095,0.016,0.429,0.852,0.556,5.0,5.0,1.0,0.86,0.111,0.185,0.519,0.821,0.423,0.0,3.0,0.0,"{'ace_pct': 0.095, 'df_pct': 0.016, 'first_in_pct': 0.429, 'first_won_pct': 0.852, 'second_won_pct': 0.556, 'bpsvd_pct': 1.0, 'bpsvd_num': 5, 'bpsvd_den': 5}","{'ace_pct': 0.111, 'df_pct': 0.185, 'first_in_pct': 0.519, 'first_won_pct': 0.821, 'second_won_pct': 0.423, 'bpsvd_pct': 0.0, 'bpsvd_num': 0, 'bpsvd_den': 3}",164.0,114.0,1.17,78.0,player_profile_classic,player_profile_classic,"['Kyrian Jacquet', 'Liam Draxl']"
US Open,Hard,Q1,2025-08-25,,Leandro Riedi,Luka Pavlovic,6-2 7-6(3),,,,,,,,,,,,,,,,,,,,,1.32,0.133,0.09300000000000001,0.5329999999999999,0.75,0.5429999999999999,5.0,7.0,0.7142857142857143,0.76,0.129,0.059000000000000004,0.565,0.6459999999999999,0.405,9.0,13.0,0.6923076923076923,"{'ace_pct': 0.133, 'df_pct': 0.09300000000000001, 'first_in_pct': 0.5329999999999999, 'first_won_pct': 0.75, 'second_won_pct': 0.5429999999999999, 'bpsvd_pct': 0.7142857142857143, 'bpsvd_num': 5, 'bpsvd_den': 7}","{'ace_pct': 0.129, 'df_pct': 0.059000000000000004, 'first_in_pct': 0.565, 'first_won_pct': 0.6459999999999999, 'second_won_pct': 0.405, 'bpsvd_pct': 0.6923076923076923, 'bpsvd_num': 9, 'bpsvd_den': 13}",435.0,196.0,1.32,97.0,player_profile_classic,player_profile_classic,"['Leandro Riedi', 'Luka Pavlovic']"
US Open,Hard,Q1,2025-08-25,2025.0,Llamas Ruiz,Yannick Hanfmann,1-6 6-3 6-4,True,361.0,132.0,Pablo Llamas Ruiz,https://www.tennisabstract.com/cgi-bin/player-classic.cgi?p=PabloLlamasRuiz,,0.94,0.034,0.034,0.568,0.7,0.5529999999999999,9.0,11.0,0.8181818181818182,122.0,LLAMAS RUIZ,YANNICK HANFMANN,1-6 6-3 6-4,2025|2025-08-25|US Open|Q1|LLAMAS RUIZ|YANNICK HANFMANN|1-6 6-3 6-4,,,,,,,,,,,,,,,,,,,,,,,,,,,
US Open,Hard,Q1,2025-08-25,,Lloyd Harris,Daniel Evans,6-4 3-6 7-5,,,,,,,,,,,,,,,,,,,,,1.09,0.10099999999999999,0.045,0.517,0.7609999999999999,0.535,1.0,3.0,0.3333333333333333,0.92,0.046,0.027999999999999997,0.611,0.742,0.429,6.0,9.0,0.6666666666666666,"{'ace_pct': 0.10099999999999999, 'df_pct': 0.045, 'first_in_pct': 0.517, 'first_won_pct': 0.7609999999999999, 'second_won_pct': 0.535, 'bpsvd_pct': 0.3333333333333333, 'bpsvd_num': 1, 'bpsvd_den': 3}","{'ace_pct': 0.046, 'df_pct': 0.027999999999999997, 'first_in_pct': 0.611, 'first_won_pct': 0.742, 'second_won_pct': 0.429, 'bpsvd_pct': 0.6666666666666666, 'bpsvd_num': 6, 'bpsvd_den': 9}",353.0,136.0,1.09,157.0,player_profile_classic,player_profile_classic,"['Daniel Evans', 'Lloyd Harris']"
US Open,Hard,Q1,2025-08-25,2025.0,Luca Van Assche,Dusan Lajovic,6-3 6-1,False,128.0,204.0,Dusan Lajovic,https://www.tennisabstract.com/cgi-bin/player-classic.cgi?p=DusanLajovic,,0.66,0.083,0.063,0.6459999999999999,0.581,0.294,5.0,10.0,0.5,69.0,LUCA VAN ASSCHE,DUSAN LAJOVIC,6-3 6-1,2025|2025-08-25|US Open|Q1|LUCA VAN ASSCHE|DUSAN LAJOVIC|6-3 6-1,,,,,,,,,,,,,,,,,,,,,,,,,,,
US Open,Hard,Q1,2025-08-25,,Marc Andrea Huesler,Stefano Napolitano,6-3 6-7(2) 6-4,,,,,,,,,,,,,,,,,,,,,1.86,0.195,0.0,0.585,0.833,0.765,2.0,3.0,0.6666666666666666,0.54,0.064,0.018000000000000002,0.555,0.721,0.531,6.0,9.0,0.6666666666666666,"{'ace_pct': 0.195, 'df_pct': 0.0, 'first_in_pct': 0.585, 'first_won_pct': 0.833, 'second_won_pct': 0.765, 'bpsvd_pct': 0.6666666666666666, 'bpsvd_num': 2, 'bpsvd_den': 3}","{'ace_pct': 0.064, 'df_pct': 0.018000000000000002, 'first_in_pct': 0.555, 'first_won_pct': 0.721, 'second_won_pct': 0.531, 'bpsvd_pct': 0.6666666666666666, 'bpsvd_num': 6, 'bpsvd_den': 9}",227.0,769.0,1.86,142.0,player_profile_classic,player_profile_classic,"['Marc Andrea Huesler', 'Stefano Napolitano']"
US Open,Hard,Q1,2025-08-25,,Marco Trungelliti,Christopher Eubanks,7-5 3-6 6-3,,,,,,,,,,,,,,,,,,,,,1.07,0.028999999999999998,0.038,0.5670000000000001,0.627,0.622,7.0,9.0,0.7777777777777778,0.94,0.064,0.073,0.609,0.731,0.395,9.0,12.0,0.75,"{'ace_pct': 0.028999999999999998, 'df_pct': 0.038, 'first_in_pct': 0.5670000000000001, 'first_won_pct': 0.627, 'second_won_pct': 0.622, 'bpsvd_pct': 0.7777777777777778, 'bpsvd_num': 7, 'bpsvd_den': 9}","{'ace_pct': 0.064, 'df_pct': 0.073, 'first_in_pct': 0.609, 'first_won_pct': 0.731, 'second_won_pct': 0.395, 'bpsvd_pct': 0.75, 'bpsvd_num': 9, 'bpsvd_den': 12}",183.0,179.0,1.07,152.0,player_profile_classic,player_profile_classic,"['Christopher Eubanks', 'Marco Trungelliti']"
US Open,Hard,Q1,2025-08-25,,Martin Damm,Stefano Travaglia,6-3 6-2,,,,,,,,,,,,,,,,,,,,,1.38,0.145,0.032,0.71,0.773,0.389,8.0,9.0,0.8888888888888888,0.72,0.048,0.016,0.5479999999999999,0.5589999999999999,0.5,2.0,6.0,0.3333333333333333,"{'ace_pct': 0.145, 'df_pct': 0.032, 'first_in_pct': 0.71, 'first_won_pct': 0.773, 'second_won_pct': 0.389, 'bpsvd_pct': 0.8888888888888888, 'bpsvd_num': 8, 'bpsvd_den': 9}","{'ace_pct': 0.048, 'df_pct': 0.016, 'first_in_pct': 0.5479999999999999, 'first_won_pct': 0.5589999999999999, 'second_won_pct': 0.5, 'bpsvd_pct': 0.3333333333333333, 'bpsvd_num': 2, 'bpsvd_den': 6}",431.0,208.0,1.38,76.0,player_profile_classic,player_profile_classic,"['Martin Damm', 'Stefano Travaglia']"
US Open,Hard,Q1,2025-08-25,,Martin Landaluce,Clement Tabur,6-4 6-4,,,,,,,,,,,,,,,,,,,,,1.35,0.113,0.019,0.604,0.75,0.47600000000000003,3.0,6.0,0.5,0.74,0.03,0.076,0.545,0.583,0.433,4.0,9.0,0.4444444444444444,"{'ace_pct': 0.113, 'df_pct': 0.019, 'first_in_pct': 0.604, 'first_won_pct': 0.75, 'second_won_pct': 0.47600000000000003, 'bpsvd_pct': 0.5, 'bpsvd_num': 3, 'bpsvd_den': 6}","{'ace_pct': 0.03, 'df_pct': 0.076, 'first_in_pct': 0.545, 'first_won_pct': 0.583, 'second_won_pct': 0.433, 'bpsvd_pct': 0.4444444444444444, 'bpsvd_num': 4, 'bpsvd_den': 9}",138.0,242.0,1.35,92.0,player_profile_classic,player_profile_classic,"['Clement Tabur', 'Martin Landaluce']"
US Open,Hard,Q1,2025-08-25,,Matteo Gigante,Edas Butvilas,3-6 6-4 6-2,,,,,,,,,,,,,,,,,,,,,1.07,0.0,0.098,0.47600000000000003,0.7440000000000001,0.465,6.0,10.0,0.6,0.93,0.091,0.045,0.545,0.625,0.5,7.0,12.0,0.5833333333333334,"{'ace_pct': 0.0, 'df_pct': 0.098, 'first_in_pct': 0.47600000000000003, 'first_won_pct': 0.7440000000000001, 'second_won_pct': 0.465, 'bpsvd_pct': 0.6, 'bpsvd_num': 6, 'bpsvd_den': 10}","{'ace_pct': 0.091, 'df_pct': 0.045, 'first_in_pct': 0.545, 'first_won_pct': 0.625, 'second_won_pct': 0.5, 'bpsvd_pct': 0.5833333333333334, 'bpsvd_num': 7, 'bpsvd_den': 12}",130.0,249.0,1.07,111.0,player_profile_classic,player_profile_classic,"['Edas Butvilas', 'Matteo Gigante']"
US Open,Hard,Q1,2025-08-25,2025.0,Merida Aguilar,Dalibor Svrcina,1-6 6-3 7-5,True,170.0,97.0,Daniel Merida Aguilar,https://www.tennisabstract.com/cgi-bin/player-classic.cgi?p=DanielMeridaAguilar,,1.0,0.021,0.063,0.695,0.591,0.379,9.0,15.0,0.6,119.0,MERIDA AGUILAR,DALIBOR SVRCINA,1-6 6-3 7-5,2025|2025-08-25|US Open|Q1|MERIDA AGUILAR|DALIBOR SVRCINA|1-6 6-3 7-5,,,,,,,,,,,,,,,,,,,,,,,,,,,
US Open,Hard,Q1,2025-08-25,,Michael Zheng,Yasutaka Uchiyama,6-2 6-3,,,,,,,,,,,,,,,,,,,,,2.09,0.075,0.05,0.525,0.857,0.632,2.0,3.0,0.6666666666666666,0.48,0.028999999999999998,0.043,0.565,0.59,0.33299999999999996,7.0,12.0,0.5833333333333334,"{'ace_pct': 0.075, 'df_pct': 0.05, 'first_in_pct': 0.525, 'first_won_pct': 0.857, 'second_won_pct': 0.632, 'bpsvd_pct': 0.6666666666666666, 'bpsvd_num': 2, 'bpsvd_den': 3}","{'ace_pct': 0.028999999999999998, 'df_pct': 0.043, 'first_in_pct': 0.565, 'first_won_pct': 0.59, 'second_won_pct': 0.33299999999999996, 'bpsvd_pct': 0.5833333333333334, 'bpsvd_num': 7, 'bpsvd_den': 12}",321.0,225.0,2.09,68.0,player_profile_classic,player_profile_classic,"['Michael Zheng', 'Yasutaka Uchiyama']"
US Open,Hard,Q1,2025-08-25,,Mikhail Kukushkin,Andrea Pellegrino,7-6(4) 6-3,,,,,,,,,,,,,,,,,,,,,1.21,0.07,0.0,0.563,0.725,0.581,2.0,4.0,0.5,0.83,0.091,0.03,0.5,0.606,0.5760000000000001,6.0,9.0,0.6666666666666666,"{'ace_pct': 0.07, 'df_pct': 0.0, 'first_in_pct': 0.563, 'first_won_pct': 0.725, 'second_won_pct': 0.581, 'bpsvd_pct': 0.5, 'bpsvd_num': 2, 'bpsvd_den': 4}","{'ace_pct': 0.091, 'df_pct': 0.03, 'first_in_pct': 0.5, 'first_won_pct': 0.606, 'second_won_pct': 0.5760000000000001, 'bpsvd_pct': 0.6666666666666666, 'bpsvd_num': 6, 'bpsvd_den': 9}",234.0,141.0,1.21,97.0,player_profile_classic,player_profile_classic,"['Andrea Pellegrino', 'Mikhail Kukushkin']"
US Open,Hard,Q1,2025-08-25,2025.0,Mitchell Krueger,Rodriguez Taverna,6-3 5-7 6-1,False,207.0,186.0,Santiago Fa Rodriguez Taverna,https://www.tennisabstract.com/cgi-bin/player-classic.cgi?p=SantiagoFaRodriguezTaverna,,0.76,0.08,0.023,0.6779999999999999,0.5589999999999999,0.607,4.0,8.0,0.5,118.0,MITCHELL KRUEGER,RODRIGUEZ TAVERNA,6-3 5-7 6-1,2025|2025-08-25|US Open|Q1|MITCHELL KRUEGER|RODRIGUEZ TAVERNA|6-3 5-7 6-1,,,,,,,,,,,,,,,,,,,,,,,,,,,
US Open,Hard,Q1,2025-08-25,2025.0,Mitchell Krueger,Santiago Fa Rodriguez Taverna,6-3 5-7 6-1,True,186.0,207.0,Mitchell Krueger,https://www.tennisabstract.com/cgi-bin/player-classic.cgi?p=MitchellKrueger,,1.32,0.092,0.023,0.6779999999999999,0.78,0.46399999999999997,1.0,2.0,0.5,118.0,MITCHELL KRUEGER,SANTIAGO FA RODRIGUEZ TAVERNA,6-3 5-7 6-1,2025|2025-08-25|US Open|Q1|MITCHELL KRUEGER|SANTIAGO FA RODRIGUEZ TAVERNA|6-3 5-7 6-1,,,,,,,,,,,,,,,,,,,,,,,,,,,
US Open,Hard,Q1,2025-08-25,,Murphy Cassone,Thiago Monteiro,6-3 5-7 7-5,,,,,,,,,,,,,,,,,,,,,1.02,0.081,0.061,0.636,0.778,0.361,3.0,7.0,0.42857142857142855,0.98,0.053,0.043,0.628,0.7120000000000001,0.457,4.0,9.0,0.4444444444444444,"{'ace_pct': 0.081, 'df_pct': 0.061, 'first_in_pct': 0.636, 'first_won_pct': 0.778, 'second_won_pct': 0.361, 'bpsvd_pct': 0.42857142857142855, 'bpsvd_num': 3, 'bpsvd_den': 7}","{'ace_pct': 0.053, 'df_pct': 0.043, 'first_in_pct': 0.628, 'first_won_pct': 0.7120000000000001, 'second_won_pct': 0.457, 'bpsvd_pct': 0.4444444444444444, 'bpsvd_num': 4, 'bpsvd_den': 9}",180.0,169.0,1.02,143.0,player_profile_classic,player_profile_classic,"['Murphy Cassone', 'Thiago Monteiro']"
US Open,Hard,Q1,2025-08-25,,Nikoloz Basilashvili,Gauthier Onclin,7-6(6) 5-7 6-1,,,,,,,,,,,,,,,,,,,,,1.13,0.075,0.092,0.5329999999999999,0.797,0.375,5.0,10.0,0.5,0.88,0.017,0.06,0.598,0.643,0.40399999999999997,5.0,11.0,0.45454545454545453,"{'ace_pct': 0.075, 'df_pct': 0.092, 'first_in_pct': 0.5329999999999999, 'first_won_pct': 0.797, 'second_won_pct': 0.375, 'bpsvd_pct': 0.5, 'bpsvd_num': 5, 'bpsvd_den': 10}","{'ace_pct': 0.017, 'df_pct': 0.06, 'first_in_pct': 0.598, 'first_won_pct': 0.643, 'second_won_pct': 0.40399999999999997, 'bpsvd_pct': 0.45454545454545453, 'bpsvd_num': 5, 'bpsvd_den': 11}",108.0,213.0,1.13,165.0,player_profile_classic,player_profile_classic,"['Gauthier Onclin', 'Nikoloz Basilashvili']"
US Open,Hard,Q1,2025-08-25,,Oliver Crawford,Alex Bolt,5-7 6-4 6-4,,,,,,,,,,,,,,,,,,,,,0.98,0.073,0.055,0.655,0.708,0.447,7.0,10.0,0.7,1.02,0.069,0.01,0.627,0.6559999999999999,0.579,7.0,11.0,0.6363636363636364,"{'ace_pct': 0.073, 'df_pct': 0.055, 'first_in_pct': 0.655, 'first_won_pct': 0.708, 'second_won_pct': 0.447, 'bpsvd_pct': 0.7, 'bpsvd_num': 7, 'bpsvd_den': 10}","{'ace_pct': 0.069, 'df_pct': 0.01, 'first_in_pct': 0.627, 'first_won_pct': 0.6559999999999999, 'second_won_pct': 0.579, 'bpsvd_pct': 0.6363636363636364, 'bpsvd_num': 7, 'bpsvd_den': 11}",230.0,218.0,0.98,143.0,player_profile_classic,player_profile_classic,"['Alex Bolt', 'Oliver Crawford']"
US Open,Hard,Q1,2025-08-25,,Otto Virtanen,Benjamin Willwerth,6-7(5) 6-3 6-2,,,,,,,,,,,,,,,,,,,,,1.07,0.077,0.10300000000000001,0.632,0.77,0.465,8.0,9.0,0.8888888888888888,0.94,0.024,0.012,0.6,0.667,0.588,3.0,7.0,0.42857142857142855,"{'ace_pct': 0.077, 'df_pct': 0.10300000000000001, 'first_in_pct': 0.632, 'first_won_pct': 0.77, 'second_won_pct': 0.465, 'bpsvd_pct': 0.8888888888888888, 'bpsvd_num': 8, 'bpsvd_den': 9}","{'ace_pct': 0.024, 'df_pct': 0.012, 'first_in_pct': 0.6, 'first_won_pct': 0.667, 'second_won_pct': 0.588, 'bpsvd_pct': 0.42857142857142855, 'bpsvd_num': 3, 'bpsvd_den': 7}",123.0,1182.0,1.07,106.0,player_profile_classic,player_profile_classic,"['Benjamin Willwerth', 'Otto Virtanen']"
US Open,Hard,Q1,2025-08-25,2025.0,Pacheco Mendez,Sascha Gueymard Wayenburg,6-7(2) 6-3 6-1,True,224.0,206.0,Rodrigo Pacheco Mendez,https://www.tennisabstract.com/cgi-bin/player-classic.cgi?p=RodrigoPachecoMendez,,1.18,0.040999999999999995,0.040999999999999995,0.684,0.657,0.516,6.0,8.0,0.75,137.0,PACHECO MENDEZ,SASCHA GUEYMARD WAYENBURG,6-7(2) 6-3 6-1,2025|2025-08-25|US Open|Q1|PACHECO MENDEZ|SASCHA GUEYMARD WAYENBURG|6-7(2) 6-3 6-1,,,,,,,,,,,,,,,,,,,,,,,,,,,
US Open,Hard,Q1,2025-08-25,,Patrick Maloney,Elias Ymer,6-3 7-6(3),,,,,,,,,,,,,,,,,,,,,1.35,0.156,0.047,0.547,0.8859999999999999,0.586,0.0,1.0,0.0,0.74,0.12300000000000001,0.031,0.677,0.727,0.524,1.0,3.0,0.3333333333333333,"{'ace_pct': 0.156, 'df_pct': 0.047, 'first_in_pct': 0.547, 'first_won_pct': 0.8859999999999999, 'second_won_pct': 0.586, 'bpsvd_pct': 0.0, 'bpsvd_num': 0, 'bpsvd_den': 1}","{'ace_pct': 0.12300000000000001, 'df_pct': 0.031, 'first_in_pct': 0.677, 'first_won_pct': 0.727, 'second_won_pct': 0.524, 'bpsvd_pct': 0.3333333333333333, 'bpsvd_num': 1, 'bpsvd_den': 3}",324.0,231.0,1.35,91.0,player_profile_classic,player_profile_classic,"['Elias Ymer', 'Patrick Maloney']"
US Open,Hard,Q1,2025-08-25,2025.0,Rei Sakamoto,Tyler Zink,4-6 7-5 7-6(8),True,197.0,348.0,Rei Sakamoto,https://www.tennisabstract.com/cgi-bin/player-classic.cgi?p=ReiSakamoto,,1.12,0.085,0.085,0.575,0.6559999999999999,0.622,4.0,7.0,0.5714285714285714,171.0,REI SAKAMOTO,TYLER ZINK,4-6 7-5 7-6(8),2025|2025-08-25|US Open|Q1|REI SAKAMOTO|TYLER ZINK|4-6 7-5 7-6(8),,,,,,,,,,,,,,,,,,,,,,,,,,,
US Open,Hard,Q1,2025-08-25,2025.0,Rodrigo Pacheco Mendez,Gueymard Wayenburg,6-7(2) 6-3 6-1,False,206.0,224.0,Sascha Gueymard Wayenburg,https://www.tennisabstract.com/cgi-bin/player-classic.cgi?p=SaschaGueymardWayenburg,,0.85,0.042,0.052000000000000005,0.563,0.574,0.5,7.0,13.0,0.5384615384615384,137.0,RODRIGO PACHECO MENDEZ,GUEYMARD WAYENBURG,6-7(2) 6-3 6-1,2025|2025-08-25|US Open|Q1|RODRIGO PACHECO MENDEZ|GUEYMARD WAYENBURG|6-7(2) 6-3 6-1,,,,,,,,,,,,,,,,,,,,,,,,,,,
US Open,Hard,Q1,2025-08-25,,Roman Andres Burruchaga,Justin Engel,3-6 6-3 7-5,,,,,,,,,,,,,,,,,,,,,1.26,0.051,0.038,0.628,0.7959999999999999,0.44799999999999995,0.0,3.0,0.0,0.79,0.098,0.049,0.598,0.639,0.488,8.0,12.0,0.6666666666666666,"{'ace_pct': 0.051, 'df_pct': 0.038, 'first_in_pct': 0.628, 'first_won_pct': 0.7959999999999999, 'second_won_pct': 0.44799999999999995, 'bpsvd_pct': 0.0, 'bpsvd_num': 0, 'bpsvd_den': 3}","{'ace_pct': 0.098, 'df_pct': 0.049, 'first_in_pct': 0.598, 'first_won_pct': 0.639, 'second_won_pct': 0.488, 'bpsvd_pct': 0.6666666666666666, 'bpsvd_num': 8, 'bpsvd_den': 12}",142.0,220.0,1.26,126.0,player_profile_classic,player_profile_classic,"['Justin Engel', 'Roman Andres Burruchaga']"
US Open,Hard,Q1,2025-08-25,,Shintaro Mochizuki,Jurij Rodionov,6-2 4-6 6-2,,,,,,,,,,,,,,,,,,,,,1.2,0.021,0.07200000000000001,0.46399999999999997,0.622,0.5579999999999999,7.0,10.0,0.7,0.84,0.062,0.062,0.531,0.605,0.395,4.0,10.0,0.4,"{'ace_pct': 0.021, 'df_pct': 0.07200000000000001, 'first_in_pct': 0.46399999999999997, 'first_won_pct': 0.622, 'second_won_pct': 0.5579999999999999, 'bpsvd_pct': 0.7, 'bpsvd_num': 7, 'bpsvd_den': 10}","{'ace_pct': 0.062, 'df_pct': 0.062, 'first_in_pct': 0.531, 'first_won_pct': 0.605, 'second_won_pct': 0.395, 'bpsvd_pct': 0.4, 'bpsvd_num': 4, 'bpsvd_den': 10}",112.0,154.0,1.2,115.0,player_profile_classic,player_profile_classic,"['Jurij Rodionov', 'Shintaro Mochizuki']"
US Open,Hard,Q1,2025-08-25,2025.0,Taro Daniel,Vitaliy Sachko,6-1 7-5,True,166.0,217.0,Taro Daniel,https://www.tennisabstract.com/cgi-bin/player-classic.cgi?p=TaroDaniel,,1.44,0.086,0.052000000000000005,0.552,0.75,0.5,1.0,3.0,0.3333333333333333,73.0,TARO DANIEL,VITALIY SACHKO,6-1 7-5,2025|2025-08-25|US Open|Q1|TARO DANIEL|VITALIY SACHKO|6-1 7-5,,,,,,,,,,,,,,,,,,,,,,,,,,,
US Open,Hard,Q1,2025-08-25,,Thiago Agustin Tirante,Jack Kennedy,6-4 6-4,,,,,,,,,,,,,,,,,,,,,1.25,0.147,0.015,0.588,0.775,0.429,8.0,10.0,0.8,0.8,0.055999999999999994,0.027999999999999997,0.625,0.511,0.593,5.0,9.0,0.5555555555555556,"{'ace_pct': 0.147, 'df_pct': 0.015, 'first_in_pct': 0.588, 'first_won_pct': 0.775, 'second_won_pct': 0.429, 'bpsvd_pct': 0.8, 'bpsvd_num': 8, 'bpsvd_den': 10}","{'ace_pct': 0.055999999999999994, 'df_pct': 0.027999999999999997, 'first_in_pct': 0.625, 'first_won_pct': 0.511, 'second_won_pct': 0.593, 'bpsvd_pct': 0.5555555555555556, 'bpsvd_num': 5, 'bpsvd_den': 9}",115.0,1180.0,1.25,100.0,player_profile_classic,player_profile_classic,"['Jack Kennedy', 'Thiago Agustin Tirante']"
US Open,Hard,Q1,2025-08-25,,Titouan Droguet,Alibek Kachmazov,6-1 4-2 RET,,,,,,,,,,,,,,,,,,,,,1.61,0.14300000000000002,0.048,0.619,0.769,0.625,1.0,1.0,1.0,0.62,0.0,0.027000000000000003,0.757,0.607,0.33299999999999996,3.0,6.0,0.5,"{'ace_pct': 0.14300000000000002, 'df_pct': 0.048, 'first_in_pct': 0.619, 'first_won_pct': 0.769, 'second_won_pct': 0.625, 'bpsvd_pct': 1.0, 'bpsvd_num': 1, 'bpsvd_den': 1}","{'ace_pct': 0.0, 'df_pct': 0.027000000000000003, 'first_in_pct': 0.757, 'first_won_pct': 0.607, 'second_won_pct': 0.33299999999999996, 'bpsvd_pct': 0.5, 'bpsvd_num': 3, 'bpsvd_den': 6}",159.0,181.0,1.61,52.0,player_profile_classic,player_profile_classic,"['Alibek Kachmazov', 'Titouan Droguet']"
US Open,Hard,Q1,2025-08-25,2025.0,Ugo Blanchet,Borna Gojo,7-6(2) 3-6 6-3,False,209.0,184.0,Borna Gojo,https://www.tennisabstract.com/cgi-bin/player-classic.cgi?p=BornaGojo,,1.09,0.149,0.034,0.655,0.8420000000000001,0.433,0.0,1.0,0.0,125.0,UGO BLANCHET,BORNA GOJO,7-6(2) 3-6 6-3,2025|2025-08-25|US Open|Q1|UGO BLANCHET|BORNA GOJO|7-6(2) 3-6 6-3,,,,,,,,,,,,,,,,,,,,,,,,,,,
US Open,Hard,Q1,2025-08-25,2025.0,Van Assche,Dusan Lajovic,6-3 6-1,True,204.0,128.0,Luca Van Assche,https://www.tennisabstract.com/cgi-bin/player-classic.cgi?p=LucaVanAssche,,1.5,0.019,0.057999999999999996,0.7120000000000001,0.757,0.4,4.0,5.0,0.8,69.0,VAN ASSCHE,DUSAN LAJOVIC,6-3 6-1,2025|2025-08-25|US Open|Q1|VAN ASSCHE|DUSAN LAJOVIC|6-3 6-1,,,,,,,,,,,,,,,,,,,,,,,,,,,
US Open,Hard,Q1,2025-08-25,,Yibing Wu,Juan Pablo Ficovich,6-3 6-3,,,,,,,,,,,,,,,,,,,,,2.03,0.087,0.043,0.652,0.867,0.625,0.0,0.0,,0.49,0.085,0.051,0.5589999999999999,0.6970000000000001,0.385,4.0,7.0,0.5714285714285714,"{'ace_pct': 0.087, 'df_pct': 0.043, 'first_in_pct': 0.652, 'first_won_pct': 0.867, 'second_won_pct': 0.625, 'bpsvd_num': 0, 'bpsvd_den': 0}","{'ace_pct': 0.085, 'df_pct': 0.051, 'first_in_pct': 0.5589999999999999, 'first_won_pct': 0.6970000000000001, 'second_won_pct': 0.385, 'bpsvd_pct': 0.5714285714285714, 'bpsvd_num': 4, 'bpsvd_den': 7}",211.0,129.0,2.03,68.0,player_profile_classic,player_profile_classic,"['Juan Pablo Ficovich', 'Yibing Wu']"
US Open,Hard,Q1,2025-08-25,2025.0,Yuta Shimizu,Sho Shimabukuro,6-7(3) 6-3 6-3,False,198.0,223.0,Sho Shimabukuro,https://www.tennisabstract.com/cgi-bin/player-classic.cgi?p=ShoShimabukuro,,0.92,0.040999999999999995,0.040999999999999995,0.531,0.6920000000000001,0.478,4.0,9.0,0.4444444444444444,135.0,YUTA SHIMIZU,SHO SHIMABUKURO,6-7(3) 6-3 6-3,2025|2025-08-25|US Open|Q1|YUTA SHIMIZU|SHO SHIMABUKURO|6-7(3) 6-3 6-3,,,,,,,,,,,,,,,,,,,,,,,,,,,
US Open,Hard,Q1,2025-08-25,2025.0,Zachary Svajda,August Holmgren,6-2 7-6(1),False,172.0,145.0,August Holmgren,https://www.tennisabstract.com/cgi-bin/player-classic.cgi?p=AugustHolmgren,,0.33,0.14800000000000002,0.037000000000000005,0.593,0.7290000000000001,0.364,10.0,12.0,0.8333333333333334,86.0,ZACHARY SVAJDA,AUGUST HOLMGREN,6-2 7-6(1),2025|2025-08-25|US Open|Q1|ZACHARY SVAJDA|AUGUST HOLMGREN|6-2 7-6(1),,,,,,,,,,,,,,,,,,,,,,,,,,,
US Open,Hard,Q1,2025-08-25,,Zsombor Piros,Arthur Bouquier,7-5 7-6(2),,,,,,,,,,,,,,,,,,,,,1.1,0.053,0.026000000000000002,0.6970000000000001,0.679,0.609,2.0,5.0,0.4,0.91,0.21899999999999997,0.078,0.672,0.7440000000000001,0.381,2.0,6.0,0.3333333333333333,"{'ace_pct': 0.053, 'df_pct': 0.026000000000000002, 'first_in_pct': 0.6970000000000001, 'first_won_pct': 0.679, 'second_won_pct': 0.609, 'bpsvd_pct': 0.4, 'bpsvd_num': 2, 'bpsvd_den': 5}","{'ace_pct': 0.21899999999999997, 'df_pct': 0.078, 'first_in_pct': 0.672, 'first_won_pct': 0.7440000000000001, 'second_won_pct': 0.381, 'bpsvd_pct': 0.3333333333333333, 'bpsvd_num': 2, 'bpsvd_den': 6}",156.0,215.0,1.1,87.0,player_profile_classic,player_profile_classic,"['Arthur Bouquier', 'Zsombor Piros']"
US Open,Hard,Q2,2025-08-25,2025.0,Arthur Cazaux,Jay Clarke,6-3 6-4,True,79.0,201.0,Arthur Cazaux,https://www.tennisabstract.com/cgi-bin/player-classic.cgi?p=ArthurCazaux,,1.32,0.1,0.0,0.617,0.73,0.391,4.0,7.0,0.5714285714285714,95.0,ARTHUR CAZAUX,JAY CLARKE,6-3 6-4,2025|2025-08-25|US Open|Q2|ARTHUR CAZAUX|JAY CLARKE|6-3 6-4,,,,,,,,,,,,,,,,,,,,,,,,,,,
US Open,Hard,Q2,2025-08-25,,Billy Harris,Mikhail Kukushkin,6-7(5) 6-3 6-2,,,,,,,,,,,,,,,,,,,,,1.32,0.07200000000000001,0.012,0.6629999999999999,0.691,0.679,3.0,5.0,0.6,0.76,0.02,0.01,0.545,0.7040000000000001,0.444,4.0,10.0,0.4,"{'ace_pct': 0.07200000000000001, 'df_pct': 0.012, 'first_in_pct': 0.6629999999999999, 'first_won_pct': 0.691, 'second_won_pct': 0.679, 'bpsvd_pct': 0.6, 'bpsvd_num': 3, 'bpsvd_den': 5}","{'ace_pct': 0.02, 'df_pct': 0.01, 'first_in_pct': 0.545, 'first_won_pct': 0.7040000000000001, 'second_won_pct': 0.444, 'bpsvd_pct': 0.4, 'bpsvd_num': 4, 'bpsvd_den': 10}",151.0,234.0,1.32,156.0,player_profile_classic,player_profile_classic,"['Billy Harris', 'Mikhail Kukushkin']"
US Open,Hard,Q2,2025-08-25,,Coleman Wong,Matteo Gigante,4-6 6-3 7-5,,,,,,,,,,,,,,,,,,,,,1.03,0.065,0.027999999999999997,0.546,0.78,0.34700000000000003,6.0,10.0,0.6,0.97,0.055,0.121,0.44,0.65,0.51,7.0,12.0,0.5833333333333334,"{'ace_pct': 0.065, 'df_pct': 0.027999999999999997, 'first_in_pct': 0.546, 'first_won_pct': 0.78, 'second_won_pct': 0.34700000000000003, 'bpsvd_pct': 0.6, 'bpsvd_num': 6, 'bpsvd_den': 10}","{'ace_pct': 0.055, 'df_pct': 0.121, 'first_in_pct': 0.44, 'first_won_pct': 0.65, 'second_won_pct': 0.51, 'bpsvd_pct': 0.5833333333333334, 'bpsvd_num': 7, 'bpsvd_den': 12}",173.0,130.0,1.03,134.0,player_profile_classic,player_profile_classic,"['Coleman Wong', 'Matteo Gigante']"
US Open,Hard,Q2,2025-08-25,,Daniel Elahi Galan,Patrick Maloney,6-4 6-2,,,,,,,,,,,,,,,,,,,,,1.24,0.031,0.092,0.6920000000000001,0.733,0.45,7.0,7.0,1.0,0.81,0.035,0.018000000000000002,0.737,0.619,0.4,5.0,8.0,0.625,"{'ace_pct': 0.031, 'df_pct': 0.092, 'first_in_pct': 0.6920000000000001, 'first_won_pct': 0.733, 'second_won_pct': 0.45, 'bpsvd_pct': 1.0, 'bpsvd_num': 7, 'bpsvd_den': 7}","{'ace_pct': 0.035, 'df_pct': 0.018000000000000002, 'first_in_pct': 0.737, 'first_won_pct': 0.619, 'second_won_pct': 0.4, 'bpsvd_pct': 0.625, 'bpsvd_num': 5, 'bpsvd_den': 8}",131.0,324.0,1.24,86.0,player_profile_classic,player_profile_classic,"['Daniel Elahi Galan', 'Patrick Maloney']"
US Open,Hard,Q2,2025-08-25,2025.0,Daniel Merida Aguilar,Titouan Droguet,6-4 3-6 6-4,False,159.0,170.0,Titouan Droguet,https://www.tennisabstract.com/cgi-bin/player-classic.cgi?p=TitouanDroguet,,0.76,0.061,0.03,0.495,0.7140000000000001,0.54,3.0,5.0,0.6,114.0,DANIEL MERIDA AGUILAR,TITOUAN DROGUET,6-4 3-6 6-4,2025|2025-08-25|US Open|Q2|DANIEL MERIDA AGUILAR|TITOUAN DROGUET|6-4 3-6 6-4,,,,,,,,,,,,,,,,,,,,,,,,,,,
US Open,Hard,Q2,2025-08-25,2025.0,De Jong,Harold Mayot,7-6(11) 6-7(4) 6-3,True,83.0,152.0,Jesper De Jong,https://www.tennisabstract.com/cgi-bin/player-classic.cgi?p=JesperDeJong,,1.13,0.11800000000000001,0.042,0.5710000000000001,0.75,0.49,1.0,5.0,0.2,193.0,DE JONG,HAROLD MAYOT,7-6(11) 6-7(4) 6-3,2025|2025-08-25|US Open|Q2|DE JONG|HAROLD MAYOT|7-6(11) 6-7(4) 6-3,,,,,,,,,,,,,,,,,,,,,,,,,,,
US Open,Hard,Q2,2025-08-25,,Dino Prizmic,Murphy Cassone,6-3 6-2,,,,,,,,,,,,,,,,,,,,,1.3,0.076,0.091,0.561,0.8109999999999999,0.517,8.0,8.0,1.0,0.77,0.043,0.043,0.565,0.654,0.5,2.0,5.0,0.4,"{'ace_pct': 0.076, 'df_pct': 0.091, 'first_in_pct': 0.561, 'first_won_pct': 0.8109999999999999, 'second_won_pct': 0.517, 'bpsvd_pct': 1.0, 'bpsvd_num': 8, 'bpsvd_den': 8}","{'ace_pct': 0.043, 'df_pct': 0.043, 'first_in_pct': 0.565, 'first_won_pct': 0.654, 'second_won_pct': 0.5, 'bpsvd_pct': 0.4, 'bpsvd_num': 2, 'bpsvd_den': 5}",124.0,180.0,1.3,78.0,player_profile_classic,player_profile_classic,"['Dino Prizmic', 'Murphy Cassone']"
US Open,Hard,Q2,2025-08-25,,Federico Agustin Gomez,Federico Cina,6-3 2-6 7-5,,,,,,,,,,,,,,,,,,,,,0.94,0.115,0.073,0.594,0.825,0.359,5.0,8.0,0.625,1.07,0.051,0.063,0.6709999999999999,0.736,0.5,3.0,6.0,0.5,"{'ace_pct': 0.115, 'df_pct': 0.073, 'first_in_pct': 0.594, 'first_won_pct': 0.825, 'second_won_pct': 0.359, 'bpsvd_pct': 0.625, 'bpsvd_num': 5, 'bpsvd_den': 8}","{'ace_pct': 0.051, 'df_pct': 0.063, 'first_in_pct': 0.6709999999999999, 'first_won_pct': 0.736, 'second_won_pct': 0.5, 'bpsvd_pct': 0.5, 'bpsvd_num': 3, 'bpsvd_den': 6}",203.0,210.0,0.94,113.0,player_profile_classic,player_profile_classic,"['Federico Agustin Gomez', 'Federico Cina']"
US Open,Hard,Q2,2025-08-25,2025.0,Francesco Passaro,Pacheco Mendez,4-6 7-6(2) 6-4,False,224.0,120.0,Rodrigo Pacheco Mendez,https://www.tennisabstract.com/cgi-bin/player-classic.cgi?p=RodrigoPachecoMendez,,0.92,0.019,0.028999999999999998,0.625,0.6459999999999999,0.6409999999999999,8.0,10.0,0.8,138.0,FRANCESCO PASSARO,PACHECO MENDEZ,4-6 7-6(2) 6-4,2025|2025-08-25|US Open|Q2|FRANCESCO PASSARO|PACHECO MENDEZ|4-6 7-6(2) 6-4,,,,,,,,,,,,,,,,,,,,,,,,,,,
US Open,Hard,Q2,2025-08-25,2025.0,Francesco Passaro,Rodrigo Pacheco Mendez,4-6 7-6(2) 6-4,True,120.0,224.0,Francesco Passaro,https://www.tennisabstract.com/cgi-bin/player-classic.cgi?p=FrancescoPassaro,,1.09,0.149,0.059000000000000004,0.505,0.8240000000000001,0.52,1.0,3.0,0.3333333333333333,138.0,FRANCESCO PASSARO,RODRIGO PACHECO MENDEZ,4-6 7-6(2) 6-4,2025|2025-08-25|US Open|Q2|FRANCESCO PASSARO|RODRIGO PACHECO MENDEZ|4-6 7-6(2) 6-4,,,,,,,,,,,,,,,,,,,,,,,,,,,
US Open,Hard,Q2,2025-08-25,,Garrett Johns,Oliver Crawford,7-6(4) 6-3,,,,,,,,,,,,,,,,,,,,,1.1,0.106,0.024,0.435,0.703,0.521,3.0,6.0,0.5,0.91,0.053,0.08800000000000001,0.544,0.677,0.423,3.0,7.0,0.42857142857142855,"{'ace_pct': 0.106, 'df_pct': 0.024, 'first_in_pct': 0.435, 'first_won_pct': 0.703, 'second_won_pct': 0.521, 'bpsvd_pct': 0.5, 'bpsvd_num': 3, 'bpsvd_den': 6}","{'ace_pct': 0.053, 'df_pct': 0.08800000000000001, 'first_in_pct': 0.544, 'first_won_pct': 0.677, 'second_won_pct': 0.423, 'bpsvd_pct': 0.42857142857142855, 'bpsvd_num': 3, 'bpsvd_den': 7}",305.0,230.0,1.1,107.0,player_profile_classic,player_profile_classic,"['Garrett Johns', 'Oliver Crawford']"
US Open,Hard,Q2,2025-08-25,,Henrique Rocha,Bernard Tomic,7-6(4) 6-2,,,,,,,,,,,,,,,,,,,,,1.13,0.09,0.022000000000000002,0.607,0.722,0.514,5.0,6.0,0.8333333333333334,0.89,0.051,0.013000000000000001,0.62,0.6940000000000001,0.433,2.0,5.0,0.4,"{'ace_pct': 0.09, 'df_pct': 0.022000000000000002, 'first_in_pct': 0.607, 'first_won_pct': 0.722, 'second_won_pct': 0.514, 'bpsvd_pct': 0.8333333333333334, 'bpsvd_num': 5, 'bpsvd_den': 6}","{'ace_pct': 0.051, 'df_pct': 0.013000000000000001, 'first_in_pct': 0.62, 'first_won_pct': 0.6940000000000001, 'second_won_pct': 0.433, 'bpsvd_pct': 0.4, 'bpsvd_num': 2, 'bpsvd_den': 5}",167.0,168.0,1.13,118.0,player_profile_classic,player_profile_classic,"['Bernard Tomic', 'Henrique Rocha']"
US Open,Hard,Q2,2025-08-25,,Hugo Grenier,Martin Landaluce,6-3 7-6(3),,,,,,,,,,,,,,,,,,,,,1.03,0.051,0.025,0.684,0.667,0.6,6.0,7.0,0.8571428571428571,0.97,0.033,0.017,0.6829999999999999,0.732,0.42100000000000004,0.0,2.0,0.0,"{'ace_pct': 0.051, 'df_pct': 0.025, 'first_in_pct': 0.684, 'first_won_pct': 0.667, 'second_won_pct': 0.6, 'bpsvd_pct': 0.8571428571428571, 'bpsvd_num': 6, 'bpsvd_den': 7}","{'ace_pct': 0.033, 'df_pct': 0.017, 'first_in_pct': 0.6829999999999999, 'first_won_pct': 0.732, 'second_won_pct': 0.42100000000000004, 'bpsvd_pct': 0.0, 'bpsvd_num': 0, 'bpsvd_den': 2}",188.0,138.0,1.03,115.0,player_profile_classic,player_profile_classic,"['Hugo Grenier', 'Martin Landaluce']"
US Open,Hard,Q2,2025-08-25,,Ignacio Buse,Rei Sakamoto,6-4 4-6 6-4,,,,,,,,,,,,,,,,,,,,,1.15,0.035,0.035,0.7090000000000001,0.705,0.4,4.0,8.0,0.5,0.87,0.02,0.049,0.637,0.615,0.45899999999999996,2.0,7.0,0.2857142857142857,"{'ace_pct': 0.035, 'df_pct': 0.035, 'first_in_pct': 0.7090000000000001, 'first_won_pct': 0.705, 'second_won_pct': 0.4, 'bpsvd_pct': 0.5, 'bpsvd_num': 4, 'bpsvd_den': 8}","{'ace_pct': 0.02, 'df_pct': 0.049, 'first_in_pct': 0.637, 'first_won_pct': 0.615, 'second_won_pct': 0.45899999999999996, 'bpsvd_pct': 0.2857142857142857, 'bpsvd_num': 2, 'bpsvd_den': 7}",135.0,197.0,1.15,131.0,player_profile_classic,player_profile_classic,"['Ignacio Buse', 'Rei Sakamoto']"
US Open,Hard,Q2,2025-08-25,2025.0,Jaime Faria,Giulio Zeppieri,7-6(5) 7-5,False,260.0,117.0,Giulio Zeppieri,https://www.tennisabstract.com/cgi-bin/player-classic.cgi?p=GiulioZeppieri,,0.93,0.085,0.064,0.5529999999999999,0.75,0.452,10.0,12.0,0.8333333333333334,111.0,JAIME FARIA,GIULIO ZEPPIERI,7-6(5) 7-5,2025|2025-08-25|US Open|Q2|JAIME FARIA|GIULIO ZEPPIERI|7-6(5) 7-5,,,,,,,,,,,,,,,,,,,,,,,,,,,
US Open,Hard,Q2,2025-08-25,2025.0,Jan Lennard Struff,Taro Daniel,2-6 6-4 6-1,False,166.0,144.0,Taro Daniel,https://www.tennisabstract.com/cgi-bin/player-classic.cgi?p=TaroDaniel,,0.89,0.06,0.06,0.578,0.625,0.457,5.0,9.0,0.5555555555555556,114.0,JAN LENNARD STRUFF,TARO DANIEL,2-6 6-4 6-1,2025|2025-08-25|US Open|Q2|JAN LENNARD STRUFF|TARO DANIEL|2-6 6-4 6-1,,,,,,,,,,,,,,,,,,,,,,,,,,,
US Open,Hard,Q2,2025-08-25,2025.0,Jason Kubler,Kyrian Jacquet,6-4 6-2,False,164.0,195.0,Kyrian Jacquet,https://www.tennisabstract.com/cgi-bin/player-classic.cgi?p=KyrianJacquet,,0.44,0.068,0.11,0.43799999999999994,0.688,0.439,9.0,12.0,0.75,78.0,JASON KUBLER,KYRIAN JACQUET,6-4 6-2,2025|2025-08-25|US Open|Q2|JASON KUBLER|KYRIAN JACQUET|6-4 6-2,,,,,,,,,,,,,,,,,,,,,,,,,,,
US Open,Hard,Q2,2025-08-25,2025.0,Jerome Kym,Michael Zheng,6-3 6-4,False,321.0,175.0,Michael Zheng,https://www.tennisabstract.com/cgi-bin/player-classic.cgi?p=MichaelZheng,,0.73,0.033,0.0,0.59,0.6940000000000001,0.56,6.0,8.0,0.75,78.0,JEROME KYM,MICHAEL ZHENG,6-3 6-4,2025|2025-08-25|US Open|Q2|JEROME KYM|MICHAEL ZHENG|6-3 6-4,,,,,,,,,,,,,,,,,,,,,,,,,,,
US Open,Hard,Q2,2025-08-25,2025.0,Jesper De Jong,Harold Mayot,7-6(11) 6-7(4) 6-3,False,152.0,83.0,Harold Mayot,https://www.tennisabstract.com/cgi-bin/player-classic.cgi?p=HaroldMayot,,0.89,0.044000000000000004,0.052000000000000005,0.615,0.675,0.462,15.0,20.0,0.75,193.0,JESPER DE JONG,HAROLD MAYOT,7-6(11) 6-7(4) 6-3,2025|2025-08-25|US Open|Q2|JESPER DE JONG|HAROLD MAYOT|7-6(11) 6-7(4) 6-3,,,,,,,,,,,,,,,,,,,,,,,,,,,
US Open,Hard,Q2,2025-08-25,,Kimmer Coppejans,Alexander Blockx,7-6(5) RET,,,,,,,,,,,,,,,,,,,,,1.2,0.051,0.077,0.6409999999999999,0.8,0.429,2.0,3.0,0.6666666666666666,0.83,0.075,0.025,0.6,0.75,0.375,0.0,1.0,0.0,"{'ace_pct': 0.051, 'df_pct': 0.077, 'first_in_pct': 0.6409999999999999, 'first_won_pct': 0.8, 'second_won_pct': 0.429, 'bpsvd_pct': 0.6666666666666666, 'bpsvd_num': 2, 'bpsvd_den': 3}","{'ace_pct': 0.075, 'df_pct': 0.025, 'first_in_pct': 0.6, 'first_won_pct': 0.75, 'second_won_pct': 0.375, 'bpsvd_pct': 0.0, 'bpsvd_num': 0, 'bpsvd_den': 1}",193.0,116.0,1.2,65.0,player_profile_classic,player_profile_classic,"['Alexander Blockx', 'Kimmer Coppejans']"
US Open,Hard,Q2,2025-08-25,,Leandro Riedi,Otto Virtanen,7-6(8) 6-4,,,,,,,,,,,,,,,,,,,,,1.16,0.073,0.049,0.6459999999999999,0.736,0.414,6.0,8.0,0.75,0.86,0.068,0.055,0.43799999999999994,0.625,0.512,2.0,5.0,0.4,"{'ace_pct': 0.073, 'df_pct': 0.049, 'first_in_pct': 0.6459999999999999, 'first_won_pct': 0.736, 'second_won_pct': 0.414, 'bpsvd_pct': 0.75, 'bpsvd_num': 6, 'bpsvd_den': 8}","{'ace_pct': 0.068, 'df_pct': 0.055, 'first_in_pct': 0.43799999999999994, 'first_won_pct': 0.625, 'second_won_pct': 0.512, 'bpsvd_pct': 0.4, 'bpsvd_num': 2, 'bpsvd_den': 5}",435.0,123.0,1.16,87.0,player_profile_classic,player_profile_classic,"['Leandro Riedi', 'Otto Virtanen']"
US Open,Hard,Q2,2025-08-25,2025.0,Llamas Ruiz,Andres Martin,6-4 6-4,True,361.0,280.0,Pablo Llamas Ruiz,https://www.tennisabstract.com/cgi-bin/player-classic.cgi?p=PabloLlamasRuiz,,1.09,0.036000000000000004,0.024,0.627,0.596,0.5479999999999999,13.0,15.0,0.8666666666666667,122.0,LLAMAS RUIZ,ANDRES MARTIN,6-4 6-4,2025|2025-08-25|US Open|Q2|LLAMAS RUIZ|ANDRES MARTIN|6-4 6-4,,,,,,,,,,,,,,,,,,,,,,,,,,,
US Open,Hard,Q2,2025-08-25,,Lloyd Harris,Fajing Sun,6-2 6-2,,,,,,,,,,,,,,,,,,,,,2.36,0.205,0.023,0.614,0.815,0.706,1.0,1.0,1.0,0.42,0.036000000000000004,0.054000000000000006,0.5710000000000001,0.563,0.33299999999999996,5.0,9.0,0.5555555555555556,"{'ace_pct': 0.205, 'df_pct': 0.023, 'first_in_pct': 0.614, 'first_won_pct': 0.815, 'second_won_pct': 0.706, 'bpsvd_pct': 1.0, 'bpsvd_num': 1, 'bpsvd_den': 1}","{'ace_pct': 0.036000000000000004, 'df_pct': 0.054000000000000006, 'first_in_pct': 0.5710000000000001, 'first_won_pct': 0.563, 'second_won_pct': 0.33299999999999996, 'bpsvd_pct': 0.5555555555555556, 'bpsvd_num': 5, 'bpsvd_den': 9}",353.0,238.0,2.36,73.0,player_profile_classic,player_profile_classic,"['Fajing Sun', 'Lloyd Harris']"
US Open,Hard,Q2,2025-08-25,,Marc Andrea Huesler,Nikoloz Basilashvili,7-6(4) 7-5,,,,,,,,,,,,,,,,,,,,,1.15,0.095,0.027000000000000003,0.622,0.7609999999999999,0.607,0.0,1.0,0.0,0.87,0.066,0.053,0.605,0.7390000000000001,0.5329999999999999,4.0,6.0,0.6666666666666666,"{'ace_pct': 0.095, 'df_pct': 0.027000000000000003, 'first_in_pct': 0.622, 'first_won_pct': 0.7609999999999999, 'second_won_pct': 0.607, 'bpsvd_pct': 0.0, 'bpsvd_num': 0, 'bpsvd_den': 1}","{'ace_pct': 0.066, 'df_pct': 0.053, 'first_in_pct': 0.605, 'first_won_pct': 0.7390000000000001, 'second_won_pct': 0.5329999999999999, 'bpsvd_pct': 0.6666666666666666, 'bpsvd_num': 4, 'bpsvd_den': 6}",227.0,108.0,1.15,96.0,player_profile_classic,player_profile_classic,"['Marc Andrea Huesler', 'Nikoloz Basilashvili']"
US Open,Hard,Q2,2025-08-25,,Marco Trungelliti,Cristian Garin,7-6(3) 7-5,,,,,,,,,,,,,,,,,,,,,1.17,0.011000000000000001,0.068,0.489,0.721,0.556,8.0,10.0,0.8,0.86,0.069,0.069,0.609,0.642,0.47100000000000003,6.0,9.0,0.6666666666666666,"{'ace_pct': 0.011000000000000001, 'df_pct': 0.068, 'first_in_pct': 0.489, 'first_won_pct': 0.721, 'second_won_pct': 0.556, 'bpsvd_pct': 0.8, 'bpsvd_num': 8, 'bpsvd_den': 10}","{'ace_pct': 0.069, 'df_pct': 0.069, 'first_in_pct': 0.609, 'first_won_pct': 0.642, 'second_won_pct': 0.47100000000000003, 'bpsvd_pct': 0.6666666666666666, 'bpsvd_num': 6, 'bpsvd_den': 9}",183.0,126.0,1.17,143.0,player_profile_classic,player_profile_classic,"['Cristian Garin', 'Marco Trungelliti']"
US Open,Hard,Q2,2025-08-25,,Martin Damm,Benjamin Hassan,7-5 7-6(5),,,,,,,,,,,,,,,,,,,,,1.29,0.20800000000000002,0.055999999999999994,0.639,0.848,0.5379999999999999,0.0,1.0,0.0,0.77,0.073,0.012,0.61,0.74,0.531,5.0,7.0,0.7142857142857143,"{'ace_pct': 0.20800000000000002, 'df_pct': 0.055999999999999994, 'first_in_pct': 0.639, 'first_won_pct': 0.848, 'second_won_pct': 0.5379999999999999, 'bpsvd_pct': 0.0, 'bpsvd_num': 0, 'bpsvd_den': 1}","{'ace_pct': 0.073, 'df_pct': 0.012, 'first_in_pct': 0.61, 'first_won_pct': 0.74, 'second_won_pct': 0.531, 'bpsvd_pct': 0.7142857142857143, 'bpsvd_num': 5, 'bpsvd_den': 7}",431.0,200.0,1.29,95.0,player_profile_classic,player_profile_classic,"['Benjamin Hassan', 'Martin Damm']"
US Open,Hard,Q2,2025-08-25,2025.0,Merida Aguilar,Titouan Droguet,6-4 3-6 6-4,True,170.0,159.0,Daniel Merida Aguilar,https://www.tennisabstract.com/cgi-bin/player-classic.cgi?p=DanielMeridaAguilar,,1.32,0.012,0.037000000000000005,0.667,0.778,0.593,1.0,2.0,0.5,114.0,MERIDA AGUILAR,TITOUAN DROGUET,6-4 3-6 6-4,2025|2025-08-25|US Open|Q2|MERIDA AGUILAR|TITOUAN DROGUET|6-4 3-6 6-4,,,,,,,,,,,,,,,,,,,,,,,,,,,
US Open,Hard,Q2,2025-08-25,,Mitchell Krueger,Andrea Collarini,7-6(4) 7-5,,,,,,,,,,,,,,,,,,,,,1.18,0.027999999999999997,0.013999999999999999,0.653,0.7659999999999999,0.48,2.0,4.0,0.5,0.85,0.025,0.038,0.595,0.617,0.594,2.0,5.0,0.4,"{'ace_pct': 0.027999999999999997, 'df_pct': 0.013999999999999999, 'first_in_pct': 0.653, 'first_won_pct': 0.7659999999999999, 'second_won_pct': 0.48, 'bpsvd_pct': 0.5, 'bpsvd_num': 2, 'bpsvd_den': 4}","{'ace_pct': 0.025, 'df_pct': 0.038, 'first_in_pct': 0.595, 'first_won_pct': 0.617, 'second_won_pct': 0.594, 'bpsvd_pct': 0.4, 'bpsvd_num': 2, 'bpsvd_den': 5}",186.0,239.0,1.18,114.0,player_profile_classic,player_profile_classic,"['Andrea Collarini', 'Mitchell Krueger']"
US Open,Hard,Q2,2025-08-25,2025.0,Pablo Llamas Ruiz,Andres Martin,6-4 6-4,False,280.0,361.0,Andres Martin,https://www.tennisabstract.com/cgi-bin/player-classic.cgi?p=AndresMartin,,0.92,0.024,0.047,0.624,0.585,0.469,10.0,14.0,0.7142857142857143,122.0,PABLO LLAMAS RUIZ,ANDRES MARTIN,6-4 6-4,2025|2025-08-25|US Open|Q2|PABLO LLAMAS RUIZ|ANDRES MARTIN|6-4 6-4,,,,,,,,,,,,,,,,,,,,,,,,,,,
US Open,Hard,Q2,2025-08-25,,Shintaro Mochizuki,Roman Andres Burruchaga,6-4 1-6 6-4,,,,,,,,,,,,,,,,,,,,,0.95,0.027999999999999997,0.042,0.514,0.595,0.486,0.0,5.0,0.0,1.05,0.0,0.023,0.644,0.643,0.419,4.0,9.0,0.4444444444444444,"{'ace_pct': 0.027999999999999997, 'df_pct': 0.042, 'first_in_pct': 0.514, 'first_won_pct': 0.595, 'second_won_pct': 0.486, 'bpsvd_pct': 0.0, 'bpsvd_num': 0, 'bpsvd_den': 5}","{'ace_pct': 0.0, 'df_pct': 0.023, 'first_in_pct': 0.644, 'first_won_pct': 0.643, 'second_won_pct': 0.419, 'bpsvd_pct': 0.4444444444444444, 'bpsvd_num': 4, 'bpsvd_den': 9}",112.0,142.0,0.95,112.0,player_profile_classic,player_profile_classic,"['Roman Andres Burruchaga', 'Shintaro Mochizuki']"
US Open,Hard,Q2,2025-08-25,2025.0,Ugo Blanchet,Dmitry Popko,6-3 6-4,False,237.0,184.0,Dmitry Popko,https://www.tennisabstract.com/cgi-bin/player-classic.cgi?p=DmitryPopko,,0.85,0.051,0.085,0.627,0.6759999999999999,0.364,2.0,5.0,0.4,90.0,UGO BLANCHET,DMITRY POPKO,6-3 6-4,2025|2025-08-25|US Open|Q2|UGO BLANCHET|DMITRY POPKO|6-3 6-4,,,,,,,,,,,,,,,,,,,,,,,,,,,
US Open,Hard,Q2,2025-08-25,2025.0,Yibing Wu,Luca Van Assche,6-3 6-3,True,211.0,204.0,Yibing Wu,https://www.tennisabstract.com/cgi-bin/player-classic.cgi?p=YibingWu,,1.52,0.102,0.051,0.5589999999999999,0.7879999999999999,0.615,7.0,7.0,1.0,87.0,YIBING WU,LUCA VAN ASSCHE,6-3 6-3,2025|2025-08-25|US Open|Q2|YIBING WU|LUCA VAN ASSCHE|6-3 6-3,,,,,,,,,,,,,,,,,,,,,,,,,,,
US Open,Hard,Q2,2025-08-25,2025.0,Yibing Wu,Van Assche,6-3 6-3,False,204.0,211.0,Luca Van Assche,https://www.tennisabstract.com/cgi-bin/player-classic.cgi?p=LucaVanAssche,,0.66,0.015,0.091,0.455,0.667,0.47200000000000003,3.0,6.0,0.5,87.0,YIBING WU,VAN ASSCHE,6-3 6-3,2025|2025-08-25|US Open|Q2|YIBING WU|VAN ASSCHE|6-3 6-3,,,,,,,,,,,,,,,,,,,,,,,,,,,
US Open,Hard,Q2,2025-08-25,2025.0,Yuta Shimizu,Juan Manuel Cerundolo,7-6(5) 7-5,False,88.0,223.0,Juan Manuel Cerundolo,https://www.tennisabstract.com/cgi-bin/player-classic.cgi?p=JuanManuelCerundolo,,0.92,0.049,0.024,0.659,0.63,0.429,0.0,0.0,,118.0,YUTA SHIMIZU,JUAN MANUEL CERUNDOLO,7-6(5) 7-5,2025|2025-08-25|US Open|Q2|YUTA SHIMIZU|JUAN MANUEL CERUNDOLO|7-6(5) 7-5,,,,,,,,,,,,,,,,,,,,,,,,,,,
US Open,Hard,Q2,2025-08-25,2025.0,Zachary Svajda,Beibit Zhukayev,6-3 7-5,False,191.0,145.0,Beibit Zhukayev,https://www.tennisabstract.com/cgi-bin/player-classic.cgi?p=BeibitZhukayev,,0.77,0.188,0.063,0.688,0.705,0.3,6.0,9.0,0.6666666666666666,84.0,ZACHARY SVAJDA,BEIBIT ZHUKAYEV,6-3 7-5,2025|2025-08-25|US Open|Q2|ZACHARY SVAJDA|BEIBIT ZHUKAYEV|6-3 7-5,,,,,,,,,,,,,,,,,,,,,,,,,,,
US Open,Hard,Q2,2025-08-25,,Zsombor Piros,Thiago Agustin Tirante,6-3 7-6(3),,,,,,,,,,,,,,,,,,,,,1.13,0.0,0.063,0.6459999999999999,0.706,0.5710000000000001,2.0,3.0,0.6666666666666666,0.89,0.092,0.031,0.569,0.649,0.5710000000000001,6.0,8.0,0.75,"{'ace_pct': 0.0, 'df_pct': 0.063, 'first_in_pct': 0.6459999999999999, 'first_won_pct': 0.706, 'second_won_pct': 0.5710000000000001, 'bpsvd_pct': 0.6666666666666666, 'bpsvd_num': 2, 'bpsvd_den': 3}","{'ace_pct': 0.092, 'df_pct': 0.031, 'first_in_pct': 0.569, 'first_won_pct': 0.649, 'second_won_pct': 0.5710000000000001, 'bpsvd_pct': 0.75, 'bpsvd_num': 6, 'bpsvd_den': 8}",156.0,115.0,1.13,110.0,player_profile_classic,player_profile_classic,"['Thiago Agustin Tirante', 'Zsombor Piros']"
US Open,Hard,Q3,2025-08-25,,Coleman Wong,Billy Harris,6-3 6-4,,,,,,,,,,,,,,,,,,,,,1.36,0.127,0.0,0.727,0.775,0.5329999999999999,2.0,3.0,0.6666666666666666,0.73,0.17,0.075,0.623,0.727,0.4,4.0,7.0,0.5714285714285714,"{'ace_pct': 0.127, 'df_pct': 0.0, 'first_in_pct': 0.727, 'first_won_pct': 0.775, 'second_won_pct': 0.5329999999999999, 'bpsvd_pct': 0.6666666666666666, 'bpsvd_num': 2, 'bpsvd_den': 3}","{'ace_pct': 0.17, 'df_pct': 0.075, 'first_in_pct': 0.623, 'first_won_pct': 0.727, 'second_won_pct': 0.4, 'bpsvd_pct': 0.5714285714285714, 'bpsvd_num': 4, 'bpsvd_den': 7}",173.0,151.0,1.36,77.0,player_profile_classic,player_profile_classic,"['Billy Harris', 'Coleman Wong']"
US Open,Hard,Q3,2025-08-25,2025.0,De Jong,Mitchell Krueger,6-4 6-1,True,83.0,186.0,Jesper De Jong,https://www.tennisabstract.com/cgi-bin/player-classic.cgi?p=JesperDeJong,,1.25,0.10300000000000001,0.034,0.483,0.7140000000000001,0.467,4.0,6.0,0.6666666666666666,86.0,DE JONG,MITCHELL KRUEGER,6-4 6-1,2025|2025-08-25|US Open|Q3|DE JONG|MITCHELL KRUEGER|6-4 6-1,,,,,,,,,,,,,,,,,,,,,,,,,,,
US Open,Hard,Q3,2025-08-25,2025.0,Dino Prizmic,Jason Kubler,6-3 4-6 6-1,True,124.0,195.0,Dino Prizmic,https://www.tennisabstract.com/cgi-bin/player-classic.cgi?p=DinoPrizmic,,1.26,0.193,0.068,0.591,0.7879999999999999,0.389,9.0,12.0,0.75,143.0,DINO PRIZMIC,JASON KUBLER,6-3 4-6 6-1,2025|2025-08-25|US Open|Q3|DINO PRIZMIC|JASON KUBLER|6-3 4-6 6-1,,,,,,,,,,,,,,,,,,,,,,,,,,,
US Open,Hard,Q3,2025-08-25,,Federico Agustin Gomez,Hugo Grenier,6-7(5) 7-6(5) 6-2,,,,,,,,,,,,,,,,,,,,,1.09,0.040999999999999995,0.09,0.615,0.7070000000000001,0.426,11.0,16.0,0.6875,0.91,0.057,0.049,0.602,0.6890000000000001,0.36700000000000005,10.0,17.0,0.5882352941176471,"{'ace_pct': 0.040999999999999995, 'df_pct': 0.09, 'first_in_pct': 0.615, 'first_won_pct': 0.7070000000000001, 'second_won_pct': 0.426, 'bpsvd_pct': 0.6875, 'bpsvd_num': 11, 'bpsvd_den': 16}","{'ace_pct': 0.057, 'df_pct': 0.049, 'first_in_pct': 0.602, 'first_won_pct': 0.6890000000000001, 'second_won_pct': 0.36700000000000005, 'bpsvd_pct': 0.5882352941176471, 'bpsvd_num': 10, 'bpsvd_den': 17}",203.0,188.0,1.09,171.0,player_profile_classic,player_profile_classic,"['Federico Agustin Gomez', 'Hugo Grenier']"
US Open,Hard,Q3,2025-08-25,,Francesco Passaro,Henrique Rocha,7-5 6-3,,,,,,,,,,,,,,,,,,,,,1.33,0.059000000000000004,0.028999999999999998,0.647,0.795,0.542,1.0,1.0,1.0,0.75,0.047,0.141,0.375,0.917,0.425,2.0,4.0,0.5,"{'ace_pct': 0.059000000000000004, 'df_pct': 0.028999999999999998, 'first_in_pct': 0.647, 'first_won_pct': 0.795, 'second_won_pct': 0.542, 'bpsvd_pct': 1.0, 'bpsvd_num': 1, 'bpsvd_den': 1}","{'ace_pct': 0.047, 'df_pct': 0.141, 'first_in_pct': 0.375, 'first_won_pct': 0.917, 'second_won_pct': 0.425, 'bpsvd_pct': 0.5, 'bpsvd_num': 2, 'bpsvd_den': 4}",120.0,167.0,1.33,97.0,player_profile_classic,player_profile_classic,"['Francesco Passaro', 'Henrique Rocha']"
US Open,Hard,Q3,2025-08-25,,Ignacio Buse,Kimmer Coppejans,6-3 6-4,,,,,,,,,,,,,,,,,,,,,1.46,0.033,0.033,0.49200000000000005,0.9,0.484,0.0,1.0,0.0,0.69,0.076,0.045,0.545,0.722,0.33299999999999996,10.0,13.0,0.7692307692307693,"{'ace_pct': 0.033, 'df_pct': 0.033, 'first_in_pct': 0.49200000000000005, 'first_won_pct': 0.9, 'second_won_pct': 0.484, 'bpsvd_pct': 0.0, 'bpsvd_num': 0, 'bpsvd_den': 1}","{'ace_pct': 0.076, 'df_pct': 0.045, 'first_in_pct': 0.545, 'first_won_pct': 0.722, 'second_won_pct': 0.33299999999999996, 'bpsvd_pct': 0.7692307692307693, 'bpsvd_num': 10, 'bpsvd_den': 13}",135.0,193.0,1.46,94.0,player_profile_classic,player_profile_classic,"['Ignacio Buse', 'Kimmer Coppejans']"
US Open,Hard,Q3,2025-08-25,2025.0,Jan Lennard Struff,Arthur Cazaux,7-6(4) 6-3,False,79.0,144.0,Arthur Cazaux,https://www.tennisabstract.com/cgi-bin/player-classic.cgi?p=ArthurCazaux,,0.92,0.09,0.051,0.5,0.7440000000000001,0.436,7.0,10.0,0.7,107.0,JAN LENNARD STRUFF,ARTHUR CAZAUX,7-6(4) 6-3,2025|2025-08-25|US Open|Q3|JAN LENNARD STRUFF|ARTHUR CAZAUX|7-6(4) 6-3,,,,,,,,,,,,,,,,,,,,,,,,,,,
US Open,Hard,Q3,2025-08-25,2025.0,Jerome Kym,Yibing Wu,6-3 6-2,False,211.0,175.0,Yibing Wu,https://www.tennisabstract.com/cgi-bin/player-classic.cgi?p=YibingWu,,0.63,0.039,0.059000000000000004,0.667,0.588,0.353,4.0,8.0,0.5,66.0,JEROME KYM,YIBING WU,6-3 6-2,2025|2025-08-25|US Open|Q3|JEROME KYM|YIBING WU|6-3 6-2,,,,,,,,,,,,,,,,,,,,,,,,,,,
US Open,Hard,Q3,2025-08-25,2025.0,Jesper De Jong,Mitchell Krueger,6-4 6-1,False,186.0,83.0,Mitchell Krueger,https://www.tennisabstract.com/cgi-bin/player-classic.cgi?p=MitchellKrueger,,0.8,0.071,0.018000000000000002,0.607,0.5589999999999999,0.364,5.0,10.0,0.5,86.0,JESPER DE JONG,MITCHELL KRUEGER,6-4 6-1,2025|2025-08-25|US Open|Q3|JESPER DE JONG|MITCHELL KRUEGER|6-4 6-1,,,,,,,,,,,,,,,,,,,,,,,,,,,
US Open,Hard,Q3,2025-08-25,,Leandro Riedi,Garrett Johns,7-6(5) 6-4,,,,,,,,,,,,,,,,,,,,,1.08,0.127,0.013000000000000001,0.6709999999999999,0.792,0.5770000000000001,5.0,5.0,1.0,0.92,0.068,0.0,0.644,0.787,0.5379999999999999,4.0,5.0,0.8,"{'ace_pct': 0.127, 'df_pct': 0.013000000000000001, 'first_in_pct': 0.6709999999999999, 'first_won_pct': 0.792, 'second_won_pct': 0.5770000000000001, 'bpsvd_pct': 1.0, 'bpsvd_num': 5, 'bpsvd_den': 5}","{'ace_pct': 0.068, 'df_pct': 0.0, 'first_in_pct': 0.644, 'first_won_pct': 0.787, 'second_won_pct': 0.5379999999999999, 'bpsvd_pct': 0.8, 'bpsvd_num': 4, 'bpsvd_den': 5}",435.0,305.0,1.08,98.0,player_profile_classic,player_profile_classic,"['Garrett Johns', 'Leandro Riedi']"
US Open,Hard,Q3,2025-08-25,2025.0,Llamas Ruiz,Marco Trungelliti,3-6 6-1 6-2,True,361.0,183.0,Pablo Llamas Ruiz,https://www.tennisabstract.com/cgi-bin/player-classic.cgi?p=PabloLlamasRuiz,,1.86,0.05,0.033,0.617,0.757,0.7829999999999999,1.0,2.0,0.5,105.0,LLAMAS RUIZ,MARCO TRUNGELLITI,3-6 6-1 6-2,2025|2025-08-25|US Open|Q3|LLAMAS RUIZ|MARCO TRUNGELLITI|3-6 6-1 6-2,,,,,,,,,,,,,,,,,,,,,,,,,,,
US Open,Hard,Q3,2025-08-25,2025.0,Lloyd Harris,Daniel Merida Aguilar,6-1 7-6(2),True,353.0,170.0,Lloyd Harris,https://www.tennisabstract.com/cgi-bin/player-classic.cgi?p=LloydHarris,,2.03,0.222,0.111,0.444,1.0,0.6,0.0,1.0,0.0,73.0,LLOYD HARRIS,DANIEL MERIDA AGUILAR,6-1 7-6(2),2025|2025-08-25|US Open|Q3|LLOYD HARRIS|DANIEL MERIDA AGUILAR|6-1 7-6(2),,,,,,,,,,,,,,,,,,,,,,,,,,,
US Open,Hard,Q3,2025-08-25,2025.0,Lloyd Harris,Merida Aguilar,6-1 7-6(2),False,170.0,353.0,Daniel Merida Aguilar,https://www.tennisabstract.com/cgi-bin/player-classic.cgi?p=DanielMeridaAguilar,,0.49,0.0,0.017,0.75,0.556,0.5329999999999999,6.0,9.0,0.6666666666666666,73.0,LLOYD HARRIS,MERIDA AGUILAR,6-1 7-6(2),2025|2025-08-25|US Open|Q3|LLOYD HARRIS|MERIDA AGUILAR|6-1 7-6(2),,,,,,,,,,,,,,,,,,,,,,,,,,,
US Open,Hard,Q3,2025-08-25,2025.0,Martin Damm,Yuta Shimizu,7-6(10) 6-4,True,431.0,223.0,Martin Damm,https://www.tennisabstract.com/cgi-bin/player-classic.cgi?p=MartinDamm,,1.29,0.13699999999999998,0.055,0.603,0.795,0.586,2.0,3.0,0.6666666666666666,98.0,MARTIN DAMM,YUTA SHIMIZU,7-6(10) 6-4,2025|2025-08-25|US Open|Q3|MARTIN DAMM|YUTA SHIMIZU|7-6(10) 6-4,,,,,,,,,,,,,,,,,,,,,,,,,,,
US Open,Hard,Q3,2025-08-25,2025.0,Pablo Llamas Ruiz,Marco Trungelliti,3-6 6-1 6-2,False,183.0,361.0,Marco Trungelliti,https://www.tennisabstract.com/cgi-bin/player-classic.cgi?p=MarcoTrungelliti,,0.54,0.06,0.133,0.578,0.708,0.371,5.0,9.0,0.5555555555555556,105.0,PABLO LLAMAS RUIZ,MARCO TRUNGELLITI,3-6 6-1 6-2,2025|2025-08-25|US Open|Q3|PABLO LLAMAS RUIZ|MARCO TRUNGELLITI|3-6 6-1 6-2,,,,,,,,,,,,,,,,,,,,,,,,,,,
US Open,Hard,Q3,2025-08-25,,Shintaro Mochizuki,Daniel Elahi Galan,6-4 6-4,,,,,,,,,,,,,,,,,,,,,1.18,0.08199999999999999,0.055,0.452,0.818,0.5,7.0,8.0,0.875,0.84,0.031,0.031,0.625,0.625,0.5,5.0,8.0,0.625,"{'ace_pct': 0.08199999999999999, 'df_pct': 0.055, 'first_in_pct': 0.452, 'first_won_pct': 0.818, 'second_won_pct': 0.5, 'bpsvd_pct': 0.875, 'bpsvd_num': 7, 'bpsvd_den': 8}","{'ace_pct': 0.031, 'df_pct': 0.031, 'first_in_pct': 0.625, 'first_won_pct': 0.625, 'second_won_pct': 0.5, 'bpsvd_pct': 0.625, 'bpsvd_num': 5, 'bpsvd_den': 8}",112.0,131.0,1.18,93.0,player_profile_classic,player_profile_classic,"['Daniel Elahi Galan', 'Shintaro Mochizuki']"
US Open,Hard,Q3,2025-08-25,2025.0,Zachary Svajda,Marc Andrea Huesler,6-3 6-2,False,227.0,145.0,Marc Andrea Huesler,https://www.tennisabstract.com/cgi-bin/player-classic.cgi?p=MarcAndreaHuesler,,0.79,0.064,0.085,0.617,0.655,0.33299999999999996,1.0,5.0,0.2,73.0,ZACHARY SVAJDA,MARC ANDREA HUESLER,6-3 6-2,2025|2025-08-25|US Open|Q3|ZACHARY SVAJDA|MARC ANDREA HUESLER|6-3 6-2,,,,,,,,,,,,,,,,,,,,,,,,,,,
US Open,Hard,Q3,2025-08-25,2025.0,Zsombor Piros,James Duckworth,6-1 4-6 6-2,True,156.0,106.0,Zsombor Piros,https://www.tennisabstract.com/cgi-bin/player-classic.cgi?p=ZsomborPiros,,1.24,0.09,0.051,0.5770000000000001,0.711,0.485,4.0,7.0,0.5714285714285714,111.0,ZSOMBOR PIROS,JAMES DUCKWORTH,6-1 4-6 6-2,2025|2025-08-25|US Open|Q3|ZSOMBOR PIROS|JAMES DUCKWORTH|6-1 4-6 6-2,,,,,,,,,,,,,,,,,,,,,,,,,,,
US Open,Hard,QF,2025-08-25,2025.0,Auger Aliassime,Alex De Minaur,4-6 7-6(7) 7-5 7-6(4),True,27.0,8.0,Felix Auger Aliassime,https://www.tennisabstract.com/cgi-bin/player-classic.cgi?p=FelixAugerAliassime,(ch),1.08,0.149,0.07400000000000001,0.642,0.821,0.321,6.0,10.0,0.6,250.0,AUGER ALIASSIME,ALEX DE MINAUR,4-6 7-6(7) 7-5 7-6(4),2025|2025-08-25|US Open|QF|AUGER ALIASSIME|ALEX DE MINAUR|4-6 7-6(7) 7-5 7-6(4),,,,,,,,,,,,,,,,,,,,,,,,,,,
US Open,Hard,QF,2025-08-25,,Carlos Alcaraz,Jiri Lehecka,6-4 6-2 6-4,,,,,,,,,,,,,,,,,,,,,2.06,0.07,0.027999999999999997,0.634,0.8440000000000001,0.731,0.0,0.0,,0.48,0.047,0.047,0.64,0.6729999999999999,0.452,5.0,9.0,0.5555555555555556,"{'ace_pct': 0.07, 'df_pct': 0.027999999999999997, 'first_in_pct': 0.634, 'first_won_pct': 0.8440000000000001, 'second_won_pct': 0.731, 'bpsvd_num': 0, 'bpsvd_den': 0}","{'ace_pct': 0.047, 'df_pct': 0.047, 'first_in_pct': 0.64, 'first_won_pct': 0.6729999999999999, 'second_won_pct': 0.452, 'bpsvd_pct': 0.5555555555555556, 'bpsvd_num': 5, 'bpsvd_den': 9}",2.0,21.0,2.06,116.0,player_profile_classic,player_profile_classic,"['Carlos Alcaraz', 'Jiri Lehecka']"
US Open,Hard,QF,2025-08-25,2025.0,Felix Auger Aliassime,De Minaur,4-6 7-6(7) 7-5 7-6(4),False,8.0,27.0,Alex De Minaur,https://www.tennisabstract.com/cgi-bin/player-classic.cgi?p=AlexDeMinaur,(ch),0.93,0.049,0.067,0.423,0.768,0.5,5.0,9.0,0.5555555555555556,250.0,FELIX AUGER ALIASSIME,DE MINAUR,4-6 7-6(7) 7-5 7-6(4),2025|2025-08-25|US Open|QF|FELIX AUGER ALIASSIME|DE MINAUR|4-6 7-6(7) 7-5 7-6(4),,,,,,,,,,,,,,,,,,,,,,,,,,,
US Open,Hard,QF,2025-08-25,2025.0,Jannik Sinner,Lorenzo Musetti,6-1 6-4 6-2,False,10.0,1.0,Lorenzo Musetti,https://www.tennisabstract.com/cgi-bin/player-classic.cgi?p=LorenzoMusetti,(ch),0.57,0.03,0.015,0.621,0.732,0.32,1.0,6.0,0.16666666666666666,120.0,JANNIK SINNER,LORENZO MUSETTI,6-1 6-4 6-2,2025|2025-08-25|US Open|QF|JANNIK SINNER|LORENZO MUSETTI|6-1 6-4 6-2,,,,,,,,,,,,,,,,,,,,,,,,,,,
US Open,Hard,QF,2025-08-25,,Novak Djokovic,Taylor Fritz,6-3 7-5 3-6 6-4,,,,,,,,,,,,,,,,,,,,,0.97,0.07200000000000001,0.057999999999999996,0.633,0.716,0.5489999999999999,11.0,13.0,0.8461538461538461,1.04,0.10300000000000001,0.043,0.564,0.818,0.47100000000000003,5.0,9.0,0.5555555555555556,"{'ace_pct': 0.07200000000000001, 'df_pct': 0.057999999999999996, 'first_in_pct': 0.633, 'first_won_pct': 0.716, 'second_won_pct': 0.5489999999999999, 'bpsvd_pct': 0.8461538461538461, 'bpsvd_num': 11, 'bpsvd_den': 13}","{'ace_pct': 0.10300000000000001, 'df_pct': 0.043, 'first_in_pct': 0.564, 'first_won_pct': 0.818, 'second_won_pct': 0.47100000000000003, 'bpsvd_pct': 0.5555555555555556, 'bpsvd_num': 5, 'bpsvd_den': 9}",7.0,4.0,0.97,204.0,player_profile_classic,player_profile_classic,"['Novak Djokovic', 'Taylor Fritz']"
US Open,Hard,R128,2025-08-25,2025.0,Adam Walton,Ugo Humbert,6-4 7-6(4) 5-7 6-1,True,85.0,23.0,Adam Walton,https://www.tennisabstract.com/cgi-bin/player-classic.cgi?p=AdamWalton,,1.49,0.127,0.042,0.585,0.884,0.612,2.0,3.0,0.6666666666666666,174.0,ADAM WALTON,UGO HUMBERT,6-4 7-6(4) 5-7 6-1,2025|2025-08-25|US Open|R128|ADAM WALTON|UGO HUMBERT|6-4 7-6(4) 5-7 6-1,,,,,,,,,,,,,,,,,,,,,,,,,,,
US Open,Hard,R128,2025-08-25,,Adrian Mannarino,Tallon Griekspoor,7-5 6-4 6-0,,,,,,,,,,,,,,,,,,,,,1.74,0.163,0.035,0.547,0.894,0.513,8.0,9.0,0.8888888888888888,0.58,0.141,0.10099999999999999,0.5760000000000001,0.7020000000000001,0.262,10.0,16.0,0.625,"{'ace_pct': 0.163, 'df_pct': 0.035, 'first_in_pct': 0.547, 'first_won_pct': 0.894, 'second_won_pct': 0.513, 'bpsvd_pct': 0.8888888888888888, 'bpsvd_num': 8, 'bpsvd_den': 9}","{'ace_pct': 0.141, 'df_pct': 0.10099999999999999, 'first_in_pct': 0.5760000000000001, 'first_won_pct': 0.7020000000000001, 'second_won_pct': 0.262, 'bpsvd_pct': 0.625, 'bpsvd_num': 10, 'bpsvd_den': 16}",77.0,30.0,1.74,146.0,player_profile_classic,player_profile_classic,"['Adrian Mannarino', 'Tallon Griekspoor']"
US Open,Hard,R128,2025-08-25,2025.0,Alejandro Davidovich Fokina,Alexander Shevchenko,6-1 6-1 6-2,False,91.0,18.0,Alexander Shevchenko,https://www.tennisabstract.com/cgi-bin/player-classic.cgi?p=AlexanderShevchenko,,0.51,0.016,0.032,0.452,0.5710000000000001,0.324,2.0,9.0,0.2222222222222222,86.0,ALEJANDRO DAVIDOVICH FOKINA,ALEXANDER SHEVCHENKO,6-1 6-1 6-2,2025|2025-08-25|US Open|R128|ALEJANDRO DAVIDOVICH FOKINA|ALEXANDER SHEVCHENKO|6-1 6-1 6-2,,,,,,,,,,,,,,,,,,,,,,,,,,,
US Open,Hard,R128,2025-08-25,2025.0,Alex De Minaur,Christopher Oconnell,6-3 6-4 6-4,False,81.0,8.0,Christopher Oconnell,https://www.tennisabstract.com/cgi-bin/player-classic.cgi?p=ChristopherOconnell,,0.6,0.075,0.011000000000000001,0.645,0.733,0.455,8.0,11.0,0.7272727272727273,113.0,ALEX DE MINAUR,CHRISTOPHER OCONNELL,6-3 6-4 6-4,2025|2025-08-25|US Open|R128|ALEX DE MINAUR|CHRISTOPHER OCONNELL|6-3 6-4 6-4,,,,,,,,,,,,,,,,,,,,,,,,,,,
US Open,Hard,R128,2025-08-25,,Alexander Bublik,Marin Cilic,6-4 6-1 6-4,,,,,,,,,,,,,,,,,,,,,1.54,0.203,0.051,0.557,0.955,0.457,2.0,2.0,1.0,0.65,0.064,0.026000000000000002,0.5379999999999999,0.738,0.41700000000000004,5.0,9.0,0.5555555555555556,"{'ace_pct': 0.203, 'df_pct': 0.051, 'first_in_pct': 0.557, 'first_won_pct': 0.955, 'second_won_pct': 0.457, 'bpsvd_pct': 1.0, 'bpsvd_num': 2, 'bpsvd_den': 2}","{'ace_pct': 0.064, 'df_pct': 0.026000000000000002, 'first_in_pct': 0.5379999999999999, 'first_won_pct': 0.738, 'second_won_pct': 0.41700000000000004, 'bpsvd_pct': 0.5555555555555556, 'bpsvd_num': 5, 'bpsvd_den': 9}",24.0,62.0,1.54,109.0,player_profile_classic,player_profile_classic,"['Alexander Bublik', 'Marin Cilic']"
US Open,Hard,R128,2025-08-25,,Alexander Zverev,Alejandro Tabilo,6-2 7-6(4) 6-4,,,,,,,,,,,,,,,,,,,,,1.21,0.09,0.03,0.66,0.8029999999999999,0.588,6.0,6.0,1.0,0.83,0.09300000000000001,0.023,0.616,0.792,0.485,2.0,5.0,0.4,"{'ace_pct': 0.09, 'df_pct': 0.03, 'first_in_pct': 0.66, 'first_won_pct': 0.8029999999999999, 'second_won_pct': 0.588, 'bpsvd_pct': 1.0, 'bpsvd_num': 6, 'bpsvd_den': 6}","{'ace_pct': 0.09300000000000001, 'df_pct': 0.023, 'first_in_pct': 0.616, 'first_won_pct': 0.792, 'second_won_pct': 0.485, 'bpsvd_pct': 0.4, 'bpsvd_num': 2, 'bpsvd_den': 5}",3.0,122.0,1.21,128.0,player_profile_classic,player_profile_classic,"['Alejandro Tabilo', 'Alexander Zverev']"
US Open,Hard,R128,2025-08-25,,Alexei Popyrin,Emil Ruusuvuori,6-3 6-4 7-6(3),,,,,,,,,,,,,,,,,,,,,1.69,0.22399999999999998,0.035,0.624,0.868,0.531,0.0,3.0,0.0,0.59,0.036000000000000004,0.08199999999999999,0.5820000000000001,0.6409999999999999,0.457,9.0,14.0,0.6428571428571429,"{'ace_pct': 0.22399999999999998, 'df_pct': 0.035, 'first_in_pct': 0.624, 'first_won_pct': 0.868, 'second_won_pct': 0.531, 'bpsvd_pct': 0.0, 'bpsvd_num': 0, 'bpsvd_den': 3}","{'ace_pct': 0.036000000000000004, 'df_pct': 0.08199999999999999, 'first_in_pct': 0.5820000000000001, 'first_won_pct': 0.6409999999999999, 'second_won_pct': 0.457, 'bpsvd_pct': 0.6428571428571429, 'bpsvd_num': 9, 'bpsvd_den': 14}",36.0,752.0,1.69,131.0,player_profile_classic,player_profile_classic,"['Alexei Popyrin', 'Emil Ruusuvuori']"
US Open,Hard,R128,2025-08-25,,Andrey Rublev,Dino Prizmic,6-4 6-4 6-4,,,,,,,,,,,,,,,,,,,,,1.36,0.10300000000000001,0.034,0.47100000000000003,0.878,0.609,3.0,3.0,1.0,0.74,0.077,0.064,0.5770000000000001,0.6890000000000001,0.5760000000000001,0.0,3.0,0.0,"{'ace_pct': 0.10300000000000001, 'df_pct': 0.034, 'first_in_pct': 0.47100000000000003, 'first_won_pct': 0.878, 'second_won_pct': 0.609, 'bpsvd_pct': 1.0, 'bpsvd_num': 3, 'bpsvd_den': 3}","{'ace_pct': 0.077, 'df_pct': 0.064, 'first_in_pct': 0.5770000000000001, 'first_won_pct': 0.6890000000000001, 'second_won_pct': 0.5760000000000001, 'bpsvd_pct': 0.0, 'bpsvd_num': 0, 'bpsvd_den': 3}",15.0,124.0,1.36,120.0,player_profile_classic,player_profile_classic,"['Andrey Rublev', 'Dino Prizmic']"
US Open,Hard,R128,2025-08-25,2025.0,Arthur Rinderknech,Carballes Baena,7-6(2) 7-5 4-6 6-2,False,87.0,82.0,Roberto Carballes Baena,https://www.tennisabstract.com/cgi-bin/player-classic.cgi?p=RobertoCarballesBaena,,0.75,0.027000000000000003,0.040999999999999995,0.589,0.7440000000000001,0.483,10.0,13.0,0.7692307692307693,234.0,ARTHUR RINDERKNECH,CARBALLES BAENA,7-6(2) 7-5 4-6 6-2,2025|2025-08-25|US Open|R128|ARTHUR RINDERKNECH|CARBALLES BAENA|7-6(2) 7-5 4-6 6-2,,,,,,,,,,,,,,,,,,,,,,,,,,,
US Open,Hard,R128,2025-08-25,2025.0,Arthur Rinderknech,Roberto Carballes Baena,7-6(2) 7-5 4-6 6-2,True,82.0,87.0,Arthur Rinderknech,https://www.tennisabstract.com/cgi-bin/player-classic.cgi?p=ArthurRinderknech,,1.34,0.115,0.049,0.557,0.838,0.593,5.0,6.0,0.8333333333333334,234.0,ARTHUR RINDERKNECH,ROBERTO CARBALLES BAENA,7-6(2) 7-5 4-6 6-2,2025|2025-08-25|US Open|R128|ARTHUR RINDERKNECH|ROBERTO CARBALLES BAENA|7-6(2) 7-5 4-6 6-2,,,,,,,,,,,,,,,,,,,,,,,,,,,
US Open,Hard,R128,2025-08-25,2025.0,Auger Aliassime,Billy Harris,6-4 7-6(8) 6-4,True,27.0,151.0,Felix Auger Aliassime,https://www.tennisabstract.com/cgi-bin/player-classic.cgi?p=FelixAugerAliassime,,1.18,0.09300000000000001,0.047,0.6729999999999999,0.736,0.486,7.0,10.0,0.7,175.0,AUGER ALIASSIME,BILLY HARRIS,6-4 7-6(8) 6-4,2025|2025-08-25|US Open|R128|AUGER ALIASSIME|BILLY HARRIS|6-4 7-6(8) 6-4,,,,,,,,,,,,,,,,,,,,,,,,,,,
US Open,Hard,R128,2025-08-25,,Ben Shelton,Ignacio Buse,6-3 6-2 6-4,,,,,,,,,,,,,,,,,,,,,1.41,0.057,0.034,0.625,0.782,0.5760000000000001,5.0,5.0,1.0,0.71,0.022000000000000002,0.066,0.527,0.7290000000000001,0.419,9.0,13.0,0.6923076923076923,"{'ace_pct': 0.057, 'df_pct': 0.034, 'first_in_pct': 0.625, 'first_won_pct': 0.782, 'second_won_pct': 0.5760000000000001, 'bpsvd_pct': 1.0, 'bpsvd_num': 5, 'bpsvd_den': 5}","{'ace_pct': 0.022000000000000002, 'df_pct': 0.066, 'first_in_pct': 0.527, 'first_won_pct': 0.7290000000000001, 'second_won_pct': 0.419, 'bpsvd_pct': 0.6923076923076923, 'bpsvd_num': 9, 'bpsvd_den': 13}",6.0,135.0,1.41,127.0,player_profile_classic,player_profile_classic,"['Ben Shelton', 'Ignacio Buse']"
US Open,Hard,R128,2025-08-25,,Benjamin Bonzi,Daniil Medvedev,6-3 7-5 6-7(5) 0-6 6-4,,,,,,,,,,,,,,,,,,,,,1.04,0.045,0.025,0.669,0.6859999999999999,0.519,13.0,19.0,0.6842105263157895,0.97,0.141,0.067,0.597,0.753,0.41700000000000004,10.0,16.0,0.625,"{'ace_pct': 0.045, 'df_pct': 0.025, 'first_in_pct': 0.669, 'first_won_pct': 0.6859999999999999, 'second_won_pct': 0.519, 'bpsvd_pct': 0.6842105263157895, 'bpsvd_num': 13, 'bpsvd_den': 19}","{'ace_pct': 0.141, 'df_pct': 0.067, 'first_in_pct': 0.597, 'first_won_pct': 0.753, 'second_won_pct': 0.41700000000000004, 'bpsvd_pct': 0.625, 'bpsvd_num': 10, 'bpsvd_den': 16}",51.0,13.0,1.04,225.0,player_profile_classic,player_profile_classic,"['Benjamin Bonzi', 'Daniil Medvedev']"
US Open,Hard,R128,2025-08-25,2025.0,Brandon Nakashima,De Jong,6-2 6-7(5) 2-6 6-2 7-6(7),False,83.0,31.0,Jesper De Jong,https://www.tennisabstract.com/cgi-bin/player-classic.cgi?p=JesperDeJong,(ch),0.83,0.11599999999999999,0.054000000000000006,0.578,0.682,0.597,5.0,10.0,0.5,224.0,BRANDON NAKASHIMA,DE JONG,6-2 6-7(5) 2-6 6-2 7-6(7),2025|2025-08-25|US Open|R128|BRANDON NAKASHIMA|DE JONG|6-2 6-7(5) 2-6 6-2 7-6(7),,,,,,,,,,,,,,,,,,,,,,,,,,,
US Open,Hard,R128,2025-08-25,2025.0,Brandon Nakashima,Jesper De Jong,6-2 6-7(5) 2-6 6-2 7-6(7),True,31.0,83.0,Brandon Nakashima,https://www.tennisabstract.com/cgi-bin/player-classic.cgi?p=BrandonNakashima,(ch),1.2,0.114,0.027000000000000003,0.584,0.816,0.5479999999999999,4.0,7.0,0.5714285714285714,224.0,BRANDON NAKASHIMA,JESPER DE JONG,6-2 6-7(5) 2-6 6-2 7-6(7),2025|2025-08-25|US Open|R128|BRANDON NAKASHIMA|JESPER DE JONG|6-2 6-7(5) 2-6 6-2 7-6(7),,,,,,,,,,,,,,,,,,,,,,,,,,,
US Open,Hard,R128,2025-08-25,,Cameron Norrie,Sebastian Korda,7-5 6-4 RET,,,,,,,,,,,,,,,,,,,,,1.23,0.038,0.038,0.603,0.7659999999999999,0.5479999999999999,6.0,6.0,1.0,0.81,0.158,0.039,0.526,0.725,0.47200000000000003,5.0,7.0,0.7142857142857143,"{'ace_pct': 0.038, 'df_pct': 0.038, 'first_in_pct': 0.603, 'first_won_pct': 0.7659999999999999, 'second_won_pct': 0.5479999999999999, 'bpsvd_pct': 1.0, 'bpsvd_num': 6, 'bpsvd_den': 6}","{'ace_pct': 0.158, 'df_pct': 0.039, 'first_in_pct': 0.526, 'first_won_pct': 0.725, 'second_won_pct': 0.47200000000000003, 'bpsvd_pct': 0.7142857142857143, 'bpsvd_num': 5, 'bpsvd_den': 7}",35.0,75.0,1.23,107.0,player_profile_classic,player_profile_classic,"['Cameron Norrie', 'Sebastian Korda']"
US Open,Hard,R128,2025-08-25,,Carlos Alcaraz,Reilly Opelka,6-4 7-5 6-4,,,,,,,,,,,,,,,,,,,,,1.88,0.048,0.071,0.69,0.862,0.654,3.0,3.0,1.0,0.53,0.133,0.086,0.61,0.75,0.415,8.0,11.0,0.7272727272727273,"{'ace_pct': 0.048, 'df_pct': 0.071, 'first_in_pct': 0.69, 'first_won_pct': 0.862, 'second_won_pct': 0.654, 'bpsvd_pct': 1.0, 'bpsvd_num': 3, 'bpsvd_den': 3}","{'ace_pct': 0.133, 'df_pct': 0.086, 'first_in_pct': 0.61, 'first_won_pct': 0.75, 'second_won_pct': 0.415, 'bpsvd_pct': 0.7272727272727273, 'bpsvd_num': 8, 'bpsvd_den': 11}",2.0,67.0,1.88,125.0,player_profile_classic,player_profile_classic,"['Carlos Alcaraz', 'Reilly Opelka']"
US Open,Hard,R128,2025-08-25,2025.0,Carreno Busta,Pablo Llamas Ruiz,7-6(7) 6-4 6-2,True,137.0,361.0,Pablo Carreno Busta,https://www.tennisabstract.com/cgi-bin/player-classic.cgi?p=PabloCarrenoBusta,,1.47,0.040999999999999995,0.01,0.633,0.742,0.722,5.0,5.0,1.0,146.0,CARRENO BUSTA,PABLO LLAMAS RUIZ,7-6(7) 6-4 6-2,2025|2025-08-25|US Open|R128|CARRENO BUSTA|PABLO LLAMAS RUIZ|7-6(7) 6-4 6-2,,,,,,,,,,,,,,,,,,,,,,,,,,,
US Open,Hard,R128,2025-08-25,,Casper Ruud,Sebastian Ofner,6-1 6-2 7-6(5),,,,,,,,,,,,,,,,,,,,,1.46,0.1,0.022000000000000002,0.556,0.82,0.6,4.0,4.0,1.0,0.69,0.146,0.055999999999999994,0.494,0.795,0.4,1.0,5.0,0.2,"{'ace_pct': 0.1, 'df_pct': 0.022000000000000002, 'first_in_pct': 0.556, 'first_won_pct': 0.82, 'second_won_pct': 0.6, 'bpsvd_pct': 1.0, 'bpsvd_num': 4, 'bpsvd_den': 4}","{'ace_pct': 0.146, 'df_pct': 0.055999999999999994, 'first_in_pct': 0.494, 'first_won_pct': 0.795, 'second_won_pct': 0.4, 'bpsvd_pct': 0.2, 'bpsvd_num': 1, 'bpsvd_den': 5}",12.0,140.0,1.46,115.0,player_profile_classic,player_profile_classic,"['Casper Ruud', 'Sebastian Ofner']"
US Open,Hard,R128,2025-08-25,,Coleman Wong,Aleksandar Kovacevic,6-4 7-5 7-6(4),,,,,,,,,,,,,,,,,,,,,1.21,0.214,0.01,0.505,0.7879999999999999,0.647,4.0,6.0,0.6666666666666666,0.83,0.1,0.09,0.62,0.774,0.474,5.0,9.0,0.5555555555555556,"{'ace_pct': 0.214, 'df_pct': 0.01, 'first_in_pct': 0.505, 'first_won_pct': 0.7879999999999999, 'second_won_pct': 0.647, 'bpsvd_pct': 0.6666666666666666, 'bpsvd_num': 4, 'bpsvd_den': 6}","{'ace_pct': 0.1, 'df_pct': 0.09, 'first_in_pct': 0.62, 'first_won_pct': 0.774, 'second_won_pct': 0.474, 'bpsvd_pct': 0.5555555555555556, 'bpsvd_num': 5, 'bpsvd_den': 9}",173.0,71.0,1.21,146.0,player_profile_classic,player_profile_classic,"['Aleksandar Kovacevic', 'Coleman Wong']"
US Open,Hard,R128,2025-08-25,,Daniel Altmaier,Hamad Medjedovic,7-5 6-7(3) 7-6(7) 6-7(5) 6-4,,,,,,,,,,,,,,,,,,,,,1.07,0.133,0.017,0.652,0.805,0.47600000000000003,1.0,4.0,0.25,0.94,0.142,0.055999999999999994,0.619,0.82,0.42700000000000005,12.0,17.0,0.7058823529411765,"{'ace_pct': 0.133, 'df_pct': 0.017, 'first_in_pct': 0.652, 'first_won_pct': 0.805, 'second_won_pct': 0.47600000000000003, 'bpsvd_pct': 0.25, 'bpsvd_num': 1, 'bpsvd_den': 4}","{'ace_pct': 0.142, 'df_pct': 0.055999999999999994, 'first_in_pct': 0.619, 'first_won_pct': 0.82, 'second_won_pct': 0.42700000000000005, 'bpsvd_pct': 0.7058823529411765, 'bpsvd_num': 12, 'bpsvd_den': 17}",56.0,57.0,1.07,286.0,player_profile_classic,player_profile_classic,"['Daniel Altmaier', 'Hamad Medjedovic']"
US Open,Hard,R128,2025-08-25,,David Goffin,Quentin Halys,6-7(2) 6-4 6-3 7-5,,,,,,,,,,,,,,,,,,,,,1.07,0.04,0.07400000000000001,0.483,0.639,0.532,10.0,16.0,0.625,0.93,0.08199999999999999,0.107,0.509,0.691,0.41,13.0,22.0,0.5909090909090909,"{'ace_pct': 0.04, 'df_pct': 0.07400000000000001, 'first_in_pct': 0.483, 'first_won_pct': 0.639, 'second_won_pct': 0.532, 'bpsvd_pct': 0.625, 'bpsvd_num': 10, 'bpsvd_den': 16}","{'ace_pct': 0.08199999999999999, 'df_pct': 0.107, 'first_in_pct': 0.509, 'first_won_pct': 0.691, 'second_won_pct': 0.41, 'bpsvd_pct': 0.5909090909090909, 'bpsvd_num': 13, 'bpsvd_den': 22}",80.0,70.0,1.07,193.0,player_profile_classic,player_profile_classic,"['David Goffin', 'Quentin Halys']"
US Open,Hard,R128,2025-08-25,2025.0,Davidovich Fokina,Alexander Shevchenko,6-1 6-1 6-2,True,18.0,91.0,Alejandro Davidovich Fokina,https://www.tennisabstract.com/cgi-bin/player-classic.cgi?p=AlejandroDavidovichFokina,,1.96,0.091,0.03,0.561,0.784,0.621,4.0,4.0,1.0,86.0,DAVIDOVICH FOKINA,ALEXANDER SHEVCHENKO,6-1 6-1 6-2,2025|2025-08-25|US Open|R128|DAVIDOVICH FOKINA|ALEXANDER SHEVCHENKO|6-1 6-1 6-2,,,,,,,,,,,,,,,,,,,,,,,,,,,
US Open,Hard,R128,2025-08-25,2025.0,De Minaur,Christopher Oconnell,6-3 6-4 6-4,True,8.0,81.0,Alex De Minaur,https://www.tennisabstract.com/cgi-bin/player-classic.cgi?p=AlexDeMinaur,,1.68,0.128,0.013000000000000001,0.5,0.9229999999999999,0.6409999999999999,0.0,0.0,,113.0,DE MINAUR,CHRISTOPHER OCONNELL,6-3 6-4 6-4,2025|2025-08-25|US Open|R128|DE MINAUR|CHRISTOPHER OCONNELL|6-3 6-4 6-4,,,,,,,,,,,,,,,,,,,,,,,,,,,
US Open,Hard,R128,2025-08-25,,Denis Shapovalov,Marton Fucsovics,6-4 6-4 6-0,,,,,,,,,,,,,,,,,,,,,1.44,0.10099999999999999,0.063,0.506,0.675,0.564,4.0,7.0,0.5714285714285714,0.69,0.012,0.09300000000000001,0.5579999999999999,0.583,0.289,3.0,11.0,0.2727272727272727,"{'ace_pct': 0.10099999999999999, 'df_pct': 0.063, 'first_in_pct': 0.506, 'first_won_pct': 0.675, 'second_won_pct': 0.564, 'bpsvd_pct': 0.5714285714285714, 'bpsvd_num': 4, 'bpsvd_den': 7}","{'ace_pct': 0.012, 'df_pct': 0.09300000000000001, 'first_in_pct': 0.5579999999999999, 'first_won_pct': 0.583, 'second_won_pct': 0.289, 'bpsvd_pct': 0.2727272727272727, 'bpsvd_num': 3, 'bpsvd_den': 11}",29.0,63.0,1.44,124.0,player_profile_classic,player_profile_classic,"['Denis Shapovalov', 'Marton Fucsovics']"
US Open,Hard,R128,2025-08-25,,Eliot Spizzirri,Stefan Dostanic,7-5 6-4 7-6(4),,,,,,,,,,,,,,,,,,,,,1.2,0.042,0.025,0.723,0.674,0.606,8.0,10.0,0.8,0.83,0.106,0.033,0.7240000000000001,0.6629999999999999,0.382,9.0,13.0,0.6923076923076923,"{'ace_pct': 0.042, 'df_pct': 0.025, 'first_in_pct': 0.723, 'first_won_pct': 0.674, 'second_won_pct': 0.606, 'bpsvd_pct': 0.8, 'bpsvd_num': 8, 'bpsvd_den': 10}","{'ace_pct': 0.106, 'df_pct': 0.033, 'first_in_pct': 0.7240000000000001, 'first_won_pct': 0.6629999999999999, 'second_won_pct': 0.382, 'bpsvd_pct': 0.6923076923076923, 'bpsvd_num': 9, 'bpsvd_den': 13}",127.0,389.0,1.2,160.0,player_profile_classic,player_profile_classic,"['Eliot Spizzirri', 'Stefan Dostanic']"
US Open,Hard,R128,2025-08-25,2025.0,Felix Auger Aliassime,Billy Harris,6-4 7-6(8) 6-4,False,151.0,27.0,Billy Harris,https://www.tennisabstract.com/cgi-bin/player-classic.cgi?p=BillyHarris,,0.85,0.0,0.018000000000000002,0.627,0.652,0.488,3.0,8.0,0.375,175.0,FELIX AUGER ALIASSIME,BILLY HARRIS,6-4 7-6(8) 6-4,2025|2025-08-25|US Open|R128|FELIX AUGER ALIASSIME|BILLY HARRIS|6-4 7-6(8) 6-4,,,,,,,,,,,,,,,,,,,,,,,,,,,
US Open,Hard,R128,2025-08-25,,Flavio Cobolli,Francesco Passaro,7-5 4-6 6-4 3-6 6-3,,,,,,,,,,,,,,,,,,,,,1.05,0.043,0.09300000000000001,0.385,0.71,0.545,9.0,15.0,0.6,0.95,0.092,0.07400000000000001,0.5770000000000001,0.723,0.406,11.0,18.0,0.6111111111111112,"{'ace_pct': 0.043, 'df_pct': 0.09300000000000001, 'first_in_pct': 0.385, 'first_won_pct': 0.71, 'second_won_pct': 0.545, 'bpsvd_pct': 0.6, 'bpsvd_num': 9, 'bpsvd_den': 15}","{'ace_pct': 0.092, 'df_pct': 0.07400000000000001, 'first_in_pct': 0.5770000000000001, 'first_won_pct': 0.723, 'second_won_pct': 0.406, 'bpsvd_pct': 0.6111111111111112, 'bpsvd_num': 11, 'bpsvd_den': 18}",26.0,120.0,1.05,222.0,player_profile_classic,player_profile_classic,"['Flavio Cobolli', 'Francesco Passaro']"
US Open,Hard,R128,2025-08-25,,Frances Tiafoe,Yoshihito Nishioka,6-3 7-6(6) 6-3,,,,,,,,,,,,,,,,,,,,,1.29,0.17600000000000002,0.019,0.519,0.8390000000000001,0.442,4.0,6.0,0.6666666666666666,0.77,0.05,0.0,0.604,0.607,0.45,8.0,12.0,0.6666666666666666,"{'ace_pct': 0.17600000000000002, 'df_pct': 0.019, 'first_in_pct': 0.519, 'first_won_pct': 0.8390000000000001, 'second_won_pct': 0.442, 'bpsvd_pct': 0.6666666666666666, 'bpsvd_num': 4, 'bpsvd_den': 6}","{'ace_pct': 0.05, 'df_pct': 0.0, 'first_in_pct': 0.604, 'first_won_pct': 0.607, 'second_won_pct': 0.45, 'bpsvd_pct': 0.6666666666666666, 'bpsvd_num': 8, 'bpsvd_den': 12}",17.0,149.0,1.29,148.0,player_profile_classic,player_profile_classic,"['Frances Tiafoe', 'Yoshihito Nishioka']"
US Open,Hard,R128,2025-08-25,,Francisco Cerundolo,Matteo Arnaldi,3-6 2-6 7-5 6-4 6-3,,,,,,,,,,,,,,,,,,,,,1.06,0.027000000000000003,0.048,0.534,0.705,0.5589999999999999,9.0,14.0,0.6428571428571429,0.95,0.07200000000000001,0.028999999999999998,0.514,0.6759999999999999,0.552,4.0,9.0,0.4444444444444444,"{'ace_pct': 0.027000000000000003, 'df_pct': 0.048, 'first_in_pct': 0.534, 'first_won_pct': 0.705, 'second_won_pct': 0.5589999999999999, 'bpsvd_pct': 0.6428571428571429, 'bpsvd_num': 9, 'bpsvd_den': 14}","{'ace_pct': 0.07200000000000001, 'df_pct': 0.028999999999999998, 'first_in_pct': 0.514, 'first_won_pct': 0.6759999999999999, 'second_won_pct': 0.552, 'bpsvd_pct': 0.4444444444444444, 'bpsvd_num': 4, 'bpsvd_den': 9}",19.0,64.0,1.06,224.0,player_profile_classic,player_profile_classic,"['Francisco Cerundolo', 'Matteo Arnaldi']"
US Open,Hard,R128,2025-08-25,,Francisco Comesana,Alex Michelsen,1-6 6-3 6-4 6-4,,,,,,,,,,,,,,,,,,,,,1.01,0.08199999999999999,0.064,0.5,0.818,0.436,5.0,9.0,0.5555555555555556,0.99,0.038,0.047,0.679,0.667,0.529,4.0,9.0,0.4444444444444444,"{'ace_pct': 0.08199999999999999, 'df_pct': 0.064, 'first_in_pct': 0.5, 'first_won_pct': 0.818, 'second_won_pct': 0.436, 'bpsvd_pct': 0.5555555555555556, 'bpsvd_num': 5, 'bpsvd_den': 9}","{'ace_pct': 0.038, 'df_pct': 0.047, 'first_in_pct': 0.679, 'first_won_pct': 0.667, 'second_won_pct': 0.529, 'bpsvd_pct': 0.4444444444444444, 'bpsvd_num': 4, 'bpsvd_den': 9}",54.0,32.0,1.01,157.0,player_profile_classic,player_profile_classic,"['Alex Michelsen', 'Francisco Comesana']"
US Open,Hard,R128,2025-08-25,,Gabriel Diallo,Damir Dzumhur,7-6(4) 4-6 7-5 7-5,,,,,,,,,,,,,,,,,,,,,1.13,0.125,0.015,0.662,0.7440000000000001,0.5870000000000001,2.0,5.0,0.4,0.88,0.0,0.047,0.705,0.695,0.545,6.0,10.0,0.6,"{'ace_pct': 0.125, 'df_pct': 0.015, 'first_in_pct': 0.662, 'first_won_pct': 0.7440000000000001, 'second_won_pct': 0.5870000000000001, 'bpsvd_pct': 0.4, 'bpsvd_num': 2, 'bpsvd_den': 5}","{'ace_pct': 0.0, 'df_pct': 0.047, 'first_in_pct': 0.705, 'first_won_pct': 0.695, 'second_won_pct': 0.545, 'bpsvd_pct': 0.6, 'bpsvd_num': 6, 'bpsvd_den': 10}",33.0,61.0,1.13,197.0,player_profile_classic,player_profile_classic,"['Damir Dzumhur', 'Gabriel Diallo']"
US Open,Hard,R128,2025-08-25,2025.0,Holger Rune,Botic Van De Zandschulp,6-3 7-6(4) 7-6(2),True,11.0,73.0,Holger Rune,https://www.tennisabstract.com/cgi-bin/player-classic.cgi?p=HolgerRune,,1.2,0.07400000000000001,0.057999999999999996,0.537,0.6920000000000001,0.589,2.0,5.0,0.4,180.0,HOLGER RUNE,BOTIC VAN DE ZANDSCHULP,6-3 7-6(4) 7-6(2),2025|2025-08-25|US Open|R128|HOLGER RUNE|BOTIC VAN DE ZANDSCHULP|6-3 7-6(4) 7-6(2),,,,,,,,,,,,,,,,,,,,,,,,,,,
US Open,Hard,R128,2025-08-25,2025.0,Holger Rune,Van De Zandschulp,6-3 7-6(4) 7-6(2),False,73.0,11.0,Botic Van De Zandschulp,https://www.tennisabstract.com/cgi-bin/player-classic.cgi?p=BoticVanDeZandschulp,,0.83,0.055,0.1,0.555,0.705,0.408,5.0,9.0,0.5555555555555556,180.0,HOLGER RUNE,VAN DE ZANDSCHULP,6-3 7-6(4) 7-6(2),2025|2025-08-25|US Open|R128|HOLGER RUNE|VAN DE ZANDSCHULP|6-3 7-6(4) 7-6(2),,,,,,,,,,,,,,,,,,,,,,,,,,,
US Open,Hard,R128,2025-08-25,,Jack Draper,Federico Agustin Gomez,6-4 7-5 6-7(7) 6-2,,,,,,,,,,,,,,,,,,,,,1.26,0.105,0.038,0.602,0.813,0.528,2.0,4.0,0.5,0.79,0.11599999999999999,0.047,0.597,0.675,0.5379999999999999,5.0,11.0,0.45454545454545453,"{'ace_pct': 0.105, 'df_pct': 0.038, 'first_in_pct': 0.602, 'first_won_pct': 0.813, 'second_won_pct': 0.528, 'bpsvd_pct': 0.5, 'bpsvd_num': 2, 'bpsvd_den': 4}","{'ace_pct': 0.11599999999999999, 'df_pct': 0.047, 'first_in_pct': 0.597, 'first_won_pct': 0.675, 'second_won_pct': 0.5379999999999999, 'bpsvd_pct': 0.45454545454545453, 'bpsvd_num': 5, 'bpsvd_den': 11}",5.0,203.0,1.26,181.0,player_profile_classic,player_profile_classic,"['Federico Agustin Gomez', 'Jack Draper']"
US Open,Hard,R128,2025-08-25,2025.0,Jacob Fearnley,Bautista Agut,7-5 6-2 5-7 6-4,False,47.0,60.0,Roberto Bautista Agut,https://www.tennisabstract.com/cgi-bin/player-classic.cgi?p=RobertoBautistaAgut,,0.85,0.015,0.069,0.6409999999999999,0.619,0.46799999999999997,5.0,12.0,0.4166666666666667,204.0,JACOB FEARNLEY,BAUTISTA AGUT,7-5 6-2 5-7 6-4,2025|2025-08-25|US Open|R128|JACOB FEARNLEY|BAUTISTA AGUT|7-5 6-2 5-7 6-4,,,,,,,,,,,,,,,,,,,,,,,,,,,
US Open,Hard,R128,2025-08-25,2025.0,Jakub Mensik,Nicolas Jarry,7-6(5) 6-3 6-4,False,102.0,16.0,Nicolas Jarry,https://www.tennisabstract.com/cgi-bin/player-classic.cgi?p=NicolasJarry,,0.84,0.134,0.052000000000000005,0.649,0.6829999999999999,0.441,5.0,9.0,0.5555555555555556,144.0,JAKUB MENSIK,NICOLAS JARRY,7-6(5) 6-3 6-4,2025|2025-08-25|US Open|R128|JAKUB MENSIK|NICOLAS JARRY|7-6(5) 6-3 6-4,,,,,,,,,,,,,,,,,,,,,,,,,,,
US Open,Hard,R128,2025-08-25,2025.0,Jan Lennard Struff,Mackenzie Mcdonald,3-6 7-6(4) 6-3 6-3,False,100.0,144.0,Mackenzie Mcdonald,https://www.tennisabstract.com/cgi-bin/player-classic.cgi?p=MackenzieMcdonald,,0.83,0.061,0.091,0.53,0.7,0.435,3.0,8.0,0.375,172.0,JAN LENNARD STRUFF,MACKENZIE MCDONALD,3-6 7-6(4) 6-3 6-3,2025|2025-08-25|US Open|R128|JAN LENNARD STRUFF|MACKENZIE MCDONALD|3-6 7-6(4) 6-3 6-3,,,,,,,,,,,,,,,,,,,,,,,,,,,
US Open,Hard,R128,2025-08-25,2025.0,Jenson Brooksby,Aleksandar Vukic,6-3 6-7(4) 6-4 3-6 6-4,False,95.0,92.0,Aleksandar Vukic,https://www.tennisabstract.com/cgi-bin/player-classic.cgi?p=AleksandarVukic,,0.96,0.107,0.040999999999999995,0.58,0.7240000000000001,0.39399999999999996,11.0,20.0,0.55,226.0,JENSON BROOKSBY,ALEKSANDAR VUKIC,6-3 6-7(4) 6-4 3-6 6-4,2025|2025-08-25|US Open|R128|JENSON BROOKSBY|ALEKSANDAR VUKIC|6-3 6-7(4) 6-4 3-6 6-4,,,,,,,,,,,,,,,,,,,,,,,,,,,
US Open,Hard,R128,2025-08-25,2025.0,Jerome Kym,Ethan Quinn,6-3 6-2 3-6 7-6(5),False,84.0,175.0,Ethan Quinn,https://www.tennisabstract.com/cgi-bin/player-classic.cgi?p=EthanQuinn,,0.86,0.105,0.008,0.597,0.649,0.54,4.0,8.0,0.5,172.0,JEROME KYM,ETHAN QUINN,6-3 6-2 3-6 7-6(5),2025|2025-08-25|US Open|R128|JEROME KYM|ETHAN QUINN|6-3 6-2 3-6 7-6(5),,,,,,,,,,,,,,,,,,,,,,,,,,,
US Open,Hard,R128,2025-08-25,,Jiri Lehecka,Borna Coric,3-6 6-4 7-6(5) 6-1,,,,,,,,,,,,,,,,,,,,,1.25,0.11,0.051,0.593,0.8,0.521,2.0,5.0,0.4,0.8,0.057,0.057,0.607,0.662,0.521,4.0,8.0,0.5,"{'ace_pct': 0.11, 'df_pct': 0.051, 'first_in_pct': 0.593, 'first_won_pct': 0.8, 'second_won_pct': 0.521, 'bpsvd_pct': 0.4, 'bpsvd_num': 2, 'bpsvd_den': 5}","{'ace_pct': 0.057, 'df_pct': 0.057, 'first_in_pct': 0.607, 'first_won_pct': 0.662, 'second_won_pct': 0.521, 'bpsvd_pct': 0.5, 'bpsvd_num': 4, 'bpsvd_den': 8}",21.0,105.0,1.25,192.0,player_profile_classic,player_profile_classic,"['Borna Coric', 'Jiri Lehecka']"
US Open,Hard,R128,2025-08-25,,Joao Fonseca,Miomir Kecmanovic,7-6(3) 7-6(5) 6-3,,,,,,,,,,,,,,,,,,,,,1.31,0.139,0.0,0.624,0.746,0.632,1.0,3.0,0.3333333333333333,0.76,0.049,0.049,0.5529999999999999,0.75,0.436,5.0,9.0,0.5555555555555556,"{'ace_pct': 0.139, 'df_pct': 0.0, 'first_in_pct': 0.624, 'first_won_pct': 0.746, 'second_won_pct': 0.632, 'bpsvd_pct': 0.3333333333333333, 'bpsvd_num': 1, 'bpsvd_den': 3}","{'ace_pct': 0.049, 'df_pct': 0.049, 'first_in_pct': 0.5529999999999999, 'first_won_pct': 0.75, 'second_won_pct': 0.436, 'bpsvd_pct': 0.5555555555555556, 'bpsvd_num': 5, 'bpsvd_den': 9}",45.0,42.0,1.31,146.0,player_profile_classic,player_profile_classic,"['Joao Fonseca', 'Miomir Kecmanovic']"
US Open,Hard,R128,2025-08-25,,Jordan Thompson,Corentin Moutet,6-2 6-4 1-6 6-3,,,,,,,,,,,,,,,,,,,,,1.26,0.1,0.02,0.63,0.7140000000000001,0.595,5.0,8.0,0.625,0.79,0.035,0.044000000000000004,0.5579999999999999,0.6829999999999999,0.46,9.0,14.0,0.6428571428571429,"{'ace_pct': 0.1, 'df_pct': 0.02, 'first_in_pct': 0.63, 'first_won_pct': 0.7140000000000001, 'second_won_pct': 0.595, 'bpsvd_pct': 0.625, 'bpsvd_num': 5, 'bpsvd_den': 8}","{'ace_pct': 0.035, 'df_pct': 0.044000000000000004, 'first_in_pct': 0.5579999999999999, 'first_won_pct': 0.6829999999999999, 'second_won_pct': 0.46, 'bpsvd_pct': 0.6428571428571429, 'bpsvd_num': 9, 'bpsvd_den': 14}",58.0,40.0,1.26,175.0,player_profile_classic,player_profile_classic,"['Corentin Moutet', 'Jordan Thompson']"
US Open,Hard,R128,2025-08-25,,Kamil Majchrzak,Hugo Dellien,6-1 6-4 6-7(5) 6-4,,,,,,,,,,,,,,,,,,,,,1.17,0.128,0.027999999999999997,0.574,0.679,0.467,11.0,16.0,0.6875,0.86,0.027000000000000003,0.054000000000000006,0.595,0.636,0.35,16.0,25.0,0.64,"{'ace_pct': 0.128, 'df_pct': 0.027999999999999997, 'first_in_pct': 0.574, 'first_won_pct': 0.679, 'second_won_pct': 0.467, 'bpsvd_pct': 0.6875, 'bpsvd_num': 11, 'bpsvd_den': 16}","{'ace_pct': 0.027000000000000003, 'df_pct': 0.054000000000000006, 'first_in_pct': 0.595, 'first_won_pct': 0.636, 'second_won_pct': 0.35, 'bpsvd_pct': 0.64, 'bpsvd_num': 16, 'bpsvd_den': 25}",76.0,121.0,1.17,188.0,player_profile_classic,player_profile_classic,"['Hugo Dellien', 'Kamil Majchrzak']"
US Open,Hard,R128,2025-08-25,,Karen Khachanov,Nishesh Basavareddy,6-7(5) 6-3 7-5 6-1,,,,,,,,,,,,,,,,,,,,,1.34,0.152,0.048,0.56,0.8290000000000001,0.509,8.0,10.0,0.8,0.75,0.023,0.039,0.488,0.667,0.5,1.0,8.0,0.125,"{'ace_pct': 0.152, 'df_pct': 0.048, 'first_in_pct': 0.56, 'first_won_pct': 0.8290000000000001, 'second_won_pct': 0.509, 'bpsvd_pct': 0.8, 'bpsvd_num': 8, 'bpsvd_den': 10}","{'ace_pct': 0.023, 'df_pct': 0.039, 'first_in_pct': 0.488, 'first_won_pct': 0.667, 'second_won_pct': 0.5, 'bpsvd_pct': 0.125, 'bpsvd_num': 1, 'bpsvd_den': 8}",9.0,104.0,1.34,189.0,player_profile_classic,player_profile_classic,"['Karen Khachanov', 'Nishesh Basavareddy']"
US Open,Hard,R128,2025-08-25,,Leandro Riedi,Pedro Martinez,6-4 6-2 6-3,,,,,,,,,,,,,,,,,,,,,1.58,0.18100000000000002,0.048,0.6629999999999999,0.8,0.536,8.0,8.0,1.0,0.63,0.0,0.099,0.525,0.642,0.43799999999999994,10.0,15.0,0.6666666666666666,"{'ace_pct': 0.18100000000000002, 'df_pct': 0.048, 'first_in_pct': 0.6629999999999999, 'first_won_pct': 0.8, 'second_won_pct': 0.536, 'bpsvd_pct': 1.0, 'bpsvd_num': 8, 'bpsvd_den': 8}","{'ace_pct': 0.0, 'df_pct': 0.099, 'first_in_pct': 0.525, 'first_won_pct': 0.642, 'second_won_pct': 0.43799999999999994, 'bpsvd_pct': 0.6666666666666666, 'bpsvd_num': 10, 'bpsvd_den': 15}",435.0,66.0,1.58,128.0,player_profile_classic,player_profile_classic,"['Leandro Riedi', 'Pedro Martinez']"
US Open,Hard,R128,2025-08-25,,Lloyd Harris,Sebastian Baez,6-3 7-5 6-4,,,,,,,,,,,,,,,,,,,,,1.57,0.107,0.06,0.643,0.7959999999999999,0.5329999999999999,4.0,7.0,0.5714285714285714,0.64,0.032,0.021,0.8190000000000001,0.584,0.294,5.0,11.0,0.45454545454545453,"{'ace_pct': 0.107, 'df_pct': 0.06, 'first_in_pct': 0.643, 'first_won_pct': 0.7959999999999999, 'second_won_pct': 0.5329999999999999, 'bpsvd_pct': 0.5714285714285714, 'bpsvd_num': 4, 'bpsvd_den': 7}","{'ace_pct': 0.032, 'df_pct': 0.021, 'first_in_pct': 0.8190000000000001, 'first_won_pct': 0.584, 'second_won_pct': 0.294, 'bpsvd_pct': 0.45454545454545453, 'bpsvd_num': 5, 'bpsvd_den': 11}",353.0,39.0,1.57,137.0,player_profile_classic,player_profile_classic,"['Lloyd Harris', 'Sebastian Baez']"
US Open,Hard,R128,2025-08-25,2025.0,Lorenzo Musetti,Giovanni Mpetshi Perricard,6-7(3) 6-3 6-4 6-4,True,10.0,37.0,Lorenzo Musetti,https://www.tennisabstract.com/cgi-bin/player-classic.cgi?p=LorenzoMusetti,,2.22,0.13,0.01,0.68,0.868,0.875,0.0,0.0,,152.0,LORENZO MUSETTI,GIOVANNI MPETSHI PERRICARD,6-7(3) 6-3 6-4 6-4,2025|2025-08-25|US Open|R128|LORENZO MUSETTI|GIOVANNI MPETSHI PERRICARD|6-7(3) 6-3 6-4 6-4,,,,,,,,,,,,,,,,,,,,,,,,,,,
US Open,Hard,R128,2025-08-25,2025.0,Lorenzo Musetti,Mpetshi Perricard,6-7(3) 6-3 6-4 6-4,False,37.0,10.0,Giovanni Mpetshi Perricard,https://www.tennisabstract.com/cgi-bin/player-classic.cgi?p=GiovanniMpetshiPerricard,,0.45,0.10400000000000001,0.08,0.5920000000000001,0.851,0.51,5.0,8.0,0.625,152.0,LORENZO MUSETTI,MPETSHI PERRICARD,6-7(3) 6-3 6-4 6-4,2025|2025-08-25|US Open|R128|LORENZO MUSETTI|MPETSHI PERRICARD|6-7(3) 6-3 6-4 6-4,,,,,,,,,,,,,,,,,,,,,,,,,,,
US Open,Hard,R128,2025-08-25,,Luciano Darderi,Rinky Hijikata,6-2 6-1 6-2,,,,,,,,,,,,,,,,,,,,,2.21,0.177,0.09699999999999999,0.565,0.943,0.556,0.0,0.0,,0.45,0.044000000000000004,0.07400000000000001,0.529,0.639,0.344,2.0,8.0,0.25,"{'ace_pct': 0.177, 'df_pct': 0.09699999999999999, 'first_in_pct': 0.565, 'first_won_pct': 0.943, 'second_won_pct': 0.556, 'bpsvd_num': 0, 'bpsvd_den': 0}","{'ace_pct': 0.044000000000000004, 'df_pct': 0.07400000000000001, 'first_in_pct': 0.529, 'first_won_pct': 0.639, 'second_won_pct': 0.344, 'bpsvd_pct': 0.25, 'bpsvd_num': 2, 'bpsvd_den': 8}",34.0,103.0,2.21,84.0,player_profile_classic,player_profile_classic,"['Luciano Darderi', 'Rinky Hijikata']"
US Open,Hard,R128,2025-08-25,,Marcos Giron,Mariano Navone,6-0 7-5 4-6 5-7 6-4,,,,,,,,,,,,,,,,,,,,,1.14,0.018000000000000002,0.028999999999999998,0.556,0.6629999999999999,0.526,11.0,17.0,0.6470588235294118,0.88,0.032,0.071,0.613,0.589,0.483,7.0,16.0,0.4375,"{'ace_pct': 0.018000000000000002, 'df_pct': 0.028999999999999998, 'first_in_pct': 0.556, 'first_won_pct': 0.6629999999999999, 'second_won_pct': 0.526, 'bpsvd_pct': 0.6470588235294118, 'bpsvd_num': 11, 'bpsvd_den': 17}","{'ace_pct': 0.032, 'df_pct': 0.071, 'first_in_pct': 0.613, 'first_won_pct': 0.589, 'second_won_pct': 0.483, 'bpsvd_pct': 0.4375, 'bpsvd_num': 7, 'bpsvd_den': 16}",55.0,78.0,1.14,252.0,player_profile_classic,player_profile_classic,"['Marcos Giron', 'Mariano Navone']"
US Open,Hard,R128,2025-08-25,,Martin Damm,Darwin Blanch,6-3 6-4 6-4,,,,,,,,,,,,,,,,,,,,,1.4,0.282,0.047,0.647,0.836,0.6,3.0,3.0,1.0,0.71,0.141,0.038,0.705,0.7090000000000001,0.522,3.0,6.0,0.5,"{'ace_pct': 0.282, 'df_pct': 0.047, 'first_in_pct': 0.647, 'first_won_pct': 0.836, 'second_won_pct': 0.6, 'bpsvd_pct': 1.0, 'bpsvd_num': 3, 'bpsvd_den': 3}","{'ace_pct': 0.141, 'df_pct': 0.038, 'first_in_pct': 0.705, 'first_won_pct': 0.7090000000000001, 'second_won_pct': 0.522, 'bpsvd_pct': 0.5, 'bpsvd_num': 3, 'bpsvd_den': 6}",431.0,364.0,1.4,100.0,player_profile_classic,player_profile_classic,"['Darwin Blanch', 'Martin Damm']"
US Open,Hard,R128,2025-08-25,,Mattia Bellucci,Juncheng Shang,7-6(0) 1-6 6-3 3-0 RET,,,,,,,,,,,,,,,,,,,,,1.2,0.113,0.038,0.604,0.672,0.524,12.0,16.0,0.75,0.83,0.024,0.057,0.561,0.623,0.426,6.0,11.0,0.5454545454545454,"{'ace_pct': 0.113, 'df_pct': 0.038, 'first_in_pct': 0.604, 'first_won_pct': 0.672, 'second_won_pct': 0.524, 'bpsvd_pct': 0.75, 'bpsvd_num': 12, 'bpsvd_den': 16}","{'ace_pct': 0.024, 'df_pct': 0.057, 'first_in_pct': 0.561, 'first_won_pct': 0.623, 'second_won_pct': 0.426, 'bpsvd_pct': 0.5454545454545454, 'bpsvd_num': 6, 'bpsvd_den': 11}",65.0,111.0,1.2,170.0,player_profile_classic,player_profile_classic,"['Juncheng Shang', 'Mattia Bellucci']"
US Open,Hard,R128,2025-08-25,,Novak Djokovic,Learner Tien,6-1 7-6(3) 6-2,,,,,,,,,,,,,,,,,,,,,1.5,0.07400000000000001,0.043,0.596,0.768,0.474,6.0,8.0,0.75,0.66,0.011000000000000001,0.079,0.629,0.5539999999999999,0.33299999999999996,3.0,9.0,0.3333333333333333,"{'ace_pct': 0.07400000000000001, 'df_pct': 0.043, 'first_in_pct': 0.596, 'first_won_pct': 0.768, 'second_won_pct': 0.474, 'bpsvd_pct': 0.75, 'bpsvd_num': 6, 'bpsvd_den': 8}","{'ace_pct': 0.011000000000000001, 'df_pct': 0.079, 'first_in_pct': 0.629, 'first_won_pct': 0.5539999999999999, 'second_won_pct': 0.33299999999999996, 'bpsvd_pct': 0.3333333333333333, 'bpsvd_num': 3, 'bpsvd_den': 9}",7.0,50.0,1.5,145.0,player_profile_classic,player_profile_classic,"['Learner Tien', 'Novak Djokovic']"
US Open,Hard,R128,2025-08-25,,Nuno Borges,Brandon Holt,6-4 6-2 6-3,,,,,,,,,,,,,,,,,,,,,1.5,0.12,0.048,0.6509999999999999,0.778,0.517,2.0,4.0,0.5,0.66,0.057,0.0,0.529,0.609,0.439,11.0,17.0,0.6470588235294118,"{'ace_pct': 0.12, 'df_pct': 0.048, 'first_in_pct': 0.6509999999999999, 'first_won_pct': 0.778, 'second_won_pct': 0.517, 'bpsvd_pct': 0.5, 'bpsvd_num': 2, 'bpsvd_den': 4}","{'ace_pct': 0.057, 'df_pct': 0.0, 'first_in_pct': 0.529, 'first_won_pct': 0.609, 'second_won_pct': 0.439, 'bpsvd_pct': 0.6470588235294118, 'bpsvd_num': 11, 'bpsvd_den': 17}",41.0,110.0,1.5,109.0,player_profile_classic,player_profile_classic,"['Brandon Holt', 'Nuno Borges']"
US Open,Hard,R128,2025-08-25,2025.0,Pablo Carreno Busta,Llamas Ruiz,7-6(7) 6-4 6-2,False,361.0,137.0,Pablo Llamas Ruiz,https://www.tennisabstract.com/cgi-bin/player-classic.cgi?p=PabloLlamasRuiz,,0.68,0.102,0.068,0.593,0.7290000000000001,0.43799999999999994,11.0,14.0,0.7857142857142857,146.0,PABLO CARRENO BUSTA,LLAMAS RUIZ,7-6(7) 6-4 6-2,2025|2025-08-25|US Open|R128|PABLO CARRENO BUSTA|LLAMAS RUIZ|7-6(7) 6-4 6-2,,,,,,,,,,,,,,,,,,,,,,,,,,,
US Open,Hard,R128,2025-08-25,,Raphael Collignon,Daniel Elahi Galan,6-4 6-4 6-4,,,,,,,,,,,,,,,,,,,,,1.28,0.063,0.053,0.537,0.745,0.614,5.0,6.0,0.8333333333333334,0.78,0.075,0.057,0.519,0.727,0.451,7.0,11.0,0.6363636363636364,"{'ace_pct': 0.063, 'df_pct': 0.053, 'first_in_pct': 0.537, 'first_won_pct': 0.745, 'second_won_pct': 0.614, 'bpsvd_pct': 0.8333333333333334, 'bpsvd_num': 5, 'bpsvd_den': 6}","{'ace_pct': 0.075, 'df_pct': 0.057, 'first_in_pct': 0.519, 'first_won_pct': 0.727, 'second_won_pct': 0.451, 'bpsvd_pct': 0.6363636363636364, 'bpsvd_num': 7, 'bpsvd_den': 11}",107.0,131.0,1.28,139.0,player_profile_classic,player_profile_classic,"['Daniel Elahi Galan', 'Raphael Collignon']"
US Open,Hard,R128,2025-08-25,,Roman Safiullin,Gael Monfils,6-4 2-6 6-1 3-6 6-4,,,,,,,,,,,,,,,,,,,,,1.06,0.067,0.025,0.6890000000000001,0.732,0.37799999999999995,1.0,7.0,0.14285714285714285,0.94,0.128,0.085,0.504,0.746,0.44799999999999995,5.0,12.0,0.4166666666666667,"{'ace_pct': 0.067, 'df_pct': 0.025, 'first_in_pct': 0.6890000000000001, 'first_won_pct': 0.732, 'second_won_pct': 0.37799999999999995, 'bpsvd_pct': 0.14285714285714285, 'bpsvd_num': 1, 'bpsvd_den': 7}","{'ace_pct': 0.128, 'df_pct': 0.085, 'first_in_pct': 0.504, 'first_won_pct': 0.746, 'second_won_pct': 0.44799999999999995, 'bpsvd_pct': 0.4166666666666667, 'bpsvd_num': 5, 'bpsvd_den': 12}",94.0,49.0,1.06,163.0,player_profile_classic,player_profile_classic,"['Gael Monfils', 'Roman Safiullin']"
US Open,Hard,R128,2025-08-25,,Shintaro Mochizuki,Hugo Gaston,6-4 6-3 6-4,,,,,,,,,,,,,,,,,,,,,1.29,0.047,0.059000000000000004,0.47100000000000003,0.7,0.489,6.0,11.0,0.5454545454545454,0.78,0.021,0.042,0.583,0.518,0.4,14.0,23.0,0.6086956521739131,"{'ace_pct': 0.047, 'df_pct': 0.059000000000000004, 'first_in_pct': 0.47100000000000003, 'first_won_pct': 0.7, 'second_won_pct': 0.489, 'bpsvd_pct': 0.5454545454545454, 'bpsvd_num': 6, 'bpsvd_den': 11}","{'ace_pct': 0.021, 'df_pct': 0.042, 'first_in_pct': 0.583, 'first_won_pct': 0.518, 'second_won_pct': 0.4, 'bpsvd_pct': 0.6086956521739131, 'bpsvd_num': 14, 'bpsvd_den': 23}",112.0,125.0,1.29,116.0,player_profile_classic,player_profile_classic,"['Hugo Gaston', 'Shintaro Mochizuki']"
US Open,Hard,R128,2025-08-25,,Stefanos Tsitsipas,Alexandre Muller,4-6 6-0 6-1 7-6(5),,,,,,,,,,,,,,,,,,,,,1.62,0.152,0.028999999999999998,0.59,0.8390000000000001,0.581,5.0,7.0,0.7142857142857143,0.62,0.036000000000000004,0.045,0.6759999999999999,0.653,0.389,9.0,15.0,0.6,"{'ace_pct': 0.152, 'df_pct': 0.028999999999999998, 'first_in_pct': 0.59, 'first_won_pct': 0.8390000000000001, 'second_won_pct': 0.581, 'bpsvd_pct': 0.7142857142857143, 'bpsvd_num': 5, 'bpsvd_den': 7}","{'ace_pct': 0.036000000000000004, 'df_pct': 0.045, 'first_in_pct': 0.6759999999999999, 'first_won_pct': 0.653, 'second_won_pct': 0.389, 'bpsvd_pct': 0.6, 'bpsvd_num': 9, 'bpsvd_den': 15}",28.0,38.0,1.62,133.0,player_profile_classic,player_profile_classic,"['Alexandre Muller', 'Stefanos Tsitsipas']"
US Open,Hard,R128,2025-08-25,,Taylor Fritz,Emilio Nava,7-5 6-2 6-3,,,,,,,,,,,,,,,,,,,,,1.53,0.125,0.057,0.568,0.78,0.684,4.0,4.0,1.0,0.65,0.09,0.06,0.63,0.6509999999999999,0.514,6.0,10.0,0.6,"{'ace_pct': 0.125, 'df_pct': 0.057, 'first_in_pct': 0.568, 'first_won_pct': 0.78, 'second_won_pct': 0.684, 'bpsvd_pct': 1.0, 'bpsvd_num': 4, 'bpsvd_den': 4}","{'ace_pct': 0.09, 'df_pct': 0.06, 'first_in_pct': 0.63, 'first_won_pct': 0.6509999999999999, 'second_won_pct': 0.514, 'bpsvd_pct': 0.6, 'bpsvd_num': 6, 'bpsvd_den': 10}",4.0,101.0,1.53,118.0,player_profile_classic,player_profile_classic,"['Emilio Nava', 'Taylor Fritz']"
US Open,Hard,R128,2025-08-25,,Tomas Machac,Luca Nardi,6-3 6-1 6-1,,,,,,,,,,,,,,,,,,,,,2.23,0.172,0.0,0.69,0.775,0.778,2.0,2.0,1.0,0.45,0.013999999999999999,0.139,0.431,0.677,0.366,7.0,14.0,0.5,"{'ace_pct': 0.172, 'df_pct': 0.0, 'first_in_pct': 0.69, 'first_won_pct': 0.775, 'second_won_pct': 0.778, 'bpsvd_pct': 1.0, 'bpsvd_num': 2, 'bpsvd_den': 2}","{'ace_pct': 0.013999999999999999, 'df_pct': 0.139, 'first_in_pct': 0.431, 'first_won_pct': 0.677, 'second_won_pct': 0.366, 'bpsvd_pct': 0.5, 'bpsvd_num': 7, 'bpsvd_den': 14}",22.0,86.0,2.23,80.0,player_profile_classic,player_profile_classic,"['Luca Nardi', 'Tomas Machac']"
US Open,Hard,R128,2025-08-25,2025.0,Tomas Martin Etcheverry,Camilo Ugo Carabelli,6-3 6-2 6-0,True,59.0,43.0,Tomas Martin Etcheverry,https://www.tennisabstract.com/cgi-bin/player-classic.cgi?p=TomasMartinEtcheverry,,2.12,0.149,0.0,0.716,0.7709999999999999,0.632,0.0,1.0,0.0,105.0,TOMAS MARTIN ETCHEVERRY,CAMILO UGO CARABELLI,6-3 6-2 6-0,2025|2025-08-25|US Open|R128|TOMAS MARTIN ETCHEVERRY|CAMILO UGO CARABELLI|6-3 6-2 6-0,,,,,,,,,,,,,,,,,,,,,,,,,,,
US Open,Hard,R128,2025-08-25,2025.0,Tomas Martin Etcheverry,Ugo Carabelli,6-3 6-2 6-0,False,43.0,59.0,Camilo Ugo Carabelli,https://www.tennisabstract.com/cgi-bin/player-classic.cgi?p=CamiloUgoCarabelli,,0.47,0.062,0.12300000000000001,0.415,0.48100000000000004,0.395,4.0,11.0,0.36363636363636365,105.0,TOMAS MARTIN ETCHEVERRY,UGO CARABELLI,6-3 6-2 6-0,2025|2025-08-25|US Open|R128|TOMAS MARTIN ETCHEVERRY|UGO CARABELLI|6-3 6-2 6-0,,,,,,,,,,,,,,,,,,,,,,,,,,,
US Open,Hard,R128,2025-08-25,,Tommy Paul,Elmer Moller,6-3 6-3 6-1,,,,,,,,,,,,,,,,,,,,,1.81,0.055,0.040999999999999995,0.507,0.838,0.639,0.0,0.0,,0.55,0.012,0.145,0.494,0.634,0.429,5.0,10.0,0.5,"{'ace_pct': 0.055, 'df_pct': 0.040999999999999995, 'first_in_pct': 0.507, 'first_won_pct': 0.838, 'second_won_pct': 0.639, 'bpsvd_num': 0, 'bpsvd_den': 0}","{'ace_pct': 0.012, 'df_pct': 0.145, 'first_in_pct': 0.494, 'first_won_pct': 0.634, 'second_won_pct': 0.429, 'bpsvd_pct': 0.5, 'bpsvd_num': 5, 'bpsvd_den': 10}",14.0,109.0,1.81,108.0,player_profile_classic,player_profile_classic,"['Elmer Moller', 'Tommy Paul']"
US Open,Hard,R128,2025-08-25,2025.0,Tristan Schoolkate,Lorenzo Sonego,6-3 7-6(8) 1-6 1-6 7-6(6),False,46.0,96.0,Lorenzo Sonego,https://www.tennisabstract.com/cgi-bin/player-classic.cgi?p=LorenzoSonego,,1.02,0.113,0.051,0.605,0.7290000000000001,0.5429999999999999,12.0,14.0,0.8571428571428571,258.0,TRISTAN SCHOOLKATE,LORENZO SONEGO,6-3 7-6(8) 1-6 1-6 7-6(6),2025|2025-08-25|US Open|R128|TRISTAN SCHOOLKATE|LORENZO SONEGO|6-3 7-6(8) 1-6 1-6 7-6(6),,,,,,,,,,,,,,,,,,,,,,,,,,,
US Open,Hard,R128,2025-08-25,2025.0,Ugo Blanchet,Fabian Marozsan,6-4 3-6 7-6(7) 6-2,False,53.0,184.0,Fabian Marozsan,https://www.tennisabstract.com/cgi-bin/player-classic.cgi?p=FabianMarozsan,,0.95,0.063,0.048,0.627,0.6579999999999999,0.574,4.0,9.0,0.4444444444444444,167.0,UGO BLANCHET,FABIAN MAROZSAN,6-4 3-6 7-6(7) 6-2,2025|2025-08-25|US Open|R128|UGO BLANCHET|FABIAN MAROZSAN|6-4 3-6 7-6(7) 6-2,,,,,,,,,,,,,,,,,,,,,,,,,,,
US Open,Hard,R128,2025-08-25,2025.0,Valentin Royer,Bu Yunchaokete,6-1 6-4 7-6(1),False,74.0,98.0,Bu Yunchaokete,https://www.tennisabstract.com/cgi-bin/player-classic.cgi?p=BuYunchaokete,,0.75,0.122,0.033,0.556,0.74,0.5,1.0,4.0,0.25,135.0,VALENTIN ROYER,BU YUNCHAOKETE,6-1 6-4 7-6(1),2025|2025-08-25|US Open|R128|VALENTIN ROYER|BU YUNCHAOKETE|6-1 6-4 7-6(1),,,,,,,,,,,,,,,,,,,,,,,,,,,
US Open,Hard,R128,2025-08-25,2025.0,Zachary Svajda,Zsombor Piros,6-4 6-2 7-5,False,156.0,145.0,Zsombor Piros,https://www.tennisabstract.com/cgi-bin/player-classic.cgi?p=ZsomborPiros,,0.72,0.057,0.068,0.557,0.551,0.308,5.0,14.0,0.35714285714285715,128.0,ZACHARY SVAJDA,ZSOMBOR PIROS,6-4 6-2 7-5,2025|2025-08-25|US Open|R128|ZACHARY SVAJDA|ZSOMBOR PIROS|6-4 6-2 7-5,,,,,,,,,,,,,,,,,,,,,,,,,,,
US Open,Hard,R128,2025-08-25,2025.0,Zizou Bergs,Chun Hsin Tseng,6-3 6-4 6-3,False,118.0,48.0,Chun Hsin Tseng,https://www.tennisabstract.com/cgi-bin/player-classic.cgi?p=ChunHsinTseng,,0.67,0.0,0.038,0.526,0.488,0.405,5.0,13.0,0.38461538461538464,113.0,ZIZOU BERGS,CHUN HSIN TSENG,6-3 6-4 6-3,2025|2025-08-25|US Open|R128|ZIZOU BERGS|CHUN HSIN TSENG|6-3 6-4 6-3,,,,,,,,,,,,,,,,,,,,,,,,,,,
US Open,Hard,R16,2025-08-25,2025.0,Alex De Minaur,Leandro Riedi,6-3 6-2 6-1,False,435.0,8.0,Leandro Riedi,https://www.tennisabstract.com/cgi-bin/player-classic.cgi?p=LeandroRiedi,,0.62,0.043,0.129,0.514,0.47200000000000003,0.353,7.0,15.0,0.4666666666666667,93.0,ALEX DE MINAUR,LEANDRO RIEDI,6-3 6-2 6-1,2025|2025-08-25|US Open|R16|ALEX DE MINAUR|LEANDRO RIEDI|6-3 6-2 6-1,,,,,,,,,,,,,,,,,,,,,,,,,,,
US Open,Hard,R16,2025-08-25,2025.0,Auger Aliassime,Andrey Rublev,7-5 6-3 6-4,True,27.0,15.0,Felix Auger Aliassime,https://www.tennisabstract.com/cgi-bin/player-classic.cgi?p=FelixAugerAliassime,,1.51,0.14300000000000002,0.044000000000000004,0.659,0.833,0.5479999999999999,3.0,4.0,0.75,136.0,AUGER ALIASSIME,ANDREY RUBLEV,7-5 6-3 6-4,2025|2025-08-25|US Open|R16|AUGER ALIASSIME|ANDREY RUBLEV|7-5 6-3 6-4,,,,,,,,,,,,,,,,,,,,,,,,,,,
US Open,Hard,R16,2025-08-25,,Carlos Alcaraz,Arthur Rinderknech,7-6(3) 6-3 6-4,,,,,,,,,,,,,,,,,,,,,1.81,0.07,0.012,0.616,0.8490000000000001,0.758,2.0,2.0,1.0,0.55,0.124,0.045,0.573,0.804,0.474,3.0,5.0,0.6,"{'ace_pct': 0.07, 'df_pct': 0.012, 'first_in_pct': 0.616, 'first_won_pct': 0.8490000000000001, 'second_won_pct': 0.758, 'bpsvd_pct': 1.0, 'bpsvd_num': 2, 'bpsvd_den': 2}","{'ace_pct': 0.124, 'df_pct': 0.045, 'first_in_pct': 0.573, 'first_won_pct': 0.804, 'second_won_pct': 0.474, 'bpsvd_pct': 0.6, 'bpsvd_num': 3, 'bpsvd_den': 5}",2.0,82.0,1.81,132.0,player_profile_classic,player_profile_classic,"['Arthur Rinderknech', 'Carlos Alcaraz']"
US Open,Hard,R16,2025-08-25,2025.0,De Minaur,Leandro Riedi,6-3 6-2 6-1,True,8.0,435.0,Alex De Minaur,https://www.tennisabstract.com/cgi-bin/player-classic.cgi?p=AlexDeMinaur,,1.61,0.11699999999999999,0.039,0.623,0.7290000000000001,0.483,4.0,6.0,0.6666666666666666,93.0,DE MINAUR,LEANDRO RIEDI,6-3 6-2 6-1,2025|2025-08-25|US Open|R16|DE MINAUR|LEANDRO RIEDI|6-3 6-2 6-1,,,,,,,,,,,,,,,,,,,,,,,,,,,
US Open,Hard,R16,2025-08-25,2025.0,Felix Auger Aliassime,Andrey Rublev,7-5 6-3 6-4,False,15.0,27.0,Andrey Rublev,https://www.tennisabstract.com/cgi-bin/player-classic.cgi?p=AndreyRublev,,0.66,0.065,0.043,0.5379999999999999,0.7,0.488,3.0,7.0,0.42857142857142855,136.0,FELIX AUGER ALIASSIME,ANDREY RUBLEV,7-5 6-3 6-4,2025|2025-08-25|US Open|R16|FELIX AUGER ALIASSIME|ANDREY RUBLEV|7-5 6-3 6-4,,,,,,,,,,,,,,,,,,,,,,,,,,,
US Open,Hard,R16,2025-08-25,2025.0,Jannik Sinner,Alexander Bublik,6-1 6-1 6-1,False,24.0,1.0,Alexander Bublik,https://www.tennisabstract.com/cgi-bin/player-classic.cgi?p=AlexanderBublik,(ch),0.4,0.025,0.165,0.595,0.596,0.188,9.0,17.0,0.5294117647058824,81.0,JANNIK SINNER,ALEXANDER BUBLIK,6-1 6-1 6-1,2025|2025-08-25|US Open|R16|JANNIK SINNER|ALEXANDER BUBLIK|6-1 6-1 6-1,,,,,,,,,,,,,,,,,,,,,,,,,,,
US Open,Hard,R16,2025-08-25,,Jiri Lehecka,Adrian Mannarino,7-6(4) 6-4 2-6 6-2,,,,,,,,,,,,,,,,,,,,,1.13,0.154,0.085,0.521,0.721,0.46399999999999997,2.0,7.0,0.2857142857142857,0.89,0.028999999999999998,0.028999999999999998,0.54,0.595,0.49200000000000005,11.0,17.0,0.6470588235294118,"{'ace_pct': 0.154, 'df_pct': 0.085, 'first_in_pct': 0.521, 'first_won_pct': 0.721, 'second_won_pct': 0.46399999999999997, 'bpsvd_pct': 0.2857142857142857, 'bpsvd_num': 2, 'bpsvd_den': 7}","{'ace_pct': 0.028999999999999998, 'df_pct': 0.028999999999999998, 'first_in_pct': 0.54, 'first_won_pct': 0.595, 'second_won_pct': 0.49200000000000005, 'bpsvd_pct': 0.6470588235294118, 'bpsvd_num': 11, 'bpsvd_den': 17}",21.0,77.0,1.13,194.0,player_profile_classic,player_profile_classic,"['Adrian Mannarino', 'Jiri Lehecka']"
US Open,Hard,R16,2025-08-25,2025.0,Lorenzo Musetti,Jaume Munar,6-3 6-0 6-1,True,10.0,44.0,Lorenzo Musetti,https://www.tennisabstract.com/cgi-bin/player-classic.cgi?p=LorenzoMusetti,,2.12,0.10800000000000001,0.062,0.508,0.818,0.6559999999999999,4.0,4.0,1.0,97.0,LORENZO MUSETTI,JAUME MUNAR,6-3 6-0 6-1,2025|2025-08-25|US Open|R16|LORENZO MUSETTI|JAUME MUNAR|6-3 6-0 6-1,,,,,,,,,,,,,,,,,,,,,,,,,,,
US Open,Hard,R16,2025-08-25,2025.0,Novak Djokovic,Jan Lennard Struff,6-3 6-3 6-2,True,7.0,144.0,Novak Djokovic,https://www.tennisabstract.com/cgi-bin/player-classic.cgi?p=NovakDjokovic,(ch),1.67,0.162,0.0,0.649,0.792,0.5770000000000001,0.0,1.0,0.0,109.0,NOVAK DJOKOVIC,JAN LENNARD STRUFF,6-3 6-3 6-2,2025|2025-08-25|US Open|R16|NOVAK DJOKOVIC|JAN LENNARD STRUFF|6-3 6-3 6-2,,,,,,,,,,,,,,,,,,,,,,,,,,,
US Open,Hard,R16,2025-08-25,,Taylor Fritz,Tomas Machac,6-4 6-3 6-3,,,,,,,,,,,,,,,,,,,,,2.03,0.203,0.028999999999999998,0.623,0.907,0.654,0.0,0.0,,0.49,0.049,0.037000000000000005,0.5429999999999999,0.705,0.514,4.0,8.0,0.5,"{'ace_pct': 0.203, 'df_pct': 0.028999999999999998, 'first_in_pct': 0.623, 'first_won_pct': 0.907, 'second_won_pct': 0.654, 'bpsvd_num': 0, 'bpsvd_den': 0}","{'ace_pct': 0.049, 'df_pct': 0.037000000000000005, 'first_in_pct': 0.5429999999999999, 'first_won_pct': 0.705, 'second_won_pct': 0.514, 'bpsvd_pct': 0.5, 'bpsvd_num': 4, 'bpsvd_den': 8}",4.0,22.0,2.03,98.0,player_profile_classic,player_profile_classic,"['Taylor Fritz', 'Tomas Machac']"
US Open,Hard,R32,2025-08-25,,Adrian Mannarino,Ben Shelton,3-6 6-3 4-6 6-4 RET,,,,,,,,,,,,,,,,,,,,,0.9,0.031,0.023,0.615,0.725,0.5,7.0,10.0,0.7,1.11,0.10300000000000001,0.027999999999999997,0.748,0.763,0.40700000000000003,6.0,9.0,0.6666666666666666,"{'ace_pct': 0.031, 'df_pct': 0.023, 'first_in_pct': 0.615, 'first_won_pct': 0.725, 'second_won_pct': 0.5, 'bpsvd_pct': 0.7, 'bpsvd_num': 7, 'bpsvd_den': 10}","{'ace_pct': 0.10300000000000001, 'df_pct': 0.027999999999999997, 'first_in_pct': 0.748, 'first_won_pct': 0.763, 'second_won_pct': 0.40700000000000003, 'bpsvd_pct': 0.6666666666666666, 'bpsvd_num': 6, 'bpsvd_den': 9}",77.0,6.0,0.9,187.0,player_profile_classic,player_profile_classic,"['Adrian Mannarino', 'Ben Shelton']"
US Open,Hard,R32,2025-08-25,2025.0,Alex De Minaur,Daniel Altmaier,6-7(7) 6-3 6-4 2-0 RET,False,56.0,8.0,Daniel Altmaier,https://www.tennisabstract.com/cgi-bin/player-classic.cgi?p=DanielAltmaier,,0.73,0.036000000000000004,0.027000000000000003,0.509,0.625,0.611,4.0,7.0,0.5714285714285714,182.0,ALEX DE MINAUR,DANIEL ALTMAIER,6-7(7) 6-3 6-4 2-0 RET,2025|2025-08-25|US Open|R32|ALEX DE MINAUR|DANIEL ALTMAIER|6-7(7) 6-3 6-4 2-0 RET,,,,,,,,,,,,,,,,,,,,,,,,,,,
US Open,Hard,R32,2025-08-25,,Alexander Bublik,Tommy Paul,7-6(5) 6-7(4) 6-3 6-7(5) 6-1,,,,,,,,,,,,,,,,,,,,,1.12,0.12300000000000001,0.067,0.615,0.8270000000000001,0.522,6.0,6.0,1.0,0.89,0.063,0.025,0.606,0.753,0.556,5.0,8.0,0.625,"{'ace_pct': 0.12300000000000001, 'df_pct': 0.067, 'first_in_pct': 0.615, 'first_won_pct': 0.8270000000000001, 'second_won_pct': 0.522, 'bpsvd_pct': 1.0, 'bpsvd_num': 6, 'bpsvd_den': 6}","{'ace_pct': 0.063, 'df_pct': 0.025, 'first_in_pct': 0.606, 'first_won_pct': 0.753, 'second_won_pct': 0.556, 'bpsvd_pct': 0.625, 'bpsvd_num': 5, 'bpsvd_den': 8}",24.0,14.0,1.12,218.0,player_profile_classic,player_profile_classic,"['Alexander Bublik', 'Tommy Paul']"
US Open,Hard,R32,2025-08-25,,Andrey Rublev,Coleman Wong,2-6 6-4 6-3 4-6 6-3,,,,,,,,,,,,,,,,,,,,,1.11,0.10800000000000001,0.057999999999999996,0.504,0.8140000000000001,0.522,3.0,6.0,0.5,0.9,0.17600000000000002,0.027999999999999997,0.627,0.708,0.509,7.0,11.0,0.6363636363636364,"{'ace_pct': 0.10800000000000001, 'df_pct': 0.057999999999999996, 'first_in_pct': 0.504, 'first_won_pct': 0.8140000000000001, 'second_won_pct': 0.522, 'bpsvd_pct': 0.5, 'bpsvd_num': 3, 'bpsvd_den': 6}","{'ace_pct': 0.17600000000000002, 'df_pct': 0.027999999999999997, 'first_in_pct': 0.627, 'first_won_pct': 0.708, 'second_won_pct': 0.509, 'bpsvd_pct': 0.6363636363636364, 'bpsvd_num': 7, 'bpsvd_den': 11}",15.0,173.0,1.11,190.0,player_profile_classic,player_profile_classic,"['Andrey Rublev', 'Coleman Wong']"
US Open,Hard,R32,2025-08-25,,Arthur Rinderknech,Benjamin Bonzi,4-6 6-3 6-3 6-2,,,,,,,,,,,,,,,,,,,,,1.24,0.134,0.027000000000000003,0.652,0.7809999999999999,0.564,4.0,5.0,0.8,0.8,0.02,0.02,0.604,0.705,0.525,1.0,6.0,0.16666666666666666,"{'ace_pct': 0.134, 'df_pct': 0.027000000000000003, 'first_in_pct': 0.652, 'first_won_pct': 0.7809999999999999, 'second_won_pct': 0.564, 'bpsvd_pct': 0.8, 'bpsvd_num': 4, 'bpsvd_den': 5}","{'ace_pct': 0.02, 'df_pct': 0.02, 'first_in_pct': 0.604, 'first_won_pct': 0.705, 'second_won_pct': 0.525, 'bpsvd_pct': 0.16666666666666666, 'bpsvd_num': 1, 'bpsvd_den': 6}",82.0,51.0,1.24,159.0,player_profile_classic,player_profile_classic,"['Arthur Rinderknech', 'Benjamin Bonzi']"
US Open,Hard,R32,2025-08-25,2025.0,Auger Aliassime,Alexander Zverev,4-6 7-6(7) 6-4 6-4,True,27.0,3.0,Felix Auger Aliassime,https://www.tennisabstract.com/cgi-bin/player-classic.cgi?p=FelixAugerAliassime,,1.3,0.078,0.062,0.589,0.7759999999999999,0.66,7.0,9.0,0.7777777777777778,228.0,AUGER ALIASSIME,ALEXANDER ZVEREV,4-6 7-6(7) 6-4 6-4,2025|2025-08-25|US Open|R32|AUGER ALIASSIME|ALEXANDER ZVEREV|4-6 7-6(7) 6-4 6-4,,,,,,,,,,,,,,,,,,,,,,,,,,,
US Open,Hard,R32,2025-08-25,,Carlos Alcaraz,Luciano Darderi,6-2 6-4 6-0,,,,,,,,,,,,,,,,,,,,,1.86,0.129,0.013999999999999999,0.6709999999999999,0.787,0.565,2.0,3.0,0.6666666666666666,0.54,0.065,0.10400000000000001,0.506,0.615,0.316,11.0,18.0,0.6111111111111112,"{'ace_pct': 0.129, 'df_pct': 0.013999999999999999, 'first_in_pct': 0.6709999999999999, 'first_won_pct': 0.787, 'second_won_pct': 0.565, 'bpsvd_pct': 0.6666666666666666, 'bpsvd_num': 2, 'bpsvd_den': 3}","{'ace_pct': 0.065, 'df_pct': 0.10400000000000001, 'first_in_pct': 0.506, 'first_won_pct': 0.615, 'second_won_pct': 0.316, 'bpsvd_pct': 0.6111111111111112, 'bpsvd_num': 11, 'bpsvd_den': 18}",2.0,34.0,1.86,104.0,player_profile_classic,player_profile_classic,"['Carlos Alcaraz', 'Luciano Darderi']"
US Open,Hard,R32,2025-08-25,2025.0,De Minaur,Daniel Altmaier,6-7(7) 6-3 6-4 2-0 RET,True,8.0,56.0,Alex De Minaur,https://www.tennisabstract.com/cgi-bin/player-classic.cgi?p=AlexDeMinaur,,1.37,0.099,0.045,0.541,0.767,0.667,6.0,6.0,1.0,182.0,DE MINAUR,DANIEL ALTMAIER,6-7(7) 6-3 6-4 2-0 RET,2025|2025-08-25|US Open|R32|DE MINAUR|DANIEL ALTMAIER|6-7(7) 6-3 6-4 2-0 RET,,,,,,,,,,,,,,,,,,,,,,,,,,,
US Open,Hard,R32,2025-08-25,2025.0,Felix Auger Aliassime,Alexander Zverev,4-6 7-6(7) 6-4 6-4,False,3.0,27.0,Alexander Zverev,https://www.tennisabstract.com/cgi-bin/player-classic.cgi?p=AlexanderZverev,,0.77,0.09,0.038,0.7140000000000001,0.6629999999999999,0.605,3.0,6.0,0.5,228.0,FELIX AUGER ALIASSIME,ALEXANDER ZVEREV,4-6 7-6(7) 6-4 6-4,2025|2025-08-25|US Open|R32|FELIX AUGER ALIASSIME|ALEXANDER ZVEREV|4-6 7-6(7) 6-4 6-4,,,,,,,,,,,,,,,,,,,,,,,,,,,
US Open,Hard,R32,2025-08-25,2025.0,Jan Lennard Struff,Frances Tiafoe,6-4 6-3 7-6(7),False,17.0,144.0,Frances Tiafoe,https://www.tennisabstract.com/cgi-bin/player-classic.cgi?p=FrancesTiafoe,,0.65,0.134,0.045,0.545,0.705,0.47100000000000003,5.0,10.0,0.5,130.0,JAN LENNARD STRUFF,FRANCES TIAFOE,6-4 6-3 7-6(7),2025|2025-08-25|US Open|R32|JAN LENNARD STRUFF|FRANCES TIAFOE|6-4 6-3 7-6(7),,,,,,,,,,,,,,,,,,,,,,,,,,,
US Open,Hard,R32,2025-08-25,2025.0,Jannik Sinner,Denis Shapovalov,5-7 6-4 6-3 6-3,False,29.0,1.0,Denis Shapovalov,https://www.tennisabstract.com/cgi-bin/player-classic.cgi?p=DenisShapovalov,,0.74,0.11900000000000001,0.071,0.524,0.727,0.45,7.0,13.0,0.5384615384615384,192.0,JANNIK SINNER,DENIS SHAPOVALOV,5-7 6-4 6-3 6-3,2025|2025-08-25|US Open|R32|JANNIK SINNER|DENIS SHAPOVALOV|5-7 6-4 6-3 6-3,,,,,,,,,,,,,,,,,,,,,,,,,,,
US Open,Hard,R32,2025-08-25,,Jiri Lehecka,Raphael Collignon,6-4 6-4 6-4,,,,,,,,,,,,,,,,,,,,,1.43,0.036000000000000004,0.024,0.494,0.8290000000000001,0.524,5.0,8.0,0.625,0.7,0.096,0.12300000000000001,0.614,0.7290000000000001,0.22699999999999998,11.0,17.0,0.6470588235294118,"{'ace_pct': 0.036000000000000004, 'df_pct': 0.024, 'first_in_pct': 0.494, 'first_won_pct': 0.8290000000000001, 'second_won_pct': 0.524, 'bpsvd_pct': 0.625, 'bpsvd_num': 5, 'bpsvd_den': 8}","{'ace_pct': 0.096, 'df_pct': 0.12300000000000001, 'first_in_pct': 0.614, 'first_won_pct': 0.7290000000000001, 'second_won_pct': 0.22699999999999998, 'bpsvd_pct': 0.6470588235294118, 'bpsvd_num': 11, 'bpsvd_den': 17}",21.0,107.0,1.43,131.0,player_profile_classic,player_profile_classic,"['Jiri Lehecka', 'Raphael Collignon']"
US Open,Hard,R32,2025-08-25,,Leandro Riedi,Kamil Majchrzak,5-3 RET,,,,,,,,,,,,,,,,,,,,,1.27,0.04,0.04,0.56,0.643,0.364,2.0,4.0,0.5,0.79,0.0,0.0,0.696,0.563,0.0,0.0,3.0,0.0,"{'ace_pct': 0.04, 'df_pct': 0.04, 'first_in_pct': 0.56, 'first_won_pct': 0.643, 'second_won_pct': 0.364, 'bpsvd_pct': 0.5, 'bpsvd_num': 2, 'bpsvd_den': 4}","{'ace_pct': 0.0, 'df_pct': 0.0, 'first_in_pct': 0.696, 'first_won_pct': 0.563, 'second_won_pct': 0.0, 'bpsvd_pct': 0.0, 'bpsvd_num': 0, 'bpsvd_den': 3}",435.0,76.0,1.27,29.0,player_profile_classic,player_profile_classic,"['Kamil Majchrzak', 'Leandro Riedi']"
US Open,Hard,R32,2025-08-25,,Lorenzo Musetti,Flavio Cobolli,6-3 6-2 2-0 RET,,,,,,,,,,,,,,,,,,,,,1.59,0.048,0.081,0.516,0.7809999999999999,0.5329999999999999,5.0,6.0,0.8333333333333334,0.63,0.0,0.037000000000000005,0.574,0.5479999999999999,0.348,4.0,9.0,0.4444444444444444,"{'ace_pct': 0.048, 'df_pct': 0.081, 'first_in_pct': 0.516, 'first_won_pct': 0.7809999999999999, 'second_won_pct': 0.5329999999999999, 'bpsvd_pct': 0.8333333333333334, 'bpsvd_num': 5, 'bpsvd_den': 6}","{'ace_pct': 0.0, 'df_pct': 0.037000000000000005, 'first_in_pct': 0.574, 'first_won_pct': 0.5479999999999999, 'second_won_pct': 0.348, 'bpsvd_pct': 0.4444444444444444, 'bpsvd_num': 4, 'bpsvd_den': 9}",10.0,26.0,1.59,93.0,player_profile_classic,player_profile_classic,"['Flavio Cobolli', 'Lorenzo Musetti']"
US Open,Hard,R32,2025-08-25,,Novak Djokovic,Cameron Norrie,6-4 6-7(4) 6-2 6-3,,,,,,,,,,,,,,,,,,,,,1.72,0.17300000000000001,0.057999999999999996,0.635,0.833,0.684,0.0,1.0,0.0,0.58,0.071,0.032,0.7140000000000001,0.667,0.5,7.0,12.0,0.5833333333333334,"{'ace_pct': 0.17300000000000001, 'df_pct': 0.057999999999999996, 'first_in_pct': 0.635, 'first_won_pct': 0.833, 'second_won_pct': 0.684, 'bpsvd_pct': 0.0, 'bpsvd_num': 0, 'bpsvd_den': 1}","{'ace_pct': 0.071, 'df_pct': 0.032, 'first_in_pct': 0.7140000000000001, 'first_won_pct': 0.667, 'second_won_pct': 0.5, 'bpsvd_pct': 0.5833333333333334, 'bpsvd_num': 7, 'bpsvd_den': 12}",7.0,35.0,1.72,170.0,player_profile_classic,player_profile_classic,"['Cameron Norrie', 'Novak Djokovic']"
US Open,Hard,R32,2025-08-25,2025.0,Taylor Fritz,Jerome Kym,7-6(3) 6-7(9) 6-4 6-4,True,4.0,175.0,Taylor Fritz,https://www.tennisabstract.com/cgi-bin/player-classic.cgi?p=TaylorFritz,,1.27,0.157,0.008,0.622,0.835,0.625,1.0,2.0,0.5,178.0,TAYLOR FRITZ,JEROME KYM,7-6(3) 6-7(9) 6-4 6-4,2025|2025-08-25|US Open|R32|TAYLOR FRITZ|JEROME KYM|7-6(3) 6-7(9) 6-4 6-4,,,,,,,,,,,,,,,,,,,,,,,,,,,
US Open,Hard,R32,2025-08-25,2025.0,Tomas Machac,Ugo Blanchet,7-5 6-3 6-1,True,22.0,184.0,Tomas Machac,https://www.tennisabstract.com/cgi-bin/player-classic.cgi?p=TomasMachac,,1.7,0.078,0.026000000000000002,0.584,0.778,0.563,3.0,5.0,0.6,112.0,TOMAS MACHAC,UGO BLANCHET,7-5 6-3 6-1,2025|2025-08-25|US Open|R32|TOMAS MACHAC|UGO BLANCHET|7-5 6-3 6-1,,,,,,,,,,,,,,,,,,,,,,,,,,,
US Open,Hard,R64,2025-08-25,,Adrian Mannarino,Jordan Thompson,6-4 6-7(5) 6-3 6-3,,,,,,,,,,,,,,,,,,,,,1.22,0.047,0.024,0.551,0.757,0.614,8.0,9.0,0.8888888888888888,0.82,0.075,0.022000000000000002,0.642,0.628,0.625,7.0,12.0,0.5833333333333334,"{'ace_pct': 0.047, 'df_pct': 0.024, 'first_in_pct': 0.551, 'first_won_pct': 0.757, 'second_won_pct': 0.614, 'bpsvd_pct': 0.8888888888888888, 'bpsvd_num': 8, 'bpsvd_den': 9}","{'ace_pct': 0.075, 'df_pct': 0.022000000000000002, 'first_in_pct': 0.642, 'first_won_pct': 0.628, 'second_won_pct': 0.625, 'bpsvd_pct': 0.5833333333333334, 'bpsvd_num': 7, 'bpsvd_den': 12}",77.0,58.0,1.22,210.0,player_profile_classic,player_profile_classic,"['Adrian Mannarino', 'Jordan Thompson']"
US Open,Hard,R64,2025-08-25,2025.0,Alex De Minaur,Shintaro Mochizuki,6-2 6-4 6-2,False,112.0,8.0,Shintaro Mochizuki,https://www.tennisabstract.com/cgi-bin/player-classic.cgi?p=ShintaroMochizuki,,0.73,0.06,0.095,0.44,0.622,0.36200000000000004,2.0,9.0,0.2222222222222222,120.0,ALEX DE MINAUR,SHINTARO MOCHIZUKI,6-2 6-4 6-2,2025|2025-08-25|US Open|R64|ALEX DE MINAUR|SHINTARO MOCHIZUKI|6-2 6-4 6-2,,,,,,,,,,,,,,,,,,,,,,,,,,,
US Open,Hard,R64,2025-08-25,2025.0,Alexander Bublik,Tristan Schoolkate,6-3 6-3 6-3,True,24.0,96.0,Alexander Bublik,https://www.tennisabstract.com/cgi-bin/player-classic.cgi?p=AlexanderBublik,,1.34,0.18,0.067,0.64,0.8420000000000001,0.43799999999999994,4.0,4.0,1.0,103.0,ALEXANDER BUBLIK,TRISTAN SCHOOLKATE,6-3 6-3 6-3,2025|2025-08-25|US Open|R64|ALEXANDER BUBLIK|TRISTAN SCHOOLKATE|6-3 6-3 6-3,,,,,,,,,,,,,,,,,,,,,,,,,,,
US Open,Hard,R64,2025-08-25,2025.0,Alexander Zverev,Jacob Fearnley,6-4 6-4 6-4,True,3.0,60.0,Alexander Zverev,https://www.tennisabstract.com/cgi-bin/player-classic.cgi?p=AlexanderZverev,,1.14,0.08800000000000001,0.039,0.6859999999999999,0.6859999999999999,0.469,3.0,5.0,0.6,148.0,ALEXANDER ZVEREV,JACOB FEARNLEY,6-4 6-4 6-4,2025|2025-08-25|US Open|R64|ALEXANDER ZVEREV|JACOB FEARNLEY|6-4 6-4 6-4,,,,,,,,,,,,,,,,,,,,,,,,,,,
US Open,Hard,R64,2025-08-25,2025.0,Andrey Rublev,Tristan Boyer,6-3 6-3 5-7 7-6(4),True,15.0,113.0,Andrey Rublev,https://www.tennisabstract.com/cgi-bin/player-classic.cgi?p=AndreyRublev,,1.15,0.159,0.038,0.5760000000000001,0.816,0.48200000000000004,4.0,7.0,0.5714285714285714,175.0,ANDREY RUBLEV,TRISTAN BOYER,6-3 6-3 5-7 7-6(4),2025|2025-08-25|US Open|R64|ANDREY RUBLEV|TRISTAN BOYER|6-3 6-3 5-7 7-6(4),,,,,,,,,,,,,,,,,,,,,,,,,,,
US Open,Hard,R64,2025-08-25,2025.0,Arthur Rinderknech,Alejandro Davidovich Fokina,6-4 3-6 2-6 6-2 6-3,True,82.0,18.0,Arthur Rinderknech,https://www.tennisabstract.com/cgi-bin/player-classic.cgi?p=ArthurRinderknech,,0.97,0.061,0.068,0.614,0.7040000000000001,0.51,7.0,12.0,0.5833333333333334,194.0,ARTHUR RINDERKNECH,ALEJANDRO DAVIDOVICH FOKINA,6-4 3-6 2-6 6-2 6-3,2025|2025-08-25|US Open|R64|ARTHUR RINDERKNECH|ALEJANDRO DAVIDOVICH FOKINA|6-4 3-6 2-6 6-2 6-3,,,,,,,,,,,,,,,,,,,,,,,,,,,
US Open,Hard,R64,2025-08-25,2025.0,Arthur Rinderknech,Davidovich Fokina,6-4 3-6 2-6 6-2 6-3,False,18.0,82.0,Alejandro Davidovich Fokina,https://www.tennisabstract.com/cgi-bin/player-classic.cgi?p=AlejandroDavidovichFokina,,1.03,0.046,0.038,0.6459999999999999,0.7140000000000001,0.5,7.0,13.0,0.5384615384615384,194.0,ARTHUR RINDERKNECH,DAVIDOVICH FOKINA,6-4 3-6 2-6 6-2 6-3,2025|2025-08-25|US Open|R64|ARTHUR RINDERKNECH|DAVIDOVICH FOKINA|6-4 3-6 2-6 6-2 6-3,,,,,,,,,,,,,,,,,,,,,,,,,,,
US Open,Hard,R64,2025-08-25,2025.0,Auger Aliassime,Roman Safiullin,6-1 7-6(4) 7-6(5),True,27.0,94.0,Felix Auger Aliassime,https://www.tennisabstract.com/cgi-bin/player-classic.cgi?p=FelixAugerAliassime,,1.5,0.132,0.047,0.679,0.792,0.588,6.0,7.0,0.8571428571428571,175.0,AUGER ALIASSIME,ROMAN SAFIULLIN,6-1 7-6(4) 7-6(5),2025|2025-08-25|US Open|R64|AUGER ALIASSIME|ROMAN SAFIULLIN|6-1 7-6(4) 7-6(5),,,,,,,,,,,,,,,,,,,,,,,,,,,
US Open,Hard,R64,2025-08-25,2025.0,Ben Shelton,Carreno Busta,6-4 6-2 6-4,False,137.0,6.0,Pablo Carreno Busta,https://www.tennisabstract.com/cgi-bin/player-classic.cgi?p=PabloCarrenoBusta,,0.66,0.0,0.024,0.682,0.586,0.37,1.0,7.0,0.14285714285714285,118.0,BEN SHELTON,CARRENO BUSTA,6-4 6-2 6-4,2025|2025-08-25|US Open|R64|BEN SHELTON|CARRENO BUSTA|6-4 6-2 6-4,,,,,,,,,,,,,,,,,,,,,,,,,,,
US Open,Hard,R64,2025-08-25,2025.0,Ben Shelton,Pablo Carreno Busta,6-4 6-2 6-4,True,6.0,137.0,Ben Shelton,https://www.tennisabstract.com/cgi-bin/player-classic.cgi?p=BenShelton,,1.5,0.10300000000000001,0.026000000000000002,0.667,0.731,0.5770000000000001,2.0,4.0,0.5,118.0,BEN SHELTON,PABLO CARRENO BUSTA,6-4 6-2 6-4,2025|2025-08-25|US Open|R64|BEN SHELTON|PABLO CARRENO BUSTA|6-4 6-2 6-4,,,,,,,,,,,,,,,,,,,,,,,,,,,
US Open,Hard,R64,2025-08-25,,Benjamin Bonzi,Marcos Giron,2-6 4-6 7-5 6-3 6-4,,,,,,,,,,,,,,,,,,,,,0.98,0.07400000000000001,0.043,0.626,0.6759999999999999,0.525,10.0,15.0,0.6666666666666666,1.02,0.046,0.02,0.601,0.7390000000000001,0.45899999999999996,10.0,15.0,0.6666666666666666,"{'ace_pct': 0.07400000000000001, 'df_pct': 0.043, 'first_in_pct': 0.626, 'first_won_pct': 0.6759999999999999, 'second_won_pct': 0.525, 'bpsvd_pct': 0.6666666666666666, 'bpsvd_num': 10, 'bpsvd_den': 15}","{'ace_pct': 0.046, 'df_pct': 0.02, 'first_in_pct': 0.601, 'first_won_pct': 0.7390000000000001, 'second_won_pct': 0.45899999999999996, 'bpsvd_pct': 0.6666666666666666, 'bpsvd_num': 10, 'bpsvd_den': 15}",51.0,55.0,0.98,220.0,player_profile_classic,player_profile_classic,"['Benjamin Bonzi', 'Marcos Giron']"
US Open,Hard,R64,2025-08-25,,Cameron Norrie,Francisco Comesana,7-6(5) 6-3 6-7(0) 7-6(4),,,,,,,,,,,,,,,,,,,,,1.06,0.048,0.036000000000000004,0.606,0.65,0.508,14.0,20.0,0.7,0.94,0.096,0.07200000000000001,0.569,0.747,0.33299999999999996,12.0,20.0,0.6,"{'ace_pct': 0.048, 'df_pct': 0.036000000000000004, 'first_in_pct': 0.606, 'first_won_pct': 0.65, 'second_won_pct': 0.508, 'bpsvd_pct': 0.7, 'bpsvd_num': 14, 'bpsvd_den': 20}","{'ace_pct': 0.096, 'df_pct': 0.07200000000000001, 'first_in_pct': 0.569, 'first_won_pct': 0.747, 'second_won_pct': 0.33299999999999996, 'bpsvd_pct': 0.6, 'bpsvd_num': 12, 'bpsvd_den': 20}",35.0,54.0,1.06,240.0,player_profile_classic,player_profile_classic,"['Cameron Norrie', 'Francisco Comesana']"
US Open,Hard,R64,2025-08-25,,Carlos Alcaraz,Mattia Bellucci,6-1 6-0 6-3,,,,,,,,,,,,,,,,,,,,,2.37,0.121,0.034,0.603,0.857,0.652,0.0,0.0,,0.42,0.024,0.024,0.627,0.423,0.5479999999999999,10.0,17.0,0.5882352941176471,"{'ace_pct': 0.121, 'df_pct': 0.034, 'first_in_pct': 0.603, 'first_won_pct': 0.857, 'second_won_pct': 0.652, 'bpsvd_num': 0, 'bpsvd_den': 0}","{'ace_pct': 0.024, 'df_pct': 0.024, 'first_in_pct': 0.627, 'first_won_pct': 0.423, 'second_won_pct': 0.5479999999999999, 'bpsvd_pct': 0.5882352941176471, 'bpsvd_num': 10, 'bpsvd_den': 17}",2.0,65.0,2.37,96.0,player_profile_classic,player_profile_classic,"['Carlos Alcaraz', 'Mattia Bellucci']"
US Open,Hard,R64,2025-08-25,,Coleman Wong,Adam Walton,7-6(5) 6-2 4-6 6-4,,,,,,,,,,,,,,,,,,,,,1.26,0.162,0.038,0.5539999999999999,0.736,0.534,11.0,16.0,0.6875,0.8,0.052000000000000005,0.044000000000000004,0.57,0.61,0.483,8.0,15.0,0.5333333333333333,"{'ace_pct': 0.162, 'df_pct': 0.038, 'first_in_pct': 0.5539999999999999, 'first_won_pct': 0.736, 'second_won_pct': 0.534, 'bpsvd_pct': 0.6875, 'bpsvd_num': 11, 'bpsvd_den': 16}","{'ace_pct': 0.052000000000000005, 'df_pct': 0.044000000000000004, 'first_in_pct': 0.57, 'first_won_pct': 0.61, 'second_won_pct': 0.483, 'bpsvd_pct': 0.5333333333333333, 'bpsvd_num': 8, 'bpsvd_den': 15}",173.0,85.0,1.26,181.0,player_profile_classic,player_profile_classic,"['Adam Walton', 'Coleman Wong']"
US Open,Hard,R64,2025-08-25,,Daniel Altmaier,Stefanos Tsitsipas,7-6(5) 1-6 4-6 6-3 7-5,,,,,,,,,,,,,,,,,,,,,0.91,0.086,0.046,0.649,0.726,0.41,8.0,13.0,0.6153846153846154,1.1,0.10400000000000001,0.07400000000000001,0.515,0.821,0.46799999999999997,5.0,9.0,0.5555555555555556,"{'ace_pct': 0.086, 'df_pct': 0.046, 'first_in_pct': 0.649, 'first_won_pct': 0.726, 'second_won_pct': 0.41, 'bpsvd_pct': 0.6153846153846154, 'bpsvd_num': 8, 'bpsvd_den': 13}","{'ace_pct': 0.10400000000000001, 'df_pct': 0.07400000000000001, 'first_in_pct': 0.515, 'first_won_pct': 0.821, 'second_won_pct': 0.46799999999999997, 'bpsvd_pct': 0.5555555555555556, 'bpsvd_num': 5, 'bpsvd_den': 9}",56.0,28.0,0.91,261.0,player_profile_classic,player_profile_classic,"['Daniel Altmaier', 'Stefanos Tsitsipas']"
US Open,Hard,R64,2025-08-25,2025.0,De Minaur,Shintaro Mochizuki,6-2 6-4 6-2,True,8.0,112.0,Alex De Minaur,https://www.tennisabstract.com/cgi-bin/player-classic.cgi?p=AlexDeMinaur,,1.38,0.065,0.043,0.63,0.69,0.5,12.0,14.0,0.8571428571428571,120.0,DE MINAUR,SHINTARO MOCHIZUKI,6-2 6-4 6-2,2025|2025-08-25|US Open|R64|DE MINAUR|SHINTARO MOCHIZUKI|6-2 6-4 6-2,,,,,,,,,,,,,,,,,,,,,,,,,,,
US Open,Hard,R64,2025-08-25,2025.0,Denis Shapovalov,Valentin Royer,7-6(6) 3-6 7-6(4) 6-3,True,29.0,98.0,Denis Shapovalov,https://www.tennisabstract.com/cgi-bin/player-classic.cgi?p=DenisShapovalov,,1.16,0.218,0.113,0.534,0.8170000000000001,0.435,8.0,13.0,0.6153846153846154,216.0,DENIS SHAPOVALOV,VALENTIN ROYER,7-6(6) 3-6 7-6(4) 6-3,2025|2025-08-25|US Open|R64|DENIS SHAPOVALOV|VALENTIN ROYER|7-6(6) 3-6 7-6(4) 6-3,,,,,,,,,,,,,,,,,,,,,,,,,,,
US Open,Hard,R64,2025-08-25,2025.0,Felix Auger Aliassime,Roman Safiullin,6-1 7-6(4) 7-6(5),False,94.0,27.0,Roman Safiullin,https://www.tennisabstract.com/cgi-bin/player-classic.cgi?p=RomanSafiullin,,0.67,0.031,0.07,0.667,0.6859999999999999,0.395,10.0,13.0,0.7692307692307693,175.0,FELIX AUGER ALIASSIME,ROMAN SAFIULLIN,6-1 7-6(4) 7-6(5),2025|2025-08-25|US Open|R64|FELIX AUGER ALIASSIME|ROMAN SAFIULLIN|6-1 7-6(4) 7-6(5),,,,,,,,,,,,,,,,,,,,,,,,,,,
US Open,Hard,R64,2025-08-25,2025.0,Flavio Cobolli,Jenson Brooksby,5-7 6-3 6-4 2-6 7-6(3),True,26.0,92.0,Flavio Cobolli,https://www.tennisabstract.com/cgi-bin/player-classic.cgi?p=FlavioCobolli,,0.91,0.02,0.039,0.532,0.639,0.5579999999999999,16.0,22.0,0.7272727272727273,272.0,FLAVIO COBOLLI,JENSON BROOKSBY,5-7 6-3 6-4 2-6 7-6(3),2025|2025-08-25|US Open|R64|FLAVIO COBOLLI|JENSON BROOKSBY|5-7 6-3 6-4 2-6 7-6(3),,,,,,,,,,,,,,,,,,,,,,,,,,,
US Open,Hard,R64,2025-08-25,,Frances Tiafoe,Martin Damm,6-4 7-5 6-7(8) 7-5,,,,,,,,,,,,,,,,,,,,,1.58,0.106,0.008,0.626,0.857,0.7390000000000001,3.0,3.0,1.0,0.63,0.19,0.049,0.613,0.782,0.5820000000000001,6.0,9.0,0.6666666666666666,"{'ace_pct': 0.106, 'df_pct': 0.008, 'first_in_pct': 0.626, 'first_won_pct': 0.857, 'second_won_pct': 0.7390000000000001, 'bpsvd_pct': 1.0, 'bpsvd_num': 3, 'bpsvd_den': 3}","{'ace_pct': 0.19, 'df_pct': 0.049, 'first_in_pct': 0.613, 'first_won_pct': 0.782, 'second_won_pct': 0.5820000000000001, 'bpsvd_pct': 0.6666666666666666, 'bpsvd_num': 6, 'bpsvd_den': 9}",17.0,431.0,1.58,176.0,player_profile_classic,player_profile_classic,"['Frances Tiafoe', 'Martin Damm']"
US Open,Hard,R64,2025-08-25,2025.0,Jan Lennard Struff,Holger Rune,7-6(5) 2-6 6-3 4-6 7-5,False,11.0,144.0,Holger Rune,https://www.tennisabstract.com/cgi-bin/player-classic.cgi?p=HolgerRune,,1.0,0.08199999999999999,0.031,0.648,0.7959999999999999,0.446,6.0,9.0,0.6666666666666666,205.0,JAN LENNARD STRUFF,HOLGER RUNE,7-6(5) 2-6 6-3 4-6 7-5,2025|2025-08-25|US Open|R64|JAN LENNARD STRUFF|HOLGER RUNE|7-6(5) 2-6 6-3 4-6 7-5,,,,,,,,,,,,,,,,,,,,,,,,,,,
US Open,Hard,R64,2025-08-25,2025.0,Jannik Sinner,Alexei Popyrin,6-3 6-2 6-2,False,36.0,1.0,Alexei Popyrin,https://www.tennisabstract.com/cgi-bin/player-classic.cgi?p=AlexeiPopyrin,(ch),0.58,0.08,0.053,0.5870000000000001,0.614,0.32299999999999995,4.0,9.0,0.4444444444444444,121.0,JANNIK SINNER,ALEXEI POPYRIN,6-3 6-2 6-2,2025|2025-08-25|US Open|R64|JANNIK SINNER|ALEXEI POPYRIN|6-3 6-2 6-2,,,,,,,,,,,,,,,,,,,,,,,,,,,
US Open,Hard,R64,2025-08-25,2025.0,Jaume Munar,Gabriel Diallo,7-5 6-3 7-5,False,33.0,44.0,Gabriel Diallo,https://www.tennisabstract.com/cgi-bin/player-classic.cgi?p=GabrielDiallo,,0.83,0.067,0.028999999999999998,0.6729999999999999,0.643,0.294,6.0,13.0,0.46153846153846156,157.0,JAUME MUNAR,GABRIEL DIALLO,7-5 6-3 7-5,2025|2025-08-25|US Open|R64|JAUME MUNAR|GABRIEL DIALLO|7-5 6-3 7-5,,,,,,,,,,,,,,,,,,,,,,,,,,,
US Open,Hard,R64,2025-08-25,2025.0,Jerome Kym,Brandon Nakashima,4-6 7-6(2) 7-5 3-6 7-6(8),False,31.0,175.0,Brandon Nakashima,https://www.tennisabstract.com/cgi-bin/player-classic.cgi?p=BrandonNakashima,,0.98,0.111,0.045,0.657,0.746,0.47100000000000003,10.0,14.0,0.7142857142857143,260.0,JEROME KYM,BRANDON NAKASHIMA,4-6 7-6(2) 7-5 3-6 7-6(8),2025|2025-08-25|US Open|R64|JEROME KYM|BRANDON NAKASHIMA|4-6 7-6(2) 7-5 3-6 7-6(8),,,,,,,,,,,,,,,,,,,,,,,,,,,
US Open,Hard,R64,2025-08-25,,Jiri Lehecka,Tomas Martin Etcheverry,3-6 6-0 6-2 6-4,,,,,,,,,,,,,,,,,,,,,1.57,0.136,0.045,0.693,0.754,0.63,1.0,3.0,0.3333333333333333,0.64,0.044000000000000004,0.053,0.509,0.69,0.41100000000000003,8.0,14.0,0.5714285714285714,"{'ace_pct': 0.136, 'df_pct': 0.045, 'first_in_pct': 0.693, 'first_won_pct': 0.754, 'second_won_pct': 0.63, 'bpsvd_pct': 0.3333333333333333, 'bpsvd_num': 1, 'bpsvd_den': 3}","{'ace_pct': 0.044000000000000004, 'df_pct': 0.053, 'first_in_pct': 0.509, 'first_won_pct': 0.69, 'second_won_pct': 0.41100000000000003, 'bpsvd_pct': 0.5714285714285714, 'bpsvd_num': 8, 'bpsvd_den': 14}",21.0,59.0,1.57,154.0,player_profile_classic,player_profile_classic,"['Jiri Lehecka', 'Tomas Martin Etcheverry']"
US Open,Hard,R64,2025-08-25,,Kamil Majchrzak,Karen Khachanov,2-6 6-7(4) 6-4 7-5 7-6(5),,,,,,,,,,,,,,,,,,,,,0.93,0.065,0.023,0.627,0.706,0.519,13.0,17.0,0.7647058823529411,1.08,0.128,0.07,0.61,0.8290000000000001,0.40299999999999997,5.0,9.0,0.5555555555555556,"{'ace_pct': 0.065, 'df_pct': 0.023, 'first_in_pct': 0.627, 'first_won_pct': 0.706, 'second_won_pct': 0.519, 'bpsvd_pct': 0.7647058823529411, 'bpsvd_num': 13, 'bpsvd_den': 17}","{'ace_pct': 0.128, 'df_pct': 0.07, 'first_in_pct': 0.61, 'first_won_pct': 0.8290000000000001, 'second_won_pct': 0.40299999999999997, 'bpsvd_pct': 0.5555555555555556, 'bpsvd_num': 5, 'bpsvd_den': 9}",76.0,9.0,0.93,271.0,player_profile_classic,player_profile_classic,"['Kamil Majchrzak', 'Karen Khachanov']"
US Open,Hard,R64,2025-08-25,,Leandro Riedi,Francisco Cerundolo,3-6 4-6 6-4 6-4 6-2,,,,,,,,,,,,,,,,,,,,,1.13,0.10800000000000001,0.05,0.511,0.7040000000000001,0.5589999999999999,2.0,7.0,0.2857142857142857,0.88,0.022000000000000002,0.067,0.584,0.6920000000000001,0.43200000000000005,14.0,21.0,0.6666666666666666,"{'ace_pct': 0.10800000000000001, 'df_pct': 0.05, 'first_in_pct': 0.511, 'first_won_pct': 0.7040000000000001, 'second_won_pct': 0.5589999999999999, 'bpsvd_pct': 0.2857142857142857, 'bpsvd_num': 2, 'bpsvd_den': 7}","{'ace_pct': 0.022000000000000002, 'df_pct': 0.067, 'first_in_pct': 0.584, 'first_won_pct': 0.6920000000000001, 'second_won_pct': 0.43200000000000005, 'bpsvd_pct': 0.6666666666666666, 'bpsvd_num': 14, 'bpsvd_den': 21}",435.0,19.0,1.13,215.0,player_profile_classic,player_profile_classic,"['Francisco Cerundolo', 'Leandro Riedi']"
US Open,Hard,R64,2025-08-25,,Lorenzo Musetti,David Goffin,6-4 6-0 6-2,,,,,,,,,,,,,,,,,,,,,1.53,0.047,0.024,0.624,0.679,0.531,9.0,11.0,0.8181818181818182,0.65,0.042,0.113,0.423,0.5670000000000001,0.317,4.0,12.0,0.3333333333333333,"{'ace_pct': 0.047, 'df_pct': 0.024, 'first_in_pct': 0.624, 'first_won_pct': 0.679, 'second_won_pct': 0.531, 'bpsvd_pct': 0.8181818181818182, 'bpsvd_num': 9, 'bpsvd_den': 11}","{'ace_pct': 0.042, 'df_pct': 0.113, 'first_in_pct': 0.423, 'first_won_pct': 0.5670000000000001, 'second_won_pct': 0.317, 'bpsvd_pct': 0.3333333333333333, 'bpsvd_num': 4, 'bpsvd_den': 12}",10.0,80.0,1.53,123.0,player_profile_classic,player_profile_classic,"['David Goffin', 'Lorenzo Musetti']"
US Open,Hard,R64,2025-08-25,,Luciano Darderi,Eliot Spizzirri,6-0 7-6(3) 2-6 6-4,,,,,,,,,,,,,,,,,,,,,1.17,0.10800000000000001,0.063,0.568,0.794,0.5,3.0,6.0,0.5,0.86,0.107,0.01,0.66,0.632,0.5710000000000001,1.0,6.0,0.16666666666666666,"{'ace_pct': 0.10800000000000001, 'df_pct': 0.063, 'first_in_pct': 0.568, 'first_won_pct': 0.794, 'second_won_pct': 0.5, 'bpsvd_pct': 0.5, 'bpsvd_num': 3, 'bpsvd_den': 6}","{'ace_pct': 0.107, 'df_pct': 0.01, 'first_in_pct': 0.66, 'first_won_pct': 0.632, 'second_won_pct': 0.5710000000000001, 'bpsvd_pct': 0.16666666666666666, 'bpsvd_num': 1, 'bpsvd_den': 6}",34.0,127.0,1.17,150.0,player_profile_classic,player_profile_classic,"['Eliot Spizzirri', 'Luciano Darderi']"
US Open,Hard,R64,2025-08-25,2025.0,Novak Djokovic,Zachary Svajda,6-7(5) 6-3 6-3 6-1,True,7.0,145.0,Novak Djokovic,https://www.tennisabstract.com/cgi-bin/player-classic.cgi?p=NovakDjokovic,(ch),1.7,0.096,0.038,0.5870000000000001,0.836,0.674,2.0,3.0,0.6666666666666666,151.0,NOVAK DJOKOVIC,ZACHARY SVAJDA,6-7(5) 6-3 6-3 6-1,2025|2025-08-25|US Open|R64|NOVAK DJOKOVIC|ZACHARY SVAJDA|6-7(5) 6-3 6-3 6-1,,,,,,,,,,,,,,,,,,,,,,,,,,,
US Open,Hard,R64,2025-08-25,,Raphael Collignon,Casper Ruud,6-4 3-6 3-6 6-4 7-5,,,,,,,,,,,,,,,,,,,,,0.87,0.11199999999999999,0.106,0.602,0.691,0.43799999999999994,7.0,13.0,0.5384615384615384,1.15,0.086,0.021,0.586,0.7440000000000001,0.5,7.0,13.0,0.5384615384615384,"{'ace_pct': 0.11199999999999999, 'df_pct': 0.106, 'first_in_pct': 0.602, 'first_won_pct': 0.691, 'second_won_pct': 0.43799999999999994, 'bpsvd_pct': 0.5384615384615384, 'bpsvd_num': 7, 'bpsvd_den': 13}","{'ace_pct': 0.086, 'df_pct': 0.021, 'first_in_pct': 0.586, 'first_won_pct': 0.7440000000000001, 'second_won_pct': 0.5, 'bpsvd_pct': 0.5384615384615384, 'bpsvd_num': 7, 'bpsvd_den': 13}",107.0,12.0,0.87,210.0,player_profile_classic,player_profile_classic,"['Casper Ruud', 'Raphael Collignon']"
US Open,Hard,R64,2025-08-25,,Taylor Fritz,Lloyd Harris,4-6 7-6(3) 6-2 6-4,,,,,,,,,,,,,,,,,,,,,1.26,0.126,0.022000000000000002,0.63,0.753,0.5,5.0,8.0,0.625,0.8,0.068,0.040999999999999995,0.544,0.713,0.40299999999999997,9.0,14.0,0.6428571428571429,"{'ace_pct': 0.126, 'df_pct': 0.022000000000000002, 'first_in_pct': 0.63, 'first_won_pct': 0.753, 'second_won_pct': 0.5, 'bpsvd_pct': 0.625, 'bpsvd_num': 5, 'bpsvd_den': 8}","{'ace_pct': 0.068, 'df_pct': 0.040999999999999995, 'first_in_pct': 0.544, 'first_won_pct': 0.713, 'second_won_pct': 0.40299999999999997, 'bpsvd_pct': 0.6428571428571429, 'bpsvd_num': 9, 'bpsvd_den': 14}",4.0,353.0,1.26,207.0,player_profile_classic,player_profile_classic,"['Lloyd Harris', 'Taylor Fritz']"
US Open,Hard,R64,2025-08-25,,Tomas Machac,Joao Fonseca,7-6(4) 6-2 6-3,,,,,,,,,,,,,,,,,,,,,1.23,0.032,0.022000000000000002,0.591,0.8,0.6579999999999999,4.0,4.0,1.0,0.82,0.114,0.051,0.6579999999999999,0.731,0.593,3.0,6.0,0.5,"{'ace_pct': 0.032, 'df_pct': 0.022000000000000002, 'first_in_pct': 0.591, 'first_won_pct': 0.8, 'second_won_pct': 0.6579999999999999, 'bpsvd_pct': 1.0, 'bpsvd_num': 4, 'bpsvd_den': 4}","{'ace_pct': 0.114, 'df_pct': 0.051, 'first_in_pct': 0.6579999999999999, 'first_won_pct': 0.731, 'second_won_pct': 0.593, 'bpsvd_pct': 0.5, 'bpsvd_num': 3, 'bpsvd_den': 6}",22.0,45.0,1.23,118.0,player_profile_classic,player_profile_classic,"['Joao Fonseca', 'Tomas Machac']"
US Open,Hard,R64,2025-08-25,,Tommy Paul,Nuno Borges,7-6(6) 6-3 5-7 5-7 7-5,,,,,,,,,,,,,,,,,,,,,1.11,0.063,0.034,0.523,0.696,0.5710000000000001,9.0,16.0,0.5625,0.9,0.043,0.027000000000000003,0.659,0.705,0.381,10.0,18.0,0.5555555555555556,"{'ace_pct': 0.063, 'df_pct': 0.034, 'first_in_pct': 0.523, 'first_won_pct': 0.696, 'second_won_pct': 0.5710000000000001, 'bpsvd_pct': 0.5625, 'bpsvd_num': 9, 'bpsvd_den': 16}","{'ace_pct': 0.043, 'df_pct': 0.027000000000000003, 'first_in_pct': 0.659, 'first_won_pct': 0.705, 'second_won_pct': 0.381, 'bpsvd_pct': 0.5555555555555556, 'bpsvd_num': 10, 'bpsvd_den': 18}",14.0,41.0,1.11,265.0,player_profile_classic,player_profile_classic,"['Nuno Borges', 'Tommy Paul']"
US Open,Hard,R64,2025-08-25,2025.0,Zizou Bergs,Jack Draper,W/O,False,5.0,48.0,Jack Draper,https://www.tennisabstract.com/cgi-bin/player-classic.cgi?p=JackDraper,,,,,,,,,,,,ZIZOU BERGS,JACK DRAPER,W/O,2025|2025-08-25|US Open|R64|ZIZOU BERGS|JACK DRAPER|W/O,,,,,,,,,,,,,,,,,,,,,,,,,,,
US Open,Hard,SF,2025-08-25,,Carlos Alcaraz,Novak Djokovic,6-4 7-6(4) 6-2,,,,,,,,,,,,,,,,,,,,,1.4,0.079,0.022000000000000002,0.562,0.84,0.5379999999999999,0.0,1.0,0.0,0.71,0.043,0.054000000000000006,0.602,0.6609999999999999,0.486,3.0,7.0,0.42857142857142855,"{'ace_pct': 0.079, 'df_pct': 0.022000000000000002, 'first_in_pct': 0.562, 'first_won_pct': 0.84, 'second_won_pct': 0.5379999999999999, 'bpsvd_pct': 0.0, 'bpsvd_num': 0, 'bpsvd_den': 1}","{'ace_pct': 0.043, 'df_pct': 0.054000000000000006, 'first_in_pct': 0.602, 'first_won_pct': 0.6609999999999999, 'second_won_pct': 0.486, 'bpsvd_pct': 0.42857142857142855, 'bpsvd_num': 3, 'bpsvd_den': 7}",2.0,7.0,1.4,143.0,player_profile_classic,player_profile_classic,"['Carlos Alcaraz', 'Novak Djokovic']"
US Open,Hard,SF,2025-08-25,2025.0,Jannik Sinner,Auger Aliassime,6-1 3-6 6-3 6-4,False,27.0,1.0,Felix Auger Aliassime,https://www.tennisabstract.com/cgi-bin/player-classic.cgi?p=FelixAugerAliassime,(ch),0.75,0.081,0.045,0.649,0.708,0.462,7.0,11.0,0.6363636363636364,201.0,JANNIK SINNER,AUGER ALIASSIME,6-1 3-6 6-3 6-4,2025|2025-08-25|US Open|SF|JANNIK SINNER|AUGER ALIASSIME|6-1 3-6 6-3 6-4,,,,,,,,,,,,,,,,,,,,,,,,,,,
