match_date,tourney_name,surface,round,winner_name,loser_name,score,w_ta_dr,w_ta_ace_pct,w_ta_df_pct,w_ta_1stin_pct,w_ta_1stwon_pct,w_ta_2ndwon_pct,w_ta_bpsvd_num,w_ta_bpsvd_den,w_ta_bpsvd_pct,l_ta_dr,l_ta_ace_pct,l_ta_df_pct,l_ta_1stin_pct,l_ta_1stwon_pct,l_ta_2ndwon_pct,l_ta_bpsvd_num,l_ta_bpsvd_den,l_ta_bpsvd_pct,winner_stats,loser_stats,winner_rank,loser_rank,dr,time,source,ta_stats_source,source_profile_players,year,player_won,player_rank,opponent_rank,source_player,source_url,ta_more,ta_dr,ta_ace_pct,ta_df_pct,ta_1stin_pct,ta_1stwon_pct,ta_2ndwon_pct,ta_bpsvd_num,ta_bpsvd_den,ta_bpsvd_pct,minutes,winner_name_norm,loser_name_norm,score_norm,match_key
2025-06-30,Wimbledon,Grass,F,Jannik Sinner,Carlos Alcaraz,4-6 6-4 6-4 6-4,1.18,0.068,0.017,0.615,0.75,0.6,4.0,6.0,0.6666666666666666,0.85,0.124,0.057999999999999996,0.529,0.75,0.509,5.0,9.0,0.5555555555555556,"{'ace_pct': 0.068, 'df_pct': 0.017, 'first_in_pct': 0.615, 'first_won_pct': 0.75, 'second_won_pct': 0.6, 'bpsvd_pct': 0.6666666666666666, 'bpsvd_num': 4, 'bpsvd_den': 6}","{'ace_pct': 0.124, 'df_pct': 0.057999999999999996, 'first_in_pct': 0.529, 'first_won_pct': 0.75, 'second_won_pct': 0.509, 'bpsvd_pct': 0.5555555555555556, 'bpsvd_num': 5, 'bpsvd_den': 9}",1.0,2.0,1.18,184.0,player_profile_classic,player_profile_classic,"['Carlos Alcaraz', 'Jannik Sinner']",,,,,,,,,,,,,,,,,,,,,
2025-06-30,Wimbledon,Grass,Q1,Adrian Mannarino,Andrea Collarini,6-4 6-2,1.33,0.106,0.045,0.636,0.762,0.41700000000000004,8.0,9.0,0.8888888888888888,0.75,0.034,0.0,0.7070000000000001,0.512,0.529,3.0,7.0,0.42857142857142855,"{'ace_pct': 0.106, 'df_pct': 0.045, 'first_in_pct': 0.636, 'first_won_pct': 0.762, 'second_won_pct': 0.41700000000000004, 'bpsvd_pct': 0.8888888888888888, 'bpsvd_num': 8, 'bpsvd_den': 9}","{'ace_pct': 0.034, 'df_pct': 0.0, 'first_in_pct': 0.7070000000000001, 'first_won_pct': 0.512, 'second_won_pct': 0.529, 'bpsvd_pct': 0.42857142857142855, 'bpsvd_num': 3, 'bpsvd_den': 7}",123.0,225.0,1.33,82.0,player_profile_classic,player_profile_classic,"['Adrian Mannarino', 'Andrea Collarini']",,,,,,,,,,,,,,,,,,,,,
2025-06-30,Wimbledon,Grass,Q1,Alex Bolt,Harold Mayot,6-3 6-4,1.49,0.067,0.033,0.583,0.743,0.76,1.0,1.0,1.0,0.67,0.13699999999999998,0.039,0.608,0.677,0.55,3.0,5.0,0.6,"{'ace_pct': 0.067, 'df_pct': 0.033, 'first_in_pct': 0.583, 'first_won_pct': 0.743, 'second_won_pct': 0.76, 'bpsvd_pct': 1.0, 'bpsvd_num': 1, 'bpsvd_den': 1}","{'ace_pct': 0.13699999999999998, 'df_pct': 0.039, 'first_in_pct': 0.608, 'first_won_pct': 0.677, 'second_won_pct': 0.55, 'bpsvd_pct': 0.6, 'bpsvd_num': 3, 'bpsvd_den': 5}",179.0,184.0,1.49,75.0,player_profile_classic,player_profile_classic,"['Alex Bolt', 'Harold Mayot']",,,,,,,,,,,,,,,,,,,,,
2025-06-30,Wimbledon,Grass,Q1,Alexander Blockx,Facundo Mena,7-5 6-1,1.75,0.075,0.038,0.642,0.882,0.526,5.0,5.0,1.0,0.57,0.071,0.054000000000000006,0.5710000000000001,0.594,0.542,3.0,7.0,0.42857142857142855,"{'ace_pct': 0.075, 'df_pct': 0.038, 'first_in_pct': 0.642, 'first_won_pct': 0.882, 'second_won_pct': 0.526, 'bpsvd_pct': 1.0, 'bpsvd_num': 5, 'bpsvd_den': 5}","{'ace_pct': 0.071, 'df_pct': 0.054000000000000006, 'first_in_pct': 0.5710000000000001, 'first_won_pct': 0.594, 'second_won_pct': 0.542, 'bpsvd_pct': 0.42857142857142855, 'bpsvd_num': 3, 'bpsvd_den': 7}",141.0,254.0,1.75,69.0,player_profile_classic,player_profile_classic,"['Alexander Blockx', 'Facundo Mena']",,,,,,,,,,,,,,,,,,,,,
2025-06-30,Wimbledon,Grass,Q1,Alexis Galarneau,Murphy Cassone,6-4 2-6 6-4,1.15,0.0,0.024,0.695,0.649,0.56,7.0,11.0,0.6363636363636364,0.87,0.031,0.021,0.794,0.623,0.35,8.0,12.0,0.6666666666666666,"{'ace_pct': 0.0, 'df_pct': 0.024, 'first_in_pct': 0.695, 'first_won_pct': 0.649, 'second_won_pct': 0.56, 'bpsvd_pct': 0.6363636363636364, 'bpsvd_num': 7, 'bpsvd_den': 11}","{'ace_pct': 0.031, 'df_pct': 0.021, 'first_in_pct': 0.794, 'first_won_pct': 0.623, 'second_won_pct': 0.35, 'bpsvd_pct': 0.6666666666666666, 'bpsvd_num': 8, 'bpsvd_den': 12}",207.0,190.0,1.15,125.0,player_profile_classic,player_profile_classic,"['Alexis Galarneau', 'Murphy Cassone']",,,,,,,,,,,,,,,,,,,,,
2025-06-30,Wimbledon,Grass,Q1,Arthur Bouquier,Alastair Gray,5-7 6-3 6-4,1.19,0.107,0.071,0.655,0.764,0.552,4.0,6.0,0.6666666666666666,0.84,0.092,0.023,0.632,0.7090000000000001,0.5,2.0,6.0,0.3333333333333333,"{'ace_pct': 0.107, 'df_pct': 0.071, 'first_in_pct': 0.655, 'first_won_pct': 0.764, 'second_won_pct': 0.552, 'bpsvd_pct': 0.6666666666666666, 'bpsvd_num': 4, 'bpsvd_den': 6}","{'ace_pct': 0.092, 'df_pct': 0.023, 'first_in_pct': 0.632, 'first_won_pct': 0.7090000000000001, 'second_won_pct': 0.5, 'bpsvd_pct': 0.3333333333333333, 'bpsvd_num': 2, 'bpsvd_den': 6}",230.0,374.0,1.19,115.0,player_profile_classic,player_profile_classic,"['Arthur Bouquier', 'Alastair Gray']",,,,,,,,,,,,,,,,,,,,,
2025-06-30,Wimbledon,Grass,Q1,Arthur Cazaux,Ignacio Buse,6-2 6-7(11) 6-1,1.46,0.061,0.037000000000000005,0.6709999999999999,0.818,0.444,1.0,2.0,0.5,0.69,0.03,0.03,0.626,0.629,0.43200000000000005,6.0,12.0,0.5,"{'ace_pct': 0.061, 'df_pct': 0.037000000000000005, 'first_in_pct': 0.6709999999999999, 'first_won_pct': 0.818, 'second_won_pct': 0.444, 'bpsvd_pct': 0.5, 'bpsvd_num': 1, 'bpsvd_den': 2}","{'ace_pct': 0.03, 'df_pct': 0.03, 'first_in_pct': 0.626, 'first_won_pct': 0.629, 'second_won_pct': 0.43200000000000005, 'bpsvd_pct': 0.5, 'bpsvd_num': 6, 'bpsvd_den': 12}",115.0,152.0,1.46,136.0,player_profile_classic,player_profile_classic,"['Arthur Cazaux', 'Ignacio Buse']",,,,,,,,,,,,,,,,,,,,,
2025-06-30,Wimbledon,Grass,Q1,August Holmgren,Giles Hussey,4-6 6-3 7-5,1.1,0.161,0.011000000000000001,0.621,0.722,0.545,1.0,4.0,0.25,0.91,0.049,0.012,0.598,0.6940000000000001,0.515,2.0,6.0,0.3333333333333333,"{'ace_pct': 0.161, 'df_pct': 0.011000000000000001, 'first_in_pct': 0.621, 'first_won_pct': 0.722, 'second_won_pct': 0.545, 'bpsvd_pct': 0.25, 'bpsvd_num': 1, 'bpsvd_den': 4}","{'ace_pct': 0.049, 'df_pct': 0.012, 'first_in_pct': 0.598, 'first_won_pct': 0.6940000000000001, 'second_won_pct': 0.515, 'bpsvd_pct': 0.3333333333333333, 'bpsvd_num': 2, 'bpsvd_den': 6}",192.0,448.0,1.1,119.0,player_profile_classic,player_profile_classic,"['August Holmgren', 'Giles Hussey']",,,,,,,,,,,,,,,,,,,,,
2025-06-30,Wimbledon,Grass,Q1,Barrios Vera,James Story,6-0 6-2,,,,,,,,,,,,,,,,,,,,,,,,,,,,2025.0,True,108.0,562.0,Tomas Barrios Vera,https://www.tennisabstract.com/cgi-bin/player-classic.cgi?p=TomasBarriosVera,,2.78,0.028999999999999998,0.0,0.7140000000000001,0.76,0.9,0.0,0.0,,56.0,BARRIOS VERA,JAMES STORY,6-0 6-2,2025|2025-06-30|Wimbledon|Q1|BARRIOS VERA|JAMES STORY|6-0 6-2
2025-06-30,Wimbledon,Grass,Q1,Beibit Zhukayev,Vitaliy Sachko,7-5 4-6 7-6(3),1.14,0.2,0.048,0.6859999999999999,0.764,0.515,3.0,6.0,0.5,0.88,0.047,0.009000000000000001,0.679,0.708,0.5,2.0,5.0,0.4,"{'ace_pct': 0.2, 'df_pct': 0.048, 'first_in_pct': 0.6859999999999999, 'first_won_pct': 0.764, 'second_won_pct': 0.515, 'bpsvd_pct': 0.5, 'bpsvd_num': 3, 'bpsvd_den': 6}","{'ace_pct': 0.047, 'df_pct': 0.009000000000000001, 'first_in_pct': 0.679, 'first_won_pct': 0.708, 'second_won_pct': 0.5, 'bpsvd_pct': 0.4, 'bpsvd_num': 2, 'bpsvd_den': 5}",247.0,210.0,1.14,144.0,player_profile_classic,player_profile_classic,"['Beibit Zhukayev', 'Vitaliy Sachko']",,,,,,,,,,,,,,,,,,,,,
2025-06-30,Wimbledon,Grass,Q1,Benjamin Hassan,Duje Ajdukovic,7-6(7) 6-0,1.57,0.156,0.094,0.625,0.85,0.5,2.0,2.0,1.0,0.64,0.015,0.044000000000000004,0.662,0.6,0.478,5.0,8.0,0.625,"{'ace_pct': 0.156, 'df_pct': 0.094, 'first_in_pct': 0.625, 'first_won_pct': 0.85, 'second_won_pct': 0.5, 'bpsvd_pct': 1.0, 'bpsvd_num': 2, 'bpsvd_den': 2}","{'ace_pct': 0.015, 'df_pct': 0.044000000000000004, 'first_in_pct': 0.662, 'first_won_pct': 0.6, 'second_won_pct': 0.478, 'bpsvd_pct': 0.625, 'bpsvd_num': 5, 'bpsvd_den': 8}",193.0,183.0,1.57,70.0,player_profile_classic,player_profile_classic,"['Benjamin Hassan', 'Duje Ajdukovic']",,,,,,,,,,,,,,,,,,,,,
2025-06-30,Wimbledon,Grass,Q1,Budkov Kjaer,Yan Bai,7-6(3) 6-2,,,,,,,,,,,,,,,,,,,,,,,,,,,,2025.0,True,303.0,253.0,Nicolai Budkov Kjaer,https://www.tennisabstract.com/cgi-bin/player-classic.cgi?p=NicolaiBudkovKjaer,,1.19,0.037000000000000005,0.037000000000000005,0.519,0.69,0.462,8.0,11.0,0.7272727272727273,108.0,BUDKOV KJAER,YAN BAI,7-6(3) 6-2,2025|2025-06-30|Wimbledon|Q1|BUDKOV KJAER|YAN BAI|7-6(3) 6-2
2025-06-30,Wimbledon,Grass,Q1,Chris Rodesch,Matteo Gigante,6-2 6-4,1.43,0.11699999999999999,0.017,0.7,0.7140000000000001,0.611,6.0,6.0,1.0,0.7,0.016,0.125,0.594,0.605,0.462,4.0,7.0,0.5714285714285714,"{'ace_pct': 0.11699999999999999, 'df_pct': 0.017, 'first_in_pct': 0.7, 'first_won_pct': 0.7140000000000001, 'second_won_pct': 0.611, 'bpsvd_pct': 1.0, 'bpsvd_num': 6, 'bpsvd_den': 6}","{'ace_pct': 0.016, 'df_pct': 0.125, 'first_in_pct': 0.594, 'first_won_pct': 0.605, 'second_won_pct': 0.462, 'bpsvd_pct': 0.5714285714285714, 'bpsvd_num': 4, 'bpsvd_den': 7}",163.0,133.0,1.43,74.0,player_profile_classic,player_profile_classic,"['Chris Rodesch', 'Matteo Gigante']",,,,,,,,,,,,,,,,,,,,,
2025-06-30,Wimbledon,Grass,Q1,Coleman Wong,Martin Tiffon,6-3 6-4,,,,,,,,,,,,,,,,,,,,,,,,,,,,2025.0,False,204.0,172.0,Pol Martin Tiffon,https://www.tennisabstract.com/cgi-bin/player-classic.cgi?p=PolMartinTiffon,,0.67,0.08199999999999999,0.040999999999999995,0.603,0.636,0.483,5.0,7.0,0.7142857142857143,79.0,COLEMAN WONG,MARTIN TIFFON,6-3 6-4,2025|2025-06-30|Wimbledon|Q1|COLEMAN WONG|MARTIN TIFFON|6-3 6-4
2025-06-30,Wimbledon,Grass,Q1,Coleman Wong,Pol Martin Tiffon,6-3 6-4,,,,,,,,,,,,,,,,,,,,,,,,,,,,2025.0,True,172.0,204.0,Coleman Wong,https://www.tennisabstract.com/cgi-bin/player-classic.cgi?p=ColemanWong,,1.49,0.159,0.016,0.603,0.737,0.68,1.0,1.0,1.0,79.0,COLEMAN WONG,POL MARTIN TIFFON,6-3 6-4,2025|2025-06-30|Wimbledon|Q1|COLEMAN WONG|POL MARTIN TIFFON|6-3 6-4
2025-06-30,Wimbledon,Grass,Q1,Colton Smith,Rodriguez Taverna,6-4 6-1,,,,,,,,,,,,,,,,,,,,,,,,,,,,2025.0,False,191.0,134.0,Santiago Fa Rodriguez Taverna,https://www.tennisabstract.com/cgi-bin/player-classic.cgi?p=SantiagoFaRodriguezTaverna,,0.57,0.06,0.04,0.68,0.5,0.43799999999999994,1.0,6.0,0.16666666666666666,64.0,COLTON SMITH,RODRIGUEZ TAVERNA,6-4 6-1,2025|2025-06-30|Wimbledon|Q1|COLTON SMITH|RODRIGUEZ TAVERNA|6-4 6-1
2025-06-30,Wimbledon,Grass,Q1,Colton Smith,Santiago Fa Rodriguez Taverna,6-4 6-1,,,,,,,,,,,,,,,,,,,,,,,,,,,,2025.0,True,134.0,191.0,Colton Smith,https://www.tennisabstract.com/cgi-bin/player-classic.cgi?p=ColtonSmith,,1.75,0.106,0.0,0.617,0.7929999999999999,0.556,1.0,2.0,0.5,64.0,COLTON SMITH,SANTIAGO FA RODRIGUEZ TAVERNA,6-4 6-1,2025|2025-06-30|Wimbledon|Q1|COLTON SMITH|SANTIAGO FA RODRIGUEZ TAVERNA|6-4 6-1
2025-06-30,Wimbledon,Grass,Q1,Cristian Garin,Francesco Maestrelli,6-3 6-4,,,,,,,,,,,,,,,,,,,,,,,,,,,,2025.0,True,110.0,237.0,Cristian Garin,https://www.tennisabstract.com/cgi-bin/player-classic.cgi?p=CristianGarin,,1.63,0.019,0.055999999999999994,0.7040000000000001,0.789,0.625,1.0,2.0,0.5,74.0,CRISTIAN GARIN,FRANCESCO MAESTRELLI,6-3 6-4,2025|2025-06-30|Wimbledon|Q1|CRISTIAN GARIN|FRANCESCO MAESTRELLI|6-3 6-4
2025-06-30,Wimbledon,Grass,Q1,Dominic Stricker,Saba Purtseladze,6-3 6-2,1.95,0.16699999999999998,0.0,0.81,0.765,0.5,1.0,3.0,0.3333333333333333,0.51,0.066,0.049,0.721,0.47700000000000004,0.353,8.0,13.0,0.6153846153846154,"{'ace_pct': 0.16699999999999998, 'df_pct': 0.0, 'first_in_pct': 0.81, 'first_won_pct': 0.765, 'second_won_pct': 0.5, 'bpsvd_pct': 0.3333333333333333, 'bpsvd_num': 1, 'bpsvd_den': 3}","{'ace_pct': 0.066, 'df_pct': 0.049, 'first_in_pct': 0.721, 'first_won_pct': 0.47700000000000004, 'second_won_pct': 0.353, 'bpsvd_pct': 0.6153846153846154, 'bpsvd_num': 8, 'bpsvd_den': 13}",238.0,249.0,1.95,55.0,player_profile_classic,player_profile_classic,"['Dominic Stricker', 'Saba Purtseladze']",,,,,,,,,,,,,,,,,,,,,
2025-06-30,Wimbledon,Grass,Q1,Dusan Lajovic,Liam Draxl,3-6 6-3 6-3,,,,,,,,,,,,,,,,,,,,,,,,,,,,2025.0,True,118.0,147.0,Dusan Lajovic,https://www.tennisabstract.com/cgi-bin/player-classic.cgi?p=DusanLajovic,,1.3,0.096,0.027000000000000003,0.6990000000000001,0.706,0.591,6.0,9.0,0.6666666666666666,117.0,DUSAN LAJOVIC,LIAM DRAXL,3-6 6-3 6-3,2025|2025-06-30|Wimbledon|Q1|DUSAN LAJOVIC|LIAM DRAXL|3-6 6-3 6-3
2025-06-30,Wimbledon,Grass,Q1,Eliot Spizzirri,Alejandro Moro Canas,7-6(4) 6-7(6) 6-4,,,,,,,,,,,,,,,,,,,,,,,,,,,,2025.0,True,128.0,208.0,Eliot Spizzirri,https://www.tennisabstract.com/cgi-bin/player-classic.cgi?p=EliotSpizzirri,,1.06,0.054000000000000006,0.0,0.777,0.693,0.345,10.0,14.0,0.7142857142857143,185.0,ELIOT SPIZZIRRI,ALEJANDRO MORO CANAS,7-6(4) 6-7(6) 6-4,2025|2025-06-30|Wimbledon|Q1|ELIOT SPIZZIRRI|ALEJANDRO MORO CANAS|7-6(4) 6-7(6) 6-4
2025-06-30,Wimbledon,Grass,Q1,Eliot Spizzirri,Moro Canas,7-6(4) 6-7(6) 6-4,,,,,,,,,,,,,,,,,,,,,,,,,,,,2025.0,False,208.0,128.0,Alejandro Moro Canas,https://www.tennisabstract.com/cgi-bin/player-classic.cgi?p=AlejandroMoroCanas,,0.94,0.063,0.039,0.693,0.636,0.48700000000000004,5.0,10.0,0.5,185.0,ELIOT SPIZZIRRI,MORO CANAS,7-6(4) 6-7(6) 6-4,2025|2025-06-30|Wimbledon|Q1|ELIOT SPIZZIRRI|MORO CANAS|7-6(4) 6-7(6) 6-4
2025-06-30,Wimbledon,Grass,Q1,Emilio Nava,Mitchell Krueger,7-6(6) 7-6(3),1.05,0.263,0.038,0.65,0.8270000000000001,0.5710000000000001,1.0,1.0,1.0,0.95,0.013000000000000001,0.026000000000000002,0.75,0.7020000000000001,0.789,0.0,0.0,,"{'ace_pct': 0.263, 'df_pct': 0.038, 'first_in_pct': 0.65, 'first_won_pct': 0.8270000000000001, 'second_won_pct': 0.5710000000000001, 'bpsvd_pct': 1.0, 'bpsvd_num': 1, 'bpsvd_den': 1}","{'ace_pct': 0.013000000000000001, 'df_pct': 0.026000000000000002, 'first_in_pct': 0.75, 'first_won_pct': 0.7020000000000001, 'second_won_pct': 0.789, 'bpsvd_num': 0, 'bpsvd_den': 0}",119.0,164.0,1.05,98.0,player_profile_classic,player_profile_classic,"['Emilio Nava', 'Mitchell Krueger']",,,,,,,,,,,,,,,,,,,,,
2025-06-30,Wimbledon,Grass,Q1,Filip Misolic,Den Ouden,3-6 6-1 7-5,,,,,,,,,,,,,,,,,,,,,,,,,,,,2025.0,False,174.0,111.0,Guy Den Ouden,https://www.tennisabstract.com/cgi-bin/player-classic.cgi?p=GuyDenOuden,,0.81,0.047,0.024,0.541,0.674,0.59,6.0,9.0,0.6666666666666666,114.0,FILIP MISOLIC,DEN OUDEN,3-6 6-1 7-5,2025|2025-06-30|Wimbledon|Q1|FILIP MISOLIC|DEN OUDEN|3-6 6-1 7-5
2025-06-30,Wimbledon,Grass,Q1,Giulio Zeppieri,Sumit Nagal,6-2 4-6 6-2,1.7,0.094,0.047,0.703,0.8220000000000001,0.526,1.0,3.0,0.3333333333333333,0.59,0.0,0.024,0.585,0.604,0.47100000000000003,5.0,10.0,0.5,"{'ace_pct': 0.094, 'df_pct': 0.047, 'first_in_pct': 0.703, 'first_won_pct': 0.8220000000000001, 'second_won_pct': 0.526, 'bpsvd_pct': 0.3333333333333333, 'bpsvd_num': 1, 'bpsvd_den': 3}","{'ace_pct': 0.0, 'df_pct': 0.024, 'first_in_pct': 0.585, 'first_won_pct': 0.604, 'second_won_pct': 0.47100000000000003, 'bpsvd_pct': 0.5, 'bpsvd_num': 5, 'bpsvd_den': 10}",351.0,296.0,1.7,99.0,player_profile_classic,player_profile_classic,"['Giulio Zeppieri', 'Sumit Nagal']",,,,,,,,,,,,,,,,,,,,,
2025-06-30,Wimbledon,Grass,Q1,Hady Habib,Filip Cristian Jianu,4-6 6-1 7-5,1.21,0.136,0.045,0.75,0.682,0.545,2.0,5.0,0.4,0.83,0.03,0.04,0.733,0.635,0.40700000000000003,10.0,15.0,0.6666666666666666,"{'ace_pct': 0.136, 'df_pct': 0.045, 'first_in_pct': 0.75, 'first_won_pct': 0.682, 'second_won_pct': 0.545, 'bpsvd_pct': 0.4, 'bpsvd_num': 2, 'bpsvd_den': 5}","{'ace_pct': 0.03, 'df_pct': 0.04, 'first_in_pct': 0.733, 'first_won_pct': 0.635, 'second_won_pct': 0.40700000000000003, 'bpsvd_pct': 0.6666666666666666, 'bpsvd_num': 10, 'bpsvd_den': 15}",170.0,274.0,1.21,117.0,player_profile_classic,player_profile_classic,"['Hady Habib', 'Filip Cristian Jianu']",,,,,,,,,,,,,,,,,,,,,
2025-06-30,Wimbledon,Grass,Q1,Hamish Stewart,Valentin Vacherot,4-6 5-6 RET,0.5,0.084,0.06,0.6629999999999999,0.727,0.429,12.0,13.0,0.9230769230769231,2.02,0.13,0.019,0.7040000000000001,0.8420000000000001,0.75,0.0,0.0,,"{'ace_pct': 0.084, 'df_pct': 0.06, 'first_in_pct': 0.6629999999999999, 'first_won_pct': 0.727, 'second_won_pct': 0.429, 'bpsvd_pct': 0.9230769230769231, 'bpsvd_num': 12, 'bpsvd_den': 13}","{'ace_pct': 0.13, 'df_pct': 0.019, 'first_in_pct': 0.7040000000000001, 'first_won_pct': 0.8420000000000001, 'second_won_pct': 0.75, 'bpsvd_num': 0, 'bpsvd_den': 0}",545.0,261.0,0.5,93.0,player_profile_classic,player_profile_classic,"['Hamish Stewart', 'Valentin Vacherot']",,,,,,,,,,,,,,,,,,,,,
2025-06-30,Wimbledon,Grass,Q1,Henrique Rocha,Dellien Velasco,6-3 6-1,,,,,,,,,,,,,,,,,,,,,,,,,,,,2025.0,False,223.0,157.0,Murkel Alejandro Dellien Velasco,https://www.tennisabstract.com/cgi-bin/player-classic.cgi?p=MurkelAlejandroDellienVelasco,,0.68,0.0,0.057,0.698,0.486,0.5,4.0,8.0,0.5,77.0,HENRIQUE ROCHA,DELLIEN VELASCO,6-3 6-1,2025|2025-06-30|Wimbledon|Q1|HENRIQUE ROCHA|DELLIEN VELASCO|6-3 6-1
2025-06-30,Wimbledon,Grass,Q1,Henrique Rocha,Murkel Alejandro Dellien Velasco,6-3 6-1,,,,,,,,,,,,,,,,,,,,,,,,,,,,2025.0,True,157.0,223.0,Henrique Rocha,https://www.tennisabstract.com/cgi-bin/player-classic.cgi?p=HenriqueRocha,,1.48,0.0,0.016,0.754,0.696,0.5329999999999999,6.0,6.0,1.0,77.0,HENRIQUE ROCHA,MURKEL ALEJANDRO DELLIEN VELASCO,6-3 6-1,2025|2025-06-30|Wimbledon|Q1|HENRIQUE ROCHA|MURKEL ALEJANDRO DELLIEN VELASCO|6-3 6-1
2025-06-30,Wimbledon,Grass,Q1,Jaime Faria,Zsombor Piros,6-4 6-2,1.4,0.105,0.0,0.632,0.6940000000000001,0.5710000000000001,1.0,2.0,0.5,0.71,0.016,0.159,0.508,0.6559999999999999,0.355,3.0,7.0,0.42857142857142855,"{'ace_pct': 0.105, 'df_pct': 0.0, 'first_in_pct': 0.632, 'first_won_pct': 0.6940000000000001, 'second_won_pct': 0.5710000000000001, 'bpsvd_pct': 0.5, 'bpsvd_num': 1, 'bpsvd_den': 2}","{'ace_pct': 0.016, 'df_pct': 0.159, 'first_in_pct': 0.508, 'first_won_pct': 0.6559999999999999, 'second_won_pct': 0.355, 'bpsvd_pct': 0.42857142857142855, 'bpsvd_num': 3, 'bpsvd_den': 7}",116.0,160.0,1.4,72.0,player_profile_classic,player_profile_classic,"['Jaime Faria', 'Zsombor Piros']",,,,,,,,,,,,,,,,,,,,,
2025-06-30,Wimbledon,Grass,Q1,James Mccabe,Borna Gojo,6-4 7-5,1.62,0.161,0.036000000000000004,0.732,0.8290000000000001,0.6,1.0,2.0,0.5,0.62,0.098,0.08199999999999999,0.639,0.7440000000000001,0.409,3.0,6.0,0.5,"{'ace_pct': 0.161, 'df_pct': 0.036000000000000004, 'first_in_pct': 0.732, 'first_won_pct': 0.8290000000000001, 'second_won_pct': 0.6, 'bpsvd_pct': 0.5, 'bpsvd_num': 1, 'bpsvd_den': 2}","{'ace_pct': 0.098, 'df_pct': 0.08199999999999999, 'first_in_pct': 0.639, 'first_won_pct': 0.7440000000000001, 'second_won_pct': 0.409, 'bpsvd_pct': 0.5, 'bpsvd_num': 3, 'bpsvd_den': 6}",181.0,217.0,1.62,76.0,player_profile_classic,player_profile_classic,"['Borna Gojo', 'James Mccabe']",,,,,,,,,,,,,,,,,,,,,
2025-06-30,Wimbledon,Grass,Q1,Jozef Kovalik,Antoine Escoffier,6-4 6-7(5) 7-6(7),0.98,0.03,0.006999999999999999,0.664,0.685,0.622,12.0,13.0,0.9230769230769231,1.02,0.016,0.008,0.632,0.6709999999999999,0.674,12.0,14.0,0.8571428571428571,"{'ace_pct': 0.03, 'df_pct': 0.006999999999999999, 'first_in_pct': 0.664, 'first_won_pct': 0.685, 'second_won_pct': 0.622, 'bpsvd_pct': 0.9230769230769231, 'bpsvd_num': 12, 'bpsvd_den': 13}","{'ace_pct': 0.016, 'df_pct': 0.008, 'first_in_pct': 0.632, 'first_won_pct': 0.6709999999999999, 'second_won_pct': 0.674, 'bpsvd_pct': 0.8571428571428571, 'bpsvd_num': 12, 'bpsvd_den': 14}",383.0,256.0,0.98,172.0,player_profile_classic,player_profile_classic,"['Jozef Kovalik', 'Antoine Escoffier']",,,,,,,,,,,,,,,,,,,,,
2025-06-30,Wimbledon,Grass,Q1,Juan Pablo Ficovich,Carlos Taberner,7-6(0) 6-3,1.49,0.065,0.016,0.71,0.841,0.389,2.0,3.0,0.6666666666666666,0.67,0.0,0.054000000000000006,0.568,0.7140000000000001,0.375,3.0,6.0,0.5,"{'ace_pct': 0.065, 'df_pct': 0.016, 'first_in_pct': 0.71, 'first_won_pct': 0.841, 'second_won_pct': 0.389, 'bpsvd_pct': 0.6666666666666666, 'bpsvd_num': 2, 'bpsvd_den': 3}","{'ace_pct': 0.0, 'df_pct': 0.054000000000000006, 'first_in_pct': 0.568, 'first_won_pct': 0.7140000000000001, 'second_won_pct': 0.375, 'bpsvd_pct': 0.5, 'bpsvd_num': 3, 'bpsvd_den': 6}",155.0,102.0,1.49,97.0,player_profile_classic,player_profile_classic,"['Juan Pablo Ficovich', 'Carlos Taberner']",,,,,,,,,,,,,,,,,,,,,
2025-06-30,Wimbledon,Grass,Q1,Kyrian Jacquet,Maximilian Marterer,6-1 6-7(5) 6-1,1.57,0.129,0.0,0.565,0.8540000000000001,0.568,2.0,2.0,1.0,0.64,0.046,0.011000000000000001,0.667,0.655,0.414,6.0,10.0,0.6,"{'ace_pct': 0.129, 'df_pct': 0.0, 'first_in_pct': 0.565, 'first_won_pct': 0.8540000000000001, 'second_won_pct': 0.568, 'bpsvd_pct': 1.0, 'bpsvd_num': 2, 'bpsvd_den': 2}","{'ace_pct': 0.046, 'df_pct': 0.011000000000000001, 'first_in_pct': 0.667, 'first_won_pct': 0.655, 'second_won_pct': 0.414, 'bpsvd_pct': 0.6, 'bpsvd_num': 6, 'bpsvd_den': 10}",148.0,275.0,1.57,106.0,player_profile_classic,player_profile_classic,"['Kyrian Jacquet', 'Maximilian Marterer']",,,,,,,,,,,,,,,,,,,,,
2025-06-30,Wimbledon,Grass,Q1,Leandro Riedi,Fajing Sun,6-4 7-5,,,,,,,,,,,,,,,,,,,,,,,,,,,,2025.0,True,503.0,244.0,Leandro Riedi,https://www.tennisabstract.com/cgi-bin/player-classic.cgi?p=LeandroRiedi,,1.53,0.109,0.073,0.5820000000000001,0.813,0.565,2.0,4.0,0.5,81.0,LEANDRO RIEDI,FAJING SUN,6-4 7-5,2025|2025-06-30|Wimbledon|Q1|LEANDRO RIEDI|FAJING SUN|6-4 7-5
2025-06-30,Wimbledon,Grass,Q1,Luca Van Assche,Juan Manuel Cerundolo,7-6(5) 6-2,,,,,,,,,,,,,,,,,,,,,,,,,,,,2025.0,False,112.0,180.0,Juan Manuel Cerundolo,https://www.tennisabstract.com/cgi-bin/player-classic.cgi?p=JuanManuelCerundolo,,0.81,0.048,0.081,0.565,0.629,0.48100000000000004,0.0,4.0,0.0,99.0,LUCA VAN ASSCHE,JUAN MANUEL CERUNDOLO,7-6(5) 6-2,2025|2025-06-30|Wimbledon|Q1|LUCA VAN ASSCHE|JUAN MANUEL CERUNDOLO|7-6(5) 6-2
2025-06-30,Wimbledon,Grass,Q1,Mark Lajal,Jan Choinski,3-6 6-4 6-3,1.03,0.09699999999999999,0.032,0.677,0.698,0.5329999999999999,3.0,5.0,0.6,0.97,0.08199999999999999,0.0,0.741,0.667,0.545,5.0,8.0,0.625,"{'ace_pct': 0.09699999999999999, 'df_pct': 0.032, 'first_in_pct': 0.677, 'first_won_pct': 0.698, 'second_won_pct': 0.5329999999999999, 'bpsvd_pct': 0.6, 'bpsvd_num': 3, 'bpsvd_den': 5}","{'ace_pct': 0.08199999999999999, 'df_pct': 0.0, 'first_in_pct': 0.741, 'first_won_pct': 0.667, 'second_won_pct': 0.545, 'bpsvd_pct': 0.625, 'bpsvd_num': 5, 'bpsvd_den': 8}",168.0,200.0,1.03,117.0,player_profile_classic,player_profile_classic,"['Mark Lajal', 'Jan Choinski']",,,,,,,,,,,,,,,,,,,,,
2025-06-30,Wimbledon,Grass,Q1,Martin Landaluce,Francesco Passaro,6-2 3-6 7-6(6),1.17,0.094,0.052000000000000005,0.698,0.7909999999999999,0.414,2.0,4.0,0.5,0.85,0.07400000000000001,0.021,0.653,0.677,0.515,5.0,7.0,0.7142857142857143,"{'ace_pct': 0.094, 'df_pct': 0.052000000000000005, 'first_in_pct': 0.698, 'first_won_pct': 0.7909999999999999, 'second_won_pct': 0.414, 'bpsvd_pct': 0.5, 'bpsvd_num': 2, 'bpsvd_den': 4}","{'ace_pct': 0.07400000000000001, 'df_pct': 0.021, 'first_in_pct': 0.653, 'first_won_pct': 0.677, 'second_won_pct': 0.515, 'bpsvd_pct': 0.7142857142857143, 'bpsvd_num': 5, 'bpsvd_den': 7}",137.0,131.0,1.17,139.0,player_profile_classic,player_profile_classic,"['Martin Landaluce', 'Francesco Passaro']",,,,,,,,,,,,,,,,,,,,,
2025-06-30,Wimbledon,Grass,Q1,Marton Fucsovics,Jurij Rodionov,6-4 6-3,1.53,0.107,0.018000000000000002,0.625,0.8290000000000001,0.619,0.0,0.0,,0.65,0.05,0.033,0.5670000000000001,0.706,0.5,5.0,7.0,0.7142857142857143,"{'ace_pct': 0.107, 'df_pct': 0.018000000000000002, 'first_in_pct': 0.625, 'first_won_pct': 0.8290000000000001, 'second_won_pct': 0.619, 'bpsvd_num': 0, 'bpsvd_den': 0}","{'ace_pct': 0.05, 'df_pct': 0.033, 'first_in_pct': 0.5670000000000001, 'first_won_pct': 0.706, 'second_won_pct': 0.5, 'bpsvd_pct': 0.7142857142857143, 'bpsvd_num': 5, 'bpsvd_den': 7}",105.0,195.0,1.53,72.0,player_profile_classic,player_profile_classic,"['Jurij Rodionov', 'Marton Fucsovics']",,,,,,,,,,,,,,,,,,,,,
2025-06-30,Wimbledon,Grass,Q1,Mikhail Kukushkin,Seyboth Wild,4-6 6-4 6-3,,,,,,,,,,,,,,,,,,,,,,,,,,,,2025.0,False,129.0,189.0,Thiago Seyboth Wild,https://www.tennisabstract.com/cgi-bin/player-classic.cgi?p=ThiagoSeybothWild,,0.95,0.125,0.038,0.6,0.792,0.531,5.0,7.0,0.7142857142857143,130.0,MIKHAIL KUKUSHKIN,SEYBOTH WILD,4-6 6-4 6-3,2025|2025-06-30|Wimbledon|Q1|MIKHAIL KUKUSHKIN|SEYBOTH WILD|4-6 6-4 6-3
2025-06-30,Wimbledon,Grass,Q1,Mikhail Kukushkin,Thiago Seyboth Wild,4-6 6-4 6-3,,,,,,,,,,,,,,,,,,,,,,,,,,,,2025.0,True,189.0,129.0,Mikhail Kukushkin,https://www.tennisabstract.com/cgi-bin/player-classic.cgi?p=MikhailKukushkin,,1.06,0.023,0.011000000000000001,0.67,0.78,0.552,5.0,6.0,0.8333333333333334,130.0,MIKHAIL KUKUSHKIN,THIAGO SEYBOTH WILD,4-6 6-4 6-3,2025|2025-06-30|Wimbledon|Q1|MIKHAIL KUKUSHKIN|THIAGO SEYBOTH WILD|4-6 6-4 6-3
2025-06-30,Wimbledon,Grass,Q1,Nicolai Budkov Kjaer,Yan Bai,7-6(3) 6-2,,,,,,,,,,,,,,,,,,,,,,,,,,,,2025.0,False,253.0,303.0,Yan Bai,https://www.tennisabstract.com/cgi-bin/player-classic.cgi?p=YanBai,,0.84,0.015,0.044000000000000004,0.485,0.636,0.371,1.0,6.0,0.16666666666666666,108.0,NICOLAI BUDKOV KJAER,YAN BAI,7-6(3) 6-2,2025|2025-06-30|Wimbledon|Q1|NICOLAI BUDKOV KJAER|YAN BAI|7-6(3) 6-2
2025-06-30,Wimbledon,Grass,Q1,Nicolas Jarry,Pavel Kotov,7-6(5) 6-1,2.26,0.184,0.040999999999999995,0.612,0.9,0.737,0.0,0.0,,0.44,0.062,0.0,0.738,0.688,0.47100000000000003,7.0,10.0,0.7,"{'ace_pct': 0.184, 'df_pct': 0.040999999999999995, 'first_in_pct': 0.612, 'first_won_pct': 0.9, 'second_won_pct': 0.737, 'bpsvd_num': 0, 'bpsvd_den': 0}","{'ace_pct': 0.062, 'df_pct': 0.0, 'first_in_pct': 0.738, 'first_won_pct': 0.688, 'second_won_pct': 0.47100000000000003, 'bpsvd_pct': 0.7, 'bpsvd_num': 7, 'bpsvd_den': 10}",143.0,213.0,2.26,81.0,player_profile_classic,player_profile_classic,"['Nicolas Jarry', 'Pavel Kotov']",,,,,,,,,,,,,,,,,,,,,
2025-06-30,Wimbledon,Grass,Q1,Nikoloz Basilashvili,Llamas Ruiz,6-3 4-6 6-3,,,,,,,,,,,,,,,,,,,,,,,,,,,,2025.0,False,573.0,126.0,Pablo Llamas Ruiz,https://www.tennisabstract.com/cgi-bin/player-classic.cgi?p=PabloLlamasRuiz,,0.81,0.059000000000000004,0.024,0.647,0.655,0.5670000000000001,9.0,13.0,0.6923076923076923,92.0,NIKOLOZ BASILASHVILI,LLAMAS RUIZ,6-3 4-6 6-3,2025|2025-06-30|Wimbledon|Q1|NIKOLOZ BASILASHVILI|LLAMAS RUIZ|6-3 4-6 6-3
2025-06-30,Wimbledon,Grass,Q1,Nikoloz Basilashvili,Pablo Llamas Ruiz,6-3 4-6 6-3,,,,,,,,,,,,,,,,,,,,,,,,,,,,2025.0,True,126.0,573.0,Nikoloz Basilashvili,https://www.tennisabstract.com/cgi-bin/player-classic.cgi?p=NikolozBasilashvili,,1.23,0.107,0.053,0.667,0.74,0.6,5.0,7.0,0.7142857142857143,92.0,NIKOLOZ BASILASHVILI,PABLO LLAMAS RUIZ,6-3 4-6 6-3,2025|2025-06-30|Wimbledon|Q1|NIKOLOZ BASILASHVILI|PABLO LLAMAS RUIZ|6-3 4-6 6-3
2025-06-30,Wimbledon,Grass,Q1,Oliver Bonding,Viktor Durasovic,7-5 2-6 6-4,1.06,0.136,0.057,0.614,0.759,0.5589999999999999,5.0,7.0,0.7142857142857143,0.95,0.069,0.04,0.604,0.705,0.6,8.0,10.0,0.8,"{'ace_pct': 0.136, 'df_pct': 0.057, 'first_in_pct': 0.614, 'first_won_pct': 0.759, 'second_won_pct': 0.5589999999999999, 'bpsvd_pct': 0.7142857142857143, 'bpsvd_num': 5, 'bpsvd_den': 7}","{'ace_pct': 0.069, 'df_pct': 0.04, 'first_in_pct': 0.604, 'first_won_pct': 0.705, 'second_won_pct': 0.6, 'bpsvd_pct': 0.8, 'bpsvd_num': 8, 'bpsvd_den': 10}",920.0,231.0,1.06,112.0,player_profile_classic,player_profile_classic,"['Oliver Bonding', 'Viktor Durasovic']",,,,,,,,,,,,,,,,,,,,,
2025-06-30,Wimbledon,Grass,Q1,Oliver Tarvet,Terence Atmane,6-1 7-6(2),1.76,0.11699999999999999,0.0,0.65,0.821,0.619,6.0,6.0,1.0,0.57,0.027000000000000003,0.09300000000000001,0.667,0.68,0.32,3.0,6.0,0.5,"{'ace_pct': 0.11699999999999999, 'df_pct': 0.0, 'first_in_pct': 0.65, 'first_won_pct': 0.821, 'second_won_pct': 0.619, 'bpsvd_pct': 1.0, 'bpsvd_num': 6, 'bpsvd_den': 6}","{'ace_pct': 0.027000000000000003, 'df_pct': 0.09300000000000001, 'first_in_pct': 0.667, 'first_won_pct': 0.68, 'second_won_pct': 0.32, 'bpsvd_pct': 0.5, 'bpsvd_num': 3, 'bpsvd_den': 6}",733.0,124.0,1.76,103.0,player_profile_classic,player_profile_classic,"['Oliver Tarvet', 'Terence Atmane']",,,,,,,,,,,,,,,,,,,,,
2025-06-30,Wimbledon,Grass,Q1,Paul Jubb,Thiago Agustin Tirante,6-3 6-2,1.49,0.055,0.073,0.473,0.8079999999999999,0.517,6.0,7.0,0.8571428571428571,0.67,0.081,0.09699999999999999,0.532,0.6970000000000001,0.24100000000000002,6.0,11.0,0.5454545454545454,"{'ace_pct': 0.055, 'df_pct': 0.073, 'first_in_pct': 0.473, 'first_won_pct': 0.8079999999999999, 'second_won_pct': 0.517, 'bpsvd_pct': 0.8571428571428571, 'bpsvd_num': 6, 'bpsvd_den': 7}","{'ace_pct': 0.081, 'df_pct': 0.09699999999999999, 'first_in_pct': 0.532, 'first_won_pct': 0.6970000000000001, 'second_won_pct': 0.24100000000000002, 'bpsvd_pct': 0.5454545454545454, 'bpsvd_num': 6, 'bpsvd_den': 11}",422.0,121.0,1.49,68.0,player_profile_classic,player_profile_classic,"['Paul Jubb', 'Thiago Agustin Tirante']",,,,,,,,,,,,,,,,,,,,,
2025-06-30,Wimbledon,Grass,Q1,Roman Andres Burruchaga,Dmitry Popko,6-2 6-1,1.76,0.06,0.04,0.7,0.7709999999999999,0.5329999999999999,2.0,2.0,1.0,0.57,0.039,0.039,0.47100000000000003,0.583,0.37,1.0,5.0,0.2,"{'ace_pct': 0.06, 'df_pct': 0.04, 'first_in_pct': 0.7, 'first_won_pct': 0.7709999999999999, 'second_won_pct': 0.5329999999999999, 'bpsvd_pct': 1.0, 'bpsvd_num': 2, 'bpsvd_den': 2}","{'ace_pct': 0.039, 'df_pct': 0.039, 'first_in_pct': 0.47100000000000003, 'first_won_pct': 0.583, 'second_won_pct': 0.37, 'bpsvd_pct': 0.2, 'bpsvd_num': 1, 'bpsvd_den': 5}",132.0,176.0,1.76,66.0,player_profile_classic,player_profile_classic,"['Roman Andres Burruchaga', 'Dmitry Popko']",,,,,,,,,,,,,,,,,,,,,
2025-06-30,Wimbledon,Grass,Q1,Ryan Peniston,Facundo Bagnis,6-3 6-1,1.95,0.0,0.07,0.721,0.677,0.667,6.0,8.0,0.75,0.51,0.0,0.045,0.5,0.455,0.273,3.0,9.0,0.3333333333333333,"{'ace_pct': 0.0, 'df_pct': 0.07, 'first_in_pct': 0.721, 'first_won_pct': 0.677, 'second_won_pct': 0.667, 'bpsvd_pct': 0.75, 'bpsvd_num': 6, 'bpsvd_den': 8}","{'ace_pct': 0.0, 'df_pct': 0.045, 'first_in_pct': 0.5, 'first_won_pct': 0.455, 'second_won_pct': 0.273, 'bpsvd_pct': 0.3333333333333333, 'bpsvd_num': 3, 'bpsvd_den': 9}",263.0,844.0,1.95,66.0,player_profile_classic,player_profile_classic,"['Ryan Peniston', 'Facundo Bagnis']",,,,,,,,,,,,,,,,,,,,,
2025-06-30,Wimbledon,Grass,Q1,Shintaro Mochizuki,Pierre Hugues Herbert,6-1 6-1,2.65,0.053,0.0,0.684,0.8079999999999999,0.75,2.0,2.0,1.0,0.38,0.077,0.115,0.5770000000000001,0.5329999999999999,0.318,4.0,9.0,0.4444444444444444,"{'ace_pct': 0.053, 'df_pct': 0.0, 'first_in_pct': 0.684, 'first_won_pct': 0.8079999999999999, 'second_won_pct': 0.75, 'bpsvd_pct': 1.0, 'bpsvd_num': 2, 'bpsvd_den': 2}","{'ace_pct': 0.077, 'df_pct': 0.115, 'first_in_pct': 0.5770000000000001, 'first_won_pct': 0.5329999999999999, 'second_won_pct': 0.318, 'bpsvd_pct': 0.4444444444444444, 'bpsvd_num': 4, 'bpsvd_den': 9}",144.0,127.0,2.65,56.0,player_profile_classic,player_profile_classic,"['Pierre Hugues Herbert', 'Shintaro Mochizuki']",,,,,,,,,,,,,,,,,,,,,
2025-06-30,Wimbledon,Grass,Q1,Taro Daniel,Edas Butvilas,7-6(8) 6-3,1.16,0.027000000000000003,0.040999999999999995,0.616,0.778,0.5,2.0,3.0,0.6666666666666666,0.87,0.10099999999999999,0.013000000000000001,0.6459999999999999,0.6859999999999999,0.5,5.0,8.0,0.625,"{'ace_pct': 0.027000000000000003, 'df_pct': 0.040999999999999995, 'first_in_pct': 0.616, 'first_won_pct': 0.778, 'second_won_pct': 0.5, 'bpsvd_pct': 0.6666666666666666, 'bpsvd_num': 2, 'bpsvd_den': 3}","{'ace_pct': 0.10099999999999999, 'df_pct': 0.013000000000000001, 'first_in_pct': 0.6459999999999999, 'first_won_pct': 0.6859999999999999, 'second_won_pct': 0.5, 'bpsvd_pct': 0.625, 'bpsvd_num': 5, 'bpsvd_den': 8}",156.0,252.0,1.16,96.0,player_profile_classic,player_profile_classic,"['Taro Daniel', 'Edas Butvilas']",,,,,,,,,,,,,,,,,,,,,
2025-06-30,Wimbledon,Grass,Q1,Timofey Skatov,Stefano Napolitano,6-1 6-4,1.81,0.111,0.037000000000000005,0.648,0.8290000000000001,0.579,1.0,1.0,1.0,0.55,0.076,0.015,0.621,0.659,0.32,7.0,10.0,0.7,"{'ace_pct': 0.111, 'df_pct': 0.037000000000000005, 'first_in_pct': 0.648, 'first_won_pct': 0.8290000000000001, 'second_won_pct': 0.579, 'bpsvd_pct': 1.0, 'bpsvd_num': 1, 'bpsvd_den': 1}","{'ace_pct': 0.076, 'df_pct': 0.015, 'first_in_pct': 0.621, 'first_won_pct': 0.659, 'second_won_pct': 0.32, 'bpsvd_pct': 0.7, 'bpsvd_num': 7, 'bpsvd_den': 10}",209.0,699.0,1.81,84.0,player_profile_classic,player_profile_classic,"['Timofey Skatov', 'Stefano Napolitano']",,,,,,,,,,,,,,,,,,,,,
2025-06-30,Wimbledon,Grass,Q1,Titouan Droguet,Andrea Pellegrino,6-1 7-5,1.67,0.127,0.036000000000000004,0.655,0.8059999999999999,0.526,0.0,1.0,0.0,0.6,0.063,0.047,0.609,0.59,0.4,5.0,9.0,0.5555555555555556,"{'ace_pct': 0.127, 'df_pct': 0.036000000000000004, 'first_in_pct': 0.655, 'first_won_pct': 0.8059999999999999, 'second_won_pct': 0.526, 'bpsvd_pct': 0.0, 'bpsvd_num': 0, 'bpsvd_den': 1}","{'ace_pct': 0.063, 'df_pct': 0.047, 'first_in_pct': 0.609, 'first_won_pct': 0.59, 'second_won_pct': 0.4, 'bpsvd_pct': 0.5555555555555556, 'bpsvd_num': 5, 'bpsvd_den': 9}",194.0,139.0,1.67,68.0,player_profile_classic,player_profile_classic,"['Titouan Droguet', 'Andrea Pellegrino']",,,,,,,,,,,,,,,,,,,,,
2025-06-30,Wimbledon,Grass,Q1,Tomas Barrios Vera,James Story,6-0 6-2,,,,,,,,,,,,,,,,,,,,,,,,,,,,2025.0,False,562.0,108.0,James Story,https://www.tennisabstract.com/cgi-bin/player-classic.cgi?p=JamesStory,,0.36,0.022000000000000002,0.022000000000000002,0.578,0.5379999999999999,0.316,2.0,7.0,0.2857142857142857,56.0,TOMAS BARRIOS VERA,JAMES STORY,6-0 6-2,2025|2025-06-30|Wimbledon|Q1|TOMAS BARRIOS VERA|JAMES STORY|6-0 6-2
2025-06-30,Wimbledon,Grass,Q1,Tristan Schoolkate,Diaz Acosta,6-7(4) 6-1 6-3,,,,,,,,,,,,,,,,,,,,,,,,,,,,2025.0,False,199.0,104.0,Facundo Diaz Acosta,https://www.tennisabstract.com/cgi-bin/player-classic.cgi?p=FacundoDiazAcosta,,0.75,0.084,0.036000000000000004,0.675,0.679,0.40700000000000003,1.0,7.0,0.14285714285714285,115.0,TRISTAN SCHOOLKATE,DIAZ ACOSTA,6-7(4) 6-1 6-3,2025|2025-06-30|Wimbledon|Q1|TRISTAN SCHOOLKATE|DIAZ ACOSTA|6-7(4) 6-1 6-3
2025-06-30,Wimbledon,Grass,Q1,Tristan Schoolkate,Facundo Diaz Acosta,6-7(4) 6-1 6-3,,,,,,,,,,,,,,,,,,,,,,,,,,,,2025.0,True,104.0,199.0,Tristan Schoolkate,https://www.tennisabstract.com/cgi-bin/player-classic.cgi?p=TristanSchoolkate,,1.34,0.059000000000000004,0.012,0.659,0.7859999999999999,0.517,2.0,4.0,0.5,115.0,TRISTAN SCHOOLKATE,FACUNDO DIAZ ACOSTA,6-7(4) 6-1 6-3,2025|2025-06-30|Wimbledon|Q1|TRISTAN SCHOOLKATE|FACUNDO DIAZ ACOSTA|6-7(4) 6-1 6-3
2025-06-30,Wimbledon,Grass,Q1,Ugo Blanchet,Daniel Rincon,7-5 7-6(5),1.17,0.066,0.079,0.5920000000000001,0.733,0.5479999999999999,6.0,8.0,0.75,0.86,0.032,0.0,0.5579999999999999,0.679,0.5,8.0,11.0,0.7272727272727273,"{'ace_pct': 0.066, 'df_pct': 0.079, 'first_in_pct': 0.5920000000000001, 'first_won_pct': 0.733, 'second_won_pct': 0.5479999999999999, 'bpsvd_pct': 0.75, 'bpsvd_num': 6, 'bpsvd_den': 8}","{'ace_pct': 0.032, 'df_pct': 0.0, 'first_in_pct': 0.5579999999999999, 'first_won_pct': 0.679, 'second_won_pct': 0.5, 'bpsvd_pct': 0.7272727272727273, 'bpsvd_num': 8, 'bpsvd_den': 11}",173.0,203.0,1.17,114.0,player_profile_classic,player_profile_classic,"['Ugo Blanchet', 'Daniel Rincon']",,,,,,,,,,,,,,,,,,,,,
2025-06-30,Wimbledon,Grass,Q1,Valentin Royer,Marc Andrea Huesler,4-6 6-0 6-2,,,,,,,,,,,,,,,,,,,,,,,,,,,,2025.0,True,113.0,167.0,Valentin Royer,https://www.tennisabstract.com/cgi-bin/player-classic.cgi?p=ValentinRoyer,,1.19,0.037000000000000005,0.0,0.667,0.741,0.37,5.0,7.0,0.7142857142857143,110.0,VALENTIN ROYER,MARC ANDREA HUESLER,4-6 6-0 6-2,2025|2025-06-30|Wimbledon|Q1|VALENTIN ROYER|MARC ANDREA HUESLER|4-6 6-0 6-2
2025-06-30,Wimbledon,Grass,Q1,Van Assche,Juan Manuel Cerundolo,7-6(5) 6-2,,,,,,,,,,,,,,,,,,,,,,,,,,,,2025.0,True,180.0,112.0,Luca Van Assche,https://www.tennisabstract.com/cgi-bin/player-classic.cgi?p=LucaVanAssche,,1.23,0.062,0.015,0.708,0.63,0.684,1.0,3.0,0.3333333333333333,99.0,VAN ASSCHE,JUAN MANUEL CERUNDOLO,7-6(5) 6-2,2025|2025-06-30|Wimbledon|Q1|VAN ASSCHE|JUAN MANUEL CERUNDOLO|7-6(5) 6-2
2025-06-30,Wimbledon,Grass,Q1,Vilius Gaubas,Yuta Shimizu,6-7(2) 6-4 6-4,1.04,0.038,0.019,0.75,0.667,0.5379999999999999,6.0,8.0,0.75,0.96,0.042,0.021,0.695,0.6970000000000001,0.44799999999999995,3.0,7.0,0.42857142857142855,"{'ace_pct': 0.038, 'df_pct': 0.019, 'first_in_pct': 0.75, 'first_won_pct': 0.667, 'second_won_pct': 0.5379999999999999, 'bpsvd_pct': 0.75, 'bpsvd_num': 6, 'bpsvd_den': 8}","{'ace_pct': 0.042, 'df_pct': 0.021, 'first_in_pct': 0.695, 'first_won_pct': 0.6970000000000001, 'second_won_pct': 0.44799999999999995, 'bpsvd_pct': 0.42857142857142855, 'bpsvd_num': 3, 'bpsvd_den': 7}",140.0,218.0,1.04,134.0,player_profile_classic,player_profile_classic,"['Vilius Gaubas', 'Yuta Shimizu']",,,,,,,,,,,,,,,,,,,,,
2025-06-30,Wimbledon,Grass,Q1,Yannick Hanfmann,Hugo Grenier,7-5 6-2,1.85,0.059000000000000004,0.0,0.6859999999999999,0.7709999999999999,0.688,0.0,1.0,0.0,0.54,0.086,0.028999999999999998,0.6859999999999999,0.563,0.455,4.0,8.0,0.5,"{'ace_pct': 0.059000000000000004, 'df_pct': 0.0, 'first_in_pct': 0.6859999999999999, 'first_won_pct': 0.7709999999999999, 'second_won_pct': 0.688, 'bpsvd_pct': 0.0, 'bpsvd_num': 0, 'bpsvd_den': 1}","{'ace_pct': 0.086, 'df_pct': 0.028999999999999998, 'first_in_pct': 0.6859999999999999, 'first_won_pct': 0.563, 'second_won_pct': 0.455, 'bpsvd_pct': 0.5, 'bpsvd_num': 4, 'bpsvd_den': 8}",135.0,175.0,1.85,82.0,player_profile_classic,player_profile_classic,"['Yannick Hanfmann', 'Hugo Grenier']",,,,,,,,,,,,,,,,,,,,,
2025-06-30,Wimbledon,Grass,Q1,Yasutaka Uchiyama,Gijs Brouwer,6-2 6-3,2.66,0.267,0.044000000000000004,0.622,0.929,0.647,0.0,0.0,,0.38,0.0,0.0,0.807,0.522,0.545,6.0,9.0,0.6666666666666666,"{'ace_pct': 0.267, 'df_pct': 0.044000000000000004, 'first_in_pct': 0.622, 'first_won_pct': 0.929, 'second_won_pct': 0.647, 'bpsvd_num': 0, 'bpsvd_den': 0}","{'ace_pct': 0.0, 'df_pct': 0.0, 'first_in_pct': 0.807, 'first_won_pct': 0.522, 'second_won_pct': 0.545, 'bpsvd_pct': 0.6666666666666666, 'bpsvd_num': 6, 'bpsvd_den': 9}",205.0,306.0,2.66,59.0,player_profile_classic,player_profile_classic,"['Yasutaka Uchiyama', 'Gijs Brouwer']",,,,,,,,,,,,,,,,,,,,,
2025-06-30,Wimbledon,Grass,Q1,Yosuke Watanuki,Thiago Monteiro,7-6(9) 6-6 RET,1.21,0.21100000000000002,0.066,0.461,0.857,0.585,2.0,4.0,0.5,0.83,0.075,0.038,0.625,0.76,0.467,2.0,4.0,0.5,"{'ace_pct': 0.21100000000000002, 'df_pct': 0.066, 'first_in_pct': 0.461, 'first_won_pct': 0.857, 'second_won_pct': 0.585, 'bpsvd_pct': 0.5, 'bpsvd_num': 2, 'bpsvd_den': 4}","{'ace_pct': 0.075, 'df_pct': 0.038, 'first_in_pct': 0.625, 'first_won_pct': 0.76, 'second_won_pct': 0.467, 'bpsvd_pct': 0.5, 'bpsvd_num': 2, 'bpsvd_den': 4}",177.0,142.0,1.21,120.0,player_profile_classic,player_profile_classic,"['Yosuke Watanuki', 'Thiago Monteiro']",,,,,,,,,,,,,,,,,,,,,
2025-06-30,Wimbledon,Grass,Q1,Zachary Svajda,Lukas Neumayer,6-2 6-3,2.03,0.235,0.039,0.6859999999999999,0.8,0.75,3.0,3.0,1.0,0.49,0.031,0.016,0.75,0.667,0.25,9.0,12.0,0.75,"{'ace_pct': 0.235, 'df_pct': 0.039, 'first_in_pct': 0.6859999999999999, 'first_won_pct': 0.8, 'second_won_pct': 0.75, 'bpsvd_pct': 1.0, 'bpsvd_num': 3, 'bpsvd_den': 3}","{'ace_pct': 0.031, 'df_pct': 0.016, 'first_in_pct': 0.75, 'first_won_pct': 0.667, 'second_won_pct': 0.25, 'bpsvd_pct': 0.75, 'bpsvd_num': 9, 'bpsvd_den': 12}",229.0,169.0,2.03,62.0,player_profile_classic,player_profile_classic,"['Zachary Svajda', 'Lukas Neumayer']",,,,,,,,,,,,,,,,,,,,,
2025-06-30,Wimbledon,Grass,Q2,Adrian Mannarino,Budkov Kjaer,6-2 6-3,,,,,,,,,,,,,,,,,,,,,,,,,,,,2025.0,False,303.0,123.0,Nicolai Budkov Kjaer,https://www.tennisabstract.com/cgi-bin/player-classic.cgi?p=NicolaiBudkovKjaer,,0.63,0.063,0.042,0.542,0.462,0.682,0.0,4.0,0.0,64.0,ADRIAN MANNARINO,BUDKOV KJAER,6-2 6-3,2025|2025-06-30|Wimbledon|Q2|ADRIAN MANNARINO|BUDKOV KJAER|6-2 6-3
2025-06-30,Wimbledon,Grass,Q2,Adrian Mannarino,Nicolai Budkov Kjaer,6-2 6-3,,,,,,,,,,,,,,,,,,,,,,,,,,,,2025.0,True,123.0,303.0,Adrian Mannarino,https://www.tennisabstract.com/cgi-bin/player-classic.cgi?p=AdrianMannarino,,1.58,0.17,0.021,0.638,0.867,0.47100000000000003,2.0,2.0,1.0,64.0,ADRIAN MANNARINO,NICOLAI BUDKOV KJAER,6-2 6-3,2025|2025-06-30|Wimbledon|Q2|ADRIAN MANNARINO|NICOLAI BUDKOV KJAER|6-2 6-3
2025-06-30,Wimbledon,Grass,Q2,Alex Bolt,Eliot Spizzirri,7-6(5) 2-6 6-2,1.13,0.114,0.013000000000000001,0.747,0.746,0.65,1.0,3.0,0.3333333333333333,0.89,0.09,0.0,0.685,0.672,0.7140000000000001,6.0,8.0,0.75,"{'ace_pct': 0.114, 'df_pct': 0.013000000000000001, 'first_in_pct': 0.747, 'first_won_pct': 0.746, 'second_won_pct': 0.65, 'bpsvd_pct': 0.3333333333333333, 'bpsvd_num': 1, 'bpsvd_den': 3}","{'ace_pct': 0.09, 'df_pct': 0.0, 'first_in_pct': 0.685, 'first_won_pct': 0.672, 'second_won_pct': 0.7140000000000001, 'bpsvd_pct': 0.75, 'bpsvd_num': 6, 'bpsvd_den': 8}",179.0,128.0,1.13,112.0,player_profile_classic,player_profile_classic,"['Alex Bolt', 'Eliot Spizzirri']",,,,,,,,,,,,,,,,,,,,,
2025-06-30,Wimbledon,Grass,Q2,Alexander Blockx,Timofey Skatov,6-4 7-5,0.94,0.032,0.022000000000000002,0.5379999999999999,0.74,0.488,10.0,11.0,0.9090909090909091,1.06,0.032,0.016,0.565,0.743,0.519,6.0,9.0,0.6666666666666666,"{'ace_pct': 0.032, 'df_pct': 0.022000000000000002, 'first_in_pct': 0.5379999999999999, 'first_won_pct': 0.74, 'second_won_pct': 0.488, 'bpsvd_pct': 0.9090909090909091, 'bpsvd_num': 10, 'bpsvd_den': 11}","{'ace_pct': 0.032, 'df_pct': 0.016, 'first_in_pct': 0.565, 'first_won_pct': 0.743, 'second_won_pct': 0.519, 'bpsvd_pct': 0.6666666666666666, 'bpsvd_num': 6, 'bpsvd_den': 9}",141.0,209.0,0.94,111.0,player_profile_classic,player_profile_classic,"['Alexander Blockx', 'Timofey Skatov']",,,,,,,,,,,,,,,,,,,,,
2025-06-30,Wimbledon,Grass,Q2,Arthur Cazaux,Ugo Blanchet,7-5 6-4,1.37,0.095,0.016,0.508,0.6559999999999999,0.645,5.0,8.0,0.625,0.73,0.011000000000000001,0.08,0.511,0.6890000000000001,0.349,7.0,12.0,0.5833333333333334,"{'ace_pct': 0.095, 'df_pct': 0.016, 'first_in_pct': 0.508, 'first_won_pct': 0.6559999999999999, 'second_won_pct': 0.645, 'bpsvd_pct': 0.625, 'bpsvd_num': 5, 'bpsvd_den': 8}","{'ace_pct': 0.011000000000000001, 'df_pct': 0.08, 'first_in_pct': 0.511, 'first_won_pct': 0.6890000000000001, 'second_won_pct': 0.349, 'bpsvd_pct': 0.5833333333333334, 'bpsvd_num': 7, 'bpsvd_den': 12}",115.0,173.0,1.37,105.0,player_profile_classic,player_profile_classic,"['Arthur Cazaux', 'Ugo Blanchet']",,,,,,,,,,,,,,,,,,,,,
2025-06-30,Wimbledon,Grass,Q2,August Holmgren,Mikhail Kukushkin,4-6 7-6(4) 6-2,1.15,0.267,0.07,0.593,0.922,0.371,4.0,6.0,0.6666666666666666,0.87,0.021,0.0,0.821,0.667,0.588,3.0,6.0,0.5,"{'ace_pct': 0.267, 'df_pct': 0.07, 'first_in_pct': 0.593, 'first_won_pct': 0.922, 'second_won_pct': 0.371, 'bpsvd_pct': 0.6666666666666666, 'bpsvd_num': 4, 'bpsvd_den': 6}","{'ace_pct': 0.021, 'df_pct': 0.0, 'first_in_pct': 0.821, 'first_won_pct': 0.667, 'second_won_pct': 0.588, 'bpsvd_pct': 0.5, 'bpsvd_num': 3, 'bpsvd_den': 6}",192.0,189.0,1.15,119.0,player_profile_classic,player_profile_classic,"['August Holmgren', 'Mikhail Kukushkin']",,,,,,,,,,,,,,,,,,,,,
2025-06-30,Wimbledon,Grass,Q2,Barrios Vera,Henrique Rocha,6-4 6-3,,,,,,,,,,,,,,,,,,,,,,,,,,,,2025.0,True,108.0,157.0,Tomas Barrios Vera,https://www.tennisabstract.com/cgi-bin/player-classic.cgi?p=TomasBarriosVera,,1.5,0.078,0.039,0.725,0.784,0.643,1.0,1.0,1.0,72.0,BARRIOS VERA,HENRIQUE ROCHA,6-4 6-3,2025|2025-06-30|Wimbledon|Q2|BARRIOS VERA|HENRIQUE ROCHA|6-4 6-3
2025-06-30,Wimbledon,Grass,Q2,Beibit Zhukayev,Yannick Hanfmann,7-6(7) 6-3,1.67,0.306,0.016,0.677,0.8809999999999999,0.7,2.0,2.0,1.0,0.6,0.063,0.0,0.688,0.659,0.8,1.0,2.0,0.5,"{'ace_pct': 0.306, 'df_pct': 0.016, 'first_in_pct': 0.677, 'first_won_pct': 0.8809999999999999, 'second_won_pct': 0.7, 'bpsvd_pct': 1.0, 'bpsvd_num': 2, 'bpsvd_den': 2}","{'ace_pct': 0.063, 'df_pct': 0.0, 'first_in_pct': 0.688, 'first_won_pct': 0.659, 'second_won_pct': 0.8, 'bpsvd_pct': 0.5, 'bpsvd_num': 1, 'bpsvd_den': 2}",247.0,135.0,1.67,83.0,player_profile_classic,player_profile_classic,"['Beibit Zhukayev', 'Yannick Hanfmann']",,,,,,,,,,,,,,,,,,,,,
2025-06-30,Wimbledon,Grass,Q2,Benjamin Hassan,Tristan Schoolkate,7-6(4) 6-3,1.06,0.09699999999999999,0.027999999999999997,0.45799999999999996,0.7879999999999999,0.59,0.0,1.0,0.0,0.94,0.129,0.032,0.597,0.784,0.48,0.0,2.0,0.0,"{'ace_pct': 0.09699999999999999, 'df_pct': 0.027999999999999997, 'first_in_pct': 0.45799999999999996, 'first_won_pct': 0.7879999999999999, 'second_won_pct': 0.59, 'bpsvd_pct': 0.0, 'bpsvd_num': 0, 'bpsvd_den': 1}","{'ace_pct': 0.129, 'df_pct': 0.032, 'first_in_pct': 0.597, 'first_won_pct': 0.784, 'second_won_pct': 0.48, 'bpsvd_pct': 0.0, 'bpsvd_num': 0, 'bpsvd_den': 2}",193.0,104.0,1.06,91.0,player_profile_classic,player_profile_classic,"['Benjamin Hassan', 'Tristan Schoolkate']",,,,,,,,,,,,,,,,,,,,,
2025-06-30,Wimbledon,Grass,Q2,Chris Rodesch,Mark Lajal,6-1 6-3,2.29,0.14300000000000002,0.024,0.762,0.875,0.5,0.0,0.0,,0.44,0.0,0.109,0.564,0.645,0.33299999999999996,6.0,10.0,0.6,"{'ace_pct': 0.14300000000000002, 'df_pct': 0.024, 'first_in_pct': 0.762, 'first_won_pct': 0.875, 'second_won_pct': 0.5, 'bpsvd_num': 0, 'bpsvd_den': 0}","{'ace_pct': 0.0, 'df_pct': 0.109, 'first_in_pct': 0.564, 'first_won_pct': 0.645, 'second_won_pct': 0.33299999999999996, 'bpsvd_pct': 0.6, 'bpsvd_num': 6, 'bpsvd_den': 10}",163.0,168.0,2.29,66.0,player_profile_classic,player_profile_classic,"['Chris Rodesch', 'Mark Lajal']",,,,,,,,,,,,,,,,,,,,,
2025-06-30,Wimbledon,Grass,Q2,Cristian Garin,Hady Habib,6-0 6-4,1.75,0.10400000000000001,0.021,0.7290000000000001,0.7140000000000001,0.615,1.0,2.0,0.5,0.57,0.091,0.013000000000000001,0.584,0.511,0.375,10.0,15.0,0.6666666666666666,"{'ace_pct': 0.10400000000000001, 'df_pct': 0.021, 'first_in_pct': 0.7290000000000001, 'first_won_pct': 0.7140000000000001, 'second_won_pct': 0.615, 'bpsvd_pct': 0.5, 'bpsvd_num': 1, 'bpsvd_den': 2}","{'ace_pct': 0.091, 'df_pct': 0.013000000000000001, 'first_in_pct': 0.584, 'first_won_pct': 0.511, 'second_won_pct': 0.375, 'bpsvd_pct': 0.6666666666666666, 'bpsvd_num': 10, 'bpsvd_den': 15}",110.0,170.0,1.75,70.0,player_profile_classic,player_profile_classic,"['Cristian Garin', 'Hady Habib']",,,,,,,,,,,,,,,,,,,,,
2025-06-30,Wimbledon,Grass,Q2,Dominic Stricker,Emilio Nava,7-6(2) 6-4,0.86,0.064,0.026000000000000002,0.6409999999999999,0.82,0.5,2.0,2.0,1.0,1.16,0.16899999999999998,0.0,0.61,0.833,0.609,3.0,4.0,0.75,"{'ace_pct': 0.064, 'df_pct': 0.026000000000000002, 'first_in_pct': 0.6409999999999999, 'first_won_pct': 0.82, 'second_won_pct': 0.5, 'bpsvd_pct': 1.0, 'bpsvd_num': 2, 'bpsvd_den': 2}","{'ace_pct': 0.16899999999999998, 'df_pct': 0.0, 'first_in_pct': 0.61, 'first_won_pct': 0.833, 'second_won_pct': 0.609, 'bpsvd_pct': 0.75, 'bpsvd_num': 3, 'bpsvd_den': 4}",238.0,119.0,0.86,84.0,player_profile_classic,player_profile_classic,"['Dominic Stricker', 'Emilio Nava']",,,,,,,,,,,,,,,,,,,,,
2025-06-30,Wimbledon,Grass,Q2,Dusan Lajovic,Arthur Bouquier,6-2 6-4,1.68,0.038,0.019,0.635,0.758,0.684,1.0,1.0,1.0,0.59,0.109,0.109,0.594,0.6579999999999999,0.385,6.0,9.0,0.6666666666666666,"{'ace_pct': 0.038, 'df_pct': 0.019, 'first_in_pct': 0.635, 'first_won_pct': 0.758, 'second_won_pct': 0.684, 'bpsvd_pct': 1.0, 'bpsvd_num': 1, 'bpsvd_den': 1}","{'ace_pct': 0.109, 'df_pct': 0.109, 'first_in_pct': 0.594, 'first_won_pct': 0.6579999999999999, 'second_won_pct': 0.385, 'bpsvd_pct': 0.6666666666666666, 'bpsvd_num': 6, 'bpsvd_den': 9}",118.0,230.0,1.68,69.0,player_profile_classic,player_profile_classic,"['Arthur Bouquier', 'Dusan Lajovic']",,,,,,,,,,,,,,,,,,,,,
2025-06-30,Wimbledon,Grass,Q2,Giulio Zeppieri,Paul Jubb,6-3 6-2,2.1,0.17800000000000002,0.022000000000000002,0.644,0.897,0.625,0.0,0.0,,0.48,0.0,0.1,0.62,0.613,0.526,4.0,7.0,0.5714285714285714,"{'ace_pct': 0.17800000000000002, 'df_pct': 0.022000000000000002, 'first_in_pct': 0.644, 'first_won_pct': 0.897, 'second_won_pct': 0.625, 'bpsvd_num': 0, 'bpsvd_den': 0}","{'ace_pct': 0.0, 'df_pct': 0.1, 'first_in_pct': 0.62, 'first_won_pct': 0.613, 'second_won_pct': 0.526, 'bpsvd_pct': 0.5714285714285714, 'bpsvd_num': 4, 'bpsvd_den': 7}",351.0,422.0,2.1,60.0,player_profile_classic,player_profile_classic,"['Giulio Zeppieri', 'Paul Jubb']",,,,,,,,,,,,,,,,,,,,,
2025-06-30,Wimbledon,Grass,Q2,Hamish Stewart,Luca Van Assche,7-6(3) 4-6 7-6(9),,,,,,,,,,,,,,,,,,,,,,,,,,,,2025.0,True,545.0,180.0,Hamish Stewart,https://www.tennisabstract.com/cgi-bin/player-classic.cgi?p=HamishStewart,,0.98,0.155,0.052000000000000005,0.621,0.792,0.5,4.0,6.0,0.6666666666666666,163.0,HAMISH STEWART,LUCA VAN ASSCHE,7-6(3) 4-6 7-6(9),2025|2025-06-30|Wimbledon|Q2|HAMISH STEWART|LUCA VAN ASSCHE|7-6(3) 4-6 7-6(9)
2025-06-30,Wimbledon,Grass,Q2,Hamish Stewart,Van Assche,7-6(3) 4-6 7-6(9),,,,,,,,,,,,,,,,,,,,,,,,,,,,2025.0,False,180.0,545.0,Luca Van Assche,https://www.tennisabstract.com/cgi-bin/player-classic.cgi?p=LucaVanAssche,,1.02,0.05,0.040999999999999995,0.653,0.785,0.5,10.0,11.0,0.9090909090909091,163.0,HAMISH STEWART,VAN ASSCHE,7-6(3) 4-6 7-6(9),2025|2025-06-30|Wimbledon|Q2|HAMISH STEWART|VAN ASSCHE|7-6(3) 4-6 7-6(9)
2025-06-30,Wimbledon,Grass,Q2,Jaime Faria,Marco Trungelliti,6-3 7-5,,,,,,,,,,,,,,,,,,,,,,,,,,,,2025.0,True,116.0,149.0,Jaime Faria,https://www.tennisabstract.com/cgi-bin/player-classic.cgi?p=JaimeFaria,,1.29,0.087,0.07200000000000001,0.652,0.778,0.45799999999999996,2.0,3.0,0.6666666666666666,87.0,JAIME FARIA,MARCO TRUNGELLITI,6-3 7-5,2025|2025-06-30|Wimbledon|Q2|JAIME FARIA|MARCO TRUNGELLITI|6-3 7-5
2025-06-30,Wimbledon,Grass,Q2,James Mccabe,Roman Andres Burruchaga,6-1 6-4,1.92,0.157,0.02,0.667,0.794,0.706,3.0,3.0,1.0,0.52,0.039,0.078,0.627,0.625,0.42100000000000004,4.0,7.0,0.5714285714285714,"{'ace_pct': 0.157, 'df_pct': 0.02, 'first_in_pct': 0.667, 'first_won_pct': 0.794, 'second_won_pct': 0.706, 'bpsvd_pct': 1.0, 'bpsvd_num': 3, 'bpsvd_den': 3}","{'ace_pct': 0.039, 'df_pct': 0.078, 'first_in_pct': 0.627, 'first_won_pct': 0.625, 'second_won_pct': 0.42100000000000004, 'bpsvd_pct': 0.5714285714285714, 'bpsvd_num': 4, 'bpsvd_den': 7}",181.0,132.0,1.92,73.0,player_profile_classic,player_profile_classic,"['James Mccabe', 'Roman Andres Burruchaga']",,,,,,,,,,,,,,,,,,,,,
2025-06-30,Wimbledon,Grass,Q2,Juan Pablo Ficovich,Oliver Bonding,7-5 6-4,1.3,0.091,0.0,0.667,0.75,0.591,6.0,7.0,0.8571428571428571,0.77,0.152,0.061,0.636,0.7140000000000001,0.41700000000000004,2.0,5.0,0.4,"{'ace_pct': 0.091, 'df_pct': 0.0, 'first_in_pct': 0.667, 'first_won_pct': 0.75, 'second_won_pct': 0.591, 'bpsvd_pct': 0.8571428571428571, 'bpsvd_num': 6, 'bpsvd_den': 7}","{'ace_pct': 0.152, 'df_pct': 0.061, 'first_in_pct': 0.636, 'first_won_pct': 0.7140000000000001, 'second_won_pct': 0.41700000000000004, 'bpsvd_pct': 0.4, 'bpsvd_num': 2, 'bpsvd_den': 5}",155.0,920.0,1.3,85.0,player_profile_classic,player_profile_classic,"['Juan Pablo Ficovich', 'Oliver Bonding']",,,,,,,,,,,,,,,,,,,,,
2025-06-30,Wimbledon,Grass,Q2,Kyrian Jacquet,Vilius Gaubas,6-3 7-5,1.18,0.136,0.045,0.606,0.875,0.34600000000000003,1.0,3.0,0.3333333333333333,0.85,0.039,0.0,0.706,0.639,0.5329999999999999,2.0,6.0,0.3333333333333333,"{'ace_pct': 0.136, 'df_pct': 0.045, 'first_in_pct': 0.606, 'first_won_pct': 0.875, 'second_won_pct': 0.34600000000000003, 'bpsvd_pct': 0.3333333333333333, 'bpsvd_num': 1, 'bpsvd_den': 3}","{'ace_pct': 0.039, 'df_pct': 0.0, 'first_in_pct': 0.706, 'first_won_pct': 0.639, 'second_won_pct': 0.5329999999999999, 'bpsvd_pct': 0.3333333333333333, 'bpsvd_num': 2, 'bpsvd_den': 6}",148.0,140.0,1.18,77.0,player_profile_classic,player_profile_classic,"['Kyrian Jacquet', 'Vilius Gaubas']",,,,,,,,,,,,,,,,,,,,,
2025-06-30,Wimbledon,Grass,Q2,Leandro Riedi,Federico Agustin Gomez,4-6 6-3 7-6(8),,,,,,,,,,,,,,,,,,,,,,,,,,,,2025.0,True,503.0,161.0,Leandro Riedi,https://www.tennisabstract.com/cgi-bin/player-classic.cgi?p=LeandroRiedi,,1.28,0.094,0.042,0.667,0.8590000000000001,0.594,2.0,3.0,0.6666666666666666,118.0,LEANDRO RIEDI,FEDERICO AGUSTIN GOMEZ,4-6 6-3 7-6(8),2025|2025-06-30|Wimbledon|Q2|LEANDRO RIEDI|FEDERICO AGUSTIN GOMEZ|4-6 6-3 7-6(8)
2025-06-30,Wimbledon,Grass,Q2,Martin Landaluce,Ryan Peniston,3-6 6-4 6-4,0.99,0.037000000000000005,0.055,0.633,0.6809999999999999,0.475,8.0,11.0,0.7272727272727273,1.01,0.06,0.0,0.79,0.6459999999999999,0.47600000000000003,8.0,11.0,0.7272727272727273,"{'ace_pct': 0.037000000000000005, 'df_pct': 0.055, 'first_in_pct': 0.633, 'first_won_pct': 0.6809999999999999, 'second_won_pct': 0.475, 'bpsvd_pct': 0.7272727272727273, 'bpsvd_num': 8, 'bpsvd_den': 11}","{'ace_pct': 0.06, 'df_pct': 0.0, 'first_in_pct': 0.79, 'first_won_pct': 0.6459999999999999, 'second_won_pct': 0.47600000000000003, 'bpsvd_pct': 0.7272727272727273, 'bpsvd_num': 8, 'bpsvd_den': 11}",137.0,263.0,0.99,168.0,player_profile_classic,player_profile_classic,"['Martin Landaluce', 'Ryan Peniston']",,,,,,,,,,,,,,,,,,,,,
2025-06-30,Wimbledon,Grass,Q2,Marton Fucsovics,Zachary Svajda,7-6(5) 6-3,1.03,0.052000000000000005,0.063,0.6559999999999999,0.778,0.303,3.0,4.0,0.75,0.97,0.015,0.028999999999999998,0.515,0.657,0.545,2.0,4.0,0.5,"{'ace_pct': 0.052000000000000005, 'df_pct': 0.063, 'first_in_pct': 0.6559999999999999, 'first_won_pct': 0.778, 'second_won_pct': 0.303, 'bpsvd_pct': 0.75, 'bpsvd_num': 3, 'bpsvd_den': 4}","{'ace_pct': 0.015, 'df_pct': 0.028999999999999998, 'first_in_pct': 0.515, 'first_won_pct': 0.657, 'second_won_pct': 0.545, 'bpsvd_pct': 0.5, 'bpsvd_num': 2, 'bpsvd_den': 4}",105.0,229.0,1.03,104.0,player_profile_classic,player_profile_classic,"['Marton Fucsovics', 'Zachary Svajda']",,,,,,,,,,,,,,,,,,,,,
2025-06-30,Wimbledon,Grass,Q2,Nicolas Jarry,Jozef Kovalik,6-3 6-4,1.63,0.304,0.036000000000000004,0.732,0.8290000000000001,0.5329999999999999,2.0,2.0,1.0,0.61,0.051,0.051,0.7120000000000001,0.69,0.353,3.0,5.0,0.6,"{'ace_pct': 0.304, 'df_pct': 0.036000000000000004, 'first_in_pct': 0.732, 'first_won_pct': 0.8290000000000001, 'second_won_pct': 0.5329999999999999, 'bpsvd_pct': 1.0, 'bpsvd_num': 2, 'bpsvd_den': 2}","{'ace_pct': 0.051, 'df_pct': 0.051, 'first_in_pct': 0.7120000000000001, 'first_won_pct': 0.69, 'second_won_pct': 0.353, 'bpsvd_pct': 0.6, 'bpsvd_num': 3, 'bpsvd_den': 5}",143.0,383.0,1.63,70.0,player_profile_classic,player_profile_classic,"['Jozef Kovalik', 'Nicolas Jarry']",,,,,,,,,,,,,,,,,,,,,
2025-06-30,Wimbledon,Grass,Q2,Nikoloz Basilashvili,Coleman Wong,7-6(1) 7-6(3),1.41,0.026000000000000002,0.079,0.5660000000000001,0.8370000000000001,0.515,1.0,4.0,0.25,0.71,0.134,0.012,0.598,0.6940000000000001,0.39399999999999996,2.0,5.0,0.4,"{'ace_pct': 0.026000000000000002, 'df_pct': 0.079, 'first_in_pct': 0.5660000000000001, 'first_won_pct': 0.8370000000000001, 'second_won_pct': 0.515, 'bpsvd_pct': 0.25, 'bpsvd_num': 1, 'bpsvd_den': 4}","{'ace_pct': 0.134, 'df_pct': 0.012, 'first_in_pct': 0.598, 'first_won_pct': 0.6940000000000001, 'second_won_pct': 0.39399999999999996, 'bpsvd_pct': 0.4, 'bpsvd_num': 2, 'bpsvd_den': 5}",126.0,172.0,1.41,86.0,player_profile_classic,player_profile_classic,"['Coleman Wong', 'Nikoloz Basilashvili']",,,,,,,,,,,,,,,,,,,,,
2025-06-30,Wimbledon,Grass,Q2,Oliver Tarvet,Alexis Galarneau,6-3 6-2,1.34,0.11699999999999999,0.017,0.5,0.7,0.5329999999999999,5.0,6.0,0.8333333333333334,0.74,0.061,0.015,0.652,0.605,0.261,4.0,9.0,0.4444444444444444,"{'ace_pct': 0.11699999999999999, 'df_pct': 0.017, 'first_in_pct': 0.5, 'first_won_pct': 0.7, 'second_won_pct': 0.5329999999999999, 'bpsvd_pct': 0.8333333333333334, 'bpsvd_num': 5, 'bpsvd_den': 6}","{'ace_pct': 0.061, 'df_pct': 0.015, 'first_in_pct': 0.652, 'first_won_pct': 0.605, 'second_won_pct': 0.261, 'bpsvd_pct': 0.4444444444444444, 'bpsvd_num': 4, 'bpsvd_den': 9}",733.0,207.0,1.34,99.0,player_profile_classic,player_profile_classic,"['Alexis Galarneau', 'Oliver Tarvet']",,,,,,,,,,,,,,,,,,,,,
2025-06-30,Wimbledon,Grass,Q2,Shintaro Mochizuki,Felipe Meligeni Alves,6-3 6-3,,,,,,,,,,,,,,,,,,,,,,,,,,,,2025.0,True,144.0,145.0,Shintaro Mochizuki,https://www.tennisabstract.com/cgi-bin/player-classic.cgi?p=ShintaroMochizuki,,1.36,0.10300000000000001,0.034,0.534,0.71,0.556,3.0,5.0,0.6,76.0,SHINTARO MOCHIZUKI,FELIPE MELIGENI ALVES,6-3 6-3,2025|2025-06-30|Wimbledon|Q2|SHINTARO MOCHIZUKI|FELIPE MELIGENI ALVES|6-3 6-3
2025-06-30,Wimbledon,Grass,Q2,Titouan Droguet,Taro Daniel,6-4 4-6 6-4,1.29,0.159,0.037000000000000005,0.634,0.885,0.433,4.0,6.0,0.6666666666666666,0.77,0.044000000000000004,0.022000000000000002,0.637,0.672,0.5760000000000001,5.0,8.0,0.625,"{'ace_pct': 0.159, 'df_pct': 0.037000000000000005, 'first_in_pct': 0.634, 'first_won_pct': 0.885, 'second_won_pct': 0.433, 'bpsvd_pct': 0.6666666666666666, 'bpsvd_num': 4, 'bpsvd_den': 6}","{'ace_pct': 0.044000000000000004, 'df_pct': 0.022000000000000002, 'first_in_pct': 0.637, 'first_won_pct': 0.672, 'second_won_pct': 0.5760000000000001, 'bpsvd_pct': 0.625, 'bpsvd_num': 5, 'bpsvd_den': 8}",194.0,156.0,1.29,118.0,player_profile_classic,player_profile_classic,"['Titouan Droguet', 'Taro Daniel']",,,,,,,,,,,,,,,,,,,,,
2025-06-30,Wimbledon,Grass,Q2,Tomas Barrios Vera,Henrique Rocha,6-4 6-3,,,,,,,,,,,,,,,,,,,,,,,,,,,,2025.0,False,157.0,108.0,Henrique Rocha,https://www.tennisabstract.com/cgi-bin/player-classic.cgi?p=HenriqueRocha,,0.67,0.0,0.073,0.564,0.71,0.5,1.0,4.0,0.25,72.0,TOMAS BARRIOS VERA,HENRIQUE ROCHA,6-4 6-3,2025|2025-06-30|Wimbledon|Q2|TOMAS BARRIOS VERA|HENRIQUE ROCHA|6-4 6-3
2025-06-30,Wimbledon,Grass,Q2,Valentin Royer,Yasutaka Uchiyama,7-6(5) 7-5,1.12,0.059000000000000004,0.0,0.6940000000000001,0.746,0.654,4.0,4.0,1.0,0.89,0.122,0.049,0.585,0.75,0.588,3.0,4.0,0.75,"{'ace_pct': 0.059000000000000004, 'df_pct': 0.0, 'first_in_pct': 0.6940000000000001, 'first_won_pct': 0.746, 'second_won_pct': 0.654, 'bpsvd_pct': 1.0, 'bpsvd_num': 4, 'bpsvd_den': 4}","{'ace_pct': 0.122, 'df_pct': 0.049, 'first_in_pct': 0.585, 'first_won_pct': 0.75, 'second_won_pct': 0.588, 'bpsvd_pct': 0.75, 'bpsvd_num': 3, 'bpsvd_den': 4}",113.0,205.0,1.12,110.0,player_profile_classic,player_profile_classic,"['Valentin Royer', 'Yasutaka Uchiyama']",,,,,,,,,,,,,,,,,,,,,
2025-06-30,Wimbledon,Grass,Q2,Yosuke Watanuki,Colton Smith,7-6(3) 6-3,1.2,0.139,0.042,0.611,0.841,0.39299999999999996,4.0,6.0,0.6666666666666666,0.83,0.073,0.036000000000000004,0.745,0.634,0.5,1.0,4.0,0.25,"{'ace_pct': 0.139, 'df_pct': 0.042, 'first_in_pct': 0.611, 'first_won_pct': 0.841, 'second_won_pct': 0.39299999999999996, 'bpsvd_pct': 0.6666666666666666, 'bpsvd_num': 4, 'bpsvd_den': 6}","{'ace_pct': 0.073, 'df_pct': 0.036000000000000004, 'first_in_pct': 0.745, 'first_won_pct': 0.634, 'second_won_pct': 0.5, 'bpsvd_pct': 0.25, 'bpsvd_num': 1, 'bpsvd_den': 4}",177.0,134.0,1.2,81.0,player_profile_classic,player_profile_classic,"['Yosuke Watanuki', 'Colton Smith']",,,,,,,,,,,,,,,,,,,,,
2025-06-30,Wimbledon,Grass,Q3,Adrian Mannarino,Li Tu,3-6 6-3 6-4 6-4,,,,,,,,,,,,,,,,,,,,,,,,,,,,2025.0,True,123.0,166.0,Adrian Mannarino,https://www.tennisabstract.com/cgi-bin/player-classic.cgi?p=AdrianMannarino,,1.12,0.067,0.008,0.672,0.763,0.59,5.0,6.0,0.8333333333333334,162.0,ADRIAN MANNARINO,LI TU,3-6 6-3 6-4 6-4,2025|2025-06-30|Wimbledon|Q3|ADRIAN MANNARINO|LI TU|3-6 6-3 6-4 6-4
2025-06-30,Wimbledon,Grass,Q3,Alex Bolt,Martin Landaluce,6-1 6-2 6-4,1.77,0.077,0.026000000000000002,0.615,0.813,0.6,3.0,3.0,1.0,0.56,0.0,0.057999999999999996,0.581,0.62,0.389,8.0,13.0,0.6153846153846154,"{'ace_pct': 0.077, 'df_pct': 0.026000000000000002, 'first_in_pct': 0.615, 'first_won_pct': 0.813, 'second_won_pct': 0.6, 'bpsvd_pct': 1.0, 'bpsvd_num': 3, 'bpsvd_den': 3}","{'ace_pct': 0.0, 'df_pct': 0.057999999999999996, 'first_in_pct': 0.581, 'first_won_pct': 0.62, 'second_won_pct': 0.389, 'bpsvd_pct': 0.6153846153846154, 'bpsvd_num': 8, 'bpsvd_den': 13}",179.0,137.0,1.77,120.0,player_profile_classic,player_profile_classic,"['Alex Bolt', 'Martin Landaluce']",,,,,,,,,,,,,,,,,,,,,
2025-06-30,Wimbledon,Grass,Q3,Arthur Cazaux,Dusan Lajovic,6-7(6) 6-2 6-3 6-4,1.36,0.10300000000000001,0.017,0.69,0.75,0.556,1.0,4.0,0.25,0.73,0.031,0.0,0.738,0.583,0.5589999999999999,9.0,17.0,0.5294117647058824,"{'ace_pct': 0.10300000000000001, 'df_pct': 0.017, 'first_in_pct': 0.69, 'first_won_pct': 0.75, 'second_won_pct': 0.556, 'bpsvd_pct': 0.25, 'bpsvd_num': 1, 'bpsvd_den': 4}","{'ace_pct': 0.031, 'df_pct': 0.0, 'first_in_pct': 0.738, 'first_won_pct': 0.583, 'second_won_pct': 0.5589999999999999, 'bpsvd_pct': 0.5294117647058824, 'bpsvd_num': 9, 'bpsvd_den': 17}",115.0,118.0,1.36,183.0,player_profile_classic,player_profile_classic,"['Arthur Cazaux', 'Dusan Lajovic']",,,,,,,,,,,,,,,,,,,,,
2025-06-30,Wimbledon,Grass,Q3,August Holmgren,Yosuke Watanuki,6-4 6-7(2) 3-6 7-6(11) 7-6(7),0.88,0.11599999999999999,0.066,0.591,0.785,0.5,4.0,8.0,0.5,1.13,0.187,0.040999999999999995,0.585,0.83,0.535,10.0,13.0,0.7692307692307693,"{'ace_pct': 0.11599999999999999, 'df_pct': 0.066, 'first_in_pct': 0.591, 'first_won_pct': 0.785, 'second_won_pct': 0.5, 'bpsvd_pct': 0.5, 'bpsvd_num': 4, 'bpsvd_den': 8}","{'ace_pct': 0.187, 'df_pct': 0.040999999999999995, 'first_in_pct': 0.585, 'first_won_pct': 0.83, 'second_won_pct': 0.535, 'bpsvd_pct': 0.7692307692307693, 'bpsvd_num': 10, 'bpsvd_den': 13}",192.0,177.0,0.88,235.0,player_profile_classic,player_profile_classic,"['August Holmgren', 'Yosuke Watanuki']",,,,,,,,,,,,,,,,,,,,,
2025-06-30,Wimbledon,Grass,Q3,Beibit Zhukayev,Luka Pavlovic,3-6 6-3 6-2 7-6(5),,,,,,,,,,,,,,,,,,,,,,,,,,,,2025.0,True,247.0,241.0,Beibit Zhukayev,https://www.tennisabstract.com/cgi-bin/player-classic.cgi?p=BeibitZhukayev,,1.3,0.133,0.027000000000000003,0.628,0.845,0.5710000000000001,4.0,5.0,0.8,141.0,BEIBIT ZHUKAYEV,LUKA PAVLOVIC,3-6 6-3 6-2 7-6(5),2025|2025-06-30|Wimbledon|Q3|BEIBIT ZHUKAYEV|LUKA PAVLOVIC|3-6 6-3 6-2 7-6(5)
2025-06-30,Wimbledon,Grass,Q3,Chris Rodesch,Marton Fucsovics,6-3 6-4 0-6 7-6(4),0.95,0.057999999999999996,0.017,0.7440000000000001,0.7,0.5479999999999999,6.0,9.0,0.6666666666666666,1.05,0.052000000000000005,0.07,0.609,0.7709999999999999,0.5329999999999999,1.0,3.0,0.3333333333333333,"{'ace_pct': 0.057999999999999996, 'df_pct': 0.017, 'first_in_pct': 0.7440000000000001, 'first_won_pct': 0.7, 'second_won_pct': 0.5479999999999999, 'bpsvd_pct': 0.6666666666666666, 'bpsvd_num': 6, 'bpsvd_den': 9}","{'ace_pct': 0.052000000000000005, 'df_pct': 0.07, 'first_in_pct': 0.609, 'first_won_pct': 0.7709999999999999, 'second_won_pct': 0.5329999999999999, 'bpsvd_pct': 0.3333333333333333, 'bpsvd_num': 1, 'bpsvd_den': 3}",163.0,105.0,0.95,159.0,player_profile_classic,player_profile_classic,"['Chris Rodesch', 'Marton Fucsovics']",,,,,,,,,,,,,,,,,,,,,
2025-06-30,Wimbledon,Grass,Q3,Filip Misolic,Benjamin Hassan,2-6 7-6(6) 7-6(5) 6-3,,,,,,,,,,,,,,,,,,,,,,,,,,,,2025.0,False,193.0,111.0,Benjamin Hassan,https://www.tennisabstract.com/cgi-bin/player-classic.cgi?p=BenjaminHassan,,0.97,0.131,0.036000000000000004,0.5329999999999999,0.6709999999999999,0.531,5.0,10.0,0.5,177.0,FILIP MISOLIC,BENJAMIN HASSAN,2-6 7-6(6) 7-6(5) 6-3,2025|2025-06-30|Wimbledon|Q3|FILIP MISOLIC|BENJAMIN HASSAN|2-6 7-6(6) 7-6(5) 6-3
2025-06-30,Wimbledon,Grass,Q3,Giulio Zeppieri,Cristian Garin,1-6 6-2 6-4 5-7 7-5,0.99,0.122,0.02,0.642,0.695,0.491,11.0,17.0,0.6470588235294118,1.01,0.086,0.006999999999999999,0.711,0.713,0.409,2.0,8.0,0.25,"{'ace_pct': 0.122, 'df_pct': 0.02, 'first_in_pct': 0.642, 'first_won_pct': 0.695, 'second_won_pct': 0.491, 'bpsvd_pct': 0.6470588235294118, 'bpsvd_num': 11, 'bpsvd_den': 17}","{'ace_pct': 0.086, 'df_pct': 0.006999999999999999, 'first_in_pct': 0.711, 'first_won_pct': 0.713, 'second_won_pct': 0.409, 'bpsvd_pct': 0.25, 'bpsvd_num': 2, 'bpsvd_den': 8}",351.0,110.0,0.99,200.0,player_profile_classic,player_profile_classic,"['Cristian Garin', 'Giulio Zeppieri']",,,,,,,,,,,,,,,,,,,,,
2025-06-30,Wimbledon,Grass,Q3,Jaime Faria,Kyrian Jacquet,7-5 4-6 6-3 6-2,1.12,0.09,0.069,0.621,0.7440000000000001,0.418,4.0,7.0,0.5714285714285714,0.9,0.015,0.054000000000000006,0.608,0.696,0.392,9.0,15.0,0.6,"{'ace_pct': 0.09, 'df_pct': 0.069, 'first_in_pct': 0.621, 'first_won_pct': 0.7440000000000001, 'second_won_pct': 0.418, 'bpsvd_pct': 0.5714285714285714, 'bpsvd_num': 4, 'bpsvd_den': 7}","{'ace_pct': 0.015, 'df_pct': 0.054000000000000006, 'first_in_pct': 0.608, 'first_won_pct': 0.696, 'second_won_pct': 0.392, 'bpsvd_pct': 0.6, 'bpsvd_num': 9, 'bpsvd_den': 15}",116.0,148.0,1.12,155.0,player_profile_classic,player_profile_classic,"['Jaime Faria', 'Kyrian Jacquet']",,,,,,,,,,,,,,,,,,,,,
2025-06-30,Wimbledon,Grass,Q3,James Mccabe,Barrios Vera,4-6 6-3 7-6(5) 7-6(7),,,,,,,,,,,,,,,,,,,,,,,,,,,,2025.0,False,108.0,181.0,Tomas Barrios Vera,https://www.tennisabstract.com/cgi-bin/player-classic.cgi?p=TomasBarriosVera,,1.03,0.055999999999999994,0.021,0.755,0.667,0.629,9.0,12.0,0.75,229.0,JAMES MCCABE,BARRIOS VERA,4-6 6-3 7-6(5) 7-6(7),2025|2025-06-30|Wimbledon|Q3|JAMES MCCABE|BARRIOS VERA|4-6 6-3 7-6(5) 7-6(7)
2025-06-30,Wimbledon,Grass,Q3,James Mccabe,Tomas Barrios Vera,4-6 6-3 7-6(5) 7-6(7),,,,,,,,,,,,,,,,,,,,,,,,,,,,2025.0,True,181.0,108.0,James Mccabe,https://www.tennisabstract.com/cgi-bin/player-classic.cgi?p=JamesMccabe,,0.97,0.07400000000000001,0.031,0.66,0.701,0.545,15.0,18.0,0.8333333333333334,229.0,JAMES MCCABE,TOMAS BARRIOS VERA,4-6 6-3 7-6(5) 7-6(7),2025|2025-06-30|Wimbledon|Q3|JAMES MCCABE|TOMAS BARRIOS VERA|4-6 6-3 7-6(5) 7-6(7)
2025-06-30,Wimbledon,Grass,Q3,Leandro Riedi,Hamish Stewart,6-3 4-6 6-3 6-4,1.54,0.152,0.01,0.7170000000000001,0.8029999999999999,0.5710000000000001,2.0,4.0,0.5,0.65,0.063,0.071,0.579,0.685,0.47200000000000003,7.0,12.0,0.5833333333333334,"{'ace_pct': 0.152, 'df_pct': 0.01, 'first_in_pct': 0.7170000000000001, 'first_won_pct': 0.8029999999999999, 'second_won_pct': 0.5710000000000001, 'bpsvd_pct': 0.5, 'bpsvd_num': 2, 'bpsvd_den': 4}","{'ace_pct': 0.063, 'df_pct': 0.071, 'first_in_pct': 0.579, 'first_won_pct': 0.685, 'second_won_pct': 0.47200000000000003, 'bpsvd_pct': 0.5833333333333334, 'bpsvd_num': 7, 'bpsvd_den': 12}",503.0,545.0,1.54,130.0,player_profile_classic,player_profile_classic,"['Hamish Stewart', 'Leandro Riedi']",,,,,,,,,,,,,,,,,,,,,
2025-06-30,Wimbledon,Grass,Q3,Nicolas Jarry,Lukas Klein,6-4 6-2 6-4,,,,,,,,,,,,,,,,,,,,,,,,,,,,2025.0,True,143.0,185.0,Nicolas Jarry,https://www.tennisabstract.com/cgi-bin/player-classic.cgi?p=NicolasJarry,,1.52,0.163,0.025,0.713,0.807,0.565,1.0,1.0,1.0,107.0,NICOLAS JARRY,LUKAS KLEIN,6-4 6-2 6-4,2025|2025-06-30|Wimbledon|Q3|NICOLAS JARRY|LUKAS KLEIN|6-4 6-2 6-4
2025-06-30,Wimbledon,Grass,Q3,Nikoloz Basilashvili,Juan Pablo Ficovich,1-6 7-5 6-2 6-1,1.27,0.063,0.052000000000000005,0.6559999999999999,0.73,0.545,4.0,7.0,0.5714285714285714,0.79,0.038,0.0,0.76,0.57,0.6,2.0,8.0,0.25,"{'ace_pct': 0.063, 'df_pct': 0.052000000000000005, 'first_in_pct': 0.6559999999999999, 'first_won_pct': 0.73, 'second_won_pct': 0.545, 'bpsvd_pct': 0.5714285714285714, 'bpsvd_num': 4, 'bpsvd_den': 7}","{'ace_pct': 0.038, 'df_pct': 0.0, 'first_in_pct': 0.76, 'first_won_pct': 0.57, 'second_won_pct': 0.6, 'bpsvd_pct': 0.25, 'bpsvd_num': 2, 'bpsvd_den': 8}",126.0,155.0,1.27,124.0,player_profile_classic,player_profile_classic,"['Juan Pablo Ficovich', 'Nikoloz Basilashvili']",,,,,,,,,,,,,,,,,,,,,
2025-06-30,Wimbledon,Grass,Q3,Oliver Tarvet,Alexander Blockx,6-3 3-6 6-2 6-1,1.48,0.052000000000000005,0.031,0.5670000000000001,0.8,0.524,5.0,8.0,0.625,0.68,0.054000000000000006,0.054000000000000006,0.5589999999999999,0.615,0.415,1.0,8.0,0.125,"{'ace_pct': 0.052000000000000005, 'df_pct': 0.031, 'first_in_pct': 0.5670000000000001, 'first_won_pct': 0.8, 'second_won_pct': 0.524, 'bpsvd_pct': 0.625, 'bpsvd_num': 5, 'bpsvd_den': 8}","{'ace_pct': 0.054000000000000006, 'df_pct': 0.054000000000000006, 'first_in_pct': 0.5589999999999999, 'first_won_pct': 0.615, 'second_won_pct': 0.415, 'bpsvd_pct': 0.125, 'bpsvd_num': 1, 'bpsvd_den': 8}",733.0,141.0,1.48,153.0,player_profile_classic,player_profile_classic,"['Alexander Blockx', 'Oliver Tarvet']",,,,,,,,,,,,,,,,,,,,,
2025-06-30,Wimbledon,Grass,Q3,Shintaro Mochizuki,Dominic Stricker,7-6(3) 3-6 6-2 6-4,1.19,0.07200000000000001,0.008,0.5760000000000001,0.75,0.547,5.0,9.0,0.5555555555555556,0.84,0.11900000000000001,0.042,0.619,0.6990000000000001,0.444,9.0,14.0,0.6428571428571429,"{'ace_pct': 0.07200000000000001, 'df_pct': 0.008, 'first_in_pct': 0.5760000000000001, 'first_won_pct': 0.75, 'second_won_pct': 0.547, 'bpsvd_pct': 0.5555555555555556, 'bpsvd_num': 5, 'bpsvd_den': 9}","{'ace_pct': 0.11900000000000001, 'df_pct': 0.042, 'first_in_pct': 0.619, 'first_won_pct': 0.6990000000000001, 'second_won_pct': 0.444, 'bpsvd_pct': 0.6428571428571429, 'bpsvd_num': 9, 'bpsvd_den': 14}",144.0,238.0,1.19,155.0,player_profile_classic,player_profile_classic,"['Dominic Stricker', 'Shintaro Mochizuki']",,,,,,,,,,,,,,,,,,,,,
2025-06-30,Wimbledon,Grass,Q3,Valentin Royer,Titouan Droguet,6-3 6-4 6-2,1.58,0.14300000000000002,0.013000000000000001,0.753,0.7929999999999999,0.632,1.0,1.0,1.0,0.63,0.092,0.034,0.586,0.745,0.41700000000000004,4.0,8.0,0.5,"{'ace_pct': 0.14300000000000002, 'df_pct': 0.013000000000000001, 'first_in_pct': 0.753, 'first_won_pct': 0.7929999999999999, 'second_won_pct': 0.632, 'bpsvd_pct': 1.0, 'bpsvd_num': 1, 'bpsvd_den': 1}","{'ace_pct': 0.092, 'df_pct': 0.034, 'first_in_pct': 0.586, 'first_won_pct': 0.745, 'second_won_pct': 0.41700000000000004, 'bpsvd_pct': 0.5, 'bpsvd_num': 4, 'bpsvd_den': 8}",113.0,194.0,1.58,107.0,player_profile_classic,player_profile_classic,"['Titouan Droguet', 'Valentin Royer']",,,,,,,,,,,,,,,,,,,,,
2025-06-30,Wimbledon,Grass,QF,Carlos Alcaraz,Cameron Norrie,6-2 6-3 6-3,1.74,0.171,0.053,0.7240000000000001,0.8909999999999999,0.33299999999999996,5.0,5.0,1.0,0.57,0.036000000000000004,0.036000000000000004,0.687,0.632,0.34600000000000003,6.0,11.0,0.5454545454545454,"{'ace_pct': 0.171, 'df_pct': 0.053, 'first_in_pct': 0.7240000000000001, 'first_won_pct': 0.8909999999999999, 'second_won_pct': 0.33299999999999996, 'bpsvd_pct': 1.0, 'bpsvd_num': 5, 'bpsvd_den': 5}","{'ace_pct': 0.036000000000000004, 'df_pct': 0.036000000000000004, 'first_in_pct': 0.687, 'first_won_pct': 0.632, 'second_won_pct': 0.34600000000000003, 'bpsvd_pct': 0.5454545454545454, 'bpsvd_num': 6, 'bpsvd_den': 11}",2.0,61.0,1.74,99.0,player_profile_classic,player_profile_classic,"['Cameron Norrie', 'Carlos Alcaraz']",,,,,,,,,,,,,,,,,,,,,
2025-06-30,Wimbledon,Grass,QF,Jannik Sinner,Ben Shelton,7-6(2) 6-4 6-4,1.92,0.081,0.012,0.6509999999999999,0.893,0.667,2.0,2.0,1.0,0.52,0.139,0.059000000000000004,0.594,0.8,0.415,3.0,5.0,0.6,"{'ace_pct': 0.081, 'df_pct': 0.012, 'first_in_pct': 0.6509999999999999, 'first_won_pct': 0.893, 'second_won_pct': 0.667, 'bpsvd_pct': 1.0, 'bpsvd_num': 2, 'bpsvd_den': 2}","{'ace_pct': 0.139, 'df_pct': 0.059000000000000004, 'first_in_pct': 0.594, 'first_won_pct': 0.8, 'second_won_pct': 0.415, 'bpsvd_pct': 0.6, 'bpsvd_num': 3, 'bpsvd_den': 5}",1.0,10.0,1.92,139.0,player_profile_classic,player_profile_classic,"['Ben Shelton', 'Jannik Sinner']",,,,,,,,,,,,,,,,,,,,,
2025-06-30,Wimbledon,Grass,QF,Novak Djokovic,Flavio Cobolli,6-7(6) 6-2 7-5 6-4,,,,,,,,,,,,,,,,,,,,,,,,,,,,2025.0,True,6.0,24.0,Novak Djokovic,https://www.tennisabstract.com/cgi-bin/player-classic.cgi?p=NovakDjokovic,(ch),1.5,0.11199999999999999,0.017,0.698,0.753,0.6859999999999999,0.0,2.0,0.0,191.0,NOVAK DJOKOVIC,FLAVIO COBOLLI,6-7(6) 6-2 7-5 6-4,2025|2025-06-30|Wimbledon|QF|NOVAK DJOKOVIC|FLAVIO COBOLLI|6-7(6) 6-2 7-5 6-4
2025-06-30,Wimbledon,Grass,QF,Taylor Fritz,Karen Khachanov,6-3 6-4 1-6 7-6(4),1.31,0.152,0.019,0.638,0.8059999999999999,0.579,1.0,4.0,0.25,0.76,0.05,0.025,0.555,0.727,0.528,5.0,8.0,0.625,"{'ace_pct': 0.152, 'df_pct': 0.019, 'first_in_pct': 0.638, 'first_won_pct': 0.8059999999999999, 'second_won_pct': 0.579, 'bpsvd_pct': 0.25, 'bpsvd_num': 1, 'bpsvd_den': 4}","{'ace_pct': 0.05, 'df_pct': 0.025, 'first_in_pct': 0.555, 'first_won_pct': 0.727, 'second_won_pct': 0.528, 'bpsvd_pct': 0.625, 'bpsvd_num': 5, 'bpsvd_den': 8}",5.0,20.0,1.31,156.0,player_profile_classic,player_profile_classic,"['Karen Khachanov', 'Taylor Fritz']",,,,,,,,,,,,,,,,,,,,,
2025-06-30,Wimbledon,Grass,R128,Adrian Mannarino,Christopher Oconnell,6-2 6-4 6-3,1.71,0.042,0.0,0.583,0.833,0.5670000000000001,3.0,4.0,0.75,0.58,0.039,0.039,0.534,0.655,0.375,11.0,17.0,0.6470588235294118,"{'ace_pct': 0.042, 'df_pct': 0.0, 'first_in_pct': 0.583, 'first_won_pct': 0.833, 'second_won_pct': 0.5670000000000001, 'bpsvd_pct': 0.75, 'bpsvd_num': 3, 'bpsvd_den': 4}","{'ace_pct': 0.039, 'df_pct': 0.039, 'first_in_pct': 0.534, 'first_won_pct': 0.655, 'second_won_pct': 0.375, 'bpsvd_pct': 0.6470588235294118, 'bpsvd_num': 11, 'bpsvd_den': 17}",123.0,77.0,1.71,136.0,player_profile_classic,player_profile_classic,"['Adrian Mannarino', 'Christopher Oconnell']",,,,,,,,,,,,,,,,,,,,,
2025-06-30,Wimbledon,Grass,R128,Alejandro Davidovich Fokina,Brandon Holt,6-2 6-4 7-5,,,,,,,,,,,,,,,,,,,,,,,,,,,,2025.0,False,99.0,27.0,Brandon Holt,https://www.tennisabstract.com/cgi-bin/player-classic.cgi?p=BrandonHolt,,0.64,0.092,0.011000000000000001,0.644,0.696,0.355,4.0,9.0,0.4444444444444444,108.0,ALEJANDRO DAVIDOVICH FOKINA,BRANDON HOLT,6-2 6-4 7-5,2025|2025-06-30|Wimbledon|R128|ALEJANDRO DAVIDOVICH FOKINA|BRANDON HOLT|6-2 6-4 7-5
2025-06-30,Wimbledon,Grass,R128,Aleksandar Vukic,Chun Hsin Tseng,6-3 6-4 4-6 7-6(5),1.25,0.087,0.024,0.532,0.8059999999999999,0.508,3.0,7.0,0.42857142857142855,0.8,0.083,0.063,0.59,0.718,0.39,9.0,14.0,0.6428571428571429,"{'ace_pct': 0.087, 'df_pct': 0.024, 'first_in_pct': 0.532, 'first_won_pct': 0.8059999999999999, 'second_won_pct': 0.508, 'bpsvd_pct': 0.42857142857142855, 'bpsvd_num': 3, 'bpsvd_den': 7}","{'ace_pct': 0.083, 'df_pct': 0.063, 'first_in_pct': 0.59, 'first_won_pct': 0.718, 'second_won_pct': 0.39, 'bpsvd_pct': 0.6428571428571429, 'bpsvd_num': 9, 'bpsvd_den': 14}",93.0,96.0,1.25,184.0,player_profile_classic,player_profile_classic,"['Aleksandar Vukic', 'Chun Hsin Tseng']",,,,,,,,,,,,,,,,,,,,,
2025-06-30,Wimbledon,Grass,R128,Alex De Minaur,Carballes Baena,6-2 6-2 7-6(2),,,,,,,,,,,,,,,,,,,,,,,,,,,,2025.0,False,74.0,11.0,Roberto Carballes Baena,https://www.tennisabstract.com/cgi-bin/player-classic.cgi?p=RobertoCarballesBaena,,0.66,0.042,0.042,0.547,0.654,0.395,5.0,10.0,0.5,145.0,ALEX DE MINAUR,CARBALLES BAENA,6-2 6-2 7-6(2),2025|2025-06-30|Wimbledon|R128|ALEX DE MINAUR|CARBALLES BAENA|6-2 6-2 7-6(2)
2025-06-30,Wimbledon,Grass,R128,Andrey Rublev,Laslo Djere,6-0 7-6(5) 6-7(9) 7-6(6),1.37,0.085,0.021,0.62,0.773,0.685,3.0,3.0,1.0,0.73,0.08,0.07400000000000001,0.521,0.8240000000000001,0.449,12.0,15.0,0.8,"{'ace_pct': 0.085, 'df_pct': 0.021, 'first_in_pct': 0.62, 'first_won_pct': 0.773, 'second_won_pct': 0.685, 'bpsvd_pct': 1.0, 'bpsvd_num': 3, 'bpsvd_den': 3}","{'ace_pct': 0.08, 'df_pct': 0.07400000000000001, 'first_in_pct': 0.521, 'first_won_pct': 0.8240000000000001, 'second_won_pct': 0.449, 'bpsvd_pct': 0.8, 'bpsvd_num': 12, 'bpsvd_den': 15}",14.0,60.0,1.37,195.0,player_profile_classic,player_profile_classic,"['Andrey Rublev', 'Laslo Djere']",,,,,,,,,,,,,,,,,,,,,
2025-06-30,Wimbledon,Grass,R128,Arthur Cazaux,Adam Walton,6-3 7-6(6) 4-6 6-7(5) 6-1,1.22,0.147,0.049,0.7120000000000001,0.845,0.36200000000000004,6.0,7.0,0.8571428571428571,0.82,0.068,0.011000000000000001,0.631,0.6579999999999999,0.615,13.0,17.0,0.7647058823529411,"{'ace_pct': 0.147, 'df_pct': 0.049, 'first_in_pct': 0.7120000000000001, 'first_won_pct': 0.845, 'second_won_pct': 0.36200000000000004, 'bpsvd_pct': 0.8571428571428571, 'bpsvd_num': 6, 'bpsvd_den': 7}","{'ace_pct': 0.068, 'df_pct': 0.011000000000000001, 'first_in_pct': 0.631, 'first_won_pct': 0.6579999999999999, 'second_won_pct': 0.615, 'bpsvd_pct': 0.7647058823529411, 'bpsvd_num': 13, 'bpsvd_den': 17}",115.0,90.0,1.22,254.0,player_profile_classic,player_profile_classic,"['Adam Walton', 'Arthur Cazaux']",,,,,,,,,,,,,,,,,,,,,
2025-06-30,Wimbledon,Grass,R128,Arthur Fery,Alexei Popyrin,6-4 6-1 4-6 6-4,1.22,0.053,0.026000000000000002,0.588,0.672,0.6809999999999999,2.0,3.0,0.6666666666666666,0.82,0.161,0.04,0.581,0.6940000000000001,0.48100000000000004,11.0,16.0,0.6875,"{'ace_pct': 0.053, 'df_pct': 0.026000000000000002, 'first_in_pct': 0.588, 'first_won_pct': 0.672, 'second_won_pct': 0.6809999999999999, 'bpsvd_pct': 0.6666666666666666, 'bpsvd_num': 2, 'bpsvd_den': 3}","{'ace_pct': 0.161, 'df_pct': 0.04, 'first_in_pct': 0.581, 'first_won_pct': 0.6940000000000001, 'second_won_pct': 0.48100000000000004, 'bpsvd_pct': 0.6875, 'bpsvd_num': 11, 'bpsvd_den': 16}",461.0,22.0,1.22,169.0,player_profile_classic,player_profile_classic,"['Alexei Popyrin', 'Arthur Fery']",,,,,,,,,,,,,,,,,,,,,
2025-06-30,Wimbledon,Grass,R128,Arthur Rinderknech,Alexander Zverev,7-6(3) 6-7(8) 6-3 6-7(5) 6-4,1.15,0.14400000000000002,0.017,0.713,0.79,0.64,9.0,9.0,1.0,0.87,0.16399999999999998,0.026000000000000002,0.762,0.764,0.5329999999999999,9.0,12.0,0.75,"{'ace_pct': 0.14400000000000002, 'df_pct': 0.017, 'first_in_pct': 0.713, 'first_won_pct': 0.79, 'second_won_pct': 0.64, 'bpsvd_pct': 1.0, 'bpsvd_num': 9, 'bpsvd_den': 9}","{'ace_pct': 0.16399999999999998, 'df_pct': 0.026000000000000002, 'first_in_pct': 0.762, 'first_won_pct': 0.764, 'second_won_pct': 0.5329999999999999, 'bpsvd_pct': 0.75, 'bpsvd_num': 9, 'bpsvd_den': 12}",72.0,3.0,1.15,280.0,player_profile_classic,player_profile_classic,"['Alexander Zverev', 'Arthur Rinderknech']",,,,,,,,,,,,,,,,,,,,,
2025-06-30,Wimbledon,Grass,R128,August Holmgren,Quentin Halys,7-6(4) 6-3 6-4,0.98,0.18899999999999997,0.057,0.623,0.848,0.575,4.0,4.0,1.0,1.02,0.213,0.08800000000000001,0.613,0.857,0.581,2.0,4.0,0.5,"{'ace_pct': 0.18899999999999997, 'df_pct': 0.057, 'first_in_pct': 0.623, 'first_won_pct': 0.848, 'second_won_pct': 0.575, 'bpsvd_pct': 1.0, 'bpsvd_num': 4, 'bpsvd_den': 4}","{'ace_pct': 0.213, 'df_pct': 0.08800000000000001, 'first_in_pct': 0.613, 'first_won_pct': 0.857, 'second_won_pct': 0.581, 'bpsvd_pct': 0.5, 'bpsvd_num': 2, 'bpsvd_den': 4}",192.0,46.0,0.98,107.0,player_profile_classic,player_profile_classic,"['August Holmgren', 'Quentin Halys']",,,,,,,,,,,,,,,,,,,,,
2025-06-30,Wimbledon,Grass,R128,Ben Shelton,Alex Bolt,6-4 7-6(1) 7-6(4),1.25,0.139,0.055999999999999994,0.667,0.8190000000000001,0.528,1.0,2.0,0.5,0.8,0.061,0.043,0.6779999999999999,0.718,0.514,5.0,7.0,0.7142857142857143,"{'ace_pct': 0.139, 'df_pct': 0.055999999999999994, 'first_in_pct': 0.667, 'first_won_pct': 0.8190000000000001, 'second_won_pct': 0.528, 'bpsvd_pct': 0.5, 'bpsvd_num': 1, 'bpsvd_den': 2}","{'ace_pct': 0.061, 'df_pct': 0.043, 'first_in_pct': 0.6779999999999999, 'first_won_pct': 0.718, 'second_won_pct': 0.514, 'bpsvd_pct': 0.7142857142857143, 'bpsvd_num': 5, 'bpsvd_den': 7}",10.0,179.0,1.25,149.0,player_profile_classic,player_profile_classic,"['Alex Bolt', 'Ben Shelton']",,,,,,,,,,,,,,,,,,,,,
2025-06-30,Wimbledon,Grass,R128,Benjamin Bonzi,Daniil Medvedev,7-6(2) 3-6 7-6(3) 6-2,1.49,0.042,0.008,0.647,0.779,0.69,5.0,7.0,0.7142857142857143,0.67,0.096,0.08199999999999999,0.589,0.7559999999999999,0.433,1.0,4.0,0.25,"{'ace_pct': 0.042, 'df_pct': 0.008, 'first_in_pct': 0.647, 'first_won_pct': 0.779, 'second_won_pct': 0.69, 'bpsvd_pct': 0.7142857142857143, 'bpsvd_num': 5, 'bpsvd_den': 7}","{'ace_pct': 0.096, 'df_pct': 0.08199999999999999, 'first_in_pct': 0.589, 'first_won_pct': 0.7559999999999999, 'second_won_pct': 0.433, 'bpsvd_pct': 0.25, 'bpsvd_num': 1, 'bpsvd_den': 4}",64.0,9.0,1.49,187.0,player_profile_classic,player_profile_classic,"['Benjamin Bonzi', 'Daniil Medvedev']",,,,,,,,,,,,,,,,,,,,,
2025-06-30,Wimbledon,Grass,R128,Billy Harris,Dusan Lajovic,6-3 6-2 6-4,1.28,0.086,0.0,0.71,0.682,0.63,7.0,8.0,0.875,0.78,0.04,0.027000000000000003,0.5329999999999999,0.575,0.5710000000000001,2.0,7.0,0.2857142857142857,"{'ace_pct': 0.086, 'df_pct': 0.0, 'first_in_pct': 0.71, 'first_won_pct': 0.682, 'second_won_pct': 0.63, 'bpsvd_pct': 0.875, 'bpsvd_num': 7, 'bpsvd_den': 8}","{'ace_pct': 0.04, 'df_pct': 0.027000000000000003, 'first_in_pct': 0.5329999999999999, 'first_won_pct': 0.575, 'second_won_pct': 0.5710000000000001, 'bpsvd_pct': 0.2857142857142857, 'bpsvd_num': 2, 'bpsvd_den': 7}",151.0,118.0,1.28,112.0,player_profile_classic,player_profile_classic,"['Billy Harris', 'Dusan Lajovic']",,,,,,,,,,,,,,,,,,,,,
2025-06-30,Wimbledon,Grass,R128,Botic Van De Zandschulp,Matteo Arnaldi,7-6(4) 7-6(5) 6-4,,,,,,,,,,,,,,,,,,,,,,,,,,,,2025.0,False,43.0,92.0,Matteo Arnaldi,https://www.tennisabstract.com/cgi-bin/player-classic.cgi?p=MatteoArnaldi,,0.8,0.059000000000000004,0.051,0.5,0.779,0.515,5.0,7.0,0.7142857142857143,179.0,BOTIC VAN DE ZANDSCHULP,MATTEO ARNALDI,7-6(4) 7-6(5) 6-4,2025|2025-06-30|Wimbledon|R128|BOTIC VAN DE ZANDSCHULP|MATTEO ARNALDI|7-6(4) 7-6(5) 6-4
2025-06-30,Wimbledon,Grass,R128,Brandon Nakashima,Bu Yunchaokete,6-4 4-6 7-6(1) 6-4,1.27,0.16,0.023,0.672,0.7609999999999999,0.535,7.0,9.0,0.7777777777777778,0.79,0.095,0.027000000000000003,0.622,0.7070000000000001,0.429,5.0,8.0,0.625,"{'ace_pct': 0.16, 'df_pct': 0.023, 'first_in_pct': 0.672, 'first_won_pct': 0.7609999999999999, 'second_won_pct': 0.535, 'bpsvd_pct': 0.7777777777777778, 'bpsvd_num': 7, 'bpsvd_den': 9}","{'ace_pct': 0.095, 'df_pct': 0.027000000000000003, 'first_in_pct': 0.622, 'first_won_pct': 0.7070000000000001, 'second_won_pct': 0.429, 'bpsvd_pct': 0.625, 'bpsvd_num': 5, 'bpsvd_den': 8}",34.0,71.0,1.27,214.0,player_profile_classic,player_profile_classic,"['Brandon Nakashima', 'Bu Yunchaokete']",,,,,,,,,,,,,,,,,,,,,
2025-06-30,Wimbledon,Grass,R128,Cameron Norrie,Bautista Agut,6-3 3-6 6-4 7-6(3),,,,,,,,,,,,,,,,,,,,,,,,,,,,2025.0,False,42.0,61.0,Roberto Bautista Agut,https://www.tennisabstract.com/cgi-bin/player-classic.cgi?p=RobertoBautistaAgut,,1.13,0.053,0.018000000000000002,0.735,0.687,0.633,3.0,7.0,0.42857142857142855,184.0,CAMERON NORRIE,BAUTISTA AGUT,6-3 3-6 6-4 7-6(3),2025|2025-06-30|Wimbledon|R128|CAMERON NORRIE|BAUTISTA AGUT|6-3 3-6 6-4 7-6(3)
2025-06-30,Wimbledon,Grass,R128,Cameron Norrie,Roberto Bautista Agut,6-3 3-6 6-4 7-6(3),,,,,,,,,,,,,,,,,,,,,,,,,,,,2025.0,True,61.0,42.0,Cameron Norrie,https://www.tennisabstract.com/cgi-bin/player-classic.cgi?p=CameronNorrie,,0.88,0.126,0.035,0.6990000000000001,0.71,0.442,8.0,11.0,0.7272727272727273,184.0,CAMERON NORRIE,ROBERTO BAUTISTA AGUT,6-3 3-6 6-4 7-6(3),2025|2025-06-30|Wimbledon|R128|CAMERON NORRIE|ROBERTO BAUTISTA AGUT|6-3 3-6 6-4 7-6(3)
2025-06-30,Wimbledon,Grass,R128,Carlos Alcaraz,Fabio Fognini,7-5 6-7(5) 7-5 2-6 6-1,1.05,0.07400000000000001,0.048,0.5820000000000001,0.7,0.519,16.0,21.0,0.7619047619047619,0.96,0.006,0.054000000000000006,0.637,0.636,0.557,8.0,15.0,0.5333333333333333,"{'ace_pct': 0.07400000000000001, 'df_pct': 0.048, 'first_in_pct': 0.5820000000000001, 'first_won_pct': 0.7, 'second_won_pct': 0.519, 'bpsvd_pct': 0.7619047619047619, 'bpsvd_num': 16, 'bpsvd_den': 21}","{'ace_pct': 0.006, 'df_pct': 0.054000000000000006, 'first_in_pct': 0.637, 'first_won_pct': 0.636, 'second_won_pct': 0.557, 'bpsvd_pct': 0.5333333333333333, 'bpsvd_num': 8, 'bpsvd_den': 15}",2.0,138.0,1.05,277.0,player_profile_classic,player_profile_classic,"['Carlos Alcaraz', 'Fabio Fognini']",,,,,,,,,,,,,,,,,,,,,
2025-06-30,Wimbledon,Grass,R128,Corentin Moutet,Francisco Comesana,6-4 6-4 6-2,,,,,,,,,,,,,,,,,,,,,,,,,,,,2025.0,True,69.0,65.0,Corentin Moutet,https://www.tennisabstract.com/cgi-bin/player-classic.cgi?p=CorentinMoutet,,1.45,0.069,0.08,0.598,0.846,0.457,4.0,5.0,0.8,136.0,CORENTIN MOUTET,FRANCISCO COMESANA,6-4 6-4 6-2,2025|2025-06-30|Wimbledon|R128|CORENTIN MOUTET|FRANCISCO COMESANA|6-4 6-4 6-2
2025-06-30,Wimbledon,Grass,R128,Cristian Garin,Chris Rodesch,7-6(8) 6-4 6-4,1.45,0.063,0.021,0.698,0.836,0.655,3.0,3.0,1.0,0.69,0.067,0.048,0.6920000000000001,0.778,0.469,3.0,5.0,0.6,"{'ace_pct': 0.063, 'df_pct': 0.021, 'first_in_pct': 0.698, 'first_won_pct': 0.836, 'second_won_pct': 0.655, 'bpsvd_pct': 1.0, 'bpsvd_num': 3, 'bpsvd_den': 3}","{'ace_pct': 0.067, 'df_pct': 0.048, 'first_in_pct': 0.6920000000000001, 'first_won_pct': 0.778, 'second_won_pct': 0.469, 'bpsvd_pct': 0.6, 'bpsvd_num': 3, 'bpsvd_den': 5}",110.0,163.0,1.45,133.0,player_profile_classic,player_profile_classic,"['Chris Rodesch', 'Cristian Garin']",,,,,,,,,,,,,,,,,,,,,
2025-06-30,Wimbledon,Grass,R128,Daniel Evans,Jay Clarke,6-1 7-5 6-2,1.61,0.073,0.0,0.561,0.804,0.611,2.0,3.0,0.6666666666666666,0.62,0.073,0.073,0.573,0.7020000000000001,0.34299999999999997,1.0,7.0,0.14285714285714285,"{'ace_pct': 0.073, 'df_pct': 0.0, 'first_in_pct': 0.561, 'first_won_pct': 0.804, 'second_won_pct': 0.611, 'bpsvd_pct': 0.6666666666666666, 'bpsvd_num': 2, 'bpsvd_den': 3}","{'ace_pct': 0.073, 'df_pct': 0.073, 'first_in_pct': 0.573, 'first_won_pct': 0.7020000000000001, 'second_won_pct': 0.34299999999999997, 'bpsvd_pct': 0.14285714285714285, 'bpsvd_num': 1, 'bpsvd_den': 7}",154.0,196.0,1.61,134.0,player_profile_classic,player_profile_classic,"['Daniel Evans', 'Jay Clarke']",,,,,,,,,,,,,,,,,,,,,
2025-06-30,Wimbledon,Grass,R128,Davidovich Fokina,Brandon Holt,6-2 6-4 7-5,,,,,,,,,,,,,,,,,,,,,,,,,,,,2025.0,True,27.0,99.0,Alejandro Davidovich Fokina,https://www.tennisabstract.com/cgi-bin/player-classic.cgi?p=AlejandroDavidovichFokina,,1.55,0.131,0.036000000000000004,0.655,0.8,0.586,2.0,3.0,0.6666666666666666,108.0,DAVIDOVICH FOKINA,BRANDON HOLT,6-2 6-4 7-5,2025|2025-06-30|Wimbledon|R128|DAVIDOVICH FOKINA|BRANDON HOLT|6-2 6-4 7-5
2025-06-30,Wimbledon,Grass,R128,De Jong,Christopher Eubanks,6-3 6-7(5) 6-7(7) 6-3 7-6(3),,,,,,,,,,,,,,,,,,,,,,,,,,,,2025.0,True,106.0,130.0,Jesper De Jong,https://www.tennisabstract.com/cgi-bin/player-classic.cgi?p=JesperDeJong,(ch),1.18,0.17,0.08,0.564,0.792,0.585,12.0,12.0,1.0,269.0,DE JONG,CHRISTOPHER EUBANKS,6-3 6-7(5) 6-7(7) 6-3 7-6(3),2025|2025-06-30|Wimbledon|R128|DE JONG|CHRISTOPHER EUBANKS|6-3 6-7(5) 6-7(7) 6-3 7-6(3)
2025-06-30,Wimbledon,Grass,R128,De Minaur,Roberto Carballes Baena,6-2 6-2 7-6(2),,,,,,,,,,,,,,,,,,,,,,,,,,,,2025.0,True,11.0,74.0,Alex De Minaur,https://www.tennisabstract.com/cgi-bin/player-classic.cgi?p=AlexDeMinaur,,1.51,0.091,0.034,0.466,0.805,0.596,4.0,5.0,0.8,145.0,DE MINAUR,ROBERTO CARBALLES BAENA,6-2 6-2 7-6(2),2025|2025-06-30|Wimbledon|R128|DE MINAUR|ROBERTO CARBALLES BAENA|6-2 6-2 7-6(2)
2025-06-30,Wimbledon,Grass,R128,Ethan Quinn,Henry Searle,4-6 6-2 7-6(11) 6-2,1.31,0.105,0.04,0.613,0.737,0.563,8.0,12.0,0.6666666666666666,0.76,0.057999999999999996,0.05,0.5670000000000001,0.618,0.5,1.0,8.0,0.125,"{'ace_pct': 0.105, 'df_pct': 0.04, 'first_in_pct': 0.613, 'first_won_pct': 0.737, 'second_won_pct': 0.563, 'bpsvd_pct': 0.6666666666666666, 'bpsvd_num': 8, 'bpsvd_den': 12}","{'ace_pct': 0.057999999999999996, 'df_pct': 0.05, 'first_in_pct': 0.5670000000000001, 'first_won_pct': 0.618, 'second_won_pct': 0.5, 'bpsvd_pct': 0.125, 'bpsvd_num': 1, 'bpsvd_den': 8}",89.0,421.0,1.31,160.0,player_profile_classic,player_profile_classic,"['Ethan Quinn', 'Henry Searle']",,,,,,,,,,,,,,,,,,,,,
2025-06-30,Wimbledon,Grass,R128,Fabian Marozsan,James Mccabe,6-1 6-4 6-3,1.5,0.036000000000000004,0.036000000000000004,0.6509999999999999,0.741,0.621,3.0,3.0,1.0,0.67,0.086,0.043,0.688,0.6409999999999999,0.345,6.0,11.0,0.5454545454545454,"{'ace_pct': 0.036000000000000004, 'df_pct': 0.036000000000000004, 'first_in_pct': 0.6509999999999999, 'first_won_pct': 0.741, 'second_won_pct': 0.621, 'bpsvd_pct': 1.0, 'bpsvd_num': 3, 'bpsvd_den': 3}","{'ace_pct': 0.086, 'df_pct': 0.043, 'first_in_pct': 0.688, 'first_won_pct': 0.6409999999999999, 'second_won_pct': 0.345, 'bpsvd_pct': 0.5454545454545454, 'bpsvd_num': 6, 'bpsvd_den': 11}",58.0,181.0,1.5,118.0,player_profile_classic,player_profile_classic,"['Fabian Marozsan', 'James Mccabe']",,,,,,,,,,,,,,,,,,,,,
2025-06-30,Wimbledon,Grass,R128,Felix Auger Aliassime,James Duckworth,6-2 3-6 6-7(2) 6-4 6-4,,,,,,,,,,,,,,,,,,,,,,,,,,,,2025.0,False,103.0,28.0,James Duckworth,https://www.tennisabstract.com/cgi-bin/player-classic.cgi?p=JamesDuckworth,,0.8,0.047,0.040999999999999995,0.585,0.66,0.5489999999999999,10.0,15.0,0.6666666666666666,222.0,FELIX AUGER ALIASSIME,JAMES DUCKWORTH,6-2 3-6 6-7(2) 6-4 6-4,2025|2025-06-30|Wimbledon|R128|FELIX AUGER ALIASSIME|JAMES DUCKWORTH|6-2 3-6 6-7(2) 6-4 6-4
2025-06-30,Wimbledon,Grass,R128,Flavio Cobolli,Beibit Zhukayev,6-3 7-6(7) 6-1,,,,,,,,,,,,,,,,,,,,,,,,,,,,2025.0,False,247.0,24.0,Beibit Zhukayev,https://www.tennisabstract.com/cgi-bin/player-classic.cgi?p=BeibitZhukayev,,0.59,0.157,0.067,0.629,0.75,0.455,5.0,8.0,0.625,106.0,FLAVIO COBOLLI,BEIBIT ZHUKAYEV,6-3 7-6(7) 6-1,2025|2025-06-30|Wimbledon|R128|FLAVIO COBOLLI|BEIBIT ZHUKAYEV|6-3 7-6(7) 6-1
2025-06-30,Wimbledon,Grass,R128,Frances Tiafoe,Elmer Moller,6-3 6-4 6-2,,,,,,,,,,,,,,,,,,,,,,,,,,,,2025.0,False,117.0,12.0,Elmer Moller,https://www.tennisabstract.com/cgi-bin/player-classic.cgi?p=ElmerMoller,,0.68,0.024,0.159,0.415,0.706,0.5,6.0,11.0,0.5454545454545454,105.0,FRANCES TIAFOE,ELMER MOLLER,6-3 6-4 6-2,2025|2025-06-30|Wimbledon|R128|FRANCES TIAFOE|ELMER MOLLER|6-3 6-4 6-2
2025-06-30,Wimbledon,Grass,R128,Gabriel Diallo,Daniel Altmaier,6-1 6-2 6-4,,,,,,,,,,,,,,,,,,,,,,,,,,,,2025.0,False,57.0,40.0,Daniel Altmaier,https://www.tennisabstract.com/cgi-bin/player-classic.cgi?p=DanielAltmaier,,0.56,0.07,0.042,0.493,0.6,0.444,6.0,12.0,0.5,101.0,GABRIEL DIALLO,DANIEL ALTMAIER,6-1 6-2 6-4,2025|2025-06-30|Wimbledon|R128|GABRIEL DIALLO|DANIEL ALTMAIER|6-1 6-2 6-4
2025-06-30,Wimbledon,Grass,R128,Gael Monfils,Ugo Humbert,6-4 3-6 6-7(5) 7-5 6-2,,,,,,,,,,,,,,,,,,,,,,,,,,,,2025.0,False,18.0,48.0,Ugo Humbert,https://www.tennisabstract.com/cgi-bin/player-classic.cgi?p=UgoHumbert,,0.94,0.059000000000000004,0.035,0.635,0.7040000000000001,0.5,6.0,13.0,0.46153846153846156,237.0,GAEL MONFILS,UGO HUMBERT,6-4 3-6 6-7(5) 7-5 6-2,2025|2025-06-30|Wimbledon|R128|GAEL MONFILS|UGO HUMBERT|6-4 3-6 6-7(5) 7-5 6-2
2025-06-30,Wimbledon,Grass,R128,Grigor Dimitrov,Yoshihito Nishioka,6-2 6-3 6-4,2.52,0.38799999999999996,0.045,0.731,0.9590000000000001,0.5,0.0,0.0,,0.4,0.011000000000000001,0.011000000000000001,0.621,0.648,0.485,4.0,8.0,0.5,"{'ace_pct': 0.38799999999999996, 'df_pct': 0.045, 'first_in_pct': 0.731, 'first_won_pct': 0.9590000000000001, 'second_won_pct': 0.5, 'bpsvd_num': 0, 'bpsvd_den': 0}","{'ace_pct': 0.011000000000000001, 'df_pct': 0.011000000000000001, 'first_in_pct': 0.621, 'first_won_pct': 0.648, 'second_won_pct': 0.485, 'bpsvd_pct': 0.5, 'bpsvd_num': 4, 'bpsvd_den': 8}",21.0,82.0,2.52,99.0,player_profile_classic,player_profile_classic,"['Grigor Dimitrov', 'Yoshihito Nishioka']",,,,,,,,,,,,,,,,,,,,,
2025-06-30,Wimbledon,Grass,R128,Jack Draper,Sebastian Baez,6-2 6-2 2-1 RET,3.77,0.244,0.024,0.659,0.9259999999999999,0.7859999999999999,0.0,0.0,,0.26,0.016,0.048,0.667,0.595,0.429,0.0,5.0,0.0,"{'ace_pct': 0.244, 'df_pct': 0.024, 'first_in_pct': 0.659, 'first_won_pct': 0.9259999999999999, 'second_won_pct': 0.7859999999999999, 'bpsvd_num': 0, 'bpsvd_den': 0}","{'ace_pct': 0.016, 'df_pct': 0.048, 'first_in_pct': 0.667, 'first_won_pct': 0.595, 'second_won_pct': 0.429, 'bpsvd_pct': 0.0, 'bpsvd_num': 0, 'bpsvd_den': 5}",4.0,38.0,3.77,74.0,player_profile_classic,player_profile_classic,"['Jack Draper', 'Sebastian Baez']",,,,,,,,,,,,,,,,,,,,,
2025-06-30,Wimbledon,Grass,R128,Jack Pinnington Jones,Tomas Martin Etcheverry,7-6(4) 6-3 7-5,,,,,,,,,,,,,,,,,,,,,,,,,,,,2025.0,False,53.0,281.0,Tomas Martin Etcheverry,https://www.tennisabstract.com/cgi-bin/player-classic.cgi?p=TomasMartinEtcheverry,,0.91,0.106,0.038,0.625,0.785,0.462,10.0,13.0,0.7692307692307693,156.0,JACK PINNINGTON JONES,TOMAS MARTIN ETCHEVERRY,7-6(4) 6-3 7-5,2025|2025-06-30|Wimbledon|R128|JACK PINNINGTON JONES|TOMAS MARTIN ETCHEVERRY|7-6(4) 6-3 7-5
2025-06-30,Wimbledon,Grass,R128,Jakub Mensik,Hugo Gaston,6-1 4-6 6-2 6-2,1.71,0.22,0.044000000000000004,0.615,0.893,0.514,1.0,2.0,0.5,0.59,0.059000000000000004,0.01,0.5589999999999999,0.596,0.5329999999999999,6.0,12.0,0.5,"{'ace_pct': 0.22, 'df_pct': 0.044000000000000004, 'first_in_pct': 0.615, 'first_won_pct': 0.893, 'second_won_pct': 0.514, 'bpsvd_pct': 0.5, 'bpsvd_num': 1, 'bpsvd_den': 2}","{'ace_pct': 0.059000000000000004, 'df_pct': 0.01, 'first_in_pct': 0.5589999999999999, 'first_won_pct': 0.596, 'second_won_pct': 0.5329999999999999, 'bpsvd_pct': 0.5, 'bpsvd_num': 6, 'bpsvd_den': 12}",17.0,86.0,1.71,125.0,player_profile_classic,player_profile_classic,"['Hugo Gaston', 'Jakub Mensik']",,,,,,,,,,,,,,,,,,,,,
2025-06-30,Wimbledon,Grass,R128,Jan Lennard Struff,Filip Misolic,6-2 5-7 6-3 6-3,,,,,,,,,,,,,,,,,,,,,,,,,,,,2025.0,True,125.0,111.0,Jan Lennard Struff,https://www.tennisabstract.com/cgi-bin/player-classic.cgi?p=JanLennardStruff,,1.56,0.175,0.057999999999999996,0.544,0.821,0.638,0.0,1.0,0.0,126.0,JAN LENNARD STRUFF,FILIP MISOLIC,6-2 5-7 6-3 6-3,2025|2025-06-30|Wimbledon|R128|JAN LENNARD STRUFF|FILIP MISOLIC|6-2 5-7 6-3 6-3
2025-06-30,Wimbledon,Grass,R128,Jannik Sinner,Luca Nardi,6-4 6-3 6-0,,,,,,,,,,,,,,,,,,,,,,,,,,,,2025.0,True,1.0,95.0,Jannik Sinner,https://www.tennisabstract.com/cgi-bin/player-classic.cgi?p=JannikSinner,(ch),2.65,0.138,0.031,0.585,0.895,0.7040000000000001,0.0,0.0,,108.0,JANNIK SINNER,LUCA NARDI,6-4 6-3 6-0,2025|2025-06-30|Wimbledon|R128|JANNIK SINNER|LUCA NARDI|6-4 6-3 6-0
2025-06-30,Wimbledon,Grass,R128,Jaume Munar,Alexander Bublik,6-4 3-6 4-6 7-6(5) 6-2,1.04,0.053,0.04,0.583,0.716,0.54,7.0,12.0,0.5833333333333334,0.96,0.142,0.054000000000000006,0.581,0.7559999999999999,0.452,3.0,9.0,0.3333333333333333,"{'ace_pct': 0.053, 'df_pct': 0.04, 'first_in_pct': 0.583, 'first_won_pct': 0.716, 'second_won_pct': 0.54, 'bpsvd_pct': 0.5833333333333334, 'bpsvd_num': 7, 'bpsvd_den': 12}","{'ace_pct': 0.142, 'df_pct': 0.054000000000000006, 'first_in_pct': 0.581, 'first_won_pct': 0.7559999999999999, 'second_won_pct': 0.452, 'bpsvd_pct': 0.3333333333333333, 'bpsvd_num': 3, 'bpsvd_den': 9}",55.0,31.0,1.04,204.0,player_profile_classic,player_profile_classic,"['Alexander Bublik', 'Jaume Munar']",,,,,,,,,,,,,,,,,,,,,
2025-06-30,Wimbledon,Grass,R128,Jenson Brooksby,Tallon Griekspoor,6-2 7-5 6-3,1.31,0.06,0.03,0.65,0.738,0.486,4.0,5.0,0.8,0.76,0.083,0.092,0.532,0.7070000000000001,0.353,13.0,18.0,0.7222222222222222,"{'ace_pct': 0.06, 'df_pct': 0.03, 'first_in_pct': 0.65, 'first_won_pct': 0.738, 'second_won_pct': 0.486, 'bpsvd_pct': 0.8, 'bpsvd_num': 4, 'bpsvd_den': 5}","{'ace_pct': 0.083, 'df_pct': 0.092, 'first_in_pct': 0.532, 'first_won_pct': 0.7070000000000001, 'second_won_pct': 0.353, 'bpsvd_pct': 0.7222222222222222, 'bpsvd_num': 13, 'bpsvd_den': 18}",101.0,29.0,1.31,138.0,player_profile_classic,player_profile_classic,"['Jenson Brooksby', 'Tallon Griekspoor']",,,,,,,,,,,,,,,,,,,,,
2025-06-30,Wimbledon,Grass,R128,Jesper De Jong,Christopher Eubanks,6-3 6-7(5) 6-7(7) 6-3 7-6(3),,,,,,,,,,,,,,,,,,,,,,,,,,,,2025.0,False,130.0,106.0,Christopher Eubanks,https://www.tennisabstract.com/cgi-bin/player-classic.cgi?p=ChristopherEubanks,(ch),0.85,0.08800000000000001,0.036000000000000004,0.6990000000000001,0.733,0.44799999999999995,8.0,11.0,0.7272727272727273,269.0,JESPER DE JONG,CHRISTOPHER EUBANKS,6-3 6-7(5) 6-7(7) 6-3 7-6(3),2025|2025-06-30|Wimbledon|R128|JESPER DE JONG|CHRISTOPHER EUBANKS|6-3 6-7(5) 6-7(7) 6-3 7-6(3)
2025-06-30,Wimbledon,Grass,R128,Jiri Lehecka,Hugo Dellien,4-6 6-2 6-2 7-6(0),1.71,0.21600000000000003,0.028999999999999998,0.657,0.836,0.657,1.0,2.0,0.5,0.58,0.053,0.018000000000000002,0.684,0.654,0.528,4.0,8.0,0.5,"{'ace_pct': 0.21600000000000003, 'df_pct': 0.028999999999999998, 'first_in_pct': 0.657, 'first_won_pct': 0.836, 'second_won_pct': 0.657, 'bpsvd_pct': 0.5, 'bpsvd_num': 1, 'bpsvd_den': 2}","{'ace_pct': 0.053, 'df_pct': 0.018000000000000002, 'first_in_pct': 0.684, 'first_won_pct': 0.654, 'second_won_pct': 0.528, 'bpsvd_pct': 0.5, 'bpsvd_num': 4, 'bpsvd_den': 8}",25.0,79.0,1.71,145.0,player_profile_classic,player_profile_classic,"['Hugo Dellien', 'Jiri Lehecka']",,,,,,,,,,,,,,,,,,,,,
2025-06-30,Wimbledon,Grass,R128,Joao Fonseca,Jacob Fearnley,6-4 6-1 7-6(5),1.55,0.122,0.044000000000000004,0.711,0.8440000000000001,0.5,4.0,4.0,1.0,0.65,0.042,0.10400000000000001,0.6559999999999999,0.6509999999999999,0.515,8.0,11.0,0.7272727272727273,"{'ace_pct': 0.122, 'df_pct': 0.044000000000000004, 'first_in_pct': 0.711, 'first_won_pct': 0.8440000000000001, 'second_won_pct': 0.5, 'bpsvd_pct': 1.0, 'bpsvd_num': 4, 'bpsvd_den': 4}","{'ace_pct': 0.042, 'df_pct': 0.10400000000000001, 'first_in_pct': 0.6559999999999999, 'first_won_pct': 0.6509999999999999, 'second_won_pct': 0.515, 'bpsvd_pct': 0.7272727272727273, 'bpsvd_num': 8, 'bpsvd_den': 11}",54.0,51.0,1.55,121.0,player_profile_classic,player_profile_classic,"['Jacob Fearnley', 'Joao Fonseca']",,,,,,,,,,,,,,,,,,,,,
2025-06-30,Wimbledon,Grass,R128,Jordan Thompson,Vit Kopriva,3-6 4-6 6-3 7-6(1) 6-1,1.08,0.127,0.013000000000000001,0.62,0.735,0.583,14.0,16.0,0.875,0.92,0.10099999999999999,0.067,0.51,0.7759999999999999,0.521,13.0,16.0,0.8125,"{'ace_pct': 0.127, 'df_pct': 0.013000000000000001, 'first_in_pct': 0.62, 'first_won_pct': 0.735, 'second_won_pct': 0.583, 'bpsvd_pct': 0.875, 'bpsvd_num': 14, 'bpsvd_den': 16}","{'ace_pct': 0.10099999999999999, 'df_pct': 0.067, 'first_in_pct': 0.51, 'first_won_pct': 0.7759999999999999, 'second_won_pct': 0.521, 'bpsvd_pct': 0.8125, 'bpsvd_num': 13, 'bpsvd_den': 16}",44.0,78.0,1.08,217.0,player_profile_classic,player_profile_classic,"['Jordan Thompson', 'Vit Kopriva']",,,,,,,,,,,,,,,,,,,,,
2025-06-30,Wimbledon,Grass,R128,Kamil Majchrzak,Matteo Berrettini,4-6 6-2 6-4 5-7 6-3,1.15,0.037000000000000005,0.022000000000000002,0.5670000000000001,0.737,0.621,4.0,8.0,0.5,0.87,0.184,0.028999999999999998,0.632,0.7559999999999999,0.44,9.0,15.0,0.6,"{'ace_pct': 0.037000000000000005, 'df_pct': 0.022000000000000002, 'first_in_pct': 0.5670000000000001, 'first_won_pct': 0.737, 'second_won_pct': 0.621, 'bpsvd_pct': 0.5, 'bpsvd_num': 4, 'bpsvd_den': 8}","{'ace_pct': 0.184, 'df_pct': 0.028999999999999998, 'first_in_pct': 0.632, 'first_won_pct': 0.7559999999999999, 'second_won_pct': 0.44, 'bpsvd_pct': 0.6, 'bpsvd_num': 9, 'bpsvd_den': 15}",109.0,35.0,1.15,187.0,player_profile_classic,player_profile_classic,"['Kamil Majchrzak', 'Matteo Berrettini']",,,,,,,,,,,,,,,,,,,,,
2025-06-30,Wimbledon,Grass,R128,Karen Khachanov,Mackenzie Mcdonald,7-5 6-4 6-4,,,,,,,,,,,,,,,,,,,,,,,,,,,,2025.0,True,20.0,88.0,Karen Khachanov,https://www.tennisabstract.com/cgi-bin/player-classic.cgi?p=KarenKhachanov,,1.3,0.10400000000000001,0.009000000000000001,0.623,0.773,0.6,6.0,7.0,0.8571428571428571,131.0,KAREN KHACHANOV,MACKENZIE MCDONALD,7-5 6-4 6-4,2025|2025-06-30|Wimbledon|R128|KAREN KHACHANOV|MACKENZIE MCDONALD|7-5 6-4 6-4
2025-06-30,Wimbledon,Grass,R128,Learner Tien,Nishesh Basavareddy,7-6(5) 6-3 6-2,1.55,0.084,0.053,0.589,0.7859999999999999,0.667,5.0,6.0,0.8333333333333334,0.64,0.032,0.022000000000000002,0.613,0.684,0.444,7.0,11.0,0.6363636363636364,"{'ace_pct': 0.084, 'df_pct': 0.053, 'first_in_pct': 0.589, 'first_won_pct': 0.7859999999999999, 'second_won_pct': 0.667, 'bpsvd_pct': 0.8333333333333334, 'bpsvd_num': 5, 'bpsvd_den': 6}","{'ace_pct': 0.032, 'df_pct': 0.022000000000000002, 'first_in_pct': 0.613, 'first_won_pct': 0.684, 'second_won_pct': 0.444, 'bpsvd_pct': 0.6363636363636364, 'bpsvd_num': 7, 'bpsvd_den': 11}",62.0,100.0,1.55,130.0,player_profile_classic,player_profile_classic,"['Learner Tien', 'Nishesh Basavareddy']",,,,,,,,,,,,,,,,,,,,,
2025-06-30,Wimbledon,Grass,R128,Lloyd Harris,Zizou Bergs,7-6(7) 7-6(2) 6-7(5) 6-2,,,,,,,,,,,,,,,,,,,,,,,,,,,,2025.0,False,50.0,320.0,Zizou Bergs,https://www.tennisabstract.com/cgi-bin/player-classic.cgi?p=ZizouBergs,,0.9,0.055,0.10400000000000001,0.49700000000000005,0.741,0.5,9.0,13.0,0.6923076923076923,246.0,LLOYD HARRIS,ZIZOU BERGS,7-6(7) 7-6(2) 6-7(5) 6-2,2025|2025-06-30|Wimbledon|R128|LLOYD HARRIS|ZIZOU BERGS|7-6(7) 7-6(2) 6-7(5) 6-2
2025-06-30,Wimbledon,Grass,R128,Lorenzo Sonego,Jaime Faria,6-3 6-4 6-2,1.96,0.203,0.0,0.8109999999999999,0.8,0.7140000000000001,2.0,2.0,1.0,0.51,0.047,0.071,0.682,0.7070000000000001,0.29600000000000004,5.0,9.0,0.5555555555555556,"{'ace_pct': 0.203, 'df_pct': 0.0, 'first_in_pct': 0.8109999999999999, 'first_won_pct': 0.8, 'second_won_pct': 0.7140000000000001, 'bpsvd_pct': 1.0, 'bpsvd_num': 2, 'bpsvd_den': 2}","{'ace_pct': 0.047, 'df_pct': 0.071, 'first_in_pct': 0.682, 'first_won_pct': 0.7070000000000001, 'second_won_pct': 0.29600000000000004, 'bpsvd_pct': 0.5555555555555556, 'bpsvd_num': 5, 'bpsvd_den': 9}",47.0,116.0,1.96,103.0,player_profile_classic,player_profile_classic,"['Jaime Faria', 'Lorenzo Sonego']",,,,,,,,,,,,,,,,,,,,,
2025-06-30,Wimbledon,Grass,R128,Luciano Darderi,Roman Safiullin,7-6(3) 1-6 6-7(2) 6-3 6-1,,,,,,,,,,,,,,,,,,,,,,,,,,,,2025.0,False,75.0,59.0,Roman Safiullin,https://www.tennisabstract.com/cgi-bin/player-classic.cgi?p=RomanSafiullin,,0.93,0.102,0.042,0.5720000000000001,0.674,0.521,11.0,17.0,0.6470588235294118,228.0,LUCIANO DARDERI,ROMAN SAFIULLIN,7-6(3) 1-6 6-7(2) 6-3 6-1,2025|2025-06-30|Wimbledon|R128|LUCIANO DARDERI|ROMAN SAFIULLIN|7-6(3) 1-6 6-7(2) 6-3 6-1
2025-06-30,Wimbledon,Grass,R128,Marcos Giron,Camilo Ugo Carabelli,7-6(6) 7-6(4) 6-3,,,,,,,,,,,,,,,,,,,,,,,,,,,,2025.0,True,45.0,56.0,Marcos Giron,https://www.tennisabstract.com/cgi-bin/player-classic.cgi?p=MarcosGiron,,1.34,0.111,0.0,0.648,0.7290000000000001,0.579,4.0,7.0,0.5714285714285714,159.0,MARCOS GIRON,CAMILO UGO CARABELLI,7-6(6) 7-6(4) 6-3,2025|2025-06-30|Wimbledon|R128|MARCOS GIRON|CAMILO UGO CARABELLI|7-6(6) 7-6(4) 6-3
2025-06-30,Wimbledon,Grass,R128,Marcos Giron,Ugo Carabelli,7-6(6) 7-6(4) 6-3,,,,,,,,,,,,,,,,,,,,,,,,,,,,2025.0,False,56.0,45.0,Camilo Ugo Carabelli,https://www.tennisabstract.com/cgi-bin/player-classic.cgi?p=CamiloUgoCarabelli,,0.74,0.048,0.016,0.508,0.619,0.508,8.0,12.0,0.6666666666666666,159.0,MARCOS GIRON,UGO CARABELLI,7-6(6) 7-6(4) 6-3,2025|2025-06-30|Wimbledon|R128|MARCOS GIRON|UGO CARABELLI|7-6(6) 7-6(4) 6-3
2025-06-30,Wimbledon,Grass,R128,Mariano Navone,Denis Shapovalov,3-6 6-4 6-1 6-4,1.3,0.01,0.048,0.596,0.6940000000000001,0.643,4.0,7.0,0.5714285714285714,0.77,0.054000000000000006,0.099,0.541,0.7170000000000001,0.41200000000000003,4.0,10.0,0.4,"{'ace_pct': 0.01, 'df_pct': 0.048, 'first_in_pct': 0.596, 'first_won_pct': 0.6940000000000001, 'second_won_pct': 0.643, 'bpsvd_pct': 0.5714285714285714, 'bpsvd_num': 4, 'bpsvd_den': 7}","{'ace_pct': 0.054000000000000006, 'df_pct': 0.099, 'first_in_pct': 0.541, 'first_won_pct': 0.7170000000000001, 'second_won_pct': 0.41200000000000003, 'bpsvd_pct': 0.4, 'bpsvd_num': 4, 'bpsvd_den': 10}",91.0,30.0,1.3,148.0,player_profile_classic,player_profile_classic,"['Denis Shapovalov', 'Mariano Navone']",,,,,,,,,,,,,,,,,,,,,
2025-06-30,Wimbledon,Grass,R128,Marin Cilic,Raphael Collignon,6-3 6-4 6-3,1.54,0.213,0.0,0.5870000000000001,0.841,0.581,3.0,4.0,0.75,0.65,0.141,0.106,0.6709999999999999,0.684,0.39299999999999996,8.0,13.0,0.6153846153846154,"{'ace_pct': 0.213, 'df_pct': 0.0, 'first_in_pct': 0.5870000000000001, 'first_won_pct': 0.841, 'second_won_pct': 0.581, 'bpsvd_pct': 0.75, 'bpsvd_num': 3, 'bpsvd_den': 4}","{'ace_pct': 0.141, 'df_pct': 0.106, 'first_in_pct': 0.6709999999999999, 'first_won_pct': 0.684, 'second_won_pct': 0.39299999999999996, 'bpsvd_pct': 0.6153846153846154, 'bpsvd_num': 8, 'bpsvd_den': 13}",83.0,85.0,1.54,108.0,player_profile_classic,player_profile_classic,"['Marin Cilic', 'Raphael Collignon']",,,,,,,,,,,,,,,,,,,,,
2025-06-30,Wimbledon,Grass,R128,Marton Fucsovics,Aleksandar Kovacevic,6-3 6-7(5) 6-1 5-7 6-4,1.25,0.11199999999999999,0.043,0.627,0.8320000000000001,0.5329999999999999,8.0,10.0,0.8,0.8,0.040999999999999995,0.027000000000000003,0.5820000000000001,0.753,0.508,5.0,10.0,0.5,"{'ace_pct': 0.11199999999999999, 'df_pct': 0.043, 'first_in_pct': 0.627, 'first_won_pct': 0.8320000000000001, 'second_won_pct': 0.5329999999999999, 'bpsvd_pct': 0.8, 'bpsvd_num': 8, 'bpsvd_den': 10}","{'ace_pct': 0.040999999999999995, 'df_pct': 0.027000000000000003, 'first_in_pct': 0.5820000000000001, 'first_won_pct': 0.753, 'second_won_pct': 0.508, 'bpsvd_pct': 0.5, 'bpsvd_num': 5, 'bpsvd_den': 10}",105.0,76.0,1.25,217.0,player_profile_classic,player_profile_classic,"['Aleksandar Kovacevic', 'Marton Fucsovics']",,,,,,,,,,,,,,,,,,,,,
2025-06-30,Wimbledon,Grass,R128,Mattia Bellucci,Oliver Crawford,6-7(2) 6-3 6-4 6-4,1.68,0.191,0.055,0.564,0.919,0.625,0.0,0.0,,0.6,0.038,0.023,0.542,0.718,0.5670000000000001,7.0,10.0,0.7,"{'ace_pct': 0.191, 'df_pct': 0.055, 'first_in_pct': 0.564, 'first_won_pct': 0.919, 'second_won_pct': 0.625, 'bpsvd_num': 0, 'bpsvd_den': 0}","{'ace_pct': 0.038, 'df_pct': 0.023, 'first_in_pct': 0.542, 'first_won_pct': 0.718, 'second_won_pct': 0.5670000000000001, 'bpsvd_pct': 0.7, 'bpsvd_num': 7, 'bpsvd_den': 10}",73.0,248.0,1.68,178.0,player_profile_classic,player_profile_classic,"['Mattia Bellucci', 'Oliver Crawford']",,,,,,,,,,,,,,,,,,,,,
2025-06-30,Wimbledon,Grass,R128,Miomir Kecmanovic,Alex Michelsen,6-2 3-6 6-3 3-6 7-6(6),1.12,0.068,0.040999999999999995,0.6729999999999999,0.778,0.521,3.0,5.0,0.6,0.89,0.079,0.06,0.636,0.7190000000000001,0.545,3.0,6.0,0.5,"{'ace_pct': 0.068, 'df_pct': 0.040999999999999995, 'first_in_pct': 0.6729999999999999, 'first_won_pct': 0.778, 'second_won_pct': 0.521, 'bpsvd_pct': 0.6, 'bpsvd_num': 3, 'bpsvd_den': 5}","{'ace_pct': 0.079, 'df_pct': 0.06, 'first_in_pct': 0.636, 'first_won_pct': 0.7190000000000001, 'second_won_pct': 0.545, 'bpsvd_pct': 0.5, 'bpsvd_num': 3, 'bpsvd_den': 6}",49.0,32.0,1.12,193.0,player_profile_classic,player_profile_classic,"['Alex Michelsen', 'Miomir Kecmanovic']",,,,,,,,,,,,,,,,,,,,,
2025-06-30,Wimbledon,Grass,R128,Nicolas Jarry,Holger Rune,4-6 4-6 7-5 6-3 6-4,1.27,0.223,0.057999999999999996,0.604,0.7859999999999999,0.636,3.0,6.0,0.5,0.79,0.047,0.06,0.6,0.778,0.467,7.0,11.0,0.6363636363636364,"{'ace_pct': 0.223, 'df_pct': 0.057999999999999996, 'first_in_pct': 0.604, 'first_won_pct': 0.7859999999999999, 'second_won_pct': 0.636, 'bpsvd_pct': 0.5, 'bpsvd_num': 3, 'bpsvd_den': 6}","{'ace_pct': 0.047, 'df_pct': 0.06, 'first_in_pct': 0.6, 'first_won_pct': 0.778, 'second_won_pct': 0.467, 'bpsvd_pct': 0.6363636363636364, 'bpsvd_num': 7, 'bpsvd_den': 11}",143.0,8.0,1.27,214.0,player_profile_classic,player_profile_classic,"['Holger Rune', 'Nicolas Jarry']",,,,,,,,,,,,,,,,,,,,,
2025-06-30,Wimbledon,Grass,R128,Nikoloz Basilashvili,Lorenzo Musetti,6-2 4-6 7-5 6-1,,,,,,,,,,,,,,,,,,,,,,,,,,,,2025.0,True,126.0,7.0,Nikoloz Basilashvili,https://www.tennisabstract.com/cgi-bin/player-classic.cgi?p=NikolozBasilashvili,,1.29,0.135,0.036000000000000004,0.46799999999999997,0.8270000000000001,0.593,4.0,5.0,0.8,145.0,NIKOLOZ BASILASHVILI,LORENZO MUSETTI,6-2 4-6 7-5 6-1,2025|2025-06-30|Wimbledon|R128|NIKOLOZ BASILASHVILI|LORENZO MUSETTI|6-2 4-6 7-5 6-1
2025-06-30,Wimbledon,Grass,R128,Novak Djokovic,Alexandre Muller,6-1 6-7(7) 6-2 6-2,1.92,0.214,0.01,0.6990000000000001,0.8190000000000001,0.613,3.0,3.0,1.0,0.52,0.047,0.040999999999999995,0.645,0.604,0.41,20.0,27.0,0.7407407407407407,"{'ace_pct': 0.214, 'df_pct': 0.01, 'first_in_pct': 0.6990000000000001, 'first_won_pct': 0.8190000000000001, 'second_won_pct': 0.613, 'bpsvd_pct': 1.0, 'bpsvd_num': 3, 'bpsvd_den': 3}","{'ace_pct': 0.047, 'df_pct': 0.040999999999999995, 'first_in_pct': 0.645, 'first_won_pct': 0.604, 'second_won_pct': 0.41, 'bpsvd_pct': 0.7407407407407407, 'bpsvd_num': 20, 'bpsvd_den': 27}",6.0,41.0,1.92,199.0,player_profile_classic,player_profile_classic,"['Alexandre Muller', 'Novak Djokovic']",,,,,,,,,,,,,,,,,,,,,
2025-06-30,Wimbledon,Grass,R128,Nuno Borges,Francisco Cerundolo,4-6 6-3 7-6(5) 6-0,,,,,,,,,,,,,,,,,,,,,,,,,,,,2025.0,True,37.0,19.0,Nuno Borges,https://www.tennisabstract.com/cgi-bin/player-classic.cgi?p=NunoBorges,(ch),1.46,0.08,0.0,0.6809999999999999,0.753,0.639,7.0,10.0,0.7,148.0,NUNO BORGES,FRANCISCO CERUNDOLO,4-6 6-3 7-6(5) 6-0,2025|2025-06-30|Wimbledon|R128|NUNO BORGES|FRANCISCO CERUNDOLO|4-6 6-3 7-6(5) 6-0
2025-06-30,Wimbledon,Grass,R128,Oliver Tarvet,Leandro Riedi,6-4 6-4 6-4,1.95,0.09,0.013000000000000001,0.603,0.915,0.613,0.0,0.0,,0.51,0.032,0.053,0.653,0.6609999999999999,0.485,4.0,7.0,0.5714285714285714,"{'ace_pct': 0.09, 'df_pct': 0.013000000000000001, 'first_in_pct': 0.603, 'first_won_pct': 0.915, 'second_won_pct': 0.613, 'bpsvd_num': 0, 'bpsvd_den': 0}","{'ace_pct': 0.032, 'df_pct': 0.053, 'first_in_pct': 0.653, 'first_won_pct': 0.6609999999999999, 'second_won_pct': 0.485, 'bpsvd_pct': 0.5714285714285714, 'bpsvd_num': 4, 'bpsvd_den': 7}",733.0,503.0,1.95,138.0,player_profile_classic,player_profile_classic,"['Leandro Riedi', 'Oliver Tarvet']",,,,,,,,,,,,,,,,,,,,,
2025-06-30,Wimbledon,Grass,R128,Pedro Martinez,George Loffhagen,2-6 6-2 6-4 6-2,,,,,,,,,,,,,,,,,,,,,,,,,,,,2025.0,True,52.0,293.0,Pedro Martinez,https://www.tennisabstract.com/cgi-bin/player-classic.cgi?p=PedroMartinez,(ch),1.22,0.0,0.04,0.7070000000000001,0.586,0.586,6.0,12.0,0.5,159.0,PEDRO MARTINEZ,GEORGE LOFFHAGEN,2-6 6-2 6-4 6-2,2025|2025-06-30|Wimbledon|R128|PEDRO MARTINEZ|GEORGE LOFFHAGEN|2-6 6-2 6-4 6-2
2025-06-30,Wimbledon,Grass,R128,Pinnington Jones,Tomas Martin Etcheverry,7-6(4) 6-3 7-5,,,,,,,,,,,,,,,,,,,,,,,,,,,,2025.0,True,281.0,53.0,Jack Pinnington Jones,https://www.tennisabstract.com/cgi-bin/player-classic.cgi?p=JackPinningtonJones,,1.1,0.102,0.046,0.574,0.823,0.522,7.0,8.0,0.875,156.0,PINNINGTON JONES,TOMAS MARTIN ETCHEVERRY,7-6(4) 6-3 7-5,2025|2025-06-30|Wimbledon|R128|PINNINGTON JONES|TOMAS MARTIN ETCHEVERRY|7-6(4) 6-3 7-5
2025-06-30,Wimbledon,Grass,R128,Reilly Opelka,Alexander Shevchenko,6-3 7-5 7-6(4),1.21,0.179,0.066,0.604,0.7659999999999999,0.595,5.0,7.0,0.7142857142857143,0.83,0.11800000000000001,0.065,0.613,0.825,0.33299999999999996,3.0,7.0,0.42857142857142855,"{'ace_pct': 0.179, 'df_pct': 0.066, 'first_in_pct': 0.604, 'first_won_pct': 0.7659999999999999, 'second_won_pct': 0.595, 'bpsvd_pct': 0.7142857142857143, 'bpsvd_num': 5, 'bpsvd_den': 7}","{'ace_pct': 0.11800000000000001, 'df_pct': 0.065, 'first_in_pct': 0.613, 'first_won_pct': 0.825, 'second_won_pct': 0.33299999999999996, 'bpsvd_pct': 0.42857142857142855, 'bpsvd_num': 3, 'bpsvd_den': 7}",70.0,98.0,1.21,115.0,player_profile_classic,player_profile_classic,"['Alexander Shevchenko', 'Reilly Opelka']",,,,,,,,,,,,,,,,,,,,,
2025-06-30,Wimbledon,Grass,R128,Rinky Hijikata,David Goffin,6-3 6-1 6-1,2.36,0.092,0.0,0.585,0.816,0.741,2.0,2.0,1.0,0.42,0.048,0.079,0.49200000000000005,0.645,0.344,5.0,11.0,0.45454545454545453,"{'ace_pct': 0.092, 'df_pct': 0.0, 'first_in_pct': 0.585, 'first_won_pct': 0.816, 'second_won_pct': 0.741, 'bpsvd_pct': 1.0, 'bpsvd_num': 2, 'bpsvd_den': 2}","{'ace_pct': 0.048, 'df_pct': 0.079, 'first_in_pct': 0.49200000000000005, 'first_won_pct': 0.645, 'second_won_pct': 0.344, 'bpsvd_pct': 0.45454545454545453, 'bpsvd_num': 5, 'bpsvd_den': 11}",87.0,63.0,2.36,76.0,player_profile_classic,player_profile_classic,"['David Goffin', 'Rinky Hijikata']",,,,,,,,,,,,,,,,,,,,,
2025-06-30,Wimbledon,Grass,R128,Sebastian Ofner,Hamad Medjedovic,7-6(8) 3-1 RET,1.97,0.18,0.02,0.6,0.9,0.7,1.0,1.0,1.0,0.51,0.10800000000000001,0.015,0.723,0.6809999999999999,0.556,4.0,5.0,0.8,"{'ace_pct': 0.18, 'df_pct': 0.02, 'first_in_pct': 0.6, 'first_won_pct': 0.9, 'second_won_pct': 0.7, 'bpsvd_pct': 1.0, 'bpsvd_num': 1, 'bpsvd_den': 1}","{'ace_pct': 0.10800000000000001, 'df_pct': 0.015, 'first_in_pct': 0.723, 'first_won_pct': 0.6809999999999999, 'second_won_pct': 0.556, 'bpsvd_pct': 0.8, 'bpsvd_num': 4, 'bpsvd_den': 5}",165.0,68.0,1.97,87.0,player_profile_classic,player_profile_classic,"['Hamad Medjedovic', 'Sebastian Ofner']",,,,,,,,,,,,,,,,,,,,,
2025-06-30,Wimbledon,Grass,R128,Shintaro Mochizuki,Giulio Zeppieri,2-6 3-6 6-3 7-6(6) 7-5,0.88,0.028999999999999998,0.028999999999999998,0.588,0.75,0.514,9.0,14.0,0.6428571428571429,1.13,0.157,0.05,0.564,0.797,0.557,4.0,8.0,0.5,"{'ace_pct': 0.028999999999999998, 'df_pct': 0.028999999999999998, 'first_in_pct': 0.588, 'first_won_pct': 0.75, 'second_won_pct': 0.514, 'bpsvd_pct': 0.6428571428571429, 'bpsvd_num': 9, 'bpsvd_den': 14}","{'ace_pct': 0.157, 'df_pct': 0.05, 'first_in_pct': 0.564, 'first_won_pct': 0.797, 'second_won_pct': 0.557, 'bpsvd_pct': 0.5, 'bpsvd_num': 4, 'bpsvd_den': 8}",144.0,351.0,0.88,194.0,player_profile_classic,player_profile_classic,"['Giulio Zeppieri', 'Shintaro Mochizuki']",,,,,,,,,,,,,,,,,,,,,
2025-06-30,Wimbledon,Grass,R128,Taylor Fritz,Giovanni Mpetshi Perricard,6-7(6) 6-7(8) 6-4 7-6(6) 6-4,,,,,,,,,,,,,,,,,,,,,,,,,,,,2025.0,True,5.0,36.0,Taylor Fritz,https://www.tennisabstract.com/cgi-bin/player-classic.cgi?p=TaylorFritz,(ch),1.48,0.18100000000000002,0.013000000000000001,0.675,0.852,0.7120000000000001,0.0,0.0,,205.0,TAYLOR FRITZ,GIOVANNI MPETSHI PERRICARD,6-7(6) 6-7(8) 6-4 7-6(6) 6-4,2025|2025-06-30|Wimbledon|R128|TAYLOR FRITZ|GIOVANNI MPETSHI PERRICARD|6-7(6) 6-7(8) 6-4 7-6(6) 6-4
2025-06-30,Wimbledon,Grass,R128,Tomas Machac,Damir Dzumhur,6-3 6-2 6-4,1.86,0.096,0.013999999999999999,0.685,0.78,0.696,2.0,3.0,0.6666666666666666,0.54,0.012,0.024,0.578,0.604,0.457,3.0,8.0,0.375,"{'ace_pct': 0.096, 'df_pct': 0.013999999999999999, 'first_in_pct': 0.685, 'first_won_pct': 0.78, 'second_won_pct': 0.696, 'bpsvd_pct': 0.6666666666666666, 'bpsvd_num': 2, 'bpsvd_den': 3}","{'ace_pct': 0.012, 'df_pct': 0.024, 'first_in_pct': 0.578, 'first_won_pct': 0.604, 'second_won_pct': 0.457, 'bpsvd_pct': 0.375, 'bpsvd_num': 3, 'bpsvd_den': 8}",23.0,67.0,1.86,100.0,player_profile_classic,player_profile_classic,"['Damir Dzumhur', 'Tomas Machac']",,,,,,,,,,,,,,,,,,,,,
2025-06-30,Wimbledon,Grass,R128,Tommy Paul,Johannus Monday,6-4 6-4 6-2,1.76,0.125,0.042,0.639,0.87,0.654,2.0,2.0,1.0,0.57,0.085,0.024,0.585,0.7290000000000001,0.5,2.0,6.0,0.3333333333333333,"{'ace_pct': 0.125, 'df_pct': 0.042, 'first_in_pct': 0.639, 'first_won_pct': 0.87, 'second_won_pct': 0.654, 'bpsvd_pct': 1.0, 'bpsvd_num': 2, 'bpsvd_den': 2}","{'ace_pct': 0.085, 'df_pct': 0.024, 'first_in_pct': 0.585, 'first_won_pct': 0.7290000000000001, 'second_won_pct': 0.5, 'bpsvd_pct': 0.3333333333333333, 'bpsvd_num': 2, 'bpsvd_den': 6}",13.0,224.0,1.76,103.0,player_profile_classic,player_profile_classic,"['Johannus Monday', 'Tommy Paul']",,,,,,,,,,,,,,,,,,,,,
2025-06-30,Wimbledon,Grass,R128,Valentin Royer,Stefanos Tsitsipas,6-3 6-2 RET,1.67,0.16,0.02,0.68,0.794,0.625,3.0,3.0,1.0,0.6,0.11699999999999999,0.11699999999999999,0.433,0.615,0.529,1.0,4.0,0.25,"{'ace_pct': 0.16, 'df_pct': 0.02, 'first_in_pct': 0.68, 'first_won_pct': 0.794, 'second_won_pct': 0.625, 'bpsvd_pct': 1.0, 'bpsvd_num': 3, 'bpsvd_den': 3}","{'ace_pct': 0.11699999999999999, 'df_pct': 0.11699999999999999, 'first_in_pct': 0.433, 'first_won_pct': 0.615, 'second_won_pct': 0.529, 'bpsvd_pct': 0.25, 'bpsvd_num': 1, 'bpsvd_den': 4}",113.0,26.0,1.67,77.0,player_profile_classic,player_profile_classic,"['Stefanos Tsitsipas', 'Valentin Royer']",,,,,,,,,,,,,,,,,,,,,
2025-06-30,Wimbledon,Grass,R128,Van De Zandschulp,Matteo Arnaldi,7-6(4) 7-6(5) 6-4,,,,,,,,,,,,,,,,,,,,,,,,,,,,2025.0,True,92.0,43.0,Botic Van De Zandschulp,https://www.tennisabstract.com/cgi-bin/player-classic.cgi?p=BoticVanDeZandschulp,,1.26,0.057999999999999996,0.033,0.603,0.795,0.604,5.0,6.0,0.8333333333333334,179.0,VAN DE ZANDSCHULP,MATTEO ARNALDI,7-6(4) 7-6(5) 6-4,2025|2025-06-30|Wimbledon|R128|VAN DE ZANDSCHULP|MATTEO ARNALDI|7-6(4) 7-6(5) 6-4
2025-06-30,Wimbledon,Grass,R16,Ben Shelton,Lorenzo Sonego,3-6 6-1 7-6(1) 7-5,1.15,0.063,0.04,0.603,0.737,0.62,4.0,6.0,0.6666666666666666,0.87,0.068,0.025,0.695,0.72,0.47200000000000003,2.0,6.0,0.3333333333333333,"{'ace_pct': 0.063, 'df_pct': 0.04, 'first_in_pct': 0.603, 'first_won_pct': 0.737, 'second_won_pct': 0.62, 'bpsvd_pct': 0.6666666666666666, 'bpsvd_num': 4, 'bpsvd_den': 6}","{'ace_pct': 0.068, 'df_pct': 0.025, 'first_in_pct': 0.695, 'first_won_pct': 0.72, 'second_won_pct': 0.47200000000000003, 'bpsvd_pct': 0.3333333333333333, 'bpsvd_num': 2, 'bpsvd_den': 6}",10.0,47.0,1.15,185.0,player_profile_classic,player_profile_classic,"['Ben Shelton', 'Lorenzo Sonego']",,,,,,,,,,,,,,,,,,,,,
2025-06-30,Wimbledon,Grass,R16,Cameron Norrie,Nicolas Jarry,6-3 7-6(4) 6-7(7) 6-7(5) 6-3,1.06,0.040999999999999995,0.031,0.684,0.754,0.597,8.0,8.0,1.0,0.94,0.258,0.045,0.657,0.795,0.475,7.0,9.0,0.7777777777777778,"{'ace_pct': 0.040999999999999995, 'df_pct': 0.031, 'first_in_pct': 0.684, 'first_won_pct': 0.754, 'second_won_pct': 0.597, 'bpsvd_pct': 1.0, 'bpsvd_num': 8, 'bpsvd_den': 8}","{'ace_pct': 0.258, 'df_pct': 0.045, 'first_in_pct': 0.657, 'first_won_pct': 0.795, 'second_won_pct': 0.475, 'bpsvd_pct': 0.7777777777777778, 'bpsvd_num': 7, 'bpsvd_den': 9}",61.0,143.0,1.06,267.0,player_profile_classic,player_profile_classic,"['Cameron Norrie', 'Nicolas Jarry']",,,,,,,,,,,,,,,,,,,,,
2025-06-30,Wimbledon,Grass,R16,Carlos Alcaraz,Andrey Rublev,6-7(5) 6-3 6-4 6-4,1.38,0.19,0.026000000000000002,0.672,0.821,0.632,3.0,4.0,0.75,0.72,0.049,0.033,0.667,0.72,0.561,7.0,11.0,0.6363636363636364,"{'ace_pct': 0.19, 'df_pct': 0.026000000000000002, 'first_in_pct': 0.672, 'first_won_pct': 0.821, 'second_won_pct': 0.632, 'bpsvd_pct': 0.75, 'bpsvd_num': 3, 'bpsvd_den': 4}","{'ace_pct': 0.049, 'df_pct': 0.033, 'first_in_pct': 0.667, 'first_won_pct': 0.72, 'second_won_pct': 0.561, 'bpsvd_pct': 0.6363636363636364, 'bpsvd_num': 7, 'bpsvd_den': 11}",2.0,14.0,1.38,164.0,player_profile_classic,player_profile_classic,"['Andrey Rublev', 'Carlos Alcaraz']",,,,,,,,,,,,,,,,,,,,,
2025-06-30,Wimbledon,Grass,R16,Flavio Cobolli,Marin Cilic,6-4 6-4 6-7(4) 7-6(3),,,,,,,,,,,,,,,,,,,,,,,,,,,,2025.0,False,83.0,24.0,Marin Cilic,https://www.tennisabstract.com/cgi-bin/player-classic.cgi?p=MarinCilic,(ch),0.91,0.133,0.006999999999999999,0.65,0.71,0.6,5.0,8.0,0.625,205.0,FLAVIO COBOLLI,MARIN CILIC,6-4 6-4 6-7(4) 7-6(3),2025|2025-06-30|Wimbledon|R16|FLAVIO COBOLLI|MARIN CILIC|6-4 6-4 6-7(4) 7-6(3)
2025-06-30,Wimbledon,Grass,R16,Jannik Sinner,Grigor Dimitrov,3-6 5-7 2-2 RET,0.9,0.051,0.051,0.5760000000000001,0.8240000000000001,0.44,2.0,5.0,0.4,1.11,0.165,0.035,0.5760000000000001,0.8370000000000001,0.5,1.0,2.0,0.5,"{'ace_pct': 0.051, 'df_pct': 0.051, 'first_in_pct': 0.5760000000000001, 'first_won_pct': 0.8240000000000001, 'second_won_pct': 0.44, 'bpsvd_pct': 0.4, 'bpsvd_num': 2, 'bpsvd_den': 5}","{'ace_pct': 0.165, 'df_pct': 0.035, 'first_in_pct': 0.5760000000000001, 'first_won_pct': 0.8370000000000001, 'second_won_pct': 0.5, 'bpsvd_pct': 0.5, 'bpsvd_num': 1, 'bpsvd_den': 2}",1.0,21.0,0.9,128.0,player_profile_classic,player_profile_classic,"['Grigor Dimitrov', 'Jannik Sinner']",,,,,,,,,,,,,,,,,,,,,
2025-06-30,Wimbledon,Grass,R16,Karen Khachanov,Kamil Majchrzak,6-4 6-2 6-3,1.78,0.14300000000000002,0.0,0.743,0.7879999999999999,0.667,3.0,4.0,0.75,0.56,0.067,0.0,0.6779999999999999,0.6890000000000001,0.31,4.0,10.0,0.4,"{'ace_pct': 0.14300000000000002, 'df_pct': 0.0, 'first_in_pct': 0.743, 'first_won_pct': 0.7879999999999999, 'second_won_pct': 0.667, 'bpsvd_pct': 0.75, 'bpsvd_num': 3, 'bpsvd_den': 4}","{'ace_pct': 0.067, 'df_pct': 0.0, 'first_in_pct': 0.6779999999999999, 'first_won_pct': 0.6890000000000001, 'second_won_pct': 0.31, 'bpsvd_pct': 0.4, 'bpsvd_num': 4, 'bpsvd_den': 10}",20.0,109.0,1.78,107.0,player_profile_classic,player_profile_classic,"['Kamil Majchrzak', 'Karen Khachanov']",,,,,,,,,,,,,,,,,,,,,
2025-06-30,Wimbledon,Grass,R16,Novak Djokovic,Alex De Minaur,1-6 6-4 6-4 6-4,,,,,,,,,,,,,,,,,,,,,,,,,,,,2025.0,True,6.0,11.0,Novak Djokovic,https://www.tennisabstract.com/cgi-bin/player-classic.cgi?p=NovakDjokovic,(ch),1.08,0.047,0.039,0.659,0.6940000000000001,0.409,13.0,19.0,0.6842105263157895,199.0,NOVAK DJOKOVIC,ALEX DE MINAUR,1-6 6-4 6-4 6-4,2025|2025-06-30|Wimbledon|R16|NOVAK DJOKOVIC|ALEX DE MINAUR|1-6 6-4 6-4 6-4
2025-06-30,Wimbledon,Grass,R16,Novak Djokovic,De Minaur,1-6 6-4 6-4 6-4,,,,,,,,,,,,,,,,,,,,,,,,,,,,2025.0,False,11.0,6.0,Alex De Minaur,https://www.tennisabstract.com/cgi-bin/player-classic.cgi?p=AlexDeMinaur,(ch),0.93,0.009000000000000001,0.035,0.5489999999999999,0.565,0.569,7.0,13.0,0.5384615384615384,199.0,NOVAK DJOKOVIC,DE MINAUR,1-6 6-4 6-4 6-4,2025|2025-06-30|Wimbledon|R16|NOVAK DJOKOVIC|DE MINAUR|1-6 6-4 6-4 6-4
2025-06-30,Wimbledon,Grass,R16,Taylor Fritz,Jordan Thompson,6-1 3-0 RET,14.57,0.25,0.0,0.5,1.0,0.917,0.0,0.0,,0.07,0.036000000000000004,0.036000000000000004,0.607,0.529,0.182,1.0,5.0,0.2,"{'ace_pct': 0.25, 'df_pct': 0.0, 'first_in_pct': 0.5, 'first_won_pct': 1.0, 'second_won_pct': 0.917, 'bpsvd_num': 0, 'bpsvd_den': 0}","{'ace_pct': 0.036000000000000004, 'df_pct': 0.036000000000000004, 'first_in_pct': 0.607, 'first_won_pct': 0.529, 'second_won_pct': 0.182, 'bpsvd_pct': 0.2, 'bpsvd_num': 1, 'bpsvd_den': 5}",5.0,44.0,14.57,41.0,player_profile_classic,player_profile_classic,"['Jordan Thompson', 'Taylor Fritz']",,,,,,,,,,,,,,,,,,,,,
2025-06-30,Wimbledon,Grass,R32,Alex De Minaur,August Holmgren,6-4 7-6(5) 6-3,,,,,,,,,,,,,,,,,,,,,,,,,,,,2025.0,False,192.0,11.0,August Holmgren,https://www.tennisabstract.com/cgi-bin/player-classic.cgi?p=AugustHolmgren,,0.67,0.054000000000000006,0.045,0.649,0.736,0.436,9.0,12.0,0.75,141.0,ALEX DE MINAUR,AUGUST HOLMGREN,6-4 7-6(5) 6-3,2025|2025-06-30|Wimbledon|R32|ALEX DE MINAUR|AUGUST HOLMGREN|6-4 7-6(5) 6-3
2025-06-30,Wimbledon,Grass,R32,Andrey Rublev,Adrian Mannarino,7-5 6-2 6-3,1.25,0.141,0.04,0.5660000000000001,0.804,0.535,9.0,10.0,0.9,0.8,0.10099999999999999,0.013000000000000001,0.7090000000000001,0.6609999999999999,0.478,3.0,8.0,0.375,"{'ace_pct': 0.141, 'df_pct': 0.04, 'first_in_pct': 0.5660000000000001, 'first_won_pct': 0.804, 'second_won_pct': 0.535, 'bpsvd_pct': 0.9, 'bpsvd_num': 9, 'bpsvd_den': 10}","{'ace_pct': 0.10099999999999999, 'df_pct': 0.013000000000000001, 'first_in_pct': 0.7090000000000001, 'first_won_pct': 0.6609999999999999, 'second_won_pct': 0.478, 'bpsvd_pct': 0.375, 'bpsvd_num': 3, 'bpsvd_den': 8}",14.0,123.0,1.25,119.0,player_profile_classic,player_profile_classic,"['Adrian Mannarino', 'Andrey Rublev']",,,,,,,,,,,,,,,,,,,,,
2025-06-30,Wimbledon,Grass,R32,Ben Shelton,Marton Fucsovics,6-3 7-6(4) 6-2,1.4,0.099,0.0,0.736,0.8059999999999999,0.5,3.0,4.0,0.75,0.72,0.081,0.023,0.6509999999999999,0.696,0.467,3.0,7.0,0.42857142857142855,"{'ace_pct': 0.099, 'df_pct': 0.0, 'first_in_pct': 0.736, 'first_won_pct': 0.8059999999999999, 'second_won_pct': 0.5, 'bpsvd_pct': 0.75, 'bpsvd_num': 3, 'bpsvd_den': 4}","{'ace_pct': 0.081, 'df_pct': 0.023, 'first_in_pct': 0.6509999999999999, 'first_won_pct': 0.696, 'second_won_pct': 0.467, 'bpsvd_pct': 0.42857142857142855, 'bpsvd_num': 3, 'bpsvd_den': 7}",10.0,105.0,1.4,120.0,player_profile_classic,player_profile_classic,"['Ben Shelton', 'Marton Fucsovics']",,,,,,,,,,,,,,,,,,,,,
2025-06-30,Wimbledon,Grass,R32,Cameron Norrie,Mattia Bellucci,7-6(5) 6-4 6-3,1.21,0.057999999999999996,0.019,0.6409999999999999,0.652,0.622,8.0,11.0,0.7272727272727273,0.83,0.065,0.07400000000000001,0.491,0.623,0.509,6.0,12.0,0.5,"{'ace_pct': 0.057999999999999996, 'df_pct': 0.019, 'first_in_pct': 0.6409999999999999, 'first_won_pct': 0.652, 'second_won_pct': 0.622, 'bpsvd_pct': 0.7272727272727273, 'bpsvd_num': 8, 'bpsvd_den': 11}","{'ace_pct': 0.065, 'df_pct': 0.07400000000000001, 'first_in_pct': 0.491, 'first_won_pct': 0.623, 'second_won_pct': 0.509, 'bpsvd_pct': 0.5, 'bpsvd_num': 6, 'bpsvd_den': 12}",61.0,73.0,1.21,148.0,player_profile_classic,player_profile_classic,"['Cameron Norrie', 'Mattia Bellucci']",,,,,,,,,,,,,,,,,,,,,
2025-06-30,Wimbledon,Grass,R32,Carlos Alcaraz,Jan Lennard Struff,6-1 3-6 6-3 6-4,1.33,0.09300000000000001,0.037000000000000005,0.583,0.73,0.622,3.0,5.0,0.6,0.75,0.107,0.08199999999999999,0.5489999999999999,0.746,0.382,7.0,12.0,0.5833333333333334,"{'ace_pct': 0.09300000000000001, 'df_pct': 0.037000000000000005, 'first_in_pct': 0.583, 'first_won_pct': 0.73, 'second_won_pct': 0.622, 'bpsvd_pct': 0.6, 'bpsvd_num': 3, 'bpsvd_den': 5}","{'ace_pct': 0.107, 'df_pct': 0.08199999999999999, 'first_in_pct': 0.5489999999999999, 'first_won_pct': 0.746, 'second_won_pct': 0.382, 'bpsvd_pct': 0.5833333333333334, 'bpsvd_num': 7, 'bpsvd_den': 12}",2.0,125.0,1.33,145.0,player_profile_classic,player_profile_classic,"['Carlos Alcaraz', 'Jan Lennard Struff']",,,,,,,,,,,,,,,,,,,,,
2025-06-30,Wimbledon,Grass,R32,De Minaur,August Holmgren,6-4 7-6(5) 6-3,,,,,,,,,,,,,,,,,,,,,,,,,,,,2025.0,True,11.0,192.0,Alex De Minaur,https://www.tennisabstract.com/cgi-bin/player-classic.cgi?p=AlexDeMinaur,,1.49,0.032,0.011000000000000001,0.5589999999999999,0.846,0.634,4.0,5.0,0.8,141.0,DE MINAUR,AUGUST HOLMGREN,6-4 7-6(5) 6-3,2025|2025-06-30|Wimbledon|R32|DE MINAUR|AUGUST HOLMGREN|6-4 7-6(5) 6-3
2025-06-30,Wimbledon,Grass,R32,Flavio Cobolli,Jakub Mensik,6-2 6-4 6-2,,,,,,,,,,,,,,,,,,,,,,,,,,,,2025.0,False,17.0,24.0,Jakub Mensik,https://www.tennisabstract.com/cgi-bin/player-classic.cgi?p=JakubMensik,,0.6,0.11800000000000001,0.075,0.581,0.648,0.385,12.0,17.0,0.7058823529411765,108.0,FLAVIO COBOLLI,JAKUB MENSIK,6-2 6-4 6-2,2025|2025-06-30|Wimbledon|R32|FLAVIO COBOLLI|JAKUB MENSIK|6-2 6-4 6-2
2025-06-30,Wimbledon,Grass,R32,Grigor Dimitrov,Sebastian Ofner,6-3 6-4 7-6(0),1.34,0.155,0.07200000000000001,0.588,0.807,0.6,2.0,3.0,0.6666666666666666,0.74,0.077,0.044000000000000004,0.5379999999999999,0.6729999999999999,0.5710000000000001,3.0,6.0,0.5,"{'ace_pct': 0.155, 'df_pct': 0.07200000000000001, 'first_in_pct': 0.588, 'first_won_pct': 0.807, 'second_won_pct': 0.6, 'bpsvd_pct': 0.6666666666666666, 'bpsvd_num': 2, 'bpsvd_den': 3}","{'ace_pct': 0.077, 'df_pct': 0.044000000000000004, 'first_in_pct': 0.5379999999999999, 'first_won_pct': 0.6729999999999999, 'second_won_pct': 0.5710000000000001, 'bpsvd_pct': 0.5, 'bpsvd_num': 3, 'bpsvd_den': 6}",21.0,165.0,1.34,145.0,player_profile_classic,player_profile_classic,"['Grigor Dimitrov', 'Sebastian Ofner']",,,,,,,,,,,,,,,,,,,,,
2025-06-30,Wimbledon,Grass,R32,Jannik Sinner,Pedro Martinez,6-1 6-3 6-1,1.78,0.149,0.040999999999999995,0.581,0.7909999999999999,0.613,4.0,4.0,1.0,0.56,0.0,0.0,0.759,0.5329999999999999,0.368,8.0,14.0,0.5714285714285714,"{'ace_pct': 0.149, 'df_pct': 0.040999999999999995, 'first_in_pct': 0.581, 'first_won_pct': 0.7909999999999999, 'second_won_pct': 0.613, 'bpsvd_pct': 1.0, 'bpsvd_num': 4, 'bpsvd_den': 4}","{'ace_pct': 0.0, 'df_pct': 0.0, 'first_in_pct': 0.759, 'first_won_pct': 0.5329999999999999, 'second_won_pct': 0.368, 'bpsvd_pct': 0.5714285714285714, 'bpsvd_num': 8, 'bpsvd_den': 14}",1.0,52.0,1.78,115.0,player_profile_classic,player_profile_classic,"['Jannik Sinner', 'Pedro Martinez']",,,,,,,,,,,,,,,,,,,,,
2025-06-30,Wimbledon,Grass,R32,Jordan Thompson,Luciano Darderi,6-4 6-4 3-6 6-3,,,,,,,,,,,,,,,,,,,,,,,,,,,,2025.0,True,44.0,59.0,Jordan Thompson,https://www.tennisabstract.com/cgi-bin/player-classic.cgi?p=JordanThompson,,1.1,0.151,0.0,0.627,0.759,0.574,7.0,8.0,0.875,174.0,JORDAN THOMPSON,LUCIANO DARDERI,6-4 6-4 3-6 6-3,2025|2025-06-30|Wimbledon|R32|JORDAN THOMPSON|LUCIANO DARDERI|6-4 6-4 3-6 6-3
2025-06-30,Wimbledon,Grass,R32,Kamil Majchrzak,Arthur Rinderknech,6-3 7-6(4) 7-6(6),1.14,0.076,0.008,0.672,0.688,0.667,4.0,5.0,0.8,0.88,0.168,0.053,0.584,0.773,0.447,7.0,9.0,0.7777777777777778,"{'ace_pct': 0.076, 'df_pct': 0.008, 'first_in_pct': 0.672, 'first_won_pct': 0.688, 'second_won_pct': 0.667, 'bpsvd_pct': 0.8, 'bpsvd_num': 4, 'bpsvd_den': 5}","{'ace_pct': 0.168, 'df_pct': 0.053, 'first_in_pct': 0.584, 'first_won_pct': 0.773, 'second_won_pct': 0.447, 'bpsvd_pct': 0.7777777777777778, 'bpsvd_num': 7, 'bpsvd_den': 9}",109.0,72.0,1.14,166.0,player_profile_classic,player_profile_classic,"['Arthur Rinderknech', 'Kamil Majchrzak']",,,,,,,,,,,,,,,,,,,,,
2025-06-30,Wimbledon,Grass,R32,Karen Khachanov,Nuno Borges,7-6(6) 4-6 4-6 6-3 7-6(8),1.05,0.064,0.035,0.6609999999999999,0.726,0.603,8.0,13.0,0.6153846153846154,0.95,0.053,0.024,0.722,0.754,0.447,8.0,12.0,0.6666666666666666,"{'ace_pct': 0.064, 'df_pct': 0.035, 'first_in_pct': 0.6609999999999999, 'first_won_pct': 0.726, 'second_won_pct': 0.603, 'bpsvd_pct': 0.6153846153846154, 'bpsvd_num': 8, 'bpsvd_den': 13}","{'ace_pct': 0.053, 'df_pct': 0.024, 'first_in_pct': 0.722, 'first_won_pct': 0.754, 'second_won_pct': 0.447, 'bpsvd_pct': 0.6666666666666666, 'bpsvd_num': 8, 'bpsvd_den': 12}",20.0,37.0,1.05,228.0,player_profile_classic,player_profile_classic,"['Karen Khachanov', 'Nuno Borges']",,,,,,,,,,,,,,,,,,,,,
2025-06-30,Wimbledon,Grass,R32,Lorenzo Sonego,Brandon Nakashima,6-7(5) 7-6(8) 7-6(2) 3-6 7-6(3),1.01,0.085,0.005,0.7609999999999999,0.706,0.667,7.0,10.0,0.7,0.99,0.08,0.005,0.7290000000000001,0.731,0.593,10.0,12.0,0.8333333333333334,"{'ace_pct': 0.085, 'df_pct': 0.005, 'first_in_pct': 0.7609999999999999, 'first_won_pct': 0.706, 'second_won_pct': 0.667, 'bpsvd_pct': 0.7, 'bpsvd_num': 7, 'bpsvd_den': 10}","{'ace_pct': 0.08, 'df_pct': 0.005, 'first_in_pct': 0.7290000000000001, 'first_won_pct': 0.731, 'second_won_pct': 0.593, 'bpsvd_pct': 0.8333333333333334, 'bpsvd_num': 10, 'bpsvd_den': 12}",47.0,34.0,1.01,304.0,player_profile_classic,player_profile_classic,"['Brandon Nakashima', 'Lorenzo Sonego']",,,,,,,,,,,,,,,,,,,,,
2025-06-30,Wimbledon,Grass,R32,Marin Cilic,Jaume Munar,6-3 3-6 6-2 6-4,0.95,0.10400000000000001,0.006999999999999999,0.619,0.735,0.431,6.0,8.0,0.75,1.05,0.059000000000000004,0.059000000000000004,0.618,0.762,0.436,3.0,8.0,0.375,"{'ace_pct': 0.10400000000000001, 'df_pct': 0.006999999999999999, 'first_in_pct': 0.619, 'first_won_pct': 0.735, 'second_won_pct': 0.431, 'bpsvd_pct': 0.75, 'bpsvd_num': 6, 'bpsvd_den': 8}","{'ace_pct': 0.059000000000000004, 'df_pct': 0.059000000000000004, 'first_in_pct': 0.618, 'first_won_pct': 0.762, 'second_won_pct': 0.436, 'bpsvd_pct': 0.375, 'bpsvd_num': 3, 'bpsvd_den': 8}",83.0,55.0,0.95,186.0,player_profile_classic,player_profile_classic,"['Jaume Munar', 'Marin Cilic']",,,,,,,,,,,,,,,,,,,,,
2025-06-30,Wimbledon,Grass,R32,Nicolas Jarry,Joao Fonseca,6-3 6-4 3-6 7-6(4),1.16,0.188,0.053,0.669,0.787,0.545,10.0,11.0,0.9090909090909091,0.86,0.061,0.015,0.72,0.705,0.541,5.0,7.0,0.7142857142857143,"{'ace_pct': 0.188, 'df_pct': 0.053, 'first_in_pct': 0.669, 'first_won_pct': 0.787, 'second_won_pct': 0.545, 'bpsvd_pct': 0.9090909090909091, 'bpsvd_num': 10, 'bpsvd_den': 11}","{'ace_pct': 0.061, 'df_pct': 0.015, 'first_in_pct': 0.72, 'first_won_pct': 0.705, 'second_won_pct': 0.541, 'bpsvd_pct': 0.7142857142857143, 'bpsvd_num': 5, 'bpsvd_den': 7}",143.0,54.0,1.16,188.0,player_profile_classic,player_profile_classic,"['Joao Fonseca', 'Nicolas Jarry']",,,,,,,,,,,,,,,,,,,,,
2025-06-30,Wimbledon,Grass,R32,Novak Djokovic,Miomir Kecmanovic,6-3 6-0 6-4,2.01,0.23199999999999998,0.043,0.71,0.816,0.6,0.0,1.0,0.0,0.5,0.034,0.011000000000000001,0.652,0.569,0.387,4.0,10.0,0.4,"{'ace_pct': 0.23199999999999998, 'df_pct': 0.043, 'first_in_pct': 0.71, 'first_won_pct': 0.816, 'second_won_pct': 0.6, 'bpsvd_pct': 0.0, 'bpsvd_num': 0, 'bpsvd_den': 1}","{'ace_pct': 0.034, 'df_pct': 0.011000000000000001, 'first_in_pct': 0.652, 'first_won_pct': 0.569, 'second_won_pct': 0.387, 'bpsvd_pct': 0.4, 'bpsvd_num': 4, 'bpsvd_den': 10}",6.0,49.0,2.01,107.0,player_profile_classic,player_profile_classic,"['Miomir Kecmanovic', 'Novak Djokovic']",,,,,,,,,,,,,,,,,,,,,
2025-06-30,Wimbledon,Grass,R32,Taylor Fritz,Alejandro Davidovich Fokina,6-4 6-3 6-7(5) 6-1,,,,,,,,,,,,,,,,,,,,,,,,,,,,2025.0,True,5.0,27.0,Taylor Fritz,https://www.tennisabstract.com/cgi-bin/player-classic.cgi?p=TaylorFritz,(ch),1.38,0.142,0.008,0.65,0.782,0.5479999999999999,7.0,8.0,0.875,192.0,TAYLOR FRITZ,ALEJANDRO DAVIDOVICH FOKINA,6-4 6-3 6-7(5) 6-1,2025|2025-06-30|Wimbledon|R32|TAYLOR FRITZ|ALEJANDRO DAVIDOVICH FOKINA|6-4 6-3 6-7(5) 6-1
2025-06-30,Wimbledon,Grass,R32,Taylor Fritz,Davidovich Fokina,6-4 6-3 6-7(5) 6-1,,,,,,,,,,,,,,,,,,,,,,,,,,,,2025.0,False,27.0,5.0,Alejandro Davidovich Fokina,https://www.tennisabstract.com/cgi-bin/player-classic.cgi?p=AlejandroDavidovichFokina,(ch),0.72,0.038,0.023,0.738,0.604,0.529,8.0,15.0,0.5333333333333333,192.0,TAYLOR FRITZ,DAVIDOVICH FOKINA,6-4 6-3 6-7(5) 6-1,2025|2025-06-30|Wimbledon|R32|TAYLOR FRITZ|DAVIDOVICH FOKINA|6-4 6-3 6-7(5) 6-1
2025-06-30,Wimbledon,Grass,R64,Adrian Mannarino,Valentin Royer,6-4 6-4 5-7 7-6(1),1.39,0.14,0.016,0.605,0.8590000000000001,0.569,3.0,4.0,0.75,0.72,0.08199999999999999,0.027000000000000003,0.637,0.677,0.585,9.0,11.0,0.8181818181818182,"{'ace_pct': 0.14, 'df_pct': 0.016, 'first_in_pct': 0.605, 'first_won_pct': 0.8590000000000001, 'second_won_pct': 0.569, 'bpsvd_pct': 0.75, 'bpsvd_num': 3, 'bpsvd_den': 4}","{'ace_pct': 0.08199999999999999, 'df_pct': 0.027000000000000003, 'first_in_pct': 0.637, 'first_won_pct': 0.677, 'second_won_pct': 0.585, 'bpsvd_pct': 0.8181818181818182, 'bpsvd_num': 9, 'bpsvd_den': 11}",123.0,113.0,1.39,203.0,player_profile_classic,player_profile_classic,"['Adrian Mannarino', 'Valentin Royer']",,,,,,,,,,,,,,,,,,,,,
2025-06-30,Wimbledon,Grass,R64,Alejandro Davidovich Fokina,Van De Zandschulp,6-1 4-6 6-3 7-6(5),,,,,,,,,,,,,,,,,,,,,,,,,,,,2025.0,False,92.0,27.0,Botic Van De Zandschulp,https://www.tennisabstract.com/cgi-bin/player-classic.cgi?p=BoticVanDeZandschulp,,0.75,0.044000000000000004,0.044000000000000004,0.679,0.6559999999999999,0.341,9.0,15.0,0.6,187.0,ALEJANDRO DAVIDOVICH FOKINA,VAN DE ZANDSCHULP,6-1 4-6 6-3 7-6(5),2025|2025-06-30|Wimbledon|R64|ALEJANDRO DAVIDOVICH FOKINA|VAN DE ZANDSCHULP|6-1 4-6 6-3 7-6(5)
2025-06-30,Wimbledon,Grass,R64,Alex De Minaur,Arthur Cazaux,4-6 6-2 6-4 6-0,,,,,,,,,,,,,,,,,,,,,,,,,,,,2025.0,False,115.0,11.0,Arthur Cazaux,https://www.tennisabstract.com/cgi-bin/player-classic.cgi?p=ArthurCazaux,,0.66,0.092,0.033,0.542,0.6459999999999999,0.4,13.0,20.0,0.65,168.0,ALEX DE MINAUR,ARTHUR CAZAUX,4-6 6-2 6-4 6-0,2025|2025-06-30|Wimbledon|R64|ALEX DE MINAUR|ARTHUR CAZAUX|4-6 6-2 6-4 6-0
2025-06-30,Wimbledon,Grass,R64,Andrey Rublev,Lloyd Harris,6-7(1) 6-4 7-6(5) 6-3,,,,,,,,,,,,,,,,,,,,,,,,,,,,2025.0,True,14.0,320.0,Andrey Rublev,https://www.tennisabstract.com/cgi-bin/player-classic.cgi?p=AndreyRublev,,1.51,0.10099999999999999,0.05,0.6809999999999999,0.877,0.579,3.0,4.0,0.75,165.0,ANDREY RUBLEV,LLOYD HARRIS,6-7(1) 6-4 7-6(5) 6-3,2025|2025-06-30|Wimbledon|R64|ANDREY RUBLEV|LLOYD HARRIS|6-7(1) 6-4 7-6(5) 6-3
2025-06-30,Wimbledon,Grass,R64,Arthur Rinderknech,Cristian Garin,3-6 6-3 7-6(3) 4-6 6-3,0.99,0.08800000000000001,0.038,0.623,0.7070000000000001,0.583,5.0,8.0,0.625,1.01,0.065,0.006,0.708,0.67,0.644,10.0,13.0,0.7692307692307693,"{'ace_pct': 0.08800000000000001, 'df_pct': 0.038, 'first_in_pct': 0.623, 'first_won_pct': 0.7070000000000001, 'second_won_pct': 0.583, 'bpsvd_pct': 0.625, 'bpsvd_num': 5, 'bpsvd_den': 8}","{'ace_pct': 0.065, 'df_pct': 0.006, 'first_in_pct': 0.708, 'first_won_pct': 0.67, 'second_won_pct': 0.644, 'bpsvd_pct': 0.7692307692307693, 'bpsvd_num': 10, 'bpsvd_den': 13}",72.0,110.0,0.99,227.0,player_profile_classic,player_profile_classic,"['Arthur Rinderknech', 'Cristian Garin']",,,,,,,,,,,,,,,,,,,,,
2025-06-30,Wimbledon,Grass,R64,August Holmgren,Tomas Machac,7-6(5) 6-7(8) 6-7(5) 7-5 7-6(5),1.08,0.172,0.059000000000000004,0.534,0.8809999999999999,0.516,9.0,10.0,0.9,0.93,0.09300000000000001,0.044000000000000004,0.6779999999999999,0.7190000000000001,0.621,5.0,7.0,0.7142857142857143,"{'ace_pct': 0.172, 'df_pct': 0.059000000000000004, 'first_in_pct': 0.534, 'first_won_pct': 0.8809999999999999, 'second_won_pct': 0.516, 'bpsvd_pct': 0.9, 'bpsvd_num': 9, 'bpsvd_den': 10}","{'ace_pct': 0.09300000000000001, 'df_pct': 0.044000000000000004, 'first_in_pct': 0.6779999999999999, 'first_won_pct': 0.7190000000000001, 'second_won_pct': 0.621, 'bpsvd_pct': 0.7142857142857143, 'bpsvd_num': 5, 'bpsvd_den': 7}",192.0,23.0,1.08,279.0,player_profile_classic,player_profile_classic,"['August Holmgren', 'Tomas Machac']",,,,,,,,,,,,,,,,,,,,,
2025-06-30,Wimbledon,Grass,R64,Ben Shelton,Rinky Hijikata,6-2 7-5 6-4,1.52,0.11800000000000001,0.043,0.5589999999999999,0.75,0.7070000000000001,3.0,3.0,1.0,0.66,0.02,0.02,0.6940000000000001,0.618,0.5329999999999999,8.0,12.0,0.6666666666666666,"{'ace_pct': 0.11800000000000001, 'df_pct': 0.043, 'first_in_pct': 0.5589999999999999, 'first_won_pct': 0.75, 'second_won_pct': 0.7070000000000001, 'bpsvd_pct': 1.0, 'bpsvd_num': 3, 'bpsvd_den': 3}","{'ace_pct': 0.02, 'df_pct': 0.02, 'first_in_pct': 0.6940000000000001, 'first_won_pct': 0.618, 'second_won_pct': 0.5329999999999999, 'bpsvd_pct': 0.6666666666666666, 'bpsvd_num': 8, 'bpsvd_den': 12}",10.0,87.0,1.52,132.0,player_profile_classic,player_profile_classic,"['Ben Shelton', 'Rinky Hijikata']",,,,,,,,,,,,,,,,,,,,,
2025-06-30,Wimbledon,Grass,R64,Brandon Nakashima,Reilly Opelka,7-5 6-2 6-7(6) 6-3,1.76,0.107,0.0,0.768,0.826,0.6920000000000001,2.0,2.0,1.0,0.57,0.185,0.038,0.6,0.7559999999999999,0.462,6.0,10.0,0.6,"{'ace_pct': 0.107, 'df_pct': 0.0, 'first_in_pct': 0.768, 'first_won_pct': 0.826, 'second_won_pct': 0.6920000000000001, 'bpsvd_pct': 1.0, 'bpsvd_num': 2, 'bpsvd_den': 2}","{'ace_pct': 0.185, 'df_pct': 0.038, 'first_in_pct': 0.6, 'first_won_pct': 0.7559999999999999, 'second_won_pct': 0.462, 'bpsvd_pct': 0.6, 'bpsvd_num': 6, 'bpsvd_den': 10}",34.0,70.0,1.76,146.0,player_profile_classic,player_profile_classic,"['Brandon Nakashima', 'Reilly Opelka']",,,,,,,,,,,,,,,,,,,,,
2025-06-30,Wimbledon,Grass,R64,Cameron Norrie,Frances Tiafoe,4-6 6-4 6-3 7-5,,,,,,,,,,,,,,,,,,,,,,,,,,,,2025.0,True,61.0,12.0,Cameron Norrie,https://www.tennisabstract.com/cgi-bin/player-classic.cgi?p=CameronNorrie,,1.32,0.142,0.025,0.758,0.758,0.483,6.0,9.0,0.6666666666666666,176.0,CAMERON NORRIE,FRANCES TIAFOE,4-6 6-4 6-3 7-5,2025|2025-06-30|Wimbledon|R64|CAMERON NORRIE|FRANCES TIAFOE|4-6 6-4 6-3 7-5
2025-06-30,Wimbledon,Grass,R64,Carlos Alcaraz,Oliver Tarvet,6-1 6-4 6-4,1.39,0.031,0.042,0.6459999999999999,0.6940000000000001,0.529,9.0,11.0,0.8181818181818182,0.72,0.013000000000000001,0.013000000000000001,0.61,0.532,0.433,4.0,10.0,0.4,"{'ace_pct': 0.031, 'df_pct': 0.042, 'first_in_pct': 0.6459999999999999, 'first_won_pct': 0.6940000000000001, 'second_won_pct': 0.529, 'bpsvd_pct': 0.8181818181818182, 'bpsvd_num': 9, 'bpsvd_den': 11}","{'ace_pct': 0.013000000000000001, 'df_pct': 0.013000000000000001, 'first_in_pct': 0.61, 'first_won_pct': 0.532, 'second_won_pct': 0.433, 'bpsvd_pct': 0.4, 'bpsvd_num': 4, 'bpsvd_den': 10}",2.0,733.0,1.39,137.0,player_profile_classic,player_profile_classic,"['Carlos Alcaraz', 'Oliver Tarvet']",,,,,,,,,,,,,,,,,,,,,
2025-06-30,Wimbledon,Grass,R64,Davidovich Fokina,Botic Van De Zandschulp,6-1 4-6 6-3 7-6(5),,,,,,,,,,,,,,,,,,,,,,,,,,,,2025.0,True,27.0,92.0,Alejandro Davidovich Fokina,https://www.tennisabstract.com/cgi-bin/player-classic.cgi?p=AlejandroDavidovichFokina,,1.33,0.024,0.008,0.688,0.674,0.6409999999999999,8.0,11.0,0.7272727272727273,187.0,DAVIDOVICH FOKINA,BOTIC VAN DE ZANDSCHULP,6-1 4-6 6-3 7-6(5),2025|2025-06-30|Wimbledon|R64|DAVIDOVICH FOKINA|BOTIC VAN DE ZANDSCHULP|6-1 4-6 6-3 7-6(5)
2025-06-30,Wimbledon,Grass,R64,De Minaur,Arthur Cazaux,4-6 6-2 6-4 6-0,,,,,,,,,,,,,,,,,,,,,,,,,,,,2025.0,True,11.0,115.0,Alex De Minaur,https://www.tennisabstract.com/cgi-bin/player-classic.cgi?p=AlexDeMinaur,,1.51,0.021,0.021,0.588,0.737,0.625,2.0,4.0,0.5,168.0,DE MINAUR,ARTHUR CAZAUX,4-6 6-2 6-4 6-0,2025|2025-06-30|Wimbledon|R64|DE MINAUR|ARTHUR CAZAUX|4-6 6-2 6-4 6-0
2025-06-30,Wimbledon,Grass,R64,Flavio Cobolli,Pinnington Jones,6-1 7-6(6) 6-2,,,,,,,,,,,,,,,,,,,,,,,,,,,,2025.0,False,281.0,24.0,Jack Pinnington Jones,https://www.tennisabstract.com/cgi-bin/player-classic.cgi?p=JackPinningtonJones,,0.68,0.044000000000000004,0.044000000000000004,0.611,0.6,0.371,3.0,9.0,0.3333333333333333,115.0,FLAVIO COBOLLI,PINNINGTON JONES,6-1 7-6(6) 6-2,2025|2025-06-30|Wimbledon|R64|FLAVIO COBOLLI|PINNINGTON JONES|6-1 7-6(6) 6-2
2025-06-30,Wimbledon,Grass,R64,Grigor Dimitrov,Corentin Moutet,7-5 4-6 7-5 7-5,1.2,0.08,0.051,0.5720000000000001,0.7340000000000001,0.5589999999999999,5.0,9.0,0.5555555555555556,0.83,0.07400000000000001,0.027000000000000003,0.691,0.6409999999999999,0.478,8.0,14.0,0.5714285714285714,"{'ace_pct': 0.08, 'df_pct': 0.051, 'first_in_pct': 0.5720000000000001, 'first_won_pct': 0.7340000000000001, 'second_won_pct': 0.5589999999999999, 'bpsvd_pct': 0.5555555555555556, 'bpsvd_num': 5, 'bpsvd_den': 9}","{'ace_pct': 0.07400000000000001, 'df_pct': 0.027000000000000003, 'first_in_pct': 0.691, 'first_won_pct': 0.6409999999999999, 'second_won_pct': 0.478, 'bpsvd_pct': 0.5714285714285714, 'bpsvd_num': 8, 'bpsvd_den': 14}",21.0,69.0,1.2,218.0,player_profile_classic,player_profile_classic,"['Corentin Moutet', 'Grigor Dimitrov']",,,,,,,,,,,,,,,,,,,,,
2025-06-30,Wimbledon,Grass,R64,Jakub Mensik,Marcos Giron,6-4 3-6 6-4 7-6(4),1.07,0.20199999999999999,0.047,0.62,0.8,0.408,9.0,12.0,0.75,0.94,0.039,0.023,0.7440000000000001,0.667,0.515,4.0,8.0,0.5,"{'ace_pct': 0.20199999999999999, 'df_pct': 0.047, 'first_in_pct': 0.62, 'first_won_pct': 0.8, 'second_won_pct': 0.408, 'bpsvd_pct': 0.75, 'bpsvd_num': 9, 'bpsvd_den': 12}","{'ace_pct': 0.039, 'df_pct': 0.023, 'first_in_pct': 0.7440000000000001, 'first_won_pct': 0.667, 'second_won_pct': 0.515, 'bpsvd_pct': 0.5, 'bpsvd_num': 4, 'bpsvd_den': 8}",17.0,45.0,1.07,171.0,player_profile_classic,player_profile_classic,"['Jakub Mensik', 'Marcos Giron']",,,,,,,,,,,,,,,,,,,,,
2025-06-30,Wimbledon,Grass,R64,Jan Lennard Struff,Felix Auger Aliassime,3-6 7-6(9) 6-3 6-4,,,,,,,,,,,,,,,,,,,,,,,,,,,,2025.0,True,125.0,28.0,Jan Lennard Struff,https://www.tennisabstract.com/cgi-bin/player-classic.cgi?p=JanLennardStruff,,1.08,0.075,0.03,0.526,0.7140000000000001,0.54,10.0,13.0,0.7692307692307693,191.0,JAN LENNARD STRUFF,FELIX AUGER ALIASSIME,3-6 7-6(9) 6-3 6-4,2025|2025-06-30|Wimbledon|R64|JAN LENNARD STRUFF|FELIX AUGER ALIASSIME|3-6 7-6(9) 6-3 6-4
2025-06-30,Wimbledon,Grass,R64,Jannik Sinner,Aleksandar Vukic,6-1 6-1 6-3,1.87,0.15,0.0,0.637,0.6859999999999999,0.759,4.0,4.0,1.0,0.53,0.046,0.031,0.585,0.526,0.37,3.0,9.0,0.3333333333333333,"{'ace_pct': 0.15, 'df_pct': 0.0, 'first_in_pct': 0.637, 'first_won_pct': 0.6859999999999999, 'second_won_pct': 0.759, 'bpsvd_pct': 1.0, 'bpsvd_num': 4, 'bpsvd_den': 4}","{'ace_pct': 0.046, 'df_pct': 0.031, 'first_in_pct': 0.585, 'first_won_pct': 0.526, 'second_won_pct': 0.37, 'bpsvd_pct': 0.3333333333333333, 'bpsvd_num': 3, 'bpsvd_den': 9}",1.0,93.0,1.87,100.0,player_profile_classic,player_profile_classic,"['Aleksandar Vukic', 'Jannik Sinner']",,,,,,,,,,,,,,,,,,,,,
2025-06-30,Wimbledon,Grass,R64,Jaume Munar,Fabian Marozsan,6-2 6-3 7-6(9),1.31,0.057999999999999996,0.038,0.74,0.727,0.556,2.0,3.0,0.6666666666666666,0.76,0.03,0.03,0.713,0.597,0.552,4.0,9.0,0.4444444444444444,"{'ace_pct': 0.057999999999999996, 'df_pct': 0.038, 'first_in_pct': 0.74, 'first_won_pct': 0.727, 'second_won_pct': 0.556, 'bpsvd_pct': 0.6666666666666666, 'bpsvd_num': 2, 'bpsvd_den': 3}","{'ace_pct': 0.03, 'df_pct': 0.03, 'first_in_pct': 0.713, 'first_won_pct': 0.597, 'second_won_pct': 0.552, 'bpsvd_pct': 0.4444444444444444, 'bpsvd_num': 4, 'bpsvd_den': 9}",55.0,58.0,1.31,137.0,player_profile_classic,player_profile_classic,"['Fabian Marozsan', 'Jaume Munar']",,,,,,,,,,,,,,,,,,,,,
2025-06-30,Wimbledon,Grass,R64,Joao Fonseca,Jenson Brooksby,6-4 5-7 6-2 6-4,1.15,0.063,0.031,0.672,0.6859999999999999,0.524,10.0,13.0,0.7692307692307693,0.87,0.042,0.013999999999999999,0.66,0.6,0.531,11.0,17.0,0.6470588235294118,"{'ace_pct': 0.063, 'df_pct': 0.031, 'first_in_pct': 0.672, 'first_won_pct': 0.6859999999999999, 'second_won_pct': 0.524, 'bpsvd_pct': 0.7692307692307693, 'bpsvd_num': 10, 'bpsvd_den': 13}","{'ace_pct': 0.042, 'df_pct': 0.013999999999999999, 'first_in_pct': 0.66, 'first_won_pct': 0.6, 'second_won_pct': 0.531, 'bpsvd_pct': 0.6470588235294118, 'bpsvd_num': 11, 'bpsvd_den': 17}",54.0,101.0,1.15,193.0,player_profile_classic,player_profile_classic,"['Jenson Brooksby', 'Joao Fonseca']",,,,,,,,,,,,,,,,,,,,,
2025-06-30,Wimbledon,Grass,R64,Jordan Thompson,Benjamin Bonzi,7-5 6-7(2) 4-6 6-2 6-4,1.06,0.11800000000000001,0.035,0.565,0.75,0.5,6.0,8.0,0.75,0.94,0.075,0.017,0.647,0.67,0.525,9.0,14.0,0.6428571428571429,"{'ace_pct': 0.11800000000000001, 'df_pct': 0.035, 'first_in_pct': 0.565, 'first_won_pct': 0.75, 'second_won_pct': 0.5, 'bpsvd_pct': 0.75, 'bpsvd_num': 6, 'bpsvd_den': 8}","{'ace_pct': 0.075, 'df_pct': 0.017, 'first_in_pct': 0.647, 'first_won_pct': 0.67, 'second_won_pct': 0.525, 'bpsvd_pct': 0.6428571428571429, 'bpsvd_num': 9, 'bpsvd_den': 14}",44.0,64.0,1.06,231.0,player_profile_classic,player_profile_classic,"['Benjamin Bonzi', 'Jordan Thompson']",,,,,,,,,,,,,,,,,,,,,
2025-06-30,Wimbledon,Grass,R64,Kamil Majchrzak,Ethan Quinn,6-1 6-4 6-3,1.54,0.063,0.0,0.637,0.6859999999999999,0.69,4.0,5.0,0.8,0.65,0.10400000000000001,0.052000000000000005,0.727,0.625,0.23800000000000002,3.0,9.0,0.3333333333333333,"{'ace_pct': 0.063, 'df_pct': 0.0, 'first_in_pct': 0.637, 'first_won_pct': 0.6859999999999999, 'second_won_pct': 0.69, 'bpsvd_pct': 0.8, 'bpsvd_num': 4, 'bpsvd_den': 5}","{'ace_pct': 0.10400000000000001, 'df_pct': 0.052000000000000005, 'first_in_pct': 0.727, 'first_won_pct': 0.625, 'second_won_pct': 0.23800000000000002, 'bpsvd_pct': 0.3333333333333333, 'bpsvd_num': 3, 'bpsvd_den': 9}",109.0,89.0,1.54,94.0,player_profile_classic,player_profile_classic,"['Ethan Quinn', 'Kamil Majchrzak']",,,,,,,,,,,,,,,,,,,,,
2025-06-30,Wimbledon,Grass,R64,Karen Khachanov,Shintaro Mochizuki,1-6 7-6(7) 4-6 6-3 6-4,0.91,0.057,0.017,0.631,0.631,0.508,12.0,20.0,0.6,1.1,0.04,0.02,0.53,0.696,0.5429999999999999,10.0,16.0,0.625,"{'ace_pct': 0.057, 'df_pct': 0.017, 'first_in_pct': 0.631, 'first_won_pct': 0.631, 'second_won_pct': 0.508, 'bpsvd_pct': 0.6, 'bpsvd_num': 12, 'bpsvd_den': 20}","{'ace_pct': 0.04, 'df_pct': 0.02, 'first_in_pct': 0.53, 'first_won_pct': 0.696, 'second_won_pct': 0.5429999999999999, 'bpsvd_pct': 0.625, 'bpsvd_num': 10, 'bpsvd_den': 16}",20.0,144.0,0.91,219.0,player_profile_classic,player_profile_classic,"['Karen Khachanov', 'Shintaro Mochizuki']",,,,,,,,,,,,,,,,,,,,,
2025-06-30,Wimbledon,Grass,R64,Lorenzo Sonego,Nikoloz Basilashvili,6-1 6-3 6-7(3) 7-6(4),1.4,0.083,0.0,0.6579999999999999,0.759,0.634,2.0,4.0,0.5,0.71,0.038,0.069,0.58,0.75,0.4,6.0,12.0,0.5,"{'ace_pct': 0.083, 'df_pct': 0.0, 'first_in_pct': 0.6579999999999999, 'first_won_pct': 0.759, 'second_won_pct': 0.634, 'bpsvd_pct': 0.5, 'bpsvd_num': 2, 'bpsvd_den': 4}","{'ace_pct': 0.038, 'df_pct': 0.069, 'first_in_pct': 0.58, 'first_won_pct': 0.75, 'second_won_pct': 0.4, 'bpsvd_pct': 0.5, 'bpsvd_num': 6, 'bpsvd_den': 12}",47.0,126.0,1.4,181.0,player_profile_classic,player_profile_classic,"['Lorenzo Sonego', 'Nikoloz Basilashvili']",,,,,,,,,,,,,,,,,,,,,
2025-06-30,Wimbledon,Grass,R64,Luciano Darderi,Arthur Fery,6-4 6-3 6-3,,,,,,,,,,,,,,,,,,,,,,,,,,,,2025.0,False,461.0,59.0,Arthur Fery,https://www.tennisabstract.com/cgi-bin/player-classic.cgi?p=ArthurFery,,0.83,0.057,0.019,0.585,0.565,0.47700000000000004,13.0,19.0,0.6842105263157895,141.0,LUCIANO DARDERI,ARTHUR FERY,6-4 6-3 6-3,2025|2025-06-30|Wimbledon|R64|LUCIANO DARDERI|ARTHUR FERY|6-4 6-3 6-3
2025-06-30,Wimbledon,Grass,R64,Marin Cilic,Jack Draper,6-4 6-3 1-6 6-4,1.23,0.154,0.057999999999999996,0.5670000000000001,0.78,0.6,5.0,7.0,0.7142857142857143,0.81,0.128,0.0,0.624,0.735,0.46299999999999997,6.0,9.0,0.6666666666666666,"{'ace_pct': 0.154, 'df_pct': 0.057999999999999996, 'first_in_pct': 0.5670000000000001, 'first_won_pct': 0.78, 'second_won_pct': 0.6, 'bpsvd_pct': 0.7142857142857143, 'bpsvd_num': 5, 'bpsvd_den': 7}","{'ace_pct': 0.128, 'df_pct': 0.0, 'first_in_pct': 0.624, 'first_won_pct': 0.735, 'second_won_pct': 0.46299999999999997, 'bpsvd_pct': 0.6666666666666666, 'bpsvd_num': 6, 'bpsvd_den': 9}",83.0,4.0,1.23,159.0,player_profile_classic,player_profile_classic,"['Jack Draper', 'Marin Cilic']",,,,,,,,,,,,,,,,,,,,,
2025-06-30,Wimbledon,Grass,R64,Marton Fucsovics,Gael Monfils,6-4 1-6 4-6 7-6(5) 6-4,,,,,,,,,,,,,,,,,,,,,,,,,,,,2025.0,True,105.0,48.0,Marton Fucsovics,https://www.tennisabstract.com/cgi-bin/player-classic.cgi?p=MartonFucsovics,,0.94,0.006,0.057,0.623,0.6509999999999999,0.439,10.0,16.0,0.625,223.0,MARTON FUCSOVICS,GAEL MONFILS,6-4 1-6 4-6 7-6(5) 6-4,2025|2025-06-30|Wimbledon|R64|MARTON FUCSOVICS|GAEL MONFILS|6-4 1-6 4-6 7-6(5) 6-4
2025-06-30,Wimbledon,Grass,R64,Mattia Bellucci,Jiri Lehecka,7-6(4) 6-1 7-5,1.3,0.109,0.05,0.594,0.833,0.537,6.0,7.0,0.8571428571428571,0.77,0.09300000000000001,0.023,0.581,0.7,0.528,0.0,4.0,0.0,"{'ace_pct': 0.109, 'df_pct': 0.05, 'first_in_pct': 0.594, 'first_won_pct': 0.833, 'second_won_pct': 0.537, 'bpsvd_pct': 0.8571428571428571, 'bpsvd_num': 6, 'bpsvd_den': 7}","{'ace_pct': 0.09300000000000001, 'df_pct': 0.023, 'first_in_pct': 0.581, 'first_won_pct': 0.7, 'second_won_pct': 0.528, 'bpsvd_pct': 0.0, 'bpsvd_num': 0, 'bpsvd_den': 4}",73.0,25.0,1.3,127.0,player_profile_classic,player_profile_classic,"['Jiri Lehecka', 'Mattia Bellucci']",,,,,,,,,,,,,,,,,,,,,
2025-06-30,Wimbledon,Grass,R64,Miomir Kecmanovic,De Jong,1-6 6-3 6-2 6-4,,,,,,,,,,,,,,,,,,,,,,,,,,,,2025.0,False,106.0,49.0,Jesper De Jong,https://www.tennisabstract.com/cgi-bin/player-classic.cgi?p=JesperDeJong,,0.65,0.14300000000000002,0.045,0.491,0.764,0.439,4.0,8.0,0.5,133.0,MIOMIR KECMANOVIC,DE JONG,1-6 6-3 6-2 6-4,2025|2025-06-30|Wimbledon|R64|MIOMIR KECMANOVIC|DE JONG|1-6 6-3 6-2 6-4
2025-06-30,Wimbledon,Grass,R64,Miomir Kecmanovic,Jesper De Jong,1-6 6-3 6-2 6-4,,,,,,,,,,,,,,,,,,,,,,,,,,,,2025.0,True,49.0,106.0,Miomir Kecmanovic,https://www.tennisabstract.com/cgi-bin/player-classic.cgi?p=MiomirKecmanovic,,1.54,0.057,0.011000000000000001,0.625,0.782,0.667,2.0,4.0,0.5,133.0,MIOMIR KECMANOVIC,JESPER DE JONG,1-6 6-3 6-2 6-4,2025|2025-06-30|Wimbledon|R64|MIOMIR KECMANOVIC|JESPER DE JONG|1-6 6-3 6-2 6-4
2025-06-30,Wimbledon,Grass,R64,Nicolas Jarry,Learner Tien,6-2 6-2 6-3,2.73,0.14300000000000002,0.032,0.81,0.863,0.667,0.0,0.0,,0.37,0.07,0.057999999999999996,0.605,0.635,0.353,5.0,10.0,0.5,"{'ace_pct': 0.14300000000000002, 'df_pct': 0.032, 'first_in_pct': 0.81, 'first_won_pct': 0.863, 'second_won_pct': 0.667, 'bpsvd_num': 0, 'bpsvd_den': 0}","{'ace_pct': 0.07, 'df_pct': 0.057999999999999996, 'first_in_pct': 0.605, 'first_won_pct': 0.635, 'second_won_pct': 0.353, 'bpsvd_pct': 0.5, 'bpsvd_num': 5, 'bpsvd_den': 10}",143.0,62.0,2.73,98.0,player_profile_classic,player_profile_classic,"['Learner Tien', 'Nicolas Jarry']",,,,,,,,,,,,,,,,,,,,,
2025-06-30,Wimbledon,Grass,R64,Novak Djokovic,Daniel Evans,6-3 6-2 6-0,3.4,0.19,0.034,0.7759999999999999,0.889,0.6920000000000001,2.0,2.0,1.0,0.29,0.055,0.033,0.648,0.5760000000000001,0.281,10.0,16.0,0.625,"{'ace_pct': 0.19, 'df_pct': 0.034, 'first_in_pct': 0.7759999999999999, 'first_won_pct': 0.889, 'second_won_pct': 0.6920000000000001, 'bpsvd_pct': 1.0, 'bpsvd_num': 2, 'bpsvd_den': 2}","{'ace_pct': 0.055, 'df_pct': 0.033, 'first_in_pct': 0.648, 'first_won_pct': 0.5760000000000001, 'second_won_pct': 0.281, 'bpsvd_pct': 0.625, 'bpsvd_num': 10, 'bpsvd_den': 16}",6.0,154.0,3.4,107.0,player_profile_classic,player_profile_classic,"['Daniel Evans', 'Novak Djokovic']",,,,,,,,,,,,,,,,,,,,,
2025-06-30,Wimbledon,Grass,R64,Nuno Borges,Billy Harris,6-3 6-4 7-6(7),1.35,0.096,0.026000000000000002,0.675,0.805,0.486,8.0,8.0,1.0,0.74,0.063,0.018000000000000002,0.723,0.654,0.452,4.0,6.0,0.6666666666666666,"{'ace_pct': 0.096, 'df_pct': 0.026000000000000002, 'first_in_pct': 0.675, 'first_won_pct': 0.805, 'second_won_pct': 0.486, 'bpsvd_pct': 1.0, 'bpsvd_num': 8, 'bpsvd_den': 8}","{'ace_pct': 0.063, 'df_pct': 0.018000000000000002, 'first_in_pct': 0.723, 'first_won_pct': 0.654, 'second_won_pct': 0.452, 'bpsvd_pct': 0.6666666666666666, 'bpsvd_num': 4, 'bpsvd_den': 6}",37.0,151.0,1.35,150.0,player_profile_classic,player_profile_classic,"['Billy Harris', 'Nuno Borges']",,,,,,,,,,,,,,,,,,,,,
2025-06-30,Wimbledon,Grass,R64,Pedro Martinez,Mariano Navone,7-5 7-5 7-6(6),1.02,0.0,0.039,0.659,0.647,0.545,7.0,10.0,0.7,0.98,0.046,0.027999999999999997,0.615,0.731,0.405,5.0,10.0,0.5,"{'ace_pct': 0.0, 'df_pct': 0.039, 'first_in_pct': 0.659, 'first_won_pct': 0.647, 'second_won_pct': 0.545, 'bpsvd_pct': 0.7, 'bpsvd_num': 7, 'bpsvd_den': 10}","{'ace_pct': 0.046, 'df_pct': 0.027999999999999997, 'first_in_pct': 0.615, 'first_won_pct': 0.731, 'second_won_pct': 0.405, 'bpsvd_pct': 0.5, 'bpsvd_num': 5, 'bpsvd_den': 10}",52.0,91.0,1.02,196.0,player_profile_classic,player_profile_classic,"['Mariano Navone', 'Pedro Martinez']",,,,,,,,,,,,,,,,,,,,,
2025-06-30,Wimbledon,Grass,R64,Sebastian Ofner,Tommy Paul,1-6 7-5 6-4 7-5,0.93,0.063,0.049,0.47200000000000003,0.7609999999999999,0.493,10.0,14.0,0.7142857142857143,1.07,0.044000000000000004,0.027000000000000003,0.531,0.7170000000000001,0.5660000000000001,0.0,4.0,0.0,"{'ace_pct': 0.063, 'df_pct': 0.049, 'first_in_pct': 0.47200000000000003, 'first_won_pct': 0.7609999999999999, 'second_won_pct': 0.493, 'bpsvd_pct': 0.7142857142857143, 'bpsvd_num': 10, 'bpsvd_den': 14}","{'ace_pct': 0.044000000000000004, 'df_pct': 0.027000000000000003, 'first_in_pct': 0.531, 'first_won_pct': 0.7170000000000001, 'second_won_pct': 0.5660000000000001, 'bpsvd_pct': 0.0, 'bpsvd_num': 0, 'bpsvd_den': 4}",165.0,13.0,0.93,175.0,player_profile_classic,player_profile_classic,"['Sebastian Ofner', 'Tommy Paul']",,,,,,,,,,,,,,,,,,,,,
2025-06-30,Wimbledon,Grass,R64,Taylor Fritz,Gabriel Diallo,3-6 6-3 7-6(0) 4-6 6-3,,,,,,,,,,,,,,,,,,,,,,,,,,,,2025.0,True,5.0,40.0,Taylor Fritz,https://www.tennisabstract.com/cgi-bin/player-classic.cgi?p=TaylorFritz,(ch),1.42,0.203,0.03,0.662,0.795,0.667,3.0,6.0,0.5,186.0,TAYLOR FRITZ,GABRIEL DIALLO,3-6 6-3 7-6(0) 4-6 6-3,2025|2025-06-30|Wimbledon|R64|TAYLOR FRITZ|GABRIEL DIALLO|3-6 6-3 7-6(0) 4-6 6-3
2025-06-30,Wimbledon,Grass,SF,Carlos Alcaraz,Taylor Fritz,6-4 5-7 6-3 7-6(6),1.26,0.115,0.027000000000000003,0.6459999999999999,0.877,0.575,1.0,2.0,0.5,0.8,0.157,0.05,0.62,0.8,0.565,4.0,7.0,0.5714285714285714,"{'ace_pct': 0.115, 'df_pct': 0.027000000000000003, 'first_in_pct': 0.6459999999999999, 'first_won_pct': 0.877, 'second_won_pct': 0.575, 'bpsvd_pct': 0.5, 'bpsvd_num': 1, 'bpsvd_den': 2}","{'ace_pct': 0.157, 'df_pct': 0.05, 'first_in_pct': 0.62, 'first_won_pct': 0.8, 'second_won_pct': 0.565, 'bpsvd_pct': 0.5714285714285714, 'bpsvd_num': 4, 'bpsvd_den': 7}",2.0,5.0,1.26,169.0,player_profile_classic,player_profile_classic,"['Carlos Alcaraz', 'Taylor Fritz']",,,,,,,,,,,,,,,,,,,,,
2025-06-30,Wimbledon,Grass,SF,Jannik Sinner,Novak Djokovic,6-3 6-3 6-4,1.82,0.16399999999999998,0.027000000000000003,0.74,0.815,0.632,1.0,2.0,0.5,0.55,0.13,0.0,0.674,0.774,0.16699999999999998,5.0,10.0,0.5,"{'ace_pct': 0.16399999999999998, 'df_pct': 0.027000000000000003, 'first_in_pct': 0.74, 'first_won_pct': 0.815, 'second_won_pct': 0.632, 'bpsvd_pct': 0.5, 'bpsvd_num': 1, 'bpsvd_den': 2}","{'ace_pct': 0.13, 'df_pct': 0.0, 'first_in_pct': 0.674, 'first_won_pct': 0.774, 'second_won_pct': 0.16699999999999998, 'bpsvd_pct': 0.5, 'bpsvd_num': 5, 'bpsvd_den': 10}",1.0,6.0,1.82,115.0,player_profile_classic,player_profile_classic,"['Jannik Sinner', 'Novak Djokovic']",,,,,,,,,,,,,,,,,,,,,
