tourney_name,surface,draw_size,tourney_level,start_date,ta_url,round,winner_name,loser_name,winner_rank,loser_rank,score,time,dr,winner_stats,loser_stats
"2025 Auckland Tournament Results, Stats, and Analysis",HardDraw,28,C,2025-01-06,https://www.tennisabstract.com/cgi-bin/tourney.cgi?t=2025-0301%2FBrisbane,F,Gael Monfils,Zizou Bergs,52,66,6-3 6-4,,1.41,"{'ace_pct': 0.0141, 'first_in_pct': 0.067, 'first_won_pct': 0.55, 'second_won_pct': 0.879}","{'first_in_pct': 0.031, 'first_won_pct': 0.6559999999999999, 'second_won_pct': 0.7140000000000001}"
"2025 Auckland Tournament Results, Stats, and Analysis",HardDraw,28,C,2025-01-06,https://www.tennisabstract.com/cgi-bin/tourney.cgi?t=2025-0301%2FBrisbane,SF,Zizou Bergs,Nuno Borges,66,36,6-2 3-6 7-5,,1.05,"{'ace_pct': 0.0105, 'first_in_pct': 0.069, 'first_won_pct': 0.552, 'second_won_pct': 0.6459999999999999}","{'first_in_pct': 0.0, 'first_won_pct': 0.617, 'second_won_pct': 0.586}"
"2025 Auckland Tournament Results, Stats, and Analysis",HardDraw,28,C,2025-01-06,https://www.tennisabstract.com/cgi-bin/tourney.cgi?t=2025-0301%2FBrisbane,SF,Gael Monfils,Nishesh Basavareddy,52,133,7-6(5) 6-4,,0.75,"{'ace_pct': 0.0075, 'first_in_pct': 0.08, 'first_won_pct': 0.545, 'second_won_pct': 0.75}","{'first_in_pct': 0.051, 'first_won_pct': 0.644, 'second_won_pct': 0.711}"
"2025 Auckland Tournament Results, Stats, and Analysis",HardDraw,28,C,2025-01-06,https://www.tennisabstract.com/cgi-bin/tourney.cgi?t=2025-0301%2FBrisbane,QF,Nuno Borges,Jakub Mensik,36,49,6-7(4) 6-2 7-6(4),,1.13,"{'ace_pct': 0.0113, 'first_in_pct': 0.048, 'first_won_pct': 0.721, 'second_won_pct': 0.7070000000000001}","{'first_in_pct': 0.14400000000000002, 'first_won_pct': 0.593, 'second_won_pct': 0.757}"
"2025 Auckland Tournament Results, Stats, and Analysis",HardDraw,28,C,2025-01-06,https://www.tennisabstract.com/cgi-bin/tourney.cgi?t=2025-0301%2FBrisbane,QF,Zizou Bergs,Roberto Carballes Baena,66,59,1-6 6-2 6-3,,1.15,"{'ace_pct': 0.0115, 'first_in_pct': 0.031, 'first_won_pct': 0.569, 'second_won_pct': 0.703}","{'first_in_pct': 0.027000000000000003, 'first_won_pct': 0.608, 'second_won_pct': 0.711}"
"2025 Auckland Tournament Results, Stats, and Analysis",HardDraw,28,C,2025-01-06,https://www.tennisabstract.com/cgi-bin/tourney.cgi?t=2025-0301%2FBrisbane,QF,Gael Monfils,Facundo Diaz Acosta,52,78,6-3 6-1,,1.43,"{'ace_pct': 0.0143, 'first_in_pct': 0.077, 'first_won_pct': 0.635, 'second_won_pct': 0.848}","{'first_in_pct': 0.0, 'first_won_pct': 0.667, 'second_won_pct': 0.625}"
"2025 Auckland Tournament Results, Stats, and Analysis",HardDraw,28,C,2025-01-06,https://www.tennisabstract.com/cgi-bin/tourney.cgi?t=2025-0301%2FBrisbane,QF,Nishesh Basavareddy,Alex Michelsen,133,41,2-6 6-2 6-4,,1.21,"{'ace_pct': 0.0121, 'first_in_pct': 0.051, 'first_won_pct': 0.5820000000000001, 'second_won_pct': 0.804}","{'first_in_pct': 0.068, 'first_won_pct': 0.63, 'second_won_pct': 0.7829999999999999}"
"2025 Auckland Tournament Results, Stats, and Analysis",HardDraw,28,C,2025-01-06,https://www.tennisabstract.com/cgi-bin/tourney.cgi?t=2025-0301%2FBrisbane,R16,Jakub Mensik,Ben Shelton,49,21,7-6(2) 4-6 7-5,,1.16,"{'ace_pct': 0.0116, 'first_in_pct': 0.084, 'first_won_pct': 0.597, 'second_won_pct': 0.8029999999999999}","{'first_in_pct': 0.055, 'first_won_pct': 0.6609999999999999, 'second_won_pct': 0.643}"
"2025 Auckland Tournament Results, Stats, and Analysis",HardDraw,28,C,2025-01-06,https://www.tennisabstract.com/cgi-bin/tourney.cgi?t=2025-0301%2FBrisbane,R16,Nuno Borges,Mariano Navone,36,46,4-6 7-5 6-4,,0.99,"{'ace_pct': 0.009899999999999999, 'first_in_pct': 0.054000000000000006, 'first_won_pct': 0.6759999999999999, 'second_won_pct': 0.627}","{'first_in_pct': 0.039, 'first_won_pct': 0.618, 'second_won_pct': 0.6509999999999999}"
"2025 Auckland Tournament Results, Stats, and Analysis",HardDraw,28,C,2025-01-06,https://www.tennisabstract.com/cgi-bin/tourney.cgi?t=2025-0301%2FBrisbane,R16,Roberto Carballes Baena,Francisco Cerundolo,59,31,6-2 7-5,,1.28,"{'ace_pct': 0.0128, 'first_in_pct': 0.043, 'first_won_pct': 0.7390000000000001, 'second_won_pct': 0.725}","{'first_in_pct': 0.102, 'first_won_pct': 0.593, 'second_won_pct': 0.6859999999999999}"
"2025 Auckland Tournament Results, Stats, and Analysis",HardDraw,28,C,2025-01-06,https://www.tennisabstract.com/cgi-bin/tourney.cgi?t=2025-0301%2FBrisbane,R16,Zizou Bergs,Luca Nardi,66,90,6-1 6-4,,1.8,"{'ace_pct': 0.018000000000000002, 'first_in_pct': 0.149, 'first_won_pct': 0.5529999999999999, 'second_won_pct': 0.8079999999999999}","{'first_in_pct': 0.043, 'first_won_pct': 0.493, 'second_won_pct': 0.5589999999999999}"
"2025 Auckland Tournament Results, Stats, and Analysis",HardDraw,28,C,2025-01-06,https://www.tennisabstract.com/cgi-bin/tourney.cgi?t=2025-0301%2FBrisbane,R16,Gael Monfils,Jan Lennard Struff,52,42,6-1 7-6(5),,1.48,"{'ace_pct': 0.0148, 'first_in_pct': 0.226, 'first_won_pct': 0.6609999999999999, 'second_won_pct': 0.902}","{'first_in_pct': 0.08900000000000001, 'first_won_pct': 0.5, 'second_won_pct': 0.7140000000000001}"
"2025 Auckland Tournament Results, Stats, and Analysis",HardDraw,28,C,2025-01-06,https://www.tennisabstract.com/cgi-bin/tourney.cgi?t=2025-0301%2FBrisbane,R16,Facundo Diaz Acosta,Sebastian Baez,78,28,6-4 7-6(1),,1.16,"{'ace_pct': 0.0116, 'first_in_pct': 0.051, 'first_won_pct': 0.557, 'second_won_pct': 0.727}","{'first_in_pct': 0.013000000000000001, 'first_won_pct': 0.667, 'second_won_pct': 0.62}"
"2025 Auckland Tournament Results, Stats, and Analysis",HardDraw,28,C,2025-01-06,https://www.tennisabstract.com/cgi-bin/tourney.cgi?t=2025-0301%2FBrisbane,R16,Alex Michelsen,Lorenzo Sonego,41,54,7-6(3) 6-2,,1.42,"{'ace_pct': 0.014199999999999999, 'first_in_pct': 0.013999999999999999, 'first_won_pct': 0.7140000000000001, 'second_won_pct': 0.78}","{'first_in_pct': 0.067, 'first_won_pct': 0.7979999999999999, 'second_won_pct': 0.634}"
"2025 Auckland Tournament Results, Stats, and Analysis",HardDraw,28,C,2025-01-06,https://www.tennisabstract.com/cgi-bin/tourney.cgi?t=2025-0301%2FBrisbane,R16,Nishesh Basavareddy,Alejandro Tabilo,133,23,6-4 5-7 6-4,,1.06,"{'ace_pct': 0.0106, 'first_in_pct': 0.091, 'first_won_pct': 0.667, 'second_won_pct': 0.727}","{'first_in_pct': 0.111, 'first_won_pct': 0.6759999999999999, 'second_won_pct': 0.726}"
"2025 Auckland Tournament Results, Stats, and Analysis",HardDraw,28,C,2025-01-06,https://www.tennisabstract.com/cgi-bin/tourney.cgi?t=2025-0301%2FBrisbane,R32,Jakub Mensik,Pablo Carreno Busta,49,184,6-2 4-6 7-5,,1.34,"{'ace_pct': 0.0134, 'first_in_pct': 0.205, 'first_won_pct': 0.625, 'second_won_pct': 0.818}","{'first_in_pct': 0.03, 'first_won_pct': 0.63, 'second_won_pct': 0.7140000000000001}"
"2025 Auckland Tournament Results, Stats, and Analysis",HardDraw,28,C,2025-01-06,https://www.tennisabstract.com/cgi-bin/tourney.cgi?t=2025-0301%2FBrisbane,R32,Mariano Navone,Adrian Mannarino,46,73,7-6(6) 6-7(5) 6-1,,1.13,"{'ace_pct': 0.0113, 'first_in_pct': 0.043, 'first_won_pct': 0.621, 'second_won_pct': 0.708}","{'first_in_pct': 0.027000000000000003, 'first_won_pct': 0.518, 'second_won_pct': 0.603}"
"2025 Auckland Tournament Results, Stats, and Analysis",HardDraw,28,C,2025-01-06,https://www.tennisabstract.com/cgi-bin/tourney.cgi?t=2025-0301%2FBrisbane,R32,Nuno Borges,Luciano Darderi,36,44,5-7 6-3 7-5,,1.21,"{'ace_pct': 0.0121, 'first_in_pct': 0.012, 'first_won_pct': 0.6859999999999999, 'second_won_pct': 0.695}","{'first_in_pct': 0.08199999999999999, 'first_won_pct': 0.5670000000000001, 'second_won_pct': 0.655}"
"2025 Auckland Tournament Results, Stats, and Analysis",HardDraw,28,C,2025-01-06,https://www.tennisabstract.com/cgi-bin/tourney.cgi?t=2025-0301%2FBrisbane,R32,Roberto Carballes Baena,Daniel Altmaier,59,93,6-3 3-6 7-5,,1.36,"{'ace_pct': 0.013600000000000001, 'first_in_pct': 0.047, 'first_won_pct': 0.64, 'second_won_pct': 0.7090000000000001}","{'first_in_pct': 0.063, 'first_won_pct': 0.631, 'second_won_pct': 0.7}"
"2025 Auckland Tournament Results, Stats, and Analysis",HardDraw,28,C,2025-01-06,https://www.tennisabstract.com/cgi-bin/tourney.cgi?t=2025-0301%2FBrisbane,R32,Zizou Bergs,Isaac Becroft,66,980,6-3 7-5,,1.26,"{'ace_pct': 0.0126, 'first_in_pct': 0.129, 'first_won_pct': 0.5429999999999999, 'second_won_pct': 0.8420000000000001}","{'first_in_pct': 0.019, 'first_won_pct': 0.66, 'second_won_pct': 0.629}"
"2025 Auckland Tournament Results, Stats, and Analysis",HardDraw,28,C,2025-01-06,https://www.tennisabstract.com/cgi-bin/tourney.cgi?t=2025-0301%2FBrisbane,R32,Luca Nardi,Flavio Cobolli,90,32,6-2 1-1 RET,,1.45,"{'ace_pct': 0.014499999999999999, 'first_in_pct': 0.111, 'first_won_pct': 0.611, 'second_won_pct': 0.8640000000000001}","{'first_in_pct': 0.034, 'first_won_pct': 0.483, 'second_won_pct': 0.5}"
"2025 Auckland Tournament Results, Stats, and Analysis",HardDraw,28,C,2025-01-06,https://www.tennisabstract.com/cgi-bin/tourney.cgi?t=2025-0301%2FBrisbane,R32,Jan Lennard Struff,Bu Yunchaokete,42,65,6-3 6-4,,1.88,"{'ace_pct': 0.018799999999999997, 'first_in_pct': 0.26, 'first_won_pct': 0.62, 'second_won_pct': 0.8390000000000001}","{'first_in_pct': 0.08199999999999999, 'first_won_pct': 0.616, 'second_won_pct': 0.644}"
"2025 Auckland Tournament Results, Stats, and Analysis",HardDraw,28,C,2025-01-06,https://www.tennisabstract.com/cgi-bin/tourney.cgi?t=2025-0301%2FBrisbane,R32,Gael Monfils,Pedro Martinez,52,43,1-6 7-6(5) 6-3,,0.9,"{'ace_pct': 0.009000000000000001, 'first_in_pct': 0.09300000000000001, 'first_won_pct': 0.593, 'second_won_pct': 0.745}","{'first_in_pct': 0.012, 'first_won_pct': 0.6990000000000001, 'second_won_pct': 0.7070000000000001}"
"2025 Auckland Tournament Results, Stats, and Analysis",HardDraw,28,C,2025-01-06,https://www.tennisabstract.com/cgi-bin/tourney.cgi?t=2025-0301%2FBrisbane,R32,Facundo Diaz Acosta,Cameron Norrie,78,48,6-2 6-3,,1.39,"{'ace_pct': 0.0139, 'first_in_pct': 0.019, 'first_won_pct': 0.741, 'second_won_pct': 0.7}","{'first_in_pct': 0.02, 'first_won_pct': 0.66, 'second_won_pct': 0.5760000000000001}"
"2025 Auckland Tournament Results, Stats, and Analysis",HardDraw,28,C,2025-01-06,https://www.tennisabstract.com/cgi-bin/tourney.cgi?t=2025-0301%2FBrisbane,R32,Alex Michelsen,Sumit Nagal,41,96,6-7(8) 6-4 6-2,,1.28,"{'ace_pct': 0.0128, 'first_in_pct': 0.057999999999999996, 'first_won_pct': 0.7020000000000001, 'second_won_pct': 0.726}","{'first_in_pct': 0.0, 'first_won_pct': 0.703, 'second_won_pct': 0.615}"
"2025 Auckland Tournament Results, Stats, and Analysis",HardDraw,28,C,2025-01-06,https://www.tennisabstract.com/cgi-bin/tourney.cgi?t=2025-0301%2FBrisbane,R32,Lorenzo Sonego,Gabriel Diallo,54,87,7-6(5) 2-6 7-6(7),,0.9,"{'ace_pct': 0.009000000000000001, 'first_in_pct': 0.034, 'first_won_pct': 0.733, 'second_won_pct': 0.682}","{'first_in_pct': 0.07400000000000001, 'first_won_pct': 0.713, 'second_won_pct': 0.779}"
"2025 Auckland Tournament Results, Stats, and Analysis",HardDraw,28,C,2025-01-06,https://www.tennisabstract.com/cgi-bin/tourney.cgi?t=2025-0301%2FBrisbane,R32,Nishesh Basavareddy,Francisco Comesana,133,85,6-2 6-2,,1.7,"{'ace_pct': 0.017, 'first_in_pct': 0.11800000000000001, 'first_won_pct': 0.706, 'second_won_pct': 0.6940000000000001}","{'first_in_pct': 0.115, 'first_won_pct': 0.654, 'second_won_pct': 0.5589999999999999}"
"2025 Bastad Tournament Results, Stats, and Analysis",ClayDraw,28,C,2025-07-14,https://www.tennisabstract.com/cgi-bin/tourney.cgi?t=2025-0316%2FBastad,F,Luciano Darderi,Jesper De Jong,55,106,6-4 3-6 6-3,,1.17,"{'ace_pct': 0.011699999999999999, 'first_in_pct': 0.083, 'first_won_pct': 0.653, 'second_won_pct': 0.809}","{'first_in_pct': 0.071, 'first_won_pct': 0.624, 'second_won_pct': 0.736}"
"2025 Bastad Tournament Results, Stats, and Analysis",ClayDraw,28,C,2025-07-14,https://www.tennisabstract.com/cgi-bin/tourney.cgi?t=2025-0316%2FBastad,SF,Luciano Darderi,Francisco Cerundolo,55,20,6-2 3-6 7-6(3),,1.1,"{'ace_pct': 0.011000000000000001, 'first_in_pct': 0.052000000000000005, 'first_won_pct': 0.583, 'second_won_pct': 0.732}","{'first_in_pct': 0.01, 'first_won_pct': 0.583, 'second_won_pct': 0.589}"
"2025 Bastad Tournament Results, Stats, and Analysis",ClayDraw,28,C,2025-07-14,https://www.tennisabstract.com/cgi-bin/tourney.cgi?t=2025-0316%2FBastad,SF,Jesper De Jong,Camilo Ugo Carabelli,106,59,6-3 7-6(3),,1.19,"{'ace_pct': 0.011899999999999999, 'first_in_pct': 0.114, 'first_won_pct': 0.586, 'second_won_pct': 0.8290000000000001}","{'first_in_pct': 0.047, 'first_won_pct': 0.578, 'second_won_pct': 0.703}"
"2025 Bastad Tournament Results, Stats, and Analysis",ClayDraw,28,C,2025-07-14,https://www.tennisabstract.com/cgi-bin/tourney.cgi?t=2025-0316%2FBastad,QF,Francisco Cerundolo,Damir Dzumhur,20,70,6-0 3-6 6-3,,1.26,"{'ace_pct': 0.0126, 'first_in_pct': 0.065, 'first_won_pct': 0.584, 'second_won_pct': 0.733}","{'first_in_pct': 0.013999999999999999, 'first_won_pct': 0.7390000000000001, 'second_won_pct': 0.51}"
"2025 Bastad Tournament Results, Stats, and Analysis",ClayDraw,28,C,2025-07-14,https://www.tennisabstract.com/cgi-bin/tourney.cgi?t=2025-0316%2FBastad,QF,Luciano Darderi,Sebastian Baez,55,37,6-0 6-2,,2.4,"{'ace_pct': 0.024, 'first_in_pct': 0.132, 'first_won_pct': 0.5, 'second_won_pct': 0.895}","{'first_in_pct': 0.02, 'first_won_pct': 0.725, 'second_won_pct': 0.486}"
"2025 Bastad Tournament Results, Stats, and Analysis",ClayDraw,28,C,2025-07-14,https://www.tennisabstract.com/cgi-bin/tourney.cgi?t=2025-0316%2FBastad,QF,Camilo Ugo Carabelli,Filip Misolic,59,105,6-3 7-5,,1.4,"{'ace_pct': 0.013999999999999999, 'first_in_pct': 0.12300000000000001, 'first_won_pct': 0.7190000000000001, 'second_won_pct': 0.78}","{'first_in_pct': 0.026000000000000002, 'first_won_pct': 0.701, 'second_won_pct': 0.648}"
"2025 Bastad Tournament Results, Stats, and Analysis",ClayDraw,28,C,2025-07-14,https://www.tennisabstract.com/cgi-bin/tourney.cgi?t=2025-0316%2FBastad,QF,Jesper De Jong,Tallon Griekspoor,106,29,4-6 7-6(3) 6-3,,1.14,"{'ace_pct': 0.011399999999999999, 'first_in_pct': 0.133, 'first_won_pct': 0.531, 'second_won_pct': 0.769}","{'first_in_pct': 0.083, 'first_won_pct': 0.615, 'second_won_pct': 0.672}"
"2025 Bastad Tournament Results, Stats, and Analysis",ClayDraw,28,C,2025-07-14,https://www.tennisabstract.com/cgi-bin/tourney.cgi?t=2025-0316%2FBastad,R16,Francisco Cerundolo,Mariano Navone,20,75,6-3 6-3,,1.3,"{'ace_pct': 0.013000000000000001, 'first_in_pct': 0.017, 'first_won_pct': 0.644, 'second_won_pct': 0.737}","{'first_in_pct': 0.028999999999999998, 'first_won_pct': 0.609, 'second_won_pct': 0.667}"
"2025 Bastad Tournament Results, Stats, and Analysis",ClayDraw,28,C,2025-07-14,https://www.tennisabstract.com/cgi-bin/tourney.cgi?t=2025-0316%2FBastad,R16,Damir Dzumhur,Hugo Gaston,70,91,4-6 6-2 6-2,,1.4,"{'ace_pct': 0.013999999999999999, 'first_in_pct': 0.026000000000000002, 'first_won_pct': 0.7659999999999999, 'second_won_pct': 0.7290000000000001}","{'first_in_pct': 0.013000000000000001, 'first_won_pct': 0.55, 'second_won_pct': 0.614}"
"2025 Bastad Tournament Results, Stats, and Analysis",ClayDraw,28,C,2025-07-14,https://www.tennisabstract.com/cgi-bin/tourney.cgi?t=2025-0316%2FBastad,R16,Sebastian Baez,Nicolai Budkov Kjaer,37,298,3-6 6-2 7-5,,1.12,"{'ace_pct': 0.011200000000000002, 'first_in_pct': 0.012, 'first_won_pct': 0.7040000000000001, 'second_won_pct': 0.632}","{'first_in_pct': 0.04, 'first_won_pct': 0.6629999999999999, 'second_won_pct': 0.612}"
"2025 Bastad Tournament Results, Stats, and Analysis",ClayDraw,28,C,2025-07-14,https://www.tennisabstract.com/cgi-bin/tourney.cgi?t=2025-0316%2FBastad,R16,Luciano Darderi,Elias Ymer,55,264,6-2 6-2,,1.68,"{'ace_pct': 0.0168, 'first_in_pct': 0.16, 'first_won_pct': 0.54, 'second_won_pct': 0.741}","{'first_in_pct': 0.040999999999999995, 'first_won_pct': 0.612, 'second_won_pct': 0.5670000000000001}"
"2025 Bastad Tournament Results, Stats, and Analysis",ClayDraw,28,C,2025-07-14,https://www.tennisabstract.com/cgi-bin/tourney.cgi?t=2025-0316%2FBastad,R16,Camilo Ugo Carabelli,Botic Van De Zandschulp,59,100,7-6(3) 5-7 6-3,,0.9,"{'ace_pct': 0.009000000000000001, 'first_in_pct': 0.065, 'first_won_pct': 0.71, 'second_won_pct': 0.67}","{'first_in_pct': 0.032, 'first_won_pct': 0.66, 'second_won_pct': 0.742}"
"2025 Bastad Tournament Results, Stats, and Analysis",ClayDraw,28,C,2025-07-14,https://www.tennisabstract.com/cgi-bin/tourney.cgi?t=2025-0316%2FBastad,R16,Filip Misolic,Nuno Borges,105,35,3-6 7-6(1) 6-3,,1.07,"{'ace_pct': 0.010700000000000001, 'first_in_pct': 0.08, 'first_won_pct': 0.655, 'second_won_pct': 0.754}","{'first_in_pct': 0.037000000000000005, 'first_won_pct': 0.667, 'second_won_pct': 0.7040000000000001}"
"2025 Bastad Tournament Results, Stats, and Analysis",ClayDraw,28,C,2025-07-14,https://www.tennisabstract.com/cgi-bin/tourney.cgi?t=2025-0316%2FBastad,R16,Jesper De Jong,Vit Kopriva,106,83,7-6(3) 7-5,,1.2,"{'ace_pct': 0.012, 'first_in_pct': 0.105, 'first_won_pct': 0.5529999999999999, 'second_won_pct': 0.738}","{'first_in_pct': 0.08, 'first_won_pct': 0.518, 'second_won_pct': 0.586}"
"2025 Bastad Tournament Results, Stats, and Analysis",ClayDraw,28,C,2025-07-14,https://www.tennisabstract.com/cgi-bin/tourney.cgi?t=2025-0316%2FBastad,R16,Tallon Griekspoor,Andrea Pellegrino,29,139,4-6 7-6(6) 6-3,,1.05,"{'ace_pct': 0.0105, 'first_in_pct': 0.11699999999999999, 'first_won_pct': 0.6409999999999999, 'second_won_pct': 0.7120000000000001}","{'first_in_pct': 0.043, 'first_won_pct': 0.6559999999999999, 'second_won_pct': 0.623}"
"2025 Bastad Tournament Results, Stats, and Analysis",ClayDraw,28,C,2025-07-14,https://www.tennisabstract.com/cgi-bin/tourney.cgi?t=2025-0316%2FBastad,R32,Mariano Navone,Tomas Barrios Vera,75,124,7-5 7-5,,1.2,"{'ace_pct': 0.012, 'first_in_pct': 0.053, 'first_won_pct': 0.627, 'second_won_pct': 0.638}","{'first_in_pct': 0.012, 'first_won_pct': 0.768, 'second_won_pct': 0.556}"
"2025 Bastad Tournament Results, Stats, and Analysis",ClayDraw,28,C,2025-07-14,https://www.tennisabstract.com/cgi-bin/tourney.cgi?t=2025-0316%2FBastad,R32,Hugo Gaston,Chun Hsin Tseng,91,98,6-4 6-3,,1.11,"{'ace_pct': 0.0111, 'first_in_pct': 0.031, 'first_won_pct': 0.6409999999999999, 'second_won_pct': 0.6829999999999999}","{'first_in_pct': 0.036000000000000004, 'first_won_pct': 0.655, 'second_won_pct': 0.722}"
"2025 Bastad Tournament Results, Stats, and Analysis",ClayDraw,28,C,2025-07-14,https://www.tennisabstract.com/cgi-bin/tourney.cgi?t=2025-0316%2FBastad,R32,Damir Dzumhur,Sebastian Ofner,70,141,6-4 6-4,,1.31,"{'ace_pct': 0.0131, 'first_in_pct': 0.0, 'first_won_pct': 0.679, 'second_won_pct': 0.684}","{'first_in_pct': 0.063, 'first_won_pct': 0.5, 'second_won_pct': 0.75}"
"2025 Bastad Tournament Results, Stats, and Analysis",ClayDraw,28,C,2025-07-14,https://www.tennisabstract.com/cgi-bin/tourney.cgi?t=2025-0316%2FBastad,R32,Nicolai Budkov Kjaer,Thiago Monteiro,298,152,5-7 6-3 7-6(2),,1.16,"{'ace_pct': 0.0116, 'first_in_pct': 0.047, 'first_won_pct': 0.698, 'second_won_pct': 0.703}","{'first_in_pct': 0.038, 'first_won_pct': 0.6729999999999999, 'second_won_pct': 0.7}"
"2025 Bastad Tournament Results, Stats, and Analysis",ClayDraw,28,C,2025-07-14,https://www.tennisabstract.com/cgi-bin/tourney.cgi?t=2025-0316%2FBastad,R32,Elias Ymer,Tristan Boyer,264,126,6-3 3-6 6-2,,1.38,"{'ace_pct': 0.0138, 'first_in_pct': 0.027000000000000003, 'first_won_pct': 0.7120000000000001, 'second_won_pct': 0.769}","{'first_in_pct': 0.039, 'first_won_pct': 0.623, 'second_won_pct': 0.583}"
"2025 Bastad Tournament Results, Stats, and Analysis",ClayDraw,28,C,2025-07-14,https://www.tennisabstract.com/cgi-bin/tourney.cgi?t=2025-0316%2FBastad,R32,Luciano Darderi,Raphael Collignon,55,84,6-2 2-6 6-2,,1.12,"{'ace_pct': 0.011200000000000002, 'first_in_pct': 0.055, 'first_won_pct': 0.604, 'second_won_pct': 0.6729999999999999}","{'first_in_pct': 0.062, 'first_won_pct': 0.654, 'second_won_pct': 0.66}"
"2025 Bastad Tournament Results, Stats, and Analysis",ClayDraw,28,C,2025-07-14,https://www.tennisabstract.com/cgi-bin/tourney.cgi?t=2025-0316%2FBastad,R32,Camilo Ugo Carabelli,Cristian Garin,59,117,6-4 6-4,,1.1,"{'ace_pct': 0.011000000000000001, 'first_in_pct': 0.013999999999999999, 'first_won_pct': 0.648, 'second_won_pct': 0.5870000000000001}","{'first_in_pct': 0.024, 'first_won_pct': 0.6629999999999999, 'second_won_pct': 0.5820000000000001}"
"2025 Bastad Tournament Results, Stats, and Analysis",ClayDraw,28,C,2025-07-14,https://www.tennisabstract.com/cgi-bin/tourney.cgi?t=2025-0316%2FBastad,R32,Botic Van De Zandschulp,Mikael Ymer,100,618,6-4 6-1,,1.84,"{'ace_pct': 0.0184, 'first_in_pct': 0.0, 'first_won_pct': 0.644, 'second_won_pct': 0.7929999999999999}","{'first_in_pct': 0.040999999999999995, 'first_won_pct': 0.5920000000000001, 'second_won_pct': 0.586}"
"2025 Bastad Tournament Results, Stats, and Analysis",ClayDraw,28,C,2025-07-14,https://www.tennisabstract.com/cgi-bin/tourney.cgi?t=2025-0316%2FBastad,R32,Filip Misolic,Elmer Moller,105,102,6-3 3-6 7-5,,1.02,"{'ace_pct': 0.0102, 'first_in_pct': 0.052000000000000005, 'first_won_pct': 0.595, 'second_won_pct': 0.58}","{'first_in_pct': 0.06, 'first_won_pct': 0.672, 'second_won_pct': 0.551}"
"2025 Bastad Tournament Results, Stats, and Analysis",ClayDraw,28,C,2025-07-14,https://www.tennisabstract.com/cgi-bin/tourney.cgi?t=2025-0316%2FBastad,R32,Vit Kopriva,Hugo Dellien,83,94,6-1 3-0 RET,,2.17,"{'ace_pct': 0.0217, 'first_in_pct': 0.031, 'first_won_pct': 0.563, 'second_won_pct': 0.722}","{'first_in_pct': 0.0, 'first_won_pct': 0.742, 'second_won_pct': 0.304}"
"2025 Bastad Tournament Results, Stats, and Analysis",ClayDraw,28,C,2025-07-14,https://www.tennisabstract.com/cgi-bin/tourney.cgi?t=2025-0316%2FBastad,R32,Jesper De Jong,William Rejchtman Vinciguerra,106,1476,6-3 6-2,,2.09,"{'ace_pct': 0.0209, 'first_in_pct': 0.163, 'first_won_pct': 0.5710000000000001, 'second_won_pct': 0.821}","{'first_in_pct': 0.015, 'first_won_pct': 0.561, 'second_won_pct': 0.514}"
"2025 Bastad Tournament Results, Stats, and Analysis",ClayDraw,28,C,2025-07-14,https://www.tennisabstract.com/cgi-bin/tourney.cgi?t=2025-0316%2FBastad,R32,Andrea Pellegrino,Jaime Faria,139,115,2-6 6-3 6-3,,1.11,"{'ace_pct': 0.0111, 'first_in_pct': 0.034, 'first_won_pct': 0.6779999999999999, 'second_won_pct': 0.6609999999999999}","{'first_in_pct': 0.049, 'first_won_pct': 0.568, 'second_won_pct': 0.63}"
"2025 Bastad Tournament Results, Stats, and Analysis",ClayDraw,28,C,2025-07-14,https://www.tennisabstract.com/cgi-bin/tourney.cgi?t=2025-0316%2FHamburg,F,Luciano Darderi,Jesper De Jong,55,106,6-4 3-6 6-3,,1.17,"{'ace_pct': 0.011699999999999999, 'first_in_pct': 0.083, 'first_won_pct': 0.653, 'second_won_pct': 0.809}","{'first_in_pct': 0.071, 'first_won_pct': 0.624, 'second_won_pct': 0.736}"
"2025 Bastad Tournament Results, Stats, and Analysis",ClayDraw,28,C,2025-07-14,https://www.tennisabstract.com/cgi-bin/tourney.cgi?t=2025-0316%2FHamburg,SF,Luciano Darderi,Francisco Cerundolo,55,20,6-2 3-6 7-6(3),,1.1,"{'ace_pct': 0.011000000000000001, 'first_in_pct': 0.052000000000000005, 'first_won_pct': 0.583, 'second_won_pct': 0.732}","{'first_in_pct': 0.01, 'first_won_pct': 0.583, 'second_won_pct': 0.589}"
"2025 Bastad Tournament Results, Stats, and Analysis",ClayDraw,28,C,2025-07-14,https://www.tennisabstract.com/cgi-bin/tourney.cgi?t=2025-0316%2FHamburg,SF,Jesper De Jong,Camilo Ugo Carabelli,106,59,6-3 7-6(3),,1.19,"{'ace_pct': 0.011899999999999999, 'first_in_pct': 0.114, 'first_won_pct': 0.586, 'second_won_pct': 0.8290000000000001}","{'first_in_pct': 0.047, 'first_won_pct': 0.578, 'second_won_pct': 0.703}"
"2025 Bastad Tournament Results, Stats, and Analysis",ClayDraw,28,C,2025-07-14,https://www.tennisabstract.com/cgi-bin/tourney.cgi?t=2025-0316%2FHamburg,QF,Francisco Cerundolo,Damir Dzumhur,20,70,6-0 3-6 6-3,,1.26,"{'ace_pct': 0.0126, 'first_in_pct': 0.065, 'first_won_pct': 0.584, 'second_won_pct': 0.733}","{'first_in_pct': 0.013999999999999999, 'first_won_pct': 0.7390000000000001, 'second_won_pct': 0.51}"
"2025 Bastad Tournament Results, Stats, and Analysis",ClayDraw,28,C,2025-07-14,https://www.tennisabstract.com/cgi-bin/tourney.cgi?t=2025-0316%2FHamburg,QF,Luciano Darderi,Sebastian Baez,55,37,6-0 6-2,,2.4,"{'ace_pct': 0.024, 'first_in_pct': 0.132, 'first_won_pct': 0.5, 'second_won_pct': 0.895}","{'first_in_pct': 0.02, 'first_won_pct': 0.725, 'second_won_pct': 0.486}"
"2025 Bastad Tournament Results, Stats, and Analysis",ClayDraw,28,C,2025-07-14,https://www.tennisabstract.com/cgi-bin/tourney.cgi?t=2025-0316%2FHamburg,QF,Camilo Ugo Carabelli,Filip Misolic,59,105,6-3 7-5,,1.4,"{'ace_pct': 0.013999999999999999, 'first_in_pct': 0.12300000000000001, 'first_won_pct': 0.7190000000000001, 'second_won_pct': 0.78}","{'first_in_pct': 0.026000000000000002, 'first_won_pct': 0.701, 'second_won_pct': 0.648}"
"2025 Bastad Tournament Results, Stats, and Analysis",ClayDraw,28,C,2025-07-14,https://www.tennisabstract.com/cgi-bin/tourney.cgi?t=2025-0316%2FHamburg,QF,Jesper De Jong,Tallon Griekspoor,106,29,4-6 7-6(3) 6-3,,1.14,"{'ace_pct': 0.011399999999999999, 'first_in_pct': 0.133, 'first_won_pct': 0.531, 'second_won_pct': 0.769}","{'first_in_pct': 0.083, 'first_won_pct': 0.615, 'second_won_pct': 0.672}"
"2025 Bastad Tournament Results, Stats, and Analysis",ClayDraw,28,C,2025-07-14,https://www.tennisabstract.com/cgi-bin/tourney.cgi?t=2025-0316%2FHamburg,R16,Francisco Cerundolo,Mariano Navone,20,75,6-3 6-3,,1.3,"{'ace_pct': 0.013000000000000001, 'first_in_pct': 0.017, 'first_won_pct': 0.644, 'second_won_pct': 0.737}","{'first_in_pct': 0.028999999999999998, 'first_won_pct': 0.609, 'second_won_pct': 0.667}"
"2025 Bastad Tournament Results, Stats, and Analysis",ClayDraw,28,C,2025-07-14,https://www.tennisabstract.com/cgi-bin/tourney.cgi?t=2025-0316%2FHamburg,R16,Damir Dzumhur,Hugo Gaston,70,91,4-6 6-2 6-2,,1.4,"{'ace_pct': 0.013999999999999999, 'first_in_pct': 0.026000000000000002, 'first_won_pct': 0.7659999999999999, 'second_won_pct': 0.7290000000000001}","{'first_in_pct': 0.013000000000000001, 'first_won_pct': 0.55, 'second_won_pct': 0.614}"
"2025 Bastad Tournament Results, Stats, and Analysis",ClayDraw,28,C,2025-07-14,https://www.tennisabstract.com/cgi-bin/tourney.cgi?t=2025-0316%2FHamburg,R16,Sebastian Baez,Nicolai Budkov Kjaer,37,298,3-6 6-2 7-5,,1.12,"{'ace_pct': 0.011200000000000002, 'first_in_pct': 0.012, 'first_won_pct': 0.7040000000000001, 'second_won_pct': 0.632}","{'first_in_pct': 0.04, 'first_won_pct': 0.6629999999999999, 'second_won_pct': 0.612}"
"2025 Bastad Tournament Results, Stats, and Analysis",ClayDraw,28,C,2025-07-14,https://www.tennisabstract.com/cgi-bin/tourney.cgi?t=2025-0316%2FHamburg,R16,Luciano Darderi,Elias Ymer,55,264,6-2 6-2,,1.68,"{'ace_pct': 0.0168, 'first_in_pct': 0.16, 'first_won_pct': 0.54, 'second_won_pct': 0.741}","{'first_in_pct': 0.040999999999999995, 'first_won_pct': 0.612, 'second_won_pct': 0.5670000000000001}"
"2025 Bastad Tournament Results, Stats, and Analysis",ClayDraw,28,C,2025-07-14,https://www.tennisabstract.com/cgi-bin/tourney.cgi?t=2025-0316%2FHamburg,R16,Camilo Ugo Carabelli,Botic Van De Zandschulp,59,100,7-6(3) 5-7 6-3,,0.9,"{'ace_pct': 0.009000000000000001, 'first_in_pct': 0.065, 'first_won_pct': 0.71, 'second_won_pct': 0.67}","{'first_in_pct': 0.032, 'first_won_pct': 0.66, 'second_won_pct': 0.742}"
"2025 Bastad Tournament Results, Stats, and Analysis",ClayDraw,28,C,2025-07-14,https://www.tennisabstract.com/cgi-bin/tourney.cgi?t=2025-0316%2FHamburg,R16,Filip Misolic,Nuno Borges,105,35,3-6 7-6(1) 6-3,,1.07,"{'ace_pct': 0.010700000000000001, 'first_in_pct': 0.08, 'first_won_pct': 0.655, 'second_won_pct': 0.754}","{'first_in_pct': 0.037000000000000005, 'first_won_pct': 0.667, 'second_won_pct': 0.7040000000000001}"
"2025 Bastad Tournament Results, Stats, and Analysis",ClayDraw,28,C,2025-07-14,https://www.tennisabstract.com/cgi-bin/tourney.cgi?t=2025-0316%2FHamburg,R16,Jesper De Jong,Vit Kopriva,106,83,7-6(3) 7-5,,1.2,"{'ace_pct': 0.012, 'first_in_pct': 0.105, 'first_won_pct': 0.5529999999999999, 'second_won_pct': 0.738}","{'first_in_pct': 0.08, 'first_won_pct': 0.518, 'second_won_pct': 0.586}"
"2025 Bastad Tournament Results, Stats, and Analysis",ClayDraw,28,C,2025-07-14,https://www.tennisabstract.com/cgi-bin/tourney.cgi?t=2025-0316%2FHamburg,R16,Tallon Griekspoor,Andrea Pellegrino,29,139,4-6 7-6(6) 6-3,,1.05,"{'ace_pct': 0.0105, 'first_in_pct': 0.11699999999999999, 'first_won_pct': 0.6409999999999999, 'second_won_pct': 0.7120000000000001}","{'first_in_pct': 0.043, 'first_won_pct': 0.6559999999999999, 'second_won_pct': 0.623}"
"2025 Bastad Tournament Results, Stats, and Analysis",ClayDraw,28,C,2025-07-14,https://www.tennisabstract.com/cgi-bin/tourney.cgi?t=2025-0316%2FHamburg,R32,Mariano Navone,Tomas Barrios Vera,75,124,7-5 7-5,,1.2,"{'ace_pct': 0.012, 'first_in_pct': 0.053, 'first_won_pct': 0.627, 'second_won_pct': 0.638}","{'first_in_pct': 0.012, 'first_won_pct': 0.768, 'second_won_pct': 0.556}"
"2025 Bastad Tournament Results, Stats, and Analysis",ClayDraw,28,C,2025-07-14,https://www.tennisabstract.com/cgi-bin/tourney.cgi?t=2025-0316%2FHamburg,R32,Hugo Gaston,Chun Hsin Tseng,91,98,6-4 6-3,,1.11,"{'ace_pct': 0.0111, 'first_in_pct': 0.031, 'first_won_pct': 0.6409999999999999, 'second_won_pct': 0.6829999999999999}","{'first_in_pct': 0.036000000000000004, 'first_won_pct': 0.655, 'second_won_pct': 0.722}"
"2025 Bastad Tournament Results, Stats, and Analysis",ClayDraw,28,C,2025-07-14,https://www.tennisabstract.com/cgi-bin/tourney.cgi?t=2025-0316%2FHamburg,R32,Damir Dzumhur,Sebastian Ofner,70,141,6-4 6-4,,1.31,"{'ace_pct': 0.0131, 'first_in_pct': 0.0, 'first_won_pct': 0.679, 'second_won_pct': 0.684}","{'first_in_pct': 0.063, 'first_won_pct': 0.5, 'second_won_pct': 0.75}"
"2025 Bastad Tournament Results, Stats, and Analysis",ClayDraw,28,C,2025-07-14,https://www.tennisabstract.com/cgi-bin/tourney.cgi?t=2025-0316%2FHamburg,R32,Nicolai Budkov Kjaer,Thiago Monteiro,298,152,5-7 6-3 7-6(2),,1.16,"{'ace_pct': 0.0116, 'first_in_pct': 0.047, 'first_won_pct': 0.698, 'second_won_pct': 0.703}","{'first_in_pct': 0.038, 'first_won_pct': 0.6729999999999999, 'second_won_pct': 0.7}"
"2025 Bastad Tournament Results, Stats, and Analysis",ClayDraw,28,C,2025-07-14,https://www.tennisabstract.com/cgi-bin/tourney.cgi?t=2025-0316%2FHamburg,R32,Elias Ymer,Tristan Boyer,264,126,6-3 3-6 6-2,,1.38,"{'ace_pct': 0.0138, 'first_in_pct': 0.027000000000000003, 'first_won_pct': 0.7120000000000001, 'second_won_pct': 0.769}","{'first_in_pct': 0.039, 'first_won_pct': 0.623, 'second_won_pct': 0.583}"
"2025 Bastad Tournament Results, Stats, and Analysis",ClayDraw,28,C,2025-07-14,https://www.tennisabstract.com/cgi-bin/tourney.cgi?t=2025-0316%2FHamburg,R32,Luciano Darderi,Raphael Collignon,55,84,6-2 2-6 6-2,,1.12,"{'ace_pct': 0.011200000000000002, 'first_in_pct': 0.055, 'first_won_pct': 0.604, 'second_won_pct': 0.6729999999999999}","{'first_in_pct': 0.062, 'first_won_pct': 0.654, 'second_won_pct': 0.66}"
"2025 Bastad Tournament Results, Stats, and Analysis",ClayDraw,28,C,2025-07-14,https://www.tennisabstract.com/cgi-bin/tourney.cgi?t=2025-0316%2FHamburg,R32,Camilo Ugo Carabelli,Cristian Garin,59,117,6-4 6-4,,1.1,"{'ace_pct': 0.011000000000000001, 'first_in_pct': 0.013999999999999999, 'first_won_pct': 0.648, 'second_won_pct': 0.5870000000000001}","{'first_in_pct': 0.024, 'first_won_pct': 0.6629999999999999, 'second_won_pct': 0.5820000000000001}"
"2025 Bastad Tournament Results, Stats, and Analysis",ClayDraw,28,C,2025-07-14,https://www.tennisabstract.com/cgi-bin/tourney.cgi?t=2025-0316%2FHamburg,R32,Botic Van De Zandschulp,Mikael Ymer,100,618,6-4 6-1,,1.84,"{'ace_pct': 0.0184, 'first_in_pct': 0.0, 'first_won_pct': 0.644, 'second_won_pct': 0.7929999999999999}","{'first_in_pct': 0.040999999999999995, 'first_won_pct': 0.5920000000000001, 'second_won_pct': 0.586}"
"2025 Bastad Tournament Results, Stats, and Analysis",ClayDraw,28,C,2025-07-14,https://www.tennisabstract.com/cgi-bin/tourney.cgi?t=2025-0316%2FHamburg,R32,Filip Misolic,Elmer Moller,105,102,6-3 3-6 7-5,,1.02,"{'ace_pct': 0.0102, 'first_in_pct': 0.052000000000000005, 'first_won_pct': 0.595, 'second_won_pct': 0.58}","{'first_in_pct': 0.06, 'first_won_pct': 0.672, 'second_won_pct': 0.551}"
"2025 Bastad Tournament Results, Stats, and Analysis",ClayDraw,28,C,2025-07-14,https://www.tennisabstract.com/cgi-bin/tourney.cgi?t=2025-0316%2FHamburg,R32,Vit Kopriva,Hugo Dellien,83,94,6-1 3-0 RET,,2.17,"{'ace_pct': 0.0217, 'first_in_pct': 0.031, 'first_won_pct': 0.563, 'second_won_pct': 0.722}","{'first_in_pct': 0.0, 'first_won_pct': 0.742, 'second_won_pct': 0.304}"
"2025 Bastad Tournament Results, Stats, and Analysis",ClayDraw,28,C,2025-07-14,https://www.tennisabstract.com/cgi-bin/tourney.cgi?t=2025-0316%2FHamburg,R32,Jesper De Jong,William Rejchtman Vinciguerra,106,1476,6-3 6-2,,2.09,"{'ace_pct': 0.0209, 'first_in_pct': 0.163, 'first_won_pct': 0.5710000000000001, 'second_won_pct': 0.821}","{'first_in_pct': 0.015, 'first_won_pct': 0.561, 'second_won_pct': 0.514}"
"2025 Bastad Tournament Results, Stats, and Analysis",ClayDraw,28,C,2025-07-14,https://www.tennisabstract.com/cgi-bin/tourney.cgi?t=2025-0316%2FHamburg,R32,Andrea Pellegrino,Jaime Faria,139,115,2-6 6-3 6-3,,1.11,"{'ace_pct': 0.0111, 'first_in_pct': 0.034, 'first_won_pct': 0.6779999999999999, 'second_won_pct': 0.6609999999999999}","{'first_in_pct': 0.049, 'first_won_pct': 0.568, 'second_won_pct': 0.63}"
"2025 Bastad Tournament Results, Stats, and Analysis",ClayDraw,28,C,2025-07-14,https://www.tennisabstract.com/cgi-bin/tourney.cgi?t=2025-0316%2FMonte-Carlo,F,Luciano Darderi,Jesper De Jong,55,106,6-4 3-6 6-3,,1.17,"{'ace_pct': 0.011699999999999999, 'first_in_pct': 0.083, 'first_won_pct': 0.653, 'second_won_pct': 0.809}","{'first_in_pct': 0.071, 'first_won_pct': 0.624, 'second_won_pct': 0.736}"
"2025 Bastad Tournament Results, Stats, and Analysis",ClayDraw,28,C,2025-07-14,https://www.tennisabstract.com/cgi-bin/tourney.cgi?t=2025-0316%2FMonte-Carlo,SF,Luciano Darderi,Francisco Cerundolo,55,20,6-2 3-6 7-6(3),,1.1,"{'ace_pct': 0.011000000000000001, 'first_in_pct': 0.052000000000000005, 'first_won_pct': 0.583, 'second_won_pct': 0.732}","{'first_in_pct': 0.01, 'first_won_pct': 0.583, 'second_won_pct': 0.589}"
"2025 Bastad Tournament Results, Stats, and Analysis",ClayDraw,28,C,2025-07-14,https://www.tennisabstract.com/cgi-bin/tourney.cgi?t=2025-0316%2FMonte-Carlo,SF,Jesper De Jong,Camilo Ugo Carabelli,106,59,6-3 7-6(3),,1.19,"{'ace_pct': 0.011899999999999999, 'first_in_pct': 0.114, 'first_won_pct': 0.586, 'second_won_pct': 0.8290000000000001}","{'first_in_pct': 0.047, 'first_won_pct': 0.578, 'second_won_pct': 0.703}"
"2025 Bastad Tournament Results, Stats, and Analysis",ClayDraw,28,C,2025-07-14,https://www.tennisabstract.com/cgi-bin/tourney.cgi?t=2025-0316%2FMonte-Carlo,QF,Francisco Cerundolo,Damir Dzumhur,20,70,6-0 3-6 6-3,,1.26,"{'ace_pct': 0.0126, 'first_in_pct': 0.065, 'first_won_pct': 0.584, 'second_won_pct': 0.733}","{'first_in_pct': 0.013999999999999999, 'first_won_pct': 0.7390000000000001, 'second_won_pct': 0.51}"
"2025 Bastad Tournament Results, Stats, and Analysis",ClayDraw,28,C,2025-07-14,https://www.tennisabstract.com/cgi-bin/tourney.cgi?t=2025-0316%2FMonte-Carlo,QF,Luciano Darderi,Sebastian Baez,55,37,6-0 6-2,,2.4,"{'ace_pct': 0.024, 'first_in_pct': 0.132, 'first_won_pct': 0.5, 'second_won_pct': 0.895}","{'first_in_pct': 0.02, 'first_won_pct': 0.725, 'second_won_pct': 0.486}"
"2025 Bastad Tournament Results, Stats, and Analysis",ClayDraw,28,C,2025-07-14,https://www.tennisabstract.com/cgi-bin/tourney.cgi?t=2025-0316%2FMonte-Carlo,QF,Camilo Ugo Carabelli,Filip Misolic,59,105,6-3 7-5,,1.4,"{'ace_pct': 0.013999999999999999, 'first_in_pct': 0.12300000000000001, 'first_won_pct': 0.7190000000000001, 'second_won_pct': 0.78}","{'first_in_pct': 0.026000000000000002, 'first_won_pct': 0.701, 'second_won_pct': 0.648}"
"2025 Bastad Tournament Results, Stats, and Analysis",ClayDraw,28,C,2025-07-14,https://www.tennisabstract.com/cgi-bin/tourney.cgi?t=2025-0316%2FMonte-Carlo,QF,Jesper De Jong,Tallon Griekspoor,106,29,4-6 7-6(3) 6-3,,1.14,"{'ace_pct': 0.011399999999999999, 'first_in_pct': 0.133, 'first_won_pct': 0.531, 'second_won_pct': 0.769}","{'first_in_pct': 0.083, 'first_won_pct': 0.615, 'second_won_pct': 0.672}"
"2025 Bastad Tournament Results, Stats, and Analysis",ClayDraw,28,C,2025-07-14,https://www.tennisabstract.com/cgi-bin/tourney.cgi?t=2025-0316%2FMonte-Carlo,R16,Francisco Cerundolo,Mariano Navone,20,75,6-3 6-3,,1.3,"{'ace_pct': 0.013000000000000001, 'first_in_pct': 0.017, 'first_won_pct': 0.644, 'second_won_pct': 0.737}","{'first_in_pct': 0.028999999999999998, 'first_won_pct': 0.609, 'second_won_pct': 0.667}"
"2025 Bastad Tournament Results, Stats, and Analysis",ClayDraw,28,C,2025-07-14,https://www.tennisabstract.com/cgi-bin/tourney.cgi?t=2025-0316%2FMonte-Carlo,R16,Damir Dzumhur,Hugo Gaston,70,91,4-6 6-2 6-2,,1.4,"{'ace_pct': 0.013999999999999999, 'first_in_pct': 0.026000000000000002, 'first_won_pct': 0.7659999999999999, 'second_won_pct': 0.7290000000000001}","{'first_in_pct': 0.013000000000000001, 'first_won_pct': 0.55, 'second_won_pct': 0.614}"
"2025 Bastad Tournament Results, Stats, and Analysis",ClayDraw,28,C,2025-07-14,https://www.tennisabstract.com/cgi-bin/tourney.cgi?t=2025-0316%2FMonte-Carlo,R16,Sebastian Baez,Nicolai Budkov Kjaer,37,298,3-6 6-2 7-5,,1.12,"{'ace_pct': 0.011200000000000002, 'first_in_pct': 0.012, 'first_won_pct': 0.7040000000000001, 'second_won_pct': 0.632}","{'first_in_pct': 0.04, 'first_won_pct': 0.6629999999999999, 'second_won_pct': 0.612}"
"2025 Bastad Tournament Results, Stats, and Analysis",ClayDraw,28,C,2025-07-14,https://www.tennisabstract.com/cgi-bin/tourney.cgi?t=2025-0316%2FMonte-Carlo,R16,Luciano Darderi,Elias Ymer,55,264,6-2 6-2,,1.68,"{'ace_pct': 0.0168, 'first_in_pct': 0.16, 'first_won_pct': 0.54, 'second_won_pct': 0.741}","{'first_in_pct': 0.040999999999999995, 'first_won_pct': 0.612, 'second_won_pct': 0.5670000000000001}"
"2025 Bastad Tournament Results, Stats, and Analysis",ClayDraw,28,C,2025-07-14,https://www.tennisabstract.com/cgi-bin/tourney.cgi?t=2025-0316%2FMonte-Carlo,R16,Camilo Ugo Carabelli,Botic Van De Zandschulp,59,100,7-6(3) 5-7 6-3,,0.9,"{'ace_pct': 0.009000000000000001, 'first_in_pct': 0.065, 'first_won_pct': 0.71, 'second_won_pct': 0.67}","{'first_in_pct': 0.032, 'first_won_pct': 0.66, 'second_won_pct': 0.742}"
"2025 Bastad Tournament Results, Stats, and Analysis",ClayDraw,28,C,2025-07-14,https://www.tennisabstract.com/cgi-bin/tourney.cgi?t=2025-0316%2FMonte-Carlo,R16,Filip Misolic,Nuno Borges,105,35,3-6 7-6(1) 6-3,,1.07,"{'ace_pct': 0.010700000000000001, 'first_in_pct': 0.08, 'first_won_pct': 0.655, 'second_won_pct': 0.754}","{'first_in_pct': 0.037000000000000005, 'first_won_pct': 0.667, 'second_won_pct': 0.7040000000000001}"
"2025 Bastad Tournament Results, Stats, and Analysis",ClayDraw,28,C,2025-07-14,https://www.tennisabstract.com/cgi-bin/tourney.cgi?t=2025-0316%2FMonte-Carlo,R16,Jesper De Jong,Vit Kopriva,106,83,7-6(3) 7-5,,1.2,"{'ace_pct': 0.012, 'first_in_pct': 0.105, 'first_won_pct': 0.5529999999999999, 'second_won_pct': 0.738}","{'first_in_pct': 0.08, 'first_won_pct': 0.518, 'second_won_pct': 0.586}"
"2025 Bastad Tournament Results, Stats, and Analysis",ClayDraw,28,C,2025-07-14,https://www.tennisabstract.com/cgi-bin/tourney.cgi?t=2025-0316%2FMonte-Carlo,R16,Tallon Griekspoor,Andrea Pellegrino,29,139,4-6 7-6(6) 6-3,,1.05,"{'ace_pct': 0.0105, 'first_in_pct': 0.11699999999999999, 'first_won_pct': 0.6409999999999999, 'second_won_pct': 0.7120000000000001}","{'first_in_pct': 0.043, 'first_won_pct': 0.6559999999999999, 'second_won_pct': 0.623}"
"2025 Bastad Tournament Results, Stats, and Analysis",ClayDraw,28,C,2025-07-14,https://www.tennisabstract.com/cgi-bin/tourney.cgi?t=2025-0316%2FMonte-Carlo,R32,Mariano Navone,Tomas Barrios Vera,75,124,7-5 7-5,,1.2,"{'ace_pct': 0.012, 'first_in_pct': 0.053, 'first_won_pct': 0.627, 'second_won_pct': 0.638}","{'first_in_pct': 0.012, 'first_won_pct': 0.768, 'second_won_pct': 0.556}"
"2025 Bastad Tournament Results, Stats, and Analysis",ClayDraw,28,C,2025-07-14,https://www.tennisabstract.com/cgi-bin/tourney.cgi?t=2025-0316%2FMonte-Carlo,R32,Hugo Gaston,Chun Hsin Tseng,91,98,6-4 6-3,,1.11,"{'ace_pct': 0.0111, 'first_in_pct': 0.031, 'first_won_pct': 0.6409999999999999, 'second_won_pct': 0.6829999999999999}","{'first_in_pct': 0.036000000000000004, 'first_won_pct': 0.655, 'second_won_pct': 0.722}"
"2025 Bastad Tournament Results, Stats, and Analysis",ClayDraw,28,C,2025-07-14,https://www.tennisabstract.com/cgi-bin/tourney.cgi?t=2025-0316%2FMonte-Carlo,R32,Damir Dzumhur,Sebastian Ofner,70,141,6-4 6-4,,1.31,"{'ace_pct': 0.0131, 'first_in_pct': 0.0, 'first_won_pct': 0.679, 'second_won_pct': 0.684}","{'first_in_pct': 0.063, 'first_won_pct': 0.5, 'second_won_pct': 0.75}"
"2025 Bastad Tournament Results, Stats, and Analysis",ClayDraw,28,C,2025-07-14,https://www.tennisabstract.com/cgi-bin/tourney.cgi?t=2025-0316%2FMonte-Carlo,R32,Nicolai Budkov Kjaer,Thiago Monteiro,298,152,5-7 6-3 7-6(2),,1.16,"{'ace_pct': 0.0116, 'first_in_pct': 0.047, 'first_won_pct': 0.698, 'second_won_pct': 0.703}","{'first_in_pct': 0.038, 'first_won_pct': 0.6729999999999999, 'second_won_pct': 0.7}"
"2025 Bastad Tournament Results, Stats, and Analysis",ClayDraw,28,C,2025-07-14,https://www.tennisabstract.com/cgi-bin/tourney.cgi?t=2025-0316%2FMonte-Carlo,R32,Elias Ymer,Tristan Boyer,264,126,6-3 3-6 6-2,,1.38,"{'ace_pct': 0.0138, 'first_in_pct': 0.027000000000000003, 'first_won_pct': 0.7120000000000001, 'second_won_pct': 0.769}","{'first_in_pct': 0.039, 'first_won_pct': 0.623, 'second_won_pct': 0.583}"
"2025 Bastad Tournament Results, Stats, and Analysis",ClayDraw,28,C,2025-07-14,https://www.tennisabstract.com/cgi-bin/tourney.cgi?t=2025-0316%2FMonte-Carlo,R32,Luciano Darderi,Raphael Collignon,55,84,6-2 2-6 6-2,,1.12,"{'ace_pct': 0.011200000000000002, 'first_in_pct': 0.055, 'first_won_pct': 0.604, 'second_won_pct': 0.6729999999999999}","{'first_in_pct': 0.062, 'first_won_pct': 0.654, 'second_won_pct': 0.66}"
"2025 Bastad Tournament Results, Stats, and Analysis",ClayDraw,28,C,2025-07-14,https://www.tennisabstract.com/cgi-bin/tourney.cgi?t=2025-0316%2FMonte-Carlo,R32,Camilo Ugo Carabelli,Cristian Garin,59,117,6-4 6-4,,1.1,"{'ace_pct': 0.011000000000000001, 'first_in_pct': 0.013999999999999999, 'first_won_pct': 0.648, 'second_won_pct': 0.5870000000000001}","{'first_in_pct': 0.024, 'first_won_pct': 0.6629999999999999, 'second_won_pct': 0.5820000000000001}"
"2025 Bastad Tournament Results, Stats, and Analysis",ClayDraw,28,C,2025-07-14,https://www.tennisabstract.com/cgi-bin/tourney.cgi?t=2025-0316%2FMonte-Carlo,R32,Botic Van De Zandschulp,Mikael Ymer,100,618,6-4 6-1,,1.84,"{'ace_pct': 0.0184, 'first_in_pct': 0.0, 'first_won_pct': 0.644, 'second_won_pct': 0.7929999999999999}","{'first_in_pct': 0.040999999999999995, 'first_won_pct': 0.5920000000000001, 'second_won_pct': 0.586}"
"2025 Bastad Tournament Results, Stats, and Analysis",ClayDraw,28,C,2025-07-14,https://www.tennisabstract.com/cgi-bin/tourney.cgi?t=2025-0316%2FMonte-Carlo,R32,Filip Misolic,Elmer Moller,105,102,6-3 3-6 7-5,,1.02,"{'ace_pct': 0.0102, 'first_in_pct': 0.052000000000000005, 'first_won_pct': 0.595, 'second_won_pct': 0.58}","{'first_in_pct': 0.06, 'first_won_pct': 0.672, 'second_won_pct': 0.551}"
"2025 Bastad Tournament Results, Stats, and Analysis",ClayDraw,28,C,2025-07-14,https://www.tennisabstract.com/cgi-bin/tourney.cgi?t=2025-0316%2FMonte-Carlo,R32,Vit Kopriva,Hugo Dellien,83,94,6-1 3-0 RET,,2.17,"{'ace_pct': 0.0217, 'first_in_pct': 0.031, 'first_won_pct': 0.563, 'second_won_pct': 0.722}","{'first_in_pct': 0.0, 'first_won_pct': 0.742, 'second_won_pct': 0.304}"
"2025 Bastad Tournament Results, Stats, and Analysis",ClayDraw,28,C,2025-07-14,https://www.tennisabstract.com/cgi-bin/tourney.cgi?t=2025-0316%2FMonte-Carlo,R32,Jesper De Jong,William Rejchtman Vinciguerra,106,1476,6-3 6-2,,2.09,"{'ace_pct': 0.0209, 'first_in_pct': 0.163, 'first_won_pct': 0.5710000000000001, 'second_won_pct': 0.821}","{'first_in_pct': 0.015, 'first_won_pct': 0.561, 'second_won_pct': 0.514}"
"2025 Bastad Tournament Results, Stats, and Analysis",ClayDraw,28,C,2025-07-14,https://www.tennisabstract.com/cgi-bin/tourney.cgi?t=2025-0316%2FMonte-Carlo,R32,Andrea Pellegrino,Jaime Faria,139,115,2-6 6-3 6-3,,1.11,"{'ace_pct': 0.0111, 'first_in_pct': 0.034, 'first_won_pct': 0.6779999999999999, 'second_won_pct': 0.6609999999999999}","{'first_in_pct': 0.049, 'first_won_pct': 0.568, 'second_won_pct': 0.63}"
"2025 Stuttgart Tournament Results, Stats, and Analysis",GrassDraw,28,C,2025-06-09,https://www.tennisabstract.com/cgi-bin/tourney.cgi?t=2025-0321%2FStuttgart,F,Taylor Fritz,Alexander Zverev,7,3,6-3 7-6(0),,2.12,"{'ace_pct': 0.0212, 'first_in_pct': 0.18600000000000003, 'first_won_pct': 0.7120000000000001, 'second_won_pct': 0.8809999999999999}","{'first_in_pct': 0.094, 'first_won_pct': 0.703, 'second_won_pct': 0.733}"
"2025 Stuttgart Tournament Results, Stats, and Analysis",GrassDraw,28,C,2025-06-09,https://www.tennisabstract.com/cgi-bin/tourney.cgi?t=2025-0321%2FStuttgart,SF,Alexander Zverev,Ben Shelton,3,12,7-6(8) 7-6(1),,1.65,"{'ace_pct': 0.0165, 'first_in_pct': 0.2, 'first_won_pct': 0.773, 'second_won_pct': 0.862}","{'first_in_pct': 0.21600000000000003, 'first_won_pct': 0.619, 'second_won_pct': 0.7829999999999999}"
"2025 Stuttgart Tournament Results, Stats, and Analysis",GrassDraw,28,C,2025-06-09,https://www.tennisabstract.com/cgi-bin/tourney.cgi?t=2025-0321%2FStuttgart,SF,Taylor Fritz,Felix Auger Aliassime,7,29,6-4 7-6(5),,2.02,"{'ace_pct': 0.0202, 'first_in_pct': 0.175, 'first_won_pct': 0.649, 'second_won_pct': 0.865}","{'first_in_pct': 0.22399999999999998, 'first_won_pct': 0.701, 'second_won_pct': 0.809}"
"2025 Stuttgart Tournament Results, Stats, and Analysis",GrassDraw,28,C,2025-06-09,https://www.tennisabstract.com/cgi-bin/tourney.cgi?t=2025-0321%2FStuttgart,QF,Alexander Zverev,Brandon Nakashima,3,31,7-5 6-4,,1.4,"{'ace_pct': 0.013999999999999999, 'first_in_pct': 0.121, 'first_won_pct': 0.7120000000000001, 'second_won_pct': 0.7659999999999999}","{'first_in_pct': 0.078, 'first_won_pct': 0.703, 'second_won_pct': 0.644}"
"2025 Stuttgart Tournament Results, Stats, and Analysis",GrassDraw,28,C,2025-06-09,https://www.tennisabstract.com/cgi-bin/tourney.cgi?t=2025-0321%2FStuttgart,QF,Ben Shelton,Jiri Lehecka,12,33,6-4 6-4,,2.98,"{'ace_pct': 0.0298, 'first_in_pct': 0.409, 'first_won_pct': 0.636, 'second_won_pct': 1.0}","{'first_in_pct': 0.146, 'first_won_pct': 0.625, 'second_won_pct': 0.9670000000000001}"
"2025 Stuttgart Tournament Results, Stats, and Analysis",GrassDraw,28,C,2025-06-09,https://www.tennisabstract.com/cgi-bin/tourney.cgi?t=2025-0321%2FStuttgart,QF,Felix Auger Aliassime,Justin Engel,29,281,7-6(3) 6-3,,2.13,"{'ace_pct': 0.0213, 'first_in_pct': 0.3, 'first_won_pct': 0.7, 'second_won_pct': 0.857}","{'first_in_pct': 0.091, 'first_won_pct': 0.506, 'second_won_pct': 0.769}"
"2025 Stuttgart Tournament Results, Stats, and Analysis",GrassDraw,28,C,2025-06-09,https://www.tennisabstract.com/cgi-bin/tourney.cgi?t=2025-0321%2FStuttgart,QF,Taylor Fritz,Marton Fucsovics,7,112,6-3 6-4,,1.49,"{'ace_pct': 0.0149, 'first_in_pct': 0.218, 'first_won_pct': 0.691, 'second_won_pct': 0.9209999999999999}","{'first_in_pct': 0.052000000000000005, 'first_won_pct': 0.483, 'second_won_pct': 0.857}"
"2025 Stuttgart Tournament Results, Stats, and Analysis",GrassDraw,28,C,2025-06-09,https://www.tennisabstract.com/cgi-bin/tourney.cgi?t=2025-0321%2FStuttgart,R16,Alexander Zverev,Corentin Moutet,3,91,6-2 7-6(7),,1.17,"{'ace_pct': 0.011699999999999999, 'first_in_pct': 0.077, 'first_won_pct': 0.667, 'second_won_pct': 0.6729999999999999}","{'first_in_pct': 0.013999999999999999, 'first_won_pct': 0.536, 'second_won_pct': 0.622}"
"2025 Stuttgart Tournament Results, Stats, and Analysis",GrassDraw,28,C,2025-06-09,https://www.tennisabstract.com/cgi-bin/tourney.cgi?t=2025-0321%2FStuttgart,R16,Brandon Nakashima,Learner Tien,31,68,7-6(5) 6-3,,2.04,"{'ace_pct': 0.0204, 'first_in_pct': 0.073, 'first_won_pct': 0.6729999999999999, 'second_won_pct': 0.865}","{'first_in_pct': 0.062, 'first_won_pct': 0.593, 'second_won_pct': 0.6459999999999999}"
"2025 Stuttgart Tournament Results, Stats, and Analysis",GrassDraw,28,C,2025-06-09,https://www.tennisabstract.com/cgi-bin/tourney.cgi?t=2025-0321%2FStuttgart,R16,Ben Shelton,Pierre Hugues Herbert,12,132,7-6(4) 7-5,,1.26,"{'ace_pct': 0.0126, 'first_in_pct': 0.10400000000000001, 'first_won_pct': 0.584, 'second_won_pct': 0.8220000000000001}","{'first_in_pct': 0.10400000000000001, 'first_won_pct': 0.48100000000000004, 'second_won_pct': 0.784}"
"2025 Stuttgart Tournament Results, Stats, and Analysis",GrassDraw,28,C,2025-06-09,https://www.tennisabstract.com/cgi-bin/tourney.cgi?t=2025-0321%2FStuttgart,R16,Jiri Lehecka,Jan Lennard Struff,33,103,6-4 7-5,,1.3,"{'ace_pct': 0.013000000000000001, 'first_in_pct': 0.16899999999999998, 'first_won_pct': 0.631, 'second_won_pct': 0.7559999999999999}","{'first_in_pct': 0.08, 'first_won_pct': 0.573, 'second_won_pct': 0.7909999999999999}"
"2025 Stuttgart Tournament Results, Stats, and Analysis",GrassDraw,28,C,2025-06-09,https://www.tennisabstract.com/cgi-bin/tourney.cgi?t=2025-0321%2FStuttgart,R16,Justin Engel,Alex Michelsen,281,35,6-4 6-4,,2.82,"{'ace_pct': 0.0282, 'first_in_pct': 0.106, 'first_won_pct': 0.66, 'second_won_pct': 1.0}","{'first_in_pct': 0.145, 'first_won_pct': 0.609, 'second_won_pct': 0.667}"
"2025 Stuttgart Tournament Results, Stats, and Analysis",GrassDraw,28,C,2025-06-09,https://www.tennisabstract.com/cgi-bin/tourney.cgi?t=2025-0321%2FStuttgart,R16,Felix Auger Aliassime,Giovanni Mpetshi Perricard,29,36,6-4 6-4,,1.67,"{'ace_pct': 0.0167, 'first_in_pct': 0.06, 'first_won_pct': 0.54, 'second_won_pct': 0.889}","{'first_in_pct': 0.133, 'first_won_pct': 0.617, 'second_won_pct': 0.8109999999999999}"
"2025 Stuttgart Tournament Results, Stats, and Analysis",GrassDraw,28,C,2025-06-09,https://www.tennisabstract.com/cgi-bin/tourney.cgi?t=2025-0321%2FStuttgart,R16,Marton Fucsovics,Arthur Rinderknech,112,81,7-6(4) 6-3,,1.94,"{'ace_pct': 0.0194, 'first_in_pct': 0.18600000000000003, 'first_won_pct': 0.61, 'second_won_pct': 0.917}","{'first_in_pct': 0.047, 'first_won_pct': 0.672, 'second_won_pct': 0.767}"
"2025 Stuttgart Tournament Results, Stats, and Analysis",GrassDraw,28,C,2025-06-09,https://www.tennisabstract.com/cgi-bin/tourney.cgi?t=2025-0321%2FStuttgart,R16,Taylor Fritz,Quentin Halys,7,47,6-3 7-6(6),,1.29,"{'ace_pct': 0.0129, 'first_in_pct': 0.174, 'first_won_pct': 0.609, 'second_won_pct': 0.81}","{'first_in_pct': 0.188, 'first_won_pct': 0.531, 'second_won_pct': 0.853}"
"2025 Stuttgart Tournament Results, Stats, and Analysis",GrassDraw,28,C,2025-06-09,https://www.tennisabstract.com/cgi-bin/tourney.cgi?t=2025-0321%2FStuttgart,R32,Corentin Moutet,Fabio Fognini,91,117,6-4 6-7(3) 6-3,,1.02,"{'ace_pct': 0.0102, 'first_in_pct': 0.04, 'first_won_pct': 0.505, 'second_won_pct': 0.843}","{'first_in_pct': 0.011000000000000001, 'first_won_pct': 0.552, 'second_won_pct': 0.75}"
"2025 Stuttgart Tournament Results, Stats, and Analysis",GrassDraw,28,C,2025-06-09,https://www.tennisabstract.com/cgi-bin/tourney.cgi?t=2025-0321%2FStuttgart,R32,Learner Tien,Yoshihito Nishioka,68,78,6-7(3) 7-6(3) 0-0 RET,,0.89,"{'ace_pct': 0.0089, 'first_in_pct': 0.113, 'first_won_pct': 0.6, 'second_won_pct': 0.8540000000000001}","{'first_in_pct': 0.026000000000000002, 'first_won_pct': 0.61, 'second_won_pct': 0.787}"
"2025 Stuttgart Tournament Results, Stats, and Analysis",GrassDraw,28,C,2025-06-09,https://www.tennisabstract.com/cgi-bin/tourney.cgi?t=2025-0321%2FStuttgart,R32,Brandon Nakashima,Jacob Fearnley,31,49,4-6 7-6(4) 6-1,,1.21,"{'ace_pct': 0.0121, 'first_in_pct': 0.141, 'first_won_pct': 0.765, 'second_won_pct': 0.769}","{'first_in_pct': 0.105, 'first_won_pct': 0.57, 'second_won_pct': 0.735}"
"2025 Stuttgart Tournament Results, Stats, and Analysis",GrassDraw,28,C,2025-06-09,https://www.tennisabstract.com/cgi-bin/tourney.cgi?t=2025-0321%2FStuttgart,R32,Pierre Hugues Herbert,Damir Dzumhur,132,67,6-4 3-0 RET,,1.29,"{'ace_pct': 0.0129, 'first_in_pct': 0.159, 'first_won_pct': 0.43200000000000005, 'second_won_pct': 0.895}","{'first_in_pct': 0.059000000000000004, 'first_won_pct': 0.5589999999999999, 'second_won_pct': 0.684}"
"2025 Stuttgart Tournament Results, Stats, and Analysis",GrassDraw,28,C,2025-06-09,https://www.tennisabstract.com/cgi-bin/tourney.cgi?t=2025-0321%2FStuttgart,R32,Jan Lennard Struff,Matteo Arnaldi,103,41,6-4 6-4,,1.6,"{'ace_pct': 0.016, 'first_in_pct': 0.185, 'first_won_pct': 0.574, 'second_won_pct': 0.903}","{'first_in_pct': 0.046, 'first_won_pct': 0.585, 'second_won_pct': 0.684}"
"2025 Stuttgart Tournament Results, Stats, and Analysis",GrassDraw,28,C,2025-06-09,https://www.tennisabstract.com/cgi-bin/tourney.cgi?t=2025-0321%2FStuttgart,R32,Jiri Lehecka,Benjamin Bonzi,33,61,6-4 6-4,,1.69,"{'ace_pct': 0.0169, 'first_in_pct': 0.23199999999999998, 'first_won_pct': 0.6609999999999999, 'second_won_pct': 0.892}","{'first_in_pct': 0.057999999999999996, 'first_won_pct': 0.71, 'second_won_pct': 0.6729999999999999}"
"2025 Stuttgart Tournament Results, Stats, and Analysis",GrassDraw,28,C,2025-06-09,https://www.tennisabstract.com/cgi-bin/tourney.cgi?t=2025-0321%2FStuttgart,R32,Alex Michelsen,Gael Monfils,35,42,6-4 4-6 6-3,,1.29,"{'ace_pct': 0.0129, 'first_in_pct': 0.073, 'first_won_pct': 0.695, 'second_won_pct': 0.789}","{'first_in_pct': 0.151, 'first_won_pct': 0.677, 'second_won_pct': 0.73}"
"2025 Stuttgart Tournament Results, Stats, and Analysis",GrassDraw,28,C,2025-06-09,https://www.tennisabstract.com/cgi-bin/tourney.cgi?t=2025-0321%2FStuttgart,R32,Justin Engel,James Duckworth,281,94,4-6 6-4 7-6(5),,1.04,"{'ace_pct': 0.0104, 'first_in_pct': 0.152, 'first_won_pct': 0.61, 'second_won_pct': 0.75}","{'first_in_pct': 0.154, 'first_won_pct': 0.5579999999999999, 'second_won_pct': 0.7070000000000001}"
"2025 Stuttgart Tournament Results, Stats, and Analysis",GrassDraw,28,C,2025-06-09,https://www.tennisabstract.com/cgi-bin/tourney.cgi?t=2025-0321%2FStuttgart,R32,Giovanni Mpetshi Perricard,Roman Safiullin,36,74,7-6(10) 3-6 7-5,,0.73,"{'ace_pct': 0.0073, 'first_in_pct': 0.218, 'first_won_pct': 0.706, 'second_won_pct': 0.7979999999999999}","{'first_in_pct': 0.134, 'first_won_pct': 0.588, 'second_won_pct': 0.8420000000000001}"
"2025 Stuttgart Tournament Results, Stats, and Analysis",GrassDraw,28,C,2025-06-09,https://www.tennisabstract.com/cgi-bin/tourney.cgi?t=2025-0321%2FStuttgart,R32,Arthur Rinderknech,Denis Shapovalov,81,30,6-4 2-6 6-0,,1.45,"{'ace_pct': 0.014499999999999999, 'first_in_pct': 0.136, 'first_won_pct': 0.561, 'second_won_pct': 0.757}","{'first_in_pct': 0.055, 'first_won_pct': 0.63, 'second_won_pct': 0.674}"
"2025 Stuttgart Tournament Results, Stats, and Analysis",GrassDraw,28,C,2025-06-09,https://www.tennisabstract.com/cgi-bin/tourney.cgi?t=2025-0321%2FStuttgart,R32,Marton Fucsovics,Yannick Hanfmann,112,135,7-5 6-4,,1.19,"{'ace_pct': 0.011899999999999999, 'first_in_pct': 0.11599999999999999, 'first_won_pct': 0.58, 'second_won_pct': 0.825}","{'first_in_pct': 0.042, 'first_won_pct': 0.648, 'second_won_pct': 0.63}"
"2025 Stuttgart Tournament Results, Stats, and Analysis",GrassDraw,28,C,2025-06-09,https://www.tennisabstract.com/cgi-bin/tourney.cgi?t=2025-0321%2FStuttgart,R32,Quentin Halys,Lorenzo Sonego,47,45,6-7(6) 7-5 6-4,,1.07,"{'ace_pct': 0.010700000000000001, 'first_in_pct': 0.09300000000000001, 'first_won_pct': 0.602, 'second_won_pct': 0.8}","{'first_in_pct': 0.01, 'first_won_pct': 0.644, 'second_won_pct': 0.708}"
"2025 Basel Tournament Results, Stats, and Analysis",HardDraw,32,C,2025-10-20,https://www.tennisabstract.com/cgi-bin/tourney.cgi?t=2025-0328%2FBasel,F,Joao Fonseca,Alejandro Davidovich Fokina,46,18,6-3 6-4,,1.49,"{'ace_pct': 0.0149, 'first_in_pct': 0.115, 'first_won_pct': 0.787, 'second_won_pct': 0.75}","{'first_in_pct': 0.057999999999999996, 'first_won_pct': 0.725, 'second_won_pct': 0.6}"
"2025 Basel Tournament Results, Stats, and Analysis",HardDraw,32,C,2025-10-20,https://www.tennisabstract.com/cgi-bin/tourney.cgi?t=2025-0328%2FBasel,SF,Alejandro Davidovich Fokina,Ugo Humbert,18,24,7-6(4) 3-1 RET,,1.21,"{'ace_pct': 0.0121, 'first_in_pct': 0.052000000000000005, 'first_won_pct': 0.586, 'second_won_pct': 0.853}","{'first_in_pct': 0.125, 'first_won_pct': 0.6459999999999999, 'second_won_pct': 0.8059999999999999}"
"2025 Basel Tournament Results, Stats, and Analysis",HardDraw,32,C,2025-10-20,https://www.tennisabstract.com/cgi-bin/tourney.cgi?t=2025-0328%2FBasel,SF,Joao Fonseca,Jaume Munar,46,42,7-6(4) 7-5,,1.31,"{'ace_pct': 0.0131, 'first_in_pct': 0.107, 'first_won_pct': 0.64, 'second_won_pct': 0.8540000000000001}","{'first_in_pct': 0.138, 'first_won_pct': 0.625, 'second_won_pct': 0.76}"
"2025 Basel Tournament Results, Stats, and Analysis",HardDraw,32,C,2025-10-20,https://www.tennisabstract.com/cgi-bin/tourney.cgi?t=2025-0328%2FBasel,QF,Ugo Humbert,Reilly Opelka,24,62,7-6(0) 6-4,,1.68,"{'ace_pct': 0.0168, 'first_in_pct': 0.155, 'first_won_pct': 0.672, 'second_won_pct': 0.872}","{'first_in_pct': 0.258, 'first_won_pct': 0.774, 'second_won_pct': 0.813}"
"2025 Basel Tournament Results, Stats, and Analysis",HardDraw,32,C,2025-10-20,https://www.tennisabstract.com/cgi-bin/tourney.cgi?t=2025-0328%2FBasel,QF,Alejandro Davidovich Fokina,Casper Ruud,18,11,7-6(1) 0-0 RET,,1.81,"{'ace_pct': 0.0181, 'first_in_pct': 0.059000000000000004, 'first_won_pct': 0.765, 'second_won_pct': 0.8079999999999999}","{'first_in_pct': 0.039, 'first_won_pct': 0.6859999999999999, 'second_won_pct': 0.657}"
"2025 Basel Tournament Results, Stats, and Analysis",HardDraw,32,C,2025-10-20,https://www.tennisabstract.com/cgi-bin/tourney.cgi?t=2025-0328%2FBasel,QF,Joao Fonseca,Denis Shapovalov,46,23,3-6 6-3 4-1 RET,,1.13,"{'ace_pct': 0.0113, 'first_in_pct': 0.032, 'first_won_pct': 0.619, 'second_won_pct': 0.6409999999999999}","{'first_in_pct': 0.085, 'first_won_pct': 0.535, 'second_won_pct': 0.711}"
"2025 Basel Tournament Results, Stats, and Analysis",HardDraw,32,C,2025-10-20,https://www.tennisabstract.com/cgi-bin/tourney.cgi?t=2025-0328%2FBasel,QF,Jaume Munar,Felix Auger Aliassime,42,12,6-3 0-0 RET,,1.99,"{'ace_pct': 0.0199, 'first_in_pct': 0.138, 'first_won_pct': 0.655, 'second_won_pct': 0.895}","{'first_in_pct': 0.20600000000000002, 'first_won_pct': 0.588, 'second_won_pct': 0.85}"
"2025 Basel Tournament Results, Stats, and Analysis",HardDraw,32,C,2025-10-20,https://www.tennisabstract.com/cgi-bin/tourney.cgi?t=2025-0328%2FBasel,R16,Ugo Humbert,Taylor Fritz,24,4,6-3 6-4,,1.18,"{'ace_pct': 0.0118, 'first_in_pct': 0.10800000000000001, 'first_won_pct': 0.6920000000000001, 'second_won_pct': 0.8}","{'first_in_pct': 0.10300000000000001, 'first_won_pct': 0.466, 'second_won_pct': 0.889}"
"2025 Basel Tournament Results, Stats, and Analysis",HardDraw,32,C,2025-10-20,https://www.tennisabstract.com/cgi-bin/tourney.cgi?t=2025-0328%2FBasel,R16,Reilly Opelka,Botic Van De Zandschulp,62,82,7-6(5) 6-7(7) 6-3,,1.14,"{'ace_pct': 0.011399999999999999, 'first_in_pct': 0.254, 'first_won_pct': 0.7020000000000001, 'second_won_pct': 0.838}","{'first_in_pct': 0.152, 'first_won_pct': 0.598, 'second_won_pct': 0.851}"
"2025 Basel Tournament Results, Stats, and Analysis",HardDraw,32,C,2025-10-20,https://www.tennisabstract.com/cgi-bin/tourney.cgi?t=2025-0328%2FBasel,R16,Casper Ruud,Stan Wawrinka,11,158,6-4 7-6(5),,1.22,"{'ace_pct': 0.012199999999999999, 'first_in_pct': 0.125, 'first_won_pct': 0.6559999999999999, 'second_won_pct': 0.7859999999999999}","{'first_in_pct': 0.153, 'first_won_pct': 0.569, 'second_won_pct': 0.805}"
"2025 Basel Tournament Results, Stats, and Analysis",HardDraw,32,C,2025-10-20,https://www.tennisabstract.com/cgi-bin/tourney.cgi?t=2025-0328%2FBasel,R16,Alejandro Davidovich Fokina,Jenson Brooksby,18,55,6-7(6) 6-4 7-5,,0.97,"{'ace_pct': 0.0097, 'first_in_pct': 0.033, 'first_won_pct': 0.633, 'second_won_pct': 0.7240000000000001}","{'first_in_pct': 0.062, 'first_won_pct': 0.691, 'second_won_pct': 0.701}"
"2025 Basel Tournament Results, Stats, and Analysis",HardDraw,32,C,2025-10-20,https://www.tennisabstract.com/cgi-bin/tourney.cgi?t=2025-0328%2FBasel,R16,Joao Fonseca,Jakub Mensik,46,19,W/O,,,"{'ace_pct': None, 'first_in_pct': None, 'first_won_pct': None, 'second_won_pct': None}","{'first_in_pct': None, 'first_won_pct': None, 'second_won_pct': None}"
"2025 Basel Tournament Results, Stats, and Analysis",HardDraw,32,C,2025-10-20,https://www.tennisabstract.com/cgi-bin/tourney.cgi?t=2025-0328%2FBasel,R16,Denis Shapovalov,Valentin Royer,23,69,7-6(3) 6-2,,1.3,"{'ace_pct': 0.013000000000000001, 'first_in_pct': 0.177, 'first_won_pct': 0.726, 'second_won_pct': 0.7559999999999999}","{'first_in_pct': 0.049, 'first_won_pct': 0.623, 'second_won_pct': 0.763}"
"2025 Basel Tournament Results, Stats, and Analysis",HardDraw,32,C,2025-10-20,https://www.tennisabstract.com/cgi-bin/tourney.cgi?t=2025-0328%2FBasel,R16,Felix Auger Aliassime,Marin Cilic,12,89,7-6(2) 7-6(2),,1.74,"{'ace_pct': 0.0174, 'first_in_pct': 0.41200000000000003, 'first_won_pct': 0.735, 'second_won_pct': 0.96}","{'first_in_pct': 0.09300000000000001, 'first_won_pct': 0.573, 'second_won_pct': 0.86}"
"2025 Basel Tournament Results, Stats, and Analysis",HardDraw,32,C,2025-10-20,https://www.tennisabstract.com/cgi-bin/tourney.cgi?t=2025-0328%2FBasel,R16,Jaume Munar,Ben Shelton,42,6,6-3 6-4,,1.62,"{'ace_pct': 0.016200000000000003, 'first_in_pct': 0.18899999999999997, 'first_won_pct': 0.7170000000000001, 'second_won_pct': 0.868}","{'first_in_pct': 0.1, 'first_won_pct': 0.8170000000000001, 'second_won_pct': 0.612}"
"2025 Basel Tournament Results, Stats, and Analysis",HardDraw,32,C,2025-10-20,https://www.tennisabstract.com/cgi-bin/tourney.cgi?t=2025-0328%2FBasel,R32,Taylor Fritz,Valentin Vacherot,4,39,4-6 7-6(4) 7-5,,1.02,"{'ace_pct': 0.0102, 'first_in_pct': 0.18100000000000002, 'first_won_pct': 0.595, 'second_won_pct': 0.71}","{'first_in_pct': 0.10800000000000001, 'first_won_pct': 0.622, 'second_won_pct': 0.754}"
"2025 Basel Tournament Results, Stats, and Analysis",HardDraw,32,C,2025-10-20,https://www.tennisabstract.com/cgi-bin/tourney.cgi?t=2025-0328%2FBasel,R32,Ugo Humbert,Sebastian Korda,24,56,6-3 6-4,,1.64,"{'ace_pct': 0.016399999999999998, 'first_in_pct': 0.111, 'first_won_pct': 0.778, 'second_won_pct': 0.81}","{'first_in_pct': 0.10400000000000001, 'first_won_pct': 0.667, 'second_won_pct': 0.6559999999999999}"
"2025 Basel Tournament Results, Stats, and Analysis",HardDraw,32,C,2025-10-20,https://www.tennisabstract.com/cgi-bin/tourney.cgi?t=2025-0328%2FBasel,R32,Reilly Opelka,Sebastian Baez,62,43,6-3 6-4,,2.15,"{'ace_pct': 0.0215, 'first_in_pct': 0.373, 'first_won_pct': 0.843, 'second_won_pct': 0.86}","{'first_in_pct': 0.0, 'first_won_pct': 0.727, 'second_won_pct': 0.688}"
"2025 Basel Tournament Results, Stats, and Analysis",HardDraw,32,C,2025-10-20,https://www.tennisabstract.com/cgi-bin/tourney.cgi?t=2025-0328%2FBasel,R32,Botic Van De Zandschulp,Jiri Lehecka,82,17,6-2 6-2,,1.56,"{'ace_pct': 0.015600000000000001, 'first_in_pct': 0.121, 'first_won_pct': 0.534, 'second_won_pct': 0.8059999999999999}","{'first_in_pct': 0.065, 'first_won_pct': 0.645, 'second_won_pct': 0.6}"
"2025 Basel Tournament Results, Stats, and Analysis",HardDraw,32,C,2025-10-20,https://www.tennisabstract.com/cgi-bin/tourney.cgi?t=2025-0328%2FBasel,R32,Casper Ruud,Quentin Halys,11,78,6-1 7-6(3),,1.51,"{'ace_pct': 0.0151, 'first_in_pct': 0.175, 'first_won_pct': 0.7190000000000001, 'second_won_pct': 0.78}","{'first_in_pct': 0.172, 'first_won_pct': 0.621, 'second_won_pct': 0.6940000000000001}"
"2025 Basel Tournament Results, Stats, and Analysis",HardDraw,32,C,2025-10-20,https://www.tennisabstract.com/cgi-bin/tourney.cgi?t=2025-0328%2FBasel,R32,Stan Wawrinka,Miomir Kecmanovic,158,52,6-1 7-6(3),,1.45,"{'ace_pct': 0.014499999999999999, 'first_in_pct': 0.203, 'first_won_pct': 0.6779999999999999, 'second_won_pct': 0.75}","{'first_in_pct': 0.033, 'first_won_pct': 0.5670000000000001, 'second_won_pct': 0.706}"
"2025 Basel Tournament Results, Stats, and Analysis",HardDraw,32,C,2025-10-20,https://www.tennisabstract.com/cgi-bin/tourney.cgi?t=2025-0328%2FBasel,R32,Jenson Brooksby,Alexandre Muller,55,44,6-4 6-3,,1.96,"{'ace_pct': 0.0196, 'first_in_pct': 0.133, 'first_won_pct': 0.6890000000000001, 'second_won_pct': 0.8390000000000001}","{'first_in_pct': 0.018000000000000002, 'first_won_pct': 0.696, 'second_won_pct': 0.718}"
"2025 Basel Tournament Results, Stats, and Analysis",HardDraw,32,C,2025-10-20,https://www.tennisabstract.com/cgi-bin/tourney.cgi?t=2025-0328%2FBasel,R32,Alejandro Davidovich Fokina,Lorenzo Sonego,18,45,7-6(2) 6-4,,1.28,"{'ace_pct': 0.0128, 'first_in_pct': 0.055999999999999994, 'first_won_pct': 0.597, 'second_won_pct': 0.7909999999999999}","{'first_in_pct': 0.122, 'first_won_pct': 0.6709999999999999, 'second_won_pct': 0.6729999999999999}"
"2025 Basel Tournament Results, Stats, and Analysis",HardDraw,32,C,2025-10-20,https://www.tennisabstract.com/cgi-bin/tourney.cgi?t=2025-0328%2FBasel,R32,Jakub Mensik,Henry Bernet,19,481,7-6(1) 6-7(7) 6-3,,1.27,"{'ace_pct': 0.0127, 'first_in_pct': 0.165, 'first_won_pct': 0.569, 'second_won_pct': 0.823}","{'first_in_pct': 0.076, 'first_won_pct': 0.562, 'second_won_pct': 0.746}"
"2025 Basel Tournament Results, Stats, and Analysis",HardDraw,32,C,2025-10-20,https://www.tennisabstract.com/cgi-bin/tourney.cgi?t=2025-0328%2FBasel,R32,Joao Fonseca,Giovanni Mpetshi Perricard,46,33,7-6(6) 6-3,,1.35,"{'ace_pct': 0.013500000000000002, 'first_in_pct': 0.10300000000000001, 'first_won_pct': 0.691, 'second_won_pct': 0.787}","{'first_in_pct': 0.19699999999999998, 'first_won_pct': 0.773, 'second_won_pct': 0.647}"
"2025 Basel Tournament Results, Stats, and Analysis",HardDraw,32,C,2025-10-20,https://www.tennisabstract.com/cgi-bin/tourney.cgi?t=2025-0328%2FBasel,R32,Valentin Royer,Raphael Collignon,69,73,6-4 7-6(5),,0.78,"{'ace_pct': 0.0078000000000000005, 'first_in_pct': 0.038, 'first_won_pct': 0.6920000000000001, 'second_won_pct': 0.722}","{'first_in_pct': 0.121, 'first_won_pct': 0.7759999999999999, 'second_won_pct': 0.8220000000000001}"
"2025 Basel Tournament Results, Stats, and Analysis",HardDraw,32,C,2025-10-20,https://www.tennisabstract.com/cgi-bin/tourney.cgi?t=2025-0328%2FBasel,R32,Denis Shapovalov,Marcos Giron,23,57,6-7(3) 6-0 7-6(4),,1.15,"{'ace_pct': 0.0115, 'first_in_pct': 0.127, 'first_won_pct': 0.647, 'second_won_pct': 0.7120000000000001}","{'first_in_pct': 0.032, 'first_won_pct': 0.6809999999999999, 'second_won_pct': 0.6409999999999999}"
"2025 Basel Tournament Results, Stats, and Analysis",HardDraw,32,C,2025-10-20,https://www.tennisabstract.com/cgi-bin/tourney.cgi?t=2025-0328%2FBasel,R32,Felix Auger Aliassime,Gabriel Diallo,12,41,6-2 7-5,,1.51,"{'ace_pct': 0.0151, 'first_in_pct': 0.125, 'first_won_pct': 0.7809999999999999, 'second_won_pct': 0.74}","{'first_in_pct': 0.09, 'first_won_pct': 0.674, 'second_won_pct': 0.65}"
"2025 Basel Tournament Results, Stats, and Analysis",HardDraw,32,C,2025-10-20,https://www.tennisabstract.com/cgi-bin/tourney.cgi?t=2025-0328%2FBasel,R32,Marin Cilic,David Goffin,89,104,7-6(9) 7-5,,1.33,"{'ace_pct': 0.013300000000000001, 'first_in_pct': 0.139, 'first_won_pct': 0.597, 'second_won_pct': 0.86}","{'first_in_pct': 0.20800000000000002, 'first_won_pct': 0.6809999999999999, 'second_won_pct': 0.8370000000000001}"
"2025 Basel Tournament Results, Stats, and Analysis",HardDraw,32,C,2025-10-20,https://www.tennisabstract.com/cgi-bin/tourney.cgi?t=2025-0328%2FBasel,R32,Jaume Munar,Remy Bertola,42,268,6-2 6-4,,1.43,"{'ace_pct': 0.0143, 'first_in_pct': 0.08900000000000001, 'first_won_pct': 0.7140000000000001, 'second_won_pct': 0.8}","{'first_in_pct': 0.055999999999999994, 'first_won_pct': 0.537, 'second_won_pct': 0.655}"
"2025 Basel Tournament Results, Stats, and Analysis",HardDraw,32,C,2025-10-20,https://www.tennisabstract.com/cgi-bin/tourney.cgi?t=2025-0328%2FBasel,R32,Ben Shelton,Kamil Majchrzak,6,70,6-7(2) 6-3 7-6(7),,0.98,"{'ace_pct': 0.0098, 'first_in_pct': 0.114, 'first_won_pct': 0.728, 'second_won_pct': 0.7709999999999999}","{'first_in_pct': 0.106, 'first_won_pct': 0.69, 'second_won_pct': 0.7440000000000001}"
"2025 Tokyo Tournament Results, Stats, and Analysis",HardDraw,32,C,2025-09-24,https://www.tennisabstract.com/cgi-bin/tourney.cgi?t=2025-0329%2FGstaad,F,Carlos Alcaraz,Taylor Fritz,,5,6-4 6-4,,1.21,"{'ace_pct': 0.0121, 'first_in_pct': 0.095, 'first_won_pct': 0.635, 'second_won_pct': 0.775}","{'first_in_pct': 0.091, 'first_won_pct': 0.591, 'second_won_pct': 0.6920000000000001}"
"2025 Tokyo Tournament Results, Stats, and Analysis",HardDraw,32,C,2025-09-24,https://www.tennisabstract.com/cgi-bin/tourney.cgi?t=2025-0329%2FGstaad,SF,Carlos Alcaraz,Casper Ruud,,12,3-6 6-3 6-4,,1.15,"{'ace_pct': 0.0115, 'first_in_pct': 0.138, 'first_won_pct': 0.637, 'second_won_pct': 0.784}","{'first_in_pct': 0.078, 'first_won_pct': 0.711, 'second_won_pct': 0.688}"
"2025 Tokyo Tournament Results, Stats, and Analysis",HardDraw,32,C,2025-09-24,https://www.tennisabstract.com/cgi-bin/tourney.cgi?t=2025-0329%2FGstaad,SF,Taylor Fritz,Jenson Brooksby,5,86,6-4 6-3,,1.4,"{'ace_pct': 0.013999999999999999, 'first_in_pct': 0.21, 'first_won_pct': 0.742, 'second_won_pct': 0.848}","{'first_in_pct': 0.034, 'first_won_pct': 0.672, 'second_won_pct': 0.6409999999999999}"
"2025 Tokyo Tournament Results, Stats, and Analysis",HardDraw,32,C,2025-09-24,https://www.tennisabstract.com/cgi-bin/tourney.cgi?t=2025-0329%2FGstaad,QF,Carlos Alcaraz,Brandon Nakashima,,33,6-2 6-4,,2.37,"{'ace_pct': 0.023700000000000002, 'first_in_pct': 0.022000000000000002, 'first_won_pct': 0.667, 'second_won_pct': 0.833}","{'first_in_pct': 0.047, 'first_won_pct': 0.7190000000000001, 'second_won_pct': 0.696}"
"2025 Tokyo Tournament Results, Stats, and Analysis",HardDraw,32,C,2025-09-24,https://www.tennisabstract.com/cgi-bin/tourney.cgi?t=2025-0329%2FGstaad,QF,Casper Ruud,Aleksandar Vukic,12,95,6-3 6-2,,1.97,"{'ace_pct': 0.0197, 'first_in_pct': 0.188, 'first_won_pct': 0.833, 'second_won_pct': 0.8}","{'first_in_pct': 0.10300000000000001, 'first_won_pct': 0.564, 'second_won_pct': 0.682}"
"2025 Tokyo Tournament Results, Stats, and Analysis",HardDraw,32,C,2025-09-24,https://www.tennisabstract.com/cgi-bin/tourney.cgi?t=2025-0329%2FGstaad,QF,Jenson Brooksby,Holger Rune,86,11,6-3 6-3,,1.21,"{'ace_pct': 0.0121, 'first_in_pct': 0.016, 'first_won_pct': 0.645, 'second_won_pct': 0.675}","{'first_in_pct': 0.086, 'first_won_pct': 0.672, 'second_won_pct': 0.718}"
"2025 Tokyo Tournament Results, Stats, and Analysis",HardDraw,32,C,2025-09-24,https://www.tennisabstract.com/cgi-bin/tourney.cgi?t=2025-0329%2FGstaad,QF,Taylor Fritz,Sebastian Korda,5,74,6-3 6-7(5) 6-3,,0.89,"{'ace_pct': 0.0089, 'first_in_pct': 0.11699999999999999, 'first_won_pct': 0.633, 'second_won_pct': 0.7759999999999999}","{'first_in_pct': 0.16, 'first_won_pct': 0.642, 'second_won_pct': 0.865}"
"2025 Tokyo Tournament Results, Stats, and Analysis",HardDraw,32,C,2025-09-24,https://www.tennisabstract.com/cgi-bin/tourney.cgi?t=2025-0329%2FGstaad,R16,Carlos Alcaraz,Zizou Bergs,,45,6-4 6-3,,1.15,"{'ace_pct': 0.0115, 'first_in_pct': 0.05, 'first_won_pct': 0.617, 'second_won_pct': 0.6759999999999999}","{'first_in_pct': 0.096, 'first_won_pct': 0.654, 'second_won_pct': 0.5589999999999999}"
"2025 Tokyo Tournament Results, Stats, and Analysis",HardDraw,32,C,2025-09-24,https://www.tennisabstract.com/cgi-bin/tourney.cgi?t=2025-0329%2FGstaad,R16,Brandon Nakashima,Marton Fucsovics,33,58,7-5 6-3,,1.29,"{'ace_pct': 0.0129, 'first_in_pct': 0.083, 'first_won_pct': 0.6809999999999999, 'second_won_pct': 0.7140000000000001}","{'first_in_pct': 0.10099999999999999, 'first_won_pct': 0.536, 'second_won_pct': 0.6759999999999999}"
"2025 Tokyo Tournament Results, Stats, and Analysis",HardDraw,32,C,2025-09-24,https://www.tennisabstract.com/cgi-bin/tourney.cgi?t=2025-0329%2FGstaad,R16,Casper Ruud,Matteo Berrettini,12,56,7-6(4) 6-2,,1.51,"{'ace_pct': 0.0151, 'first_in_pct': 0.053, 'first_won_pct': 0.737, 'second_won_pct': 0.857}","{'first_in_pct': 0.172, 'first_won_pct': 0.563, 'second_won_pct': 0.75}"
"2025 Tokyo Tournament Results, Stats, and Analysis",HardDraw,32,C,2025-09-24,https://www.tennisabstract.com/cgi-bin/tourney.cgi?t=2025-0329%2FGstaad,R16,Aleksandar Vukic,Daniel Altmaier,95,50,6-4 6-2,,1.62,"{'ace_pct': 0.016200000000000003, 'first_in_pct': 0.14, 'first_won_pct': 0.6, 'second_won_pct': 0.767}","{'first_in_pct': 0.14, 'first_won_pct': 0.596, 'second_won_pct': 0.6759999999999999}"
"2025 Tokyo Tournament Results, Stats, and Analysis",HardDraw,32,C,2025-09-24,https://www.tennisabstract.com/cgi-bin/tourney.cgi?t=2025-0329%2FGstaad,R16,Jenson Brooksby,Luciano Darderi,86,30,7-6(7) 6-1,,1.52,"{'ace_pct': 0.0152, 'first_in_pct': 0.083, 'first_won_pct': 0.617, 'second_won_pct': 0.757}","{'first_in_pct': 0.015, 'first_won_pct': 0.647, 'second_won_pct': 0.591}"
"2025 Tokyo Tournament Results, Stats, and Analysis",HardDraw,32,C,2025-09-24,https://www.tennisabstract.com/cgi-bin/tourney.cgi?t=2025-0329%2FGstaad,R16,Holger Rune,Ethan Quinn,11,81,6-4 6-2,,1.46,"{'ace_pct': 0.0146, 'first_in_pct': 0.113, 'first_won_pct': 0.698, 'second_won_pct': 0.6759999999999999}","{'first_in_pct': 0.08199999999999999, 'first_won_pct': 0.6940000000000001, 'second_won_pct': 0.529}"
"2025 Tokyo Tournament Results, Stats, and Analysis",HardDraw,32,C,2025-09-24,https://www.tennisabstract.com/cgi-bin/tourney.cgi?t=2025-0329%2FGstaad,R16,Sebastian Korda,Sho Shimabukuro,74,273,6-1 6-4,,1.31,"{'ace_pct': 0.0131, 'first_in_pct': 0.127, 'first_won_pct': 0.563, 'second_won_pct': 0.8}","{'first_in_pct': 0.085, 'first_won_pct': 0.617, 'second_won_pct': 0.621}"
"2025 Tokyo Tournament Results, Stats, and Analysis",HardDraw,32,C,2025-09-24,https://www.tennisabstract.com/cgi-bin/tourney.cgi?t=2025-0329%2FGstaad,R16,Taylor Fritz,Nuno Borges,5,51,7-5 7-6(4),,1.32,"{'ace_pct': 0.0132, 'first_in_pct': 0.22699999999999998, 'first_won_pct': 0.652, 'second_won_pct': 0.8370000000000001}","{'first_in_pct': 0.021, 'first_won_pct': 0.604, 'second_won_pct': 0.69}"
"2025 Tokyo Tournament Results, Stats, and Analysis",HardDraw,32,C,2025-09-24,https://www.tennisabstract.com/cgi-bin/tourney.cgi?t=2025-0329%2FGstaad,R32,Carlos Alcaraz,Sebastian Baez,,41,6-4 6-2,,1.24,"{'ace_pct': 0.0124, 'first_in_pct': 0.054000000000000006, 'first_won_pct': 0.768, 'second_won_pct': 0.721}","{'first_in_pct': 0.019, 'first_won_pct': 0.741, 'second_won_pct': 0.625}"
"2025 Tokyo Tournament Results, Stats, and Analysis",HardDraw,32,C,2025-09-24,https://www.tennisabstract.com/cgi-bin/tourney.cgi?t=2025-0329%2FGstaad,R32,Zizou Bergs,Alejandro Tabilo,45,72,1-6 7-6(2) 7-6(4),,1.03,"{'ace_pct': 0.0103, 'first_in_pct': 0.11800000000000001, 'first_won_pct': 0.588, 'second_won_pct': 0.7170000000000001}","{'first_in_pct': 0.026000000000000002, 'first_won_pct': 0.635, 'second_won_pct': 0.726}"
"2025 Tokyo Tournament Results, Stats, and Analysis",HardDraw,32,C,2025-09-24,https://www.tennisabstract.com/cgi-bin/tourney.cgi?t=2025-0329%2FGstaad,R32,Brandon Nakashima,Jordan Thompson,33,78,6-7(6) 7-6(4) 6-2,,1.15,"{'ace_pct': 0.0115, 'first_in_pct': 0.086, 'first_won_pct': 0.647, 'second_won_pct': 0.733}","{'first_in_pct': 0.084, 'first_won_pct': 0.613, 'second_won_pct': 0.7120000000000001}"
"2025 Tokyo Tournament Results, Stats, and Analysis",HardDraw,32,C,2025-09-24,https://www.tennisabstract.com/cgi-bin/tourney.cgi?t=2025-0329%2FGstaad,R32,Marton Fucsovics,Frances Tiafoe,58,29,3-6 6-1 7-5,,1.43,"{'ace_pct': 0.0143, 'first_in_pct': 0.073, 'first_won_pct': 0.585, 'second_won_pct': 0.688}","{'first_in_pct': 0.09699999999999999, 'first_won_pct': 0.534, 'second_won_pct': 0.6729999999999999}"
"2025 Tokyo Tournament Results, Stats, and Analysis",HardDraw,32,C,2025-09-24,https://www.tennisabstract.com/cgi-bin/tourney.cgi?t=2025-0329%2FGstaad,R32,Casper Ruud,Shintaro Mochizuki,12,106,4-6 6-1 6-1,,1.63,"{'ace_pct': 0.0163, 'first_in_pct': 0.159, 'first_won_pct': 0.762, 'second_won_pct': 0.813}","{'first_in_pct': 0.063, 'first_won_pct': 0.557, 'second_won_pct': 0.614}"
"2025 Tokyo Tournament Results, Stats, and Analysis",HardDraw,32,C,2025-09-24,https://www.tennisabstract.com/cgi-bin/tourney.cgi?t=2025-0329%2FGstaad,R32,Matteo Berrettini,Jaume Munar,56,40,6-4 6-2,,1.44,"{'ace_pct': 0.0144, 'first_in_pct': 0.158, 'first_won_pct': 0.579, 'second_won_pct': 0.7879999999999999}","{'first_in_pct': 0.048, 'first_won_pct': 0.635, 'second_won_pct': 0.65}"
"2025 Tokyo Tournament Results, Stats, and Analysis",HardDraw,32,C,2025-09-24,https://www.tennisabstract.com/cgi-bin/tourney.cgi?t=2025-0329%2FGstaad,R32,Aleksandar Vukic,Damir Dzumhur,95,66,6-4 3-6 6-3,,1.04,"{'ace_pct': 0.0104, 'first_in_pct': 0.15, 'first_won_pct': 0.5, 'second_won_pct': 0.85}","{'first_in_pct': 0.027000000000000003, 'first_won_pct': 0.703, 'second_won_pct': 0.6920000000000001}"
"2025 Tokyo Tournament Results, Stats, and Analysis",HardDraw,32,C,2025-09-24,https://www.tennisabstract.com/cgi-bin/tourney.cgi?t=2025-0329%2FGstaad,R32,Daniel Altmaier,Denis Shapovalov,50,26,7-5 6-3,,1.26,"{'ace_pct': 0.0126, 'first_in_pct': 0.081, 'first_won_pct': 0.6940000000000001, 'second_won_pct': 0.7440000000000001}","{'first_in_pct': 0.07200000000000001, 'first_won_pct': 0.609, 'second_won_pct': 0.7140000000000001}"
"2025 Tokyo Tournament Results, Stats, and Analysis",HardDraw,32,C,2025-09-24,https://www.tennisabstract.com/cgi-bin/tourney.cgi?t=2025-0329%2FGstaad,R32,Jenson Brooksby,Ugo Humbert,86,24,7-6(4) 6-3,,1.25,"{'ace_pct': 0.0125, 'first_in_pct': 0.043, 'first_won_pct': 0.58, 'second_won_pct': 0.825}","{'first_in_pct': 0.059000000000000004, 'first_won_pct': 0.662, 'second_won_pct': 0.667}"
"2025 Tokyo Tournament Results, Stats, and Analysis",HardDraw,32,C,2025-09-24,https://www.tennisabstract.com/cgi-bin/tourney.cgi?t=2025-0329%2FGstaad,R32,Luciano Darderi,Yoshihito Nishioka,30,157,7-6(9) 6-3,,1.35,"{'ace_pct': 0.013500000000000002, 'first_in_pct': 0.13699999999999998, 'first_won_pct': 0.685, 'second_won_pct': 0.76}","{'first_in_pct': 0.08800000000000001, 'first_won_pct': 0.7, 'second_won_pct': 0.643}"
"2025 Tokyo Tournament Results, Stats, and Analysis",HardDraw,32,C,2025-09-24,https://www.tennisabstract.com/cgi-bin/tourney.cgi?t=2025-0329%2FGstaad,R32,Ethan Quinn,Alex Michelsen,81,32,7-5 6-2,,1.67,"{'ace_pct': 0.0167, 'first_in_pct': 0.182, 'first_won_pct': 0.5820000000000001, 'second_won_pct': 0.813}","{'first_in_pct': 0.121, 'first_won_pct': 0.667, 'second_won_pct': 0.591}"
"2025 Tokyo Tournament Results, Stats, and Analysis",HardDraw,32,C,2025-09-24,https://www.tennisabstract.com/cgi-bin/tourney.cgi?t=2025-0329%2FGstaad,R32,Holger Rune,Hamad Medjedovic,11,63,7-6(7) 6-1,,1.4,"{'ace_pct': 0.013999999999999999, 'first_in_pct': 0.175, 'first_won_pct': 0.635, 'second_won_pct': 0.725}","{'first_in_pct': 0.141, 'first_won_pct': 0.6409999999999999, 'second_won_pct': 0.634}"
"2025 Tokyo Tournament Results, Stats, and Analysis",HardDraw,32,C,2025-09-24,https://www.tennisabstract.com/cgi-bin/tourney.cgi?t=2025-0329%2FGstaad,R32,Sho Shimabukuro,Tomas Machac,273,22,6-3 7-6(4),,1.5,"{'ace_pct': 0.015, 'first_in_pct': 0.078, 'first_won_pct': 0.594, 'second_won_pct': 0.711}","{'first_in_pct': 0.07200000000000001, 'first_won_pct': 0.639, 'second_won_pct': 0.642}"
"2025 Tokyo Tournament Results, Stats, and Analysis",HardDraw,32,C,2025-09-24,https://www.tennisabstract.com/cgi-bin/tourney.cgi?t=2025-0329%2FGstaad,R32,Sebastian Korda,Marcos Giron,74,48,4-6 6-3 7-6(4),,0.99,"{'ace_pct': 0.009899999999999999, 'first_in_pct': 0.07400000000000001, 'first_won_pct': 0.556, 'second_won_pct': 0.8}","{'first_in_pct': 0.062, 'first_won_pct': 0.5770000000000001, 'second_won_pct': 0.7140000000000001}"
"2025 Tokyo Tournament Results, Stats, and Analysis",HardDraw,32,C,2025-09-24,https://www.tennisabstract.com/cgi-bin/tourney.cgi?t=2025-0329%2FGstaad,R32,Nuno Borges,Yosuke Watanuki,51,147,2-6 6-4 6-1,,1.2,"{'ace_pct': 0.012, 'first_in_pct': 0.037000000000000005, 'first_won_pct': 0.732, 'second_won_pct': 0.7}","{'first_in_pct': 0.11900000000000001, 'first_won_pct': 0.56, 'second_won_pct': 0.617}"
"2025 Tokyo Tournament Results, Stats, and Analysis",HardDraw,32,C,2025-09-24,https://www.tennisabstract.com/cgi-bin/tourney.cgi?t=2025-0329%2FGstaad,R32,Taylor Fritz,Gabriel Diallo,5,35,4-6 6-3 7-6(3),,0.89,"{'ace_pct': 0.0089, 'first_in_pct': 0.124, 'first_won_pct': 0.705, 'second_won_pct': 0.757}","{'first_in_pct': 0.11, 'first_won_pct': 0.695, 'second_won_pct': 0.895}"
"2025 Tokyo Tournament Results, Stats, and Analysis",HardDraw,32,C,2025-09-24,https://www.tennisabstract.com/cgi-bin/tourney.cgi?t=2025-0329%2FTokyo,F,Carlos Alcaraz,Taylor Fritz,,5,6-4 6-4,,1.21,"{'ace_pct': 0.0121, 'first_in_pct': 0.095, 'first_won_pct': 0.635, 'second_won_pct': 0.775}","{'first_in_pct': 0.091, 'first_won_pct': 0.591, 'second_won_pct': 0.6920000000000001}"
"2025 Tokyo Tournament Results, Stats, and Analysis",HardDraw,32,C,2025-09-24,https://www.tennisabstract.com/cgi-bin/tourney.cgi?t=2025-0329%2FTokyo,SF,Carlos Alcaraz,Casper Ruud,,12,3-6 6-3 6-4,,1.15,"{'ace_pct': 0.0115, 'first_in_pct': 0.138, 'first_won_pct': 0.637, 'second_won_pct': 0.784}","{'first_in_pct': 0.078, 'first_won_pct': 0.711, 'second_won_pct': 0.688}"
"2025 Tokyo Tournament Results, Stats, and Analysis",HardDraw,32,C,2025-09-24,https://www.tennisabstract.com/cgi-bin/tourney.cgi?t=2025-0329%2FTokyo,SF,Taylor Fritz,Jenson Brooksby,5,86,6-4 6-3,,1.4,"{'ace_pct': 0.013999999999999999, 'first_in_pct': 0.21, 'first_won_pct': 0.742, 'second_won_pct': 0.848}","{'first_in_pct': 0.034, 'first_won_pct': 0.672, 'second_won_pct': 0.6409999999999999}"
"2025 Tokyo Tournament Results, Stats, and Analysis",HardDraw,32,C,2025-09-24,https://www.tennisabstract.com/cgi-bin/tourney.cgi?t=2025-0329%2FTokyo,QF,Carlos Alcaraz,Brandon Nakashima,,33,6-2 6-4,,2.37,"{'ace_pct': 0.023700000000000002, 'first_in_pct': 0.022000000000000002, 'first_won_pct': 0.667, 'second_won_pct': 0.833}","{'first_in_pct': 0.047, 'first_won_pct': 0.7190000000000001, 'second_won_pct': 0.696}"
"2025 Tokyo Tournament Results, Stats, and Analysis",HardDraw,32,C,2025-09-24,https://www.tennisabstract.com/cgi-bin/tourney.cgi?t=2025-0329%2FTokyo,QF,Casper Ruud,Aleksandar Vukic,12,95,6-3 6-2,,1.97,"{'ace_pct': 0.0197, 'first_in_pct': 0.188, 'first_won_pct': 0.833, 'second_won_pct': 0.8}","{'first_in_pct': 0.10300000000000001, 'first_won_pct': 0.564, 'second_won_pct': 0.682}"
"2025 Tokyo Tournament Results, Stats, and Analysis",HardDraw,32,C,2025-09-24,https://www.tennisabstract.com/cgi-bin/tourney.cgi?t=2025-0329%2FTokyo,QF,Jenson Brooksby,Holger Rune,86,11,6-3 6-3,,1.21,"{'ace_pct': 0.0121, 'first_in_pct': 0.016, 'first_won_pct': 0.645, 'second_won_pct': 0.675}","{'first_in_pct': 0.086, 'first_won_pct': 0.672, 'second_won_pct': 0.718}"
"2025 Tokyo Tournament Results, Stats, and Analysis",HardDraw,32,C,2025-09-24,https://www.tennisabstract.com/cgi-bin/tourney.cgi?t=2025-0329%2FTokyo,QF,Taylor Fritz,Sebastian Korda,5,74,6-3 6-7(5) 6-3,,0.89,"{'ace_pct': 0.0089, 'first_in_pct': 0.11699999999999999, 'first_won_pct': 0.633, 'second_won_pct': 0.7759999999999999}","{'first_in_pct': 0.16, 'first_won_pct': 0.642, 'second_won_pct': 0.865}"
"2025 Tokyo Tournament Results, Stats, and Analysis",HardDraw,32,C,2025-09-24,https://www.tennisabstract.com/cgi-bin/tourney.cgi?t=2025-0329%2FTokyo,R16,Carlos Alcaraz,Zizou Bergs,,45,6-4 6-3,,1.15,"{'ace_pct': 0.0115, 'first_in_pct': 0.05, 'first_won_pct': 0.617, 'second_won_pct': 0.6759999999999999}","{'first_in_pct': 0.096, 'first_won_pct': 0.654, 'second_won_pct': 0.5589999999999999}"
"2025 Tokyo Tournament Results, Stats, and Analysis",HardDraw,32,C,2025-09-24,https://www.tennisabstract.com/cgi-bin/tourney.cgi?t=2025-0329%2FTokyo,R16,Brandon Nakashima,Marton Fucsovics,33,58,7-5 6-3,,1.29,"{'ace_pct': 0.0129, 'first_in_pct': 0.083, 'first_won_pct': 0.6809999999999999, 'second_won_pct': 0.7140000000000001}","{'first_in_pct': 0.10099999999999999, 'first_won_pct': 0.536, 'second_won_pct': 0.6759999999999999}"
"2025 Tokyo Tournament Results, Stats, and Analysis",HardDraw,32,C,2025-09-24,https://www.tennisabstract.com/cgi-bin/tourney.cgi?t=2025-0329%2FTokyo,R16,Casper Ruud,Matteo Berrettini,12,56,7-6(4) 6-2,,1.51,"{'ace_pct': 0.0151, 'first_in_pct': 0.053, 'first_won_pct': 0.737, 'second_won_pct': 0.857}","{'first_in_pct': 0.172, 'first_won_pct': 0.563, 'second_won_pct': 0.75}"
"2025 Tokyo Tournament Results, Stats, and Analysis",HardDraw,32,C,2025-09-24,https://www.tennisabstract.com/cgi-bin/tourney.cgi?t=2025-0329%2FTokyo,R16,Aleksandar Vukic,Daniel Altmaier,95,50,6-4 6-2,,1.62,"{'ace_pct': 0.016200000000000003, 'first_in_pct': 0.14, 'first_won_pct': 0.6, 'second_won_pct': 0.767}","{'first_in_pct': 0.14, 'first_won_pct': 0.596, 'second_won_pct': 0.6759999999999999}"
"2025 Tokyo Tournament Results, Stats, and Analysis",HardDraw,32,C,2025-09-24,https://www.tennisabstract.com/cgi-bin/tourney.cgi?t=2025-0329%2FTokyo,R16,Jenson Brooksby,Luciano Darderi,86,30,7-6(7) 6-1,,1.52,"{'ace_pct': 0.0152, 'first_in_pct': 0.083, 'first_won_pct': 0.617, 'second_won_pct': 0.757}","{'first_in_pct': 0.015, 'first_won_pct': 0.647, 'second_won_pct': 0.591}"
"2025 Tokyo Tournament Results, Stats, and Analysis",HardDraw,32,C,2025-09-24,https://www.tennisabstract.com/cgi-bin/tourney.cgi?t=2025-0329%2FTokyo,R16,Holger Rune,Ethan Quinn,11,81,6-4 6-2,,1.46,"{'ace_pct': 0.0146, 'first_in_pct': 0.113, 'first_won_pct': 0.698, 'second_won_pct': 0.6759999999999999}","{'first_in_pct': 0.08199999999999999, 'first_won_pct': 0.6940000000000001, 'second_won_pct': 0.529}"
"2025 Tokyo Tournament Results, Stats, and Analysis",HardDraw,32,C,2025-09-24,https://www.tennisabstract.com/cgi-bin/tourney.cgi?t=2025-0329%2FTokyo,R16,Sebastian Korda,Sho Shimabukuro,74,273,6-1 6-4,,1.31,"{'ace_pct': 0.0131, 'first_in_pct': 0.127, 'first_won_pct': 0.563, 'second_won_pct': 0.8}","{'first_in_pct': 0.085, 'first_won_pct': 0.617, 'second_won_pct': 0.621}"
"2025 Tokyo Tournament Results, Stats, and Analysis",HardDraw,32,C,2025-09-24,https://www.tennisabstract.com/cgi-bin/tourney.cgi?t=2025-0329%2FTokyo,R16,Taylor Fritz,Nuno Borges,5,51,7-5 7-6(4),,1.32,"{'ace_pct': 0.0132, 'first_in_pct': 0.22699999999999998, 'first_won_pct': 0.652, 'second_won_pct': 0.8370000000000001}","{'first_in_pct': 0.021, 'first_won_pct': 0.604, 'second_won_pct': 0.69}"
"2025 Tokyo Tournament Results, Stats, and Analysis",HardDraw,32,C,2025-09-24,https://www.tennisabstract.com/cgi-bin/tourney.cgi?t=2025-0329%2FTokyo,R32,Carlos Alcaraz,Sebastian Baez,,41,6-4 6-2,,1.24,"{'ace_pct': 0.0124, 'first_in_pct': 0.054000000000000006, 'first_won_pct': 0.768, 'second_won_pct': 0.721}","{'first_in_pct': 0.019, 'first_won_pct': 0.741, 'second_won_pct': 0.625}"
"2025 Tokyo Tournament Results, Stats, and Analysis",HardDraw,32,C,2025-09-24,https://www.tennisabstract.com/cgi-bin/tourney.cgi?t=2025-0329%2FTokyo,R32,Zizou Bergs,Alejandro Tabilo,45,72,1-6 7-6(2) 7-6(4),,1.03,"{'ace_pct': 0.0103, 'first_in_pct': 0.11800000000000001, 'first_won_pct': 0.588, 'second_won_pct': 0.7170000000000001}","{'first_in_pct': 0.026000000000000002, 'first_won_pct': 0.635, 'second_won_pct': 0.726}"
"2025 Tokyo Tournament Results, Stats, and Analysis",HardDraw,32,C,2025-09-24,https://www.tennisabstract.com/cgi-bin/tourney.cgi?t=2025-0329%2FTokyo,R32,Brandon Nakashima,Jordan Thompson,33,78,6-7(6) 7-6(4) 6-2,,1.15,"{'ace_pct': 0.0115, 'first_in_pct': 0.086, 'first_won_pct': 0.647, 'second_won_pct': 0.733}","{'first_in_pct': 0.084, 'first_won_pct': 0.613, 'second_won_pct': 0.7120000000000001}"
"2025 Tokyo Tournament Results, Stats, and Analysis",HardDraw,32,C,2025-09-24,https://www.tennisabstract.com/cgi-bin/tourney.cgi?t=2025-0329%2FTokyo,R32,Marton Fucsovics,Frances Tiafoe,58,29,3-6 6-1 7-5,,1.43,"{'ace_pct': 0.0143, 'first_in_pct': 0.073, 'first_won_pct': 0.585, 'second_won_pct': 0.688}","{'first_in_pct': 0.09699999999999999, 'first_won_pct': 0.534, 'second_won_pct': 0.6729999999999999}"
"2025 Tokyo Tournament Results, Stats, and Analysis",HardDraw,32,C,2025-09-24,https://www.tennisabstract.com/cgi-bin/tourney.cgi?t=2025-0329%2FTokyo,R32,Casper Ruud,Shintaro Mochizuki,12,106,4-6 6-1 6-1,,1.63,"{'ace_pct': 0.0163, 'first_in_pct': 0.159, 'first_won_pct': 0.762, 'second_won_pct': 0.813}","{'first_in_pct': 0.063, 'first_won_pct': 0.557, 'second_won_pct': 0.614}"
"2025 Tokyo Tournament Results, Stats, and Analysis",HardDraw,32,C,2025-09-24,https://www.tennisabstract.com/cgi-bin/tourney.cgi?t=2025-0329%2FTokyo,R32,Matteo Berrettini,Jaume Munar,56,40,6-4 6-2,,1.44,"{'ace_pct': 0.0144, 'first_in_pct': 0.158, 'first_won_pct': 0.579, 'second_won_pct': 0.7879999999999999}","{'first_in_pct': 0.048, 'first_won_pct': 0.635, 'second_won_pct': 0.65}"
"2025 Tokyo Tournament Results, Stats, and Analysis",HardDraw,32,C,2025-09-24,https://www.tennisabstract.com/cgi-bin/tourney.cgi?t=2025-0329%2FTokyo,R32,Aleksandar Vukic,Damir Dzumhur,95,66,6-4 3-6 6-3,,1.04,"{'ace_pct': 0.0104, 'first_in_pct': 0.15, 'first_won_pct': 0.5, 'second_won_pct': 0.85}","{'first_in_pct': 0.027000000000000003, 'first_won_pct': 0.703, 'second_won_pct': 0.6920000000000001}"
"2025 Tokyo Tournament Results, Stats, and Analysis",HardDraw,32,C,2025-09-24,https://www.tennisabstract.com/cgi-bin/tourney.cgi?t=2025-0329%2FTokyo,R32,Daniel Altmaier,Denis Shapovalov,50,26,7-5 6-3,,1.26,"{'ace_pct': 0.0126, 'first_in_pct': 0.081, 'first_won_pct': 0.6940000000000001, 'second_won_pct': 0.7440000000000001}","{'first_in_pct': 0.07200000000000001, 'first_won_pct': 0.609, 'second_won_pct': 0.7140000000000001}"
"2025 Tokyo Tournament Results, Stats, and Analysis",HardDraw,32,C,2025-09-24,https://www.tennisabstract.com/cgi-bin/tourney.cgi?t=2025-0329%2FTokyo,R32,Jenson Brooksby,Ugo Humbert,86,24,7-6(4) 6-3,,1.25,"{'ace_pct': 0.0125, 'first_in_pct': 0.043, 'first_won_pct': 0.58, 'second_won_pct': 0.825}","{'first_in_pct': 0.059000000000000004, 'first_won_pct': 0.662, 'second_won_pct': 0.667}"
"2025 Tokyo Tournament Results, Stats, and Analysis",HardDraw,32,C,2025-09-24,https://www.tennisabstract.com/cgi-bin/tourney.cgi?t=2025-0329%2FTokyo,R32,Luciano Darderi,Yoshihito Nishioka,30,157,7-6(9) 6-3,,1.35,"{'ace_pct': 0.013500000000000002, 'first_in_pct': 0.13699999999999998, 'first_won_pct': 0.685, 'second_won_pct': 0.76}","{'first_in_pct': 0.08800000000000001, 'first_won_pct': 0.7, 'second_won_pct': 0.643}"
"2025 Tokyo Tournament Results, Stats, and Analysis",HardDraw,32,C,2025-09-24,https://www.tennisabstract.com/cgi-bin/tourney.cgi?t=2025-0329%2FTokyo,R32,Ethan Quinn,Alex Michelsen,81,32,7-5 6-2,,1.67,"{'ace_pct': 0.0167, 'first_in_pct': 0.182, 'first_won_pct': 0.5820000000000001, 'second_won_pct': 0.813}","{'first_in_pct': 0.121, 'first_won_pct': 0.667, 'second_won_pct': 0.591}"
"2025 Tokyo Tournament Results, Stats, and Analysis",HardDraw,32,C,2025-09-24,https://www.tennisabstract.com/cgi-bin/tourney.cgi?t=2025-0329%2FTokyo,R32,Holger Rune,Hamad Medjedovic,11,63,7-6(7) 6-1,,1.4,"{'ace_pct': 0.013999999999999999, 'first_in_pct': 0.175, 'first_won_pct': 0.635, 'second_won_pct': 0.725}","{'first_in_pct': 0.141, 'first_won_pct': 0.6409999999999999, 'second_won_pct': 0.634}"
"2025 Tokyo Tournament Results, Stats, and Analysis",HardDraw,32,C,2025-09-24,https://www.tennisabstract.com/cgi-bin/tourney.cgi?t=2025-0329%2FTokyo,R32,Sho Shimabukuro,Tomas Machac,273,22,6-3 7-6(4),,1.5,"{'ace_pct': 0.015, 'first_in_pct': 0.078, 'first_won_pct': 0.594, 'second_won_pct': 0.711}","{'first_in_pct': 0.07200000000000001, 'first_won_pct': 0.639, 'second_won_pct': 0.642}"
"2025 Tokyo Tournament Results, Stats, and Analysis",HardDraw,32,C,2025-09-24,https://www.tennisabstract.com/cgi-bin/tourney.cgi?t=2025-0329%2FTokyo,R32,Sebastian Korda,Marcos Giron,74,48,4-6 6-3 7-6(4),,0.99,"{'ace_pct': 0.009899999999999999, 'first_in_pct': 0.07400000000000001, 'first_won_pct': 0.556, 'second_won_pct': 0.8}","{'first_in_pct': 0.062, 'first_won_pct': 0.5770000000000001, 'second_won_pct': 0.7140000000000001}"
"2025 Tokyo Tournament Results, Stats, and Analysis",HardDraw,32,C,2025-09-24,https://www.tennisabstract.com/cgi-bin/tourney.cgi?t=2025-0329%2FTokyo,R32,Nuno Borges,Yosuke Watanuki,51,147,2-6 6-4 6-1,,1.2,"{'ace_pct': 0.012, 'first_in_pct': 0.037000000000000005, 'first_won_pct': 0.732, 'second_won_pct': 0.7}","{'first_in_pct': 0.11900000000000001, 'first_won_pct': 0.56, 'second_won_pct': 0.617}"
"2025 Tokyo Tournament Results, Stats, and Analysis",HardDraw,32,C,2025-09-24,https://www.tennisabstract.com/cgi-bin/tourney.cgi?t=2025-0329%2FTokyo,R32,Taylor Fritz,Gabriel Diallo,5,35,4-6 6-3 7-6(3),,0.89,"{'ace_pct': 0.0089, 'first_in_pct': 0.124, 'first_won_pct': 0.705, 'second_won_pct': 0.757}","{'first_in_pct': 0.11, 'first_won_pct': 0.695, 'second_won_pct': 0.895}"
"2025 Vienna Tournament Results, Stats, and Analysis",HardDraw,32,C,2025-10-20,https://www.tennisabstract.com/cgi-bin/tourney.cgi?t=2025-0337%2FVienna,F,Jannik Sinner,Alexander Zverev,2,3,3-6 6-3 7-5,,1.41,"{'ace_pct': 0.0141, 'first_in_pct': 0.131, 'first_won_pct': 0.679, 'second_won_pct': 0.825}","{'first_in_pct': 0.10800000000000001, 'first_won_pct': 0.755, 'second_won_pct': 0.7140000000000001}"
"2025 Vienna Tournament Results, Stats, and Analysis",HardDraw,32,C,2025-10-20,https://www.tennisabstract.com/cgi-bin/tourney.cgi?t=2025-0337%2FVienna,SF,Jannik Sinner,Alex De Minaur,2,7,6-3 6-4,,1.38,"{'ace_pct': 0.0138, 'first_in_pct': 0.07, 'first_won_pct': 0.667, 'second_won_pct': 0.737}","{'first_in_pct': 0.04, 'first_won_pct': 0.58, 'second_won_pct': 0.517}"
"2025 Vienna Tournament Results, Stats, and Analysis",HardDraw,32,C,2025-10-20,https://www.tennisabstract.com/cgi-bin/tourney.cgi?t=2025-0337%2FVienna,SF,Alexander Zverev,Lorenzo Musetti,3,8,6-4 7-5,,1.36,"{'ace_pct': 0.013600000000000001, 'first_in_pct': 0.155, 'first_won_pct': 0.828, 'second_won_pct': 0.833}","{'first_in_pct': 0.047, 'first_won_pct': 0.609, 'second_won_pct': 0.769}"
"2025 Vienna Tournament Results, Stats, and Analysis",HardDraw,32,C,2025-10-20,https://www.tennisabstract.com/cgi-bin/tourney.cgi?t=2025-0337%2FVienna,QF,Jannik Sinner,Alexander Bublik,2,16,6-4 6-4,,,"{'ace_pct': 0.0352, 'first_in_pct': 0.17800000000000002, 'first_won_pct': 0.667, 'second_won_pct': 0.9329999999999999}","{'first_in_pct': 0.13, 'first_won_pct': 0.623, 'second_won_pct': 0.698}"
"2025 Vienna Tournament Results, Stats, and Analysis",HardDraw,32,C,2025-10-20,https://www.tennisabstract.com/cgi-bin/tourney.cgi?t=2025-0337%2FVienna,QF,Alex De Minaur,Matteo Berrettini,7,59,6-1 7-6(4),,1.22,"{'ace_pct': 0.012199999999999999, 'first_in_pct': 0.055999999999999994, 'first_won_pct': 0.625, 'second_won_pct': 0.733}","{'first_in_pct': 0.12300000000000001, 'first_won_pct': 0.708, 'second_won_pct': 0.5}"
"2025 Vienna Tournament Results, Stats, and Analysis",HardDraw,32,C,2025-10-20,https://www.tennisabstract.com/cgi-bin/tourney.cgi?t=2025-0337%2FVienna,QF,Lorenzo Musetti,Corentin Moutet,8,36,6-3 6-4,,1.23,"{'ace_pct': 0.0123, 'first_in_pct': 0.062, 'first_won_pct': 0.615, 'second_won_pct': 0.7}","{'first_in_pct': 0.019, 'first_won_pct': 0.509, 'second_won_pct': 0.778}"
"2025 Vienna Tournament Results, Stats, and Analysis",HardDraw,32,C,2025-10-20,https://www.tennisabstract.com/cgi-bin/tourney.cgi?t=2025-0337%2FVienna,QF,Alexander Zverev,Tallon Griekspoor,3,28,W/O,,,"{'ace_pct': None, 'first_in_pct': None, 'first_won_pct': None, 'second_won_pct': None}","{'first_in_pct': None, 'first_won_pct': None, 'second_won_pct': None}"
"2025 Vienna Tournament Results, Stats, and Analysis",HardDraw,32,C,2025-10-20,https://www.tennisabstract.com/cgi-bin/tourney.cgi?t=2025-0337%2FVienna,R16,Jannik Sinner,Flavio Cobolli,2,22,6-2 7-6(4),,1.37,"{'ace_pct': 0.0137, 'first_in_pct': 0.062, 'first_won_pct': 0.6459999999999999, 'second_won_pct': 0.69}","{'first_in_pct': 0.051, 'first_won_pct': 0.6579999999999999, 'second_won_pct': 0.654}"
"2025 Vienna Tournament Results, Stats, and Analysis",HardDraw,32,C,2025-10-20,https://www.tennisabstract.com/cgi-bin/tourney.cgi?t=2025-0337%2FVienna,R16,Alexander Bublik,Francisco Cerundolo,16,21,6-4 6-2,,1.25,"{'ace_pct': 0.0125, 'first_in_pct': 0.16699999999999998, 'first_won_pct': 0.758, 'second_won_pct': 0.8}","{'first_in_pct': 0.08, 'first_won_pct': 0.66, 'second_won_pct': 0.6970000000000001}"
"2025 Vienna Tournament Results, Stats, and Analysis",HardDraw,32,C,2025-10-20,https://www.tennisabstract.com/cgi-bin/tourney.cgi?t=2025-0337%2FVienna,R16,Alex De Minaur,Filip Misolic,7,95,6-4 6-4,,1.48,"{'ace_pct': 0.0148, 'first_in_pct': 0.053, 'first_won_pct': 0.667, 'second_won_pct': 0.737}","{'first_in_pct': 0.07200000000000001, 'first_won_pct': 0.696, 'second_won_pct': 0.708}"
"2025 Vienna Tournament Results, Stats, and Analysis",HardDraw,32,C,2025-10-20,https://www.tennisabstract.com/cgi-bin/tourney.cgi?t=2025-0337%2FVienna,R16,Matteo Berrettini,Cameron Norrie,59,35,7-6(6) 6-7(9) 6-4,,1.09,"{'ace_pct': 0.0109, 'first_in_pct': 0.129, 'first_won_pct': 0.685, 'second_won_pct': 0.7290000000000001}","{'first_in_pct': 0.051, 'first_won_pct': 0.632, 'second_won_pct': 0.635}"
"2025 Vienna Tournament Results, Stats, and Analysis",HardDraw,32,C,2025-10-20,https://www.tennisabstract.com/cgi-bin/tourney.cgi?t=2025-0337%2FVienna,R16,Corentin Moutet,Daniil Medvedev,36,14,7-6(3) 6-4,,1.06,"{'ace_pct': 0.0106, 'first_in_pct': 0.011000000000000001, 'first_won_pct': 0.573, 'second_won_pct': 0.647}","{'first_in_pct': 0.085, 'first_won_pct': 0.606, 'second_won_pct': 0.581}"
"2025 Vienna Tournament Results, Stats, and Analysis",HardDraw,32,C,2025-10-20,https://www.tennisabstract.com/cgi-bin/tourney.cgi?t=2025-0337%2FVienna,R16,Lorenzo Musetti,Tomas Martin Etcheverry,8,60,6-3 6-4,,1.4,"{'ace_pct': 0.013999999999999999, 'first_in_pct': 0.111, 'first_won_pct': 0.667, 'second_won_pct': 0.81}","{'first_in_pct': 0.073, 'first_won_pct': 0.6729999999999999, 'second_won_pct': 0.703}"
"2025 Vienna Tournament Results, Stats, and Analysis",HardDraw,32,C,2025-10-20,https://www.tennisabstract.com/cgi-bin/tourney.cgi?t=2025-0337%2FVienna,R16,Tallon Griekspoor,Brandon Nakashima,28,32,7-6(4) 7-6(2),,1.36,"{'ace_pct': 0.013600000000000001, 'first_in_pct': 0.134, 'first_won_pct': 0.732, 'second_won_pct': 0.8170000000000001}","{'first_in_pct': 0.13, 'first_won_pct': 0.6629999999999999, 'second_won_pct': 0.787}"
"2025 Vienna Tournament Results, Stats, and Analysis",HardDraw,32,C,2025-10-20,https://www.tennisabstract.com/cgi-bin/tourney.cgi?t=2025-0337%2FVienna,R16,Alexander Zverev,Matteo Arnaldi,3,72,6-4 6-4,,1.57,"{'ace_pct': 0.015700000000000002, 'first_in_pct': 0.113, 'first_won_pct': 0.7170000000000001, 'second_won_pct': 0.868}","{'first_in_pct': 0.102, 'first_won_pct': 0.475, 'second_won_pct': 0.7859999999999999}"
"2025 Vienna Tournament Results, Stats, and Analysis",HardDraw,32,C,2025-10-20,https://www.tennisabstract.com/cgi-bin/tourney.cgi?t=2025-0337%2FVienna,R32,Jannik Sinner,Daniel Altmaier,2,51,6-0 6-2,,,"{'ace_pct': 0.048, 'first_in_pct': 0.156, 'first_won_pct': 0.594, 'second_won_pct': 0.9470000000000001}","{'first_in_pct': 0.067, 'first_won_pct': 0.578, 'second_won_pct': 0.5379999999999999}"
"2025 Vienna Tournament Results, Stats, and Analysis",HardDraw,32,C,2025-10-20,https://www.tennisabstract.com/cgi-bin/tourney.cgi?t=2025-0337%2FVienna,R32,Flavio Cobolli,Tomas Machac,22,31,7-6(6) 6-2,,1.79,"{'ace_pct': 0.0179, 'first_in_pct': 0.11699999999999999, 'first_won_pct': 0.633, 'second_won_pct': 0.8420000000000001}","{'first_in_pct': 0.12300000000000001, 'first_won_pct': 0.679, 'second_won_pct': 0.745}"
"2025 Vienna Tournament Results, Stats, and Analysis",HardDraw,32,C,2025-10-20,https://www.tennisabstract.com/cgi-bin/tourney.cgi?t=2025-0337%2FVienna,R32,Francisco Cerundolo,Alex Michelsen,21,34,6-3 6-1,,1.7,"{'ace_pct': 0.017, 'first_in_pct': 0.0, 'first_won_pct': 0.6, 'second_won_pct': 0.8}","{'first_in_pct': 0.039, 'first_won_pct': 0.647, 'second_won_pct': 0.545}"
"2025 Vienna Tournament Results, Stats, and Analysis",HardDraw,32,C,2025-10-20,https://www.tennisabstract.com/cgi-bin/tourney.cgi?t=2025-0337%2FVienna,R32,Alexander Bublik,Alejandro Tabilo,16,75,6-4 6-4,,1.45,"{'ace_pct': 0.014499999999999999, 'first_in_pct': 0.222, 'first_won_pct': 0.63, 'second_won_pct': 0.912}","{'first_in_pct': 0.14300000000000002, 'first_won_pct': 0.732, 'second_won_pct': 0.732}"
"2025 Vienna Tournament Results, Stats, and Analysis",HardDraw,32,C,2025-10-20,https://www.tennisabstract.com/cgi-bin/tourney.cgi?t=2025-0337%2FVienna,R32,Alex De Minaur,Jurij Rodionov,7,154,6-4 6-1,,2.11,"{'ace_pct': 0.021099999999999997, 'first_in_pct': 0.061, 'first_won_pct': 0.6729999999999999, 'second_won_pct': 0.7879999999999999}","{'first_in_pct': 0.069, 'first_won_pct': 0.466, 'second_won_pct': 0.7040000000000001}"
"2025 Vienna Tournament Results, Stats, and Analysis",HardDraw,32,C,2025-10-20,https://www.tennisabstract.com/cgi-bin/tourney.cgi?t=2025-0337%2FVienna,R32,Filip Misolic,Camilo Ugo Carabelli,95,50,7-5 7-6(6),,1.09,"{'ace_pct': 0.0109, 'first_in_pct': 0.065, 'first_won_pct': 0.652, 'second_won_pct': 0.733}","{'first_in_pct': 0.067, 'first_won_pct': 0.674, 'second_won_pct': 0.55}"
"2025 Vienna Tournament Results, Stats, and Analysis",HardDraw,32,C,2025-10-20,https://www.tennisabstract.com/cgi-bin/tourney.cgi?t=2025-0337%2FVienna,R32,Matteo Berrettini,Alexei Popyrin,59,48,7-6(5) 6-3,,1.51,"{'ace_pct': 0.0151, 'first_in_pct': 0.153, 'first_won_pct': 0.6779999999999999, 'second_won_pct': 0.8}","{'first_in_pct': 0.182, 'first_won_pct': 0.6970000000000001, 'second_won_pct': 0.696}"
"2025 Vienna Tournament Results, Stats, and Analysis",HardDraw,32,C,2025-10-20,https://www.tennisabstract.com/cgi-bin/tourney.cgi?t=2025-0337%2FVienna,R32,Cameron Norrie,Andrey Rublev,35,15,6-2 6-7(5) 6-2,,1.63,"{'ace_pct': 0.0163, 'first_in_pct': 0.122, 'first_won_pct': 0.6709999999999999, 'second_won_pct': 0.745}","{'first_in_pct': 0.094, 'first_won_pct': 0.594, 'second_won_pct': 0.649}"
"2025 Vienna Tournament Results, Stats, and Analysis",HardDraw,32,C,2025-10-20,https://www.tennisabstract.com/cgi-bin/tourney.cgi?t=2025-0337%2FVienna,R32,Daniil Medvedev,Nuno Borges,14,47,6-4 6-7(7) 6-2,,1.23,"{'ace_pct': 0.0123, 'first_in_pct': 0.184, 'first_won_pct': 0.612, 'second_won_pct': 0.833}","{'first_in_pct': 0.078, 'first_won_pct': 0.5589999999999999, 'second_won_pct': 0.789}"
"2025 Vienna Tournament Results, Stats, and Analysis",HardDraw,32,C,2025-10-20,https://www.tennisabstract.com/cgi-bin/tourney.cgi?t=2025-0337%2FVienna,R32,Corentin Moutet,Damir Dzumhur,36,63,6-3 6-0,,2.86,"{'ace_pct': 0.0286, 'first_in_pct': 0.10800000000000001, 'first_won_pct': 0.486, 'second_won_pct': 0.889}","{'first_in_pct': 0.021, 'first_won_pct': 0.7709999999999999, 'second_won_pct': 0.43200000000000005}"
"2025 Vienna Tournament Results, Stats, and Analysis",HardDraw,32,C,2025-10-20,https://www.tennisabstract.com/cgi-bin/tourney.cgi?t=2025-0337%2FVienna,R32,Tomas Martin Etcheverry,Nicolai Budkov Kjaer,60,137,6-3 6-3,,2.42,"{'ace_pct': 0.0242, 'first_in_pct': 0.136, 'first_won_pct': 0.773, 'second_won_pct': 0.941}","{'first_in_pct': 0.08, 'first_won_pct': 0.58, 'second_won_pct': 0.621}"
"2025 Vienna Tournament Results, Stats, and Analysis",HardDraw,32,C,2025-10-20,https://www.tennisabstract.com/cgi-bin/tourney.cgi?t=2025-0337%2FVienna,R32,Lorenzo Musetti,Hamad Medjedovic,8,67,6-4 6-3,,2.08,"{'ace_pct': 0.0208, 'first_in_pct': 0.14300000000000002, 'first_won_pct': 0.51, 'second_won_pct': 0.92}","{'first_in_pct': 0.085, 'first_won_pct': 0.7120000000000001, 'second_won_pct': 0.619}"
"2025 Vienna Tournament Results, Stats, and Analysis",HardDraw,32,C,2025-10-20,https://www.tennisabstract.com/cgi-bin/tourney.cgi?t=2025-0337%2FVienna,R32,Tallon Griekspoor,Karen Khachanov,28,13,6-3 5-7 6-4,,1.29,"{'ace_pct': 0.0129, 'first_in_pct': 0.134, 'first_won_pct': 0.634, 'second_won_pct': 0.7879999999999999}","{'first_in_pct': 0.161, 'first_won_pct': 0.736, 'second_won_pct': 0.7659999999999999}"
"2025 Vienna Tournament Results, Stats, and Analysis",HardDraw,32,C,2025-10-20,https://www.tennisabstract.com/cgi-bin/tourney.cgi?t=2025-0337%2FVienna,R32,Brandon Nakashima,Luciano Darderi,32,26,6-2 7-5,,1.62,"{'ace_pct': 0.016200000000000003, 'first_in_pct': 0.13, 'first_won_pct': 0.593, 'second_won_pct': 0.8440000000000001}","{'first_in_pct': 0.12300000000000001, 'first_won_pct': 0.605, 'second_won_pct': 0.6940000000000001}"
"2025 Vienna Tournament Results, Stats, and Analysis",HardDraw,32,C,2025-10-20,https://www.tennisabstract.com/cgi-bin/tourney.cgi?t=2025-0337%2FVienna,R32,Matteo Arnaldi,Aleksandar Kovacevic,72,65,7-5 6-4,,1.19,"{'ace_pct': 0.011899999999999999, 'first_in_pct': 0.16899999999999998, 'first_won_pct': 0.62, 'second_won_pct': 0.795}","{'first_in_pct': 0.066, 'first_won_pct': 0.605, 'second_won_pct': 0.7170000000000001}"
"2025 Vienna Tournament Results, Stats, and Analysis",HardDraw,32,C,2025-10-20,https://www.tennisabstract.com/cgi-bin/tourney.cgi?t=2025-0337%2FVienna,R32,Alexander Zverev,Jacob Fearnley,3,81,6-4 1-6 7-6(5),,1.2,"{'ace_pct': 0.012, 'first_in_pct': 0.063, 'first_won_pct': 0.6629999999999999, 'second_won_pct': 0.7170000000000001}","{'first_in_pct': 0.019, 'first_won_pct': 0.728, 'second_won_pct': 0.7070000000000001}"
"2025 Brisbane Tournament Results, Stats, and Analysis",HardDraw,32,C,2024-12-30,https://www.tennisabstract.com/cgi-bin/tourney.cgi?t=2025-0339%2FAuckland,F,Jiri Lehecka,Reilly Opelka,28,293,4-1 RET,,2.78,"{'ace_pct': 0.0278, 'first_in_pct': 0.2, 'first_won_pct': 0.667, 'second_won_pct': 1.0}","{'first_in_pct': 0.0, 'first_won_pct': 1.0, 'second_won_pct': 0.444}"
"2025 Brisbane Tournament Results, Stats, and Analysis",HardDraw,32,C,2024-12-30,https://www.tennisabstract.com/cgi-bin/tourney.cgi?t=2025-0339%2FAuckland,SF,Reilly Opelka,Giovanni Mpetshi Perricard,293,31,6-3 7-6(4),,1.57,"{'ace_pct': 0.015700000000000002, 'first_in_pct': 0.188, 'first_won_pct': 0.703, 'second_won_pct': 0.8440000000000001}","{'first_in_pct': 0.145, 'first_won_pct': 0.696, 'second_won_pct': 0.792}"
"2025 Brisbane Tournament Results, Stats, and Analysis",HardDraw,32,C,2024-12-30,https://www.tennisabstract.com/cgi-bin/tourney.cgi?t=2025-0339%2FAuckland,SF,Jiri Lehecka,Grigor Dimitrov,28,10,6-4 4-4 RET,,1.06,"{'ace_pct': 0.0106, 'first_in_pct': 0.077, 'first_won_pct': 0.5, 'second_won_pct': 0.846}","{'first_in_pct': 0.122, 'first_won_pct': 0.653, 'second_won_pct': 0.75}"
"2025 Brisbane Tournament Results, Stats, and Analysis",HardDraw,32,C,2024-12-30,https://www.tennisabstract.com/cgi-bin/tourney.cgi?t=2025-0339%2FAuckland,QF,Reilly Opelka,Novak Djokovic,293,7,7-6(6) 6-3,,1.55,"{'ace_pct': 0.0155, 'first_in_pct': 0.25, 'first_won_pct': 0.7659999999999999, 'second_won_pct': 0.7759999999999999}","{'first_in_pct': 0.11, 'first_won_pct': 0.726, 'second_won_pct': 0.7170000000000001}"
"2025 Brisbane Tournament Results, Stats, and Analysis",HardDraw,32,C,2024-12-30,https://www.tennisabstract.com/cgi-bin/tourney.cgi?t=2025-0339%2FAuckland,QF,Giovanni Mpetshi Perricard,Jakub Mensik,31,48,7-5 7-6(5),,1.3,"{'ace_pct': 0.013000000000000001, 'first_in_pct': 0.264, 'first_won_pct': 0.653, 'second_won_pct': 0.787}","{'first_in_pct': 0.128, 'first_won_pct': 0.615, 'second_won_pct': 0.792}"
"2025 Brisbane Tournament Results, Stats, and Analysis",HardDraw,32,C,2024-12-30,https://www.tennisabstract.com/cgi-bin/tourney.cgi?t=2025-0339%2FAuckland,QF,Jiri Lehecka,Nicolas Jarry,28,35,6-4 6-4,,1.17,"{'ace_pct': 0.011699999999999999, 'first_in_pct': 0.152, 'first_won_pct': 0.591, 'second_won_pct': 0.795}","{'first_in_pct': 0.129, 'first_won_pct': 0.629, 'second_won_pct': 0.718}"
"2025 Brisbane Tournament Results, Stats, and Analysis",HardDraw,32,C,2024-12-30,https://www.tennisabstract.com/cgi-bin/tourney.cgi?t=2025-0339%2FAuckland,QF,Grigor Dimitrov,Jordan Thompson,10,26,6-1 2-1 RET,,2.21,"{'ace_pct': 0.022099999999999998, 'first_in_pct': 0.032, 'first_won_pct': 0.677, 'second_won_pct': 0.905}","{'first_in_pct': 0.038, 'first_won_pct': 0.462, 'second_won_pct': 0.583}"
"2025 Brisbane Tournament Results, Stats, and Analysis",HardDraw,32,C,2024-12-30,https://www.tennisabstract.com/cgi-bin/tourney.cgi?t=2025-0339%2FAuckland,R16,Novak Djokovic,Gael Monfils,7,55,6-3 6-3,,1.62,"{'ace_pct': 0.016200000000000003, 'first_in_pct': 0.096, 'first_won_pct': 0.654, 'second_won_pct': 0.765}","{'first_in_pct': 0.083, 'first_won_pct': 0.708, 'second_won_pct': 0.618}"
"2025 Brisbane Tournament Results, Stats, and Analysis",HardDraw,32,C,2024-12-30,https://www.tennisabstract.com/cgi-bin/tourney.cgi?t=2025-0339%2FAuckland,R16,Reilly Opelka,Matteo Arnaldi,293,37,7-6(9) 7-6(4),,0.96,"{'ace_pct': 0.0096, 'first_in_pct': 0.29100000000000004, 'first_won_pct': 0.674, 'second_won_pct': 0.845}","{'first_in_pct': 0.107, 'first_won_pct': 0.5329999999999999, 'second_won_pct': 0.85}"
"2025 Brisbane Tournament Results, Stats, and Analysis",HardDraw,32,C,2024-12-30,https://www.tennisabstract.com/cgi-bin/tourney.cgi?t=2025-0339%2FAuckland,R16,Giovanni Mpetshi Perricard,Frances Tiafoe,31,18,6-4 7-6(4),,1.09,"{'ace_pct': 0.0109, 'first_in_pct': 0.267, 'first_won_pct': 0.667, 'second_won_pct': 0.8}","{'first_in_pct': 0.083, 'first_won_pct': 0.528, 'second_won_pct': 0.816}"
"2025 Brisbane Tournament Results, Stats, and Analysis",HardDraw,32,C,2024-12-30,https://www.tennisabstract.com/cgi-bin/tourney.cgi?t=2025-0339%2FAuckland,R16,Jakub Mensik,Dusan Lajovic,48,81,6-3 6-2,,1.73,"{'ace_pct': 0.0173, 'first_in_pct': 0.078, 'first_won_pct': 0.745, 'second_won_pct': 0.711}","{'first_in_pct': 0.091, 'first_won_pct': 0.782, 'second_won_pct': 0.488}"
"2025 Brisbane Tournament Results, Stats, and Analysis",HardDraw,32,C,2024-12-30,https://www.tennisabstract.com/cgi-bin/tourney.cgi?t=2025-0339%2FAuckland,R16,Nicolas Jarry,Benjamin Bonzi,35,75,6-2 6-3,,2.02,"{'ace_pct': 0.0202, 'first_in_pct': 0.233, 'first_won_pct': 0.698, 'second_won_pct': 0.9}","{'first_in_pct': 0.078, 'first_won_pct': 0.6859999999999999, 'second_won_pct': 0.514}"
"2025 Brisbane Tournament Results, Stats, and Analysis",HardDraw,32,C,2024-12-30,https://www.tennisabstract.com/cgi-bin/tourney.cgi?t=2025-0339%2FAuckland,R16,Jiri Lehecka,Yoshihito Nishioka,28,69,6-2 6-7(5) 6-4,,1.67,"{'ace_pct': 0.0167, 'first_in_pct': 0.21, 'first_won_pct': 0.63, 'second_won_pct': 0.882}","{'first_in_pct': 0.027999999999999997, 'first_won_pct': 0.701, 'second_won_pct': 0.653}"
"2025 Brisbane Tournament Results, Stats, and Analysis",HardDraw,32,C,2024-12-30,https://www.tennisabstract.com/cgi-bin/tourney.cgi?t=2025-0339%2FAuckland,R16,Jordan Thompson,Alex Michelsen,26,41,7-5 6-3,,1.47,"{'ace_pct': 0.0147, 'first_in_pct': 0.05, 'first_won_pct': 0.617, 'second_won_pct': 0.757}","{'first_in_pct': 0.062, 'first_won_pct': 0.708, 'second_won_pct': 0.63}"
"2025 Brisbane Tournament Results, Stats, and Analysis",HardDraw,32,C,2024-12-30,https://www.tennisabstract.com/cgi-bin/tourney.cgi?t=2025-0339%2FAuckland,R16,Grigor Dimitrov,Aleksandar Vukic,10,68,6-2 7-6(5),,2.23,"{'ace_pct': 0.0223, 'first_in_pct': 0.226, 'first_won_pct': 0.623, 'second_won_pct': 0.9390000000000001}","{'first_in_pct': 0.068, 'first_won_pct': 0.595, 'second_won_pct': 0.705}"
"2025 Brisbane Tournament Results, Stats, and Analysis",HardDraw,32,C,2024-12-30,https://www.tennisabstract.com/cgi-bin/tourney.cgi?t=2025-0339%2FAuckland,R32,Novak Djokovic,Rinky Hijikata,7,73,6-3 6-3,,2.09,"{'ace_pct': 0.0209, 'first_in_pct': 0.255, 'first_won_pct': 0.66, 'second_won_pct': 0.8059999999999999}","{'first_in_pct': 0.13, 'first_won_pct': 0.685, 'second_won_pct': 0.595}"
"2025 Brisbane Tournament Results, Stats, and Analysis",HardDraw,32,C,2024-12-30,https://www.tennisabstract.com/cgi-bin/tourney.cgi?t=2025-0339%2FAuckland,R32,Gael Monfils,Nishesh Basavareddy,55,138,6-4 4-6 6-1,,1.34,"{'ace_pct': 0.0134, 'first_in_pct': 0.23399999999999999, 'first_won_pct': 0.675, 'second_won_pct': 0.769}","{'first_in_pct': 0.054000000000000006, 'first_won_pct': 0.662, 'second_won_pct': 0.6940000000000001}"
"2025 Brisbane Tournament Results, Stats, and Analysis",HardDraw,32,C,2024-12-30,https://www.tennisabstract.com/cgi-bin/tourney.cgi?t=2025-0339%2FAuckland,R32,Reilly Opelka,Federico Agustin Gomez,293,137,7-5 6-4,,,"{'ace_pct': 0.0316, 'first_in_pct': 0.184, 'first_won_pct': 0.5920000000000001, 'second_won_pct': 0.9309999999999999}","{'first_in_pct': 0.113, 'first_won_pct': 0.6609999999999999, 'second_won_pct': 0.7559999999999999}"
"2025 Brisbane Tournament Results, Stats, and Analysis",HardDraw,32,C,2024-12-30,https://www.tennisabstract.com/cgi-bin/tourney.cgi?t=2025-0339%2FAuckland,R32,Matteo Arnaldi,Alexei Popyrin,37,24,6-3 6-2,,1.4,"{'ace_pct': 0.013999999999999999, 'first_in_pct': 0.13, 'first_won_pct': 0.444, 'second_won_pct': 0.708}","{'first_in_pct': 0.122, 'first_won_pct': 0.7070000000000001, 'second_won_pct': 0.655}"
"2025 Brisbane Tournament Results, Stats, and Analysis",HardDraw,32,C,2024-12-30,https://www.tennisabstract.com/cgi-bin/tourney.cgi?t=2025-0339%2FAuckland,R32,Frances Tiafoe,Adam Walton,18,93,7-6(5) 6-3,,1.39,"{'ace_pct': 0.0139, 'first_in_pct': 0.19699999999999998, 'first_won_pct': 0.6970000000000001, 'second_won_pct': 0.804}","{'first_in_pct': 0.19699999999999998, 'first_won_pct': 0.5760000000000001, 'second_won_pct': 0.789}"
"2025 Brisbane Tournament Results, Stats, and Analysis",HardDraw,32,C,2024-12-30,https://www.tennisabstract.com/cgi-bin/tourney.cgi?t=2025-0339%2FAuckland,R32,Giovanni Mpetshi Perricard,Nick Kyrgios,31,,7-6(2) 6-7(4) 7-6(3),,1.04,"{'ace_pct': 0.0104, 'first_in_pct': 0.324, 'first_won_pct': 0.6579999999999999, 'second_won_pct': 0.89}","{'first_in_pct': 0.14, 'first_won_pct': 0.757, 'second_won_pct': 0.8270000000000001}"
"2025 Brisbane Tournament Results, Stats, and Analysis",HardDraw,32,C,2024-12-30,https://www.tennisabstract.com/cgi-bin/tourney.cgi?t=2025-0339%2FAuckland,R32,Jakub Mensik,Mikhail Kukushkin,48,113,7-6(3) 6-4,,1.3,"{'ace_pct': 0.013000000000000001, 'first_in_pct': 0.191, 'first_won_pct': 0.618, 'second_won_pct': 0.7859999999999999}","{'first_in_pct': 0.026000000000000002, 'first_won_pct': 0.618, 'second_won_pct': 0.638}"
"2025 Brisbane Tournament Results, Stats, and Analysis",HardDraw,32,C,2024-12-30,https://www.tennisabstract.com/cgi-bin/tourney.cgi?t=2025-0339%2FAuckland,R32,Dusan Lajovic,Arthur Cazaux,81,63,6-4 6-4,,1.39,"{'ace_pct': 0.0139, 'first_in_pct': 0.016, 'first_won_pct': 0.672, 'second_won_pct': 0.659}","{'first_in_pct': 0.099, 'first_won_pct': 0.568, 'second_won_pct': 0.7170000000000001}"
"2025 Brisbane Tournament Results, Stats, and Analysis",HardDraw,32,C,2024-12-30,https://www.tennisabstract.com/cgi-bin/tourney.cgi?t=2025-0339%2FAuckland,R32,Benjamin Bonzi,Alejandro Tabilo,75,23,6-7(8) 7-6(5) 6-4,,1.26,"{'ace_pct': 0.0126, 'first_in_pct': 0.136, 'first_won_pct': 0.655, 'second_won_pct': 0.792}","{'first_in_pct': 0.14400000000000002, 'first_won_pct': 0.672, 'second_won_pct': 0.7859999999999999}"
"2025 Brisbane Tournament Results, Stats, and Analysis",HardDraw,32,C,2024-12-30,https://www.tennisabstract.com/cgi-bin/tourney.cgi?t=2025-0339%2FAuckland,R32,Nicolas Jarry,Mariano Navone,35,47,7-5 7-6(7),,1.28,"{'ace_pct': 0.0128, 'first_in_pct': 0.09300000000000001, 'first_won_pct': 0.627, 'second_won_pct': 0.83}","{'first_in_pct': 0.13, 'first_won_pct': 0.636, 'second_won_pct': 0.755}"
"2025 Brisbane Tournament Results, Stats, and Analysis",HardDraw,32,C,2024-12-30,https://www.tennisabstract.com/cgi-bin/tourney.cgi?t=2025-0339%2FAuckland,R32,Yoshihito Nishioka,Arthur Rinderknech,69,59,6-3 6-4,,1.85,"{'ace_pct': 0.018500000000000003, 'first_in_pct': 0.02, 'first_won_pct': 0.62, 'second_won_pct': 0.903}","{'first_in_pct': 0.11800000000000001, 'first_won_pct': 0.608, 'second_won_pct': 0.742}"
"2025 Brisbane Tournament Results, Stats, and Analysis",HardDraw,32,C,2024-12-30,https://www.tennisabstract.com/cgi-bin/tourney.cgi?t=2025-0339%2FAuckland,R32,Jiri Lehecka,Holger Rune,28,13,7-5 6-3,,1.32,"{'ace_pct': 0.0132, 'first_in_pct': 0.07400000000000001, 'first_won_pct': 0.632, 'second_won_pct': 0.674}","{'first_in_pct': 0.016, 'first_won_pct': 0.645, 'second_won_pct': 0.525}"
"2025 Brisbane Tournament Results, Stats, and Analysis",HardDraw,32,C,2024-12-30,https://www.tennisabstract.com/cgi-bin/tourney.cgi?t=2025-0339%2FAuckland,R32,Jordan Thompson,Matteo Berrettini,26,34,3-6 6-3 6-4,,0.75,"{'ace_pct': 0.0075, 'first_in_pct': 0.065, 'first_won_pct': 0.602, 'second_won_pct': 0.732}","{'first_in_pct': 0.105, 'first_won_pct': 0.645, 'second_won_pct': 0.8370000000000001}"
"2025 Brisbane Tournament Results, Stats, and Analysis",HardDraw,32,C,2024-12-30,https://www.tennisabstract.com/cgi-bin/tourney.cgi?t=2025-0339%2FAuckland,R32,Alex Michelsen,Christopher Oconnell,41,64,6-4 4-6 7-6(10),,1.04,"{'ace_pct': 0.0104, 'first_in_pct': 0.076, 'first_won_pct': 0.5329999999999999, 'second_won_pct': 0.7759999999999999}","{'first_in_pct': 0.129, 'first_won_pct': 0.5539999999999999, 'second_won_pct': 0.8390000000000001}"
"2025 Brisbane Tournament Results, Stats, and Analysis",HardDraw,32,C,2024-12-30,https://www.tennisabstract.com/cgi-bin/tourney.cgi?t=2025-0339%2FAuckland,R32,Aleksandar Vukic,David Goffin,68,52,6-2 6-3,,1.54,"{'ace_pct': 0.0154, 'first_in_pct': 0.193, 'first_won_pct': 0.544, 'second_won_pct': 0.8059999999999999}","{'first_in_pct': 0.049, 'first_won_pct': 0.574, 'second_won_pct': 0.514}"
"2025 Brisbane Tournament Results, Stats, and Analysis",HardDraw,32,C,2024-12-30,https://www.tennisabstract.com/cgi-bin/tourney.cgi?t=2025-0339%2FAuckland,R32,Grigor Dimitrov,Yannick Hanfmann,10,96,7-6(5) 6-3,,1.36,"{'ace_pct': 0.013600000000000001, 'first_in_pct': 0.14300000000000002, 'first_won_pct': 0.603, 'second_won_pct': 0.868}","{'first_in_pct': 0.042, 'first_won_pct': 0.674, 'second_won_pct': 0.625}"
"2025 Metz Tournament Results, Stats, and Analysis",HardDraw,28,C,2025-11-02,https://www.tennisabstract.com/cgi-bin/tourney.cgi?t=2025-0341%2FHong-Kong,F,Learner Tien,Cameron Norrie,38,27,6-3 3-6 7-6(6),,0.81,"{'ace_pct': 0.008100000000000001, 'first_in_pct': 0.062, 'first_won_pct': 0.637, 'second_won_pct': 0.736}","{'first_in_pct': 0.048, 'first_won_pct': 0.655, 'second_won_pct': 0.6729999999999999}"
"2025 Metz Tournament Results, Stats, and Analysis",HardDraw,28,C,2025-11-02,https://www.tennisabstract.com/cgi-bin/tourney.cgi?t=2025-0341%2FHong-Kong,SF,Cameron Norrie,Lorenzo Sonego,27,42,4-6 6-2 6-4,,1.89,"{'ace_pct': 0.0189, 'first_in_pct': 0.087, 'first_won_pct': 0.826, 'second_won_pct': 0.8420000000000001}","{'first_in_pct': 0.081, 'first_won_pct': 0.64, 'second_won_pct': 0.782}"
"2025 Metz Tournament Results, Stats, and Analysis",HardDraw,28,C,2025-11-02,https://www.tennisabstract.com/cgi-bin/tourney.cgi?t=2025-0341%2FHong-Kong,SF,Learner Tien,Vitaliy Sachko,38,222,6-1 6-4,,2.0,"{'ace_pct': 0.02, 'first_in_pct': 0.044000000000000004, 'first_won_pct': 0.578, 'second_won_pct': 0.8079999999999999}","{'first_in_pct': 0.044000000000000004, 'first_won_pct': 0.6, 'second_won_pct': 0.593}"
"2025 Metz Tournament Results, Stats, and Analysis",HardDraw,28,C,2025-11-02,https://www.tennisabstract.com/cgi-bin/tourney.cgi?t=2025-0341%2FHong-Kong,QF,Cameron Norrie,Kyrian Jacquet,27,156,4-6 7-6(2) 6-4,,1.09,"{'ace_pct': 0.0109, 'first_in_pct': 0.057, 'first_won_pct': 0.745, 'second_won_pct': 0.696}","{'first_in_pct': 0.175, 'first_won_pct': 0.583, 'second_won_pct': 0.8}"
"2025 Metz Tournament Results, Stats, and Analysis",HardDraw,28,C,2025-11-02,https://www.tennisabstract.com/cgi-bin/tourney.cgi?t=2025-0341%2FHong-Kong,QF,Lorenzo Sonego,Daniel Altmaier,42,46,6-4 7-6(6),,1.43,"{'ace_pct': 0.0143, 'first_in_pct': 0.13, 'first_won_pct': 0.805, 'second_won_pct': 0.79}","{'first_in_pct': 0.024, 'first_won_pct': 0.595, 'second_won_pct': 0.76}"
"2025 Metz Tournament Results, Stats, and Analysis",HardDraw,28,C,2025-11-02,https://www.tennisabstract.com/cgi-bin/tourney.cgi?t=2025-0341%2FHong-Kong,QF,Vitaliy Sachko,Clement Tabur,222,243,6-4 3-6 6-4,,0.98,"{'ace_pct': 0.0098, 'first_in_pct': 0.107, 'first_won_pct': 0.7140000000000001, 'second_won_pct': 0.75}","{'first_in_pct': 0.07, 'first_won_pct': 0.616, 'second_won_pct': 0.8109999999999999}"
"2025 Metz Tournament Results, Stats, and Analysis",HardDraw,28,C,2025-11-02,https://www.tennisabstract.com/cgi-bin/tourney.cgi?t=2025-0341%2FHong-Kong,QF,Learner Tien,Matteo Berrettini,38,63,5-7 6-2 6-3,,1.3,"{'ace_pct': 0.013000000000000001, 'first_in_pct': 0.075, 'first_won_pct': 0.713, 'second_won_pct': 0.772}","{'first_in_pct': 0.151, 'first_won_pct': 0.63, 'second_won_pct': 0.7390000000000001}"
"2025 Metz Tournament Results, Stats, and Analysis",HardDraw,28,C,2025-11-02,https://www.tennisabstract.com/cgi-bin/tourney.cgi?t=2025-0341%2FHong-Kong,R16,Kyrian Jacquet,Dan Added,156,204,6-0 6-2,,2.15,"{'ace_pct': 0.0215, 'first_in_pct': 0.098, 'first_won_pct': 0.61, 'second_won_pct': 0.84}","{'first_in_pct': 0.067, 'first_won_pct': 0.644, 'second_won_pct': 0.552}"
"2025 Metz Tournament Results, Stats, and Analysis",HardDraw,28,C,2025-11-02,https://www.tennisabstract.com/cgi-bin/tourney.cgi?t=2025-0341%2FHong-Kong,R16,Cameron Norrie,Arthur Cazaux,27,69,6-7(1) 7-6(7) 6-2,,1.17,"{'ace_pct': 0.011699999999999999, 'first_in_pct': 0.055999999999999994, 'first_won_pct': 0.731, 'second_won_pct': 0.696}","{'first_in_pct': 0.165, 'first_won_pct': 0.642, 'second_won_pct': 0.757}"
"2025 Metz Tournament Results, Stats, and Analysis",HardDraw,28,C,2025-11-02,https://www.tennisabstract.com/cgi-bin/tourney.cgi?t=2025-0341%2FHong-Kong,R16,Lorenzo Sonego,Flavio Cobolli,42,22,2-6 6-3 7-5,,1.24,"{'ace_pct': 0.0124, 'first_in_pct': 0.10300000000000001, 'first_won_pct': 0.7440000000000001, 'second_won_pct': 0.759}","{'first_in_pct': 0.052000000000000005, 'first_won_pct': 0.67, 'second_won_pct': 0.754}"
"2025 Metz Tournament Results, Stats, and Analysis",HardDraw,28,C,2025-11-02,https://www.tennisabstract.com/cgi-bin/tourney.cgi?t=2025-0341%2FHong-Kong,R16,Daniel Altmaier,Hugo Gaston,46,98,4-6 6-0 0-0 RET,,1.46,"{'ace_pct': 0.0146, 'first_in_pct': 0.14300000000000002, 'first_won_pct': 0.7140000000000001, 'second_won_pct': 0.8}","{'first_in_pct': 0.055, 'first_won_pct': 0.764, 'second_won_pct': 0.667}"
"2025 Metz Tournament Results, Stats, and Analysis",HardDraw,28,C,2025-11-02,https://www.tennisabstract.com/cgi-bin/tourney.cgi?t=2025-0341%2FHong-Kong,R16,Clement Tabur,Alexander Blockx,243,102,6-7(4) 7-6(6) 7-6(6),,1.05,"{'ace_pct': 0.0105, 'first_in_pct': 0.016, 'first_won_pct': 0.6, 'second_won_pct': 0.72}","{'first_in_pct': 0.076, 'first_won_pct': 0.655, 'second_won_pct': 0.769}"
"2025 Metz Tournament Results, Stats, and Analysis",HardDraw,28,C,2025-11-02,https://www.tennisabstract.com/cgi-bin/tourney.cgi?t=2025-0341%2FHong-Kong,R16,Vitaliy Sachko,Alexander Bublik,222,13,7-5 3-6 7-5,,0.72,"{'ace_pct': 0.0072, 'first_in_pct': 0.064, 'first_won_pct': 0.688, 'second_won_pct': 0.72}","{'first_in_pct': 0.179, 'first_won_pct': 0.679, 'second_won_pct': 0.877}"
"2025 Metz Tournament Results, Stats, and Analysis",HardDraw,28,C,2025-11-02,https://www.tennisabstract.com/cgi-bin/tourney.cgi?t=2025-0341%2FHong-Kong,R16,Matteo Berrettini,Aleksandar Vukic,63,87,7-6(5) 6-3,,1.79,"{'ace_pct': 0.0179, 'first_in_pct': 0.254, 'first_won_pct': 0.7120000000000001, 'second_won_pct': 0.8809999999999999}","{'first_in_pct': 0.111, 'first_won_pct': 0.698, 'second_won_pct': 0.636}"
"2025 Metz Tournament Results, Stats, and Analysis",HardDraw,28,C,2025-11-02,https://www.tennisabstract.com/cgi-bin/tourney.cgi?t=2025-0341%2FHong-Kong,R16,Learner Tien,Moez Echargui,38,140,7-6(3) 6-3,,1.39,"{'ace_pct': 0.0139, 'first_in_pct': 0.07400000000000001, 'first_won_pct': 0.544, 'second_won_pct': 0.865}","{'first_in_pct': 0.091, 'first_won_pct': 0.649, 'second_won_pct': 0.64}"
"2025 Metz Tournament Results, Stats, and Analysis",HardDraw,28,C,2025-11-02,https://www.tennisabstract.com/cgi-bin/tourney.cgi?t=2025-0341%2FHong-Kong,R32,Kyrian Jacquet,Luca Van Assche,156,172,4-6 6-3 6-4,,1.08,"{'ace_pct': 0.0108, 'first_in_pct': 0.107, 'first_won_pct': 0.5920000000000001, 'second_won_pct': 0.738}","{'first_in_pct': 0.061, 'first_won_pct': 0.5820000000000001, 'second_won_pct': 0.7190000000000001}"
"2025 Metz Tournament Results, Stats, and Analysis",HardDraw,28,C,2025-11-02,https://www.tennisabstract.com/cgi-bin/tourney.cgi?t=2025-0341%2FHong-Kong,R32,Arthur Cazaux,Adrian Mannarino,69,71,6-3 7-6(4),,1.32,"{'ace_pct': 0.0132, 'first_in_pct': 0.091, 'first_won_pct': 0.636, 'second_won_pct': 0.833}","{'first_in_pct': 0.043, 'first_won_pct': 0.7390000000000001, 'second_won_pct': 0.765}"
"2025 Metz Tournament Results, Stats, and Analysis",HardDraw,28,C,2025-11-02,https://www.tennisabstract.com/cgi-bin/tourney.cgi?t=2025-0341%2FHong-Kong,R32,Cameron Norrie,Valentin Royer,27,56,6-3 6-7(2) 6-3,,1.42,"{'ace_pct': 0.014199999999999999, 'first_in_pct': 0.11900000000000001, 'first_won_pct': 0.7140000000000001, 'second_won_pct': 0.8}","{'first_in_pct': 0.11199999999999999, 'first_won_pct': 0.573, 'second_won_pct': 0.843}"
"2025 Metz Tournament Results, Stats, and Analysis",HardDraw,28,C,2025-11-02,https://www.tennisabstract.com/cgi-bin/tourney.cgi?t=2025-0341%2FHong-Kong,R32,Lorenzo Sonego,Jan Choinski,42,126,4-6 6-4 6-4,,1.22,"{'ace_pct': 0.012199999999999999, 'first_in_pct': 0.128, 'first_won_pct': 0.7090000000000001, 'second_won_pct': 0.738}","{'first_in_pct': 0.07400000000000001, 'first_won_pct': 0.67, 'second_won_pct': 0.746}"
"2025 Metz Tournament Results, Stats, and Analysis",HardDraw,28,C,2025-11-02,https://www.tennisabstract.com/cgi-bin/tourney.cgi?t=2025-0341%2FHong-Kong,R32,Hugo Gaston,Terence Atmane,98,66,6-4 6-1,,2.84,"{'ace_pct': 0.028399999999999998, 'first_in_pct': 0.051, 'first_won_pct': 0.7440000000000001, 'second_won_pct': 0.897}","{'first_in_pct': 0.125, 'first_won_pct': 0.563, 'second_won_pct': 0.741}"
"2025 Metz Tournament Results, Stats, and Analysis",HardDraw,28,C,2025-11-02,https://www.tennisabstract.com/cgi-bin/tourney.cgi?t=2025-0341%2FHong-Kong,R32,Daniel Altmaier,Arthur Rinderknech,46,28,6-4 6-4,,1.16,"{'ace_pct': 0.0116, 'first_in_pct': 0.191, 'first_won_pct': 0.6759999999999999, 'second_won_pct': 0.7390000000000001}","{'first_in_pct': 0.125, 'first_won_pct': 0.6559999999999999, 'second_won_pct': 0.69}"
"2025 Metz Tournament Results, Stats, and Analysis",HardDraw,28,C,2025-11-02,https://www.tennisabstract.com/cgi-bin/tourney.cgi?t=2025-0341%2FHong-Kong,R32,Clement Tabur,Aleksandar Kovacevic,243,62,6-3 6-2,,,"{'ace_pct': 0.0345, 'first_in_pct': 0.11599999999999999, 'first_won_pct': 0.605, 'second_won_pct': 0.9229999999999999}","{'first_in_pct': 0.077, 'first_won_pct': 0.5770000000000001, 'second_won_pct': 0.733}"
"2025 Metz Tournament Results, Stats, and Analysis",HardDraw,28,C,2025-11-02,https://www.tennisabstract.com/cgi-bin/tourney.cgi?t=2025-0341%2FHong-Kong,R32,Alexander Blockx,Francesco Passaro,102,129,3-6 6-3 6-4,,1.11,"{'ace_pct': 0.0111, 'first_in_pct': 0.16699999999999998, 'first_won_pct': 0.635, 'second_won_pct': 0.787}","{'first_in_pct': 0.06, 'first_won_pct': 0.6, 'second_won_pct': 0.6829999999999999}"
"2025 Metz Tournament Results, Stats, and Analysis",HardDraw,28,C,2025-11-02,https://www.tennisabstract.com/cgi-bin/tourney.cgi?t=2025-0341%2FHong-Kong,R32,Vitaliy Sachko,Giovanni Mpetshi Perricard,222,59,7-6(10) 6-3,,1.51,"{'ace_pct': 0.0151, 'first_in_pct': 0.043, 'first_won_pct': 0.71, 'second_won_pct': 0.816}","{'first_in_pct': 0.133, 'first_won_pct': 0.76, 'second_won_pct': 0.789}"
"2025 Metz Tournament Results, Stats, and Analysis",HardDraw,28,C,2025-11-02,https://www.tennisabstract.com/cgi-bin/tourney.cgi?t=2025-0341%2FHong-Kong,R32,Aleksandar Vukic,Corentin Moutet,87,31,3-6 7-6(6) 7-6(8),,0.95,"{'ace_pct': 0.0095, 'first_in_pct': 0.071, 'first_won_pct': 0.616, 'second_won_pct': 0.754}","{'first_in_pct': 0.105, 'first_won_pct': 0.64, 'second_won_pct': 0.8220000000000001}"
"2025 Metz Tournament Results, Stats, and Analysis",HardDraw,28,C,2025-11-02,https://www.tennisabstract.com/cgi-bin/tourney.cgi?t=2025-0341%2FHong-Kong,R32,Matteo Berrettini,Quentin Halys,63,84,6-2 6-4,,2.32,"{'ace_pct': 0.0232, 'first_in_pct': 0.159, 'first_won_pct': 0.636, 'second_won_pct': 0.821}","{'first_in_pct': 0.13, 'first_won_pct': 0.565, 'second_won_pct': 0.731}"
"2025 Metz Tournament Results, Stats, and Analysis",HardDraw,28,C,2025-11-02,https://www.tennisabstract.com/cgi-bin/tourney.cgi?t=2025-0341%2FHong-Kong,R32,Learner Tien,Ugo Blanchet,38,143,6-3 6-3,,,"{'ace_pct': 0.0379, 'first_in_pct': 0.098, 'first_won_pct': 0.659, 'second_won_pct': 0.9259999999999999}","{'first_in_pct': 0.03, 'first_won_pct': 0.657, 'second_won_pct': 0.591}"
"2025 Metz Tournament Results, Stats, and Analysis",HardDraw,28,C,2025-11-02,https://www.tennisabstract.com/cgi-bin/tourney.cgi?t=2025-0341%2FWashington,F,Learner Tien,Cameron Norrie,38,27,6-3 3-6 7-6(6),,0.81,"{'ace_pct': 0.008100000000000001, 'first_in_pct': 0.062, 'first_won_pct': 0.637, 'second_won_pct': 0.736}","{'first_in_pct': 0.048, 'first_won_pct': 0.655, 'second_won_pct': 0.6729999999999999}"
"2025 Metz Tournament Results, Stats, and Analysis",HardDraw,28,C,2025-11-02,https://www.tennisabstract.com/cgi-bin/tourney.cgi?t=2025-0341%2FWashington,SF,Cameron Norrie,Lorenzo Sonego,27,42,4-6 6-2 6-4,,1.89,"{'ace_pct': 0.0189, 'first_in_pct': 0.087, 'first_won_pct': 0.826, 'second_won_pct': 0.8420000000000001}","{'first_in_pct': 0.081, 'first_won_pct': 0.64, 'second_won_pct': 0.782}"
"2025 Metz Tournament Results, Stats, and Analysis",HardDraw,28,C,2025-11-02,https://www.tennisabstract.com/cgi-bin/tourney.cgi?t=2025-0341%2FWashington,SF,Learner Tien,Vitaliy Sachko,38,222,6-1 6-4,,2.0,"{'ace_pct': 0.02, 'first_in_pct': 0.044000000000000004, 'first_won_pct': 0.578, 'second_won_pct': 0.8079999999999999}","{'first_in_pct': 0.044000000000000004, 'first_won_pct': 0.6, 'second_won_pct': 0.593}"
"2025 Metz Tournament Results, Stats, and Analysis",HardDraw,28,C,2025-11-02,https://www.tennisabstract.com/cgi-bin/tourney.cgi?t=2025-0341%2FWashington,QF,Cameron Norrie,Kyrian Jacquet,27,156,4-6 7-6(2) 6-4,,1.09,"{'ace_pct': 0.0109, 'first_in_pct': 0.057, 'first_won_pct': 0.745, 'second_won_pct': 0.696}","{'first_in_pct': 0.175, 'first_won_pct': 0.583, 'second_won_pct': 0.8}"
"2025 Metz Tournament Results, Stats, and Analysis",HardDraw,28,C,2025-11-02,https://www.tennisabstract.com/cgi-bin/tourney.cgi?t=2025-0341%2FWashington,QF,Lorenzo Sonego,Daniel Altmaier,42,46,6-4 7-6(6),,1.43,"{'ace_pct': 0.0143, 'first_in_pct': 0.13, 'first_won_pct': 0.805, 'second_won_pct': 0.79}","{'first_in_pct': 0.024, 'first_won_pct': 0.595, 'second_won_pct': 0.76}"
"2025 Metz Tournament Results, Stats, and Analysis",HardDraw,28,C,2025-11-02,https://www.tennisabstract.com/cgi-bin/tourney.cgi?t=2025-0341%2FWashington,QF,Vitaliy Sachko,Clement Tabur,222,243,6-4 3-6 6-4,,0.98,"{'ace_pct': 0.0098, 'first_in_pct': 0.107, 'first_won_pct': 0.7140000000000001, 'second_won_pct': 0.75}","{'first_in_pct': 0.07, 'first_won_pct': 0.616, 'second_won_pct': 0.8109999999999999}"
"2025 Metz Tournament Results, Stats, and Analysis",HardDraw,28,C,2025-11-02,https://www.tennisabstract.com/cgi-bin/tourney.cgi?t=2025-0341%2FWashington,QF,Learner Tien,Matteo Berrettini,38,63,5-7 6-2 6-3,,1.3,"{'ace_pct': 0.013000000000000001, 'first_in_pct': 0.075, 'first_won_pct': 0.713, 'second_won_pct': 0.772}","{'first_in_pct': 0.151, 'first_won_pct': 0.63, 'second_won_pct': 0.7390000000000001}"
"2025 Metz Tournament Results, Stats, and Analysis",HardDraw,28,C,2025-11-02,https://www.tennisabstract.com/cgi-bin/tourney.cgi?t=2025-0341%2FWashington,R16,Kyrian Jacquet,Dan Added,156,204,6-0 6-2,,2.15,"{'ace_pct': 0.0215, 'first_in_pct': 0.098, 'first_won_pct': 0.61, 'second_won_pct': 0.84}","{'first_in_pct': 0.067, 'first_won_pct': 0.644, 'second_won_pct': 0.552}"
"2025 Metz Tournament Results, Stats, and Analysis",HardDraw,28,C,2025-11-02,https://www.tennisabstract.com/cgi-bin/tourney.cgi?t=2025-0341%2FWashington,R16,Cameron Norrie,Arthur Cazaux,27,69,6-7(1) 7-6(7) 6-2,,1.17,"{'ace_pct': 0.011699999999999999, 'first_in_pct': 0.055999999999999994, 'first_won_pct': 0.731, 'second_won_pct': 0.696}","{'first_in_pct': 0.165, 'first_won_pct': 0.642, 'second_won_pct': 0.757}"
"2025 Metz Tournament Results, Stats, and Analysis",HardDraw,28,C,2025-11-02,https://www.tennisabstract.com/cgi-bin/tourney.cgi?t=2025-0341%2FWashington,R16,Lorenzo Sonego,Flavio Cobolli,42,22,2-6 6-3 7-5,,1.24,"{'ace_pct': 0.0124, 'first_in_pct': 0.10300000000000001, 'first_won_pct': 0.7440000000000001, 'second_won_pct': 0.759}","{'first_in_pct': 0.052000000000000005, 'first_won_pct': 0.67, 'second_won_pct': 0.754}"
"2025 Metz Tournament Results, Stats, and Analysis",HardDraw,28,C,2025-11-02,https://www.tennisabstract.com/cgi-bin/tourney.cgi?t=2025-0341%2FWashington,R16,Daniel Altmaier,Hugo Gaston,46,98,4-6 6-0 0-0 RET,,1.46,"{'ace_pct': 0.0146, 'first_in_pct': 0.14300000000000002, 'first_won_pct': 0.7140000000000001, 'second_won_pct': 0.8}","{'first_in_pct': 0.055, 'first_won_pct': 0.764, 'second_won_pct': 0.667}"
"2025 Metz Tournament Results, Stats, and Analysis",HardDraw,28,C,2025-11-02,https://www.tennisabstract.com/cgi-bin/tourney.cgi?t=2025-0341%2FWashington,R16,Clement Tabur,Alexander Blockx,243,102,6-7(4) 7-6(6) 7-6(6),,1.05,"{'ace_pct': 0.0105, 'first_in_pct': 0.016, 'first_won_pct': 0.6, 'second_won_pct': 0.72}","{'first_in_pct': 0.076, 'first_won_pct': 0.655, 'second_won_pct': 0.769}"
"2025 Metz Tournament Results, Stats, and Analysis",HardDraw,28,C,2025-11-02,https://www.tennisabstract.com/cgi-bin/tourney.cgi?t=2025-0341%2FWashington,R16,Vitaliy Sachko,Alexander Bublik,222,13,7-5 3-6 7-5,,0.72,"{'ace_pct': 0.0072, 'first_in_pct': 0.064, 'first_won_pct': 0.688, 'second_won_pct': 0.72}","{'first_in_pct': 0.179, 'first_won_pct': 0.679, 'second_won_pct': 0.877}"
"2025 Metz Tournament Results, Stats, and Analysis",HardDraw,28,C,2025-11-02,https://www.tennisabstract.com/cgi-bin/tourney.cgi?t=2025-0341%2FWashington,R16,Matteo Berrettini,Aleksandar Vukic,63,87,7-6(5) 6-3,,1.79,"{'ace_pct': 0.0179, 'first_in_pct': 0.254, 'first_won_pct': 0.7120000000000001, 'second_won_pct': 0.8809999999999999}","{'first_in_pct': 0.111, 'first_won_pct': 0.698, 'second_won_pct': 0.636}"
"2025 Metz Tournament Results, Stats, and Analysis",HardDraw,28,C,2025-11-02,https://www.tennisabstract.com/cgi-bin/tourney.cgi?t=2025-0341%2FWashington,R16,Learner Tien,Moez Echargui,38,140,7-6(3) 6-3,,1.39,"{'ace_pct': 0.0139, 'first_in_pct': 0.07400000000000001, 'first_won_pct': 0.544, 'second_won_pct': 0.865}","{'first_in_pct': 0.091, 'first_won_pct': 0.649, 'second_won_pct': 0.64}"
"2025 Metz Tournament Results, Stats, and Analysis",HardDraw,28,C,2025-11-02,https://www.tennisabstract.com/cgi-bin/tourney.cgi?t=2025-0341%2FWashington,R32,Kyrian Jacquet,Luca Van Assche,156,172,4-6 6-3 6-4,,1.08,"{'ace_pct': 0.0108, 'first_in_pct': 0.107, 'first_won_pct': 0.5920000000000001, 'second_won_pct': 0.738}","{'first_in_pct': 0.061, 'first_won_pct': 0.5820000000000001, 'second_won_pct': 0.7190000000000001}"
"2025 Metz Tournament Results, Stats, and Analysis",HardDraw,28,C,2025-11-02,https://www.tennisabstract.com/cgi-bin/tourney.cgi?t=2025-0341%2FWashington,R32,Arthur Cazaux,Adrian Mannarino,69,71,6-3 7-6(4),,1.32,"{'ace_pct': 0.0132, 'first_in_pct': 0.091, 'first_won_pct': 0.636, 'second_won_pct': 0.833}","{'first_in_pct': 0.043, 'first_won_pct': 0.7390000000000001, 'second_won_pct': 0.765}"
"2025 Metz Tournament Results, Stats, and Analysis",HardDraw,28,C,2025-11-02,https://www.tennisabstract.com/cgi-bin/tourney.cgi?t=2025-0341%2FWashington,R32,Cameron Norrie,Valentin Royer,27,56,6-3 6-7(2) 6-3,,1.42,"{'ace_pct': 0.014199999999999999, 'first_in_pct': 0.11900000000000001, 'first_won_pct': 0.7140000000000001, 'second_won_pct': 0.8}","{'first_in_pct': 0.11199999999999999, 'first_won_pct': 0.573, 'second_won_pct': 0.843}"
"2025 Metz Tournament Results, Stats, and Analysis",HardDraw,28,C,2025-11-02,https://www.tennisabstract.com/cgi-bin/tourney.cgi?t=2025-0341%2FWashington,R32,Lorenzo Sonego,Jan Choinski,42,126,4-6 6-4 6-4,,1.22,"{'ace_pct': 0.012199999999999999, 'first_in_pct': 0.128, 'first_won_pct': 0.7090000000000001, 'second_won_pct': 0.738}","{'first_in_pct': 0.07400000000000001, 'first_won_pct': 0.67, 'second_won_pct': 0.746}"
"2025 Metz Tournament Results, Stats, and Analysis",HardDraw,28,C,2025-11-02,https://www.tennisabstract.com/cgi-bin/tourney.cgi?t=2025-0341%2FWashington,R32,Hugo Gaston,Terence Atmane,98,66,6-4 6-1,,2.84,"{'ace_pct': 0.028399999999999998, 'first_in_pct': 0.051, 'first_won_pct': 0.7440000000000001, 'second_won_pct': 0.897}","{'first_in_pct': 0.125, 'first_won_pct': 0.563, 'second_won_pct': 0.741}"
"2025 Metz Tournament Results, Stats, and Analysis",HardDraw,28,C,2025-11-02,https://www.tennisabstract.com/cgi-bin/tourney.cgi?t=2025-0341%2FWashington,R32,Daniel Altmaier,Arthur Rinderknech,46,28,6-4 6-4,,1.16,"{'ace_pct': 0.0116, 'first_in_pct': 0.191, 'first_won_pct': 0.6759999999999999, 'second_won_pct': 0.7390000000000001}","{'first_in_pct': 0.125, 'first_won_pct': 0.6559999999999999, 'second_won_pct': 0.69}"
"2025 Metz Tournament Results, Stats, and Analysis",HardDraw,28,C,2025-11-02,https://www.tennisabstract.com/cgi-bin/tourney.cgi?t=2025-0341%2FWashington,R32,Clement Tabur,Aleksandar Kovacevic,243,62,6-3 6-2,,,"{'ace_pct': 0.0345, 'first_in_pct': 0.11599999999999999, 'first_won_pct': 0.605, 'second_won_pct': 0.9229999999999999}","{'first_in_pct': 0.077, 'first_won_pct': 0.5770000000000001, 'second_won_pct': 0.733}"
"2025 Metz Tournament Results, Stats, and Analysis",HardDraw,28,C,2025-11-02,https://www.tennisabstract.com/cgi-bin/tourney.cgi?t=2025-0341%2FWashington,R32,Alexander Blockx,Francesco Passaro,102,129,3-6 6-3 6-4,,1.11,"{'ace_pct': 0.0111, 'first_in_pct': 0.16699999999999998, 'first_won_pct': 0.635, 'second_won_pct': 0.787}","{'first_in_pct': 0.06, 'first_won_pct': 0.6, 'second_won_pct': 0.6829999999999999}"
"2025 Metz Tournament Results, Stats, and Analysis",HardDraw,28,C,2025-11-02,https://www.tennisabstract.com/cgi-bin/tourney.cgi?t=2025-0341%2FWashington,R32,Vitaliy Sachko,Giovanni Mpetshi Perricard,222,59,7-6(10) 6-3,,1.51,"{'ace_pct': 0.0151, 'first_in_pct': 0.043, 'first_won_pct': 0.71, 'second_won_pct': 0.816}","{'first_in_pct': 0.133, 'first_won_pct': 0.76, 'second_won_pct': 0.789}"
"2025 Metz Tournament Results, Stats, and Analysis",HardDraw,28,C,2025-11-02,https://www.tennisabstract.com/cgi-bin/tourney.cgi?t=2025-0341%2FWashington,R32,Aleksandar Vukic,Corentin Moutet,87,31,3-6 7-6(6) 7-6(8),,0.95,"{'ace_pct': 0.0095, 'first_in_pct': 0.071, 'first_won_pct': 0.616, 'second_won_pct': 0.754}","{'first_in_pct': 0.105, 'first_won_pct': 0.64, 'second_won_pct': 0.8220000000000001}"
"2025 Metz Tournament Results, Stats, and Analysis",HardDraw,28,C,2025-11-02,https://www.tennisabstract.com/cgi-bin/tourney.cgi?t=2025-0341%2FWashington,R32,Matteo Berrettini,Quentin Halys,63,84,6-2 6-4,,2.32,"{'ace_pct': 0.0232, 'first_in_pct': 0.159, 'first_won_pct': 0.636, 'second_won_pct': 0.821}","{'first_in_pct': 0.13, 'first_won_pct': 0.565, 'second_won_pct': 0.731}"
"2025 Metz Tournament Results, Stats, and Analysis",HardDraw,28,C,2025-11-02,https://www.tennisabstract.com/cgi-bin/tourney.cgi?t=2025-0341%2FWashington,R32,Learner Tien,Ugo Blanchet,38,143,6-3 6-3,,,"{'ace_pct': 0.0379, 'first_in_pct': 0.098, 'first_won_pct': 0.659, 'second_won_pct': 0.9259999999999999}","{'first_in_pct': 0.03, 'first_won_pct': 0.657, 'second_won_pct': 0.591}"
"2025 Paris Masters Tournament Results, Stats, and Analysis",HardDraw,56,C,2025-10-27,https://www.tennisabstract.com/cgi-bin/tourney.cgi?t=2025-0352%2FDoha,F,Jannik Sinner,Felix Auger Aliassime,2,10,6-4 7-6(4),,1.92,"{'ace_pct': 0.0192, 'first_in_pct': 0.098, 'first_won_pct': 0.721, 'second_won_pct': 0.909}","{'first_in_pct': 0.11, 'first_won_pct': 0.644, 'second_won_pct': 0.809}"
"2025 Paris Masters Tournament Results, Stats, and Analysis",HardDraw,56,C,2025-10-27,https://www.tennisabstract.com/cgi-bin/tourney.cgi?t=2025-0352%2FDoha,SF,Felix Auger Aliassime,Alexander Bublik,10,16,7-6(3) 6-4,,1.28,"{'ace_pct': 0.0128, 'first_in_pct': 0.19699999999999998, 'first_won_pct': 0.6559999999999999, 'second_won_pct': 0.85}","{'first_in_pct': 0.07200000000000001, 'first_won_pct': 0.58, 'second_won_pct': 0.675}"
"2025 Paris Masters Tournament Results, Stats, and Analysis",HardDraw,56,C,2025-10-27,https://www.tennisabstract.com/cgi-bin/tourney.cgi?t=2025-0352%2FDoha,SF,Jannik Sinner,Alexander Zverev,2,3,6-0 6-1,,2.71,"{'ace_pct': 0.0271, 'first_in_pct': 0.258, 'first_won_pct': 0.677, 'second_won_pct': 0.905}","{'first_in_pct': 0.040999999999999995, 'first_won_pct': 0.6729999999999999, 'second_won_pct': 0.485}"
"2025 Paris Masters Tournament Results, Stats, and Analysis",HardDraw,56,C,2025-10-27,https://www.tennisabstract.com/cgi-bin/tourney.cgi?t=2025-0352%2FDoha,QF,Felix Auger Aliassime,Valentin Vacherot,10,40,6-2 6-2,,,"{'ace_pct': 0.032, 'first_in_pct': 0.077, 'first_won_pct': 0.6920000000000001, 'second_won_pct': 0.889}","{'first_in_pct': 0.08199999999999999, 'first_won_pct': 0.59, 'second_won_pct': 0.528}"
"2025 Paris Masters Tournament Results, Stats, and Analysis",HardDraw,56,C,2025-10-27,https://www.tennisabstract.com/cgi-bin/tourney.cgi?t=2025-0352%2FDoha,QF,Alexander Bublik,Alex De Minaur,16,6,6-7(5) 6-4 7-5,,0.99,"{'ace_pct': 0.009899999999999999, 'first_in_pct': 0.14400000000000002, 'first_won_pct': 0.631, 'second_won_pct': 0.8859999999999999}","{'first_in_pct': 0.113, 'first_won_pct': 0.528, 'second_won_pct': 0.768}"
"2025 Paris Masters Tournament Results, Stats, and Analysis",HardDraw,56,C,2025-10-27,https://www.tennisabstract.com/cgi-bin/tourney.cgi?t=2025-0352%2FDoha,QF,Alexander Zverev,Daniil Medvedev,3,13,2-6 6-3 7-6(5),,1.07,"{'ace_pct': 0.010700000000000001, 'first_in_pct': 0.043, 'first_won_pct': 0.785, 'second_won_pct': 0.6990000000000001}","{'first_in_pct': 0.052000000000000005, 'first_won_pct': 0.598, 'second_won_pct': 0.741}"
"2025 Paris Masters Tournament Results, Stats, and Analysis",HardDraw,56,C,2025-10-27,https://www.tennisabstract.com/cgi-bin/tourney.cgi?t=2025-0352%2FDoha,QF,Jannik Sinner,Ben Shelton,2,7,6-3 6-3,,2.25,"{'ace_pct': 0.0225, 'first_in_pct': 0.1, 'first_won_pct': 0.75, 'second_won_pct': 0.8}","{'first_in_pct': 0.13699999999999998, 'first_won_pct': 0.667, 'second_won_pct': 0.6759999999999999}"
"2025 Paris Masters Tournament Results, Stats, and Analysis",HardDraw,56,C,2025-10-27,https://www.tennisabstract.com/cgi-bin/tourney.cgi?t=2025-0352%2FDoha,R16,Valentin Vacherot,Cameron Norrie,40,31,7-6(4) 6-4,,0.65,"{'ace_pct': 0.006500000000000001, 'first_in_pct': 0.065, 'first_won_pct': 0.662, 'second_won_pct': 0.863}","{'first_in_pct': 0.07, 'first_won_pct': 0.789, 'second_won_pct': 0.8220000000000001}"
"2025 Paris Masters Tournament Results, Stats, and Analysis",HardDraw,56,C,2025-10-27,https://www.tennisabstract.com/cgi-bin/tourney.cgi?t=2025-0352%2FDoha,R16,Felix Auger Aliassime,Daniel Altmaier,10,50,3-6 6-3 6-2,,1.53,"{'ace_pct': 0.015300000000000001, 'first_in_pct': 0.095, 'first_won_pct': 0.608, 'second_won_pct': 0.867}","{'first_in_pct': 0.064, 'first_won_pct': 0.66, 'second_won_pct': 0.726}"
"2025 Paris Masters Tournament Results, Stats, and Analysis",HardDraw,56,C,2025-10-27,https://www.tennisabstract.com/cgi-bin/tourney.cgi?t=2025-0352%2FDoha,R16,Alexander Bublik,Taylor Fritz,16,4,7-6(5) 6-2,,1.33,"{'ace_pct': 0.013300000000000001, 'first_in_pct': 0.157, 'first_won_pct': 0.6709999999999999, 'second_won_pct': 0.745}","{'first_in_pct': 0.188, 'first_won_pct': 0.625, 'second_won_pct': 0.76}"
"2025 Paris Masters Tournament Results, Stats, and Analysis",HardDraw,56,C,2025-10-27,https://www.tennisabstract.com/cgi-bin/tourney.cgi?t=2025-0352%2FDoha,R16,Alex De Minaur,Karen Khachanov,6,14,6-2 6-2,,1.62,"{'ace_pct': 0.016200000000000003, 'first_in_pct': 0.038, 'first_won_pct': 0.5379999999999999, 'second_won_pct': 0.7859999999999999}","{'first_in_pct': 0.067, 'first_won_pct': 0.711, 'second_won_pct': 0.6559999999999999}"
"2025 Paris Masters Tournament Results, Stats, and Analysis",HardDraw,56,C,2025-10-27,https://www.tennisabstract.com/cgi-bin/tourney.cgi?t=2025-0352%2FDoha,R16,Daniil Medvedev,Lorenzo Sonego,13,45,3-6 7-6(5) 6-4,,1.03,"{'ace_pct': 0.0103, 'first_in_pct': 0.083, 'first_won_pct': 0.604, 'second_won_pct': 0.7240000000000001}","{'first_in_pct': 0.07200000000000001, 'first_won_pct': 0.6940000000000001, 'second_won_pct': 0.7659999999999999}"
"2025 Paris Masters Tournament Results, Stats, and Analysis",HardDraw,56,C,2025-10-27,https://www.tennisabstract.com/cgi-bin/tourney.cgi?t=2025-0352%2FDoha,R16,Alexander Zverev,Alejandro Davidovich Fokina,3,15,6-2 6-4,,1.48,"{'ace_pct': 0.0148, 'first_in_pct': 0.07, 'first_won_pct': 0.772, 'second_won_pct': 0.705}","{'first_in_pct': 0.065, 'first_won_pct': 0.6940000000000001, 'second_won_pct': 0.581}"
"2025 Paris Masters Tournament Results, Stats, and Analysis",HardDraw,56,C,2025-10-27,https://www.tennisabstract.com/cgi-bin/tourney.cgi?t=2025-0352%2FDoha,R16,Ben Shelton,Andrey Rublev,7,17,7-6(6) 6-3,,1.76,"{'ace_pct': 0.0176, 'first_in_pct': 0.259, 'first_won_pct': 0.741, 'second_won_pct': 0.7909999999999999}","{'first_in_pct': 0.083, 'first_won_pct': 0.556, 'second_won_pct': 0.675}"
"2025 Paris Masters Tournament Results, Stats, and Analysis",HardDraw,56,C,2025-10-27,https://www.tennisabstract.com/cgi-bin/tourney.cgi?t=2025-0352%2FDoha,R16,Jannik Sinner,Francisco Cerundolo,2,21,7-5 6-1,,1.8,"{'ace_pct': 0.018000000000000002, 'first_in_pct': 0.08199999999999999, 'first_won_pct': 0.7140000000000001, 'second_won_pct': 0.8290000000000001}","{'first_in_pct': 0.0, 'first_won_pct': 0.594, 'second_won_pct': 0.5529999999999999}"
"2025 Paris Masters Tournament Results, Stats, and Analysis",HardDraw,56,C,2025-10-27,https://www.tennisabstract.com/cgi-bin/tourney.cgi?t=2025-0352%2FDoha,R32,Cameron Norrie,Carlos Alcaraz,31,,4-6 6-3 6-4,,1.29,"{'ace_pct': 0.0129, 'first_in_pct': 0.033, 'first_won_pct': 0.565, 'second_won_pct': 0.7879999999999999}","{'first_in_pct': 0.084, 'first_won_pct': 0.611, 'second_won_pct': 0.638}"
"2025 Paris Masters Tournament Results, Stats, and Analysis",HardDraw,56,C,2025-10-27,https://www.tennisabstract.com/cgi-bin/tourney.cgi?t=2025-0352%2FDoha,R32,Valentin Vacherot,Arthur Rinderknech,40,29,6-7(9) 6-3 6-4,,1.13,"{'ace_pct': 0.0113, 'first_in_pct': 0.055999999999999994, 'first_won_pct': 0.519, 'second_won_pct': 0.75}","{'first_in_pct': 0.073, 'first_won_pct': 0.596, 'second_won_pct': 0.754}"
"2025 Paris Masters Tournament Results, Stats, and Analysis",HardDraw,56,C,2025-10-27,https://www.tennisabstract.com/cgi-bin/tourney.cgi?t=2025-0352%2FDoha,R32,Felix Auger Aliassime,Alexandre Muller,10,44,5-7 7-6(5) 7-6(4),,0.92,"{'ace_pct': 0.0092, 'first_in_pct': 0.17600000000000002, 'first_won_pct': 0.555, 'second_won_pct': 0.833}","{'first_in_pct': 0.06, 'first_won_pct': 0.586, 'second_won_pct': 0.794}"
"2025 Paris Masters Tournament Results, Stats, and Analysis",HardDraw,56,C,2025-10-27,https://www.tennisabstract.com/cgi-bin/tourney.cgi?t=2025-0352%2FDoha,R32,Daniel Altmaier,Casper Ruud,50,9,6-3 7-5,,1.32,"{'ace_pct': 0.0132, 'first_in_pct': 0.159, 'first_won_pct': 0.5870000000000001, 'second_won_pct': 0.865}","{'first_in_pct': 0.125, 'first_won_pct': 0.643, 'second_won_pct': 0.8059999999999999}"
"2025 Paris Masters Tournament Results, Stats, and Analysis",HardDraw,56,C,2025-10-27,https://www.tennisabstract.com/cgi-bin/tourney.cgi?t=2025-0352%2FDoha,R32,Taylor Fritz,Aleksandar Vukic,4,103,7-6(4) 6-2,,1.38,"{'ace_pct': 0.0138, 'first_in_pct': 0.16699999999999998, 'first_won_pct': 0.569, 'second_won_pct': 0.78}","{'first_in_pct': 0.10099999999999999, 'first_won_pct': 0.696, 'second_won_pct': 0.667}"
"2025 Paris Masters Tournament Results, Stats, and Analysis",HardDraw,56,C,2025-10-27,https://www.tennisabstract.com/cgi-bin/tourney.cgi?t=2025-0352%2FDoha,R32,Alexander Bublik,Corentin Moutet,16,32,6-3 7-5,,1.23,"{'ace_pct': 0.0123, 'first_in_pct': 0.086, 'first_won_pct': 0.614, 'second_won_pct': 0.7909999999999999}","{'first_in_pct': 0.046, 'first_won_pct': 0.769, 'second_won_pct': 0.66}"
"2025 Paris Masters Tournament Results, Stats, and Analysis",HardDraw,56,C,2025-10-27,https://www.tennisabstract.com/cgi-bin/tourney.cgi?t=2025-0352%2FDoha,R32,Karen Khachanov,Joao Fonseca,14,28,6-1 3-6 6-3,,1.4,"{'ace_pct': 0.013999999999999999, 'first_in_pct': 0.11800000000000001, 'first_won_pct': 0.721, 'second_won_pct': 0.7959999999999999}","{'first_in_pct': 0.139, 'first_won_pct': 0.595, 'second_won_pct': 0.6809999999999999}"
"2025 Paris Masters Tournament Results, Stats, and Analysis",HardDraw,56,C,2025-10-27,https://www.tennisabstract.com/cgi-bin/tourney.cgi?t=2025-0352%2FDoha,R32,Alex De Minaur,Gabriel Diallo,6,42,7-6(8) 4-6 6-3,,1.14,"{'ace_pct': 0.011399999999999999, 'first_in_pct': 0.032, 'first_won_pct': 0.505, 'second_won_pct': 0.6459999999999999}","{'first_in_pct': 0.075, 'first_won_pct': 0.6920000000000001, 'second_won_pct': 0.6890000000000001}"
"2025 Paris Masters Tournament Results, Stats, and Analysis",HardDraw,56,C,2025-10-27,https://www.tennisabstract.com/cgi-bin/tourney.cgi?t=2025-0352%2FDoha,R32,Lorenzo Sonego,Lorenzo Musetti,45,8,3-6 6-3 6-1,,1.25,"{'ace_pct': 0.0125, 'first_in_pct': 0.057, 'first_won_pct': 0.5710000000000001, 'second_won_pct': 0.75}","{'first_in_pct': 0.013999999999999999, 'first_won_pct': 0.614, 'second_won_pct': 0.7909999999999999}"
"2025 Paris Masters Tournament Results, Stats, and Analysis",HardDraw,56,C,2025-10-27,https://www.tennisabstract.com/cgi-bin/tourney.cgi?t=2025-0352%2FDoha,R32,Daniil Medvedev,Grigor Dimitrov,13,38,W/O,,,"{'ace_pct': None, 'first_in_pct': None, 'first_won_pct': None, 'second_won_pct': None}","{'first_in_pct': None, 'first_won_pct': None, 'second_won_pct': None}"
"2025 Paris Masters Tournament Results, Stats, and Analysis",HardDraw,56,C,2025-10-27,https://www.tennisabstract.com/cgi-bin/tourney.cgi?t=2025-0352%2FDoha,R32,Alejandro Davidovich Fokina,Arthur Cazaux,15,62,7-6(5) 6-4,,1.19,"{'ace_pct': 0.011899999999999999, 'first_in_pct': 0.053, 'first_won_pct': 0.6579999999999999, 'second_won_pct': 0.82}","{'first_in_pct': 0.095, 'first_won_pct': 0.536, 'second_won_pct': 0.8}"
"2025 Paris Masters Tournament Results, Stats, and Analysis",HardDraw,56,C,2025-10-27,https://www.tennisabstract.com/cgi-bin/tourney.cgi?t=2025-0352%2FDoha,R32,Alexander Zverev,Camilo Ugo Carabelli,3,49,6-7(5) 6-1 7-5,,1.5,"{'ace_pct': 0.015, 'first_in_pct': 0.076, 'first_won_pct': 0.75, 'second_won_pct': 0.7390000000000001}","{'first_in_pct': 0.009000000000000001, 'first_won_pct': 0.523, 'second_won_pct': 0.807}"
"2025 Paris Masters Tournament Results, Stats, and Analysis",HardDraw,56,C,2025-10-27,https://www.tennisabstract.com/cgi-bin/tourney.cgi?t=2025-0352%2FDoha,R32,Ben Shelton,Flavio Cobolli,7,23,7-6(4) 6-3,,1.5,"{'ace_pct': 0.015, 'first_in_pct': 0.047, 'first_won_pct': 0.672, 'second_won_pct': 0.86}","{'first_in_pct': 0.078, 'first_won_pct': 0.563, 'second_won_pct': 0.8059999999999999}"
"2025 Paris Masters Tournament Results, Stats, and Analysis",HardDraw,56,C,2025-10-27,https://www.tennisabstract.com/cgi-bin/tourney.cgi?t=2025-0352%2FDoha,R32,Andrey Rublev,Learner Tien,17,39,6-4 6-4,,1.16,"{'ace_pct': 0.0116, 'first_in_pct': 0.106, 'first_won_pct': 0.591, 'second_won_pct': 0.872}","{'first_in_pct': 0.081, 'first_won_pct': 0.5479999999999999, 'second_won_pct': 0.647}"
"2025 Paris Masters Tournament Results, Stats, and Analysis",HardDraw,56,C,2025-10-27,https://www.tennisabstract.com/cgi-bin/tourney.cgi?t=2025-0352%2FDoha,R32,Francisco Cerundolo,Miomir Kecmanovic,21,53,7-5 1-6 7-6(4),,1.07,"{'ace_pct': 0.010700000000000001, 'first_in_pct': 0.13699999999999998, 'first_won_pct': 0.608, 'second_won_pct': 0.629}","{'first_in_pct': 0.026000000000000002, 'first_won_pct': 0.59, 'second_won_pct': 0.667}"
"2025 Paris Masters Tournament Results, Stats, and Analysis",HardDraw,56,C,2025-10-27,https://www.tennisabstract.com/cgi-bin/tourney.cgi?t=2025-0352%2FDoha,R32,Jannik Sinner,Zizou Bergs,2,41,6-4 6-2,,1.71,"{'ace_pct': 0.0171, 'first_in_pct': 0.0, 'first_won_pct': 0.6459999999999999, 'second_won_pct': 0.774}","{'first_in_pct': 0.028999999999999998, 'first_won_pct': 0.6, 'second_won_pct': 0.595}"
"2025 Paris Masters Tournament Results, Stats, and Analysis",HardDraw,56,C,2025-10-27,https://www.tennisabstract.com/cgi-bin/tourney.cgi?t=2025-0352%2FDoha,R64,Cameron Norrie,Sebastian Baez,31,43,6-3 6-4,,1.06,"{'ace_pct': 0.0106, 'first_in_pct': 0.040999999999999995, 'first_won_pct': 0.6990000000000001, 'second_won_pct': 0.667}","{'first_in_pct': 0.0, 'first_won_pct': 0.75, 'second_won_pct': 0.583}"
"2025 Paris Masters Tournament Results, Stats, and Analysis",HardDraw,56,C,2025-10-27,https://www.tennisabstract.com/cgi-bin/tourney.cgi?t=2025-0352%2FDoha,R64,Arthur Rinderknech,Fabian Marozsan,29,48,7-6(5) 7-6(4),,1.01,"{'ace_pct': 0.0101, 'first_in_pct': 0.17, 'first_won_pct': 0.649, 'second_won_pct': 0.8029999999999999}","{'first_in_pct': 0.06, 'first_won_pct': 0.56, 'second_won_pct': 0.723}"
"2025 Paris Masters Tournament Results, Stats, and Analysis",HardDraw,56,C,2025-10-27,https://www.tennisabstract.com/cgi-bin/tourney.cgi?t=2025-0352%2FDoha,R64,Valentin Vacherot,Jiri Lehecka,40,18,6-1 6-3,,2.6,"{'ace_pct': 0.026000000000000002, 'first_in_pct': 0.179, 'first_won_pct': 0.615, 'second_won_pct': 0.833}","{'first_in_pct': 0.156, 'first_won_pct': 0.7559999999999999, 'second_won_pct': 0.618}"
"2025 Paris Masters Tournament Results, Stats, and Analysis",HardDraw,56,C,2025-10-27,https://www.tennisabstract.com/cgi-bin/tourney.cgi?t=2025-0352%2FDoha,R64,Felix Auger Aliassime,Francisco Comesana,10,68,6-7(2) 6-3 6-3,,1.53,"{'ace_pct': 0.015300000000000001, 'first_in_pct': 0.138, 'first_won_pct': 0.55, 'second_won_pct': 0.841}","{'first_in_pct': 0.08, 'first_won_pct': 0.63, 'second_won_pct': 0.619}"
"2025 Paris Masters Tournament Results, Stats, and Analysis",HardDraw,56,C,2025-10-27,https://www.tennisabstract.com/cgi-bin/tourney.cgi?t=2025-0352%2FDoha,R64,Alexandre Muller,Brandon Nakashima,44,33,6-2 7-5,,1.46,"{'ace_pct': 0.0146, 'first_in_pct': 0.016, 'first_won_pct': 0.613, 'second_won_pct': 0.711}","{'first_in_pct': 0.085, 'first_won_pct': 0.5589999999999999, 'second_won_pct': 0.636}"
"2025 Paris Masters Tournament Results, Stats, and Analysis",HardDraw,56,C,2025-10-27,https://www.tennisabstract.com/cgi-bin/tourney.cgi?t=2025-0352%2FDoha,R64,Daniel Altmaier,Marcos Giron,50,65,6-2 7-6(5),,1.17,"{'ace_pct': 0.011699999999999999, 'first_in_pct': 0.10099999999999999, 'first_won_pct': 0.638, 'second_won_pct': 0.75}","{'first_in_pct': 0.10099999999999999, 'first_won_pct': 0.551, 'second_won_pct': 0.684}"
"2025 Paris Masters Tournament Results, Stats, and Analysis",HardDraw,56,C,2025-10-27,https://www.tennisabstract.com/cgi-bin/tourney.cgi?t=2025-0352%2FDoha,R64,Aleksandar Vukic,Terence Atmane,103,69,6-4 2-6 6-4,,0.94,"{'ace_pct': 0.009399999999999999, 'first_in_pct': 0.07400000000000001, 'first_won_pct': 0.568, 'second_won_pct': 0.667}","{'first_in_pct': 0.163, 'first_won_pct': 0.575, 'second_won_pct': 0.826}"
"2025 Paris Masters Tournament Results, Stats, and Analysis",HardDraw,56,C,2025-10-27,https://www.tennisabstract.com/cgi-bin/tourney.cgi?t=2025-0352%2FDoha,R64,Corentin Moutet,Reilly Opelka,32,52,3-6 7-5 6-1,,1.36,"{'ace_pct': 0.013600000000000001, 'first_in_pct': 0.069, 'first_won_pct': 0.556, 'second_won_pct': 0.75}","{'first_in_pct': 0.124, 'first_won_pct': 0.652, 'second_won_pct': 0.7759999999999999}"
"2025 Paris Masters Tournament Results, Stats, and Analysis",HardDraw,56,C,2025-10-27,https://www.tennisabstract.com/cgi-bin/tourney.cgi?t=2025-0352%2FDoha,R64,Alexander Bublik,Alexei Popyrin,16,47,6-4 6-3,,1.18,"{'ace_pct': 0.0118, 'first_in_pct': 0.22399999999999998, 'first_won_pct': 0.621, 'second_won_pct': 0.889}","{'first_in_pct': 0.053, 'first_won_pct': 0.614, 'second_won_pct': 0.743}"
"2025 Paris Masters Tournament Results, Stats, and Analysis",HardDraw,56,C,2025-10-27,https://www.tennisabstract.com/cgi-bin/tourney.cgi?t=2025-0352%2FDoha,R64,Karen Khachanov,Ethan Quinn,14,71,6-1 6-1,,2.27,"{'ace_pct': 0.0227, 'first_in_pct': 0.051, 'first_won_pct': 0.6409999999999999, 'second_won_pct': 0.76}","{'first_in_pct': 0.023, 'first_won_pct': 0.628, 'second_won_pct': 0.519}"
"2025 Paris Masters Tournament Results, Stats, and Analysis",HardDraw,56,C,2025-10-27,https://www.tennisabstract.com/cgi-bin/tourney.cgi?t=2025-0352%2FDoha,R64,Joao Fonseca,Denis Shapovalov,28,24,5-7 6-4 6-3,,1.22,"{'ace_pct': 0.012199999999999999, 'first_in_pct': 0.021, 'first_won_pct': 0.7190000000000001, 'second_won_pct': 0.768}","{'first_in_pct': 0.105, 'first_won_pct': 0.535, 'second_won_pct': 0.7170000000000001}"
"2025 Paris Masters Tournament Results, Stats, and Analysis",HardDraw,56,C,2025-10-27,https://www.tennisabstract.com/cgi-bin/tourney.cgi?t=2025-0352%2FDoha,R64,Gabriel Diallo,Tallon Griekspoor,42,25,6-3 6-4,,1.71,"{'ace_pct': 0.0171, 'first_in_pct': 0.193, 'first_won_pct': 0.649, 'second_won_pct': 0.838}","{'first_in_pct': 0.08, 'first_won_pct': 0.6, 'second_won_pct': 0.767}"
"2025 Paris Masters Tournament Results, Stats, and Analysis",HardDraw,56,C,2025-10-27,https://www.tennisabstract.com/cgi-bin/tourney.cgi?t=2025-0352%2FDoha,R64,Lorenzo Sonego,Sebastian Korda,45,54,6-2 6-3,,1.6,"{'ace_pct': 0.016, 'first_in_pct': 0.063, 'first_won_pct': 0.583, 'second_won_pct': 0.821}","{'first_in_pct': 0.028999999999999998, 'first_won_pct': 0.574, 'second_won_pct': 0.59}"
"2025 Paris Masters Tournament Results, Stats, and Analysis",HardDraw,56,C,2025-10-27,https://www.tennisabstract.com/cgi-bin/tourney.cgi?t=2025-0352%2FDoha,R64,Grigor Dimitrov,Giovanni Mpetshi Perricard,38,56,7-6(5) 6-1,,1.44,"{'ace_pct': 0.0144, 'first_in_pct': 0.062, 'first_won_pct': 0.431, 'second_won_pct': 0.7859999999999999}","{'first_in_pct': 0.092, 'first_won_pct': 0.5920000000000001, 'second_won_pct': 0.6890000000000001}"
"2025 Paris Masters Tournament Results, Stats, and Analysis",HardDraw,56,C,2025-10-27,https://www.tennisabstract.com/cgi-bin/tourney.cgi?t=2025-0352%2FDoha,R64,Daniil Medvedev,Jaume Munar,13,36,6-1 6-3,,1.52,"{'ace_pct': 0.0152, 'first_in_pct': 0.113, 'first_won_pct': 0.679, 'second_won_pct': 0.8059999999999999}","{'first_in_pct': 0.022000000000000002, 'first_won_pct': 0.578, 'second_won_pct': 0.5770000000000001}"
"2025 Paris Masters Tournament Results, Stats, and Analysis",HardDraw,56,C,2025-10-27,https://www.tennisabstract.com/cgi-bin/tourney.cgi?t=2025-0352%2FDoha,R64,Alejandro Davidovich Fokina,Valentin Royer,15,59,4-6 6-1 6-4,,1.3,"{'ace_pct': 0.013000000000000001, 'first_in_pct': 0.063, 'first_won_pct': 0.725, 'second_won_pct': 0.759}","{'first_in_pct': 0.037000000000000005, 'first_won_pct': 0.605, 'second_won_pct': 0.7140000000000001}"
"2025 Paris Masters Tournament Results, Stats, and Analysis",HardDraw,56,C,2025-10-27,https://www.tennisabstract.com/cgi-bin/tourney.cgi?t=2025-0352%2FDoha,R64,Arthur Cazaux,Luciano Darderi,62,27,7-6(5) 7-6(4),,1.01,"{'ace_pct': 0.0101, 'first_in_pct': 0.184, 'first_won_pct': 0.609, 'second_won_pct': 0.868}","{'first_in_pct': 0.048, 'first_won_pct': 0.59, 'second_won_pct': 0.7959999999999999}"
"2025 Paris Masters Tournament Results, Stats, and Analysis",HardDraw,56,C,2025-10-27,https://www.tennisabstract.com/cgi-bin/tourney.cgi?t=2025-0352%2FDoha,R64,Camilo Ugo Carabelli,Tomas Martin Etcheverry,49,58,7-5 6-3,,1.18,"{'ace_pct': 0.0118, 'first_in_pct': 0.028999999999999998, 'first_won_pct': 0.493, 'second_won_pct': 0.647}","{'first_in_pct': 0.079, 'first_won_pct': 0.5870000000000001, 'second_won_pct': 0.73}"
"2025 Paris Masters Tournament Results, Stats, and Analysis",HardDraw,56,C,2025-10-27,https://www.tennisabstract.com/cgi-bin/tourney.cgi?t=2025-0352%2FDoha,R64,Flavio Cobolli,Tomas Machac,23,34,6-1 6-4,,,"{'ace_pct': 0.0333, 'first_in_pct': 0.023, 'first_won_pct': 0.75, 'second_won_pct': 0.9390000000000001}","{'first_in_pct': 0.068, 'first_won_pct': 0.545, 'second_won_pct': 0.583}"
"2025 Paris Masters Tournament Results, Stats, and Analysis",HardDraw,56,C,2025-10-27,https://www.tennisabstract.com/cgi-bin/tourney.cgi?t=2025-0352%2FDoha,R64,Learner Tien,Nuno Borges,39,46,6-2 7-6(7),,1.42,"{'ace_pct': 0.014199999999999999, 'first_in_pct': 0.111, 'first_won_pct': 0.635, 'second_won_pct': 0.8}","{'first_in_pct': 0.028999999999999998, 'first_won_pct': 0.493, 'second_won_pct': 0.706}"
"2025 Paris Masters Tournament Results, Stats, and Analysis",HardDraw,56,C,2025-10-27,https://www.tennisabstract.com/cgi-bin/tourney.cgi?t=2025-0352%2FDoha,R64,Andrey Rublev,Jacob Fearnley,17,78,6-1 6-4,,1.67,"{'ace_pct': 0.0167, 'first_in_pct': 0.063, 'first_won_pct': 0.583, 'second_won_pct': 0.7140000000000001}","{'first_in_pct': 0.013999999999999999, 'first_won_pct': 0.6809999999999999, 'second_won_pct': 0.596}"
"2025 Paris Masters Tournament Results, Stats, and Analysis",HardDraw,56,C,2025-10-27,https://www.tennisabstract.com/cgi-bin/tourney.cgi?t=2025-0352%2FDoha,R64,Francisco Cerundolo,Damir Dzumhur,21,63,6-3 6-3,,1.33,"{'ace_pct': 0.013300000000000001, 'first_in_pct': 0.036000000000000004, 'first_won_pct': 0.527, 'second_won_pct': 0.621}","{'first_in_pct': 0.0, 'first_won_pct': 0.564, 'second_won_pct': 0.484}"
"2025 Paris Masters Tournament Results, Stats, and Analysis",HardDraw,56,C,2025-10-27,https://www.tennisabstract.com/cgi-bin/tourney.cgi?t=2025-0352%2FDoha,R64,Miomir Kecmanovic,Aleksandar Kovacevic,53,64,6-4 1-6 7-6(2),,1.08,"{'ace_pct': 0.0108, 'first_in_pct': 0.115, 'first_won_pct': 0.573, 'second_won_pct': 0.691}","{'first_in_pct': 0.152, 'first_won_pct': 0.5329999999999999, 'second_won_pct': 0.768}"
"2025 Paris Masters Tournament Results, Stats, and Analysis",HardDraw,56,C,2025-10-27,https://www.tennisabstract.com/cgi-bin/tourney.cgi?t=2025-0352%2FDoha,R64,Zizou Bergs,Alex Michelsen,41,35,6-3 2-6 6-2,,1.08,"{'ace_pct': 0.0108, 'first_in_pct': 0.051, 'first_won_pct': 0.6409999999999999, 'second_won_pct': 0.72}","{'first_in_pct': 0.0, 'first_won_pct': 0.605, 'second_won_pct': 0.5920000000000001}"
"2025 Paris Masters Tournament Results, Stats, and Analysis",HardDraw,56,C,2025-10-27,https://www.tennisabstract.com/cgi-bin/tourney.cgi?t=2025-0352%2FParis-Masters,F,Jannik Sinner,Felix Auger Aliassime,2,10,6-4 7-6(4),,1.92,"{'ace_pct': 0.0192, 'first_in_pct': 0.098, 'first_won_pct': 0.721, 'second_won_pct': 0.909}","{'first_in_pct': 0.11, 'first_won_pct': 0.644, 'second_won_pct': 0.809}"
"2025 Paris Masters Tournament Results, Stats, and Analysis",HardDraw,56,C,2025-10-27,https://www.tennisabstract.com/cgi-bin/tourney.cgi?t=2025-0352%2FParis-Masters,SF,Felix Auger Aliassime,Alexander Bublik,10,16,7-6(3) 6-4,,1.28,"{'ace_pct': 0.0128, 'first_in_pct': 0.19699999999999998, 'first_won_pct': 0.6559999999999999, 'second_won_pct': 0.85}","{'first_in_pct': 0.07200000000000001, 'first_won_pct': 0.58, 'second_won_pct': 0.675}"
"2025 Paris Masters Tournament Results, Stats, and Analysis",HardDraw,56,C,2025-10-27,https://www.tennisabstract.com/cgi-bin/tourney.cgi?t=2025-0352%2FParis-Masters,SF,Jannik Sinner,Alexander Zverev,2,3,6-0 6-1,,2.71,"{'ace_pct': 0.0271, 'first_in_pct': 0.258, 'first_won_pct': 0.677, 'second_won_pct': 0.905}","{'first_in_pct': 0.040999999999999995, 'first_won_pct': 0.6729999999999999, 'second_won_pct': 0.485}"
"2025 Paris Masters Tournament Results, Stats, and Analysis",HardDraw,56,C,2025-10-27,https://www.tennisabstract.com/cgi-bin/tourney.cgi?t=2025-0352%2FParis-Masters,QF,Felix Auger Aliassime,Valentin Vacherot,10,40,6-2 6-2,,,"{'ace_pct': 0.032, 'first_in_pct': 0.077, 'first_won_pct': 0.6920000000000001, 'second_won_pct': 0.889}","{'first_in_pct': 0.08199999999999999, 'first_won_pct': 0.59, 'second_won_pct': 0.528}"
"2025 Paris Masters Tournament Results, Stats, and Analysis",HardDraw,56,C,2025-10-27,https://www.tennisabstract.com/cgi-bin/tourney.cgi?t=2025-0352%2FParis-Masters,QF,Alexander Bublik,Alex De Minaur,16,6,6-7(5) 6-4 7-5,,0.99,"{'ace_pct': 0.009899999999999999, 'first_in_pct': 0.14400000000000002, 'first_won_pct': 0.631, 'second_won_pct': 0.8859999999999999}","{'first_in_pct': 0.113, 'first_won_pct': 0.528, 'second_won_pct': 0.768}"
"2025 Paris Masters Tournament Results, Stats, and Analysis",HardDraw,56,C,2025-10-27,https://www.tennisabstract.com/cgi-bin/tourney.cgi?t=2025-0352%2FParis-Masters,QF,Alexander Zverev,Daniil Medvedev,3,13,2-6 6-3 7-6(5),,1.07,"{'ace_pct': 0.010700000000000001, 'first_in_pct': 0.043, 'first_won_pct': 0.785, 'second_won_pct': 0.6990000000000001}","{'first_in_pct': 0.052000000000000005, 'first_won_pct': 0.598, 'second_won_pct': 0.741}"
"2025 Paris Masters Tournament Results, Stats, and Analysis",HardDraw,56,C,2025-10-27,https://www.tennisabstract.com/cgi-bin/tourney.cgi?t=2025-0352%2FParis-Masters,QF,Jannik Sinner,Ben Shelton,2,7,6-3 6-3,,2.25,"{'ace_pct': 0.0225, 'first_in_pct': 0.1, 'first_won_pct': 0.75, 'second_won_pct': 0.8}","{'first_in_pct': 0.13699999999999998, 'first_won_pct': 0.667, 'second_won_pct': 0.6759999999999999}"
"2025 Paris Masters Tournament Results, Stats, and Analysis",HardDraw,56,C,2025-10-27,https://www.tennisabstract.com/cgi-bin/tourney.cgi?t=2025-0352%2FParis-Masters,R16,Valentin Vacherot,Cameron Norrie,40,31,7-6(4) 6-4,,0.65,"{'ace_pct': 0.006500000000000001, 'first_in_pct': 0.065, 'first_won_pct': 0.662, 'second_won_pct': 0.863}","{'first_in_pct': 0.07, 'first_won_pct': 0.789, 'second_won_pct': 0.8220000000000001}"
"2025 Paris Masters Tournament Results, Stats, and Analysis",HardDraw,56,C,2025-10-27,https://www.tennisabstract.com/cgi-bin/tourney.cgi?t=2025-0352%2FParis-Masters,R16,Felix Auger Aliassime,Daniel Altmaier,10,50,3-6 6-3 6-2,,1.53,"{'ace_pct': 0.015300000000000001, 'first_in_pct': 0.095, 'first_won_pct': 0.608, 'second_won_pct': 0.867}","{'first_in_pct': 0.064, 'first_won_pct': 0.66, 'second_won_pct': 0.726}"
"2025 Paris Masters Tournament Results, Stats, and Analysis",HardDraw,56,C,2025-10-27,https://www.tennisabstract.com/cgi-bin/tourney.cgi?t=2025-0352%2FParis-Masters,R16,Alexander Bublik,Taylor Fritz,16,4,7-6(5) 6-2,,1.33,"{'ace_pct': 0.013300000000000001, 'first_in_pct': 0.157, 'first_won_pct': 0.6709999999999999, 'second_won_pct': 0.745}","{'first_in_pct': 0.188, 'first_won_pct': 0.625, 'second_won_pct': 0.76}"
"2025 Paris Masters Tournament Results, Stats, and Analysis",HardDraw,56,C,2025-10-27,https://www.tennisabstract.com/cgi-bin/tourney.cgi?t=2025-0352%2FParis-Masters,R16,Alex De Minaur,Karen Khachanov,6,14,6-2 6-2,,1.62,"{'ace_pct': 0.016200000000000003, 'first_in_pct': 0.038, 'first_won_pct': 0.5379999999999999, 'second_won_pct': 0.7859999999999999}","{'first_in_pct': 0.067, 'first_won_pct': 0.711, 'second_won_pct': 0.6559999999999999}"
"2025 Paris Masters Tournament Results, Stats, and Analysis",HardDraw,56,C,2025-10-27,https://www.tennisabstract.com/cgi-bin/tourney.cgi?t=2025-0352%2FParis-Masters,R16,Daniil Medvedev,Lorenzo Sonego,13,45,3-6 7-6(5) 6-4,,1.03,"{'ace_pct': 0.0103, 'first_in_pct': 0.083, 'first_won_pct': 0.604, 'second_won_pct': 0.7240000000000001}","{'first_in_pct': 0.07200000000000001, 'first_won_pct': 0.6940000000000001, 'second_won_pct': 0.7659999999999999}"
"2025 Paris Masters Tournament Results, Stats, and Analysis",HardDraw,56,C,2025-10-27,https://www.tennisabstract.com/cgi-bin/tourney.cgi?t=2025-0352%2FParis-Masters,R16,Alexander Zverev,Alejandro Davidovich Fokina,3,15,6-2 6-4,,1.48,"{'ace_pct': 0.0148, 'first_in_pct': 0.07, 'first_won_pct': 0.772, 'second_won_pct': 0.705}","{'first_in_pct': 0.065, 'first_won_pct': 0.6940000000000001, 'second_won_pct': 0.581}"
"2025 Paris Masters Tournament Results, Stats, and Analysis",HardDraw,56,C,2025-10-27,https://www.tennisabstract.com/cgi-bin/tourney.cgi?t=2025-0352%2FParis-Masters,R16,Ben Shelton,Andrey Rublev,7,17,7-6(6) 6-3,,1.76,"{'ace_pct': 0.0176, 'first_in_pct': 0.259, 'first_won_pct': 0.741, 'second_won_pct': 0.7909999999999999}","{'first_in_pct': 0.083, 'first_won_pct': 0.556, 'second_won_pct': 0.675}"
"2025 Paris Masters Tournament Results, Stats, and Analysis",HardDraw,56,C,2025-10-27,https://www.tennisabstract.com/cgi-bin/tourney.cgi?t=2025-0352%2FParis-Masters,R16,Jannik Sinner,Francisco Cerundolo,2,21,7-5 6-1,,1.8,"{'ace_pct': 0.018000000000000002, 'first_in_pct': 0.08199999999999999, 'first_won_pct': 0.7140000000000001, 'second_won_pct': 0.8290000000000001}","{'first_in_pct': 0.0, 'first_won_pct': 0.594, 'second_won_pct': 0.5529999999999999}"
"2025 Paris Masters Tournament Results, Stats, and Analysis",HardDraw,56,C,2025-10-27,https://www.tennisabstract.com/cgi-bin/tourney.cgi?t=2025-0352%2FParis-Masters,R32,Cameron Norrie,Carlos Alcaraz,31,,4-6 6-3 6-4,,1.29,"{'ace_pct': 0.0129, 'first_in_pct': 0.033, 'first_won_pct': 0.565, 'second_won_pct': 0.7879999999999999}","{'first_in_pct': 0.084, 'first_won_pct': 0.611, 'second_won_pct': 0.638}"
"2025 Paris Masters Tournament Results, Stats, and Analysis",HardDraw,56,C,2025-10-27,https://www.tennisabstract.com/cgi-bin/tourney.cgi?t=2025-0352%2FParis-Masters,R32,Valentin Vacherot,Arthur Rinderknech,40,29,6-7(9) 6-3 6-4,,1.13,"{'ace_pct': 0.0113, 'first_in_pct': 0.055999999999999994, 'first_won_pct': 0.519, 'second_won_pct': 0.75}","{'first_in_pct': 0.073, 'first_won_pct': 0.596, 'second_won_pct': 0.754}"
"2025 Paris Masters Tournament Results, Stats, and Analysis",HardDraw,56,C,2025-10-27,https://www.tennisabstract.com/cgi-bin/tourney.cgi?t=2025-0352%2FParis-Masters,R32,Felix Auger Aliassime,Alexandre Muller,10,44,5-7 7-6(5) 7-6(4),,0.92,"{'ace_pct': 0.0092, 'first_in_pct': 0.17600000000000002, 'first_won_pct': 0.555, 'second_won_pct': 0.833}","{'first_in_pct': 0.06, 'first_won_pct': 0.586, 'second_won_pct': 0.794}"
"2025 Paris Masters Tournament Results, Stats, and Analysis",HardDraw,56,C,2025-10-27,https://www.tennisabstract.com/cgi-bin/tourney.cgi?t=2025-0352%2FParis-Masters,R32,Daniel Altmaier,Casper Ruud,50,9,6-3 7-5,,1.32,"{'ace_pct': 0.0132, 'first_in_pct': 0.159, 'first_won_pct': 0.5870000000000001, 'second_won_pct': 0.865}","{'first_in_pct': 0.125, 'first_won_pct': 0.643, 'second_won_pct': 0.8059999999999999}"
"2025 Paris Masters Tournament Results, Stats, and Analysis",HardDraw,56,C,2025-10-27,https://www.tennisabstract.com/cgi-bin/tourney.cgi?t=2025-0352%2FParis-Masters,R32,Taylor Fritz,Aleksandar Vukic,4,103,7-6(4) 6-2,,1.38,"{'ace_pct': 0.0138, 'first_in_pct': 0.16699999999999998, 'first_won_pct': 0.569, 'second_won_pct': 0.78}","{'first_in_pct': 0.10099999999999999, 'first_won_pct': 0.696, 'second_won_pct': 0.667}"
"2025 Paris Masters Tournament Results, Stats, and Analysis",HardDraw,56,C,2025-10-27,https://www.tennisabstract.com/cgi-bin/tourney.cgi?t=2025-0352%2FParis-Masters,R32,Alexander Bublik,Corentin Moutet,16,32,6-3 7-5,,1.23,"{'ace_pct': 0.0123, 'first_in_pct': 0.086, 'first_won_pct': 0.614, 'second_won_pct': 0.7909999999999999}","{'first_in_pct': 0.046, 'first_won_pct': 0.769, 'second_won_pct': 0.66}"
"2025 Paris Masters Tournament Results, Stats, and Analysis",HardDraw,56,C,2025-10-27,https://www.tennisabstract.com/cgi-bin/tourney.cgi?t=2025-0352%2FParis-Masters,R32,Karen Khachanov,Joao Fonseca,14,28,6-1 3-6 6-3,,1.4,"{'ace_pct': 0.013999999999999999, 'first_in_pct': 0.11800000000000001, 'first_won_pct': 0.721, 'second_won_pct': 0.7959999999999999}","{'first_in_pct': 0.139, 'first_won_pct': 0.595, 'second_won_pct': 0.6809999999999999}"
"2025 Paris Masters Tournament Results, Stats, and Analysis",HardDraw,56,C,2025-10-27,https://www.tennisabstract.com/cgi-bin/tourney.cgi?t=2025-0352%2FParis-Masters,R32,Alex De Minaur,Gabriel Diallo,6,42,7-6(8) 4-6 6-3,,1.14,"{'ace_pct': 0.011399999999999999, 'first_in_pct': 0.032, 'first_won_pct': 0.505, 'second_won_pct': 0.6459999999999999}","{'first_in_pct': 0.075, 'first_won_pct': 0.6920000000000001, 'second_won_pct': 0.6890000000000001}"
"2025 Paris Masters Tournament Results, Stats, and Analysis",HardDraw,56,C,2025-10-27,https://www.tennisabstract.com/cgi-bin/tourney.cgi?t=2025-0352%2FParis-Masters,R32,Lorenzo Sonego,Lorenzo Musetti,45,8,3-6 6-3 6-1,,1.25,"{'ace_pct': 0.0125, 'first_in_pct': 0.057, 'first_won_pct': 0.5710000000000001, 'second_won_pct': 0.75}","{'first_in_pct': 0.013999999999999999, 'first_won_pct': 0.614, 'second_won_pct': 0.7909999999999999}"
"2025 Paris Masters Tournament Results, Stats, and Analysis",HardDraw,56,C,2025-10-27,https://www.tennisabstract.com/cgi-bin/tourney.cgi?t=2025-0352%2FParis-Masters,R32,Daniil Medvedev,Grigor Dimitrov,13,38,W/O,,,"{'ace_pct': None, 'first_in_pct': None, 'first_won_pct': None, 'second_won_pct': None}","{'first_in_pct': None, 'first_won_pct': None, 'second_won_pct': None}"
"2025 Paris Masters Tournament Results, Stats, and Analysis",HardDraw,56,C,2025-10-27,https://www.tennisabstract.com/cgi-bin/tourney.cgi?t=2025-0352%2FParis-Masters,R32,Alejandro Davidovich Fokina,Arthur Cazaux,15,62,7-6(5) 6-4,,1.19,"{'ace_pct': 0.011899999999999999, 'first_in_pct': 0.053, 'first_won_pct': 0.6579999999999999, 'second_won_pct': 0.82}","{'first_in_pct': 0.095, 'first_won_pct': 0.536, 'second_won_pct': 0.8}"
"2025 Paris Masters Tournament Results, Stats, and Analysis",HardDraw,56,C,2025-10-27,https://www.tennisabstract.com/cgi-bin/tourney.cgi?t=2025-0352%2FParis-Masters,R32,Alexander Zverev,Camilo Ugo Carabelli,3,49,6-7(5) 6-1 7-5,,1.5,"{'ace_pct': 0.015, 'first_in_pct': 0.076, 'first_won_pct': 0.75, 'second_won_pct': 0.7390000000000001}","{'first_in_pct': 0.009000000000000001, 'first_won_pct': 0.523, 'second_won_pct': 0.807}"
"2025 Paris Masters Tournament Results, Stats, and Analysis",HardDraw,56,C,2025-10-27,https://www.tennisabstract.com/cgi-bin/tourney.cgi?t=2025-0352%2FParis-Masters,R32,Ben Shelton,Flavio Cobolli,7,23,7-6(4) 6-3,,1.5,"{'ace_pct': 0.015, 'first_in_pct': 0.047, 'first_won_pct': 0.672, 'second_won_pct': 0.86}","{'first_in_pct': 0.078, 'first_won_pct': 0.563, 'second_won_pct': 0.8059999999999999}"
"2025 Paris Masters Tournament Results, Stats, and Analysis",HardDraw,56,C,2025-10-27,https://www.tennisabstract.com/cgi-bin/tourney.cgi?t=2025-0352%2FParis-Masters,R32,Andrey Rublev,Learner Tien,17,39,6-4 6-4,,1.16,"{'ace_pct': 0.0116, 'first_in_pct': 0.106, 'first_won_pct': 0.591, 'second_won_pct': 0.872}","{'first_in_pct': 0.081, 'first_won_pct': 0.5479999999999999, 'second_won_pct': 0.647}"
"2025 Paris Masters Tournament Results, Stats, and Analysis",HardDraw,56,C,2025-10-27,https://www.tennisabstract.com/cgi-bin/tourney.cgi?t=2025-0352%2FParis-Masters,R32,Francisco Cerundolo,Miomir Kecmanovic,21,53,7-5 1-6 7-6(4),,1.07,"{'ace_pct': 0.010700000000000001, 'first_in_pct': 0.13699999999999998, 'first_won_pct': 0.608, 'second_won_pct': 0.629}","{'first_in_pct': 0.026000000000000002, 'first_won_pct': 0.59, 'second_won_pct': 0.667}"
"2025 Paris Masters Tournament Results, Stats, and Analysis",HardDraw,56,C,2025-10-27,https://www.tennisabstract.com/cgi-bin/tourney.cgi?t=2025-0352%2FParis-Masters,R32,Jannik Sinner,Zizou Bergs,2,41,6-4 6-2,,1.71,"{'ace_pct': 0.0171, 'first_in_pct': 0.0, 'first_won_pct': 0.6459999999999999, 'second_won_pct': 0.774}","{'first_in_pct': 0.028999999999999998, 'first_won_pct': 0.6, 'second_won_pct': 0.595}"
"2025 Paris Masters Tournament Results, Stats, and Analysis",HardDraw,56,C,2025-10-27,https://www.tennisabstract.com/cgi-bin/tourney.cgi?t=2025-0352%2FParis-Masters,R64,Cameron Norrie,Sebastian Baez,31,43,6-3 6-4,,1.06,"{'ace_pct': 0.0106, 'first_in_pct': 0.040999999999999995, 'first_won_pct': 0.6990000000000001, 'second_won_pct': 0.667}","{'first_in_pct': 0.0, 'first_won_pct': 0.75, 'second_won_pct': 0.583}"
"2025 Paris Masters Tournament Results, Stats, and Analysis",HardDraw,56,C,2025-10-27,https://www.tennisabstract.com/cgi-bin/tourney.cgi?t=2025-0352%2FParis-Masters,R64,Arthur Rinderknech,Fabian Marozsan,29,48,7-6(5) 7-6(4),,1.01,"{'ace_pct': 0.0101, 'first_in_pct': 0.17, 'first_won_pct': 0.649, 'second_won_pct': 0.8029999999999999}","{'first_in_pct': 0.06, 'first_won_pct': 0.56, 'second_won_pct': 0.723}"
"2025 Paris Masters Tournament Results, Stats, and Analysis",HardDraw,56,C,2025-10-27,https://www.tennisabstract.com/cgi-bin/tourney.cgi?t=2025-0352%2FParis-Masters,R64,Valentin Vacherot,Jiri Lehecka,40,18,6-1 6-3,,2.6,"{'ace_pct': 0.026000000000000002, 'first_in_pct': 0.179, 'first_won_pct': 0.615, 'second_won_pct': 0.833}","{'first_in_pct': 0.156, 'first_won_pct': 0.7559999999999999, 'second_won_pct': 0.618}"
"2025 Paris Masters Tournament Results, Stats, and Analysis",HardDraw,56,C,2025-10-27,https://www.tennisabstract.com/cgi-bin/tourney.cgi?t=2025-0352%2FParis-Masters,R64,Felix Auger Aliassime,Francisco Comesana,10,68,6-7(2) 6-3 6-3,,1.53,"{'ace_pct': 0.015300000000000001, 'first_in_pct': 0.138, 'first_won_pct': 0.55, 'second_won_pct': 0.841}","{'first_in_pct': 0.08, 'first_won_pct': 0.63, 'second_won_pct': 0.619}"
"2025 Paris Masters Tournament Results, Stats, and Analysis",HardDraw,56,C,2025-10-27,https://www.tennisabstract.com/cgi-bin/tourney.cgi?t=2025-0352%2FParis-Masters,R64,Alexandre Muller,Brandon Nakashima,44,33,6-2 7-5,,1.46,"{'ace_pct': 0.0146, 'first_in_pct': 0.016, 'first_won_pct': 0.613, 'second_won_pct': 0.711}","{'first_in_pct': 0.085, 'first_won_pct': 0.5589999999999999, 'second_won_pct': 0.636}"
"2025 Paris Masters Tournament Results, Stats, and Analysis",HardDraw,56,C,2025-10-27,https://www.tennisabstract.com/cgi-bin/tourney.cgi?t=2025-0352%2FParis-Masters,R64,Daniel Altmaier,Marcos Giron,50,65,6-2 7-6(5),,1.17,"{'ace_pct': 0.011699999999999999, 'first_in_pct': 0.10099999999999999, 'first_won_pct': 0.638, 'second_won_pct': 0.75}","{'first_in_pct': 0.10099999999999999, 'first_won_pct': 0.551, 'second_won_pct': 0.684}"
"2025 Paris Masters Tournament Results, Stats, and Analysis",HardDraw,56,C,2025-10-27,https://www.tennisabstract.com/cgi-bin/tourney.cgi?t=2025-0352%2FParis-Masters,R64,Aleksandar Vukic,Terence Atmane,103,69,6-4 2-6 6-4,,0.94,"{'ace_pct': 0.009399999999999999, 'first_in_pct': 0.07400000000000001, 'first_won_pct': 0.568, 'second_won_pct': 0.667}","{'first_in_pct': 0.163, 'first_won_pct': 0.575, 'second_won_pct': 0.826}"
"2025 Paris Masters Tournament Results, Stats, and Analysis",HardDraw,56,C,2025-10-27,https://www.tennisabstract.com/cgi-bin/tourney.cgi?t=2025-0352%2FParis-Masters,R64,Corentin Moutet,Reilly Opelka,32,52,3-6 7-5 6-1,,1.36,"{'ace_pct': 0.013600000000000001, 'first_in_pct': 0.069, 'first_won_pct': 0.556, 'second_won_pct': 0.75}","{'first_in_pct': 0.124, 'first_won_pct': 0.652, 'second_won_pct': 0.7759999999999999}"
"2025 Paris Masters Tournament Results, Stats, and Analysis",HardDraw,56,C,2025-10-27,https://www.tennisabstract.com/cgi-bin/tourney.cgi?t=2025-0352%2FParis-Masters,R64,Alexander Bublik,Alexei Popyrin,16,47,6-4 6-3,,1.18,"{'ace_pct': 0.0118, 'first_in_pct': 0.22399999999999998, 'first_won_pct': 0.621, 'second_won_pct': 0.889}","{'first_in_pct': 0.053, 'first_won_pct': 0.614, 'second_won_pct': 0.743}"
"2025 Paris Masters Tournament Results, Stats, and Analysis",HardDraw,56,C,2025-10-27,https://www.tennisabstract.com/cgi-bin/tourney.cgi?t=2025-0352%2FParis-Masters,R64,Karen Khachanov,Ethan Quinn,14,71,6-1 6-1,,2.27,"{'ace_pct': 0.0227, 'first_in_pct': 0.051, 'first_won_pct': 0.6409999999999999, 'second_won_pct': 0.76}","{'first_in_pct': 0.023, 'first_won_pct': 0.628, 'second_won_pct': 0.519}"
"2025 Paris Masters Tournament Results, Stats, and Analysis",HardDraw,56,C,2025-10-27,https://www.tennisabstract.com/cgi-bin/tourney.cgi?t=2025-0352%2FParis-Masters,R64,Joao Fonseca,Denis Shapovalov,28,24,5-7 6-4 6-3,,1.22,"{'ace_pct': 0.012199999999999999, 'first_in_pct': 0.021, 'first_won_pct': 0.7190000000000001, 'second_won_pct': 0.768}","{'first_in_pct': 0.105, 'first_won_pct': 0.535, 'second_won_pct': 0.7170000000000001}"
"2025 Paris Masters Tournament Results, Stats, and Analysis",HardDraw,56,C,2025-10-27,https://www.tennisabstract.com/cgi-bin/tourney.cgi?t=2025-0352%2FParis-Masters,R64,Gabriel Diallo,Tallon Griekspoor,42,25,6-3 6-4,,1.71,"{'ace_pct': 0.0171, 'first_in_pct': 0.193, 'first_won_pct': 0.649, 'second_won_pct': 0.838}","{'first_in_pct': 0.08, 'first_won_pct': 0.6, 'second_won_pct': 0.767}"
"2025 Paris Masters Tournament Results, Stats, and Analysis",HardDraw,56,C,2025-10-27,https://www.tennisabstract.com/cgi-bin/tourney.cgi?t=2025-0352%2FParis-Masters,R64,Lorenzo Sonego,Sebastian Korda,45,54,6-2 6-3,,1.6,"{'ace_pct': 0.016, 'first_in_pct': 0.063, 'first_won_pct': 0.583, 'second_won_pct': 0.821}","{'first_in_pct': 0.028999999999999998, 'first_won_pct': 0.574, 'second_won_pct': 0.59}"
"2025 Paris Masters Tournament Results, Stats, and Analysis",HardDraw,56,C,2025-10-27,https://www.tennisabstract.com/cgi-bin/tourney.cgi?t=2025-0352%2FParis-Masters,R64,Grigor Dimitrov,Giovanni Mpetshi Perricard,38,56,7-6(5) 6-1,,1.44,"{'ace_pct': 0.0144, 'first_in_pct': 0.062, 'first_won_pct': 0.431, 'second_won_pct': 0.7859999999999999}","{'first_in_pct': 0.092, 'first_won_pct': 0.5920000000000001, 'second_won_pct': 0.6890000000000001}"
"2025 Paris Masters Tournament Results, Stats, and Analysis",HardDraw,56,C,2025-10-27,https://www.tennisabstract.com/cgi-bin/tourney.cgi?t=2025-0352%2FParis-Masters,R64,Daniil Medvedev,Jaume Munar,13,36,6-1 6-3,,1.52,"{'ace_pct': 0.0152, 'first_in_pct': 0.113, 'first_won_pct': 0.679, 'second_won_pct': 0.8059999999999999}","{'first_in_pct': 0.022000000000000002, 'first_won_pct': 0.578, 'second_won_pct': 0.5770000000000001}"
"2025 Paris Masters Tournament Results, Stats, and Analysis",HardDraw,56,C,2025-10-27,https://www.tennisabstract.com/cgi-bin/tourney.cgi?t=2025-0352%2FParis-Masters,R64,Alejandro Davidovich Fokina,Valentin Royer,15,59,4-6 6-1 6-4,,1.3,"{'ace_pct': 0.013000000000000001, 'first_in_pct': 0.063, 'first_won_pct': 0.725, 'second_won_pct': 0.759}","{'first_in_pct': 0.037000000000000005, 'first_won_pct': 0.605, 'second_won_pct': 0.7140000000000001}"
"2025 Paris Masters Tournament Results, Stats, and Analysis",HardDraw,56,C,2025-10-27,https://www.tennisabstract.com/cgi-bin/tourney.cgi?t=2025-0352%2FParis-Masters,R64,Arthur Cazaux,Luciano Darderi,62,27,7-6(5) 7-6(4),,1.01,"{'ace_pct': 0.0101, 'first_in_pct': 0.184, 'first_won_pct': 0.609, 'second_won_pct': 0.868}","{'first_in_pct': 0.048, 'first_won_pct': 0.59, 'second_won_pct': 0.7959999999999999}"
"2025 Paris Masters Tournament Results, Stats, and Analysis",HardDraw,56,C,2025-10-27,https://www.tennisabstract.com/cgi-bin/tourney.cgi?t=2025-0352%2FParis-Masters,R64,Camilo Ugo Carabelli,Tomas Martin Etcheverry,49,58,7-5 6-3,,1.18,"{'ace_pct': 0.0118, 'first_in_pct': 0.028999999999999998, 'first_won_pct': 0.493, 'second_won_pct': 0.647}","{'first_in_pct': 0.079, 'first_won_pct': 0.5870000000000001, 'second_won_pct': 0.73}"
"2025 Paris Masters Tournament Results, Stats, and Analysis",HardDraw,56,C,2025-10-27,https://www.tennisabstract.com/cgi-bin/tourney.cgi?t=2025-0352%2FParis-Masters,R64,Flavio Cobolli,Tomas Machac,23,34,6-1 6-4,,,"{'ace_pct': 0.0333, 'first_in_pct': 0.023, 'first_won_pct': 0.75, 'second_won_pct': 0.9390000000000001}","{'first_in_pct': 0.068, 'first_won_pct': 0.545, 'second_won_pct': 0.583}"
"2025 Paris Masters Tournament Results, Stats, and Analysis",HardDraw,56,C,2025-10-27,https://www.tennisabstract.com/cgi-bin/tourney.cgi?t=2025-0352%2FParis-Masters,R64,Learner Tien,Nuno Borges,39,46,6-2 7-6(7),,1.42,"{'ace_pct': 0.014199999999999999, 'first_in_pct': 0.111, 'first_won_pct': 0.635, 'second_won_pct': 0.8}","{'first_in_pct': 0.028999999999999998, 'first_won_pct': 0.493, 'second_won_pct': 0.706}"
"2025 Paris Masters Tournament Results, Stats, and Analysis",HardDraw,56,C,2025-10-27,https://www.tennisabstract.com/cgi-bin/tourney.cgi?t=2025-0352%2FParis-Masters,R64,Andrey Rublev,Jacob Fearnley,17,78,6-1 6-4,,1.67,"{'ace_pct': 0.0167, 'first_in_pct': 0.063, 'first_won_pct': 0.583, 'second_won_pct': 0.7140000000000001}","{'first_in_pct': 0.013999999999999999, 'first_won_pct': 0.6809999999999999, 'second_won_pct': 0.596}"
"2025 Paris Masters Tournament Results, Stats, and Analysis",HardDraw,56,C,2025-10-27,https://www.tennisabstract.com/cgi-bin/tourney.cgi?t=2025-0352%2FParis-Masters,R64,Francisco Cerundolo,Damir Dzumhur,21,63,6-3 6-3,,1.33,"{'ace_pct': 0.013300000000000001, 'first_in_pct': 0.036000000000000004, 'first_won_pct': 0.527, 'second_won_pct': 0.621}","{'first_in_pct': 0.0, 'first_won_pct': 0.564, 'second_won_pct': 0.484}"
"2025 Paris Masters Tournament Results, Stats, and Analysis",HardDraw,56,C,2025-10-27,https://www.tennisabstract.com/cgi-bin/tourney.cgi?t=2025-0352%2FParis-Masters,R64,Miomir Kecmanovic,Aleksandar Kovacevic,53,64,6-4 1-6 7-6(2),,1.08,"{'ace_pct': 0.0108, 'first_in_pct': 0.115, 'first_won_pct': 0.573, 'second_won_pct': 0.691}","{'first_in_pct': 0.152, 'first_won_pct': 0.5329999999999999, 'second_won_pct': 0.768}"
"2025 Paris Masters Tournament Results, Stats, and Analysis",HardDraw,56,C,2025-10-27,https://www.tennisabstract.com/cgi-bin/tourney.cgi?t=2025-0352%2FParis-Masters,R64,Zizou Bergs,Alex Michelsen,41,35,6-3 2-6 6-2,,1.08,"{'ace_pct': 0.0108, 'first_in_pct': 0.051, 'first_won_pct': 0.6409999999999999, 'second_won_pct': 0.72}","{'first_in_pct': 0.0, 'first_won_pct': 0.605, 'second_won_pct': 0.5920000000000001}"
"2025 Marrakech Tournament Results, Stats, and Analysis",ClayDraw,28,C,2025-03-31,https://www.tennisabstract.com/cgi-bin/tourney.cgi?t=2025-0360%2FGeneva,F,Luciano Darderi,Tallon Griekspoor,57,37,7-6(3) 7-6(4),,0.98,"{'ace_pct': 0.0098, 'first_in_pct': 0.036000000000000004, 'first_won_pct': 0.614, 'second_won_pct': 0.725}","{'first_in_pct': 0.12300000000000001, 'first_won_pct': 0.63, 'second_won_pct': 0.765}"
"2025 Marrakech Tournament Results, Stats, and Analysis",ClayDraw,28,C,2025-03-31,https://www.tennisabstract.com/cgi-bin/tourney.cgi?t=2025-0360%2FGeneva,SF,Tallon Griekspoor,Kamil Majchrzak,37,122,7-5 7-6(3),,1.21,"{'ace_pct': 0.0121, 'first_in_pct': 0.133, 'first_won_pct': 0.6, 'second_won_pct': 0.8440000000000001}","{'first_in_pct': 0.07, 'first_won_pct': 0.5920000000000001, 'second_won_pct': 0.7859999999999999}"
"2025 Marrakech Tournament Results, Stats, and Analysis",ClayDraw,28,C,2025-03-31,https://www.tennisabstract.com/cgi-bin/tourney.cgi?t=2025-0360%2FGeneva,SF,Luciano Darderi,Roberto Carballes Baena,57,51,6-3 6-2,,1.67,"{'ace_pct': 0.0167, 'first_in_pct': 0.086, 'first_won_pct': 0.5, 'second_won_pct': 0.7929999999999999}","{'first_in_pct': 0.0, 'first_won_pct': 0.691, 'second_won_pct': 0.526}"
"2025 Marrakech Tournament Results, Stats, and Analysis",ClayDraw,28,C,2025-03-31,https://www.tennisabstract.com/cgi-bin/tourney.cgi?t=2025-0360%2FGeneva,QF,Tallon Griekspoor,Mattia Bellucci,37,71,6-3 6-4,,1.48,"{'ace_pct': 0.0148, 'first_in_pct': 0.081, 'first_won_pct': 0.565, 'second_won_pct': 0.7709999999999999}","{'first_in_pct': 0.102, 'first_won_pct': 0.5760000000000001, 'second_won_pct': 0.765}"
"2025 Marrakech Tournament Results, Stats, and Analysis",ClayDraw,28,C,2025-03-31,https://www.tennisabstract.com/cgi-bin/tourney.cgi?t=2025-0360%2FGeneva,QF,Kamil Majchrzak,Alexandre Muller,122,41,7-5 6-4,,1.37,"{'ace_pct': 0.0137, 'first_in_pct': 0.059000000000000004, 'first_won_pct': 0.706, 'second_won_pct': 0.7290000000000001}","{'first_in_pct': 0.071, 'first_won_pct': 0.69, 'second_won_pct': 0.621}"
"2025 Marrakech Tournament Results, Stats, and Analysis",ClayDraw,28,C,2025-03-31,https://www.tennisabstract.com/cgi-bin/tourney.cgi?t=2025-0360%2FGeneva,QF,Roberto Carballes Baena,Nuno Borges,51,43,6-4 6-4,,1.03,"{'ace_pct': 0.0103, 'first_in_pct': 0.011000000000000001, 'first_won_pct': 0.667, 'second_won_pct': 0.633}","{'first_in_pct': 0.054000000000000006, 'first_won_pct': 0.46399999999999997, 'second_won_pct': 0.769}"
"2025 Marrakech Tournament Results, Stats, and Analysis",ClayDraw,28,C,2025-03-31,https://www.tennisabstract.com/cgi-bin/tourney.cgi?t=2025-0360%2FGeneva,QF,Luciano Darderi,Vit Kopriva,57,106,7-5 6-2,,1.26,"{'ace_pct': 0.0126, 'first_in_pct': 0.066, 'first_won_pct': 0.5660000000000001, 'second_won_pct': 0.674}","{'first_in_pct': 0.038, 'first_won_pct': 0.613, 'second_won_pct': 0.5920000000000001}"
"2025 Marrakech Tournament Results, Stats, and Analysis",ClayDraw,28,C,2025-03-31,https://www.tennisabstract.com/cgi-bin/tourney.cgi?t=2025-0360%2FGeneva,R16,Tallon Griekspoor,Pablo Carreno Busta,37,110,7-6(1) 3-6 6-3,,1.02,"{'ace_pct': 0.0102, 'first_in_pct': 0.12, 'first_won_pct': 0.657, 'second_won_pct': 0.775}","{'first_in_pct': 0.085, 'first_won_pct': 0.606, 'second_won_pct': 0.754}"
"2025 Marrakech Tournament Results, Stats, and Analysis",ClayDraw,28,C,2025-03-31,https://www.tennisabstract.com/cgi-bin/tourney.cgi?t=2025-0360%2FGeneva,R16,Mattia Bellucci,Pierre Hugues Herbert,71,169,6-2 7-5,,1.71,"{'ace_pct': 0.0171, 'first_in_pct': 0.08, 'first_won_pct': 0.56, 'second_won_pct': 0.75}","{'first_in_pct': 0.032, 'first_won_pct': 0.619, 'second_won_pct': 0.667}"
"2025 Marrakech Tournament Results, Stats, and Analysis",ClayDraw,28,C,2025-03-31,https://www.tennisabstract.com/cgi-bin/tourney.cgi?t=2025-0360%2FGeneva,R16,Alexandre Muller,Hugo Dellien,41,102,6-7(5) 6-1 6-4,,1.39,"{'ace_pct': 0.0139, 'first_in_pct': 0.096, 'first_won_pct': 0.67, 'second_won_pct': 0.6829999999999999}","{'first_in_pct': 0.019, 'first_won_pct': 0.7140000000000001, 'second_won_pct': 0.613}"
"2025 Marrakech Tournament Results, Stats, and Analysis",ClayDraw,28,C,2025-03-31,https://www.tennisabstract.com/cgi-bin/tourney.cgi?t=2025-0360%2FGeneva,R16,Kamil Majchrzak,Jesper De Jong,122,98,7-6(3) 6-1,,1.94,"{'ace_pct': 0.0194, 'first_in_pct': 0.057, 'first_won_pct': 0.623, 'second_won_pct': 0.7879999999999999}","{'first_in_pct': 0.035, 'first_won_pct': 0.491, 'second_won_pct': 0.643}"
"2025 Marrakech Tournament Results, Stats, and Analysis",ClayDraw,28,C,2025-03-31,https://www.tennisabstract.com/cgi-bin/tourney.cgi?t=2025-0360%2FGeneva,R16,Roberto Carballes Baena,Otto Virtanen,51,135,6-4 6-4,,1.27,"{'ace_pct': 0.0127, 'first_in_pct': 0.017, 'first_won_pct': 0.7759999999999999, 'second_won_pct': 0.667}","{'first_in_pct': 0.08800000000000001, 'first_won_pct': 0.579, 'second_won_pct': 0.6970000000000001}"
"2025 Marrakech Tournament Results, Stats, and Analysis",ClayDraw,28,C,2025-03-31,https://www.tennisabstract.com/cgi-bin/tourney.cgi?t=2025-0360%2FGeneva,R16,Nuno Borges,Raphael Collignon,43,92,6-2 3-6 7-6(0),,1.28,"{'ace_pct': 0.0128, 'first_in_pct': 0.135, 'first_won_pct': 0.7190000000000001, 'second_won_pct': 0.813}","{'first_in_pct': 0.111, 'first_won_pct': 0.63, 'second_won_pct': 0.662}"
"2025 Marrakech Tournament Results, Stats, and Analysis",ClayDraw,28,C,2025-03-31,https://www.tennisabstract.com/cgi-bin/tourney.cgi?t=2025-0360%2FGeneva,R16,Luciano Darderi,Hugo Gaston,57,84,2-6 6-2 6-3,,1.08,"{'ace_pct': 0.0108, 'first_in_pct': 0.013999999999999999, 'first_won_pct': 0.597, 'second_won_pct': 0.698}","{'first_in_pct': 0.032, 'first_won_pct': 0.462, 'second_won_pct': 0.721}"
"2025 Marrakech Tournament Results, Stats, and Analysis",ClayDraw,28,C,2025-03-31,https://www.tennisabstract.com/cgi-bin/tourney.cgi?t=2025-0360%2FGeneva,R16,Vit Kopriva,Lorenzo Sonego,106,38,6-2 5-7 6-4,,1.07,"{'ace_pct': 0.010700000000000001, 'first_in_pct': 0.019, 'first_won_pct': 0.644, 'second_won_pct': 0.627}","{'first_in_pct': 0.034, 'first_won_pct': 0.625, 'second_won_pct': 0.618}"
"2025 Marrakech Tournament Results, Stats, and Analysis",ClayDraw,28,C,2025-03-31,https://www.tennisabstract.com/cgi-bin/tourney.cgi?t=2025-0360%2FGeneva,R32,Pablo Carreno Busta,Younes Lalami Laaroussi,110,1193,6-1 6-3,,2.44,"{'ace_pct': 0.024399999999999998, 'first_in_pct': 0.045, 'first_won_pct': 0.591, 'second_won_pct': 0.846}","{'first_in_pct': 0.017, 'first_won_pct': 0.603, 'second_won_pct': 0.657}"
"2025 Marrakech Tournament Results, Stats, and Analysis",ClayDraw,28,C,2025-03-31,https://www.tennisabstract.com/cgi-bin/tourney.cgi?t=2025-0360%2FGeneva,R32,Pierre Hugues Herbert,Federico Coria,169,126,4-6 6-3 6-2,,1.21,"{'ace_pct': 0.0121, 'first_in_pct': 0.08, 'first_won_pct': 0.586, 'second_won_pct': 0.765}","{'first_in_pct': 0.012, 'first_won_pct': 0.679, 'second_won_pct': 0.632}"
"2025 Marrakech Tournament Results, Stats, and Analysis",ClayDraw,28,C,2025-03-31,https://www.tennisabstract.com/cgi-bin/tourney.cgi?t=2025-0360%2FGeneva,R32,Mattia Bellucci,Pavel Kotov,71,107,6-4 6-4,,1.52,"{'ace_pct': 0.0152, 'first_in_pct': 0.161, 'first_won_pct': 0.5710000000000001, 'second_won_pct': 0.813}","{'first_in_pct': 0.047, 'first_won_pct': 0.7190000000000001, 'second_won_pct': 0.674}"
"2025 Marrakech Tournament Results, Stats, and Analysis",ClayDraw,28,C,2025-03-31,https://www.tennisabstract.com/cgi-bin/tourney.cgi?t=2025-0360%2FGeneva,R32,Hugo Dellien,Aleksandar Vukic,102,76,7-5 4-6 7-5,,1.16,"{'ace_pct': 0.0116, 'first_in_pct': 0.045, 'first_won_pct': 0.773, 'second_won_pct': 0.6709999999999999}","{'first_in_pct': 0.095, 'first_won_pct': 0.621, 'second_won_pct': 0.736}"
"2025 Marrakech Tournament Results, Stats, and Analysis",ClayDraw,28,C,2025-03-31,https://www.tennisabstract.com/cgi-bin/tourney.cgi?t=2025-0360%2FGeneva,R32,Jesper De Jong,Elliot Benchetrit,98,608,7-5 6-1,,,"{'ace_pct': 0.0414, 'first_in_pct': 0.067, 'first_won_pct': 0.556, 'second_won_pct': 0.92}","{'first_in_pct': 0.040999999999999995, 'first_won_pct': 0.568, 'second_won_pct': 0.667}"
"2025 Marrakech Tournament Results, Stats, and Analysis",ClayDraw,28,C,2025-03-31,https://www.tennisabstract.com/cgi-bin/tourney.cgi?t=2025-0360%2FGeneva,R32,Kamil Majchrzak,Jaume Munar,122,55,6-4 6-3,,1.63,"{'ace_pct': 0.0163, 'first_in_pct': 0.073, 'first_won_pct': 0.636, 'second_won_pct': 0.7709999999999999}","{'first_in_pct': 0.09300000000000001, 'first_won_pct': 0.426, 'second_won_pct': 0.87}"
"2025 Marrakech Tournament Results, Stats, and Analysis",ClayDraw,28,C,2025-03-31,https://www.tennisabstract.com/cgi-bin/tourney.cgi?t=2025-0360%2FGeneva,R32,Roberto Carballes Baena,Taha Baadi,51,703,7-6(3) 6-3,,1.12,"{'ace_pct': 0.011200000000000002, 'first_in_pct': 0.013000000000000001, 'first_won_pct': 0.608, 'second_won_pct': 0.7290000000000001}","{'first_in_pct': 0.012, 'first_won_pct': 0.659, 'second_won_pct': 0.611}"
"2025 Marrakech Tournament Results, Stats, and Analysis",ClayDraw,28,C,2025-03-31,https://www.tennisabstract.com/cgi-bin/tourney.cgi?t=2025-0360%2FGeneva,R32,Otto Virtanen,Daniel Altmaier,135,83,6-2 4-6 7-6(3),,1.22,"{'ace_pct': 0.012199999999999999, 'first_in_pct': 0.053, 'first_won_pct': 0.596, 'second_won_pct': 0.7140000000000001}","{'first_in_pct': 0.036000000000000004, 'first_won_pct': 0.598, 'second_won_pct': 0.672}"
"2025 Marrakech Tournament Results, Stats, and Analysis",ClayDraw,28,C,2025-03-31,https://www.tennisabstract.com/cgi-bin/tourney.cgi?t=2025-0360%2FGeneva,R32,Raphael Collignon,Fabio Fognini,92,99,6-3 6-3,,1.39,"{'ace_pct': 0.0139, 'first_in_pct': 0.036000000000000004, 'first_won_pct': 0.727, 'second_won_pct': 0.75}","{'first_in_pct': 0.018000000000000002, 'first_won_pct': 0.436, 'second_won_pct': 0.583}"
"2025 Marrakech Tournament Results, Stats, and Analysis",ClayDraw,28,C,2025-03-31,https://www.tennisabstract.com/cgi-bin/tourney.cgi?t=2025-0360%2FGeneva,R32,Luciano Darderi,Tristan Boyer,57,121,6-4 6-4,,1.13,"{'ace_pct': 0.0113, 'first_in_pct': 0.027000000000000003, 'first_won_pct': 0.562, 'second_won_pct': 0.732}","{'first_in_pct': 0.048, 'first_won_pct': 0.613, 'second_won_pct': 0.605}"
"2025 Marrakech Tournament Results, Stats, and Analysis",ClayDraw,28,C,2025-03-31,https://www.tennisabstract.com/cgi-bin/tourney.cgi?t=2025-0360%2FGeneva,R32,Hugo Gaston,Juan Manuel Cerundolo,84,128,5-7 6-3 6-4,,1.1,"{'ace_pct': 0.011000000000000001, 'first_in_pct': 0.053, 'first_won_pct': 0.516, 'second_won_pct': 0.6940000000000001}","{'first_in_pct': 0.055999999999999994, 'first_won_pct': 0.556, 'second_won_pct': 0.5670000000000001}"
"2025 Marrakech Tournament Results, Stats, and Analysis",ClayDraw,28,C,2025-03-31,https://www.tennisabstract.com/cgi-bin/tourney.cgi?t=2025-0360%2FGeneva,R32,Vit Kopriva,Borna Gojo,106,414,2-6 6-2 6-4,,1.05,"{'ace_pct': 0.0105, 'first_in_pct': 0.036000000000000004, 'first_won_pct': 0.631, 'second_won_pct': 0.642}","{'first_in_pct': 0.068, 'first_won_pct': 0.616, 'second_won_pct': 0.644}"
"2025 Miami Masters Tournament Results, Stats, and Analysis",HardDraw,96,C,2025-03-19,https://www.tennisabstract.com/cgi-bin/tourney.cgi?t=2025-0403%2FDubai,F,Jakub Mensik,Novak Djokovic,54,5,7-6(4) 7-6(4),,0.97,"{'ace_pct': 0.0097, 'first_in_pct': 0.179, 'first_won_pct': 0.667, 'second_won_pct': 0.769}","{'first_in_pct': 0.095, 'first_won_pct': 0.757, 'second_won_pct': 0.768}"
"2025 Miami Masters Tournament Results, Stats, and Analysis",HardDraw,96,C,2025-03-19,https://www.tennisabstract.com/cgi-bin/tourney.cgi?t=2025-0403%2FDubai,SF,Jakub Mensik,Taylor Fritz,54,4,7-6(4) 4-6 7-6(4),,1.19,"{'ace_pct': 0.011899999999999999, 'first_in_pct': 0.248, 'first_won_pct': 0.723, 'second_won_pct': 0.8220000000000001}","{'first_in_pct': 0.12300000000000001, 'first_won_pct': 0.693, 'second_won_pct': 0.797}"
"2025 Miami Masters Tournament Results, Stats, and Analysis",HardDraw,96,C,2025-03-19,https://www.tennisabstract.com/cgi-bin/tourney.cgi?t=2025-0403%2FDubai,SF,Novak Djokovic,Grigor Dimitrov,5,15,6-2 6-3,,1.83,"{'ace_pct': 0.0183, 'first_in_pct': 0.111, 'first_won_pct': 0.867, 'second_won_pct': 0.795}","{'first_in_pct': 0.07, 'first_won_pct': 0.535, 'second_won_pct': 0.696}"
"2025 Miami Masters Tournament Results, Stats, and Analysis",HardDraw,96,C,2025-03-19,https://www.tennisabstract.com/cgi-bin/tourney.cgi?t=2025-0403%2FDubai,QF,Jakub Mensik,Arthur Fils,54,18,7-6(5) 6-1,,1.59,"{'ace_pct': 0.0159, 'first_in_pct': 0.245, 'first_won_pct': 0.66, 'second_won_pct': 0.857}","{'first_in_pct': 0.013999999999999999, 'first_won_pct': 0.6809999999999999, 'second_won_pct': 0.7020000000000001}"
"2025 Miami Masters Tournament Results, Stats, and Analysis",HardDraw,96,C,2025-03-19,https://www.tennisabstract.com/cgi-bin/tourney.cgi?t=2025-0403%2FDubai,QF,Taylor Fritz,Matteo Berrettini,4,30,7-5 6-7(7) 7-5,,1.36,"{'ace_pct': 0.013600000000000001, 'first_in_pct': 0.157, 'first_won_pct': 0.765, 'second_won_pct': 0.795}","{'first_in_pct': 0.138, 'first_won_pct': 0.78, 'second_won_pct': 0.75}"
"2025 Miami Masters Tournament Results, Stats, and Analysis",HardDraw,96,C,2025-03-19,https://www.tennisabstract.com/cgi-bin/tourney.cgi?t=2025-0403%2FDubai,QF,Novak Djokovic,Sebastian Korda,5,25,6-3 7-6(4),,1.49,"{'ace_pct': 0.0149, 'first_in_pct': 0.18600000000000003, 'first_won_pct': 0.831, 'second_won_pct': 0.8370000000000001}","{'first_in_pct': 0.125, 'first_won_pct': 0.6609999999999999, 'second_won_pct': 0.703}"
"2025 Miami Masters Tournament Results, Stats, and Analysis",HardDraw,96,C,2025-03-19,https://www.tennisabstract.com/cgi-bin/tourney.cgi?t=2025-0403%2FDubai,QF,Grigor Dimitrov,Francisco Cerundolo,15,24,6-7(6) 6-4 7-6(3),,1.13,"{'ace_pct': 0.0113, 'first_in_pct': 0.065, 'first_won_pct': 0.611, 'second_won_pct': 0.8029999999999999}","{'first_in_pct': 0.061, 'first_won_pct': 0.635, 'second_won_pct': 0.6990000000000001}"
"2025 Miami Masters Tournament Results, Stats, and Analysis",HardDraw,96,C,2025-03-19,https://www.tennisabstract.com/cgi-bin/tourney.cgi?t=2025-0403%2FDubai,R16,Arthur Fils,Alexander Zverev,18,2,3-6 6-3 6-4,,1.09,"{'ace_pct': 0.0109, 'first_in_pct': 0.053, 'first_won_pct': 0.68, 'second_won_pct': 0.6859999999999999}","{'first_in_pct': 0.113, 'first_won_pct': 0.688, 'second_won_pct': 0.691}"
"2025 Miami Masters Tournament Results, Stats, and Analysis",HardDraw,96,C,2025-03-19,https://www.tennisabstract.com/cgi-bin/tourney.cgi?t=2025-0403%2FDubai,R16,Jakub Mensik,Tomas Machac,54,21,W/O,,,"{'ace_pct': None, 'first_in_pct': None, 'first_won_pct': None, 'second_won_pct': None}","{'first_in_pct': None, 'first_won_pct': None, 'second_won_pct': None}"
"2025 Miami Masters Tournament Results, Stats, and Analysis",HardDraw,96,C,2025-03-19,https://www.tennisabstract.com/cgi-bin/tourney.cgi?t=2025-0403%2FDubai,R16,Taylor Fritz,Adam Walton,4,89,6-3 7-5,,1.01,"{'ace_pct': 0.0101, 'first_in_pct': 0.07, 'first_won_pct': 0.772, 'second_won_pct': 0.545}","{'first_in_pct': 0.037000000000000005, 'first_won_pct': 0.759, 'second_won_pct': 0.61}"
"2025 Miami Masters Tournament Results, Stats, and Analysis",HardDraw,96,C,2025-03-19,https://www.tennisabstract.com/cgi-bin/tourney.cgi?t=2025-0403%2FDubai,R16,Matteo Berrettini,Alex De Minaur,30,11,6-3 7-6(7),,0.99,"{'ace_pct': 0.009899999999999999, 'first_in_pct': 0.08199999999999999, 'first_won_pct': 0.5760000000000001, 'second_won_pct': 0.735}","{'first_in_pct': 0.10800000000000001, 'first_won_pct': 0.631, 'second_won_pct': 0.61}"
"2025 Miami Masters Tournament Results, Stats, and Analysis",HardDraw,96,C,2025-03-19,https://www.tennisabstract.com/cgi-bin/tourney.cgi?t=2025-0403%2FDubai,R16,Sebastian Korda,Gael Monfils,25,46,6-4 2-6 6-4,,0.97,"{'ace_pct': 0.0097, 'first_in_pct': 0.07200000000000001, 'first_won_pct': 0.59, 'second_won_pct': 0.7959999999999999}","{'first_in_pct': 0.096, 'first_won_pct': 0.675, 'second_won_pct': 0.768}"
"2025 Miami Masters Tournament Results, Stats, and Analysis",HardDraw,96,C,2025-03-19,https://www.tennisabstract.com/cgi-bin/tourney.cgi?t=2025-0403%2FDubai,R16,Novak Djokovic,Lorenzo Musetti,5,16,6-2 6-2,,1.76,"{'ace_pct': 0.0176, 'first_in_pct': 0.022000000000000002, 'first_won_pct': 0.696, 'second_won_pct': 0.75}","{'first_in_pct': 0.018000000000000002, 'first_won_pct': 0.696, 'second_won_pct': 0.513}"
"2025 Miami Masters Tournament Results, Stats, and Analysis",HardDraw,96,C,2025-03-19,https://www.tennisabstract.com/cgi-bin/tourney.cgi?t=2025-0403%2FDubai,R16,Francisco Cerundolo,Casper Ruud,24,6,6-4 6-2,,1.66,"{'ace_pct': 0.0166, 'first_in_pct': 0.113, 'first_won_pct': 0.698, 'second_won_pct': 0.757}","{'first_in_pct': 0.061, 'first_won_pct': 0.7879999999999999, 'second_won_pct': 0.5379999999999999}"
"2025 Miami Masters Tournament Results, Stats, and Analysis",HardDraw,96,C,2025-03-19,https://www.tennisabstract.com/cgi-bin/tourney.cgi?t=2025-0403%2FDubai,R16,Grigor Dimitrov,Brandon Nakashima,15,32,6-4 7-5,,1.14,"{'ace_pct': 0.011399999999999999, 'first_in_pct': 0.21100000000000002, 'first_won_pct': 0.7020000000000001, 'second_won_pct': 0.825}","{'first_in_pct': 0.09300000000000001, 'first_won_pct': 0.667, 'second_won_pct': 0.917}"
"2025 Miami Masters Tournament Results, Stats, and Analysis",HardDraw,96,C,2025-03-19,https://www.tennisabstract.com/cgi-bin/tourney.cgi?t=2025-0403%2FDubai,R32,Alexander Zverev,Jordan Thompson,2,37,7-5 6-4,,1.55,"{'ace_pct': 0.0155, 'first_in_pct': 0.109, 'first_won_pct': 0.764, 'second_won_pct': 0.762}","{'first_in_pct': 0.183, 'first_won_pct': 0.7, 'second_won_pct': 0.69}"
"2025 Miami Masters Tournament Results, Stats, and Analysis",HardDraw,96,C,2025-03-19,https://www.tennisabstract.com/cgi-bin/tourney.cgi?t=2025-0403%2FDubai,R32,Arthur Fils,Frances Tiafoe,18,17,7-6(11) 5-7 6-2,,1.32,"{'ace_pct': 0.0132, 'first_in_pct': 0.21, 'first_won_pct': 0.68, 'second_won_pct': 0.721}","{'first_in_pct': 0.077, 'first_won_pct': 0.556, 'second_won_pct': 0.6579999999999999}"
"2025 Miami Masters Tournament Results, Stats, and Analysis",HardDraw,96,C,2025-03-19,https://www.tennisabstract.com/cgi-bin/tourney.cgi?t=2025-0403%2FDubai,R32,Tomas Machac,Reilly Opelka,21,114,7-6(1) 6-3,,1.87,"{'ace_pct': 0.0187, 'first_in_pct': 0.138, 'first_won_pct': 0.672, 'second_won_pct': 0.897}","{'first_in_pct': 0.322, 'first_won_pct': 0.746, 'second_won_pct': 0.773}"
"2025 Miami Masters Tournament Results, Stats, and Analysis",HardDraw,96,C,2025-03-19,https://www.tennisabstract.com/cgi-bin/tourney.cgi?t=2025-0403%2FDubai,R32,Jakub Mensik,Roman Safiullin,54,71,6-4 6-4,,1.1,"{'ace_pct': 0.011000000000000001, 'first_in_pct': 0.273, 'first_won_pct': 0.745, 'second_won_pct': 0.878}","{'first_in_pct': 0.1, 'first_won_pct': 0.72, 'second_won_pct': 0.8059999999999999}"
"2025 Miami Masters Tournament Results, Stats, and Analysis",HardDraw,96,C,2025-03-19,https://www.tennisabstract.com/cgi-bin/tourney.cgi?t=2025-0403%2FDubai,R32,Taylor Fritz,Denis Shapovalov,4,28,7-5 6-3,,1.59,"{'ace_pct': 0.0159, 'first_in_pct': 0.153, 'first_won_pct': 0.644, 'second_won_pct': 0.8420000000000001}","{'first_in_pct': 0.115, 'first_won_pct': 0.7120000000000001, 'second_won_pct': 0.622}"
"2025 Miami Masters Tournament Results, Stats, and Analysis",HardDraw,96,C,2025-03-19,https://www.tennisabstract.com/cgi-bin/tourney.cgi?t=2025-0403%2FDubai,R32,Adam Walton,Coleman Wong,89,182,7-6(6) 4-6 6-4,,0.96,"{'ace_pct': 0.0096, 'first_in_pct': 0.096, 'first_won_pct': 0.6729999999999999, 'second_won_pct': 0.7140000000000001}","{'first_in_pct': 0.152, 'first_won_pct': 0.6459999999999999, 'second_won_pct': 0.703}"
"2025 Miami Masters Tournament Results, Stats, and Analysis",HardDraw,96,C,2025-03-19,https://www.tennisabstract.com/cgi-bin/tourney.cgi?t=2025-0403%2FDubai,R32,Alex De Minaur,Joao Fonseca,11,60,5-7 7-5 6-3,,1.17,"{'ace_pct': 0.011699999999999999, 'first_in_pct': 0.01, 'first_won_pct': 0.545, 'second_won_pct': 0.7040000000000001}","{'first_in_pct': 0.043, 'first_won_pct': 0.6629999999999999, 'second_won_pct': 0.6890000000000001}"
"2025 Miami Masters Tournament Results, Stats, and Analysis",HardDraw,96,C,2025-03-19,https://www.tennisabstract.com/cgi-bin/tourney.cgi?t=2025-0403%2FDubai,R32,Matteo Berrettini,Zizou Bergs,30,51,6-4 6-4,,1.52,"{'ace_pct': 0.0152, 'first_in_pct': 0.054000000000000006, 'first_won_pct': 0.6609999999999999, 'second_won_pct': 0.757}","{'first_in_pct': 0.145, 'first_won_pct': 0.565, 'second_won_pct': 0.667}"
"2025 Miami Masters Tournament Results, Stats, and Analysis",HardDraw,96,C,2025-03-19,https://www.tennisabstract.com/cgi-bin/tourney.cgi?t=2025-0403%2FDubai,R32,Gael Monfils,Jaume Munar,46,56,7-5 5-7 7-6(1),,1.03,"{'ace_pct': 0.0103, 'first_in_pct': 0.064, 'first_won_pct': 0.664, 'second_won_pct': 0.7809999999999999}","{'first_in_pct': 0.077, 'first_won_pct': 0.654, 'second_won_pct': 0.721}"
"2025 Miami Masters Tournament Results, Stats, and Analysis",HardDraw,96,C,2025-03-19,https://www.tennisabstract.com/cgi-bin/tourney.cgi?t=2025-0403%2FDubai,R32,Sebastian Korda,Stefanos Tsitsipas,25,10,7-6(4) 6-3,,1.13,"{'ace_pct': 0.0113, 'first_in_pct': 0.10800000000000001, 'first_won_pct': 0.608, 'second_won_pct': 0.7559999999999999}","{'first_in_pct': 0.086, 'first_won_pct': 0.603, 'second_won_pct': 0.7140000000000001}"
"2025 Miami Masters Tournament Results, Stats, and Analysis",HardDraw,96,C,2025-03-19,https://www.tennisabstract.com/cgi-bin/tourney.cgi?t=2025-0403%2FDubai,R32,Lorenzo Musetti,Felix Auger Aliassime,16,19,4-6 6-2 6-3,,1.13,"{'ace_pct': 0.0113, 'first_in_pct': 0.011000000000000001, 'first_won_pct': 0.645, 'second_won_pct': 0.667}","{'first_in_pct': 0.122, 'first_won_pct': 0.778, 'second_won_pct': 0.657}"
"2025 Miami Masters Tournament Results, Stats, and Analysis",HardDraw,96,C,2025-03-19,https://www.tennisabstract.com/cgi-bin/tourney.cgi?t=2025-0403%2FDubai,R32,Novak Djokovic,Camilo Ugo Carabelli,5,65,6-1 7-6(1),,1.44,"{'ace_pct': 0.0144, 'first_in_pct': 0.156, 'first_won_pct': 0.7659999999999999, 'second_won_pct': 0.7959999999999999}","{'first_in_pct': 0.047, 'first_won_pct': 0.5, 'second_won_pct': 0.7190000000000001}"
"2025 Miami Masters Tournament Results, Stats, and Analysis",HardDraw,96,C,2025-03-19,https://www.tennisabstract.com/cgi-bin/tourney.cgi?t=2025-0403%2FDubai,R32,Casper Ruud,Alejandro Tabilo,6,31,6-4 7-6(4),,1.83,"{'ace_pct': 0.0183, 'first_in_pct': 0.177, 'first_won_pct': 0.629, 'second_won_pct': 0.872}","{'first_in_pct': 0.095, 'first_won_pct': 0.743, 'second_won_pct': 0.6729999999999999}"
"2025 Miami Masters Tournament Results, Stats, and Analysis",HardDraw,96,C,2025-03-19,https://www.tennisabstract.com/cgi-bin/tourney.cgi?t=2025-0403%2FDubai,R32,Francisco Cerundolo,Tommy Paul,24,13,6-2 7-6(4),,1.38,"{'ace_pct': 0.0138, 'first_in_pct': 0.017, 'first_won_pct': 0.746, 'second_won_pct': 0.636}","{'first_in_pct': 0.049, 'first_won_pct': 0.59, 'second_won_pct': 0.611}"
"2025 Miami Masters Tournament Results, Stats, and Analysis",HardDraw,96,C,2025-03-19,https://www.tennisabstract.com/cgi-bin/tourney.cgi?t=2025-0403%2FDubai,R32,Grigor Dimitrov,Karen Khachanov,15,23,6-7(3) 6-4 7-5,,1.52,"{'ace_pct': 0.0152, 'first_in_pct': 0.13699999999999998, 'first_won_pct': 0.705, 'second_won_pct': 0.8059999999999999}","{'first_in_pct': 0.1, 'first_won_pct': 0.636, 'second_won_pct': 0.757}"
"2025 Miami Masters Tournament Results, Stats, and Analysis",HardDraw,96,C,2025-03-19,https://www.tennisabstract.com/cgi-bin/tourney.cgi?t=2025-0403%2FDubai,R32,Brandon Nakashima,David Goffin,32,55,6-3 6-7(5) 6-3,,1.41,"{'ace_pct': 0.0141, 'first_in_pct': 0.138, 'first_won_pct': 0.67, 'second_won_pct': 0.841}","{'first_in_pct': 0.07, 'first_won_pct': 0.56, 'second_won_pct': 0.768}"
"2025 Miami Masters Tournament Results, Stats, and Analysis",HardDraw,96,C,2025-03-19,https://www.tennisabstract.com/cgi-bin/tourney.cgi?t=2025-0403%2FDubai,R64,Alexander Zverev,Jacob Fearnley,2,83,6-2 6-4,,1.96,"{'ace_pct': 0.0196, 'first_in_pct': 0.163, 'first_won_pct': 0.898, 'second_won_pct': 0.818}","{'first_in_pct': 0.068, 'first_won_pct': 0.6779999999999999, 'second_won_pct': 0.575}"
"2025 Miami Masters Tournament Results, Stats, and Analysis",HardDraw,96,C,2025-03-19,https://www.tennisabstract.com/cgi-bin/tourney.cgi?t=2025-0403%2FDubai,R64,Jordan Thompson,Giovanni Mpetshi Perricard,37,29,7-6(4) 7-6(1),,1.81,"{'ace_pct': 0.0181, 'first_in_pct': 0.106, 'first_won_pct': 0.652, 'second_won_pct': 0.884}","{'first_in_pct': 0.183, 'first_won_pct': 0.72, 'second_won_pct': 0.7290000000000001}"
"2025 Miami Masters Tournament Results, Stats, and Analysis",HardDraw,96,C,2025-03-19,https://www.tennisabstract.com/cgi-bin/tourney.cgi?t=2025-0403%2FDubai,R64,Arthur Fils,Gabriel Diallo,18,87,6-4 2-3 RET,,1.33,"{'ace_pct': 0.013300000000000001, 'first_in_pct': 0.025, 'first_won_pct': 0.7, 'second_won_pct': 0.857}","{'first_in_pct': 0.10400000000000001, 'first_won_pct': 0.667, 'second_won_pct': 0.8440000000000001}"
"2025 Miami Masters Tournament Results, Stats, and Analysis",HardDraw,96,C,2025-03-19,https://www.tennisabstract.com/cgi-bin/tourney.cgi?t=2025-0403%2FDubai,R64,Frances Tiafoe,Alejandro Davidovich Fokina,17,39,7-5 7-6(5),,1.35,"{'ace_pct': 0.013500000000000002, 'first_in_pct': 0.135, 'first_won_pct': 0.581, 'second_won_pct': 0.86}","{'first_in_pct': 0.032, 'first_won_pct': 0.705, 'second_won_pct': 0.672}"
"2025 Miami Masters Tournament Results, Stats, and Analysis",HardDraw,96,C,2025-03-19,https://www.tennisabstract.com/cgi-bin/tourney.cgi?t=2025-0403%2FDubai,R64,Reilly Opelka,Holger Rune,114,12,4-6 6-3 7-6(5),,1.12,"{'ace_pct': 0.011200000000000002, 'first_in_pct': 0.226, 'first_won_pct': 0.677, 'second_won_pct': 0.762}","{'first_in_pct': 0.011000000000000001, 'first_won_pct': 0.634, 'second_won_pct': 0.763}"
"2025 Miami Masters Tournament Results, Stats, and Analysis",HardDraw,96,C,2025-03-19,https://www.tennisabstract.com/cgi-bin/tourney.cgi?t=2025-0403%2FDubai,R64,Tomas Machac,Matteo Arnaldi,21,35,6-2 1-6 6-3,,1.11,"{'ace_pct': 0.0111, 'first_in_pct': 0.065, 'first_won_pct': 0.688, 'second_won_pct': 0.679}","{'first_in_pct': 0.081, 'first_won_pct': 0.608, 'second_won_pct': 0.644}"
"2025 Miami Masters Tournament Results, Stats, and Analysis",HardDraw,96,C,2025-03-19,https://www.tennisabstract.com/cgi-bin/tourney.cgi?t=2025-0403%2FDubai,R64,Roman Safiullin,Alexei Popyrin,71,26,6-7(4) 6-3 7-5,,1.27,"{'ace_pct': 0.0127, 'first_in_pct': 0.075, 'first_won_pct': 0.645, 'second_won_pct': 0.85}","{'first_in_pct': 0.177, 'first_won_pct': 0.628, 'second_won_pct': 0.775}"
"2025 Miami Masters Tournament Results, Stats, and Analysis",HardDraw,96,C,2025-03-19,https://www.tennisabstract.com/cgi-bin/tourney.cgi?t=2025-0403%2FDubai,R64,Jakub Mensik,Jack Draper,54,7,7-6(2) 7-6(3),,1.35,"{'ace_pct': 0.013500000000000002, 'first_in_pct': 0.276, 'first_won_pct': 0.6579999999999999, 'second_won_pct': 0.86}","{'first_in_pct': 0.13, 'first_won_pct': 0.652, 'second_won_pct': 0.733}"
"2025 Miami Masters Tournament Results, Stats, and Analysis",HardDraw,96,C,2025-03-19,https://www.tennisabstract.com/cgi-bin/tourney.cgi?t=2025-0403%2FDubai,R64,Taylor Fritz,Lorenzo Sonego,4,38,7-6(2) 6-3,,1.73,"{'ace_pct': 0.0173, 'first_in_pct': 0.145, 'first_won_pct': 0.629, 'second_won_pct': 0.821}","{'first_in_pct': 0.115, 'first_won_pct': 0.759, 'second_won_pct': 0.6970000000000001}"
"2025 Miami Masters Tournament Results, Stats, and Analysis",HardDraw,96,C,2025-03-19,https://www.tennisabstract.com/cgi-bin/tourney.cgi?t=2025-0403%2FDubai,R64,Denis Shapovalov,Thiago Agustin Tirante,28,117,6-3 6-7(1) 7-6(3),,1.01,"{'ace_pct': 0.0101, 'first_in_pct': 0.055999999999999994, 'first_won_pct': 0.509, 'second_won_pct': 0.745}","{'first_in_pct': 0.079, 'first_won_pct': 0.6729999999999999, 'second_won_pct': 0.721}"
"2025 Miami Masters Tournament Results, Stats, and Analysis",HardDraw,96,C,2025-03-19,https://www.tennisabstract.com/cgi-bin/tourney.cgi?t=2025-0403%2FDubai,R64,Adam Walton,Luciano Darderi,89,61,6-4 6-4,,1.39,"{'ace_pct': 0.0139, 'first_in_pct': 0.22699999999999998, 'first_won_pct': 0.606, 'second_won_pct': 0.8}","{'first_in_pct': 0.106, 'first_won_pct': 0.621, 'second_won_pct': 0.659}"
"2025 Miami Masters Tournament Results, Stats, and Analysis",HardDraw,96,C,2025-03-19,https://www.tennisabstract.com/cgi-bin/tourney.cgi?t=2025-0403%2FDubai,R64,Coleman Wong,Ben Shelton,182,14,7-6(3) 2-6 7-6(5),,0.8,"{'ace_pct': 0.008, 'first_in_pct': 0.07400000000000001, 'first_won_pct': 0.657, 'second_won_pct': 0.718}","{'first_in_pct': 0.172, 'first_won_pct': 0.677, 'second_won_pct': 0.7909999999999999}"
"2025 Miami Masters Tournament Results, Stats, and Analysis",HardDraw,96,C,2025-03-19,https://www.tennisabstract.com/cgi-bin/tourney.cgi?t=2025-0403%2FDubai,R64,Alex De Minaur,Bu Yunchaokete,11,69,6-4 6-4,,2.22,"{'ace_pct': 0.0222, 'first_in_pct': 0.10400000000000001, 'first_won_pct': 0.667, 'second_won_pct': 0.875}","{'first_in_pct': 0.092, 'first_won_pct': 0.615, 'second_won_pct': 0.75}"
"2025 Miami Masters Tournament Results, Stats, and Analysis",HardDraw,96,C,2025-03-19,https://www.tennisabstract.com/cgi-bin/tourney.cgi?t=2025-0403%2FDubai,R64,Joao Fonseca,Ugo Humbert,60,20,6-4 6-3,,,"{'ace_pct': 0.039599999999999996, 'first_in_pct': 0.125, 'first_won_pct': 0.65, 'second_won_pct': 0.9620000000000001}","{'first_in_pct': 0.094, 'first_won_pct': 0.623, 'second_won_pct': 0.7879999999999999}"
"2025 Miami Masters Tournament Results, Stats, and Analysis",HardDraw,96,C,2025-03-19,https://www.tennisabstract.com/cgi-bin/tourney.cgi?t=2025-0403%2FDubai,R64,Matteo Berrettini,Hugo Gaston,30,88,4-6 6-3 6-3,,1.65,"{'ace_pct': 0.0165, 'first_in_pct': 0.141, 'first_won_pct': 0.746, 'second_won_pct': 0.8109999999999999}","{'first_in_pct': 0.052000000000000005, 'first_won_pct': 0.552, 'second_won_pct': 0.7170000000000001}"
"2025 Miami Masters Tournament Results, Stats, and Analysis",HardDraw,96,C,2025-03-19,https://www.tennisabstract.com/cgi-bin/tourney.cgi?t=2025-0403%2FDubai,R64,Zizou Bergs,Andrey Rublev,51,9,7-5 6-4,,0.71,"{'ace_pct': 0.0070999999999999995, 'first_in_pct': 0.081, 'first_won_pct': 0.608, 'second_won_pct': 0.7559999999999999}","{'first_in_pct': 0.11800000000000001, 'first_won_pct': 0.662, 'second_won_pct': 0.711}"
"2025 Miami Masters Tournament Results, Stats, and Analysis",HardDraw,96,C,2025-03-19,https://www.tennisabstract.com/cgi-bin/tourney.cgi?t=2025-0403%2FDubai,R64,Jaume Munar,Daniil Medvedev,56,8,6-2 6-3,,1.71,"{'ace_pct': 0.0171, 'first_in_pct': 0.0, 'first_won_pct': 0.585, 'second_won_pct': 0.774}","{'first_in_pct': 0.019, 'first_won_pct': 0.585, 'second_won_pct': 0.613}"
"2025 Miami Masters Tournament Results, Stats, and Analysis",HardDraw,96,C,2025-03-19,https://www.tennisabstract.com/cgi-bin/tourney.cgi?t=2025-0403%2FDubai,R64,Gael Monfils,Jiri Lehecka,46,27,6-1 3-6 7-6(8),,1.24,"{'ace_pct': 0.0124, 'first_in_pct': 0.157, 'first_won_pct': 0.6629999999999999, 'second_won_pct': 0.797}","{'first_in_pct': 0.08199999999999999, 'first_won_pct': 0.546, 'second_won_pct': 0.679}"
"2025 Miami Masters Tournament Results, Stats, and Analysis",HardDraw,96,C,2025-03-19,https://www.tennisabstract.com/cgi-bin/tourney.cgi?t=2025-0403%2FDubai,R64,Sebastian Korda,Eliot Spizzirri,25,134,6-4 6-2,,1.25,"{'ace_pct': 0.0125, 'first_in_pct': 0.08800000000000001, 'first_won_pct': 0.632, 'second_won_pct': 0.75}","{'first_in_pct': 0.053, 'first_won_pct': 0.772, 'second_won_pct': 0.614}"
"2025 Miami Masters Tournament Results, Stats, and Analysis",HardDraw,96,C,2025-03-19,https://www.tennisabstract.com/cgi-bin/tourney.cgi?t=2025-0403%2FDubai,R64,Stefanos Tsitsipas,Chun Hsin Tseng,10,115,4-6 7-5 6-3,,1.17,"{'ace_pct': 0.011699999999999999, 'first_in_pct': 0.105, 'first_won_pct': 0.6859999999999999, 'second_won_pct': 0.746}","{'first_in_pct': 0.085, 'first_won_pct': 0.61, 'second_won_pct': 0.7}"
"2025 Miami Masters Tournament Results, Stats, and Analysis",HardDraw,96,C,2025-03-19,https://www.tennisabstract.com/cgi-bin/tourney.cgi?t=2025-0403%2FDubai,R64,Lorenzo Musetti,Quentin Halys,16,57,3-6 7-6(4) 7-5,,0.95,"{'ace_pct': 0.0095, 'first_in_pct': 0.033, 'first_won_pct': 0.6579999999999999, 'second_won_pct': 0.6709999999999999}","{'first_in_pct': 0.162, 'first_won_pct': 0.581, 'second_won_pct': 0.82}"
"2025 Miami Masters Tournament Results, Stats, and Analysis",HardDraw,96,C,2025-03-19,https://www.tennisabstract.com/cgi-bin/tourney.cgi?t=2025-0403%2FDubai,R64,Felix Auger Aliassime,Tristan Schoolkate,19,129,6-4 6-4,,2.19,"{'ace_pct': 0.0219, 'first_in_pct': 0.12, 'first_won_pct': 0.74, 'second_won_pct': 0.865}","{'first_in_pct': 0.055999999999999994, 'first_won_pct': 0.7040000000000001, 'second_won_pct': 0.7}"
"2025 Miami Masters Tournament Results, Stats, and Analysis",HardDraw,96,C,2025-03-19,https://www.tennisabstract.com/cgi-bin/tourney.cgi?t=2025-0403%2FDubai,R64,Camilo Ugo Carabelli,Alex Michelsen,65,33,6-7(3) 7-5 6-3,,0.98,"{'ace_pct': 0.0098, 'first_in_pct': 0.027000000000000003, 'first_won_pct': 0.67, 'second_won_pct': 0.7070000000000001}","{'first_in_pct': 0.10400000000000001, 'first_won_pct': 0.76, 'second_won_pct': 0.6990000000000001}"
"2025 Miami Masters Tournament Results, Stats, and Analysis",HardDraw,96,C,2025-03-19,https://www.tennisabstract.com/cgi-bin/tourney.cgi?t=2025-0403%2FDubai,R64,Novak Djokovic,Rinky Hijikata,5,86,6-0 7-6(1),,2.63,"{'ace_pct': 0.0263, 'first_in_pct': 0.184, 'first_won_pct': 0.7959999999999999, 'second_won_pct': 0.846}","{'first_in_pct': 0.032, 'first_won_pct': 0.6829999999999999, 'second_won_pct': 0.674}"
"2025 Miami Masters Tournament Results, Stats, and Analysis",HardDraw,96,C,2025-03-19,https://www.tennisabstract.com/cgi-bin/tourney.cgi?t=2025-0403%2FDubai,R64,Casper Ruud,Miomir Kecmanovic,6,48,3-6 6-4 6-4,,0.93,"{'ace_pct': 0.009300000000000001, 'first_in_pct': 0.091, 'first_won_pct': 0.7170000000000001, 'second_won_pct': 0.7609999999999999}","{'first_in_pct': 0.049, 'first_won_pct': 0.605, 'second_won_pct': 0.735}"
"2025 Miami Masters Tournament Results, Stats, and Analysis",HardDraw,96,C,2025-03-19,https://www.tennisabstract.com/cgi-bin/tourney.cgi?t=2025-0403%2FDubai,R64,Alejandro Tabilo,Corentin Moutet,31,76,5-7 6-3 7-5,,1.07,"{'ace_pct': 0.010700000000000001, 'first_in_pct': 0.043, 'first_won_pct': 0.687, 'second_won_pct': 0.684}","{'first_in_pct': 0.084, 'first_won_pct': 0.72, 'second_won_pct': 0.545}"
"2025 Miami Masters Tournament Results, Stats, and Analysis",HardDraw,96,C,2025-03-19,https://www.tennisabstract.com/cgi-bin/tourney.cgi?t=2025-0403%2FDubai,R64,Francisco Cerundolo,Alexandre Muller,24,41,6-1 6-2,,2.06,"{'ace_pct': 0.0206, 'first_in_pct': 0.095, 'first_won_pct': 0.69, 'second_won_pct': 0.759}","{'first_in_pct': 0.0, 'first_won_pct': 0.7, 'second_won_pct': 0.5429999999999999}"
"2025 Miami Masters Tournament Results, Stats, and Analysis",HardDraw,96,C,2025-03-19,https://www.tennisabstract.com/cgi-bin/tourney.cgi?t=2025-0403%2FDubai,R64,Tommy Paul,Alexander Bublik,13,80,5-7 7-5 6-4,,1.26,"{'ace_pct': 0.0126, 'first_in_pct': 0.17, 'first_won_pct': 0.58, 'second_won_pct': 0.7929999999999999}","{'first_in_pct': 0.17, 'first_won_pct': 0.589, 'second_won_pct': 0.7879999999999999}"
"2025 Miami Masters Tournament Results, Stats, and Analysis",HardDraw,96,C,2025-03-19,https://www.tennisabstract.com/cgi-bin/tourney.cgi?t=2025-0403%2FDubai,R64,Grigor Dimitrov,Federico Cina,15,441,6-1 6-4,,1.81,"{'ace_pct': 0.0181, 'first_in_pct': 0.07400000000000001, 'first_won_pct': 0.593, 'second_won_pct': 0.813}","{'first_in_pct': 0.061, 'first_won_pct': 0.6729999999999999, 'second_won_pct': 0.606}"
"2025 Miami Masters Tournament Results, Stats, and Analysis",HardDraw,96,C,2025-03-19,https://www.tennisabstract.com/cgi-bin/tourney.cgi?t=2025-0403%2FDubai,R64,Karen Khachanov,Nick Kyrgios,23,892,7-6(3) 6-0,,2.18,"{'ace_pct': 0.0218, 'first_in_pct': 0.151, 'first_won_pct': 0.755, 'second_won_pct': 0.85}","{'first_in_pct': 0.125, 'first_won_pct': 0.625, 'second_won_pct': 0.625}"
"2025 Miami Masters Tournament Results, Stats, and Analysis",HardDraw,96,C,2025-03-19,https://www.tennisabstract.com/cgi-bin/tourney.cgi?t=2025-0403%2FDubai,R64,Brandon Nakashima,Roberto Carballes Baena,32,53,6-4 4-6 6-3,,1.11,"{'ace_pct': 0.0111, 'first_in_pct': 0.139, 'first_won_pct': 0.6829999999999999, 'second_won_pct': 0.754}","{'first_in_pct': 0.057999999999999996, 'first_won_pct': 0.5579999999999999, 'second_won_pct': 0.7290000000000001}"
"2025 Miami Masters Tournament Results, Stats, and Analysis",HardDraw,96,C,2025-03-19,https://www.tennisabstract.com/cgi-bin/tourney.cgi?t=2025-0403%2FDubai,R64,David Goffin,Carlos Alcaraz,55,3,5-7 6-4 6-3,,1.08,"{'ace_pct': 0.0108, 'first_in_pct': 0.034, 'first_won_pct': 0.652, 'second_won_pct': 0.69}","{'first_in_pct': 0.08, 'first_won_pct': 0.67, 'second_won_pct': 0.642}"
"2025 Miami Masters Tournament Results, Stats, and Analysis",HardDraw,96,C,2025-03-19,https://www.tennisabstract.com/cgi-bin/tourney.cgi?t=2025-0403%2FDubai,R128,Jacob Fearnley,Benjamin Bonzi,83,63,7-6(6) 2-6 6-4,,0.88,"{'ace_pct': 0.0088, 'first_in_pct': 0.13, 'first_won_pct': 0.65, 'second_won_pct': 0.723}","{'first_in_pct': 0.061, 'first_won_pct': 0.653, 'second_won_pct': 0.7659999999999999}"
"2025 Miami Masters Tournament Results, Stats, and Analysis",HardDraw,96,C,2025-03-19,https://www.tennisabstract.com/cgi-bin/tourney.cgi?t=2025-0403%2FDubai,R128,Jordan Thompson,Marcos Giron,37,45,3-6 6-4 7-5,,1.1,"{'ace_pct': 0.011000000000000001, 'first_in_pct': 0.126, 'first_won_pct': 0.611, 'second_won_pct': 0.7240000000000001}","{'first_in_pct': 0.094, 'first_won_pct': 0.613, 'second_won_pct': 0.738}"
"2025 Miami Masters Tournament Results, Stats, and Analysis",HardDraw,96,C,2025-03-19,https://www.tennisabstract.com/cgi-bin/tourney.cgi?t=2025-0403%2FDubai,R128,Gabriel Diallo,Tomas Martin Etcheverry,87,44,6-3 6-0,,1.65,"{'ace_pct': 0.0165, 'first_in_pct': 0.122, 'first_won_pct': 0.7140000000000001, 'second_won_pct': 0.7709999999999999}","{'first_in_pct': 0.0, 'first_won_pct': 0.47600000000000003, 'second_won_pct': 0.45}"
"2025 Miami Masters Tournament Results, Stats, and Analysis",HardDraw,96,C,2025-03-19,https://www.tennisabstract.com/cgi-bin/tourney.cgi?t=2025-0403%2FDubai,R128,Alejandro Davidovich Fokina,Jan Lennard Struff,39,49,7-6(3) 6-3,,1.29,"{'ace_pct': 0.0129, 'first_in_pct': 0.055999999999999994, 'first_won_pct': 0.69, 'second_won_pct': 0.755}","{'first_in_pct': 0.182, 'first_won_pct': 0.53, 'second_won_pct': 0.8290000000000001}"
"2025 Miami Masters Tournament Results, Stats, and Analysis",HardDraw,96,C,2025-03-19,https://www.tennisabstract.com/cgi-bin/tourney.cgi?t=2025-0403%2FDubai,R128,Reilly Opelka,Christopher Eubanks,114,104,6-3 7-6(4),,1.38,"{'ace_pct': 0.0138, 'first_in_pct': 0.22699999999999998, 'first_won_pct': 0.636, 'second_won_pct': 0.929}","{'first_in_pct': 0.092, 'first_won_pct': 0.6920000000000001, 'second_won_pct': 0.8220000000000001}"
"2025 Miami Masters Tournament Results, Stats, and Analysis",HardDraw,96,C,2025-03-19,https://www.tennisabstract.com/cgi-bin/tourney.cgi?t=2025-0403%2FDubai,R128,Matteo Arnaldi,Yibing Wu,35,421,7-6(3) 4-6 6-3,,1.32,"{'ace_pct': 0.0132, 'first_in_pct': 0.17600000000000002, 'first_won_pct': 0.5489999999999999, 'second_won_pct': 0.82}","{'first_in_pct': 0.044000000000000004, 'first_won_pct': 0.737, 'second_won_pct': 0.667}"
"2025 Miami Masters Tournament Results, Stats, and Analysis",HardDraw,96,C,2025-03-19,https://www.tennisabstract.com/cgi-bin/tourney.cgi?t=2025-0403%2FDubai,R128,Roman Safiullin,Jenson Brooksby,71,544,6-3 3-6 6-3,,0.93,"{'ace_pct': 0.009300000000000001, 'first_in_pct': 0.11800000000000001, 'first_won_pct': 0.716, 'second_won_pct': 0.7120000000000001}","{'first_in_pct': 0.077, 'first_won_pct': 0.679, 'second_won_pct': 0.679}"
"2025 Miami Masters Tournament Results, Stats, and Analysis",HardDraw,96,C,2025-03-19,https://www.tennisabstract.com/cgi-bin/tourney.cgi?t=2025-0403%2FDubai,R128,Jakub Mensik,Roberto Bautista Agut,54,50,6-4 3-6 6-1,,1.09,"{'ace_pct': 0.0109, 'first_in_pct': 0.267, 'first_won_pct': 0.6629999999999999, 'second_won_pct': 0.8420000000000001}","{'first_in_pct': 0.013999999999999999, 'first_won_pct': 0.746, 'second_won_pct': 0.7170000000000001}"
"2025 Miami Masters Tournament Results, Stats, and Analysis",HardDraw,96,C,2025-03-19,https://www.tennisabstract.com/cgi-bin/tourney.cgi?t=2025-0403%2FDubai,R128,Lorenzo Sonego,Mariano Navone,38,62,7-5 7-5,,1.37,"{'ace_pct': 0.0137, 'first_in_pct': 0.027999999999999997, 'first_won_pct': 0.535, 'second_won_pct': 0.868}","{'first_in_pct': 0.013000000000000001, 'first_won_pct': 0.48700000000000004, 'second_won_pct': 0.711}"
"2025 Miami Masters Tournament Results, Stats, and Analysis",HardDraw,96,C,2025-03-19,https://www.tennisabstract.com/cgi-bin/tourney.cgi?t=2025-0403%2FDubai,R128,Thiago Agustin Tirante,Flavio Cobolli,117,43,6-1 3-6 6-3,,1.33,"{'ace_pct': 0.013300000000000001, 'first_in_pct': 0.139, 'first_won_pct': 0.633, 'second_won_pct': 0.74}","{'first_in_pct': 0.066, 'first_won_pct': 0.526, 'second_won_pct': 0.7}"
"2025 Miami Masters Tournament Results, Stats, and Analysis",HardDraw,96,C,2025-03-19,https://www.tennisabstract.com/cgi-bin/tourney.cgi?t=2025-0403%2FDubai,R128,Luciano Darderi,Pedro Martinez,61,40,6-4 6-1,,2.4,"{'ace_pct': 0.024, 'first_in_pct': 0.14, 'first_won_pct': 0.721, 'second_won_pct': 0.968}","{'first_in_pct': 0.024, 'first_won_pct': 0.537, 'second_won_pct': 0.636}"
"2025 Miami Masters Tournament Results, Stats, and Analysis",HardDraw,96,C,2025-03-19,https://www.tennisabstract.com/cgi-bin/tourney.cgi?t=2025-0403%2FDubai,R128,Coleman Wong,Daniel Altmaier,182,82,6-4 6-3,,1.73,"{'ace_pct': 0.0173, 'first_in_pct': 0.096, 'first_won_pct': 0.6729999999999999, 'second_won_pct': 0.914}","{'first_in_pct': 0.125, 'first_won_pct': 0.75, 'second_won_pct': 0.75}"
"2025 Miami Masters Tournament Results, Stats, and Analysis",HardDraw,96,C,2025-03-19,https://www.tennisabstract.com/cgi-bin/tourney.cgi?t=2025-0403%2FDubai,R128,Bu Yunchaokete,Cameron Norrie,69,81,6-4 6-2,,1.54,"{'ace_pct': 0.0154, 'first_in_pct': 0.151, 'first_won_pct': 0.585, 'second_won_pct': 0.8059999999999999}","{'first_in_pct': 0.065, 'first_won_pct': 0.629, 'second_won_pct': 0.667}"
"2025 Miami Masters Tournament Results, Stats, and Analysis",HardDraw,96,C,2025-03-19,https://www.tennisabstract.com/cgi-bin/tourney.cgi?t=2025-0403%2FDubai,R128,Joao Fonseca,Learner Tien,60,66,6-7(1) 6-3 6-4,,1.15,"{'ace_pct': 0.0115, 'first_in_pct': 0.10099999999999999, 'first_won_pct': 0.636, 'second_won_pct': 0.7140000000000001}","{'first_in_pct': 0.09300000000000001, 'first_won_pct': 0.62, 'second_won_pct': 0.701}"
"2025 Miami Masters Tournament Results, Stats, and Analysis",HardDraw,96,C,2025-03-19,https://www.tennisabstract.com/cgi-bin/tourney.cgi?t=2025-0403%2FDubai,R128,Hugo Gaston,Yoshihito Nishioka,88,68,6-4 3-1 RET,,1.26,"{'ace_pct': 0.0126, 'first_in_pct': 0.044000000000000004, 'first_won_pct': 0.489, 'second_won_pct': 0.636}","{'first_in_pct': 0.021, 'first_won_pct': 0.574, 'second_won_pct': 0.667}"
"2025 Miami Masters Tournament Results, Stats, and Analysis",HardDraw,96,C,2025-03-19,https://www.tennisabstract.com/cgi-bin/tourney.cgi?t=2025-0403%2FDubai,R128,Zizou Bergs,Nuno Borges,51,42,7-6(2) 7-5,,1.1,"{'ace_pct': 0.011000000000000001, 'first_in_pct': 0.092, 'first_won_pct': 0.5820000000000001, 'second_won_pct': 0.7190000000000001}","{'first_in_pct': 0.061, 'first_won_pct': 0.6459999999999999, 'second_won_pct': 0.623}"
"2025 Miami Masters Tournament Results, Stats, and Analysis",HardDraw,96,C,2025-03-19,https://www.tennisabstract.com/cgi-bin/tourney.cgi?t=2025-0403%2FDubai,R128,Jaume Munar,Arthur Rinderknech,56,74,6-3 7-6(5),,1.15,"{'ace_pct': 0.0115, 'first_in_pct': 0.042, 'first_won_pct': 0.606, 'second_won_pct': 0.7909999999999999}","{'first_in_pct': 0.17300000000000001, 'first_won_pct': 0.68, 'second_won_pct': 0.706}"
"2025 Miami Masters Tournament Results, Stats, and Analysis",HardDraw,96,C,2025-03-19,https://www.tennisabstract.com/cgi-bin/tourney.cgi?t=2025-0403%2FDubai,R128,Gael Monfils,Fabian Marozsan,46,59,6-3 3-6 6-4,,1.24,"{'ace_pct': 0.0124, 'first_in_pct': 0.18100000000000002, 'first_won_pct': 0.6509999999999999, 'second_won_pct': 0.778}","{'first_in_pct': 0.054000000000000006, 'first_won_pct': 0.763, 'second_won_pct': 0.634}"
"2025 Miami Masters Tournament Results, Stats, and Analysis",HardDraw,96,C,2025-03-19,https://www.tennisabstract.com/cgi-bin/tourney.cgi?t=2025-0403%2FDubai,R128,Eliot Spizzirri,Billy Harris,134,107,7-6(2) 3-6 6-2,,1.19,"{'ace_pct': 0.011899999999999999, 'first_in_pct': 0.032, 'first_won_pct': 0.691, 'second_won_pct': 0.769}","{'first_in_pct': 0.10099999999999999, 'first_won_pct': 0.667, 'second_won_pct': 0.758}"
"2025 Miami Masters Tournament Results, Stats, and Analysis",HardDraw,96,C,2025-03-19,https://www.tennisabstract.com/cgi-bin/tourney.cgi?t=2025-0403%2FDubai,R128,Chun Hsin Tseng,Mattia Bellucci,115,72,7-6(5) 6-2,,1.98,"{'ace_pct': 0.019799999999999998, 'first_in_pct': 0.036000000000000004, 'first_won_pct': 0.5, 'second_won_pct': 0.821}","{'first_in_pct': 0.09, 'first_won_pct': 0.522, 'second_won_pct': 0.8}"
"2025 Miami Masters Tournament Results, Stats, and Analysis",HardDraw,96,C,2025-03-19,https://www.tennisabstract.com/cgi-bin/tourney.cgi?t=2025-0403%2FDubai,R128,Quentin Halys,Thiago Seyboth Wild,57,96,6-3 6-4,,1.28,"{'ace_pct': 0.0128, 'first_in_pct': 0.21, 'first_won_pct': 0.565, 'second_won_pct': 0.8290000000000001}","{'first_in_pct': 0.14800000000000002, 'first_won_pct': 0.722, 'second_won_pct': 0.718}"
"2025 Miami Masters Tournament Results, Stats, and Analysis",HardDraw,96,C,2025-03-19,https://www.tennisabstract.com/cgi-bin/tourney.cgi?t=2025-0403%2FDubai,R128,Tristan Schoolkate,Ethan Quinn,129,135,6-0 6-2,,2.0,"{'ace_pct': 0.02, 'first_in_pct': 0.262, 'first_won_pct': 0.667, 'second_won_pct': 0.857}","{'first_in_pct': 0.11900000000000001, 'first_won_pct': 0.595, 'second_won_pct': 0.52}"
"2025 Miami Masters Tournament Results, Stats, and Analysis",HardDraw,96,C,2025-03-19,https://www.tennisabstract.com/cgi-bin/tourney.cgi?t=2025-0403%2FDubai,R128,Camilo Ugo Carabelli,Brandon Holt,65,116,2-6 7-6(5) 6-4,,0.95,"{'ace_pct': 0.0095, 'first_in_pct': 0.08, 'first_won_pct': 0.65, 'second_won_pct': 0.662}","{'first_in_pct': 0.08199999999999999, 'first_won_pct': 0.735, 'second_won_pct': 0.569}"
"2025 Miami Masters Tournament Results, Stats, and Analysis",HardDraw,96,C,2025-03-19,https://www.tennisabstract.com/cgi-bin/tourney.cgi?t=2025-0403%2FDubai,R128,Rinky Hijikata,Hamad Medjedovic,86,73,7-5 3-6 7-5,,1.05,"{'ace_pct': 0.0105, 'first_in_pct': 0.042, 'first_won_pct': 0.705, 'second_won_pct': 0.657}","{'first_in_pct': 0.131, 'first_won_pct': 0.654, 'second_won_pct': 0.629}"
"2025 Miami Masters Tournament Results, Stats, and Analysis",HardDraw,96,C,2025-03-19,https://www.tennisabstract.com/cgi-bin/tourney.cgi?t=2025-0403%2FDubai,R128,Miomir Kecmanovic,Aleksandar Kovacevic,48,79,6-4 6-4,,0.96,"{'ace_pct': 0.0096, 'first_in_pct': 0.086, 'first_won_pct': 0.593, 'second_won_pct': 0.813}","{'first_in_pct': 0.175, 'first_won_pct': 0.596, 'second_won_pct': 0.794}"
"2025 Miami Masters Tournament Results, Stats, and Analysis",HardDraw,96,C,2025-03-19,https://www.tennisabstract.com/cgi-bin/tourney.cgi?t=2025-0403%2FDubai,R128,Corentin Moutet,Alexander Blockx,76,163,7-6(5) 6-4,,1.05,"{'ace_pct': 0.0105, 'first_in_pct': 0.0, 'first_won_pct': 0.598, 'second_won_pct': 0.7120000000000001}","{'first_in_pct': 0.055999999999999994, 'first_won_pct': 0.722, 'second_won_pct': 0.6920000000000001}"
"2025 Miami Masters Tournament Results, Stats, and Analysis",HardDraw,96,C,2025-03-19,https://www.tennisabstract.com/cgi-bin/tourney.cgi?t=2025-0403%2FDubai,R128,Alexandre Muller,Rei Sakamoto,41,330,6-4 6-4,,1.73,"{'ace_pct': 0.0173, 'first_in_pct': 0.036000000000000004, 'first_won_pct': 0.782, 'second_won_pct': 0.8370000000000001}","{'first_in_pct': 0.065, 'first_won_pct': 0.7659999999999999, 'second_won_pct': 0.6609999999999999}"
"2025 Miami Masters Tournament Results, Stats, and Analysis",HardDraw,96,C,2025-03-19,https://www.tennisabstract.com/cgi-bin/tourney.cgi?t=2025-0403%2FDubai,R128,Alexander Bublik,Sebastian Baez,80,36,6-3 6-4,,1.51,"{'ace_pct': 0.0151, 'first_in_pct': 0.16699999999999998, 'first_won_pct': 0.63, 'second_won_pct': 0.882}","{'first_in_pct': 0.0, 'first_won_pct': 0.784, 'second_won_pct': 0.625}"
"2025 Miami Masters Tournament Results, Stats, and Analysis",HardDraw,96,C,2025-03-19,https://www.tennisabstract.com/cgi-bin/tourney.cgi?t=2025-0403%2FDubai,R128,Federico Cina,Francisco Comesana,441,67,7-6(4) 7-6(2),,1.03,"{'ace_pct': 0.0103, 'first_in_pct': 0.036000000000000004, 'first_won_pct': 0.762, 'second_won_pct': 0.7190000000000001}","{'first_in_pct': 0.19, 'first_won_pct': 0.6709999999999999, 'second_won_pct': 0.679}"
"2025 Miami Masters Tournament Results, Stats, and Analysis",HardDraw,96,C,2025-03-19,https://www.tennisabstract.com/cgi-bin/tourney.cgi?t=2025-0403%2FDubai,R128,Nick Kyrgios,Mackenzie Mcdonald,892,101,3-6 6-3 6-4,,1.24,"{'ace_pct': 0.0124, 'first_in_pct': 0.17300000000000001, 'first_won_pct': 0.773, 'second_won_pct': 0.7759999999999999}","{'first_in_pct': 0.083, 'first_won_pct': 0.7140000000000001, 'second_won_pct': 0.65}"
"2025 Miami Masters Tournament Results, Stats, and Analysis",HardDraw,96,C,2025-03-19,https://www.tennisabstract.com/cgi-bin/tourney.cgi?t=2025-0403%2FDubai,R128,Roberto Carballes Baena,Christopher Oconnell,53,78,6-3 3-6 7-6(5),,1.1,"{'ace_pct': 0.011000000000000001, 'first_in_pct': 0.075, 'first_won_pct': 0.602, 'second_won_pct': 0.75}","{'first_in_pct': 0.106, 'first_won_pct': 0.655, 'second_won_pct': 0.622}"
"2025 Miami Masters Tournament Results, Stats, and Analysis",HardDraw,96,C,2025-03-19,https://www.tennisabstract.com/cgi-bin/tourney.cgi?t=2025-0403%2FDubai,R128,David Goffin,Aleksandar Vukic,55,77,2-6 6-4 6-2,,1.17,"{'ace_pct': 0.011699999999999999, 'first_in_pct': 0.158, 'first_won_pct': 0.5660000000000001, 'second_won_pct': 0.7909999999999999}","{'first_in_pct': 0.052000000000000005, 'first_won_pct': 0.584, 'second_won_pct': 0.7559999999999999}"
"2025 Indian Wells Masters Tournament Results, Stats, and Analysis",HardDraw,96,C,2025-03-05,https://www.tennisabstract.com/cgi-bin/tourney.cgi?t=2025-0404%2FAcapulco,F,Jack Draper,Holger Rune,14,13,6-2 6-2,,1.84,"{'ace_pct': 0.0184, 'first_in_pct': 0.217, 'first_won_pct': 0.565, 'second_won_pct': 0.9229999999999999}","{'first_in_pct': 0.019, 'first_won_pct': 0.654, 'second_won_pct': 0.588}"
"2025 Indian Wells Masters Tournament Results, Stats, and Analysis",HardDraw,96,C,2025-03-05,https://www.tennisabstract.com/cgi-bin/tourney.cgi?t=2025-0404%2FAcapulco,SF,Holger Rune,Daniil Medvedev,13,6,7-5 6-4,,1.27,"{'ace_pct': 0.0127, 'first_in_pct': 0.013999999999999999, 'first_won_pct': 0.6709999999999999, 'second_won_pct': 0.723}","{'first_in_pct': 0.033, 'first_won_pct': 0.5, 'second_won_pct': 0.667}"
"2025 Indian Wells Masters Tournament Results, Stats, and Analysis",HardDraw,96,C,2025-03-05,https://www.tennisabstract.com/cgi-bin/tourney.cgi?t=2025-0404%2FAcapulco,SF,Jack Draper,Carlos Alcaraz,14,3,6-1 0-6 6-4,,1.09,"{'ace_pct': 0.0109, 'first_in_pct': 0.057999999999999996, 'first_won_pct': 0.6809999999999999, 'second_won_pct': 0.638}","{'first_in_pct': 0.043, 'first_won_pct': 0.557, 'second_won_pct': 0.6409999999999999}"
"2025 Indian Wells Masters Tournament Results, Stats, and Analysis",HardDraw,96,C,2025-03-05,https://www.tennisabstract.com/cgi-bin/tourney.cgi?t=2025-0404%2FAcapulco,QF,Holger Rune,Tallon Griekspoor,13,43,5-7 6-0 6-3,,1.53,"{'ace_pct': 0.015300000000000001, 'first_in_pct': 0.081, 'first_won_pct': 0.6890000000000001, 'second_won_pct': 0.765}","{'first_in_pct': 0.032, 'first_won_pct': 0.632, 'second_won_pct': 0.633}"
"2025 Indian Wells Masters Tournament Results, Stats, and Analysis",HardDraw,96,C,2025-03-05,https://www.tennisabstract.com/cgi-bin/tourney.cgi?t=2025-0404%2FAcapulco,QF,Daniil Medvedev,Arthur Fils,6,21,6-4 2-6 7-6(7),,1.15,"{'ace_pct': 0.0115, 'first_in_pct': 0.057, 'first_won_pct': 0.614, 'second_won_pct': 0.63}","{'first_in_pct': 0.019, 'first_won_pct': 0.575, 'second_won_pct': 0.738}"
"2025 Indian Wells Masters Tournament Results, Stats, and Analysis",HardDraw,96,C,2025-03-05,https://www.tennisabstract.com/cgi-bin/tourney.cgi?t=2025-0404%2FAcapulco,QF,Jack Draper,Ben Shelton,14,12,6-4 7-5,,1.34,"{'ace_pct': 0.0134, 'first_in_pct': 0.044000000000000004, 'first_won_pct': 0.721, 'second_won_pct': 0.6729999999999999}","{'first_in_pct': 0.04, 'first_won_pct': 0.56, 'second_won_pct': 0.667}"
"2025 Indian Wells Masters Tournament Results, Stats, and Analysis",HardDraw,96,C,2025-03-05,https://www.tennisabstract.com/cgi-bin/tourney.cgi?t=2025-0404%2FAcapulco,QF,Carlos Alcaraz,Francisco Cerundolo,3,26,6-3 7-6(4),,1.36,"{'ace_pct': 0.013600000000000001, 'first_in_pct': 0.068, 'first_won_pct': 0.6579999999999999, 'second_won_pct': 0.75}","{'first_in_pct': 0.013999999999999999, 'first_won_pct': 0.7809999999999999, 'second_won_pct': 0.667}"
"2025 Indian Wells Masters Tournament Results, Stats, and Analysis",HardDraw,96,C,2025-03-05,https://www.tennisabstract.com/cgi-bin/tourney.cgi?t=2025-0404%2FAcapulco,R16,Tallon Griekspoor,Yosuke Watanuki,43,349,7-6(4) 6-1,,1.78,"{'ace_pct': 0.0178, 'first_in_pct': 0.049, 'first_won_pct': 0.6890000000000001, 'second_won_pct': 0.81}","{'first_in_pct': 0.09300000000000001, 'first_won_pct': 0.426, 'second_won_pct': 0.826}"
"2025 Indian Wells Masters Tournament Results, Stats, and Analysis",HardDraw,96,C,2025-03-05,https://www.tennisabstract.com/cgi-bin/tourney.cgi?t=2025-0404%2FAcapulco,R16,Holger Rune,Stefanos Tsitsipas,13,9,6-4 6-4,,1.45,"{'ace_pct': 0.014499999999999999, 'first_in_pct': 0.052000000000000005, 'first_won_pct': 0.7070000000000001, 'second_won_pct': 0.732}","{'first_in_pct': 0.033, 'first_won_pct': 0.607, 'second_won_pct': 0.595}"
"2025 Indian Wells Masters Tournament Results, Stats, and Analysis",HardDraw,96,C,2025-03-05,https://www.tennisabstract.com/cgi-bin/tourney.cgi?t=2025-0404%2FAcapulco,R16,Arthur Fils,Marcos Giron,21,48,6-2 2-6 6-3,,1.22,"{'ace_pct': 0.012199999999999999, 'first_in_pct': 0.049, 'first_won_pct': 0.63, 'second_won_pct': 0.627}","{'first_in_pct': 0.034, 'first_won_pct': 0.568, 'second_won_pct': 0.7}"
"2025 Indian Wells Masters Tournament Results, Stats, and Analysis",HardDraw,96,C,2025-03-05,https://www.tennisabstract.com/cgi-bin/tourney.cgi?t=2025-0404%2FAcapulco,R16,Daniil Medvedev,Tommy Paul,6,11,6-4 6-0,,1.44,"{'ace_pct': 0.0144, 'first_in_pct': 0.157, 'first_won_pct': 0.608, 'second_won_pct': 0.71}","{'first_in_pct': 0.073, 'first_won_pct': 0.6729999999999999, 'second_won_pct': 0.514}"
"2025 Indian Wells Masters Tournament Results, Stats, and Analysis",HardDraw,96,C,2025-03-05,https://www.tennisabstract.com/cgi-bin/tourney.cgi?t=2025-0404%2FAcapulco,R16,Ben Shelton,Brandon Nakashima,12,33,7-6(6) 6-1,,1.48,"{'ace_pct': 0.0148, 'first_in_pct': 0.098, 'first_won_pct': 0.6559999999999999, 'second_won_pct': 0.725}","{'first_in_pct': 0.0, 'first_won_pct': 0.484, 'second_won_pct': 0.6}"
"2025 Indian Wells Masters Tournament Results, Stats, and Analysis",HardDraw,96,C,2025-03-05,https://www.tennisabstract.com/cgi-bin/tourney.cgi?t=2025-0404%2FAcapulco,R16,Jack Draper,Taylor Fritz,14,4,7-5 6-4,,1.27,"{'ace_pct': 0.0127, 'first_in_pct': 0.14, 'first_won_pct': 0.614, 'second_won_pct': 0.914}","{'first_in_pct': 0.105, 'first_won_pct': 0.7020000000000001, 'second_won_pct': 0.75}"
"2025 Indian Wells Masters Tournament Results, Stats, and Analysis",HardDraw,96,C,2025-03-05,https://www.tennisabstract.com/cgi-bin/tourney.cgi?t=2025-0404%2FAcapulco,R16,Francisco Cerundolo,Alex De Minaur,26,10,7-5 6-3,,1.27,"{'ace_pct': 0.0127, 'first_in_pct': 0.026000000000000002, 'first_won_pct': 0.5770000000000001, 'second_won_pct': 0.6}","{'first_in_pct': 0.03, 'first_won_pct': 0.507, 'second_won_pct': 0.647}"
"2025 Indian Wells Masters Tournament Results, Stats, and Analysis",HardDraw,96,C,2025-03-05,https://www.tennisabstract.com/cgi-bin/tourney.cgi?t=2025-0404%2FAcapulco,R16,Carlos Alcaraz,Grigor Dimitrov,3,15,6-1 6-1,,2.22,"{'ace_pct': 0.0222, 'first_in_pct': 0.15, 'first_won_pct': 0.75, 'second_won_pct': 0.767}","{'first_in_pct': 0.016, 'first_won_pct': 0.54, 'second_won_pct': 0.5}"
"2025 Indian Wells Masters Tournament Results, Stats, and Analysis",HardDraw,96,C,2025-03-05,https://www.tennisabstract.com/cgi-bin/tourney.cgi?t=2025-0404%2FAcapulco,R32,Tallon Griekspoor,Giovanni Mpetshi Perricard,43,30,7-6(3) 6-3,,1.34,"{'ace_pct': 0.0134, 'first_in_pct': 0.16699999999999998, 'first_won_pct': 0.5329999999999999, 'second_won_pct': 0.813}","{'first_in_pct': 0.091, 'first_won_pct': 0.509, 'second_won_pct': 0.7859999999999999}"
"2025 Indian Wells Masters Tournament Results, Stats, and Analysis",HardDraw,96,C,2025-03-05,https://www.tennisabstract.com/cgi-bin/tourney.cgi?t=2025-0404%2FAcapulco,R32,Yosuke Watanuki,Frances Tiafoe,349,17,6-4 7-6(6),,1.48,"{'ace_pct': 0.0148, 'first_in_pct': 0.225, 'first_won_pct': 0.521, 'second_won_pct': 0.757}","{'first_in_pct': 0.046, 'first_won_pct': 0.575, 'second_won_pct': 0.64}"
"2025 Indian Wells Masters Tournament Results, Stats, and Analysis",HardDraw,96,C,2025-03-05,https://www.tennisabstract.com/cgi-bin/tourney.cgi?t=2025-0404%2FAcapulco,R32,Holger Rune,Ugo Humbert,13,19,5-7 6-4 7-5,,1.08,"{'ace_pct': 0.0108, 'first_in_pct': 0.055, 'first_won_pct': 0.509, 'second_won_pct': 0.75}","{'first_in_pct': 0.096, 'first_won_pct': 0.529, 'second_won_pct': 0.7090000000000001}"
"2025 Indian Wells Masters Tournament Results, Stats, and Analysis",HardDraw,96,C,2025-03-05,https://www.tennisabstract.com/cgi-bin/tourney.cgi?t=2025-0404%2FAcapulco,R32,Stefanos Tsitsipas,Matteo Berrettini,9,29,6-3 6-3,,2.33,"{'ace_pct': 0.0233, 'first_in_pct': 0.0, 'first_won_pct': 0.591, 'second_won_pct': 0.9229999999999999}","{'first_in_pct': 0.115, 'first_won_pct': 0.7120000000000001, 'second_won_pct': 0.703}"
"2025 Indian Wells Masters Tournament Results, Stats, and Analysis",HardDraw,96,C,2025-03-05,https://www.tennisabstract.com/cgi-bin/tourney.cgi?t=2025-0404%2FAcapulco,R32,Marcos Giron,Alexei Popyrin,48,27,5-7 6-3 6-3,,1.0,"{'ace_pct': 0.01, 'first_in_pct': 0.063, 'first_won_pct': 0.604, 'second_won_pct': 0.642}","{'first_in_pct': 0.057999999999999996, 'first_won_pct': 0.442, 'second_won_pct': 0.711}"
"2025 Indian Wells Masters Tournament Results, Stats, and Analysis",HardDraw,96,C,2025-03-05,https://www.tennisabstract.com/cgi-bin/tourney.cgi?t=2025-0404%2FAcapulco,R32,Arthur Fils,Lorenzo Musetti,21,16,3-6 7-6(4) 6-3,,0.97,"{'ace_pct': 0.0097, 'first_in_pct': 0.057999999999999996, 'first_won_pct': 0.631, 'second_won_pct': 0.677}","{'first_in_pct': 0.067, 'first_won_pct': 0.6, 'second_won_pct': 0.7040000000000001}"
"2025 Indian Wells Masters Tournament Results, Stats, and Analysis",HardDraw,96,C,2025-03-05,https://www.tennisabstract.com/cgi-bin/tourney.cgi?t=2025-0404%2FAcapulco,R32,Tommy Paul,Cameron Norrie,11,77,6-3 7-5,,1.3,"{'ace_pct': 0.013000000000000001, 'first_in_pct': 0.10300000000000001, 'first_won_pct': 0.517, 'second_won_pct': 0.7}","{'first_in_pct': 0.013999999999999999, 'first_won_pct': 0.5, 'second_won_pct': 0.6}"
"2025 Indian Wells Masters Tournament Results, Stats, and Analysis",HardDraw,96,C,2025-03-05,https://www.tennisabstract.com/cgi-bin/tourney.cgi?t=2025-0404%2FAcapulco,R32,Daniil Medvedev,Alex Michelsen,6,32,2-0 RET,,,"{'ace_pct': 0.035699999999999996, 'first_in_pct': 0.2, 'first_won_pct': 0.8, 'second_won_pct': 0.75}","{'first_in_pct': 0.0, 'first_won_pct': 0.429, 'second_won_pct': 0.33299999999999996}"
"2025 Indian Wells Masters Tournament Results, Stats, and Analysis",HardDraw,96,C,2025-03-05,https://www.tennisabstract.com/cgi-bin/tourney.cgi?t=2025-0404%2FAcapulco,R32,Brandon Nakashima,Matteo Arnaldi,33,35,6-2 6-4,,2.41,"{'ace_pct': 0.0241, 'first_in_pct': 0.08900000000000001, 'first_won_pct': 0.6, 'second_won_pct': 0.889}","{'first_in_pct': 0.036000000000000004, 'first_won_pct': 0.5710000000000001, 'second_won_pct': 0.7190000000000001}"
"2025 Indian Wells Masters Tournament Results, Stats, and Analysis",HardDraw,96,C,2025-03-05,https://www.tennisabstract.com/cgi-bin/tourney.cgi?t=2025-0404%2FAcapulco,R32,Ben Shelton,Karen Khachanov,12,23,6-3 7-5,,1.13,"{'ace_pct': 0.0113, 'first_in_pct': 0.10400000000000001, 'first_won_pct': 0.623, 'second_won_pct': 0.688}","{'first_in_pct': 0.115, 'first_won_pct': 0.6559999999999999, 'second_won_pct': 0.7}"
"2025 Indian Wells Masters Tournament Results, Stats, and Analysis",HardDraw,96,C,2025-03-05,https://www.tennisabstract.com/cgi-bin/tourney.cgi?t=2025-0404%2FAcapulco,R32,Jack Draper,Jenson Brooksby,14,937,7-5 6-4,,1.86,"{'ace_pct': 0.018600000000000002, 'first_in_pct': 0.071, 'first_won_pct': 0.536, 'second_won_pct': 0.9}","{'first_in_pct': 0.012, 'first_won_pct': 0.5429999999999999, 'second_won_pct': 0.568}"
"2025 Indian Wells Masters Tournament Results, Stats, and Analysis",HardDraw,96,C,2025-03-05,https://www.tennisabstract.com/cgi-bin/tourney.cgi?t=2025-0404%2FAcapulco,R32,Taylor Fritz,Alejandro Tabilo,4,31,4-6 6-3 6-1,,1.36,"{'ace_pct': 0.013600000000000001, 'first_in_pct': 0.15, 'first_won_pct': 0.613, 'second_won_pct': 0.7959999999999999}","{'first_in_pct': 0.034, 'first_won_pct': 0.562, 'second_won_pct': 0.54}"
"2025 Indian Wells Masters Tournament Results, Stats, and Analysis",HardDraw,96,C,2025-03-05,https://www.tennisabstract.com/cgi-bin/tourney.cgi?t=2025-0404%2FAcapulco,R32,Francisco Cerundolo,Botic Van De Zandschulp,26,85,6-3 6-4,,1.15,"{'ace_pct': 0.0115, 'first_in_pct': 0.027999999999999997, 'first_won_pct': 0.535, 'second_won_pct': 0.6579999999999999}","{'first_in_pct': 0.018000000000000002, 'first_won_pct': 0.649, 'second_won_pct': 0.649}"
"2025 Indian Wells Masters Tournament Results, Stats, and Analysis",HardDraw,96,C,2025-03-05,https://www.tennisabstract.com/cgi-bin/tourney.cgi?t=2025-0404%2FAcapulco,R32,Alex De Minaur,Hubert Hurkacz,10,22,6-4 6-0,,1.79,"{'ace_pct': 0.0179, 'first_in_pct': 0.040999999999999995, 'first_won_pct': 0.408, 'second_won_pct': 0.8}","{'first_in_pct': 0.163, 'first_won_pct': 0.581, 'second_won_pct': 0.56}"
"2025 Indian Wells Masters Tournament Results, Stats, and Analysis",HardDraw,96,C,2025-03-05,https://www.tennisabstract.com/cgi-bin/tourney.cgi?t=2025-0404%2FAcapulco,R32,Grigor Dimitrov,Gael Monfils,15,42,7-6(4) 4-6 7-6(2),,1.02,"{'ace_pct': 0.0102, 'first_in_pct': 0.026000000000000002, 'first_won_pct': 0.56, 'second_won_pct': 0.677}","{'first_in_pct': 0.066, 'first_won_pct': 0.598, 'second_won_pct': 0.726}"
"2025 Indian Wells Masters Tournament Results, Stats, and Analysis",HardDraw,96,C,2025-03-05,https://www.tennisabstract.com/cgi-bin/tourney.cgi?t=2025-0404%2FAcapulco,R32,Carlos Alcaraz,Denis Shapovalov,3,28,6-2 6-4,,1.26,"{'ace_pct': 0.0126, 'first_in_pct': 0.032, 'first_won_pct': 0.7140000000000001, 'second_won_pct': 0.6890000000000001}","{'first_in_pct': 0.034, 'first_won_pct': 0.525, 'second_won_pct': 0.742}"
"2025 Indian Wells Masters Tournament Results, Stats, and Analysis",HardDraw,96,C,2025-03-05,https://www.tennisabstract.com/cgi-bin/tourney.cgi?t=2025-0404%2FAcapulco,R64,Tallon Griekspoor,Alexander Zverev,43,2,4-6 7-6(5) 7-6(4),,0.91,"{'ace_pct': 0.0091, 'first_in_pct': 0.07400000000000001, 'first_won_pct': 0.667, 'second_won_pct': 0.7}","{'first_in_pct': 0.057, 'first_won_pct': 0.623, 'second_won_pct': 0.667}"
"2025 Indian Wells Masters Tournament Results, Stats, and Analysis",HardDraw,96,C,2025-03-05,https://www.tennisabstract.com/cgi-bin/tourney.cgi?t=2025-0404%2FAcapulco,R64,Giovanni Mpetshi Perricard,Fabian Marozsan,30,54,6-4 0-0 RET,,1.71,"{'ace_pct': 0.0171, 'first_in_pct': 0.35700000000000004, 'first_won_pct': 0.5710000000000001, 'second_won_pct': 0.813}","{'first_in_pct': 0.086, 'first_won_pct': 0.5429999999999999, 'second_won_pct': 0.579}"
"2025 Indian Wells Masters Tournament Results, Stats, and Analysis",HardDraw,96,C,2025-03-05,https://www.tennisabstract.com/cgi-bin/tourney.cgi?t=2025-0404%2FAcapulco,R64,Yosuke Watanuki,Tomas Machac,349,20,4-6 4-2 RET,,1.17,"{'ace_pct': 0.011699999999999999, 'first_in_pct': 0.095, 'first_won_pct': 0.524, 'second_won_pct': 0.8640000000000001}","{'first_in_pct': 0.114, 'first_won_pct': 0.682, 'second_won_pct': 0.8}"
"2025 Indian Wells Masters Tournament Results, Stats, and Analysis",HardDraw,96,C,2025-03-05,https://www.tennisabstract.com/cgi-bin/tourney.cgi?t=2025-0404%2FAcapulco,R64,Frances Tiafoe,Damir Dzumhur,17,84,7-6(4) 7-6(7),,1.14,"{'ace_pct': 0.011399999999999999, 'first_in_pct': 0.051, 'first_won_pct': 0.556, 'second_won_pct': 0.691}","{'first_in_pct': 0.022000000000000002, 'first_won_pct': 0.64, 'second_won_pct': 0.544}"
"2025 Indian Wells Masters Tournament Results, Stats, and Analysis",HardDraw,96,C,2025-03-05,https://www.tennisabstract.com/cgi-bin/tourney.cgi?t=2025-0404%2FAcapulco,R64,Holger Rune,Corentin Moutet,13,79,6-2 6-4,,1.49,"{'ace_pct': 0.0149, 'first_in_pct': 0.04, 'first_won_pct': 0.68, 'second_won_pct': 0.706}","{'first_in_pct': 0.032, 'first_won_pct': 0.6829999999999999, 'second_won_pct': 0.488}"
"2025 Indian Wells Masters Tournament Results, Stats, and Analysis",HardDraw,96,C,2025-03-05,https://www.tennisabstract.com/cgi-bin/tourney.cgi?t=2025-0404%2FAcapulco,R64,Ugo Humbert,Kei Nishikori,19,76,6-4 6-3,,1.26,"{'ace_pct': 0.0126, 'first_in_pct': 0.1, 'first_won_pct': 0.5, 'second_won_pct': 0.7709999999999999}","{'first_in_pct': 0.021, 'first_won_pct': 0.617, 'second_won_pct': 0.586}"
"2025 Indian Wells Masters Tournament Results, Stats, and Analysis",HardDraw,96,C,2025-03-05,https://www.tennisabstract.com/cgi-bin/tourney.cgi?t=2025-0404%2FAcapulco,R64,Matteo Berrettini,Christopher Oconnell,29,75,6-2 7-6(2),,1.38,"{'ace_pct': 0.0138, 'first_in_pct': 0.111, 'first_won_pct': 0.635, 'second_won_pct': 0.7}","{'first_in_pct': 0.066, 'first_won_pct': 0.6559999999999999, 'second_won_pct': 0.7}"
"2025 Indian Wells Masters Tournament Results, Stats, and Analysis",HardDraw,96,C,2025-03-05,https://www.tennisabstract.com/cgi-bin/tourney.cgi?t=2025-0404%2FAcapulco,R64,Stefanos Tsitsipas,Thiago Seyboth Wild,9,91,6-2 6-4,,1.88,"{'ace_pct': 0.018799999999999997, 'first_in_pct': 0.08199999999999999, 'first_won_pct': 0.6940000000000001, 'second_won_pct': 0.765}","{'first_in_pct': 0.027999999999999997, 'first_won_pct': 0.5920000000000001, 'second_won_pct': 0.7859999999999999}"
"2025 Indian Wells Masters Tournament Results, Stats, and Analysis",HardDraw,96,C,2025-03-05,https://www.tennisabstract.com/cgi-bin/tourney.cgi?t=2025-0404%2FAcapulco,R64,Marcos Giron,Casper Ruud,48,5,7-6(4) 3-6 6-2,,1.04,"{'ace_pct': 0.0104, 'first_in_pct': 0.035, 'first_won_pct': 0.609, 'second_won_pct': 0.743}","{'first_in_pct': 0.03, 'first_won_pct': 0.604, 'second_won_pct': 0.77}"
"2025 Indian Wells Masters Tournament Results, Stats, and Analysis",HardDraw,96,C,2025-03-05,https://www.tennisabstract.com/cgi-bin/tourney.cgi?t=2025-0404%2FAcapulco,R64,Alexei Popyrin,Zizou Bergs,27,53,7-6(4) 7-5,,1.16,"{'ace_pct': 0.0116, 'first_in_pct': 0.06, 'first_won_pct': 0.627, 'second_won_pct': 0.7879999999999999}","{'first_in_pct': 0.024, 'first_won_pct': 0.6, 'second_won_pct': 0.706}"
"2025 Indian Wells Masters Tournament Results, Stats, and Analysis",HardDraw,96,C,2025-03-05,https://www.tennisabstract.com/cgi-bin/tourney.cgi?t=2025-0404%2FAcapulco,R64,Arthur Fils,Gabriel Diallo,21,88,6-2 6-2,,2.61,"{'ace_pct': 0.026099999999999998, 'first_in_pct': 0.0, 'first_won_pct': 0.6759999999999999, 'second_won_pct': 0.88}","{'first_in_pct': 0.055, 'first_won_pct': 0.5820000000000001, 'second_won_pct': 0.469}"
"2025 Indian Wells Masters Tournament Results, Stats, and Analysis",HardDraw,96,C,2025-03-05,https://www.tennisabstract.com/cgi-bin/tourney.cgi?t=2025-0404%2FAcapulco,R64,Lorenzo Musetti,Roman Safiullin,16,69,7-5 5-7 6-2,,1.12,"{'ace_pct': 0.011200000000000002, 'first_in_pct': 0.047, 'first_won_pct': 0.636, 'second_won_pct': 0.6759999999999999}","{'first_in_pct': 0.02, 'first_won_pct': 0.57, 'second_won_pct': 0.596}"
"2025 Indian Wells Masters Tournament Results, Stats, and Analysis",HardDraw,96,C,2025-03-05,https://www.tennisabstract.com/cgi-bin/tourney.cgi?t=2025-0404%2FAcapulco,R64,Tommy Paul,Tristan Boyer,11,117,6-3 6-1,,1.99,"{'ace_pct': 0.0199, 'first_in_pct': 0.098, 'first_won_pct': 0.537, 'second_won_pct': 0.727}","{'first_in_pct': 0.017, 'first_won_pct': 0.5670000000000001, 'second_won_pct': 0.618}"
"2025 Indian Wells Masters Tournament Results, Stats, and Analysis",HardDraw,96,C,2025-03-05,https://www.tennisabstract.com/cgi-bin/tourney.cgi?t=2025-0404%2FAcapulco,R64,Cameron Norrie,Jiri Lehecka,77,24,3-6 6-4 7-5,,0.87,"{'ace_pct': 0.0087, 'first_in_pct': 0.027000000000000003, 'first_won_pct': 0.6, 'second_won_pct': 0.682}","{'first_in_pct': 0.043, 'first_won_pct': 0.505, 'second_won_pct': 0.723}"
"2025 Indian Wells Masters Tournament Results, Stats, and Analysis",HardDraw,96,C,2025-03-05,https://www.tennisabstract.com/cgi-bin/tourney.cgi?t=2025-0404%2FAcapulco,R64,Alex Michelsen,Colton Smith,32,261,6-3 6-4,,1.08,"{'ace_pct': 0.0108, 'first_in_pct': 0.023, 'first_won_pct': 0.591, 'second_won_pct': 0.6729999999999999}","{'first_in_pct': 0.048, 'first_won_pct': 0.597, 'second_won_pct': 0.6759999999999999}"
"2025 Indian Wells Masters Tournament Results, Stats, and Analysis",HardDraw,96,C,2025-03-05,https://www.tennisabstract.com/cgi-bin/tourney.cgi?t=2025-0404%2FAcapulco,R64,Daniil Medvedev,Bu Yunchaokete,6,71,6-2 6-2,,1.41,"{'ace_pct': 0.0141, 'first_in_pct': 0.057999999999999996, 'first_won_pct': 0.40399999999999997, 'second_won_pct': 0.905}","{'first_in_pct': 0.0, 'first_won_pct': 0.46799999999999997, 'second_won_pct': 0.621}"
"2025 Indian Wells Masters Tournament Results, Stats, and Analysis",HardDraw,96,C,2025-03-05,https://www.tennisabstract.com/cgi-bin/tourney.cgi?t=2025-0404%2FAcapulco,R64,Matteo Arnaldi,Andrey Rublev,35,8,6-4 7-5,,1.15,"{'ace_pct': 0.0115, 'first_in_pct': 0.0, 'first_won_pct': 0.429, 'second_won_pct': 0.5670000000000001}","{'first_in_pct': 0.033, 'first_won_pct': 0.541, 'second_won_pct': 0.606}"
"2025 Indian Wells Masters Tournament Results, Stats, and Analysis",HardDraw,96,C,2025-03-05,https://www.tennisabstract.com/cgi-bin/tourney.cgi?t=2025-0404%2FAcapulco,R64,Brandon Nakashima,Rinky Hijikata,33,83,7-5 6-1,,1.37,"{'ace_pct': 0.0137, 'first_in_pct': 0.19699999999999998, 'first_won_pct': 0.606, 'second_won_pct': 0.767}","{'first_in_pct': 0.063, 'first_won_pct': 0.635, 'second_won_pct': 0.6}"
"2025 Indian Wells Masters Tournament Results, Stats, and Analysis",HardDraw,96,C,2025-03-05,https://www.tennisabstract.com/cgi-bin/tourney.cgi?t=2025-0404%2FAcapulco,R64,Karen Khachanov,Jakub Mensik,23,57,3-6 6-0 6-3,,1.19,"{'ace_pct': 0.011899999999999999, 'first_in_pct': 0.026000000000000002, 'first_won_pct': 0.605, 'second_won_pct': 0.7170000000000001}","{'first_in_pct': 0.08800000000000001, 'first_won_pct': 0.525, 'second_won_pct': 0.69}"
"2025 Indian Wells Masters Tournament Results, Stats, and Analysis",HardDraw,96,C,2025-03-05,https://www.tennisabstract.com/cgi-bin/tourney.cgi?t=2025-0404%2FAcapulco,R64,Ben Shelton,Mariano Navone,12,63,6-3 6-2,,1.29,"{'ace_pct': 0.0129, 'first_in_pct': 0.08900000000000001, 'first_won_pct': 0.625, 'second_won_pct': 0.8}","{'first_in_pct': 0.0, 'first_won_pct': 0.652, 'second_won_pct': 0.6}"
"2025 Indian Wells Masters Tournament Results, Stats, and Analysis",HardDraw,96,C,2025-03-05,https://www.tennisabstract.com/cgi-bin/tourney.cgi?t=2025-0404%2FAcapulco,R64,Jack Draper,Joao Fonseca,14,80,6-4 6-0,,1.36,"{'ace_pct': 0.013600000000000001, 'first_in_pct': 0.1, 'first_won_pct': 0.55, 'second_won_pct': 0.758}","{'first_in_pct': 0.0, 'first_won_pct': 0.522, 'second_won_pct': 0.583}"
"2025 Indian Wells Masters Tournament Results, Stats, and Analysis",HardDraw,96,C,2025-03-05,https://www.tennisabstract.com/cgi-bin/tourney.cgi?t=2025-0404%2FAcapulco,R64,Jenson Brooksby,Felix Auger Aliassime,937,18,6-4 6-2,,1.27,"{'ace_pct': 0.0127, 'first_in_pct': 0.018000000000000002, 'first_won_pct': 0.589, 'second_won_pct': 0.7879999999999999}","{'first_in_pct': 0.038, 'first_won_pct': 0.5770000000000001, 'second_won_pct': 0.667}"
"2025 Indian Wells Masters Tournament Results, Stats, and Analysis",HardDraw,96,C,2025-03-05,https://www.tennisabstract.com/cgi-bin/tourney.cgi?t=2025-0404%2FAcapulco,R64,Alejandro Tabilo,Dusan Lajovic,31,108,6-3 7-5,,1.27,"{'ace_pct': 0.0127, 'first_in_pct': 0.081, 'first_won_pct': 0.5539999999999999, 'second_won_pct': 0.732}","{'first_in_pct': 0.045, 'first_won_pct': 0.621, 'second_won_pct': 0.6829999999999999}"
"2025 Indian Wells Masters Tournament Results, Stats, and Analysis",HardDraw,96,C,2025-03-05,https://www.tennisabstract.com/cgi-bin/tourney.cgi?t=2025-0404%2FAcapulco,R64,Taylor Fritz,Matteo Gigante,4,217,6-3 7-5,,1.34,"{'ace_pct': 0.0134, 'first_in_pct': 0.078, 'first_won_pct': 0.609, 'second_won_pct': 0.897}","{'first_in_pct': 0.034, 'first_won_pct': 0.466, 'second_won_pct': 0.741}"
"2025 Indian Wells Masters Tournament Results, Stats, and Analysis",HardDraw,96,C,2025-03-05,https://www.tennisabstract.com/cgi-bin/tourney.cgi?t=2025-0404%2FAcapulco,R64,Botic Van De Zandschulp,Novak Djokovic,85,7,6-2 3-6 6-1,,1.31,"{'ace_pct': 0.0131, 'first_in_pct': 0.049, 'first_won_pct': 0.7070000000000001, 'second_won_pct': 0.603}","{'first_in_pct': 0.0, 'first_won_pct': 0.6709999999999999, 'second_won_pct': 0.633}"
"2025 Indian Wells Masters Tournament Results, Stats, and Analysis",HardDraw,96,C,2025-03-05,https://www.tennisabstract.com/cgi-bin/tourney.cgi?t=2025-0404%2FAcapulco,R64,Francisco Cerundolo,Mackenzie Mcdonald,26,109,4-6 7-6(3) 6-1,,1.25,"{'ace_pct': 0.0125, 'first_in_pct': 0.05, 'first_won_pct': 0.613, 'second_won_pct': 0.633}","{'first_in_pct': 0.017, 'first_won_pct': 0.6779999999999999, 'second_won_pct': 0.573}"
"2025 Indian Wells Masters Tournament Results, Stats, and Analysis",HardDraw,96,C,2025-03-05,https://www.tennisabstract.com/cgi-bin/tourney.cgi?t=2025-0404%2FAcapulco,R64,Hubert Hurkacz,Hugo Gaston,22,93,7-5 6-3,,0.98,"{'ace_pct': 0.0098, 'first_in_pct': 0.171, 'first_won_pct': 0.605, 'second_won_pct': 0.7829999999999999}","{'first_in_pct': 0.018000000000000002, 'first_won_pct': 0.41100000000000003, 'second_won_pct': 0.9570000000000001}"
"2025 Indian Wells Masters Tournament Results, Stats, and Analysis",HardDraw,96,C,2025-03-05,https://www.tennisabstract.com/cgi-bin/tourney.cgi?t=2025-0404%2FAcapulco,R64,Alex De Minaur,David Goffin,10,56,6-2 6-2,,2.07,"{'ace_pct': 0.0207, 'first_in_pct': 0.047, 'first_won_pct': 0.581, 'second_won_pct': 0.92}","{'first_in_pct': 0.036000000000000004, 'first_won_pct': 0.33899999999999997, 'second_won_pct': 0.526}"
"2025 Indian Wells Masters Tournament Results, Stats, and Analysis",HardDraw,96,C,2025-03-05,https://www.tennisabstract.com/cgi-bin/tourney.cgi?t=2025-0404%2FAcapulco,R64,Grigor Dimitrov,Nuno Borges,15,36,6-3 6-4,,1.22,"{'ace_pct': 0.012199999999999999, 'first_in_pct': 0.079, 'first_won_pct': 0.605, 'second_won_pct': 0.7829999999999999}","{'first_in_pct': 0.033, 'first_won_pct': 0.6829999999999999, 'second_won_pct': 0.634}"
"2025 Indian Wells Masters Tournament Results, Stats, and Analysis",HardDraw,96,C,2025-03-05,https://www.tennisabstract.com/cgi-bin/tourney.cgi?t=2025-0404%2FAcapulco,R64,Gael Monfils,Sebastian Korda,42,25,7-6(2) 7-6(4),,1.24,"{'ace_pct': 0.0124, 'first_in_pct': 0.05, 'first_won_pct': 0.525, 'second_won_pct': 0.81}","{'first_in_pct': 0.045, 'first_won_pct': 0.618, 'second_won_pct': 0.691}"
"2025 Indian Wells Masters Tournament Results, Stats, and Analysis",HardDraw,96,C,2025-03-05,https://www.tennisabstract.com/cgi-bin/tourney.cgi?t=2025-0404%2FAcapulco,R64,Denis Shapovalov,Adam Walton,28,96,6-3 6-2,,1.32,"{'ace_pct': 0.0132, 'first_in_pct': 0.028999999999999998, 'first_won_pct': 0.609, 'second_won_pct': 0.69}","{'first_in_pct': 0.021, 'first_won_pct': 0.638, 'second_won_pct': 0.5670000000000001}"
"2025 Indian Wells Masters Tournament Results, Stats, and Analysis",HardDraw,96,C,2025-03-05,https://www.tennisabstract.com/cgi-bin/tourney.cgi?t=2025-0404%2FAcapulco,R64,Carlos Alcaraz,Quentin Halys,3,59,6-4 6-2,,1.51,"{'ace_pct': 0.0151, 'first_in_pct': 0.146, 'first_won_pct': 0.43799999999999994, 'second_won_pct': 0.9520000000000001}","{'first_in_pct': 0.040999999999999995, 'first_won_pct': 0.633, 'second_won_pct': 0.742}"
"2025 Indian Wells Masters Tournament Results, Stats, and Analysis",HardDraw,96,C,2025-03-05,https://www.tennisabstract.com/cgi-bin/tourney.cgi?t=2025-0404%2FAcapulco,R128,Tallon Griekspoor,Miomir Kecmanovic,43,49,6-7(5) 6-4 6-3,,1.1,"{'ace_pct': 0.011000000000000001, 'first_in_pct': 0.121, 'first_won_pct': 0.596, 'second_won_pct': 0.78}","{'first_in_pct': 0.065, 'first_won_pct': 0.591, 'second_won_pct': 0.782}"
"2025 Indian Wells Masters Tournament Results, Stats, and Analysis",HardDraw,96,C,2025-03-05,https://www.tennisabstract.com/cgi-bin/tourney.cgi?t=2025-0404%2FAcapulco,R128,Fabian Marozsan,Pedro Martinez,54,41,6-3 6-2,,2.29,"{'ace_pct': 0.0229, 'first_in_pct': 0.217, 'first_won_pct': 0.674, 'second_won_pct': 0.8059999999999999}","{'first_in_pct': 0.02, 'first_won_pct': 0.633, 'second_won_pct': 0.71}"
"2025 Indian Wells Masters Tournament Results, Stats, and Analysis",HardDraw,96,C,2025-03-05,https://www.tennisabstract.com/cgi-bin/tourney.cgi?t=2025-0404%2FAcapulco,R128,Yosuke Watanuki,Alexander Bublik,349,82,6-3 3-6 6-3,,1.3,"{'ace_pct': 0.013000000000000001, 'first_in_pct': 0.171, 'first_won_pct': 0.645, 'second_won_pct': 0.755}","{'first_in_pct': 0.16, 'first_won_pct': 0.531, 'second_won_pct': 0.8140000000000001}"
"2025 Indian Wells Masters Tournament Results, Stats, and Analysis",HardDraw,96,C,2025-03-05,https://www.tennisabstract.com/cgi-bin/tourney.cgi?t=2025-0404%2FAcapulco,R128,Damir Dzumhur,Roberto Bautista Agut,84,50,6-4 1-6 7-6(4),,0.96,"{'ace_pct': 0.0096, 'first_in_pct': 0.012, 'first_won_pct': 0.6629999999999999, 'second_won_pct': 0.632}","{'first_in_pct': 0.02, 'first_won_pct': 0.598, 'second_won_pct': 0.607}"
"2025 Indian Wells Masters Tournament Results, Stats, and Analysis",HardDraw,96,C,2025-03-05,https://www.tennisabstract.com/cgi-bin/tourney.cgi?t=2025-0404%2FAcapulco,R128,Corentin Moutet,Jordan Thompson,79,38,6-4 4-6 6-3,,1.13,"{'ace_pct': 0.0113, 'first_in_pct': 0.046, 'first_won_pct': 0.598, 'second_won_pct': 0.6920000000000001}","{'first_in_pct': 0.019, 'first_won_pct': 0.47200000000000003, 'second_won_pct': 0.66}"
"2025 Indian Wells Masters Tournament Results, Stats, and Analysis",HardDraw,96,C,2025-03-05,https://www.tennisabstract.com/cgi-bin/tourney.cgi?t=2025-0404%2FAcapulco,R128,Kei Nishikori,Jaume Munar,76,58,6-2 5-7 7-6(3),,1.01,"{'ace_pct': 0.0101, 'first_in_pct': 0.016, 'first_won_pct': 0.672, 'second_won_pct': 0.64}","{'first_in_pct': 0.061, 'first_won_pct': 0.6629999999999999, 'second_won_pct': 0.615}"
"2025 Indian Wells Masters Tournament Results, Stats, and Analysis",HardDraw,96,C,2025-03-05,https://www.tennisabstract.com/cgi-bin/tourney.cgi?t=2025-0404%2FAcapulco,R128,Christopher Oconnell,Roberto Carballes Baena,75,52,6-3 0-6 6-1,,1.08,"{'ace_pct': 0.0108, 'first_in_pct': 0.032, 'first_won_pct': 0.645, 'second_won_pct': 0.625}","{'first_in_pct': 0.024, 'first_won_pct': 0.6709999999999999, 'second_won_pct': 0.579}"
"2025 Indian Wells Masters Tournament Results, Stats, and Analysis",HardDraw,96,C,2025-03-05,https://www.tennisabstract.com/cgi-bin/tourney.cgi?t=2025-0404%2FAcapulco,R128,Thiago Seyboth Wild,Alexandre Muller,91,44,4-6 7-5 7-6(6),,1.09,"{'ace_pct': 0.0109, 'first_in_pct': 0.11900000000000001, 'first_won_pct': 0.585, 'second_won_pct': 0.768}","{'first_in_pct': 0.017, 'first_won_pct': 0.695, 'second_won_pct': 0.598}"
"2025 Indian Wells Masters Tournament Results, Stats, and Analysis",HardDraw,96,C,2025-03-05,https://www.tennisabstract.com/cgi-bin/tourney.cgi?t=2025-0404%2FAcapulco,R128,Marcos Giron,Nikoloz Basilashvili,48,152,7-5 7-6(3),,1.25,"{'ace_pct': 0.0125, 'first_in_pct': 0.153, 'first_won_pct': 0.625, 'second_won_pct': 0.733}","{'first_in_pct': 0.022000000000000002, 'first_won_pct': 0.495, 'second_won_pct': 0.696}"
"2025 Indian Wells Masters Tournament Results, Stats, and Analysis",HardDraw,96,C,2025-03-05,https://www.tennisabstract.com/cgi-bin/tourney.cgi?t=2025-0404%2FAcapulco,R128,Zizou Bergs,Ethan Quinn,53,137,7-6(2) 6-3,,1.28,"{'ace_pct': 0.0128, 'first_in_pct': 0.067, 'first_won_pct': 0.613, 'second_won_pct': 0.7390000000000001}","{'first_in_pct': 0.068, 'first_won_pct': 0.63, 'second_won_pct': 0.609}"
"2025 Indian Wells Masters Tournament Results, Stats, and Analysis",HardDraw,96,C,2025-03-05,https://www.tennisabstract.com/cgi-bin/tourney.cgi?t=2025-0404%2FAcapulco,R128,Gabriel Diallo,Zhizhen Zhang,88,51,2-6 6-2 7-6(7),,0.92,"{'ace_pct': 0.0092, 'first_in_pct': 0.09, 'first_won_pct': 0.69, 'second_won_pct': 0.696}","{'first_in_pct': 0.115, 'first_won_pct': 0.667, 'second_won_pct': 0.7659999999999999}"
"2025 Indian Wells Masters Tournament Results, Stats, and Analysis",HardDraw,96,C,2025-03-05,https://www.tennisabstract.com/cgi-bin/tourney.cgi?t=2025-0404%2FAcapulco,R128,Roman Safiullin,Reilly Opelka,69,114,7-5 6-4,,1.32,"{'ace_pct': 0.0132, 'first_in_pct': 0.032, 'first_won_pct': 0.698, 'second_won_pct': 0.773}","{'first_in_pct': 0.19, 'first_won_pct': 0.635, 'second_won_pct': 0.775}"
"2025 Indian Wells Masters Tournament Results, Stats, and Analysis",HardDraw,96,C,2025-03-05,https://www.tennisabstract.com/cgi-bin/tourney.cgi?t=2025-0404%2FAcapulco,R128,Tristan Boyer,Aleksandar Vukic,117,64,4-6 6-2 7-6(4),,1.09,"{'ace_pct': 0.0109, 'first_in_pct': 0.065, 'first_won_pct': 0.6559999999999999, 'second_won_pct': 0.672}","{'first_in_pct': 0.099, 'first_won_pct': 0.5539999999999999, 'second_won_pct': 0.732}"
"2025 Indian Wells Masters Tournament Results, Stats, and Analysis",HardDraw,96,C,2025-03-05,https://www.tennisabstract.com/cgi-bin/tourney.cgi?t=2025-0404%2FAcapulco,R128,Cameron Norrie,Luca Nardi,77,67,6-0 6-3,,2.33,"{'ace_pct': 0.0233, 'first_in_pct': 0.14, 'first_won_pct': 0.605, 'second_won_pct': 0.885}","{'first_in_pct': 0.021, 'first_won_pct': 0.479, 'second_won_pct': 0.609}"
"2025 Indian Wells Masters Tournament Results, Stats, and Analysis",HardDraw,96,C,2025-03-05,https://www.tennisabstract.com/cgi-bin/tourney.cgi?t=2025-0404%2FAcapulco,R128,Colton Smith,Flavio Cobolli,261,40,3-6 6-2 6-2,,1.23,"{'ace_pct': 0.0123, 'first_in_pct': 0.063, 'first_won_pct': 0.696, 'second_won_pct': 0.636}","{'first_in_pct': 0.05, 'first_won_pct': 0.413, 'second_won_pct': 0.667}"
"2025 Indian Wells Masters Tournament Results, Stats, and Analysis",HardDraw,96,C,2025-03-05,https://www.tennisabstract.com/cgi-bin/tourney.cgi?t=2025-0404%2FAcapulco,R128,Bu Yunchaokete,Nishesh Basavareddy,71,101,7-5 6-4,,1.37,"{'ace_pct': 0.0137, 'first_in_pct': 0.016, 'first_won_pct': 0.532, 'second_won_pct': 0.818}","{'first_in_pct': 0.044000000000000004, 'first_won_pct': 0.544, 'second_won_pct': 0.784}"
"2025 Indian Wells Masters Tournament Results, Stats, and Analysis",HardDraw,96,C,2025-03-05,https://www.tennisabstract.com/cgi-bin/tourney.cgi?t=2025-0404%2FAcapulco,R128,Matteo Arnaldi,Aleksandar Kovacevic,35,94,6-3 5-7 6-4,,1.01,"{'ace_pct': 0.0101, 'first_in_pct': 0.066, 'first_won_pct': 0.575, 'second_won_pct': 0.672}","{'first_in_pct': 0.054000000000000006, 'first_won_pct': 0.5760000000000001, 'second_won_pct': 0.698}"
"2025 Indian Wells Masters Tournament Results, Stats, and Analysis",HardDraw,96,C,2025-03-05,https://www.tennisabstract.com/cgi-bin/tourney.cgi?t=2025-0404%2FAcapulco,R128,Rinky Hijikata,Alexander Shevchenko,83,98,6-1 6-3,,1.36,"{'ace_pct': 0.013600000000000001, 'first_in_pct': 0.021, 'first_won_pct': 0.7290000000000001, 'second_won_pct': 0.629}","{'first_in_pct': 0.0, 'first_won_pct': 0.66, 'second_won_pct': 0.457}"
"2025 Indian Wells Masters Tournament Results, Stats, and Analysis",HardDraw,96,C,2025-03-05,https://www.tennisabstract.com/cgi-bin/tourney.cgi?t=2025-0404%2FAcapulco,R128,Jakub Mensik,Tomas Martin Etcheverry,57,45,6-4 7-6(6),,1.17,"{'ace_pct': 0.011699999999999999, 'first_in_pct': 0.114, 'first_won_pct': 0.557, 'second_won_pct': 0.727}","{'first_in_pct': 0.063, 'first_won_pct': 0.698, 'second_won_pct': 0.591}"
"2025 Indian Wells Masters Tournament Results, Stats, and Analysis",HardDraw,96,C,2025-03-05,https://www.tennisabstract.com/cgi-bin/tourney.cgi?t=2025-0404%2FAcapulco,R128,Mariano Navone,Learner Tien,63,68,7-5 6-4,,1.3,"{'ace_pct': 0.013000000000000001, 'first_in_pct': 0.063, 'first_won_pct': 0.6559999999999999, 'second_won_pct': 0.738}","{'first_in_pct': 0.011000000000000001, 'first_won_pct': 0.563, 'second_won_pct': 0.612}"
"2025 Indian Wells Masters Tournament Results, Stats, and Analysis",HardDraw,96,C,2025-03-05,https://www.tennisabstract.com/cgi-bin/tourney.cgi?t=2025-0404%2FAcapulco,R128,Joao Fonseca,Jacob Fearnley,80,81,6-2 1-6 6-3,,1.13,"{'ace_pct': 0.0113, 'first_in_pct': 0.036000000000000004, 'first_won_pct': 0.583, 'second_won_pct': 0.6940000000000001}","{'first_in_pct': 0.033, 'first_won_pct': 0.544, 'second_won_pct': 0.551}"
"2025 Indian Wells Masters Tournament Results, Stats, and Analysis",HardDraw,96,C,2025-03-05,https://www.tennisabstract.com/cgi-bin/tourney.cgi?t=2025-0404%2FAcapulco,R128,Jenson Brooksby,Benjamin Bonzi,937,62,1-6 7-5 7-5,,0.98,"{'ace_pct': 0.0098, 'first_in_pct': 0.01, 'first_won_pct': 0.51, 'second_won_pct': 0.706}","{'first_in_pct': 0.0, 'first_won_pct': 0.706, 'second_won_pct': 0.611}"
"2025 Indian Wells Masters Tournament Results, Stats, and Analysis",HardDraw,96,C,2025-03-05,https://www.tennisabstract.com/cgi-bin/tourney.cgi?t=2025-0404%2FAcapulco,R128,Dusan Lajovic,Li Tu,108,177,6-2 6-0,,1.96,"{'ace_pct': 0.0196, 'first_in_pct': 0.022000000000000002, 'first_won_pct': 0.7559999999999999, 'second_won_pct': 0.794}","{'first_in_pct': 0.043, 'first_won_pct': 0.457, 'second_won_pct': 0.619}"
"2025 Indian Wells Masters Tournament Results, Stats, and Analysis",HardDraw,96,C,2025-03-05,https://www.tennisabstract.com/cgi-bin/tourney.cgi?t=2025-0404%2FAcapulco,R128,Matteo Gigante,Sebastian Baez,217,34,3-6 6-1 6-4,,1.17,"{'ace_pct': 0.011699999999999999, 'first_in_pct': 0.039, 'first_won_pct': 0.605, 'second_won_pct': 0.609}","{'first_in_pct': 0.0, 'first_won_pct': 0.629, 'second_won_pct': 0.5710000000000001}"
"2025 Indian Wells Masters Tournament Results, Stats, and Analysis",HardDraw,96,C,2025-03-05,https://www.tennisabstract.com/cgi-bin/tourney.cgi?t=2025-0404%2FAcapulco,R128,Botic Van De Zandschulp,Nick Kyrgios,85,1099,7-6(7) 3-0 RET,,1.29,"{'ace_pct': 0.0129, 'first_in_pct': 0.034, 'first_won_pct': 0.593, 'second_won_pct': 0.7140000000000001}","{'first_in_pct': 0.102, 'first_won_pct': 0.5760000000000001, 'second_won_pct': 0.6759999999999999}"
"2025 Indian Wells Masters Tournament Results, Stats, and Analysis",HardDraw,96,C,2025-03-05,https://www.tennisabstract.com/cgi-bin/tourney.cgi?t=2025-0404%2FAcapulco,R128,Mackenzie Mcdonald,Alejandro Davidovich Fokina,109,39,2-6 6-3 6-2,,1.06,"{'ace_pct': 0.0106, 'first_in_pct': 0.025, 'first_won_pct': 0.563, 'second_won_pct': 0.5329999999999999}","{'first_in_pct': 0.027000000000000003, 'first_won_pct': 0.5479999999999999, 'second_won_pct': 0.5}"
"2025 Indian Wells Masters Tournament Results, Stats, and Analysis",HardDraw,96,C,2025-03-05,https://www.tennisabstract.com/cgi-bin/tourney.cgi?t=2025-0404%2FAcapulco,R128,Hugo Gaston,Luciano Darderi,93,60,6-3 6-3,,1.29,"{'ace_pct': 0.0129, 'first_in_pct': 0.083, 'first_won_pct': 0.467, 'second_won_pct': 0.893}","{'first_in_pct': 0.035, 'first_won_pct': 0.632, 'second_won_pct': 0.611}"
"2025 Indian Wells Masters Tournament Results, Stats, and Analysis",HardDraw,96,C,2025-03-05,https://www.tennisabstract.com/cgi-bin/tourney.cgi?t=2025-0404%2FAcapulco,R128,David Goffin,Lorenzo Sonego,56,37,6-4 7-5,,1.19,"{'ace_pct': 0.011899999999999999, 'first_in_pct': 0.033, 'first_won_pct': 0.45, 'second_won_pct': 0.593}","{'first_in_pct': 0.015, 'first_won_pct': 0.632, 'second_won_pct': 0.512}"
"2025 Indian Wells Masters Tournament Results, Stats, and Analysis",HardDraw,96,C,2025-03-05,https://www.tennisabstract.com/cgi-bin/tourney.cgi?t=2025-0404%2FAcapulco,R128,Nuno Borges,Arthur Rinderknech,36,73,6-1 5-7 6-2,,1.27,"{'ace_pct': 0.0127, 'first_in_pct': 0.055999999999999994, 'first_won_pct': 0.722, 'second_won_pct': 0.679}","{'first_in_pct': 0.048, 'first_won_pct': 0.644, 'second_won_pct': 0.552}"
"2025 Indian Wells Masters Tournament Results, Stats, and Analysis",HardDraw,96,C,2025-03-05,https://www.tennisabstract.com/cgi-bin/tourney.cgi?t=2025-0404%2FAcapulco,R128,Gael Monfils,Jan Lennard Struff,42,46,6-4 6-4,,1.3,"{'ace_pct': 0.013000000000000001, 'first_in_pct': 0.113, 'first_won_pct': 0.565, 'second_won_pct': 0.8290000000000001}","{'first_in_pct': 0.059000000000000004, 'first_won_pct': 0.529, 'second_won_pct': 0.8059999999999999}"
"2025 Indian Wells Masters Tournament Results, Stats, and Analysis",HardDraw,96,C,2025-03-05,https://www.tennisabstract.com/cgi-bin/tourney.cgi?t=2025-0404%2FAcapulco,R128,Adam Walton,Giulio Zeppieri,96,394,7-5 6-1,,1.57,"{'ace_pct': 0.015700000000000002, 'first_in_pct': 0.0, 'first_won_pct': 0.745, 'second_won_pct': 0.763}","{'first_in_pct': 0.045, 'first_won_pct': 0.5670000000000001, 'second_won_pct': 0.5529999999999999}"
"2025 Indian Wells Masters Tournament Results, Stats, and Analysis",HardDraw,96,C,2025-03-05,https://www.tennisabstract.com/cgi-bin/tourney.cgi?t=2025-0404%2FAcapulco,R128,Quentin Halys,Pablo Carreno Busta,59,112,6-3 6-4,,1.4,"{'ace_pct': 0.013999999999999999, 'first_in_pct': 0.153, 'first_won_pct': 0.6609999999999999, 'second_won_pct': 0.846}","{'first_in_pct': 0.033, 'first_won_pct': 0.65, 'second_won_pct': 0.564}"
"2025 Rotterdam Tournament Results, Stats, and Analysis",HardDraw,32,C,2025-02-03,https://www.tennisabstract.com/cgi-bin/tourney.cgi?t=2025-0407%2FRotterdam,F,Carlos Alcaraz,Alex De Minaur,3,8,6-4 3-6 6-2,,1.09,"{'ace_pct': 0.0109, 'first_in_pct': 0.026000000000000002, 'first_won_pct': 0.6709999999999999, 'second_won_pct': 0.667}","{'first_in_pct': 0.013000000000000001, 'first_won_pct': 0.615, 'second_won_pct': 0.7290000000000001}"
"2025 Rotterdam Tournament Results, Stats, and Analysis",HardDraw,32,C,2025-02-03,https://www.tennisabstract.com/cgi-bin/tourney.cgi?t=2025-0407%2FRotterdam,SF,Carlos Alcaraz,Hubert Hurkacz,3,21,6-4 6-7(5) 6-3,,1.17,"{'ace_pct': 0.011699999999999999, 'first_in_pct': 0.052000000000000005, 'first_won_pct': 0.615, 'second_won_pct': 0.797}","{'first_in_pct': 0.10099999999999999, 'first_won_pct': 0.626, 'second_won_pct': 0.726}"
"2025 Rotterdam Tournament Results, Stats, and Analysis",HardDraw,32,C,2025-02-03,https://www.tennisabstract.com/cgi-bin/tourney.cgi?t=2025-0407%2FRotterdam,SF,Alex De Minaur,Mattia Bellucci,8,92,6-1 6-2,,1.87,"{'ace_pct': 0.0187, 'first_in_pct': 0.023, 'first_won_pct': 0.409, 'second_won_pct': 0.778}","{'first_in_pct': 0.0, 'first_won_pct': 0.5329999999999999, 'second_won_pct': 0.708}"
"2025 Rotterdam Tournament Results, Stats, and Analysis",HardDraw,32,C,2025-02-03,https://www.tennisabstract.com/cgi-bin/tourney.cgi?t=2025-0407%2FRotterdam,QF,Carlos Alcaraz,Pedro Martinez,3,44,6-2 6-1,,2.8,"{'ace_pct': 0.027999999999999997, 'first_in_pct': 0.19399999999999998, 'first_won_pct': 0.639, 'second_won_pct': 0.9129999999999999}","{'first_in_pct': 0.0, 'first_won_pct': 0.684, 'second_won_pct': 0.513}"
"2025 Rotterdam Tournament Results, Stats, and Analysis",HardDraw,32,C,2025-02-03,https://www.tennisabstract.com/cgi-bin/tourney.cgi?t=2025-0407%2FRotterdam,QF,Hubert Hurkacz,Andrey Rublev,21,10,6-7(5) 6-3 6-4,,1.4,"{'ace_pct': 0.013999999999999999, 'first_in_pct': 0.18100000000000002, 'first_won_pct': 0.638, 'second_won_pct': 0.8}","{'first_in_pct': 0.044000000000000004, 'first_won_pct': 0.623, 'second_won_pct': 0.718}"
"2025 Rotterdam Tournament Results, Stats, and Analysis",HardDraw,32,C,2025-02-03,https://www.tennisabstract.com/cgi-bin/tourney.cgi?t=2025-0407%2FRotterdam,QF,Alex De Minaur,Daniel Altmaier,8,93,6-1 6-4,,1.63,"{'ace_pct': 0.0163, 'first_in_pct': 0.0, 'first_won_pct': 0.48100000000000004, 'second_won_pct': 0.769}","{'first_in_pct': 0.05, 'first_won_pct': 0.5, 'second_won_pct': 0.7}"
"2025 Rotterdam Tournament Results, Stats, and Analysis",HardDraw,32,C,2025-02-03,https://www.tennisabstract.com/cgi-bin/tourney.cgi?t=2025-0407%2FRotterdam,QF,Mattia Bellucci,Stefanos Tsitsipas,92,12,6-4 6-2,,1.47,"{'ace_pct': 0.0147, 'first_in_pct': 0.08800000000000001, 'first_won_pct': 0.579, 'second_won_pct': 0.758}","{'first_in_pct': 0.069, 'first_won_pct': 0.603, 'second_won_pct': 0.7140000000000001}"
"2025 Rotterdam Tournament Results, Stats, and Analysis",HardDraw,32,C,2025-02-03,https://www.tennisabstract.com/cgi-bin/tourney.cgi?t=2025-0407%2FRotterdam,R16,Carlos Alcaraz,Andrea Vavassori,3,317,6-2 6-1,,2.79,"{'ace_pct': 0.0279, 'first_in_pct': 0.027999999999999997, 'first_won_pct': 0.722, 'second_won_pct': 0.846}","{'first_in_pct': 0.068, 'first_won_pct': 0.61, 'second_won_pct': 0.528}"
"2025 Rotterdam Tournament Results, Stats, and Analysis",HardDraw,32,C,2025-02-03,https://www.tennisabstract.com/cgi-bin/tourney.cgi?t=2025-0407%2FRotterdam,R16,Pedro Martinez,Holger Rune,44,14,6-4 6-1,,1.82,"{'ace_pct': 0.0182, 'first_in_pct': 0.0, 'first_won_pct': 0.6940000000000001, 'second_won_pct': 0.735}","{'first_in_pct': 0.034, 'first_won_pct': 0.569, 'second_won_pct': 0.515}"
"2025 Rotterdam Tournament Results, Stats, and Analysis",HardDraw,32,C,2025-02-03,https://www.tennisabstract.com/cgi-bin/tourney.cgi?t=2025-0407%2FRotterdam,R16,Andrey Rublev,Fabian Marozsan,10,57,7-6(2) 7-6(7),,1.15,"{'ace_pct': 0.0115, 'first_in_pct': 0.128, 'first_won_pct': 0.59, 'second_won_pct': 0.7390000000000001}","{'first_in_pct': 0.08900000000000001, 'first_won_pct': 0.684, 'second_won_pct': 0.667}"
"2025 Rotterdam Tournament Results, Stats, and Analysis",HardDraw,32,C,2025-02-03,https://www.tennisabstract.com/cgi-bin/tourney.cgi?t=2025-0407%2FRotterdam,R16,Hubert Hurkacz,Jiri Lehecka,21,24,7-5 2-0 RET,,1.44,"{'ace_pct': 0.0144, 'first_in_pct': 0.14, 'first_won_pct': 0.674, 'second_won_pct': 0.828}","{'first_in_pct': 0.079, 'first_won_pct': 0.684, 'second_won_pct': 0.615}"
"2025 Rotterdam Tournament Results, Stats, and Analysis",HardDraw,32,C,2025-02-03,https://www.tennisabstract.com/cgi-bin/tourney.cgi?t=2025-0407%2FRotterdam,R16,Daniel Altmaier,Arthur Fils,93,19,6-4 3-6 7-5,,1.12,"{'ace_pct': 0.011200000000000002, 'first_in_pct': 0.128, 'first_won_pct': 0.616, 'second_won_pct': 0.736}","{'first_in_pct': 0.052000000000000005, 'first_won_pct': 0.586, 'second_won_pct': 0.662}"
"2025 Rotterdam Tournament Results, Stats, and Analysis",HardDraw,32,C,2025-02-03,https://www.tennisabstract.com/cgi-bin/tourney.cgi?t=2025-0407%2FRotterdam,R16,Alex De Minaur,Jakub Mensik,8,47,6-4 6-4,,2.19,"{'ace_pct': 0.0219, 'first_in_pct': 0.038, 'first_won_pct': 0.6729999999999999, 'second_won_pct': 0.8290000000000001}","{'first_in_pct': 0.158, 'first_won_pct': 0.5660000000000001, 'second_won_pct': 0.7909999999999999}"
"2025 Rotterdam Tournament Results, Stats, and Analysis",HardDraw,32,C,2025-02-03,https://www.tennisabstract.com/cgi-bin/tourney.cgi?t=2025-0407%2FRotterdam,R16,Stefanos Tsitsipas,Tallon Griekspoor,12,43,6-7(5) 7-6(6) 7-5,,1.21,"{'ace_pct': 0.0121, 'first_in_pct': 0.10300000000000001, 'first_won_pct': 0.612, 'second_won_pct': 0.8029999999999999}","{'first_in_pct': 0.076, 'first_won_pct': 0.679, 'second_won_pct': 0.73}"
"2025 Rotterdam Tournament Results, Stats, and Analysis",HardDraw,32,C,2025-02-03,https://www.tennisabstract.com/cgi-bin/tourney.cgi?t=2025-0407%2FRotterdam,R16,Mattia Bellucci,Daniil Medvedev,92,7,6-3 6-7(6) 6-3,,0.9,"{'ace_pct': 0.009000000000000001, 'first_in_pct': 0.015, 'first_won_pct': 0.649, 'second_won_pct': 0.659}","{'first_in_pct': 0.09699999999999999, 'first_won_pct': 0.57, 'second_won_pct': 0.83}"
"2025 Rotterdam Tournament Results, Stats, and Analysis",HardDraw,32,C,2025-02-03,https://www.tennisabstract.com/cgi-bin/tourney.cgi?t=2025-0407%2FRotterdam,R32,Carlos Alcaraz,Botic Van De Zandschulp,3,84,7-6(3) 3-6 6-1,,1.1,"{'ace_pct': 0.011000000000000001, 'first_in_pct': 0.032, 'first_won_pct': 0.5579999999999999, 'second_won_pct': 0.679}","{'first_in_pct': 0.04, 'first_won_pct': 0.63, 'second_won_pct': 0.6509999999999999}"
"2025 Rotterdam Tournament Results, Stats, and Analysis",HardDraw,32,C,2025-02-03,https://www.tennisabstract.com/cgi-bin/tourney.cgi?t=2025-0407%2FRotterdam,R32,Andrea Vavassori,Felix Auger Aliassime,317,23,6-7(3) 6-4 0-0 RET,,0.99,"{'ace_pct': 0.009899999999999999, 'first_in_pct': 0.071, 'first_won_pct': 0.614, 'second_won_pct': 0.8370000000000001}","{'first_in_pct': 0.078, 'first_won_pct': 0.672, 'second_won_pct': 0.767}"
"2025 Rotterdam Tournament Results, Stats, and Analysis",HardDraw,32,C,2025-02-03,https://www.tennisabstract.com/cgi-bin/tourney.cgi?t=2025-0407%2FRotterdam,R32,Pedro Martinez,Roberto Bautista Agut,44,52,6-3 6-2,,1.49,"{'ace_pct': 0.0149, 'first_in_pct': 0.0, 'first_won_pct': 0.5770000000000001, 'second_won_pct': 0.6}","{'first_in_pct': 0.015, 'first_won_pct': 0.5760000000000001, 'second_won_pct': 0.5529999999999999}"
"2025 Rotterdam Tournament Results, Stats, and Analysis",HardDraw,32,C,2025-02-03,https://www.tennisabstract.com/cgi-bin/tourney.cgi?t=2025-0407%2FRotterdam,R32,Holger Rune,Lorenzo Sonego,14,34,7-6(4) 6-4,,1.4,"{'ace_pct': 0.013999999999999999, 'first_in_pct': 0.069, 'first_won_pct': 0.569, 'second_won_pct': 0.78}","{'first_in_pct': 0.031, 'first_won_pct': 0.5920000000000001, 'second_won_pct': 0.655}"
"2025 Rotterdam Tournament Results, Stats, and Analysis",HardDraw,32,C,2025-02-03,https://www.tennisabstract.com/cgi-bin/tourney.cgi?t=2025-0407%2FRotterdam,R32,Andrey Rublev,Zhizhen Zhang,10,50,6-3 6-4,,1.38,"{'ace_pct': 0.0138, 'first_in_pct': 0.115, 'first_won_pct': 0.607, 'second_won_pct': 0.784}","{'first_in_pct': 0.114, 'first_won_pct': 0.5429999999999999, 'second_won_pct': 0.711}"
"2025 Rotterdam Tournament Results, Stats, and Analysis",HardDraw,32,C,2025-02-03,https://www.tennisabstract.com/cgi-bin/tourney.cgi?t=2025-0407%2FRotterdam,R32,Fabian Marozsan,Jan Lennard Struff,57,45,6-3 4-6 7-6(3),,0.99,"{'ace_pct': 0.009899999999999999, 'first_in_pct': 0.069, 'first_won_pct': 0.6759999999999999, 'second_won_pct': 0.768}","{'first_in_pct': 0.14, 'first_won_pct': 0.505, 'second_won_pct': 0.83}"
"2025 Rotterdam Tournament Results, Stats, and Analysis",HardDraw,32,C,2025-02-03,https://www.tennisabstract.com/cgi-bin/tourney.cgi?t=2025-0407%2FRotterdam,R32,Jiri Lehecka,Alexei Popyrin,24,26,7-5 6-2,,1.22,"{'ace_pct': 0.012199999999999999, 'first_in_pct': 0.076, 'first_won_pct': 0.682, 'second_won_pct': 0.733}","{'first_in_pct': 0.055999999999999994, 'first_won_pct': 0.593, 'second_won_pct': 0.7809999999999999}"
"2025 Rotterdam Tournament Results, Stats, and Analysis",HardDraw,32,C,2025-02-03,https://www.tennisabstract.com/cgi-bin/tourney.cgi?t=2025-0407%2FRotterdam,R32,Hubert Hurkacz,Flavio Cobolli,21,35,6-3 6-2,,1.9,"{'ace_pct': 0.019, 'first_in_pct': 0.146, 'first_won_pct': 0.563, 'second_won_pct': 0.852}","{'first_in_pct': 0.073, 'first_won_pct': 0.6, 'second_won_pct': 0.636}"
"2025 Rotterdam Tournament Results, Stats, and Analysis",HardDraw,32,C,2025-02-03,https://www.tennisabstract.com/cgi-bin/tourney.cgi?t=2025-0407%2FRotterdam,R32,Arthur Fils,Constant Lestienne,19,169,6-7(4) 6-2 6-1,,1.31,"{'ace_pct': 0.0131, 'first_in_pct': 0.156, 'first_won_pct': 0.544, 'second_won_pct': 0.735}","{'first_in_pct': 0.011000000000000001, 'first_won_pct': 0.54, 'second_won_pct': 0.596}"
"2025 Rotterdam Tournament Results, Stats, and Analysis",HardDraw,32,C,2025-02-03,https://www.tennisabstract.com/cgi-bin/tourney.cgi?t=2025-0407%2FRotterdam,R32,Daniel Altmaier,Aleksandar Kovacevic,93,75,1-6 6-4 6-3,,1.13,"{'ace_pct': 0.0113, 'first_in_pct': 0.125, 'first_won_pct': 0.514, 'second_won_pct': 0.838}","{'first_in_pct': 0.04, 'first_won_pct': 0.573, 'second_won_pct': 0.767}"
"2025 Rotterdam Tournament Results, Stats, and Analysis",HardDraw,32,C,2025-02-03,https://www.tennisabstract.com/cgi-bin/tourney.cgi?t=2025-0407%2FRotterdam,R32,Jakub Mensik,Alexander Bublik,47,49,6-4 6-4,,1.65,"{'ace_pct': 0.0165, 'first_in_pct': 0.2, 'first_won_pct': 0.66, 'second_won_pct': 0.879}","{'first_in_pct': 0.086, 'first_won_pct': 0.552, 'second_won_pct': 0.8440000000000001}"
"2025 Rotterdam Tournament Results, Stats, and Analysis",HardDraw,32,C,2025-02-03,https://www.tennisabstract.com/cgi-bin/tourney.cgi?t=2025-0407%2FRotterdam,R32,Alex De Minaur,David Goffin,8,56,6-2 6-4,,1.44,"{'ace_pct': 0.0144, 'first_in_pct': 0.067, 'first_won_pct': 0.467, 'second_won_pct': 0.7140000000000001}","{'first_in_pct': 0.027999999999999997, 'first_won_pct': 0.514, 'second_won_pct': 0.73}"
"2025 Rotterdam Tournament Results, Stats, and Analysis",HardDraw,32,C,2025-02-03,https://www.tennisabstract.com/cgi-bin/tourney.cgi?t=2025-0407%2FRotterdam,R32,Stefanos Tsitsipas,Harold Mayot,12,138,6-1 7-5,,1.97,"{'ace_pct': 0.0197, 'first_in_pct': 0.073, 'first_won_pct': 0.564, 'second_won_pct': 0.871}","{'first_in_pct': 0.015, 'first_won_pct': 0.6, 'second_won_pct': 0.564}"
"2025 Rotterdam Tournament Results, Stats, and Analysis",HardDraw,32,C,2025-02-03,https://www.tennisabstract.com/cgi-bin/tourney.cgi?t=2025-0407%2FRotterdam,R32,Tallon Griekspoor,Matteo Berrettini,43,33,6-3 6-7(2) 7-6(4),,0.69,"{'ace_pct': 0.0069, 'first_in_pct': 0.078, 'first_won_pct': 0.5920000000000001, 'second_won_pct': 0.836}","{'first_in_pct': 0.151, 'first_won_pct': 0.6509999999999999, 'second_won_pct': 0.857}"
"2025 Rotterdam Tournament Results, Stats, and Analysis",HardDraw,32,C,2025-02-03,https://www.tennisabstract.com/cgi-bin/tourney.cgi?t=2025-0407%2FRotterdam,R32,Mattia Bellucci,Mees Rottgering,92,839,6-3 6-2,,1.51,"{'ace_pct': 0.0151, 'first_in_pct': 0.16899999999999998, 'first_won_pct': 0.6609999999999999, 'second_won_pct': 0.795}","{'first_in_pct': 0.0, 'first_won_pct': 0.5710000000000001, 'second_won_pct': 0.575}"
"2025 Rotterdam Tournament Results, Stats, and Analysis",HardDraw,32,C,2025-02-03,https://www.tennisabstract.com/cgi-bin/tourney.cgi?t=2025-0407%2FRotterdam,R32,Daniil Medvedev,Stan Wawrinka,7,155,6-7(8) 6-4 6-1,,1.34,"{'ace_pct': 0.0134, 'first_in_pct': 0.08, 'first_won_pct': 0.648, 'second_won_pct': 0.737}","{'first_in_pct': 0.038, 'first_won_pct': 0.519, 'second_won_pct': 0.7090000000000001}"
"2025 Monte Carlo Masters Tournament Results, Stats, and Analysis",ClayDraw,56,C,2025-04-07,https://www.tennisabstract.com/cgi-bin/tourney.cgi?t=2025-0410%2FHouston,F,Carlos Alcaraz,Lorenzo Musetti,3,16,3-6 6-1 6-0,,1.39,"{'ace_pct': 0.0139, 'first_in_pct': 0.038, 'first_won_pct': 0.718, 'second_won_pct': 0.696}","{'first_in_pct': 0.044000000000000004, 'first_won_pct': 0.632, 'second_won_pct': 0.488}"
"2025 Monte Carlo Masters Tournament Results, Stats, and Analysis",ClayDraw,56,C,2025-04-07,https://www.tennisabstract.com/cgi-bin/tourney.cgi?t=2025-0410%2FHouston,SF,Lorenzo Musetti,Alex De Minaur,16,10,1-6 6-4 7-6(4),,0.9,"{'ace_pct': 0.009000000000000001, 'first_in_pct': 0.022000000000000002, 'first_won_pct': 0.667, 'second_won_pct': 0.597}","{'first_in_pct': 0.011000000000000001, 'first_won_pct': 0.521, 'second_won_pct': 0.735}"
"2025 Monte Carlo Masters Tournament Results, Stats, and Analysis",ClayDraw,56,C,2025-04-07,https://www.tennisabstract.com/cgi-bin/tourney.cgi?t=2025-0410%2FHouston,SF,Carlos Alcaraz,Alejandro Davidovich Fokina,3,42,7-6(2) 6-4,,1.29,"{'ace_pct': 0.0129, 'first_in_pct': 0.0, 'first_won_pct': 0.6579999999999999, 'second_won_pct': 0.6459999999999999}","{'first_in_pct': 0.027999999999999997, 'first_won_pct': 0.679, 'second_won_pct': 0.635}"
"2025 Monte Carlo Masters Tournament Results, Stats, and Analysis",ClayDraw,56,C,2025-04-07,https://www.tennisabstract.com/cgi-bin/tourney.cgi?t=2025-0410%2FHouston,QF,Lorenzo Musetti,Stefanos Tsitsipas,16,8,1-6 6-3 6-4,,1.02,"{'ace_pct': 0.0102, 'first_in_pct': 0.01, 'first_won_pct': 0.735, 'second_won_pct': 0.627}","{'first_in_pct': 0.012, 'first_won_pct': 0.494, 'second_won_pct': 0.667}"
"2025 Monte Carlo Masters Tournament Results, Stats, and Analysis",ClayDraw,56,C,2025-04-07,https://www.tennisabstract.com/cgi-bin/tourney.cgi?t=2025-0410%2FHouston,QF,Alex De Minaur,Grigor Dimitrov,10,18,6-0 6-0,,,"{'ace_pct': 0.0332, 'first_in_pct': 0.0, 'first_won_pct': 0.516, 'second_won_pct': 0.75}","{'first_in_pct': 0.0, 'first_won_pct': 0.594, 'second_won_pct': 0.316}"
"2025 Monte Carlo Masters Tournament Results, Stats, and Analysis",ClayDraw,56,C,2025-04-07,https://www.tennisabstract.com/cgi-bin/tourney.cgi?t=2025-0410%2FHouston,QF,Alejandro Davidovich Fokina,Alexei Popyrin,42,27,6-3 6-2,,2.06,"{'ace_pct': 0.0206, 'first_in_pct': 0.021, 'first_won_pct': 0.6809999999999999, 'second_won_pct': 0.813}","{'first_in_pct': 0.158, 'first_won_pct': 0.667, 'second_won_pct': 0.632}"
"2025 Monte Carlo Masters Tournament Results, Stats, and Analysis",ClayDraw,56,C,2025-04-07,https://www.tennisabstract.com/cgi-bin/tourney.cgi?t=2025-0410%2FHouston,QF,Carlos Alcaraz,Arthur Fils,3,15,4-6 7-5 6-3,,1.13,"{'ace_pct': 0.0113, 'first_in_pct': 0.03, 'first_won_pct': 0.614, 'second_won_pct': 0.6940000000000001}","{'first_in_pct': 0.0, 'first_won_pct': 0.602, 'second_won_pct': 0.726}"
"2025 Monte Carlo Masters Tournament Results, Stats, and Analysis",ClayDraw,56,C,2025-04-07,https://www.tennisabstract.com/cgi-bin/tourney.cgi?t=2025-0410%2FHouston,R16,Lorenzo Musetti,Matteo Berrettini,16,34,6-3 6-3,,1.7,"{'ace_pct': 0.017, 'first_in_pct': 0.0, 'first_won_pct': 0.74, 'second_won_pct': 0.73}","{'first_in_pct': 0.044000000000000004, 'first_won_pct': 0.6759999999999999, 'second_won_pct': 0.674}"
"2025 Monte Carlo Masters Tournament Results, Stats, and Analysis",ClayDraw,56,C,2025-04-07,https://www.tennisabstract.com/cgi-bin/tourney.cgi?t=2025-0410%2FHouston,R16,Stefanos Tsitsipas,Nuno Borges,8,43,6-1 6-1,,1.55,"{'ace_pct': 0.0155, 'first_in_pct': 0.054000000000000006, 'first_won_pct': 0.5710000000000001, 'second_won_pct': 0.7190000000000001}","{'first_in_pct': 0.0, 'first_won_pct': 0.63, 'second_won_pct': 0.414}"
"2025 Monte Carlo Masters Tournament Results, Stats, and Analysis",ClayDraw,56,C,2025-04-07,https://www.tennisabstract.com/cgi-bin/tourney.cgi?t=2025-0410%2FHouston,R16,Grigor Dimitrov,Alejandro Tabilo,18,32,6-3 3-6 6-2,,1.56,"{'ace_pct': 0.015600000000000001, 'first_in_pct': 0.10300000000000001, 'first_won_pct': 0.691, 'second_won_pct': 0.7659999999999999}","{'first_in_pct': 0.0, 'first_won_pct': 0.642, 'second_won_pct': 0.544}"
"2025 Monte Carlo Masters Tournament Results, Stats, and Analysis",ClayDraw,56,C,2025-04-07,https://www.tennisabstract.com/cgi-bin/tourney.cgi?t=2025-0410%2FHouston,R16,Alex De Minaur,Daniil Medvedev,10,11,6-2 6-2,,1.46,"{'ace_pct': 0.0146, 'first_in_pct': 0.065, 'first_won_pct': 0.522, 'second_won_pct': 0.583}","{'first_in_pct': 0.057999999999999996, 'first_won_pct': 0.5579999999999999, 'second_won_pct': 0.44799999999999995}"
"2025 Monte Carlo Masters Tournament Results, Stats, and Analysis",ClayDraw,56,C,2025-04-07,https://www.tennisabstract.com/cgi-bin/tourney.cgi?t=2025-0410%2FHouston,R16,Alejandro Davidovich Fokina,Jack Draper,42,6,6-3 6-7(6) 6-4,,1.08,"{'ace_pct': 0.0108, 'first_in_pct': 0.008, 'first_won_pct': 0.627, 'second_won_pct': 0.595}","{'first_in_pct': 0.051, 'first_won_pct': 0.48, 'second_won_pct': 0.638}"
"2025 Monte Carlo Masters Tournament Results, Stats, and Analysis",ClayDraw,56,C,2025-04-07,https://www.tennisabstract.com/cgi-bin/tourney.cgi?t=2025-0410%2FHouston,R16,Alexei Popyrin,Casper Ruud,27,7,6-4 3-6 7-5,,1.02,"{'ace_pct': 0.0102, 'first_in_pct': 0.034, 'first_won_pct': 0.624, 'second_won_pct': 0.74}","{'first_in_pct': 0.016, 'first_won_pct': 0.691, 'second_won_pct': 0.682}"
"2025 Monte Carlo Masters Tournament Results, Stats, and Analysis",ClayDraw,56,C,2025-04-07,https://www.tennisabstract.com/cgi-bin/tourney.cgi?t=2025-0410%2FHouston,R16,Arthur Fils,Andrey Rublev,15,9,6-2 6-3,,1.85,"{'ace_pct': 0.018500000000000003, 'first_in_pct': 0.095, 'first_won_pct': 0.619, 'second_won_pct': 0.8079999999999999}","{'first_in_pct': 0.038, 'first_won_pct': 0.604, 'second_won_pct': 0.594}"
"2025 Monte Carlo Masters Tournament Results, Stats, and Analysis",ClayDraw,56,C,2025-04-07,https://www.tennisabstract.com/cgi-bin/tourney.cgi?t=2025-0410%2FHouston,R16,Carlos Alcaraz,Daniel Altmaier,3,84,6-3 6-1,,1.33,"{'ace_pct': 0.013300000000000001, 'first_in_pct': 0.0, 'first_won_pct': 0.593, 'second_won_pct': 0.6}","{'first_in_pct': 0.0, 'first_won_pct': 0.462, 'second_won_pct': 0.5}"
"2025 Monte Carlo Masters Tournament Results, Stats, and Analysis",ClayDraw,56,C,2025-04-07,https://www.tennisabstract.com/cgi-bin/tourney.cgi?t=2025-0410%2FHouston,R32,Matteo Berrettini,Alexander Zverev,34,2,2-6 6-3 7-5,,1.02,"{'ace_pct': 0.0102, 'first_in_pct': 0.046, 'first_won_pct': 0.644, 'second_won_pct': 0.696}","{'first_in_pct': 0.071, 'first_won_pct': 0.706, 'second_won_pct': 0.633}"
"2025 Monte Carlo Masters Tournament Results, Stats, and Analysis",ClayDraw,56,C,2025-04-07,https://www.tennisabstract.com/cgi-bin/tourney.cgi?t=2025-0410%2FHouston,R32,Lorenzo Musetti,Jiri Lehecka,16,28,1-6 7-5 6-2,,1.24,"{'ace_pct': 0.0124, 'first_in_pct': 0.039, 'first_won_pct': 0.6970000000000001, 'second_won_pct': 0.604}","{'first_in_pct': 0.038, 'first_won_pct': 0.5710000000000001, 'second_won_pct': 0.667}"
"2025 Monte Carlo Masters Tournament Results, Stats, and Analysis",ClayDraw,56,C,2025-04-07,https://www.tennisabstract.com/cgi-bin/tourney.cgi?t=2025-0410%2FHouston,R32,Nuno Borges,Pedro Martinez,43,51,7-5 6-7(4) 6-4,,1.12,"{'ace_pct': 0.011200000000000002, 'first_in_pct': 0.08800000000000001, 'first_won_pct': 0.593, 'second_won_pct': 0.672}","{'first_in_pct': 0.023, 'first_won_pct': 0.7120000000000001, 'second_won_pct': 0.606}"
"2025 Monte Carlo Masters Tournament Results, Stats, and Analysis",ClayDraw,56,C,2025-04-07,https://www.tennisabstract.com/cgi-bin/tourney.cgi?t=2025-0410%2FHouston,R32,Stefanos Tsitsipas,Jordan Thompson,8,38,4-6 6-4 6-2,,1.22,"{'ace_pct': 0.012199999999999999, 'first_in_pct': 0.073, 'first_won_pct': 0.488, 'second_won_pct': 0.8}","{'first_in_pct': 0.064, 'first_won_pct': 0.615, 'second_won_pct': 0.708}"
"2025 Monte Carlo Masters Tournament Results, Stats, and Analysis",ClayDraw,56,C,2025-04-07,https://www.tennisabstract.com/cgi-bin/tourney.cgi?t=2025-0410%2FHouston,R32,Alejandro Tabilo,Novak Djokovic,32,5,6-3 6-4,,1.46,"{'ace_pct': 0.0146, 'first_in_pct': 0.034, 'first_won_pct': 0.627, 'second_won_pct': 0.8109999999999999}","{'first_in_pct': 0.054000000000000006, 'first_won_pct': 0.536, 'second_won_pct': 0.667}"
"2025 Monte Carlo Masters Tournament Results, Stats, and Analysis",ClayDraw,56,C,2025-04-07,https://www.tennisabstract.com/cgi-bin/tourney.cgi?t=2025-0410%2FHouston,R32,Grigor Dimitrov,Valentin Vacherot,18,255,4-6 6-3 6-1,,1.32,"{'ace_pct': 0.0132, 'first_in_pct': 0.051, 'first_won_pct': 0.57, 'second_won_pct': 0.6890000000000001}","{'first_in_pct': 0.0, 'first_won_pct': 0.747, 'second_won_pct': 0.536}"
"2025 Monte Carlo Masters Tournament Results, Stats, and Analysis",ClayDraw,56,C,2025-04-07,https://www.tennisabstract.com/cgi-bin/tourney.cgi?t=2025-0410%2FHouston,R32,Daniil Medvedev,Alexandre Muller,11,39,7-6(6) 5-7 6-2,,1.09,"{'ace_pct': 0.0109, 'first_in_pct': 0.068, 'first_won_pct': 0.563, 'second_won_pct': 0.7240000000000001}","{'first_in_pct': 0.008, 'first_won_pct': 0.5660000000000001, 'second_won_pct': 0.609}"
"2025 Monte Carlo Masters Tournament Results, Stats, and Analysis",ClayDraw,56,C,2025-04-07,https://www.tennisabstract.com/cgi-bin/tourney.cgi?t=2025-0410%2FHouston,R32,Alex De Minaur,Tomas Machac,10,21,3-6 6-0 6-3,,1.26,"{'ace_pct': 0.0126, 'first_in_pct': 0.038, 'first_won_pct': 0.525, 'second_won_pct': 0.7859999999999999}","{'first_in_pct': 0.067, 'first_won_pct': 0.627, 'second_won_pct': 0.7020000000000001}"
"2025 Monte Carlo Masters Tournament Results, Stats, and Analysis",ClayDraw,56,C,2025-04-07,https://www.tennisabstract.com/cgi-bin/tourney.cgi?t=2025-0410%2FHouston,R32,Jack Draper,Marcos Giron,6,45,6-1 6-1,,2.03,"{'ace_pct': 0.0203, 'first_in_pct': 0.11599999999999999, 'first_won_pct': 0.628, 'second_won_pct': 0.815}","{'first_in_pct': 0.0, 'first_won_pct': 0.457, 'second_won_pct': 0.667}"
"2025 Monte Carlo Masters Tournament Results, Stats, and Analysis",ClayDraw,56,C,2025-04-07,https://www.tennisabstract.com/cgi-bin/tourney.cgi?t=2025-0410%2FHouston,R32,Alejandro Davidovich Fokina,Tomas Martin Etcheverry,42,46,7-6(2) 6-3,,1.44,"{'ace_pct': 0.0144, 'first_in_pct': 0.057, 'first_won_pct': 0.586, 'second_won_pct': 0.7559999999999999}","{'first_in_pct': 0.073, 'first_won_pct': 0.537, 'second_won_pct': 0.636}"
"2025 Monte Carlo Masters Tournament Results, Stats, and Analysis",ClayDraw,56,C,2025-04-07,https://www.tennisabstract.com/cgi-bin/tourney.cgi?t=2025-0410%2FHouston,R32,Alexei Popyrin,Frances Tiafoe,27,17,3-6 6-3 6-3,,1.0,"{'ace_pct': 0.01, 'first_in_pct': 0.08900000000000001, 'first_won_pct': 0.6579999999999999, 'second_won_pct': 0.6729999999999999}","{'first_in_pct': 0.071, 'first_won_pct': 0.515, 'second_won_pct': 0.627}"
"2025 Monte Carlo Masters Tournament Results, Stats, and Analysis",ClayDraw,56,C,2025-04-07,https://www.tennisabstract.com/cgi-bin/tourney.cgi?t=2025-0410%2FHouston,R32,Casper Ruud,Roberto Bautista Agut,7,52,6-2 6-1,,2.95,"{'ace_pct': 0.029500000000000002, 'first_in_pct': 0.154, 'first_won_pct': 0.7440000000000001, 'second_won_pct': 0.862}","{'first_in_pct': 0.0, 'first_won_pct': 0.608, 'second_won_pct': 0.484}"
"2025 Monte Carlo Masters Tournament Results, Stats, and Analysis",ClayDraw,56,C,2025-04-07,https://www.tennisabstract.com/cgi-bin/tourney.cgi?t=2025-0410%2FHouston,R32,Andrey Rublev,Gael Monfils,9,44,6-4 7-6(2),,1.31,"{'ace_pct': 0.0131, 'first_in_pct': 0.076, 'first_won_pct': 0.545, 'second_won_pct': 0.722}","{'first_in_pct': 0.13, 'first_won_pct': 0.532, 'second_won_pct': 0.805}"
"2025 Monte Carlo Masters Tournament Results, Stats, and Analysis",ClayDraw,56,C,2025-04-07,https://www.tennisabstract.com/cgi-bin/tourney.cgi?t=2025-0410%2FHouston,R32,Arthur Fils,Flavio Cobolli,15,36,6-2 6-4,,1.57,"{'ace_pct': 0.015700000000000002, 'first_in_pct': 0.019, 'first_won_pct': 0.604, 'second_won_pct': 0.75}","{'first_in_pct': 0.0, 'first_won_pct': 0.519, 'second_won_pct': 0.536}"
"2025 Monte Carlo Masters Tournament Results, Stats, and Analysis",ClayDraw,56,C,2025-04-07,https://www.tennisabstract.com/cgi-bin/tourney.cgi?t=2025-0410%2FHouston,R32,Daniel Altmaier,Richard Gasquet,84,164,7-5 5-7 6-2,,1.09,"{'ace_pct': 0.0109, 'first_in_pct': 0.057999999999999996, 'first_won_pct': 0.529, 'second_won_pct': 0.782}","{'first_in_pct': 0.011000000000000001, 'first_won_pct': 0.539, 'second_won_pct': 0.625}"
"2025 Monte Carlo Masters Tournament Results, Stats, and Analysis",ClayDraw,56,C,2025-04-07,https://www.tennisabstract.com/cgi-bin/tourney.cgi?t=2025-0410%2FHouston,R32,Carlos Alcaraz,Francisco Cerundolo,3,22,3-6 6-0 6-1,,1.38,"{'ace_pct': 0.0138, 'first_in_pct': 0.013000000000000001, 'first_won_pct': 0.539, 'second_won_pct': 0.6829999999999999}","{'first_in_pct': 0.036000000000000004, 'first_won_pct': 0.6, 'second_won_pct': 0.515}"
"2025 Monte Carlo Masters Tournament Results, Stats, and Analysis",ClayDraw,56,C,2025-04-07,https://www.tennisabstract.com/cgi-bin/tourney.cgi?t=2025-0410%2FHouston,R64,Matteo Berrettini,Mariano Navone,34,70,6-4 6-4,,1.11,"{'ace_pct': 0.0111, 'first_in_pct': 0.028999999999999998, 'first_won_pct': 0.638, 'second_won_pct': 0.659}","{'first_in_pct': 0.0, 'first_won_pct': 0.652, 'second_won_pct': 0.5579999999999999}"
"2025 Monte Carlo Masters Tournament Results, Stats, and Analysis",ClayDraw,56,C,2025-04-07,https://www.tennisabstract.com/cgi-bin/tourney.cgi?t=2025-0410%2FHouston,R64,Jiri Lehecka,Sebastian Korda,28,24,6-3 7-6(7),,1.37,"{'ace_pct': 0.0137, 'first_in_pct': 0.077, 'first_won_pct': 0.631, 'second_won_pct': 0.878}","{'first_in_pct': 0.07400000000000001, 'first_won_pct': 0.706, 'second_won_pct': 0.6459999999999999}"
"2025 Monte Carlo Masters Tournament Results, Stats, and Analysis",ClayDraw,56,C,2025-04-07,https://www.tennisabstract.com/cgi-bin/tourney.cgi?t=2025-0410%2FHouston,R64,Lorenzo Musetti,Bu Yunchaokete,16,67,4-6 7-5 6-3,,1.19,"{'ace_pct': 0.011899999999999999, 'first_in_pct': 0.011000000000000001, 'first_won_pct': 0.767, 'second_won_pct': 0.71}","{'first_in_pct': 0.04, 'first_won_pct': 0.5539999999999999, 'second_won_pct': 0.696}"
"2025 Monte Carlo Masters Tournament Results, Stats, and Analysis",ClayDraw,56,C,2025-04-07,https://www.tennisabstract.com/cgi-bin/tourney.cgi?t=2025-0410%2FHouston,R64,Nuno Borges,Holger Rune,43,12,6-2 3-0 RET,,1.79,"{'ace_pct': 0.0179, 'first_in_pct': 0.162, 'first_won_pct': 0.73, 'second_won_pct': 0.815}","{'first_in_pct': 0.0, 'first_won_pct': 0.5329999999999999, 'second_won_pct': 0.688}"
"2025 Monte Carlo Masters Tournament Results, Stats, and Analysis",ClayDraw,56,C,2025-04-07,https://www.tennisabstract.com/cgi-bin/tourney.cgi?t=2025-0410%2FHouston,R64,Pedro Martinez,Lorenzo Sonego,51,41,6-4 1-6 6-2,,1.12,"{'ace_pct': 0.011200000000000002, 'first_in_pct': 0.0, 'first_won_pct': 0.773, 'second_won_pct': 0.706}","{'first_in_pct': 0.08, 'first_won_pct': 0.609, 'second_won_pct': 0.774}"
"2025 Monte Carlo Masters Tournament Results, Stats, and Analysis",ClayDraw,56,C,2025-04-07,https://www.tennisabstract.com/cgi-bin/tourney.cgi?t=2025-0410%2FHouston,R64,Jordan Thompson,Giovanni Mpetshi Perricard,38,30,6-4 6-3,,1.71,"{'ace_pct': 0.0171, 'first_in_pct': 0.02, 'first_won_pct': 0.5920000000000001, 'second_won_pct': 0.759}","{'first_in_pct': 0.111, 'first_won_pct': 0.654, 'second_won_pct': 0.5660000000000001}"
"2025 Monte Carlo Masters Tournament Results, Stats, and Analysis",ClayDraw,56,C,2025-04-07,https://www.tennisabstract.com/cgi-bin/tourney.cgi?t=2025-0410%2FHouston,R64,Alejandro Tabilo,Stan Wawrinka,32,163,1-6 7-5 7-5,,0.98,"{'ace_pct': 0.0098, 'first_in_pct': 0.03, 'first_won_pct': 0.564, 'second_won_pct': 0.667}","{'first_in_pct': 0.07, 'first_won_pct': 0.591, 'second_won_pct': 0.618}"
"2025 Monte Carlo Masters Tournament Results, Stats, and Analysis",ClayDraw,56,C,2025-04-07,https://www.tennisabstract.com/cgi-bin/tourney.cgi?t=2025-0410%2FHouston,R64,Valentin Vacherot,Jan Lennard Struff,255,49,6-2 6-1,,2.37,"{'ace_pct': 0.023700000000000002, 'first_in_pct': 0.122, 'first_won_pct': 0.659, 'second_won_pct': 0.852}","{'first_in_pct': 0.063, 'first_won_pct': 0.6459999999999999, 'second_won_pct': 0.516}"
"2025 Monte Carlo Masters Tournament Results, Stats, and Analysis",ClayDraw,56,C,2025-04-07,https://www.tennisabstract.com/cgi-bin/tourney.cgi?t=2025-0410%2FHouston,R64,Grigor Dimitrov,Nicolas Jarry,18,58,6-3 6-4,,1.15,"{'ace_pct': 0.0115, 'first_in_pct': 0.013000000000000001, 'first_won_pct': 0.52, 'second_won_pct': 0.718}","{'first_in_pct': 0.063, 'first_won_pct': 0.6509999999999999, 'second_won_pct': 0.537}"
"2025 Monte Carlo Masters Tournament Results, Stats, and Analysis",ClayDraw,56,C,2025-04-07,https://www.tennisabstract.com/cgi-bin/tourney.cgi?t=2025-0410%2FHouston,R64,Daniil Medvedev,Karen Khachanov,11,25,7-5 4-6 6-4,,1.11,"{'ace_pct': 0.0111, 'first_in_pct': 0.042, 'first_won_pct': 0.5, 'second_won_pct': 0.7290000000000001}","{'first_in_pct': 0.008, 'first_won_pct': 0.7140000000000001, 'second_won_pct': 0.518}"
"2025 Monte Carlo Masters Tournament Results, Stats, and Analysis",ClayDraw,56,C,2025-04-07,https://www.tennisabstract.com/cgi-bin/tourney.cgi?t=2025-0410%2FHouston,R64,Alexandre Muller,Camilo Ugo Carabelli,39,63,6-4 6-4,,1.33,"{'ace_pct': 0.013300000000000001, 'first_in_pct': 0.032, 'first_won_pct': 0.667, 'second_won_pct': 0.738}","{'first_in_pct': 0.0, 'first_won_pct': 0.635, 'second_won_pct': 0.7}"
"2025 Monte Carlo Masters Tournament Results, Stats, and Analysis",ClayDraw,56,C,2025-04-07,https://www.tennisabstract.com/cgi-bin/tourney.cgi?t=2025-0410%2FHouston,R64,Tomas Machac,Sebastian Baez,21,33,3-6 6-3 6-2,,1.09,"{'ace_pct': 0.0109, 'first_in_pct': 0.047, 'first_won_pct': 0.529, 'second_won_pct': 0.6890000000000001}","{'first_in_pct': 0.026000000000000002, 'first_won_pct': 0.6920000000000001, 'second_won_pct': 0.556}"
"2025 Monte Carlo Masters Tournament Results, Stats, and Analysis",ClayDraw,56,C,2025-04-07,https://www.tennisabstract.com/cgi-bin/tourney.cgi?t=2025-0410%2FHouston,R64,Marcos Giron,Denis Shapovalov,45,29,6-3 7-6(5),,0.9,"{'ace_pct': 0.009000000000000001, 'first_in_pct': 0.011000000000000001, 'first_won_pct': 0.568, 'second_won_pct': 0.611}","{'first_in_pct': 0.1, 'first_won_pct': 0.517, 'second_won_pct': 0.742}"
"2025 Monte Carlo Masters Tournament Results, Stats, and Analysis",ClayDraw,56,C,2025-04-07,https://www.tennisabstract.com/cgi-bin/tourney.cgi?t=2025-0410%2FHouston,R64,Tomas Martin Etcheverry,Corentin Moutet,46,75,4-6 6-1 6-4,,1.28,"{'ace_pct': 0.0128, 'first_in_pct': 0.038, 'first_won_pct': 0.65, 'second_won_pct': 0.7120000000000001}","{'first_in_pct': 0.024, 'first_won_pct': 0.583, 'second_won_pct': 0.633}"
"2025 Monte Carlo Masters Tournament Results, Stats, and Analysis",ClayDraw,56,C,2025-04-07,https://www.tennisabstract.com/cgi-bin/tourney.cgi?t=2025-0410%2FHouston,R64,Alejandro Davidovich Fokina,Ben Shelton,42,14,6-7(2) 6-2 6-1,,1.31,"{'ace_pct': 0.0131, 'first_in_pct': 0.022000000000000002, 'first_won_pct': 0.578, 'second_won_pct': 0.5770000000000001}","{'first_in_pct': 0.068, 'first_won_pct': 0.649, 'second_won_pct': 0.5}"
"2025 Monte Carlo Masters Tournament Results, Stats, and Analysis",ClayDraw,56,C,2025-04-07,https://www.tennisabstract.com/cgi-bin/tourney.cgi?t=2025-0410%2FHouston,R64,Frances Tiafoe,Miomir Kecmanovic,17,47,6-2 5-7 7-6(5),,1.04,"{'ace_pct': 0.0104, 'first_in_pct': 0.064, 'first_won_pct': 0.569, 'second_won_pct': 0.6609999999999999}","{'first_in_pct': 0.054000000000000006, 'first_won_pct': 0.5539999999999999, 'second_won_pct': 0.6609999999999999}"
"2025 Monte Carlo Masters Tournament Results, Stats, and Analysis",ClayDraw,56,C,2025-04-07,https://www.tennisabstract.com/cgi-bin/tourney.cgi?t=2025-0410%2FHouston,R64,Alexei Popyrin,Ugo Humbert,27,20,3-6 7-6(2) 6-4,,1.05,"{'ace_pct': 0.0105, 'first_in_pct': 0.027999999999999997, 'first_won_pct': 0.636, 'second_won_pct': 0.765}","{'first_in_pct': 0.06, 'first_won_pct': 0.578, 'second_won_pct': 0.746}"
"2025 Monte Carlo Masters Tournament Results, Stats, and Analysis",ClayDraw,56,C,2025-04-07,https://www.tennisabstract.com/cgi-bin/tourney.cgi?t=2025-0410%2FHouston,R64,Roberto Bautista Agut,Brandon Nakashima,52,31,6-2 6-4,,1.56,"{'ace_pct': 0.015600000000000001, 'first_in_pct': 0.052000000000000005, 'first_won_pct': 0.7240000000000001, 'second_won_pct': 0.738}","{'first_in_pct': 0.019, 'first_won_pct': 0.66, 'second_won_pct': 0.5429999999999999}"
"2025 Monte Carlo Masters Tournament Results, Stats, and Analysis",ClayDraw,56,C,2025-04-07,https://www.tennisabstract.com/cgi-bin/tourney.cgi?t=2025-0410%2FHouston,R64,Gael Monfils,Fabian Marozsan,44,81,4-6 6-1 6-1,,1.54,"{'ace_pct': 0.0154, 'first_in_pct': 0.055999999999999994, 'first_won_pct': 0.542, 'second_won_pct': 0.769}","{'first_in_pct': 0.025, 'first_won_pct': 0.654, 'second_won_pct': 0.604}"
"2025 Monte Carlo Masters Tournament Results, Stats, and Analysis",ClayDraw,56,C,2025-04-07,https://www.tennisabstract.com/cgi-bin/tourney.cgi?t=2025-0410%2FHouston,R64,Flavio Cobolli,Dusan Lajovic,36,109,6-4 6-2,,1.35,"{'ace_pct': 0.013500000000000002, 'first_in_pct': 0.037000000000000005, 'first_won_pct': 0.519, 'second_won_pct': 0.679}","{'first_in_pct': 0.053, 'first_won_pct': 0.737, 'second_won_pct': 0.47600000000000003}"
"2025 Monte Carlo Masters Tournament Results, Stats, and Analysis",ClayDraw,56,C,2025-04-07,https://www.tennisabstract.com/cgi-bin/tourney.cgi?t=2025-0410%2FHouston,R64,Arthur Fils,Tallon Griekspoor,15,35,6-7(3) 6-4 6-2,,1.28,"{'ace_pct': 0.0128, 'first_in_pct': 0.063, 'first_won_pct': 0.622, 'second_won_pct': 0.7829999999999999}","{'first_in_pct': 0.05, 'first_won_pct': 0.625, 'second_won_pct': 0.733}"
"2025 Monte Carlo Masters Tournament Results, Stats, and Analysis",ClayDraw,56,C,2025-04-07,https://www.tennisabstract.com/cgi-bin/tourney.cgi?t=2025-0410%2FHouston,R64,Daniel Altmaier,Felix Auger Aliassime,84,19,7-6(5) 6-3,,1.09,"{'ace_pct': 0.0109, 'first_in_pct': 0.076, 'first_won_pct': 0.633, 'second_won_pct': 0.74}","{'first_in_pct': 0.057, 'first_won_pct': 0.7140000000000001, 'second_won_pct': 0.66}"
"2025 Monte Carlo Masters Tournament Results, Stats, and Analysis",ClayDraw,56,C,2025-04-07,https://www.tennisabstract.com/cgi-bin/tourney.cgi?t=2025-0410%2FHouston,R64,Richard Gasquet,Matteo Arnaldi,164,40,6-3 4-6 6-4,,1.16,"{'ace_pct': 0.0116, 'first_in_pct': 0.01, 'first_won_pct': 0.485, 'second_won_pct': 0.708}","{'first_in_pct': 0.053, 'first_won_pct': 0.526, 'second_won_pct': 0.68}"
"2025 Monte Carlo Masters Tournament Results, Stats, and Analysis",ClayDraw,56,C,2025-04-07,https://www.tennisabstract.com/cgi-bin/tourney.cgi?t=2025-0410%2FHouston,R64,Francisco Cerundolo,Fabio Fognini,22,113,6-0 6-3,,2.78,"{'ace_pct': 0.0278, 'first_in_pct': 0.10800000000000001, 'first_won_pct': 0.73, 'second_won_pct': 0.815}","{'first_in_pct': 0.0, 'first_won_pct': 0.525, 'second_won_pct': 0.516}"
"2025 Rome Masters Tournament Results, Stats, and Analysis",ClayDraw,96,C,2025-05-07,https://www.tennisabstract.com/cgi-bin/tourney.cgi?t=2025-0416%2FIndian-Wells,F,Carlos Alcaraz,Jannik Sinner,3,,7-6(5) 6-1,,1.24,"{'ace_pct': 0.0124, 'first_in_pct': 0.053, 'first_won_pct': 0.64, 'second_won_pct': 0.7290000000000001}","{'first_in_pct': 0.017, 'first_won_pct': 0.603, 'second_won_pct': 0.7140000000000001}"
"2025 Rome Masters Tournament Results, Stats, and Analysis",ClayDraw,96,C,2025-05-07,https://www.tennisabstract.com/cgi-bin/tourney.cgi?t=2025-0416%2FIndian-Wells,SF,Jannik Sinner,Tommy Paul,,12,1-6 6-0 6-3,,1.27,"{'ace_pct': 0.0127, 'first_in_pct': 0.066, 'first_won_pct': 0.721, 'second_won_pct': 0.727}","{'first_in_pct': 0.0, 'first_won_pct': 0.784, 'second_won_pct': 0.569}"
"2025 Rome Masters Tournament Results, Stats, and Analysis",ClayDraw,96,C,2025-05-07,https://www.tennisabstract.com/cgi-bin/tourney.cgi?t=2025-0416%2FIndian-Wells,SF,Carlos Alcaraz,Lorenzo Musetti,3,9,6-3 7-6(4),,1.2,"{'ace_pct': 0.012, 'first_in_pct': 0.013999999999999999, 'first_won_pct': 0.667, 'second_won_pct': 0.667}","{'first_in_pct': 0.0, 'first_won_pct': 0.72, 'second_won_pct': 0.612}"
"2025 Rome Masters Tournament Results, Stats, and Analysis",ClayDraw,96,C,2025-05-07,https://www.tennisabstract.com/cgi-bin/tourney.cgi?t=2025-0416%2FIndian-Wells,QF,Jannik Sinner,Casper Ruud,,7,6-0 6-1,,2.81,"{'ace_pct': 0.0281, 'first_in_pct': 0.03, 'first_won_pct': 0.6970000000000001, 'second_won_pct': 0.7829999999999999}","{'first_in_pct': 0.023, 'first_won_pct': 0.523, 'second_won_pct': 0.435}"
"2025 Rome Masters Tournament Results, Stats, and Analysis",ClayDraw,96,C,2025-05-07,https://www.tennisabstract.com/cgi-bin/tourney.cgi?t=2025-0416%2FIndian-Wells,QF,Tommy Paul,Hubert Hurkacz,12,31,7-6(4) 6-3,,1.17,"{'ace_pct': 0.011699999999999999, 'first_in_pct': 0.011000000000000001, 'first_won_pct': 0.5820000000000001, 'second_won_pct': 0.736}","{'first_in_pct': 0.085, 'first_won_pct': 0.62, 'second_won_pct': 0.705}"
"2025 Rome Masters Tournament Results, Stats, and Analysis",ClayDraw,96,C,2025-05-07,https://www.tennisabstract.com/cgi-bin/tourney.cgi?t=2025-0416%2FIndian-Wells,QF,Carlos Alcaraz,Jack Draper,3,5,6-4 6-4,,1.17,"{'ace_pct': 0.011699999999999999, 'first_in_pct': 0.013000000000000001, 'first_won_pct': 0.613, 'second_won_pct': 0.612}","{'first_in_pct': 0.021, 'first_won_pct': 0.6809999999999999, 'second_won_pct': 0.563}"
"2025 Rome Masters Tournament Results, Stats, and Analysis",ClayDraw,96,C,2025-05-07,https://www.tennisabstract.com/cgi-bin/tourney.cgi?t=2025-0416%2FIndian-Wells,QF,Lorenzo Musetti,Alexander Zverev,9,2,7-6(1) 6-4,,1.25,"{'ace_pct': 0.0125, 'first_in_pct': 0.027000000000000003, 'first_won_pct': 0.5, 'second_won_pct': 0.703}","{'first_in_pct': 0.040999999999999995, 'first_won_pct': 0.6990000000000001, 'second_won_pct': 0.588}"
"2025 Rome Masters Tournament Results, Stats, and Analysis",ClayDraw,96,C,2025-05-07,https://www.tennisabstract.com/cgi-bin/tourney.cgi?t=2025-0416%2FIndian-Wells,R16,Jannik Sinner,Francisco Cerundolo,,18,7-6(2) 6-3,,1.15,"{'ace_pct': 0.0115, 'first_in_pct': 0.022000000000000002, 'first_won_pct': 0.659, 'second_won_pct': 0.667}","{'first_in_pct': 0.023, 'first_won_pct': 0.698, 'second_won_pct': 0.6}"
"2025 Rome Masters Tournament Results, Stats, and Analysis",ClayDraw,96,C,2025-05-07,https://www.tennisabstract.com/cgi-bin/tourney.cgi?t=2025-0416%2FIndian-Wells,R16,Casper Ruud,Jaume Munar,7,66,6-3 6-4,,1.62,"{'ace_pct': 0.016200000000000003, 'first_in_pct': 0.019, 'first_won_pct': 0.593, 'second_won_pct': 0.7809999999999999}","{'first_in_pct': 0.049, 'first_won_pct': 0.557, 'second_won_pct': 0.6759999999999999}"
"2025 Rome Masters Tournament Results, Stats, and Analysis",ClayDraw,96,C,2025-05-07,https://www.tennisabstract.com/cgi-bin/tourney.cgi?t=2025-0416%2FIndian-Wells,R16,Hubert Hurkacz,Jakub Mensik,31,21,7-6(5) 4-6 7-6(5),,0.89,"{'ace_pct': 0.0089, 'first_in_pct': 0.146, 'first_won_pct': 0.654, 'second_won_pct': 0.7290000000000001}","{'first_in_pct': 0.14800000000000002, 'first_won_pct': 0.5479999999999999, 'second_won_pct': 0.857}"
"2025 Rome Masters Tournament Results, Stats, and Analysis",ClayDraw,96,C,2025-05-07,https://www.tennisabstract.com/cgi-bin/tourney.cgi?t=2025-0416%2FIndian-Wells,R16,Tommy Paul,Alex De Minaur,12,8,7-5 6-3,,1.25,"{'ace_pct': 0.0125, 'first_in_pct': 0.0, 'first_won_pct': 0.581, 'second_won_pct': 0.628}","{'first_in_pct': 0.013999999999999999, 'first_won_pct': 0.569, 'second_won_pct': 0.561}"
"2025 Rome Masters Tournament Results, Stats, and Analysis",ClayDraw,96,C,2025-05-07,https://www.tennisabstract.com/cgi-bin/tourney.cgi?t=2025-0416%2FIndian-Wells,R16,Jack Draper,Corentin Moutet,5,83,1-6 6-4 6-3,,1.06,"{'ace_pct': 0.0106, 'first_in_pct': 0.027999999999999997, 'first_won_pct': 0.625, 'second_won_pct': 0.711}","{'first_in_pct': 0.025, 'first_won_pct': 0.544, 'second_won_pct': 0.674}"
"2025 Rome Masters Tournament Results, Stats, and Analysis",ClayDraw,96,C,2025-05-07,https://www.tennisabstract.com/cgi-bin/tourney.cgi?t=2025-0416%2FIndian-Wells,R16,Carlos Alcaraz,Karen Khachanov,3,24,6-3 3-6 7-5,,0.93,"{'ace_pct': 0.009300000000000001, 'first_in_pct': 0.01, 'first_won_pct': 0.657, 'second_won_pct': 0.652}","{'first_in_pct': 0.034, 'first_won_pct': 0.659, 'second_won_pct': 0.69}"
"2025 Rome Masters Tournament Results, Stats, and Analysis",ClayDraw,96,C,2025-05-07,https://www.tennisabstract.com/cgi-bin/tourney.cgi?t=2025-0416%2FIndian-Wells,R16,Lorenzo Musetti,Daniil Medvedev,9,11,7-5 6-4,,1.4,"{'ace_pct': 0.013999999999999999, 'first_in_pct': 0.069, 'first_won_pct': 0.603, 'second_won_pct': 0.7709999999999999}","{'first_in_pct': 0.034, 'first_won_pct': 0.603, 'second_won_pct': 0.7140000000000001}"
"2025 Rome Masters Tournament Results, Stats, and Analysis",ClayDraw,96,C,2025-05-07,https://www.tennisabstract.com/cgi-bin/tourney.cgi?t=2025-0416%2FIndian-Wells,R16,Alexander Zverev,Arthur Fils,2,14,7-6(3) 6-1,,1.34,"{'ace_pct': 0.0134, 'first_in_pct': 0.125, 'first_won_pct': 0.7340000000000001, 'second_won_pct': 0.723}","{'first_in_pct': 0.013000000000000001, 'first_won_pct': 0.573, 'second_won_pct': 0.628}"
"2025 Rome Masters Tournament Results, Stats, and Analysis",ClayDraw,96,C,2025-05-07,https://www.tennisabstract.com/cgi-bin/tourney.cgi?t=2025-0416%2FIndian-Wells,R32,Jannik Sinner,Jesper De Jong,,93,6-4 6-2,,1.59,"{'ace_pct': 0.0159, 'first_in_pct': 0.077, 'first_won_pct': 0.635, 'second_won_pct': 0.636}","{'first_in_pct': 0.017, 'first_won_pct': 0.483, 'second_won_pct': 0.536}"
"2025 Rome Masters Tournament Results, Stats, and Analysis",ClayDraw,96,C,2025-05-07,https://www.tennisabstract.com/cgi-bin/tourney.cgi?t=2025-0416%2FIndian-Wells,R32,Francisco Cerundolo,Sebastian Ofner,18,143,6-2 6-4,,1.56,"{'ace_pct': 0.015600000000000001, 'first_in_pct': 0.038, 'first_won_pct': 0.66, 'second_won_pct': 0.7709999999999999}","{'first_in_pct': 0.078, 'first_won_pct': 0.529, 'second_won_pct': 0.7040000000000001}"
"2025 Rome Masters Tournament Results, Stats, and Analysis",ClayDraw,96,C,2025-05-07,https://www.tennisabstract.com/cgi-bin/tourney.cgi?t=2025-0416%2FIndian-Wells,R32,Jaume Munar,Sebastian Korda,66,23,6-4 6-2,,1.42,"{'ace_pct': 0.014199999999999999, 'first_in_pct': 0.019, 'first_won_pct': 0.7120000000000001, 'second_won_pct': 0.757}","{'first_in_pct': 0.09300000000000001, 'first_won_pct': 0.667, 'second_won_pct': 0.583}"
"2025 Rome Masters Tournament Results, Stats, and Analysis",ClayDraw,96,C,2025-05-07,https://www.tennisabstract.com/cgi-bin/tourney.cgi?t=2025-0416%2FIndian-Wells,R32,Casper Ruud,Matteo Berrettini,7,30,7-5 2-0 RET,,1.93,"{'ace_pct': 0.019299999999999998, 'first_in_pct': 0.114, 'first_won_pct': 0.7140000000000001, 'second_won_pct': 0.88}","{'first_in_pct': 0.023, 'first_won_pct': 0.682, 'second_won_pct': 0.7}"
"2025 Rome Masters Tournament Results, Stats, and Analysis",ClayDraw,96,C,2025-05-07,https://www.tennisabstract.com/cgi-bin/tourney.cgi?t=2025-0416%2FIndian-Wells,R32,Hubert Hurkacz,Marcos Giron,31,45,6-3 1-6 6-1,,1.18,"{'ace_pct': 0.0118, 'first_in_pct': 0.171, 'first_won_pct': 0.643, 'second_won_pct': 0.8}","{'first_in_pct': 0.094, 'first_won_pct': 0.594, 'second_won_pct': 0.605}"
"2025 Rome Masters Tournament Results, Stats, and Analysis",ClayDraw,96,C,2025-05-07,https://www.tennisabstract.com/cgi-bin/tourney.cgi?t=2025-0416%2FIndian-Wells,R32,Jakub Mensik,Fabian Marozsan,21,61,6-4 7-6(2),,1.43,"{'ace_pct': 0.0143, 'first_in_pct': 0.156, 'first_won_pct': 0.547, 'second_won_pct': 0.8290000000000001}","{'first_in_pct': 0.027999999999999997, 'first_won_pct': 0.583, 'second_won_pct': 0.69}"
"2025 Rome Masters Tournament Results, Stats, and Analysis",ClayDraw,96,C,2025-05-07,https://www.tennisabstract.com/cgi-bin/tourney.cgi?t=2025-0416%2FIndian-Wells,R32,Tommy Paul,Tomas Machac,12,20,6-3 6-7(5) 6-4,,1.08,"{'ace_pct': 0.0108, 'first_in_pct': 0.071, 'first_won_pct': 0.5760000000000001, 'second_won_pct': 0.772}","{'first_in_pct': 0.035, 'first_won_pct': 0.581, 'second_won_pct': 0.68}"
"2025 Rome Masters Tournament Results, Stats, and Analysis",ClayDraw,96,C,2025-05-07,https://www.tennisabstract.com/cgi-bin/tourney.cgi?t=2025-0416%2FIndian-Wells,R32,Alex De Minaur,Hugo Dellien,8,103,6-4 6-4,,1.2,"{'ace_pct': 0.012, 'first_in_pct': 0.048, 'first_won_pct': 0.40299999999999997, 'second_won_pct': 0.76}","{'first_in_pct': 0.018000000000000002, 'first_won_pct': 0.667, 'second_won_pct': 0.632}"
"2025 Rome Masters Tournament Results, Stats, and Analysis",ClayDraw,96,C,2025-05-07,https://www.tennisabstract.com/cgi-bin/tourney.cgi?t=2025-0416%2FIndian-Wells,R32,Jack Draper,Vit Kopriva,5,92,6-4 6-3,,1.86,"{'ace_pct': 0.018600000000000002, 'first_in_pct': 0.061, 'first_won_pct': 0.5920000000000001, 'second_won_pct': 0.828}","{'first_in_pct': 0.013000000000000001, 'first_won_pct': 0.544, 'second_won_pct': 0.628}"
"2025 Rome Masters Tournament Results, Stats, and Analysis",ClayDraw,96,C,2025-05-07,https://www.tennisabstract.com/cgi-bin/tourney.cgi?t=2025-0416%2FIndian-Wells,R32,Corentin Moutet,Holger Rune,83,10,7-5 5-7 7-6(4),,1.13,"{'ace_pct': 0.0113, 'first_in_pct': 0.035, 'first_won_pct': 0.5660000000000001, 'second_won_pct': 0.7809999999999999}","{'first_in_pct': 0.03, 'first_won_pct': 0.43, 'second_won_pct': 0.69}"
"2025 Rome Masters Tournament Results, Stats, and Analysis",ClayDraw,96,C,2025-05-07,https://www.tennisabstract.com/cgi-bin/tourney.cgi?t=2025-0416%2FIndian-Wells,R32,Karen Khachanov,Francesco Passaro,24,101,6-3 6-0,,2.03,"{'ace_pct': 0.0203, 'first_in_pct': 0.025, 'first_won_pct': 0.525, 'second_won_pct': 0.81}","{'first_in_pct': 0.024, 'first_won_pct': 0.561, 'second_won_pct': 0.435}"
"2025 Rome Masters Tournament Results, Stats, and Analysis",ClayDraw,96,C,2025-05-07,https://www.tennisabstract.com/cgi-bin/tourney.cgi?t=2025-0416%2FIndian-Wells,R32,Carlos Alcaraz,Laslo Djere,3,64,7-6(2) 6-2,,1.33,"{'ace_pct': 0.013300000000000001, 'first_in_pct': 0.015, 'first_won_pct': 0.667, 'second_won_pct': 0.682}","{'first_in_pct': 0.013999999999999999, 'first_won_pct': 0.5, 'second_won_pct': 0.583}"
"2025 Rome Masters Tournament Results, Stats, and Analysis",ClayDraw,96,C,2025-05-07,https://www.tennisabstract.com/cgi-bin/tourney.cgi?t=2025-0416%2FIndian-Wells,R32,Lorenzo Musetti,Brandon Nakashima,9,29,6-4 6-3,,1.29,"{'ace_pct': 0.0129, 'first_in_pct': 0.077, 'first_won_pct': 0.75, 'second_won_pct': 0.821}","{'first_in_pct': 0.08199999999999999, 'first_won_pct': 0.612, 'second_won_pct': 0.833}"
"2025 Rome Masters Tournament Results, Stats, and Analysis",ClayDraw,96,C,2025-05-07,https://www.tennisabstract.com/cgi-bin/tourney.cgi?t=2025-0416%2FIndian-Wells,R32,Daniil Medvedev,Alexei Popyrin,11,25,6-4 6-1,,1.23,"{'ace_pct': 0.0123, 'first_in_pct': 0.065, 'first_won_pct': 0.629, 'second_won_pct': 0.7440000000000001}","{'first_in_pct': 0.035, 'first_won_pct': 0.561, 'second_won_pct': 0.625}"
"2025 Rome Masters Tournament Results, Stats, and Analysis",ClayDraw,96,C,2025-05-07,https://www.tennisabstract.com/cgi-bin/tourney.cgi?t=2025-0416%2FIndian-Wells,R32,Arthur Fils,Stefanos Tsitsipas,14,19,2-6 6-4 6-2,,1.15,"{'ace_pct': 0.0115, 'first_in_pct': 0.040999999999999995, 'first_won_pct': 0.63, 'second_won_pct': 0.63}","{'first_in_pct': 0.066, 'first_won_pct': 0.605, 'second_won_pct': 0.696}"
"2025 Rome Masters Tournament Results, Stats, and Analysis",ClayDraw,96,C,2025-05-07,https://www.tennisabstract.com/cgi-bin/tourney.cgi?t=2025-0416%2FIndian-Wells,R32,Alexander Zverev,Vilius Gaubas,2,154,6-4 6-0,,1.77,"{'ace_pct': 0.0177, 'first_in_pct': 0.0, 'first_won_pct': 0.644, 'second_won_pct': 0.759}","{'first_in_pct': 0.0, 'first_won_pct': 0.667, 'second_won_pct': 0.409}"
"2025 Rome Masters Tournament Results, Stats, and Analysis",ClayDraw,96,C,2025-05-07,https://www.tennisabstract.com/cgi-bin/tourney.cgi?t=2025-0416%2FIndian-Wells,R64,Jannik Sinner,Mariano Navone,,99,6-3 6-4,,1.24,"{'ace_pct': 0.0124, 'first_in_pct': 0.016, 'first_won_pct': 0.603, 'second_won_pct': 0.632}","{'first_in_pct': 0.0, 'first_won_pct': 0.75, 'second_won_pct': 0.578}"
"2025 Rome Masters Tournament Results, Stats, and Analysis",ClayDraw,96,C,2025-05-07,https://www.tennisabstract.com/cgi-bin/tourney.cgi?t=2025-0416%2FIndian-Wells,R64,Jesper De Jong,Alejandro Davidovich Fokina,93,26,6-0 6-2,,1.63,"{'ace_pct': 0.0163, 'first_in_pct': 0.044000000000000004, 'first_won_pct': 0.667, 'second_won_pct': 0.767}","{'first_in_pct': 0.021, 'first_won_pct': 0.638, 'second_won_pct': 0.433}"
"2025 Rome Masters Tournament Results, Stats, and Analysis",ClayDraw,96,C,2025-05-07,https://www.tennisabstract.com/cgi-bin/tourney.cgi?t=2025-0416%2FIndian-Wells,R64,Francisco Cerundolo,Nicolas Jarry,18,53,7-6(4) 6-3,,1.23,"{'ace_pct': 0.0123, 'first_in_pct': 0.039, 'first_won_pct': 0.662, 'second_won_pct': 0.6859999999999999}","{'first_in_pct': 0.09, 'first_won_pct': 0.603, 'second_won_pct': 0.7020000000000001}"
"2025 Rome Masters Tournament Results, Stats, and Analysis",ClayDraw,96,C,2025-05-07,https://www.tennisabstract.com/cgi-bin/tourney.cgi?t=2025-0416%2FIndian-Wells,R64,Sebastian Ofner,Frances Tiafoe,143,16,6-2 6-7(2) 6-3,,1.06,"{'ace_pct': 0.0106, 'first_in_pct': 0.068, 'first_won_pct': 0.47700000000000004, 'second_won_pct': 0.833}","{'first_in_pct': 0.1, 'first_won_pct': 0.575, 'second_won_pct': 0.7829999999999999}"
"2025 Rome Masters Tournament Results, Stats, and Analysis",ClayDraw,96,C,2025-05-07,https://www.tennisabstract.com/cgi-bin/tourney.cgi?t=2025-0416%2FIndian-Wells,R64,Jaume Munar,Ben Shelton,66,13,6-2 6-1,,1.94,"{'ace_pct': 0.0194, 'first_in_pct': 0.0, 'first_won_pct': 0.7020000000000001, 'second_won_pct': 0.727}","{'first_in_pct': 0.018000000000000002, 'first_won_pct': 0.5539999999999999, 'second_won_pct': 0.613}"
"2025 Rome Masters Tournament Results, Stats, and Analysis",ClayDraw,96,C,2025-05-07,https://www.tennisabstract.com/cgi-bin/tourney.cgi?t=2025-0416%2FIndian-Wells,R64,Sebastian Korda,Aleksandar Vukic,23,79,6-3 6-4,,1.44,"{'ace_pct': 0.0144, 'first_in_pct': 0.062, 'first_won_pct': 0.6, 'second_won_pct': 0.769}","{'first_in_pct': 0.077, 'first_won_pct': 0.5379999999999999, 'second_won_pct': 0.6859999999999999}"
"2025 Rome Masters Tournament Results, Stats, and Analysis",ClayDraw,96,C,2025-05-07,https://www.tennisabstract.com/cgi-bin/tourney.cgi?t=2025-0416%2FIndian-Wells,R64,Matteo Berrettini,Jacob Fearnley,30,57,6-4 7-6(0),,1.58,"{'ace_pct': 0.0158, 'first_in_pct': 0.091, 'first_won_pct': 0.667, 'second_won_pct': 0.773}","{'first_in_pct': 0.037000000000000005, 'first_won_pct': 0.593, 'second_won_pct': 0.7290000000000001}"
"2025 Rome Masters Tournament Results, Stats, and Analysis",ClayDraw,96,C,2025-05-07,https://www.tennisabstract.com/cgi-bin/tourney.cgi?t=2025-0416%2FIndian-Wells,R64,Casper Ruud,Alexander Bublik,7,76,6-4 4-6 6-3,,1.38,"{'ace_pct': 0.0138, 'first_in_pct': 0.09, 'first_won_pct': 0.615, 'second_won_pct': 0.7709999999999999}","{'first_in_pct': 0.158, 'first_won_pct': 0.6629999999999999, 'second_won_pct': 0.73}"
"2025 Rome Masters Tournament Results, Stats, and Analysis",ClayDraw,96,C,2025-05-07,https://www.tennisabstract.com/cgi-bin/tourney.cgi?t=2025-0416%2FIndian-Wells,R64,Marcos Giron,Taylor Fritz,45,4,7-6(4) 7-6(3),,1.12,"{'ace_pct': 0.011200000000000002, 'first_in_pct': 0.052000000000000005, 'first_won_pct': 0.5710000000000001, 'second_won_pct': 0.773}","{'first_in_pct': 0.055999999999999994, 'first_won_pct': 0.606, 'second_won_pct': 0.721}"
"2025 Rome Masters Tournament Results, Stats, and Analysis",ClayDraw,96,C,2025-05-07,https://www.tennisabstract.com/cgi-bin/tourney.cgi?t=2025-0416%2FIndian-Wells,R64,Hubert Hurkacz,Pedro Martinez,31,49,6-1 7-5,,1.87,"{'ace_pct': 0.0187, 'first_in_pct': 0.14, 'first_won_pct': 0.76, 'second_won_pct': 0.816}","{'first_in_pct': 0.0, 'first_won_pct': 0.733, 'second_won_pct': 0.614}"
"2025 Rome Masters Tournament Results, Stats, and Analysis",ClayDraw,96,C,2025-05-07,https://www.tennisabstract.com/cgi-bin/tourney.cgi?t=2025-0416%2FIndian-Wells,R64,Jakub Mensik,Matteo Gigante,21,164,7-6(4) 7-5,,1.08,"{'ace_pct': 0.0108, 'first_in_pct': 0.096, 'first_won_pct': 0.521, 'second_won_pct': 0.737}","{'first_in_pct': 0.07, 'first_won_pct': 0.5770000000000001, 'second_won_pct': 0.732}"
"2025 Rome Masters Tournament Results, Stats, and Analysis",ClayDraw,96,C,2025-05-07,https://www.tennisabstract.com/cgi-bin/tourney.cgi?t=2025-0416%2FIndian-Wells,R64,Fabian Marozsan,Andrey Rublev,61,17,7-5 4-6 6-3,,1.06,"{'ace_pct': 0.0106, 'first_in_pct': 0.077, 'first_won_pct': 0.644, 'second_won_pct': 0.716}","{'first_in_pct': 0.046, 'first_won_pct': 0.537, 'second_won_pct': 0.7240000000000001}"
"2025 Rome Masters Tournament Results, Stats, and Analysis",ClayDraw,96,C,2025-05-07,https://www.tennisabstract.com/cgi-bin/tourney.cgi?t=2025-0416%2FIndian-Wells,R64,Tommy Paul,Roberto Bautista Agut,12,56,6-1 6-4,,1.7,"{'ace_pct': 0.017, 'first_in_pct': 0.044000000000000004, 'first_won_pct': 0.489, 'second_won_pct': 0.8640000000000001}","{'first_in_pct': 0.0, 'first_won_pct': 0.528, 'second_won_pct': 0.643}"
"2025 Rome Masters Tournament Results, Stats, and Analysis",ClayDraw,96,C,2025-05-07,https://www.tennisabstract.com/cgi-bin/tourney.cgi?t=2025-0416%2FIndian-Wells,R64,Tomas Machac,Learner Tien,20,70,6-4 6-4,,1.36,"{'ace_pct': 0.013600000000000001, 'first_in_pct': 0.0, 'first_won_pct': 0.46299999999999997, 'second_won_pct': 0.88}","{'first_in_pct': 0.031, 'first_won_pct': 0.578, 'second_won_pct': 0.622}"
"2025 Rome Masters Tournament Results, Stats, and Analysis",ClayDraw,96,C,2025-05-07,https://www.tennisabstract.com/cgi-bin/tourney.cgi?t=2025-0416%2FIndian-Wells,R64,Hugo Dellien,Thiago Seyboth Wild,103,120,4-6 6-3 6-4,,1.19,"{'ace_pct': 0.011899999999999999, 'first_in_pct': 0.023, 'first_won_pct': 0.648, 'second_won_pct': 0.7020000000000001}","{'first_in_pct': 0.045, 'first_won_pct': 0.659, 'second_won_pct': 0.69}"
"2025 Rome Masters Tournament Results, Stats, and Analysis",ClayDraw,96,C,2025-05-07,https://www.tennisabstract.com/cgi-bin/tourney.cgi?t=2025-0416%2FIndian-Wells,R64,Alex De Minaur,Luca Nardi,8,95,6-4 7-5,,1.32,"{'ace_pct': 0.0132, 'first_in_pct': 0.086, 'first_won_pct': 0.569, 'second_won_pct': 0.879}","{'first_in_pct': 0.022000000000000002, 'first_won_pct': 0.589, 'second_won_pct': 0.679}"
"2025 Rome Masters Tournament Results, Stats, and Analysis",ClayDraw,96,C,2025-05-07,https://www.tennisabstract.com/cgi-bin/tourney.cgi?t=2025-0416%2FIndian-Wells,R64,Jack Draper,Luciano Darderi,5,46,6-1 6-4,,1.45,"{'ace_pct': 0.014499999999999999, 'first_in_pct': 0.10800000000000001, 'first_won_pct': 0.708, 'second_won_pct': 0.7609999999999999}","{'first_in_pct': 0.038, 'first_won_pct': 0.5660000000000001, 'second_won_pct': 0.6}"
"2025 Rome Masters Tournament Results, Stats, and Analysis",ClayDraw,96,C,2025-05-07,https://www.tennisabstract.com/cgi-bin/tourney.cgi?t=2025-0416%2FIndian-Wells,R64,Vit Kopriva,Sebastian Baez,92,33,3-6 6-4 6-4,,1.02,"{'ace_pct': 0.0102, 'first_in_pct': 0.032, 'first_won_pct': 0.695, 'second_won_pct': 0.606}","{'first_in_pct': 0.022000000000000002, 'first_won_pct': 0.703, 'second_won_pct': 0.625}"
"2025 Rome Masters Tournament Results, Stats, and Analysis",ClayDraw,96,C,2025-05-07,https://www.tennisabstract.com/cgi-bin/tourney.cgi?t=2025-0416%2FIndian-Wells,R64,Corentin Moutet,Ugo Humbert,83,22,6-3 4-0 RET,,1.58,"{'ace_pct': 0.0158, 'first_in_pct': 0.026000000000000002, 'first_won_pct': 0.5379999999999999, 'second_won_pct': 0.667}","{'first_in_pct': 0.0, 'first_won_pct': 0.667, 'second_won_pct': 0.41200000000000003}"
"2025 Rome Masters Tournament Results, Stats, and Analysis",ClayDraw,96,C,2025-05-07,https://www.tennisabstract.com/cgi-bin/tourney.cgi?t=2025-0416%2FIndian-Wells,R64,Holger Rune,Francisco Comesana,10,63,3-6 6-3 6-4,,0.94,"{'ace_pct': 0.009399999999999999, 'first_in_pct': 0.022000000000000002, 'first_won_pct': 0.684, 'second_won_pct': 0.634}","{'first_in_pct': 0.042, 'first_won_pct': 0.615, 'second_won_pct': 0.6779999999999999}"
"2025 Rome Masters Tournament Results, Stats, and Analysis",ClayDraw,96,C,2025-05-07,https://www.tennisabstract.com/cgi-bin/tourney.cgi?t=2025-0416%2FIndian-Wells,R64,Francesco Passaro,Grigor Dimitrov,101,15,7-5 6-3,,1.51,"{'ace_pct': 0.0151, 'first_in_pct': 0.017, 'first_won_pct': 0.7070000000000001, 'second_won_pct': 0.8290000000000001}","{'first_in_pct': 0.078, 'first_won_pct': 0.532, 'second_won_pct': 0.659}"
"2025 Rome Masters Tournament Results, Stats, and Analysis",ClayDraw,96,C,2025-05-07,https://www.tennisabstract.com/cgi-bin/tourney.cgi?t=2025-0416%2FIndian-Wells,R64,Karen Khachanov,Roman Andres Burruchaga,24,135,6-4 5-7 6-1,,1.13,"{'ace_pct': 0.0113, 'first_in_pct': 0.049, 'first_won_pct': 0.728, 'second_won_pct': 0.64}","{'first_in_pct': 0.01, 'first_won_pct': 0.6459999999999999, 'second_won_pct': 0.597}"
"2025 Rome Masters Tournament Results, Stats, and Analysis",ClayDraw,96,C,2025-05-07,https://www.tennisabstract.com/cgi-bin/tourney.cgi?t=2025-0416%2FIndian-Wells,R64,Laslo Djere,Alex Michelsen,64,32,6-0 6-3,,1.6,"{'ace_pct': 0.016, 'first_in_pct': 0.018000000000000002, 'first_won_pct': 0.618, 'second_won_pct': 0.706}","{'first_in_pct': 0.0, 'first_won_pct': 0.6940000000000001, 'second_won_pct': 0.5}"
"2025 Rome Masters Tournament Results, Stats, and Analysis",ClayDraw,96,C,2025-05-07,https://www.tennisabstract.com/cgi-bin/tourney.cgi?t=2025-0416%2FIndian-Wells,R64,Carlos Alcaraz,Dusan Lajovic,3,131,6-3 6-3,,1.47,"{'ace_pct': 0.0147, 'first_in_pct': 0.059000000000000004, 'first_won_pct': 0.706, 'second_won_pct': 0.722}","{'first_in_pct': 0.045, 'first_won_pct': 0.612, 'second_won_pct': 0.585}"
"2025 Rome Masters Tournament Results, Stats, and Analysis",ClayDraw,96,C,2025-05-07,https://www.tennisabstract.com/cgi-bin/tourney.cgi?t=2025-0416%2FIndian-Wells,R64,Lorenzo Musetti,Otto Virtanen,9,130,6-3 6-2,,1.75,"{'ace_pct': 0.0175, 'first_in_pct': 0.019, 'first_won_pct': 0.698, 'second_won_pct': 0.8109999999999999}","{'first_in_pct': 0.015, 'first_won_pct': 0.585, 'second_won_pct': 0.6579999999999999}"
"2025 Rome Masters Tournament Results, Stats, and Analysis",ClayDraw,96,C,2025-05-07,https://www.tennisabstract.com/cgi-bin/tourney.cgi?t=2025-0416%2FIndian-Wells,R64,Brandon Nakashima,Jordan Thompson,29,41,W/O,,,"{'ace_pct': None, 'first_in_pct': None, 'first_won_pct': None, 'second_won_pct': None}","{'first_in_pct': None, 'first_won_pct': None, 'second_won_pct': None}"
"2025 Rome Masters Tournament Results, Stats, and Analysis",ClayDraw,96,C,2025-05-07,https://www.tennisabstract.com/cgi-bin/tourney.cgi?t=2025-0416%2FIndian-Wells,R64,Alexei Popyrin,Carlos Taberner,25,139,6-1 7-6(4),,1.26,"{'ace_pct': 0.0126, 'first_in_pct': 0.132, 'first_won_pct': 0.662, 'second_won_pct': 0.711}","{'first_in_pct': 0.0, 'first_won_pct': 0.695, 'second_won_pct': 0.659}"
"2025 Rome Masters Tournament Results, Stats, and Analysis",ClayDraw,96,C,2025-05-07,https://www.tennisabstract.com/cgi-bin/tourney.cgi?t=2025-0416%2FIndian-Wells,R64,Daniil Medvedev,Cameron Norrie,11,91,6-4 6-2,,1.56,"{'ace_pct': 0.015600000000000001, 'first_in_pct': 0.08, 'first_won_pct': 0.68, 'second_won_pct': 0.735}","{'first_in_pct': 0.0, 'first_won_pct': 0.701, 'second_won_pct': 0.611}"
"2025 Rome Masters Tournament Results, Stats, and Analysis",ClayDraw,96,C,2025-05-07,https://www.tennisabstract.com/cgi-bin/tourney.cgi?t=2025-0416%2FIndian-Wells,R64,Arthur Fils,Tallon Griekspoor,14,35,6-2 6-2,,1.93,"{'ace_pct': 0.019299999999999998, 'first_in_pct': 0.044000000000000004, 'first_won_pct': 0.556, 'second_won_pct': 0.76}","{'first_in_pct': 0.038, 'first_won_pct': 0.623, 'second_won_pct': 0.545}"
"2025 Rome Masters Tournament Results, Stats, and Analysis",ClayDraw,96,C,2025-05-07,https://www.tennisabstract.com/cgi-bin/tourney.cgi?t=2025-0416%2FIndian-Wells,R64,Stefanos Tsitsipas,Alexandre Muller,19,39,6-2 7-6(3),,1.61,"{'ace_pct': 0.0161, 'first_in_pct': 0.14, 'first_won_pct': 0.632, 'second_won_pct': 0.8059999999999999}","{'first_in_pct': 0.027000000000000003, 'first_won_pct': 0.753, 'second_won_pct': 0.5820000000000001}"
"2025 Rome Masters Tournament Results, Stats, and Analysis",ClayDraw,96,C,2025-05-07,https://www.tennisabstract.com/cgi-bin/tourney.cgi?t=2025-0416%2FIndian-Wells,R64,Vilius Gaubas,Denis Shapovalov,154,28,6-3 6-4,,1.28,"{'ace_pct': 0.0128, 'first_in_pct': 0.0, 'first_won_pct': 0.7809999999999999, 'second_won_pct': 0.649}","{'first_in_pct': 0.061, 'first_won_pct': 0.53, 'second_won_pct': 0.629}"
"2025 Rome Masters Tournament Results, Stats, and Analysis",ClayDraw,96,C,2025-05-07,https://www.tennisabstract.com/cgi-bin/tourney.cgi?t=2025-0416%2FIndian-Wells,R64,Alexander Zverev,Camilo Ugo Carabelli,2,60,6-2 6-1,,1.73,"{'ace_pct': 0.0173, 'first_in_pct': 0.022000000000000002, 'first_won_pct': 0.644, 'second_won_pct': 0.69}","{'first_in_pct': 0.023, 'first_won_pct': 0.795, 'second_won_pct': 0.457}"
"2025 Rome Masters Tournament Results, Stats, and Analysis",ClayDraw,96,C,2025-05-07,https://www.tennisabstract.com/cgi-bin/tourney.cgi?t=2025-0416%2FIndian-Wells,R128,Mariano Navone,Federico Cina,99,323,6-3 6-3,,1.23,"{'ace_pct': 0.0123, 'first_in_pct': 0.033, 'first_won_pct': 0.633, 'second_won_pct': 0.684}","{'first_in_pct': 0.0, 'first_won_pct': 0.745, 'second_won_pct': 0.632}"
"2025 Rome Masters Tournament Results, Stats, and Analysis",ClayDraw,96,C,2025-05-07,https://www.tennisabstract.com/cgi-bin/tourney.cgi?t=2025-0416%2FIndian-Wells,R128,Jesper De Jong,Alexander Shevchenko,93,97,6-2 6-4,,1.78,"{'ace_pct': 0.0178, 'first_in_pct': 0.09300000000000001, 'first_won_pct': 0.611, 'second_won_pct': 0.879}","{'first_in_pct': 0.031, 'first_won_pct': 0.49200000000000005, 'second_won_pct': 0.594}"
"2025 Rome Masters Tournament Results, Stats, and Analysis",ClayDraw,96,C,2025-05-07,https://www.tennisabstract.com/cgi-bin/tourney.cgi?t=2025-0416%2FIndian-Wells,R128,Nicolas Jarry,Hugo Gaston,53,78,7-6(4) 6-4,,1.36,"{'ace_pct': 0.013600000000000001, 'first_in_pct': 0.057, 'first_won_pct': 0.7290000000000001, 'second_won_pct': 0.784}","{'first_in_pct': 0.013000000000000001, 'first_won_pct': 0.6629999999999999, 'second_won_pct': 0.7170000000000001}"
"2025 Rome Masters Tournament Results, Stats, and Analysis",ClayDraw,96,C,2025-05-07,https://www.tennisabstract.com/cgi-bin/tourney.cgi?t=2025-0416%2FIndian-Wells,R128,Sebastian Ofner,Roberto Carballes Baena,143,59,6-3 0-0 RET,,2.32,"{'ace_pct': 0.0232, 'first_in_pct': 0.12, 'first_won_pct': 0.48, 'second_won_pct': 0.917}","{'first_in_pct': 0.0, 'first_won_pct': 0.46299999999999997, 'second_won_pct': 0.579}"
"2025 Rome Masters Tournament Results, Stats, and Analysis",ClayDraw,96,C,2025-05-07,https://www.tennisabstract.com/cgi-bin/tourney.cgi?t=2025-0416%2FIndian-Wells,R128,Jaume Munar,Tomas Barrios Vera,66,118,4-6 6-2 7-5,,1.18,"{'ace_pct': 0.0118, 'first_in_pct': 0.085, 'first_won_pct': 0.596, 'second_won_pct': 0.732}","{'first_in_pct': 0.009000000000000001, 'first_won_pct': 0.6609999999999999, 'second_won_pct': 0.611}"
"2025 Rome Masters Tournament Results, Stats, and Analysis",ClayDraw,96,C,2025-05-07,https://www.tennisabstract.com/cgi-bin/tourney.cgi?t=2025-0416%2FIndian-Wells,R128,Aleksandar Vukic,Nicolas Moreno De Alboran,79,149,7-6(2) 6-2,,1.3,"{'ace_pct': 0.013000000000000001, 'first_in_pct': 0.094, 'first_won_pct': 0.594, 'second_won_pct': 0.763}","{'first_in_pct': 0.05, 'first_won_pct': 0.767, 'second_won_pct': 0.63}"
"2025 Rome Masters Tournament Results, Stats, and Analysis",ClayDraw,96,C,2025-05-07,https://www.tennisabstract.com/cgi-bin/tourney.cgi?t=2025-0416%2FIndian-Wells,R128,Jacob Fearnley,Fabio Fognini,57,107,6-2 6-3,,1.33,"{'ace_pct': 0.013300000000000001, 'first_in_pct': 0.019, 'first_won_pct': 0.547, 'second_won_pct': 0.69}","{'first_in_pct': 0.018000000000000002, 'first_won_pct': 0.491, 'second_won_pct': 0.519}"
"2025 Rome Masters Tournament Results, Stats, and Analysis",ClayDraw,96,C,2025-05-07,https://www.tennisabstract.com/cgi-bin/tourney.cgi?t=2025-0416%2FIndian-Wells,R128,Alexander Bublik,Roman Safiullin,76,77,6-3 7-6(4),,1.33,"{'ace_pct': 0.013300000000000001, 'first_in_pct': 0.085, 'first_won_pct': 0.634, 'second_won_pct': 0.7559999999999999}","{'first_in_pct': 0.013000000000000001, 'first_won_pct': 0.684, 'second_won_pct': 0.615}"
"2025 Rome Masters Tournament Results, Stats, and Analysis",ClayDraw,96,C,2025-05-07,https://www.tennisabstract.com/cgi-bin/tourney.cgi?t=2025-0416%2FIndian-Wells,R128,Marcos Giron,Gabriel Diallo,45,54,3-6 6-3 6-4,,1.0,"{'ace_pct': 0.01, 'first_in_pct': 0.024, 'first_won_pct': 0.5760000000000001, 'second_won_pct': 0.633}","{'first_in_pct': 0.051, 'first_won_pct': 0.696, 'second_won_pct': 0.691}"
"2025 Rome Masters Tournament Results, Stats, and Analysis",ClayDraw,96,C,2025-05-07,https://www.tennisabstract.com/cgi-bin/tourney.cgi?t=2025-0416%2FIndian-Wells,R128,Pedro Martinez,Mattia Bellucci,49,68,6-4 6-2,,1.46,"{'ace_pct': 0.0146, 'first_in_pct': 0.037000000000000005, 'first_won_pct': 0.741, 'second_won_pct': 0.7}","{'first_in_pct': 0.063, 'first_won_pct': 0.556, 'second_won_pct': 0.6859999999999999}"
"2025 Rome Masters Tournament Results, Stats, and Analysis",ClayDraw,96,C,2025-05-07,https://www.tennisabstract.com/cgi-bin/tourney.cgi?t=2025-0416%2FIndian-Wells,R128,Matteo Gigante,Arthur Rinderknech,164,75,7-6(4) 7-6(4),,0.98,"{'ace_pct': 0.0098, 'first_in_pct': 0.047, 'first_won_pct': 0.594, 'second_won_pct': 0.7140000000000001}","{'first_in_pct': 0.095, 'first_won_pct': 0.595, 'second_won_pct': 0.74}"
"2025 Rome Masters Tournament Results, Stats, and Analysis",ClayDraw,96,C,2025-05-07,https://www.tennisabstract.com/cgi-bin/tourney.cgi?t=2025-0416%2FIndian-Wells,R128,Fabian Marozsan,Joao Fonseca,61,65,6-3 7-6(4),,1.48,"{'ace_pct': 0.0148, 'first_in_pct': 0.045, 'first_won_pct': 0.597, 'second_won_pct': 0.75}","{'first_in_pct': 0.059000000000000004, 'first_won_pct': 0.544, 'second_won_pct': 0.622}"
"2025 Rome Masters Tournament Results, Stats, and Analysis",ClayDraw,96,C,2025-05-07,https://www.tennisabstract.com/cgi-bin/tourney.cgi?t=2025-0416%2FIndian-Wells,R128,Roberto Bautista Agut,Matteo Arnaldi,56,37,6-4 6-3,,1.29,"{'ace_pct': 0.0129, 'first_in_pct': 0.013000000000000001, 'first_won_pct': 0.684, 'second_won_pct': 0.635}","{'first_in_pct': 0.073, 'first_won_pct': 0.636, 'second_won_pct': 0.629}"
"2025 Rome Masters Tournament Results, Stats, and Analysis",ClayDraw,96,C,2025-05-07,https://www.tennisabstract.com/cgi-bin/tourney.cgi?t=2025-0416%2FIndian-Wells,R128,Learner Tien,Reilly Opelka,70,94,6-4 7-6(11),,1.29,"{'ace_pct': 0.0129, 'first_in_pct': 0.0, 'first_won_pct': 0.493, 'second_won_pct': 0.8059999999999999}","{'first_in_pct': 0.063, 'first_won_pct': 0.613, 'second_won_pct': 0.6729999999999999}"
"2025 Rome Masters Tournament Results, Stats, and Analysis",ClayDraw,96,C,2025-05-07,https://www.tennisabstract.com/cgi-bin/tourney.cgi?t=2025-0416%2FIndian-Wells,R128,Thiago Seyboth Wild,Nuno Borges,120,40,6-1 4-6 6-4,,1.13,"{'ace_pct': 0.0113, 'first_in_pct': 0.091, 'first_won_pct': 0.556, 'second_won_pct': 0.655}","{'first_in_pct': 0.068, 'first_won_pct': 0.648, 'second_won_pct': 0.667}"
"2025 Rome Masters Tournament Results, Stats, and Analysis",ClayDraw,96,C,2025-05-07,https://www.tennisabstract.com/cgi-bin/tourney.cgi?t=2025-0416%2FIndian-Wells,R128,Luca Nardi,Flavio Cobolli,95,34,6-3 6-4,,1.39,"{'ace_pct': 0.0139, 'first_in_pct': 0.018000000000000002, 'first_won_pct': 0.48200000000000004, 'second_won_pct': 0.741}","{'first_in_pct': 0.031, 'first_won_pct': 0.484, 'second_won_pct': 0.677}"
"2025 Rome Masters Tournament Results, Stats, and Analysis",ClayDraw,96,C,2025-05-07,https://www.tennisabstract.com/cgi-bin/tourney.cgi?t=2025-0416%2FIndian-Wells,R128,Luciano Darderi,Bu Yunchaokete,46,73,7-6(4) 6-3,,1.22,"{'ace_pct': 0.012199999999999999, 'first_in_pct': 0.10800000000000001, 'first_won_pct': 0.5539999999999999, 'second_won_pct': 0.722}","{'first_in_pct': 0.057, 'first_won_pct': 0.5, 'second_won_pct': 0.7709999999999999}"
"2025 Rome Masters Tournament Results, Stats, and Analysis",ClayDraw,96,C,2025-05-07,https://www.tennisabstract.com/cgi-bin/tourney.cgi?t=2025-0416%2FIndian-Wells,R128,Vit Kopriva,Quentin Halys,92,52,6-4 6-3,,1.35,"{'ace_pct': 0.013500000000000002, 'first_in_pct': 0.036000000000000004, 'first_won_pct': 0.589, 'second_won_pct': 0.7879999999999999}","{'first_in_pct': 0.042, 'first_won_pct': 0.667, 'second_won_pct': 0.688}"
"2025 Rome Masters Tournament Results, Stats, and Analysis",ClayDraw,96,C,2025-05-07,https://www.tennisabstract.com/cgi-bin/tourney.cgi?t=2025-0416%2FIndian-Wells,R128,Corentin Moutet,Rinky Hijikata,83,82,3-6 6-1 7-5,,1.04,"{'ace_pct': 0.0104, 'first_in_pct': 0.01, 'first_won_pct': 0.614, 'second_won_pct': 0.613}","{'first_in_pct': 0.011000000000000001, 'first_won_pct': 0.609, 'second_won_pct': 0.604}"
"2025 Rome Masters Tournament Results, Stats, and Analysis",ClayDraw,96,C,2025-05-07,https://www.tennisabstract.com/cgi-bin/tourney.cgi?t=2025-0416%2FIndian-Wells,R128,Francisco Comesana,Daniel Altmaier,63,71,6-1 7-5,,1.74,"{'ace_pct': 0.0174, 'first_in_pct': 0.11699999999999999, 'first_won_pct': 0.633, 'second_won_pct': 0.763}","{'first_in_pct': 0.086, 'first_won_pct': 0.534, 'second_won_pct': 0.581}"
"2025 Rome Masters Tournament Results, Stats, and Analysis",ClayDraw,96,C,2025-05-07,https://www.tennisabstract.com/cgi-bin/tourney.cgi?t=2025-0416%2FIndian-Wells,R128,Francesco Passaro,Chun Hsin Tseng,101,102,6-0 2-6 6-3,,1.27,"{'ace_pct': 0.0127, 'first_in_pct': 0.095, 'first_won_pct': 0.667, 'second_won_pct': 0.75}","{'first_in_pct': 0.013000000000000001, 'first_won_pct': 0.5710000000000001, 'second_won_pct': 0.591}"
"2025 Rome Masters Tournament Results, Stats, and Analysis",ClayDraw,96,C,2025-05-07,https://www.tennisabstract.com/cgi-bin/tourney.cgi?t=2025-0416%2FIndian-Wells,R128,Roman Andres Burruchaga,Lorenzo Sonego,135,44,6-2 6-3,,1.33,"{'ace_pct': 0.013300000000000001, 'first_in_pct': 0.0, 'first_won_pct': 0.672, 'second_won_pct': 0.6409999999999999}","{'first_in_pct': 0.018000000000000002, 'first_won_pct': 0.579, 'second_won_pct': 0.545}"
"2025 Rome Masters Tournament Results, Stats, and Analysis",ClayDraw,96,C,2025-05-07,https://www.tennisabstract.com/cgi-bin/tourney.cgi?t=2025-0416%2FIndian-Wells,R128,Laslo Djere,Tomas Martin Etcheverry,64,51,6-3 6-2,,2.31,"{'ace_pct': 0.0231, 'first_in_pct': 0.024, 'first_won_pct': 0.61, 'second_won_pct': 0.84}","{'first_in_pct': 0.039, 'first_won_pct': 0.627, 'second_won_pct': 0.6559999999999999}"
"2025 Rome Masters Tournament Results, Stats, and Analysis",ClayDraw,96,C,2025-05-07,https://www.tennisabstract.com/cgi-bin/tourney.cgi?t=2025-0416%2FIndian-Wells,R128,Dusan Lajovic,Yoshihito Nishioka,131,74,7-5 6-1,,1.31,"{'ace_pct': 0.0131, 'first_in_pct': 0.083, 'first_won_pct': 0.6829999999999999, 'second_won_pct': 0.78}","{'first_in_pct': 0.018000000000000002, 'first_won_pct': 0.527, 'second_won_pct': 0.655}"
"2025 Rome Masters Tournament Results, Stats, and Analysis",ClayDraw,96,C,2025-05-07,https://www.tennisabstract.com/cgi-bin/tourney.cgi?t=2025-0416%2FIndian-Wells,R128,Otto Virtanen,Hamad Medjedovic,130,72,6-4 6-4,,1.13,"{'ace_pct': 0.0113, 'first_in_pct': 0.10099999999999999, 'first_won_pct': 0.494, 'second_won_pct': 0.667}","{'first_in_pct': 0.036000000000000004, 'first_won_pct': 0.6, 'second_won_pct': 0.7879999999999999}"
"2025 Rome Masters Tournament Results, Stats, and Analysis",ClayDraw,96,C,2025-05-07,https://www.tennisabstract.com/cgi-bin/tourney.cgi?t=2025-0416%2FIndian-Wells,R128,Jordan Thompson,Giovanni Mpetshi Perricard,41,36,3-6 6-3 7-6(5),,1.24,"{'ace_pct': 0.0124, 'first_in_pct': 0.063, 'first_won_pct': 0.563, 'second_won_pct': 0.8}","{'first_in_pct': 0.141, 'first_won_pct': 0.63, 'second_won_pct': 0.741}"
"2025 Rome Masters Tournament Results, Stats, and Analysis",ClayDraw,96,C,2025-05-07,https://www.tennisabstract.com/cgi-bin/tourney.cgi?t=2025-0416%2FIndian-Wells,R128,Carlos Taberner,Aleksandar Kovacevic,139,80,6-3 1-6 7-5,,1.0,"{'ace_pct': 0.01, 'first_in_pct': 0.063, 'first_won_pct': 0.775, 'second_won_pct': 0.6609999999999999}","{'first_in_pct': 0.125, 'first_won_pct': 0.67, 'second_won_pct': 0.6779999999999999}"
"2025 Rome Masters Tournament Results, Stats, and Analysis",ClayDraw,96,C,2025-05-07,https://www.tennisabstract.com/cgi-bin/tourney.cgi?t=2025-0416%2FIndian-Wells,R128,Cameron Norrie,Christopher Oconnell,91,81,6-3 6-2,,1.64,"{'ace_pct': 0.016399999999999998, 'first_in_pct': 0.036000000000000004, 'first_won_pct': 0.564, 'second_won_pct': 0.871}","{'first_in_pct': 0.10400000000000001, 'first_won_pct': 0.625, 'second_won_pct': 0.5329999999999999}"
"2025 Rome Masters Tournament Results, Stats, and Analysis",ClayDraw,96,C,2025-05-07,https://www.tennisabstract.com/cgi-bin/tourney.cgi?t=2025-0416%2FIndian-Wells,R128,Tallon Griekspoor,Miomir Kecmanovic,35,47,4-6 6-3 6-0,,1.64,"{'ace_pct': 0.016399999999999998, 'first_in_pct': 0.21899999999999997, 'first_won_pct': 0.74, 'second_won_pct': 0.7959999999999999}","{'first_in_pct': 0.042, 'first_won_pct': 0.648, 'second_won_pct': 0.609}"
"2025 Rome Masters Tournament Results, Stats, and Analysis",ClayDraw,96,C,2025-05-07,https://www.tennisabstract.com/cgi-bin/tourney.cgi?t=2025-0416%2FIndian-Wells,R128,Alexandre Muller,Jiri Lehecka,39,38,2-6 6-3 7-6(5),,0.96,"{'ace_pct': 0.0096, 'first_in_pct': 0.009000000000000001, 'first_won_pct': 0.757, 'second_won_pct': 0.583}","{'first_in_pct': 0.073, 'first_won_pct': 0.51, 'second_won_pct': 0.653}"
"2025 Rome Masters Tournament Results, Stats, and Analysis",ClayDraw,96,C,2025-05-07,https://www.tennisabstract.com/cgi-bin/tourney.cgi?t=2025-0416%2FIndian-Wells,R128,Vilius Gaubas,Damir Dzumhur,154,69,7-6(3) 2-6 6-4,,1.0,"{'ace_pct': 0.01, 'first_in_pct': 0.0, 'first_won_pct': 0.748, 'second_won_pct': 0.5579999999999999}","{'first_in_pct': 0.0, 'first_won_pct': 0.635, 'second_won_pct': 0.667}"
"2025 Rome Masters Tournament Results, Stats, and Analysis",ClayDraw,96,C,2025-05-07,https://www.tennisabstract.com/cgi-bin/tourney.cgi?t=2025-0416%2FIndian-Wells,R128,Camilo Ugo Carabelli,Pablo Carreno Busta,60,98,6-2 1-6 6-3,,1.01,"{'ace_pct': 0.0101, 'first_in_pct': 0.013000000000000001, 'first_won_pct': 0.705, 'second_won_pct': 0.6}","{'first_in_pct': 0.013000000000000001, 'first_won_pct': 0.693, 'second_won_pct': 0.596}"
"2025 Rome Masters Tournament Results, Stats, and Analysis",ClayDraw,96,C,2025-05-07,https://www.tennisabstract.com/cgi-bin/tourney.cgi?t=2025-0416%2FRome,F,Carlos Alcaraz,Jannik Sinner,3,,7-6(5) 6-1,,1.24,"{'ace_pct': 0.0124, 'first_in_pct': 0.053, 'first_won_pct': 0.64, 'second_won_pct': 0.7290000000000001}","{'first_in_pct': 0.017, 'first_won_pct': 0.603, 'second_won_pct': 0.7140000000000001}"
"2025 Rome Masters Tournament Results, Stats, and Analysis",ClayDraw,96,C,2025-05-07,https://www.tennisabstract.com/cgi-bin/tourney.cgi?t=2025-0416%2FRome,SF,Jannik Sinner,Tommy Paul,,12,1-6 6-0 6-3,,1.27,"{'ace_pct': 0.0127, 'first_in_pct': 0.066, 'first_won_pct': 0.721, 'second_won_pct': 0.727}","{'first_in_pct': 0.0, 'first_won_pct': 0.784, 'second_won_pct': 0.569}"
"2025 Rome Masters Tournament Results, Stats, and Analysis",ClayDraw,96,C,2025-05-07,https://www.tennisabstract.com/cgi-bin/tourney.cgi?t=2025-0416%2FRome,SF,Carlos Alcaraz,Lorenzo Musetti,3,9,6-3 7-6(4),,1.2,"{'ace_pct': 0.012, 'first_in_pct': 0.013999999999999999, 'first_won_pct': 0.667, 'second_won_pct': 0.667}","{'first_in_pct': 0.0, 'first_won_pct': 0.72, 'second_won_pct': 0.612}"
"2025 Rome Masters Tournament Results, Stats, and Analysis",ClayDraw,96,C,2025-05-07,https://www.tennisabstract.com/cgi-bin/tourney.cgi?t=2025-0416%2FRome,QF,Jannik Sinner,Casper Ruud,,7,6-0 6-1,,2.81,"{'ace_pct': 0.0281, 'first_in_pct': 0.03, 'first_won_pct': 0.6970000000000001, 'second_won_pct': 0.7829999999999999}","{'first_in_pct': 0.023, 'first_won_pct': 0.523, 'second_won_pct': 0.435}"
"2025 Rome Masters Tournament Results, Stats, and Analysis",ClayDraw,96,C,2025-05-07,https://www.tennisabstract.com/cgi-bin/tourney.cgi?t=2025-0416%2FRome,QF,Tommy Paul,Hubert Hurkacz,12,31,7-6(4) 6-3,,1.17,"{'ace_pct': 0.011699999999999999, 'first_in_pct': 0.011000000000000001, 'first_won_pct': 0.5820000000000001, 'second_won_pct': 0.736}","{'first_in_pct': 0.085, 'first_won_pct': 0.62, 'second_won_pct': 0.705}"
"2025 Rome Masters Tournament Results, Stats, and Analysis",ClayDraw,96,C,2025-05-07,https://www.tennisabstract.com/cgi-bin/tourney.cgi?t=2025-0416%2FRome,QF,Carlos Alcaraz,Jack Draper,3,5,6-4 6-4,,1.17,"{'ace_pct': 0.011699999999999999, 'first_in_pct': 0.013000000000000001, 'first_won_pct': 0.613, 'second_won_pct': 0.612}","{'first_in_pct': 0.021, 'first_won_pct': 0.6809999999999999, 'second_won_pct': 0.563}"
"2025 Rome Masters Tournament Results, Stats, and Analysis",ClayDraw,96,C,2025-05-07,https://www.tennisabstract.com/cgi-bin/tourney.cgi?t=2025-0416%2FRome,QF,Lorenzo Musetti,Alexander Zverev,9,2,7-6(1) 6-4,,1.25,"{'ace_pct': 0.0125, 'first_in_pct': 0.027000000000000003, 'first_won_pct': 0.5, 'second_won_pct': 0.703}","{'first_in_pct': 0.040999999999999995, 'first_won_pct': 0.6990000000000001, 'second_won_pct': 0.588}"
"2025 Rome Masters Tournament Results, Stats, and Analysis",ClayDraw,96,C,2025-05-07,https://www.tennisabstract.com/cgi-bin/tourney.cgi?t=2025-0416%2FRome,R16,Jannik Sinner,Francisco Cerundolo,,18,7-6(2) 6-3,,1.15,"{'ace_pct': 0.0115, 'first_in_pct': 0.022000000000000002, 'first_won_pct': 0.659, 'second_won_pct': 0.667}","{'first_in_pct': 0.023, 'first_won_pct': 0.698, 'second_won_pct': 0.6}"
"2025 Rome Masters Tournament Results, Stats, and Analysis",ClayDraw,96,C,2025-05-07,https://www.tennisabstract.com/cgi-bin/tourney.cgi?t=2025-0416%2FRome,R16,Casper Ruud,Jaume Munar,7,66,6-3 6-4,,1.62,"{'ace_pct': 0.016200000000000003, 'first_in_pct': 0.019, 'first_won_pct': 0.593, 'second_won_pct': 0.7809999999999999}","{'first_in_pct': 0.049, 'first_won_pct': 0.557, 'second_won_pct': 0.6759999999999999}"
"2025 Rome Masters Tournament Results, Stats, and Analysis",ClayDraw,96,C,2025-05-07,https://www.tennisabstract.com/cgi-bin/tourney.cgi?t=2025-0416%2FRome,R16,Hubert Hurkacz,Jakub Mensik,31,21,7-6(5) 4-6 7-6(5),,0.89,"{'ace_pct': 0.0089, 'first_in_pct': 0.146, 'first_won_pct': 0.654, 'second_won_pct': 0.7290000000000001}","{'first_in_pct': 0.14800000000000002, 'first_won_pct': 0.5479999999999999, 'second_won_pct': 0.857}"
"2025 Rome Masters Tournament Results, Stats, and Analysis",ClayDraw,96,C,2025-05-07,https://www.tennisabstract.com/cgi-bin/tourney.cgi?t=2025-0416%2FRome,R16,Tommy Paul,Alex De Minaur,12,8,7-5 6-3,,1.25,"{'ace_pct': 0.0125, 'first_in_pct': 0.0, 'first_won_pct': 0.581, 'second_won_pct': 0.628}","{'first_in_pct': 0.013999999999999999, 'first_won_pct': 0.569, 'second_won_pct': 0.561}"
"2025 Rome Masters Tournament Results, Stats, and Analysis",ClayDraw,96,C,2025-05-07,https://www.tennisabstract.com/cgi-bin/tourney.cgi?t=2025-0416%2FRome,R16,Jack Draper,Corentin Moutet,5,83,1-6 6-4 6-3,,1.06,"{'ace_pct': 0.0106, 'first_in_pct': 0.027999999999999997, 'first_won_pct': 0.625, 'second_won_pct': 0.711}","{'first_in_pct': 0.025, 'first_won_pct': 0.544, 'second_won_pct': 0.674}"
"2025 Rome Masters Tournament Results, Stats, and Analysis",ClayDraw,96,C,2025-05-07,https://www.tennisabstract.com/cgi-bin/tourney.cgi?t=2025-0416%2FRome,R16,Carlos Alcaraz,Karen Khachanov,3,24,6-3 3-6 7-5,,0.93,"{'ace_pct': 0.009300000000000001, 'first_in_pct': 0.01, 'first_won_pct': 0.657, 'second_won_pct': 0.652}","{'first_in_pct': 0.034, 'first_won_pct': 0.659, 'second_won_pct': 0.69}"
"2025 Rome Masters Tournament Results, Stats, and Analysis",ClayDraw,96,C,2025-05-07,https://www.tennisabstract.com/cgi-bin/tourney.cgi?t=2025-0416%2FRome,R16,Lorenzo Musetti,Daniil Medvedev,9,11,7-5 6-4,,1.4,"{'ace_pct': 0.013999999999999999, 'first_in_pct': 0.069, 'first_won_pct': 0.603, 'second_won_pct': 0.7709999999999999}","{'first_in_pct': 0.034, 'first_won_pct': 0.603, 'second_won_pct': 0.7140000000000001}"
"2025 Rome Masters Tournament Results, Stats, and Analysis",ClayDraw,96,C,2025-05-07,https://www.tennisabstract.com/cgi-bin/tourney.cgi?t=2025-0416%2FRome,R16,Alexander Zverev,Arthur Fils,2,14,7-6(3) 6-1,,1.34,"{'ace_pct': 0.0134, 'first_in_pct': 0.125, 'first_won_pct': 0.7340000000000001, 'second_won_pct': 0.723}","{'first_in_pct': 0.013000000000000001, 'first_won_pct': 0.573, 'second_won_pct': 0.628}"
"2025 Rome Masters Tournament Results, Stats, and Analysis",ClayDraw,96,C,2025-05-07,https://www.tennisabstract.com/cgi-bin/tourney.cgi?t=2025-0416%2FRome,R32,Jannik Sinner,Jesper De Jong,,93,6-4 6-2,,1.59,"{'ace_pct': 0.0159, 'first_in_pct': 0.077, 'first_won_pct': 0.635, 'second_won_pct': 0.636}","{'first_in_pct': 0.017, 'first_won_pct': 0.483, 'second_won_pct': 0.536}"
"2025 Rome Masters Tournament Results, Stats, and Analysis",ClayDraw,96,C,2025-05-07,https://www.tennisabstract.com/cgi-bin/tourney.cgi?t=2025-0416%2FRome,R32,Francisco Cerundolo,Sebastian Ofner,18,143,6-2 6-4,,1.56,"{'ace_pct': 0.015600000000000001, 'first_in_pct': 0.038, 'first_won_pct': 0.66, 'second_won_pct': 0.7709999999999999}","{'first_in_pct': 0.078, 'first_won_pct': 0.529, 'second_won_pct': 0.7040000000000001}"
"2025 Rome Masters Tournament Results, Stats, and Analysis",ClayDraw,96,C,2025-05-07,https://www.tennisabstract.com/cgi-bin/tourney.cgi?t=2025-0416%2FRome,R32,Jaume Munar,Sebastian Korda,66,23,6-4 6-2,,1.42,"{'ace_pct': 0.014199999999999999, 'first_in_pct': 0.019, 'first_won_pct': 0.7120000000000001, 'second_won_pct': 0.757}","{'first_in_pct': 0.09300000000000001, 'first_won_pct': 0.667, 'second_won_pct': 0.583}"
"2025 Rome Masters Tournament Results, Stats, and Analysis",ClayDraw,96,C,2025-05-07,https://www.tennisabstract.com/cgi-bin/tourney.cgi?t=2025-0416%2FRome,R32,Casper Ruud,Matteo Berrettini,7,30,7-5 2-0 RET,,1.93,"{'ace_pct': 0.019299999999999998, 'first_in_pct': 0.114, 'first_won_pct': 0.7140000000000001, 'second_won_pct': 0.88}","{'first_in_pct': 0.023, 'first_won_pct': 0.682, 'second_won_pct': 0.7}"
"2025 Rome Masters Tournament Results, Stats, and Analysis",ClayDraw,96,C,2025-05-07,https://www.tennisabstract.com/cgi-bin/tourney.cgi?t=2025-0416%2FRome,R32,Hubert Hurkacz,Marcos Giron,31,45,6-3 1-6 6-1,,1.18,"{'ace_pct': 0.0118, 'first_in_pct': 0.171, 'first_won_pct': 0.643, 'second_won_pct': 0.8}","{'first_in_pct': 0.094, 'first_won_pct': 0.594, 'second_won_pct': 0.605}"
"2025 Rome Masters Tournament Results, Stats, and Analysis",ClayDraw,96,C,2025-05-07,https://www.tennisabstract.com/cgi-bin/tourney.cgi?t=2025-0416%2FRome,R32,Jakub Mensik,Fabian Marozsan,21,61,6-4 7-6(2),,1.43,"{'ace_pct': 0.0143, 'first_in_pct': 0.156, 'first_won_pct': 0.547, 'second_won_pct': 0.8290000000000001}","{'first_in_pct': 0.027999999999999997, 'first_won_pct': 0.583, 'second_won_pct': 0.69}"
"2025 Rome Masters Tournament Results, Stats, and Analysis",ClayDraw,96,C,2025-05-07,https://www.tennisabstract.com/cgi-bin/tourney.cgi?t=2025-0416%2FRome,R32,Tommy Paul,Tomas Machac,12,20,6-3 6-7(5) 6-4,,1.08,"{'ace_pct': 0.0108, 'first_in_pct': 0.071, 'first_won_pct': 0.5760000000000001, 'second_won_pct': 0.772}","{'first_in_pct': 0.035, 'first_won_pct': 0.581, 'second_won_pct': 0.68}"
"2025 Rome Masters Tournament Results, Stats, and Analysis",ClayDraw,96,C,2025-05-07,https://www.tennisabstract.com/cgi-bin/tourney.cgi?t=2025-0416%2FRome,R32,Alex De Minaur,Hugo Dellien,8,103,6-4 6-4,,1.2,"{'ace_pct': 0.012, 'first_in_pct': 0.048, 'first_won_pct': 0.40299999999999997, 'second_won_pct': 0.76}","{'first_in_pct': 0.018000000000000002, 'first_won_pct': 0.667, 'second_won_pct': 0.632}"
"2025 Rome Masters Tournament Results, Stats, and Analysis",ClayDraw,96,C,2025-05-07,https://www.tennisabstract.com/cgi-bin/tourney.cgi?t=2025-0416%2FRome,R32,Jack Draper,Vit Kopriva,5,92,6-4 6-3,,1.86,"{'ace_pct': 0.018600000000000002, 'first_in_pct': 0.061, 'first_won_pct': 0.5920000000000001, 'second_won_pct': 0.828}","{'first_in_pct': 0.013000000000000001, 'first_won_pct': 0.544, 'second_won_pct': 0.628}"
"2025 Rome Masters Tournament Results, Stats, and Analysis",ClayDraw,96,C,2025-05-07,https://www.tennisabstract.com/cgi-bin/tourney.cgi?t=2025-0416%2FRome,R32,Corentin Moutet,Holger Rune,83,10,7-5 5-7 7-6(4),,1.13,"{'ace_pct': 0.0113, 'first_in_pct': 0.035, 'first_won_pct': 0.5660000000000001, 'second_won_pct': 0.7809999999999999}","{'first_in_pct': 0.03, 'first_won_pct': 0.43, 'second_won_pct': 0.69}"
"2025 Rome Masters Tournament Results, Stats, and Analysis",ClayDraw,96,C,2025-05-07,https://www.tennisabstract.com/cgi-bin/tourney.cgi?t=2025-0416%2FRome,R32,Karen Khachanov,Francesco Passaro,24,101,6-3 6-0,,2.03,"{'ace_pct': 0.0203, 'first_in_pct': 0.025, 'first_won_pct': 0.525, 'second_won_pct': 0.81}","{'first_in_pct': 0.024, 'first_won_pct': 0.561, 'second_won_pct': 0.435}"
"2025 Rome Masters Tournament Results, Stats, and Analysis",ClayDraw,96,C,2025-05-07,https://www.tennisabstract.com/cgi-bin/tourney.cgi?t=2025-0416%2FRome,R32,Carlos Alcaraz,Laslo Djere,3,64,7-6(2) 6-2,,1.33,"{'ace_pct': 0.013300000000000001, 'first_in_pct': 0.015, 'first_won_pct': 0.667, 'second_won_pct': 0.682}","{'first_in_pct': 0.013999999999999999, 'first_won_pct': 0.5, 'second_won_pct': 0.583}"
"2025 Rome Masters Tournament Results, Stats, and Analysis",ClayDraw,96,C,2025-05-07,https://www.tennisabstract.com/cgi-bin/tourney.cgi?t=2025-0416%2FRome,R32,Lorenzo Musetti,Brandon Nakashima,9,29,6-4 6-3,,1.29,"{'ace_pct': 0.0129, 'first_in_pct': 0.077, 'first_won_pct': 0.75, 'second_won_pct': 0.821}","{'first_in_pct': 0.08199999999999999, 'first_won_pct': 0.612, 'second_won_pct': 0.833}"
"2025 Rome Masters Tournament Results, Stats, and Analysis",ClayDraw,96,C,2025-05-07,https://www.tennisabstract.com/cgi-bin/tourney.cgi?t=2025-0416%2FRome,R32,Daniil Medvedev,Alexei Popyrin,11,25,6-4 6-1,,1.23,"{'ace_pct': 0.0123, 'first_in_pct': 0.065, 'first_won_pct': 0.629, 'second_won_pct': 0.7440000000000001}","{'first_in_pct': 0.035, 'first_won_pct': 0.561, 'second_won_pct': 0.625}"
"2025 Rome Masters Tournament Results, Stats, and Analysis",ClayDraw,96,C,2025-05-07,https://www.tennisabstract.com/cgi-bin/tourney.cgi?t=2025-0416%2FRome,R32,Arthur Fils,Stefanos Tsitsipas,14,19,2-6 6-4 6-2,,1.15,"{'ace_pct': 0.0115, 'first_in_pct': 0.040999999999999995, 'first_won_pct': 0.63, 'second_won_pct': 0.63}","{'first_in_pct': 0.066, 'first_won_pct': 0.605, 'second_won_pct': 0.696}"
"2025 Rome Masters Tournament Results, Stats, and Analysis",ClayDraw,96,C,2025-05-07,https://www.tennisabstract.com/cgi-bin/tourney.cgi?t=2025-0416%2FRome,R32,Alexander Zverev,Vilius Gaubas,2,154,6-4 6-0,,1.77,"{'ace_pct': 0.0177, 'first_in_pct': 0.0, 'first_won_pct': 0.644, 'second_won_pct': 0.759}","{'first_in_pct': 0.0, 'first_won_pct': 0.667, 'second_won_pct': 0.409}"
"2025 Rome Masters Tournament Results, Stats, and Analysis",ClayDraw,96,C,2025-05-07,https://www.tennisabstract.com/cgi-bin/tourney.cgi?t=2025-0416%2FRome,R64,Jannik Sinner,Mariano Navone,,99,6-3 6-4,,1.24,"{'ace_pct': 0.0124, 'first_in_pct': 0.016, 'first_won_pct': 0.603, 'second_won_pct': 0.632}","{'first_in_pct': 0.0, 'first_won_pct': 0.75, 'second_won_pct': 0.578}"
"2025 Rome Masters Tournament Results, Stats, and Analysis",ClayDraw,96,C,2025-05-07,https://www.tennisabstract.com/cgi-bin/tourney.cgi?t=2025-0416%2FRome,R64,Jesper De Jong,Alejandro Davidovich Fokina,93,26,6-0 6-2,,1.63,"{'ace_pct': 0.0163, 'first_in_pct': 0.044000000000000004, 'first_won_pct': 0.667, 'second_won_pct': 0.767}","{'first_in_pct': 0.021, 'first_won_pct': 0.638, 'second_won_pct': 0.433}"
"2025 Rome Masters Tournament Results, Stats, and Analysis",ClayDraw,96,C,2025-05-07,https://www.tennisabstract.com/cgi-bin/tourney.cgi?t=2025-0416%2FRome,R64,Francisco Cerundolo,Nicolas Jarry,18,53,7-6(4) 6-3,,1.23,"{'ace_pct': 0.0123, 'first_in_pct': 0.039, 'first_won_pct': 0.662, 'second_won_pct': 0.6859999999999999}","{'first_in_pct': 0.09, 'first_won_pct': 0.603, 'second_won_pct': 0.7020000000000001}"
"2025 Rome Masters Tournament Results, Stats, and Analysis",ClayDraw,96,C,2025-05-07,https://www.tennisabstract.com/cgi-bin/tourney.cgi?t=2025-0416%2FRome,R64,Sebastian Ofner,Frances Tiafoe,143,16,6-2 6-7(2) 6-3,,1.06,"{'ace_pct': 0.0106, 'first_in_pct': 0.068, 'first_won_pct': 0.47700000000000004, 'second_won_pct': 0.833}","{'first_in_pct': 0.1, 'first_won_pct': 0.575, 'second_won_pct': 0.7829999999999999}"
"2025 Rome Masters Tournament Results, Stats, and Analysis",ClayDraw,96,C,2025-05-07,https://www.tennisabstract.com/cgi-bin/tourney.cgi?t=2025-0416%2FRome,R64,Jaume Munar,Ben Shelton,66,13,6-2 6-1,,1.94,"{'ace_pct': 0.0194, 'first_in_pct': 0.0, 'first_won_pct': 0.7020000000000001, 'second_won_pct': 0.727}","{'first_in_pct': 0.018000000000000002, 'first_won_pct': 0.5539999999999999, 'second_won_pct': 0.613}"
"2025 Rome Masters Tournament Results, Stats, and Analysis",ClayDraw,96,C,2025-05-07,https://www.tennisabstract.com/cgi-bin/tourney.cgi?t=2025-0416%2FRome,R64,Sebastian Korda,Aleksandar Vukic,23,79,6-3 6-4,,1.44,"{'ace_pct': 0.0144, 'first_in_pct': 0.062, 'first_won_pct': 0.6, 'second_won_pct': 0.769}","{'first_in_pct': 0.077, 'first_won_pct': 0.5379999999999999, 'second_won_pct': 0.6859999999999999}"
"2025 Rome Masters Tournament Results, Stats, and Analysis",ClayDraw,96,C,2025-05-07,https://www.tennisabstract.com/cgi-bin/tourney.cgi?t=2025-0416%2FRome,R64,Matteo Berrettini,Jacob Fearnley,30,57,6-4 7-6(0),,1.58,"{'ace_pct': 0.0158, 'first_in_pct': 0.091, 'first_won_pct': 0.667, 'second_won_pct': 0.773}","{'first_in_pct': 0.037000000000000005, 'first_won_pct': 0.593, 'second_won_pct': 0.7290000000000001}"
"2025 Rome Masters Tournament Results, Stats, and Analysis",ClayDraw,96,C,2025-05-07,https://www.tennisabstract.com/cgi-bin/tourney.cgi?t=2025-0416%2FRome,R64,Casper Ruud,Alexander Bublik,7,76,6-4 4-6 6-3,,1.38,"{'ace_pct': 0.0138, 'first_in_pct': 0.09, 'first_won_pct': 0.615, 'second_won_pct': 0.7709999999999999}","{'first_in_pct': 0.158, 'first_won_pct': 0.6629999999999999, 'second_won_pct': 0.73}"
"2025 Rome Masters Tournament Results, Stats, and Analysis",ClayDraw,96,C,2025-05-07,https://www.tennisabstract.com/cgi-bin/tourney.cgi?t=2025-0416%2FRome,R64,Marcos Giron,Taylor Fritz,45,4,7-6(4) 7-6(3),,1.12,"{'ace_pct': 0.011200000000000002, 'first_in_pct': 0.052000000000000005, 'first_won_pct': 0.5710000000000001, 'second_won_pct': 0.773}","{'first_in_pct': 0.055999999999999994, 'first_won_pct': 0.606, 'second_won_pct': 0.721}"
"2025 Rome Masters Tournament Results, Stats, and Analysis",ClayDraw,96,C,2025-05-07,https://www.tennisabstract.com/cgi-bin/tourney.cgi?t=2025-0416%2FRome,R64,Hubert Hurkacz,Pedro Martinez,31,49,6-1 7-5,,1.87,"{'ace_pct': 0.0187, 'first_in_pct': 0.14, 'first_won_pct': 0.76, 'second_won_pct': 0.816}","{'first_in_pct': 0.0, 'first_won_pct': 0.733, 'second_won_pct': 0.614}"
"2025 Rome Masters Tournament Results, Stats, and Analysis",ClayDraw,96,C,2025-05-07,https://www.tennisabstract.com/cgi-bin/tourney.cgi?t=2025-0416%2FRome,R64,Jakub Mensik,Matteo Gigante,21,164,7-6(4) 7-5,,1.08,"{'ace_pct': 0.0108, 'first_in_pct': 0.096, 'first_won_pct': 0.521, 'second_won_pct': 0.737}","{'first_in_pct': 0.07, 'first_won_pct': 0.5770000000000001, 'second_won_pct': 0.732}"
"2025 Rome Masters Tournament Results, Stats, and Analysis",ClayDraw,96,C,2025-05-07,https://www.tennisabstract.com/cgi-bin/tourney.cgi?t=2025-0416%2FRome,R64,Fabian Marozsan,Andrey Rublev,61,17,7-5 4-6 6-3,,1.06,"{'ace_pct': 0.0106, 'first_in_pct': 0.077, 'first_won_pct': 0.644, 'second_won_pct': 0.716}","{'first_in_pct': 0.046, 'first_won_pct': 0.537, 'second_won_pct': 0.7240000000000001}"
"2025 Rome Masters Tournament Results, Stats, and Analysis",ClayDraw,96,C,2025-05-07,https://www.tennisabstract.com/cgi-bin/tourney.cgi?t=2025-0416%2FRome,R64,Tommy Paul,Roberto Bautista Agut,12,56,6-1 6-4,,1.7,"{'ace_pct': 0.017, 'first_in_pct': 0.044000000000000004, 'first_won_pct': 0.489, 'second_won_pct': 0.8640000000000001}","{'first_in_pct': 0.0, 'first_won_pct': 0.528, 'second_won_pct': 0.643}"
"2025 Rome Masters Tournament Results, Stats, and Analysis",ClayDraw,96,C,2025-05-07,https://www.tennisabstract.com/cgi-bin/tourney.cgi?t=2025-0416%2FRome,R64,Tomas Machac,Learner Tien,20,70,6-4 6-4,,1.36,"{'ace_pct': 0.013600000000000001, 'first_in_pct': 0.0, 'first_won_pct': 0.46299999999999997, 'second_won_pct': 0.88}","{'first_in_pct': 0.031, 'first_won_pct': 0.578, 'second_won_pct': 0.622}"
"2025 Rome Masters Tournament Results, Stats, and Analysis",ClayDraw,96,C,2025-05-07,https://www.tennisabstract.com/cgi-bin/tourney.cgi?t=2025-0416%2FRome,R64,Hugo Dellien,Thiago Seyboth Wild,103,120,4-6 6-3 6-4,,1.19,"{'ace_pct': 0.011899999999999999, 'first_in_pct': 0.023, 'first_won_pct': 0.648, 'second_won_pct': 0.7020000000000001}","{'first_in_pct': 0.045, 'first_won_pct': 0.659, 'second_won_pct': 0.69}"
"2025 Rome Masters Tournament Results, Stats, and Analysis",ClayDraw,96,C,2025-05-07,https://www.tennisabstract.com/cgi-bin/tourney.cgi?t=2025-0416%2FRome,R64,Alex De Minaur,Luca Nardi,8,95,6-4 7-5,,1.32,"{'ace_pct': 0.0132, 'first_in_pct': 0.086, 'first_won_pct': 0.569, 'second_won_pct': 0.879}","{'first_in_pct': 0.022000000000000002, 'first_won_pct': 0.589, 'second_won_pct': 0.679}"
"2025 Rome Masters Tournament Results, Stats, and Analysis",ClayDraw,96,C,2025-05-07,https://www.tennisabstract.com/cgi-bin/tourney.cgi?t=2025-0416%2FRome,R64,Jack Draper,Luciano Darderi,5,46,6-1 6-4,,1.45,"{'ace_pct': 0.014499999999999999, 'first_in_pct': 0.10800000000000001, 'first_won_pct': 0.708, 'second_won_pct': 0.7609999999999999}","{'first_in_pct': 0.038, 'first_won_pct': 0.5660000000000001, 'second_won_pct': 0.6}"
"2025 Rome Masters Tournament Results, Stats, and Analysis",ClayDraw,96,C,2025-05-07,https://www.tennisabstract.com/cgi-bin/tourney.cgi?t=2025-0416%2FRome,R64,Vit Kopriva,Sebastian Baez,92,33,3-6 6-4 6-4,,1.02,"{'ace_pct': 0.0102, 'first_in_pct': 0.032, 'first_won_pct': 0.695, 'second_won_pct': 0.606}","{'first_in_pct': 0.022000000000000002, 'first_won_pct': 0.703, 'second_won_pct': 0.625}"
"2025 Rome Masters Tournament Results, Stats, and Analysis",ClayDraw,96,C,2025-05-07,https://www.tennisabstract.com/cgi-bin/tourney.cgi?t=2025-0416%2FRome,R64,Corentin Moutet,Ugo Humbert,83,22,6-3 4-0 RET,,1.58,"{'ace_pct': 0.0158, 'first_in_pct': 0.026000000000000002, 'first_won_pct': 0.5379999999999999, 'second_won_pct': 0.667}","{'first_in_pct': 0.0, 'first_won_pct': 0.667, 'second_won_pct': 0.41200000000000003}"
"2025 Rome Masters Tournament Results, Stats, and Analysis",ClayDraw,96,C,2025-05-07,https://www.tennisabstract.com/cgi-bin/tourney.cgi?t=2025-0416%2FRome,R64,Holger Rune,Francisco Comesana,10,63,3-6 6-3 6-4,,0.94,"{'ace_pct': 0.009399999999999999, 'first_in_pct': 0.022000000000000002, 'first_won_pct': 0.684, 'second_won_pct': 0.634}","{'first_in_pct': 0.042, 'first_won_pct': 0.615, 'second_won_pct': 0.6779999999999999}"
"2025 Rome Masters Tournament Results, Stats, and Analysis",ClayDraw,96,C,2025-05-07,https://www.tennisabstract.com/cgi-bin/tourney.cgi?t=2025-0416%2FRome,R64,Francesco Passaro,Grigor Dimitrov,101,15,7-5 6-3,,1.51,"{'ace_pct': 0.0151, 'first_in_pct': 0.017, 'first_won_pct': 0.7070000000000001, 'second_won_pct': 0.8290000000000001}","{'first_in_pct': 0.078, 'first_won_pct': 0.532, 'second_won_pct': 0.659}"
"2025 Rome Masters Tournament Results, Stats, and Analysis",ClayDraw,96,C,2025-05-07,https://www.tennisabstract.com/cgi-bin/tourney.cgi?t=2025-0416%2FRome,R64,Karen Khachanov,Roman Andres Burruchaga,24,135,6-4 5-7 6-1,,1.13,"{'ace_pct': 0.0113, 'first_in_pct': 0.049, 'first_won_pct': 0.728, 'second_won_pct': 0.64}","{'first_in_pct': 0.01, 'first_won_pct': 0.6459999999999999, 'second_won_pct': 0.597}"
"2025 Rome Masters Tournament Results, Stats, and Analysis",ClayDraw,96,C,2025-05-07,https://www.tennisabstract.com/cgi-bin/tourney.cgi?t=2025-0416%2FRome,R64,Laslo Djere,Alex Michelsen,64,32,6-0 6-3,,1.6,"{'ace_pct': 0.016, 'first_in_pct': 0.018000000000000002, 'first_won_pct': 0.618, 'second_won_pct': 0.706}","{'first_in_pct': 0.0, 'first_won_pct': 0.6940000000000001, 'second_won_pct': 0.5}"
"2025 Rome Masters Tournament Results, Stats, and Analysis",ClayDraw,96,C,2025-05-07,https://www.tennisabstract.com/cgi-bin/tourney.cgi?t=2025-0416%2FRome,R64,Carlos Alcaraz,Dusan Lajovic,3,131,6-3 6-3,,1.47,"{'ace_pct': 0.0147, 'first_in_pct': 0.059000000000000004, 'first_won_pct': 0.706, 'second_won_pct': 0.722}","{'first_in_pct': 0.045, 'first_won_pct': 0.612, 'second_won_pct': 0.585}"
"2025 Rome Masters Tournament Results, Stats, and Analysis",ClayDraw,96,C,2025-05-07,https://www.tennisabstract.com/cgi-bin/tourney.cgi?t=2025-0416%2FRome,R64,Lorenzo Musetti,Otto Virtanen,9,130,6-3 6-2,,1.75,"{'ace_pct': 0.0175, 'first_in_pct': 0.019, 'first_won_pct': 0.698, 'second_won_pct': 0.8109999999999999}","{'first_in_pct': 0.015, 'first_won_pct': 0.585, 'second_won_pct': 0.6579999999999999}"
"2025 Rome Masters Tournament Results, Stats, and Analysis",ClayDraw,96,C,2025-05-07,https://www.tennisabstract.com/cgi-bin/tourney.cgi?t=2025-0416%2FRome,R64,Brandon Nakashima,Jordan Thompson,29,41,W/O,,,"{'ace_pct': None, 'first_in_pct': None, 'first_won_pct': None, 'second_won_pct': None}","{'first_in_pct': None, 'first_won_pct': None, 'second_won_pct': None}"
"2025 Rome Masters Tournament Results, Stats, and Analysis",ClayDraw,96,C,2025-05-07,https://www.tennisabstract.com/cgi-bin/tourney.cgi?t=2025-0416%2FRome,R64,Alexei Popyrin,Carlos Taberner,25,139,6-1 7-6(4),,1.26,"{'ace_pct': 0.0126, 'first_in_pct': 0.132, 'first_won_pct': 0.662, 'second_won_pct': 0.711}","{'first_in_pct': 0.0, 'first_won_pct': 0.695, 'second_won_pct': 0.659}"
"2025 Rome Masters Tournament Results, Stats, and Analysis",ClayDraw,96,C,2025-05-07,https://www.tennisabstract.com/cgi-bin/tourney.cgi?t=2025-0416%2FRome,R64,Daniil Medvedev,Cameron Norrie,11,91,6-4 6-2,,1.56,"{'ace_pct': 0.015600000000000001, 'first_in_pct': 0.08, 'first_won_pct': 0.68, 'second_won_pct': 0.735}","{'first_in_pct': 0.0, 'first_won_pct': 0.701, 'second_won_pct': 0.611}"
"2025 Rome Masters Tournament Results, Stats, and Analysis",ClayDraw,96,C,2025-05-07,https://www.tennisabstract.com/cgi-bin/tourney.cgi?t=2025-0416%2FRome,R64,Arthur Fils,Tallon Griekspoor,14,35,6-2 6-2,,1.93,"{'ace_pct': 0.019299999999999998, 'first_in_pct': 0.044000000000000004, 'first_won_pct': 0.556, 'second_won_pct': 0.76}","{'first_in_pct': 0.038, 'first_won_pct': 0.623, 'second_won_pct': 0.545}"
"2025 Rome Masters Tournament Results, Stats, and Analysis",ClayDraw,96,C,2025-05-07,https://www.tennisabstract.com/cgi-bin/tourney.cgi?t=2025-0416%2FRome,R64,Stefanos Tsitsipas,Alexandre Muller,19,39,6-2 7-6(3),,1.61,"{'ace_pct': 0.0161, 'first_in_pct': 0.14, 'first_won_pct': 0.632, 'second_won_pct': 0.8059999999999999}","{'first_in_pct': 0.027000000000000003, 'first_won_pct': 0.753, 'second_won_pct': 0.5820000000000001}"
"2025 Rome Masters Tournament Results, Stats, and Analysis",ClayDraw,96,C,2025-05-07,https://www.tennisabstract.com/cgi-bin/tourney.cgi?t=2025-0416%2FRome,R64,Vilius Gaubas,Denis Shapovalov,154,28,6-3 6-4,,1.28,"{'ace_pct': 0.0128, 'first_in_pct': 0.0, 'first_won_pct': 0.7809999999999999, 'second_won_pct': 0.649}","{'first_in_pct': 0.061, 'first_won_pct': 0.53, 'second_won_pct': 0.629}"
"2025 Rome Masters Tournament Results, Stats, and Analysis",ClayDraw,96,C,2025-05-07,https://www.tennisabstract.com/cgi-bin/tourney.cgi?t=2025-0416%2FRome,R64,Alexander Zverev,Camilo Ugo Carabelli,2,60,6-2 6-1,,1.73,"{'ace_pct': 0.0173, 'first_in_pct': 0.022000000000000002, 'first_won_pct': 0.644, 'second_won_pct': 0.69}","{'first_in_pct': 0.023, 'first_won_pct': 0.795, 'second_won_pct': 0.457}"
"2025 Rome Masters Tournament Results, Stats, and Analysis",ClayDraw,96,C,2025-05-07,https://www.tennisabstract.com/cgi-bin/tourney.cgi?t=2025-0416%2FRome,R128,Mariano Navone,Federico Cina,99,323,6-3 6-3,,1.23,"{'ace_pct': 0.0123, 'first_in_pct': 0.033, 'first_won_pct': 0.633, 'second_won_pct': 0.684}","{'first_in_pct': 0.0, 'first_won_pct': 0.745, 'second_won_pct': 0.632}"
"2025 Rome Masters Tournament Results, Stats, and Analysis",ClayDraw,96,C,2025-05-07,https://www.tennisabstract.com/cgi-bin/tourney.cgi?t=2025-0416%2FRome,R128,Jesper De Jong,Alexander Shevchenko,93,97,6-2 6-4,,1.78,"{'ace_pct': 0.0178, 'first_in_pct': 0.09300000000000001, 'first_won_pct': 0.611, 'second_won_pct': 0.879}","{'first_in_pct': 0.031, 'first_won_pct': 0.49200000000000005, 'second_won_pct': 0.594}"
"2025 Rome Masters Tournament Results, Stats, and Analysis",ClayDraw,96,C,2025-05-07,https://www.tennisabstract.com/cgi-bin/tourney.cgi?t=2025-0416%2FRome,R128,Nicolas Jarry,Hugo Gaston,53,78,7-6(4) 6-4,,1.36,"{'ace_pct': 0.013600000000000001, 'first_in_pct': 0.057, 'first_won_pct': 0.7290000000000001, 'second_won_pct': 0.784}","{'first_in_pct': 0.013000000000000001, 'first_won_pct': 0.6629999999999999, 'second_won_pct': 0.7170000000000001}"
"2025 Rome Masters Tournament Results, Stats, and Analysis",ClayDraw,96,C,2025-05-07,https://www.tennisabstract.com/cgi-bin/tourney.cgi?t=2025-0416%2FRome,R128,Sebastian Ofner,Roberto Carballes Baena,143,59,6-3 0-0 RET,,2.32,"{'ace_pct': 0.0232, 'first_in_pct': 0.12, 'first_won_pct': 0.48, 'second_won_pct': 0.917}","{'first_in_pct': 0.0, 'first_won_pct': 0.46299999999999997, 'second_won_pct': 0.579}"
"2025 Rome Masters Tournament Results, Stats, and Analysis",ClayDraw,96,C,2025-05-07,https://www.tennisabstract.com/cgi-bin/tourney.cgi?t=2025-0416%2FRome,R128,Jaume Munar,Tomas Barrios Vera,66,118,4-6 6-2 7-5,,1.18,"{'ace_pct': 0.0118, 'first_in_pct': 0.085, 'first_won_pct': 0.596, 'second_won_pct': 0.732}","{'first_in_pct': 0.009000000000000001, 'first_won_pct': 0.6609999999999999, 'second_won_pct': 0.611}"
"2025 Rome Masters Tournament Results, Stats, and Analysis",ClayDraw,96,C,2025-05-07,https://www.tennisabstract.com/cgi-bin/tourney.cgi?t=2025-0416%2FRome,R128,Aleksandar Vukic,Nicolas Moreno De Alboran,79,149,7-6(2) 6-2,,1.3,"{'ace_pct': 0.013000000000000001, 'first_in_pct': 0.094, 'first_won_pct': 0.594, 'second_won_pct': 0.763}","{'first_in_pct': 0.05, 'first_won_pct': 0.767, 'second_won_pct': 0.63}"
"2025 Rome Masters Tournament Results, Stats, and Analysis",ClayDraw,96,C,2025-05-07,https://www.tennisabstract.com/cgi-bin/tourney.cgi?t=2025-0416%2FRome,R128,Jacob Fearnley,Fabio Fognini,57,107,6-2 6-3,,1.33,"{'ace_pct': 0.013300000000000001, 'first_in_pct': 0.019, 'first_won_pct': 0.547, 'second_won_pct': 0.69}","{'first_in_pct': 0.018000000000000002, 'first_won_pct': 0.491, 'second_won_pct': 0.519}"
"2025 Rome Masters Tournament Results, Stats, and Analysis",ClayDraw,96,C,2025-05-07,https://www.tennisabstract.com/cgi-bin/tourney.cgi?t=2025-0416%2FRome,R128,Alexander Bublik,Roman Safiullin,76,77,6-3 7-6(4),,1.33,"{'ace_pct': 0.013300000000000001, 'first_in_pct': 0.085, 'first_won_pct': 0.634, 'second_won_pct': 0.7559999999999999}","{'first_in_pct': 0.013000000000000001, 'first_won_pct': 0.684, 'second_won_pct': 0.615}"
"2025 Rome Masters Tournament Results, Stats, and Analysis",ClayDraw,96,C,2025-05-07,https://www.tennisabstract.com/cgi-bin/tourney.cgi?t=2025-0416%2FRome,R128,Marcos Giron,Gabriel Diallo,45,54,3-6 6-3 6-4,,1.0,"{'ace_pct': 0.01, 'first_in_pct': 0.024, 'first_won_pct': 0.5760000000000001, 'second_won_pct': 0.633}","{'first_in_pct': 0.051, 'first_won_pct': 0.696, 'second_won_pct': 0.691}"
"2025 Rome Masters Tournament Results, Stats, and Analysis",ClayDraw,96,C,2025-05-07,https://www.tennisabstract.com/cgi-bin/tourney.cgi?t=2025-0416%2FRome,R128,Pedro Martinez,Mattia Bellucci,49,68,6-4 6-2,,1.46,"{'ace_pct': 0.0146, 'first_in_pct': 0.037000000000000005, 'first_won_pct': 0.741, 'second_won_pct': 0.7}","{'first_in_pct': 0.063, 'first_won_pct': 0.556, 'second_won_pct': 0.6859999999999999}"
"2025 Rome Masters Tournament Results, Stats, and Analysis",ClayDraw,96,C,2025-05-07,https://www.tennisabstract.com/cgi-bin/tourney.cgi?t=2025-0416%2FRome,R128,Matteo Gigante,Arthur Rinderknech,164,75,7-6(4) 7-6(4),,0.98,"{'ace_pct': 0.0098, 'first_in_pct': 0.047, 'first_won_pct': 0.594, 'second_won_pct': 0.7140000000000001}","{'first_in_pct': 0.095, 'first_won_pct': 0.595, 'second_won_pct': 0.74}"
"2025 Rome Masters Tournament Results, Stats, and Analysis",ClayDraw,96,C,2025-05-07,https://www.tennisabstract.com/cgi-bin/tourney.cgi?t=2025-0416%2FRome,R128,Fabian Marozsan,Joao Fonseca,61,65,6-3 7-6(4),,1.48,"{'ace_pct': 0.0148, 'first_in_pct': 0.045, 'first_won_pct': 0.597, 'second_won_pct': 0.75}","{'first_in_pct': 0.059000000000000004, 'first_won_pct': 0.544, 'second_won_pct': 0.622}"
"2025 Rome Masters Tournament Results, Stats, and Analysis",ClayDraw,96,C,2025-05-07,https://www.tennisabstract.com/cgi-bin/tourney.cgi?t=2025-0416%2FRome,R128,Roberto Bautista Agut,Matteo Arnaldi,56,37,6-4 6-3,,1.29,"{'ace_pct': 0.0129, 'first_in_pct': 0.013000000000000001, 'first_won_pct': 0.684, 'second_won_pct': 0.635}","{'first_in_pct': 0.073, 'first_won_pct': 0.636, 'second_won_pct': 0.629}"
"2025 Rome Masters Tournament Results, Stats, and Analysis",ClayDraw,96,C,2025-05-07,https://www.tennisabstract.com/cgi-bin/tourney.cgi?t=2025-0416%2FRome,R128,Learner Tien,Reilly Opelka,70,94,6-4 7-6(11),,1.29,"{'ace_pct': 0.0129, 'first_in_pct': 0.0, 'first_won_pct': 0.493, 'second_won_pct': 0.8059999999999999}","{'first_in_pct': 0.063, 'first_won_pct': 0.613, 'second_won_pct': 0.6729999999999999}"
"2025 Rome Masters Tournament Results, Stats, and Analysis",ClayDraw,96,C,2025-05-07,https://www.tennisabstract.com/cgi-bin/tourney.cgi?t=2025-0416%2FRome,R128,Thiago Seyboth Wild,Nuno Borges,120,40,6-1 4-6 6-4,,1.13,"{'ace_pct': 0.0113, 'first_in_pct': 0.091, 'first_won_pct': 0.556, 'second_won_pct': 0.655}","{'first_in_pct': 0.068, 'first_won_pct': 0.648, 'second_won_pct': 0.667}"
"2025 Rome Masters Tournament Results, Stats, and Analysis",ClayDraw,96,C,2025-05-07,https://www.tennisabstract.com/cgi-bin/tourney.cgi?t=2025-0416%2FRome,R128,Luca Nardi,Flavio Cobolli,95,34,6-3 6-4,,1.39,"{'ace_pct': 0.0139, 'first_in_pct': 0.018000000000000002, 'first_won_pct': 0.48200000000000004, 'second_won_pct': 0.741}","{'first_in_pct': 0.031, 'first_won_pct': 0.484, 'second_won_pct': 0.677}"
"2025 Rome Masters Tournament Results, Stats, and Analysis",ClayDraw,96,C,2025-05-07,https://www.tennisabstract.com/cgi-bin/tourney.cgi?t=2025-0416%2FRome,R128,Luciano Darderi,Bu Yunchaokete,46,73,7-6(4) 6-3,,1.22,"{'ace_pct': 0.012199999999999999, 'first_in_pct': 0.10800000000000001, 'first_won_pct': 0.5539999999999999, 'second_won_pct': 0.722}","{'first_in_pct': 0.057, 'first_won_pct': 0.5, 'second_won_pct': 0.7709999999999999}"
"2025 Rome Masters Tournament Results, Stats, and Analysis",ClayDraw,96,C,2025-05-07,https://www.tennisabstract.com/cgi-bin/tourney.cgi?t=2025-0416%2FRome,R128,Vit Kopriva,Quentin Halys,92,52,6-4 6-3,,1.35,"{'ace_pct': 0.013500000000000002, 'first_in_pct': 0.036000000000000004, 'first_won_pct': 0.589, 'second_won_pct': 0.7879999999999999}","{'first_in_pct': 0.042, 'first_won_pct': 0.667, 'second_won_pct': 0.688}"
"2025 Rome Masters Tournament Results, Stats, and Analysis",ClayDraw,96,C,2025-05-07,https://www.tennisabstract.com/cgi-bin/tourney.cgi?t=2025-0416%2FRome,R128,Corentin Moutet,Rinky Hijikata,83,82,3-6 6-1 7-5,,1.04,"{'ace_pct': 0.0104, 'first_in_pct': 0.01, 'first_won_pct': 0.614, 'second_won_pct': 0.613}","{'first_in_pct': 0.011000000000000001, 'first_won_pct': 0.609, 'second_won_pct': 0.604}"
"2025 Rome Masters Tournament Results, Stats, and Analysis",ClayDraw,96,C,2025-05-07,https://www.tennisabstract.com/cgi-bin/tourney.cgi?t=2025-0416%2FRome,R128,Francisco Comesana,Daniel Altmaier,63,71,6-1 7-5,,1.74,"{'ace_pct': 0.0174, 'first_in_pct': 0.11699999999999999, 'first_won_pct': 0.633, 'second_won_pct': 0.763}","{'first_in_pct': 0.086, 'first_won_pct': 0.534, 'second_won_pct': 0.581}"
"2025 Rome Masters Tournament Results, Stats, and Analysis",ClayDraw,96,C,2025-05-07,https://www.tennisabstract.com/cgi-bin/tourney.cgi?t=2025-0416%2FRome,R128,Francesco Passaro,Chun Hsin Tseng,101,102,6-0 2-6 6-3,,1.27,"{'ace_pct': 0.0127, 'first_in_pct': 0.095, 'first_won_pct': 0.667, 'second_won_pct': 0.75}","{'first_in_pct': 0.013000000000000001, 'first_won_pct': 0.5710000000000001, 'second_won_pct': 0.591}"
"2025 Rome Masters Tournament Results, Stats, and Analysis",ClayDraw,96,C,2025-05-07,https://www.tennisabstract.com/cgi-bin/tourney.cgi?t=2025-0416%2FRome,R128,Roman Andres Burruchaga,Lorenzo Sonego,135,44,6-2 6-3,,1.33,"{'ace_pct': 0.013300000000000001, 'first_in_pct': 0.0, 'first_won_pct': 0.672, 'second_won_pct': 0.6409999999999999}","{'first_in_pct': 0.018000000000000002, 'first_won_pct': 0.579, 'second_won_pct': 0.545}"
"2025 Rome Masters Tournament Results, Stats, and Analysis",ClayDraw,96,C,2025-05-07,https://www.tennisabstract.com/cgi-bin/tourney.cgi?t=2025-0416%2FRome,R128,Laslo Djere,Tomas Martin Etcheverry,64,51,6-3 6-2,,2.31,"{'ace_pct': 0.0231, 'first_in_pct': 0.024, 'first_won_pct': 0.61, 'second_won_pct': 0.84}","{'first_in_pct': 0.039, 'first_won_pct': 0.627, 'second_won_pct': 0.6559999999999999}"
"2025 Rome Masters Tournament Results, Stats, and Analysis",ClayDraw,96,C,2025-05-07,https://www.tennisabstract.com/cgi-bin/tourney.cgi?t=2025-0416%2FRome,R128,Dusan Lajovic,Yoshihito Nishioka,131,74,7-5 6-1,,1.31,"{'ace_pct': 0.0131, 'first_in_pct': 0.083, 'first_won_pct': 0.6829999999999999, 'second_won_pct': 0.78}","{'first_in_pct': 0.018000000000000002, 'first_won_pct': 0.527, 'second_won_pct': 0.655}"
"2025 Rome Masters Tournament Results, Stats, and Analysis",ClayDraw,96,C,2025-05-07,https://www.tennisabstract.com/cgi-bin/tourney.cgi?t=2025-0416%2FRome,R128,Otto Virtanen,Hamad Medjedovic,130,72,6-4 6-4,,1.13,"{'ace_pct': 0.0113, 'first_in_pct': 0.10099999999999999, 'first_won_pct': 0.494, 'second_won_pct': 0.667}","{'first_in_pct': 0.036000000000000004, 'first_won_pct': 0.6, 'second_won_pct': 0.7879999999999999}"
"2025 Rome Masters Tournament Results, Stats, and Analysis",ClayDraw,96,C,2025-05-07,https://www.tennisabstract.com/cgi-bin/tourney.cgi?t=2025-0416%2FRome,R128,Jordan Thompson,Giovanni Mpetshi Perricard,41,36,3-6 6-3 7-6(5),,1.24,"{'ace_pct': 0.0124, 'first_in_pct': 0.063, 'first_won_pct': 0.563, 'second_won_pct': 0.8}","{'first_in_pct': 0.141, 'first_won_pct': 0.63, 'second_won_pct': 0.741}"
"2025 Rome Masters Tournament Results, Stats, and Analysis",ClayDraw,96,C,2025-05-07,https://www.tennisabstract.com/cgi-bin/tourney.cgi?t=2025-0416%2FRome,R128,Carlos Taberner,Aleksandar Kovacevic,139,80,6-3 1-6 7-5,,1.0,"{'ace_pct': 0.01, 'first_in_pct': 0.063, 'first_won_pct': 0.775, 'second_won_pct': 0.6609999999999999}","{'first_in_pct': 0.125, 'first_won_pct': 0.67, 'second_won_pct': 0.6779999999999999}"
"2025 Rome Masters Tournament Results, Stats, and Analysis",ClayDraw,96,C,2025-05-07,https://www.tennisabstract.com/cgi-bin/tourney.cgi?t=2025-0416%2FRome,R128,Cameron Norrie,Christopher Oconnell,91,81,6-3 6-2,,1.64,"{'ace_pct': 0.016399999999999998, 'first_in_pct': 0.036000000000000004, 'first_won_pct': 0.564, 'second_won_pct': 0.871}","{'first_in_pct': 0.10400000000000001, 'first_won_pct': 0.625, 'second_won_pct': 0.5329999999999999}"
"2025 Rome Masters Tournament Results, Stats, and Analysis",ClayDraw,96,C,2025-05-07,https://www.tennisabstract.com/cgi-bin/tourney.cgi?t=2025-0416%2FRome,R128,Tallon Griekspoor,Miomir Kecmanovic,35,47,4-6 6-3 6-0,,1.64,"{'ace_pct': 0.016399999999999998, 'first_in_pct': 0.21899999999999997, 'first_won_pct': 0.74, 'second_won_pct': 0.7959999999999999}","{'first_in_pct': 0.042, 'first_won_pct': 0.648, 'second_won_pct': 0.609}"
"2025 Rome Masters Tournament Results, Stats, and Analysis",ClayDraw,96,C,2025-05-07,https://www.tennisabstract.com/cgi-bin/tourney.cgi?t=2025-0416%2FRome,R128,Alexandre Muller,Jiri Lehecka,39,38,2-6 6-3 7-6(5),,0.96,"{'ace_pct': 0.0096, 'first_in_pct': 0.009000000000000001, 'first_won_pct': 0.757, 'second_won_pct': 0.583}","{'first_in_pct': 0.073, 'first_won_pct': 0.51, 'second_won_pct': 0.653}"
"2025 Rome Masters Tournament Results, Stats, and Analysis",ClayDraw,96,C,2025-05-07,https://www.tennisabstract.com/cgi-bin/tourney.cgi?t=2025-0416%2FRome,R128,Vilius Gaubas,Damir Dzumhur,154,69,7-6(3) 2-6 6-4,,1.0,"{'ace_pct': 0.01, 'first_in_pct': 0.0, 'first_won_pct': 0.748, 'second_won_pct': 0.5579999999999999}","{'first_in_pct': 0.0, 'first_won_pct': 0.635, 'second_won_pct': 0.667}"
"2025 Rome Masters Tournament Results, Stats, and Analysis",ClayDraw,96,C,2025-05-07,https://www.tennisabstract.com/cgi-bin/tourney.cgi?t=2025-0416%2FRome,R128,Camilo Ugo Carabelli,Pablo Carreno Busta,60,98,6-2 1-6 6-3,,1.01,"{'ace_pct': 0.0101, 'first_in_pct': 0.013000000000000001, 'first_won_pct': 0.705, 'second_won_pct': 0.6}","{'first_in_pct': 0.013000000000000001, 'first_won_pct': 0.693, 'second_won_pct': 0.596}"
"2025 Canada Masters Tournament Results, Stats, and Analysis",HardDraw,96,C,2025-07-27,https://www.tennisabstract.com/cgi-bin/tourney.cgi?t=2025-0421%2FCanada,F,Ben Shelton,Karen Khachanov,7,16,6-7(5) 6-4 7-6(3),,1.03,"{'ace_pct': 0.0103, 'first_in_pct': 0.14800000000000002, 'first_won_pct': 0.639, 'second_won_pct': 0.797}","{'first_in_pct': 0.03, 'first_won_pct': 0.634, 'second_won_pct': 0.7190000000000001}"
"2025 Canada Masters Tournament Results, Stats, and Analysis",HardDraw,96,C,2025-07-27,https://www.tennisabstract.com/cgi-bin/tourney.cgi?t=2025-0421%2FCanada,SF,Karen Khachanov,Alexander Zverev,16,3,6-3 4-6 7-6(4),,1.03,"{'ace_pct': 0.0103, 'first_in_pct': 0.048, 'first_won_pct': 0.6, 'second_won_pct': 0.73}","{'first_in_pct': 0.127, 'first_won_pct': 0.706, 'second_won_pct': 0.722}"
"2025 Canada Masters Tournament Results, Stats, and Analysis",HardDraw,96,C,2025-07-27,https://www.tennisabstract.com/cgi-bin/tourney.cgi?t=2025-0421%2FCanada,SF,Ben Shelton,Taylor Fritz,7,4,6-4 6-3,,1.67,"{'ace_pct': 0.0167, 'first_in_pct': 0.13699999999999998, 'first_won_pct': 0.569, 'second_won_pct': 0.862}","{'first_in_pct': 0.066, 'first_won_pct': 0.623, 'second_won_pct': 0.684}"
"2025 Canada Masters Tournament Results, Stats, and Analysis",HardDraw,96,C,2025-07-27,https://www.tennisabstract.com/cgi-bin/tourney.cgi?t=2025-0421%2FCanada,QF,Alexander Zverev,Alexei Popyrin,3,26,6-7(8) 6-4 6-3,,1.32,"{'ace_pct': 0.0132, 'first_in_pct': 0.12, 'first_won_pct': 0.68, 'second_won_pct': 0.8240000000000001}","{'first_in_pct': 0.107, 'first_won_pct': 0.612, 'second_won_pct': 0.746}"
"2025 Canada Masters Tournament Results, Stats, and Analysis",HardDraw,96,C,2025-07-27,https://www.tennisabstract.com/cgi-bin/tourney.cgi?t=2025-0421%2FCanada,QF,Karen Khachanov,Alex Michelsen,16,34,6-4 7-6(3),,1.41,"{'ace_pct': 0.0141, 'first_in_pct': 0.08199999999999999, 'first_won_pct': 0.644, 'second_won_pct': 0.851}","{'first_in_pct': 0.057, 'first_won_pct': 0.625, 'second_won_pct': 0.6729999999999999}"
"2025 Canada Masters Tournament Results, Stats, and Analysis",HardDraw,96,C,2025-07-27,https://www.tennisabstract.com/cgi-bin/tourney.cgi?t=2025-0421%2FCanada,QF,Ben Shelton,Alex De Minaur,7,8,6-3 6-4,,1.34,"{'ace_pct': 0.0134, 'first_in_pct': 0.183, 'first_won_pct': 0.617, 'second_won_pct': 0.784}","{'first_in_pct': 0.015, 'first_won_pct': 0.53, 'second_won_pct': 0.657}"
"2025 Canada Masters Tournament Results, Stats, and Analysis",HardDraw,96,C,2025-07-27,https://www.tennisabstract.com/cgi-bin/tourney.cgi?t=2025-0421%2FCanada,QF,Taylor Fritz,Andrey Rublev,4,11,6-3 7-6(4),,1.21,"{'ace_pct': 0.0121, 'first_in_pct': 0.27399999999999997, 'first_won_pct': 0.6579999999999999, 'second_won_pct': 0.792}","{'first_in_pct': 0.105, 'first_won_pct': 0.544, 'second_won_pct': 0.774}"
"2025 Canada Masters Tournament Results, Stats, and Analysis",HardDraw,96,C,2025-07-27,https://www.tennisabstract.com/cgi-bin/tourney.cgi?t=2025-0421%2FCanada,R16,Alexander Zverev,Francisco Cerundolo,3,24,6-4 1-0 RET,,1.49,"{'ace_pct': 0.0149, 'first_in_pct': 0.10300000000000001, 'first_won_pct': 0.7240000000000001, 'second_won_pct': 0.762}","{'first_in_pct': 0.028999999999999998, 'first_won_pct': 0.8290000000000001, 'second_won_pct': 0.517}"
"2025 Canada Masters Tournament Results, Stats, and Analysis",HardDraw,96,C,2025-07-27,https://www.tennisabstract.com/cgi-bin/tourney.cgi?t=2025-0421%2FCanada,R16,Alexei Popyrin,Holger Rune,26,9,4-6 6-2 6-3,,1.55,"{'ace_pct': 0.0155, 'first_in_pct': 0.182, 'first_won_pct': 0.584, 'second_won_pct': 0.867}","{'first_in_pct': 0.07200000000000001, 'first_won_pct': 0.649, 'second_won_pct': 0.6509999999999999}"
"2025 Canada Masters Tournament Results, Stats, and Analysis",HardDraw,96,C,2025-07-27,https://www.tennisabstract.com/cgi-bin/tourney.cgi?t=2025-0421%2FCanada,R16,Alex Michelsen,Learner Tien,34,61,6-3 6-3,,1.33,"{'ace_pct': 0.013300000000000001, 'first_in_pct': 0.046, 'first_won_pct': 0.5539999999999999, 'second_won_pct': 0.722}","{'first_in_pct': 0.03, 'first_won_pct': 0.53, 'second_won_pct': 0.6}"
"2025 Canada Masters Tournament Results, Stats, and Analysis",HardDraw,96,C,2025-07-27,https://www.tennisabstract.com/cgi-bin/tourney.cgi?t=2025-0421%2FCanada,R16,Karen Khachanov,Casper Ruud,16,13,6-4 7-5,,1.81,"{'ace_pct': 0.0181, 'first_in_pct': 0.13, 'first_won_pct': 0.556, 'second_won_pct': 0.9670000000000001}","{'first_in_pct': 0.125, 'first_won_pct': 0.6809999999999999, 'second_won_pct': 0.5710000000000001}"
"2025 Canada Masters Tournament Results, Stats, and Analysis",HardDraw,96,C,2025-07-27,https://www.tennisabstract.com/cgi-bin/tourney.cgi?t=2025-0421%2FCanada,R16,Alex De Minaur,Frances Tiafoe,8,12,6-2 4-6 6-4,,1.08,"{'ace_pct': 0.0108, 'first_in_pct': 0.065, 'first_won_pct': 0.424, 'second_won_pct': 0.769}","{'first_in_pct': 0.111, 'first_won_pct': 0.478, 'second_won_pct': 0.7440000000000001}"
"2025 Canada Masters Tournament Results, Stats, and Analysis",HardDraw,96,C,2025-07-27,https://www.tennisabstract.com/cgi-bin/tourney.cgi?t=2025-0421%2FCanada,R16,Ben Shelton,Flavio Cobolli,7,17,6-4 4-6 7-6(1),,1.0,"{'ace_pct': 0.01, 'first_in_pct': 0.107, 'first_won_pct': 0.616, 'second_won_pct': 0.71}","{'first_in_pct': 0.079, 'first_won_pct': 0.446, 'second_won_pct': 0.7559999999999999}"
"2025 Canada Masters Tournament Results, Stats, and Analysis",HardDraw,96,C,2025-07-27,https://www.tennisabstract.com/cgi-bin/tourney.cgi?t=2025-0421%2FCanada,R16,Andrey Rublev,Alejandro Davidovich Fokina,11,19,6-7(3) 7-6(2) 3-0 RET,,1.52,"{'ace_pct': 0.0152, 'first_in_pct': 0.133, 'first_won_pct': 0.578, 'second_won_pct': 0.904}","{'first_in_pct': 0.075, 'first_won_pct': 0.6920000000000001, 'second_won_pct': 0.6759999999999999}"
"2025 Canada Masters Tournament Results, Stats, and Analysis",HardDraw,96,C,2025-07-27,https://www.tennisabstract.com/cgi-bin/tourney.cgi?t=2025-0421%2FCanada,R16,Taylor Fritz,Jiri Lehecka,4,27,7-6(4) 6-7(5) 7-6(5),,0.98,"{'ace_pct': 0.0098, 'first_in_pct': 0.12, 'first_won_pct': 0.594, 'second_won_pct': 0.823}","{'first_in_pct': 0.048, 'first_won_pct': 0.624, 'second_won_pct': 0.8079999999999999}"
"2025 Canada Masters Tournament Results, Stats, and Analysis",HardDraw,96,C,2025-07-27,https://www.tennisabstract.com/cgi-bin/tourney.cgi?t=2025-0421%2FCanada,R32,Alexander Zverev,Matteo Arnaldi,3,41,6-7(5) 6-3 6-2,,1.34,"{'ace_pct': 0.0134, 'first_in_pct': 0.085, 'first_won_pct': 0.736, 'second_won_pct': 0.769}","{'first_in_pct': 0.057999999999999996, 'first_won_pct': 0.5579999999999999, 'second_won_pct': 0.7070000000000001}"
"2025 Canada Masters Tournament Results, Stats, and Analysis",HardDraw,96,C,2025-07-27,https://www.tennisabstract.com/cgi-bin/tourney.cgi?t=2025-0421%2FCanada,R32,Francisco Cerundolo,Tomas Martin Etcheverry,24,60,6-3 6-4,,1.15,"{'ace_pct': 0.0115, 'first_in_pct': 0.013999999999999999, 'first_won_pct': 0.507, 'second_won_pct': 0.639}","{'first_in_pct': 0.078, 'first_won_pct': 0.578, 'second_won_pct': 0.703}"
"2025 Canada Masters Tournament Results, Stats, and Analysis",HardDraw,96,C,2025-07-27,https://www.tennisabstract.com/cgi-bin/tourney.cgi?t=2025-0421%2FCanada,R32,Alexei Popyrin,Daniil Medvedev,26,14,5-7 6-4 6-4,,1.13,"{'ace_pct': 0.0113, 'first_in_pct': 0.068, 'first_won_pct': 0.612, 'second_won_pct': 0.841}","{'first_in_pct': 0.109, 'first_won_pct': 0.527, 'second_won_pct': 0.759}"
"2025 Canada Masters Tournament Results, Stats, and Analysis",HardDraw,96,C,2025-07-27,https://www.tennisabstract.com/cgi-bin/tourney.cgi?t=2025-0421%2FCanada,R32,Holger Rune,Alexandre Muller,9,40,6-2 6-4,,1.51,"{'ace_pct': 0.0151, 'first_in_pct': 0.08199999999999999, 'first_won_pct': 0.653, 'second_won_pct': 0.813}","{'first_in_pct': 0.043, 'first_won_pct': 0.5429999999999999, 'second_won_pct': 0.76}"
"2025 Canada Masters Tournament Results, Stats, and Analysis",HardDraw,96,C,2025-07-27,https://www.tennisabstract.com/cgi-bin/tourney.cgi?t=2025-0421%2FCanada,R32,Alex Michelsen,Lorenzo Musetti,34,10,3-6 7-6(4) 6-4,,0.93,"{'ace_pct': 0.009300000000000001, 'first_in_pct': 0.046, 'first_won_pct': 0.624, 'second_won_pct': 0.794}","{'first_in_pct': 0.051, 'first_won_pct': 0.596, 'second_won_pct': 0.7120000000000001}"
"2025 Canada Masters Tournament Results, Stats, and Analysis",HardDraw,96,C,2025-07-27,https://www.tennisabstract.com/cgi-bin/tourney.cgi?t=2025-0421%2FCanada,R32,Learner Tien,Reilly Opelka,61,74,7-6(3) 6-3,,0.9,"{'ace_pct': 0.009000000000000001, 'first_in_pct': 0.024, 'first_won_pct': 0.61, 'second_won_pct': 0.8}","{'first_in_pct': 0.175, 'first_won_pct': 0.544, 'second_won_pct': 0.968}"
"2025 Canada Masters Tournament Results, Stats, and Analysis",HardDraw,96,C,2025-07-27,https://www.tennisabstract.com/cgi-bin/tourney.cgi?t=2025-0421%2FCanada,R32,Karen Khachanov,Emilio Nava,16,114,6-7(6) 6-4 6-1,,1.43,"{'ace_pct': 0.0143, 'first_in_pct': 0.098, 'first_won_pct': 0.585, 'second_won_pct': 0.708}","{'first_in_pct': 0.09699999999999999, 'first_won_pct': 0.5529999999999999, 'second_won_pct': 0.772}"
"2025 Canada Masters Tournament Results, Stats, and Analysis",HardDraw,96,C,2025-07-27,https://www.tennisabstract.com/cgi-bin/tourney.cgi?t=2025-0421%2FCanada,R32,Casper Ruud,Nuno Borges,13,42,7-5 6-4,,1.16,"{'ace_pct': 0.0116, 'first_in_pct': 0.113, 'first_won_pct': 0.688, 'second_won_pct': 0.691}","{'first_in_pct': 0.013999999999999999, 'first_won_pct': 0.42, 'second_won_pct': 0.621}"
"2025 Canada Masters Tournament Results, Stats, and Analysis",HardDraw,96,C,2025-07-27,https://www.tennisabstract.com/cgi-bin/tourney.cgi?t=2025-0421%2FCanada,R32,Frances Tiafoe,Aleksandar Vukic,12,99,6-3 4-6 6-3,,1.2,"{'ace_pct': 0.012, 'first_in_pct': 0.12, 'first_won_pct': 0.542, 'second_won_pct': 0.7559999999999999}","{'first_in_pct': 0.04, 'first_won_pct': 0.58, 'second_won_pct': 0.69}"
"2025 Canada Masters Tournament Results, Stats, and Analysis",HardDraw,96,C,2025-07-27,https://www.tennisabstract.com/cgi-bin/tourney.cgi?t=2025-0421%2FCanada,R32,Alex De Minaur,Christopher Oconnell,8,78,W/O,,,"{'ace_pct': None, 'first_in_pct': None, 'first_won_pct': None, 'second_won_pct': None}","{'first_in_pct': None, 'first_won_pct': None, 'second_won_pct': None}"
"2025 Canada Masters Tournament Results, Stats, and Analysis",HardDraw,96,C,2025-07-27,https://www.tennisabstract.com/cgi-bin/tourney.cgi?t=2025-0421%2FCanada,R32,Flavio Cobolli,Fabian Marozsan,17,56,6-2 4-6 6-3,,1.29,"{'ace_pct': 0.0129, 'first_in_pct': 0.083, 'first_won_pct': 0.5710000000000001, 'second_won_pct': 0.667}","{'first_in_pct': 0.03, 'first_won_pct': 0.586, 'second_won_pct': 0.621}"
"2025 Canada Masters Tournament Results, Stats, and Analysis",HardDraw,96,C,2025-07-27,https://www.tennisabstract.com/cgi-bin/tourney.cgi?t=2025-0421%2FCanada,R32,Ben Shelton,Brandon Nakashima,7,32,6-7(8) 6-2 7-6(5),,1.04,"{'ace_pct': 0.0104, 'first_in_pct': 0.171, 'first_won_pct': 0.622, 'second_won_pct': 0.812}","{'first_in_pct': 0.028999999999999998, 'first_won_pct': 0.635, 'second_won_pct': 0.742}"
"2025 Canada Masters Tournament Results, Stats, and Analysis",HardDraw,96,C,2025-07-27,https://www.tennisabstract.com/cgi-bin/tourney.cgi?t=2025-0421%2FCanada,R32,Andrey Rublev,Lorenzo Sonego,11,38,5-7 6-4 6-3,,1.29,"{'ace_pct': 0.0129, 'first_in_pct': 0.07, 'first_won_pct': 0.674, 'second_won_pct': 0.879}","{'first_in_pct': 0.091, 'first_won_pct': 0.591, 'second_won_pct': 0.708}"
"2025 Canada Masters Tournament Results, Stats, and Analysis",HardDraw,96,C,2025-07-27,https://www.tennisabstract.com/cgi-bin/tourney.cgi?t=2025-0421%2FCanada,R32,Alejandro Davidovich Fokina,Jakub Mensik,19,18,6-2 6-4,,1.68,"{'ace_pct': 0.0168, 'first_in_pct': 0.042, 'first_won_pct': 0.521, 'second_won_pct': 0.68}","{'first_in_pct': 0.12300000000000001, 'first_won_pct': 0.509, 'second_won_pct': 0.621}"
"2025 Canada Masters Tournament Results, Stats, and Analysis",HardDraw,96,C,2025-07-27,https://www.tennisabstract.com/cgi-bin/tourney.cgi?t=2025-0421%2FCanada,R32,Jiri Lehecka,Arthur Fils,27,21,3-6 6-3 6-4,,0.88,"{'ace_pct': 0.0088, 'first_in_pct': 0.136, 'first_won_pct': 0.568, 'second_won_pct': 0.84}","{'first_in_pct': 0.039, 'first_won_pct': 0.711, 'second_won_pct': 0.759}"
"2025 Canada Masters Tournament Results, Stats, and Analysis",HardDraw,96,C,2025-07-27,https://www.tennisabstract.com/cgi-bin/tourney.cgi?t=2025-0421%2FCanada,R32,Taylor Fritz,Gabriel Diallo,4,36,6-4 6-2,,2.13,"{'ace_pct': 0.0213, 'first_in_pct': 0.10400000000000001, 'first_won_pct': 0.542, 'second_won_pct': 0.885}","{'first_in_pct': 0.063, 'first_won_pct': 0.556, 'second_won_pct': 0.6859999999999999}"
"2025 Canada Masters Tournament Results, Stats, and Analysis",HardDraw,96,C,2025-07-27,https://www.tennisabstract.com/cgi-bin/tourney.cgi?t=2025-0421%2FCanada,R64,Alexander Zverev,Adam Walton,3,88,7-6(6) 6-4,,1.68,"{'ace_pct': 0.0168, 'first_in_pct': 0.115, 'first_won_pct': 0.6559999999999999, 'second_won_pct': 0.925}","{'first_in_pct': 0.062, 'first_won_pct': 0.593, 'second_won_pct': 0.75}"
"2025 Canada Masters Tournament Results, Stats, and Analysis",HardDraw,96,C,2025-07-27,https://www.tennisabstract.com/cgi-bin/tourney.cgi?t=2025-0421%2FCanada,R64,Matteo Arnaldi,Tristan Schoolkate,41,103,6-3 3-6 6-3,,1.04,"{'ace_pct': 0.0104, 'first_in_pct': 0.125, 'first_won_pct': 0.5, 'second_won_pct': 0.833}","{'first_in_pct': 0.071, 'first_won_pct': 0.5479999999999999, 'second_won_pct': 0.7609999999999999}"
"2025 Canada Masters Tournament Results, Stats, and Analysis",HardDraw,96,C,2025-07-27,https://www.tennisabstract.com/cgi-bin/tourney.cgi?t=2025-0421%2FCanada,R64,Tomas Martin Etcheverry,Tallon Griekspoor,60,31,6-4 7-6(4),,1.23,"{'ace_pct': 0.0123, 'first_in_pct': 0.154, 'first_won_pct': 0.7440000000000001, 'second_won_pct': 0.69}","{'first_in_pct': 0.073, 'first_won_pct': 0.573, 'second_won_pct': 0.638}"
"2025 Canada Masters Tournament Results, Stats, and Analysis",HardDraw,96,C,2025-07-27,https://www.tennisabstract.com/cgi-bin/tourney.cgi?t=2025-0421%2FCanada,R64,Francisco Cerundolo,Jaume Munar,24,51,7-6(4) 4-6 6-4,,1.07,"{'ace_pct': 0.010700000000000001, 'first_in_pct': 0.042, 'first_won_pct': 0.602, 'second_won_pct': 0.746}","{'first_in_pct': 0.019, 'first_won_pct': 0.552, 'second_won_pct': 0.7759999999999999}"
"2025 Canada Masters Tournament Results, Stats, and Analysis",HardDraw,96,C,2025-07-27,https://www.tennisabstract.com/cgi-bin/tourney.cgi?t=2025-0421%2FCanada,R64,Daniil Medvedev,Dalibor Svrcina,14,120,7-6(3) 6-4,,1.23,"{'ace_pct': 0.0123, 'first_in_pct': 0.06, 'first_won_pct': 0.493, 'second_won_pct': 0.6970000000000001}","{'first_in_pct': 0.0, 'first_won_pct': 0.524, 'second_won_pct': 0.674}"
"2025 Canada Masters Tournament Results, Stats, and Analysis",HardDraw,96,C,2025-07-27,https://www.tennisabstract.com/cgi-bin/tourney.cgi?t=2025-0421%2FCanada,R64,Alexei Popyrin,Nicolas Arseneault,26,638,7-6(7) 6-3,,1.26,"{'ace_pct': 0.0126, 'first_in_pct': 0.125, 'first_won_pct': 0.569, 'second_won_pct': 0.8540000000000001}","{'first_in_pct': 0.134, 'first_won_pct': 0.597, 'second_won_pct': 0.825}"
"2025 Canada Masters Tournament Results, Stats, and Analysis",HardDraw,96,C,2025-07-27,https://www.tennisabstract.com/cgi-bin/tourney.cgi?t=2025-0421%2FCanada,R64,Alexandre Muller,Miomir Kecmanovic,40,50,2-6 6-3 7-5,,0.87,"{'ace_pct': 0.0087, 'first_in_pct': 0.07, 'first_won_pct': 0.63, 'second_won_pct': 0.6829999999999999}","{'first_in_pct': 0.027999999999999997, 'first_won_pct': 0.486, 'second_won_pct': 0.8}"
"2025 Canada Masters Tournament Results, Stats, and Analysis",HardDraw,96,C,2025-07-27,https://www.tennisabstract.com/cgi-bin/tourney.cgi?t=2025-0421%2FCanada,R64,Holger Rune,Giovanni Mpetshi Perricard,9,43,7-6(7) 6-3,,1.78,"{'ace_pct': 0.0178, 'first_in_pct': 0.203, 'first_won_pct': 0.644, 'second_won_pct': 0.868}","{'first_in_pct': 0.121, 'first_won_pct': 0.638, 'second_won_pct': 0.865}"
"2025 Canada Masters Tournament Results, Stats, and Analysis",HardDraw,96,C,2025-07-27,https://www.tennisabstract.com/cgi-bin/tourney.cgi?t=2025-0421%2FCanada,R64,Lorenzo Musetti,James Duckworth,10,106,7-5 6-1,,1.67,"{'ace_pct': 0.0167, 'first_in_pct': 0.036000000000000004, 'first_won_pct': 0.545, 'second_won_pct': 0.9}","{'first_in_pct': 0.098, 'first_won_pct': 0.49200000000000005, 'second_won_pct': 0.633}"
"2025 Canada Masters Tournament Results, Stats, and Analysis",HardDraw,96,C,2025-07-27,https://www.tennisabstract.com/cgi-bin/tourney.cgi?t=2025-0421%2FCanada,R64,Alex Michelsen,Tomas Barrios Vera,34,143,7-6(7) 6-3,,1.21,"{'ace_pct': 0.0121, 'first_in_pct': 0.18600000000000003, 'first_won_pct': 0.514, 'second_won_pct': 0.75}","{'first_in_pct': 0.055999999999999994, 'first_won_pct': 0.562, 'second_won_pct': 0.6}"
"2025 Canada Masters Tournament Results, Stats, and Analysis",HardDraw,96,C,2025-07-27,https://www.tennisabstract.com/cgi-bin/tourney.cgi?t=2025-0421%2FCanada,R64,Learner Tien,Denis Shapovalov,61,29,7-6(4) 7-5,,1.15,"{'ace_pct': 0.0115, 'first_in_pct': 0.027999999999999997, 'first_won_pct': 0.583, 'second_won_pct': 0.762}","{'first_in_pct': 0.067, 'first_won_pct': 0.693, 'second_won_pct': 0.6729999999999999}"
"2025 Canada Masters Tournament Results, Stats, and Analysis",HardDraw,96,C,2025-07-27,https://www.tennisabstract.com/cgi-bin/tourney.cgi?t=2025-0421%2FCanada,R64,Reilly Opelka,Tomas Machac,74,22,7-6(5) 6-7(5) 6-3,,1.16,"{'ace_pct': 0.0116, 'first_in_pct': 0.22399999999999998, 'first_won_pct': 0.617, 'second_won_pct': 0.8640000000000001}","{'first_in_pct': 0.113, 'first_won_pct': 0.509, 'second_won_pct': 0.778}"
"2025 Canada Masters Tournament Results, Stats, and Analysis",HardDraw,96,C,2025-07-27,https://www.tennisabstract.com/cgi-bin/tourney.cgi?t=2025-0421%2FCanada,R64,Karen Khachanov,Juan Pablo Ficovich,16,140,6-4 6-2,,1.45,"{'ace_pct': 0.014499999999999999, 'first_in_pct': 0.077, 'first_won_pct': 0.662, 'second_won_pct': 0.884}","{'first_in_pct': 0.051, 'first_won_pct': 0.508, 'second_won_pct': 0.633}"
"2025 Canada Masters Tournament Results, Stats, and Analysis",HardDraw,96,C,2025-07-27,https://www.tennisabstract.com/cgi-bin/tourney.cgi?t=2025-0421%2FCanada,R64,Emilio Nava,Terence Atmane,114,132,6-2 7-5,,1.33,"{'ace_pct': 0.013300000000000001, 'first_in_pct': 0.129, 'first_won_pct': 0.629, 'second_won_pct': 0.897}","{'first_in_pct': 0.061, 'first_won_pct': 0.561, 'second_won_pct': 0.6759999999999999}"
"2025 Canada Masters Tournament Results, Stats, and Analysis",HardDraw,96,C,2025-07-27,https://www.tennisabstract.com/cgi-bin/tourney.cgi?t=2025-0421%2FCanada,R64,Nuno Borges,Facundo Bagnis,42,689,5-7 7-6(3) 6-2,,1.24,"{'ace_pct': 0.0124, 'first_in_pct': 0.135, 'first_won_pct': 0.6579999999999999, 'second_won_pct': 0.753}","{'first_in_pct': 0.037000000000000005, 'first_won_pct': 0.687, 'second_won_pct': 0.674}"
"2025 Canada Masters Tournament Results, Stats, and Analysis",HardDraw,96,C,2025-07-27,https://www.tennisabstract.com/cgi-bin/tourney.cgi?t=2025-0421%2FCanada,R64,Casper Ruud,Roman Safiullin,13,82,6-3 6-3,,1.24,"{'ace_pct': 0.0124, 'first_in_pct': 0.115, 'first_won_pct': 0.672, 'second_won_pct': 0.732}","{'first_in_pct': 0.122, 'first_won_pct': 0.633, 'second_won_pct': 0.613}"
"2025 Canada Masters Tournament Results, Stats, and Analysis",HardDraw,96,C,2025-07-27,https://www.tennisabstract.com/cgi-bin/tourney.cgi?t=2025-0421%2FCanada,R64,Frances Tiafoe,Yosuke Watanuki,12,158,1-6 7-5 7-6(5),,0.85,"{'ace_pct': 0.0085, 'first_in_pct': 0.106, 'first_won_pct': 0.585, 'second_won_pct': 0.745}","{'first_in_pct': 0.179, 'first_won_pct': 0.474, 'second_won_pct': 0.889}"
"2025 Canada Masters Tournament Results, Stats, and Analysis",HardDraw,96,C,2025-07-27,https://www.tennisabstract.com/cgi-bin/tourney.cgi?t=2025-0421%2FCanada,R64,Aleksandar Vukic,Cameron Norrie,99,39,6-3 6-7(2) 6-3,,1.46,"{'ace_pct': 0.0146, 'first_in_pct': 0.149, 'first_won_pct': 0.552, 'second_won_pct': 0.813}","{'first_in_pct': 0.149, 'first_won_pct': 0.585, 'second_won_pct': 0.836}"
"2025 Canada Masters Tournament Results, Stats, and Analysis",HardDraw,96,C,2025-07-27,https://www.tennisabstract.com/cgi-bin/tourney.cgi?t=2025-0421%2FCanada,R64,Christopher Oconnell,Stefanos Tsitsipas,78,30,6-4 4-6 6-2,,1.08,"{'ace_pct': 0.0108, 'first_in_pct': 0.075, 'first_won_pct': 0.495, 'second_won_pct': 0.7390000000000001}","{'first_in_pct': 0.132, 'first_won_pct': 0.526, 'second_won_pct': 0.725}"
"2025 Canada Masters Tournament Results, Stats, and Analysis",HardDraw,96,C,2025-07-27,https://www.tennisabstract.com/cgi-bin/tourney.cgi?t=2025-0421%2FCanada,R64,Alex De Minaur,Francisco Comesana,8,71,6-4 6-2,,1.76,"{'ace_pct': 0.0176, 'first_in_pct': 0.038, 'first_won_pct': 0.434, 'second_won_pct': 0.826}","{'first_in_pct': 0.069, 'first_won_pct': 0.586, 'second_won_pct': 0.735}"
"2025 Canada Masters Tournament Results, Stats, and Analysis",HardDraw,96,C,2025-07-27,https://www.tennisabstract.com/cgi-bin/tourney.cgi?t=2025-0421%2FCanada,R64,Flavio Cobolli,Alexis Galarneau,17,193,6-4 5-7 6-4,,0.92,"{'ace_pct': 0.0092, 'first_in_pct': 0.109, 'first_won_pct': 0.5, 'second_won_pct': 0.691}","{'first_in_pct': 0.08, 'first_won_pct': 0.58, 'second_won_pct': 0.6859999999999999}"
"2025 Canada Masters Tournament Results, Stats, and Analysis",HardDraw,96,C,2025-07-27,https://www.tennisabstract.com/cgi-bin/tourney.cgi?t=2025-0421%2FCanada,R64,Fabian Marozsan,Felix Auger Aliassime,56,28,6-4 6-4,,1.23,"{'ace_pct': 0.0123, 'first_in_pct': 0.063, 'first_won_pct': 0.578, 'second_won_pct': 0.784}","{'first_in_pct': 0.034, 'first_won_pct': 0.5589999999999999, 'second_won_pct': 0.667}"
"2025 Canada Masters Tournament Results, Stats, and Analysis",HardDraw,96,C,2025-07-27,https://www.tennisabstract.com/cgi-bin/tourney.cgi?t=2025-0421%2FCanada,R64,Brandon Nakashima,Ethan Quinn,32,86,7-6(6) 6-4,,1.35,"{'ace_pct': 0.013500000000000002, 'first_in_pct': 0.18600000000000003, 'first_won_pct': 0.643, 'second_won_pct': 0.8}","{'first_in_pct': 0.109, 'first_won_pct': 0.478, 'second_won_pct': 0.795}"
"2025 Canada Masters Tournament Results, Stats, and Analysis",HardDraw,96,C,2025-07-27,https://www.tennisabstract.com/cgi-bin/tourney.cgi?t=2025-0421%2FCanada,R64,Ben Shelton,Adrian Mannarino,7,94,6-2 6-3,,1.98,"{'ace_pct': 0.019799999999999998, 'first_in_pct': 0.32, 'first_won_pct': 0.62, 'second_won_pct': 0.903}","{'first_in_pct': 0.042, 'first_won_pct': 0.667, 'second_won_pct': 0.594}"
"2025 Canada Masters Tournament Results, Stats, and Analysis",HardDraw,96,C,2025-07-27,https://www.tennisabstract.com/cgi-bin/tourney.cgi?t=2025-0421%2FCanada,R64,Andrey Rublev,Hugo Gaston,11,126,6-2 6-3,,1.33,"{'ace_pct': 0.013300000000000001, 'first_in_pct': 0.094, 'first_won_pct': 0.547, 'second_won_pct': 0.7709999999999999}","{'first_in_pct': 0.019, 'first_won_pct': 0.5, 'second_won_pct': 0.741}"
"2025 Canada Masters Tournament Results, Stats, and Analysis",HardDraw,96,C,2025-07-27,https://www.tennisabstract.com/cgi-bin/tourney.cgi?t=2025-0421%2FCanada,R64,Lorenzo Sonego,Bu Yunchaokete,38,76,6-1 6-4,,1.58,"{'ace_pct': 0.0158, 'first_in_pct': 0.132, 'first_won_pct': 0.528, 'second_won_pct': 0.7859999999999999}","{'first_in_pct': 0.024, 'first_won_pct': 0.5, 'second_won_pct': 0.667}"
"2025 Canada Masters Tournament Results, Stats, and Analysis",HardDraw,96,C,2025-07-27,https://www.tennisabstract.com/cgi-bin/tourney.cgi?t=2025-0421%2FCanada,R64,Alejandro Davidovich Fokina,Corentin Moutet,19,46,6-4 6-3,,1.23,"{'ace_pct': 0.0123, 'first_in_pct': 0.063, 'first_won_pct': 0.603, 'second_won_pct': 0.737}","{'first_in_pct': 0.038, 'first_won_pct': 0.5660000000000001, 'second_won_pct': 0.5329999999999999}"
"2025 Canada Masters Tournament Results, Stats, and Analysis",HardDraw,96,C,2025-07-27,https://www.tennisabstract.com/cgi-bin/tourney.cgi?t=2025-0421%2FCanada,R64,Jakub Mensik,Tristan Boyer,18,123,6-4 6-4,,1.39,"{'ace_pct': 0.0139, 'first_in_pct': 0.20600000000000002, 'first_won_pct': 0.524, 'second_won_pct': 0.9390000000000001}","{'first_in_pct': 0.016, 'first_won_pct': 0.578, 'second_won_pct': 0.703}"
"2025 Canada Masters Tournament Results, Stats, and Analysis",HardDraw,96,C,2025-07-27,https://www.tennisabstract.com/cgi-bin/tourney.cgi?t=2025-0421%2FCanada,R64,Arthur Fils,Pablo Carreno Busta,21,93,6-3 6-4,,1.22,"{'ace_pct': 0.012199999999999999, 'first_in_pct': 0.08800000000000001, 'first_won_pct': 0.6759999999999999, 'second_won_pct': 0.7170000000000001}","{'first_in_pct': 0.0, 'first_won_pct': 0.619, 'second_won_pct': 0.667}"
"2025 Canada Masters Tournament Results, Stats, and Analysis",HardDraw,96,C,2025-07-27,https://www.tennisabstract.com/cgi-bin/tourney.cgi?t=2025-0421%2FCanada,R64,Jiri Lehecka,Mackenzie Mcdonald,27,96,7-6(2) 6-4,,1.39,"{'ace_pct': 0.0139, 'first_in_pct': 0.076, 'first_won_pct': 0.682, 'second_won_pct': 0.778}","{'first_in_pct': 0.127, 'first_won_pct': 0.662, 'second_won_pct': 0.6809999999999999}"
"2025 Canada Masters Tournament Results, Stats, and Analysis",HardDraw,96,C,2025-07-27,https://www.tennisabstract.com/cgi-bin/tourney.cgi?t=2025-0421%2FCanada,R64,Gabriel Diallo,Matteo Gigante,36,125,6-3 7-6(5),,1.47,"{'ace_pct': 0.0147, 'first_in_pct': 0.12300000000000001, 'first_won_pct': 0.662, 'second_won_pct': 0.8140000000000001}","{'first_in_pct': 0.055, 'first_won_pct': 0.5710000000000001, 'second_won_pct': 0.6920000000000001}"
"2025 Canada Masters Tournament Results, Stats, and Analysis",HardDraw,96,C,2025-07-27,https://www.tennisabstract.com/cgi-bin/tourney.cgi?t=2025-0421%2FCanada,R64,Taylor Fritz,Roberto Carballes Baena,4,89,7-5 7-6(1),,1.31,"{'ace_pct': 0.0131, 'first_in_pct': 0.10300000000000001, 'first_won_pct': 0.59, 'second_won_pct': 0.826}","{'first_in_pct': 0.011000000000000001, 'first_won_pct': 0.5, 'second_won_pct': 0.659}"
"2025 Canada Masters Tournament Results, Stats, and Analysis",HardDraw,96,C,2025-07-27,https://www.tennisabstract.com/cgi-bin/tourney.cgi?t=2025-0421%2FCanada,R128,Adam Walton,Benjamin Bonzi,88,66,4-6 6-0 6-3,,1.31,"{'ace_pct': 0.0131, 'first_in_pct': 0.149, 'first_won_pct': 0.511, 'second_won_pct': 0.708}","{'first_in_pct': 0.049, 'first_won_pct': 0.556, 'second_won_pct': 0.7559999999999999}"
"2025 Canada Masters Tournament Results, Stats, and Analysis",HardDraw,96,C,2025-07-27,https://www.tennisabstract.com/cgi-bin/tourney.cgi?t=2025-0421%2FCanada,R128,Tristan Schoolkate,Joao Fonseca,103,49,7-6(5) 6-4,,1.5,"{'ace_pct': 0.015, 'first_in_pct': 0.156, 'first_won_pct': 0.563, 'second_won_pct': 0.889}","{'first_in_pct': 0.11800000000000001, 'first_won_pct': 0.645, 'second_won_pct': 0.755}"
"2025 Canada Masters Tournament Results, Stats, and Analysis",HardDraw,96,C,2025-07-27,https://www.tennisabstract.com/cgi-bin/tourney.cgi?t=2025-0421%2FCanada,R128,Tomas Martin Etcheverry,Pierre Hugues Herbert,60,142,6-4 4-6 7-5,,1.23,"{'ace_pct': 0.0123, 'first_in_pct': 0.057999999999999996, 'first_won_pct': 0.616, 'second_won_pct': 0.755}","{'first_in_pct': 0.128, 'first_won_pct': 0.574, 'second_won_pct': 0.7959999999999999}"
"2025 Canada Masters Tournament Results, Stats, and Analysis",HardDraw,96,C,2025-07-27,https://www.tennisabstract.com/cgi-bin/tourney.cgi?t=2025-0421%2FCanada,R128,Jaume Munar,Dan Martin,51,,6-3 6-0,,,"{'ace_pct': 0.031, 'first_in_pct': 0.17600000000000002, 'first_won_pct': 0.647, 'second_won_pct': 0.8640000000000001}","{'first_in_pct': 0.0, 'first_won_pct': 0.5660000000000001, 'second_won_pct': 0.4}"
"2025 Canada Masters Tournament Results, Stats, and Analysis",HardDraw,96,C,2025-07-27,https://www.tennisabstract.com/cgi-bin/tourney.cgi?t=2025-0421%2FCanada,R128,Dalibor Svrcina,Alexander Blockx,120,121,6-4 6-2,,1.14,"{'ace_pct': 0.011399999999999999, 'first_in_pct': 0.017, 'first_won_pct': 0.633, 'second_won_pct': 0.632}","{'first_in_pct': 0.08, 'first_won_pct': 0.66, 'second_won_pct': 0.6970000000000001}"
"2025 Canada Masters Tournament Results, Stats, and Analysis",HardDraw,96,C,2025-07-27,https://www.tennisabstract.com/cgi-bin/tourney.cgi?t=2025-0421%2FCanada,R128,Nicolas Arseneault,Valentin Royer,638,111,6-3 7-6(4),,1.1,"{'ace_pct': 0.011000000000000001, 'first_in_pct': 0.057, 'first_won_pct': 0.6779999999999999, 'second_won_pct': 0.746}","{'first_in_pct': 0.047, 'first_won_pct': 0.594, 'second_won_pct': 0.684}"
"2025 Canada Masters Tournament Results, Stats, and Analysis",HardDraw,96,C,2025-07-27,https://www.tennisabstract.com/cgi-bin/tourney.cgi?t=2025-0421%2FCanada,R128,Miomir Kecmanovic,Quentin Halys,50,69,4-6 6-4 7-5,,0.97,"{'ace_pct': 0.0097, 'first_in_pct': 0.077, 'first_won_pct': 0.479, 'second_won_pct': 0.857}","{'first_in_pct': 0.126, 'first_won_pct': 0.632, 'second_won_pct': 0.767}"
"2025 Canada Masters Tournament Results, Stats, and Analysis",HardDraw,96,C,2025-07-27,https://www.tennisabstract.com/cgi-bin/tourney.cgi?t=2025-0421%2FCanada,R128,Giovanni Mpetshi Perricard,Shintaro Mochizuki,43,122,6-4 6-2,,1.68,"{'ace_pct': 0.0168, 'first_in_pct': 0.12, 'first_won_pct': 0.58, 'second_won_pct': 0.828}","{'first_in_pct': 0.091, 'first_won_pct': 0.436, 'second_won_pct': 0.708}"
"2025 Canada Masters Tournament Results, Stats, and Analysis",HardDraw,96,C,2025-07-27,https://www.tennisabstract.com/cgi-bin/tourney.cgi?t=2025-0421%2FCanada,R128,James Duckworth,Juncheng Shang,106,109,6-3 7-6(3),,1.41,"{'ace_pct': 0.0141, 'first_in_pct': 0.091, 'first_won_pct': 0.424, 'second_won_pct': 0.929}","{'first_in_pct': 0.033, 'first_won_pct': 0.557, 'second_won_pct': 0.765}"
"2025 Canada Masters Tournament Results, Stats, and Analysis",HardDraw,96,C,2025-07-27,https://www.tennisabstract.com/cgi-bin/tourney.cgi?t=2025-0421%2FCanada,R128,Tomas Barrios Vera,Gael Monfils,143,48,6-4 4-6 7-6(3),,0.96,"{'ace_pct': 0.0096, 'first_in_pct': 0.049, 'first_won_pct': 0.631, 'second_won_pct': 0.701}","{'first_in_pct': 0.07200000000000001, 'first_won_pct': 0.505, 'second_won_pct': 0.816}"
"2025 Canada Masters Tournament Results, Stats, and Analysis",HardDraw,96,C,2025-07-27,https://www.tennisabstract.com/cgi-bin/tourney.cgi?t=2025-0421%2FCanada,R128,Learner Tien,Colton Smith,61,136,6-4 7-5,,1.36,"{'ace_pct': 0.013600000000000001, 'first_in_pct': 0.028999999999999998, 'first_won_pct': 0.456, 'second_won_pct': 0.8059999999999999}","{'first_in_pct': 0.10099999999999999, 'first_won_pct': 0.609, 'second_won_pct': 0.69}"
"2025 Canada Masters Tournament Results, Stats, and Analysis",HardDraw,96,C,2025-07-27,https://www.tennisabstract.com/cgi-bin/tourney.cgi?t=2025-0421%2FCanada,R128,Reilly Opelka,Sebastian Ofner,74,141,7-6(6) 7-5,,1.03,"{'ace_pct': 0.0103, 'first_in_pct': 0.213, 'first_won_pct': 0.449, 'second_won_pct': 0.9}","{'first_in_pct': 0.125, 'first_won_pct': 0.5379999999999999, 'second_won_pct': 0.8370000000000001}"
"2025 Canada Masters Tournament Results, Stats, and Analysis",HardDraw,96,C,2025-07-27,https://www.tennisabstract.com/cgi-bin/tourney.cgi?t=2025-0421%2FCanada,R128,Juan Pablo Ficovich,Jacob Fearnley,140,55,6-2 6-3,,2.87,"{'ace_pct': 0.0287, 'first_in_pct': 0.053, 'first_won_pct': 0.711, 'second_won_pct': 0.852}","{'first_in_pct': 0.016, 'first_won_pct': 0.547, 'second_won_pct': 0.5710000000000001}"
"2025 Canada Masters Tournament Results, Stats, and Analysis",HardDraw,96,C,2025-07-27,https://www.tennisabstract.com/cgi-bin/tourney.cgi?t=2025-0421%2FCanada,R128,Emilio Nava,Zizou Bergs,114,52,6-1 7-6(4),,1.85,"{'ace_pct': 0.018500000000000003, 'first_in_pct': 0.121, 'first_won_pct': 0.603, 'second_won_pct': 0.857}","{'first_in_pct': 0.043, 'first_won_pct': 0.5, 'second_won_pct': 0.6}"
"2025 Canada Masters Tournament Results, Stats, and Analysis",HardDraw,96,C,2025-07-27,https://www.tennisabstract.com/cgi-bin/tourney.cgi?t=2025-0421%2FCanada,R128,Facundo Bagnis,Vasek Pospisil,689,1250,6-2 3-6 6-3,,1.37,"{'ace_pct': 0.0137, 'first_in_pct': 0.162, 'first_won_pct': 0.618, 'second_won_pct': 0.738}","{'first_in_pct': 0.076, 'first_won_pct': 0.44299999999999995, 'second_won_pct': 0.8859999999999999}"
"2025 Canada Masters Tournament Results, Stats, and Analysis",HardDraw,96,C,2025-07-27,https://www.tennisabstract.com/cgi-bin/tourney.cgi?t=2025-0421%2FCanada,R128,Roman Safiullin,Ugo Blanchet,82,231,4-6 6-2 7-6(9),,1.22,"{'ace_pct': 0.012199999999999999, 'first_in_pct': 0.07400000000000001, 'first_won_pct': 0.589, 'second_won_pct': 0.75}","{'first_in_pct': 0.069, 'first_won_pct': 0.52, 'second_won_pct': 0.698}"
"2025 Canada Masters Tournament Results, Stats, and Analysis",HardDraw,96,C,2025-07-27,https://www.tennisabstract.com/cgi-bin/tourney.cgi?t=2025-0421%2FCanada,R128,Yosuke Watanuki,Daniel Altmaier,158,58,3-6 6-1 6-4,,1.32,"{'ace_pct': 0.0132, 'first_in_pct': 0.11599999999999999, 'first_won_pct': 0.377, 'second_won_pct': 0.8079999999999999}","{'first_in_pct': 0.11699999999999999, 'first_won_pct': 0.442, 'second_won_pct': 0.765}"
"2025 Canada Masters Tournament Results, Stats, and Analysis",HardDraw,96,C,2025-07-27,https://www.tennisabstract.com/cgi-bin/tourney.cgi?t=2025-0421%2FCanada,R128,Aleksandar Vukic,Pedro Martinez,99,68,7-5 6-3,,1.24,"{'ace_pct': 0.0124, 'first_in_pct': 0.121, 'first_won_pct': 0.53, 'second_won_pct': 0.7709999999999999}","{'first_in_pct': 0.013000000000000001, 'first_won_pct': 0.6970000000000001, 'second_won_pct': 0.509}"
"2025 Canada Masters Tournament Results, Stats, and Analysis",HardDraw,96,C,2025-07-27,https://www.tennisabstract.com/cgi-bin/tourney.cgi?t=2025-0421%2FCanada,R128,Christopher Oconnell,Chun Hsin Tseng,78,107,6-1 6-2,,1.57,"{'ace_pct': 0.015700000000000002, 'first_in_pct': 0.11800000000000001, 'first_won_pct': 0.5489999999999999, 'second_won_pct': 0.75}","{'first_in_pct': 0.0, 'first_won_pct': 0.5870000000000001, 'second_won_pct': 0.568}"
"2025 Canada Masters Tournament Results, Stats, and Analysis",HardDraw,96,C,2025-07-27,https://www.tennisabstract.com/cgi-bin/tourney.cgi?t=2025-0421%2FCanada,R128,Francisco Comesana,Damir Dzumhur,71,54,6-3 7-5,,1.46,"{'ace_pct': 0.0146, 'first_in_pct': 0.2, 'first_won_pct': 0.564, 'second_won_pct': 0.903}","{'first_in_pct': 0.0, 'first_won_pct': 0.677, 'second_won_pct': 0.595}"
"2025 Canada Masters Tournament Results, Stats, and Analysis",HardDraw,96,C,2025-07-27,https://www.tennisabstract.com/cgi-bin/tourney.cgi?t=2025-0421%2FCanada,R128,Alexis Galarneau,Arthur Rinderknech,193,64,7-6(2) 6-3,,1.46,"{'ace_pct': 0.0146, 'first_in_pct': 0.07200000000000001, 'first_won_pct': 0.638, 'second_won_pct': 0.818}","{'first_in_pct': 0.16399999999999998, 'first_won_pct': 0.657, 'second_won_pct': 0.727}"
"2025 Canada Masters Tournament Results, Stats, and Analysis",HardDraw,96,C,2025-07-27,https://www.tennisabstract.com/cgi-bin/tourney.cgi?t=2025-0421%2FCanada,R128,Fabian Marozsan,Hugo Dellien,56,98,6-2 6-2,,2.7,"{'ace_pct': 0.027000000000000003, 'first_in_pct': 0.1, 'first_won_pct': 0.6, 'second_won_pct': 0.833}","{'first_in_pct': 0.057, 'first_won_pct': 0.528, 'second_won_pct': 0.536}"
"2025 Canada Masters Tournament Results, Stats, and Analysis",HardDraw,96,C,2025-07-27,https://www.tennisabstract.com/cgi-bin/tourney.cgi?t=2025-0421%2FCanada,R128,Ethan Quinn,Yoshihito Nishioka,86,131,7-6(1) 6-2,,1.62,"{'ace_pct': 0.016200000000000003, 'first_in_pct': 0.111, 'first_won_pct': 0.54, 'second_won_pct': 0.882}","{'first_in_pct': 0.026000000000000002, 'first_won_pct': 0.462, 'second_won_pct': 0.778}"
"2025 Canada Masters Tournament Results, Stats, and Analysis",HardDraw,96,C,2025-07-27,https://www.tennisabstract.com/cgi-bin/tourney.cgi?t=2025-0421%2FCanada,R128,Adrian Mannarino,Marcos Giron,94,59,6-4 6-4,,1.68,"{'ace_pct': 0.0168, 'first_in_pct': 0.08199999999999999, 'first_won_pct': 0.469, 'second_won_pct': 0.9129999999999999}","{'first_in_pct': 0.08800000000000001, 'first_won_pct': 0.515, 'second_won_pct': 0.743}"
"2025 Canada Masters Tournament Results, Stats, and Analysis",HardDraw,96,C,2025-07-27,https://www.tennisabstract.com/cgi-bin/tourney.cgi?t=2025-0421%2FCanada,R128,Hugo Gaston,Mattia Bellucci,126,72,3-6 6-4 2-0 RET,,1.0,"{'ace_pct': 0.01, 'first_in_pct': 0.025, 'first_won_pct': 0.531, 'second_won_pct': 0.581}","{'first_in_pct': 0.06, 'first_won_pct': 0.38799999999999996, 'second_won_pct': 0.654}"
"2025 Canada Masters Tournament Results, Stats, and Analysis",HardDraw,96,C,2025-07-27,https://www.tennisabstract.com/cgi-bin/tourney.cgi?t=2025-0421%2FCanada,R128,Bu Yunchaokete,Vit Kopriva,76,80,7-6(4) 6-2,,1.38,"{'ace_pct': 0.0138, 'first_in_pct': 0.162, 'first_won_pct': 0.515, 'second_won_pct': 0.857}","{'first_in_pct': 0.04, 'first_won_pct': 0.52, 'second_won_pct': 0.718}"
"2025 Canada Masters Tournament Results, Stats, and Analysis",HardDraw,96,C,2025-07-27,https://www.tennisabstract.com/cgi-bin/tourney.cgi?t=2025-0421%2FCanada,R128,Corentin Moutet,Jenson Brooksby,46,102,6-2 6-1,,2.03,"{'ace_pct': 0.0203, 'first_in_pct': 0.027000000000000003, 'first_won_pct': 0.486, 'second_won_pct': 0.833}","{'first_in_pct': 0.038, 'first_won_pct': 0.5660000000000001, 'second_won_pct': 0.5}"
"2025 Canada Masters Tournament Results, Stats, and Analysis",HardDraw,96,C,2025-07-27,https://www.tennisabstract.com/cgi-bin/tourney.cgi?t=2025-0421%2FCanada,R128,Tristan Boyer,Aleksandar Kovacevic,123,62,7-5 7-6(3),,1.29,"{'ace_pct': 0.0129, 'first_in_pct': 0.063, 'first_won_pct': 0.5820000000000001, 'second_won_pct': 0.826}","{'first_in_pct': 0.124, 'first_won_pct': 0.5770000000000001, 'second_won_pct': 0.732}"
"2025 Canada Masters Tournament Results, Stats, and Analysis",HardDraw,96,C,2025-07-27,https://www.tennisabstract.com/cgi-bin/tourney.cgi?t=2025-0421%2FCanada,R128,Pablo Carreno Busta,Liam Draxl,93,113,2-6 6-4 6-4,,0.96,"{'ace_pct': 0.0096, 'first_in_pct': 0.083, 'first_won_pct': 0.5, 'second_won_pct': 0.762}","{'first_in_pct': 0.106, 'first_won_pct': 0.541, 'second_won_pct': 0.7390000000000001}"
"2025 Canada Masters Tournament Results, Stats, and Analysis",HardDraw,96,C,2025-07-27,https://www.tennisabstract.com/cgi-bin/tourney.cgi?t=2025-0421%2FCanada,R128,Mackenzie Mcdonald,David Goffin,96,65,6-4 6-4,,2.12,"{'ace_pct': 0.0212, 'first_in_pct': 0.122, 'first_won_pct': 0.633, 'second_won_pct': 0.8059999999999999}","{'first_in_pct': 0.081, 'first_won_pct': 0.486, 'second_won_pct': 0.722}"
"2025 Canada Masters Tournament Results, Stats, and Analysis",HardDraw,96,C,2025-07-27,https://www.tennisabstract.com/cgi-bin/tourney.cgi?t=2025-0421%2FCanada,R128,Matteo Gigante,Borna Coric,125,92,4-6 6-2 7-6(2),,1.24,"{'ace_pct': 0.0124, 'first_in_pct': 0.085, 'first_won_pct': 0.511, 'second_won_pct': 0.813}","{'first_in_pct': 0.033, 'first_won_pct': 0.578, 'second_won_pct': 0.596}"
"2025 Canada Masters Tournament Results, Stats, and Analysis",HardDraw,96,C,2025-07-27,https://www.tennisabstract.com/cgi-bin/tourney.cgi?t=2025-0421%2FCanada,R128,Roberto Carballes Baena,Camilo Ugo Carabelli,89,47,6-4 4-1 RET,,1.74,"{'ace_pct': 0.0174, 'first_in_pct': 0.0, 'first_won_pct': 0.5, 'second_won_pct': 0.778}","{'first_in_pct': 0.05, 'first_won_pct': 0.45, 'second_won_pct': 0.63}"
"2025 Canada Masters Tournament Results, Stats, and Analysis",HardDraw,96,C,2025-07-27,https://www.tennisabstract.com/cgi-bin/tourney.cgi?t=2025-0421%2FMunich,F,Ben Shelton,Karen Khachanov,7,16,6-7(5) 6-4 7-6(3),,1.03,"{'ace_pct': 0.0103, 'first_in_pct': 0.14800000000000002, 'first_won_pct': 0.639, 'second_won_pct': 0.797}","{'first_in_pct': 0.03, 'first_won_pct': 0.634, 'second_won_pct': 0.7190000000000001}"
"2025 Canada Masters Tournament Results, Stats, and Analysis",HardDraw,96,C,2025-07-27,https://www.tennisabstract.com/cgi-bin/tourney.cgi?t=2025-0421%2FMunich,SF,Karen Khachanov,Alexander Zverev,16,3,6-3 4-6 7-6(4),,1.03,"{'ace_pct': 0.0103, 'first_in_pct': 0.048, 'first_won_pct': 0.6, 'second_won_pct': 0.73}","{'first_in_pct': 0.127, 'first_won_pct': 0.706, 'second_won_pct': 0.722}"
"2025 Canada Masters Tournament Results, Stats, and Analysis",HardDraw,96,C,2025-07-27,https://www.tennisabstract.com/cgi-bin/tourney.cgi?t=2025-0421%2FMunich,SF,Ben Shelton,Taylor Fritz,7,4,6-4 6-3,,1.67,"{'ace_pct': 0.0167, 'first_in_pct': 0.13699999999999998, 'first_won_pct': 0.569, 'second_won_pct': 0.862}","{'first_in_pct': 0.066, 'first_won_pct': 0.623, 'second_won_pct': 0.684}"
"2025 Canada Masters Tournament Results, Stats, and Analysis",HardDraw,96,C,2025-07-27,https://www.tennisabstract.com/cgi-bin/tourney.cgi?t=2025-0421%2FMunich,QF,Alexander Zverev,Alexei Popyrin,3,26,6-7(8) 6-4 6-3,,1.32,"{'ace_pct': 0.0132, 'first_in_pct': 0.12, 'first_won_pct': 0.68, 'second_won_pct': 0.8240000000000001}","{'first_in_pct': 0.107, 'first_won_pct': 0.612, 'second_won_pct': 0.746}"
"2025 Canada Masters Tournament Results, Stats, and Analysis",HardDraw,96,C,2025-07-27,https://www.tennisabstract.com/cgi-bin/tourney.cgi?t=2025-0421%2FMunich,QF,Karen Khachanov,Alex Michelsen,16,34,6-4 7-6(3),,1.41,"{'ace_pct': 0.0141, 'first_in_pct': 0.08199999999999999, 'first_won_pct': 0.644, 'second_won_pct': 0.851}","{'first_in_pct': 0.057, 'first_won_pct': 0.625, 'second_won_pct': 0.6729999999999999}"
"2025 Canada Masters Tournament Results, Stats, and Analysis",HardDraw,96,C,2025-07-27,https://www.tennisabstract.com/cgi-bin/tourney.cgi?t=2025-0421%2FMunich,QF,Ben Shelton,Alex De Minaur,7,8,6-3 6-4,,1.34,"{'ace_pct': 0.0134, 'first_in_pct': 0.183, 'first_won_pct': 0.617, 'second_won_pct': 0.784}","{'first_in_pct': 0.015, 'first_won_pct': 0.53, 'second_won_pct': 0.657}"
"2025 Canada Masters Tournament Results, Stats, and Analysis",HardDraw,96,C,2025-07-27,https://www.tennisabstract.com/cgi-bin/tourney.cgi?t=2025-0421%2FMunich,QF,Taylor Fritz,Andrey Rublev,4,11,6-3 7-6(4),,1.21,"{'ace_pct': 0.0121, 'first_in_pct': 0.27399999999999997, 'first_won_pct': 0.6579999999999999, 'second_won_pct': 0.792}","{'first_in_pct': 0.105, 'first_won_pct': 0.544, 'second_won_pct': 0.774}"
"2025 Canada Masters Tournament Results, Stats, and Analysis",HardDraw,96,C,2025-07-27,https://www.tennisabstract.com/cgi-bin/tourney.cgi?t=2025-0421%2FMunich,R16,Alexander Zverev,Francisco Cerundolo,3,24,6-4 1-0 RET,,1.49,"{'ace_pct': 0.0149, 'first_in_pct': 0.10300000000000001, 'first_won_pct': 0.7240000000000001, 'second_won_pct': 0.762}","{'first_in_pct': 0.028999999999999998, 'first_won_pct': 0.8290000000000001, 'second_won_pct': 0.517}"
"2025 Canada Masters Tournament Results, Stats, and Analysis",HardDraw,96,C,2025-07-27,https://www.tennisabstract.com/cgi-bin/tourney.cgi?t=2025-0421%2FMunich,R16,Alexei Popyrin,Holger Rune,26,9,4-6 6-2 6-3,,1.55,"{'ace_pct': 0.0155, 'first_in_pct': 0.182, 'first_won_pct': 0.584, 'second_won_pct': 0.867}","{'first_in_pct': 0.07200000000000001, 'first_won_pct': 0.649, 'second_won_pct': 0.6509999999999999}"
"2025 Canada Masters Tournament Results, Stats, and Analysis",HardDraw,96,C,2025-07-27,https://www.tennisabstract.com/cgi-bin/tourney.cgi?t=2025-0421%2FMunich,R16,Alex Michelsen,Learner Tien,34,61,6-3 6-3,,1.33,"{'ace_pct': 0.013300000000000001, 'first_in_pct': 0.046, 'first_won_pct': 0.5539999999999999, 'second_won_pct': 0.722}","{'first_in_pct': 0.03, 'first_won_pct': 0.53, 'second_won_pct': 0.6}"
"2025 Canada Masters Tournament Results, Stats, and Analysis",HardDraw,96,C,2025-07-27,https://www.tennisabstract.com/cgi-bin/tourney.cgi?t=2025-0421%2FMunich,R16,Karen Khachanov,Casper Ruud,16,13,6-4 7-5,,1.81,"{'ace_pct': 0.0181, 'first_in_pct': 0.13, 'first_won_pct': 0.556, 'second_won_pct': 0.9670000000000001}","{'first_in_pct': 0.125, 'first_won_pct': 0.6809999999999999, 'second_won_pct': 0.5710000000000001}"
"2025 Canada Masters Tournament Results, Stats, and Analysis",HardDraw,96,C,2025-07-27,https://www.tennisabstract.com/cgi-bin/tourney.cgi?t=2025-0421%2FMunich,R16,Alex De Minaur,Frances Tiafoe,8,12,6-2 4-6 6-4,,1.08,"{'ace_pct': 0.0108, 'first_in_pct': 0.065, 'first_won_pct': 0.424, 'second_won_pct': 0.769}","{'first_in_pct': 0.111, 'first_won_pct': 0.478, 'second_won_pct': 0.7440000000000001}"
"2025 Canada Masters Tournament Results, Stats, and Analysis",HardDraw,96,C,2025-07-27,https://www.tennisabstract.com/cgi-bin/tourney.cgi?t=2025-0421%2FMunich,R16,Ben Shelton,Flavio Cobolli,7,17,6-4 4-6 7-6(1),,1.0,"{'ace_pct': 0.01, 'first_in_pct': 0.107, 'first_won_pct': 0.616, 'second_won_pct': 0.71}","{'first_in_pct': 0.079, 'first_won_pct': 0.446, 'second_won_pct': 0.7559999999999999}"
"2025 Canada Masters Tournament Results, Stats, and Analysis",HardDraw,96,C,2025-07-27,https://www.tennisabstract.com/cgi-bin/tourney.cgi?t=2025-0421%2FMunich,R16,Andrey Rublev,Alejandro Davidovich Fokina,11,19,6-7(3) 7-6(2) 3-0 RET,,1.52,"{'ace_pct': 0.0152, 'first_in_pct': 0.133, 'first_won_pct': 0.578, 'second_won_pct': 0.904}","{'first_in_pct': 0.075, 'first_won_pct': 0.6920000000000001, 'second_won_pct': 0.6759999999999999}"
"2025 Canada Masters Tournament Results, Stats, and Analysis",HardDraw,96,C,2025-07-27,https://www.tennisabstract.com/cgi-bin/tourney.cgi?t=2025-0421%2FMunich,R16,Taylor Fritz,Jiri Lehecka,4,27,7-6(4) 6-7(5) 7-6(5),,0.98,"{'ace_pct': 0.0098, 'first_in_pct': 0.12, 'first_won_pct': 0.594, 'second_won_pct': 0.823}","{'first_in_pct': 0.048, 'first_won_pct': 0.624, 'second_won_pct': 0.8079999999999999}"
"2025 Canada Masters Tournament Results, Stats, and Analysis",HardDraw,96,C,2025-07-27,https://www.tennisabstract.com/cgi-bin/tourney.cgi?t=2025-0421%2FMunich,R32,Alexander Zverev,Matteo Arnaldi,3,41,6-7(5) 6-3 6-2,,1.34,"{'ace_pct': 0.0134, 'first_in_pct': 0.085, 'first_won_pct': 0.736, 'second_won_pct': 0.769}","{'first_in_pct': 0.057999999999999996, 'first_won_pct': 0.5579999999999999, 'second_won_pct': 0.7070000000000001}"
"2025 Canada Masters Tournament Results, Stats, and Analysis",HardDraw,96,C,2025-07-27,https://www.tennisabstract.com/cgi-bin/tourney.cgi?t=2025-0421%2FMunich,R32,Francisco Cerundolo,Tomas Martin Etcheverry,24,60,6-3 6-4,,1.15,"{'ace_pct': 0.0115, 'first_in_pct': 0.013999999999999999, 'first_won_pct': 0.507, 'second_won_pct': 0.639}","{'first_in_pct': 0.078, 'first_won_pct': 0.578, 'second_won_pct': 0.703}"
"2025 Canada Masters Tournament Results, Stats, and Analysis",HardDraw,96,C,2025-07-27,https://www.tennisabstract.com/cgi-bin/tourney.cgi?t=2025-0421%2FMunich,R32,Alexei Popyrin,Daniil Medvedev,26,14,5-7 6-4 6-4,,1.13,"{'ace_pct': 0.0113, 'first_in_pct': 0.068, 'first_won_pct': 0.612, 'second_won_pct': 0.841}","{'first_in_pct': 0.109, 'first_won_pct': 0.527, 'second_won_pct': 0.759}"
"2025 Canada Masters Tournament Results, Stats, and Analysis",HardDraw,96,C,2025-07-27,https://www.tennisabstract.com/cgi-bin/tourney.cgi?t=2025-0421%2FMunich,R32,Holger Rune,Alexandre Muller,9,40,6-2 6-4,,1.51,"{'ace_pct': 0.0151, 'first_in_pct': 0.08199999999999999, 'first_won_pct': 0.653, 'second_won_pct': 0.813}","{'first_in_pct': 0.043, 'first_won_pct': 0.5429999999999999, 'second_won_pct': 0.76}"
"2025 Canada Masters Tournament Results, Stats, and Analysis",HardDraw,96,C,2025-07-27,https://www.tennisabstract.com/cgi-bin/tourney.cgi?t=2025-0421%2FMunich,R32,Alex Michelsen,Lorenzo Musetti,34,10,3-6 7-6(4) 6-4,,0.93,"{'ace_pct': 0.009300000000000001, 'first_in_pct': 0.046, 'first_won_pct': 0.624, 'second_won_pct': 0.794}","{'first_in_pct': 0.051, 'first_won_pct': 0.596, 'second_won_pct': 0.7120000000000001}"
"2025 Canada Masters Tournament Results, Stats, and Analysis",HardDraw,96,C,2025-07-27,https://www.tennisabstract.com/cgi-bin/tourney.cgi?t=2025-0421%2FMunich,R32,Learner Tien,Reilly Opelka,61,74,7-6(3) 6-3,,0.9,"{'ace_pct': 0.009000000000000001, 'first_in_pct': 0.024, 'first_won_pct': 0.61, 'second_won_pct': 0.8}","{'first_in_pct': 0.175, 'first_won_pct': 0.544, 'second_won_pct': 0.968}"
"2025 Canada Masters Tournament Results, Stats, and Analysis",HardDraw,96,C,2025-07-27,https://www.tennisabstract.com/cgi-bin/tourney.cgi?t=2025-0421%2FMunich,R32,Karen Khachanov,Emilio Nava,16,114,6-7(6) 6-4 6-1,,1.43,"{'ace_pct': 0.0143, 'first_in_pct': 0.098, 'first_won_pct': 0.585, 'second_won_pct': 0.708}","{'first_in_pct': 0.09699999999999999, 'first_won_pct': 0.5529999999999999, 'second_won_pct': 0.772}"
"2025 Canada Masters Tournament Results, Stats, and Analysis",HardDraw,96,C,2025-07-27,https://www.tennisabstract.com/cgi-bin/tourney.cgi?t=2025-0421%2FMunich,R32,Casper Ruud,Nuno Borges,13,42,7-5 6-4,,1.16,"{'ace_pct': 0.0116, 'first_in_pct': 0.113, 'first_won_pct': 0.688, 'second_won_pct': 0.691}","{'first_in_pct': 0.013999999999999999, 'first_won_pct': 0.42, 'second_won_pct': 0.621}"
"2025 Canada Masters Tournament Results, Stats, and Analysis",HardDraw,96,C,2025-07-27,https://www.tennisabstract.com/cgi-bin/tourney.cgi?t=2025-0421%2FMunich,R32,Frances Tiafoe,Aleksandar Vukic,12,99,6-3 4-6 6-3,,1.2,"{'ace_pct': 0.012, 'first_in_pct': 0.12, 'first_won_pct': 0.542, 'second_won_pct': 0.7559999999999999}","{'first_in_pct': 0.04, 'first_won_pct': 0.58, 'second_won_pct': 0.69}"
"2025 Canada Masters Tournament Results, Stats, and Analysis",HardDraw,96,C,2025-07-27,https://www.tennisabstract.com/cgi-bin/tourney.cgi?t=2025-0421%2FMunich,R32,Alex De Minaur,Christopher Oconnell,8,78,W/O,,,"{'ace_pct': None, 'first_in_pct': None, 'first_won_pct': None, 'second_won_pct': None}","{'first_in_pct': None, 'first_won_pct': None, 'second_won_pct': None}"
"2025 Canada Masters Tournament Results, Stats, and Analysis",HardDraw,96,C,2025-07-27,https://www.tennisabstract.com/cgi-bin/tourney.cgi?t=2025-0421%2FMunich,R32,Flavio Cobolli,Fabian Marozsan,17,56,6-2 4-6 6-3,,1.29,"{'ace_pct': 0.0129, 'first_in_pct': 0.083, 'first_won_pct': 0.5710000000000001, 'second_won_pct': 0.667}","{'first_in_pct': 0.03, 'first_won_pct': 0.586, 'second_won_pct': 0.621}"
"2025 Canada Masters Tournament Results, Stats, and Analysis",HardDraw,96,C,2025-07-27,https://www.tennisabstract.com/cgi-bin/tourney.cgi?t=2025-0421%2FMunich,R32,Ben Shelton,Brandon Nakashima,7,32,6-7(8) 6-2 7-6(5),,1.04,"{'ace_pct': 0.0104, 'first_in_pct': 0.171, 'first_won_pct': 0.622, 'second_won_pct': 0.812}","{'first_in_pct': 0.028999999999999998, 'first_won_pct': 0.635, 'second_won_pct': 0.742}"
"2025 Canada Masters Tournament Results, Stats, and Analysis",HardDraw,96,C,2025-07-27,https://www.tennisabstract.com/cgi-bin/tourney.cgi?t=2025-0421%2FMunich,R32,Andrey Rublev,Lorenzo Sonego,11,38,5-7 6-4 6-3,,1.29,"{'ace_pct': 0.0129, 'first_in_pct': 0.07, 'first_won_pct': 0.674, 'second_won_pct': 0.879}","{'first_in_pct': 0.091, 'first_won_pct': 0.591, 'second_won_pct': 0.708}"
"2025 Canada Masters Tournament Results, Stats, and Analysis",HardDraw,96,C,2025-07-27,https://www.tennisabstract.com/cgi-bin/tourney.cgi?t=2025-0421%2FMunich,R32,Alejandro Davidovich Fokina,Jakub Mensik,19,18,6-2 6-4,,1.68,"{'ace_pct': 0.0168, 'first_in_pct': 0.042, 'first_won_pct': 0.521, 'second_won_pct': 0.68}","{'first_in_pct': 0.12300000000000001, 'first_won_pct': 0.509, 'second_won_pct': 0.621}"
"2025 Canada Masters Tournament Results, Stats, and Analysis",HardDraw,96,C,2025-07-27,https://www.tennisabstract.com/cgi-bin/tourney.cgi?t=2025-0421%2FMunich,R32,Jiri Lehecka,Arthur Fils,27,21,3-6 6-3 6-4,,0.88,"{'ace_pct': 0.0088, 'first_in_pct': 0.136, 'first_won_pct': 0.568, 'second_won_pct': 0.84}","{'first_in_pct': 0.039, 'first_won_pct': 0.711, 'second_won_pct': 0.759}"
"2025 Canada Masters Tournament Results, Stats, and Analysis",HardDraw,96,C,2025-07-27,https://www.tennisabstract.com/cgi-bin/tourney.cgi?t=2025-0421%2FMunich,R32,Taylor Fritz,Gabriel Diallo,4,36,6-4 6-2,,2.13,"{'ace_pct': 0.0213, 'first_in_pct': 0.10400000000000001, 'first_won_pct': 0.542, 'second_won_pct': 0.885}","{'first_in_pct': 0.063, 'first_won_pct': 0.556, 'second_won_pct': 0.6859999999999999}"
"2025 Canada Masters Tournament Results, Stats, and Analysis",HardDraw,96,C,2025-07-27,https://www.tennisabstract.com/cgi-bin/tourney.cgi?t=2025-0421%2FMunich,R64,Alexander Zverev,Adam Walton,3,88,7-6(6) 6-4,,1.68,"{'ace_pct': 0.0168, 'first_in_pct': 0.115, 'first_won_pct': 0.6559999999999999, 'second_won_pct': 0.925}","{'first_in_pct': 0.062, 'first_won_pct': 0.593, 'second_won_pct': 0.75}"
"2025 Canada Masters Tournament Results, Stats, and Analysis",HardDraw,96,C,2025-07-27,https://www.tennisabstract.com/cgi-bin/tourney.cgi?t=2025-0421%2FMunich,R64,Matteo Arnaldi,Tristan Schoolkate,41,103,6-3 3-6 6-3,,1.04,"{'ace_pct': 0.0104, 'first_in_pct': 0.125, 'first_won_pct': 0.5, 'second_won_pct': 0.833}","{'first_in_pct': 0.071, 'first_won_pct': 0.5479999999999999, 'second_won_pct': 0.7609999999999999}"
"2025 Canada Masters Tournament Results, Stats, and Analysis",HardDraw,96,C,2025-07-27,https://www.tennisabstract.com/cgi-bin/tourney.cgi?t=2025-0421%2FMunich,R64,Tomas Martin Etcheverry,Tallon Griekspoor,60,31,6-4 7-6(4),,1.23,"{'ace_pct': 0.0123, 'first_in_pct': 0.154, 'first_won_pct': 0.7440000000000001, 'second_won_pct': 0.69}","{'first_in_pct': 0.073, 'first_won_pct': 0.573, 'second_won_pct': 0.638}"
"2025 Canada Masters Tournament Results, Stats, and Analysis",HardDraw,96,C,2025-07-27,https://www.tennisabstract.com/cgi-bin/tourney.cgi?t=2025-0421%2FMunich,R64,Francisco Cerundolo,Jaume Munar,24,51,7-6(4) 4-6 6-4,,1.07,"{'ace_pct': 0.010700000000000001, 'first_in_pct': 0.042, 'first_won_pct': 0.602, 'second_won_pct': 0.746}","{'first_in_pct': 0.019, 'first_won_pct': 0.552, 'second_won_pct': 0.7759999999999999}"
"2025 Canada Masters Tournament Results, Stats, and Analysis",HardDraw,96,C,2025-07-27,https://www.tennisabstract.com/cgi-bin/tourney.cgi?t=2025-0421%2FMunich,R64,Daniil Medvedev,Dalibor Svrcina,14,120,7-6(3) 6-4,,1.23,"{'ace_pct': 0.0123, 'first_in_pct': 0.06, 'first_won_pct': 0.493, 'second_won_pct': 0.6970000000000001}","{'first_in_pct': 0.0, 'first_won_pct': 0.524, 'second_won_pct': 0.674}"
"2025 Canada Masters Tournament Results, Stats, and Analysis",HardDraw,96,C,2025-07-27,https://www.tennisabstract.com/cgi-bin/tourney.cgi?t=2025-0421%2FMunich,R64,Alexei Popyrin,Nicolas Arseneault,26,638,7-6(7) 6-3,,1.26,"{'ace_pct': 0.0126, 'first_in_pct': 0.125, 'first_won_pct': 0.569, 'second_won_pct': 0.8540000000000001}","{'first_in_pct': 0.134, 'first_won_pct': 0.597, 'second_won_pct': 0.825}"
"2025 Canada Masters Tournament Results, Stats, and Analysis",HardDraw,96,C,2025-07-27,https://www.tennisabstract.com/cgi-bin/tourney.cgi?t=2025-0421%2FMunich,R64,Alexandre Muller,Miomir Kecmanovic,40,50,2-6 6-3 7-5,,0.87,"{'ace_pct': 0.0087, 'first_in_pct': 0.07, 'first_won_pct': 0.63, 'second_won_pct': 0.6829999999999999}","{'first_in_pct': 0.027999999999999997, 'first_won_pct': 0.486, 'second_won_pct': 0.8}"
"2025 Canada Masters Tournament Results, Stats, and Analysis",HardDraw,96,C,2025-07-27,https://www.tennisabstract.com/cgi-bin/tourney.cgi?t=2025-0421%2FMunich,R64,Holger Rune,Giovanni Mpetshi Perricard,9,43,7-6(7) 6-3,,1.78,"{'ace_pct': 0.0178, 'first_in_pct': 0.203, 'first_won_pct': 0.644, 'second_won_pct': 0.868}","{'first_in_pct': 0.121, 'first_won_pct': 0.638, 'second_won_pct': 0.865}"
"2025 Canada Masters Tournament Results, Stats, and Analysis",HardDraw,96,C,2025-07-27,https://www.tennisabstract.com/cgi-bin/tourney.cgi?t=2025-0421%2FMunich,R64,Lorenzo Musetti,James Duckworth,10,106,7-5 6-1,,1.67,"{'ace_pct': 0.0167, 'first_in_pct': 0.036000000000000004, 'first_won_pct': 0.545, 'second_won_pct': 0.9}","{'first_in_pct': 0.098, 'first_won_pct': 0.49200000000000005, 'second_won_pct': 0.633}"
"2025 Canada Masters Tournament Results, Stats, and Analysis",HardDraw,96,C,2025-07-27,https://www.tennisabstract.com/cgi-bin/tourney.cgi?t=2025-0421%2FMunich,R64,Alex Michelsen,Tomas Barrios Vera,34,143,7-6(7) 6-3,,1.21,"{'ace_pct': 0.0121, 'first_in_pct': 0.18600000000000003, 'first_won_pct': 0.514, 'second_won_pct': 0.75}","{'first_in_pct': 0.055999999999999994, 'first_won_pct': 0.562, 'second_won_pct': 0.6}"
"2025 Canada Masters Tournament Results, Stats, and Analysis",HardDraw,96,C,2025-07-27,https://www.tennisabstract.com/cgi-bin/tourney.cgi?t=2025-0421%2FMunich,R64,Learner Tien,Denis Shapovalov,61,29,7-6(4) 7-5,,1.15,"{'ace_pct': 0.0115, 'first_in_pct': 0.027999999999999997, 'first_won_pct': 0.583, 'second_won_pct': 0.762}","{'first_in_pct': 0.067, 'first_won_pct': 0.693, 'second_won_pct': 0.6729999999999999}"
"2025 Canada Masters Tournament Results, Stats, and Analysis",HardDraw,96,C,2025-07-27,https://www.tennisabstract.com/cgi-bin/tourney.cgi?t=2025-0421%2FMunich,R64,Reilly Opelka,Tomas Machac,74,22,7-6(5) 6-7(5) 6-3,,1.16,"{'ace_pct': 0.0116, 'first_in_pct': 0.22399999999999998, 'first_won_pct': 0.617, 'second_won_pct': 0.8640000000000001}","{'first_in_pct': 0.113, 'first_won_pct': 0.509, 'second_won_pct': 0.778}"
"2025 Canada Masters Tournament Results, Stats, and Analysis",HardDraw,96,C,2025-07-27,https://www.tennisabstract.com/cgi-bin/tourney.cgi?t=2025-0421%2FMunich,R64,Karen Khachanov,Juan Pablo Ficovich,16,140,6-4 6-2,,1.45,"{'ace_pct': 0.014499999999999999, 'first_in_pct': 0.077, 'first_won_pct': 0.662, 'second_won_pct': 0.884}","{'first_in_pct': 0.051, 'first_won_pct': 0.508, 'second_won_pct': 0.633}"
"2025 Canada Masters Tournament Results, Stats, and Analysis",HardDraw,96,C,2025-07-27,https://www.tennisabstract.com/cgi-bin/tourney.cgi?t=2025-0421%2FMunich,R64,Emilio Nava,Terence Atmane,114,132,6-2 7-5,,1.33,"{'ace_pct': 0.013300000000000001, 'first_in_pct': 0.129, 'first_won_pct': 0.629, 'second_won_pct': 0.897}","{'first_in_pct': 0.061, 'first_won_pct': 0.561, 'second_won_pct': 0.6759999999999999}"
"2025 Canada Masters Tournament Results, Stats, and Analysis",HardDraw,96,C,2025-07-27,https://www.tennisabstract.com/cgi-bin/tourney.cgi?t=2025-0421%2FMunich,R64,Nuno Borges,Facundo Bagnis,42,689,5-7 7-6(3) 6-2,,1.24,"{'ace_pct': 0.0124, 'first_in_pct': 0.135, 'first_won_pct': 0.6579999999999999, 'second_won_pct': 0.753}","{'first_in_pct': 0.037000000000000005, 'first_won_pct': 0.687, 'second_won_pct': 0.674}"
"2025 Canada Masters Tournament Results, Stats, and Analysis",HardDraw,96,C,2025-07-27,https://www.tennisabstract.com/cgi-bin/tourney.cgi?t=2025-0421%2FMunich,R64,Casper Ruud,Roman Safiullin,13,82,6-3 6-3,,1.24,"{'ace_pct': 0.0124, 'first_in_pct': 0.115, 'first_won_pct': 0.672, 'second_won_pct': 0.732}","{'first_in_pct': 0.122, 'first_won_pct': 0.633, 'second_won_pct': 0.613}"
"2025 Canada Masters Tournament Results, Stats, and Analysis",HardDraw,96,C,2025-07-27,https://www.tennisabstract.com/cgi-bin/tourney.cgi?t=2025-0421%2FMunich,R64,Frances Tiafoe,Yosuke Watanuki,12,158,1-6 7-5 7-6(5),,0.85,"{'ace_pct': 0.0085, 'first_in_pct': 0.106, 'first_won_pct': 0.585, 'second_won_pct': 0.745}","{'first_in_pct': 0.179, 'first_won_pct': 0.474, 'second_won_pct': 0.889}"
"2025 Canada Masters Tournament Results, Stats, and Analysis",HardDraw,96,C,2025-07-27,https://www.tennisabstract.com/cgi-bin/tourney.cgi?t=2025-0421%2FMunich,R64,Aleksandar Vukic,Cameron Norrie,99,39,6-3 6-7(2) 6-3,,1.46,"{'ace_pct': 0.0146, 'first_in_pct': 0.149, 'first_won_pct': 0.552, 'second_won_pct': 0.813}","{'first_in_pct': 0.149, 'first_won_pct': 0.585, 'second_won_pct': 0.836}"
"2025 Canada Masters Tournament Results, Stats, and Analysis",HardDraw,96,C,2025-07-27,https://www.tennisabstract.com/cgi-bin/tourney.cgi?t=2025-0421%2FMunich,R64,Christopher Oconnell,Stefanos Tsitsipas,78,30,6-4 4-6 6-2,,1.08,"{'ace_pct': 0.0108, 'first_in_pct': 0.075, 'first_won_pct': 0.495, 'second_won_pct': 0.7390000000000001}","{'first_in_pct': 0.132, 'first_won_pct': 0.526, 'second_won_pct': 0.725}"
"2025 Canada Masters Tournament Results, Stats, and Analysis",HardDraw,96,C,2025-07-27,https://www.tennisabstract.com/cgi-bin/tourney.cgi?t=2025-0421%2FMunich,R64,Alex De Minaur,Francisco Comesana,8,71,6-4 6-2,,1.76,"{'ace_pct': 0.0176, 'first_in_pct': 0.038, 'first_won_pct': 0.434, 'second_won_pct': 0.826}","{'first_in_pct': 0.069, 'first_won_pct': 0.586, 'second_won_pct': 0.735}"
"2025 Canada Masters Tournament Results, Stats, and Analysis",HardDraw,96,C,2025-07-27,https://www.tennisabstract.com/cgi-bin/tourney.cgi?t=2025-0421%2FMunich,R64,Flavio Cobolli,Alexis Galarneau,17,193,6-4 5-7 6-4,,0.92,"{'ace_pct': 0.0092, 'first_in_pct': 0.109, 'first_won_pct': 0.5, 'second_won_pct': 0.691}","{'first_in_pct': 0.08, 'first_won_pct': 0.58, 'second_won_pct': 0.6859999999999999}"
"2025 Canada Masters Tournament Results, Stats, and Analysis",HardDraw,96,C,2025-07-27,https://www.tennisabstract.com/cgi-bin/tourney.cgi?t=2025-0421%2FMunich,R64,Fabian Marozsan,Felix Auger Aliassime,56,28,6-4 6-4,,1.23,"{'ace_pct': 0.0123, 'first_in_pct': 0.063, 'first_won_pct': 0.578, 'second_won_pct': 0.784}","{'first_in_pct': 0.034, 'first_won_pct': 0.5589999999999999, 'second_won_pct': 0.667}"
"2025 Canada Masters Tournament Results, Stats, and Analysis",HardDraw,96,C,2025-07-27,https://www.tennisabstract.com/cgi-bin/tourney.cgi?t=2025-0421%2FMunich,R64,Brandon Nakashima,Ethan Quinn,32,86,7-6(6) 6-4,,1.35,"{'ace_pct': 0.013500000000000002, 'first_in_pct': 0.18600000000000003, 'first_won_pct': 0.643, 'second_won_pct': 0.8}","{'first_in_pct': 0.109, 'first_won_pct': 0.478, 'second_won_pct': 0.795}"
"2025 Canada Masters Tournament Results, Stats, and Analysis",HardDraw,96,C,2025-07-27,https://www.tennisabstract.com/cgi-bin/tourney.cgi?t=2025-0421%2FMunich,R64,Ben Shelton,Adrian Mannarino,7,94,6-2 6-3,,1.98,"{'ace_pct': 0.019799999999999998, 'first_in_pct': 0.32, 'first_won_pct': 0.62, 'second_won_pct': 0.903}","{'first_in_pct': 0.042, 'first_won_pct': 0.667, 'second_won_pct': 0.594}"
"2025 Canada Masters Tournament Results, Stats, and Analysis",HardDraw,96,C,2025-07-27,https://www.tennisabstract.com/cgi-bin/tourney.cgi?t=2025-0421%2FMunich,R64,Andrey Rublev,Hugo Gaston,11,126,6-2 6-3,,1.33,"{'ace_pct': 0.013300000000000001, 'first_in_pct': 0.094, 'first_won_pct': 0.547, 'second_won_pct': 0.7709999999999999}","{'first_in_pct': 0.019, 'first_won_pct': 0.5, 'second_won_pct': 0.741}"
"2025 Canada Masters Tournament Results, Stats, and Analysis",HardDraw,96,C,2025-07-27,https://www.tennisabstract.com/cgi-bin/tourney.cgi?t=2025-0421%2FMunich,R64,Lorenzo Sonego,Bu Yunchaokete,38,76,6-1 6-4,,1.58,"{'ace_pct': 0.0158, 'first_in_pct': 0.132, 'first_won_pct': 0.528, 'second_won_pct': 0.7859999999999999}","{'first_in_pct': 0.024, 'first_won_pct': 0.5, 'second_won_pct': 0.667}"
"2025 Canada Masters Tournament Results, Stats, and Analysis",HardDraw,96,C,2025-07-27,https://www.tennisabstract.com/cgi-bin/tourney.cgi?t=2025-0421%2FMunich,R64,Alejandro Davidovich Fokina,Corentin Moutet,19,46,6-4 6-3,,1.23,"{'ace_pct': 0.0123, 'first_in_pct': 0.063, 'first_won_pct': 0.603, 'second_won_pct': 0.737}","{'first_in_pct': 0.038, 'first_won_pct': 0.5660000000000001, 'second_won_pct': 0.5329999999999999}"
"2025 Canada Masters Tournament Results, Stats, and Analysis",HardDraw,96,C,2025-07-27,https://www.tennisabstract.com/cgi-bin/tourney.cgi?t=2025-0421%2FMunich,R64,Jakub Mensik,Tristan Boyer,18,123,6-4 6-4,,1.39,"{'ace_pct': 0.0139, 'first_in_pct': 0.20600000000000002, 'first_won_pct': 0.524, 'second_won_pct': 0.9390000000000001}","{'first_in_pct': 0.016, 'first_won_pct': 0.578, 'second_won_pct': 0.703}"
"2025 Canada Masters Tournament Results, Stats, and Analysis",HardDraw,96,C,2025-07-27,https://www.tennisabstract.com/cgi-bin/tourney.cgi?t=2025-0421%2FMunich,R64,Arthur Fils,Pablo Carreno Busta,21,93,6-3 6-4,,1.22,"{'ace_pct': 0.012199999999999999, 'first_in_pct': 0.08800000000000001, 'first_won_pct': 0.6759999999999999, 'second_won_pct': 0.7170000000000001}","{'first_in_pct': 0.0, 'first_won_pct': 0.619, 'second_won_pct': 0.667}"
"2025 Canada Masters Tournament Results, Stats, and Analysis",HardDraw,96,C,2025-07-27,https://www.tennisabstract.com/cgi-bin/tourney.cgi?t=2025-0421%2FMunich,R64,Jiri Lehecka,Mackenzie Mcdonald,27,96,7-6(2) 6-4,,1.39,"{'ace_pct': 0.0139, 'first_in_pct': 0.076, 'first_won_pct': 0.682, 'second_won_pct': 0.778}","{'first_in_pct': 0.127, 'first_won_pct': 0.662, 'second_won_pct': 0.6809999999999999}"
"2025 Canada Masters Tournament Results, Stats, and Analysis",HardDraw,96,C,2025-07-27,https://www.tennisabstract.com/cgi-bin/tourney.cgi?t=2025-0421%2FMunich,R64,Gabriel Diallo,Matteo Gigante,36,125,6-3 7-6(5),,1.47,"{'ace_pct': 0.0147, 'first_in_pct': 0.12300000000000001, 'first_won_pct': 0.662, 'second_won_pct': 0.8140000000000001}","{'first_in_pct': 0.055, 'first_won_pct': 0.5710000000000001, 'second_won_pct': 0.6920000000000001}"
"2025 Canada Masters Tournament Results, Stats, and Analysis",HardDraw,96,C,2025-07-27,https://www.tennisabstract.com/cgi-bin/tourney.cgi?t=2025-0421%2FMunich,R64,Taylor Fritz,Roberto Carballes Baena,4,89,7-5 7-6(1),,1.31,"{'ace_pct': 0.0131, 'first_in_pct': 0.10300000000000001, 'first_won_pct': 0.59, 'second_won_pct': 0.826}","{'first_in_pct': 0.011000000000000001, 'first_won_pct': 0.5, 'second_won_pct': 0.659}"
"2025 Canada Masters Tournament Results, Stats, and Analysis",HardDraw,96,C,2025-07-27,https://www.tennisabstract.com/cgi-bin/tourney.cgi?t=2025-0421%2FMunich,R128,Adam Walton,Benjamin Bonzi,88,66,4-6 6-0 6-3,,1.31,"{'ace_pct': 0.0131, 'first_in_pct': 0.149, 'first_won_pct': 0.511, 'second_won_pct': 0.708}","{'first_in_pct': 0.049, 'first_won_pct': 0.556, 'second_won_pct': 0.7559999999999999}"
"2025 Canada Masters Tournament Results, Stats, and Analysis",HardDraw,96,C,2025-07-27,https://www.tennisabstract.com/cgi-bin/tourney.cgi?t=2025-0421%2FMunich,R128,Tristan Schoolkate,Joao Fonseca,103,49,7-6(5) 6-4,,1.5,"{'ace_pct': 0.015, 'first_in_pct': 0.156, 'first_won_pct': 0.563, 'second_won_pct': 0.889}","{'first_in_pct': 0.11800000000000001, 'first_won_pct': 0.645, 'second_won_pct': 0.755}"
"2025 Canada Masters Tournament Results, Stats, and Analysis",HardDraw,96,C,2025-07-27,https://www.tennisabstract.com/cgi-bin/tourney.cgi?t=2025-0421%2FMunich,R128,Tomas Martin Etcheverry,Pierre Hugues Herbert,60,142,6-4 4-6 7-5,,1.23,"{'ace_pct': 0.0123, 'first_in_pct': 0.057999999999999996, 'first_won_pct': 0.616, 'second_won_pct': 0.755}","{'first_in_pct': 0.128, 'first_won_pct': 0.574, 'second_won_pct': 0.7959999999999999}"
"2025 Canada Masters Tournament Results, Stats, and Analysis",HardDraw,96,C,2025-07-27,https://www.tennisabstract.com/cgi-bin/tourney.cgi?t=2025-0421%2FMunich,R128,Jaume Munar,Dan Martin,51,,6-3 6-0,,,"{'ace_pct': 0.031, 'first_in_pct': 0.17600000000000002, 'first_won_pct': 0.647, 'second_won_pct': 0.8640000000000001}","{'first_in_pct': 0.0, 'first_won_pct': 0.5660000000000001, 'second_won_pct': 0.4}"
"2025 Canada Masters Tournament Results, Stats, and Analysis",HardDraw,96,C,2025-07-27,https://www.tennisabstract.com/cgi-bin/tourney.cgi?t=2025-0421%2FMunich,R128,Dalibor Svrcina,Alexander Blockx,120,121,6-4 6-2,,1.14,"{'ace_pct': 0.011399999999999999, 'first_in_pct': 0.017, 'first_won_pct': 0.633, 'second_won_pct': 0.632}","{'first_in_pct': 0.08, 'first_won_pct': 0.66, 'second_won_pct': 0.6970000000000001}"
"2025 Canada Masters Tournament Results, Stats, and Analysis",HardDraw,96,C,2025-07-27,https://www.tennisabstract.com/cgi-bin/tourney.cgi?t=2025-0421%2FMunich,R128,Nicolas Arseneault,Valentin Royer,638,111,6-3 7-6(4),,1.1,"{'ace_pct': 0.011000000000000001, 'first_in_pct': 0.057, 'first_won_pct': 0.6779999999999999, 'second_won_pct': 0.746}","{'first_in_pct': 0.047, 'first_won_pct': 0.594, 'second_won_pct': 0.684}"
"2025 Canada Masters Tournament Results, Stats, and Analysis",HardDraw,96,C,2025-07-27,https://www.tennisabstract.com/cgi-bin/tourney.cgi?t=2025-0421%2FMunich,R128,Miomir Kecmanovic,Quentin Halys,50,69,4-6 6-4 7-5,,0.97,"{'ace_pct': 0.0097, 'first_in_pct': 0.077, 'first_won_pct': 0.479, 'second_won_pct': 0.857}","{'first_in_pct': 0.126, 'first_won_pct': 0.632, 'second_won_pct': 0.767}"
"2025 Canada Masters Tournament Results, Stats, and Analysis",HardDraw,96,C,2025-07-27,https://www.tennisabstract.com/cgi-bin/tourney.cgi?t=2025-0421%2FMunich,R128,Giovanni Mpetshi Perricard,Shintaro Mochizuki,43,122,6-4 6-2,,1.68,"{'ace_pct': 0.0168, 'first_in_pct': 0.12, 'first_won_pct': 0.58, 'second_won_pct': 0.828}","{'first_in_pct': 0.091, 'first_won_pct': 0.436, 'second_won_pct': 0.708}"
"2025 Canada Masters Tournament Results, Stats, and Analysis",HardDraw,96,C,2025-07-27,https://www.tennisabstract.com/cgi-bin/tourney.cgi?t=2025-0421%2FMunich,R128,James Duckworth,Juncheng Shang,106,109,6-3 7-6(3),,1.41,"{'ace_pct': 0.0141, 'first_in_pct': 0.091, 'first_won_pct': 0.424, 'second_won_pct': 0.929}","{'first_in_pct': 0.033, 'first_won_pct': 0.557, 'second_won_pct': 0.765}"
"2025 Canada Masters Tournament Results, Stats, and Analysis",HardDraw,96,C,2025-07-27,https://www.tennisabstract.com/cgi-bin/tourney.cgi?t=2025-0421%2FMunich,R128,Tomas Barrios Vera,Gael Monfils,143,48,6-4 4-6 7-6(3),,0.96,"{'ace_pct': 0.0096, 'first_in_pct': 0.049, 'first_won_pct': 0.631, 'second_won_pct': 0.701}","{'first_in_pct': 0.07200000000000001, 'first_won_pct': 0.505, 'second_won_pct': 0.816}"
"2025 Canada Masters Tournament Results, Stats, and Analysis",HardDraw,96,C,2025-07-27,https://www.tennisabstract.com/cgi-bin/tourney.cgi?t=2025-0421%2FMunich,R128,Learner Tien,Colton Smith,61,136,6-4 7-5,,1.36,"{'ace_pct': 0.013600000000000001, 'first_in_pct': 0.028999999999999998, 'first_won_pct': 0.456, 'second_won_pct': 0.8059999999999999}","{'first_in_pct': 0.10099999999999999, 'first_won_pct': 0.609, 'second_won_pct': 0.69}"
"2025 Canada Masters Tournament Results, Stats, and Analysis",HardDraw,96,C,2025-07-27,https://www.tennisabstract.com/cgi-bin/tourney.cgi?t=2025-0421%2FMunich,R128,Reilly Opelka,Sebastian Ofner,74,141,7-6(6) 7-5,,1.03,"{'ace_pct': 0.0103, 'first_in_pct': 0.213, 'first_won_pct': 0.449, 'second_won_pct': 0.9}","{'first_in_pct': 0.125, 'first_won_pct': 0.5379999999999999, 'second_won_pct': 0.8370000000000001}"
"2025 Canada Masters Tournament Results, Stats, and Analysis",HardDraw,96,C,2025-07-27,https://www.tennisabstract.com/cgi-bin/tourney.cgi?t=2025-0421%2FMunich,R128,Juan Pablo Ficovich,Jacob Fearnley,140,55,6-2 6-3,,2.87,"{'ace_pct': 0.0287, 'first_in_pct': 0.053, 'first_won_pct': 0.711, 'second_won_pct': 0.852}","{'first_in_pct': 0.016, 'first_won_pct': 0.547, 'second_won_pct': 0.5710000000000001}"
"2025 Canada Masters Tournament Results, Stats, and Analysis",HardDraw,96,C,2025-07-27,https://www.tennisabstract.com/cgi-bin/tourney.cgi?t=2025-0421%2FMunich,R128,Emilio Nava,Zizou Bergs,114,52,6-1 7-6(4),,1.85,"{'ace_pct': 0.018500000000000003, 'first_in_pct': 0.121, 'first_won_pct': 0.603, 'second_won_pct': 0.857}","{'first_in_pct': 0.043, 'first_won_pct': 0.5, 'second_won_pct': 0.6}"
"2025 Canada Masters Tournament Results, Stats, and Analysis",HardDraw,96,C,2025-07-27,https://www.tennisabstract.com/cgi-bin/tourney.cgi?t=2025-0421%2FMunich,R128,Facundo Bagnis,Vasek Pospisil,689,1250,6-2 3-6 6-3,,1.37,"{'ace_pct': 0.0137, 'first_in_pct': 0.162, 'first_won_pct': 0.618, 'second_won_pct': 0.738}","{'first_in_pct': 0.076, 'first_won_pct': 0.44299999999999995, 'second_won_pct': 0.8859999999999999}"
"2025 Canada Masters Tournament Results, Stats, and Analysis",HardDraw,96,C,2025-07-27,https://www.tennisabstract.com/cgi-bin/tourney.cgi?t=2025-0421%2FMunich,R128,Roman Safiullin,Ugo Blanchet,82,231,4-6 6-2 7-6(9),,1.22,"{'ace_pct': 0.012199999999999999, 'first_in_pct': 0.07400000000000001, 'first_won_pct': 0.589, 'second_won_pct': 0.75}","{'first_in_pct': 0.069, 'first_won_pct': 0.52, 'second_won_pct': 0.698}"
"2025 Canada Masters Tournament Results, Stats, and Analysis",HardDraw,96,C,2025-07-27,https://www.tennisabstract.com/cgi-bin/tourney.cgi?t=2025-0421%2FMunich,R128,Yosuke Watanuki,Daniel Altmaier,158,58,3-6 6-1 6-4,,1.32,"{'ace_pct': 0.0132, 'first_in_pct': 0.11599999999999999, 'first_won_pct': 0.377, 'second_won_pct': 0.8079999999999999}","{'first_in_pct': 0.11699999999999999, 'first_won_pct': 0.442, 'second_won_pct': 0.765}"
"2025 Canada Masters Tournament Results, Stats, and Analysis",HardDraw,96,C,2025-07-27,https://www.tennisabstract.com/cgi-bin/tourney.cgi?t=2025-0421%2FMunich,R128,Aleksandar Vukic,Pedro Martinez,99,68,7-5 6-3,,1.24,"{'ace_pct': 0.0124, 'first_in_pct': 0.121, 'first_won_pct': 0.53, 'second_won_pct': 0.7709999999999999}","{'first_in_pct': 0.013000000000000001, 'first_won_pct': 0.6970000000000001, 'second_won_pct': 0.509}"
"2025 Canada Masters Tournament Results, Stats, and Analysis",HardDraw,96,C,2025-07-27,https://www.tennisabstract.com/cgi-bin/tourney.cgi?t=2025-0421%2FMunich,R128,Christopher Oconnell,Chun Hsin Tseng,78,107,6-1 6-2,,1.57,"{'ace_pct': 0.015700000000000002, 'first_in_pct': 0.11800000000000001, 'first_won_pct': 0.5489999999999999, 'second_won_pct': 0.75}","{'first_in_pct': 0.0, 'first_won_pct': 0.5870000000000001, 'second_won_pct': 0.568}"
"2025 Canada Masters Tournament Results, Stats, and Analysis",HardDraw,96,C,2025-07-27,https://www.tennisabstract.com/cgi-bin/tourney.cgi?t=2025-0421%2FMunich,R128,Francisco Comesana,Damir Dzumhur,71,54,6-3 7-5,,1.46,"{'ace_pct': 0.0146, 'first_in_pct': 0.2, 'first_won_pct': 0.564, 'second_won_pct': 0.903}","{'first_in_pct': 0.0, 'first_won_pct': 0.677, 'second_won_pct': 0.595}"
"2025 Canada Masters Tournament Results, Stats, and Analysis",HardDraw,96,C,2025-07-27,https://www.tennisabstract.com/cgi-bin/tourney.cgi?t=2025-0421%2FMunich,R128,Alexis Galarneau,Arthur Rinderknech,193,64,7-6(2) 6-3,,1.46,"{'ace_pct': 0.0146, 'first_in_pct': 0.07200000000000001, 'first_won_pct': 0.638, 'second_won_pct': 0.818}","{'first_in_pct': 0.16399999999999998, 'first_won_pct': 0.657, 'second_won_pct': 0.727}"
"2025 Canada Masters Tournament Results, Stats, and Analysis",HardDraw,96,C,2025-07-27,https://www.tennisabstract.com/cgi-bin/tourney.cgi?t=2025-0421%2FMunich,R128,Fabian Marozsan,Hugo Dellien,56,98,6-2 6-2,,2.7,"{'ace_pct': 0.027000000000000003, 'first_in_pct': 0.1, 'first_won_pct': 0.6, 'second_won_pct': 0.833}","{'first_in_pct': 0.057, 'first_won_pct': 0.528, 'second_won_pct': 0.536}"
"2025 Canada Masters Tournament Results, Stats, and Analysis",HardDraw,96,C,2025-07-27,https://www.tennisabstract.com/cgi-bin/tourney.cgi?t=2025-0421%2FMunich,R128,Ethan Quinn,Yoshihito Nishioka,86,131,7-6(1) 6-2,,1.62,"{'ace_pct': 0.016200000000000003, 'first_in_pct': 0.111, 'first_won_pct': 0.54, 'second_won_pct': 0.882}","{'first_in_pct': 0.026000000000000002, 'first_won_pct': 0.462, 'second_won_pct': 0.778}"
"2025 Canada Masters Tournament Results, Stats, and Analysis",HardDraw,96,C,2025-07-27,https://www.tennisabstract.com/cgi-bin/tourney.cgi?t=2025-0421%2FMunich,R128,Adrian Mannarino,Marcos Giron,94,59,6-4 6-4,,1.68,"{'ace_pct': 0.0168, 'first_in_pct': 0.08199999999999999, 'first_won_pct': 0.469, 'second_won_pct': 0.9129999999999999}","{'first_in_pct': 0.08800000000000001, 'first_won_pct': 0.515, 'second_won_pct': 0.743}"
"2025 Canada Masters Tournament Results, Stats, and Analysis",HardDraw,96,C,2025-07-27,https://www.tennisabstract.com/cgi-bin/tourney.cgi?t=2025-0421%2FMunich,R128,Hugo Gaston,Mattia Bellucci,126,72,3-6 6-4 2-0 RET,,1.0,"{'ace_pct': 0.01, 'first_in_pct': 0.025, 'first_won_pct': 0.531, 'second_won_pct': 0.581}","{'first_in_pct': 0.06, 'first_won_pct': 0.38799999999999996, 'second_won_pct': 0.654}"
"2025 Canada Masters Tournament Results, Stats, and Analysis",HardDraw,96,C,2025-07-27,https://www.tennisabstract.com/cgi-bin/tourney.cgi?t=2025-0421%2FMunich,R128,Bu Yunchaokete,Vit Kopriva,76,80,7-6(4) 6-2,,1.38,"{'ace_pct': 0.0138, 'first_in_pct': 0.162, 'first_won_pct': 0.515, 'second_won_pct': 0.857}","{'first_in_pct': 0.04, 'first_won_pct': 0.52, 'second_won_pct': 0.718}"
"2025 Canada Masters Tournament Results, Stats, and Analysis",HardDraw,96,C,2025-07-27,https://www.tennisabstract.com/cgi-bin/tourney.cgi?t=2025-0421%2FMunich,R128,Corentin Moutet,Jenson Brooksby,46,102,6-2 6-1,,2.03,"{'ace_pct': 0.0203, 'first_in_pct': 0.027000000000000003, 'first_won_pct': 0.486, 'second_won_pct': 0.833}","{'first_in_pct': 0.038, 'first_won_pct': 0.5660000000000001, 'second_won_pct': 0.5}"
"2025 Canada Masters Tournament Results, Stats, and Analysis",HardDraw,96,C,2025-07-27,https://www.tennisabstract.com/cgi-bin/tourney.cgi?t=2025-0421%2FMunich,R128,Tristan Boyer,Aleksandar Kovacevic,123,62,7-5 7-6(3),,1.29,"{'ace_pct': 0.0129, 'first_in_pct': 0.063, 'first_won_pct': 0.5820000000000001, 'second_won_pct': 0.826}","{'first_in_pct': 0.124, 'first_won_pct': 0.5770000000000001, 'second_won_pct': 0.732}"
"2025 Canada Masters Tournament Results, Stats, and Analysis",HardDraw,96,C,2025-07-27,https://www.tennisabstract.com/cgi-bin/tourney.cgi?t=2025-0421%2FMunich,R128,Pablo Carreno Busta,Liam Draxl,93,113,2-6 6-4 6-4,,0.96,"{'ace_pct': 0.0096, 'first_in_pct': 0.083, 'first_won_pct': 0.5, 'second_won_pct': 0.762}","{'first_in_pct': 0.106, 'first_won_pct': 0.541, 'second_won_pct': 0.7390000000000001}"
"2025 Canada Masters Tournament Results, Stats, and Analysis",HardDraw,96,C,2025-07-27,https://www.tennisabstract.com/cgi-bin/tourney.cgi?t=2025-0421%2FMunich,R128,Mackenzie Mcdonald,David Goffin,96,65,6-4 6-4,,2.12,"{'ace_pct': 0.0212, 'first_in_pct': 0.122, 'first_won_pct': 0.633, 'second_won_pct': 0.8059999999999999}","{'first_in_pct': 0.081, 'first_won_pct': 0.486, 'second_won_pct': 0.722}"
"2025 Canada Masters Tournament Results, Stats, and Analysis",HardDraw,96,C,2025-07-27,https://www.tennisabstract.com/cgi-bin/tourney.cgi?t=2025-0421%2FMunich,R128,Matteo Gigante,Borna Coric,125,92,4-6 6-2 7-6(2),,1.24,"{'ace_pct': 0.0124, 'first_in_pct': 0.085, 'first_won_pct': 0.511, 'second_won_pct': 0.813}","{'first_in_pct': 0.033, 'first_won_pct': 0.578, 'second_won_pct': 0.596}"
"2025 Canada Masters Tournament Results, Stats, and Analysis",HardDraw,96,C,2025-07-27,https://www.tennisabstract.com/cgi-bin/tourney.cgi?t=2025-0421%2FMunich,R128,Roberto Carballes Baena,Camilo Ugo Carabelli,89,47,6-4 4-1 RET,,1.74,"{'ace_pct': 0.0174, 'first_in_pct': 0.0, 'first_won_pct': 0.5, 'second_won_pct': 0.778}","{'first_in_pct': 0.05, 'first_won_pct': 0.45, 'second_won_pct': 0.63}"
"2025 Dallas Tournament Results, Stats, and Analysis",HardDraw,32,C,2025-02-03,https://www.tennisabstract.com/cgi-bin/tourney.cgi?t=2025-0424%2FDelray-Beach,F,Denis Shapovalov,Casper Ruud,54,5,7-6(5) 6-3,,1.18,"{'ace_pct': 0.0118, 'first_in_pct': 0.17800000000000002, 'first_won_pct': 0.685, 'second_won_pct': 0.72}","{'first_in_pct': 0.068, 'first_won_pct': 0.753, 'second_won_pct': 0.636}"
"2025 Dallas Tournament Results, Stats, and Analysis",HardDraw,32,C,2025-02-03,https://www.tennisabstract.com/cgi-bin/tourney.cgi?t=2025-0424%2FDelray-Beach,SF,Denis Shapovalov,Tommy Paul,54,9,7-5 6-3,,1.11,"{'ace_pct': 0.0111, 'first_in_pct': 0.077, 'first_won_pct': 0.6409999999999999, 'second_won_pct': 0.78}","{'first_in_pct': 0.035, 'first_won_pct': 0.596, 'second_won_pct': 0.706}"
"2025 Dallas Tournament Results, Stats, and Analysis",HardDraw,32,C,2025-02-03,https://www.tennisabstract.com/cgi-bin/tourney.cgi?t=2025-0424%2FDelray-Beach,SF,Casper Ruud,Jaume Munar,5,64,6-2 2-6 7-6(4),,0.96,"{'ace_pct': 0.0096, 'first_in_pct': 0.044000000000000004, 'first_won_pct': 0.722, 'second_won_pct': 0.677}","{'first_in_pct': 0.066, 'first_won_pct': 0.67, 'second_won_pct': 0.6559999999999999}"
"2025 Dallas Tournament Results, Stats, and Analysis",HardDraw,32,C,2025-02-03,https://www.tennisabstract.com/cgi-bin/tourney.cgi?t=2025-0424%2FDelray-Beach,QF,Denis Shapovalov,Tomas Machac,54,25,7-6(5) 6-0,,1.57,"{'ace_pct': 0.015700000000000002, 'first_in_pct': 0.111, 'first_won_pct': 0.556, 'second_won_pct': 0.733}","{'first_in_pct': 0.054000000000000006, 'first_won_pct': 0.7140000000000001, 'second_won_pct': 0.525}"
"2025 Dallas Tournament Results, Stats, and Analysis",HardDraw,32,C,2025-02-03,https://www.tennisabstract.com/cgi-bin/tourney.cgi?t=2025-0424%2FDelray-Beach,QF,Tommy Paul,Reilly Opelka,9,145,7-6(3) 6-2,,1.56,"{'ace_pct': 0.015600000000000001, 'first_in_pct': 0.046, 'first_won_pct': 0.631, 'second_won_pct': 0.8290000000000001}","{'first_in_pct': 0.115, 'first_won_pct': 0.6409999999999999, 'second_won_pct': 0.66}"
"2025 Dallas Tournament Results, Stats, and Analysis",HardDraw,32,C,2025-02-03,https://www.tennisabstract.com/cgi-bin/tourney.cgi?t=2025-0424%2FDelray-Beach,QF,Jaume Munar,Matteo Arnaldi,64,39,6-4 3-6 6-3,,1.1,"{'ace_pct': 0.011000000000000001, 'first_in_pct': 0.045, 'first_won_pct': 0.64, 'second_won_pct': 0.754}","{'first_in_pct': 0.044000000000000004, 'first_won_pct': 0.644, 'second_won_pct': 0.7759999999999999}"
"2025 Dallas Tournament Results, Stats, and Analysis",HardDraw,32,C,2025-02-03,https://www.tennisabstract.com/cgi-bin/tourney.cgi?t=2025-0424%2FDelray-Beach,QF,Casper Ruud,Yoshihito Nishioka,5,67,7-5 3-2 RET,,1.46,"{'ace_pct': 0.0146, 'first_in_pct': 0.08199999999999999, 'first_won_pct': 0.7959999999999999, 'second_won_pct': 0.7440000000000001}","{'first_in_pct': 0.017, 'first_won_pct': 0.767, 'second_won_pct': 0.652}"
"2025 Dallas Tournament Results, Stats, and Analysis",HardDraw,32,C,2025-02-03,https://www.tennisabstract.com/cgi-bin/tourney.cgi?t=2025-0424%2FDelray-Beach,R16,Denis Shapovalov,Taylor Fritz,54,4,2-6 6-3 7-6(2),,0.91,"{'ace_pct': 0.0091, 'first_in_pct': 0.147, 'first_won_pct': 0.588, 'second_won_pct': 0.75}","{'first_in_pct': 0.11, 'first_won_pct': 0.7070000000000001, 'second_won_pct': 0.7759999999999999}"
"2025 Dallas Tournament Results, Stats, and Analysis",HardDraw,32,C,2025-02-03,https://www.tennisabstract.com/cgi-bin/tourney.cgi?t=2025-0424%2FDelray-Beach,R16,Tomas Machac,Rinky Hijikata,25,73,6-4 7-6(0),,1.38,"{'ace_pct': 0.0138, 'first_in_pct': 0.16699999999999998, 'first_won_pct': 0.633, 'second_won_pct': 0.737}","{'first_in_pct': 0.013999999999999999, 'first_won_pct': 0.6, 'second_won_pct': 0.619}"
"2025 Dallas Tournament Results, Stats, and Analysis",HardDraw,32,C,2025-02-03,https://www.tennisabstract.com/cgi-bin/tourney.cgi?t=2025-0424%2FDelray-Beach,R16,Tommy Paul,Ethan Quinn,9,199,6-4 5-7 6-4,,1.08,"{'ace_pct': 0.0108, 'first_in_pct': 0.10099999999999999, 'first_won_pct': 0.607, 'second_won_pct': 0.759}","{'first_in_pct': 0.096, 'first_won_pct': 0.713, 'second_won_pct': 0.716}"
"2025 Dallas Tournament Results, Stats, and Analysis",HardDraw,32,C,2025-02-03,https://www.tennisabstract.com/cgi-bin/tourney.cgi?t=2025-0424%2FDelray-Beach,R16,Reilly Opelka,Cameron Norrie,145,63,4-6 7-6(5) 6-4,,0.96,"{'ace_pct': 0.0096, 'first_in_pct': 0.175, 'first_won_pct': 0.563, 'second_won_pct': 0.81}","{'first_in_pct': 0.07, 'first_won_pct': 0.66, 'second_won_pct': 0.7879999999999999}"
"2025 Dallas Tournament Results, Stats, and Analysis",HardDraw,32,C,2025-02-03,https://www.tennisabstract.com/cgi-bin/tourney.cgi?t=2025-0424%2FDelray-Beach,R16,Matteo Arnaldi,Alejandro Davidovich Fokina,39,59,6-1 6-3,,1.63,"{'ace_pct': 0.0163, 'first_in_pct': 0.04, 'first_won_pct': 0.62, 'second_won_pct': 0.8059999999999999}","{'first_in_pct': 0.040999999999999995, 'first_won_pct': 0.7140000000000001, 'second_won_pct': 0.5429999999999999}"
"2025 Dallas Tournament Results, Stats, and Analysis",HardDraw,32,C,2025-02-03,https://www.tennisabstract.com/cgi-bin/tourney.cgi?t=2025-0424%2FDelray-Beach,R16,Jaume Munar,Ben Shelton,64,13,6-2 7-6(3),,1.42,"{'ace_pct': 0.014199999999999999, 'first_in_pct': 0.032, 'first_won_pct': 0.746, 'second_won_pct': 0.83}","{'first_in_pct': 0.115, 'first_won_pct': 0.59, 'second_won_pct': 0.75}"
"2025 Dallas Tournament Results, Stats, and Analysis",HardDraw,32,C,2025-02-03,https://www.tennisabstract.com/cgi-bin/tourney.cgi?t=2025-0424%2FDelray-Beach,R16,Yoshihito Nishioka,Frances Tiafoe,67,18,3-6 6-4 6-3,,1.04,"{'ace_pct': 0.0104, 'first_in_pct': 0.076, 'first_won_pct': 0.696, 'second_won_pct': 0.703}","{'first_in_pct': 0.145, 'first_won_pct': 0.602, 'second_won_pct': 0.76}"
"2025 Dallas Tournament Results, Stats, and Analysis",HardDraw,32,C,2025-02-03,https://www.tennisabstract.com/cgi-bin/tourney.cgi?t=2025-0424%2FDelray-Beach,R16,Casper Ruud,Michael Mmoh,5,422,6-1 6-4,,1.71,"{'ace_pct': 0.0171, 'first_in_pct': 0.14300000000000002, 'first_won_pct': 0.755, 'second_won_pct': 0.703}","{'first_in_pct': 0.11599999999999999, 'first_won_pct': 0.6509999999999999, 'second_won_pct': 0.5710000000000001}"
"2025 Dallas Tournament Results, Stats, and Analysis",HardDraw,32,C,2025-02-03,https://www.tennisabstract.com/cgi-bin/tourney.cgi?t=2025-0424%2FDelray-Beach,R32,Taylor Fritz,Arthur Rinderknech,4,60,6-4 6-2,,2.65,"{'ace_pct': 0.0265, 'first_in_pct': 0.256, 'first_won_pct': 0.674, 'second_won_pct': 0.9309999999999999}","{'first_in_pct': 0.086, 'first_won_pct': 0.638, 'second_won_pct': 0.73}"
"2025 Dallas Tournament Results, Stats, and Analysis",HardDraw,32,C,2025-02-03,https://www.tennisabstract.com/cgi-bin/tourney.cgi?t=2025-0424%2FDelray-Beach,R32,Denis Shapovalov,Miomir Kecmanovic,54,55,6-3 6-7(5) 6-3,,1.25,"{'ace_pct': 0.0125, 'first_in_pct': 0.204, 'first_won_pct': 0.602, 'second_won_pct': 0.8809999999999999}","{'first_in_pct': 0.043, 'first_won_pct': 0.688, 'second_won_pct': 0.7340000000000001}"
"2025 Dallas Tournament Results, Stats, and Analysis",HardDraw,32,C,2025-02-03,https://www.tennisabstract.com/cgi-bin/tourney.cgi?t=2025-0424%2FDelray-Beach,R32,Rinky Hijikata,Adrian Mannarino,73,107,7-5 6-3,,1.38,"{'ace_pct': 0.0138, 'first_in_pct': 0.08199999999999999, 'first_won_pct': 0.6890000000000001, 'second_won_pct': 0.7859999999999999}","{'first_in_pct': 0.131, 'first_won_pct': 0.6559999999999999, 'second_won_pct': 0.725}"
"2025 Dallas Tournament Results, Stats, and Analysis",HardDraw,32,C,2025-02-03,https://www.tennisabstract.com/cgi-bin/tourney.cgi?t=2025-0424%2FDelray-Beach,R32,Tomas Machac,Kei Nishikori,25,71,6-2 6-2,,1.69,"{'ace_pct': 0.0169, 'first_in_pct': 0.146, 'first_won_pct': 0.604, 'second_won_pct': 0.828}","{'first_in_pct': 0.042, 'first_won_pct': 0.6459999999999999, 'second_won_pct': 0.613}"
"2025 Dallas Tournament Results, Stats, and Analysis",HardDraw,32,C,2025-02-03,https://www.tennisabstract.com/cgi-bin/tourney.cgi?t=2025-0424%2FDelray-Beach,R32,Tommy Paul,Jenson Brooksby,9,1093,6-7(6) 6-3 6-4,,1.22,"{'ace_pct': 0.012199999999999999, 'first_in_pct': 0.071, 'first_won_pct': 0.633, 'second_won_pct': 0.726}","{'first_in_pct': 0.027999999999999997, 'first_won_pct': 0.75, 'second_won_pct': 0.605}"
"2025 Dallas Tournament Results, Stats, and Analysis",HardDraw,32,C,2025-02-03,https://www.tennisabstract.com/cgi-bin/tourney.cgi?t=2025-0424%2FDelray-Beach,R32,Ethan Quinn,Trevor Svajda,199,669,6-4 6-2,,1.68,"{'ace_pct': 0.0168, 'first_in_pct': 0.16399999999999998, 'first_won_pct': 0.782, 'second_won_pct': 0.767}","{'first_in_pct': 0.0, 'first_won_pct': 0.703, 'second_won_pct': 0.5770000000000001}"
"2025 Dallas Tournament Results, Stats, and Analysis",HardDraw,32,C,2025-02-03,https://www.tennisabstract.com/cgi-bin/tourney.cgi?t=2025-0424%2FDelray-Beach,R32,Reilly Opelka,Alexander Shevchenko,145,82,7-6(3) 6-4,,1.33,"{'ace_pct': 0.013300000000000001, 'first_in_pct': 0.28600000000000003, 'first_won_pct': 0.6509999999999999, 'second_won_pct': 0.8290000000000001}","{'first_in_pct': 0.131, 'first_won_pct': 0.721, 'second_won_pct': 0.818}"
"2025 Dallas Tournament Results, Stats, and Analysis",HardDraw,32,C,2025-02-03,https://www.tennisabstract.com/cgi-bin/tourney.cgi?t=2025-0424%2FDelray-Beach,R32,Cameron Norrie,Alex Michelsen,63,36,2-6 7-6(1) 6-1,,0.83,"{'ace_pct': 0.0083, 'first_in_pct': 0.065, 'first_won_pct': 0.72, 'second_won_pct': 0.675}","{'first_in_pct': 0.091, 'first_won_pct': 0.74, 'second_won_pct': 0.772}"
"2025 Dallas Tournament Results, Stats, and Analysis",HardDraw,32,C,2025-02-03,https://www.tennisabstract.com/cgi-bin/tourney.cgi?t=2025-0424%2FDelray-Beach,R32,Matteo Arnaldi,Christopher Eubanks,39,104,6-3 6-4,,1.19,"{'ace_pct': 0.011899999999999999, 'first_in_pct': 0.081, 'first_won_pct': 0.613, 'second_won_pct': 0.763}","{'first_in_pct': 0.127, 'first_won_pct': 0.764, 'second_won_pct': 0.762}"
"2025 Dallas Tournament Results, Stats, and Analysis",HardDraw,32,C,2025-02-03,https://www.tennisabstract.com/cgi-bin/tourney.cgi?t=2025-0424%2FDelray-Beach,R32,Alejandro Davidovich Fokina,Brandon Holt,59,179,6-1 7-5,,1.61,"{'ace_pct': 0.0161, 'first_in_pct': 0.098, 'first_won_pct': 0.705, 'second_won_pct': 0.7440000000000001}","{'first_in_pct': 0.069, 'first_won_pct': 0.69, 'second_won_pct': 0.625}"
"2025 Dallas Tournament Results, Stats, and Analysis",HardDraw,32,C,2025-02-03,https://www.tennisabstract.com/cgi-bin/tourney.cgi?t=2025-0424%2FDelray-Beach,R32,Jaume Munar,Bu Yunchaokete,64,68,7-5 6-2,,1.37,"{'ace_pct': 0.0137, 'first_in_pct': 0.052000000000000005, 'first_won_pct': 0.69, 'second_won_pct': 0.725}","{'first_in_pct': 0.11599999999999999, 'first_won_pct': 0.638, 'second_won_pct': 0.636}"
"2025 Dallas Tournament Results, Stats, and Analysis",HardDraw,32,C,2025-02-03,https://www.tennisabstract.com/cgi-bin/tourney.cgi?t=2025-0424%2FDelray-Beach,R32,Ben Shelton,Aleksandar Vukic,13,66,6-3 6-3,,1.63,"{'ace_pct': 0.0163, 'first_in_pct': 0.122, 'first_won_pct': 0.5920000000000001, 'second_won_pct': 0.897}","{'first_in_pct': 0.08, 'first_won_pct': 0.7, 'second_won_pct': 0.6859999999999999}"
"2025 Dallas Tournament Results, Stats, and Analysis",HardDraw,32,C,2025-02-03,https://www.tennisabstract.com/cgi-bin/tourney.cgi?t=2025-0424%2FDelray-Beach,R32,Frances Tiafoe,Taro Daniel,18,117,6-1 3-6 6-4,,1.18,"{'ace_pct': 0.0118, 'first_in_pct': 0.10400000000000001, 'first_won_pct': 0.5579999999999999, 'second_won_pct': 0.7440000000000001}","{'first_in_pct': 0.053, 'first_won_pct': 0.627, 'second_won_pct': 0.7659999999999999}"
"2025 Dallas Tournament Results, Stats, and Analysis",HardDraw,32,C,2025-02-03,https://www.tennisabstract.com/cgi-bin/tourney.cgi?t=2025-0424%2FDelray-Beach,R32,Yoshihito Nishioka,Brandon Nakashima,67,42,6-4 7-6(6),,1.26,"{'ace_pct': 0.0126, 'first_in_pct': 0.046, 'first_won_pct': 0.585, 'second_won_pct': 0.816}","{'first_in_pct': 0.11599999999999999, 'first_won_pct': 0.71, 'second_won_pct': 0.7140000000000001}"
"2025 Dallas Tournament Results, Stats, and Analysis",HardDraw,32,C,2025-02-03,https://www.tennisabstract.com/cgi-bin/tourney.cgi?t=2025-0424%2FDelray-Beach,R32,Michael Mmoh,Roberto Carballes Baena,422,51,6-1 3-6 6-4,,1.1,"{'ace_pct': 0.011000000000000001, 'first_in_pct': 0.10099999999999999, 'first_won_pct': 0.64, 'second_won_pct': 0.561}","{'first_in_pct': 0.035, 'first_won_pct': 0.706, 'second_won_pct': 0.467}"
"2025 Dallas Tournament Results, Stats, and Analysis",HardDraw,32,C,2025-02-03,https://www.tennisabstract.com/cgi-bin/tourney.cgi?t=2025-0424%2FDelray-Beach,R32,Casper Ruud,James Duckworth,5,86,7-5 4-6 6-2,,1.26,"{'ace_pct': 0.0126, 'first_in_pct': 0.08800000000000001, 'first_won_pct': 0.6809999999999999, 'second_won_pct': 0.774}","{'first_in_pct': 0.13, 'first_won_pct': 0.7070000000000001, 'second_won_pct': 0.6920000000000001}"
"2025 Dallas Tournament Results, Stats, and Analysis",HardDraw,32,C,2025-02-03,https://www.tennisabstract.com/cgi-bin/tourney.cgi?t=2025-0424%2FWinston-Salem,F,Denis Shapovalov,Casper Ruud,54,5,7-6(5) 6-3,,1.18,"{'ace_pct': 0.0118, 'first_in_pct': 0.17800000000000002, 'first_won_pct': 0.685, 'second_won_pct': 0.72}","{'first_in_pct': 0.068, 'first_won_pct': 0.753, 'second_won_pct': 0.636}"
"2025 Dallas Tournament Results, Stats, and Analysis",HardDraw,32,C,2025-02-03,https://www.tennisabstract.com/cgi-bin/tourney.cgi?t=2025-0424%2FWinston-Salem,SF,Denis Shapovalov,Tommy Paul,54,9,7-5 6-3,,1.11,"{'ace_pct': 0.0111, 'first_in_pct': 0.077, 'first_won_pct': 0.6409999999999999, 'second_won_pct': 0.78}","{'first_in_pct': 0.035, 'first_won_pct': 0.596, 'second_won_pct': 0.706}"
"2025 Dallas Tournament Results, Stats, and Analysis",HardDraw,32,C,2025-02-03,https://www.tennisabstract.com/cgi-bin/tourney.cgi?t=2025-0424%2FWinston-Salem,SF,Casper Ruud,Jaume Munar,5,64,6-2 2-6 7-6(4),,0.96,"{'ace_pct': 0.0096, 'first_in_pct': 0.044000000000000004, 'first_won_pct': 0.722, 'second_won_pct': 0.677}","{'first_in_pct': 0.066, 'first_won_pct': 0.67, 'second_won_pct': 0.6559999999999999}"
"2025 Dallas Tournament Results, Stats, and Analysis",HardDraw,32,C,2025-02-03,https://www.tennisabstract.com/cgi-bin/tourney.cgi?t=2025-0424%2FWinston-Salem,QF,Denis Shapovalov,Tomas Machac,54,25,7-6(5) 6-0,,1.57,"{'ace_pct': 0.015700000000000002, 'first_in_pct': 0.111, 'first_won_pct': 0.556, 'second_won_pct': 0.733}","{'first_in_pct': 0.054000000000000006, 'first_won_pct': 0.7140000000000001, 'second_won_pct': 0.525}"
"2025 Dallas Tournament Results, Stats, and Analysis",HardDraw,32,C,2025-02-03,https://www.tennisabstract.com/cgi-bin/tourney.cgi?t=2025-0424%2FWinston-Salem,QF,Tommy Paul,Reilly Opelka,9,145,7-6(3) 6-2,,1.56,"{'ace_pct': 0.015600000000000001, 'first_in_pct': 0.046, 'first_won_pct': 0.631, 'second_won_pct': 0.8290000000000001}","{'first_in_pct': 0.115, 'first_won_pct': 0.6409999999999999, 'second_won_pct': 0.66}"
"2025 Dallas Tournament Results, Stats, and Analysis",HardDraw,32,C,2025-02-03,https://www.tennisabstract.com/cgi-bin/tourney.cgi?t=2025-0424%2FWinston-Salem,QF,Jaume Munar,Matteo Arnaldi,64,39,6-4 3-6 6-3,,1.1,"{'ace_pct': 0.011000000000000001, 'first_in_pct': 0.045, 'first_won_pct': 0.64, 'second_won_pct': 0.754}","{'first_in_pct': 0.044000000000000004, 'first_won_pct': 0.644, 'second_won_pct': 0.7759999999999999}"
"2025 Dallas Tournament Results, Stats, and Analysis",HardDraw,32,C,2025-02-03,https://www.tennisabstract.com/cgi-bin/tourney.cgi?t=2025-0424%2FWinston-Salem,QF,Casper Ruud,Yoshihito Nishioka,5,67,7-5 3-2 RET,,1.46,"{'ace_pct': 0.0146, 'first_in_pct': 0.08199999999999999, 'first_won_pct': 0.7959999999999999, 'second_won_pct': 0.7440000000000001}","{'first_in_pct': 0.017, 'first_won_pct': 0.767, 'second_won_pct': 0.652}"
"2025 Dallas Tournament Results, Stats, and Analysis",HardDraw,32,C,2025-02-03,https://www.tennisabstract.com/cgi-bin/tourney.cgi?t=2025-0424%2FWinston-Salem,R16,Denis Shapovalov,Taylor Fritz,54,4,2-6 6-3 7-6(2),,0.91,"{'ace_pct': 0.0091, 'first_in_pct': 0.147, 'first_won_pct': 0.588, 'second_won_pct': 0.75}","{'first_in_pct': 0.11, 'first_won_pct': 0.7070000000000001, 'second_won_pct': 0.7759999999999999}"
"2025 Dallas Tournament Results, Stats, and Analysis",HardDraw,32,C,2025-02-03,https://www.tennisabstract.com/cgi-bin/tourney.cgi?t=2025-0424%2FWinston-Salem,R16,Tomas Machac,Rinky Hijikata,25,73,6-4 7-6(0),,1.38,"{'ace_pct': 0.0138, 'first_in_pct': 0.16699999999999998, 'first_won_pct': 0.633, 'second_won_pct': 0.737}","{'first_in_pct': 0.013999999999999999, 'first_won_pct': 0.6, 'second_won_pct': 0.619}"
"2025 Dallas Tournament Results, Stats, and Analysis",HardDraw,32,C,2025-02-03,https://www.tennisabstract.com/cgi-bin/tourney.cgi?t=2025-0424%2FWinston-Salem,R16,Tommy Paul,Ethan Quinn,9,199,6-4 5-7 6-4,,1.08,"{'ace_pct': 0.0108, 'first_in_pct': 0.10099999999999999, 'first_won_pct': 0.607, 'second_won_pct': 0.759}","{'first_in_pct': 0.096, 'first_won_pct': 0.713, 'second_won_pct': 0.716}"
"2025 Dallas Tournament Results, Stats, and Analysis",HardDraw,32,C,2025-02-03,https://www.tennisabstract.com/cgi-bin/tourney.cgi?t=2025-0424%2FWinston-Salem,R16,Reilly Opelka,Cameron Norrie,145,63,4-6 7-6(5) 6-4,,0.96,"{'ace_pct': 0.0096, 'first_in_pct': 0.175, 'first_won_pct': 0.563, 'second_won_pct': 0.81}","{'first_in_pct': 0.07, 'first_won_pct': 0.66, 'second_won_pct': 0.7879999999999999}"
"2025 Dallas Tournament Results, Stats, and Analysis",HardDraw,32,C,2025-02-03,https://www.tennisabstract.com/cgi-bin/tourney.cgi?t=2025-0424%2FWinston-Salem,R16,Matteo Arnaldi,Alejandro Davidovich Fokina,39,59,6-1 6-3,,1.63,"{'ace_pct': 0.0163, 'first_in_pct': 0.04, 'first_won_pct': 0.62, 'second_won_pct': 0.8059999999999999}","{'first_in_pct': 0.040999999999999995, 'first_won_pct': 0.7140000000000001, 'second_won_pct': 0.5429999999999999}"
"2025 Dallas Tournament Results, Stats, and Analysis",HardDraw,32,C,2025-02-03,https://www.tennisabstract.com/cgi-bin/tourney.cgi?t=2025-0424%2FWinston-Salem,R16,Jaume Munar,Ben Shelton,64,13,6-2 7-6(3),,1.42,"{'ace_pct': 0.014199999999999999, 'first_in_pct': 0.032, 'first_won_pct': 0.746, 'second_won_pct': 0.83}","{'first_in_pct': 0.115, 'first_won_pct': 0.59, 'second_won_pct': 0.75}"
"2025 Dallas Tournament Results, Stats, and Analysis",HardDraw,32,C,2025-02-03,https://www.tennisabstract.com/cgi-bin/tourney.cgi?t=2025-0424%2FWinston-Salem,R16,Yoshihito Nishioka,Frances Tiafoe,67,18,3-6 6-4 6-3,,1.04,"{'ace_pct': 0.0104, 'first_in_pct': 0.076, 'first_won_pct': 0.696, 'second_won_pct': 0.703}","{'first_in_pct': 0.145, 'first_won_pct': 0.602, 'second_won_pct': 0.76}"
"2025 Dallas Tournament Results, Stats, and Analysis",HardDraw,32,C,2025-02-03,https://www.tennisabstract.com/cgi-bin/tourney.cgi?t=2025-0424%2FWinston-Salem,R16,Casper Ruud,Michael Mmoh,5,422,6-1 6-4,,1.71,"{'ace_pct': 0.0171, 'first_in_pct': 0.14300000000000002, 'first_won_pct': 0.755, 'second_won_pct': 0.703}","{'first_in_pct': 0.11599999999999999, 'first_won_pct': 0.6509999999999999, 'second_won_pct': 0.5710000000000001}"
"2025 Dallas Tournament Results, Stats, and Analysis",HardDraw,32,C,2025-02-03,https://www.tennisabstract.com/cgi-bin/tourney.cgi?t=2025-0424%2FWinston-Salem,R32,Taylor Fritz,Arthur Rinderknech,4,60,6-4 6-2,,2.65,"{'ace_pct': 0.0265, 'first_in_pct': 0.256, 'first_won_pct': 0.674, 'second_won_pct': 0.9309999999999999}","{'first_in_pct': 0.086, 'first_won_pct': 0.638, 'second_won_pct': 0.73}"
"2025 Dallas Tournament Results, Stats, and Analysis",HardDraw,32,C,2025-02-03,https://www.tennisabstract.com/cgi-bin/tourney.cgi?t=2025-0424%2FWinston-Salem,R32,Denis Shapovalov,Miomir Kecmanovic,54,55,6-3 6-7(5) 6-3,,1.25,"{'ace_pct': 0.0125, 'first_in_pct': 0.204, 'first_won_pct': 0.602, 'second_won_pct': 0.8809999999999999}","{'first_in_pct': 0.043, 'first_won_pct': 0.688, 'second_won_pct': 0.7340000000000001}"
"2025 Dallas Tournament Results, Stats, and Analysis",HardDraw,32,C,2025-02-03,https://www.tennisabstract.com/cgi-bin/tourney.cgi?t=2025-0424%2FWinston-Salem,R32,Rinky Hijikata,Adrian Mannarino,73,107,7-5 6-3,,1.38,"{'ace_pct': 0.0138, 'first_in_pct': 0.08199999999999999, 'first_won_pct': 0.6890000000000001, 'second_won_pct': 0.7859999999999999}","{'first_in_pct': 0.131, 'first_won_pct': 0.6559999999999999, 'second_won_pct': 0.725}"
"2025 Dallas Tournament Results, Stats, and Analysis",HardDraw,32,C,2025-02-03,https://www.tennisabstract.com/cgi-bin/tourney.cgi?t=2025-0424%2FWinston-Salem,R32,Tomas Machac,Kei Nishikori,25,71,6-2 6-2,,1.69,"{'ace_pct': 0.0169, 'first_in_pct': 0.146, 'first_won_pct': 0.604, 'second_won_pct': 0.828}","{'first_in_pct': 0.042, 'first_won_pct': 0.6459999999999999, 'second_won_pct': 0.613}"
"2025 Dallas Tournament Results, Stats, and Analysis",HardDraw,32,C,2025-02-03,https://www.tennisabstract.com/cgi-bin/tourney.cgi?t=2025-0424%2FWinston-Salem,R32,Tommy Paul,Jenson Brooksby,9,1093,6-7(6) 6-3 6-4,,1.22,"{'ace_pct': 0.012199999999999999, 'first_in_pct': 0.071, 'first_won_pct': 0.633, 'second_won_pct': 0.726}","{'first_in_pct': 0.027999999999999997, 'first_won_pct': 0.75, 'second_won_pct': 0.605}"
"2025 Dallas Tournament Results, Stats, and Analysis",HardDraw,32,C,2025-02-03,https://www.tennisabstract.com/cgi-bin/tourney.cgi?t=2025-0424%2FWinston-Salem,R32,Ethan Quinn,Trevor Svajda,199,669,6-4 6-2,,1.68,"{'ace_pct': 0.0168, 'first_in_pct': 0.16399999999999998, 'first_won_pct': 0.782, 'second_won_pct': 0.767}","{'first_in_pct': 0.0, 'first_won_pct': 0.703, 'second_won_pct': 0.5770000000000001}"
"2025 Dallas Tournament Results, Stats, and Analysis",HardDraw,32,C,2025-02-03,https://www.tennisabstract.com/cgi-bin/tourney.cgi?t=2025-0424%2FWinston-Salem,R32,Reilly Opelka,Alexander Shevchenko,145,82,7-6(3) 6-4,,1.33,"{'ace_pct': 0.013300000000000001, 'first_in_pct': 0.28600000000000003, 'first_won_pct': 0.6509999999999999, 'second_won_pct': 0.8290000000000001}","{'first_in_pct': 0.131, 'first_won_pct': 0.721, 'second_won_pct': 0.818}"
"2025 Dallas Tournament Results, Stats, and Analysis",HardDraw,32,C,2025-02-03,https://www.tennisabstract.com/cgi-bin/tourney.cgi?t=2025-0424%2FWinston-Salem,R32,Cameron Norrie,Alex Michelsen,63,36,2-6 7-6(1) 6-1,,0.83,"{'ace_pct': 0.0083, 'first_in_pct': 0.065, 'first_won_pct': 0.72, 'second_won_pct': 0.675}","{'first_in_pct': 0.091, 'first_won_pct': 0.74, 'second_won_pct': 0.772}"
"2025 Dallas Tournament Results, Stats, and Analysis",HardDraw,32,C,2025-02-03,https://www.tennisabstract.com/cgi-bin/tourney.cgi?t=2025-0424%2FWinston-Salem,R32,Matteo Arnaldi,Christopher Eubanks,39,104,6-3 6-4,,1.19,"{'ace_pct': 0.011899999999999999, 'first_in_pct': 0.081, 'first_won_pct': 0.613, 'second_won_pct': 0.763}","{'first_in_pct': 0.127, 'first_won_pct': 0.764, 'second_won_pct': 0.762}"
"2025 Dallas Tournament Results, Stats, and Analysis",HardDraw,32,C,2025-02-03,https://www.tennisabstract.com/cgi-bin/tourney.cgi?t=2025-0424%2FWinston-Salem,R32,Alejandro Davidovich Fokina,Brandon Holt,59,179,6-1 7-5,,1.61,"{'ace_pct': 0.0161, 'first_in_pct': 0.098, 'first_won_pct': 0.705, 'second_won_pct': 0.7440000000000001}","{'first_in_pct': 0.069, 'first_won_pct': 0.69, 'second_won_pct': 0.625}"
"2025 Dallas Tournament Results, Stats, and Analysis",HardDraw,32,C,2025-02-03,https://www.tennisabstract.com/cgi-bin/tourney.cgi?t=2025-0424%2FWinston-Salem,R32,Jaume Munar,Bu Yunchaokete,64,68,7-5 6-2,,1.37,"{'ace_pct': 0.0137, 'first_in_pct': 0.052000000000000005, 'first_won_pct': 0.69, 'second_won_pct': 0.725}","{'first_in_pct': 0.11599999999999999, 'first_won_pct': 0.638, 'second_won_pct': 0.636}"
"2025 Dallas Tournament Results, Stats, and Analysis",HardDraw,32,C,2025-02-03,https://www.tennisabstract.com/cgi-bin/tourney.cgi?t=2025-0424%2FWinston-Salem,R32,Ben Shelton,Aleksandar Vukic,13,66,6-3 6-3,,1.63,"{'ace_pct': 0.0163, 'first_in_pct': 0.122, 'first_won_pct': 0.5920000000000001, 'second_won_pct': 0.897}","{'first_in_pct': 0.08, 'first_won_pct': 0.7, 'second_won_pct': 0.6859999999999999}"
"2025 Dallas Tournament Results, Stats, and Analysis",HardDraw,32,C,2025-02-03,https://www.tennisabstract.com/cgi-bin/tourney.cgi?t=2025-0424%2FWinston-Salem,R32,Frances Tiafoe,Taro Daniel,18,117,6-1 3-6 6-4,,1.18,"{'ace_pct': 0.0118, 'first_in_pct': 0.10400000000000001, 'first_won_pct': 0.5579999999999999, 'second_won_pct': 0.7440000000000001}","{'first_in_pct': 0.053, 'first_won_pct': 0.627, 'second_won_pct': 0.7659999999999999}"
"2025 Dallas Tournament Results, Stats, and Analysis",HardDraw,32,C,2025-02-03,https://www.tennisabstract.com/cgi-bin/tourney.cgi?t=2025-0424%2FWinston-Salem,R32,Yoshihito Nishioka,Brandon Nakashima,67,42,6-4 7-6(6),,1.26,"{'ace_pct': 0.0126, 'first_in_pct': 0.046, 'first_won_pct': 0.585, 'second_won_pct': 0.816}","{'first_in_pct': 0.11599999999999999, 'first_won_pct': 0.71, 'second_won_pct': 0.7140000000000001}"
"2025 Dallas Tournament Results, Stats, and Analysis",HardDraw,32,C,2025-02-03,https://www.tennisabstract.com/cgi-bin/tourney.cgi?t=2025-0424%2FWinston-Salem,R32,Michael Mmoh,Roberto Carballes Baena,422,51,6-1 3-6 6-4,,1.1,"{'ace_pct': 0.011000000000000001, 'first_in_pct': 0.10099999999999999, 'first_won_pct': 0.64, 'second_won_pct': 0.561}","{'first_in_pct': 0.035, 'first_won_pct': 0.706, 'second_won_pct': 0.467}"
"2025 Dallas Tournament Results, Stats, and Analysis",HardDraw,32,C,2025-02-03,https://www.tennisabstract.com/cgi-bin/tourney.cgi?t=2025-0424%2FWinston-Salem,R32,Casper Ruud,James Duckworth,5,86,7-5 4-6 6-2,,1.26,"{'ace_pct': 0.0126, 'first_in_pct': 0.08800000000000001, 'first_won_pct': 0.6809999999999999, 'second_won_pct': 0.774}","{'first_in_pct': 0.13, 'first_won_pct': 0.7070000000000001, 'second_won_pct': 0.6920000000000001}"
"2025 Barcelona Tournament Results, Stats, and Analysis",ClayDraw,32,C,2025-04-14,https://www.tennisabstract.com/cgi-bin/tourney.cgi?t=2025-0425%2FMarseille,F,Holger Rune,Carlos Alcaraz,13,2,7-6(6) 6-2,,1.11,"{'ace_pct': 0.0111, 'first_in_pct': 0.0, 'first_won_pct': 0.722, 'second_won_pct': 0.6920000000000001}","{'first_in_pct': 0.018000000000000002, 'first_won_pct': 0.7020000000000001, 'second_won_pct': 0.65}"
"2025 Barcelona Tournament Results, Stats, and Analysis",ClayDraw,32,C,2025-04-14,https://www.tennisabstract.com/cgi-bin/tourney.cgi?t=2025-0425%2FMarseille,SF,Carlos Alcaraz,Arthur Fils,2,14,6-2 6-4,,1.69,"{'ace_pct': 0.0169, 'first_in_pct': 0.038, 'first_won_pct': 0.736, 'second_won_pct': 0.769}","{'first_in_pct': 0.054000000000000006, 'first_won_pct': 0.643, 'second_won_pct': 0.583}"
"2025 Barcelona Tournament Results, Stats, and Analysis",ClayDraw,32,C,2025-04-14,https://www.tennisabstract.com/cgi-bin/tourney.cgi?t=2025-0425%2FMarseille,SF,Holger Rune,Karen Khachanov,13,27,6-3 6-2,,2.1,"{'ace_pct': 0.021, 'first_in_pct': 0.047, 'first_won_pct': 0.698, 'second_won_pct': 0.733}","{'first_in_pct': 0.0, 'first_won_pct': 0.596, 'second_won_pct': 0.46399999999999997}"
"2025 Barcelona Tournament Results, Stats, and Analysis",ClayDraw,32,C,2025-04-14,https://www.tennisabstract.com/cgi-bin/tourney.cgi?t=2025-0425%2FMarseille,QF,Carlos Alcaraz,Alex De Minaur,2,7,7-5 6-3,,1.28,"{'ace_pct': 0.0128, 'first_in_pct': 0.0, 'first_won_pct': 0.6940000000000001, 'second_won_pct': 0.721}","{'first_in_pct': 0.013000000000000001, 'first_won_pct': 0.519, 'second_won_pct': 0.575}"
"2025 Barcelona Tournament Results, Stats, and Analysis",ClayDraw,32,C,2025-04-14,https://www.tennisabstract.com/cgi-bin/tourney.cgi?t=2025-0425%2FMarseille,QF,Arthur Fils,Stefanos Tsitsipas,14,16,2-0 RET,,2.1,"{'ace_pct': 0.021, 'first_in_pct': 0.0, 'first_won_pct': 0.667, 'second_won_pct': 0.75}","{'first_in_pct': 0.0, 'first_won_pct': 0.5, 'second_won_pct': 0.4}"
"2025 Barcelona Tournament Results, Stats, and Analysis",ClayDraw,32,C,2025-04-14,https://www.tennisabstract.com/cgi-bin/tourney.cgi?t=2025-0425%2FMarseille,QF,Karen Khachanov,Alejandro Davidovich Fokina,27,30,6-4 7-5,,1.04,"{'ace_pct': 0.0104, 'first_in_pct': 0.085, 'first_won_pct': 0.634, 'second_won_pct': 0.667}","{'first_in_pct': 0.059000000000000004, 'first_won_pct': 0.588, 'second_won_pct': 0.625}"
"2025 Barcelona Tournament Results, Stats, and Analysis",ClayDraw,32,C,2025-04-14,https://www.tennisabstract.com/cgi-bin/tourney.cgi?t=2025-0425%2FMarseille,QF,Holger Rune,Casper Ruud,13,10,6-4 6-2,,1.35,"{'ace_pct': 0.013500000000000002, 'first_in_pct': 0.0, 'first_won_pct': 0.527, 'second_won_pct': 0.7929999999999999}","{'first_in_pct': 0.034, 'first_won_pct': 0.517, 'second_won_pct': 0.6}"
"2025 Barcelona Tournament Results, Stats, and Analysis",ClayDraw,32,C,2025-04-14,https://www.tennisabstract.com/cgi-bin/tourney.cgi?t=2025-0425%2FMarseille,R16,Carlos Alcaraz,Laslo Djere,2,80,6-2 6-4,,1.75,"{'ace_pct': 0.0175, 'first_in_pct': 0.08199999999999999, 'first_won_pct': 0.7140000000000001, 'second_won_pct': 0.7709999999999999}","{'first_in_pct': 0.04, 'first_won_pct': 0.62, 'second_won_pct': 0.581}"
"2025 Barcelona Tournament Results, Stats, and Analysis",ClayDraw,32,C,2025-04-14,https://www.tennisabstract.com/cgi-bin/tourney.cgi?t=2025-0425%2FMarseille,R16,Alex De Minaur,Jacob Fearnley,7,74,6-1 6-2,,1.87,"{'ace_pct': 0.0187, 'first_in_pct': 0.044000000000000004, 'first_won_pct': 0.511, 'second_won_pct': 0.87}","{'first_in_pct': 0.0, 'first_won_pct': 0.405, 'second_won_pct': 0.588}"
"2025 Barcelona Tournament Results, Stats, and Analysis",ClayDraw,32,C,2025-04-14,https://www.tennisabstract.com/cgi-bin/tourney.cgi?t=2025-0425%2FMarseille,R16,Stefanos Tsitsipas,Sebastian Korda,16,24,7-6(4) 6-4,,1.23,"{'ace_pct': 0.0123, 'first_in_pct': 0.015, 'first_won_pct': 0.5670000000000001, 'second_won_pct': 0.737}","{'first_in_pct': 0.065, 'first_won_pct': 0.5710000000000001, 'second_won_pct': 0.75}"
"2025 Barcelona Tournament Results, Stats, and Analysis",ClayDraw,32,C,2025-04-14,https://www.tennisabstract.com/cgi-bin/tourney.cgi?t=2025-0425%2FMarseille,R16,Arthur Fils,Pedro Martinez,14,49,6-3 6-2,,1.63,"{'ace_pct': 0.0163, 'first_in_pct': 0.098, 'first_won_pct': 0.49, 'second_won_pct': 0.8}","{'first_in_pct': 0.042, 'first_won_pct': 0.75, 'second_won_pct': 0.583}"
"2025 Barcelona Tournament Results, Stats, and Analysis",ClayDraw,32,C,2025-04-14,https://www.tennisabstract.com/cgi-bin/tourney.cgi?t=2025-0425%2FMarseille,R16,Karen Khachanov,Jaume Munar,27,57,7-5 6-4,,1.16,"{'ace_pct': 0.0116, 'first_in_pct': 0.013999999999999999, 'first_won_pct': 0.563, 'second_won_pct': 0.725}","{'first_in_pct': 0.012, 'first_won_pct': 0.595, 'second_won_pct': 0.64}"
"2025 Barcelona Tournament Results, Stats, and Analysis",ClayDraw,32,C,2025-04-14,https://www.tennisabstract.com/cgi-bin/tourney.cgi?t=2025-0425%2FMarseille,R16,Alejandro Davidovich Fokina,Andrey Rublev,30,8,7-5 6-4,,1.08,"{'ace_pct': 0.0108, 'first_in_pct': 0.012, 'first_won_pct': 0.733, 'second_won_pct': 0.603}","{'first_in_pct': 0.0, 'first_won_pct': 0.603, 'second_won_pct': 0.636}"
"2025 Barcelona Tournament Results, Stats, and Analysis",ClayDraw,32,C,2025-04-14,https://www.tennisabstract.com/cgi-bin/tourney.cgi?t=2025-0425%2FMarseille,R16,Holger Rune,Sebastian Baez,13,35,4-6 6-1 6-2,,1.13,"{'ace_pct': 0.0113, 'first_in_pct': 0.013000000000000001, 'first_won_pct': 0.6629999999999999, 'second_won_pct': 0.623}","{'first_in_pct': 0.013999999999999999, 'first_won_pct': 0.753, 'second_won_pct': 0.5820000000000001}"
"2025 Barcelona Tournament Results, Stats, and Analysis",ClayDraw,32,C,2025-04-14,https://www.tennisabstract.com/cgi-bin/tourney.cgi?t=2025-0425%2FMarseille,R16,Casper Ruud,Hamad Medjedovic,10,72,7-5 7-5,,1.07,"{'ace_pct': 0.010700000000000001, 'first_in_pct': 0.032, 'first_won_pct': 0.591, 'second_won_pct': 0.618}","{'first_in_pct': 0.045, 'first_won_pct': 0.6629999999999999, 'second_won_pct': 0.627}"
"2025 Barcelona Tournament Results, Stats, and Analysis",ClayDraw,32,C,2025-04-14,https://www.tennisabstract.com/cgi-bin/tourney.cgi?t=2025-0425%2FMarseille,R32,Carlos Alcaraz,Ethan Quinn,2,126,6-2 7-6(6),,1.33,"{'ace_pct': 0.013300000000000001, 'first_in_pct': 0.0, 'first_won_pct': 0.6970000000000001, 'second_won_pct': 0.652}","{'first_in_pct': 0.024, 'first_won_pct': 0.614, 'second_won_pct': 0.529}"
"2025 Barcelona Tournament Results, Stats, and Analysis",ClayDraw,32,C,2025-04-14,https://www.tennisabstract.com/cgi-bin/tourney.cgi?t=2025-0425%2FMarseille,R32,Laslo Djere,Arthur Rinderknech,80,75,6-7(2) 6-1 6-2,,1.54,"{'ace_pct': 0.0154, 'first_in_pct': 0.078, 'first_won_pct': 0.675, 'second_won_pct': 0.75}","{'first_in_pct': 0.057, 'first_won_pct': 0.591, 'second_won_pct': 0.6920000000000001}"
"2025 Barcelona Tournament Results, Stats, and Analysis",ClayDraw,32,C,2025-04-14,https://www.tennisabstract.com/cgi-bin/tourney.cgi?t=2025-0425%2FMarseille,R32,Jacob Fearnley,Roberto Carballes Baena,74,55,6-1 7-5,,1.32,"{'ace_pct': 0.0132, 'first_in_pct': 0.057999999999999996, 'first_won_pct': 0.58, 'second_won_pct': 0.65}","{'first_in_pct': 0.027999999999999997, 'first_won_pct': 0.535, 'second_won_pct': 0.5}"
"2025 Barcelona Tournament Results, Stats, and Analysis",ClayDraw,32,C,2025-04-14,https://www.tennisabstract.com/cgi-bin/tourney.cgi?t=2025-0425%2FMarseille,R32,Alex De Minaur,Tomas Martin Etcheverry,7,46,6-4 6-4,,1.21,"{'ace_pct': 0.0121, 'first_in_pct': 0.077, 'first_won_pct': 0.769, 'second_won_pct': 0.825}","{'first_in_pct': 0.0, 'first_won_pct': 0.52, 'second_won_pct': 0.8079999999999999}"
"2025 Barcelona Tournament Results, Stats, and Analysis",ClayDraw,32,C,2025-04-14,https://www.tennisabstract.com/cgi-bin/tourney.cgi?t=2025-0425%2FMarseille,R32,Stefanos Tsitsipas,Reilly Opelka,16,105,6-2 6-2,,2.07,"{'ace_pct': 0.0207, 'first_in_pct': 0.042, 'first_won_pct': 0.5, 'second_won_pct': 0.75}","{'first_in_pct': 0.07400000000000001, 'first_won_pct': 0.611, 'second_won_pct': 0.5760000000000001}"
"2025 Barcelona Tournament Results, Stats, and Analysis",ClayDraw,32,C,2025-04-14,https://www.tennisabstract.com/cgi-bin/tourney.cgi?t=2025-0425%2FMarseille,R32,Sebastian Korda,Matteo Arnaldi,24,42,3-6 6-3 6-2,,1.22,"{'ace_pct': 0.012199999999999999, 'first_in_pct': 0.067, 'first_won_pct': 0.693, 'second_won_pct': 0.6920000000000001}","{'first_in_pct': 0.0, 'first_won_pct': 0.622, 'second_won_pct': 0.63}"
"2025 Barcelona Tournament Results, Stats, and Analysis",ClayDraw,32,C,2025-04-14,https://www.tennisabstract.com/cgi-bin/tourney.cgi?t=2025-0425%2FMarseille,R32,Pedro Martinez,Brandon Nakashima,49,32,7-5 5-7 6-4,,1.0,"{'ace_pct': 0.01, 'first_in_pct': 0.017, 'first_won_pct': 0.675, 'second_won_pct': 0.6709999999999999}","{'first_in_pct': 0.096, 'first_won_pct': 0.632, 'second_won_pct': 0.667}"
"2025 Barcelona Tournament Results, Stats, and Analysis",ClayDraw,32,C,2025-04-14,https://www.tennisabstract.com/cgi-bin/tourney.cgi?t=2025-0425%2FMarseille,R32,Arthur Fils,Pablo Carreno Busta,14,99,7-6(6) 6-3,,1.39,"{'ace_pct': 0.0139, 'first_in_pct': 0.055999999999999994, 'first_won_pct': 0.732, 'second_won_pct': 0.731}","{'first_in_pct': 0.031, 'first_won_pct': 0.625, 'second_won_pct': 0.675}"
"2025 Barcelona Tournament Results, Stats, and Analysis",ClayDraw,32,C,2025-04-14,https://www.tennisabstract.com/cgi-bin/tourney.cgi?t=2025-0425%2FMarseille,R32,Jaume Munar,Frances Tiafoe,57,18,2-6 7-5 6-1,,1.15,"{'ace_pct': 0.0115, 'first_in_pct': 0.032, 'first_won_pct': 0.57, 'second_won_pct': 0.66}","{'first_in_pct': 0.0, 'first_won_pct': 0.5529999999999999, 'second_won_pct': 0.635}"
"2025 Barcelona Tournament Results, Stats, and Analysis",ClayDraw,32,C,2025-04-14,https://www.tennisabstract.com/cgi-bin/tourney.cgi?t=2025-0425%2FMarseille,R32,Karen Khachanov,Cameron Norrie,27,88,6-7(3) 6-4 6-3,,1.47,"{'ace_pct': 0.0147, 'first_in_pct': 0.069, 'first_won_pct': 0.575, 'second_won_pct': 0.8}","{'first_in_pct': 0.067, 'first_won_pct': 0.6759999999999999, 'second_won_pct': 0.6759999999999999}"
"2025 Barcelona Tournament Results, Stats, and Analysis",ClayDraw,32,C,2025-04-14,https://www.tennisabstract.com/cgi-bin/tourney.cgi?t=2025-0425%2FMarseille,R32,Alejandro Davidovich Fokina,Stan Wawrinka,30,162,6-1 6-4,,1.53,"{'ace_pct': 0.015300000000000001, 'first_in_pct': 0.063, 'first_won_pct': 0.583, 'second_won_pct': 0.7859999999999999}","{'first_in_pct': 0.0, 'first_won_pct': 0.40399999999999997, 'second_won_pct': 0.652}"
"2025 Barcelona Tournament Results, Stats, and Analysis",ClayDraw,32,C,2025-04-14,https://www.tennisabstract.com/cgi-bin/tourney.cgi?t=2025-0425%2FMarseille,R32,Andrey Rublev,Jesper De Jong,8,94,6-1 6-3,,1.75,"{'ace_pct': 0.0175, 'first_in_pct': 0.071, 'first_won_pct': 0.524, 'second_won_pct': 0.773}","{'first_in_pct': 0.042, 'first_won_pct': 0.604, 'second_won_pct': 0.483}"
"2025 Barcelona Tournament Results, Stats, and Analysis",ClayDraw,32,C,2025-04-14,https://www.tennisabstract.com/cgi-bin/tourney.cgi?t=2025-0425%2FMarseille,R32,Holger Rune,Albert Ramos,13,234,7-5 6-4,,1.27,"{'ace_pct': 0.0127, 'first_in_pct': 0.055999999999999994, 'first_won_pct': 0.662, 'second_won_pct': 0.723}","{'first_in_pct': 0.015, 'first_won_pct': 0.603, 'second_won_pct': 0.6829999999999999}"
"2025 Barcelona Tournament Results, Stats, and Analysis",ClayDraw,32,C,2025-04-14,https://www.tennisabstract.com/cgi-bin/tourney.cgi?t=2025-0425%2FMarseille,R32,Sebastian Baez,Damir Dzumhur,35,65,6-1 7-5,,1.27,"{'ace_pct': 0.0127, 'first_in_pct': 0.016, 'first_won_pct': 0.836, 'second_won_pct': 0.608}","{'first_in_pct': 0.0, 'first_won_pct': 0.667, 'second_won_pct': 0.413}"
"2025 Barcelona Tournament Results, Stats, and Analysis",ClayDraw,32,C,2025-04-14,https://www.tennisabstract.com/cgi-bin/tourney.cgi?t=2025-0425%2FMarseille,R32,Hamad Medjedovic,Giovanni Mpetshi Perricard,72,34,7-5 7-6(6),,1.81,"{'ace_pct': 0.0181, 'first_in_pct': 0.075, 'first_won_pct': 0.701, 'second_won_pct': 0.809}","{'first_in_pct': 0.08800000000000001, 'first_won_pct': 0.7140000000000001, 'second_won_pct': 0.723}"
"2025 Barcelona Tournament Results, Stats, and Analysis",ClayDraw,32,C,2025-04-14,https://www.tennisabstract.com/cgi-bin/tourney.cgi?t=2025-0425%2FMarseille,R32,Casper Ruud,Daniel Elahi Galan,10,117,6-4 6-3,,1.68,"{'ace_pct': 0.0168, 'first_in_pct': 0.057999999999999996, 'first_won_pct': 0.519, 'second_won_pct': 0.778}","{'first_in_pct': 0.032, 'first_won_pct': 0.645, 'second_won_pct': 0.7}"
"2025 Stockholm Tournament Results, Stats, and Analysis",HardDraw,28,C,2025-10-13,https://www.tennisabstract.com/cgi-bin/tourney.cgi?t=2025-0429%2FStockholm,F,Casper Ruud,Ugo Humbert,12,25,6-2 6-3,,,"{'ace_pct': 0.0584, 'first_in_pct': 0.051, 'first_won_pct': 0.615, 'second_won_pct': 0.917}","{'first_in_pct': 0.102, 'first_won_pct': 0.6940000000000001, 'second_won_pct': 0.588}"
"2025 Stockholm Tournament Results, Stats, and Analysis",HardDraw,28,C,2025-10-13,https://www.tennisabstract.com/cgi-bin/tourney.cgi?t=2025-0429%2FStockholm,SF,Ugo Humbert,Holger Rune,25,11,4-6 2-2 RET,,1.0,"{'ace_pct': 0.01, 'first_in_pct': 0.043, 'first_won_pct': 0.574, 'second_won_pct': 0.741}","{'first_in_pct': 0.077, 'first_won_pct': 0.5770000000000001, 'second_won_pct': 0.767}"
"2025 Stockholm Tournament Results, Stats, and Analysis",HardDraw,28,C,2025-10-13,https://www.tennisabstract.com/cgi-bin/tourney.cgi?t=2025-0429%2FStockholm,SF,Casper Ruud,Denis Shapovalov,12,23,6-3 6-4,,1.28,"{'ace_pct': 0.0128, 'first_in_pct': 0.032, 'first_won_pct': 0.6509999999999999, 'second_won_pct': 0.8290000000000001}","{'first_in_pct': 0.111, 'first_won_pct': 0.611, 'second_won_pct': 0.6970000000000001}"
"2025 Stockholm Tournament Results, Stats, and Analysis",HardDraw,28,C,2025-10-13,https://www.tennisabstract.com/cgi-bin/tourney.cgi?t=2025-0429%2FStockholm,QF,Holger Rune,Tomas Martin Etcheverry,11,63,6-7(4) 6-3 6-4,,1.46,"{'ace_pct': 0.0146, 'first_in_pct': 0.14800000000000002, 'first_won_pct': 0.593, 'second_won_pct': 0.833}","{'first_in_pct': 0.057999999999999996, 'first_won_pct': 0.675, 'second_won_pct': 0.642}"
"2025 Stockholm Tournament Results, Stats, and Analysis",HardDraw,28,C,2025-10-13,https://www.tennisabstract.com/cgi-bin/tourney.cgi?t=2025-0429%2FStockholm,QF,Ugo Humbert,Lorenzo Sonego,25,47,6-7(3) 6-0 6-3,,1.13,"{'ace_pct': 0.0113, 'first_in_pct': 0.073, 'first_won_pct': 0.6729999999999999, 'second_won_pct': 0.649}","{'first_in_pct': 0.022000000000000002, 'first_won_pct': 0.6559999999999999, 'second_won_pct': 0.6609999999999999}"
"2025 Stockholm Tournament Results, Stats, and Analysis",HardDraw,28,C,2025-10-13,https://www.tennisabstract.com/cgi-bin/tourney.cgi?t=2025-0429%2FStockholm,QF,Denis Shapovalov,Elias Ymer,23,243,6-4 6-7(3) 6-1,,1.26,"{'ace_pct': 0.0126, 'first_in_pct': 0.055, 'first_won_pct': 0.659, 'second_won_pct': 0.667}","{'first_in_pct': 0.019, 'first_won_pct': 0.598, 'second_won_pct': 0.6559999999999999}"
"2025 Stockholm Tournament Results, Stats, and Analysis",HardDraw,28,C,2025-10-13,https://www.tennisabstract.com/cgi-bin/tourney.cgi?t=2025-0429%2FStockholm,QF,Casper Ruud,Sebastian Korda,12,60,6-7(5) 6-4 6-4,,1.19,"{'ace_pct': 0.011899999999999999, 'first_in_pct': 0.11, 'first_won_pct': 0.58, 'second_won_pct': 0.7929999999999999}","{'first_in_pct': 0.128, 'first_won_pct': 0.615, 'second_won_pct': 0.716}"
"2025 Stockholm Tournament Results, Stats, and Analysis",HardDraw,28,C,2025-10-13,https://www.tennisabstract.com/cgi-bin/tourney.cgi?t=2025-0429%2FStockholm,R16,Holger Rune,Marton Fucsovics,11,55,6-4 6-4,,1.19,"{'ace_pct': 0.011899999999999999, 'first_in_pct': 0.086, 'first_won_pct': 0.6709999999999999, 'second_won_pct': 0.6809999999999999}","{'first_in_pct': 0.015, 'first_won_pct': 0.618, 'second_won_pct': 0.619}"
"2025 Stockholm Tournament Results, Stats, and Analysis",HardDraw,28,C,2025-10-13,https://www.tennisabstract.com/cgi-bin/tourney.cgi?t=2025-0429%2FStockholm,R16,Tomas Martin Etcheverry,Miomir Kecmanovic,63,49,6-4 4-6 6-3,,0.92,"{'ace_pct': 0.0092, 'first_in_pct': 0.162, 'first_won_pct': 0.684, 'second_won_pct': 0.763}","{'first_in_pct': 0.10800000000000001, 'first_won_pct': 0.568, 'second_won_pct': 0.7859999999999999}"
"2025 Stockholm Tournament Results, Stats, and Analysis",HardDraw,28,C,2025-10-13,https://www.tennisabstract.com/cgi-bin/tourney.cgi?t=2025-0429%2FStockholm,R16,Ugo Humbert,Matteo Berrettini,25,61,7-6(5) 6-3,,1.43,"{'ace_pct': 0.0143, 'first_in_pct': 0.068, 'first_won_pct': 0.6779999999999999, 'second_won_pct': 0.8}","{'first_in_pct': 0.138, 'first_won_pct': 0.631, 'second_won_pct': 0.7559999999999999}"
"2025 Stockholm Tournament Results, Stats, and Analysis",HardDraw,28,C,2025-10-13,https://www.tennisabstract.com/cgi-bin/tourney.cgi?t=2025-0429%2FStockholm,R16,Lorenzo Sonego,Aleksandar Kovacevic,47,69,7-6(3) 6-1,,1.67,"{'ace_pct': 0.0167, 'first_in_pct': 0.081, 'first_won_pct': 0.645, 'second_won_pct': 0.775}","{'first_in_pct': 0.135, 'first_won_pct': 0.5379999999999999, 'second_won_pct': 0.7140000000000001}"
"2025 Stockholm Tournament Results, Stats, and Analysis",HardDraw,28,C,2025-10-13,https://www.tennisabstract.com/cgi-bin/tourney.cgi?t=2025-0429%2FStockholm,R16,Elias Ymer,Jacob Fearnley,243,81,6-2 6-2,,1.88,"{'ace_pct': 0.018799999999999997, 'first_in_pct': 0.087, 'first_won_pct': 0.674, 'second_won_pct': 0.8059999999999999}","{'first_in_pct': 0.02, 'first_won_pct': 0.588, 'second_won_pct': 0.633}"
"2025 Stockholm Tournament Results, Stats, and Analysis",HardDraw,28,C,2025-10-13,https://www.tennisabstract.com/cgi-bin/tourney.cgi?t=2025-0429%2FStockholm,R16,Denis Shapovalov,Leo Borg,23,622,6-2 5-7 6-1,,1.47,"{'ace_pct': 0.0147, 'first_in_pct': 0.077, 'first_won_pct': 0.603, 'second_won_pct': 0.83}","{'first_in_pct': 0.0, 'first_won_pct': 0.606, 'second_won_pct': 0.556}"
"2025 Stockholm Tournament Results, Stats, and Analysis",HardDraw,28,C,2025-10-13,https://www.tennisabstract.com/cgi-bin/tourney.cgi?t=2025-0429%2FStockholm,R16,Sebastian Korda,Kamil Majchrzak,60,75,6-4 4-6 7-5,,1.18,"{'ace_pct': 0.0118, 'first_in_pct': 0.099, 'first_won_pct': 0.5539999999999999, 'second_won_pct': 0.821}","{'first_in_pct': 0.024, 'first_won_pct': 0.621, 'second_won_pct': 0.675}"
"2025 Stockholm Tournament Results, Stats, and Analysis",HardDraw,28,C,2025-10-13,https://www.tennisabstract.com/cgi-bin/tourney.cgi?t=2025-0429%2FStockholm,R16,Casper Ruud,Marin Cilic,12,92,7-6(2) 6-4,,2.72,"{'ace_pct': 0.027200000000000002, 'first_in_pct': 0.13699999999999998, 'first_won_pct': 0.6859999999999999, 'second_won_pct': 0.914}","{'first_in_pct': 0.083, 'first_won_pct': 0.542, 'second_won_pct': 0.6729999999999999}"
"2025 Stockholm Tournament Results, Stats, and Analysis",HardDraw,28,C,2025-10-13,https://www.tennisabstract.com/cgi-bin/tourney.cgi?t=2025-0429%2FStockholm,R32,Marton Fucsovics,Jesper De Jong,55,82,6-1 6-2,,1.73,"{'ace_pct': 0.0173, 'first_in_pct': 0.059000000000000004, 'first_won_pct': 0.627, 'second_won_pct': 0.75}","{'first_in_pct': 0.049, 'first_won_pct': 0.61, 'second_won_pct': 0.4}"
"2025 Stockholm Tournament Results, Stats, and Analysis",HardDraw,28,C,2025-10-13,https://www.tennisabstract.com/cgi-bin/tourney.cgi?t=2025-0429%2FStockholm,R32,Tomas Martin Etcheverry,Mark Lajal,63,149,7-6(5) 6-7(5) 6-3,,1.01,"{'ace_pct': 0.0101, 'first_in_pct': 0.087, 'first_won_pct': 0.7020000000000001, 'second_won_pct': 0.685}","{'first_in_pct': 0.08, 'first_won_pct': 0.61, 'second_won_pct': 0.77}"
"2025 Stockholm Tournament Results, Stats, and Analysis",HardDraw,28,C,2025-10-13,https://www.tennisabstract.com/cgi-bin/tourney.cgi?t=2025-0429%2FStockholm,R32,Miomir Kecmanovic,Alexandre Muller,49,43,6-4 6-1,,1.48,"{'ace_pct': 0.0148, 'first_in_pct': 0.043, 'first_won_pct': 0.696, 'second_won_pct': 0.688}","{'first_in_pct': 0.016, 'first_won_pct': 0.609, 'second_won_pct': 0.59}"
"2025 Stockholm Tournament Results, Stats, and Analysis",HardDraw,28,C,2025-10-13,https://www.tennisabstract.com/cgi-bin/tourney.cgi?t=2025-0429%2FStockholm,R32,Matteo Berrettini,Giulio Zeppieri,61,160,6-4 6-2,,1.22,"{'ace_pct': 0.012199999999999999, 'first_in_pct': 0.098, 'first_won_pct': 0.541, 'second_won_pct': 0.7879999999999999}","{'first_in_pct': 0.1, 'first_won_pct': 0.7, 'second_won_pct': 0.629}"
"2025 Stockholm Tournament Results, Stats, and Analysis",HardDraw,28,C,2025-10-13,https://www.tennisabstract.com/cgi-bin/tourney.cgi?t=2025-0429%2FStockholm,R32,Lorenzo Sonego,Arthur Fery,47,221,6-4 6-2,,1.4,"{'ace_pct': 0.013999999999999999, 'first_in_pct': 0.05, 'first_won_pct': 0.733, 'second_won_pct': 0.75}","{'first_in_pct': 0.0, 'first_won_pct': 0.467, 'second_won_pct': 0.5}"
"2025 Stockholm Tournament Results, Stats, and Analysis",HardDraw,28,C,2025-10-13,https://www.tennisabstract.com/cgi-bin/tourney.cgi?t=2025-0429%2FStockholm,R32,Aleksandar Kovacevic,Camilo Ugo Carabelli,69,50,4-6 7-5 4-0 RET,,1.09,"{'ace_pct': 0.0109, 'first_in_pct': 0.146, 'first_won_pct': 0.6629999999999999, 'second_won_pct': 0.6609999999999999}","{'first_in_pct': 0.039, 'first_won_pct': 0.5710000000000001, 'second_won_pct': 0.682}"
"2025 Stockholm Tournament Results, Stats, and Analysis",HardDraw,28,C,2025-10-13,https://www.tennisabstract.com/cgi-bin/tourney.cgi?t=2025-0429%2FStockholm,R32,Jacob Fearnley,Tallon Griekspoor,81,27,6-3 6-7(6) 7-6(5),,1.25,"{'ace_pct': 0.0125, 'first_in_pct': 0.059000000000000004, 'first_won_pct': 0.574, 'second_won_pct': 0.7759999999999999}","{'first_in_pct': 0.106, 'first_won_pct': 0.69, 'second_won_pct': 0.718}"
"2025 Stockholm Tournament Results, Stats, and Analysis",HardDraw,28,C,2025-10-13,https://www.tennisabstract.com/cgi-bin/tourney.cgi?t=2025-0429%2FStockholm,R32,Elias Ymer,Mikael Ymer,243,617,6-2 7-6(4),,1.32,"{'ace_pct': 0.0132, 'first_in_pct': 0.19, 'first_won_pct': 0.5870000000000001, 'second_won_pct': 0.8109999999999999}","{'first_in_pct': 0.043, 'first_won_pct': 0.623, 'second_won_pct': 0.698}"
"2025 Stockholm Tournament Results, Stats, and Analysis",HardDraw,28,C,2025-10-13,https://www.tennisabstract.com/cgi-bin/tourney.cgi?t=2025-0429%2FStockholm,R32,Leo Borg,Sebastian Ofner,622,140,6-3 6-4,,1.12,"{'ace_pct': 0.011200000000000002, 'first_in_pct': 0.031, 'first_won_pct': 0.6459999999999999, 'second_won_pct': 0.738}","{'first_in_pct': 0.096, 'first_won_pct': 0.5, 'second_won_pct': 0.885}"
"2025 Stockholm Tournament Results, Stats, and Analysis",HardDraw,28,C,2025-10-13,https://www.tennisabstract.com/cgi-bin/tourney.cgi?t=2025-0429%2FStockholm,R32,Sebastian Korda,Alexei Popyrin,60,48,6-7(4) 6-1 6-3,,1.3,"{'ace_pct': 0.013000000000000001, 'first_in_pct': 0.141, 'first_won_pct': 0.5539999999999999, 'second_won_pct': 0.667}","{'first_in_pct': 0.08, 'first_won_pct': 0.652, 'second_won_pct': 0.63}"
"2025 Stockholm Tournament Results, Stats, and Analysis",HardDraw,28,C,2025-10-13,https://www.tennisabstract.com/cgi-bin/tourney.cgi?t=2025-0429%2FStockholm,R32,Kamil Majchrzak,Filip Misolic,75,95,6-2 6-2,,1.45,"{'ace_pct': 0.014499999999999999, 'first_in_pct': 0.034, 'first_won_pct': 0.525, 'second_won_pct': 0.774}","{'first_in_pct': 0.017, 'first_won_pct': 0.617, 'second_won_pct': 0.514}"
"2025 Stockholm Tournament Results, Stats, and Analysis",HardDraw,28,C,2025-10-13,https://www.tennisabstract.com/cgi-bin/tourney.cgi?t=2025-0429%2FStockholm,R32,Marin Cilic,Nicolai Budkov Kjaer,92,136,7-5 6-3,,1.48,"{'ace_pct': 0.0148, 'first_in_pct': 0.203, 'first_won_pct': 0.5760000000000001, 'second_won_pct': 0.853}","{'first_in_pct': 0.027999999999999997, 'first_won_pct': 0.465, 'second_won_pct': 0.818}"
"2025 Dubai Tournament Results, Stats, and Analysis",HardDraw,32,C,2025-02-24,https://www.tennisabstract.com/cgi-bin/tourney.cgi?t=2025-0495%2FBuenos-Aires,F,Stefanos Tsitsipas,Felix Auger Aliassime,11,21,6-3 6-3,,1.21,"{'ace_pct': 0.0121, 'first_in_pct': 0.061, 'first_won_pct': 0.636, 'second_won_pct': 0.833}","{'first_in_pct': 0.077, 'first_won_pct': 0.654, 'second_won_pct': 0.706}"
"2025 Dubai Tournament Results, Stats, and Analysis",HardDraw,32,C,2025-02-24,https://www.tennisabstract.com/cgi-bin/tourney.cgi?t=2025-0495%2FBuenos-Aires,SF,Stefanos Tsitsipas,Tallon Griekspoor,11,47,6-4 6-4,,1.77,"{'ace_pct': 0.0177, 'first_in_pct': 0.14, 'first_won_pct': 0.64, 'second_won_pct': 0.9059999999999999}","{'first_in_pct': 0.092, 'first_won_pct': 0.6920000000000001, 'second_won_pct': 0.711}"
"2025 Dubai Tournament Results, Stats, and Analysis",HardDraw,32,C,2025-02-24,https://www.tennisabstract.com/cgi-bin/tourney.cgi?t=2025-0495%2FBuenos-Aires,SF,Felix Auger Aliassime,Quentin Halys,21,77,5-7 6-4 6-3,,1.01,"{'ace_pct': 0.0101, 'first_in_pct': 0.099, 'first_won_pct': 0.653, 'second_won_pct': 0.742}","{'first_in_pct': 0.055999999999999994, 'first_won_pct': 0.685, 'second_won_pct': 0.6559999999999999}"
"2025 Dubai Tournament Results, Stats, and Analysis",HardDraw,32,C,2025-02-24,https://www.tennisabstract.com/cgi-bin/tourney.cgi?t=2025-0495%2FBuenos-Aires,QF,Tallon Griekspoor,Daniil Medvedev,47,6,2-6 7-6(7) 7-5,,0.88,"{'ace_pct': 0.0088, 'first_in_pct': 0.045, 'first_won_pct': 0.723, 'second_won_pct': 0.679}","{'first_in_pct': 0.138, 'first_won_pct': 0.716, 'second_won_pct': 0.705}"
"2025 Dubai Tournament Results, Stats, and Analysis",HardDraw,32,C,2025-02-24,https://www.tennisabstract.com/cgi-bin/tourney.cgi?t=2025-0495%2FBuenos-Aires,QF,Stefanos Tsitsipas,Matteo Berrettini,11,30,7-6(5) 1-6 6-4,,0.74,"{'ace_pct': 0.0074, 'first_in_pct': 0.083, 'first_won_pct': 0.655, 'second_won_pct': 0.818}","{'first_in_pct': 0.075, 'first_won_pct': 0.775, 'second_won_pct': 0.79}"
"2025 Dubai Tournament Results, Stats, and Analysis",HardDraw,32,C,2025-02-24,https://www.tennisabstract.com/cgi-bin/tourney.cgi?t=2025-0495%2FBuenos-Aires,QF,Quentin Halys,Luca Nardi,77,79,2-6 6-3 7-6(5),,0.81,"{'ace_pct': 0.008100000000000001, 'first_in_pct': 0.121, 'first_won_pct': 0.596, 'second_won_pct': 0.78}","{'first_in_pct': 0.024, 'first_won_pct': 0.5539999999999999, 'second_won_pct': 0.804}"
"2025 Dubai Tournament Results, Stats, and Analysis",HardDraw,32,C,2025-02-24,https://www.tennisabstract.com/cgi-bin/tourney.cgi?t=2025-0495%2FBuenos-Aires,QF,Felix Auger Aliassime,Marin Cilic,21,187,6-4 3-6 6-2,,1.08,"{'ace_pct': 0.0108, 'first_in_pct': 0.165, 'first_won_pct': 0.6709999999999999, 'second_won_pct': 0.774}","{'first_in_pct': 0.035, 'first_won_pct': 0.647, 'second_won_pct': 0.764}"
"2025 Dubai Tournament Results, Stats, and Analysis",HardDraw,32,C,2025-02-24,https://www.tennisabstract.com/cgi-bin/tourney.cgi?t=2025-0495%2FBuenos-Aires,R16,Daniil Medvedev,Giovanni Mpetshi Perricard,6,29,6-4 6-4,,2.35,"{'ace_pct': 0.0235, 'first_in_pct': 0.125, 'first_won_pct': 0.5, 'second_won_pct': 0.958}","{'first_in_pct': 0.040999999999999995, 'first_won_pct': 0.662, 'second_won_pct': 0.6729999999999999}"
"2025 Dubai Tournament Results, Stats, and Analysis",HardDraw,32,C,2025-02-24,https://www.tennisabstract.com/cgi-bin/tourney.cgi?t=2025-0495%2FBuenos-Aires,R16,Tallon Griekspoor,Ugo Humbert,47,15,4-6 6-3 6-2,,1.07,"{'ace_pct': 0.010700000000000001, 'first_in_pct': 0.14, 'first_won_pct': 0.667, 'second_won_pct': 0.758}","{'first_in_pct': 0.105, 'first_won_pct': 0.5660000000000001, 'second_won_pct': 0.7440000000000001}"
"2025 Dubai Tournament Results, Stats, and Analysis",HardDraw,32,C,2025-02-24,https://www.tennisabstract.com/cgi-bin/tourney.cgi?t=2025-0495%2FBuenos-Aires,R16,Stefanos Tsitsipas,Karen Khachanov,11,24,7-6(4) 2-6 6-4,,1.03,"{'ace_pct': 0.0103, 'first_in_pct': 0.071, 'first_won_pct': 0.616, 'second_won_pct': 0.8029999999999999}","{'first_in_pct': 0.065, 'first_won_pct': 0.583, 'second_won_pct': 0.794}"
"2025 Dubai Tournament Results, Stats, and Analysis",HardDraw,32,C,2025-02-24,https://www.tennisabstract.com/cgi-bin/tourney.cgi?t=2025-0495%2FBuenos-Aires,R16,Matteo Berrettini,Christopher Oconnell,30,75,7-6(2) 6-2,,,"{'ace_pct': 0.0311, 'first_in_pct': 0.28800000000000003, 'first_won_pct': 0.6729999999999999, 'second_won_pct': 0.8859999999999999}","{'first_in_pct': 0.054000000000000006, 'first_won_pct': 0.6890000000000001, 'second_won_pct': 0.529}"
"2025 Dubai Tournament Results, Stats, and Analysis",HardDraw,32,C,2025-02-24,https://www.tennisabstract.com/cgi-bin/tourney.cgi?t=2025-0495%2FBuenos-Aires,R16,Luca Nardi,Zizou Bergs,79,56,6-4 7-6(3),,1.19,"{'ace_pct': 0.011899999999999999, 'first_in_pct': 0.068, 'first_won_pct': 0.616, 'second_won_pct': 0.733}","{'first_in_pct': 0.063, 'first_won_pct': 0.484, 'second_won_pct': 0.774}"
"2025 Dubai Tournament Results, Stats, and Analysis",HardDraw,32,C,2025-02-24,https://www.tennisabstract.com/cgi-bin/tourney.cgi?t=2025-0495%2FBuenos-Aires,R16,Quentin Halys,Roberto Bautista Agut,77,53,7-6(5) 6-4,,1.11,"{'ace_pct': 0.0111, 'first_in_pct': 0.205, 'first_won_pct': 0.5479999999999999, 'second_won_pct': 0.9}","{'first_in_pct': 0.057999999999999996, 'first_won_pct': 0.71, 'second_won_pct': 0.7959999999999999}"
"2025 Dubai Tournament Results, Stats, and Analysis",HardDraw,32,C,2025-02-24,https://www.tennisabstract.com/cgi-bin/tourney.cgi?t=2025-0495%2FBuenos-Aires,R16,Felix Auger Aliassime,Nuno Borges,21,38,4-6 6-3 7-5,,1.22,"{'ace_pct': 0.012199999999999999, 'first_in_pct': 0.098, 'first_won_pct': 0.728, 'second_won_pct': 0.7759999999999999}","{'first_in_pct': 0.096, 'first_won_pct': 0.713, 'second_won_pct': 0.716}"
"2025 Dubai Tournament Results, Stats, and Analysis",HardDraw,32,C,2025-02-24,https://www.tennisabstract.com/cgi-bin/tourney.cgi?t=2025-0495%2FBuenos-Aires,R16,Marin Cilic,Alexei Popyrin,187,27,5-7 6-3 6-4,,0.82,"{'ace_pct': 0.008199999999999999, 'first_in_pct': 0.061, 'first_won_pct': 0.643, 'second_won_pct': 0.794}","{'first_in_pct': 0.205, 'first_won_pct': 0.705, 'second_won_pct': 0.836}"
"2025 Dubai Tournament Results, Stats, and Analysis",HardDraw,32,C,2025-02-24,https://www.tennisabstract.com/cgi-bin/tourney.cgi?t=2025-0495%2FBuenos-Aires,R32,Daniil Medvedev,Jan Lennard Struff,6,46,6-4 7-6(4),,1.36,"{'ace_pct': 0.013600000000000001, 'first_in_pct': 0.099, 'first_won_pct': 0.5489999999999999, 'second_won_pct': 0.795}","{'first_in_pct': 0.021, 'first_won_pct': 0.66, 'second_won_pct': 0.71}"
"2025 Dubai Tournament Results, Stats, and Analysis",HardDraw,32,C,2025-02-24,https://www.tennisabstract.com/cgi-bin/tourney.cgi?t=2025-0495%2FBuenos-Aires,R32,Giovanni Mpetshi Perricard,Zhizhen Zhang,29,49,6-3 7-6(3),,1.31,"{'ace_pct': 0.0131, 'first_in_pct': 0.183, 'first_won_pct': 0.69, 'second_won_pct': 0.857}","{'first_in_pct': 0.1, 'first_won_pct': 0.6859999999999999, 'second_won_pct': 0.7709999999999999}"
"2025 Dubai Tournament Results, Stats, and Analysis",HardDraw,32,C,2025-02-24,https://www.tennisabstract.com/cgi-bin/tourney.cgi?t=2025-0495%2FBuenos-Aires,R32,Tallon Griekspoor,Roman Safiullin,47,72,5-7 7-6(4) 7-6(1),,0.92,"{'ace_pct': 0.0092, 'first_in_pct': 0.131, 'first_won_pct': 0.708, 'second_won_pct': 0.728}","{'first_in_pct': 0.087, 'first_won_pct': 0.557, 'second_won_pct': 0.7809999999999999}"
"2025 Dubai Tournament Results, Stats, and Analysis",HardDraw,32,C,2025-02-24,https://www.tennisabstract.com/cgi-bin/tourney.cgi?t=2025-0495%2FBuenos-Aires,R32,Ugo Humbert,Jiri Lehecka,15,22,6-3 6-0,,2.01,"{'ace_pct': 0.020099999999999996, 'first_in_pct': 0.125, 'first_won_pct': 0.604, 'second_won_pct': 0.828}","{'first_in_pct': 0.018000000000000002, 'first_won_pct': 0.655, 'second_won_pct': 0.528}"
"2025 Dubai Tournament Results, Stats, and Analysis",HardDraw,32,C,2025-02-24,https://www.tennisabstract.com/cgi-bin/tourney.cgi?t=2025-0495%2FBuenos-Aires,R32,Stefanos Tsitsipas,Lorenzo Sonego,11,35,7-6(4) 6-3,,1.72,"{'ace_pct': 0.0172, 'first_in_pct': 0.05, 'first_won_pct': 0.7, 'second_won_pct': 0.81}","{'first_in_pct': 0.015, 'first_won_pct': 0.627, 'second_won_pct': 0.7140000000000001}"
"2025 Dubai Tournament Results, Stats, and Analysis",HardDraw,32,C,2025-02-24,https://www.tennisabstract.com/cgi-bin/tourney.cgi?t=2025-0495%2FBuenos-Aires,R32,Karen Khachanov,Daniel Evans,24,178,6-1 6-3,,1.89,"{'ace_pct': 0.0189, 'first_in_pct': 0.0, 'first_won_pct': 0.551, 'second_won_pct': 0.741}","{'first_in_pct': 0.0, 'first_won_pct': 0.56, 'second_won_pct': 0.679}"
"2025 Dubai Tournament Results, Stats, and Analysis",HardDraw,32,C,2025-02-24,https://www.tennisabstract.com/cgi-bin/tourney.cgi?t=2025-0495%2FBuenos-Aires,R32,Matteo Berrettini,Gael Monfils,30,40,7-5 6-4,,1.75,"{'ace_pct': 0.0175, 'first_in_pct': 0.17, 'first_won_pct': 0.736, 'second_won_pct': 0.897}","{'first_in_pct': 0.079, 'first_won_pct': 0.5870000000000001, 'second_won_pct': 0.649}"
"2025 Dubai Tournament Results, Stats, and Analysis",HardDraw,32,C,2025-02-24,https://www.tennisabstract.com/cgi-bin/tourney.cgi?t=2025-0495%2FBuenos-Aires,R32,Christopher Oconnell,Grigor Dimitrov,75,16,6-0 0-0 RET,,2.27,"{'ace_pct': 0.0227, 'first_in_pct': 0.11800000000000001, 'first_won_pct': 0.529, 'second_won_pct': 0.778}","{'first_in_pct': 0.0, 'first_won_pct': 0.5710000000000001, 'second_won_pct': 0.41700000000000004}"
"2025 Dubai Tournament Results, Stats, and Analysis",HardDraw,32,C,2025-02-24,https://www.tennisabstract.com/cgi-bin/tourney.cgi?t=2025-0495%2FBuenos-Aires,R32,Luca Nardi,Marton Fucsovics,79,88,1-6 6-2 6-3,,0.97,"{'ace_pct': 0.0097, 'first_in_pct': 0.018000000000000002, 'first_won_pct': 0.505, 'second_won_pct': 0.679}","{'first_in_pct': 0.057999999999999996, 'first_won_pct': 0.565, 'second_won_pct': 0.667}"
"2025 Dubai Tournament Results, Stats, and Analysis",HardDraw,32,C,2025-02-24,https://www.tennisabstract.com/cgi-bin/tourney.cgi?t=2025-0495%2FBuenos-Aires,R32,Zizou Bergs,Aziz Dougaz,56,212,6-3 6-3,,1.79,"{'ace_pct': 0.0179, 'first_in_pct': 0.02, 'first_won_pct': 0.54, 'second_won_pct': 0.741}","{'first_in_pct': 0.065, 'first_won_pct': 0.609, 'second_won_pct': 0.643}"
"2025 Dubai Tournament Results, Stats, and Analysis",HardDraw,32,C,2025-02-24,https://www.tennisabstract.com/cgi-bin/tourney.cgi?t=2025-0495%2FBuenos-Aires,R32,Roberto Bautista Agut,Fabian Marozsan,53,55,3-6 6-3 7-6(4),,0.92,"{'ace_pct': 0.0092, 'first_in_pct': 0.086, 'first_won_pct': 0.75, 'second_won_pct': 0.713}","{'first_in_pct': 0.09300000000000001, 'first_won_pct': 0.505, 'second_won_pct': 0.7959999999999999}"
"2025 Dubai Tournament Results, Stats, and Analysis",HardDraw,32,C,2025-02-24,https://www.tennisabstract.com/cgi-bin/tourney.cgi?t=2025-0495%2FBuenos-Aires,R32,Quentin Halys,Andrey Rublev,77,9,3-6 6-4 7-6(5),,0.93,"{'ace_pct': 0.009300000000000001, 'first_in_pct': 0.184, 'first_won_pct': 0.551, 'second_won_pct': 0.7959999999999999}","{'first_in_pct': 0.055, 'first_won_pct': 0.593, 'second_won_pct': 0.815}"
"2025 Dubai Tournament Results, Stats, and Analysis",HardDraw,32,C,2025-02-24,https://www.tennisabstract.com/cgi-bin/tourney.cgi?t=2025-0495%2FBuenos-Aires,R32,Nuno Borges,Arthur Fils,38,19,6-2 6-1,,1.93,"{'ace_pct': 0.019299999999999998, 'first_in_pct': 0.091, 'first_won_pct': 0.659, 'second_won_pct': 0.759}","{'first_in_pct': 0.035, 'first_won_pct': 0.561, 'second_won_pct': 0.594}"
"2025 Dubai Tournament Results, Stats, and Analysis",HardDraw,32,C,2025-02-24,https://www.tennisabstract.com/cgi-bin/tourney.cgi?t=2025-0495%2FBuenos-Aires,R32,Felix Auger Aliassime,Alexander Bublik,21,51,7-6(7) 6-7(4) 6-3,,1.24,"{'ace_pct': 0.0124, 'first_in_pct': 0.071, 'first_won_pct': 0.7170000000000001, 'second_won_pct': 0.765}","{'first_in_pct': 0.127, 'first_won_pct': 0.627, 'second_won_pct': 0.6579999999999999}"
"2025 Dubai Tournament Results, Stats, and Analysis",HardDraw,32,C,2025-02-24,https://www.tennisabstract.com/cgi-bin/tourney.cgi?t=2025-0495%2FBuenos-Aires,R32,Alexei Popyrin,Hady Habib,27,168,6-2 6-4,,2.16,"{'ace_pct': 0.0216, 'first_in_pct': 0.17800000000000002, 'first_won_pct': 0.667, 'second_won_pct': 0.9329999999999999}","{'first_in_pct': 0.17300000000000001, 'first_won_pct': 0.519, 'second_won_pct': 0.741}"
"2025 Dubai Tournament Results, Stats, and Analysis",HardDraw,32,C,2025-02-24,https://www.tennisabstract.com/cgi-bin/tourney.cgi?t=2025-0495%2FBuenos-Aires,R32,Marin Cilic,Alex De Minaur,187,8,6-2 3-6 6-3,,1.18,"{'ace_pct': 0.0118, 'first_in_pct': 0.033, 'first_won_pct': 0.6, 'second_won_pct': 0.685}","{'first_in_pct': 0.027000000000000003, 'first_won_pct': 0.486, 'second_won_pct': 0.667}"
"2025 Dubai Tournament Results, Stats, and Analysis",HardDraw,32,C,2025-02-24,https://www.tennisabstract.com/cgi-bin/tourney.cgi?t=2025-0495%2FMallorca,F,Stefanos Tsitsipas,Felix Auger Aliassime,11,21,6-3 6-3,,1.21,"{'ace_pct': 0.0121, 'first_in_pct': 0.061, 'first_won_pct': 0.636, 'second_won_pct': 0.833}","{'first_in_pct': 0.077, 'first_won_pct': 0.654, 'second_won_pct': 0.706}"
"2025 Dubai Tournament Results, Stats, and Analysis",HardDraw,32,C,2025-02-24,https://www.tennisabstract.com/cgi-bin/tourney.cgi?t=2025-0495%2FMallorca,SF,Stefanos Tsitsipas,Tallon Griekspoor,11,47,6-4 6-4,,1.77,"{'ace_pct': 0.0177, 'first_in_pct': 0.14, 'first_won_pct': 0.64, 'second_won_pct': 0.9059999999999999}","{'first_in_pct': 0.092, 'first_won_pct': 0.6920000000000001, 'second_won_pct': 0.711}"
"2025 Dubai Tournament Results, Stats, and Analysis",HardDraw,32,C,2025-02-24,https://www.tennisabstract.com/cgi-bin/tourney.cgi?t=2025-0495%2FMallorca,SF,Felix Auger Aliassime,Quentin Halys,21,77,5-7 6-4 6-3,,1.01,"{'ace_pct': 0.0101, 'first_in_pct': 0.099, 'first_won_pct': 0.653, 'second_won_pct': 0.742}","{'first_in_pct': 0.055999999999999994, 'first_won_pct': 0.685, 'second_won_pct': 0.6559999999999999}"
"2025 Dubai Tournament Results, Stats, and Analysis",HardDraw,32,C,2025-02-24,https://www.tennisabstract.com/cgi-bin/tourney.cgi?t=2025-0495%2FMallorca,QF,Tallon Griekspoor,Daniil Medvedev,47,6,2-6 7-6(7) 7-5,,0.88,"{'ace_pct': 0.0088, 'first_in_pct': 0.045, 'first_won_pct': 0.723, 'second_won_pct': 0.679}","{'first_in_pct': 0.138, 'first_won_pct': 0.716, 'second_won_pct': 0.705}"
"2025 Dubai Tournament Results, Stats, and Analysis",HardDraw,32,C,2025-02-24,https://www.tennisabstract.com/cgi-bin/tourney.cgi?t=2025-0495%2FMallorca,QF,Stefanos Tsitsipas,Matteo Berrettini,11,30,7-6(5) 1-6 6-4,,0.74,"{'ace_pct': 0.0074, 'first_in_pct': 0.083, 'first_won_pct': 0.655, 'second_won_pct': 0.818}","{'first_in_pct': 0.075, 'first_won_pct': 0.775, 'second_won_pct': 0.79}"
"2025 Dubai Tournament Results, Stats, and Analysis",HardDraw,32,C,2025-02-24,https://www.tennisabstract.com/cgi-bin/tourney.cgi?t=2025-0495%2FMallorca,QF,Quentin Halys,Luca Nardi,77,79,2-6 6-3 7-6(5),,0.81,"{'ace_pct': 0.008100000000000001, 'first_in_pct': 0.121, 'first_won_pct': 0.596, 'second_won_pct': 0.78}","{'first_in_pct': 0.024, 'first_won_pct': 0.5539999999999999, 'second_won_pct': 0.804}"
"2025 Dubai Tournament Results, Stats, and Analysis",HardDraw,32,C,2025-02-24,https://www.tennisabstract.com/cgi-bin/tourney.cgi?t=2025-0495%2FMallorca,QF,Felix Auger Aliassime,Marin Cilic,21,187,6-4 3-6 6-2,,1.08,"{'ace_pct': 0.0108, 'first_in_pct': 0.165, 'first_won_pct': 0.6709999999999999, 'second_won_pct': 0.774}","{'first_in_pct': 0.035, 'first_won_pct': 0.647, 'second_won_pct': 0.764}"
"2025 Dubai Tournament Results, Stats, and Analysis",HardDraw,32,C,2025-02-24,https://www.tennisabstract.com/cgi-bin/tourney.cgi?t=2025-0495%2FMallorca,R16,Daniil Medvedev,Giovanni Mpetshi Perricard,6,29,6-4 6-4,,2.35,"{'ace_pct': 0.0235, 'first_in_pct': 0.125, 'first_won_pct': 0.5, 'second_won_pct': 0.958}","{'first_in_pct': 0.040999999999999995, 'first_won_pct': 0.662, 'second_won_pct': 0.6729999999999999}"
"2025 Dubai Tournament Results, Stats, and Analysis",HardDraw,32,C,2025-02-24,https://www.tennisabstract.com/cgi-bin/tourney.cgi?t=2025-0495%2FMallorca,R16,Tallon Griekspoor,Ugo Humbert,47,15,4-6 6-3 6-2,,1.07,"{'ace_pct': 0.010700000000000001, 'first_in_pct': 0.14, 'first_won_pct': 0.667, 'second_won_pct': 0.758}","{'first_in_pct': 0.105, 'first_won_pct': 0.5660000000000001, 'second_won_pct': 0.7440000000000001}"
"2025 Dubai Tournament Results, Stats, and Analysis",HardDraw,32,C,2025-02-24,https://www.tennisabstract.com/cgi-bin/tourney.cgi?t=2025-0495%2FMallorca,R16,Stefanos Tsitsipas,Karen Khachanov,11,24,7-6(4) 2-6 6-4,,1.03,"{'ace_pct': 0.0103, 'first_in_pct': 0.071, 'first_won_pct': 0.616, 'second_won_pct': 0.8029999999999999}","{'first_in_pct': 0.065, 'first_won_pct': 0.583, 'second_won_pct': 0.794}"
"2025 Dubai Tournament Results, Stats, and Analysis",HardDraw,32,C,2025-02-24,https://www.tennisabstract.com/cgi-bin/tourney.cgi?t=2025-0495%2FMallorca,R16,Matteo Berrettini,Christopher Oconnell,30,75,7-6(2) 6-2,,,"{'ace_pct': 0.0311, 'first_in_pct': 0.28800000000000003, 'first_won_pct': 0.6729999999999999, 'second_won_pct': 0.8859999999999999}","{'first_in_pct': 0.054000000000000006, 'first_won_pct': 0.6890000000000001, 'second_won_pct': 0.529}"
"2025 Dubai Tournament Results, Stats, and Analysis",HardDraw,32,C,2025-02-24,https://www.tennisabstract.com/cgi-bin/tourney.cgi?t=2025-0495%2FMallorca,R16,Luca Nardi,Zizou Bergs,79,56,6-4 7-6(3),,1.19,"{'ace_pct': 0.011899999999999999, 'first_in_pct': 0.068, 'first_won_pct': 0.616, 'second_won_pct': 0.733}","{'first_in_pct': 0.063, 'first_won_pct': 0.484, 'second_won_pct': 0.774}"
"2025 Dubai Tournament Results, Stats, and Analysis",HardDraw,32,C,2025-02-24,https://www.tennisabstract.com/cgi-bin/tourney.cgi?t=2025-0495%2FMallorca,R16,Quentin Halys,Roberto Bautista Agut,77,53,7-6(5) 6-4,,1.11,"{'ace_pct': 0.0111, 'first_in_pct': 0.205, 'first_won_pct': 0.5479999999999999, 'second_won_pct': 0.9}","{'first_in_pct': 0.057999999999999996, 'first_won_pct': 0.71, 'second_won_pct': 0.7959999999999999}"
"2025 Dubai Tournament Results, Stats, and Analysis",HardDraw,32,C,2025-02-24,https://www.tennisabstract.com/cgi-bin/tourney.cgi?t=2025-0495%2FMallorca,R16,Felix Auger Aliassime,Nuno Borges,21,38,4-6 6-3 7-5,,1.22,"{'ace_pct': 0.012199999999999999, 'first_in_pct': 0.098, 'first_won_pct': 0.728, 'second_won_pct': 0.7759999999999999}","{'first_in_pct': 0.096, 'first_won_pct': 0.713, 'second_won_pct': 0.716}"
"2025 Dubai Tournament Results, Stats, and Analysis",HardDraw,32,C,2025-02-24,https://www.tennisabstract.com/cgi-bin/tourney.cgi?t=2025-0495%2FMallorca,R16,Marin Cilic,Alexei Popyrin,187,27,5-7 6-3 6-4,,0.82,"{'ace_pct': 0.008199999999999999, 'first_in_pct': 0.061, 'first_won_pct': 0.643, 'second_won_pct': 0.794}","{'first_in_pct': 0.205, 'first_won_pct': 0.705, 'second_won_pct': 0.836}"
"2025 Dubai Tournament Results, Stats, and Analysis",HardDraw,32,C,2025-02-24,https://www.tennisabstract.com/cgi-bin/tourney.cgi?t=2025-0495%2FMallorca,R32,Daniil Medvedev,Jan Lennard Struff,6,46,6-4 7-6(4),,1.36,"{'ace_pct': 0.013600000000000001, 'first_in_pct': 0.099, 'first_won_pct': 0.5489999999999999, 'second_won_pct': 0.795}","{'first_in_pct': 0.021, 'first_won_pct': 0.66, 'second_won_pct': 0.71}"
"2025 Dubai Tournament Results, Stats, and Analysis",HardDraw,32,C,2025-02-24,https://www.tennisabstract.com/cgi-bin/tourney.cgi?t=2025-0495%2FMallorca,R32,Giovanni Mpetshi Perricard,Zhizhen Zhang,29,49,6-3 7-6(3),,1.31,"{'ace_pct': 0.0131, 'first_in_pct': 0.183, 'first_won_pct': 0.69, 'second_won_pct': 0.857}","{'first_in_pct': 0.1, 'first_won_pct': 0.6859999999999999, 'second_won_pct': 0.7709999999999999}"
"2025 Dubai Tournament Results, Stats, and Analysis",HardDraw,32,C,2025-02-24,https://www.tennisabstract.com/cgi-bin/tourney.cgi?t=2025-0495%2FMallorca,R32,Tallon Griekspoor,Roman Safiullin,47,72,5-7 7-6(4) 7-6(1),,0.92,"{'ace_pct': 0.0092, 'first_in_pct': 0.131, 'first_won_pct': 0.708, 'second_won_pct': 0.728}","{'first_in_pct': 0.087, 'first_won_pct': 0.557, 'second_won_pct': 0.7809999999999999}"
"2025 Dubai Tournament Results, Stats, and Analysis",HardDraw,32,C,2025-02-24,https://www.tennisabstract.com/cgi-bin/tourney.cgi?t=2025-0495%2FMallorca,R32,Ugo Humbert,Jiri Lehecka,15,22,6-3 6-0,,2.01,"{'ace_pct': 0.020099999999999996, 'first_in_pct': 0.125, 'first_won_pct': 0.604, 'second_won_pct': 0.828}","{'first_in_pct': 0.018000000000000002, 'first_won_pct': 0.655, 'second_won_pct': 0.528}"
"2025 Dubai Tournament Results, Stats, and Analysis",HardDraw,32,C,2025-02-24,https://www.tennisabstract.com/cgi-bin/tourney.cgi?t=2025-0495%2FMallorca,R32,Stefanos Tsitsipas,Lorenzo Sonego,11,35,7-6(4) 6-3,,1.72,"{'ace_pct': 0.0172, 'first_in_pct': 0.05, 'first_won_pct': 0.7, 'second_won_pct': 0.81}","{'first_in_pct': 0.015, 'first_won_pct': 0.627, 'second_won_pct': 0.7140000000000001}"
"2025 Dubai Tournament Results, Stats, and Analysis",HardDraw,32,C,2025-02-24,https://www.tennisabstract.com/cgi-bin/tourney.cgi?t=2025-0495%2FMallorca,R32,Karen Khachanov,Daniel Evans,24,178,6-1 6-3,,1.89,"{'ace_pct': 0.0189, 'first_in_pct': 0.0, 'first_won_pct': 0.551, 'second_won_pct': 0.741}","{'first_in_pct': 0.0, 'first_won_pct': 0.56, 'second_won_pct': 0.679}"
"2025 Dubai Tournament Results, Stats, and Analysis",HardDraw,32,C,2025-02-24,https://www.tennisabstract.com/cgi-bin/tourney.cgi?t=2025-0495%2FMallorca,R32,Matteo Berrettini,Gael Monfils,30,40,7-5 6-4,,1.75,"{'ace_pct': 0.0175, 'first_in_pct': 0.17, 'first_won_pct': 0.736, 'second_won_pct': 0.897}","{'first_in_pct': 0.079, 'first_won_pct': 0.5870000000000001, 'second_won_pct': 0.649}"
"2025 Dubai Tournament Results, Stats, and Analysis",HardDraw,32,C,2025-02-24,https://www.tennisabstract.com/cgi-bin/tourney.cgi?t=2025-0495%2FMallorca,R32,Christopher Oconnell,Grigor Dimitrov,75,16,6-0 0-0 RET,,2.27,"{'ace_pct': 0.0227, 'first_in_pct': 0.11800000000000001, 'first_won_pct': 0.529, 'second_won_pct': 0.778}","{'first_in_pct': 0.0, 'first_won_pct': 0.5710000000000001, 'second_won_pct': 0.41700000000000004}"
"2025 Dubai Tournament Results, Stats, and Analysis",HardDraw,32,C,2025-02-24,https://www.tennisabstract.com/cgi-bin/tourney.cgi?t=2025-0495%2FMallorca,R32,Luca Nardi,Marton Fucsovics,79,88,1-6 6-2 6-3,,0.97,"{'ace_pct': 0.0097, 'first_in_pct': 0.018000000000000002, 'first_won_pct': 0.505, 'second_won_pct': 0.679}","{'first_in_pct': 0.057999999999999996, 'first_won_pct': 0.565, 'second_won_pct': 0.667}"
"2025 Dubai Tournament Results, Stats, and Analysis",HardDraw,32,C,2025-02-24,https://www.tennisabstract.com/cgi-bin/tourney.cgi?t=2025-0495%2FMallorca,R32,Zizou Bergs,Aziz Dougaz,56,212,6-3 6-3,,1.79,"{'ace_pct': 0.0179, 'first_in_pct': 0.02, 'first_won_pct': 0.54, 'second_won_pct': 0.741}","{'first_in_pct': 0.065, 'first_won_pct': 0.609, 'second_won_pct': 0.643}"
"2025 Dubai Tournament Results, Stats, and Analysis",HardDraw,32,C,2025-02-24,https://www.tennisabstract.com/cgi-bin/tourney.cgi?t=2025-0495%2FMallorca,R32,Roberto Bautista Agut,Fabian Marozsan,53,55,3-6 6-3 7-6(4),,0.92,"{'ace_pct': 0.0092, 'first_in_pct': 0.086, 'first_won_pct': 0.75, 'second_won_pct': 0.713}","{'first_in_pct': 0.09300000000000001, 'first_won_pct': 0.505, 'second_won_pct': 0.7959999999999999}"
"2025 Dubai Tournament Results, Stats, and Analysis",HardDraw,32,C,2025-02-24,https://www.tennisabstract.com/cgi-bin/tourney.cgi?t=2025-0495%2FMallorca,R32,Quentin Halys,Andrey Rublev,77,9,3-6 6-4 7-6(5),,0.93,"{'ace_pct': 0.009300000000000001, 'first_in_pct': 0.184, 'first_won_pct': 0.551, 'second_won_pct': 0.7959999999999999}","{'first_in_pct': 0.055, 'first_won_pct': 0.593, 'second_won_pct': 0.815}"
"2025 Dubai Tournament Results, Stats, and Analysis",HardDraw,32,C,2025-02-24,https://www.tennisabstract.com/cgi-bin/tourney.cgi?t=2025-0495%2FMallorca,R32,Nuno Borges,Arthur Fils,38,19,6-2 6-1,,1.93,"{'ace_pct': 0.019299999999999998, 'first_in_pct': 0.091, 'first_won_pct': 0.659, 'second_won_pct': 0.759}","{'first_in_pct': 0.035, 'first_won_pct': 0.561, 'second_won_pct': 0.594}"
"2025 Dubai Tournament Results, Stats, and Analysis",HardDraw,32,C,2025-02-24,https://www.tennisabstract.com/cgi-bin/tourney.cgi?t=2025-0495%2FMallorca,R32,Felix Auger Aliassime,Alexander Bublik,21,51,7-6(7) 6-7(4) 6-3,,1.24,"{'ace_pct': 0.0124, 'first_in_pct': 0.071, 'first_won_pct': 0.7170000000000001, 'second_won_pct': 0.765}","{'first_in_pct': 0.127, 'first_won_pct': 0.627, 'second_won_pct': 0.6579999999999999}"
"2025 Dubai Tournament Results, Stats, and Analysis",HardDraw,32,C,2025-02-24,https://www.tennisabstract.com/cgi-bin/tourney.cgi?t=2025-0495%2FMallorca,R32,Alexei Popyrin,Hady Habib,27,168,6-2 6-4,,2.16,"{'ace_pct': 0.0216, 'first_in_pct': 0.17800000000000002, 'first_won_pct': 0.667, 'second_won_pct': 0.9329999999999999}","{'first_in_pct': 0.17300000000000001, 'first_won_pct': 0.519, 'second_won_pct': 0.741}"
"2025 Dubai Tournament Results, Stats, and Analysis",HardDraw,32,C,2025-02-24,https://www.tennisabstract.com/cgi-bin/tourney.cgi?t=2025-0495%2FMallorca,R32,Marin Cilic,Alex De Minaur,187,8,6-2 3-6 6-3,,1.18,"{'ace_pct': 0.0118, 'first_in_pct': 0.033, 'first_won_pct': 0.6, 'second_won_pct': 0.685}","{'first_in_pct': 0.027000000000000003, 'first_won_pct': 0.486, 'second_won_pct': 0.667}"
"2025 Delray Beach Tournament Results, Stats, and Analysis",HardDraw,28,C,2025-02-10,https://www.tennisabstract.com/cgi-bin/tourney.cgi?t=2025-0499%2FMontpellier,F,Miomir Kecmanovic,Alejandro Davidovich Fokina,56,60,3-6 6-1 7-5,,1.2,"{'ace_pct': 0.012, 'first_in_pct': 0.091, 'first_won_pct': 0.67, 'second_won_pct': 0.6779999999999999}","{'first_in_pct': 0.012, 'first_won_pct': 0.647, 'second_won_pct': 0.618}"
"2025 Delray Beach Tournament Results, Stats, and Analysis",HardDraw,28,C,2025-02-10,https://www.tennisabstract.com/cgi-bin/tourney.cgi?t=2025-0499%2FMontpellier,SF,Alejandro Davidovich Fokina,Matteo Arnaldi,60,38,6-4 6-4,,1.13,"{'ace_pct': 0.0113, 'first_in_pct': 0.015, 'first_won_pct': 0.621, 'second_won_pct': 0.6829999999999999}","{'first_in_pct': 0.063, 'first_won_pct': 0.49200000000000005, 'second_won_pct': 0.645}"
"2025 Delray Beach Tournament Results, Stats, and Analysis",HardDraw,28,C,2025-02-10,https://www.tennisabstract.com/cgi-bin/tourney.cgi?t=2025-0499%2FMontpellier,SF,Miomir Kecmanovic,Alex Michelsen,56,37,7-6(3) 6-3,,1.12,"{'ace_pct': 0.011200000000000002, 'first_in_pct': 0.08, 'first_won_pct': 0.627, 'second_won_pct': 0.723}","{'first_in_pct': 0.016, 'first_won_pct': 0.629, 'second_won_pct': 0.6409999999999999}"
"2025 Delray Beach Tournament Results, Stats, and Analysis",HardDraw,28,C,2025-02-10,https://www.tennisabstract.com/cgi-bin/tourney.cgi?t=2025-0499%2FMontpellier,QF,Alejandro Davidovich Fokina,Taylor Fritz,60,4,7-6(4) 7-6(5),,0.98,"{'ace_pct': 0.0098, 'first_in_pct': 0.022000000000000002, 'first_won_pct': 0.769, 'second_won_pct': 0.6709999999999999}","{'first_in_pct': 0.16899999999999998, 'first_won_pct': 0.636, 'second_won_pct': 0.6940000000000001}"
"2025 Delray Beach Tournament Results, Stats, and Analysis",HardDraw,28,C,2025-02-10,https://www.tennisabstract.com/cgi-bin/tourney.cgi?t=2025-0499%2FMontpellier,QF,Matteo Arnaldi,Brandon Nakashima,38,43,7-6(2) 6-4,,1.76,"{'ace_pct': 0.0176, 'first_in_pct': 0.133, 'first_won_pct': 0.5670000000000001, 'second_won_pct': 0.794}","{'first_in_pct': 0.07400000000000001, 'first_won_pct': 0.691, 'second_won_pct': 0.7020000000000001}"
"2025 Delray Beach Tournament Results, Stats, and Analysis",HardDraw,28,C,2025-02-10,https://www.tennisabstract.com/cgi-bin/tourney.cgi?t=2025-0499%2FMontpellier,QF,Alex Michelsen,Cameron Norrie,37,61,7-6(3) 7-5,,1.24,"{'ace_pct': 0.0124, 'first_in_pct': 0.13, 'first_won_pct': 0.667, 'second_won_pct': 0.804}","{'first_in_pct': 0.057999999999999996, 'first_won_pct': 0.536, 'second_won_pct': 0.784}"
"2025 Delray Beach Tournament Results, Stats, and Analysis",HardDraw,28,C,2025-02-10,https://www.tennisabstract.com/cgi-bin/tourney.cgi?t=2025-0499%2FMontpellier,QF,Miomir Kecmanovic,Marcos Giron,56,49,2-6 6-4 6-2,,1.21,"{'ace_pct': 0.0121, 'first_in_pct': 0.17600000000000002, 'first_won_pct': 0.647, 'second_won_pct': 0.818}","{'first_in_pct': 0.156, 'first_won_pct': 0.727, 'second_won_pct': 0.7140000000000001}"
"2025 Delray Beach Tournament Results, Stats, and Analysis",HardDraw,28,C,2025-02-10,https://www.tennisabstract.com/cgi-bin/tourney.cgi?t=2025-0499%2FMontpellier,R16,Taylor Fritz,Bu Yunchaokete,4,69,7-6(4) 6-2,,1.84,"{'ace_pct': 0.0184, 'first_in_pct': 0.295, 'first_won_pct': 0.6559999999999999, 'second_won_pct': 0.85}","{'first_in_pct': 0.083, 'first_won_pct': 0.722, 'second_won_pct': 0.7120000000000001}"
"2025 Delray Beach Tournament Results, Stats, and Analysis",HardDraw,28,C,2025-02-10,https://www.tennisabstract.com/cgi-bin/tourney.cgi?t=2025-0499%2FMontpellier,R16,Alejandro Davidovich Fokina,Mackenzie Mcdonald,60,123,6-2 5-7 6-0,,1.17,"{'ace_pct': 0.011699999999999999, 'first_in_pct': 0.078, 'first_won_pct': 0.765, 'second_won_pct': 0.628}","{'first_in_pct': 0.034, 'first_won_pct': 0.64, 'second_won_pct': 0.544}"
"2025 Delray Beach Tournament Results, Stats, and Analysis",HardDraw,28,C,2025-02-10,https://www.tennisabstract.com/cgi-bin/tourney.cgi?t=2025-0499%2FMontpellier,R16,Matteo Arnaldi,Learner Tien,38,82,7-6(4) 4-6 7-6(1),,1.01,"{'ace_pct': 0.0101, 'first_in_pct': 0.20199999999999999, 'first_won_pct': 0.647, 'second_won_pct': 0.779}","{'first_in_pct': 0.027999999999999997, 'first_won_pct': 0.716, 'second_won_pct': 0.667}"
"2025 Delray Beach Tournament Results, Stats, and Analysis",HardDraw,28,C,2025-02-10,https://www.tennisabstract.com/cgi-bin/tourney.cgi?t=2025-0499%2FMontpellier,R16,Brandon Nakashima,Reilly Opelka,43,121,3-6 7-5 6-2,,2.2,"{'ace_pct': 0.022000000000000002, 'first_in_pct': 0.212, 'first_won_pct': 0.682, 'second_won_pct': 0.8440000000000001}","{'first_in_pct': 0.162, 'first_won_pct': 0.552, 'second_won_pct': 0.7240000000000001}"
"2025 Delray Beach Tournament Results, Stats, and Analysis",HardDraw,28,C,2025-02-10,https://www.tennisabstract.com/cgi-bin/tourney.cgi?t=2025-0499%2FMontpellier,R16,Cameron Norrie,Arthur Rinderknech,61,65,7-6(9) 6-2,,1.52,"{'ace_pct': 0.0152, 'first_in_pct': 0.09699999999999999, 'first_won_pct': 0.597, 'second_won_pct': 0.784}","{'first_in_pct': 0.147, 'first_won_pct': 0.537, 'second_won_pct': 0.804}"
"2025 Delray Beach Tournament Results, Stats, and Analysis",HardDraw,28,C,2025-02-10,https://www.tennisabstract.com/cgi-bin/tourney.cgi?t=2025-0499%2FMontpellier,R16,Alex Michelsen,Michael Mmoh,37,328,6-7(8) 3-0 RET,,1.21,"{'ace_pct': 0.0121, 'first_in_pct': 0.098, 'first_won_pct': 0.639, 'second_won_pct': 0.769}","{'first_in_pct': 0.10099999999999999, 'first_won_pct': 0.7390000000000001, 'second_won_pct': 0.588}"
"2025 Delray Beach Tournament Results, Stats, and Analysis",HardDraw,28,C,2025-02-10,https://www.tennisabstract.com/cgi-bin/tourney.cgi?t=2025-0499%2FMontpellier,R16,Miomir Kecmanovic,Yoshihito Nishioka,56,63,W/O,,,"{'ace_pct': None, 'first_in_pct': None, 'first_won_pct': None, 'second_won_pct': None}","{'first_in_pct': None, 'first_won_pct': None, 'second_won_pct': None}"
"2025 Delray Beach Tournament Results, Stats, and Analysis",HardDraw,28,C,2025-02-10,https://www.tennisabstract.com/cgi-bin/tourney.cgi?t=2025-0499%2FMontpellier,R16,Marcos Giron,Ethan Quinn,49,150,6-3 6-4,,2.17,"{'ace_pct': 0.0217, 'first_in_pct': 0.045, 'first_won_pct': 0.545, 'second_won_pct': 0.958}","{'first_in_pct': 0.121, 'first_won_pct': 0.652, 'second_won_pct': 0.7440000000000001}"
"2025 Delray Beach Tournament Results, Stats, and Analysis",HardDraw,28,C,2025-02-10,https://www.tennisabstract.com/cgi-bin/tourney.cgi?t=2025-0499%2FMontpellier,R32,Bu Yunchaokete,Rinky Hijikata,69,72,6-2 6-0,,2.63,"{'ace_pct': 0.0263, 'first_in_pct': 0.111, 'first_won_pct': 0.528, 'second_won_pct': 0.8420000000000001}","{'first_in_pct': 0.042, 'first_won_pct': 0.604, 'second_won_pct': 0.44799999999999995}"
"2025 Delray Beach Tournament Results, Stats, and Analysis",HardDraw,28,C,2025-02-10,https://www.tennisabstract.com/cgi-bin/tourney.cgi?t=2025-0499%2FMontpellier,R32,Mackenzie Mcdonald,Kei Nishikori,123,71,7-6(4) 4-6 7-5,,1.09,"{'ace_pct': 0.0109, 'first_in_pct': 0.036000000000000004, 'first_won_pct': 0.7120000000000001, 'second_won_pct': 0.7090000000000001}","{'first_in_pct': 0.039, 'first_won_pct': 0.598, 'second_won_pct': 0.672}"
"2025 Delray Beach Tournament Results, Stats, and Analysis",HardDraw,28,C,2025-02-10,https://www.tennisabstract.com/cgi-bin/tourney.cgi?t=2025-0499%2FMontpellier,R32,Alejandro Davidovich Fokina,Taro Daniel,60,119,6-2 7-6(2),,1.34,"{'ace_pct': 0.0134, 'first_in_pct': 0.121, 'first_won_pct': 0.6970000000000001, 'second_won_pct': 0.7390000000000001}","{'first_in_pct': 0.034, 'first_won_pct': 0.7070000000000001, 'second_won_pct': 0.6829999999999999}"
"2025 Delray Beach Tournament Results, Stats, and Analysis",HardDraw,28,C,2025-02-10,https://www.tennisabstract.com/cgi-bin/tourney.cgi?t=2025-0499%2FMontpellier,R32,Learner Tien,Adam Walton,82,89,6-4 6-3,,1.12,"{'ace_pct': 0.011200000000000002, 'first_in_pct': 0.077, 'first_won_pct': 0.615, 'second_won_pct': 0.675}","{'first_in_pct': 0.071, 'first_won_pct': 0.607, 'second_won_pct': 0.6759999999999999}"
"2025 Delray Beach Tournament Results, Stats, and Analysis",HardDraw,28,C,2025-02-10,https://www.tennisabstract.com/cgi-bin/tourney.cgi?t=2025-0499%2FMontpellier,R32,Reilly Opelka,Christopher Eubanks,121,104,6-3 7-6(7),,1.21,"{'ace_pct': 0.0121, 'first_in_pct': 0.19399999999999998, 'first_won_pct': 0.642, 'second_won_pct': 0.8140000000000001}","{'first_in_pct': 0.051, 'first_won_pct': 0.6779999999999999, 'second_won_pct': 0.725}"
"2025 Delray Beach Tournament Results, Stats, and Analysis",HardDraw,28,C,2025-02-10,https://www.tennisabstract.com/cgi-bin/tourney.cgi?t=2025-0499%2FMontpellier,R32,Brandon Nakashima,James Trotter,43,182,7-6(2) 6-1,,2.16,"{'ace_pct': 0.0216, 'first_in_pct': 0.08800000000000001, 'first_won_pct': 0.667, 'second_won_pct': 0.868}","{'first_in_pct': 0.051, 'first_won_pct': 0.608, 'second_won_pct': 0.583}"
"2025 Delray Beach Tournament Results, Stats, and Analysis",HardDraw,28,C,2025-02-10,https://www.tennisabstract.com/cgi-bin/tourney.cgi?t=2025-0499%2FMontpellier,R32,Arthur Rinderknech,Dmitry Popko,65,208,6-2 6-4,,1.58,"{'ace_pct': 0.0158, 'first_in_pct': 0.055999999999999994, 'first_won_pct': 0.7040000000000001, 'second_won_pct': 0.763}","{'first_in_pct': 0.031, 'first_won_pct': 0.469, 'second_won_pct': 0.667}"
"2025 Delray Beach Tournament Results, Stats, and Analysis",HardDraw,28,C,2025-02-10,https://www.tennisabstract.com/cgi-bin/tourney.cgi?t=2025-0499%2FMontpellier,R32,Cameron Norrie,Zachary Svajda,61,169,7-5 6-4,,1.21,"{'ace_pct': 0.0121, 'first_in_pct': 0.085, 'first_won_pct': 0.644, 'second_won_pct': 0.711}","{'first_in_pct': 0.046, 'first_won_pct': 0.708, 'second_won_pct': 0.63}"
"2025 Delray Beach Tournament Results, Stats, and Analysis",HardDraw,28,C,2025-02-10,https://www.tennisabstract.com/cgi-bin/tourney.cgi?t=2025-0499%2FMontpellier,R32,Michael Mmoh,Alexander Shevchenko,328,88,7-5 7-6(5),,1.11,"{'ace_pct': 0.0111, 'first_in_pct': 0.063, 'first_won_pct': 0.688, 'second_won_pct': 0.6729999999999999}","{'first_in_pct': 0.038, 'first_won_pct': 0.532, 'second_won_pct': 0.7859999999999999}"
"2025 Delray Beach Tournament Results, Stats, and Analysis",HardDraw,28,C,2025-02-10,https://www.tennisabstract.com/cgi-bin/tourney.cgi?t=2025-0499%2FMontpellier,R32,Miomir Kecmanovic,Borna Gojo,56,414,6-4 6-4,,1.38,"{'ace_pct': 0.0138, 'first_in_pct': 0.059000000000000004, 'first_won_pct': 0.725, 'second_won_pct': 0.865}","{'first_in_pct': 0.19, 'first_won_pct': 0.672, 'second_won_pct': 0.6920000000000001}"
"2025 Delray Beach Tournament Results, Stats, and Analysis",HardDraw,28,C,2025-02-10,https://www.tennisabstract.com/cgi-bin/tourney.cgi?t=2025-0499%2FMontpellier,R32,Yoshihito Nishioka,Aleksandar Vukic,63,67,6-3 6-4,,1.14,"{'ace_pct': 0.011399999999999999, 'first_in_pct': 0.079, 'first_won_pct': 0.54, 'second_won_pct': 0.794}","{'first_in_pct': 0.184, 'first_won_pct': 0.531, 'second_won_pct': 0.731}"
"2025 Delray Beach Tournament Results, Stats, and Analysis",HardDraw,28,C,2025-02-10,https://www.tennisabstract.com/cgi-bin/tourney.cgi?t=2025-0499%2FMontpellier,R32,Ethan Quinn,Tristan Boyer,150,113,6-2 6-7(5) 7-6(2),,1.14,"{'ace_pct': 0.011399999999999999, 'first_in_pct': 0.047, 'first_won_pct': 0.633, 'second_won_pct': 0.778}","{'first_in_pct': 0.033, 'first_won_pct': 0.675, 'second_won_pct': 0.63}"
"2025 Halle Tournament Results, Stats, and Analysis",GrassDraw,32,C,2025-06-16,https://www.tennisabstract.com/cgi-bin/tourney.cgi?t=2025-0500%2FHalle,F,Alexander Bublik,Daniil Medvedev,45,11,6-3 7-6(4),,1.43,"{'ace_pct': 0.0143, 'first_in_pct': 0.159, 'first_won_pct': 0.696, 'second_won_pct': 0.792}","{'first_in_pct': 0.162, 'first_won_pct': 0.647, 'second_won_pct': 0.727}"
"2025 Halle Tournament Results, Stats, and Analysis",GrassDraw,32,C,2025-06-16,https://www.tennisabstract.com/cgi-bin/tourney.cgi?t=2025-0500%2FHalle,SF,Alexander Bublik,Karen Khachanov,45,22,4-6 7-6(5) 6-4,,0.89,"{'ace_pct': 0.0089, 'first_in_pct': 0.19, 'first_won_pct': 0.65, 'second_won_pct': 0.831}","{'first_in_pct': 0.156, 'first_won_pct': 0.698, 'second_won_pct': 0.821}"
"2025 Halle Tournament Results, Stats, and Analysis",GrassDraw,32,C,2025-06-16,https://www.tennisabstract.com/cgi-bin/tourney.cgi?t=2025-0500%2FHalle,SF,Daniil Medvedev,Alexander Zverev,11,3,7-6(3) 6-7(1) 6-4,,0.95,"{'ace_pct': 0.0095, 'first_in_pct': 0.14400000000000002, 'first_won_pct': 0.6859999999999999, 'second_won_pct': 0.753}","{'first_in_pct': 0.063, 'first_won_pct': 0.759, 'second_won_pct': 0.741}"
"2025 Halle Tournament Results, Stats, and Analysis",GrassDraw,32,C,2025-06-16,https://www.tennisabstract.com/cgi-bin/tourney.cgi?t=2025-0500%2FHalle,QF,Alexander Bublik,Tomas Machac,45,23,7-6(2) 6-3,,1.44,"{'ace_pct': 0.0144, 'first_in_pct': 0.275, 'first_won_pct': 0.725, 'second_won_pct': 0.78}","{'first_in_pct': 0.069, 'first_won_pct': 0.611, 'second_won_pct': 0.682}"
"2025 Halle Tournament Results, Stats, and Analysis",GrassDraw,32,C,2025-06-16,https://www.tennisabstract.com/cgi-bin/tourney.cgi?t=2025-0500%2FHalle,QF,Karen Khachanov,Tomas Martin Etcheverry,22,63,6-3 6-2,,2.36,"{'ace_pct': 0.0236, 'first_in_pct': 0.136, 'first_won_pct': 0.568, 'second_won_pct': 0.92}","{'first_in_pct': 0.040999999999999995, 'first_won_pct': 0.5920000000000001, 'second_won_pct': 0.69}"
"2025 Halle Tournament Results, Stats, and Analysis",GrassDraw,32,C,2025-06-16,https://www.tennisabstract.com/cgi-bin/tourney.cgi?t=2025-0500%2FHalle,QF,Daniil Medvedev,Alex Michelsen,11,33,6-4 6-3,,1.11,"{'ace_pct': 0.0111, 'first_in_pct': 0.10800000000000001, 'first_won_pct': 0.662, 'second_won_pct': 0.7440000000000001}","{'first_in_pct': 0.018000000000000002, 'first_won_pct': 0.589, 'second_won_pct': 0.727}"
"2025 Halle Tournament Results, Stats, and Analysis",GrassDraw,32,C,2025-06-16,https://www.tennisabstract.com/cgi-bin/tourney.cgi?t=2025-0500%2FHalle,QF,Alexander Zverev,Flavio Cobolli,3,24,6-4 7-6(6),,1.2,"{'ace_pct': 0.012, 'first_in_pct': 0.055999999999999994, 'first_won_pct': 0.8029999999999999, 'second_won_pct': 0.807}","{'first_in_pct': 0.087, 'first_won_pct': 0.696, 'second_won_pct': 0.7290000000000001}"
"2025 Halle Tournament Results, Stats, and Analysis",GrassDraw,32,C,2025-06-16,https://www.tennisabstract.com/cgi-bin/tourney.cgi?t=2025-0500%2FHalle,R16,Alexander Bublik,Jannik Sinner,45,,3-6 6-3 6-4,,1.06,"{'ace_pct': 0.0106, 'first_in_pct': 0.163, 'first_won_pct': 0.6409999999999999, 'second_won_pct': 0.78}","{'first_in_pct': 0.067, 'first_won_pct': 0.633, 'second_won_pct': 0.772}"
"2025 Halle Tournament Results, Stats, and Analysis",GrassDraw,32,C,2025-06-16,https://www.tennisabstract.com/cgi-bin/tourney.cgi?t=2025-0500%2FHalle,R16,Tomas Machac,Fabian Marozsan,23,58,6-2 6-3,,2.25,"{'ace_pct': 0.0225, 'first_in_pct': 0.077, 'first_won_pct': 0.48700000000000004, 'second_won_pct': 0.8420000000000001}","{'first_in_pct': 0.057999999999999996, 'first_won_pct': 0.6920000000000001, 'second_won_pct': 0.556}"
"2025 Halle Tournament Results, Stats, and Analysis",GrassDraw,32,C,2025-06-16,https://www.tennisabstract.com/cgi-bin/tourney.cgi?t=2025-0500%2FHalle,R16,Tomas Martin Etcheverry,Andrey Rublev,63,14,6-3 6-7(4) 7-6(6),,1.15,"{'ace_pct': 0.0115, 'first_in_pct': 0.12, 'first_won_pct': 0.57, 'second_won_pct': 0.772}","{'first_in_pct': 0.122, 'first_won_pct': 0.496, 'second_won_pct': 0.787}"
"2025 Halle Tournament Results, Stats, and Analysis",GrassDraw,32,C,2025-06-16,https://www.tennisabstract.com/cgi-bin/tourney.cgi?t=2025-0500%2FHalle,R16,Karen Khachanov,Felix Auger Aliassime,22,27,6-3 1-6 6-3,,0.94,"{'ace_pct': 0.009399999999999999, 'first_in_pct': 0.059000000000000004, 'first_won_pct': 0.662, 'second_won_pct': 0.6890000000000001}","{'first_in_pct': 0.19, 'first_won_pct': 0.619, 'second_won_pct': 0.769}"
"2025 Halle Tournament Results, Stats, and Analysis",GrassDraw,32,C,2025-06-16,https://www.tennisabstract.com/cgi-bin/tourney.cgi?t=2025-0500%2FHalle,R16,Alex Michelsen,Stefanos Tsitsipas,33,25,7-6(5) 7-5,,1.3,"{'ace_pct': 0.013000000000000001, 'first_in_pct': 0.113, 'first_won_pct': 0.718, 'second_won_pct': 0.784}","{'first_in_pct': 0.08900000000000001, 'first_won_pct': 0.544, 'second_won_pct': 0.767}"
"2025 Halle Tournament Results, Stats, and Analysis",GrassDraw,32,C,2025-06-16,https://www.tennisabstract.com/cgi-bin/tourney.cgi?t=2025-0500%2FHalle,R16,Daniil Medvedev,Quentin Halys,11,48,6-2 7-5,,2.45,"{'ace_pct': 0.0245, 'first_in_pct': 0.204, 'first_won_pct': 0.653, 'second_won_pct': 0.9059999999999999}","{'first_in_pct': 0.067, 'first_won_pct': 0.6, 'second_won_pct': 0.75}"
"2025 Halle Tournament Results, Stats, and Analysis",GrassDraw,32,C,2025-06-16,https://www.tennisabstract.com/cgi-bin/tourney.cgi?t=2025-0500%2FHalle,R16,Flavio Cobolli,Denis Shapovalov,24,31,7-6(2) 4-6 7-6(5),,1.07,"{'ace_pct': 0.010700000000000001, 'first_in_pct': 0.026000000000000002, 'first_won_pct': 0.596, 'second_won_pct': 0.706}","{'first_in_pct': 0.07200000000000001, 'first_won_pct': 0.586, 'second_won_pct': 0.585}"
"2025 Halle Tournament Results, Stats, and Analysis",GrassDraw,32,C,2025-06-16,https://www.tennisabstract.com/cgi-bin/tourney.cgi?t=2025-0500%2FHalle,R16,Alexander Zverev,Lorenzo Sonego,3,46,3-6 6-4 7-6(2),,1.62,"{'ace_pct': 0.016200000000000003, 'first_in_pct': 0.122, 'first_won_pct': 0.902, 'second_won_pct': 0.8240000000000001}","{'first_in_pct': 0.048, 'first_won_pct': 0.76, 'second_won_pct': 0.7090000000000001}"
"2025 Halle Tournament Results, Stats, and Analysis",GrassDraw,32,C,2025-06-16,https://www.tennisabstract.com/cgi-bin/tourney.cgi?t=2025-0500%2FHalle,R32,Jannik Sinner,Yannick Hanfmann,,138,7-5 6-3,,1.41,"{'ace_pct': 0.0141, 'first_in_pct': 0.161, 'first_won_pct': 0.71, 'second_won_pct': 0.841}","{'first_in_pct': 0.061, 'first_won_pct': 0.682, 'second_won_pct': 0.6890000000000001}"
"2025 Halle Tournament Results, Stats, and Analysis",GrassDraw,32,C,2025-06-16,https://www.tennisabstract.com/cgi-bin/tourney.cgi?t=2025-0500%2FHalle,R32,Alexander Bublik,Alexandre Muller,45,40,6-4 6-4,,1.94,"{'ace_pct': 0.0194, 'first_in_pct': 0.245, 'first_won_pct': 0.5710000000000001, 'second_won_pct': 0.893}","{'first_in_pct': 0.102, 'first_won_pct': 0.695, 'second_won_pct': 0.7070000000000001}"
"2025 Halle Tournament Results, Stats, and Analysis",GrassDraw,32,C,2025-06-16,https://www.tennisabstract.com/cgi-bin/tourney.cgi?t=2025-0500%2FHalle,R32,Fabian Marozsan,Miomir Kecmanovic,58,47,6-7(3) 6-4 6-4,,1.21,"{'ace_pct': 0.0121, 'first_in_pct': 0.073, 'first_won_pct': 0.642, 'second_won_pct': 0.8}","{'first_in_pct': 0.040999999999999995, 'first_won_pct': 0.6779999999999999, 'second_won_pct': 0.7070000000000001}"
"2025 Halle Tournament Results, Stats, and Analysis",GrassDraw,32,C,2025-06-16,https://www.tennisabstract.com/cgi-bin/tourney.cgi?t=2025-0500%2FHalle,R32,Tomas Machac,Jesper De Jong,23,93,7-5 3-6 6-3,,1.08,"{'ace_pct': 0.0108, 'first_in_pct': 0.129, 'first_won_pct': 0.591, 'second_won_pct': 0.745}","{'first_in_pct': 0.10099999999999999, 'first_won_pct': 0.551, 'second_won_pct': 0.653}"
"2025 Halle Tournament Results, Stats, and Analysis",GrassDraw,32,C,2025-06-16,https://www.tennisabstract.com/cgi-bin/tourney.cgi?t=2025-0500%2FHalle,R32,Andrey Rublev,Sebastian Ofner,14,122,6-3 6-4,,2.41,"{'ace_pct': 0.0241, 'first_in_pct': 0.213, 'first_won_pct': 0.66, 'second_won_pct': 1.0}","{'first_in_pct': 0.151, 'first_won_pct': 0.47200000000000003, 'second_won_pct': 0.76}"
"2025 Halle Tournament Results, Stats, and Analysis",GrassDraw,32,C,2025-06-16,https://www.tennisabstract.com/cgi-bin/tourney.cgi?t=2025-0500%2FHalle,R32,Tomas Martin Etcheverry,Pedro Martinez,63,54,6-1 6-3,,2.5,"{'ace_pct': 0.025, 'first_in_pct': 0.225, 'first_won_pct': 0.725, 'second_won_pct': 0.7929999999999999}","{'first_in_pct': 0.016, 'first_won_pct': 0.565, 'second_won_pct': 0.7140000000000001}"
"2025 Halle Tournament Results, Stats, and Analysis",GrassDraw,32,C,2025-06-16,https://www.tennisabstract.com/cgi-bin/tourney.cgi?t=2025-0500%2FHalle,R32,Felix Auger Aliassime,Laslo Djere,27,65,6-3 6-7(6) 6-1,,1.31,"{'ace_pct': 0.0131, 'first_in_pct': 0.185, 'first_won_pct': 0.728, 'second_won_pct': 0.8809999999999999}","{'first_in_pct': 0.038, 'first_won_pct': 0.6459999999999999, 'second_won_pct': 0.725}"
"2025 Halle Tournament Results, Stats, and Analysis",GrassDraw,32,C,2025-06-16,https://www.tennisabstract.com/cgi-bin/tourney.cgi?t=2025-0500%2FHalle,R32,Karen Khachanov,Zizou Bergs,22,49,7-5 6-3,,1.56,"{'ace_pct': 0.015600000000000001, 'first_in_pct': 0.055, 'first_won_pct': 0.636, 'second_won_pct': 0.7709999999999999}","{'first_in_pct': 0.077, 'first_won_pct': 0.5, 'second_won_pct': 0.6920000000000001}"
"2025 Halle Tournament Results, Stats, and Analysis",GrassDraw,32,C,2025-06-16,https://www.tennisabstract.com/cgi-bin/tourney.cgi?t=2025-0500%2FHalle,R32,Alex Michelsen,Francisco Cerundolo,33,18,2-6 7-5 6-4,,1.08,"{'ace_pct': 0.0108, 'first_in_pct': 0.037000000000000005, 'first_won_pct': 0.7070000000000001, 'second_won_pct': 0.759}","{'first_in_pct': 0.063, 'first_won_pct': 0.594, 'second_won_pct': 0.737}"
"2025 Halle Tournament Results, Stats, and Analysis",GrassDraw,32,C,2025-06-16,https://www.tennisabstract.com/cgi-bin/tourney.cgi?t=2025-0500%2FHalle,R32,Stefanos Tsitsipas,Luciano Darderi,25,56,6-4 3-6 7-6(5),,0.76,"{'ace_pct': 0.0076, 'first_in_pct': 0.11599999999999999, 'first_won_pct': 0.653, 'second_won_pct': 0.742}","{'first_in_pct': 0.105, 'first_won_pct': 0.698, 'second_won_pct': 0.8170000000000001}"
"2025 Halle Tournament Results, Stats, and Analysis",GrassDraw,32,C,2025-06-16,https://www.tennisabstract.com/cgi-bin/tourney.cgi?t=2025-0500%2FHalle,R32,Quentin Halys,Benjamin Bonzi,48,62,6-4 6-4,,1.76,"{'ace_pct': 0.0176, 'first_in_pct': 0.36, 'first_won_pct': 0.6, 'second_won_pct': 0.9}","{'first_in_pct': 0.036000000000000004, 'first_won_pct': 0.735, 'second_won_pct': 0.541}"
"2025 Halle Tournament Results, Stats, and Analysis",GrassDraw,32,C,2025-06-16,https://www.tennisabstract.com/cgi-bin/tourney.cgi?t=2025-0500%2FHalle,R32,Daniil Medvedev,Daniel Altmaier,11,52,6-3 6-3,,1.15,"{'ace_pct': 0.0115, 'first_in_pct': 0.12300000000000001, 'first_won_pct': 0.7190000000000001, 'second_won_pct': 0.7070000000000001}","{'first_in_pct': 0.106, 'first_won_pct': 0.66, 'second_won_pct': 0.774}"
"2025 Halle Tournament Results, Stats, and Analysis",GrassDraw,32,C,2025-06-16,https://www.tennisabstract.com/cgi-bin/tourney.cgi?t=2025-0500%2FHalle,R32,Denis Shapovalov,Ugo Humbert,31,20,6-4 4-6 7-6(4),,0.87,"{'ace_pct': 0.0087, 'first_in_pct': 0.075, 'first_won_pct': 0.557, 'second_won_pct': 0.6609999999999999}","{'first_in_pct': 0.105, 'first_won_pct': 0.684, 'second_won_pct': 0.769}"
"2025 Halle Tournament Results, Stats, and Analysis",GrassDraw,32,C,2025-06-16,https://www.tennisabstract.com/cgi-bin/tourney.cgi?t=2025-0500%2FHalle,R32,Flavio Cobolli,Joao Fonseca,24,57,5-7 7-6(3) 7-6(8),,0.87,"{'ace_pct': 0.0087, 'first_in_pct': 0.08, 'first_won_pct': 0.601, 'second_won_pct': 0.711}","{'first_in_pct': 0.075, 'first_won_pct': 0.6829999999999999, 'second_won_pct': 0.78}"
"2025 Halle Tournament Results, Stats, and Analysis",GrassDraw,32,C,2025-06-16,https://www.tennisabstract.com/cgi-bin/tourney.cgi?t=2025-0500%2FHalle,R32,Lorenzo Sonego,Jan Lennard Struff,46,103,6-3 6-2,,1.9,"{'ace_pct': 0.019, 'first_in_pct': 0.083, 'first_won_pct': 0.75, 'second_won_pct': 0.833}","{'first_in_pct': 0.09300000000000001, 'first_won_pct': 0.674, 'second_won_pct': 0.621}"
"2025 Halle Tournament Results, Stats, and Analysis",GrassDraw,32,C,2025-06-16,https://www.tennisabstract.com/cgi-bin/tourney.cgi?t=2025-0500%2FHalle,R32,Alexander Zverev,Marcos Giron,3,43,6-2 6-1,,2.3,"{'ace_pct': 0.023, 'first_in_pct': 0.22699999999999998, 'first_won_pct': 0.773, 'second_won_pct': 0.8240000000000001}","{'first_in_pct': 0.031, 'first_won_pct': 0.5539999999999999, 'second_won_pct': 0.583}"
"2025 Buenos Aires Tournament Results, Stats, and Analysis",ClayDraw,28,C,2025-02-10,https://www.tennisabstract.com/cgi-bin/tourney.cgi?t=2025-0506%2FCordoba,F,Joao Fonseca,Francisco Cerundolo,99,28,6-4 7-6(1),,1.14,"{'ace_pct': 0.011399999999999999, 'first_in_pct': 0.053, 'first_won_pct': 0.64, 'second_won_pct': 0.7290000000000001}","{'first_in_pct': 0.044000000000000004, 'first_won_pct': 0.632, 'second_won_pct': 0.535}"
"2025 Buenos Aires Tournament Results, Stats, and Analysis",ClayDraw,28,C,2025-02-10,https://www.tennisabstract.com/cgi-bin/tourney.cgi?t=2025-0506%2FCordoba,SF,Francisco Cerundolo,Pedro Martinez,28,41,6-2 6-4,,1.29,"{'ace_pct': 0.0129, 'first_in_pct': 0.12300000000000001, 'first_won_pct': 0.708, 'second_won_pct': 0.7170000000000001}","{'first_in_pct': 0.0, 'first_won_pct': 0.733, 'second_won_pct': 0.568}"
"2025 Buenos Aires Tournament Results, Stats, and Analysis",ClayDraw,28,C,2025-02-10,https://www.tennisabstract.com/cgi-bin/tourney.cgi?t=2025-0506%2FCordoba,SF,Joao Fonseca,Laslo Djere,99,112,7-6(3) 5-7 6-1,,1.29,"{'ace_pct': 0.0129, 'first_in_pct': 0.086, 'first_won_pct': 0.71, 'second_won_pct': 0.773}","{'first_in_pct': 0.019, 'first_won_pct': 0.57, 'second_won_pct': 0.721}"
"2025 Buenos Aires Tournament Results, Stats, and Analysis",ClayDraw,28,C,2025-02-10,https://www.tennisabstract.com/cgi-bin/tourney.cgi?t=2025-0506%2FCordoba,QF,Francisco Cerundolo,Alexander Zverev,28,2,3-6 6-3 6-2,,1.13,"{'ace_pct': 0.0113, 'first_in_pct': 0.023, 'first_won_pct': 0.713, 'second_won_pct': 0.645}","{'first_in_pct': 0.061, 'first_won_pct': 0.72, 'second_won_pct': 0.6779999999999999}"
"2025 Buenos Aires Tournament Results, Stats, and Analysis",ClayDraw,28,C,2025-02-10,https://www.tennisabstract.com/cgi-bin/tourney.cgi?t=2025-0506%2FCordoba,QF,Pedro Martinez,Lorenzo Musetti,41,16,W/O,,,"{'ace_pct': None, 'first_in_pct': None, 'first_won_pct': None, 'second_won_pct': None}","{'first_in_pct': None, 'first_won_pct': None, 'second_won_pct': None}"
"2025 Buenos Aires Tournament Results, Stats, and Analysis",ClayDraw,28,C,2025-02-10,https://www.tennisabstract.com/cgi-bin/tourney.cgi?t=2025-0506%2FCordoba,QF,Laslo Djere,Thiago Seyboth Wild,112,77,7-6(3) 6-3,,1.71,"{'ace_pct': 0.0171, 'first_in_pct': 0.111, 'first_won_pct': 0.6829999999999999, 'second_won_pct': 0.86}","{'first_in_pct': 0.044000000000000004, 'first_won_pct': 0.618, 'second_won_pct': 0.619}"
"2025 Buenos Aires Tournament Results, Stats, and Analysis",ClayDraw,28,C,2025-02-10,https://www.tennisabstract.com/cgi-bin/tourney.cgi?t=2025-0506%2FCordoba,QF,Joao Fonseca,Mariano Navone,99,47,3-6 6-4 7-5,,0.97,"{'ace_pct': 0.0097, 'first_in_pct': 0.091, 'first_won_pct': 0.664, 'second_won_pct': 0.603}","{'first_in_pct': 0.02, 'first_won_pct': 0.598, 'second_won_pct': 0.49200000000000005}"
"2025 Buenos Aires Tournament Results, Stats, and Analysis",ClayDraw,28,C,2025-02-10,https://www.tennisabstract.com/cgi-bin/tourney.cgi?t=2025-0506%2FCordoba,R16,Alexander Zverev,Dusan Lajovic,2,81,6-4 6-4,,1.36,"{'ace_pct': 0.013600000000000001, 'first_in_pct': 0.095, 'first_won_pct': 0.7140000000000001, 'second_won_pct': 0.8}","{'first_in_pct': 0.049, 'first_won_pct': 0.753, 'second_won_pct': 0.639}"
"2025 Buenos Aires Tournament Results, Stats, and Analysis",ClayDraw,28,C,2025-02-10,https://www.tennisabstract.com/cgi-bin/tourney.cgi?t=2025-0506%2FCordoba,R16,Francisco Cerundolo,Juan Manuel Cerundolo,28,139,6-2 6-3,,1.89,"{'ace_pct': 0.0189, 'first_in_pct': 0.037000000000000005, 'first_won_pct': 0.648, 'second_won_pct': 0.743}","{'first_in_pct': 0.018000000000000002, 'first_won_pct': 0.564, 'second_won_pct': 0.5479999999999999}"
"2025 Buenos Aires Tournament Results, Stats, and Analysis",ClayDraw,28,C,2025-02-10,https://www.tennisabstract.com/cgi-bin/tourney.cgi?t=2025-0506%2FCordoba,R16,Lorenzo Musetti,Corentin Moutet,16,66,6-2 6-3,,1.63,"{'ace_pct': 0.0163, 'first_in_pct': 0.035, 'first_won_pct': 0.684, 'second_won_pct': 0.7440000000000001}","{'first_in_pct': 0.0, 'first_won_pct': 0.696, 'second_won_pct': 0.594}"
"2025 Buenos Aires Tournament Results, Stats, and Analysis",ClayDraw,28,C,2025-02-10,https://www.tennisabstract.com/cgi-bin/tourney.cgi?t=2025-0506%2FCordoba,R16,Pedro Martinez,Diego Schwartzman,41,386,6-2 6-2,,1.72,"{'ace_pct': 0.0172, 'first_in_pct': 0.0, 'first_won_pct': 0.7759999999999999, 'second_won_pct': 0.711}","{'first_in_pct': 0.095, 'first_won_pct': 0.643, 'second_won_pct': 0.444}"
"2025 Buenos Aires Tournament Results, Stats, and Analysis",ClayDraw,28,C,2025-02-10,https://www.tennisabstract.com/cgi-bin/tourney.cgi?t=2025-0506%2FCordoba,R16,Thiago Seyboth Wild,Sebastian Baez,77,31,6-3 6-4,,1.33,"{'ace_pct': 0.013300000000000001, 'first_in_pct': 0.063, 'first_won_pct': 0.603, 'second_won_pct': 0.711}","{'first_in_pct': 0.019, 'first_won_pct': 0.75, 'second_won_pct': 0.6920000000000001}"
"2025 Buenos Aires Tournament Results, Stats, and Analysis",ClayDraw,28,C,2025-02-10,https://www.tennisabstract.com/cgi-bin/tourney.cgi?t=2025-0506%2FCordoba,R16,Laslo Djere,Alejandro Tabilo,112,27,2-6 6-1 7-6(2),,1.34,"{'ace_pct': 0.0134, 'first_in_pct': 0.09, 'first_won_pct': 0.615, 'second_won_pct': 0.75}","{'first_in_pct': 0.038, 'first_won_pct': 0.625, 'second_won_pct': 0.677}"
"2025 Buenos Aires Tournament Results, Stats, and Analysis",ClayDraw,28,C,2025-02-10,https://www.tennisabstract.com/cgi-bin/tourney.cgi?t=2025-0506%2FCordoba,R16,Joao Fonseca,Federico Coria,99,115,2-6 6-4 6-2,,1.03,"{'ace_pct': 0.0103, 'first_in_pct': 0.013000000000000001, 'first_won_pct': 0.6, 'second_won_pct': 0.688}","{'first_in_pct': 0.092, 'first_won_pct': 0.621, 'second_won_pct': 0.7040000000000001}"
"2025 Buenos Aires Tournament Results, Stats, and Analysis",ClayDraw,28,C,2025-02-10,https://www.tennisabstract.com/cgi-bin/tourney.cgi?t=2025-0506%2FCordoba,R16,Mariano Navone,Holger Rune,47,12,6-1 7-6(2),,1.56,"{'ace_pct': 0.015600000000000001, 'first_in_pct': 0.062, 'first_won_pct': 0.6459999999999999, 'second_won_pct': 0.762}","{'first_in_pct': 0.0, 'first_won_pct': 0.672, 'second_won_pct': 0.578}"
"2025 Buenos Aires Tournament Results, Stats, and Analysis",ClayDraw,28,C,2025-02-10,https://www.tennisabstract.com/cgi-bin/tourney.cgi?t=2025-0506%2FCordoba,R32,Dusan Lajovic,Roberto Carballes Baena,81,50,7-6(8) 7-5,,1.24,"{'ace_pct': 0.0124, 'first_in_pct': 0.086, 'first_won_pct': 0.5429999999999999, 'second_won_pct': 0.682}","{'first_in_pct': 0.07, 'first_won_pct': 0.5579999999999999, 'second_won_pct': 0.604}"
"2025 Buenos Aires Tournament Results, Stats, and Analysis",ClayDraw,28,C,2025-02-10,https://www.tennisabstract.com/cgi-bin/tourney.cgi?t=2025-0506%2FCordoba,R32,Juan Manuel Cerundolo,Roman Andres Burruchaga,139,141,7-6(4) 5-7 7-5,,1.08,"{'ace_pct': 0.0108, 'first_in_pct': 0.009000000000000001, 'first_won_pct': 0.611, 'second_won_pct': 0.652}","{'first_in_pct': 0.0, 'first_won_pct': 0.605, 'second_won_pct': 0.653}"
"2025 Buenos Aires Tournament Results, Stats, and Analysis",ClayDraw,28,C,2025-02-10,https://www.tennisabstract.com/cgi-bin/tourney.cgi?t=2025-0506%2FCordoba,R32,Francisco Cerundolo,Luciano Darderi,28,59,6-4 6-4,,1.17,"{'ace_pct': 0.011699999999999999, 'first_in_pct': 0.013999999999999999, 'first_won_pct': 0.71, 'second_won_pct': 0.653}","{'first_in_pct': 0.013999999999999999, 'first_won_pct': 0.662, 'second_won_pct': 0.596}"
"2025 Buenos Aires Tournament Results, Stats, and Analysis",ClayDraw,28,C,2025-02-10,https://www.tennisabstract.com/cgi-bin/tourney.cgi?t=2025-0506%2FCordoba,R32,Corentin Moutet,Sumit Nagal,66,129,7-5 6-2,,1.25,"{'ace_pct': 0.0125, 'first_in_pct': 0.057999999999999996, 'first_won_pct': 0.754, 'second_won_pct': 0.635}","{'first_in_pct': 0.013000000000000001, 'first_won_pct': 0.637, 'second_won_pct': 0.647}"
"2025 Buenos Aires Tournament Results, Stats, and Analysis",ClayDraw,28,C,2025-02-10,https://www.tennisabstract.com/cgi-bin/tourney.cgi?t=2025-0506%2FCordoba,R32,Pedro Martinez,Damir Dzumhur,41,90,0-6 6-2 7-6(3),,1.0,"{'ace_pct': 0.01, 'first_in_pct': 0.009000000000000001, 'first_won_pct': 0.75, 'second_won_pct': 0.56}","{'first_in_pct': 0.019, 'first_won_pct': 0.74, 'second_won_pct': 0.5710000000000001}"
"2025 Buenos Aires Tournament Results, Stats, and Analysis",ClayDraw,28,C,2025-02-10,https://www.tennisabstract.com/cgi-bin/tourney.cgi?t=2025-0506%2FCordoba,R32,Diego Schwartzman,Nicolas Jarry,386,40,7-6(10) 4-6 6-3,,0.89,"{'ace_pct': 0.0089, 'first_in_pct': 0.009000000000000001, 'first_won_pct': 0.667, 'second_won_pct': 0.6970000000000001}","{'first_in_pct': 0.102, 'first_won_pct': 0.622, 'second_won_pct': 0.77}"
"2025 Buenos Aires Tournament Results, Stats, and Analysis",ClayDraw,28,C,2025-02-10,https://www.tennisabstract.com/cgi-bin/tourney.cgi?t=2025-0506%2FCordoba,R32,Sebastian Baez,Camilo Ugo Carabelli,31,87,6-4 6-4,,1.08,"{'ace_pct': 0.0108, 'first_in_pct': 0.039, 'first_won_pct': 0.675, 'second_won_pct': 0.654}","{'first_in_pct': 0.016, 'first_won_pct': 0.688, 'second_won_pct': 0.682}"
"2025 Buenos Aires Tournament Results, Stats, and Analysis",ClayDraw,28,C,2025-02-10,https://www.tennisabstract.com/cgi-bin/tourney.cgi?t=2025-0506%2FCordoba,R32,Thiago Seyboth Wild,Facundo Diaz Acosta,77,75,3-6 6-2 6-3,,1.18,"{'ace_pct': 0.0118, 'first_in_pct': 0.052000000000000005, 'first_won_pct': 0.636, 'second_won_pct': 0.7140000000000001}","{'first_in_pct': 0.125, 'first_won_pct': 0.637, 'second_won_pct': 0.647}"
"2025 Buenos Aires Tournament Results, Stats, and Analysis",ClayDraw,28,C,2025-02-10,https://www.tennisabstract.com/cgi-bin/tourney.cgi?t=2025-0506%2FCordoba,R32,Laslo Djere,Alexandre Muller,112,58,6-3 6-3,,2.12,"{'ace_pct': 0.0212, 'first_in_pct': 0.174, 'first_won_pct': 0.609, 'second_won_pct': 0.9640000000000001}","{'first_in_pct': 0.038, 'first_won_pct': 0.642, 'second_won_pct': 0.6759999999999999}"
"2025 Buenos Aires Tournament Results, Stats, and Analysis",ClayDraw,28,C,2025-02-10,https://www.tennisabstract.com/cgi-bin/tourney.cgi?t=2025-0506%2FCordoba,R32,Joao Fonseca,Tomas Martin Etcheverry,99,44,6-3 6-3,,1.33,"{'ace_pct': 0.013300000000000001, 'first_in_pct': 0.057999999999999996, 'first_won_pct': 0.6920000000000001, 'second_won_pct': 0.667}","{'first_in_pct': 0.08199999999999999, 'first_won_pct': 0.607, 'second_won_pct': 0.73}"
"2025 Buenos Aires Tournament Results, Stats, and Analysis",ClayDraw,28,C,2025-02-10,https://www.tennisabstract.com/cgi-bin/tourney.cgi?t=2025-0506%2FCordoba,R32,Federico Coria,Hugo Gaston,115,91,6-3 6-2,,1.8,"{'ace_pct': 0.018000000000000002, 'first_in_pct': 0.071, 'first_won_pct': 0.667, 'second_won_pct': 0.821}","{'first_in_pct': 0.0, 'first_won_pct': 0.607, 'second_won_pct': 0.486}"
"2025 Buenos Aires Tournament Results, Stats, and Analysis",ClayDraw,28,C,2025-02-10,https://www.tennisabstract.com/cgi-bin/tourney.cgi?t=2025-0506%2FCordoba,R32,Mariano Navone,Francisco Comesana,47,84,6-4 6-4,,1.27,"{'ace_pct': 0.0127, 'first_in_pct': 0.033, 'first_won_pct': 0.623, 'second_won_pct': 0.711}","{'first_in_pct': 0.018000000000000002, 'first_won_pct': 0.579, 'second_won_pct': 0.667}"
"2025 Tour Finals Tournament Results, Stats, and Analysis",HardDraw,8,C,2025-11-09,https://www.tennisabstract.com/cgi-bin/tourney.cgi?t=2025-0605%2FMetz,F,Jannik Sinner,Carlos Alcaraz,2,,7-6(4) 7-5,,1.08,"{'ace_pct': 0.0108, 'first_in_pct': 0.10300000000000001, 'first_won_pct': 0.551, 'second_won_pct': 0.8370000000000001}","{'first_in_pct': 0.069, 'first_won_pct': 0.6809999999999999, 'second_won_pct': 0.735}"
"2025 Tour Finals Tournament Results, Stats, and Analysis",HardDraw,8,C,2025-11-09,https://www.tennisabstract.com/cgi-bin/tourney.cgi?t=2025-0605%2FMetz,SF,Carlos Alcaraz,Felix Auger Aliassime,,8,6-2 6-4,,1.65,"{'ace_pct': 0.0165, 'first_in_pct': 0.098, 'first_won_pct': 0.745, 'second_won_pct': 0.816}","{'first_in_pct': 0.08800000000000001, 'first_won_pct': 0.7190000000000001, 'second_won_pct': 0.585}"
"2025 Tour Finals Tournament Results, Stats, and Analysis",HardDraw,8,C,2025-11-09,https://www.tennisabstract.com/cgi-bin/tourney.cgi?t=2025-0605%2FMetz,SF,Jannik Sinner,Alex De Minaur,2,7,7-5 6-2,,1.79,"{'ace_pct': 0.0179, 'first_in_pct': 0.11900000000000001, 'first_won_pct': 0.746, 'second_won_pct': 0.841}","{'first_in_pct': 0.091, 'first_won_pct': 0.523, 'second_won_pct': 0.63}"
"2025 Tour Finals Tournament Results, Stats, and Analysis",HardDraw,8,C,2025-11-09,https://www.tennisabstract.com/cgi-bin/tourney.cgi?t=2025-0605%2FMetz,RR,Carlos Alcaraz,Lorenzo Musetti,,9,6-4 6-1,,1.79,"{'ace_pct': 0.0179, 'first_in_pct': 0.038, 'first_won_pct': 0.6920000000000001, 'second_won_pct': 0.833}","{'first_in_pct': 0.054000000000000006, 'first_won_pct': 0.643, 'second_won_pct': 0.528}"
"2025 Tour Finals Tournament Results, Stats, and Analysis",HardDraw,8,C,2025-11-09,https://www.tennisabstract.com/cgi-bin/tourney.cgi?t=2025-0605%2FMetz,RR,Carlos Alcaraz,Taylor Fritz,,6,6-7(2) 7-5 6-3,,1.1,"{'ace_pct': 0.011000000000000001, 'first_in_pct': 0.07, 'first_won_pct': 0.6409999999999999, 'second_won_pct': 0.7440000000000001}","{'first_in_pct': 0.12300000000000001, 'first_won_pct': 0.746, 'second_won_pct': 0.706}"
"2025 Tour Finals Tournament Results, Stats, and Analysis",HardDraw,8,C,2025-11-09,https://www.tennisabstract.com/cgi-bin/tourney.cgi?t=2025-0605%2FMetz,RR,Carlos Alcaraz,Alex De Minaur,,7,7-6(5) 6-2,,1.2,"{'ace_pct': 0.012, 'first_in_pct': 0.069, 'first_won_pct': 0.667, 'second_won_pct': 0.625}","{'first_in_pct': 0.069, 'first_won_pct': 0.517, 'second_won_pct': 0.633}"
"2025 Tour Finals Tournament Results, Stats, and Analysis",HardDraw,8,C,2025-11-09,https://www.tennisabstract.com/cgi-bin/tourney.cgi?t=2025-0605%2FMetz,RR,Taylor Fritz,Lorenzo Musetti,6,9,6-3 6-4,,1.85,"{'ace_pct': 0.018500000000000003, 'first_in_pct': 0.23199999999999998, 'first_won_pct': 0.6609999999999999, 'second_won_pct': 0.838}","{'first_in_pct': 0.057999999999999996, 'first_won_pct': 0.6509999999999999, 'second_won_pct': 0.6609999999999999}"
"2025 Tour Finals Tournament Results, Stats, and Analysis",HardDraw,8,C,2025-11-09,https://www.tennisabstract.com/cgi-bin/tourney.cgi?t=2025-0605%2FMetz,RR,Lorenzo Musetti,Alex De Minaur,9,7,7-5 3-6 7-5,,1.09,"{'ace_pct': 0.0109, 'first_in_pct': 0.055999999999999994, 'first_won_pct': 0.6559999999999999, 'second_won_pct': 0.627}","{'first_in_pct': 0.091, 'first_won_pct': 0.664, 'second_won_pct': 0.6579999999999999}"
"2025 Tour Finals Tournament Results, Stats, and Analysis",HardDraw,8,C,2025-11-09,https://www.tennisabstract.com/cgi-bin/tourney.cgi?t=2025-0605%2FMetz,RR,Alex De Minaur,Taylor Fritz,7,6,7-6(3) 6-3,,1.29,"{'ace_pct': 0.0129, 'first_in_pct': 0.076, 'first_won_pct': 0.545, 'second_won_pct': 0.833}","{'first_in_pct': 0.11599999999999999, 'first_won_pct': 0.594, 'second_won_pct': 0.659}"
"2025 Tour Finals Tournament Results, Stats, and Analysis",HardDraw,8,C,2025-11-09,https://www.tennisabstract.com/cgi-bin/tourney.cgi?t=2025-0605%2FMetz,RR,Jannik Sinner,Alexander Zverev,2,3,6-4 6-3,,1.12,"{'ace_pct': 0.011200000000000002, 'first_in_pct': 0.17600000000000002, 'first_won_pct': 0.706, 'second_won_pct': 0.833}","{'first_in_pct': 0.135, 'first_won_pct': 0.8270000000000001, 'second_won_pct': 0.721}"
"2025 Tour Finals Tournament Results, Stats, and Analysis",HardDraw,8,C,2025-11-09,https://www.tennisabstract.com/cgi-bin/tourney.cgi?t=2025-0605%2FMetz,RR,Jannik Sinner,Ben Shelton,2,5,6-3 7-6(3),,1.31,"{'ace_pct': 0.0131, 'first_in_pct': 0.175, 'first_won_pct': 0.746, 'second_won_pct': 0.809}","{'first_in_pct': 0.091, 'first_won_pct': 0.7120000000000001, 'second_won_pct': 0.7659999999999999}"
"2025 Tour Finals Tournament Results, Stats, and Analysis",HardDraw,8,C,2025-11-09,https://www.tennisabstract.com/cgi-bin/tourney.cgi?t=2025-0605%2FMetz,RR,Jannik Sinner,Felix Auger Aliassime,2,8,7-5 6-1,,2.3,"{'ace_pct': 0.023, 'first_in_pct': 0.059000000000000004, 'first_won_pct': 0.706, 'second_won_pct': 0.889}","{'first_in_pct': 0.127, 'first_won_pct': 0.662, 'second_won_pct': 0.638}"
"2025 Tour Finals Tournament Results, Stats, and Analysis",HardDraw,8,C,2025-11-09,https://www.tennisabstract.com/cgi-bin/tourney.cgi?t=2025-0605%2FMetz,RR,Alexander Zverev,Ben Shelton,3,5,6-3 7-6(6),,2.05,"{'ace_pct': 0.020499999999999997, 'first_in_pct': 0.09300000000000001, 'first_won_pct': 0.815, 'second_won_pct': 0.841}","{'first_in_pct': 0.099, 'first_won_pct': 0.7040000000000001, 'second_won_pct': 0.78}"
"2025 Tour Finals Tournament Results, Stats, and Analysis",HardDraw,8,C,2025-11-09,https://www.tennisabstract.com/cgi-bin/tourney.cgi?t=2025-0605%2FMetz,RR,Felix Auger Aliassime,Alexander Zverev,8,3,6-4 7-6(4),,1.2,"{'ace_pct': 0.012, 'first_in_pct': 0.151, 'first_won_pct': 0.726, 'second_won_pct': 0.736}","{'first_in_pct': 0.115, 'first_won_pct': 0.769, 'second_won_pct': 0.7170000000000001}"
"2025 Tour Finals Tournament Results, Stats, and Analysis",HardDraw,8,C,2025-11-09,https://www.tennisabstract.com/cgi-bin/tourney.cgi?t=2025-0605%2FMetz,RR,Felix Auger Aliassime,Ben Shelton,8,5,4-6 7-6(7) 7-5,,1.3,"{'ace_pct': 0.013000000000000001, 'first_in_pct': 0.09699999999999999, 'first_won_pct': 0.7959999999999999, 'second_won_pct': 0.77}","{'first_in_pct': 0.067, 'first_won_pct': 0.6829999999999999, 'second_won_pct': 0.746}"
"2025 Eastbourne Tournament Results, Stats, and Analysis",GrassDraw,28,C,2025-06-23,https://www.tennisabstract.com/cgi-bin/tourney.cgi?t=2025-0741%2FEastbourne,F,Taylor Fritz,Jenson Brooksby,5,149,7-5 6-1,,1.35,"{'ace_pct': 0.013500000000000002, 'first_in_pct': 0.121, 'first_won_pct': 0.606, 'second_won_pct': 0.725}","{'first_in_pct': 0.0, 'first_won_pct': 0.706, 'second_won_pct': 0.528}"
"2025 Eastbourne Tournament Results, Stats, and Analysis",GrassDraw,28,C,2025-06-23,https://www.tennisabstract.com/cgi-bin/tourney.cgi?t=2025-0741%2FEastbourne,SF,Taylor Fritz,Alejandro Davidovich Fokina,5,28,6-3 3-6 6-1,,1.24,"{'ace_pct': 0.0124, 'first_in_pct': 0.23399999999999999, 'first_won_pct': 0.701, 'second_won_pct': 0.778}","{'first_in_pct': 0.015, 'first_won_pct': 0.662, 'second_won_pct': 0.698}"
"2025 Eastbourne Tournament Results, Stats, and Analysis",GrassDraw,28,C,2025-06-23,https://www.tennisabstract.com/cgi-bin/tourney.cgi?t=2025-0741%2FEastbourne,SF,Jenson Brooksby,Ugo Humbert,149,20,6-7(7) 6-4 6-4,,1.11,"{'ace_pct': 0.0111, 'first_in_pct': 0.038, 'first_won_pct': 0.5379999999999999, 'second_won_pct': 0.696}","{'first_in_pct': 0.039, 'first_won_pct': 0.631, 'second_won_pct': 0.677}"
"2025 Eastbourne Tournament Results, Stats, and Analysis",GrassDraw,28,C,2025-06-23,https://www.tennisabstract.com/cgi-bin/tourney.cgi?t=2025-0741%2FEastbourne,QF,Taylor Fritz,Marcos Giron,5,46,7-5 4-6 7-5,,1.19,"{'ace_pct': 0.011899999999999999, 'first_in_pct': 0.162, 'first_won_pct': 0.727, 'second_won_pct': 0.8059999999999999}","{'first_in_pct': 0.028999999999999998, 'first_won_pct': 0.5489999999999999, 'second_won_pct': 0.75}"
"2025 Eastbourne Tournament Results, Stats, and Analysis",GrassDraw,28,C,2025-06-23,https://www.tennisabstract.com/cgi-bin/tourney.cgi?t=2025-0741%2FEastbourne,QF,Alejandro Davidovich Fokina,Jakub Mensik,28,17,6-4 7-5,,1.24,"{'ace_pct': 0.0124, 'first_in_pct': 0.013000000000000001, 'first_won_pct': 0.605, 'second_won_pct': 0.7170000000000001}","{'first_in_pct': 0.106, 'first_won_pct': 0.647, 'second_won_pct': 0.636}"
"2025 Eastbourne Tournament Results, Stats, and Analysis",GrassDraw,28,C,2025-06-23,https://www.tennisabstract.com/cgi-bin/tourney.cgi?t=2025-0741%2FEastbourne,QF,Ugo Humbert,Billy Harris,20,142,7-6(4) 6-1,,1.58,"{'ace_pct': 0.0158, 'first_in_pct': 0.057, 'first_won_pct': 0.66, 'second_won_pct': 0.7709999999999999}","{'first_in_pct': 0.03, 'first_won_pct': 0.627, 'second_won_pct': 0.5}"
"2025 Eastbourne Tournament Results, Stats, and Analysis",GrassDraw,28,C,2025-06-23,https://www.tennisabstract.com/cgi-bin/tourney.cgi?t=2025-0741%2FEastbourne,QF,Jenson Brooksby,Daniel Evans,149,170,6-2 6-3,,,"{'ace_pct': 0.031200000000000002, 'first_in_pct': 0.105, 'first_won_pct': 0.632, 'second_won_pct': 0.875}","{'first_in_pct': 0.032, 'first_won_pct': 0.619, 'second_won_pct': 0.564}"
"2025 Eastbourne Tournament Results, Stats, and Analysis",GrassDraw,28,C,2025-06-23,https://www.tennisabstract.com/cgi-bin/tourney.cgi?t=2025-0741%2FEastbourne,R16,Taylor Fritz,Joao Fonseca,5,57,6-3 6-7(5) 7-5,,1.0,"{'ace_pct': 0.01, 'first_in_pct': 0.16, 'first_won_pct': 0.679, 'second_won_pct': 0.778}","{'first_in_pct': 0.078, 'first_won_pct': 0.6890000000000001, 'second_won_pct': 0.774}"
"2025 Eastbourne Tournament Results, Stats, and Analysis",GrassDraw,28,C,2025-06-23,https://www.tennisabstract.com/cgi-bin/tourney.cgi?t=2025-0741%2FEastbourne,R16,Marcos Giron,Jacob Fearnley,46,51,6-3 6-1,,2.1,"{'ace_pct': 0.021, 'first_in_pct': 0.024, 'first_won_pct': 0.5710000000000001, 'second_won_pct': 0.792}","{'first_in_pct': 0.02, 'first_won_pct': 0.6859999999999999, 'second_won_pct': 0.5429999999999999}"
"2025 Eastbourne Tournament Results, Stats, and Analysis",GrassDraw,28,C,2025-06-23,https://www.tennisabstract.com/cgi-bin/tourney.cgi?t=2025-0741%2FEastbourne,R16,Jakub Mensik,Reilly Opelka,17,72,7-5 6-3,,1.57,"{'ace_pct': 0.015700000000000002, 'first_in_pct': 0.188, 'first_won_pct': 0.6409999999999999, 'second_won_pct': 0.732}","{'first_in_pct': 0.139, 'first_won_pct': 0.583, 'second_won_pct': 0.69}"
"2025 Eastbourne Tournament Results, Stats, and Analysis",GrassDraw,28,C,2025-06-23,https://www.tennisabstract.com/cgi-bin/tourney.cgi?t=2025-0741%2FEastbourne,R16,Alejandro Davidovich Fokina,James Duckworth,28,106,6-7(3) 6-3 6-4,,1.08,"{'ace_pct': 0.0108, 'first_in_pct': 0.08800000000000001, 'first_won_pct': 0.623, 'second_won_pct': 0.732}","{'first_in_pct': 0.081, 'first_won_pct': 0.64, 'second_won_pct': 0.7090000000000001}"
"2025 Eastbourne Tournament Results, Stats, and Analysis",GrassDraw,28,C,2025-06-23,https://www.tennisabstract.com/cgi-bin/tourney.cgi?t=2025-0741%2FEastbourne,R16,Billy Harris,Mattia Bellucci,142,74,6-3 6-4,,1.13,"{'ace_pct': 0.0113, 'first_in_pct': 0.03, 'first_won_pct': 0.6970000000000001, 'second_won_pct': 0.7390000000000001}","{'first_in_pct': 0.094, 'first_won_pct': 0.642, 'second_won_pct': 0.765}"
"2025 Eastbourne Tournament Results, Stats, and Analysis",GrassDraw,28,C,2025-06-23,https://www.tennisabstract.com/cgi-bin/tourney.cgi?t=2025-0741%2FEastbourne,R16,Ugo Humbert,Lorenzo Sonego,20,48,7-5 6-4,,1.38,"{'ace_pct': 0.0138, 'first_in_pct': 0.062, 'first_won_pct': 0.508, 'second_won_pct': 0.727}","{'first_in_pct': 0.046, 'first_won_pct': 0.815, 'second_won_pct': 0.7170000000000001}"
"2025 Eastbourne Tournament Results, Stats, and Analysis",GrassDraw,28,C,2025-06-23,https://www.tennisabstract.com/cgi-bin/tourney.cgi?t=2025-0741%2FEastbourne,R16,Jenson Brooksby,Nuno Borges,149,37,6-4 6-4,,1.38,"{'ace_pct': 0.0138, 'first_in_pct': 0.034, 'first_won_pct': 0.603, 'second_won_pct': 0.8290000000000001}","{'first_in_pct': 0.035, 'first_won_pct': 0.7020000000000001, 'second_won_pct': 0.625}"
"2025 Eastbourne Tournament Results, Stats, and Analysis",GrassDraw,28,C,2025-06-23,https://www.tennisabstract.com/cgi-bin/tourney.cgi?t=2025-0741%2FEastbourne,R16,Daniel Evans,Tommy Paul,170,13,6-4 3-6 6-3,,1.16,"{'ace_pct': 0.0116, 'first_in_pct': 0.053, 'first_won_pct': 0.5660000000000001, 'second_won_pct': 0.698}","{'first_in_pct': 0.062, 'first_won_pct': 0.546, 'second_won_pct': 0.7170000000000001}"
"2025 Eastbourne Tournament Results, Stats, and Analysis",GrassDraw,28,C,2025-06-23,https://www.tennisabstract.com/cgi-bin/tourney.cgi?t=2025-0741%2FEastbourne,R32,Joao Fonseca,Zizou Bergs,57,50,6-7(8) 6-0 6-3,,1.53,"{'ace_pct': 0.015300000000000001, 'first_in_pct': 0.033, 'first_won_pct': 0.789, 'second_won_pct': 0.7040000000000001}","{'first_in_pct': 0.13699999999999998, 'first_won_pct': 0.657, 'second_won_pct': 0.627}"
"2025 Eastbourne Tournament Results, Stats, and Analysis",GrassDraw,28,C,2025-06-23,https://www.tennisabstract.com/cgi-bin/tourney.cgi?t=2025-0741%2FEastbourne,R32,Marcos Giron,Luciano Darderi,46,56,6-4 7-5,,1.12,"{'ace_pct': 0.011200000000000002, 'first_in_pct': 0.054000000000000006, 'first_won_pct': 0.6759999999999999, 'second_won_pct': 0.62}","{'first_in_pct': 0.03, 'first_won_pct': 0.652, 'second_won_pct': 0.674}"
"2025 Eastbourne Tournament Results, Stats, and Analysis",GrassDraw,28,C,2025-06-23,https://www.tennisabstract.com/cgi-bin/tourney.cgi?t=2025-0741%2FEastbourne,R32,Jacob Fearnley,Flavio Cobolli,51,24,6-2 6-2,,1.83,"{'ace_pct': 0.0183, 'first_in_pct': 0.091, 'first_won_pct': 0.795, 'second_won_pct': 0.7140000000000001}","{'first_in_pct': 0.016, 'first_won_pct': 0.5710000000000001, 'second_won_pct': 0.611}"
"2025 Eastbourne Tournament Results, Stats, and Analysis",GrassDraw,28,C,2025-06-23,https://www.tennisabstract.com/cgi-bin/tourney.cgi?t=2025-0741%2FEastbourne,R32,Reilly Opelka,George Loffhagen,72,302,7-6(6) 3-6 7-6(1),,1.06,"{'ace_pct': 0.0106, 'first_in_pct': 0.184, 'first_won_pct': 0.631, 'second_won_pct': 0.785}","{'first_in_pct': 0.096, 'first_won_pct': 0.67, 'second_won_pct': 0.792}"
"2025 Eastbourne Tournament Results, Stats, and Analysis",GrassDraw,28,C,2025-06-23,https://www.tennisabstract.com/cgi-bin/tourney.cgi?t=2025-0741%2FEastbourne,R32,James Duckworth,Aleksandar Vukic,106,80,6-3 6-7(5) 6-1,,1.41,"{'ace_pct': 0.0141, 'first_in_pct': 0.10400000000000001, 'first_won_pct': 0.6559999999999999, 'second_won_pct': 0.794}","{'first_in_pct': 0.055, 'first_won_pct': 0.604, 'second_won_pct': 0.655}"
"2025 Eastbourne Tournament Results, Stats, and Analysis",GrassDraw,28,C,2025-06-23,https://www.tennisabstract.com/cgi-bin/tourney.cgi?t=2025-0741%2FEastbourne,R32,Alejandro Davidovich Fokina,Chun Hsin Tseng,28,96,7-6(6) 6-2,,1.96,"{'ace_pct': 0.0196, 'first_in_pct': 0.033, 'first_won_pct': 0.667, 'second_won_pct': 0.875}","{'first_in_pct': 0.038, 'first_won_pct': 0.608, 'second_won_pct': 0.6459999999999999}"
"2025 Eastbourne Tournament Results, Stats, and Analysis",GrassDraw,28,C,2025-06-23,https://www.tennisabstract.com/cgi-bin/tourney.cgi?t=2025-0741%2FEastbourne,R32,Billy Harris,Cameron Norrie,142,61,6-4 6-4,,1.17,"{'ace_pct': 0.011699999999999999, 'first_in_pct': 0.059000000000000004, 'first_won_pct': 0.706, 'second_won_pct': 0.7290000000000001}","{'first_in_pct': 0.0, 'first_won_pct': 0.66, 'second_won_pct': 0.514}"
"2025 Eastbourne Tournament Results, Stats, and Analysis",GrassDraw,28,C,2025-06-23,https://www.tennisabstract.com/cgi-bin/tourney.cgi?t=2025-0741%2FEastbourne,R32,Mattia Bellucci,Quentin Halys,74,47,6-4 6-2,,2.0,"{'ace_pct': 0.02, 'first_in_pct': 0.02, 'first_won_pct': 0.5710000000000001, 'second_won_pct': 0.821}","{'first_in_pct': 0.102, 'first_won_pct': 0.612, 'second_won_pct': 0.733}"
"2025 Eastbourne Tournament Results, Stats, and Analysis",GrassDraw,28,C,2025-06-23,https://www.tennisabstract.com/cgi-bin/tourney.cgi?t=2025-0741%2FEastbourne,R32,Lorenzo Sonego,Fabian Marozsan,48,58,6-2 6-4,,1.59,"{'ace_pct': 0.0159, 'first_in_pct': 0.019, 'first_won_pct': 0.593, 'second_won_pct': 0.8440000000000001}","{'first_in_pct': 0.038, 'first_won_pct': 0.75, 'second_won_pct': 0.615}"
"2025 Eastbourne Tournament Results, Stats, and Analysis",GrassDraw,28,C,2025-06-23,https://www.tennisabstract.com/cgi-bin/tourney.cgi?t=2025-0741%2FEastbourne,R32,Nuno Borges,Jack Pinnington Jones,37,282,4-6 6-3 6-3,,1.26,"{'ace_pct': 0.0126, 'first_in_pct': 0.081, 'first_won_pct': 0.7559999999999999, 'second_won_pct': 0.723}","{'first_in_pct': 0.028999999999999998, 'first_won_pct': 0.648, 'second_won_pct': 0.662}"
"2025 Eastbourne Tournament Results, Stats, and Analysis",GrassDraw,28,C,2025-06-23,https://www.tennisabstract.com/cgi-bin/tourney.cgi?t=2025-0741%2FEastbourne,R32,Jenson Brooksby,Francisco Comesana,149,65,7-6(6) 6-4,,1.27,"{'ace_pct': 0.0127, 'first_in_pct': 0.028999999999999998, 'first_won_pct': 0.647, 'second_won_pct': 0.705}","{'first_in_pct': 0.081, 'first_won_pct': 0.703, 'second_won_pct': 0.654}"
"2025 Eastbourne Tournament Results, Stats, and Analysis",GrassDraw,28,C,2025-06-23,https://www.tennisabstract.com/cgi-bin/tourney.cgi?t=2025-0741%2FEastbourne,R32,Daniel Evans,Miomir Kecmanovic,170,49,3-6 6-4 6-4,,1.01,"{'ace_pct': 0.0101, 'first_in_pct': 0.063, 'first_won_pct': 0.6629999999999999, 'second_won_pct': 0.73}","{'first_in_pct': 0.064, 'first_won_pct': 0.705, 'second_won_pct': 0.6729999999999999}"
"2025 Beijing Tournament Results, Stats, and Analysis",HardDraw,32,C,2025-09-25,https://www.tennisabstract.com/cgi-bin/tourney.cgi?t=2025-0747%2FBeijing,F,Jannik Sinner,Learner Tien,2,52,6-2 6-2,,1.62,"{'ace_pct': 0.016200000000000003, 'first_in_pct': 0.18899999999999997, 'first_won_pct': 0.66, 'second_won_pct': 0.7709999999999999}","{'first_in_pct': 0.0, 'first_won_pct': 0.512, 'second_won_pct': 0.545}"
"2025 Beijing Tournament Results, Stats, and Analysis",HardDraw,32,C,2025-09-25,https://www.tennisabstract.com/cgi-bin/tourney.cgi?t=2025-0747%2FBeijing,SF,Jannik Sinner,Alex De Minaur,2,8,6-3 4-6 6-2,,1.29,"{'ace_pct': 0.0129, 'first_in_pct': 0.073, 'first_won_pct': 0.635, 'second_won_pct': 0.82}","{'first_in_pct': 0.065, 'first_won_pct': 0.675, 'second_won_pct': 0.5579999999999999}"
"2025 Beijing Tournament Results, Stats, and Analysis",HardDraw,32,C,2025-09-25,https://www.tennisabstract.com/cgi-bin/tourney.cgi?t=2025-0747%2FBeijing,SF,Learner Tien,Daniil Medvedev,52,18,5-7 7-5 4-0 RET,,1.04,"{'ace_pct': 0.0104, 'first_in_pct': 0.039, 'first_won_pct': 0.68, 'second_won_pct': 0.514}","{'first_in_pct': 0.1, 'first_won_pct': 0.588, 'second_won_pct': 0.617}"
"2025 Beijing Tournament Results, Stats, and Analysis",HardDraw,32,C,2025-09-25,https://www.tennisabstract.com/cgi-bin/tourney.cgi?t=2025-0747%2FBeijing,QF,Jannik Sinner,Fabian Marozsan,2,57,6-1 7-5,,1.56,"{'ace_pct': 0.015600000000000001, 'first_in_pct': 0.132, 'first_won_pct': 0.5660000000000001, 'second_won_pct': 0.7}","{'first_in_pct': 0.057, 'first_won_pct': 0.66, 'second_won_pct': 0.5429999999999999}"
"2025 Beijing Tournament Results, Stats, and Analysis",HardDraw,32,C,2025-09-25,https://www.tennisabstract.com/cgi-bin/tourney.cgi?t=2025-0747%2FBeijing,QF,Alex De Minaur,Jakub Mensik,8,19,4-1 RET,,,"{'ace_pct': 0.048499999999999995, 'first_in_pct': 0.222, 'first_won_pct': 0.667, 'second_won_pct': 0.833}","{'first_in_pct': 0.154, 'first_won_pct': 0.423, 'second_won_pct': 0.818}"
"2025 Beijing Tournament Results, Stats, and Analysis",HardDraw,32,C,2025-09-25,https://www.tennisabstract.com/cgi-bin/tourney.cgi?t=2025-0747%2FBeijing,QF,Learner Tien,Lorenzo Musetti,52,9,4-6 6-3 3-0 RET,,1.03,"{'ace_pct': 0.0103, 'first_in_pct': 0.0, 'first_won_pct': 0.718, 'second_won_pct': 0.6609999999999999}","{'first_in_pct': 0.102, 'first_won_pct': 0.78, 'second_won_pct': 0.696}"
"2025 Beijing Tournament Results, Stats, and Analysis",HardDraw,32,C,2025-09-25,https://www.tennisabstract.com/cgi-bin/tourney.cgi?t=2025-0747%2FBeijing,QF,Daniil Medvedev,Alexander Zverev,18,3,6-3 6-3,,1.68,"{'ace_pct': 0.0168, 'first_in_pct': 0.096, 'first_won_pct': 0.6729999999999999, 'second_won_pct': 0.857}","{'first_in_pct': 0.0, 'first_won_pct': 0.772, 'second_won_pct': 0.636}"
"2025 Beijing Tournament Results, Stats, and Analysis",HardDraw,32,C,2025-09-25,https://www.tennisabstract.com/cgi-bin/tourney.cgi?t=2025-0747%2FBeijing,R16,Jannik Sinner,Terence Atmane,2,68,6-4 5-7 6-0,,1.2,"{'ace_pct': 0.012, 'first_in_pct': 0.033, 'first_won_pct': 0.63, 'second_won_pct': 0.69}","{'first_in_pct': 0.133, 'first_won_pct': 0.6629999999999999, 'second_won_pct': 0.636}"
"2025 Beijing Tournament Results, Stats, and Analysis",HardDraw,32,C,2025-09-25,https://www.tennisabstract.com/cgi-bin/tourney.cgi?t=2025-0747%2FBeijing,R16,Fabian Marozsan,Alexandre Muller,57,38,6-3 7-6(5),,1.24,"{'ace_pct': 0.0124, 'first_in_pct': 0.040999999999999995, 'first_won_pct': 0.757, 'second_won_pct': 0.6609999999999999}","{'first_in_pct': 0.10400000000000001, 'first_won_pct': 0.552, 'second_won_pct': 0.73}"
"2025 Beijing Tournament Results, Stats, and Analysis",HardDraw,32,C,2025-09-25,https://www.tennisabstract.com/cgi-bin/tourney.cgi?t=2025-0747%2FBeijing,R16,Alex De Minaur,Arthur Rinderknech,8,54,6-3 3-6 7-6(2),,1.43,"{'ace_pct': 0.0143, 'first_in_pct': 0.084, 'first_won_pct': 0.6990000000000001, 'second_won_pct': 0.7929999999999999}","{'first_in_pct': 0.113, 'first_won_pct': 0.722, 'second_won_pct': 0.7709999999999999}"
"2025 Beijing Tournament Results, Stats, and Analysis",HardDraw,32,C,2025-09-25,https://www.tennisabstract.com/cgi-bin/tourney.cgi?t=2025-0747%2FBeijing,R16,Jakub Mensik,Arthur Cazaux,19,80,6-3 2-6 6-4,,1.1,"{'ace_pct': 0.011000000000000001, 'first_in_pct': 0.12300000000000001, 'first_won_pct': 0.617, 'second_won_pct': 0.74}","{'first_in_pct': 0.023, 'first_won_pct': 0.545, 'second_won_pct': 0.667}"
"2025 Beijing Tournament Results, Stats, and Analysis",HardDraw,32,C,2025-09-25,https://www.tennisabstract.com/cgi-bin/tourney.cgi?t=2025-0747%2FBeijing,R16,Learner Tien,Flavio Cobolli,52,25,6-3 6-2,,1.41,"{'ace_pct': 0.0141, 'first_in_pct': 0.017, 'first_won_pct': 0.61, 'second_won_pct': 0.667}","{'first_in_pct': 0.02, 'first_won_pct': 0.51, 'second_won_pct': 0.48}"
"2025 Beijing Tournament Results, Stats, and Analysis",HardDraw,32,C,2025-09-25,https://www.tennisabstract.com/cgi-bin/tourney.cgi?t=2025-0747%2FBeijing,R16,Lorenzo Musetti,Adrian Mannarino,9,60,6-3 6-3,,1.7,"{'ace_pct': 0.017, 'first_in_pct': 0.115, 'first_won_pct': 0.5379999999999999, 'second_won_pct': 0.7859999999999999}","{'first_in_pct': 0.059000000000000004, 'first_won_pct': 0.627, 'second_won_pct': 0.625}"
"2025 Beijing Tournament Results, Stats, and Analysis",HardDraw,32,C,2025-09-25,https://www.tennisabstract.com/cgi-bin/tourney.cgi?t=2025-0747%2FBeijing,R16,Daniil Medvedev,Alejandro Davidovich Fokina,18,20,6-3 6-3,,1.28,"{'ace_pct': 0.0128, 'first_in_pct': 0.08900000000000001, 'first_won_pct': 0.5539999999999999, 'second_won_pct': 0.677}","{'first_in_pct': 0.017, 'first_won_pct': 0.5670000000000001, 'second_won_pct': 0.5589999999999999}"
"2025 Beijing Tournament Results, Stats, and Analysis",HardDraw,32,C,2025-09-25,https://www.tennisabstract.com/cgi-bin/tourney.cgi?t=2025-0747%2FBeijing,R16,Alexander Zverev,Corentin Moutet,3,37,7-5 3-6 6-3,,0.91,"{'ace_pct': 0.0091, 'first_in_pct': 0.07400000000000001, 'first_won_pct': 0.747, 'second_won_pct': 0.634}","{'first_in_pct': 0.034, 'first_won_pct': 0.625, 'second_won_pct': 0.691}"
"2025 Beijing Tournament Results, Stats, and Analysis",HardDraw,32,C,2025-09-25,https://www.tennisabstract.com/cgi-bin/tourney.cgi?t=2025-0747%2FBeijing,R32,Jannik Sinner,Marin Cilic,2,97,6-2 6-2,,1.91,"{'ace_pct': 0.0191, 'first_in_pct': 0.064, 'first_won_pct': 0.7659999999999999, 'second_won_pct': 0.75}","{'first_in_pct': 0.057, 'first_won_pct': 0.45299999999999996, 'second_won_pct': 0.583}"
"2025 Beijing Tournament Results, Stats, and Analysis",HardDraw,32,C,2025-09-25,https://www.tennisabstract.com/cgi-bin/tourney.cgi?t=2025-0747%2FBeijing,R32,Terence Atmane,Zhizhen Zhang,68,370,6-4 6-2,,2.2,"{'ace_pct': 0.022000000000000002, 'first_in_pct': 0.125, 'first_won_pct': 0.521, 'second_won_pct': 0.88}","{'first_in_pct': 0.016, 'first_won_pct': 0.6509999999999999, 'second_won_pct': 0.659}"
"2025 Beijing Tournament Results, Stats, and Analysis",HardDraw,32,C,2025-09-25,https://www.tennisabstract.com/cgi-bin/tourney.cgi?t=2025-0747%2FBeijing,R32,Fabian Marozsan,Benjamin Bonzi,57,47,7-6(1) 6-3,,1.67,"{'ace_pct': 0.0167, 'first_in_pct': 0.153, 'first_won_pct': 0.763, 'second_won_pct': 0.867}","{'first_in_pct': 0.064, 'first_won_pct': 0.5, 'second_won_pct': 0.7440000000000001}"
"2025 Beijing Tournament Results, Stats, and Analysis",HardDraw,32,C,2025-09-25,https://www.tennisabstract.com/cgi-bin/tourney.cgi?t=2025-0747%2FBeijing,R32,Alexandre Muller,Karen Khachanov,38,10,4-6 7-6(5) 6-4,,1.05,"{'ace_pct': 0.0105, 'first_in_pct': 0.046, 'first_won_pct': 0.639, 'second_won_pct': 0.768}","{'first_in_pct': 0.113, 'first_won_pct': 0.642, 'second_won_pct': 0.735}"
"2025 Beijing Tournament Results, Stats, and Analysis",HardDraw,32,C,2025-09-25,https://www.tennisabstract.com/cgi-bin/tourney.cgi?t=2025-0747%2FBeijing,R32,Alex De Minaur,Bu Yunchaokete,8,89,6-4 6-0,,1.57,"{'ace_pct': 0.015700000000000002, 'first_in_pct': 0.196, 'first_won_pct': 0.667, 'second_won_pct': 0.765}","{'first_in_pct': 0.08800000000000001, 'first_won_pct': 0.561, 'second_won_pct': 0.563}"
"2025 Beijing Tournament Results, Stats, and Analysis",HardDraw,32,C,2025-09-25,https://www.tennisabstract.com/cgi-bin/tourney.cgi?t=2025-0747%2FBeijing,R32,Arthur Rinderknech,David Goffin,54,87,6-4 3-6 6-4,,0.81,"{'ace_pct': 0.008100000000000001, 'first_in_pct': 0.12, 'first_won_pct': 0.52, 'second_won_pct': 0.731}","{'first_in_pct': 0.12, 'first_won_pct': 0.5870000000000001, 'second_won_pct': 0.795}"
"2025 Beijing Tournament Results, Stats, and Analysis",HardDraw,32,C,2025-09-25,https://www.tennisabstract.com/cgi-bin/tourney.cgi?t=2025-0747%2FBeijing,R32,Arthur Cazaux,Juncheng Shang,80,238,0-6 7-6(5) 7-5,,0.76,"{'ace_pct': 0.0076, 'first_in_pct': 0.073, 'first_won_pct': 0.564, 'second_won_pct': 0.6609999999999999}","{'first_in_pct': 0.071, 'first_won_pct': 0.583, 'second_won_pct': 0.7759999999999999}"
"2025 Beijing Tournament Results, Stats, and Analysis",HardDraw,32,C,2025-09-25,https://www.tennisabstract.com/cgi-bin/tourney.cgi?t=2025-0747%2FBeijing,R32,Jakub Mensik,Miomir Kecmanovic,19,46,7-5 6-4,,1.05,"{'ace_pct': 0.0105, 'first_in_pct': 0.114, 'first_won_pct': 0.466, 'second_won_pct': 0.7559999999999999}","{'first_in_pct': 0.04, 'first_won_pct': 0.547, 'second_won_pct': 0.732}"
"2025 Beijing Tournament Results, Stats, and Analysis",HardDraw,32,C,2025-09-25,https://www.tennisabstract.com/cgi-bin/tourney.cgi?t=2025-0747%2FBeijing,R32,Flavio Cobolli,Andrey Rublev,25,14,7-6(3) 6-3,,1.13,"{'ace_pct': 0.0113, 'first_in_pct': 0.063, 'first_won_pct': 0.519, 'second_won_pct': 0.78}","{'first_in_pct': 0.053, 'first_won_pct': 0.56, 'second_won_pct': 0.7140000000000001}"
"2025 Beijing Tournament Results, Stats, and Analysis",HardDraw,32,C,2025-09-25,https://www.tennisabstract.com/cgi-bin/tourney.cgi?t=2025-0747%2FBeijing,R32,Learner Tien,Francisco Cerundolo,52,21,4-6 6-3 6-4,,1.07,"{'ace_pct': 0.010700000000000001, 'first_in_pct': 0.011000000000000001, 'first_won_pct': 0.602, 'second_won_pct': 0.643}","{'first_in_pct': 0.10099999999999999, 'first_won_pct': 0.551, 'second_won_pct': 0.735}"
"2025 Beijing Tournament Results, Stats, and Analysis",HardDraw,32,C,2025-09-25,https://www.tennisabstract.com/cgi-bin/tourney.cgi?t=2025-0747%2FBeijing,R32,Adrian Mannarino,Alexander Bublik,60,16,6-3 6-2,,2.15,"{'ace_pct': 0.0215, 'first_in_pct': 0.17800000000000002, 'first_won_pct': 0.667, 'second_won_pct': 0.833}","{'first_in_pct': 0.068, 'first_won_pct': 0.545, 'second_won_pct': 0.667}"
"2025 Beijing Tournament Results, Stats, and Analysis",HardDraw,32,C,2025-09-25,https://www.tennisabstract.com/cgi-bin/tourney.cgi?t=2025-0747%2FBeijing,R32,Lorenzo Musetti,Giovanni Mpetshi Perricard,9,36,7-6(3) 6-7(4) 6-4,,0.98,"{'ace_pct': 0.0098, 'first_in_pct': 0.036000000000000004, 'first_won_pct': 0.6579999999999999, 'second_won_pct': 0.7809999999999999}","{'first_in_pct': 0.14300000000000002, 'first_won_pct': 0.745, 'second_won_pct': 0.8079999999999999}"
"2025 Beijing Tournament Results, Stats, and Analysis",HardDraw,32,C,2025-09-25,https://www.tennisabstract.com/cgi-bin/tourney.cgi?t=2025-0747%2FBeijing,R32,Daniil Medvedev,Cameron Norrie,18,34,6-3 6-4,,1.68,"{'ace_pct': 0.0168, 'first_in_pct': 0.209, 'first_won_pct': 0.628, 'second_won_pct': 0.815}","{'first_in_pct': 0.016, 'first_won_pct': 0.623, 'second_won_pct': 0.5}"
"2025 Beijing Tournament Results, Stats, and Analysis",HardDraw,32,C,2025-09-25,https://www.tennisabstract.com/cgi-bin/tourney.cgi?t=2025-0747%2FBeijing,R32,Alejandro Davidovich Fokina,Camilo Ugo Carabelli,20,43,6-1 6-3,,2.44,"{'ace_pct': 0.024399999999999998, 'first_in_pct': 0.136, 'first_won_pct': 0.75, 'second_won_pct': 0.7879999999999999}","{'first_in_pct': 0.022000000000000002, 'first_won_pct': 0.565, 'second_won_pct': 0.5379999999999999}"
"2025 Beijing Tournament Results, Stats, and Analysis",HardDraw,32,C,2025-09-25,https://www.tennisabstract.com/cgi-bin/tourney.cgi?t=2025-0747%2FBeijing,R32,Corentin Moutet,Tallon Griekspoor,37,31,6-4 7-5,,0.91,"{'ace_pct': 0.0091, 'first_in_pct': 0.05, 'first_won_pct': 0.625, 'second_won_pct': 0.74}","{'first_in_pct': 0.037000000000000005, 'first_won_pct': 0.593, 'second_won_pct': 0.7809999999999999}"
"2025 Beijing Tournament Results, Stats, and Analysis",HardDraw,32,C,2025-09-25,https://www.tennisabstract.com/cgi-bin/tourney.cgi?t=2025-0747%2FBeijing,R32,Alexander Zverev,Lorenzo Sonego,3,44,6-4 6-3,,1.84,"{'ace_pct': 0.0184, 'first_in_pct': 0.08, 'first_won_pct': 0.82, 'second_won_pct': 0.78}","{'first_in_pct': 0.034, 'first_won_pct': 0.644, 'second_won_pct': 0.632}"
"2025 Rio de Janeiro Tournament Results, Stats, and Analysis",ClayDraw,32,C,2025-02-17,https://www.tennisabstract.com/cgi-bin/tourney.cgi?t=2025-6932%2FAlmaty,F,Sebastian Baez,Alexandre Muller,31,60,6-2 6-3,,1.45,"{'ace_pct': 0.014499999999999999, 'first_in_pct': 0.064, 'first_won_pct': 0.7020000000000001, 'second_won_pct': 0.727}","{'first_in_pct': 0.028999999999999998, 'first_won_pct': 0.6809999999999999, 'second_won_pct': 0.596}"
"2025 Rio de Janeiro Tournament Results, Stats, and Analysis",ClayDraw,32,C,2025-02-17,https://www.tennisabstract.com/cgi-bin/tourney.cgi?t=2025-6932%2FAlmaty,SF,Alexandre Muller,Francisco Comesana,60,86,7-5 6-7(3) 6-3,,1.14,"{'ace_pct': 0.011399999999999999, 'first_in_pct': 0.009000000000000001, 'first_won_pct': 0.634, 'second_won_pct': 0.732}","{'first_in_pct': 0.048, 'first_won_pct': 0.6, 'second_won_pct': 0.6829999999999999}"
"2025 Rio de Janeiro Tournament Results, Stats, and Analysis",ClayDraw,32,C,2025-02-17,https://www.tennisabstract.com/cgi-bin/tourney.cgi?t=2025-6932%2FAlmaty,SF,Sebastian Baez,Camilo Ugo Carabelli,31,91,3-6 6-1 6-1,,1.37,"{'ace_pct': 0.0137, 'first_in_pct': 0.10800000000000001, 'first_won_pct': 0.754, 'second_won_pct': 0.633}","{'first_in_pct': 0.013999999999999999, 'first_won_pct': 0.614, 'second_won_pct': 0.674}"
"2025 Rio de Janeiro Tournament Results, Stats, and Analysis",ClayDraw,32,C,2025-02-17,https://www.tennisabstract.com/cgi-bin/tourney.cgi?t=2025-6932%2FAlmaty,QF,Francisco Comesana,Alexander Zverev,86,2,4-6 6-3 6-4,,1.05,"{'ace_pct': 0.0105, 'first_in_pct': 0.043, 'first_won_pct': 0.596, 'second_won_pct': 0.7140000000000001}","{'first_in_pct': 0.105, 'first_won_pct': 0.632, 'second_won_pct': 0.6459999999999999}"
"2025 Rio de Janeiro Tournament Results, Stats, and Analysis",ClayDraw,32,C,2025-02-17,https://www.tennisabstract.com/cgi-bin/tourney.cgi?t=2025-6932%2FAlmaty,QF,Alexandre Muller,Francisco Cerundolo,60,26,7-5 6-1,,1.38,"{'ace_pct': 0.0138, 'first_in_pct': 0.033, 'first_won_pct': 0.6829999999999999, 'second_won_pct': 0.7559999999999999}","{'first_in_pct': 0.0, 'first_won_pct': 0.542, 'second_won_pct': 0.615}"
"2025 Rio de Janeiro Tournament Results, Stats, and Analysis",ClayDraw,32,C,2025-02-17,https://www.tennisabstract.com/cgi-bin/tourney.cgi?t=2025-6932%2FAlmaty,QF,Sebastian Baez,Chun Hsin Tseng,31,125,6-4 6-1,,1.45,"{'ace_pct': 0.014499999999999999, 'first_in_pct': 0.035, 'first_won_pct': 0.772, 'second_won_pct': 0.659}","{'first_in_pct': 0.0, 'first_won_pct': 0.5329999999999999, 'second_won_pct': 0.5}"
"2025 Rio de Janeiro Tournament Results, Stats, and Analysis",ClayDraw,32,C,2025-02-17,https://www.tennisabstract.com/cgi-bin/tourney.cgi?t=2025-6932%2FAlmaty,QF,Camilo Ugo Carabelli,Jaime Faria,91,107,7-6(5) 6-4,,1.21,"{'ace_pct': 0.0121, 'first_in_pct': 0.107, 'first_won_pct': 0.6, 'second_won_pct': 0.778}","{'first_in_pct': 0.106, 'first_won_pct': 0.659, 'second_won_pct': 0.768}"
"2025 Rio de Janeiro Tournament Results, Stats, and Analysis",ClayDraw,32,C,2025-02-17,https://www.tennisabstract.com/cgi-bin/tourney.cgi?t=2025-6932%2FAlmaty,R16,Alexander Zverev,Alexander Shevchenko,2,103,7-6(1) 7-6(6),,1.36,"{'ace_pct': 0.013600000000000001, 'first_in_pct': 0.077, 'first_won_pct': 0.654, 'second_won_pct': 0.667}","{'first_in_pct': 0.043, 'first_won_pct': 0.591, 'second_won_pct': 0.662}"
"2025 Rio de Janeiro Tournament Results, Stats, and Analysis",ClayDraw,32,C,2025-02-17,https://www.tennisabstract.com/cgi-bin/tourney.cgi?t=2025-6932%2FAlmaty,R16,Francisco Comesana,Nicolas Jarry,86,47,7-6(4) 6-7(1) 7-6(6),,0.75,"{'ace_pct': 0.0075, 'first_in_pct': 0.094, 'first_won_pct': 0.625, 'second_won_pct': 0.763}","{'first_in_pct': 0.102, 'first_won_pct': 0.611, 'second_won_pct': 0.8029999999999999}"
"2025 Rio de Janeiro Tournament Results, Stats, and Analysis",ClayDraw,32,C,2025-02-17,https://www.tennisabstract.com/cgi-bin/tourney.cgi?t=2025-6932%2FAlmaty,R16,Francisco Cerundolo,Luciano Darderi,26,61,6-7(1) 6-3 6-2,,1.23,"{'ace_pct': 0.0123, 'first_in_pct': 0.067, 'first_won_pct': 0.644, 'second_won_pct': 0.828}","{'first_in_pct': 0.049, 'first_won_pct': 0.63, 'second_won_pct': 0.706}"
"2025 Rio de Janeiro Tournament Results, Stats, and Analysis",ClayDraw,32,C,2025-02-17,https://www.tennisabstract.com/cgi-bin/tourney.cgi?t=2025-6932%2FAlmaty,R16,Alexandre Muller,Tomas Martin Etcheverry,60,43,7-5 7-6(5),,1.27,"{'ace_pct': 0.0127, 'first_in_pct': 0.064, 'first_won_pct': 0.603, 'second_won_pct': 0.787}","{'first_in_pct': 0.068, 'first_won_pct': 0.608, 'second_won_pct': 0.7559999999999999}"
"2025 Rio de Janeiro Tournament Results, Stats, and Analysis",ClayDraw,32,C,2025-02-17,https://www.tennisabstract.com/cgi-bin/tourney.cgi?t=2025-6932%2FAlmaty,R16,Sebastian Baez,Mariano Navone,31,46,6-4 1-6 6-3,,0.95,"{'ace_pct': 0.0095, 'first_in_pct': 0.0, 'first_won_pct': 0.693, 'second_won_pct': 0.623}","{'first_in_pct': 0.026000000000000002, 'first_won_pct': 0.645, 'second_won_pct': 0.5920000000000001}"
"2025 Rio de Janeiro Tournament Results, Stats, and Analysis",ClayDraw,32,C,2025-02-17,https://www.tennisabstract.com/cgi-bin/tourney.cgi?t=2025-6932%2FAlmaty,R16,Chun Hsin Tseng,Thiago Monteiro,125,99,6-7(4) 6-3 7-6(4),,1.01,"{'ace_pct': 0.0101, 'first_in_pct': 0.092, 'first_won_pct': 0.55, 'second_won_pct': 0.722}","{'first_in_pct': 0.051, 'first_won_pct': 0.612, 'second_won_pct': 0.7170000000000001}"
"2025 Rio de Janeiro Tournament Results, Stats, and Analysis",ClayDraw,32,C,2025-02-17,https://www.tennisabstract.com/cgi-bin/tourney.cgi?t=2025-6932%2FAlmaty,R16,Camilo Ugo Carabelli,Damir Dzumhur,91,97,6-4 6-4,,1.23,"{'ace_pct': 0.0123, 'first_in_pct': 0.0, 'first_won_pct': 0.63, 'second_won_pct': 0.765}","{'first_in_pct': 0.039, 'first_won_pct': 0.632, 'second_won_pct': 0.563}"
"2025 Rio de Janeiro Tournament Results, Stats, and Analysis",ClayDraw,32,C,2025-02-17,https://www.tennisabstract.com/cgi-bin/tourney.cgi?t=2025-6932%2FAlmaty,R16,Jaime Faria,Jaume Munar,107,55,6-4 2-6 6-3,,1.2,"{'ace_pct': 0.012, 'first_in_pct': 0.09, 'first_won_pct': 0.552, 'second_won_pct': 0.8109999999999999}","{'first_in_pct': 0.0, 'first_won_pct': 0.753, 'second_won_pct': 0.642}"
"2025 Rio de Janeiro Tournament Results, Stats, and Analysis",ClayDraw,32,C,2025-02-17,https://www.tennisabstract.com/cgi-bin/tourney.cgi?t=2025-6932%2FAlmaty,R32,Alexander Zverev,Bu Yunchaokete,2,69,7-6(4) 6-4,,1.17,"{'ace_pct': 0.011699999999999999, 'first_in_pct': 0.04, 'first_won_pct': 0.6, 'second_won_pct': 0.711}","{'first_in_pct': 0.068, 'first_won_pct': 0.622, 'second_won_pct': 0.7170000000000001}"
"2025 Rio de Janeiro Tournament Results, Stats, and Analysis",ClayDraw,32,C,2025-02-17,https://www.tennisabstract.com/cgi-bin/tourney.cgi?t=2025-6932%2FAlmaty,R32,Alexander Shevchenko,Felipe Meligeni Alves,103,149,6-4 6-2,,1.37,"{'ace_pct': 0.0137, 'first_in_pct': 0.16699999999999998, 'first_won_pct': 0.633, 'second_won_pct': 0.579}","{'first_in_pct': 0.052000000000000005, 'first_won_pct': 0.603, 'second_won_pct': 0.5429999999999999}"
"2025 Rio de Janeiro Tournament Results, Stats, and Analysis",ClayDraw,32,C,2025-02-17,https://www.tennisabstract.com/cgi-bin/tourney.cgi?t=2025-6932%2FAlmaty,R32,Francisco Comesana,Gustavo Heide,86,162,7-6(2) 6-7(7) 6-3,,1.44,"{'ace_pct': 0.0144, 'first_in_pct': 0.151, 'first_won_pct': 0.623, 'second_won_pct': 0.8640000000000001}","{'first_in_pct': 0.07200000000000001, 'first_won_pct': 0.561, 'second_won_pct': 0.731}"
"2025 Rio de Janeiro Tournament Results, Stats, and Analysis",ClayDraw,32,C,2025-02-17,https://www.tennisabstract.com/cgi-bin/tourney.cgi?t=2025-6932%2FAlmaty,R32,Nicolas Jarry,Juan Manuel Cerundolo,47,127,4-6 6-3 6-4,,1.17,"{'ace_pct': 0.011699999999999999, 'first_in_pct': 0.13, 'first_won_pct': 0.6409999999999999, 'second_won_pct': 0.7290000000000001}","{'first_in_pct': 0.04, 'first_won_pct': 0.64, 'second_won_pct': 0.688}"
"2025 Rio de Janeiro Tournament Results, Stats, and Analysis",ClayDraw,32,C,2025-02-17,https://www.tennisabstract.com/cgi-bin/tourney.cgi?t=2025-6932%2FAlmaty,R32,Francisco Cerundolo,Hugo Gaston,26,93,7-6(9) 6-0,,1.25,"{'ace_pct': 0.0125, 'first_in_pct': 0.057, 'first_won_pct': 0.5710000000000001, 'second_won_pct': 0.7}","{'first_in_pct': 0.026000000000000002, 'first_won_pct': 0.551, 'second_won_pct': 0.605}"
"2025 Rio de Janeiro Tournament Results, Stats, and Analysis",ClayDraw,32,C,2025-02-17,https://www.tennisabstract.com/cgi-bin/tourney.cgi?t=2025-6932%2FAlmaty,R32,Luciano Darderi,Hugo Dellien,61,108,7-6(2) 2-2 RET,,1.17,"{'ace_pct': 0.011699999999999999, 'first_in_pct': 0.193, 'first_won_pct': 0.632, 'second_won_pct': 0.639}","{'first_in_pct': 0.018000000000000002, 'first_won_pct': 0.768, 'second_won_pct': 0.6509999999999999}"
"2025 Rio de Janeiro Tournament Results, Stats, and Analysis",ClayDraw,32,C,2025-02-17,https://www.tennisabstract.com/cgi-bin/tourney.cgi?t=2025-6932%2FAlmaty,R32,Alexandre Muller,Joao Fonseca,60,68,6-1 7-6(4),,1.59,"{'ace_pct': 0.0159, 'first_in_pct': 0.03, 'first_won_pct': 0.667, 'second_won_pct': 0.773}","{'first_in_pct': 0.07, 'first_won_pct': 0.718, 'second_won_pct': 0.706}"
"2025 Rio de Janeiro Tournament Results, Stats, and Analysis",ClayDraw,32,C,2025-02-17,https://www.tennisabstract.com/cgi-bin/tourney.cgi?t=2025-6932%2FAlmaty,R32,Tomas Martin Etcheverry,Corentin Moutet,43,66,6-3 7-6(1),,1.38,"{'ace_pct': 0.0138, 'first_in_pct': 0.031, 'first_won_pct': 0.769, 'second_won_pct': 0.78}","{'first_in_pct': 0.06, 'first_won_pct': 0.627, 'second_won_pct': 0.643}"
"2025 Rio de Janeiro Tournament Results, Stats, and Analysis",ClayDraw,32,C,2025-02-17,https://www.tennisabstract.com/cgi-bin/tourney.cgi?t=2025-6932%2FAlmaty,R32,Sebastian Baez,Roman Andres Burruchaga,31,137,6-3 7-5,,1.37,"{'ace_pct': 0.0137, 'first_in_pct': 0.032, 'first_won_pct': 0.7140000000000001, 'second_won_pct': 0.622}","{'first_in_pct': 0.018000000000000002, 'first_won_pct': 0.526, 'second_won_pct': 0.5670000000000001}"
"2025 Rio de Janeiro Tournament Results, Stats, and Analysis",ClayDraw,32,C,2025-02-17,https://www.tennisabstract.com/cgi-bin/tourney.cgi?t=2025-6932%2FAlmaty,R32,Mariano Navone,Roberto Carballes Baena,46,53,6-4 6-3,,1.25,"{'ace_pct': 0.0125, 'first_in_pct': 0.049, 'first_won_pct': 0.639, 'second_won_pct': 0.7440000000000001}","{'first_in_pct': 0.018000000000000002, 'first_won_pct': 0.636, 'second_won_pct': 0.5710000000000001}"
"2025 Rio de Janeiro Tournament Results, Stats, and Analysis",ClayDraw,32,C,2025-02-17,https://www.tennisabstract.com/cgi-bin/tourney.cgi?t=2025-6932%2FAlmaty,R32,Thiago Monteiro,Facundo Diaz Acosta,99,119,3-6 6-3 7-6(3),,0.94,"{'ace_pct': 0.009399999999999999, 'first_in_pct': 0.065, 'first_won_pct': 0.613, 'second_won_pct': 0.772}","{'first_in_pct': 0.09, 'first_won_pct': 0.652, 'second_won_pct': 0.7929999999999999}"
"2025 Rio de Janeiro Tournament Results, Stats, and Analysis",ClayDraw,32,C,2025-02-17,https://www.tennisabstract.com/cgi-bin/tourney.cgi?t=2025-6932%2FAlmaty,R32,Chun Hsin Tseng,Alejandro Tabilo,125,28,6-2 7-5,,1.49,"{'ace_pct': 0.0149, 'first_in_pct': 0.094, 'first_won_pct': 0.609, 'second_won_pct': 0.7440000000000001}","{'first_in_pct': 0.0, 'first_won_pct': 0.514, 'second_won_pct': 0.595}"
"2025 Rio de Janeiro Tournament Results, Stats, and Analysis",ClayDraw,32,C,2025-02-17,https://www.tennisabstract.com/cgi-bin/tourney.cgi?t=2025-6932%2FAlmaty,R32,Camilo Ugo Carabelli,Pedro Martinez,91,37,4-6 6-3 6-3,,1.07,"{'ace_pct': 0.010700000000000001, 'first_in_pct': 0.052000000000000005, 'first_won_pct': 0.698, 'second_won_pct': 0.687}","{'first_in_pct': 0.0, 'first_won_pct': 0.7759999999999999, 'second_won_pct': 0.593}"
"2025 Rio de Janeiro Tournament Results, Stats, and Analysis",ClayDraw,32,C,2025-02-17,https://www.tennisabstract.com/cgi-bin/tourney.cgi?t=2025-6932%2FAlmaty,R32,Damir Dzumhur,Dusan Lajovic,97,83,6-3 6-4,,1.55,"{'ace_pct': 0.0155, 'first_in_pct': 0.051, 'first_won_pct': 0.644, 'second_won_pct': 0.684}","{'first_in_pct': 0.043, 'first_won_pct': 0.754, 'second_won_pct': 0.635}"
"2025 Rio de Janeiro Tournament Results, Stats, and Analysis",ClayDraw,32,C,2025-02-17,https://www.tennisabstract.com/cgi-bin/tourney.cgi?t=2025-6932%2FAlmaty,R32,Jaume Munar,Thiago Seyboth Wild,55,75,6-4 3-6 6-0,,1.13,"{'ace_pct': 0.0113, 'first_in_pct': 0.042, 'first_won_pct': 0.662, 'second_won_pct': 0.723}","{'first_in_pct': 0.013999999999999999, 'first_won_pct': 0.629, 'second_won_pct': 0.636}"
"2025 Rio de Janeiro Tournament Results, Stats, and Analysis",ClayDraw,32,C,2025-02-17,https://www.tennisabstract.com/cgi-bin/tourney.cgi?t=2025-6932%2FAlmaty,R32,Jaime Faria,Tomas Barrios Vera,107,139,6-2 7-5,,1.32,"{'ace_pct': 0.0132, 'first_in_pct': 0.102, 'first_won_pct': 0.525, 'second_won_pct': 0.8390000000000001}","{'first_in_pct': 0.033, 'first_won_pct': 0.607, 'second_won_pct': 0.703}"
"2025 Laver Cup Tournament Results, Stats, and Analysis",HardDraw,12,C,2025-09-19,https://www.tennisabstract.com/cgi-bin/tourney.cgi?t=2025-9210%2FLaver-Cup,RR,Casper Ruud,Reilly Opelka,12,62,6-4 7-6(4),,1.77,"{'ace_pct': 0.0177, 'first_in_pct': 0.094, 'first_won_pct': 0.797, 'second_won_pct': 0.882}","{'first_in_pct': 0.138, 'first_won_pct': 0.677, 'second_won_pct': 0.818}"
"2025 Laver Cup Tournament Results, Stats, and Analysis",HardDraw,12,C,2025-09-19,https://www.tennisabstract.com/cgi-bin/tourney.cgi?t=2025-9210%2FLaver-Cup,RR,Jakub Mensik,Alex Michelsen,17,32,6-1 6-7(3) [10-8],,1.52,"{'ace_pct': 0.0152, 'first_in_pct': 0.086, 'first_won_pct': 0.638, 'second_won_pct': 0.784}","{'first_in_pct': 0.069, 'first_won_pct': 0.6940000000000001, 'second_won_pct': 0.66}"
"2025 Laver Cup Tournament Results, Stats, and Analysis",HardDraw,12,C,2025-09-19,https://www.tennisabstract.com/cgi-bin/tourney.cgi?t=2025-9210%2FLaver-Cup,RR,Joao Fonseca,Flavio Cobolli,42,25,6-4 6-3,,1.56,"{'ace_pct': 0.015600000000000001, 'first_in_pct': 0.04, 'first_won_pct': 0.72, 'second_won_pct': 0.75}","{'first_in_pct': 0.017, 'first_won_pct': 0.5670000000000001, 'second_won_pct': 0.5589999999999999}"
"2025 Laver Cup Tournament Results, Stats, and Analysis",HardDraw,12,C,2025-09-19,https://www.tennisabstract.com/cgi-bin/tourney.cgi?t=2025-9210%2FLaver-Cup,RR,Alex De Minaur,Alexander Zverev,8,3,6-1 6-4,,1.56,"{'ace_pct': 0.015600000000000001, 'first_in_pct': 0.0, 'first_won_pct': 0.7, 'second_won_pct': 0.667}","{'first_in_pct': 0.02, 'first_won_pct': 0.84, 'second_won_pct': 0.47600000000000003}"
"2025 Laver Cup Tournament Results, Stats, and Analysis",HardDraw,12,C,2025-09-19,https://www.tennisabstract.com/cgi-bin/tourney.cgi?t=2025-9210%2FLaver-Cup,RR,Francisco Cerundolo,Holger Rune,21,11,6-3 7-6(5),,1.07,"{'ace_pct': 0.010700000000000001, 'first_in_pct': 0.012, 'first_won_pct': 0.679, 'second_won_pct': 0.667}","{'first_in_pct': 0.015, 'first_won_pct': 0.6970000000000001, 'second_won_pct': 0.696}"
"2025 Laver Cup Tournament Results, Stats, and Analysis",HardDraw,12,C,2025-09-19,https://www.tennisabstract.com/cgi-bin/tourney.cgi?t=2025-9210%2FLaver-Cup,RR,Taylor Fritz,Carlos Alcaraz,5,,6-3 6-2,,1.73,"{'ace_pct': 0.0173, 'first_in_pct': 0.098, 'first_won_pct': 0.588, 'second_won_pct': 0.8}","{'first_in_pct': 0.047, 'first_won_pct': 0.698, 'second_won_pct': 0.633}"
"2025 Laver Cup Tournament Results, Stats, and Analysis",HardDraw,12,C,2025-09-19,https://www.tennisabstract.com/cgi-bin/tourney.cgi?t=2025-9210%2FLaver-Cup,RR,Alex De Minaur,Jakub Mensik,8,17,6-3 6-4,,1.42,"{'ace_pct': 0.014199999999999999, 'first_in_pct': 0.016, 'first_won_pct': 0.688, 'second_won_pct': 0.727}","{'first_in_pct': 0.11699999999999999, 'first_won_pct': 0.617, 'second_won_pct': 0.784}"
"2025 Laver Cup Tournament Results, Stats, and Analysis",HardDraw,12,C,2025-09-19,https://www.tennisabstract.com/cgi-bin/tourney.cgi?t=2025-9210%2FLaver-Cup,RR,Carlos Alcaraz,Francisco Cerundolo,,21,6-2 6-1,,1.79,"{'ace_pct': 0.0179, 'first_in_pct': 0.0, 'first_won_pct': 0.623, 'second_won_pct': 0.667}","{'first_in_pct': 0.022000000000000002, 'first_won_pct': 0.565, 'second_won_pct': 0.5}"
"2025 Laver Cup Tournament Results, Stats, and Analysis",HardDraw,12,C,2025-09-19,https://www.tennisabstract.com/cgi-bin/tourney.cgi?t=2025-9210%2FLaver-Cup,RR,Taylor Fritz,Alexander Zverev,5,3,6-3 7-6(4),,1.64,"{'ace_pct': 0.016399999999999998, 'first_in_pct': 0.047, 'first_won_pct': 0.625, 'second_won_pct': 0.8}","{'first_in_pct': 0.046, 'first_won_pct': 0.754, 'second_won_pct': 0.6940000000000001}"
