match_key,match_date,tourney_name,surface,round,winner_name,loser_name,score,winner_serve_ace_pct,winner_serve_df_pct,winner_serve_first_in_pct,winner_serve_first_won_pct,winner_serve_second_won_pct,winner_serve_bp_saved_num,winner_serve_bp_saved_den,winner_total_points_won_pct,winner_return_points_won_pct,winner_return_bp_converted_num,winner_return_bp_converted_den,minutes,loser_serve_ace_pct,loser_serve_df_pct,loser_serve_first_in_pct,loser_serve_first_won_pct,loser_serve_second_won_pct,loser_serve_bp_saved_num,loser_serve_bp_saved_den,loser_total_points_won_pct,loser_return_points_won_pct,loser_return_bp_converted_num,loser_return_bp_converted_den,source_url
js_26bd58141c4a957f,2026-01-04,Brisbane,Hard,R32,Aleksandar Kovacevic,Nick Kyrgios,6-3 6-4,21.277,6.383,55.319,96.154,71.429,0,0,56.989,28.261,2,2,66,10.87,0.0,63.043,79.31,58.824,0,2,43.011,14.894,0,0,https://raw.githubusercontent.com/JeffSackmann/tennis_atp/master/atp_matches_2026.csv
js_08a57e28d7eb0464,2026-01-04,Brisbane,Hard,R32,Alex Michelsen,James Duckworth,6-7(4) 7-6(2) 6-3,17.431,1.835,69.725,78.947,57.576,6,6,51.923,29.293,1,3,146,10.101,7.071,55.556,81.818,56.818,2,3,48.077,27.523,0,6,https://raw.githubusercontent.com/JeffSackmann/tennis_atp/master/atp_matches_2026.csv
js_30ba71b2cc33e9cd,2026-01-04,Brisbane,Hard,R32,Brandon Nakashima,Alejandro Davidovich Fokina,7-6(4) 6-4,21.739,2.899,56.522,84.615,60.0,2,3,54.61,36.111,2,7,100,8.333,1.389,62.5,68.889,55.556,5,7,45.39,26.087,1,3,https://raw.githubusercontent.com/JeffSackmann/tennis_atp/master/atp_matches_2026.csv
js_b8be25480de8bcb1,2026-01-04,Brisbane,Hard,R32,Cameron Norrie,Ugo Humbert,1-6 7-6(6) 7-5,9.615,3.846,62.5,66.154,46.154,2,7,48.78,38.614,3,10,155,12.871,3.96,54.455,70.909,50.0,7,10,51.22,41.346,5,7,https://raw.githubusercontent.com/JeffSackmann/tennis_atp/master/atp_matches_2026.csv
js_0e25257f7ee3ed4f,2026-01-04,Brisbane,Hard,R32,Daniil Medvedev,Marton Fucsovics,6-2 6-3,9.524,4.762,66.667,78.571,42.857,2,4,59.596,54.386,6,10,69,0.0,3.509,61.404,54.286,31.818,4,10,40.404,33.333,2,4,https://raw.githubusercontent.com/JeffSackmann/tennis_atp/master/atp_matches_2026.csv
js_955c56663889bb10,2026-01-04,Brisbane,Hard,R32,Frances Tiafoe,Aleksandar Vukic,6-2 6-2,7.692,0.0,71.795,82.143,81.818,0,0,65.882,52.174,4,6,60,6.522,6.522,56.522,57.692,35.0,2,6,34.118,17.949,0,0,https://raw.githubusercontent.com/JeffSackmann/tennis_atp/master/atp_matches_2026.csv
js_77332b15ca1d8dd3,2026-01-04,Brisbane,Hard,R32,Giovanni Mpetshi Perricard,Tommy Paul,7-6(2) 3-6 7-6(6),21.818,3.636,72.727,75.0,63.333,2,3,47.573,19.792,0,1,131,6.25,1.042,65.625,79.365,81.818,1,1,52.427,28.182,1,3,https://raw.githubusercontent.com/JeffSackmann/tennis_atp/master/atp_matches_2026.csv
js_69f1de30b87d2b92,2026-01-04,Brisbane,Hard,R32,Grigor Dimitrov,Pablo Carreno Busta,6-3 6-2,14.286,2.041,61.224,86.667,63.158,1,1,59.574,40.0,3,4,67,8.889,2.222,71.111,65.625,46.154,1,4,40.426,22.449,0,1,https://raw.githubusercontent.com/JeffSackmann/tennis_atp/master/atp_matches_2026.csv
js_f215ba2b6d036912,2026-01-04,Brisbane,Hard,R32,Jiri Lehecka,Tomas Machac,6-4 6-7(5) 6-2,9.091,0.0,71.591,79.365,64.0,2,2,54.822,38.532,3,5,144,7.339,4.587,65.138,70.423,44.737,2,5,45.178,25.0,0,2,https://raw.githubusercontent.com/JeffSackmann/tennis_atp/master/atp_matches_2026.csv
js_1d69a3b8cd573069,2026-01-04,Brisbane,Hard,R32,Kamil Majchrzak,Daniel Altmaier,7-6(4) 6-0,13.208,1.887,69.811,89.189,37.5,0,1,59.821,47.458,4,9,82,11.864,8.475,62.712,64.865,31.818,5,9,40.179,26.415,1,1,https://raw.githubusercontent.com/JeffSackmann/tennis_atp/master/atp_matches_2026.csv
js_1767f1c6a96a4b27,2026-01-04,Brisbane,Hard,R32,Learner Tien,Camilo Ugo Carabelli,7-6(4) 6-3,1.639,3.279,59.016,80.556,68.0,0,1,55.118,36.364,2,7,91,3.03,3.03,57.576,76.316,46.429,5,7,44.882,24.59,1,1,https://raw.githubusercontent.com/JeffSackmann/tennis_atp/master/atp_matches_2026.csv
js_51c2b7aaa386ced7,2026-01-04,Brisbane,Hard,R32,Quentin Halys,Alexei Popyrin,5-7 6-3 6-4,18.987,2.532,73.418,89.655,42.857,1,2,53.988,32.143,2,5,114,15.476,2.381,64.286,75.926,53.333,3,5,46.012,22.785,1,2,https://raw.githubusercontent.com/JeffSackmann/tennis_atp/master/atp_matches_2026.csv
js_ff773464a4e049d1,2026-01-04,Brisbane,Hard,R32,Raphael Collignon,Denis Shapovalov,6-4 6-2,4.167,0.0,72.917,82.857,61.538,0,0,58.407,44.615,3,12,76,4.615,4.615,53.846,57.143,53.333,9,12,41.593,22.917,0,0,https://raw.githubusercontent.com/JeffSackmann/tennis_atp/master/atp_matches_2026.csv
js_da4d68ad6e28080d,2026-01-04,Brisbane,Hard,R32,Reilly Opelka,Dane Sweeny,6-3 7-5,38.182,3.636,81.818,80.0,80.0,0,0,56.098,36.765,2,8,82,2.941,5.882,60.294,80.488,37.037,6,8,43.902,20.0,0,0,https://raw.githubusercontent.com/JeffSackmann/tennis_atp/master/atp_matches_2026.csv
js_3d46032af59109ff,2026-01-04,Brisbane,Hard,R32,Rinky Hijikata,Adam Walton,6-3 6-2,12.963,0.0,61.111,66.667,61.905,1,2,55.882,45.833,4,8,72,8.333,2.083,66.667,56.25,50.0,4,8,44.118,35.185,1,2,https://raw.githubusercontent.com/JeffSackmann/tennis_atp/master/atp_matches_2026.csv
js_eece92e57b169cd1,2026-01-04,Brisbane,Hard,R32,Sebastian Korda,Valentin Vacherot,7-6(1) 6-3,14.925,7.463,68.657,80.435,57.143,3,4,55.147,37.681,2,9,87,13.043,2.899,66.667,65.217,56.522,7,9,44.853,26.866,1,4,https://raw.githubusercontent.com/JeffSackmann/tennis_atp/master/atp_matches_2026.csv
js_68a4887c95b33f14,2026-01-04,Brisbane,Hard,R16,Aleksandar Kovacevic,Cameron Norrie,7-6(4) 4-6 6-4,18.75,3.571,55.357,74.194,60.0,3,4,49.756,27.957,1,2,148,11.828,4.301,63.441,86.441,47.059,1,2,50.244,32.143,1,4,https://raw.githubusercontent.com/JeffSackmann/tennis_atp/master/atp_matches_2026.csv
js_29de79a5bb7904c0,2026-01-04,Brisbane,Hard,R16,Alex Michelsen,Learner Tien,6-4 6-2,7.547,1.887,64.151,82.353,52.632,1,1,55.752,41.667,3,9,75,13.333,13.333,56.667,64.706,50.0,6,9,44.248,28.302,0,1,https://raw.githubusercontent.com/JeffSackmann/tennis_atp/master/atp_matches_2026.csv
js_682a87db8aa1430d,2026-01-04,Brisbane,Hard,R16,Brandon Nakashima,Quentin Halys,6-2 6-4,20.0,0.0,73.333,72.727,56.25,2,2,55.172,41.071,3,9,76,10.714,7.143,62.5,68.571,42.857,6,9,44.828,31.667,0,2,https://raw.githubusercontent.com/JeffSackmann/tennis_atp/master/atp_matches_2026.csv
js_67f69d9555cbd95b,2026-01-04,Brisbane,Hard,R16,Daniil Medvedev,Frances Tiafoe,6-3 6-2,18.75,8.333,70.833,91.176,42.857,0,0,58.889,38.095,3,6,60,4.762,0.0,59.524,80.0,35.294,3,6,41.111,22.917,0,0,https://raw.githubusercontent.com/JeffSackmann/tennis_atp/master/atp_matches_2026.csv
js_6e0db70babb027db,2026-01-04,Brisbane,Hard,R16,Giovanni Mpetshi Perricard,Rinky Hijikata,4-6 7-6(5) 7-6(4),28.431,1.961,73.529,81.333,66.667,2,3,50.704,26.126,0,4,133,4.505,1.802,72.072,76.25,67.742,4,4,49.296,22.549,1,3,https://raw.githubusercontent.com/JeffSackmann/tennis_atp/master/atp_matches_2026.csv
js_8dce86c26351376d,2026-01-04,Brisbane,Hard,R16,Kamil Majchrzak,Reilly Opelka,6-7(2) 7-6(7) 7-6(8),12.037,1.852,70.37,86.842,68.75,0,0,51.304,24.59,0,3,149,36.066,3.279,81.148,78.788,60.87,3,3,48.696,18.519,0,0,https://raw.githubusercontent.com/JeffSackmann/tennis_atp/master/atp_matches_2026.csv
js_8dd9b67230470bfa,2026-01-04,Brisbane,Hard,R16,Raphael Collignon,Grigor Dimitrov,7-6(1) 6-3,15.152,3.03,66.667,81.818,63.636,3,3,56.463,40.741,1,7,108,13.58,2.469,49.383,77.5,41.463,6,7,43.537,24.242,0,3,https://raw.githubusercontent.com/JeffSackmann/tennis_atp/master/atp_matches_2026.csv
js_ee37e9e61fa02302,2026-01-04,Brisbane,Hard,R16,Sebastian Korda,Jiri Lehecka,6-3 1-2 RET,21.429,3.571,57.143,100.0,66.667,0,0,56.522,36.585,1,4,46,14.634,0.0,65.854,77.778,35.714,3,4,43.478,14.286,0,0,https://raw.githubusercontent.com/JeffSackmann/tennis_atp/master/atp_matches_2026.csv
js_af7a89385916cec3,2026-01-04,Brisbane,Hard,QF,Aleksandar Kovacevic,Giovanni Mpetshi Perricard,7-6(3) 4-6 6-3,16.049,3.704,64.198,86.538,72.414,0,1,52.381,25.287,1,5,107,27.586,1.149,70.115,81.967,57.692,4,5,47.619,18.519,1,1,https://raw.githubusercontent.com/JeffSackmann/tennis_atp/master/atp_matches_2026.csv
js_d947e05b58a16655,2026-01-04,Brisbane,Hard,QF,Alex Michelsen,Sebastian Korda,6-3 7-6(7),3.947,3.947,64.474,69.388,70.37,1,1,53.147,34.328,1,2,99,11.94,1.493,56.716,81.579,44.828,1,2,46.853,30.263,0,1,https://raw.githubusercontent.com/JeffSackmann/tennis_atp/master/atp_matches_2026.csv
js_0951e46045941529,2026-01-04,Brisbane,Hard,QF,Brandon Nakashima,Raphael Collignon,6-3 6-3,11.111,0.0,77.778,79.592,42.857,6,6,56.637,38.0,3,5,82,6.0,2.0,58.0,72.414,47.619,2,5,43.363,28.571,0,6,https://raw.githubusercontent.com/JeffSackmann/tennis_atp/master/atp_matches_2026.csv
js_a6e18bb2e183303c,2026-01-04,Brisbane,Hard,QF,Daniil Medvedev,Kamil Majchrzak,6-7(4) 6-3 6-2,17.204,4.301,65.591,78.689,43.75,5,6,54.645,42.222,4,9,132,4.444,0.0,60.0,62.963,50.0,5,9,45.355,33.333,1,6,https://raw.githubusercontent.com/JeffSackmann/tennis_atp/master/atp_matches_2026.csv
js_cc2630a79fb06152,2026-01-04,Brisbane,Hard,SF,Brandon Nakashima,Aleksandar Kovacevic,7-6(4) 6-4,20.548,1.37,69.863,74.51,54.545,2,2,51.333,35.065,1,3,104,18.182,5.195,63.636,77.551,42.857,2,3,48.667,31.507,0,2,https://raw.githubusercontent.com/JeffSackmann/tennis_atp/master/atp_matches_2026.csv
js_52adfc71dbfbbf85,2026-01-04,Brisbane,Hard,SF,Daniil Medvedev,Alex Michelsen,6-4 6-2,12.0,9.333,61.333,69.565,48.276,7,8,55.0,47.692,4,8,102,6.154,1.538,64.615,52.381,52.174,4,8,45.0,38.667,1,8,https://raw.githubusercontent.com/JeffSackmann/tennis_atp/master/atp_matches_2026.csv
js_dfaa91f5ce65e729,2026-01-04,Brisbane,Hard,F,Daniil Medvedev,Brandon Nakashima,6-2 7-6(1),13.699,5.479,69.863,70.588,59.091,3,4,53.968,35.849,3,5,95,5.66,0.0,62.264,78.788,40.0,2,5,46.032,32.877,1,4,https://raw.githubusercontent.com/JeffSackmann/tennis_atp/master/atp_matches_2026.csv
js_f511315037dcc61d,2026-01-05,Hong Kong,Hard,R32,Alexandre Muller,Miomir Kecmanovic,7-5 6-4,15.254,3.39,72.881,76.744,50.0,3,5,54.545,40.323,4,4,77,11.29,0.0,69.355,69.767,36.842,0,4,45.455,30.508,2,5,https://raw.githubusercontent.com/JeffSackmann/tennis_atp/master/atp_matches_2026.csv
js_3cf1d23f1372a6de,2026-01-05,Hong Kong,Hard,R32,Botic Van De Zandschulp,Jan Lennard Struff,6-3 1-6 6-1,5.556,6.944,59.722,67.442,48.276,5,8,51.389,43.056,4,8,94,4.167,5.556,62.5,60.0,51.852,4,8,48.611,40.278,3,8,https://raw.githubusercontent.com/JeffSackmann/tennis_atp/master/atp_matches_2026.csv
js_0c0da48b0da67abe,2026-01-05,Hong Kong,Hard,R32,Coleman Wong,Mariano Navone,6-3 7-5,5.556,2.778,51.389,72.973,51.429,6,8,54.795,47.297,5,11,101,4.054,4.054,63.514,65.957,29.63,6,11,45.205,37.5,2,8,https://raw.githubusercontent.com/JeffSackmann/tennis_atp/master/atp_matches_2026.csv
js_cc60429ab8ff55d0,2026-01-05,Hong Kong,Hard,R32,Gabriel Diallo,Jesper De Jong,6-4 7-6(7),12.329,2.74,64.384,82.979,61.538,0,0,52.113,27.536,1,1,105,11.594,5.797,60.87,80.952,59.259,0,1,47.887,24.658,0,0,https://raw.githubusercontent.com/JeffSackmann/tennis_atp/master/atp_matches_2026.csv
js_64ba9c9f2be7b854,2026-01-05,Hong Kong,Hard,R32,Juncheng Shang,Francisco Comesana,6-4 6-4,10.345,0.0,67.241,76.923,63.158,1,1,51.818,28.846,2,5,77,13.462,3.846,71.154,72.973,66.667,3,5,48.182,27.586,0,1,https://raw.githubusercontent.com/JeffSackmann/tennis_atp/master/atp_matches_2026.csv
js_bb1928d131d8a3ef,2026-01-05,Hong Kong,Hard,R32,Lorenzo Sonego,Rei Sakamoto,6-2 7-6(4),6.349,0.0,61.905,76.923,62.5,1,2,55.319,42.308,3,6,105,1.282,2.564,55.128,58.14,57.143,3,6,44.681,28.571,1,2,https://raw.githubusercontent.com/JeffSackmann/tennis_atp/master/atp_matches_2026.csv
js_71385bd961bc7ad1,2026-01-05,Hong Kong,Hard,R32,Marcos Giron,Laslo Djere,6-2 6-0,2.381,7.143,64.286,77.778,53.333,0,0,61.957,56.0,5,7,59,8.0,4.0,64.0,50.0,33.333,2,7,38.043,30.952,0,0,https://raw.githubusercontent.com/JeffSackmann/tennis_atp/master/atp_matches_2026.csv
js_3e689c9c81c23803,2026-01-05,Hong Kong,Hard,R32,Marin Cilic,Adrian Mannarino,6-3 6-2,16.071,5.357,48.214,88.889,51.724,1,1,58.095,44.898,3,6,84,0.0,0.0,73.469,61.111,38.462,3,6,41.905,30.357,0,1,https://raw.githubusercontent.com/JeffSackmann/tennis_atp/master/atp_matches_2026.csv
js_fc9225f7a5e1ffc8,2026-01-05,Hong Kong,Hard,R32,Michael Mmoh,Alejandro Tabilo,7-5 6-4,17.105,3.947,64.474,79.592,48.148,6,6,52.482,33.846,2,6,111,9.231,1.538,60.0,71.795,57.692,4,6,47.518,31.579,0,6,https://raw.githubusercontent.com/JeffSackmann/tennis_atp/master/atp_matches_2026.csv
js_3edce60e1938dab8,2026-01-05,Hong Kong,Hard,R32,Nuno Borges,Damir Dzumhur,6-4 6-3,9.804,1.961,78.431,67.5,36.364,3,5,54.167,49.275,5,8,75,1.449,7.246,59.42,58.537,39.286,3,8,45.833,39.216,2,5,https://raw.githubusercontent.com/JeffSackmann/tennis_atp/master/atp_matches_2026.csv
js_28f1f2c8f3fb77b8,2026-01-05,Hong Kong,Hard,R32,Tomas Martin Etcheverry,Valentin Royer,6-4 7-5,14.286,0.0,58.929,78.788,69.565,1,2,54.688,38.889,3,12,104,12.5,1.389,68.056,59.184,65.217,9,12,45.312,25.0,1,2,https://raw.githubusercontent.com/JeffSackmann/tennis_atp/master/atp_matches_2026.csv
js_b65f9665daf95aed,2026-01-05,Hong Kong,Hard,R32,Yibing Wu,Fabian Marozsan,6-4 6-2,3.175,0.0,63.492,77.5,43.478,3,3,54.464,40.816,3,5,74,4.082,2.041,61.224,70.0,42.105,2,5,45.536,34.921,0,3,https://raw.githubusercontent.com/JeffSackmann/tennis_atp/master/atp_matches_2026.csv
js_39e0dccb44488ca2,2026-01-05,Hong Kong,Hard,R16,Alexander Bublik,Botic Van De Zandschulp,6-3 6-3,22.642,7.547,71.698,86.842,33.333,2,2,57.273,43.86,3,4,70,14.035,10.526,52.632,76.667,33.333,1,4,42.727,28.302,0,2,https://raw.githubusercontent.com/JeffSackmann/tennis_atp/master/atp_matches_2026.csv
js_e44d4b3c96d093cf,2026-01-05,Hong Kong,Hard,R16,Andrey Rublev,Yibing Wu,3-6 6-2 6-1,12.987,2.597,66.234,74.51,46.154,3,5,55.705,45.833,5,7,97,6.944,1.389,58.333,66.667,36.667,2,7,44.295,35.065,2,5,https://raw.githubusercontent.com/JeffSackmann/tennis_atp/master/atp_matches_2026.csv
js_d46c64a286a5dd6c,2026-01-05,Hong Kong,Hard,R16,Coleman Wong,Gabriel Diallo,1-6 7-5 7-5,9.346,2.804,58.879,66.667,47.727,11,15,49.302,39.815,4,11,149,8.333,2.778,69.444,66.667,45.455,7,11,50.698,41.121,4,15,https://raw.githubusercontent.com/JeffSackmann/tennis_atp/master/atp_matches_2026.csv
js_95ae6322f2d63e59,2026-01-05,Hong Kong,Hard,R16,Juncheng Shang,Lorenzo Sonego,6-3 6-4,10.0,4.286,70.0,77.551,52.381,5,5,54.386,29.545,2,3,82,11.364,4.545,75.0,72.727,63.636,1,3,45.614,30.0,0,5,https://raw.githubusercontent.com/JeffSackmann/tennis_atp/master/atp_matches_2026.csv
js_68f082e47de12f24,2026-01-05,Hong Kong,Hard,R16,Lorenzo Musetti,Tomas Martin Etcheverry,6-7(3) 6-2 6-4,8.333,3.125,71.875,66.667,62.963,1,3,52.632,39.362,5,8,161,10.638,0.0,71.277,67.164,44.444,3,8,47.368,34.375,2,3,https://raw.githubusercontent.com/JeffSackmann/tennis_atp/master/atp_matches_2026.csv
js_db913d5c57b71803,2026-01-05,Hong Kong,Hard,R16,Marcos Giron,Alexandre Muller,6-4 7-6(4),4.412,1.471,69.118,68.085,57.143,1,4,55.556,47.368,4,9,96,3.947,2.632,61.842,59.574,41.379,5,9,44.444,35.294,3,4,https://raw.githubusercontent.com/JeffSackmann/tennis_atp/master/atp_matches_2026.csv
js_d1f666c6c248b02c,2026-01-05,Hong Kong,Hard,R16,Michael Mmoh,Karen Khachanov,7-6(2) 7-6(4),12.791,2.326,68.605,79.661,55.556,4,5,52.147,29.87,1,3,122,15.584,1.299,66.234,82.353,46.154,2,3,47.853,27.907,1,5,https://raw.githubusercontent.com/JeffSackmann/tennis_atp/master/atp_matches_2026.csv
js_bedb5974e797bbeb,2026-01-05,Hong Kong,Hard,R16,Nuno Borges,Marin Cilic,7-5 6-3,8.197,1.639,60.656,86.486,50.0,1,2,56.637,38.462,3,4,81,17.308,9.615,61.538,68.75,50.0,1,4,43.363,27.869,1,2,https://raw.githubusercontent.com/JeffSackmann/tennis_atp/master/atp_matches_2026.csv
js_03cd25bbfcd17f55,2026-01-05,Hong Kong,Hard,QF,Alexander Bublik,Juncheng Shang,6-1 7-6(2),25.862,3.448,67.241,87.179,68.421,1,1,58.73,39.706,2,4,85,4.412,4.412,57.353,61.538,58.621,2,4,41.27,18.966,0,1,https://raw.githubusercontent.com/JeffSackmann/tennis_atp/master/atp_matches_2026.csv
js_b44e8441831461fe,2026-01-05,Hong Kong,Hard,QF,Andrey Rublev,Nuno Borges,6-3 6-4,14.0,2.0,76.0,89.474,58.333,1,1,58.824,42.029,2,8,73,2.899,0.0,68.116,70.213,31.818,6,8,41.176,18.0,0,1,https://raw.githubusercontent.com/JeffSackmann/tennis_atp/master/atp_matches_2026.csv
js_c8ff269211d0f81d,2026-01-05,Hong Kong,Hard,QF,Lorenzo Musetti,Coleman Wong,6-4 6-4,3.846,3.846,59.615,67.742,80.952,0,1,55.046,38.596,3,6,75,10.526,3.509,75.439,72.093,28.571,3,6,44.954,26.923,1,1,https://raw.githubusercontent.com/JeffSackmann/tennis_atp/master/atp_matches_2026.csv
js_49ae8ab04520a0f1,2026-01-05,Hong Kong,Hard,QF,Marcos Giron,Michael Mmoh,6-3 1-0 RET,7.5,0.0,77.5,70.968,44.444,6,7,59.42,51.724,3,5,49,0.0,6.897,62.069,61.111,27.273,2,5,40.58,35.0,1,7,https://raw.githubusercontent.com/JeffSackmann/tennis_atp/master/atp_matches_2026.csv
js_4f3601362809cda5,2026-01-05,Hong Kong,Hard,SF,Alexander Bublik,Marcos Giron,3-6 6-4 6-2,10.976,4.878,65.854,77.778,50.0,6,8,53.659,39.024,3,3,101,6.098,1.22,67.073,65.455,51.852,0,3,46.341,31.707,2,8,https://raw.githubusercontent.com/JeffSackmann/tennis_atp/master/atp_matches_2026.csv
js_898607b67c5fc32c,2026-01-05,Hong Kong,Hard,SF,Lorenzo Musetti,Andrey Rublev,6-7(3) 7-5 6-4,4.274,1.709,73.504,75.581,45.161,7,8,51.802,34.286,3,10,163,6.667,0.0,64.762,73.529,51.351,7,10,48.198,32.479,1,8,https://raw.githubusercontent.com/JeffSackmann/tennis_atp/master/atp_matches_2026.csv
js_1de3db48d6b5cc58,2026-01-05,Hong Kong,Hard,F,Alexander Bublik,Lorenzo Musetti,7-6(2) 6-3,14.925,5.97,76.119,78.431,43.75,2,3,54.286,39.726,3,7,98,6.849,1.37,63.014,63.043,55.556,4,7,45.714,29.851,1,3,https://raw.githubusercontent.com/JeffSackmann/tennis_atp/master/atp_matches_2026.csv
js_73a17cabdb1276ea,2026-01-05,United Cup,Hard,RR,Alex De Minaur,Jakub Mensik,6-4 6-1,6.452,0.0,61.29,68.421,58.333,4,4,55.833,46.552,4,6,91,5.172,5.172,58.621,67.647,33.333,2,6,44.167,35.484,0,4,https://raw.githubusercontent.com/JeffSackmann/tennis_atp/master/atp_matches_2026.csv
js_086c13fb3623d0e2,2026-01-05,United Cup,Hard,RR,Alexander Zverev,Tallon Griekspoor,7-5 6-0,31.25,0.0,75.0,88.889,50.0,2,2,64.835,48.837,4,4,69,6.977,6.977,69.767,63.333,23.077,0,4,35.165,20.833,0,2,https://raw.githubusercontent.com/JeffSackmann/tennis_atp/master/atp_matches_2026.csv
js_c396654d5be59ec8,2026-01-05,United Cup,Hard,RR,Arthur Rinderknech,Flavio Cobolli,6-7(4) 7-6(5) 7-5,10.569,2.439,52.846,75.385,50.0,7,11,51.22,39.024,5,13,201,4.065,4.065,47.154,68.966,53.846,8,13,48.78,36.585,4,11,https://raw.githubusercontent.com/JeffSackmann/tennis_atp/master/atp_matches_2026.csv
js_4fac4f9e675a9881,2026-01-05,United Cup,Hard,RR,Billy Harris,Shintaro Mochizuki,7-6(4) 6-3,5.714,4.286,58.571,73.171,55.172,4,6,54.348,42.647,3,4,110,5.882,8.824,39.706,77.778,43.902,1,4,45.652,34.286,2,6,https://raw.githubusercontent.com/JeffSackmann/tennis_atp/master/atp_matches_2026.csv
js_d0f7360322c0f70b,2026-01-05,United Cup,Hard,RR,Casper Ruud,Alex De Minaur,6-3 6-3,9.091,4.545,71.212,78.723,42.105,5,5,56.061,43.939,3,10,93,3.03,12.121,54.545,63.889,46.667,7,10,43.939,31.818,0,5,https://raw.githubusercontent.com/JeffSackmann/tennis_atp/master/atp_matches_2026.csv
js_42721f758c7b44e6,2026-01-05,United Cup,Hard,RR,Felix Auger Aliassime,Zhizhen Zhang,6-4 6-4,10.909,0.0,67.273,86.486,55.556,1,1,56.364,36.364,2,2,87,3.636,3.636,61.818,67.647,57.143,0,2,43.636,23.636,0,1,https://raw.githubusercontent.com/JeffSackmann/tennis_atp/master/atp_matches_2026.csv
js_5bc743d231e6d205,2026-01-05,United Cup,Hard,RR,Flavio Cobolli,Stan Wawrinka,6-4 6-7(2) 7-6(4),7.921,0.99,54.455,74.545,71.739,0,0,49.756,26.923,1,4,175,7.692,2.885,58.654,80.328,62.791,3,4,50.244,26.733,0,0,https://raw.githubusercontent.com/JeffSackmann/tennis_atp/master/atp_matches_2026.csv
js_eb7b9ee4ce1ad8a0,2026-01-05,United Cup,Hard,RR,Hubert Hurkacz,Alexander Zverev,6-3 6-4,33.333,0.0,65.079,85.366,40.909,1,1,54.128,32.609,2,3,82,15.217,0.0,86.957,62.5,100.0,1,3,45.872,30.159,0,1,https://raw.githubusercontent.com/JeffSackmann/tennis_atp/master/atp_matches_2026.csv
js_79976e300c3b7b3a,2026-01-05,United Cup,Hard,RR,Hubert Hurkacz,Tallon Griekspoor,6-3 7-6(4),38.182,0.0,74.545,90.244,78.571,0,0,59.649,33.898,1,1,82,6.78,0.0,66.102,66.667,65.0,0,1,40.351,12.727,0,0,https://raw.githubusercontent.com/JeffSackmann/tennis_atp/master/atp_matches_2026.csv
js_d9ebb7b976e1d33b,2026-01-05,United Cup,Hard,RR,Jakub Mensik,Casper Ruud,7-5 7-6(6),19.277,3.614,61.446,78.431,40.625,5,7,52.469,40.506,3,6,128,1.266,1.266,56.962,55.556,64.706,3,6,47.531,36.145,2,7,https://raw.githubusercontent.com/JeffSackmann/tennis_atp/master/atp_matches_2026.csv
js_3739416e58094c8f,2026-01-05,United Cup,Hard,RR,Sebastian Baez,Jaume Munar,6-4 6-4,0.0,2.817,64.789,58.696,60.0,4,6,51.22,40.385,4,6,103,13.462,0.0,75.0,64.103,46.154,2,6,48.78,40.845,2,6,https://raw.githubusercontent.com/JeffSackmann/tennis_atp/master/atp_matches_2026.csv
js_72752dffe7e80aad,2026-01-05,United Cup,Hard,RR,Sebastian Baez,Taylor Fritz,4-6 7-5 6-4,3.738,0.0,74.766,63.75,59.259,8,11,50.239,37.255,4,8,153,22.549,1.961,54.902,76.786,45.652,4,8,49.761,37.383,3,11,https://raw.githubusercontent.com/JeffSackmann/tennis_atp/master/atp_matches_2026.csv
js_eb7aef4c2262db73,2026-01-05,United Cup,Hard,RR,Stan Wawrinka,Arthur Rinderknech,5-7 7-6(5) 7-6(5),5.0,1.667,56.667,77.941,59.615,2,4,48.918,26.126,1,7,198,15.315,4.505,54.955,81.967,64.0,6,7,51.082,30.0,2,4,https://raw.githubusercontent.com/JeffSackmann/tennis_atp/master/atp_matches_2026.csv
js_848f88f552bc83b3,2026-01-05,United Cup,Hard,RR,Stefanos Tsitsipas,Billy Harris,4-6 6-1 7-6(4),5.952,2.381,64.286,85.185,60.0,1,2,53.892,31.325,2,6,136,4.819,3.614,61.446,78.431,53.125,4,6,46.108,23.81,1,2,https://raw.githubusercontent.com/JeffSackmann/tennis_atp/master/atp_matches_2026.csv
js_e8686aa65c6820ba,2026-01-05,United Cup,Hard,RR,Stefanos Tsitsipas,Shintaro Mochizuki,6-3 6-4,13.115,3.279,68.852,66.667,57.895,1,2,53.39,42.105,3,8,82,1.754,5.263,52.632,73.333,40.741,5,8,46.61,36.066,1,2,https://raw.githubusercontent.com/JeffSackmann/tennis_atp/master/atp_matches_2026.csv
js_f74bc3a220527d9e,2026-01-05,United Cup,Hard,RR,Taylor Fritz,Jaume Munar,7-6(4) 3-6 7-6(6),14.286,6.25,66.964,80.0,48.649,5,6,48.718,29.508,0,2,193,11.475,4.098,59.016,86.111,48.0,2,2,51.282,30.357,1,6,https://raw.githubusercontent.com/JeffSackmann/tennis_atp/master/atp_matches_2026.csv
js_799c5154888bf140,2026-01-05,United Cup,Hard,RR,Zhizhen Zhang,Zizou Bergs,6-7(2) 7-6(3) 7-5,11.111,0.0,65.741,83.099,56.757,0,0,50.855,30.952,1,10,173,14.286,3.968,59.524,77.333,56.863,9,10,49.145,25.926,0,0,https://raw.githubusercontent.com/JeffSackmann/tennis_atp/master/atp_matches_2026.csv
js_c99bbd74d6251c48,2026-01-05,United Cup,Hard,RR,Zizou Bergs,Felix Auger Aliassime,6-4 6-2,8.0,0.0,60.0,73.333,80.0,5,5,58.929,45.161,3,10,88,12.903,8.065,61.29,73.684,25.0,7,10,41.071,24.0,0,5,https://raw.githubusercontent.com/JeffSackmann/tennis_atp/master/atp_matches_2026.csv
js_6807f4b38f3ccb81,2026-01-05,United Cup,Hard,QF,Alex De Minaur,Hubert Hurkacz,6-4 4-6 6-4,5.769,0.962,54.808,82.456,53.191,10,11,51.852,30.588,2,4,138,22.353,0.0,74.118,74.603,54.545,2,4,48.148,30.769,1,11,https://raw.githubusercontent.com/JeffSackmann/tennis_atp/master/atp_matches_2026.csv
js_ac292cfe2961abc1,2026-01-05,United Cup,Hard,QF,Sebastian Baez,Stan Wawrinka,7-5 6-4,4.11,1.37,78.082,71.93,56.25,5,5,52.518,34.848,2,4,98,16.667,3.03,54.545,80.556,46.667,2,4,47.482,31.507,0,5,https://raw.githubusercontent.com/JeffSackmann/tennis_atp/master/atp_matches_2026.csv
js_6cae0e27cf53afca,2026-01-05,United Cup,Hard,QF,Stefanos Tsitsipas,Taylor Fritz,6-4 7-5,7.937,3.175,69.841,79.545,57.895,2,2,51.724,26.415,2,3,81,11.321,0.0,60.377,81.25,61.905,1,3,48.276,26.984,0,2,https://raw.githubusercontent.com/JeffSackmann/tennis_atp/master/atp_matches_2026.csv
js_d1ab6815b91021ed,2026-01-05,United Cup,Hard,QF,Zizou Bergs,Jakub Mensik,6-2 7-6(4),8.861,2.532,54.43,72.093,55.556,3,5,54.348,40.678,4,7,100,10.169,8.475,55.932,66.667,50.0,3,7,45.652,35.443,2,5,https://raw.githubusercontent.com/JeffSackmann/tennis_atp/master/atp_matches_2026.csv
js_8aec92d90096f139,2026-01-05,United Cup,Hard,SF,Hubert Hurkacz,Taylor Fritz,7-6(1) 7-6(2),21.053,3.947,77.632,84.746,41.176,2,2,53.691,31.507,0,1,94,16.438,0.0,64.384,78.723,50.0,1,1,46.309,25.0,0,2,https://raw.githubusercontent.com/JeffSackmann/tennis_atp/master/atp_matches_2026.csv
js_dabc9036a293926e,2026-01-05,United Cup,Hard,SF,Zizou Bergs,Stan Wawrinka,6-3 6-7(4) 6-3,7.0,4.0,59.0,71.186,70.732,2,2,53.431,36.538,2,6,150,7.692,0.962,56.731,67.797,57.778,4,6,46.569,29.0,0,2,https://raw.githubusercontent.com/JeffSackmann/tennis_atp/master/atp_matches_2026.csv
js_c4e3b6f54d0ee185,2026-01-05,United Cup,Hard,F,Hubert Hurkacz,Stan Wawrinka,6-3 3-6 6-3,20.0,0.0,70.0,82.54,33.333,8,9,51.19,32.051,2,7,114,12.821,1.282,62.821,77.551,51.724,5,7,48.81,32.222,1,9,https://raw.githubusercontent.com/JeffSackmann/tennis_atp/master/atp_matches_2026.csv
js_79caf4f69933d34b,2026-01-12,Adelaide,Hard,R32,Aleksandar Vukic,Stefanos Tsitsipas,7-6(3) 7-6(5),6.383,0.0,60.638,66.667,70.27,4,4,49.123,25.974,0,4,113,16.883,0.0,64.935,88.0,48.148,4,4,50.877,31.915,0,4,https://raw.githubusercontent.com/JeffSackmann/tennis_atp/master/atp_matches_2026.csv
js_0f91fcd5869c2a0a,2026-01-12,Adelaide,Hard,R32,Alexander Shevchenko,Damir Dzumhur,4-6 6-4 7-5,6.863,4.902,59.804,67.213,48.78,4,9,52.475,45.0,6,10,147,1.0,1.0,61.0,65.574,38.462,4,10,47.525,40.196,5,9,https://raw.githubusercontent.com/JeffSackmann/tennis_atp/master/atp_matches_2026.csv
js_10f3d2e73a632311,2026-01-12,Adelaide,Hard,R32,Andrea Vavassori,Gabriel Diallo,6-3 7-6(4),7.143,4.286,60.0,85.714,46.429,0,1,52.941,34.848,2,3,109,7.576,4.545,63.636,76.19,45.833,1,3,47.059,30.0,1,1,https://raw.githubusercontent.com/JeffSackmann/tennis_atp/master/atp_matches_2026.csv
js_c41b4011facaf7a1,2026-01-12,Adelaide,Hard,R32,Jaume Munar,Daniel Altmaier,6-3 6-0,9.375,6.25,62.5,85.0,66.667,0,1,65.476,57.692,6,8,64,5.769,3.846,55.769,44.828,39.13,2,8,34.524,21.875,1,1,https://raw.githubusercontent.com/JeffSackmann/tennis_atp/master/atp_matches_2026.csv
js_3a3ec193eb30680f,2026-01-12,Adelaide,Hard,R32,Marton Fucsovics,Ethan Quinn,6-4 6-4,6.849,2.74,61.644,71.111,53.571,6,7,54.135,41.667,3,4,95,8.333,5.0,53.333,71.875,42.857,1,4,45.865,35.616,1,7,https://raw.githubusercontent.com/JeffSackmann/tennis_atp/master/atp_matches_2026.csv
js_986b1333fdbfe197,2026-01-12,Adelaide,Hard,R32,Quentin Halys,Jacob Fearnley,6-3 6-4,19.298,1.754,59.649,73.529,56.522,3,5,55.172,44.068,4,9,78,3.39,11.864,64.407,71.053,28.571,5,9,44.828,33.333,2,5,https://raw.githubusercontent.com/JeffSackmann/tennis_atp/master/atp_matches_2026.csv
js_ba13639bd6c450b6,2026-01-12,Adelaide,Hard,R32,Reilly Opelka,Alexei Popyrin,6-3 7-6(6),34.375,6.25,78.125,88.0,57.143,1,1,53.719,22.807,1,2,83,17.544,0.0,68.421,89.744,50.0,1,2,46.281,18.75,0,1,https://raw.githubusercontent.com/JeffSackmann/tennis_atp/master/atp_matches_2026.csv
js_fcab68303c8deb16,2026-01-12,Adelaide,Hard,R32,Rinky Hijikata,Tristan Schoolkate,6-4 6-4,7.692,1.923,63.462,78.788,68.421,3,4,55.856,38.983,3,6,79,13.559,8.475,50.847,73.333,48.276,3,6,44.144,25.0,1,4,https://raw.githubusercontent.com/JeffSackmann/tennis_atp/master/atp_matches_2026.csv
js_a73842510deb8fbf,2026-01-12,Adelaide,Hard,R32,Thanasi Kokkinakis,Sebastian Korda,3-6 6-3 7-6(3),15.0,1.0,61.0,70.492,61.538,6,9,51.053,33.333,3,5,146,8.889,3.333,50.0,73.333,60.0,2,5,48.947,33.0,3,9,https://raw.githubusercontent.com/JeffSackmann/tennis_atp/master/atp_matches_2026.csv
js_b5e03cc05aef2e11,2026-01-12,Adelaide,Hard,R32,Tomas Machac,James Duckworth,6-3 6-3,22.0,0.0,66.0,87.879,58.824,2,2,56.731,37.037,3,5,71,12.963,0.0,55.556,66.667,58.333,2,5,43.269,22.0,0,2,https://raw.githubusercontent.com/JeffSackmann/tennis_atp/master/atp_matches_2026.csv
js_1ace27d5c3e70588,2026-01-12,Adelaide,Hard,R32,Ugo Humbert,Terence Atmane,6-3 7-6(3),7.463,2.985,59.701,85.0,66.667,3,3,55.224,32.836,1,6,92,10.448,4.478,53.731,72.222,61.29,5,6,44.776,22.388,0,3,https://raw.githubusercontent.com/JeffSackmann/tennis_atp/master/atp_matches_2026.csv
js_2eb4306ee9595d7c,2026-01-12,Adelaide,Hard,R32,Valentin Vacherot,Miomir Kecmanovic,7-6(5) 6-4,14.118,3.529,75.294,68.75,42.857,6,8,50.658,35.821,3,4,96,5.97,4.478,68.657,69.565,52.381,1,4,49.342,37.647,2,8,https://raw.githubusercontent.com/JeffSackmann/tennis_atp/master/atp_matches_2026.csv
js_06b2a36db281a9a8,2026-01-12,Adelaide,Hard,R16,Alejandro Davidovich Fokina,Rinky Hijikata,6-3 6-2,0.0,4.651,58.14,76.0,44.444,3,5,58.095,54.839,6,11,83,1.613,4.839,54.839,55.882,32.143,5,11,41.905,37.209,2,5,https://raw.githubusercontent.com/JeffSackmann/tennis_atp/master/atp_matches_2026.csv
js_7794427761c4f137,2026-01-12,Adelaide,Hard,R16,Aleksandar Vukic,Andrea Vavassori,6-2 7-6(5),11.111,0.0,57.143,83.333,55.556,1,2,55.319,42.308,3,11,105,10.256,7.692,65.385,72.549,29.63,8,11,44.681,28.571,1,2,https://raw.githubusercontent.com/JeffSackmann/tennis_atp/master/atp_matches_2026.csv
js_e3f55910a9652c93,2026-01-12,Adelaide,Hard,R16,Alexander Shevchenko,Marton Fucsovics,6-3 7-6(6),14.286,0.0,71.429,86.667,61.111,3,3,54.745,33.784,1,10,100,9.459,0.0,62.162,73.913,53.571,9,10,45.255,20.635,0,3,https://raw.githubusercontent.com/JeffSackmann/tennis_atp/master/atp_matches_2026.csv
js_b991b2a3e701a062,2026-01-12,Adelaide,Hard,R16,Jaume Munar,Francisco Cerundolo,3-6 7-5 6-4,15.73,3.371,68.539,73.77,53.571,4,7,50.532,35.354,3,12,148,2.02,3.03,59.596,69.492,57.5,9,12,49.468,32.584,3,7,https://raw.githubusercontent.com/JeffSackmann/tennis_atp/master/atp_matches_2026.csv
js_b9d5c09c0c1538a3,2026-01-12,Adelaide,Hard,R16,Tomas Machac,Quentin Halys,6-4 6-2,10.169,3.39,67.797,72.5,47.368,1,2,54.783,44.643,4,6,74,7.143,1.786,58.929,66.667,39.13,2,6,45.217,35.593,1,2,https://raw.githubusercontent.com/JeffSackmann/tennis_atp/master/atp_matches_2026.csv
js_9dc1cf5fe30ed669,2026-01-12,Adelaide,Hard,R16,Tommy Paul,Reilly Opelka,6-4 6-4,11.111,3.704,57.407,83.871,69.565,0,0,55.046,32.727,2,5,71,27.273,1.818,65.455,77.778,47.368,3,5,44.954,22.222,0,0,https://raw.githubusercontent.com/JeffSackmann/tennis_atp/master/atp_matches_2026.csv
js_fd5d91e964149cce,2026-01-12,Adelaide,Hard,R16,Ugo Humbert,Tallon Griekspoor,6-4 6-1,5.769,3.846,57.692,80.0,59.091,4,5,60.185,50.0,4,8,78,3.571,7.143,75.0,52.381,42.857,4,8,39.815,28.846,1,5,https://raw.githubusercontent.com/JeffSackmann/tennis_atp/master/atp_matches_2026.csv
js_0981d75e8a91efe3,2026-01-12,Adelaide,Hard,R16,Valentin Vacherot,Thanasi Kokkinakis,W/O,,,,,,0,0,,,0,0,,,,,,,0,0,,,0,0,https://raw.githubusercontent.com/JeffSackmann/tennis_atp/master/atp_matches_2026.csv
js_4e43f78212f3cda6,2026-01-12,Adelaide,Hard,QF,Alejandro Davidovich Fokina,Valentin Vacherot,7-6(4) 6-2,4.839,1.613,74.194,76.087,68.75,0,1,55.906,38.462,3,5,92,23.077,6.154,75.385,65.306,50.0,2,5,44.094,25.806,1,1,https://raw.githubusercontent.com/JeffSackmann/tennis_atp/master/atp_matches_2026.csv
js_38dadd2c54b7db3b,2026-01-12,Adelaide,Hard,QF,Tomas Machac,Jaume Munar,6-4 6-4,3.279,0.0,60.656,75.676,66.667,4,4,54.167,35.593,2,6,90,6.78,0.0,69.492,68.293,55.556,4,6,45.833,27.869,0,4,https://raw.githubusercontent.com/JeffSackmann/tennis_atp/master/atp_matches_2026.csv
js_7b9e32a0a83f7ddf,2026-01-12,Adelaide,Hard,QF,Tommy Paul,Aleksandar Vukic,6-3 6-2,18.75,0.0,54.167,76.923,68.182,0,1,62.626,52.941,4,7,62,1.961,3.922,54.902,60.714,30.435,3,7,37.374,27.083,1,1,https://raw.githubusercontent.com/JeffSackmann/tennis_atp/master/atp_matches_2026.csv
js_feb9fc7dc2b56cd9,2026-01-12,Adelaide,Hard,QF,Ugo Humbert,Alexander Shevchenko,6-0 6-3,15.909,2.273,75.0,84.848,63.636,3,3,68.235,56.098,4,7,57,2.439,9.756,68.293,53.571,23.077,3,7,31.765,20.455,0,3,https://raw.githubusercontent.com/JeffSackmann/tennis_atp/master/atp_matches_2026.csv
js_28716fa1e77b3459,2026-01-12,Adelaide,Hard,SF,Tomas Machac,Tommy Paul,2-6 6-3 6-3,9.524,2.381,60.714,78.431,42.424,2,4,52.41,40.244,3,8,111,3.659,0.0,59.756,63.265,54.545,5,8,47.59,35.714,2,4,https://raw.githubusercontent.com/JeffSackmann/tennis_atp/master/atp_matches_2026.csv
js_cd34525255e7cbf5,2026-01-12,Adelaide,Hard,SF,Ugo Humbert,Alejandro Davidovich Fokina,6-3 5-7 7-6(4),9.901,1.98,67.327,77.941,54.545,0,1,51.471,33.01,1,3,152,4.854,1.942,70.874,69.863,60.0,2,3,48.529,29.703,1,1,https://raw.githubusercontent.com/JeffSackmann/tennis_atp/master/atp_matches_2026.csv
js_2aa2698a2a52f653,2026-01-12,Adelaide,Hard,F,Tomas Machac,Ugo Humbert,6-4 6-7(2) 6-2,5.102,1.02,68.367,73.134,58.065,3,4,53.333,38.144,4,12,143,8.247,3.093,61.856,75.0,40.541,8,12,46.667,31.633,1,4,https://raw.githubusercontent.com/JeffSackmann/tennis_atp/master/atp_matches_2026.csv
js_13a94109d5518576,2026-01-12,Auckland,Hard,R32,Alejandro Tabilo,Camilo Ugo Carabelli,6-4 6-2,21.951,0.0,75.61,93.548,70.0,0,0,64.045,43.75,3,3,62,8.333,6.25,60.417,72.414,31.579,0,3,35.955,12.195,0,0,https://raw.githubusercontent.com/JeffSackmann/tennis_atp/master/atp_matches_2026.csv
js_ebaf400df15ac643,2026-01-12,Auckland,Hard,R32,Alex Michelsen,Mariano Navone,2-6 6-2 7-5,2.353,0.0,63.529,68.519,45.161,2,6,50.777,43.519,5,15,145,3.704,2.778,60.185,60.0,51.163,10,15,49.223,40.0,4,6,https://raw.githubusercontent.com/JeffSackmann/tennis_atp/master/atp_matches_2026.csv
js_c5469ec397059732,2026-01-12,Auckland,Hard,R32,Cameron Norrie,Hugo Gaston,6-3 6-4,6.25,4.167,68.75,87.879,53.333,0,0,55.285,41.333,3,8,80,5.333,8.0,58.667,65.909,48.387,5,8,44.715,22.917,0,0,https://raw.githubusercontent.com/JeffSackmann/tennis_atp/master/atp_matches_2026.csv
js_006f258f2cc6fb64,2026-01-12,Auckland,Hard,R32,Eliot Spizzirri,Adrian Mannarino,6-4 6-3,11.364,0.0,63.636,89.286,75.0,0,0,60.748,44.444,3,5,80,6.349,4.762,42.857,70.37,44.444,2,5,39.252,15.909,0,0,https://raw.githubusercontent.com/JeffSackmann/tennis_atp/master/atp_matches_2026.csv
js_823e0641b8ab13a2,2026-01-12,Auckland,Hard,R32,Fabian Marozsan,Gael Monfils,5-7 6-3 6-4,6.25,2.083,59.375,71.93,64.103,2,4,53.439,37.634,3,8,120,10.753,6.452,60.215,71.429,48.649,5,8,46.561,31.25,2,4,https://raw.githubusercontent.com/JeffSackmann/tennis_atp/master/atp_matches_2026.csv
js_0bc5e93194284126,2026-01-12,Auckland,Hard,R32,Francisco Comesana,Valentin Royer,6-4 6-4,19.608,1.961,72.549,86.486,57.143,0,0,55.263,36.508,2,3,80,6.349,6.349,69.841,79.545,26.316,1,3,44.737,21.569,0,0,https://raw.githubusercontent.com/JeffSackmann/tennis_atp/master/atp_matches_2026.csv
js_a98072d63b00d8a9,2026-01-12,Auckland,Hard,R32,Giovanni Mpetshi Perricard,Roberto Bautista Agut,6-3 7-6(2),29.333,5.333,72.0,75.926,42.857,6,7,52.055,36.62,2,8,96,2.817,2.817,76.056,64.815,58.824,6,8,47.945,33.333,1,7,https://raw.githubusercontent.com/JeffSackmann/tennis_atp/master/atp_matches_2026.csv
js_1c86eb6d83bb9fe8,2026-01-12,Auckland,Hard,R32,Hamad Medjedovic,Aleksandar Kovacevic,6-4 3-6 7-6(2),14.118,3.529,70.588,83.333,56.0,2,3,50.575,26.966,1,2,117,16.854,1.124,67.416,86.667,44.828,1,2,49.425,24.706,1,3,https://raw.githubusercontent.com/JeffSackmann/tennis_atp/master/atp_matches_2026.csv
js_a829cd4d65670d44,2026-01-12,Auckland,Hard,R32,Jenson Brooksby,James Watt,6-4 6-3,3.03,4.545,72.727,70.833,55.556,3,3,53.731,41.176,3,13,86,5.882,4.412,75.0,64.706,41.176,10,13,46.269,33.333,0,3,https://raw.githubusercontent.com/JeffSackmann/tennis_atp/master/atp_matches_2026.csv
js_d5ee76063e21da13,2026-01-12,Auckland,Hard,R32,Marcos Giron,Alexandre Muller,6-2 6-2,1.695,0.0,64.407,78.947,57.143,6,6,60.577,46.667,4,5,73,6.667,6.667,62.222,64.286,35.294,1,5,39.423,28.814,0,6,https://raw.githubusercontent.com/JeffSackmann/tennis_atp/master/atp_matches_2026.csv
js_a693cd013fc4bb27,2026-01-12,Auckland,Hard,R32,Nuno Borges,Tomas Martin Etcheverry,7-5 3-6 7-6(2),7.407,1.852,74.074,78.75,46.429,2,3,48.744,23.077,1,1,149,6.593,2.198,56.044,82.353,70.0,0,1,51.256,29.63,1,3,https://raw.githubusercontent.com/JeffSackmann/tennis_atp/master/atp_matches_2026.csv
js_0caa3dc8459b50ca,2026-01-12,Auckland,Hard,R32,Sebastian Baez,Emilio Nava,4-6 7-5 6-3,2.703,0.901,81.982,62.637,75.0,5,6,50.725,34.375,3,9,143,10.417,1.042,62.5,71.667,55.556,6,9,49.275,35.135,1,6,https://raw.githubusercontent.com/JeffSackmann/tennis_atp/master/atp_matches_2026.csv
js_4bacec2725a87f05,2026-01-12,Auckland,Hard,R16,Ben Shelton,Francisco Comesana,7-5 6-4,16.438,4.11,75.342,78.182,55.556,6,6,54.676,34.848,2,4,102,1.515,1.515,72.727,68.75,55.556,2,4,45.324,27.397,0,6,https://raw.githubusercontent.com/JeffSackmann/tennis_atp/master/atp_matches_2026.csv
js_348f67b7c9b0b668,2026-01-12,Auckland,Hard,R16,Eliot Spizzirri,Nuno Borges,7-6(6) 6-4,10.606,0.0,74.242,81.633,52.941,1,2,52.113,32.895,2,6,98,5.263,0.0,72.368,72.727,52.381,4,6,47.887,25.758,1,2,https://raw.githubusercontent.com/JeffSackmann/tennis_atp/master/atp_matches_2026.csv
js_696b813a1d2ea5b2,2026-01-12,Auckland,Hard,R16,Fabian Marozsan,Casper Ruud,6-4 6-4,6.897,0.0,70.69,82.927,52.941,1,1,53.719,34.921,2,9,81,9.524,0.0,68.254,76.744,40.0,7,9,46.281,25.862,0,1,https://raw.githubusercontent.com/JeffSackmann/tennis_atp/master/atp_matches_2026.csv
js_0ae68e06cd0b4e85,2026-01-12,Auckland,Hard,R16,Giovanni Mpetshi Perricard,Cameron Norrie,4-6 6-3 7-6(4),24.51,2.941,71.569,78.082,51.724,3,4,49.727,23.457,1,4,122,3.704,2.469,67.901,78.182,73.077,3,4,50.273,29.412,1,4,https://raw.githubusercontent.com/JeffSackmann/tennis_atp/master/atp_matches_2026.csv
js_38038641d7eec0ff,2026-01-12,Auckland,Hard,R16,Jakub Mensik,Hamad Medjedovic,6-1 3-6 6-3,22.68,4.124,56.701,81.818,40.476,11,13,55.319,46.154,4,10,134,9.89,7.692,60.44,61.818,41.667,6,10,44.681,36.082,2,13,https://raw.githubusercontent.com/JeffSackmann/tennis_atp/master/atp_matches_2026.csv
js_57f1ebe129ce639a,2026-01-12,Auckland,Hard,R16,Luciano Darderi,Alejandro Tabilo,1-6 7-5 6-3,11.688,3.896,59.74,73.913,51.613,5,8,49.673,34.211,3,5,108,14.474,3.947,63.158,79.167,42.857,2,5,50.327,35.065,3,8,https://raw.githubusercontent.com/JeffSackmann/tennis_atp/master/atp_matches_2026.csv
js_c8700bf48268002c,2026-01-12,Auckland,Hard,R16,Marcos Giron,Alex Michelsen,6-4 6-4,7.843,0.0,76.471,76.923,58.333,0,1,54.4,41.892,3,8,87,5.405,4.054,66.216,67.347,40.0,5,8,45.6,27.451,1,1,https://raw.githubusercontent.com/JeffSackmann/tennis_atp/master/atp_matches_2026.csv
js_0bbb8385c84ac773,2026-01-12,Auckland,Hard,R16,Sebastian Baez,Jenson Brooksby,7-5 6-0,1.471,4.412,80.882,60.0,53.846,7,9,58.678,58.491,6,6,87,0.0,9.434,66.038,45.714,33.333,0,6,41.322,41.176,2,9,https://raw.githubusercontent.com/JeffSackmann/tennis_atp/master/atp_matches_2026.csv
js_3961ca3f2a9a7e98,2026-01-12,Auckland,Hard,QF,Fabian Marozsan,Eliot Spizzirri,6-4 2-6 6-2,12.329,2.74,71.233,67.308,38.095,2,6,48.921,37.879,5,7,104,7.576,1.515,51.515,76.471,46.875,2,7,51.079,41.096,4,6,https://raw.githubusercontent.com/JeffSackmann/tennis_atp/master/atp_matches_2026.csv
js_e940a54762dada0c,2026-01-12,Auckland,Hard,QF,Jakub Mensik,Giovanni Mpetshi Perricard,6-4 6-2,18.605,6.977,62.791,85.185,56.25,0,1,60.638,49.02,4,9,65,9.804,3.922,64.706,57.576,38.889,5,9,39.362,25.581,1,1,https://raw.githubusercontent.com/JeffSackmann/tennis_atp/master/atp_matches_2026.csv
js_3c3404807f36a472,2026-01-12,Auckland,Hard,QF,Marcos Giron,Luciano Darderi,1-6 7-5 6-4,9.091,4.545,63.636,66.071,40.625,6,11,48.066,39.785,5,10,155,12.903,1.075,50.538,76.596,43.478,5,10,51.934,43.182,5,11,https://raw.githubusercontent.com/JeffSackmann/tennis_atp/master/atp_matches_2026.csv
js_940eb6666637ce85,2026-01-12,Auckland,Hard,QF,Sebastian Baez,Ben Shelton,7-5 6-3,0.0,1.639,80.328,67.347,50.0,3,5,55.97,49.315,5,11,98,8.219,1.37,72.603,54.717,40.0,6,11,44.03,36.066,2,5,https://raw.githubusercontent.com/JeffSackmann/tennis_atp/master/atp_matches_2026.csv
js_00b0741345651163,2026-01-12,Auckland,Hard,SF,Jakub Mensik,Fabian Marozsan,7-6(9) 4-6 6-1,16.327,5.102,59.184,74.138,52.5,5,8,51.546,37.5,4,7,127,3.125,2.083,66.667,70.312,46.875,3,7,48.454,34.694,3,8,https://raw.githubusercontent.com/JeffSackmann/tennis_atp/master/atp_matches_2026.csv
js_4d845ccac3949088,2026-01-12,Auckland,Hard,SF,Sebastian Baez,Marcos Giron,6-1 6-4,9.615,1.923,82.692,69.767,77.778,1,2,58.333,50.0,4,15,87,3.75,5.0,58.75,61.702,33.333,11,15,41.667,28.846,1,2,https://raw.githubusercontent.com/JeffSackmann/tennis_atp/master/atp_matches_2026.csv
js_0380ee3a880c6133,2026-01-12,Auckland,Hard,F,Jakub Mensik,Sebastian Baez,6-3 7-6(7),26.866,4.478,61.194,95.122,34.615,1,2,54.545,36.923,2,5,82,3.077,4.615,80.0,67.308,46.154,3,5,45.455,28.358,1,2,https://raw.githubusercontent.com/JeffSackmann/tennis_atp/master/atp_matches_2026.csv
js_3f4bbd0d7c581876,2026-01-19,Australian Open,Hard,R128,Alejandro Davidovich Fokina,Filip Misolic,6-2 6-3 6-3,11.905,3.571,66.667,75.0,60.714,4,4,58.683,46.988,5,11,102,7.229,3.614,51.807,67.442,37.5,6,11,41.317,29.762,0,4,https://raw.githubusercontent.com/JeffSackmann/tennis_atp/master/atp_matches_2026.csv
js_762c0da4c60eb6e2,2026-01-19,Australian Open,Hard,R128,Alex De Minaur,Mackenzie Mcdonald,6-2 6-2 6-3,13.636,6.061,51.515,85.294,65.625,1,1,59.236,47.253,6,11,108,7.692,2.198,60.44,58.182,44.444,5,11,40.764,24.242,0,1,https://raw.githubusercontent.com/JeffSackmann/tennis_atp/master/atp_matches_2026.csv
js_4611e8378afa745e,2026-01-19,Australian Open,Hard,R128,Alexander Bublik,Jenson Brooksby,6-4 6-4 6-4,13.83,4.255,73.404,73.913,48.0,7,8,53.403,40.206,4,11,124,4.124,1.031,61.856,63.333,54.054,7,11,46.597,32.979,1,8,https://raw.githubusercontent.com/JeffSackmann/tennis_atp/master/atp_matches_2026.csv
js_5293e70e607e0529,2026-01-19,Australian Open,Hard,R128,Alexander Shevchenko,Elias Ymer,3-6 7-5 6-4 6-1,6.294,3.497,62.937,73.333,45.283,9,11,52.29,39.496,5,11,202,0.84,3.361,50.42,66.667,54.237,6,11,47.71,37.063,2,11,https://raw.githubusercontent.com/JeffSackmann/tennis_atp/master/atp_matches_2026.csv
js_7af38228effb87b1,2026-01-19,Australian Open,Hard,R128,Alexander Zverev,Gabriel Diallo,6-7(1) 6-1 6-4 6-2,15.306,1.02,71.429,84.286,57.143,1,2,56.19,38.393,6,8,163,8.929,4.464,69.643,71.795,38.235,2,8,43.81,23.469,1,2,https://raw.githubusercontent.com/JeffSackmann/tennis_atp/master/atp_matches_2026.csv
js_e472ac7de5f31b7d,2026-01-19,Australian Open,Hard,R128,Alexandre Muller,Alexei Popyrin,2-6 6-3 3-6 7-6(5) 7-6(4),3.247,2.597,72.078,70.27,53.488,5,10,47.896,30.323,3,10,234,25.806,0.0,64.516,75.0,60.0,7,10,52.104,34.416,5,10,https://raw.githubusercontent.com/JeffSackmann/tennis_atp/master/atp_matches_2026.csv
js_be6fbe71350cd453,2026-01-19,Australian Open,Hard,R128,Andrey Rublev,Matteo Arnaldi,6-4 6-2 6-3,10.0,2.5,63.75,76.471,65.517,6,6,56.051,38.961,5,11,112,5.195,5.195,51.948,62.5,59.459,6,11,43.949,27.5,0,6,https://raw.githubusercontent.com/JeffSackmann/tennis_atp/master/atp_matches_2026.csv
js_90a9f3875cd29f61,2026-01-19,Australian Open,Hard,R128,Arthur Fery,Flavio Cobolli,7-6(1) 6-4 6-1,7.059,0.0,71.765,68.852,54.167,3,6,57.143,49.398,6,10,132,8.434,9.639,60.241,62.0,33.333,4,10,42.857,35.294,3,6,https://raw.githubusercontent.com/JeffSackmann/tennis_atp/master/atp_matches_2026.csv
js_475068b290c95550,2026-01-19,Australian Open,Hard,R128,Arthur Gea,Jiri Lehecka,7-5 7-6(1) 7-5,6.481,3.704,66.667,72.222,58.333,3,6,53.54,40.678,5,15,161,6.78,0.847,60.169,69.014,44.681,10,15,46.46,32.407,3,6,https://raw.githubusercontent.com/JeffSackmann/tennis_atp/master/atp_matches_2026.csv
js_dc528be25a3c63f2,2026-01-19,Australian Open,Hard,R128,Ben Shelton,Ugo Humbert,6-3 7-6(2) 7-6(5),14.563,1.942,69.903,77.778,64.516,1,3,54.762,36.449,3,10,157,4.673,5.607,59.813,73.438,48.837,7,10,45.238,26.214,2,3,https://raw.githubusercontent.com/JeffSackmann/tennis_atp/master/atp_matches_2026.csv
js_d3ba771b9180ade6,2026-01-19,Australian Open,Hard,R128,Botic Van De Zandschulp,Brandon Nakashima,6-3 4-6 7-6(1) 7-6(3),10.638,4.965,68.794,77.32,54.545,5,6,51.311,30.159,2,3,208,7.937,2.381,73.016,73.913,58.824,1,3,48.689,29.787,1,6,https://raw.githubusercontent.com/JeffSackmann/tennis_atp/master/atp_matches_2026.csv
js_5e79bd5c20f110e7,2026-01-19,Australian Open,Hard,R128,Cameron Norrie,Benjamin Bonzi,6-0 6-7(2) 4-6 6-3 6-4,10.0,1.765,64.706,65.455,63.333,16,18,51.961,36.029,6,13,219,6.618,2.941,58.088,67.089,59.649,7,13,48.039,35.294,2,18,https://raw.githubusercontent.com/JeffSackmann/tennis_atp/master/atp_matches_2026.csv
js_43dd4b933b9d704e,2026-01-19,Australian Open,Hard,R128,Carlos Alcaraz,Adam Walton,6-3 7-6(2) 6-2,9.639,1.205,67.47,76.786,66.667,0,1,58.046,43.956,4,10,125,4.396,4.396,72.527,60.606,44.0,6,10,41.954,26.506,1,1,https://raw.githubusercontent.com/JeffSackmann/tennis_atp/master/atp_matches_2026.csv
js_51463136190aedcb,2026-01-19,Australian Open,Hard,R128,Casper Ruud,Mattia Bellucci,6-1 6-2 6-4,13.158,2.632,69.737,77.358,65.217,1,1,59.732,45.205,5,14,100,10.959,4.11,67.123,63.265,37.5,9,14,40.268,26.316,0,1,https://raw.githubusercontent.com/JeffSackmann/tennis_atp/master/atp_matches_2026.csv
js_e54362f69bde3cfb,2026-01-19,Australian Open,Hard,R128,Corentin Moutet,Tristan Schoolkate,6-4 7-6(1) 6-3,5.769,3.846,58.654,73.77,58.14,6,8,55.779,43.158,4,8,157,8.421,4.211,58.947,66.071,43.59,4,8,44.221,32.692,2,8,https://raw.githubusercontent.com/JeffSackmann/tennis_atp/master/atp_matches_2026.csv
js_e09c534806664ca7,2026-01-19,Australian Open,Hard,R128,Damir Dzumhur,Liam Draxl,7-5 6-0 6-4,6.667,4.444,58.889,73.585,59.459,6,8,57.754,48.454,7,12,143,7.216,4.124,53.608,63.462,37.778,5,12,42.246,32.222,2,8,https://raw.githubusercontent.com/JeffSackmann/tennis_atp/master/atp_matches_2026.csv
js_5c48521dd59c415c,2026-01-19,Australian Open,Hard,R128,Dane Sweeny,Gael Monfils,6-7(3) 7-5 6-4 7-5,1.351,2.027,63.514,70.213,61.111,9,11,51.282,37.195,5,19,231,8.537,3.659,56.707,76.344,45.07,14,19,48.718,33.108,2,11,https://raw.githubusercontent.com/JeffSackmann/tennis_atp/master/atp_matches_2026.csv
js_610500b1c09af166,2026-01-19,Australian Open,Hard,R128,Daniil Medvedev,Jesper De Jong,7-5 6-2 7-6(2),8.108,4.505,68.468,76.316,31.429,6,10,54.825,47.863,7,13,172,2.564,0.855,52.137,65.574,37.5,6,13,45.175,37.838,4,10,https://raw.githubusercontent.com/JeffSackmann/tennis_atp/master/atp_matches_2026.csv
js_1a96a9ad12005c51,2026-01-19,Australian Open,Hard,R128,Denis Shapovalov,Bu Yunchaokete,6-3 7-6(3) 6-1,22.892,0.0,63.855,86.792,76.667,1,1,59.777,39.583,3,8,135,1.042,1.042,60.417,62.069,57.895,5,8,40.223,16.867,0,1,https://raw.githubusercontent.com/JeffSackmann/tennis_atp/master/atp_matches_2026.csv
js_1164d773031a9d9f,2026-01-19,Australian Open,Hard,R128,Eliot Spizzirri,Joao Fonseca,6-4 2-6 6-1 6-2,14.583,2.083,64.583,80.645,55.882,7,9,55.556,40.196,5,13,158,9.804,4.902,58.824,66.667,50.0,8,13,44.444,28.125,2,9,https://raw.githubusercontent.com/JeffSackmann/tennis_atp/master/atp_matches_2026.csv
js_66cda547bc1c96f7,2026-01-19,Australian Open,Hard,R128,Emilio Nava,Kyrian Jacquet,6-2 7-5 6-7(5) 4-6 7-6(6),16.981,3.774,70.44,78.571,57.447,5,8,51.775,33.52,5,11,212,10.615,3.352,56.983,76.471,53.247,6,11,48.225,27.673,3,8,https://raw.githubusercontent.com/JeffSackmann/tennis_atp/master/atp_matches_2026.csv
js_9d56e39f6ec6994a,2026-01-19,Australian Open,Hard,R128,Ethan Quinn,Tallon Griekspoor,6-2 6-3 6-2,8.475,3.39,62.712,78.378,72.727,0,2,61.429,50.617,7,15,97,7.407,9.877,62.963,56.863,36.667,8,15,38.571,23.729,2,2,https://raw.githubusercontent.com/JeffSackmann/tennis_atp/master/atp_matches_2026.csv
js_6af7c722b3c8448f,2026-01-19,Australian Open,Hard,R128,Fabian Marozsan,Arthur Rinderknech,6-3 6-4 6-7(2) 6-4,7.895,1.754,71.053,79.012,66.667,0,0,53.36,35.252,3,11,177,12.95,1.439,64.748,64.444,65.306,8,11,46.64,24.561,0,0,https://raw.githubusercontent.com/JeffSackmann/tennis_atp/master/atp_matches_2026.csv
js_fd1273eb7a45a5fa,2026-01-19,Australian Open,Hard,R128,Frances Tiafoe,Jason Kubler,7-6(4) 6-3 6-2,21.296,4.63,59.259,79.688,47.727,5,6,53.968,37.037,4,6,133,11.111,3.704,72.84,69.492,45.455,2,6,46.032,33.333,1,6,https://raw.githubusercontent.com/JeffSackmann/tennis_atp/master/atp_matches_2026.csv
js_60a3d3ce5ab902de,2026-01-19,Australian Open,Hard,R128,Francesco Maestrelli,Terence Atmane,6-4 3-6 6-7(4) 6-1 6-1,20.896,5.97,59.701,81.25,57.407,2,3,52.688,35.172,6,16,203,9.655,2.759,55.862,74.074,53.125,10,16,47.312,28.358,1,3,https://raw.githubusercontent.com/JeffSackmann/tennis_atp/master/atp_matches_2026.csv
js_b1c115ca8747c5ff,2026-01-19,Australian Open,Hard,R128,Francisco Cerundolo,Zhizhen Zhang,6-3 7-6(0) 6-3,8.14,2.326,63.953,80.0,64.516,0,2,57.838,43.434,4,10,128,8.081,1.01,66.667,63.636,42.424,6,10,42.162,25.581,2,2,https://raw.githubusercontent.com/JeffSackmann/tennis_atp/master/atp_matches_2026.csv
js_4765c50169558b59,2026-01-19,Australian Open,Hard,R128,Francisco Comesana,Patrick Kypson,6-2 6-3 3-6 6-3,20.408,5.102,57.143,83.929,59.524,1,2,55.024,38.739,4,10,165,10.811,6.306,56.757,80.952,35.417,6,10,44.976,26.531,1,2,https://raw.githubusercontent.com/JeffSackmann/tennis_atp/master/atp_matches_2026.csv
js_278dd0e63b48f442,2026-01-19,Australian Open,Hard,R128,Hamad Medjedovic,Mariano Navone,6-2 6-7(3) 6-4 6-2,12.397,4.132,58.678,74.648,62.0,6,7,55.6,42.636,6,17,182,3.876,3.876,65.891,55.294,61.364,11,17,44.4,30.579,1,7,https://raw.githubusercontent.com/JeffSackmann/tennis_atp/master/atp_matches_2026.csv
js_b521d315c7458eb3,2026-01-19,Australian Open,Hard,R128,Hubert Hurkacz,Zizou Bergs,6-7(6) 7-6(6) 6-3 6-3,12.857,1.429,62.857,87.5,48.077,6,6,52.448,32.877,3,11,207,10.274,4.11,58.904,74.419,56.667,8,11,47.552,27.143,0,6,https://raw.githubusercontent.com/JeffSackmann/tennis_atp/master/atp_matches_2026.csv
js_86ac24a769e49f06,2026-01-19,Australian Open,Hard,R128,Jaime Faria,Alexander Blockx,6-3 3-6 6-3 6-4,4.386,1.754,56.14,71.875,60.0,3,5,50.935,33.0,4,8,148,8.0,2.0,56.0,76.786,54.545,4,8,49.065,33.333,2,5,https://raw.githubusercontent.com/JeffSackmann/tennis_atp/master/atp_matches_2026.csv
js_24d0992cb07a7fbb,2026-01-19,Australian Open,Hard,R128,Jakub Mensik,Pablo Carreno Busta,7-5 4-6 2-6 7-6(1) 6-3,14.595,10.27,54.595,75.248,40.476,12,18,49.855,38.75,6,12,253,0.625,3.75,67.5,68.519,46.154,6,12,50.145,40.541,6,18,https://raw.githubusercontent.com/JeffSackmann/tennis_atp/master/atp_matches_2026.csv
js_aec3537f0c28372c,2026-01-19,Australian Open,Hard,R128,James Duckworth,Dino Prizmic,7-6(4) 3-6 1-6 7-5 6-3,8.939,2.793,59.777,68.224,51.389,14,20,49.008,36.207,4,18,261,5.172,6.897,58.621,72.549,51.389,14,18,50.992,38.547,6,20,https://raw.githubusercontent.com/JeffSackmann/tennis_atp/master/atp_matches_2026.csv
js_d9287a96466cac8b,2026-01-19,Australian Open,Hard,R128,Jannik Sinner,Hugo Gaston,6-2 6-1 0-0 RET,13.333,0.0,64.444,86.207,50.0,3,3,63.043,53.191,4,7,68,0.0,0.0,48.936,60.87,33.333,3,7,36.957,26.667,0,3,https://raw.githubusercontent.com/JeffSackmann/tennis_atp/master/atp_matches_2026.csv
js_8f7f8bf755cdb95e,2026-01-19,Australian Open,Hard,R128,Jaume Munar,Dalibor Svrcina,3-6 6-2 6-7(5) 7-5 6-3,11.043,3.681,62.577,76.471,45.902,5,10,52.599,40.244,7,18,267,3.659,6.098,60.366,66.667,49.231,11,18,47.401,34.969,5,10,https://raw.githubusercontent.com/JeffSackmann/tennis_atp/master/atp_matches_2026.csv
js_53c98030ea862dea,2026-01-19,Australian Open,Hard,R128,Jordan Thompson,Juan Manuel Cerundolo,6-7(3) 7-5 6-1 6-1,8.696,0.87,58.261,76.119,70.833,5,5,56.25,40.0,6,10,194,4.0,4.8,48.0,66.667,53.846,4,10,43.75,26.087,0,5,https://raw.githubusercontent.com/JeffSackmann/tennis_atp/master/atp_matches_2026.csv
js_d359165b481603c0,2026-01-19,Australian Open,Hard,R128,Juncheng Shang,Roberto Bautista Agut,6-4 6-7(2) 6-4 6-0,9.735,5.31,61.062,84.058,52.273,3,4,55.455,38.318,6,11,172,10.28,0.935,65.421,65.714,54.054,5,11,44.545,28.319,1,4,https://raw.githubusercontent.com/JeffSackmann/tennis_atp/master/atp_matches_2026.csv
js_4b1b85271c06f34d,2026-01-19,Australian Open,Hard,R128,Kamil Majchrzak,Jacob Fearnley,7-6(2) 7-5 3-6 7-6(3),3.247,0.649,65.584,61.386,67.925,9,14,51.678,38.889,4,8,206,8.333,6.944,67.361,67.01,48.936,4,8,48.322,36.364,5,14,https://raw.githubusercontent.com/JeffSackmann/tennis_atp/master/atp_matches_2026.csv
js_54644d0e0ed7ca14,2026-01-19,Australian Open,Hard,R128,Karen Khachanov,Alex Michelsen,4-6 6-4 6-3 5-7 6-3,13.636,2.273,62.5,77.273,48.485,11,13,50.943,31.69,4,15,235,11.268,2.817,65.493,77.419,51.02,11,15,49.057,33.523,2,13,https://raw.githubusercontent.com/JeffSackmann/tennis_atp/master/atp_matches_2026.csv
js_59ee0f0315f6f2bc,2026-01-19,Australian Open,Hard,R128,Learner Tien,Marcos Giron,7-6(2) 4-6 3-6 7-6(3) 6-2,12.805,6.098,58.537,71.875,50.0,12,18,51.765,41.477,6,13,219,7.955,1.705,60.227,67.925,44.286,7,13,48.235,37.195,6,18,https://raw.githubusercontent.com/JeffSackmann/tennis_atp/master/atp_matches_2026.csv
js_7ead2d899ec35227,2026-01-19,Australian Open,Hard,R128,Lorenzo Musetti,Raphael Collignon,4-6 7-6(3) 7-5 3-2 RET,7.5,2.5,66.667,66.25,65.0,11,15,52.61,40.31,5,10,185,8.527,4.651,51.938,71.642,46.774,5,10,47.39,34.167,4,15,https://raw.githubusercontent.com/JeffSackmann/tennis_atp/master/atp_matches_2026.csv
js_3d70c2a4ec07c7ae,2026-01-19,Australian Open,Hard,R128,Lorenzo Sonego,Carlos Taberner,6-4 6-0 6-3,20.0,3.333,68.333,82.927,57.895,0,1,61.765,51.316,7,12,104,1.316,14.474,59.211,55.556,38.71,5,12,38.235,25.0,1,1,https://raw.githubusercontent.com/JeffSackmann/tennis_atp/master/atp_matches_2026.csv
js_41744bb5d9f42f2e,2026-01-19,Australian Open,Hard,R128,Luciano Darderi,Cristian Garin,7-6(5) 7-5 7-6(3),14.851,1.98,59.406,80.0,65.854,2,4,54.077,38.636,3,11,175,9.091,4.545,58.333,70.13,49.091,8,11,45.923,25.743,2,4,https://raw.githubusercontent.com/JeffSackmann/tennis_atp/master/atp_matches_2026.csv
js_4fba2ad5733de748,2026-01-19,Australian Open,Hard,R128,Marin Cilic,Daniel Altmaier,6-0 6-0 7-6(3),28.169,4.225,56.338,87.5,64.516,1,1,61.842,48.148,6,12,121,9.877,4.938,62.963,62.745,33.333,6,12,38.158,22.535,0,1,https://raw.githubusercontent.com/JeffSackmann/tennis_atp/master/atp_matches_2026.csv
js_4233c75143c3715a,2026-01-19,Australian Open,Hard,R128,Marton Fucsovics,Camilo Ugo Carabelli,7-6(5) 6-1 6-2,1.099,5.495,57.143,71.154,51.282,2,5,57.065,51.613,7,11,144,1.075,4.301,60.215,50.0,45.946,4,11,42.935,37.363,3,5,https://raw.githubusercontent.com/JeffSackmann/tennis_atp/master/atp_matches_2026.csv
js_668a96d643ec9e4d,2026-01-19,Australian Open,Hard,R128,Michael Zheng,Sebastian Korda,6-4 6-4 3-6 6-7(0) 6-3,2.299,0.0,66.092,68.696,57.627,6,7,48.418,28.169,4,8,223,15.493,3.521,62.676,79.775,58.491,4,8,51.582,35.057,1,7,https://raw.githubusercontent.com/JeffSackmann/tennis_atp/master/atp_matches_2026.csv
js_4625b2e871cea85f,2026-01-19,Australian Open,Hard,R128,Nishesh Basavareddy,Christopher Oconnell,4-6 7-6(7) 6-7(3) 6-2 6-3,11.486,3.378,52.703,74.359,65.714,1,4,52.16,36.932,5,13,248,14.205,1.705,59.091,74.038,47.222,8,13,47.84,29.73,3,4,https://raw.githubusercontent.com/JeffSackmann/tennis_atp/master/atp_matches_2026.csv
js_52de8bd0ba78f837,2026-01-19,Australian Open,Hard,R128,Novak Djokovic,Pedro Martinez,6-3 6-2 6-2,24.561,0.0,77.193,93.182,84.615,0,0,63.226,46.939,5,12,120,2.041,6.122,71.429,60.0,35.714,7,12,36.774,8.772,0,0,https://raw.githubusercontent.com/JeffSackmann/tennis_atp/master/atp_matches_2026.csv
js_0c37fad871a166f4,2026-01-19,Australian Open,Hard,R128,Nuno Borges,Felix Auger Aliassime,3-6 6-4 6-4 0-0 RET,7.143,1.19,64.286,72.222,60.0,2,5,51.534,34.177,3,6,129,10.127,1.266,63.291,66.0,65.517,3,6,48.466,32.143,3,5,https://raw.githubusercontent.com/JeffSackmann/tennis_atp/master/atp_matches_2026.csv
js_7b3ea455455de179,2026-01-19,Australian Open,Hard,R128,Quentin Halys,Alejandro Tabilo,6-2 6-2 7-6(2),15.19,1.266,55.696,84.091,71.429,1,1,60.0,43.956,4,7,113,7.692,1.099,63.736,58.621,51.515,3,7,40.0,21.519,0,1,https://raw.githubusercontent.com/JeffSackmann/tennis_atp/master/atp_matches_2026.csv
js_49b6ee5e44105d05,2026-01-19,Australian Open,Hard,R128,Rafael Jodar,Rei Sakamoto,7-6(6) 6-1 5-7 4-6 6-3,2.5,0.625,60.625,71.134,63.492,6,9,51.652,36.416,5,15,231,3.468,2.312,64.162,67.568,56.452,10,15,48.348,31.875,3,9,https://raw.githubusercontent.com/JeffSackmann/tennis_atp/master/atp_matches_2026.csv
js_f47bb616f46dff13,2026-01-19,Australian Open,Hard,R128,Reilly Opelka,Nicolai Budkov Kjaer,6-4 6-3 6-4,32.394,5.634,76.056,94.444,58.824,2,2,60.265,37.5,3,4,91,3.75,3.75,71.25,68.421,47.826,1,4,39.735,14.085,0,2,https://raw.githubusercontent.com/JeffSackmann/tennis_atp/master/atp_matches_2026.csv
js_3523e7e5b2d25658,2026-01-19,Australian Open,Hard,R128,Rinky Hijikata,Adrian Mannarino,6-3 6-3 6-1,4.494,3.371,61.798,78.182,50.0,6,7,59.509,50.0,6,11,118,9.459,4.054,60.811,55.556,41.379,5,11,40.491,32.584,1,7,https://raw.githubusercontent.com/JeffSackmann/tennis_atp/master/atp_matches_2026.csv
js_aa2c791172db0e6a,2026-01-19,Australian Open,Hard,R128,Sebastian Baez,Giovanni Mpetshi Perricard,6-4 6-4 3-6 5-7 6-3,6.452,1.29,77.419,71.667,54.286,10,13,50.492,32.667,4,10,191,20.0,4.0,70.667,73.585,52.273,6,10,49.508,32.258,3,13,https://raw.githubusercontent.com/JeffSackmann/tennis_atp/master/atp_matches_2026.csv
js_c54d23c9ddc396f3,2026-01-19,Australian Open,Hard,R128,Stan Wawrinka,Laslo Djere,5-7 6-3 6-4 7-6(4),12.069,1.724,49.138,85.965,64.407,2,4,53.759,37.333,3,18,200,6.0,3.333,61.333,72.826,46.552,15,18,46.241,25.0,2,4,https://raw.githubusercontent.com/JeffSackmann/tennis_atp/master/atp_matches_2026.csv
js_78163e12e7d722f7,2026-01-19,Australian Open,Hard,R128,Stefanos Tsitsipas,Shintaro Mochizuki,4-6 6-3 6-2 6-2,15.385,5.769,66.346,79.71,51.429,7,8,55.23,43.704,5,20,177,2.222,4.444,53.333,63.889,47.619,15,20,44.77,29.808,1,8,https://raw.githubusercontent.com/JeffSackmann/tennis_atp/master/atp_matches_2026.csv
js_d1daebbf57b0dc12,2026-01-19,Australian Open,Hard,R128,Taylor Fritz,Valentin Royer,7-6(5) 5-7 6-1 6-3,21.818,2.727,69.091,81.579,52.941,4,7,55.0,42.0,6,21,182,12.667,4.0,59.333,69.663,40.984,15,21,45.0,27.273,3,7,https://raw.githubusercontent.com/JeffSackmann/tennis_atp/master/atp_matches_2026.csv
js_56e30f0834081166,2026-01-19,Australian Open,Hard,R128,Thiago Agustin Tirante,Aleksandar Vukic,7-5 6-2 6-2,28.169,2.817,57.746,85.366,73.333,0,0,60.759,44.828,5,8,110,9.195,2.299,52.874,67.391,41.463,3,8,39.241,19.718,0,0,https://raw.githubusercontent.com/JeffSackmann/tennis_atp/master/atp_matches_2026.csv
js_ae1bc94ffc0be77a,2026-01-19,Australian Open,Hard,R128,Tomas Machac,Grigor Dimitrov,6-4 6-4 6-3,25.61,1.22,62.195,80.392,61.29,4,4,55.932,41.053,4,10,105,11.579,4.211,74.737,66.197,37.5,6,10,44.068,26.829,0,4,https://raw.githubusercontent.com/JeffSackmann/tennis_atp/master/atp_matches_2026.csv
js_445a329d4659042f,2026-01-19,Australian Open,Hard,R128,Tomas Martin Etcheverry,Miomir Kecmanovic,6-2 3-6 4-6 6-3 6-4,16.667,4.167,65.0,85.897,59.524,4,6,54.225,37.805,4,17,234,4.878,2.439,62.805,69.903,49.18,13,17,45.775,23.333,2,6,https://raw.githubusercontent.com/JeffSackmann/tennis_atp/master/atp_matches_2026.csv
js_52a34d855482ced6,2026-01-19,Australian Open,Hard,R128,Tommy Paul,Aleksandar Kovacevic,6-4 6-3 6-3,29.851,0.0,65.672,90.909,69.565,0,0,59.722,38.961,4,6,93,12.987,6.494,62.338,72.917,41.379,2,6,40.278,16.418,0,0,https://raw.githubusercontent.com/JeffSackmann/tennis_atp/master/atp_matches_2026.csv
js_defcce68872546ec,2026-01-19,Australian Open,Hard,R128,Valentin Vacherot,Martin Damm,6-4 6-4 6-4,19.565,2.174,67.391,83.871,53.333,5,5,55.682,35.714,3,3,116,19.048,4.762,67.857,75.439,40.741,0,3,44.318,26.087,0,5,https://raw.githubusercontent.com/JeffSackmann/tennis_atp/master/atp_matches_2026.csv
js_4ed3cd10676abb01,2026-01-19,Australian Open,Hard,R128,Vit Kopriva,Jan Lennard Struff,4-6 6-2 2-6 6-3 6-1,11.243,2.959,63.314,71.963,40.323,16,20,53.103,42.975,7,12,188,13.223,8.264,62.81,68.421,37.778,5,12,46.897,39.645,4,20,https://raw.githubusercontent.com/JeffSackmann/tennis_atp/master/atp_matches_2026.csv
js_484a5d8199fccdb5,2026-01-19,Australian Open,Hard,R128,Yannick Hanfmann,Zachary Svajda,7-5 4-6 6-4 7-6(3),15.2,1.6,58.4,76.712,59.615,4,8,53.184,38.732,5,9,171,7.746,5.634,69.014,67.347,47.727,4,9,46.816,30.4,4,8,https://raw.githubusercontent.com/JeffSackmann/tennis_atp/master/atp_matches_2026.csv
js_3890ea5228c4f1d0,2026-01-19,Australian Open,Hard,R128,Yibing Wu,Luca Nardi,7-5 4-6 6-4 6-2,5.303,2.273,57.576,69.737,55.357,15,19,53.012,41.026,7,13,177,5.983,5.128,55.556,63.077,53.846,6,13,46.988,36.364,4,19,https://raw.githubusercontent.com/JeffSackmann/tennis_atp/master/atp_matches_2026.csv
js_30099628181d7197,2026-01-19,Australian Open,Hard,R64,Alejandro Davidovich Fokina,Reilly Opelka,6-3 7-6(3) 5-7 4-6 6-4,7.273,0.606,78.182,76.744,52.778,9,11,51.534,31.056,2,11,227,22.981,7.453,66.46,74.766,57.407,9,11,48.466,28.485,2,11,https://raw.githubusercontent.com/JeffSackmann/tennis_atp/master/atp_matches_2026.csv
js_f8187f214381f4cb,2026-01-19,Australian Open,Hard,R64,Alex De Minaur,Hamad Medjedovic,6-7(5) 6-2 6-2 6-1,10.909,3.636,69.091,76.316,61.765,2,3,56.68,44.526,7,21,184,13.869,8.029,64.234,65.909,36.735,14,21,43.32,28.182,1,3,https://raw.githubusercontent.com/JeffSackmann/tennis_atp/master/atp_matches_2026.csv
js_d9f8839efd73256b,2026-01-19,Australian Open,Hard,R64,Alexander Bublik,Marton Fucsovics,7-5 6-4 7-5,13.333,4.444,70.0,76.19,51.852,0,2,53.11,41.176,5,13,133,5.042,5.042,59.664,61.972,54.167,8,13,46.89,31.111,2,2,https://raw.githubusercontent.com/JeffSackmann/tennis_atp/master/atp_matches_2026.csv
js_49efb33732ba7e44,2026-01-19,Australian Open,Hard,R64,Alexander Zverev,Alexandre Muller,6-3 4-6 6-3 6-4,16.667,0.926,67.593,71.233,62.857,5,8,54.077,41.6,6,16,184,3.2,1.6,69.6,64.368,44.737,10,16,45.923,31.481,3,8,https://raw.githubusercontent.com/JeffSackmann/tennis_atp/master/atp_matches_2026.csv
js_76b5bf3dfbb4735a,2026-01-19,Australian Open,Hard,R64,Andrey Rublev,Jaime Faria,6-4 6-3 4-6 7-5,4.8,2.4,68.8,75.581,56.41,10,12,53.878,37.5,5,9,170,8.333,4.167,61.667,68.919,52.174,4,9,46.122,30.4,2,12,https://raw.githubusercontent.com/JeffSackmann/tennis_atp/master/atp_matches_2026.csv
js_3f121c9b9c7a5103,2026-01-19,Australian Open,Hard,R64,Ben Shelton,Dane Sweeny,6-3 6-2 6-2,29.688,3.125,67.188,88.372,71.429,0,0,61.806,45.0,5,12,102,0.0,6.25,70.0,60.714,41.667,7,12,38.194,17.188,0,0,https://raw.githubusercontent.com/JeffSackmann/tennis_atp/master/atp_matches_2026.csv
js_57402a729ebf363f,2026-01-19,Australian Open,Hard,R64,Botic Van De Zandschulp,Juncheng Shang,7-6(6) 6-2 6-3,15.957,6.383,67.021,87.302,45.161,1,1,55.385,38.614,4,13,134,1.98,2.97,61.386,70.968,46.154,9,13,44.615,26.596,0,1,https://raw.githubusercontent.com/JeffSackmann/tennis_atp/master/atp_matches_2026.csv
js_36d2274501bf9b3b,2026-01-19,Australian Open,Hard,R64,Cameron Norrie,Emilio Nava,6-1 7-6(3) 4-6 7-6(5),3.472,1.389,66.667,68.75,66.667,7,10,53.082,38.514,4,19,198,12.838,3.378,66.892,65.657,53.061,15,19,46.918,31.944,3,10,https://raw.githubusercontent.com/JeffSackmann/tennis_atp/master/atp_matches_2026.csv
js_49638a697df85a72,2026-01-19,Australian Open,Hard,R64,Carlos Alcaraz,Yannick Hanfmann,7-6(4) 6-3 6-2,9.91,2.703,63.964,69.014,60.0,6,7,53.555,40.0,4,9,165,7.0,4.0,62.0,69.355,44.737,5,9,46.445,34.234,1,7,https://raw.githubusercontent.com/JeffSackmann/tennis_atp/master/atp_matches_2026.csv
js_de328aecabb35194,2026-01-19,Australian Open,Hard,R64,Casper Ruud,Jaume Munar,6-3 7-5 6-4,5.155,3.093,57.732,80.357,58.537,2,2,53.763,34.831,3,10,147,5.618,4.494,48.315,69.767,60.87,7,10,46.237,28.866,0,2,https://raw.githubusercontent.com/JeffSackmann/tennis_atp/master/atp_matches_2026.csv
js_5bf0a9081e729deb,2026-01-19,Australian Open,Hard,R64,Corentin Moutet,Michael Zheng,3-6 6-1 6-3 2-0 RET,13.158,6.579,60.526,71.739,53.333,4,7,56.25,48.81,7,7,122,3.571,1.19,72.619,59.016,30.435,0,7,43.75,35.526,3,7,https://raw.githubusercontent.com/JeffSackmann/tennis_atp/master/atp_matches_2026.csv
js_da34264851b02070,2026-01-19,Australian Open,Hard,R64,Daniil Medvedev,Quentin Halys,6-7(9) 6-3 6-4 6-2,9.655,4.138,66.897,74.227,54.167,10,12,55.0,39.13,6,10,182,5.217,5.217,64.348,71.622,41.463,4,10,45.0,32.414,2,12,https://raw.githubusercontent.com/JeffSackmann/tennis_atp/master/atp_matches_2026.csv
js_68f76268b0de5699,2026-01-19,Australian Open,Hard,R64,Eliot Spizzirri,Yibing Wu,6-2 6-4 6-7(4) 4-6 6-3,4.706,2.353,68.824,69.231,52.83,11,14,52.096,39.634,6,15,223,6.707,3.659,66.463,69.725,41.818,9,15,47.904,35.882,3,14,https://raw.githubusercontent.com/JeffSackmann/tennis_atp/master/atp_matches_2026.csv
js_2b40da694a4adbed,2026-01-19,Australian Open,Hard,R64,Ethan Quinn,Hubert Hurkacz,6-4 7-6(5) 6-1,11.111,1.852,66.667,77.778,58.333,8,8,56.158,38.947,3,7,135,9.474,1.053,60.0,66.667,52.632,4,7,43.842,28.704,0,8,https://raw.githubusercontent.com/JeffSackmann/tennis_atp/master/atp_matches_2026.csv
js_5911f38bd758abd9,2026-01-19,Australian Open,Hard,R64,Fabian Marozsan,Kamil Majchrzak,6-3 6-4 7-6(5),4.425,1.77,70.796,62.5,54.545,8,12,55.172,50.42,6,14,142,2.521,3.361,67.227,57.5,33.333,8,14,44.828,39.823,4,12,https://raw.githubusercontent.com/JeffSackmann/tennis_atp/master/atp_matches_2026.csv
js_1c7c76b98325c6d9,2026-01-19,Australian Open,Hard,R64,Frances Tiafoe,Francisco Comesana,6-4 6-3 4-6 6-2,6.481,0.926,55.556,86.667,52.083,4,5,54.545,39.837,5,17,190,12.195,4.065,66.667,69.512,41.463,12,17,45.455,28.704,1,5,https://raw.githubusercontent.com/JeffSackmann/tennis_atp/master/atp_matches_2026.csv
js_9f8f494fdd699756,2026-01-19,Australian Open,Hard,R64,Francisco Cerundolo,Damir Dzumhur,6-3 6-2 6-1,15.152,1.515,57.576,78.947,67.857,2,3,59.722,47.436,7,12,97,3.846,1.282,64.103,58.0,42.857,5,12,40.278,25.758,1,3,https://raw.githubusercontent.com/JeffSackmann/tennis_atp/master/atp_matches_2026.csv
js_d2846d192855365d,2026-01-19,Australian Open,Hard,R64,Jakub Mensik,Rafael Jodar,6-2 6-4 6-4,10.0,2.222,61.111,80.0,42.857,4,6,55.429,44.706,6,11,118,3.529,1.176,61.176,61.538,45.455,5,11,44.571,34.444,2,6,https://raw.githubusercontent.com/JeffSackmann/tennis_atp/master/atp_matches_2026.csv
js_ec33feb955b5ad0e,2026-01-19,Australian Open,Hard,R64,Jannik Sinner,James Duckworth,6-1 6-4 6-2,23.377,2.597,64.935,86.0,55.556,3,3,60.256,45.57,5,14,109,11.392,5.063,63.291,70.0,27.586,9,14,39.744,24.675,0,3,https://raw.githubusercontent.com/JeffSackmann/tennis_atp/master/atp_matches_2026.csv
js_4c0d4e0c39c13192,2026-01-19,Australian Open,Hard,R64,Karen Khachanov,Nishesh Basavareddy,6-1 6-4 6-3,21.429,1.429,70.0,83.673,66.667,4,4,60.494,46.739,5,12,117,10.87,3.261,46.739,72.093,36.735,7,12,39.506,21.429,0,4,https://raw.githubusercontent.com/JeffSackmann/tennis_atp/master/atp_matches_2026.csv
js_e62c2655ca9d8099,2026-01-19,Australian Open,Hard,R64,Learner Tien,Alexander Shevchenko,6-2 5-7 6-1 6-0,9.783,2.174,59.783,81.818,51.351,2,4,59.14,48.936,9,13,121,4.255,1.064,63.83,51.667,50.0,4,13,40.86,30.435,2,4,https://raw.githubusercontent.com/JeffSackmann/tennis_atp/master/atp_matches_2026.csv
js_07721e76053e2539,2026-01-19,Australian Open,Hard,R64,Lorenzo Musetti,Lorenzo Sonego,6-3 6-3 6-4,1.149,2.299,66.667,68.966,58.621,4,6,55.665,48.276,6,23,171,4.31,5.172,66.379,61.039,33.333,17,23,44.335,34.483,2,6,https://raw.githubusercontent.com/JeffSackmann/tennis_atp/master/atp_matches_2026.csv
js_ee788232f48bbbe4,2026-01-19,Australian Open,Hard,R64,Luciano Darderi,Sebastian Baez,6-3 1-6 6-4 6-3,9.615,0.962,58.654,63.934,53.488,5,10,51.196,42.857,6,14,148,3.81,2.857,68.571,59.722,51.515,8,14,48.804,40.385,5,10,https://raw.githubusercontent.com/JeffSackmann/tennis_atp/master/atp_matches_2026.csv
js_ce8ebe6f0adae492,2026-01-19,Australian Open,Hard,R64,Marin Cilic,Denis Shapovalov,6-4 6-3 6-2,5.556,5.556,55.556,84.0,45.0,4,6,58.48,49.383,6,12,129,3.704,8.642,51.852,66.667,33.333,6,12,41.52,33.333,2,6,https://raw.githubusercontent.com/JeffSackmann/tennis_atp/master/atp_matches_2026.csv
js_fb2e9eb6e3a6beba,2026-01-19,Australian Open,Hard,R64,Novak Djokovic,Francesco Maestrelli,6-3 6-2 6-2,6.41,5.128,64.103,86.0,39.286,4,5,59.649,51.613,6,16,135,10.753,4.301,59.14,54.545,39.474,10,16,40.351,30.769,1,5,https://raw.githubusercontent.com/JeffSackmann/tennis_atp/master/atp_matches_2026.csv
js_cc7127a58c3a1c18,2026-01-19,Australian Open,Hard,R64,Nuno Borges,Jordan Thompson,6-7(9) 6-3 6-2 6-4,7.692,3.077,69.231,72.222,57.5,5,7,54.582,40.496,6,7,184,9.917,0.826,57.025,66.667,50.0,1,7,45.418,32.308,2,7,https://raw.githubusercontent.com/JeffSackmann/tennis_atp/master/atp_matches_2026.csv
js_014f990404503fc8,2026-01-19,Australian Open,Hard,R64,Stan Wawrinka,Arthur Gea,4-6 6-3 3-6 7-5 7-6(3),6.25,1.705,61.932,67.89,61.194,10,14,51.734,37.647,4,13,273,7.647,4.118,58.824,73.0,47.143,9,13,48.266,34.659,4,14,https://raw.githubusercontent.com/JeffSackmann/tennis_atp/master/atp_matches_2026.csv
js_970d7e6e00fe5002,2026-01-19,Australian Open,Hard,R64,Taylor Fritz,Vit Kopriva,6-1 6-4 7-6(4),17.045,1.136,77.273,79.412,65.0,2,3,58.046,39.535,4,7,118,3.488,2.326,55.814,62.5,57.895,3,7,41.954,23.864,1,3,https://raw.githubusercontent.com/JeffSackmann/tennis_atp/master/atp_matches_2026.csv
js_187af99bbe839feb,2026-01-19,Australian Open,Hard,R64,Tomas Machac,Stefanos Tsitsipas,6-4 3-6 7-6(5) 7-6(5),4.317,4.317,67.626,69.149,66.667,7,10,50.368,31.579,3,3,188,18.045,6.015,56.391,81.333,51.724,0,3,49.632,31.655,3,10,https://raw.githubusercontent.com/JeffSackmann/tennis_atp/master/atp_matches_2026.csv
js_b978d9ceebcaece1,2026-01-19,Australian Open,Hard,R64,Tomas Martin Etcheverry,Arthur Fery,7-6(4) 6-1 6-3,10.891,0.99,68.317,68.116,71.875,9,10,55.959,41.304,5,11,164,5.435,1.087,65.217,65.0,46.875,6,11,44.041,30.693,1,10,https://raw.githubusercontent.com/JeffSackmann/tennis_atp/master/atp_matches_2026.csv
js_e6e81431563b12f8,2026-01-19,Australian Open,Hard,R64,Tommy Paul,Thiago Agustin Tirante,6-3 6-4 6-2,4.878,1.22,57.317,78.723,65.714,4,4,58.683,44.706,4,10,122,14.118,3.529,56.471,75.0,29.73,6,10,41.317,26.829,0,4,https://raw.githubusercontent.com/JeffSackmann/tennis_atp/master/atp_matches_2026.csv
js_f1b1fb8c105a5e31,2026-01-19,Australian Open,Hard,R64,Valentin Vacherot,Rinky Hijikata,6-1 6-3 4-6 6-2,15.152,4.04,60.606,83.333,56.41,4,5,56.731,42.202,6,11,148,4.587,4.587,70.642,61.039,50.0,5,11,43.269,27.273,1,5,https://raw.githubusercontent.com/JeffSackmann/tennis_atp/master/atp_matches_2026.csv
js_a96be742d765d6a7,2026-01-19,Australian Open,Hard,R32,Alex De Minaur,Frances Tiafoe,6-3 6-4 7-5,8.247,6.186,61.856,78.333,51.351,3,5,55.556,43.564,5,12,163,5.941,0.99,59.406,60.0,51.22,7,12,44.444,31.959,2,5,https://raw.githubusercontent.com/JeffSackmann/tennis_atp/master/atp_matches_2026.csv
js_95c8eda6c4544d55,2026-01-19,Australian Open,Hard,R32,Alexander Bublik,Tomas Martin Etcheverry,7-6(4) 7-6(5) 6-4,20.192,1.923,64.423,89.552,62.162,3,3,53.241,28.571,1,4,157,8.929,0.893,66.071,75.676,63.158,3,4,46.759,20.192,0,3,https://raw.githubusercontent.com/JeffSackmann/tennis_atp/master/atp_matches_2026.csv
js_4c2c0b7e3fed2a35,2026-01-19,Australian Open,Hard,R32,Alexander Zverev,Cameron Norrie,7-5 4-6 6-3 6-1,15.094,0.943,71.698,77.632,53.333,3,5,54.054,38.793,6,14,166,4.31,1.724,65.517,64.474,55.0,8,14,45.946,29.245,2,5,https://raw.githubusercontent.com/JeffSackmann/tennis_atp/master/atp_matches_2026.csv
js_8f3d0604a478c0e7,2026-01-19,Australian Open,Hard,R32,Ben Shelton,Valentin Vacherot,6-4 6-4 7-6(5),15.625,1.042,64.583,80.645,64.706,1,1,53.476,30.769,2,4,137,13.187,4.396,69.231,79.365,46.429,2,4,46.524,25.0,0,1,https://raw.githubusercontent.com/JeffSackmann/tennis_atp/master/atp_matches_2026.csv
js_afbf1e9d4227b912,2026-01-19,Australian Open,Hard,R32,Carlos Alcaraz,Corentin Moutet,6-2 6-4 6-1,4.167,1.389,70.833,72.549,52.381,2,4,58.788,52.688,8,13,125,0.0,5.376,61.29,52.632,38.889,5,13,41.212,33.333,2,4,https://raw.githubusercontent.com/JeffSackmann/tennis_atp/master/atp_matches_2026.csv
js_32e72d52bf0b0e0a,2026-01-19,Australian Open,Hard,R32,Casper Ruud,Marin Cilic,6-4 6-4 3-6 7-5,20.325,3.252,70.732,78.161,41.667,8,10,50.407,33.333,4,7,184,14.634,4.878,52.846,78.462,53.448,3,7,49.593,32.52,2,10,https://raw.githubusercontent.com/JeffSackmann/tennis_atp/master/atp_matches_2026.csv
js_6212c95d11b02ccc,2026-01-19,Australian Open,Hard,R32,Daniil Medvedev,Fabian Marozsan,6-7(5) 4-6 7-5 6-0 6-3,13.014,6.849,64.384,64.894,57.692,5,12,54.192,47.872,11,28,223,0.0,1.064,71.277,61.194,29.63,17,28,45.808,37.671,7,12,https://raw.githubusercontent.com/JeffSackmann/tennis_atp/master/atp_matches_2026.csv
js_f7a236b0d9da458f,2026-01-19,Australian Open,Hard,R32,Francisco Cerundolo,Andrey Rublev,6-3 7-6(4) 6-3,8.081,2.02,61.616,80.328,60.526,2,3,55.0,33.333,3,6,128,6.173,6.173,53.086,88.372,42.105,3,6,45.0,27.273,1,3,https://raw.githubusercontent.com/JeffSackmann/tennis_atp/master/atp_matches_2026.csv
js_84655242a0eff5bc,2026-01-19,Australian Open,Hard,R32,Jakub Mensik,Ethan Quinn,6-2 7-6(5) 7-6(5),9.804,7.843,50.0,74.51,56.863,3,6,53.365,41.509,5,10,149,8.491,6.604,50.943,72.222,44.231,5,10,46.635,34.314,3,6,https://raw.githubusercontent.com/JeffSackmann/tennis_atp/master/atp_matches_2026.csv
js_72b5b45ed5029cc7,2026-01-19,Australian Open,Hard,R32,Jannik Sinner,Eliot Spizzirri,4-6 6-3 6-4 6-4,12.879,3.03,66.667,64.773,43.182,10,16,50.417,41.667,8,11,225,5.556,2.778,64.815,65.714,44.737,3,11,49.583,42.424,6,16,https://raw.githubusercontent.com/JeffSackmann/tennis_atp/master/atp_matches_2026.csv
js_e4bdced8d5e69a20,2026-01-19,Australian Open,Hard,R32,Learner Tien,Nuno Borges,7-6(9) 6-4 6-2,8.0,5.0,67.0,73.134,54.545,4,6,53.571,39.583,5,8,124,8.333,2.083,82.292,64.557,41.176,3,8,46.429,33.0,2,6,https://raw.githubusercontent.com/JeffSackmann/tennis_atp/master/atp_matches_2026.csv
js_ae194c86e994cbce,2026-01-19,Australian Open,Hard,R32,Lorenzo Musetti,Tomas Machac,5-7 6-4 6-2 5-7 6-2,6.536,3.268,56.209,73.256,49.254,10,15,53.143,45.685,8,26,267,1.523,1.523,63.959,61.111,42.254,18,26,46.857,37.255,5,15,https://raw.githubusercontent.com/JeffSackmann/tennis_atp/master/atp_matches_2026.csv
js_7b4e6f3dcb9127cc,2026-01-19,Australian Open,Hard,R32,Luciano Darderi,Karen Khachanov,7-6(5) 3-6 6-3 6-4,13.6,3.2,59.2,78.378,54.902,2,4,51.136,35.252,3,8,203,10.072,2.878,63.309,70.455,54.902,5,8,48.864,31.2,2,4,https://raw.githubusercontent.com/JeffSackmann/tennis_atp/master/atp_matches_2026.csv
js_762e4fa46d92cdce,2026-01-19,Australian Open,Hard,R32,Novak Djokovic,Botic Van De Zandschulp,6-3 6-4 7-6(4),11.458,6.25,63.542,77.049,60.0,5,7,56.0,42.308,4,9,164,14.423,3.846,59.615,67.742,42.857,5,9,44.0,29.167,2,7,https://raw.githubusercontent.com/JeffSackmann/tennis_atp/master/atp_matches_2026.csv
js_32eccb20f384a4a3,2026-01-19,Australian Open,Hard,R32,Taylor Fritz,Stan Wawrinka,7-6(5) 2-6 6-4 6-4,25.0,0.833,70.0,84.524,50.0,5,7,50.855,26.316,2,7,166,13.158,2.632,60.526,85.507,55.556,5,7,49.145,25.833,2,7,https://raw.githubusercontent.com/JeffSackmann/tennis_atp/master/atp_matches_2026.csv
js_fade2af4317834e7,2026-01-19,Australian Open,Hard,R32,Tommy Paul,Alejandro Davidovich Fokina,6-1 6-1 0-0 RET,9.375,0.0,62.5,95.0,75.0,0,0,67.47,54.902,5,8,59,5.882,7.843,60.784,45.161,45.0,3,8,32.53,12.5,0,0,https://raw.githubusercontent.com/JeffSackmann/tennis_atp/master/atp_matches_2026.csv
js_0b7f3d82b31715b8,2026-01-19,Australian Open,Hard,R16,Alex De Minaur,Alexander Bublik,6-4 6-1 6-1,8.065,1.613,59.677,81.081,72.0,0,0,62.238,50.617,6,11,92,7.407,4.938,64.198,53.846,41.379,5,11,37.762,22.581,0,0,https://raw.githubusercontent.com/JeffSackmann/tennis_atp/master/atp_matches_2026.csv
js_952bc2e838b138e5,2026-01-19,Australian Open,Hard,R16,Alexander Zverev,Francisco Cerundolo,6-2 6-4 6-4,9.333,2.667,77.333,79.31,58.824,1,2,56.805,42.553,5,8,132,0.0,0.0,64.894,65.574,42.424,3,8,43.195,25.333,1,2,https://raw.githubusercontent.com/JeffSackmann/tennis_atp/master/atp_matches_2026.csv
js_fa02234cd7b28177,2026-01-19,Australian Open,Hard,R16,Ben Shelton,Casper Ruud,3-6 6-4 6-3 6-4,14.583,4.167,65.625,82.54,72.727,2,3,54.299,35.2,3,11,156,7.2,4.8,71.2,66.292,61.111,8,11,45.701,20.833,1,3,https://raw.githubusercontent.com/JeffSackmann/tennis_atp/master/atp_matches_2026.csv
js_bb7118ff070c18f5,2026-01-19,Australian Open,Hard,R16,Carlos Alcaraz,Tommy Paul,7-6(6) 6-4 7-5,2.128,0.0,70.213,78.788,67.857,1,2,53.695,34.862,3,10,164,6.422,4.587,54.128,81.356,46.0,7,10,46.305,24.468,1,2,https://raw.githubusercontent.com/JeffSackmann/tennis_atp/master/atp_matches_2026.csv
js_d24b55c89e3c072b,2026-01-19,Australian Open,Hard,R16,Jannik Sinner,Luciano Darderi,6-1 6-3 7-6(2),22.093,0.0,72.093,80.645,62.5,6,6,57.377,41.237,4,8,129,11.34,5.155,56.701,72.727,40.476,4,8,42.623,24.419,0,6,https://raw.githubusercontent.com/JeffSackmann/tennis_atp/master/atp_matches_2026.csv
js_32a6fa728efe8195,2026-01-19,Australian Open,Hard,R16,Learner Tien,Daniil Medvedev,6-4 6-0 6-3,7.353,1.471,64.706,70.455,66.667,0,1,59.477,51.765,7,10,102,7.059,7.059,68.235,58.621,25.926,3,10,40.523,30.882,1,1,https://raw.githubusercontent.com/JeffSackmann/tennis_atp/master/atp_matches_2026.csv
js_1e256e630b6f1df3,2026-01-19,Australian Open,Hard,R16,Lorenzo Musetti,Taylor Fritz,6-2 7-5 6-4,16.049,2.469,67.901,83.636,69.231,2,2,58.788,39.286,4,9,123,11.905,1.19,59.524,64.0,55.882,5,9,41.212,20.988,0,2,https://raw.githubusercontent.com/JeffSackmann/tennis_atp/master/atp_matches_2026.csv
js_a66cf7e2bebc6248,2026-01-19,Australian Open,Hard,R16,Novak Djokovic,Jakub Mensik,W/O,,,,,,,,,,,,,,,,,,,,,,,,https://raw.githubusercontent.com/JeffSackmann/tennis_atp/master/atp_matches_2026.csv
js_544560db122b0446,2026-01-19,Australian Open,Hard,QF,Alexander Zverev,Learner Tien,6-3 6-7(5) 6-1 7-6(3),18.045,0.752,72.18,76.042,64.865,3,3,55.133,36.923,3,7,190,8.462,6.923,63.077,74.39,43.75,4,7,44.867,27.068,0,3,https://raw.githubusercontent.com/JeffSackmann/tennis_atp/master/atp_matches_2026.csv
js_5c1fb5f0de9f1361,2026-01-19,Australian Open,Hard,QF,Carlos Alcaraz,Alex De Minaur,7-5 6-2 6-1,6.024,3.614,57.831,77.083,54.286,5,7,58.523,50.538,7,16,135,1.075,0.0,54.839,58.824,38.095,9,16,41.477,32.53,2,7,https://raw.githubusercontent.com/JeffSackmann/tennis_atp/master/atp_matches_2026.csv
js_baea8b81be36ff10,2026-01-19,Australian Open,Hard,QF,Jannik Sinner,Ben Shelton,6-3 6-4 6-4,5.495,2.198,59.341,77.778,64.865,4,4,55.44,40.196,3,12,143,7.843,2.941,68.627,68.571,40.625,9,12,44.56,27.473,0,4,https://raw.githubusercontent.com/JeffSackmann/tennis_atp/master/atp_matches_2026.csv
js_fdf43fea47600139,2026-01-19,Australian Open,Hard,QF,Novak Djokovic,Lorenzo Musetti,4-6 3-6 3-1 RET,4.706,1.176,63.529,61.111,38.71,6,11,48.322,42.188,3,6,128,6.25,4.688,60.938,64.103,48.0,3,6,51.678,47.059,5,11,https://raw.githubusercontent.com/JeffSackmann/tennis_atp/master/atp_matches_2026.csv
js_a98fd3ed184e0516,2026-01-19,Australian Open,Hard,SF,Carlos Alcaraz,Alexander Zverev,6-4 7-6(5) 6-7(3) 6-7(4) 7-5,6.417,2.674,64.706,73.554,62.121,5,7,50.761,33.816,4,14,327,8.213,1.932,71.981,71.141,53.448,10,14,49.239,30.481,2,7,https://raw.githubusercontent.com/JeffSackmann/tennis_atp/master/atp_matches_2026.csv
js_6483c330b3012cbf,2026-01-19,Australian Open,Hard,SF,Novak Djokovic,Jannik Sinner,3-6 6-3 4-6 6-4 6-4,7.547,1.887,70.44,71.429,51.064,16,18,47.945,27.068,3,8,249,19.549,1.504,75.188,80.0,51.515,5,8,52.055,34.591,2,18,https://raw.githubusercontent.com/JeffSackmann/tennis_atp/master/atp_matches_2026.csv
js_b65ef26d4a00c947,2026-01-19,Australian Open,Hard,F,Carlos Alcaraz,Novak Djokovic,2-6 6-2 6-3 7-5,8.911,1.98,65.347,77.273,57.143,4,6,52.679,38.211,5,16,182,3.252,1.626,69.106,65.882,52.632,11,16,47.321,29.703,2,6,https://raw.githubusercontent.com/JeffSackmann/tennis_atp/master/atp_matches_2026.csv
js_baae0e83a9143fce,2026-02-02,Montpellier,Hard,R32,Adrian Mannarino,Pedro Martinez,7-6(3) 6-1,21.538,1.538,67.692,81.818,61.905,2,2,57.5,36.364,2,3,96,1.818,1.818,58.182,71.875,52.174,1,3,42.5,24.615,0,2,https://raw.githubusercontent.com/JeffSackmann/tennis_atp/master/atp_matches_2026.csv
js_e4f06fae91162418,2026-02-02,Montpellier,Hard,R32,Aleksandar Kovacevic,Moise Kouame,6-7(5) 6-2 6-2,14.286,2.198,54.945,82.0,56.098,1,1,53.571,33.766,4,8,114,12.987,5.195,61.039,76.596,50.0,4,8,46.429,29.67,0,1,https://raw.githubusercontent.com/JeffSackmann/tennis_atp/master/atp_matches_2026.csv
js_647142e0d4dba797,2026-02-02,Montpellier,Hard,R32,Arthur Fils,Valentin Royer,7-6(7) 6-7(4) 6-2,12.963,4.63,61.111,83.333,50.0,0,1,51.196,30.693,3,8,152,13.861,1.98,67.327,73.529,60.606,5,8,48.804,29.63,1,1,https://raw.githubusercontent.com/JeffSackmann/tennis_atp/master/atp_matches_2026.csv
js_3f85834380c06770,2026-02-02,Montpellier,Hard,R32,Arthur Gea,Giovanni Mpetshi Perricard,6-3 0-0 RET,8.696,8.696,47.826,90.909,83.333,0,0,62.791,35.0,1,1,39,5.0,5.0,85.0,70.588,33.333,0,1,37.209,13.043,0,0,https://raw.githubusercontent.com/JeffSackmann/tennis_atp/master/atp_matches_2026.csv
js_ff21ffeee42c1528,2026-02-02,Montpellier,Hard,R32,Luca Nardi,Nikoloz Basilashvili,6-3 6-3,6.522,0.0,60.87,78.571,83.333,1,1,60.194,43.86,3,9,63,8.772,5.263,49.123,75.0,37.931,6,9,39.806,19.565,0,1,https://raw.githubusercontent.com/JeffSackmann/tennis_atp/master/atp_matches_2026.csv
js_ab9985abbcd53aaa,2026-02-02,Montpellier,Hard,R32,Martin Damm,Hubert Hurkacz,7-6(5) 6-4,18.31,4.225,61.972,72.727,70.37,1,1,51.748,31.944,1,4,92,19.444,0.0,62.5,73.333,59.259,3,4,48.252,28.169,0,1,https://raw.githubusercontent.com/JeffSackmann/tennis_atp/master/atp_matches_2026.csv
js_ed2c6fecd954d76e,2026-02-02,Montpellier,Hard,R32,Pablo Carreno Busta,Miomir Kecmanovic,4-6 6-3 7-6(4),6.863,1.961,67.647,72.464,39.394,3,6,48.677,33.333,3,7,127,17.241,4.598,58.621,88.235,36.111,4,7,51.323,38.235,3,6,https://raw.githubusercontent.com/JeffSackmann/tennis_atp/master/atp_matches_2026.csv
js_bbf2ff7f3db72926,2026-02-02,Montpellier,Hard,R32,Roberto Bautista Agut,Christopher Oconnell,5-7 6-3 7-5,5.941,0.0,69.307,68.571,58.065,6,9,51.185,38.182,4,13,168,10.0,0.909,52.727,72.414,50.0,9,13,48.815,34.653,3,9,https://raw.githubusercontent.com/JeffSackmann/tennis_atp/master/atp_matches_2026.csv
js_94e79cdf0ab669b1,2026-02-02,Montpellier,Hard,R32,Stan Wawrinka,Hamad Medjedovic,7-6(3) 6-4,6.579,5.263,38.158,82.759,55.319,4,5,51.064,33.846,2,6,98,15.385,0.0,56.923,70.27,60.714,4,6,48.936,34.211,1,5,https://raw.githubusercontent.com/JeffSackmann/tennis_atp/master/atp_matches_2026.csv
js_3ef9c54a1cdb884a,2026-02-02,Montpellier,Hard,R32,Titouan Droguet,Jan Choinski,6-2 7-6(2),23.729,3.39,64.407,86.842,61.905,2,2,57.042,42.169,2,9,84,4.819,3.614,59.036,63.265,50.0,7,9,42.958,22.034,0,2,https://raw.githubusercontent.com/JeffSackmann/tennis_atp/master/atp_matches_2026.csv
js_f5e462fa253bff3b,2026-02-02,Montpellier,Hard,R32,Ugo Blanchet,Andrea Vavassori,6-4 6-3,7.937,4.762,52.381,78.788,53.333,1,2,55.372,43.103,3,8,79,15.517,3.448,74.138,67.442,26.667,5,8,44.628,33.333,1,2,https://raw.githubusercontent.com/JeffSackmann/tennis_atp/master/atp_matches_2026.csv
js_6a748279d67caba8,2026-02-02,Montpellier,Hard,R32,Ugo Humbert,Botic Van De Zandschulp,6-3 6-4,15.517,1.724,72.414,76.19,68.75,3,3,54.286,29.787,2,3,72,19.149,2.128,61.702,86.207,44.444,1,3,45.714,25.862,0,3,https://raw.githubusercontent.com/JeffSackmann/tennis_atp/master/atp_matches_2026.csv
js_d9ab8faa3a1f947f,2026-02-02,Montpellier,Hard,R16,Adrian Mannarino,Ugo Humbert,6-7(4) 6-3 7-6(4),6.087,1.739,65.217,84.0,52.5,9,9,51.77,29.73,1,9,167,20.721,2.703,65.766,83.562,44.737,8,9,48.23,26.957,0,9,https://raw.githubusercontent.com/JeffSackmann/tennis_atp/master/atp_matches_2026.csv
js_88617799a0b257fe,2026-02-02,Montpellier,Hard,R16,Arthur Fils,Ugo Blanchet,7-6(4) 7-5,20.896,4.478,62.687,76.19,64.0,0,2,53.378,38.272,3,9,95,12.346,7.407,48.148,74.359,50.0,6,9,46.622,28.358,2,2,https://raw.githubusercontent.com/JeffSackmann/tennis_atp/master/atp_matches_2026.csv
js_abfa06fe9f571729,2026-02-02,Montpellier,Hard,R16,Arthur Gea,Tomas Machac,6-3 4-5 RET,13.043,2.174,56.522,92.308,60.0,0,0,54.206,36.066,1,5,75,6.557,1.639,52.459,75.0,51.724,4,5,45.794,21.739,0,0,https://raw.githubusercontent.com/JeffSackmann/tennis_atp/master/atp_matches_2026.csv
js_1d8fcd7dcbedecf0,2026-02-02,Montpellier,Hard,R16,Felix Auger Aliassime,Stan Wawrinka,6-4 7-6(3),24.615,3.077,69.231,82.222,55.0,3,4,53.425,37.037,2,10,107,6.173,4.938,59.259,72.917,48.485,8,10,46.575,26.154,1,4,https://raw.githubusercontent.com/JeffSackmann/tennis_atp/master/atp_matches_2026.csv
js_43c8b11f1aa19416,2026-02-02,Montpellier,Hard,R16,Luca Nardi,Flavio Cobolli,6-2 6-3,15.217,2.174,58.696,77.778,68.421,2,2,59.615,48.276,4,9,74,5.172,1.724,50.0,48.276,55.172,5,9,40.385,26.087,0,2,https://raw.githubusercontent.com/JeffSackmann/tennis_atp/master/atp_matches_2026.csv
js_3b3aa9e9efb39c59,2026-02-02,Montpellier,Hard,R16,Martin Damm,Roberto Bautista Agut,6-1 6-3,28.205,5.128,69.231,81.481,83.333,0,0,63.333,49.02,4,7,55,3.922,0.0,68.627,51.429,50.0,3,7,36.667,17.949,0,0,https://raw.githubusercontent.com/JeffSackmann/tennis_atp/master/atp_matches_2026.csv
js_cd6adc74e749d1f0,2026-02-02,Montpellier,Hard,R16,Tallon Griekspoor,Pablo Carreno Busta,6-4 6-4,39.13,4.348,60.87,96.429,72.222,0,0,58.333,37.097,2,4,66,4.839,3.226,62.903,71.795,47.826,2,4,41.667,13.043,0,0,https://raw.githubusercontent.com/JeffSackmann/tennis_atp/master/atp_matches_2026.csv
js_370616287bbb1434,2026-02-02,Montpellier,Hard,R16,Titouan Droguet,Aleksandar Kovacevic,4-6 7-6(5) 6-4,27.473,3.297,56.044,86.275,65.0,1,2,50.829,24.444,1,3,114,21.111,4.444,65.556,83.051,61.29,2,3,49.171,23.077,1,2,https://raw.githubusercontent.com/JeffSackmann/tennis_atp/master/atp_matches_2026.csv
js_252798b2eacf3090,2026-02-02,Montpellier,Hard,QF,Adrian Mannarino,Arthur Gea,5-7 6-4 6-4,3.226,1.075,69.892,75.385,46.429,1,3,50.0,32.967,3,5,151,13.187,3.297,59.341,79.63,48.649,2,5,50.0,33.333,2,3,https://raw.githubusercontent.com/JeffSackmann/tennis_atp/master/atp_matches_2026.csv
js_8bad676881431ae3,2026-02-02,Montpellier,Hard,QF,Felix Auger Aliassime,Arthur Fils,6-4 6-2,30.0,0.0,67.5,92.593,84.615,0,0,62.105,41.818,3,5,68,3.636,1.818,60.0,54.545,63.636,2,5,37.895,10.0,0,0,https://raw.githubusercontent.com/JeffSackmann/tennis_atp/master/atp_matches_2026.csv
js_5e4932339b4b2447,2026-02-02,Montpellier,Hard,QF,Martin Damm,Luca Nardi,6-3 7-6(8),26.23,0.0,63.934,92.308,77.273,1,1,57.812,31.343,1,4,84,7.463,2.985,65.672,77.273,52.174,3,4,42.188,13.115,0,1,https://raw.githubusercontent.com/JeffSackmann/tennis_atp/master/atp_matches_2026.csv
js_5623757388b8aa3b,2026-02-02,Montpellier,Hard,QF,Titouan Droguet,Tallon Griekspoor,7-6(5) 7-6(1),29.577,0.0,64.789,84.783,64.0,0,0,53.247,32.53,0,1,106,9.639,2.41,72.289,75.0,47.826,1,1,46.753,22.535,0,0,https://raw.githubusercontent.com/JeffSackmann/tennis_atp/master/atp_matches_2026.csv
js_ab89ac41fcb2a5a6,2026-02-02,Montpellier,Hard,SF,Adrian Mannarino,Martin Damm,1-6 6-3 6-4,14.865,4.054,62.162,78.261,53.571,2,4,49.64,27.692,2,2,104,35.385,4.615,69.231,84.444,45.0,0,2,50.36,31.081,2,4,https://raw.githubusercontent.com/JeffSackmann/tennis_atp/master/atp_matches_2026.csv
js_a94ea759761c10e5,2026-02-02,Montpellier,Hard,SF,Felix Auger Aliassime,Titouan Droguet,6-4 6-7(5) 6-1,21.739,0.0,78.261,80.556,60.0,3,3,54.93,38.843,3,10,147,11.57,2.479,63.636,70.13,45.455,7,10,45.07,23.913,0,3,https://raw.githubusercontent.com/JeffSackmann/tennis_atp/master/atp_matches_2026.csv
js_b763947399c5f683,2026-02-02,Montpellier,Hard,F,Felix Auger Aliassime,Adrian Mannarino,6-3 7-6(4),22.414,1.724,77.586,86.667,53.846,0,0,56.198,34.921,2,3,95,6.349,1.587,60.317,73.684,52.0,1,3,43.802,20.69,0,0,https://raw.githubusercontent.com/JeffSackmann/tennis_atp/master/atp_matches_2026.csv
js_9fa2ceda1eca7215,2026-02-05,Davis Cup QLS R1: NOR vs GBR,Hard,RR,Cameron Norrie,Nicolai Budkov Kjaer,6-4 6-4,,,,,,,,,,,,,,,,,,,,,,,,https://raw.githubusercontent.com/JeffSackmann/tennis_atp/master/atp_matches_2026.csv
js_df8ed06ee6878c7d,2026-02-05,Davis Cup QLS R1: NOR vs GBR,Hard,RR,Jack Draper,Viktor Durasovic,6-2 6-2,,,,,,,,,,,,,,,,,,,,,,,,https://raw.githubusercontent.com/JeffSackmann/tennis_atp/master/atp_matches_2026.csv
js_2efea4a9d3049948,2026-02-05,Davis Cup QLS R1: NOR vs GBR,Hard,RR,Jacob Fearnley,Nicolai Budkov Kjaer,3-6 6-3 10-7,,,,,,,,,,,,,,,,,,,,,,,,https://raw.githubusercontent.com/JeffSackmann/tennis_atp/master/atp_matches_2026.csv
js_dc30572b3f4e796e,2026-02-06,Davis Cup QLS R1: BRA vs CAN,Hard,RR,Gabriel Diallo,Matheus Pucinelli De Almeida,3-6 6-1 7-6(4),,,,,,,,,,,,,,,,,,,,,,,,https://raw.githubusercontent.com/JeffSackmann/tennis_atp/master/atp_matches_2026.csv
js_48d73df734385206,2026-02-06,Davis Cup QLS R1: BRA vs CAN,Hard,RR,Gustavo Heide,Gabriel Diallo,7-6(4) 3-6 7-6(3),,,,,,,,,,,,,,,,,,,,,,,,https://raw.githubusercontent.com/JeffSackmann/tennis_atp/master/atp_matches_2026.csv
js_77ec7434d58f0d2e,2026-02-06,Davis Cup QLS R1: BRA vs CAN,Hard,RR,Liam Draxl,Gustavo Heide,6-3 6-4,,,,,,,,,,,,,,,,,,,,,,,,https://raw.githubusercontent.com/JeffSackmann/tennis_atp/master/atp_matches_2026.csv
js_15caad3a6d801ead,2026-02-06,Davis Cup QLS R1: BRA vs CAN,Hard,RR,Liam Draxl,Joao Lucas Reis Da Silva,6-3 6-3,,,,,,,,,,,,,,,,,,,,,,,,https://raw.githubusercontent.com/JeffSackmann/tennis_atp/master/atp_matches_2026.csv
js_dd8ff3a0af7e0066,2026-02-06,Davis Cup QLS R1: CHI vs SRB,Clay,RR,Alejandro Tabilo,Ognjen Milic,6-7(3) 6-2 6-4,,,,,,,,,,,,,,,,,,,,,,,,https://raw.githubusercontent.com/JeffSackmann/tennis_atp/master/atp_matches_2026.csv
js_36cc8e5b37b4edde,2026-02-06,Davis Cup QLS R1: CHI vs SRB,Clay,RR,Matias Soto,Branko Djuric,6-7(2) 7-6(4) [10-7],,,,,,,,,,,,,,,,,,,,,,,,https://raw.githubusercontent.com/JeffSackmann/tennis_atp/master/atp_matches_2026.csv
js_39282cff699341f5,2026-02-06,Davis Cup QLS R1: CHI vs SRB,Clay,RR,Tomas Barrios Vera,Dusan Lajovic,7-5 7-6(7),,,,,,,,,,,,,,,,,,,,,,,,https://raw.githubusercontent.com/JeffSackmann/tennis_atp/master/atp_matches_2026.csv
js_3ad77a789d547bd4,2026-02-06,Davis Cup QLS R1: DEN vs CRO,Hard,RR,Dino Prizmic,August Holmgren,5-7 6-0 6-2,,,,,,,,,,,,,,,,,,,,,,,,https://raw.githubusercontent.com/JeffSackmann/tennis_atp/master/atp_matches_2026.csv
js_48e0f36bca4fc27f,2026-02-06,Davis Cup QLS R1: DEN vs CRO,Hard,RR,Dino Prizmic,Elmer Moller,7-6(5) 7-6(2),,,,,,,,,,,,,,,,,,,,,,,,https://raw.githubusercontent.com/JeffSackmann/tennis_atp/master/atp_matches_2026.csv
js_be071b1ae3ba7c40,2026-02-06,Davis Cup QLS R1: DEN vs CRO,Hard,RR,Elmer Moller,Matej Dodig,6-4 7-6(3),,,,,,,,,,,,,,,,,,,,,,,,https://raw.githubusercontent.com/JeffSackmann/tennis_atp/master/atp_matches_2026.csv
js_30bad9202d8e33f9,2026-02-06,Davis Cup QLS R1: GER vs PER,Hard,RR,Jan Lennard Struff,Juan Pablo Varillas,6-4 6-2,,,,,,,,,,,,,,,,,,,,,,,,https://raw.githubusercontent.com/JeffSackmann/tennis_atp/master/atp_matches_2026.csv
js_f9e0e11109ba566b,2026-02-06,Davis Cup QLS R1: GER vs PER,Hard,RR,Justin Engel,Gonzalo Bueno,6-3 6-7(4) [10-6],,,,,,,,,,,,,,,,,,,,,,,,https://raw.githubusercontent.com/JeffSackmann/tennis_atp/master/atp_matches_2026.csv
js_f50ebb643681b7bb,2026-02-06,Davis Cup QLS R1: GER vs PER,Hard,RR,Yannick Hanfmann,Gonzalo Bueno,6-4 6-4,,,,,,,,,,,,,,,,,,,,,,,,https://raw.githubusercontent.com/JeffSackmann/tennis_atp/master/atp_matches_2026.csv
js_3ec44318ba426aac,2026-02-06,Davis Cup QLS R1: JPN vs AUT,Hard,RR,Jurij Rodionov,Shintaro Mochizuki,6-4 7-5,,,,,,,,,,,,,,,,,,,,,,,,https://raw.githubusercontent.com/JeffSackmann/tennis_atp/master/atp_matches_2026.csv
js_66232a4bfab14be0,2026-02-06,Davis Cup QLS R1: JPN vs AUT,Hard,RR,Jurij Rodionov,Yoshihito Nishioka,5-7 6-1 6-0,,,,,,,,,,,,,,,,,,,,,,,,https://raw.githubusercontent.com/JeffSackmann/tennis_atp/master/atp_matches_2026.csv
js_86efbee2a9dff965,2026-02-06,Davis Cup QLS R1: JPN vs AUT,Hard,RR,Lukas Neumayer,Shintaro Mochizuki,6-3 6-3,,,,,,,,,,,,,,,,,,,,,,,,https://raw.githubusercontent.com/JeffSackmann/tennis_atp/master/atp_matches_2026.csv
js_39daf35a8a75c84c,2026-02-06,Davis Cup QLS R1: JPN vs AUT,Hard,RR,Yosuke Watanuki,Sebastian Ofner,6-3 6-4,,,,,,,,,,,,,,,,,,,,,,,,https://raw.githubusercontent.com/JeffSackmann/tennis_atp/master/atp_matches_2026.csv
js_c611fca678182f4a,2026-02-06,Davis Cup WG1 PO: CHN vs POR,Hard,RR,Henrique Rocha,Bu Yunchaokete,6-4 6-4,,,,,,,,,,,,,,,,,,,,,,,,https://raw.githubusercontent.com/JeffSackmann/tennis_atp/master/atp_matches_2026.csv
js_9d5b177ce71b38e0,2026-02-06,Davis Cup WG1 PO: CHN vs POR,Hard,RR,Yibing Wu,Nuno Borges,6-1 7-6(3),,,,,,,,,,,,,,,,,,,,,,,,https://raw.githubusercontent.com/JeffSackmann/tennis_atp/master/atp_matches_2026.csv
js_be6303988677d937,2026-02-06,Davis Cup WG1 PO: CHN vs POR,Hard,RR,Zhizhen Zhang,Nuno Borges,7-5 6-4,,,,,,,,,,,,,,,,,,,,,,,,https://raw.githubusercontent.com/JeffSackmann/tennis_atp/master/atp_matches_2026.csv
js_e65728c402770399,2026-02-06,Davis Cup WG1 PO: ISR vs LTU,Hard,RR,Edas Butvilas,Amit Vales,7-6(3) 6-0,,,,,,,,,,,,,,,,,,,,,,,,https://raw.githubusercontent.com/JeffSackmann/tennis_atp/master/atp_matches_2026.csv
js_1700d78c7bbf7aab,2026-02-06,Davis Cup WG1 PO: ISR vs LTU,Hard,RR,Vilius Gaubas,Amit Vales,6-1 3-6 6-2,,,,,,,,,,,,,,,,,,,,,,,,https://raw.githubusercontent.com/JeffSackmann/tennis_atp/master/atp_matches_2026.csv
js_fd90f0ca46674280,2026-02-06,Davis Cup WG1 PO: ISR vs LTU,Hard,RR,Vilius Gaubas,Ofek Shimanov ,6-0 6-4,,,,,,,,,,,,,,,,,,,,,,,,https://raw.githubusercontent.com/JeffSackmann/tennis_atp/master/atp_matches_2026.csv
js_a05741094e869d09,2026-02-06,Davis Cup WG1 PO: KAZ vs MON,Hard,RR,Alexander Bublik,Hugo Nys,6-0 6-3,,,,,,,,,,,,,,,,,,,,,,,,https://raw.githubusercontent.com/JeffSackmann/tennis_atp/master/atp_matches_2026.csv
js_36845414c3cbd947,2026-02-06,Davis Cup WG1 PO: KAZ vs MON,Hard,RR,Valentin Vacherot,Alexander Bublik,7-6(4) 7-6(7),,,,,,,,,,,,,,,,,,,,,,,,https://raw.githubusercontent.com/JeffSackmann/tennis_atp/master/atp_matches_2026.csv
js_affda90a6ce55ad5,2026-02-06,Davis Cup WG1 PO: KAZ vs MON,Hard,RR,Valentin Vacherot,Alexander Shevchenko,6-0 6-3,,,,,,,,,,,,,,,,,,,,,,,,https://raw.githubusercontent.com/JeffSackmann/tennis_atp/master/atp_matches_2026.csv
js_e30688f56f9b836d,2026-02-06,Davis Cup WG1 PO: PAR vs ROU,Clay,RR,Daniel Vallejo,Gabriel Ghetu,6-1 6-4,,,,,,,,,,,,,,,,,,,,,,,,https://raw.githubusercontent.com/JeffSackmann/tennis_atp/master/atp_matches_2026.csv
js_4c872ca869038961,2026-02-06,Davis Cup WG1 PO: PAR vs ROU,Clay,RR,Daniel Vallejo,Stefan Palosi,6-1 6-2,,,,,,,,,,,,,,,,,,,,,,,,https://raw.githubusercontent.com/JeffSackmann/tennis_atp/master/atp_matches_2026.csv
js_2512fa2145ee2f4f,2026-02-06,Davis Cup WG1 PO: PAR vs ROU,Clay,RR,Radu David Turcanu,Alex Santino Nunez Vera,6-1 3-6 7-6(2),,,,,,,,,,,,,,,,,,,,,,,,https://raw.githubusercontent.com/JeffSackmann/tennis_atp/master/atp_matches_2026.csv
js_18c84d730c419a0c,2026-02-06,Davis Cup WG1 PO: SLO vs TUR,Clay,RR,Filip Jeff Planinsek,Kaan Isak Kosaner,6-7(4) 6-1 [10-4],,,,,,,,,,,,,,,,,,,,,,,,https://raw.githubusercontent.com/JeffSackmann/tennis_atp/master/atp_matches_2026.csv
js_dde85b6025a481cc,2026-02-06,Davis Cup WG1 PO: SLO vs TUR,Clay,RR,Mert Alkaya,Sebastian Dominko,7-5 7-6(4),,,,,,,,,,,,,,,,,,,,,,,,https://raw.githubusercontent.com/JeffSackmann/tennis_atp/master/atp_matches_2026.csv
js_f80a9408c11426f6,2026-02-06,Davis Cup WG1 PO: SLO vs TUR,Clay,RR,Yanki Erel,Bor Artnak,7-6(2) 6-1,,,,,,,,,,,,,,,,,,,,,,,,https://raw.githubusercontent.com/JeffSackmann/tennis_atp/master/atp_matches_2026.csv
js_478572029684069c,2026-02-06,Davis Cup WG1 PO: SUI vs TUN,Hard,RR,Jerome Kym,Moez Echargui,7-6(2) 6-4,,,,,,,,,,,,,,,,,,,,,,,,https://raw.githubusercontent.com/JeffSackmann/tennis_atp/master/atp_matches_2026.csv
js_293741e30ed025fa,2026-02-06,Davis Cup WG1 PO: SUI vs TUN,Hard,RR,Leandro Riedi,Alaa Trifi,6-1 6-0,,,,,,,,,,,,,,,,,,,,,,,,https://raw.githubusercontent.com/JeffSackmann/tennis_atp/master/atp_matches_2026.csv
js_ae2bc2d34c88b8ee,2026-02-06,Davis Cup WG1 PO: SUI vs TUN,Hard,RR,Mika Brunold,Aziz Ouakaa,6-2 6-2,,,,,,,,,,,,,,,,,,,,,,,,https://raw.githubusercontent.com/JeffSackmann/tennis_atp/master/atp_matches_2026.csv
js_af70eec1f9e194f0,2026-02-06,Davis Cup WG2 PO: DOM vs LAT,Hard,RR,Eriks Valeinis,Enmanuel Munoz,7-5 6-7(6) [6-10],,,,,,,,,,,,,,,,,,,,,,,,https://raw.githubusercontent.com/JeffSackmann/tennis_atp/master/atp_matches_2026.csv
js_0a4bd9db21a91d13,2026-02-06,Davis Cup WG2 PO: DOM vs LAT,Hard,RR,Nick Hardt,Robert Strombachs,7-5 6-7(2) 6-2,,,,,,,,,,,,,,,,,,,,,,,,https://raw.githubusercontent.com/JeffSackmann/tennis_atp/master/atp_matches_2026.csv
js_61ac34eee317a722,2026-02-06,Davis Cup WG2 PO: DOM vs LAT,Hard,RR,Roberto Cid,Karlis Ozolins,7-6(6) 6-4,,,,,,,,,,,,,,,,,,,,,,,,https://raw.githubusercontent.com/JeffSackmann/tennis_atp/master/atp_matches_2026.csv
js_b07efa9770f09205,2026-02-06,Davis Cup WG2 PO: GEO vs BER,Hard,RR,Daniel Phillips,Aleksandre Bakshi,4-6 6-3 7-6(5),,,,,,,,,,,,,,,,,,,,,,,,https://raw.githubusercontent.com/JeffSackmann/tennis_atp/master/atp_matches_2026.csv
js_7f60acaa3ec51646,2026-02-06,Davis Cup WG2 PO: GEO vs BER,Hard,RR,Saba Purtseladze,Daniel Phillips,6-4 7-5,,,,,,,,,,,,,,,,,,,,,,,,https://raw.githubusercontent.com/JeffSackmann/tennis_atp/master/atp_matches_2026.csv
js_58558b5ef58a5cf3,2026-02-06,Davis Cup WG2 PO: GEO vs BER,Hard,RR,Saba Purtseladze,Wayne Montgomery,6-2 6-4,,,,,,,,,,,,,,,,,,,,,,,,https://raw.githubusercontent.com/JeffSackmann/tennis_atp/master/atp_matches_2026.csv
js_f70c14151e17d912,2026-02-06,Davis Cup WG2 PO: GEO vs BER,Hard,RR,Wayne Montgomery,Zura Tkemaladze,2-6 7-6(4) 6-3,,,,,,,,,,,,,,,,,,,,,,,,https://raw.githubusercontent.com/JeffSackmann/tennis_atp/master/atp_matches_2026.csv
js_83363ae10a1a00a6,2026-02-06,Davis Cup WG2 PO: PAK vs SEN,Grass,RR,Aqeel Khan,Seydina Andre,6-7(3) 7-6(6) 6-2,,,,,,,,,,,,,,,,,,,,,,,,https://raw.githubusercontent.com/JeffSackmann/tennis_atp/master/atp_matches_2026.csv
js_a8af91a57449abb8,2026-02-06,Davis Cup WG2 PO: PAK vs SEN,Grass,RR,Muhammad Shoaib,Nicolas Jadoun,7-5 6-2,,,,,,,,,,,,,,,,,,,,,,,,https://raw.githubusercontent.com/JeffSackmann/tennis_atp/master/atp_matches_2026.csv
js_6e547b58caa9ecaf,2026-02-06,Davis Cup WG2 PO: PAK vs SEN,Grass,RR,Muzammil Murtaza,Nicolas Jadoun,6-3 1-6 7-5,,,,,,,,,,,,,,,,,,,,,,,,https://raw.githubusercontent.com/JeffSackmann/tennis_atp/master/atp_matches_2026.csv
js_40267365bc152b4d,2026-02-06,Davis Cup WG2 PO: PAK vs SEN,Grass,RR,Muzammil Murtaza,Yannick Languina,Walkover,,,,,,,,,,,,,,,,,,,,,,,,https://raw.githubusercontent.com/JeffSackmann/tennis_atp/master/atp_matches_2026.csv
js_1372d1c9d6ee57ca,2026-02-07,Davis Cup QLS R1: AUS vs ECU,Clay,RR,Alvaro Guillen Meza,Rinky Hijikata,6-4 1-6 6-4,,,,,,,,,,,,,,,,,,,,,,,,https://raw.githubusercontent.com/JeffSackmann/tennis_atp/master/atp_matches_2026.csv
js_e8547e8d2c18641b,2026-02-07,Davis Cup QLS R1: AUS vs ECU,Clay,RR,Andres Andrade,James Duckworth,3-6 6-3 7-5,,,,,,,,,,,,,,,,,,,,,,,,https://raw.githubusercontent.com/JeffSackmann/tennis_atp/master/atp_matches_2026.csv
js_9742a8a19994b947,2026-02-07,Davis Cup QLS R1: AUS vs ECU,Clay,RR,Jason Kubler,Emilio Camacho,6-4 6-2,,,,,,,,,,,,,,,,,,,,,,,,https://raw.githubusercontent.com/JeffSackmann/tennis_atp/master/atp_matches_2026.csv
js_1d3f9905f549b3fe,2026-02-07,Davis Cup QLS R1: BEL vs BUL,Clay,RR,Alexander Blockx,Iliyan Radulov,6-7(3) 6-4 6-1,,,,,,,,,,,,,,,,,,,,,,,,https://raw.githubusercontent.com/JeffSackmann/tennis_atp/master/atp_matches_2026.csv
js_228703ab309b39d7,2026-02-07,Davis Cup QLS R1: BEL vs BUL,Clay,RR,Raphael Collignon,Alexander Vasilev,6-3 6-3,,,,,,,,,,,,,,,,,,,,,,,,https://raw.githubusercontent.com/JeffSackmann/tennis_atp/master/atp_matches_2026.csv
js_b5c6b35758847c7a,2026-02-07,Davis Cup QLS R1: BEL vs BUL,Clay,RR,Raphael Collignon,Ivan Ivanov,6-2 6-2,,,,,,,,,,,,,,,,,,,,,,,,https://raw.githubusercontent.com/JeffSackmann/tennis_atp/master/atp_matches_2026.csv
js_59d09997d914185f,2026-02-07,Davis Cup QLS R1: FRA vs SVK,Hard,RR,Alex Molcan,Alexandre Muller,6-4 6-4,,,,,,,,,,,,,,,,,,,,,,,,https://raw.githubusercontent.com/JeffSackmann/tennis_atp/master/atp_matches_2026.csv
js_1b0bd5e3db44dd19,2026-02-07,Davis Cup QLS R1: FRA vs SVK,Hard,RR,Arthur Rinderknech,Alex Molcan,7-5 7-6(6),,,,,,,,,,,,,,,,,,,,,,,,https://raw.githubusercontent.com/JeffSackmann/tennis_atp/master/atp_matches_2026.csv
js_05ca5a05586e8356,2026-02-07,Davis Cup QLS R1: FRA vs SVK,Hard,RR,Arthur Rinderknech,Norbert Gombos,7-6(1) 7-6(6),,,,,,,,,,,,,,,,,,,,,,,,https://raw.githubusercontent.com/JeffSackmann/tennis_atp/master/atp_matches_2026.csv
js_11f5f3473feeb91f,2026-02-07,Davis Cup QLS R1: KOR vs ARG,Hard,RR,Hyeon Chung,Marco Trungelliti,6-4 6-3,,,,,,,,,,,,,,,,,,,,,,,,https://raw.githubusercontent.com/JeffSackmann/tennis_atp/master/atp_matches_2026.csv
js_0d51f1cd1919fc3d,2026-02-07,Davis Cup QLS R1: KOR vs ARG,Hard,RR,Soon Woo Kwon,Marco Trungelliti,7-6(6) 6-2,,,,,,,,,,,,,,,,,,,,,,,,https://raw.githubusercontent.com/JeffSackmann/tennis_atp/master/atp_matches_2026.csv
js_246c5558be0e51f6,2026-02-07,Davis Cup QLS R1: KOR vs ARG,Hard,RR,Soon Woo Kwon,Thiago Agustin Tirante,6-4 4-6 6-3,,,,,,,,,,,,,,,,,,,,,,,,https://raw.githubusercontent.com/JeffSackmann/tennis_atp/master/atp_matches_2026.csv
js_ab6f63dc286634f7,2026-02-07,Davis Cup QLS R1: KOR vs ARG,Hard,RR,Thiago Agustin Tirante,Hyeon Chung,2-6 7-5 7-6(5),,,,,,,,,,,,,,,,,,,,,,,,https://raw.githubusercontent.com/JeffSackmann/tennis_atp/master/atp_matches_2026.csv
js_b39fcbb2f7524610,2026-02-07,Davis Cup QLS R1: NED vs IND,Hard,RR,Dhakshineswar Suresh,Guy Den Ouden,6-4 7-6(4),,,,,,,,,,,,,,,,,,,,,,,,https://raw.githubusercontent.com/JeffSackmann/tennis_atp/master/atp_matches_2026.csv
js_262fcb291fed70ca,2026-02-07,Davis Cup QLS R1: NED vs IND,Hard,RR,Dhakshineswar Suresh,Jesper De Jong,6-4 7-5,,,,,,,,,,,,,,,,,,,,,,,,https://raw.githubusercontent.com/JeffSackmann/tennis_atp/master/atp_matches_2026.csv
js_23d130a0f3afdc64,2026-02-07,Davis Cup QLS R1: NED vs IND,Hard,RR,Guy Den Ouden,Sumit Nagal,6-0 4-6 6-3,,,,,,,,,,,,,,,,,,,,,,,,https://raw.githubusercontent.com/JeffSackmann/tennis_atp/master/atp_matches_2026.csv
js_d7772769045c6cd0,2026-02-07,Davis Cup QLS R1: NED vs IND,Hard,RR,Jesper De Jong,Sumit Nagal,5-7 6-1 6-4,,,,,,,,,,,,,,,,,,,,,,,,https://raw.githubusercontent.com/JeffSackmann/tennis_atp/master/atp_matches_2026.csv
js_b8d179d4d0033d5b,2026-02-07,Davis Cup QLS R1: SWE vs CZE,Hard,RR,Dalibor Svrcina,Olle Wallin,6-1 6-3,,,,,,,,,,,,,,,,,,,,,,,,https://raw.githubusercontent.com/JeffSackmann/tennis_atp/master/atp_matches_2026.csv
js_8179cbb87fe5b8a2,2026-02-07,Davis Cup QLS R1: SWE vs CZE,Hard,RR,Jiri Lehecka,Dragos Nicolae Madaras,6-3 6-4,,,,,,,,,,,,,,,,,,,,,,,,https://raw.githubusercontent.com/JeffSackmann/tennis_atp/master/atp_matches_2026.csv
js_faf29a05e1d3e314,2026-02-07,Davis Cup QLS R1: SWE vs CZE,Hard,RR,Olle Wallin,Maxim Mrva,6-4 7-6(1),,,,,,,,,,,,,,,,,,,,,,,,https://raw.githubusercontent.com/JeffSackmann/tennis_atp/master/atp_matches_2026.csv
js_b2c24838ef0f3fc2,2026-02-07,Davis Cup QLS R1: USA vs HUN,Clay,RR,Emilio Nava,Matyas Fuele,6-2 6-3,,,,,,,,,,,,,,,,,,,,,,,,https://raw.githubusercontent.com/JeffSackmann/tennis_atp/master/atp_matches_2026.csv
js_46378e0494c6b0a3,2026-02-07,Davis Cup QLS R1: USA vs HUN,Clay,RR,Ethan Quinn,Fabian Marozsan,3-6 6-3 7-6(11),,,,,,,,,,,,,,,,,,,,,,,,https://raw.githubusercontent.com/JeffSackmann/tennis_atp/master/atp_matches_2026.csv
js_627f3fa2275d93a4,2026-02-07,Davis Cup QLS R1: USA vs HUN,Clay,RR,Tommy Paul,Zsombor Piros,7-6(3) 6-3,,,,,,,,,,,,,,,,,,,,,,,,https://raw.githubusercontent.com/JeffSackmann/tennis_atp/master/atp_matches_2026.csv
js_372a8d49c62da8cb,2026-02-07,Davis Cup WG1 PO: EGY vs POL,Clay,RR,Filip Pieczonka,Karim Ibrahim,7-5 6-2,,,,,,,,,,,,,,,,,,,,,,,,https://raw.githubusercontent.com/JeffSackmann/tennis_atp/master/atp_matches_2026.csv
js_f309d0bdcac65e1e,2026-02-07,Davis Cup WG1 PO: EGY vs POL,Clay,RR,Karol Filar,Faris Zakaryia,6-2 6-0,,,,,,,,,,,,,,,,,,,,,,,,https://raw.githubusercontent.com/JeffSackmann/tennis_atp/master/atp_matches_2026.csv
js_303aaf408d17a9f0,2026-02-07,Davis Cup WG1 PO: EGY vs POL,Clay,RR,Maks Kasnikowski,Michael Bassem Sobhy,6-1 7-6(7),,,,,,,,,,,,,,,,,,,,,,,,https://raw.githubusercontent.com/JeffSackmann/tennis_atp/master/atp_matches_2026.csv
js_549772dbea4b03c0,2026-02-07,Davis Cup WG1 PO: GRE vs MEX,Hard,RR,Rodrigo Pacheco Mendez,Stefanos Sakellaridis,6-2 4-6 6-3,,,,,,,,,,,,,,,,,,,,,,,,https://raw.githubusercontent.com/JeffSackmann/tennis_atp/master/atp_matches_2026.csv
js_1ab7a7f175455aa7,2026-02-07,Davis Cup WG1 PO: GRE vs MEX,Hard,RR,Stefanos Tsitsipas,Alan Magadan,6-3 7-6(1),,,,,,,,,,,,,,,,,,,,,,,,https://raw.githubusercontent.com/JeffSackmann/tennis_atp/master/atp_matches_2026.csv
js_fce68106fba70195,2026-02-07,Davis Cup WG1 PO: GRE vs MEX,Hard,RR,Stefanos Tsitsipas,Rodrigo Pacheco Mendez,6-1 7-5,,,,,,,,,,,,,,,,,,,,,,,,https://raw.githubusercontent.com/JeffSackmann/tennis_atp/master/atp_matches_2026.csv
js_909723d5f1a3e39e,2026-02-07,Davis Cup WG1 PO: HKG vs FIN,Hard,RR,Coleman Wong,Eero Vasa,6-4 6-2,,,,,,,,,,,,,,,,,,,,,,,,https://raw.githubusercontent.com/JeffSackmann/tennis_atp/master/atp_matches_2026.csv
js_6dd008afd5502a4c,2026-02-07,Davis Cup WG1 PO: HKG vs FIN,Hard,RR,Otto Virtanen,Coleman Wong,7-5 6-2,,,,,,,,,,,,,,,,,,,,,,,,https://raw.githubusercontent.com/JeffSackmann/tennis_atp/master/atp_matches_2026.csv
js_6ae33dc85bd5a353,2026-02-07,Davis Cup WG1 PO: HKG vs FIN,Hard,RR,Otto Virtanen,Siu Chi Nicholas Cheng,6-0 6-1,,,,,,,,,,,,,,,,,,,,,,,,https://raw.githubusercontent.com/JeffSackmann/tennis_atp/master/atp_matches_2026.csv
js_0c4813df734a6216,2026-02-07,Davis Cup WG1 PO: LUX vs UKR,Hard,RR,Alex Knaff,Vladyslav Orlov,7-6(2) 6-2,,,,,,,,,,,,,,,,,,,,,,,,https://raw.githubusercontent.com/JeffSackmann/tennis_atp/master/atp_matches_2026.csv
js_ced7149b3bc2fdbb,2026-02-07,Davis Cup WG1 PO: LUX vs UKR,Hard,RR,Chris Rodesch,Oleksii Krutykh,6-3 6-1,,,,,,,,,,,,,,,,,,,,,,,,https://raw.githubusercontent.com/JeffSackmann/tennis_atp/master/atp_matches_2026.csv
js_b02680884db06496,2026-02-07,Davis Cup WG1 PO: LUX vs UKR,Hard,RR,Oleksandr Ovcharenko,Raphael Calzi,6-4 6-4,,,,,,,,,,,,,,,,,,,,,,,,https://raw.githubusercontent.com/JeffSackmann/tennis_atp/master/atp_matches_2026.csv
js_bc6f2a309fca6e11,2026-02-07,Davis Cup WG1 PO: MAR vs COL,Clay,RR,Nicolas Mejia,Reda Bennani,6-1 4-6 6-2,,,,,,,,,,,,,,,,,,,,,,,,https://raw.githubusercontent.com/JeffSackmann/tennis_atp/master/atp_matches_2026.csv
js_5371f71e785be3d4,2026-02-07,Davis Cup WG1 PO: MAR vs COL,Clay,RR,Nicolas Mejia,Taha Baadi,6-3 6-2,,,,,,,,,,,,,,,,,,,,,,,,https://raw.githubusercontent.com/JeffSackmann/tennis_atp/master/atp_matches_2026.csv
js_ad573bf0bdd7dfca,2026-02-07,Davis Cup WG1 PO: MAR vs COL,Clay,RR,Reda Bennani,Adria Soriano Barrera,7-6(4) 7-5,,,,,,,,,,,,,,,,,,,,,,,,https://raw.githubusercontent.com/JeffSackmann/tennis_atp/master/atp_matches_2026.csv
js_0efd7f2ec5fe03a4,2026-02-07,Davis Cup WG1 PO: NZL vs BIH,Hard,RR,Andrej Nedic,Anton Shepp,6-4 4-6 7-5,,,,,,,,,,,,,,,,,,,,,,,,https://raw.githubusercontent.com/JeffSackmann/tennis_atp/master/atp_matches_2026.csv
js_fecac991c9cd8897,2026-02-07,Davis Cup WG1 PO: NZL vs BIH,Hard,RR,Anton Shepp,Mirza Basic,6-2 6-4,,,,,,,,,,,,,,,,,,,,,,,,https://raw.githubusercontent.com/JeffSackmann/tennis_atp/master/atp_matches_2026.csv
js_23c2f80e3702df31,2026-02-07,Davis Cup WG1 PO: NZL vs BIH,Hard,RR,James Watt,Andrej Nedic,6-3 7-6(4),,,,,,,,,,,,,,,,,,,,,,,,https://raw.githubusercontent.com/JeffSackmann/tennis_atp/master/atp_matches_2026.csv
js_80b58f8feaf60f28,2026-02-07,Davis Cup WG1 PO: NZL vs BIH,Hard,RR,Mirza Basic,James Watt,6-2 7-6(5),,,,,,,,,,,,,,,,,,,,,,,,https://raw.githubusercontent.com/JeffSackmann/tennis_atp/master/atp_matches_2026.csv
js_422ace51a4a7b48d,2026-02-07,Davis Cup WG1 PO: TPE vs LBN,Hard,RR,Benjamin Hassan,Tsung Hao Huang,6-4 6-4,,,,,,,,,,,,,,,,,,,,,,,,https://raw.githubusercontent.com/JeffSackmann/tennis_atp/master/atp_matches_2026.csv
js_1faab49ab21596a0,2026-02-07,Davis Cup WG1 PO: TPE vs LBN,Hard,RR,Tung Lin Wu,Benjamin Hassan,6-3 6-4,,,,,,,,,,,,,,,,,,,,,,,,https://raw.githubusercontent.com/JeffSackmann/tennis_atp/master/atp_matches_2026.csv
js_e9ee1962464e830b,2026-02-07,Davis Cup WG1 PO: TPE vs LBN,Hard,RR,Tung Lin Wu,Hady Habib,6-3 6-2,,,,,,,,,,,,,,,,,,,,,,,,https://raw.githubusercontent.com/JeffSackmann/tennis_atp/master/atp_matches_2026.csv
js_1c0df939605d6121,2026-02-07,Davis Cup WG2 PO: BAR vs BOL,Hard,RR,Darian King,Juan Carlos Prado Angelo,7-5 6-1,,,,,,,,,,,,,,,,,,,,,,,,https://raw.githubusercontent.com/JeffSackmann/tennis_atp/master/atp_matches_2026.csv
js_40860465207a2889,2026-02-07,Davis Cup WG2 PO: BAR vs BOL,Hard,RR,Darian King,Murkel Alejandro Dellien Velasco,6-7(6) 6-4 7-6(2),,,,,,,,,,,,,,,,,,,,,,,,https://raw.githubusercontent.com/JeffSackmann/tennis_atp/master/atp_matches_2026.csv
js_3b04d0669d3da1dc,2026-02-07,Davis Cup WG2 PO: BAR vs BOL,Hard,RR,Juan Carlos Prado Angelo,Kaipo Marshall,6-3 4-6 6-3,,,,,,,,,,,,,,,,,,,,,,,,https://raw.githubusercontent.com/JeffSackmann/tennis_atp/master/atp_matches_2026.csv
js_efec0f426cf0f8b3,2026-02-07,Davis Cup WG2 PO: BAR vs BOL,Hard,RR,Murkel Alejandro Dellien Velasco,Kaipo Marshall,7-6(4) 7-6(6),,,,,,,,,,,,,,,,,,,,,,,,https://raw.githubusercontent.com/JeffSackmann/tennis_atp/master/atp_matches_2026.csv
js_45e5a6245ad9e878,2026-02-07,Davis Cup WG2 PO: BEN vs ESA,Hard,RR,Alexis Klegou,Juan Carlos Fuentes Vasquez,2-6 7-6(5) 6-4,,,,,,,,,,,,,,,,,,,,,,,,https://raw.githubusercontent.com/JeffSackmann/tennis_atp/master/atp_matches_2026.csv
js_96498bb2bd505e9e,2026-02-07,Davis Cup WG2 PO: BEN vs ESA,Hard,RR,Diego Duran,Alexis Klegou,6-2 7-5,,,,,,,,,,,,,,,,,,,,,,,,https://raw.githubusercontent.com/JeffSackmann/tennis_atp/master/atp_matches_2026.csv
js_95ad0c5f1883c782,2026-02-07,Davis Cup WG2 PO: BEN vs ESA,Hard,RR,Diego Duran,Patrick Agbo Panzo,6-2 7-5,,,,,,,,,,,,,,,,,,,,,,,,https://raw.githubusercontent.com/JeffSackmann/tennis_atp/master/atp_matches_2026.csv
js_1ce41182423dcce0,2026-02-07,Davis Cup WG2 PO: CYP vs MKD,Hard,RR,Konstantinos Megalemos,Marko Aleksovski,7-6(8) 6-1,,,,,,,,,,,,,,,,,,,,,,,,https://raw.githubusercontent.com/JeffSackmann/tennis_atp/master/atp_matches_2026.csv
js_3f1ed312dd187025,2026-02-07,Davis Cup WG2 PO: CYP vs MKD,Hard,RR,Melios Efstathiou,Amar Huseinovic,6-2 6-0,,,,,,,,,,,,,,,,,,,,,,,,https://raw.githubusercontent.com/JeffSackmann/tennis_atp/master/atp_matches_2026.csv
js_343ab2d230866b06,2026-02-07,Davis Cup WG2 PO: CYP vs MKD,Hard,RR,Nicholas Campbell,Kristijan Janev,6-2 7-5,,,,,,,,,,,,,,,,,,,,,,,,https://raw.githubusercontent.com/JeffSackmann/tennis_atp/master/atp_matches_2026.csv
js_c02049259f403963,2026-02-07,Davis Cup WG2 PO: CYP vs MKD,Hard,RR,Photos Photiades,Stefan Micov,6-3 6-0,,,,,,,,,,,,,,,,,,,,,,,,https://raw.githubusercontent.com/JeffSackmann/tennis_atp/master/atp_matches_2026.csv
js_45d85ee3fd707e6d,2026-02-07,Davis Cup WG2 PO: INA vs TOG,Hard,RR,Anthony Susanto,Jean Paul Kadangah Kili,6-1 6-4,,,,,,,,,,,,,,,,,,,,,,,,https://raw.githubusercontent.com/JeffSackmann/tennis_atp/master/atp_matches_2026.csv
js_d31b0808d02ce732,2026-02-07,Davis Cup WG2 PO: INA vs TOG,Hard,RR,Fitriadi M Rifqi,Noah Koffi,6-1 6-1,,,,,,,,,,,,,,,,,,,,,,,,https://raw.githubusercontent.com/JeffSackmann/tennis_atp/master/atp_matches_2026.csv
js_09bf6df13957decb,2026-02-07,Davis Cup WG2 PO: INA vs TOG,Hard,RR,Justin Barki,Kwami Stanislas Dussey,6-0 6-3,,,,,,,,,,,,,,,,,,,,,,,,https://raw.githubusercontent.com/JeffSackmann/tennis_atp/master/atp_matches_2026.csv
js_a0647c8a7987bf15,2026-02-07,Davis Cup WG2 PO: IRL vs SYR,Hard,RR,Ammar Elamin,Yacoub Makzoume,6-3 6-2,,,,,,,,,,,,,,,,,,,,,,,,https://raw.githubusercontent.com/JeffSackmann/tennis_atp/master/atp_matches_2026.csv
js_c5355a99162f1d29,2026-02-07,Davis Cup WG2 PO: IRL vs SYR,Hard,RR,Hazem Naw,Michael Agwi,6-1 6-3,,,,,,,,,,,,,,,,,,,,,,,,https://raw.githubusercontent.com/JeffSackmann/tennis_atp/master/atp_matches_2026.csv
js_4d3c7a4cd14c18fb,2026-02-07,Davis Cup WG2 PO: IRL vs SYR,Hard,RR,Peter Buldorini,Taym Al Azmeh,7-6(5) 6-4,,,,,,,,,,,,,,,,,,,,,,,,https://raw.githubusercontent.com/JeffSackmann/tennis_atp/master/atp_matches_2026.csv
js_2f8c65cb388138d7,2026-02-07,Davis Cup WG2 PO: IRL vs SYR,Hard,RR,Taym Al Azmeh,Michael Agwi,6-1 6-4,,,,,,,,,,,,,,,,,,,,,,,,https://raw.githubusercontent.com/JeffSackmann/tennis_atp/master/atp_matches_2026.csv
js_272ed79eb4449175,2026-02-07,Davis Cup WG2 PO: JAM vs URU,Hard,RR,Blaise Bicknell,Joaquin  Aguilar Cardozo ,6-3 3-6 7-6(5),,,,,,,,,,,,,,,,,,,,,,,,https://raw.githubusercontent.com/JeffSackmann/tennis_atp/master/atp_matches_2026.csv
js_9b5135b9c8fd3cdf,2026-02-07,Davis Cup WG2 PO: JAM vs URU,Hard,RR,Franco Roncadelli,Blaise Bicknell,6-3 5-7 6-4,,,,,,,,,,,,,,,,,,,,,,,,https://raw.githubusercontent.com/JeffSackmann/tennis_atp/master/atp_matches_2026.csv
js_ebfdfb42edc3db12,2026-02-07,Davis Cup WG2 PO: JAM vs URU,Hard,RR,Franco Roncadelli,Rowland Phillips,6-3 7-6(4),,,,,,,,,,,,,,,,,,,,,,,,https://raw.githubusercontent.com/JeffSackmann/tennis_atp/master/atp_matches_2026.csv
js_5585212007de9372,2026-02-07,Davis Cup WG2 PO: NAM vs EST,Hard,RR,Mark Lajal,Steyn Dippenaar,6-1 6-4,,,,,,,,,,,,,,,,,,,,,,,,https://raw.githubusercontent.com/JeffSackmann/tennis_atp/master/atp_matches_2026.csv
js_67d9c7ab88264e71,2026-02-07,Davis Cup WG2 PO: NAM vs EST,Hard,RR,Markus Molder,Codie Schalk Van Schalkwyk,6-4 4-6 6-4,,,,,,,,,,,,,,,,,,,,,,,,https://raw.githubusercontent.com/JeffSackmann/tennis_atp/master/atp_matches_2026.csv
js_4f3cc4055384c876,2026-02-07,Davis Cup WG2 PO: NAM vs EST,Hard,RR,Sten Hiiesalu,Ruben Yssel,6-2 6-3,,,,,,,,,,,,,,,,,,,,,,,,https://raw.githubusercontent.com/JeffSackmann/tennis_atp/master/atp_matches_2026.csv
js_74d96d51cf17f0ab,2026-02-07,Davis Cup WG2 PO: NGR vs UZB,Hard,RR,Daniel Adeleye,Abdulaziz Usmonjonov,4-6 6-2 6-4,,,,,,,,,,,,,,,,,,,,,,,,https://raw.githubusercontent.com/JeffSackmann/tennis_atp/master/atp_matches_2026.csv
js_820091daa53bde61,2026-02-07,Davis Cup WG2 PO: NGR vs UZB,Hard,RR,Daniel Adeleye,Ilya Ignatov,6-3 6-4,,,,,,,,,,,,,,,,,,,,,,,,https://raw.githubusercontent.com/JeffSackmann/tennis_atp/master/atp_matches_2026.csv
js_8e4eda49d81082e6,2026-02-07,Davis Cup WG2 PO: NGR vs UZB,Hard,RR,Khumoun Sultanov,canice Abua,6-3 6-4,,,,,,,,,,,,,,,,,,,,,,,,https://raw.githubusercontent.com/JeffSackmann/tennis_atp/master/atp_matches_2026.csv
js_30f40a9c0bd6636d,2026-02-07,Davis Cup WG2 PO: RSA vs MNE,Hard,RR,Alec Beckley,Aleksa Krivokapic,7-6(3) 6-3,,,,,,,,,,,,,,,,,,,,,,,,https://raw.githubusercontent.com/JeffSackmann/tennis_atp/master/atp_matches_2026.csv
js_01f29f927c2abc8c,2026-02-07,Davis Cup WG2 PO: RSA vs MNE,Hard,RR,Petar Jovanovic,Alec Beckley,6-2 3-6 6-3,,,,,,,,,,,,,,,,,,,,,,,,https://raw.githubusercontent.com/JeffSackmann/tennis_atp/master/atp_matches_2026.csv
js_223acc6fb35267e7,2026-02-07,Davis Cup WG2 PO: RSA vs MNE,Hard,RR,Philip Henning,Aleksa Krivokapic,6-4 6-2,,,,,,,,,,,,,,,,,,,,,,,,https://raw.githubusercontent.com/JeffSackmann/tennis_atp/master/atp_matches_2026.csv
js_fec8b0abe08752ce,2026-02-07,Davis Cup WG2 PO: RSA vs MNE,Hard,RR,Philip Henning,Petar Jovanovic,6-3 6-2,,,,,,,,,,,,,,,,,,,,,,,,https://raw.githubusercontent.com/JeffSackmann/tennis_atp/master/atp_matches_2026.csv
js_40a958548d196a3f,2026-02-07,Davis Cup WG2 PO: THA vs PUR,Hard,RR,Kasidit Samrej,Marko Mesarovic,6-2 6-1,,,,,,,,,,,,,,,,,,,,,,,,https://raw.githubusercontent.com/JeffSackmann/tennis_atp/master/atp_matches_2026.csv
js_6ee3af7a72ccaaf0,2026-02-07,Davis Cup WG2 PO: THA vs PUR,Hard,RR,Maximus Jones,Yannik Alvarez,6-1 6-2,,,,,,,,,,,,,,,,,,,,,,,,https://raw.githubusercontent.com/JeffSackmann/tennis_atp/master/atp_matches_2026.csv
js_027f36d0c727deb5,2026-02-07,Davis Cup WG2 PO: THA vs PUR,Hard,RR,Pawit Sornlaksup,Marko Mesarovic,2-6 6-4 [11-9],,,,,,,,,,,,,,,,,,,,,,,,https://raw.githubusercontent.com/JeffSackmann/tennis_atp/master/atp_matches_2026.csv
js_beee69f8ecdc8872,2026-02-09,Buenos Aires,Clay,R32,Alejandro Tabilo,Facundo Diaz Acosta,7-6(5) 6-3,2.817,1.408,69.014,75.51,59.091,2,2,52.632,32.258,1,1,110,9.677,3.226,66.129,70.732,61.905,0,1,47.368,29.577,0,2,https://raw.githubusercontent.com/JeffSackmann/tennis_atp/master/atp_matches_2026.csv
js_63dc61bce187dbc2,2026-02-09,Buenos Aires,Clay,R32,Camilo Ugo Carabelli,Francisco Comesana,6-4 7-6(3),1.22,2.439,68.293,62.5,53.846,5,7,51.02,40.0,3,4,125,3.077,6.154,70.769,67.391,42.105,1,4,48.98,40.244,2,7,https://raw.githubusercontent.com/JeffSackmann/tennis_atp/master/atp_matches_2026.csv
js_73a8de858d66aae3,2026-02-09,Buenos Aires,Clay,R32,Hugo Dellien,Damir Dzumhur,6-4 6-1,3.922,1.961,82.353,76.19,66.667,2,2,59.0,42.857,3,5,74,2.041,4.082,75.51,62.162,41.667,2,5,41.0,25.49,0,2,https://raw.githubusercontent.com/JeffSackmann/tennis_atp/master/atp_matches_2026.csv
js_f8ac6af62ee71257,2026-02-09,Buenos Aires,Clay,R32,Ignacio Buse,Francesco Passaro,5-7 7-5 6-4,3.883,1.942,61.165,76.19,45.0,3,6,50.244,36.275,4,10,154,0.98,2.941,59.804,65.574,60.976,6,10,49.756,35.922,3,6,https://raw.githubusercontent.com/JeffSackmann/tennis_atp/master/atp_matches_2026.csv
js_a899ecd055d68755,2026-02-09,Buenos Aires,Clay,R32,Juan Manuel Cerundolo,Daniel Altmaier,6-2 6-2,0.0,0.0,78.431,77.5,45.455,1,1,60.0,50.0,4,10,87,3.704,7.407,68.519,56.757,35.294,6,10,40.0,29.412,0,1,https://raw.githubusercontent.com/JeffSackmann/tennis_atp/master/atp_matches_2026.csv
js_c04ff219629d9552,2026-02-09,Buenos Aires,Clay,R32,Mariano Navone,Emilio Nava,6-2 6-1,2.326,2.326,62.791,85.185,43.75,2,2,64.368,59.091,5,6,63,2.273,4.545,63.636,50.0,25.0,1,6,35.632,30.233,0,2,https://raw.githubusercontent.com/JeffSackmann/tennis_atp/master/atp_matches_2026.csv
js_46f3725b8f86e873,2026-02-09,Buenos Aires,Clay,R32,Matteo Berrettini,Federico Coria,7-5 7-5,6.061,3.03,69.697,78.261,60.0,1,2,56.213,45.631,3,11,134,0.971,0.971,66.019,54.412,54.286,8,11,43.787,27.273,1,2,https://raw.githubusercontent.com/JeffSackmann/tennis_atp/master/atp_matches_2026.csv
js_1a3c8711e1df3598,2026-02-09,Buenos Aires,Clay,R32,Pedro Martinez,Lautaro Midon,6-4 6-1,1.852,5.556,68.519,81.081,29.412,4,5,56.667,50.0,5,11,95,4.545,1.515,56.061,54.054,44.828,6,11,43.333,35.185,1,5,https://raw.githubusercontent.com/JeffSackmann/tennis_atp/master/atp_matches_2026.csv
js_122ee3ed37b72034,2026-02-09,Buenos Aires,Clay,R32,Roman Andres Burruchaga,Laslo Djere,6-2 6-4,4.348,2.174,67.391,87.097,66.667,1,1,59.813,44.262,3,9,79,4.918,4.918,60.656,62.162,45.833,6,9,40.187,19.565,0,1,https://raw.githubusercontent.com/JeffSackmann/tennis_atp/master/atp_matches_2026.csv
js_93fb203d0030c71b,2026-02-09,Buenos Aires,Clay,R32,Tomas Barrios Vera,Thiago Seyboth Wild,4-6 6-5 RET,6.897,1.724,63.793,64.865,52.381,3,7,50.376,42.667,3,10,123,10.667,4.0,65.333,59.184,53.846,7,10,49.624,39.655,4,7,https://raw.githubusercontent.com/JeffSackmann/tennis_atp/master/atp_matches_2026.csv
js_6ae8ce911aaa868a,2026-02-09,Buenos Aires,Clay,R32,Tomas Martin Etcheverry,Andrea Pellegrino,6-3 6-4,11.475,1.639,55.738,85.294,48.148,1,1,53.448,36.364,2,5,98,7.273,3.636,65.455,72.222,47.368,3,5,46.552,31.148,0,1,https://raw.githubusercontent.com/JeffSackmann/tennis_atp/master/atp_matches_2026.csv
js_c5ed02916bd50d8e,2026-02-09,Buenos Aires,Clay,R32,Vit Kopriva,Alex Barrena,6-4 3-6 6-4,4.651,5.814,66.279,68.421,41.379,3,7,51.282,44.954,5,11,147,3.67,3.67,62.385,63.235,41.463,6,11,48.718,40.698,4,7,https://raw.githubusercontent.com/JeffSackmann/tennis_atp/master/atp_matches_2026.csv
js_83c0131f00a45ebb,2026-02-09,Buenos Aires,Clay,R16,Alejandro Tabilo,Joao Fonseca,6-3 3-6 7-5,5.952,1.19,61.905,76.923,50.0,4,7,51.075,38.235,4,11,144,4.902,0.0,59.804,63.934,58.537,7,11,48.925,33.333,3,7,https://raw.githubusercontent.com/JeffSackmann/tennis_atp/master/atp_matches_2026.csv
js_94241cccef51042a,2026-02-09,Buenos Aires,Clay,R16,Camilo Ugo Carabelli,Mariano Navone,6-2 7-5,1.538,1.538,60.0,58.974,65.385,4,6,55.396,50.0,5,9,122,0.0,5.405,60.811,55.556,41.379,4,9,44.604,38.462,2,6,https://raw.githubusercontent.com/JeffSackmann/tennis_atp/master/atp_matches_2026.csv
js_3736223f4890306d,2026-02-09,Buenos Aires,Clay,R16,Francisco Cerundolo,Hugo Dellien,6-0 7-6(6),6.667,0.0,65.0,76.923,71.429,5,5,59.2,44.615,3,9,84,3.077,1.538,70.769,54.348,57.895,6,9,40.8,25.0,0,5,https://raw.githubusercontent.com/JeffSackmann/tennis_atp/master/atp_matches_2026.csv
js_27c2962fab383f3f,2026-02-09,Buenos Aires,Clay,R16,Luciano Darderi,Tomas Barrios Vera,6-1 6-3,12.245,8.163,44.898,95.455,48.148,3,4,64.423,60.0,5,9,82,0.0,1.818,61.818,47.059,28.571,4,9,35.577,30.612,1,4,https://raw.githubusercontent.com/JeffSackmann/tennis_atp/master/atp_matches_2026.csv
js_63e9585f00f04f59,2026-02-09,Buenos Aires,Clay,R16,Pedro Martinez,Juan Manuel Cerundolo,7-6(5) 6-4,0.0,4.167,73.611,69.811,31.579,3,6,50.35,40.845,4,6,123,4.225,2.817,74.648,60.377,55.556,2,6,49.65,40.278,3,6,https://raw.githubusercontent.com/JeffSackmann/tennis_atp/master/atp_matches_2026.csv
js_f60dd1fd00ae41c4,2026-02-09,Buenos Aires,Clay,R16,Sebastian Baez,Ignacio Buse,6-4 6-3,2.041,2.041,63.265,74.194,66.667,1,2,56.757,45.161,4,8,83,3.226,0.0,66.129,51.22,61.905,4,8,43.243,28.571,1,2,https://raw.githubusercontent.com/JeffSackmann/tennis_atp/master/atp_matches_2026.csv
js_5588bd5a12fb1896,2026-02-09,Buenos Aires,Clay,R16,Tomas Martin Etcheverry,Roman Andres Burruchaga,7-6(5) 6-7(3) 6-4,4.918,2.459,66.393,67.901,46.341,6,10,49.794,38.843,5,13,217,3.306,4.132,66.942,65.432,52.5,8,13,50.206,39.344,4,10,https://raw.githubusercontent.com/JeffSackmann/tennis_atp/master/atp_matches_2026.csv
js_c020197f7e6474f6,2026-02-09,Buenos Aires,Clay,R16,Vit Kopriva,Matteo Berrettini,6-4 6-3,0.0,0.0,62.5,77.143,66.667,2,2,54.4,39.13,2,8,94,5.797,0.0,62.319,67.442,50.0,6,8,45.6,26.786,0,2,https://raw.githubusercontent.com/JeffSackmann/tennis_atp/master/atp_matches_2026.csv
js_688400938f59ee44,2026-02-09,Buenos Aires,Clay,QF,Francisco Cerundolo,Vit Kopriva,6-4 6-3,4.839,3.226,61.29,73.684,41.667,3,6,56.589,52.239,5,12,97,2.985,5.97,62.687,61.905,24.0,7,12,43.411,38.71,3,6,https://raw.githubusercontent.com/JeffSackmann/tennis_atp/master/atp_matches_2026.csv
js_40359c389d9d5eba,2026-02-09,Buenos Aires,Clay,QF,Luciano Darderi,Pedro Martinez,7-5 6-1,14.062,4.688,57.812,91.892,40.741,4,4,58.333,44.643,3,4,91,0.0,5.357,71.429,65.0,31.25,1,4,41.667,29.688,0,4,https://raw.githubusercontent.com/JeffSackmann/tennis_atp/master/atp_matches_2026.csv
js_cecc10de4d942e27,2026-02-09,Buenos Aires,Clay,QF,Sebastian Baez,Camilo Ugo Carabelli,7-6(5) 6-2,1.493,1.493,68.657,69.565,71.429,5,7,55.901,45.745,4,13,119,2.128,4.255,59.574,66.071,36.842,9,13,44.099,29.851,2,7,https://raw.githubusercontent.com/JeffSackmann/tennis_atp/master/atp_matches_2026.csv
js_54f16c7bf36fc0eb,2026-02-09,Buenos Aires,Clay,QF,Tomas Martin Etcheverry,Alejandro Tabilo,1-6 6-3 6-4,11.25,0.0,70.0,69.643,50.0,2,5,51.333,37.143,3,3,126,2.857,4.286,64.286,64.444,60.0,0,3,48.667,36.25,3,5,https://raw.githubusercontent.com/JeffSackmann/tennis_atp/master/atp_matches_2026.csv
js_7f8ff08576f306e3,2026-02-09,Buenos Aires,Clay,SF,Francisco Cerundolo,Tomas Martin Etcheverry,6-3 7-5,4.478,0.0,62.687,83.333,56.0,1,1,56.489,39.062,2,5,111,6.25,1.562,60.938,64.103,56.0,3,5,43.511,26.866,0,1,https://raw.githubusercontent.com/JeffSackmann/tennis_atp/master/atp_matches_2026.csv
js_6a5c1fa7cce33438,2026-02-09,Buenos Aires,Clay,SF,Luciano Darderi,Sebastian Baez,7-6(2) 6-1,5.882,0.0,62.745,84.375,78.947,0,0,59.483,41.538,3,4,78,1.538,1.538,72.308,57.447,61.111,1,4,40.517,17.647,0,0,https://raw.githubusercontent.com/JeffSackmann/tennis_atp/master/atp_matches_2026.csv
js_13ff24c6abe2fa9f,2026-02-09,Buenos Aires,Clay,F,Francisco Cerundolo,Luciano Darderi,6-4 6-2,1.471,5.882,52.941,61.111,62.5,6,7,55.556,48.276,4,10,96,5.172,5.172,56.897,72.727,24.0,6,10,44.444,38.235,1,7,https://raw.githubusercontent.com/JeffSackmann/tennis_atp/master/atp_matches_2026.csv
js_f66c9029de706ae7,2026-02-09,Dallas,Hard,R32,Adrian Mannarino,Adam Walton,6-4 6-2,8.929,0.0,62.5,68.571,57.143,7,9,57.798,50.943,5,6,84,7.547,0.0,54.717,48.276,50.0,1,6,42.202,35.714,2,9,https://raw.githubusercontent.com/JeffSackmann/tennis_atp/master/atp_matches_2026.csv
js_33ca246bbf978d89,2026-02-09,Dallas,Hard,R32,Alejandro Davidovich Fokina,Zachary Svajda,6-4 7-6(1),8.451,0.0,71.831,72.549,65.0,3,4,53.103,36.486,2,5,94,13.514,0.0,71.622,81.132,19.048,3,5,46.897,29.577,1,4,https://raw.githubusercontent.com/JeffSackmann/tennis_atp/master/atp_matches_2026.csv
js_b4674bd32cc812b7,2026-02-09,Dallas,Hard,R32,Aleksandar Kovacevic,Patrick Kypson,6-4 7-6(1),42.105,3.509,63.158,94.444,66.667,0,0,55.118,31.429,1,6,84,10.0,1.429,71.429,72.0,60.0,5,6,44.882,15.789,0,0,https://raw.githubusercontent.com/JeffSackmann/tennis_atp/master/atp_matches_2026.csv
js_91142d10350dfd4a,2026-02-09,Dallas,Hard,R32,Alex Michelsen,Grigor Dimitrov,5-7 6-4 6-4,17.391,4.348,77.174,76.056,57.143,4,5,51.934,31.461,2,3,125,15.73,5.618,59.551,83.019,47.222,1,3,48.066,28.261,1,5,https://raw.githubusercontent.com/JeffSackmann/tennis_atp/master/atp_matches_2026.csv
js_46f6eecb7e87a1a3,2026-02-09,Dallas,Hard,R32,Ben Shelton,Gabriel Diallo,6-4 6-4,22.034,5.085,57.627,82.353,64.0,3,3,55.652,35.714,2,3,97,10.714,5.357,64.286,80.556,35.0,1,3,44.348,25.424,0,3,https://raw.githubusercontent.com/JeffSackmann/tennis_atp/master/atp_matches_2026.csv
js_5fae6b19e248f375,2026-02-09,Dallas,Hard,R32,Brandon Nakashima,Mattia Bellucci,6-3 6-4,25.0,0.0,81.818,97.222,62.5,0,0,60.825,35.849,2,6,68,11.321,3.774,64.151,73.529,47.368,4,6,39.175,9.091,0,0,https://raw.githubusercontent.com/JeffSackmann/tennis_atp/master/atp_matches_2026.csv
js_30f246a006d5981e,2026-02-09,Dallas,Hard,R32,Denis Shapovalov,Rafael Jodar,6-1 6-2,15.909,6.818,50.0,72.727,68.182,5,6,64.078,59.322,6,10,69,1.695,1.695,61.017,47.222,30.435,4,10,35.922,29.545,1,6,https://raw.githubusercontent.com/JeffSackmann/tennis_atp/master/atp_matches_2026.csv
js_20d0c3dbe6327de5,2026-02-09,Dallas,Hard,R32,Eliot Spizzirri,James Duckworth,6-2 6-4,17.778,0.0,71.111,87.5,61.538,0,0,58.678,46.053,3,8,79,6.579,1.316,64.474,55.102,51.852,5,8,41.322,20.0,0,0,https://raw.githubusercontent.com/JeffSackmann/tennis_atp/master/atp_matches_2026.csv
js_be04855059258139,2026-02-09,Dallas,Hard,R32,Ethan Quinn,Trevor Svajda,7-6(3) 7-5,11.111,4.167,65.278,87.234,36.0,2,3,52.667,37.179,2,6,106,7.692,1.282,56.41,77.273,44.118,4,6,47.333,30.556,1,3,https://raw.githubusercontent.com/JeffSackmann/tennis_atp/master/atp_matches_2026.csv
js_743058dcc8eba9a3,2026-02-09,Dallas,Hard,R32,Frances Tiafoe,Terence Atmane,4-6 6-2 6-2,3.896,1.299,55.844,74.419,55.882,3,5,54.967,43.243,5,7,108,16.216,4.054,60.811,71.111,34.483,2,7,45.033,33.766,2,5,https://raw.githubusercontent.com/JeffSackmann/tennis_atp/master/atp_matches_2026.csv
js_8065c1096f6a7226,2026-02-09,Dallas,Hard,R32,Jack Pinnington Jones,Flavio Cobolli,6-2 6-2,28.947,5.263,73.684,89.286,70.0,0,0,66.25,50.0,4,5,53,9.524,4.762,52.381,59.091,40.0,1,5,33.75,15.789,0,0,https://raw.githubusercontent.com/JeffSackmann/tennis_atp/master/atp_matches_2026.csv
js_7484e04cf3cde6de,2026-02-09,Dallas,Hard,R32,Marin Cilic,Learner Tien,7-5 7-6(4),10.976,3.659,57.317,87.234,40.0,2,4,54.14,40.0,3,4,110,12.0,8.0,56.0,76.19,39.394,1,4,45.86,32.927,2,4,https://raw.githubusercontent.com/JeffSackmann/tennis_atp/master/atp_matches_2026.csv
js_ea7687dcb87b106f,2026-02-09,Dallas,Hard,R32,Miomir Kecmanovic,Sho Shimabukuro,6-7(3) 6-3 7-6(3),6.383,1.064,68.085,76.562,80.0,1,2,51.813,27.273,2,3,124,13.131,1.01,59.596,83.051,57.5,1,3,48.187,22.34,1,2,https://raw.githubusercontent.com/JeffSackmann/tennis_atp/master/atp_matches_2026.csv
js_7f44a7da216fc822,2026-02-09,Dallas,Hard,R32,Sebastian Korda,Michael Zheng,6-3 6-4,17.647,1.961,58.824,96.667,57.143,1,1,56.757,36.667,2,8,67,5.0,1.667,76.667,65.217,57.143,6,8,43.243,19.608,0,1,https://raw.githubusercontent.com/JeffSackmann/tennis_atp/master/atp_matches_2026.csv
js_063d1442a4876837,2026-02-09,Dallas,Hard,R32,Taylor Fritz,Marcos Giron,6-4 5-7 7-6(1),21.212,1.01,70.707,81.429,48.276,3,5,52.358,35.398,2,10,146,7.965,1.77,65.487,70.27,53.846,8,10,47.642,28.283,2,5,https://raw.githubusercontent.com/JeffSackmann/tennis_atp/master/atp_matches_2026.csv
js_e435a78d650b4670,2026-02-09,Dallas,Hard,R32,Tommy Paul,Jenson Brooksby,4-6 6-4 7-6(4),11.111,1.111,60.0,85.185,61.111,1,2,52.632,32.0,1,4,142,3.0,1.0,59.0,76.271,56.098,3,4,47.368,24.444,1,2,https://raw.githubusercontent.com/JeffSackmann/tennis_atp/master/atp_matches_2026.csv
js_f659754c8a287b0f,2026-02-09,Dallas,Hard,R16,Alejandro Davidovich Fokina,Alex Michelsen,6-4 6-4,10.294,0.0,76.471,76.923,43.75,1,1,53.543,35.593,2,3,78,11.864,1.695,71.186,73.81,41.176,1,3,46.457,30.882,0,1,https://raw.githubusercontent.com/JeffSackmann/tennis_atp/master/atp_matches_2026.csv
js_6aa505436bd3fcf2,2026-02-09,Dallas,Hard,R16,Ben Shelton,Adrian Mannarino,7-6(2) 6-7(4) 6-3,21.296,0.926,71.296,76.623,51.613,6,8,53.023,36.449,3,6,160,11.215,3.738,58.879,74.603,47.727,3,6,46.977,30.556,2,8,https://raw.githubusercontent.com/JeffSackmann/tennis_atp/master/atp_matches_2026.csv
js_6c0417d2c1d635c4,2026-02-09,Dallas,Hard,R16,Denis Shapovalov,Aleksandar Kovacevic,6-4 6-4,45.833,2.083,66.667,93.75,62.5,0,0,57.692,35.714,2,4,66,7.143,3.571,66.071,78.378,36.842,2,4,42.308,16.667,0,0,https://raw.githubusercontent.com/JeffSackmann/tennis_atp/master/atp_matches_2026.csv
js_990d617645df5329,2026-02-09,Dallas,Hard,R16,Jack Pinnington Jones,Eliot Spizzirri,7-6(5) 4-6 7-6(4),12.069,6.897,69.828,81.481,42.857,4,5,48.848,24.752,0,0,172,12.871,0.0,76.238,77.922,66.667,0,0,51.152,30.172,1,5,https://raw.githubusercontent.com/JeffSackmann/tennis_atp/master/atp_matches_2026.csv
js_53bbc40e83ccb0d3,2026-02-09,Dallas,Hard,R16,Marin Cilic,Ethan Quinn,7-6(4) 6-3,24.194,8.065,61.29,100.0,58.333,0,0,56.522,34.211,1,5,97,15.789,1.316,64.474,77.551,44.444,4,5,43.478,16.129,0,0,https://raw.githubusercontent.com/JeffSackmann/tennis_atp/master/atp_matches_2026.csv
js_d3cef968abb37e3e,2026-02-09,Dallas,Hard,R16,Miomir Kecmanovic,Tommy Paul,5-7 6-4 6-4,6.742,2.247,71.91,76.562,56.0,4,6,52.514,34.444,3,6,120,15.556,1.111,64.444,79.31,40.625,3,6,47.486,29.213,2,6,https://raw.githubusercontent.com/JeffSackmann/tennis_atp/master/atp_matches_2026.csv
js_1229f73db42cd5a4,2026-02-09,Dallas,Hard,R16,Sebastian Korda,Frances Tiafoe,7-5 6-1,16.0,2.0,68.0,88.235,50.0,1,2,59.596,42.857,4,7,68,16.327,2.041,65.306,68.75,35.294,3,7,40.404,24.0,1,2,https://raw.githubusercontent.com/JeffSackmann/tennis_atp/master/atp_matches_2026.csv
js_8628d392f843da04,2026-02-09,Dallas,Hard,R16,Taylor Fritz,Brandon Nakashima,6-3 6-4,27.778,5.556,75.926,82.927,61.538,3,3,57.692,36.0,2,2,69,10.0,0.0,68.0,64.706,62.5,0,2,42.308,22.222,0,3,https://raw.githubusercontent.com/JeffSackmann/tennis_atp/master/atp_matches_2026.csv
js_7929e28132486fd4,2026-02-09,Dallas,Hard,QF,Ben Shelton,Miomir Kecmanovic,5-7 6-3 6-4,15.556,7.778,71.111,92.188,30.769,1,2,52.571,29.412,2,5,118,8.235,2.353,60.0,86.275,47.059,3,5,47.429,25.556,1,2,https://raw.githubusercontent.com/JeffSackmann/tennis_atp/master/atp_matches_2026.csv
js_7fdb57704bd533d8,2026-02-09,Dallas,Hard,QF,Denis Shapovalov,Alejandro Davidovich Fokina,5-7 6-4 6-3,19.101,2.247,60.674,75.926,60.0,2,3,50.286,30.233,2,7,117,2.326,3.488,73.256,76.19,52.174,5,7,49.714,30.337,1,3,https://raw.githubusercontent.com/JeffSackmann/tennis_atp/master/atp_matches_2026.csv
js_634f80cebc67e038,2026-02-09,Dallas,Hard,QF,Marin Cilic,Jack Pinnington Jones,6-1 6-4,31.373,0.0,64.706,84.848,50.0,2,2,58.879,46.429,3,7,77,5.357,5.357,57.143,62.5,41.667,4,7,41.121,27.451,0,2,https://raw.githubusercontent.com/JeffSackmann/tennis_atp/master/atp_matches_2026.csv
js_98433d559ec9f28a,2026-02-09,Dallas,Hard,QF,Taylor Fritz,Sebastian Korda,6-7(2) 6-4 7-6(5),18.966,2.586,74.138,80.233,40.0,4,4,49.315,26.214,1,2,149,11.65,0.0,66.99,82.609,55.882,1,2,50.685,30.172,0,4,https://raw.githubusercontent.com/JeffSackmann/tennis_atp/master/atp_matches_2026.csv
js_453239aeae8119ea,2026-02-09,Dallas,Hard,SF,Ben Shelton,Denis Shapovalov,4-6 6-4 7-6(4),7.08,3.54,71.681,72.84,56.25,10,11,50.0,31.193,1,6,156,3.67,1.835,62.385,73.529,60.976,5,6,50.0,31.858,1,11,https://raw.githubusercontent.com/JeffSackmann/tennis_atp/master/atp_matches_2026.csv
js_b138f801b371dfc0,2026-02-09,Dallas,Hard,SF,Taylor Fritz,Marin Cilic,7-6(5) 7-6(3),29.333,0.0,74.667,85.714,57.895,0,0,52.907,32.99,0,5,122,16.495,8.247,55.67,81.481,48.837,5,5,47.093,21.333,0,0,https://raw.githubusercontent.com/JeffSackmann/tennis_atp/master/atp_matches_2026.csv
js_87b117ac93c5282f,2026-02-09,Dallas,Hard,F,Ben Shelton,Taylor Fritz,3-6 6-3 7-5,17.978,0.0,70.787,66.667,65.385,5,7,48.765,27.397,3,5,111,19.178,1.37,67.123,87.755,41.667,2,5,51.235,33.708,2,7,https://raw.githubusercontent.com/JeffSackmann/tennis_atp/master/atp_matches_2026.csv
js_e6657ce8392459e3,2026-02-09,Rotterdam,Hard,R32,Alex De Minaur,Arthur Fils,7-6(3) 6-2,3.509,1.754,64.912,75.676,80.0,1,2,58.268,42.857,3,5,92,5.714,4.286,67.143,61.702,47.826,2,5,41.732,22.807,1,2,https://raw.githubusercontent.com/JeffSackmann/tennis_atp/master/atp_matches_2026.csv
js_d9cc1d2a87eedcb5,2026-02-09,Rotterdam,Hard,R32,Alexander Bublik,Hubert Hurkacz,6-7(2) 7-6(1) 7-5,10.924,3.361,62.185,81.081,48.889,5,6,50.885,30.841,2,3,142,23.364,8.411,52.336,91.071,45.098,1,3,49.115,31.092,1,6,https://raw.githubusercontent.com/JeffSackmann/tennis_atp/master/atp_matches_2026.csv
js_83af2014ca166cf3,2026-02-09,Rotterdam,Hard,R32,Botic Van De Zandschulp,Luka Pavlovic,7-6(5) 6-3,8.955,8.955,59.701,80.0,48.148,4,6,55.944,46.053,3,9,95,10.526,1.316,48.684,75.676,33.333,6,9,44.056,32.836,2,6,https://raw.githubusercontent.com/JeffSackmann/tennis_atp/master/atp_matches_2026.csv
js_76873052761243ef,2026-02-09,Rotterdam,Hard,R32,Cameron Norrie,Roberto Bautista Agut,7-6(3) 6-1,10.227,3.409,55.682,77.551,46.154,7,9,56.291,46.032,4,6,114,3.175,0.0,65.079,60.976,40.909,2,6,43.709,36.364,2,9,https://raw.githubusercontent.com/JeffSackmann/tennis_atp/master/atp_matches_2026.csv
js_3d2ad6a40ed84d43,2026-02-09,Rotterdam,Hard,R32,Christopher Oconnell,Valentin Royer,6-4 4-6 7-6(4),9.804,2.941,60.784,75.806,47.5,4,7,51.542,40.8,3,11,172,5.6,2.4,63.2,68.354,43.478,8,11,48.458,35.294,3,7,https://raw.githubusercontent.com/JeffSackmann/tennis_atp/master/atp_matches_2026.csv
js_0864821bbacbba49,2026-02-09,Rotterdam,Hard,R32,Felix Auger Aliassime,Alexei Popyrin,7-5 6-3,13.115,4.918,67.213,82.927,55.0,2,2,55.085,35.088,2,3,92,10.526,1.754,68.421,66.667,61.111,1,3,44.915,26.23,0,2,https://raw.githubusercontent.com/JeffSackmann/tennis_atp/master/atp_matches_2026.csv
js_a76364721a38f121,2026-02-09,Rotterdam,Hard,R32,Guy Den Ouden,Marton Fucsovics,7-6(5) 6-1,2.174,3.261,57.609,64.151,56.41,11,12,52.597,40.323,3,4,111,3.226,6.452,56.452,62.857,55.556,1,4,47.403,39.13,1,12,https://raw.githubusercontent.com/JeffSackmann/tennis_atp/master/atp_matches_2026.csv
js_bea48829e3f7451d,2026-02-09,Rotterdam,Hard,R32,Hamad Medjedovic,Zizou Bergs,7-6(5) 7-6(5),8.333,6.25,62.5,68.333,52.778,7,10,50.777,39.175,3,8,139,10.309,4.124,51.546,62.0,59.574,5,8,49.223,37.5,3,10,https://raw.githubusercontent.com/JeffSackmann/tennis_atp/master/atp_matches_2026.csv
js_4a0346ff5c7803a3,2026-02-09,Rotterdam,Hard,R32,Jan Lennard Struff,Hugo Grenier,6-0 6-4,6.667,2.222,51.111,82.609,63.636,1,2,63.158,54.0,5,12,64,2.0,6.0,50.0,68.0,24.0,7,12,36.842,26.667,1,2,https://raw.githubusercontent.com/JeffSackmann/tennis_atp/master/atp_matches_2026.csv
js_ca5f5b3fc4387082,2026-02-09,Rotterdam,Hard,R32,Jaume Munar,Nicolai Budkov Kjaer,6-1 6-3,9.091,4.545,56.818,80.0,73.684,2,2,62.222,47.826,4,6,71,8.696,2.174,71.739,54.545,46.154,2,6,37.778,22.727,0,2,https://raw.githubusercontent.com/JeffSackmann/tennis_atp/master/atp_matches_2026.csv
js_2c90cd26b802277a,2026-02-09,Rotterdam,Hard,R32,Karen Khachanov,Jesper De Jong,3-6 6-4 7-5,11.494,2.299,62.069,75.926,60.606,4,6,52.632,37.864,3,7,143,6.796,2.913,50.485,71.154,52.941,4,7,47.368,29.885,2,6,https://raw.githubusercontent.com/JeffSackmann/tennis_atp/master/atp_matches_2026.csv
js_976e76e6b9b9495b,2026-02-09,Rotterdam,Hard,R32,Quentin Halys,Mees Rottgering,3-6 6-1 6-1,14.474,3.947,61.842,80.851,34.483,5,7,55.952,50.0,5,13,113,2.174,3.261,53.261,48.98,51.163,8,13,44.048,36.842,2,7,https://raw.githubusercontent.com/JeffSackmann/tennis_atp/master/atp_matches_2026.csv
js_3a0cfeba1ffffc20,2026-02-09,Rotterdam,Hard,R32,Stan Wawrinka,Thijs Boogaard,6-3 6-4,13.846,3.077,47.692,90.323,55.882,3,3,55.372,35.714,2,6,82,1.786,5.357,62.5,71.429,52.381,4,6,44.628,27.692,0,3,https://raw.githubusercontent.com/JeffSackmann/tennis_atp/master/atp_matches_2026.csv
js_7e1d2bedf1caad21,2026-02-09,Rotterdam,Hard,R32,Stefanos Tsitsipas,Arthur Rinderknech,7-5 6-3,3.509,7.018,63.158,86.111,66.667,1,1,56.41,35.0,2,5,81,6.667,8.333,61.667,86.486,30.435,3,5,43.59,21.053,0,1,https://raw.githubusercontent.com/JeffSackmann/tennis_atp/master/atp_matches_2026.csv
js_97b3de990e194ce4,2026-02-09,Rotterdam,Hard,R32,Tallon Griekspoor,Giovanni Mpetshi Perricard,6-4 6-4,15.873,0.0,61.905,82.051,66.667,6,6,56.41,33.333,2,4,72,12.963,5.556,70.37,81.579,31.25,2,4,43.59,23.81,0,6,https://raw.githubusercontent.com/JeffSackmann/tennis_atp/master/atp_matches_2026.csv
js_7c55858fb9c8c35c,2026-02-09,Rotterdam,Hard,R32,Ugo Humbert,Daniil Medvedev,7-6(4) 3-6 6-3,4.082,2.041,64.286,68.254,68.571,7,8,50.5,33.333,1,5,142,5.882,8.824,58.824,83.333,42.857,4,5,49.5,31.633,1,8,https://raw.githubusercontent.com/JeffSackmann/tennis_atp/master/atp_matches_2026.csv
js_ed465a05ff6e84bf,2026-02-09,Rotterdam,Hard,R16,Alex De Minaur,Stan Wawrinka,6-4 6-2,6.977,0.0,67.442,75.862,71.429,0,1,59.0,47.368,4,6,69,5.263,7.018,45.614,57.692,48.387,2,6,41.0,25.581,1,1,https://raw.githubusercontent.com/JeffSackmann/tennis_atp/master/atp_matches_2026.csv
js_59a0797c361c0d38,2026-02-09,Rotterdam,Hard,R16,Alexander Bublik,Jan Lennard Struff,7-6(2) 4-6 6-3,11.607,6.25,48.214,75.926,56.897,5,7,50.495,31.111,2,9,125,10.0,2.222,63.333,80.702,48.485,7,9,49.505,33.929,2,7,https://raw.githubusercontent.com/JeffSackmann/tennis_atp/master/atp_matches_2026.csv
js_dd0f08bdf5427db0,2026-02-09,Rotterdam,Hard,R16,Botic Van De Zandschulp,Stefanos Tsitsipas,6-4 7-6(4),5.263,5.263,65.789,78.0,53.846,5,6,54.658,41.176,2,5,109,9.412,4.706,62.353,66.038,46.875,3,5,45.342,30.263,1,6,https://raw.githubusercontent.com/JeffSackmann/tennis_atp/master/atp_matches_2026.csv
js_d9770fa6c2059ee3,2026-02-09,Rotterdam,Hard,R16,Christopher Oconnell,Cameron Norrie,7-6(9) 6-4,14.286,1.19,58.333,63.265,65.714,1,2,51.22,37.5,2,4,117,7.5,2.5,65.0,75.0,39.286,2,4,48.78,35.714,1,2,https://raw.githubusercontent.com/JeffSackmann/tennis_atp/master/atp_matches_2026.csv
js_a1cde48eb59faa13,2026-02-09,Rotterdam,Hard,R16,Felix Auger Aliassime,Hamad Medjedovic,6-4 6-4,16.071,1.786,64.286,83.333,55.0,1,1,53.279,36.364,2,4,90,7.576,1.515,60.606,70.0,53.846,2,4,46.721,26.786,0,1,https://raw.githubusercontent.com/JeffSackmann/tennis_atp/master/atp_matches_2026.csv
js_987ecda9d9b0e02f,2026-02-09,Rotterdam,Hard,R16,Jaume Munar,Karen Khachanov,7-6(8) 3-6 6-3,4.598,3.448,56.322,87.755,60.526,0,1,50.785,29.808,1,5,152,6.731,0.0,63.462,77.273,57.895,4,5,49.215,24.138,1,1,https://raw.githubusercontent.com/JeffSackmann/tennis_atp/master/atp_matches_2026.csv
js_555d1221bd3447a3,2026-02-09,Rotterdam,Hard,R16,Tallon Griekspoor,Quentin Halys,7-5 7-6(11),22.857,0.0,71.429,86.0,75.0,0,0,54.494,36.111,1,8,121,18.519,3.704,67.593,80.822,28.571,7,8,45.506,17.143,0,0,https://raw.githubusercontent.com/JeffSackmann/tennis_atp/master/atp_matches_2026.csv
js_edc86dae888ebbd6,2026-02-09,Rotterdam,Hard,R16,Ugo Humbert,Guy Den Ouden,6-4 6-3,5.357,3.571,53.571,63.333,69.231,2,4,56.881,47.17,4,4,80,0.0,3.774,56.604,53.333,52.174,0,4,43.119,33.929,2,4,https://raw.githubusercontent.com/JeffSackmann/tennis_atp/master/atp_matches_2026.csv
js_296e2db5bd2dafb9,2026-02-09,Rotterdam,Hard,QF,Alex De Minaur,Botic Van De Zandschulp,3-6 7-6(4) 7-5,4.0,3.0,67.0,74.627,54.545,5,7,50.685,36.134,2,5,164,10.084,6.723,57.983,75.362,48.0,3,5,49.315,32.0,2,7,https://raw.githubusercontent.com/JeffSackmann/tennis_atp/master/atp_matches_2026.csv
js_25b987211dcaa071,2026-02-09,Rotterdam,Hard,QF,Alexander Bublik,Jaume Munar,6-4 6-7(4) 7-6(3),8.85,6.195,53.982,81.967,59.615,10,11,52.466,32.727,2,6,162,7.273,0.909,55.455,78.689,53.061,4,6,47.534,28.319,1,11,https://raw.githubusercontent.com/JeffSackmann/tennis_atp/master/atp_matches_2026.csv
js_b59d3a07e8669f6c,2026-02-09,Rotterdam,Hard,QF,Felix Auger Aliassime,Tallon Griekspoor,7-6(2) 6-2,14.286,4.762,58.73,91.892,53.846,1,1,57.252,39.706,2,6,104,4.412,4.412,67.647,69.565,40.909,4,6,42.748,23.81,0,1,https://raw.githubusercontent.com/JeffSackmann/tennis_atp/master/atp_matches_2026.csv
js_3151726f9e171eb3,2026-02-09,Rotterdam,Hard,QF,Ugo Humbert,Christopher Oconnell,6-4 6-1,10.204,4.082,53.061,96.154,56.522,0,0,61.616,46.0,3,7,77,8.0,2.0,54.0,59.259,47.826,4,7,38.384,22.449,0,0,https://raw.githubusercontent.com/JeffSackmann/tennis_atp/master/atp_matches_2026.csv
js_dba4b106601f56d2,2026-02-09,Rotterdam,Hard,SF,Alex De Minaur,Ugo Humbert,6-4 6-3,1.316,2.632,67.105,66.667,56.0,10,10,50.781,32.692,3,4,92,0.0,3.846,55.769,68.966,65.217,1,4,49.219,36.842,0,10,https://raw.githubusercontent.com/JeffSackmann/tennis_atp/master/atp_matches_2026.csv
js_cc6e08ce36593b5b,2026-02-09,Rotterdam,Hard,SF,Felix Auger Aliassime,Alexander Bublik,6-1 6-2,17.5,7.5,70.0,96.429,50.0,0,0,66.667,52.273,4,6,54,9.091,2.273,68.182,53.333,35.714,2,6,33.333,17.5,0,0,https://raw.githubusercontent.com/JeffSackmann/tennis_atp/master/atp_matches_2026.csv
js_392a02665d4bfec5,2026-02-09,Rotterdam,Hard,F,Alex De Minaur,Felix Auger Aliassime,6-3 6-2,1.961,1.961,66.667,76.471,64.706,0,0,59.375,44.444,3,5,78,4.444,6.667,48.889,81.818,30.435,2,5,40.625,27.451,0,0,https://raw.githubusercontent.com/JeffSackmann/tennis_atp/master/atp_matches_2026.csv
js_2a6d450813648543,2026-02-16,Delray Beach,Hard,R32,Adam Walton,Gabriel Diallo,7-6(4) 6-3,7.042,0.0,76.056,74.074,58.824,1,1,53.488,32.759,1,1,90,6.897,1.724,75.862,72.727,50.0,0,1,46.512,29.577,0,1,https://raw.githubusercontent.com/JeffSackmann/tennis_atp/master/atp_matches_2026.csv
js_7976858aa7af7d1c,2026-02-16,Delray Beach,Hard,R32,Alex Michelsen,Valentin Vacherot,7-6(4) 6-4,8.621,3.448,67.241,92.308,68.421,0,0,54.472,27.692,1,3,88,15.385,4.615,66.154,83.721,50.0,2,3,45.528,15.517,0,0,https://raw.githubusercontent.com/JeffSackmann/tennis_atp/master/atp_matches_2026.csv
js_cce40f0e47577809,2026-02-16,Delray Beach,Hard,R32,Brandon Nakashima,Marin Cilic,7-6(4) 7-6(5),14.943,0.0,64.368,83.929,54.839,1,1,51.705,30.337,0,2,132,8.989,1.124,65.169,81.034,48.387,2,2,48.295,26.437,0,1,https://raw.githubusercontent.com/JeffSackmann/tennis_atp/master/atp_matches_2026.csv
js_97f665445c7a27bd,2026-02-16,Delray Beach,Hard,R32,Coleman Wong,Nuno Borges,7-6(5) 4-6 6-3,14.0,3.0,68.0,73.529,59.375,9,11,51.01,32.653,2,5,127,8.163,3.061,67.347,74.242,53.125,3,5,48.99,31.0,2,11,https://raw.githubusercontent.com/JeffSackmann/tennis_atp/master/atp_matches_2026.csv
js_402bf646a4442566,2026-02-16,Delray Beach,Hard,R32,Frances Tiafoe,Rinky Hijikata,6-4 6-4,12.5,0.0,70.833,94.118,64.286,1,1,57.009,33.898,2,7,73,8.475,1.695,57.627,70.588,60.0,5,7,42.991,14.583,0,1,https://raw.githubusercontent.com/JeffSackmann/tennis_atp/master/atp_matches_2026.csv
js_3e66d7da1cea240d,2026-02-16,Delray Beach,Hard,R32,Marcos Giron,Sho Shimabukuro,6-3 7-5,2.667,2.667,53.333,70.0,71.429,9,9,55.97,37.288,2,5,86,16.949,3.39,66.102,76.923,35.0,3,5,44.03,29.333,0,9,https://raw.githubusercontent.com/JeffSackmann/tennis_atp/master/atp_matches_2026.csv
js_e20af82ce8aeb74e,2026-02-16,Delray Beach,Hard,R32,Miomir Kecmanovic,Mattia Bellucci,6-1 6-4,7.143,2.381,64.286,85.185,86.667,0,0,64.835,46.939,3,4,62,6.122,6.122,59.184,62.069,40.0,1,4,35.165,14.286,0,0,https://raw.githubusercontent.com/JeffSackmann/tennis_atp/master/atp_matches_2026.csv
js_73d0cab7bd872762,2026-02-16,Delray Beach,Hard,R32,Rafael Jodar,Ethan Quinn,6-2 6-3,3.922,3.922,58.824,60.0,61.905,1,3,55.652,51.562,6,10,78,6.25,4.688,68.75,61.364,20.0,4,10,44.348,39.216,2,3,https://raw.githubusercontent.com/JeffSackmann/tennis_atp/master/atp_matches_2026.csv
js_5172de119363a4ea,2026-02-16,Delray Beach,Hard,R32,Sebastian Korda,Mackenzie Mcdonald,6-4 7-5,24.138,0.0,75.862,86.364,57.143,2,2,55.725,36.986,2,3,88,2.74,4.11,64.384,63.83,61.538,1,3,44.275,20.69,0,2,https://raw.githubusercontent.com/JeffSackmann/tennis_atp/master/atp_matches_2026.csv
js_1cca14a0004f437e,2026-02-16,Delray Beach,Hard,R32,Terence Atmane,Patrick Kypson,6-3 2-6 6-4,14.865,2.703,58.108,74.419,64.516,1,3,50.685,30.556,2,3,103,6.944,2.778,69.444,78.0,50.0,1,3,49.315,29.73,2,3,https://raw.githubusercontent.com/JeffSackmann/tennis_atp/master/atp_matches_2026.csv
js_256a10a57aaedb54,2026-02-16,Delray Beach,Hard,R32,Tommy Paul,Corentin Moutet,4-6 6-3 6-4,13.415,2.439,68.293,80.357,46.154,2,5,53.886,42.342,4,21,150,3.604,5.405,64.865,61.111,51.282,17,21,46.114,30.488,3,5,https://raw.githubusercontent.com/JeffSackmann/tennis_atp/master/atp_matches_2026.csv
js_680fdd083312cba3,2026-02-16,Delray Beach,Hard,R32,Zachary Svajda,Aleksandar Kovacevic,7-6(4) 6-3,18.681,2.198,59.341,85.185,48.649,9,9,53.103,24.074,1,3,88,25.926,7.407,57.407,93.548,52.174,2,3,46.897,29.67,0,9,https://raw.githubusercontent.com/JeffSackmann/tennis_atp/master/atp_matches_2026.csv
js_53de4334de1a3f43,2026-02-16,Delray Beach,Hard,R16,Casper Ruud,Marcos Giron,4-6 7-6(6) 6-4,19.048,0.0,71.429,73.333,60.0,3,4,49.749,27.66,1,6,142,9.574,2.128,67.021,76.19,64.516,5,6,50.251,30.476,1,4,https://raw.githubusercontent.com/JeffSackmann/tennis_atp/master/atp_matches_2026.csv
js_6b87a96f660b9474,2026-02-16,Delray Beach,Hard,R16,Coleman Wong,Brandon Nakashima,6-4 7-6(4),20.312,0.0,59.375,84.211,53.846,2,3,52.756,33.333,2,4,88,17.46,0.0,73.016,71.739,52.941,2,4,47.244,28.125,1,3,https://raw.githubusercontent.com/JeffSackmann/tennis_atp/master/atp_matches_2026.csv
js_447eb088d30ee964,2026-02-16,Delray Beach,Hard,R16,Flavio Cobolli,Terence Atmane,7-5 6-4,13.433,2.985,55.224,86.486,50.0,1,2,55.396,41.667,3,7,101,12.5,5.556,52.778,68.421,47.059,4,7,44.604,29.851,1,2,https://raw.githubusercontent.com/JeffSackmann/tennis_atp/master/atp_matches_2026.csv
js_718d79fcb75850b6,2026-02-16,Delray Beach,Hard,R16,Frances Tiafoe,Zachary Svajda,6-4 3-6 7-5,5.495,3.297,62.637,77.193,58.824,5,6,50.99,35.135,2,5,141,12.613,3.604,62.162,71.014,54.762,3,5,49.01,29.67,1,6,https://raw.githubusercontent.com/JeffSackmann/tennis_atp/master/atp_matches_2026.csv
js_6f905289b08462eb,2026-02-16,Delray Beach,Hard,R16,Learner Tien,Miomir Kecmanovic,6-4 6-7(4) 7-6(5),19.048,4.762,61.905,84.615,50.0,5,7,52.0,35.0,3,8,135,10.0,1.667,63.333,71.053,54.545,5,8,48.0,28.571,2,7,https://raw.githubusercontent.com/JeffSackmann/tennis_atp/master/atp_matches_2026.csv
js_50cb468a99474b30,2026-02-16,Delray Beach,Hard,R16,Sebastian Korda,Alex Michelsen,6-3 7-6(6),14.286,2.857,62.857,77.273,46.154,5,7,51.613,40.0,4,13,106,8.235,2.353,77.647,63.636,47.368,9,13,48.387,34.286,2,7,https://raw.githubusercontent.com/JeffSackmann/tennis_atp/master/atp_matches_2026.csv
js_012f2cc4de24d20a,2026-02-16,Delray Beach,Hard,R16,Taylor Fritz,Rafael Jodar,7-6(4) 6-4,22.059,0.0,72.059,83.673,42.105,2,3,53.704,40.426,2,8,106,3.191,0.0,71.277,61.194,55.556,6,8,46.296,27.941,1,3,https://raw.githubusercontent.com/JeffSackmann/tennis_atp/master/atp_matches_2026.csv
js_45365ee971c9ff93,2026-02-16,Delray Beach,Hard,R16,Tommy Paul,Adam Walton,7-6(11) 6-3,14.493,2.899,60.87,80.952,59.259,0,1,55.172,39.474,2,8,97,9.211,0.0,73.684,58.929,65.0,6,8,44.828,27.536,1,1,https://raw.githubusercontent.com/JeffSackmann/tennis_atp/master/atp_matches_2026.csv
js_04688cc3a5e6ec88,2026-02-16,Delray Beach,Hard,QF,Flavio Cobolli,Coleman Wong,7-5 6-7(7) 6-2,11.957,0.0,53.261,81.633,67.442,2,3,54.315,36.19,4,8,134,14.286,1.905,59.048,67.742,58.14,4,8,45.685,25.0,1,3,https://raw.githubusercontent.com/JeffSackmann/tennis_atp/master/atp_matches_2026.csv
js_f66074d6f6e57c52,2026-02-16,Delray Beach,Hard,QF,Learner Tien,Frances Tiafoe,7-6(5) 3-6 7-5,13.402,3.093,65.979,68.75,39.394,7,13,49.231,39.796,6,7,139,11.224,1.02,65.306,65.625,50.0,1,7,50.769,41.237,6,13,https://raw.githubusercontent.com/JeffSackmann/tennis_atp/master/atp_matches_2026.csv
js_07a405ec659a7daf,2026-02-16,Delray Beach,Hard,QF,Sebastian Korda,Casper Ruud,4-6 6-2 6-2,12.346,3.704,58.025,72.34,58.824,3,4,54.335,43.478,4,8,126,3.261,1.087,63.043,62.069,47.059,4,8,45.665,33.333,1,4,https://raw.githubusercontent.com/JeffSackmann/tennis_atp/master/atp_matches_2026.csv
js_e4445a55d9b47313,2026-02-16,Delray Beach,Hard,QF,Tommy Paul,Taylor Fritz,6-4 6-3,10.714,0.0,73.214,82.927,46.667,3,3,56.349,42.857,3,11,76,14.286,4.286,74.286,65.385,33.333,8,11,43.651,26.786,0,3,https://raw.githubusercontent.com/JeffSackmann/tennis_atp/master/atp_matches_2026.csv
js_6070845d9db189fc,2026-02-16,Delray Beach,Hard,SF,Sebastian Korda,Flavio Cobolli,7-6(1) 6-1,24.49,0.0,65.306,84.375,82.353,0,0,60.0,42.424,3,7,76,7.576,1.515,57.576,71.053,39.286,4,7,40.0,16.327,0,0,https://raw.githubusercontent.com/JeffSackmann/tennis_atp/master/atp_matches_2026.csv
js_1ef2bb6ffdbd5341,2026-02-16,Delray Beach,Hard,SF,Tommy Paul,Learner Tien,4-6 6-4 6-3,13.158,1.754,61.404,71.429,52.273,7,8,51.905,37.5,2,5,134,5.208,2.083,53.125,78.431,44.444,3,5,48.095,35.965,1,8,https://raw.githubusercontent.com/JeffSackmann/tennis_atp/master/atp_matches_2026.csv
js_de8321303d299414,2026-02-16,Delray Beach,Hard,F,Sebastian Korda,Tommy Paul,6-4 6-3,15.0,3.333,66.667,82.5,45.0,5,6,56.78,43.103,3,6,82,8.621,3.448,67.241,66.667,36.842,3,6,43.22,30.0,1,6,https://raw.githubusercontent.com/JeffSackmann/tennis_atp/master/atp_matches_2026.csv
js_32a45c1163db803b,2026-02-16,Doha,Hard,R32,Alexei Popyrin,Mubarak Shannan Zayid,6-0 6-2,12.5,2.5,67.5,85.185,61.538,1,1,70.0,62.5,5,8,58,0.0,15.0,52.5,42.857,31.579,3,8,30.0,22.5,0,1,https://raw.githubusercontent.com/JeffSackmann/tennis_atp/master/atp_matches_2026.csv
js_677455db6e12f564,2026-02-16,Doha,Hard,R32,Andrey Rublev,Jesper De Jong,6-4 6-3,7.407,3.704,62.963,64.706,50.0,2,4,53.097,47.458,5,8,78,8.475,1.695,61.017,61.111,39.13,3,8,46.903,40.741,2,4,https://raw.githubusercontent.com/JeffSackmann/tennis_atp/master/atp_matches_2026.csv
js_0a8ddd3db08fe770,2026-02-16,Doha,Hard,R32,Arthur Fils,Kamil Majchrzak,6-7(5) 6-3 6-4,5.051,5.051,65.657,75.385,52.941,0,1,52.427,38.318,3,6,130,6.542,4.673,65.421,71.429,43.243,3,6,47.573,32.323,1,1,https://raw.githubusercontent.com/JeffSackmann/tennis_atp/master/atp_matches_2026.csv
js_6b826db02686ebdf,2026-02-16,Doha,Hard,R32,Carlos Alcaraz,Arthur Rinderknech,6-4 7-6(5),2.899,1.449,76.812,84.906,50.0,2,2,53.289,33.735,1,6,107,7.229,1.205,67.47,75.0,48.148,5,6,46.711,23.188,0,2,https://raw.githubusercontent.com/JeffSackmann/tennis_atp/master/atp_matches_2026.csv
js_426e8d60e1d30c4a,2026-02-16,Doha,Hard,R32,Daniil Medvedev,Juncheng Shang,6-4 6-2,11.321,1.887,79.245,78.571,63.636,1,1,58.929,44.068,3,8,75,1.695,3.39,66.102,64.103,40.0,5,8,41.071,24.528,0,1,https://raw.githubusercontent.com/JeffSackmann/tennis_atp/master/atp_matches_2026.csv
js_af3e1cc9e5ac2a36,2026-02-16,Doha,Hard,R32,Fabian Marozsan,Ugo Humbert,6-3 6-1,2.564,2.564,76.923,86.667,66.667,0,0,62.791,46.809,4,7,57,2.128,4.255,53.191,56.0,50.0,3,7,37.209,17.949,0,0,https://raw.githubusercontent.com/JeffSackmann/tennis_atp/master/atp_matches_2026.csv
js_14f0897a606543d2,2026-02-16,Doha,Hard,R32,Jakub Mensik,Jan Choinski,6-7(6) 6-2 6-4,10.753,2.151,65.591,75.41,50.0,2,4,53.571,41.748,5,10,138,2.913,1.942,67.961,62.857,48.485,5,10,46.429,33.333,2,4,https://raw.githubusercontent.com/JeffSackmann/tennis_atp/master/atp_matches_2026.csv
js_3e0fad5e56d831f9,2026-02-16,Doha,Hard,R32,Jannik Sinner,Tomas Machac,6-1 6-4,16.667,0.0,69.048,86.207,84.615,0,0,61.321,45.312,3,11,70,1.562,6.25,59.375,65.789,38.462,8,11,38.679,14.286,0,0,https://raw.githubusercontent.com/JeffSackmann/tennis_atp/master/atp_matches_2026.csv
js_5086dd9e19998d5e,2026-02-16,Doha,Hard,R32,Jiri Lehecka,Jenson Brooksby,6-3 6-3,8.475,5.085,71.186,76.19,47.059,4,5,57.377,47.619,4,7,82,0.0,4.762,66.667,57.143,42.857,3,7,42.623,32.203,1,5,https://raw.githubusercontent.com/JeffSackmann/tennis_atp/master/atp_matches_2026.csv
js_4ea145429a3077f4,2026-02-16,Doha,Hard,R32,Karen Khachanov,Shintaro Mochizuki,6-1 3-6 6-4,9.459,2.703,62.162,76.087,42.857,2,5,54.118,46.875,5,13,115,6.25,7.292,53.125,56.863,48.889,8,13,45.882,36.486,3,5,https://raw.githubusercontent.com/JeffSackmann/tennis_atp/master/atp_matches_2026.csv
js_68458053272a3682,2026-02-16,Doha,Hard,R32,Marton Fucsovics,Hady Habib,6-3 6-3,1.923,3.846,75.0,66.667,69.231,2,3,56.075,45.455,4,7,70,1.818,10.909,52.727,68.966,38.462,3,7,43.925,32.692,1,3,https://raw.githubusercontent.com/JeffSackmann/tennis_atp/master/atp_matches_2026.csv
js_566ceca8284a127c,2026-02-16,Doha,Hard,R32,Quentin Halys,Pablo Carreno Busta,4-6 7-5 6-3,15.385,2.198,51.648,85.106,52.273,5,7,53.514,38.298,3,4,143,4.255,0.0,65.957,64.516,56.25,1,4,46.486,30.769,2,7,https://raw.githubusercontent.com/JeffSackmann/tennis_atp/master/atp_matches_2026.csv
js_868a6ae4087c1b4b,2026-02-16,Doha,Hard,R32,Stefanos Tsitsipas,Moez Echargui,6-4 6-4,9.259,0.0,61.111,81.818,66.667,0,0,55.556,38.095,2,7,84,6.349,1.587,69.841,70.455,42.105,5,7,44.444,24.074,0,0,https://raw.githubusercontent.com/JeffSackmann/tennis_atp/master/atp_matches_2026.csv
js_63201c70ede0bfe8,2026-02-16,Doha,Hard,R32,Valentin Royer,Pierre Hugues Herbert,6-0 6-3,4.167,2.083,62.5,80.0,44.444,1,2,62.626,58.824,5,6,62,7.843,7.843,68.627,54.286,12.5,1,6,37.374,33.333,1,2,https://raw.githubusercontent.com/JeffSackmann/tennis_atp/master/atp_matches_2026.csv
js_5ee1c3522f556152,2026-02-16,Doha,Hard,R32,Zhizhen Zhang,Roberto Carballes Baena,6-4 6-4,16.667,0.0,66.667,87.5,50.0,1,1,55.263,33.333,2,2,74,12.963,3.704,68.519,75.676,47.059,0,2,44.737,25.0,0,1,https://raw.githubusercontent.com/JeffSackmann/tennis_atp/master/atp_matches_2026.csv
js_59320c56b54569f7,2026-02-16,Doha,Hard,R32,Zizou Bergs,Giovanni Mpetshi Perricard,6-3 6-7(5) 6-4,16.832,1.98,60.396,78.689,65.0,1,1,52.632,29.213,2,4,135,7.865,2.247,71.91,78.125,52.0,2,4,47.368,26.733,0,1,https://raw.githubusercontent.com/JeffSackmann/tennis_atp/master/atp_matches_2026.csv
js_56a328cbe2671cf4,2026-02-16,Doha,Hard,R16,Andrey Rublev,Fabian Marozsan,6-2 6-4,12.766,0.0,53.191,88.0,68.182,0,0,59.048,43.103,3,5,67,6.897,6.897,55.172,53.125,61.538,2,5,40.952,21.277,0,0,https://raw.githubusercontent.com/JeffSackmann/tennis_atp/master/atp_matches_2026.csv
js_903871fc692c3f64,2026-02-16,Doha,Hard,R16,Arthur Fils,Quentin Halys,6-1 7-6(7),8.065,3.226,67.742,73.81,70.0,5,6,56.818,42.857,3,7,89,7.143,1.429,54.286,60.526,53.125,4,7,43.182,27.419,1,6,https://raw.githubusercontent.com/JeffSackmann/tennis_atp/master/atp_matches_2026.csv
js_5382b15c58dae8ed,2026-02-16,Doha,Hard,R16,Carlos Alcaraz,Valentin Royer,6-2 7-5,5.797,2.899,81.159,66.071,61.538,4,5,56.818,47.619,4,8,95,3.175,3.175,55.556,60.0,42.857,4,8,43.182,34.783,1,5,https://raw.githubusercontent.com/JeffSackmann/tennis_atp/master/atp_matches_2026.csv
js_2831091be1558af4,2026-02-16,Doha,Hard,R16,Jakub Mensik,Zhizhen Zhang,6-3 6-2,14.894,2.128,63.83,80.0,70.588,0,0,59.615,45.614,3,12,66,3.509,5.263,59.649,61.765,43.478,9,12,40.385,23.404,0,0,https://raw.githubusercontent.com/JeffSackmann/tennis_atp/master/atp_matches_2026.csv
js_59c5ce332caeff69,2026-02-16,Doha,Hard,R16,Jannik Sinner,Alexei Popyrin,6-3 7-5,12.069,0.0,74.138,79.07,73.333,0,0,55.046,29.412,2,3,84,7.843,0.0,64.706,72.727,66.667,1,3,44.954,22.414,0,0,https://raw.githubusercontent.com/JeffSackmann/tennis_atp/master/atp_matches_2026.csv
js_b405c25caf3d8cbf,2026-02-16,Doha,Hard,R16,Jiri Lehecka,Zizou Bergs,6-2 6-1,18.367,2.041,57.143,85.714,47.619,3,3,65.476,60.0,4,4,69,5.714,11.429,57.143,55.0,20.0,0,4,34.524,30.612,0,3,https://raw.githubusercontent.com/JeffSackmann/tennis_atp/master/atp_matches_2026.csv
js_35dfaae4486f3bf9,2026-02-16,Doha,Hard,R16,Karen Khachanov,Marton Fucsovics,6-2 4-6 6-4,9.091,1.299,71.429,83.636,45.455,5,6,53.704,36.471,3,6,121,7.059,2.353,62.353,73.585,46.875,3,6,46.296,27.273,1,6,https://raw.githubusercontent.com/JeffSackmann/tennis_atp/master/atp_matches_2026.csv
js_1dc2998a9ae82907,2026-02-16,Doha,Hard,R16,Stefanos Tsitsipas,Daniil Medvedev,6-3 6-4,6.667,1.667,75.0,80.0,53.333,0,0,55.833,38.333,2,7,76,5.0,6.667,65.0,69.231,47.619,5,7,44.167,26.667,0,0,https://raw.githubusercontent.com/JeffSackmann/tennis_atp/master/atp_matches_2026.csv
js_43858ef53a752bfe,2026-02-16,Doha,Hard,QF,Andrey Rublev,Stefanos Tsitsipas,6-3 7-6(2),7.042,2.817,60.563,79.07,57.143,5,5,53.788,34.426,2,2,95,13.115,1.639,63.934,79.487,40.909,0,2,46.212,29.577,0,5,https://raw.githubusercontent.com/JeffSackmann/tennis_atp/master/atp_matches_2026.csv
js_05fe05413a8122a3,2026-02-16,Doha,Hard,QF,Arthur Fils,Jiri Lehecka,6-3 6-3,4.478,0.0,68.657,69.565,38.095,4,6,55.882,52.174,5,10,89,2.899,2.899,65.217,51.111,41.667,5,10,44.118,40.299,2,6,https://raw.githubusercontent.com/JeffSackmann/tennis_atp/master/atp_matches_2026.csv
js_8cebd816f0a1d408,2026-02-16,Doha,Hard,QF,Carlos Alcaraz,Karen Khachanov,6-7(3) 6-4 6-3,8.791,2.198,70.33,76.562,66.667,3,3,51.98,34.234,3,10,146,3.604,1.802,70.27,70.513,54.545,7,10,48.02,26.374,0,3,https://raw.githubusercontent.com/JeffSackmann/tennis_atp/master/atp_matches_2026.csv
js_5d74a58c087c9142,2026-02-16,Doha,Hard,QF,Jakub Mensik,Jannik Sinner,7-6(3) 2-6 6-3,12.941,4.706,70.588,81.667,36.0,5,7,49.143,31.111,2,4,131,6.667,1.111,63.333,71.93,63.636,2,4,50.857,31.765,2,7,https://raw.githubusercontent.com/JeffSackmann/tennis_atp/master/atp_matches_2026.csv
js_777994ccffcb7975,2026-02-16,Doha,Hard,SF,Arthur Fils,Jakub Mensik,6-4 7-6(4),6.173,1.235,66.667,72.222,59.259,7,8,52.083,31.746,2,5,95,12.698,7.937,58.73,81.081,50.0,3,5,47.917,32.099,1,8,https://raw.githubusercontent.com/JeffSackmann/tennis_atp/master/atp_matches_2026.csv
js_748a8ff6f33f22c4,2026-02-16,Doha,Hard,SF,Carlos Alcaraz,Andrey Rublev,7-6(3) 6-4,3.125,2.083,67.708,61.538,48.387,9,13,52.299,46.154,5,11,122,1.282,1.282,58.974,63.043,40.625,6,11,47.701,42.708,4,13,https://raw.githubusercontent.com/JeffSackmann/tennis_atp/master/atp_matches_2026.csv
js_3cf2482473584a29,2026-02-16,Doha,Hard,F,Carlos Alcaraz,Arthur Fils,6-2 6-1,15.152,3.03,81.818,88.889,66.667,0,0,68.421,55.814,5,7,50,0.0,0.0,72.093,45.161,41.667,2,7,31.579,15.152,0,0,https://raw.githubusercontent.com/JeffSackmann/tennis_atp/master/atp_matches_2026.csv
js_a0e9d02c7b6cee86,2026-02-16,Rio de Janeiro,Clay,R32,Alejandro Tabilo,Emilio Nava,6-3 6-3,7.143,0.0,83.333,82.857,100.0,0,0,61.053,41.509,3,7,63,11.321,5.66,71.698,65.789,40.0,4,7,38.947,14.286,0,0,https://raw.githubusercontent.com/JeffSackmann/tennis_atp/master/atp_matches_2026.csv
js_64525a7978cb0fec,2026-02-16,Rio de Janeiro,Clay,R32,Damir Dzumhur,Pedro Martinez,0-6 7-6(5) 6-4,1.099,0.0,71.429,56.923,38.462,6,12,46.512,40.741,4,5,159,4.938,4.938,64.198,65.385,48.276,1,5,53.488,48.352,6,12,https://raw.githubusercontent.com/JeffSackmann/tennis_atp/master/atp_matches_2026.csv
js_36c2330116ca1735,2026-02-16,Rio de Janeiro,Clay,R32,Dusan Lajovic,Daniel Altmaier,6-4 7-6(7),2.74,1.37,76.712,78.571,41.176,1,2,54.321,41.573,2,8,121,8.989,2.247,62.921,69.643,39.394,6,8,45.679,30.137,1,2,https://raw.githubusercontent.com/JeffSackmann/tennis_atp/master/atp_matches_2026.csv
js_3bd7533910ac7d22,2026-02-16,Rio de Janeiro,Clay,R32,Francesco Passaro,Dino Prizmic,6-3 6-4,5.455,0.0,58.182,78.125,52.174,3,4,53.968,43.662,4,13,106,2.817,4.225,54.93,61.538,50.0,9,13,46.032,32.727,1,4,https://raw.githubusercontent.com/JeffSackmann/tennis_atp/master/atp_matches_2026.csv
js_f57f778c00f99bd8,2026-02-16,Rio de Janeiro,Clay,R32,Francisco Cerundolo,Mariano Navone,6-3 6-4,1.471,2.941,63.235,72.093,48.0,10,12,55.932,46.0,4,5,91,0.0,4.0,66.0,66.667,29.412,1,5,44.068,36.765,2,12,https://raw.githubusercontent.com/JeffSackmann/tennis_atp/master/atp_matches_2026.csv
js_4cc1775b60de317a,2026-02-16,Rio de Janeiro,Clay,R32,Ignacio Buse,Igor Ribeiro Marcondes,4-6 7-5 6-4,2.655,0.885,67.257,72.368,48.649,12,14,50.251,31.395,3,6,162,6.977,2.326,61.628,75.472,57.576,3,6,49.749,35.398,2,14,https://raw.githubusercontent.com/JeffSackmann/tennis_atp/master/atp_matches_2026.csv
js_24cd12af6eb36ca0,2026-02-16,Rio de Janeiro,Clay,R32,Jaime Faria,Sebastian Baez,7-5 6-1,3.704,3.704,64.815,80.0,42.105,1,3,59.016,52.941,5,11,95,2.941,7.353,69.118,61.702,14.286,6,11,40.984,33.333,2,3,https://raw.githubusercontent.com/JeffSackmann/tennis_atp/master/atp_matches_2026.csv
js_c2393453ad2fdf5b,2026-02-16,Rio de Janeiro,Clay,R32,Joao Fonseca,Thiago Monteiro,7-6(1) 6-1,11.667,1.667,71.667,83.721,58.824,0,0,58.678,40.984,2,5,94,14.754,3.279,68.852,73.81,26.316,3,5,41.322,23.333,0,0,https://raw.githubusercontent.com/JeffSackmann/tennis_atp/master/atp_matches_2026.csv
js_cd51c4b3796fa52d,2026-02-16,Rio de Janeiro,Clay,R32,Juan Manuel Cerundolo,Luciano Darderi,6-1 3-6 6-4,4.444,2.222,73.333,66.667,54.167,6,8,53.012,40.789,4,11,137,1.316,2.632,61.842,72.34,37.931,7,11,46.988,36.667,2,8,https://raw.githubusercontent.com/JeffSackmann/tennis_atp/master/atp_matches_2026.csv
js_6355ac4fdfd0e1a5,2026-02-16,Rio de Janeiro,Clay,R32,Matteo Berrettini,Tomas Barrios Vera,7-6(1) 7-5,8.0,2.667,64.0,79.167,66.667,5,5,54.601,37.5,1,6,145,3.409,0.0,77.273,63.235,60.0,5,6,45.399,25.333,0,5,https://raw.githubusercontent.com/JeffSackmann/tennis_atp/master/atp_matches_2026.csv
js_b640c5b5738d37f3,2026-02-16,Rio de Janeiro,Clay,R32,Roman Andres Burruchaga,Camilo Ugo Carabelli,6-3 6-4,7.937,4.762,69.841,77.273,57.895,3,3,55.906,40.625,2,3,96,3.125,6.25,50.0,59.375,59.375,1,3,44.094,28.571,0,3,https://raw.githubusercontent.com/JeffSackmann/tennis_atp/master/atp_matches_2026.csv
js_5bcf5d9d9c7681d9,2026-02-16,Rio de Janeiro,Clay,R32,Thiago Agustin Tirante,Cristian Garin,7-5 6-3,17.391,0.0,55.072,71.053,54.839,5,7,54.478,44.615,4,8,113,3.077,7.692,60.0,61.538,46.154,4,8,45.522,36.232,2,7,https://raw.githubusercontent.com/JeffSackmann/tennis_atp/master/atp_matches_2026.csv
js_cdfae059a65218a3,2026-02-16,Rio de Janeiro,Clay,R32,Tomas Martin Etcheverry,Francisco Comesana,3-6 6-3 6-4,7.407,2.469,66.667,72.222,62.963,3,4,49.689,30.0,2,5,156,10.0,5.0,63.75,80.392,51.724,3,5,50.311,30.864,1,4,https://raw.githubusercontent.com/JeffSackmann/tennis_atp/master/atp_matches_2026.csv
js_febc631f2171c705,2026-02-16,Rio de Janeiro,Clay,R32,Vilius Gaubas,Luis Guto Miguel,6-3 2-6 6-2,0.0,2.5,76.25,59.016,63.158,1,3,48.171,36.905,3,10,131,1.19,1.19,70.238,72.881,40.0,7,10,51.829,40.0,2,3,https://raw.githubusercontent.com/JeffSackmann/tennis_atp/master/atp_matches_2026.csv
js_b85d951635e8e087,2026-02-16,Rio de Janeiro,Clay,R32,Vit Kopriva,Gustavo Heide,6-2 7-6(5),3.077,1.538,64.615,71.429,73.913,7,8,56.489,40.909,3,5,109,1.515,1.515,54.545,63.889,53.333,2,5,43.511,27.692,1,8,https://raw.githubusercontent.com/JeffSackmann/tennis_atp/master/atp_matches_2026.csv
js_756a487812807fec,2026-02-16,Rio de Janeiro,Clay,R32,Yannick Hanfmann,Joao Lucas Reis Da Silva,7-6(3) 6-4,8.696,1.449,72.464,80.0,42.105,2,4,55.405,43.038,3,9,117,1.266,3.797,68.354,66.667,36.0,6,9,44.595,30.435,2,4,https://raw.githubusercontent.com/JeffSackmann/tennis_atp/master/atp_matches_2026.csv
js_cc75c923dce860da,2026-02-16,Rio de Janeiro,Clay,R16,Alejandro Tabilo,Francesco Passaro,4-6 7-6(0) 6-2,5.128,0.0,64.103,86.0,53.571,4,6,55.172,39.583,3,8,141,4.167,1.042,70.833,63.235,53.571,5,8,44.828,25.641,2,6,https://raw.githubusercontent.com/JeffSackmann/tennis_atp/master/atp_matches_2026.csv
js_f2ba4a38eeb9c553,2026-02-16,Rio de Janeiro,Clay,R16,Ignacio Buse,Joao Fonseca,5-7 6-3 6-4,8.333,5.208,61.458,76.271,56.757,8,9,51.613,33.333,2,6,146,2.222,3.333,61.111,72.727,57.143,4,6,48.387,31.25,1,9,https://raw.githubusercontent.com/JeffSackmann/tennis_atp/master/atp_matches_2026.csv
js_a7554ac84059e0df,2026-02-16,Rio de Janeiro,Clay,R16,Jaime Faria,Damir Dzumhur,7-6(1) 6-4,3.077,3.077,56.923,83.784,60.714,1,2,54.286,37.333,2,11,123,1.333,2.667,68.0,66.667,54.167,9,11,45.714,26.154,1,2,https://raw.githubusercontent.com/JeffSackmann/tennis_atp/master/atp_matches_2026.csv
js_5c5f6d1f6cbb32ac,2026-02-16,Rio de Janeiro,Clay,R16,Juan Manuel Cerundolo,Yannick Hanfmann,6-4 6-7(1) 6-4,9.89,3.297,70.33,65.625,55.556,1,4,50.971,41.739,5,14,169,5.217,2.609,62.609,65.278,46.512,9,14,49.029,37.363,3,4,https://raw.githubusercontent.com/JeffSackmann/tennis_atp/master/atp_matches_2026.csv
js_991703581762da4b,2026-02-16,Rio de Janeiro,Clay,R16,Matteo Berrettini,Dusan Lajovic,3-6 6-4 6-2,8.974,3.846,71.795,78.571,40.909,4,6,52.695,39.326,4,8,129,6.742,0.0,71.91,64.062,52.0,4,8,47.305,32.051,2,6,https://raw.githubusercontent.com/JeffSackmann/tennis_atp/master/atp_matches_2026.csv
js_dd94a09072a61dad,2026-02-16,Rio de Janeiro,Clay,R16,Thiago Agustin Tirante,Francisco Cerundolo,6-2 3-1 RET,18.919,0.0,64.865,79.167,61.538,1,1,59.551,50.0,3,9,73,0.0,3.846,59.615,45.161,57.143,6,9,40.449,27.027,0,1,https://raw.githubusercontent.com/JeffSackmann/tennis_atp/master/atp_matches_2026.csv
js_8de48f4aa3b718d7,2026-02-16,Rio de Janeiro,Clay,R16,Tomas Martin Etcheverry,Vilius Gaubas,7-6(1) 6-4,10.448,0.0,70.149,68.085,60.0,0,2,54.61,44.595,3,5,127,1.351,4.054,81.081,60.0,35.714,2,5,45.39,34.328,2,2,https://raw.githubusercontent.com/JeffSackmann/tennis_atp/master/atp_matches_2026.csv
js_1b9cda64bd6f0290,2026-02-16,Rio de Janeiro,Clay,R16,Vit Kopriva,Roman Andres Burruchaga,6-3 6-1,5.085,3.39,64.407,68.421,66.667,6,6,58.036,47.17,4,8,88,11.321,3.774,54.717,65.517,37.5,4,8,41.964,32.203,0,6,https://raw.githubusercontent.com/JeffSackmann/tennis_atp/master/atp_matches_2026.csv
js_448cf8d25f8664bf,2026-02-16,Rio de Janeiro,Clay,QF,Alejandro Tabilo,Thiago Agustin Tirante,7-6(2) 6-7(6) 6-1,7.216,3.093,67.01,81.538,53.125,0,2,54.68,38.679,4,8,172,11.321,0.943,60.377,68.75,50.0,4,8,45.32,27.835,2,2,https://raw.githubusercontent.com/JeffSackmann/tennis_atp/master/atp_matches_2026.csv
js_be90d601860d9699,2026-02-16,Rio de Janeiro,Clay,QF,Ignacio Buse,Matteo Berrettini,6-3 2-6 6-3,3.846,1.282,65.385,72.549,62.963,4,6,52.795,37.349,3,7,139,10.843,2.41,66.265,72.727,42.857,4,7,47.205,30.769,2,6,https://raw.githubusercontent.com/JeffSackmann/tennis_atp/master/atp_matches_2026.csv
js_ce75f60089bbc407,2026-02-16,Rio de Janeiro,Clay,QF,Tomas Martin Etcheverry,Jaime Faria,7-6(4) 6-4,12.329,1.37,68.493,80.0,43.478,5,5,52.143,34.328,1,2,123,13.433,2.985,62.687,73.81,52.0,1,2,47.857,31.507,0,5,https://raw.githubusercontent.com/JeffSackmann/tennis_atp/master/atp_matches_2026.csv
js_59372f9d209a36e4,2026-02-16,Rio de Janeiro,Clay,QF,Vit Kopriva,Juan Manuel Cerundolo,6-4 6-4,11.111,7.407,68.519,86.486,47.059,0,0,54.331,39.726,2,8,97,4.11,5.479,65.753,64.583,52.0,6,8,45.669,25.926,0,0,https://raw.githubusercontent.com/JeffSackmann/tennis_atp/master/atp_matches_2026.csv
js_28b897e70fd2c613,2026-02-16,Rio de Janeiro,Clay,SF,Alejandro Tabilo,Ignacio Buse,6-3 6-3,4.545,0.0,61.364,85.185,64.706,1,2,60.825,47.17,4,8,72,9.434,5.66,60.377,62.5,38.095,4,8,39.175,22.727,1,2,https://raw.githubusercontent.com/JeffSackmann/tennis_atp/master/atp_matches_2026.csv
js_403c4ba30d03937c,2026-02-16,Rio de Janeiro,Clay,SF,Tomas Martin Etcheverry,Vit Kopriva,4-6 7-6(2) 7-6(4),8.411,1.869,57.944,83.871,55.556,0,1,50.667,31.356,0,4,237,6.78,2.542,63.559,78.667,51.163,4,4,49.333,28.037,1,1,https://raw.githubusercontent.com/JeffSackmann/tennis_atp/master/atp_matches_2026.csv
js_37bcd997ba74988d,2026-02-16,Rio de Janeiro,Clay,F,Tomas Martin Etcheverry,Alejandro Tabilo,3-6 7-6(3) 6-4,13.333,3.81,63.81,71.642,42.105,6,9,49.057,37.383,3,9,184,10.28,0.0,65.421,70.0,48.649,6,9,50.943,39.048,3,9,https://raw.githubusercontent.com/JeffSackmann/tennis_atp/master/atp_matches_2026.csv
js_080079601a5c5371,2026-02-23,Acapulco,Hard,R32,Alejandro Davidovich Fokina,Daniel Altmaier,7-5 6-3,1.695,0.0,76.271,73.333,50.0,2,3,54.918,42.857,4,7,94,12.698,1.587,58.73,75.676,30.769,3,7,45.082,32.203,1,3,https://raw.githubusercontent.com/JeffSackmann/tennis_atp/master/atp_matches_2026.csv
js_b11e3eb5cb306af5,2026-02-23,Acapulco,Hard,R32,Aleksandar Kovacevic,Adam Walton,7-6(1) 7-6(3),18.072,3.614,61.446,76.471,59.375,5,6,52.663,36.047,1,7,118,6.977,1.163,66.279,70.175,51.724,6,7,47.337,30.12,1,6,https://raw.githubusercontent.com/JeffSackmann/tennis_atp/master/atp_matches_2026.csv
js_b55d825dc3933e47,2026-02-23,Acapulco,Hard,R32,Alexander Zverev,Corentin Moutet,6-2 6-4,14.583,0.0,79.167,78.947,60.0,0,0,56.25,42.188,3,7,91,3.125,1.562,67.188,58.14,57.143,4,7,43.75,25.0,0,0,https://raw.githubusercontent.com/JeffSackmann/tennis_atp/master/atp_matches_2026.csv
js_918a47ec6ddc0534,2026-02-23,Acapulco,Hard,R32,Brandon Nakashima,Elias Ymer,6-3 6-4,8.772,1.754,63.158,80.556,61.905,1,1,54.128,32.692,2,5,79,13.462,0.0,73.077,68.421,64.286,3,5,45.872,26.316,0,1,https://raw.githubusercontent.com/JeffSackmann/tennis_atp/master/atp_matches_2026.csv
js_c2276ad73cc51d91,2026-02-23,Acapulco,Hard,R32,Dalibor Svrcina,James Duckworth,6-4 6-1,4.167,6.25,54.167,80.769,50.0,1,2,56.8,50.649,5,10,92,6.494,12.987,49.351,60.526,38.462,5,10,43.2,33.333,1,2,https://raw.githubusercontent.com/JeffSackmann/tennis_atp/master/atp_matches_2026.csv
js_e9fae41ee1d78a3e,2026-02-23,Acapulco,Hard,R32,Flavio Cobolli,Rodrigo Pacheco Mendez,7-6(3) 7-6(3),12.658,7.595,46.835,86.486,52.381,2,5,52.532,36.709,3,9,118,6.329,1.266,68.354,66.667,56.0,6,9,47.468,31.646,3,5,https://raw.githubusercontent.com/JeffSackmann/tennis_atp/master/atp_matches_2026.csv
js_52b667970cd3c1c4,2026-02-23,Acapulco,Hard,R32,Frances Tiafoe,Nuno Borges,6-4 6-4,6.557,0.0,65.574,72.5,66.667,4,5,55.118,40.909,3,7,90,18.182,3.03,60.606,70.0,42.308,4,7,44.882,29.508,1,5,https://raw.githubusercontent.com/JeffSackmann/tennis_atp/master/atp_matches_2026.csv
js_395d598761a6df5e,2026-02-23,Acapulco,Hard,R32,Gael Monfils,Damir Dzumhur,6-4 7-6(5),11.429,11.429,54.286,76.316,43.75,3,6,54.605,48.78,4,10,112,0.0,2.439,58.537,58.333,41.176,6,10,45.395,38.571,3,6,https://raw.githubusercontent.com/JeffSackmann/tennis_atp/master/atp_matches_2026.csv
js_4abcbac89cdc511e,2026-02-23,Acapulco,Hard,R32,Mattia Bellucci,Rinky Hijikata,7-6(5) 6-3,9.375,3.125,53.125,70.588,43.333,3,7,53.793,50.617,6,10,124,1.235,6.173,48.148,71.795,28.571,4,10,46.207,42.188,4,7,https://raw.githubusercontent.com/JeffSackmann/tennis_atp/master/atp_matches_2026.csv
js_e7c5ac23568e3662,2026-02-23,Acapulco,Hard,R32,Miomir Kecmanovic,Tristan Schoolkate,6-2 6-2,14.286,4.082,69.388,85.294,46.667,4,4,61.386,50.0,4,6,63,7.692,5.769,67.308,60.0,29.412,2,6,38.614,26.531,0,4,https://raw.githubusercontent.com/JeffSackmann/tennis_atp/master/atp_matches_2026.csv
js_e161ef897cf87429,2026-02-23,Acapulco,Hard,R32,Patrick Kypson,Alex De Minaur,6-1 6-7(4) 7-6(4),8.081,1.01,68.687,70.588,70.968,0,1,53.608,35.789,3,5,159,10.526,2.105,58.947,71.429,53.846,2,5,46.392,29.293,1,1,https://raw.githubusercontent.com/JeffSackmann/tennis_atp/master/atp_matches_2026.csv
js_3a569ff32e2347cf,2026-02-23,Acapulco,Hard,R32,Rafael Jodar,Cameron Norrie,6-3 6-2,11.364,0.0,70.455,80.645,84.615,0,0,63.095,42.5,3,5,55,5.0,2.5,82.5,60.606,42.857,2,5,36.905,18.182,0,0,https://raw.githubusercontent.com/JeffSackmann/tennis_atp/master/atp_matches_2026.csv
js_600523d5fe61f085,2026-02-23,Acapulco,Hard,R32,Sho Shimabukuro,Adrian Mannarino,6-3 6-4,5.263,3.509,63.158,69.444,71.429,2,3,55.357,40.0,3,5,78,9.091,7.273,54.545,73.333,44.0,2,5,44.643,29.825,1,3,https://raw.githubusercontent.com/JeffSackmann/tennis_atp/master/atp_matches_2026.csv
js_98156b89a51f3e24,2026-02-23,Acapulco,Hard,R32,Terence Atmane,Grigor Dimitrov,6-3 6-3,10.0,0.0,70.0,82.857,53.333,2,2,55.752,41.27,3,9,82,6.349,6.349,63.492,77.5,26.087,6,9,44.248,26.0,0,2,https://raw.githubusercontent.com/JeffSackmann/tennis_atp/master/atp_matches_2026.csv
js_533587c7f5bdd301,2026-02-23,Acapulco,Hard,R32,Valentin Vacherot,Coleman Wong,4-6 6-3 6-2,16.049,1.235,66.667,77.778,48.148,0,1,52.096,37.209,3,10,117,8.14,2.326,65.116,62.5,63.333,7,10,47.904,32.099,1,1,https://raw.githubusercontent.com/JeffSackmann/tennis_atp/master/atp_matches_2026.csv
js_2473c637b2a41b91,2026-02-23,Acapulco,Hard,R32,Yibing Wu,Casper Ruud,7-6(2) 7-6(1),7.595,0.0,62.025,75.51,66.667,4,5,52.5,33.333,1,7,125,14.815,3.704,67.901,72.727,53.846,6,7,47.5,27.848,1,5,https://raw.githubusercontent.com/JeffSackmann/tennis_atp/master/atp_matches_2026.csv
js_dfa55e136711a918,2026-02-23,Acapulco,Hard,R16,Brandon Nakashima,Patrick Kypson,6-4 6-4,18.644,0.0,66.102,89.744,45.0,2,2,56.25,40.58,2,6,94,4.348,5.797,62.319,74.419,34.615,4,6,43.75,25.424,0,2,https://raw.githubusercontent.com/JeffSackmann/tennis_atp/master/atp_matches_2026.csv
js_57ac5c78774dd501,2026-02-23,Acapulco,Hard,R16,Flavio Cobolli,Dalibor Svrcina,6-4 6-4,11.268,4.225,60.563,86.047,39.286,6,6,51.724,36.486,2,7,109,2.703,1.351,58.108,60.465,67.742,5,7,48.276,32.394,0,6,https://raw.githubusercontent.com/JeffSackmann/tennis_atp/master/atp_matches_2026.csv
js_0210e714faa7b426,2026-02-23,Acapulco,Hard,R16,Frances Tiafoe,Aleksandar Kovacevic,6-4 3-6 7-6(7),10.112,0.0,62.921,75.0,72.727,1,2,49.73,27.083,1,4,138,19.792,3.125,64.583,75.806,67.647,3,4,50.27,25.843,1,2,https://raw.githubusercontent.com/JeffSackmann/tennis_atp/master/atp_matches_2026.csv
js_70df7d965e785348,2026-02-23,Acapulco,Hard,R16,Mattia Bellucci,Alejandro Davidovich Fokina,6-3 6-3,22.222,0.0,73.333,90.909,66.667,1,1,62.745,45.614,3,5,73,3.509,1.754,70.175,57.5,47.059,2,5,37.255,15.556,0,1,https://raw.githubusercontent.com/JeffSackmann/tennis_atp/master/atp_matches_2026.csv
js_9572cf03ed97570b,2026-02-23,Acapulco,Hard,R16,Miomir Kecmanovic,Alexander Zverev,6-3 6-7(3) 7-6(4),12.5,2.885,66.346,81.159,62.857,2,3,52.284,26.882,2,4,155,18.28,2.151,69.892,81.538,53.571,2,4,47.716,25.0,1,3,https://raw.githubusercontent.com/JeffSackmann/tennis_atp/master/atp_matches_2026.csv
js_da8a42f3a241a43a,2026-02-23,Acapulco,Hard,R16,Terence Atmane,Rafael Jodar,6-2 4-6 6-1,8.0,1.333,65.333,75.51,65.385,3,4,57.447,40.909,4,5,101,4.545,0.0,66.667,65.909,45.455,1,5,42.553,28.0,1,4,https://raw.githubusercontent.com/JeffSackmann/tennis_atp/master/atp_matches_2026.csv
js_0cb2fe2f7153dad0,2026-02-23,Acapulco,Hard,R16,Valentin Vacherot,Gael Monfils,6-3 6-3,16.667,2.083,66.667,90.625,56.25,0,0,59.633,44.262,3,13,68,8.197,4.918,62.295,68.421,34.783,10,13,40.367,20.833,0,0,https://raw.githubusercontent.com/JeffSackmann/tennis_atp/master/atp_matches_2026.csv
js_4d9d299b33b83fb2,2026-02-23,Acapulco,Hard,R16,Yibing Wu,Sho Shimabukuro,6-3 7-6(4),10.294,2.941,63.235,81.395,68.0,1,1,53.543,27.119,1,1,88,23.729,1.695,67.797,82.5,52.632,0,1,46.457,23.529,0,1,https://raw.githubusercontent.com/JeffSackmann/tennis_atp/master/atp_matches_2026.csv
js_c96b0d4215d6a7a0,2026-02-23,Acapulco,Hard,QF,Brandon Nakashima,Valentin Vacherot,2-6 6-2 6-3,11.429,1.429,72.857,78.431,47.368,2,4,51.701,35.065,3,7,107,11.688,1.299,68.831,71.698,50.0,4,7,48.299,30.0,2,4,https://raw.githubusercontent.com/JeffSackmann/tennis_atp/master/atp_matches_2026.csv
js_24307193b90de5d1,2026-02-23,Acapulco,Hard,QF,Flavio Cobolli,Yibing Wu,7-6(4) 6-1,13.514,5.405,48.649,83.333,52.632,8,8,54.264,36.364,2,3,95,1.818,0.0,67.273,70.27,50.0,1,3,45.736,32.432,0,8,https://raw.githubusercontent.com/JeffSackmann/tennis_atp/master/atp_matches_2026.csv
js_8673aea859f9163d,2026-02-23,Acapulco,Hard,QF,Frances Tiafoe,Mattia Bellucci,6-3 6-4,6.329,3.797,67.089,64.151,42.308,8,10,52.482,46.774,5,8,106,9.677,4.839,67.742,52.381,55.0,3,8,47.518,43.038,2,10,https://raw.githubusercontent.com/JeffSackmann/tennis_atp/master/atp_matches_2026.csv
js_88f04d6123c49ceb,2026-02-23,Acapulco,Hard,QF,Miomir Kecmanovic,Terence Atmane,6-3 6-3,10.417,0.0,60.417,79.31,68.421,0,1,58.197,47.297,4,13,90,8.108,2.703,60.811,57.778,44.828,9,13,41.803,25.0,1,1,https://raw.githubusercontent.com/JeffSackmann/tennis_atp/master/atp_matches_2026.csv
js_e0ab13325967d12f,2026-02-23,Acapulco,Hard,SF,Flavio Cobolli,Miomir Kecmanovic,7-6(5) 3-6 6-4,13.684,3.158,51.579,73.469,50.0,4,8,48.168,34.375,4,8,146,7.292,2.083,59.375,73.684,53.846,4,8,51.832,37.895,4,8,https://raw.githubusercontent.com/JeffSackmann/tennis_atp/master/atp_matches_2026.csv
js_0f5dfa2c31770cc0,2026-02-23,Acapulco,Hard,SF,Frances Tiafoe,Brandon Nakashima,3-6 7-6(6) 6-4,6.604,1.887,58.491,72.581,43.182,6,10,47.826,34.653,4,11,171,15.842,0.99,67.327,70.588,54.545,7,11,52.174,39.623,4,10,https://raw.githubusercontent.com/JeffSackmann/tennis_atp/master/atp_matches_2026.csv
js_d62ec8ca97047bab,2026-02-23,Acapulco,Hard,F,Flavio Cobolli,Frances Tiafoe,7-6(4) 6-4,13.889,2.778,73.611,79.245,47.368,2,3,53.846,39.286,2,6,129,7.143,1.19,57.143,72.917,44.444,4,6,46.154,29.167,1,3,https://raw.githubusercontent.com/JeffSackmann/tennis_atp/master/atp_matches_2026.csv
js_de403a62e9b00582,2026-02-23,Dubai,Hard,R32,Alexander Bublik,Jan Lennard Struff,6-3 6-4,23.077,3.846,67.308,82.857,58.824,3,3,55.455,37.931,3,3,65,15.517,3.448,75.862,68.182,42.857,0,3,44.545,25.0,0,3,https://raw.githubusercontent.com/JeffSackmann/tennis_atp/master/atp_matches_2026.csv
js_05fa222f8666f991,2026-02-23,Dubai,Hard,R32,Alexei Popyrin,Kamil Majchrzak,3-6 6-3 7-5,13.333,0.0,72.0,77.778,61.905,0,2,53.846,35.802,3,5,112,4.938,2.469,51.852,80.952,46.154,2,5,46.154,26.667,2,2,https://raw.githubusercontent.com/JeffSackmann/tennis_atp/master/atp_matches_2026.csv
js_49ab77bf3de5c85c,2026-02-23,Dubai,Hard,R32,Andrey Rublev,Valentin Royer,6-3 6-4,15.517,3.448,62.069,80.556,54.545,2,2,56.154,44.444,3,16,89,6.944,1.389,62.5,53.333,59.259,13,16,43.846,29.31,0,2,https://raw.githubusercontent.com/JeffSackmann/tennis_atp/master/atp_matches_2026.csv
js_7379c3d7dc14d78f,2026-02-23,Dubai,Hard,R32,Arthur Rinderknech,Fabian Marozsan,3-6 6-3 6-4,16.456,0.0,73.418,77.586,47.619,0,1,52.071,36.667,2,7,113,7.778,2.222,57.778,73.077,50.0,5,7,47.929,30.38,1,1,https://raw.githubusercontent.com/JeffSackmann/tennis_atp/master/atp_matches_2026.csv
js_3855d478e92a8d31,2026-02-23,Dubai,Hard,R32,Daniil Medvedev,Juncheng Shang,6-1 6-3,20.408,6.122,73.469,80.556,46.154,3,3,60.825,50.0,4,5,66,0.0,0.0,68.75,51.515,46.667,1,5,39.175,28.571,0,3,https://raw.githubusercontent.com/JeffSackmann/tennis_atp/master/atp_matches_2026.csv
js_c4f13f8e91c7b3f6,2026-02-23,Dubai,Hard,R32,Felix Auger Aliassime,Zhizhen Zhang,6-3 7-6(4),17.46,4.762,73.016,78.261,58.824,4,4,53.247,39.56,2,11,110,10.989,1.099,61.538,71.429,42.857,9,11,46.753,26.984,0,4,https://raw.githubusercontent.com/JeffSackmann/tennis_atp/master/atp_matches_2026.csv
js_756ace1cb8f0c5d6,2026-02-23,Dubai,Hard,R32,Giovanni Mpetshi Perricard,Moez Echargui,7-6(3) 6-7(3) 7-6(4),25.893,1.786,75.893,77.647,62.963,3,4,50.224,26.126,1,2,155,14.414,1.802,58.559,80.0,65.217,1,2,49.776,25.893,1,4,https://raw.githubusercontent.com/JeffSackmann/tennis_atp/master/atp_matches_2026.csv
js_64cf1382e990d0f4,2026-02-23,Dubai,Hard,R32,Jack Draper,Quentin Halys,7-6(8) 6-3,18.056,1.389,69.444,86.0,59.091,3,3,54.73,32.895,1,5,97,11.842,1.316,68.421,73.077,54.167,4,5,45.27,22.222,0,3,https://raw.githubusercontent.com/JeffSackmann/tennis_atp/master/atp_matches_2026.csv
js_2ec86e3fdffb0ce5,2026-02-23,Dubai,Hard,R32,Jakub Mensik,Hubert Hurkacz,6-4 7-6(7),17.188,4.688,57.812,97.297,55.556,0,0,54.015,31.507,1,3,88,13.699,2.74,67.123,79.592,45.833,2,3,45.985,20.312,0,0,https://raw.githubusercontent.com/JeffSackmann/tennis_atp/master/atp_matches_2026.csv
js_5f970f7133f111e0,2026-02-23,Dubai,Hard,R32,Jenson Brooksby,Zizou Bergs,6-3 6-4,4.762,4.762,53.968,85.294,51.724,1,1,54.545,37.931,2,5,94,6.897,6.897,51.724,73.333,50.0,3,5,45.455,30.159,0,1,https://raw.githubusercontent.com/JeffSackmann/tennis_atp/master/atp_matches_2026.csv
js_7c705be6e1d48745,2026-02-23,Dubai,Hard,R32,Jiri Lehecka,Luca Nardi,4-6 6-4 6-2,5.952,2.381,60.714,74.51,57.576,4,5,51.765,36.047,3,13,122,4.651,0.0,69.767,65.0,61.538,10,13,48.235,32.143,1,5,https://raw.githubusercontent.com/JeffSackmann/tennis_atp/master/atp_matches_2026.csv
js_f2abce12c4f04eea,2026-02-23,Dubai,Hard,R32,Karen Khachanov,Alexander Shevchenko,6-7(5) 6-2 6-3,4.124,3.093,64.948,77.778,61.765,5,5,54.054,34.091,3,7,132,13.636,3.409,56.818,70.0,60.526,4,7,45.946,27.835,0,5,https://raw.githubusercontent.com/JeffSackmann/tennis_atp/master/atp_matches_2026.csv
js_7d7b804c78173666,2026-02-23,Dubai,Hard,R32,Pablo Carreno Busta,Denis Shapovalov,6-2 6-4,0.0,3.077,69.231,62.222,60.0,7,9,56.303,50.0,5,9,77,14.815,7.407,53.704,62.069,36.0,4,9,43.697,38.462,2,9,https://raw.githubusercontent.com/JeffSackmann/tennis_atp/master/atp_matches_2026.csv
js_f3ebac649617d885,2026-02-23,Dubai,Hard,R32,Stan Wawrinka,Benjamin Hassan,7-5 6-3,14.754,3.279,52.459,87.5,65.517,3,3,57.5,37.288,2,3,71,8.475,3.39,69.492,70.732,44.444,1,3,42.5,22.951,0,3,https://raw.githubusercontent.com/JeffSackmann/tennis_atp/master/atp_matches_2026.csv
js_e4a80e4bd8ce374c,2026-02-23,Dubai,Hard,R32,Tallon Griekspoor,Otto Virtanen,6-3 6-4,10.169,3.39,59.322,80.0,66.667,0,0,58.716,40.0,2,2,74,20.0,0.0,56.0,75.0,40.909,0,2,41.284,25.424,0,0,https://raw.githubusercontent.com/JeffSackmann/tennis_atp/master/atp_matches_2026.csv
js_66bb0ac448d5ef1b,2026-02-23,Dubai,Hard,R32,Ugo Humbert,Stefanos Tsitsipas,6-4 7-5,10.938,1.562,75.0,77.083,68.75,3,3,53.333,28.571,2,5,85,10.714,3.571,64.286,86.111,45.0,3,5,46.667,25.0,0,3,https://raw.githubusercontent.com/JeffSackmann/tennis_atp/master/atp_matches_2026.csv
js_75ca3faa40aad4a1,2026-02-23,Dubai,Hard,R16,Andrey Rublev,Ugo Humbert,6-4 6-7(5) 6-3,15.306,7.143,64.286,87.302,48.571,4,4,53.234,33.981,2,9,143,16.505,3.883,60.194,77.419,48.78,7,9,46.766,26.531,0,4,https://raw.githubusercontent.com/JeffSackmann/tennis_atp/master/atp_matches_2026.csv
js_00a968477a26fb1c,2026-02-23,Dubai,Hard,R16,Arthur Rinderknech,Jack Draper,7-5 6-7(4) 6-4,18.519,0.0,71.296,84.416,41.935,2,2,49.758,25.253,2,6,146,11.111,3.03,65.657,80.0,64.706,4,6,50.242,27.778,0,2,https://raw.githubusercontent.com/JeffSackmann/tennis_atp/master/atp_matches_2026.csv
js_0cd133d1167e0984,2026-02-23,Dubai,Hard,R16,Daniil Medvedev,Stan Wawrinka,6-2 6-3,16.279,2.326,74.419,75.0,27.273,1,3,58.182,55.224,6,12,73,4.478,2.985,50.746,58.824,30.303,6,12,41.818,37.209,2,3,https://raw.githubusercontent.com/JeffSackmann/tennis_atp/master/atp_matches_2026.csv
js_0fbf49380ff074df,2026-02-23,Dubai,Hard,R16,Felix Auger Aliassime,Giovanni Mpetshi Perricard,6-4 6-4,16.327,6.122,71.429,82.857,64.286,2,3,57.273,40.984,3,5,81,18.033,1.639,67.213,68.293,40.0,2,5,42.727,22.449,1,3,https://raw.githubusercontent.com/JeffSackmann/tennis_atp/master/atp_matches_2026.csv
js_55aee22801a94ba5,2026-02-23,Dubai,Hard,R16,Jakub Mensik,Alexei Popyrin,6-3 6-2,14.286,4.082,59.184,82.759,60.0,0,0,60.0,45.652,3,5,64,8.696,0.0,60.87,60.714,44.444,2,5,40.0,26.531,0,0,https://raw.githubusercontent.com/JeffSackmann/tennis_atp/master/atp_matches_2026.csv
js_61b8198c1eb22512,2026-02-23,Dubai,Hard,R16,Jenson Brooksby,Karen Khachanov,7-6(6) 6-4,5.405,1.351,64.865,75.0,73.077,0,0,52.518,27.692,1,1,103,10.769,1.538,72.308,78.723,55.556,0,1,47.482,25.676,0,0,https://raw.githubusercontent.com/JeffSackmann/tennis_atp/master/atp_matches_2026.csv
js_95006a429545a93b,2026-02-23,Dubai,Hard,R16,Jiri Lehecka,Pablo Carreno Busta,7-6(6) 6-4,18.824,2.353,63.529,74.074,51.613,8,10,53.947,38.806,3,5,111,7.463,0.0,67.164,60.0,63.636,2,5,46.053,34.118,2,10,https://raw.githubusercontent.com/JeffSackmann/tennis_atp/master/atp_matches_2026.csv
js_bf99a3296082b5bf,2026-02-23,Dubai,Hard,R16,Tallon Griekspoor,Alexander Bublik,6-3 7-6(4),22.951,0.0,65.574,87.5,71.429,3,3,56.8,32.812,1,3,81,18.75,3.125,65.625,73.81,54.545,2,3,43.2,18.033,0,3,https://raw.githubusercontent.com/JeffSackmann/tennis_atp/master/atp_matches_2026.csv
js_994343fb873e3905,2026-02-23,Dubai,Hard,QF,Andrey Rublev,Arthur Rinderknech,6-2 6-4,9.804,1.961,56.863,79.31,54.545,1,2,58.559,50.0,4,7,75,11.667,5.0,53.333,59.375,39.286,3,7,41.441,31.373,1,2,https://raw.githubusercontent.com/JeffSackmann/tennis_atp/master/atp_matches_2026.csv
js_4e0b135e4b8db4bf,2026-02-23,Dubai,Hard,QF,Daniil Medvedev,Jenson Brooksby,6-2 6-1,16.667,0.0,83.333,77.143,57.143,0,0,63.636,54.348,5,11,56,0.0,4.348,78.261,47.222,40.0,6,11,36.364,26.19,0,0,https://raw.githubusercontent.com/JeffSackmann/tennis_atp/master/atp_matches_2026.csv
js_a89ec8daeec7615a,2026-02-23,Dubai,Hard,QF,Felix Auger Aliassime,Jiri Lehecka,6-3 7-6(2),25.0,3.125,65.625,83.333,59.091,2,2,54.088,40.0,2,9,112,7.368,0.0,66.316,66.667,46.875,7,9,45.912,25.0,0,2,https://raw.githubusercontent.com/JeffSackmann/tennis_atp/master/atp_matches_2026.csv
js_0dfb38ef1b505031,2026-02-23,Dubai,Hard,QF,Tallon Griekspoor,Jakub Mensik,6-3 3-6 6-2,8.696,4.348,59.42,82.927,57.143,0,1,54.676,37.143,3,3,102,22.857,1.429,67.143,68.085,52.174,0,3,45.324,27.536,1,1,https://raw.githubusercontent.com/JeffSackmann/tennis_atp/master/atp_matches_2026.csv
js_343b546a90389480,2026-02-23,Dubai,Hard,SF,Daniil Medvedev,Felix Auger Aliassime,6-4 6-2,16.279,4.651,60.465,88.462,76.471,0,0,59.813,43.75,3,4,83,10.938,3.125,68.75,63.636,40.0,1,4,40.187,16.279,0,0,https://raw.githubusercontent.com/JeffSackmann/tennis_atp/master/atp_matches_2026.csv
js_5e6df6cb446ddf2a,2026-02-23,Dubai,Hard,SF,Tallon Griekspoor,Andrey Rublev,7-5 7-6(6),23.171,2.439,69.512,73.684,68.0,6,6,50.0,24.286,1,1,105,28.571,2.857,67.143,85.106,56.522,0,1,50.0,28.049,0,6,https://raw.githubusercontent.com/JeffSackmann/tennis_atp/master/atp_matches_2026.csv
js_69bbb27c49285598,2026-02-23,Dubai,Hard,F,Daniil Medvedev,Tallon Griekspoor,W/O,,,,,,0,0,,,0,0,,,,,,,0,0,,,0,0,https://raw.githubusercontent.com/JeffSackmann/tennis_atp/master/atp_matches_2026.csv
js_9e038b576431602f,2026-02-23,Santiago,Clay,R32,Adolfo Daniel Vallejo,Francesco Passaro,6-3 3-3 RET,5.128,2.564,61.538,75.0,46.667,3,5,57.143,51.923,4,9,57,3.846,5.769,71.154,51.351,40.0,5,9,42.857,35.897,2,5,https://raw.githubusercontent.com/JeffSackmann/tennis_atp/master/atp_matches_2026.csv
js_7374164d39a5e2ef,2026-02-23,Santiago,Clay,R32,Alejandro Tabilo,Tomas Barrios Vera,7-5 6-3,11.864,0.0,76.271,75.556,64.286,2,3,56.923,43.662,3,8,99,2.817,5.634,59.155,59.524,51.724,5,8,43.077,27.119,1,3,https://raw.githubusercontent.com/JeffSackmann/tennis_atp/master/atp_matches_2026.csv
js_79010de56f53fc52,2026-02-23,Santiago,Clay,R32,Andrea Pellegrino,Alex Barrena,6-2 2-6 6-1,5.263,1.754,57.895,72.727,62.5,0,2,55.172,46.591,5,12,112,5.682,3.409,43.182,63.158,46.0,7,12,44.828,31.579,2,2,https://raw.githubusercontent.com/JeffSackmann/tennis_atp/master/atp_matches_2026.csv
js_e6f7557bbe21327d,2026-02-23,Santiago,Clay,R32,Cristian Garin,Juan Manuel Cerundolo,3-6 6-3 6-3,2.174,6.522,57.609,64.151,41.026,5,10,50.909,46.575,6,13,141,2.74,2.74,65.753,54.167,52.0,7,13,49.091,45.652,5,10,https://raw.githubusercontent.com/JeffSackmann/tennis_atp/master/atp_matches_2026.csv
js_f6cf64c7bd3e73e3,2026-02-23,Santiago,Clay,R32,Dino Prizmic,Nicolas Jarry,6-3 5-7 6-2,8.14,4.651,54.651,70.213,58.974,1,4,53.714,42.697,5,13,157,4.494,3.371,68.539,60.656,50.0,8,13,46.286,34.884,3,4,https://raw.githubusercontent.com/JeffSackmann/tennis_atp/master/atp_matches_2026.csv
js_2172b46e40d64d40,2026-02-23,Santiago,Clay,R32,Elmer Moller,Roman Andres Burruchaga,7-6(4) 0-6 6-4,2.083,13.542,56.25,50.0,50.0,7,15,46.907,43.878,6,11,145,4.082,5.102,63.265,61.29,47.222,5,11,53.093,50.0,8,15,https://raw.githubusercontent.com/JeffSackmann/tennis_atp/master/atp_matches_2026.csv
js_f10facb913475886,2026-02-23,Santiago,Clay,R32,Emilio Nava,Matteo Berrettini,6-3 6-4,6.349,6.349,60.317,84.211,52.0,3,3,54.867,34.0,2,4,86,6.0,4.0,74.0,72.973,46.154,2,4,45.133,28.571,0,3,https://raw.githubusercontent.com/JeffSackmann/tennis_atp/master/atp_matches_2026.csv
js_ad2ac4b251f39e15,2026-02-23,Santiago,Clay,R32,Francisco Comesana,Pedro Martinez,6-4 2-6 7-6(4),13.793,8.046,65.517,68.421,46.667,0,4,48.387,37.374,3,8,171,1.01,4.04,60.606,71.667,48.718,5,8,51.613,39.08,4,4,https://raw.githubusercontent.com/JeffSackmann/tennis_atp/master/atp_matches_2026.csv
js_958642eb71323c05,2026-02-23,Santiago,Clay,R32,Mariano Navone,Vit Kopriva,3-6 6-0 3-1 RET,0.0,8.0,62.0,64.516,63.158,1,4,56.25,50.0,5,11,90,1.613,11.29,51.613,62.5,36.667,6,11,43.75,36.0,3,4,https://raw.githubusercontent.com/JeffSackmann/tennis_atp/master/atp_matches_2026.csv
js_bb95843a93f08d30,2026-02-23,Santiago,Clay,R32,Thiago Agustin Tirante,Ignacio Buse,2-6 7-6(0) 7-6(2),12.745,5.882,59.804,72.131,46.341,2,7,49.765,38.739,3,11,174,4.505,5.405,55.856,70.968,48.98,8,11,50.235,38.235,5,7,https://raw.githubusercontent.com/JeffSackmann/tennis_atp/master/atp_matches_2026.csv
js_e36e8b631a228465,2026-02-23,Santiago,Clay,R32,Vilius Gaubas,Matias Soto,6-2 6-3,8.621,0.0,77.586,66.667,69.231,2,3,58.537,50.769,4,8,95,1.538,9.231,43.077,50.0,48.649,4,8,41.463,32.759,1,3,https://raw.githubusercontent.com/JeffSackmann/tennis_atp/master/atp_matches_2026.csv
js_d6e9e90ceef12eba,2026-02-23,Santiago,Clay,R32,Yannick Hanfmann,Dusan Lajovic,6-0 6-3,8.621,6.897,58.621,67.647,58.333,2,3,61.386,58.14,5,9,74,0.0,4.651,60.465,38.462,47.059,4,9,38.614,36.207,1,3,https://raw.githubusercontent.com/JeffSackmann/tennis_atp/master/atp_matches_2026.csv
js_6855517037370a34,2026-02-23,Santiago,Clay,R16,Alejandro Tabilo,Thiago Agustin Tirante,4-6 6-3 6-3,9.589,2.74,61.644,73.333,67.857,1,3,53.892,40.426,4,12,127,6.383,5.319,61.702,68.966,44.444,8,12,46.108,28.767,2,3,https://raw.githubusercontent.com/JeffSackmann/tennis_atp/master/atp_matches_2026.csv
js_8d7d9e47637d8069,2026-02-23,Santiago,Clay,R16,Andrea Pellegrino,Francisco Comesana,7-6(3) 6-7(2) 6-3,2.752,4.587,49.541,70.37,61.818,4,6,50.909,36.036,4,7,171,8.108,9.91,57.658,82.812,38.298,3,7,49.091,33.945,2,6,https://raw.githubusercontent.com/JeffSackmann/tennis_atp/master/atp_matches_2026.csv
js_a3005d622fc8826c,2026-02-23,Santiago,Clay,R16,Emilio Nava,Adolfo Daniel Vallejo,7-5 6-3,18.182,4.545,72.727,85.417,38.889,8,9,57.895,43.284,3,6,89,4.478,2.985,62.687,59.524,52.0,3,6,42.105,27.273,1,9,https://raw.githubusercontent.com/JeffSackmann/tennis_atp/master/atp_matches_2026.csv
js_11e9d95f46b8d2eb,2026-02-23,Santiago,Clay,R16,Francisco Cerundolo,Elmer Moller,6-2 6-2,6.383,4.255,59.574,89.286,47.368,0,0,60.215,47.826,4,7,70,2.174,8.696,63.043,58.621,41.176,3,7,39.785,27.66,0,0,https://raw.githubusercontent.com/JeffSackmann/tennis_atp/master/atp_matches_2026.csv
js_a91d9a311fada60b,2026-02-23,Santiago,Clay,R16,Luciano Darderi,Mariano Navone,6-3 3-6 6-4,2.041,3.061,52.041,72.549,44.681,9,13,53.261,46.512,5,12,146,1.163,6.977,62.791,64.815,34.375,7,12,46.739,40.816,4,13,https://raw.githubusercontent.com/JeffSackmann/tennis_atp/master/atp_matches_2026.csv
js_dbd39db06f532ea2,2026-02-23,Santiago,Clay,R16,Sebastian Baez,Cristian Garin,7-6(2) 1-6 7-5,1.739,3.478,71.304,64.634,51.515,11,15,49.528,36.082,3,8,153,6.186,2.062,67.01,76.923,37.5,5,8,50.472,39.13,4,15,https://raw.githubusercontent.com/JeffSackmann/tennis_atp/master/atp_matches_2026.csv
js_7a3c1c1064eb5609,2026-02-23,Santiago,Clay,R16,Vilius Gaubas,Dino Prizmic,5-7 7-5 6-3,0.0,5.941,61.386,72.581,48.718,2,5,51.22,39.423,4,13,182,8.654,4.808,62.5,72.308,41.026,9,13,48.78,36.634,3,5,https://raw.githubusercontent.com/JeffSackmann/tennis_atp/master/atp_matches_2026.csv
js_66a8bd732ceac3d3,2026-02-23,Santiago,Clay,R16,Yannick Hanfmann,Camilo Ugo Carabelli,6-4 6-3,7.937,1.587,58.73,70.27,57.692,0,1,53.731,43.662,3,7,96,5.634,9.859,67.606,64.583,39.13,4,7,46.269,34.921,1,1,https://raw.githubusercontent.com/JeffSackmann/tennis_atp/master/atp_matches_2026.csv
js_77a74fb99934a4c2,2026-02-23,Santiago,Clay,QF,Francisco Cerundolo,Emilio Nava,6-1 6-1,2.439,2.439,63.415,80.769,60.0,2,2,63.918,57.143,5,13,66,3.571,3.571,60.714,50.0,31.818,8,13,36.082,26.829,0,2,https://raw.githubusercontent.com/JeffSackmann/tennis_atp/master/atp_matches_2026.csv
js_cd2935450e760137,2026-02-23,Santiago,Clay,QF,Luciano Darderi,Andrea Pellegrino,6-3 3-6 6-2,10.145,1.449,50.725,85.714,50.0,2,4,54.601,44.681,4,13,121,0.0,3.191,52.128,65.306,44.444,9,13,45.399,31.884,2,4,https://raw.githubusercontent.com/JeffSackmann/tennis_atp/master/atp_matches_2026.csv
js_97c814c8b734e63d,2026-02-23,Santiago,Clay,QF,Sebastian Baez,Alejandro Tabilo,7-6(2) 6-1,1.429,4.286,75.714,75.472,64.706,3,3,58.197,38.462,2,4,81,11.538,0.0,63.462,72.727,42.105,2,4,41.803,27.143,0,3,https://raw.githubusercontent.com/JeffSackmann/tennis_atp/master/atp_matches_2026.csv
js_0bb4e4bfcabc4104,2026-02-23,Santiago,Clay,QF,Yannick Hanfmann,Vilius Gaubas,3-6 6-2 6-2,6.494,5.195,59.74,73.913,58.065,6,8,55.882,46.237,5,15,132,4.301,1.075,75.269,61.429,30.435,10,15,44.118,32.468,2,8,https://raw.githubusercontent.com/JeffSackmann/tennis_atp/master/atp_matches_2026.csv
js_7db1bfd1889f46ea,2026-02-23,Santiago,Clay,SF,Luciano Darderi,Sebastian Baez,6-4 6-3,2.941,7.353,45.588,70.968,48.649,4,6,52.101,43.137,4,7,89,0.0,7.843,60.784,64.516,45.0,3,7,47.899,41.176,2,6,https://raw.githubusercontent.com/JeffSackmann/tennis_atp/master/atp_matches_2026.csv
js_5dd8b285b4f59f22,2026-02-23,Santiago,Clay,SF,Yannick Hanfmann,Francisco Cerundolo,6-3 6-4,0.0,0.0,58.621,79.412,66.667,2,2,56.25,37.037,2,3,84,9.259,3.704,72.222,69.231,46.667,1,3,43.75,25.862,0,2,https://raw.githubusercontent.com/JeffSackmann/tennis_atp/master/atp_matches_2026.csv
js_f1307882caf8bf43,2026-02-23,Santiago,Clay,F,Luciano Darderi,Yannick Hanfmann,7-6(6) 7-5,8.451,4.225,69.014,79.592,59.091,2,4,54.225,35.211,3,6,107,14.085,2.817,63.38,71.111,53.846,3,6,45.775,26.761,2,4,https://raw.githubusercontent.com/JeffSackmann/tennis_atp/master/atp_matches_2026.csv
js_1af5ab86b73d7365,2026-03-04,Indian Wells Masters,Hard,R128,Adam Walton,Quentin Halys,6-3 6-3,18.75,1.562,65.625,80.952,40.909,5,5,54.128,35.556,3,4,77,15.556,2.222,55.556,76.0,50.0,1,4,45.872,32.812,0,5,https://raw.githubusercontent.com/JeffSackmann/tennis_atp/master/atp_matches_2026.csv
js_66c9c04eef866489,2026-03-04,Indian Wells Masters,Hard,R128,Alejandro Tabilo,Rafael Jodar,6-1 6-2,9.302,0.0,69.767,86.667,53.846,0,0,65.116,53.488,4,5,58,6.977,6.977,60.465,53.846,35.294,1,5,34.884,23.256,0,0,https://raw.githubusercontent.com/JeffSackmann/tennis_atp/master/atp_matches_2026.csv
js_89df9bdf0bc70042,2026-03-04,Indian Wells Masters,Hard,R128,Aleksandar Kovacevic,Hubert Hurkacz,7-6(6) 7-6(4),10.976,4.878,68.293,78.571,57.692,2,3,52.695,34.118,1,3,111,11.765,5.882,68.235,74.138,48.148,2,3,47.305,28.049,1,3,https://raw.githubusercontent.com/JeffSackmann/tennis_atp/master/atp_matches_2026.csv
js_a97f00f4bebe81e5,2026-03-04,Indian Wells Masters,Hard,R128,Alex Michelsen,Daniel Merida Aguilar,6-3 6-4,10.909,1.818,74.545,78.049,64.286,0,1,58.559,42.857,3,4,69,7.143,5.357,73.214,56.098,60.0,1,4,41.441,25.455,1,1,https://raw.githubusercontent.com/JeffSackmann/tennis_atp/master/atp_matches_2026.csv
js_c138318b3c22f0e2,2026-03-04,Indian Wells Masters,Hard,R128,Alexander Shevchenko,Sho Shimabukuro,6-4 3-6 6-2,8.791,0.0,52.747,72.917,55.814,4,5,51.648,38.462,3,7,130,6.593,10.989,50.549,71.739,51.111,4,7,48.352,35.165,1,5,https://raw.githubusercontent.com/JeffSackmann/tennis_atp/master/atp_matches_2026.csv
js_05d71ee6217244fb,2026-03-04,Indian Wells Masters,Hard,R128,Benjamin Bonzi,Valentin Royer,6-4 6-3,2.083,0.0,79.167,76.316,50.0,3,4,55.556,43.333,4,5,76,6.667,1.667,66.667,62.5,45.0,1,5,44.444,29.167,1,4,https://raw.githubusercontent.com/JeffSackmann/tennis_atp/master/atp_matches_2026.csv
js_f6451261da004c0c,2026-03-04,Indian Wells Masters,Hard,R128,Camilo Ugo Carabelli,Martin Damm,7-6(5) 6-3,9.639,6.024,60.241,84.0,51.515,5,5,53.595,32.857,1,5,110,12.857,2.857,61.429,72.093,59.259,4,5,46.405,28.916,0,5,https://raw.githubusercontent.com/JeffSackmann/tennis_atp/master/atp_matches_2026.csv
js_88fefb70563694a4,2026-03-04,Indian Wells Masters,Hard,R128,Dalibor Svrcina,James Duckworth,6-2 6-4,4.478,7.463,61.194,82.927,42.308,7,7,54.962,42.188,3,11,91,6.25,0.0,60.938,61.538,52.0,8,11,45.038,32.836,0,7,https://raw.githubusercontent.com/JeffSackmann/tennis_atp/master/atp_matches_2026.csv
js_5854e7729c21cd39,2026-03-04,Indian Wells Masters,Hard,R128,Denis Shapovalov,Stefanos Tsitsipas,6-2 3-6 6-4,4.478,2.985,67.164,77.778,54.545,1,3,54.305,41.667,4,10,106,0.0,3.571,58.333,67.347,45.714,6,10,45.695,29.851,2,3,https://raw.githubusercontent.com/JeffSackmann/tennis_atp/master/atp_matches_2026.csv
js_03fe47a392e362e6,2026-03-04,Indian Wells Masters,Hard,R128,Dino Prizmic,Tristan Schoolkate,7-6(5) 3-6 7-5,7.527,4.301,54.839,82.353,64.286,1,2,48.677,23.958,1,5,150,16.667,1.042,65.625,87.302,54.545,4,5,51.323,25.806,1,2,https://raw.githubusercontent.com/JeffSackmann/tennis_atp/master/atp_matches_2026.csv
js_9489d8d61d08c50a,2026-03-04,Indian Wells Masters,Hard,R128,Gabriel Diallo,Mattia Bellucci,7-6(5) 6-4,13.333,1.333,66.667,76.0,60.0,1,1,51.899,34.94,1,7,133,9.639,2.41,63.855,71.698,53.333,6,7,48.101,29.333,0,1,https://raw.githubusercontent.com/JeffSackmann/tennis_atp/master/atp_matches_2026.csv
js_49b141d7f2cb284c,2026-03-04,Indian Wells Masters,Hard,R128,Gael Monfils,Alexis Galarneau,6-3 6-4,9.677,1.613,70.968,72.727,50.0,2,4,58.197,50.0,4,8,82,1.667,10.0,58.333,54.286,44.0,4,8,41.803,33.871,2,4,https://raw.githubusercontent.com/JeffSackmann/tennis_atp/master/atp_matches_2026.csv
js_b60644a4f1d943c9,2026-03-04,Indian Wells Masters,Hard,R128,Grigor Dimitrov,Terence Atmane,6-4 5-7 6-4,3.191,2.128,61.702,74.138,47.222,2,6,52.133,42.735,5,16,145,8.547,6.838,53.846,73.016,38.889,11,16,47.867,36.17,4,6,https://raw.githubusercontent.com/JeffSackmann/tennis_atp/master/atp_matches_2026.csv
js_8b3c370827c518e2,2026-03-04,Indian Wells Masters,Hard,R128,Jacob Fearnley,Damir Dzumhur,6-3 6-3,11.321,9.434,62.264,84.848,40.0,1,2,57.759,49.206,4,10,83,1.587,3.175,68.254,58.14,35.0,6,10,42.241,32.075,1,2,https://raw.githubusercontent.com/JeffSackmann/tennis_atp/master/atp_matches_2026.csv
js_d90f1e560a603b68,2026-03-04,Indian Wells Masters,Hard,R128,Jenson Brooksby,Alexei Popyrin,6-3 6-4,3.226,1.613,75.806,72.34,73.333,2,2,56.349,40.625,2,5,91,12.5,0.0,73.438,63.83,47.059,3,5,43.651,27.419,0,2,https://raw.githubusercontent.com/JeffSackmann/tennis_atp/master/atp_matches_2026.csv
js_b311b7b270e3184e,2026-03-04,Indian Wells Masters,Hard,R128,Joao Fonseca,Raphael Collignon,7-6(2) 6-4,4.688,0.0,71.875,73.913,72.222,0,1,55.319,40.26,2,7,102,6.494,5.195,64.935,68.0,44.444,5,7,44.681,26.562,1,1,https://raw.githubusercontent.com/JeffSackmann/tennis_atp/master/atp_matches_2026.csv
js_79830e55d953baed,2026-03-04,Indian Wells Masters,Hard,R128,Juan Manuel Cerundolo,Botic Van De Zandschulp,7-6(3) 6-7(5) 6-3,9.375,0.781,68.75,69.318,47.5,4,7,50.87,36.275,4,5,162,3.922,8.824,63.725,72.308,48.649,1,5,49.13,37.5,3,7,https://raw.githubusercontent.com/JeffSackmann/tennis_atp/master/atp_matches_2026.csv
js_ef0103c65de1dbf4,2026-03-04,Indian Wells Masters,Hard,R128,Kamil Majchrzak,Giovanni Mpetshi Perricard,6-3 1-6 7-5,8.0,1.333,69.333,75.0,47.826,0,3,51.515,38.889,3,7,106,12.222,7.778,70.0,76.19,25.926,4,7,48.485,33.333,3,3,https://raw.githubusercontent.com/JeffSackmann/tennis_atp/master/atp_matches_2026.csv
js_ef70b1160e20b2f1,2026-03-04,Indian Wells Masters,Hard,R128,Mackenzie Mcdonald,Matteo Arnaldi,6-0 6-1,3.922,0.0,52.941,66.667,66.667,5,5,64.706,61.765,5,7,62,5.882,14.706,41.176,42.857,35.0,2,7,35.294,33.333,0,5,https://raw.githubusercontent.com/JeffSackmann/tennis_atp/master/atp_matches_2026.csv
js_d809251923f5d58d,2026-03-04,Indian Wells Masters,Hard,R128,Marcos Giron,Mariano Navone,4-6 7-5 6-3,5.814,2.326,70.93,72.131,52.0,3,6,52.514,39.785,5,11,140,4.301,5.376,74.194,71.014,29.167,6,11,47.486,33.721,3,6,https://raw.githubusercontent.com/JeffSackmann/tennis_atp/master/atp_matches_2026.csv
js_2a7052770328e506,2026-03-04,Indian Wells Masters,Hard,R128,Marton Fucsovics,Christopher Oconnell,7-5 6-3,9.259,0.0,74.074,82.5,64.286,0,1,57.851,41.791,3,4,90,7.463,1.493,53.731,66.667,48.387,1,4,42.149,22.222,1,1,https://raw.githubusercontent.com/JeffSackmann/tennis_atp/master/atp_matches_2026.csv
js_6391856375237858,2026-03-04,Indian Wells Masters,Hard,R128,Matteo Berrettini,Adrian Mannarino,4-6 7-5 7-5,14.0,3.0,69.0,73.913,51.613,7,10,52.113,38.938,4,9,168,5.31,1.77,64.602,69.863,45.0,5,9,47.887,33.0,3,10,https://raw.githubusercontent.com/JeffSackmann/tennis_atp/master/atp_matches_2026.csv
js_322e11e05a08464b,2026-03-04,Indian Wells Masters,Hard,R128,Miomir Kecmanovic,Daniel Altmaier,6-3 1-0 RET,21.875,6.25,56.25,88.889,57.143,0,0,57.831,47.059,2,6,61,11.765,3.922,64.706,57.576,44.444,4,6,42.169,25.0,0,0,https://raw.githubusercontent.com/JeffSackmann/tennis_atp/master/atp_matches_2026.csv
js_c01bd5833ed4a955,2026-03-04,Indian Wells Masters,Hard,R128,Nuno Borges,Emilio Nava,7-6(9) 7-5,3.797,2.532,62.025,87.755,60.0,5,5,54.335,35.106,1,10,110,12.766,3.191,64.894,70.492,54.545,9,10,45.665,22.785,0,5,https://raw.githubusercontent.com/JeffSackmann/tennis_atp/master/atp_matches_2026.csv
js_e24fd24ea3c24cf5,2026-03-04,Indian Wells Masters,Hard,R128,Reilly Opelka,Ethan Quinn,7-5 7-6(3),25.373,8.955,68.657,84.783,61.905,4,5,55.921,38.824,2,7,101,5.882,3.529,62.353,71.698,43.75,5,7,44.079,22.388,1,5,https://raw.githubusercontent.com/JeffSackmann/tennis_atp/master/atp_matches_2026.csv
js_54530f9b71b462bb,2026-03-04,Indian Wells Masters,Hard,R128,Rinky Hijikata,Francesco Maestrelli,7-6(5) 6-4,6.579,2.632,57.895,72.727,62.5,4,5,51.701,33.803,2,8,107,9.859,2.817,73.239,76.923,36.842,6,8,48.299,31.579,1,5,https://raw.githubusercontent.com/JeffSackmann/tennis_atp/master/atp_matches_2026.csv
js_b90ce59d443fb684,2026-03-04,Indian Wells Masters,Hard,R128,Roberto Bautista Agut,Fabian Marozsan,6-4 6-7(2) 6-4,4.255,2.128,63.83,78.333,58.824,8,9,53.202,37.615,3,4,140,6.422,2.752,62.385,67.647,53.659,1,4,46.798,28.723,1,9,https://raw.githubusercontent.com/JeffSackmann/tennis_atp/master/atp_matches_2026.csv
js_fef0e6f6f1ead1d1,2026-03-04,Indian Wells Masters,Hard,R128,Sebastian Baez,Chun Hsin Tseng,6-3 6-2,0.0,1.923,76.923,77.5,41.667,4,4,58.716,49.123,4,8,76,0.0,8.772,70.175,62.5,23.529,4,8,41.284,30.769,0,4,https://raw.githubusercontent.com/JeffSackmann/tennis_atp/master/atp_matches_2026.csv
js_7914301e706f918c,2026-03-04,Indian Wells Masters,Hard,R128,Sebastian Korda,Francisco Comesana,7-5 6-0,0.0,4.082,59.184,75.862,35.0,1,4,60.748,62.069,7,11,78,1.724,1.724,60.345,40.0,34.783,4,11,39.252,40.816,3,4,https://raw.githubusercontent.com/JeffSackmann/tennis_atp/master/atp_matches_2026.csv
js_27065b9877c6dc9b,2026-03-04,Indian Wells Masters,Hard,R128,Vit Kopriva,Michael Zheng,7-6(1) 7-5,3.614,9.639,56.627,68.085,44.444,4,8,53.846,50.505,5,10,129,1.01,2.02,65.657,56.923,35.294,5,10,46.154,42.169,4,8,https://raw.githubusercontent.com/JeffSackmann/tennis_atp/master/atp_matches_2026.csv
js_bb19d4b43b33ef61,2026-03-04,Indian Wells Masters,Hard,R128,Zachary Svajda,Marin Cilic,7-6(5) 6-4,6.41,1.282,60.256,85.106,48.387,5,6,52.414,31.343,2,5,106,25.373,1.493,64.179,88.372,33.333,3,5,47.586,29.487,1,6,https://raw.githubusercontent.com/JeffSackmann/tennis_atp/master/atp_matches_2026.csv
js_85143f58420b170e,2026-03-04,Indian Wells Masters,Hard,R128,Zizou Bergs,Jan Lennard Struff,6-3 6-4,9.434,3.774,58.491,87.097,63.636,0,0,54.701,35.938,2,10,73,7.812,6.25,60.938,79.487,40.0,8,10,45.299,22.642,0,0,https://raw.githubusercontent.com/JeffSackmann/tennis_atp/master/atp_matches_2026.csv
js_60f2c5a8ce0e3043,2026-03-04,Indian Wells Masters,Hard,R64,Alejandro Davidovich Fokina,Zachary Svajda,7-6(0) 6-2,12.698,1.587,66.667,78.571,52.381,5,7,57.851,44.828,4,8,79,17.241,5.172,63.793,62.162,42.857,4,8,42.149,30.159,2,7,https://raw.githubusercontent.com/JeffSackmann/tennis_atp/master/atp_matches_2026.csv
js_8edf348d85475aa3,2026-03-04,Indian Wells Masters,Hard,R64,Aleksandar Kovacevic,Corentin Moutet,6-1 6-4,2.899,0.0,60.87,71.429,51.852,3,3,55.738,45.283,3,6,100,7.547,9.434,67.925,69.444,23.529,3,6,44.262,36.232,0,3,https://raw.githubusercontent.com/JeffSackmann/tennis_atp/master/atp_matches_2026.csv
js_1d97abea5d990b08,2026-03-04,Indian Wells Masters,Hard,R64,Alex De Minaur,Sebastian Korda,4-6 6-4 6-4,7.921,3.96,58.416,62.712,64.286,5,7,51.562,38.462,3,7,140,6.593,3.297,59.341,72.222,45.946,4,7,48.438,36.634,2,7,https://raw.githubusercontent.com/JeffSackmann/tennis_atp/master/atp_matches_2026.csv
js_47779fab10665b70,2026-03-04,Indian Wells Masters,Hard,R64,Alex Michelsen,Ugo Humbert,7-5 6-7(5) 7-6(6),5.128,2.564,64.957,77.632,58.537,2,3,51.092,30.357,2,6,166,10.714,3.571,68.75,81.818,42.857,4,6,48.908,29.06,1,3,https://raw.githubusercontent.com/JeffSackmann/tennis_atp/master/atp_matches_2026.csv
js_73814692c1778cb1,2026-03-04,Indian Wells Masters,Hard,R64,Alexander Bublik,Vit Kopriva,3-6 7-6(3) 6-2,12.658,1.266,64.557,76.471,67.857,2,4,55.208,42.478,3,11,125,7.08,7.08,62.832,60.563,52.381,8,11,44.792,26.582,2,4,https://raw.githubusercontent.com/JeffSackmann/tennis_atp/master/atp_matches_2026.csv
js_4f8b7b17dfe05ac7,2026-03-04,Indian Wells Masters,Hard,R64,Alexander Zverev,Matteo Berrettini,6-3 6-4,8.696,2.174,76.087,88.571,81.818,0,0,57.143,30.769,2,5,71,9.615,3.846,73.077,76.316,50.0,3,5,42.857,13.043,0,0,https://raw.githubusercontent.com/JeffSackmann/tennis_atp/master/atp_matches_2026.csv
js_3313f8fda6abf0dc,2026-03-04,Indian Wells Masters,Hard,R64,Arthur Fils,Dino Prizmic,6-2 3-2 RET,2.778,2.778,58.333,71.429,73.333,3,3,57.5,45.455,3,7,65,0.0,11.364,47.727,61.905,47.826,4,7,42.5,27.778,0,3,https://raw.githubusercontent.com/JeffSackmann/tennis_atp/master/atp_matches_2026.csv
js_01fee31b9ab31ded,2026-03-04,Indian Wells Masters,Hard,R64,Arthur Rinderknech,Juan Manuel Cerundolo,W/O,,,,,,0,0,,,0,0,,,,,,,0,0,,,0,0,https://raw.githubusercontent.com/JeffSackmann/tennis_atp/master/atp_matches_2026.csv
js_92018d0c087014a9,2026-03-04,Indian Wells Masters,Hard,R64,Ben Shelton,Reilly Opelka,6-7(3) 7-6(4) 6-3,11.224,6.122,61.224,86.667,68.421,0,0,53.234,28.155,1,3,132,22.33,4.854,67.961,77.143,60.606,2,3,46.766,20.408,0,0,https://raw.githubusercontent.com/JeffSackmann/tennis_atp/master/atp_matches_2026.csv
js_01e5ceb40acdeac5,2026-03-04,Indian Wells Masters,Hard,R64,Brandon Nakashima,Camilo Ugo Carabelli,6-3 6-4,26.531,0.0,77.551,86.842,63.636,0,0,57.576,34.0,2,7,73,6.0,2.0,72.0,72.222,50.0,5,7,42.424,18.367,0,0,https://raw.githubusercontent.com/JeffSackmann/tennis_atp/master/atp_matches_2026.csv
js_61d2fa957eedbcf2,2026-03-04,Indian Wells Masters,Hard,R64,Cameron Norrie,Mackenzie Mcdonald,6-2 6-3,15.789,3.509,63.158,80.556,52.381,5,6,60.169,50.82,4,7,81,3.279,3.279,63.934,58.974,31.818,3,7,39.831,29.825,1,6,https://raw.githubusercontent.com/JeffSackmann/tennis_atp/master/atp_matches_2026.csv
js_dfffe16ccd91c807,2026-03-04,Indian Wells Masters,Hard,R64,Carlos Alcaraz,Grigor Dimitrov,6-2 6-3,12.245,4.082,71.429,77.143,71.429,1,1,59.794,43.75,3,4,66,2.083,10.417,60.417,75.862,26.316,1,4,40.206,24.49,0,1,https://raw.githubusercontent.com/JeffSackmann/tennis_atp/master/atp_matches_2026.csv
js_54a5f925b32e2fc5,2026-03-04,Indian Wells Masters,Hard,R64,Casper Ruud,Alexander Shevchenko,6-1 7-6(4),8.065,0.0,62.903,66.667,86.957,3,3,57.627,39.286,2,6,86,16.071,3.571,64.286,63.889,55.0,4,6,42.373,25.806,0,3,https://raw.githubusercontent.com/JeffSackmann/tennis_atp/master/atp_matches_2026.csv
js_85da2ccfde1fe3ab,2026-03-04,Indian Wells Masters,Hard,R64,Daniil Medvedev,Alejandro Tabilo,6-4 6-2,11.765,1.961,84.314,72.093,62.5,0,0,56.481,43.86,3,8,70,5.263,0.0,66.667,73.684,21.053,5,8,43.519,29.412,0,0,https://raw.githubusercontent.com/JeffSackmann/tennis_atp/master/atp_matches_2026.csv
js_020f42f803e2e9bb,2026-03-04,Indian Wells Masters,Hard,R64,Denis Shapovalov,Tomas Martin Etcheverry,6-3 2-6 7-6(5),14.141,9.091,64.646,71.875,42.857,3,6,50.249,39.216,2,10,158,3.922,0.0,63.725,64.615,54.054,8,10,49.751,38.384,3,6,https://raw.githubusercontent.com/JeffSackmann/tennis_atp/master/atp_matches_2026.csv
js_eaf4328634cd6d43,2026-03-04,Indian Wells Masters,Hard,R64,Felix Auger Aliassime,Gael Monfils,6-7(5) 6-3 6-4,14.286,4.082,65.306,81.25,58.824,2,2,51.852,28.571,2,5,136,13.187,5.495,71.429,73.846,65.385,3,5,48.148,26.531,0,2,https://raw.githubusercontent.com/JeffSackmann/tennis_atp/master/atp_matches_2026.csv
js_58d306d2da693e89,2026-03-04,Indian Wells Masters,Hard,R64,Flavio Cobolli,Miomir Kecmanovic,3-6 6-3 6-4,15.476,9.524,51.19,76.744,51.22,2,4,51.176,38.372,3,12,117,1.163,2.326,52.326,73.333,48.78,9,12,48.824,35.714,2,4,https://raw.githubusercontent.com/JeffSackmann/tennis_atp/master/atp_matches_2026.csv
js_3b3b3c23d92d3538,2026-03-04,Indian Wells Masters,Hard,R64,Frances Tiafoe,Jenson Brooksby,6-4 6-2,11.321,1.887,56.604,90.0,47.826,2,3,58.407,46.667,4,7,83,10.0,1.667,60.0,72.222,25.0,3,7,41.593,28.302,1,3,https://raw.githubusercontent.com/JeffSackmann/tennis_atp/master/atp_matches_2026.csv
js_3e4e7d4a02c45940,2026-03-04,Indian Wells Masters,Hard,R64,Francisco Cerundolo,Benjamin Bonzi,6-4 5-7 7-6(5),5.217,6.957,60.87,72.857,46.667,9,13,51.786,40.367,4,11,149,3.67,0.0,80.734,64.773,38.095,7,11,48.214,37.391,4,13,https://raw.githubusercontent.com/JeffSackmann/tennis_atp/master/atp_matches_2026.csv
js_a08d033f770fc67a,2026-03-04,Indian Wells Masters,Hard,R64,Gabriel Diallo,Andrey Rublev,6-7(4) 7-6(1) 6-3,10.0,5.0,68.333,78.049,34.211,2,5,50.885,35.849,4,7,172,5.66,2.83,60.377,68.75,57.143,3,7,49.115,35.833,3,5,https://raw.githubusercontent.com/JeffSackmann/tennis_atp/master/atp_matches_2026.csv
js_07ac0405aee9b414,2026-03-04,Indian Wells Masters,Hard,R64,Jack Draper,Roberto Bautista Agut,3-6 6-3 6-2,12.857,2.857,57.143,87.5,56.667,6,7,55.944,38.356,3,7,105,1.37,1.37,80.822,66.102,42.857,4,7,44.056,25.714,1,7,https://raw.githubusercontent.com/JeffSackmann/tennis_atp/master/atp_matches_2026.csv
js_8fc837d1dd71d8e2,2026-03-04,Indian Wells Masters,Hard,R64,Jakub Mensik,Marcos Giron,7-5 7-6(4),13.636,3.409,61.364,75.926,44.118,9,10,50.955,34.783,2,3,104,2.899,2.899,63.768,72.727,52.0,1,3,49.045,36.364,1,10,https://raw.githubusercontent.com/JeffSackmann/tennis_atp/master/atp_matches_2026.csv
js_19d389573163a143,2026-03-04,Indian Wells Masters,Hard,R64,Jannik Sinner,Dalibor Svrcina,6-1 6-1,5.263,5.263,68.421,80.769,75.0,1,1,63.83,53.571,5,12,64,1.786,7.143,67.857,44.737,50.0,7,12,36.17,21.053,0,1,https://raw.githubusercontent.com/JeffSackmann/tennis_atp/master/atp_matches_2026.csv
js_3c52dbea8f25c3aa,2026-03-04,Indian Wells Masters,Hard,R64,Joao Fonseca,Karen Khachanov,4-6 7-6(7) 6-4,11.828,3.226,70.968,80.303,48.148,4,7,51.053,31.959,3,4,135,12.371,3.093,60.825,74.576,57.895,1,4,48.947,29.032,3,7,https://raw.githubusercontent.com/JeffSackmann/tennis_atp/master/atp_matches_2026.csv
js_2e93e5708abeb685,2026-03-04,Indian Wells Masters,Hard,R64,Learner Tien,Adam Walton,7-6(3) 7-6(8),10.976,4.878,56.098,78.261,63.889,2,3,52.299,34.783,1,5,104,11.957,0.0,72.826,70.149,52.0,4,5,47.701,28.049,1,3,https://raw.githubusercontent.com/JeffSackmann/tennis_atp/master/atp_matches_2026.csv
js_67830b52eb24d601,2026-03-04,Indian Wells Masters,Hard,R64,Marton Fucsovics,Lorenzo Musetti,7-5 6-1,6.897,3.448,62.069,80.556,54.545,1,2,58.537,47.692,4,11,88,1.538,3.077,63.077,65.854,29.167,7,11,41.463,29.31,1,2,https://raw.githubusercontent.com/JeffSackmann/tennis_atp/master/atp_matches_2026.csv
js_a62c75806ab0bd30,2026-03-04,Indian Wells Masters,Hard,R64,Novak Djokovic,Kamil Majchrzak,4-6 6-1 6-2,6.173,6.173,66.667,77.778,44.444,3,5,55.556,46.465,5,16,132,3.03,1.01,62.626,62.903,37.838,11,16,44.444,33.333,2,5,https://raw.githubusercontent.com/JeffSackmann/tennis_atp/master/atp_matches_2026.csv
js_79b071fa83920bf0,2026-03-04,Indian Wells Masters,Hard,R64,Rinky Hijikata,Luciano Darderi,4-6 6-2 6-4,14.286,6.494,50.649,79.487,60.526,2,4,53.801,40.426,4,9,128,5.319,2.128,58.511,63.636,53.846,5,9,46.199,29.87,2,4,https://raw.githubusercontent.com/JeffSackmann/tennis_atp/master/atp_matches_2026.csv
js_7d79c4d3121dc02e,2026-03-04,Indian Wells Masters,Hard,R64,Sebastian Baez,Jiri Lehecka,6-4 6-1,0.0,3.922,70.588,69.444,60.0,3,4,59.406,52.0,5,7,71,4.0,0.0,68.0,52.941,37.5,2,7,40.594,33.333,1,4,https://raw.githubusercontent.com/JeffSackmann/tennis_atp/master/atp_matches_2026.csv
js_d4e922d9ab4f1e9e,2026-03-04,Indian Wells Masters,Hard,R64,Taylor Fritz,Jacob Fearnley,6-3 6-7(8) 6-1,21.053,1.053,71.579,79.412,55.556,3,4,56.186,40.404,4,9,133,5.051,6.061,65.657,67.692,44.118,5,9,43.814,27.368,1,4,https://raw.githubusercontent.com/JeffSackmann/tennis_atp/master/atp_matches_2026.csv
js_b69de457b0b6186e,2026-03-04,Indian Wells Masters,Hard,R64,Tommy Paul,Zizou Bergs,6-1 6-2,2.564,2.564,56.41,77.273,76.471,3,3,63.542,54.386,5,9,68,5.263,7.018,45.614,57.692,35.484,4,9,36.458,23.077,0,3,https://raw.githubusercontent.com/JeffSackmann/tennis_atp/master/atp_matches_2026.csv
js_6af58e66add27463,2026-03-04,Indian Wells Masters,Hard,R64,Valentin Vacherot,Nuno Borges,7-5 7-5,26.154,6.154,72.308,78.723,61.111,2,3,54.054,38.554,3,11,94,7.229,3.614,69.88,68.966,44.0,8,11,45.946,26.154,1,3,https://raw.githubusercontent.com/JeffSackmann/tennis_atp/master/atp_matches_2026.csv
js_21d3eef5a2c866ec,2026-03-04,Indian Wells Masters,Hard,R32,Alejandro Davidovich Fokina,Jakub Mensik,6-2 4-6 6-2,4.054,0.0,68.919,70.588,60.87,6,8,55.263,43.59,5,10,125,10.256,6.41,58.974,73.913,31.25,5,10,44.737,32.432,2,8,https://raw.githubusercontent.com/JeffSackmann/tennis_atp/master/atp_matches_2026.csv
js_5d660ed9c6534901,2026-03-04,Indian Wells Masters,Hard,R32,Alex Michelsen,Taylor Fritz,6-4 7-6(6),11.538,1.282,70.513,72.727,56.522,7,8,52.903,37.662,2,9,99,15.584,0.0,70.13,72.222,39.13,7,9,47.097,32.051,1,8,https://raw.githubusercontent.com/JeffSackmann/tennis_atp/master/atp_matches_2026.csv
js_3c125bc4b4a55689,2026-03-04,Indian Wells Masters,Hard,R32,Alexander Zverev,Brandon Nakashima,7-6(2) 5-7 6-4,14.851,1.98,76.238,80.519,45.833,4,5,50.971,30.476,1,4,151,16.19,1.905,73.333,80.519,39.286,3,4,49.029,27.723,1,5,https://raw.githubusercontent.com/JeffSackmann/tennis_atp/master/atp_matches_2026.csv
js_0920124d707db7ea,2026-03-04,Indian Wells Masters,Hard,R32,Arthur Fils,Marton Fucsovics,6-3 7-5,7.273,0.0,60.0,81.818,77.273,0,0,55.932,34.921,2,8,83,15.873,6.349,57.143,86.111,37.037,6,8,44.068,20.0,0,0,https://raw.githubusercontent.com/JeffSackmann/tennis_atp/master/atp_matches_2026.csv
js_bf791a56601c0d9b,2026-03-04,Indian Wells Masters,Hard,R32,Cameron Norrie,Alex De Minaur,6-4 6-4,2.857,0.0,58.571,75.61,51.724,6,7,55.118,42.105,3,4,99,8.772,7.018,61.404,65.714,45.455,1,4,44.882,34.286,1,7,https://raw.githubusercontent.com/JeffSackmann/tennis_atp/master/atp_matches_2026.csv
js_3f9f5d7253310c75,2026-03-04,Indian Wells Masters,Hard,R32,Carlos Alcaraz,Arthur Rinderknech,6-7(6) 6-3 6-2,3.488,3.488,75.581,78.462,52.381,3,4,56.15,42.574,4,11,138,10.891,1.98,72.277,64.384,39.286,7,11,43.85,27.907,1,4,https://raw.githubusercontent.com/JeffSackmann/tennis_atp/master/atp_matches_2026.csv
js_bda1dfa047751287,2026-03-04,Indian Wells Masters,Hard,R32,Casper Ruud,Valentin Vacherot,3-6 6-3 6-4,6.098,2.439,74.39,72.131,61.905,4,5,51.22,32.927,2,5,120,14.634,7.317,63.415,78.846,46.667,3,5,48.78,30.488,1,5,https://raw.githubusercontent.com/JeffSackmann/tennis_atp/master/atp_matches_2026.csv
js_1e1de8bf52102bbc,2026-03-04,Indian Wells Masters,Hard,R32,Daniil Medvedev,Sebastian Baez,6-4 6-0,5.769,1.923,75.0,76.923,53.846,4,4,59.649,50.0,4,13,78,0.0,0.0,77.419,54.167,35.714,9,13,40.351,28.846,0,4,https://raw.githubusercontent.com/JeffSackmann/tennis_atp/master/atp_matches_2026.csv
js_e57906fb367dcb58,2026-03-04,Indian Wells Masters,Hard,R32,Felix Auger Aliassime,Gabriel Diallo,6-7(5) 6-3 6-3,9.375,5.208,64.583,80.645,55.882,3,4,54.839,36.667,4,7,147,12.222,0.0,78.889,66.197,52.632,3,7,45.161,28.125,1,4,https://raw.githubusercontent.com/JeffSackmann/tennis_atp/master/atp_matches_2026.csv
js_987c7b59debebaf5,2026-03-04,Indian Wells Masters,Hard,R32,Frances Tiafoe,Flavio Cobolli,6-1 6-2,12.5,1.786,58.929,81.818,52.174,5,5,62.626,53.488,4,9,67,2.326,0.0,58.14,52.0,38.889,5,9,37.374,30.357,0,5,https://raw.githubusercontent.com/JeffSackmann/tennis_atp/master/atp_matches_2026.csv
js_92c3d6daaa1209f0,2026-03-04,Indian Wells Masters,Hard,R32,Jack Draper,Francisco Cerundolo,6-1 7-5,7.843,7.843,66.667,79.412,41.176,2,4,56.41,48.485,6,14,78,1.515,4.545,59.091,53.846,48.148,8,14,43.59,33.333,2,4,https://raw.githubusercontent.com/JeffSackmann/tennis_atp/master/atp_matches_2026.csv
js_e941c8d94aa8a012,2026-03-04,Indian Wells Masters,Hard,R32,Jannik Sinner,Denis Shapovalov,6-3 6-2,13.953,4.651,76.744,84.848,40.0,0,1,62.626,53.571,4,8,71,3.571,12.5,60.714,61.765,22.727,4,8,37.374,25.581,1,1,https://raw.githubusercontent.com/JeffSackmann/tennis_atp/master/atp_matches_2026.csv
js_6203f82ccf1119bb,2026-03-04,Indian Wells Masters,Hard,R32,Joao Fonseca,Tommy Paul,6-2 6-3,4.0,0.0,66.0,72.727,64.706,0,1,59.259,50.0,4,10,82,3.448,3.448,67.241,58.974,31.579,6,10,40.741,30.0,1,1,https://raw.githubusercontent.com/JeffSackmann/tennis_atp/master/atp_matches_2026.csv
js_34cea8a4e182e842,2026-03-04,Indian Wells Masters,Hard,R32,Learner Tien,Ben Shelton,7-6(3) 4-6 6-3,14.151,9.434,66.981,81.69,51.429,5,6,52.427,32.0,1,8,129,8.0,3.0,63.0,71.429,62.162,7,8,47.573,28.302,1,6,https://raw.githubusercontent.com/JeffSackmann/tennis_atp/master/atp_matches_2026.csv
js_9c1ea109809c9d29,2026-03-04,Indian Wells Masters,Hard,R32,Novak Djokovic,Aleksandar Kovacevic,6-4 1-6 6-4,8.571,5.714,62.857,75.0,61.538,2,4,50.0,35.417,2,6,122,16.667,1.042,56.25,77.778,47.619,4,6,50.0,30.0,2,4,https://raw.githubusercontent.com/JeffSackmann/tennis_atp/master/atp_matches_2026.csv
js_b9736ab01c23e337,2026-03-04,Indian Wells Masters,Hard,R32,Rinky Hijikata,Alexander Bublik,6-7(3) 7-6(3) 6-3,6.957,2.609,63.478,76.712,57.143,0,0,51.271,33.884,1,7,155,15.702,4.132,66.116,77.5,43.902,6,7,48.729,30.435,0,0,https://raw.githubusercontent.com/JeffSackmann/tennis_atp/master/atp_matches_2026.csv
js_5d03b79163cf0211,2026-03-04,Indian Wells Masters,Hard,R16,Alexander Zverev,Frances Tiafoe,6-3 6-4,22.222,1.587,69.841,77.273,47.368,2,2,53.659,38.333,2,3,89,10.0,5.0,63.333,63.158,59.091,1,3,46.341,31.746,0,2,https://raw.githubusercontent.com/JeffSackmann/tennis_atp/master/atp_matches_2026.csv
js_b79bbd9bc2937441,2026-03-04,Indian Wells Masters,Hard,R16,Arthur Fils,Felix Auger Aliassime,6-3 7-6(9),7.143,1.429,61.429,79.07,62.963,3,4,53.521,34.722,2,5,111,8.333,2.778,73.611,69.811,52.632,3,5,46.479,27.143,1,4,https://raw.githubusercontent.com/JeffSackmann/tennis_atp/master/atp_matches_2026.csv
js_53ba8fb1417ed676,2026-03-04,Indian Wells Masters,Hard,R16,Cameron Norrie,Rinky Hijikata,6-4 6-2,5.66,3.774,60.377,71.875,71.429,1,1,55.882,38.776,3,6,76,16.327,4.082,59.184,75.862,40.0,3,6,44.118,28.302,0,1,https://raw.githubusercontent.com/JeffSackmann/tennis_atp/master/atp_matches_2026.csv
js_9b2b0f0caa25d8ab,2026-03-04,Indian Wells Masters,Hard,R16,Carlos Alcaraz,Casper Ruud,6-1 7-6(2),14.583,2.083,68.75,87.879,66.667,0,0,59.055,45.57,3,8,90,10.127,0.0,65.823,63.462,37.037,5,8,40.945,18.75,0,0,https://raw.githubusercontent.com/JeffSackmann/tennis_atp/master/atp_matches_2026.csv
js_b7755a36bc40389f,2026-03-04,Indian Wells Masters,Hard,R16,Daniil Medvedev,Alex Michelsen,6-2 6-4,13.235,2.941,77.941,71.698,40.0,4,5,57.48,49.153,4,10,87,1.695,1.695,66.102,53.846,45.0,6,10,42.52,35.294,1,5,https://raw.githubusercontent.com/JeffSackmann/tennis_atp/master/atp_matches_2026.csv
js_fb507eb5829067ef,2026-03-04,Indian Wells Masters,Hard,R16,Jack Draper,Novak Djokovic,4-6 6-4 7-6(5),12.621,4.854,64.078,74.242,43.243,3,6,49.746,35.106,3,7,155,4.255,2.128,65.957,64.516,65.625,4,7,50.254,36.893,3,6,https://raw.githubusercontent.com/JeffSackmann/tennis_atp/master/atp_matches_2026.csv
js_84f2886e068c6c6e,2026-03-04,Indian Wells Masters,Hard,R16,Jannik Sinner,Joao Fonseca,7-6(6) 7-6(4),20.0,1.333,58.667,86.364,51.613,1,2,50.641,30.864,1,4,121,11.111,3.704,70.37,73.684,58.333,3,4,49.359,28.0,1,2,https://raw.githubusercontent.com/JeffSackmann/tennis_atp/master/atp_matches_2026.csv
js_839def3e667cba5d,2026-03-04,Indian Wells Masters,Hard,R16,Learner Tien,Alejandro Davidovich Fokina,4-6 6-1 7-6(4),8.772,3.509,60.526,72.464,51.111,4,5,53.234,39.08,2,2,128,9.195,4.598,71.264,66.129,48.0,0,2,46.766,35.965,1,5,https://raw.githubusercontent.com/JeffSackmann/tennis_atp/master/atp_matches_2026.csv
js_3b164538d069c308,2026-03-04,Indian Wells Masters,Hard,QF,Alexander Zverev,Arthur Fils,6-2 6-3,13.725,1.961,70.588,75.0,60.0,3,3,56.667,46.377,4,10,82,10.145,5.797,55.072,55.263,51.613,6,10,43.333,29.412,0,3,https://raw.githubusercontent.com/JeffSackmann/tennis_atp/master/atp_matches_2026.csv
js_3d32accffc82278e,2026-03-04,Indian Wells Masters,Hard,QF,Carlos Alcaraz,Cameron Norrie,6-3 6-4,3.509,1.754,75.439,72.093,42.857,1,3,56.154,49.315,4,10,93,4.11,4.11,60.274,59.091,37.931,6,10,43.846,35.088,2,3,https://raw.githubusercontent.com/JeffSackmann/tennis_atp/master/atp_matches_2026.csv
js_f6c1a1a530b972bc,2026-03-04,Indian Wells Masters,Hard,QF,Daniil Medvedev,Jack Draper,6-1 7-5,18.519,1.852,72.222,84.615,53.333,1,1,59.259,42.593,3,5,75,5.556,1.852,50.0,62.963,51.852,2,5,40.741,24.074,0,1,https://raw.githubusercontent.com/JeffSackmann/tennis_atp/master/atp_matches_2026.csv
js_69581a0499bd1ec8,2026-03-04,Indian Wells Masters,Hard,QF,Jannik Sinner,Learner Tien,6-1 6-2,20.833,2.083,62.5,83.333,55.556,4,4,61.856,51.02,4,5,66,8.163,10.204,59.184,48.276,50.0,1,5,38.144,27.083,0,4,https://raw.githubusercontent.com/JeffSackmann/tennis_atp/master/atp_matches_2026.csv
js_a95c90ebd4f3f5ae,2026-03-04,Indian Wells Masters,Hard,SF,Daniil Medvedev,Carlos Alcaraz,6-3 7-6(3),5.333,0.0,58.667,63.636,74.194,4,5,53.285,35.484,2,2,97,3.226,3.226,62.903,69.231,56.522,0,2,46.715,32.0,1,5,https://raw.githubusercontent.com/JeffSackmann/tennis_atp/master/atp_matches_2026.csv
js_637cff39f8050a57,2026-03-04,Indian Wells Masters,Hard,SF,Jannik Sinner,Alexander Zverev,6-2 6-4,15.686,3.922,56.863,82.759,63.636,1,1,55.769,37.736,3,6,83,7.547,5.66,66.038,80.0,27.778,3,6,44.231,25.49,0,1,https://raw.githubusercontent.com/JeffSackmann/tennis_atp/master/atp_matches_2026.csv
js_429a6422480f17b4,2026-03-04,Indian Wells Masters,Hard,F,Jannik Sinner,Daniil Medvedev,7-6(6) 7-6(4),13.889,2.778,65.278,91.489,60.0,0,0,52.83,29.885,0,2,115,8.046,2.299,55.172,77.083,61.538,2,2,47.17,19.444,0,0,https://raw.githubusercontent.com/JeffSackmann/tennis_atp/master/atp_matches_2026.csv
js_77cbcbb5dd715965,2026-03-18,Miami Masters,Hard,R128,Adam Walton,Sebastian Baez,6-2 6-2,17.021,2.128,63.83,76.667,58.824,1,2,63.043,55.556,5,10,67,4.444,4.444,73.333,42.424,50.0,5,10,36.957,29.787,1,2,https://raw.githubusercontent.com/JeffSackmann/tennis_atp/master/atp_matches_2026.csv
js_680487e99bd955d4,2026-03-18,Miami Masters,Hard,R128,Adrian Mannarino,Zhizhen Zhang,6-3 6-2,17.021,0.0,61.702,86.207,50.0,2,2,59.0,47.17,4,4,65,5.66,3.774,60.377,65.625,33.333,0,4,41.0,27.66,0,2,https://raw.githubusercontent.com/JeffSackmann/tennis_atp/master/atp_matches_2026.csv
js_95b4532963d79bd7,2026-03-18,Miami Masters,Hard,R128,Alejandro Tabilo,Francisco Comesana,6-4 6-2,8.621,0.0,72.414,73.81,62.5,2,2,56.25,40.741,3,5,77,7.407,7.407,59.259,71.875,40.909,2,5,43.75,29.31,0,2,https://raw.githubusercontent.com/JeffSackmann/tennis_atp/master/atp_matches_2026.csv
js_3e16e42a8ba8594d,2026-03-18,Miami Masters,Hard,R128,Alex Michelsen,Mattia Bellucci,6-2 6-1,15.385,3.846,78.846,82.927,18.182,6,6,62.366,53.659,4,5,65,0.0,9.756,65.854,59.259,21.429,1,5,37.634,30.769,0,6,https://raw.githubusercontent.com/JeffSackmann/tennis_atp/master/atp_matches_2026.csv
js_0125456d83be80ec,2026-03-18,Miami Masters,Hard,R128,Alexander Shevchenko,Matteo Arnaldi,7-6(5) 6-7(5) 6-2,6.897,1.724,68.103,70.886,48.649,5,7,51.092,38.053,4,14,147,7.08,7.08,63.717,72.222,43.902,10,14,48.908,36.207,2,7,https://raw.githubusercontent.com/JeffSackmann/tennis_atp/master/atp_matches_2026.csv
js_3bc494b891499559,2026-03-18,Miami Masters,Hard,R128,Arthur Cazaux,Tomas Barrios Vera,7-5 6-4,22.951,1.639,59.016,83.333,60.0,1,2,52.5,30.508,3,5,95,6.78,1.695,76.271,73.333,57.143,2,5,47.5,26.23,1,2,https://raw.githubusercontent.com/JeffSackmann/tennis_atp/master/atp_matches_2026.csv
js_afe06ccaa6889144,2026-03-18,Miami Masters,Hard,R128,Botic Van De Zandschulp,Denis Shapovalov,7-5 6-3,4.11,6.849,75.342,76.364,22.222,5,6,55.147,46.032,4,6,91,6.349,3.175,57.143,58.333,48.148,2,6,44.853,36.986,1,6,https://raw.githubusercontent.com/JeffSackmann/tennis_atp/master/atp_matches_2026.csv
js_905b13038c3d9e1a,2026-03-18,Miami Masters,Hard,R128,Camilo Ugo Carabelli,Giovanni Mpetshi Perricard,2-6 6-3 7-6(3),6.522,0.0,55.435,76.471,58.537,3,6,48.256,25.0,2,5,112,30.0,3.75,75.0,88.333,35.0,3,5,51.744,31.522,3,6,https://raw.githubusercontent.com/JeffSackmann/tennis_atp/master/atp_matches_2026.csv
js_235b3c5f34b15dea,2026-03-18,Miami Masters,Hard,R128,Damir Dzumhur,Ignacio Buse,6-7(6) 7-6(6) 6-1,2.778,1.852,64.815,77.143,57.895,2,3,53.846,36.0,3,8,156,7.0,4.0,66.0,71.212,50.0,5,8,46.154,29.63,1,3,https://raw.githubusercontent.com/JeffSackmann/tennis_atp/master/atp_matches_2026.csv
js_ff4cda5af45e7079,2026-03-18,Miami Masters,Hard,R128,Darwin Blanch,Jan Lennard Struff,6-3 3-6 6-3,11.842,1.316,65.789,82.0,50.0,2,4,52.667,33.784,3,10,85,13.514,2.703,71.622,71.698,52.381,7,10,47.333,28.947,2,4,https://raw.githubusercontent.com/JeffSackmann/tennis_atp/master/atp_matches_2026.csv
js_1c9e8f7da0833add,2026-03-18,Miami Masters,Hard,R128,Ethan Quinn,Hubert Hurkacz,6-2 6-4,8.511,6.383,57.447,81.481,75.0,0,0,58.333,38.776,3,6,66,10.204,0.0,61.224,63.333,57.895,3,6,41.667,21.277,0,0,https://raw.githubusercontent.com/JeffSackmann/tennis_atp/master/atp_matches_2026.csv
js_d3e112b98a69c65a,2026-03-18,Miami Masters,Hard,R128,Gabriel Diallo,Yibing Wu,6-2 7-6(3),15.068,6.849,67.123,83.673,45.833,7,7,54.615,33.333,2,2,90,5.263,0.0,59.649,76.471,52.174,0,2,45.385,28.767,0,7,https://raw.githubusercontent.com/JeffSackmann/tennis_atp/master/atp_matches_2026.csv
js_fe760ed7f2a49acc,2026-03-18,Miami Masters,Hard,R128,Joao Fonseca,Fabian Marozsan,6-4 3-6 6-2,14.286,1.19,76.19,75.0,45.0,2,3,51.786,35.714,3,8,110,9.524,4.762,63.095,73.585,48.387,5,8,48.214,32.143,1,3,https://raw.githubusercontent.com/JeffSackmann/tennis_atp/master/atp_matches_2026.csv
js_2749bbd82c8e1c24,2026-03-18,Miami Masters,Hard,R128,Kamil Majchrzak,Miomir Kecmanovic,4-6 6-3 6-1,14.773,2.273,67.045,71.186,48.276,4,6,54.945,46.809,5,13,118,6.383,3.191,59.574,55.357,50.0,8,13,45.055,36.364,2,6,https://raw.githubusercontent.com/JeffSackmann/tennis_atp/master/atp_matches_2026.csv
js_c9cd27e2a127b6ae,2026-03-18,Miami Masters,Hard,R128,Mariano Navone,Nikoloz Basilashvili,7-6(7) 6-3,9.722,0.0,73.611,79.245,63.158,5,5,55.714,35.294,1,1,99,10.294,8.824,44.118,80.0,52.632,0,1,44.286,25.0,0,5,https://raw.githubusercontent.com/JeffSackmann/tennis_atp/master/atp_matches_2026.csv
js_7891f1b44026fcb8,2026-03-18,Miami Masters,Hard,R128,Marin Cilic,Alexei Popyrin,6-4 6-4,12.121,4.545,54.545,83.333,53.333,6,6,54.839,37.931,2,3,97,20.69,3.448,65.517,73.684,40.0,1,3,45.161,30.303,0,6,https://raw.githubusercontent.com/JeffSackmann/tennis_atp/master/atp_matches_2026.csv
js_107082d1743e7c50,2026-03-18,Miami Masters,Hard,R128,Martin Damm,Jacob Fearnley,6-0 0-0 RET,23.077,0.0,76.923,100.0,66.667,0,0,75.0,65.217,3,5,23,0.0,13.043,47.826,54.545,16.667,2,5,25.0,7.692,0,0,https://raw.githubusercontent.com/JeffSackmann/tennis_atp/master/atp_matches_2026.csv
js_bcf841f203e189f8,2026-03-18,Miami Masters,Hard,R128,Martin Landaluce,Marcos Giron,6-3 7-6(6),15.625,1.562,68.75,75.0,70.0,1,2,52.778,36.25,2,10,98,3.75,2.5,60.0,77.083,43.75,8,10,47.222,26.562,1,2,https://raw.githubusercontent.com/JeffSackmann/tennis_atp/master/atp_matches_2026.csv
js_014aca659b5f4e6b,2026-03-18,Miami Masters,Hard,R128,Marton Fucsovics,Christopher Oconnell,7-6(6) 6-3,17.742,6.452,69.355,88.372,57.895,0,0,55.705,39.08,1,11,105,4.598,2.299,66.667,70.69,41.379,10,11,44.295,20.968,0,0,https://raw.githubusercontent.com/JeffSackmann/tennis_atp/master/atp_matches_2026.csv
js_e2681c758e59dd17,2026-03-18,Miami Masters,Hard,R128,Matteo Berrettini,Alexandre Muller,6-4 6-2,14.516,1.613,72.581,71.111,64.706,4,4,55.372,40.678,3,7,82,8.475,3.39,72.881,62.791,50.0,4,7,44.628,30.645,0,4,https://raw.githubusercontent.com/JeffSackmann/tennis_atp/master/atp_matches_2026.csv
js_b543e025d6cb09e4,2026-03-18,Miami Masters,Hard,R128,Moise Kouame,Zachary Svajda,5-7 6-4 6-4,9.821,9.821,57.143,76.562,47.917,10,12,50.246,32.967,3,4,137,9.89,3.297,63.736,75.862,51.515,1,4,49.754,35.714,2,12,https://raw.githubusercontent.com/JeffSackmann/tennis_atp/master/atp_matches_2026.csv
js_781a8b8b4b28d700,2026-03-18,Miami Masters,Hard,R128,Quentin Halys,Liam Draxl,6-7(4) 6-1 6-1,15.476,4.762,64.286,77.778,43.333,6,8,58.192,51.613,7,13,126,4.301,4.301,68.817,51.562,41.379,6,13,41.808,34.524,2,8,https://raw.githubusercontent.com/JeffSackmann/tennis_atp/master/atp_matches_2026.csv
js_e8f0c165fb8b29c7,2026-03-18,Miami Masters,Hard,R128,Rafael Jodar,Yannick Hanfmann,6-4 4-6 6-1,10.667,1.333,58.667,79.545,58.065,3,5,55.405,39.726,4,11,112,5.479,5.479,56.164,70.732,46.875,7,11,44.595,29.333,2,5,https://raw.githubusercontent.com/JeffSackmann/tennis_atp/master/atp_matches_2026.csv
js_01ffda98a11698d9,2026-03-18,Miami Masters,Hard,R128,Raphael Collignon,Grigor Dimitrov,7-6(3) 4-6 7-6(6),11.765,5.882,65.686,89.552,40.0,0,2,50.228,30.769,1,5,151,19.658,6.838,63.248,79.73,51.163,4,5,49.772,27.451,2,2,https://raw.githubusercontent.com/JeffSackmann/tennis_atp/master/atp_matches_2026.csv
js_fc97fa7f076ee595,2026-03-18,Miami Masters,Hard,R128,Rei Sakamoto,Aleksandar Kovacevic,6-4 3-6 7-6(7),24.359,0.0,66.667,84.615,65.385,0,1,50.602,26.136,1,2,179,23.864,2.273,78.409,81.159,47.368,1,2,49.398,21.795,1,1,https://raw.githubusercontent.com/JeffSackmann/tennis_atp/master/atp_matches_2026.csv
js_96cbb6b0e9d27d83,2026-03-18,Miami Masters,Hard,R128,Reilly Opelka,Nuno Borges,6-7(6) 6-2 7-6(5),30.0,4.444,72.222,87.692,64.0,0,0,53.591,26.374,2,2,121,2.198,4.396,59.341,81.481,62.162,0,2,46.409,18.889,0,0,https://raw.githubusercontent.com/JeffSackmann/tennis_atp/master/atp_matches_2026.csv
js_d47255af4b642784,2026-03-18,Miami Masters,Hard,R128,Roberto Bautista Agut,James Duckworth,7-6(3) 7-6(4),7.216,2.062,69.072,73.134,46.667,7,9,50.867,32.895,2,5,126,27.632,2.632,55.263,80.952,50.0,3,5,49.133,35.052,2,9,https://raw.githubusercontent.com/JeffSackmann/tennis_atp/master/atp_matches_2026.csv
js_c7236dfcd6201e33,2026-03-18,Miami Masters,Hard,R128,Stefanos Tsitsipas,Arthur Fery,6-1 7-6(4),7.692,1.538,60.0,76.923,73.077,3,3,57.353,40.845,2,6,93,7.042,0.0,63.38,64.444,50.0,4,6,42.647,24.615,0,3,https://raw.githubusercontent.com/JeffSackmann/tennis_atp/master/atp_matches_2026.csv
js_9c8c36cfc8a87e59,2026-03-18,Miami Masters,Hard,R128,Terence Atmane,Daniel Altmaier,6-4 6-2,10.714,1.786,64.286,80.556,55.0,2,2,55.882,36.957,3,5,67,4.348,6.522,65.217,70.0,50.0,2,5,44.118,28.571,0,2,https://raw.githubusercontent.com/JeffSackmann/tennis_atp/master/atp_matches_2026.csv
js_062c09c0ff33d7e1,2026-03-18,Miami Masters,Hard,R128,Thiago Agustin Tirante,Valentin Royer,7-5 6-7(9) 7-6(5),12.821,2.564,70.94,75.904,55.882,4,6,51.341,36.111,3,15,204,4.861,2.083,65.972,69.474,53.061,12,15,48.659,29.915,2,6,https://raw.githubusercontent.com/JeffSackmann/tennis_atp/master/atp_matches_2026.csv
js_79ae698f43ebb64b,2026-03-18,Miami Masters,Hard,R128,Tomas Machac,Emilio Nava,2-6 6-4 6-1,7.576,4.545,65.152,72.093,56.522,0,2,51.37,38.75,4,9,91,5.0,3.75,65.0,63.462,57.143,5,9,48.63,33.333,2,2,https://raw.githubusercontent.com/JeffSackmann/tennis_atp/master/atp_matches_2026.csv
js_30e8dd8f90d24549,2026-03-18,Miami Masters,Hard,R128,Zizou Bergs,Jenson Brooksby,7-5 6-2,1.852,5.556,59.259,78.125,50.0,1,3,56.0,47.887,5,9,88,4.225,4.225,73.239,59.615,31.579,4,9,44.0,33.333,2,3,https://raw.githubusercontent.com/JeffSackmann/tennis_atp/master/atp_matches_2026.csv
js_0480ae6e7ebfc13a,2026-03-18,Miami Masters,Hard,R64,Alejandro Tabilo,Andrey Rublev,6-7(5) 6-2 6-4,13.043,5.435,69.565,76.562,57.143,0,0,51.064,32.292,3,7,126,15.625,4.167,68.75,83.333,33.333,4,7,48.936,29.348,0,0,https://raw.githubusercontent.com/JeffSackmann/tennis_atp/master/atp_matches_2026.csv
js_1ae7775edae17569,2026-03-18,Miami Masters,Hard,R64,Alex Michelsen,Cameron Norrie,7-5 6-7(4) 6-4,9.278,1.031,62.887,80.328,63.889,4,5,53.589,35.714,3,10,156,8.036,1.786,58.929,69.697,56.522,7,10,46.411,25.773,1,5,https://raw.githubusercontent.com/JeffSackmann/tennis_atp/master/atp_matches_2026.csv
js_948aeb0f716d5b07,2026-03-18,Miami Masters,Hard,R64,Alexander Shevchenko,Ben Shelton,6-7(3) 7-6(3) 6-3,9.91,1.802,64.865,79.167,64.103,5,5,51.429,26.263,1,2,142,17.172,2.02,68.687,80.882,58.065,1,2,48.571,26.126,0,5,https://raw.githubusercontent.com/JeffSackmann/tennis_atp/master/atp_matches_2026.csv
js_dae5ba96826eb87f,2026-03-18,Miami Masters,Hard,R64,Alexander Zverev,Martin Damm,6-2 6-4,10.256,0.0,61.538,91.667,93.333,0,0,62.626,43.333,3,8,69,8.333,10.0,60.0,61.111,50.0,5,8,37.374,7.692,0,0,https://raw.githubusercontent.com/JeffSackmann/tennis_atp/master/atp_matches_2026.csv
js_3fd3f246d3402bea,2026-03-18,Miami Masters,Hard,R64,Arthur Fils,Darwin Blanch,6-2 6-3,8.333,4.167,64.583,80.645,76.471,0,0,59.459,44.444,3,11,65,4.762,1.587,68.254,67.442,30.0,8,11,40.541,20.833,0,0,https://raw.githubusercontent.com/JeffSackmann/tennis_atp/master/atp_matches_2026.csv
js_41eb176aaa3ef160,2026-03-18,Miami Masters,Hard,R64,Carlos Alcaraz,Joao Fonseca,6-4 6-4,12.698,4.762,69.841,79.545,52.632,3,3,55.385,40.299,2,5,95,7.463,2.985,62.687,66.667,48.0,3,5,44.615,28.571,0,3,https://raw.githubusercontent.com/JeffSackmann/tennis_atp/master/atp_matches_2026.csv
js_5e41fcad2435a719,2026-03-18,Miami Masters,Hard,R64,Corentin Moutet,Tomas Machac,6-0 1-6 6-4,9.756,2.439,71.951,67.797,34.783,3,6,51.389,41.935,4,4,108,4.839,0.0,64.516,57.5,59.091,0,4,48.611,41.463,3,6,https://raw.githubusercontent.com/JeffSackmann/tennis_atp/master/atp_matches_2026.csv
js_9797cfbc887fc55c,2026-03-18,Miami Masters,Hard,R64,Daniil Medvedev,Rei Sakamoto,6-7(10) 6-3 6-1,9.574,4.255,69.149,81.538,51.724,6,6,56.15,39.785,4,9,124,6.452,2.151,55.914,67.308,51.22,5,9,43.85,27.66,0,6,https://raw.githubusercontent.com/JeffSackmann/tennis_atp/master/atp_matches_2026.csv
js_8f07945ae2889ad8,2026-03-18,Miami Masters,Hard,R64,Ethan Quinn,Casper Ruud,6-4 7-6(7),16.456,5.063,68.354,81.481,52.0,6,6,51.592,30.769,1,4,111,10.256,2.564,69.231,77.778,50.0,3,4,48.408,27.848,0,6,https://raw.githubusercontent.com/JeffSackmann/tennis_atp/master/atp_matches_2026.csv
js_21e1b2582db6d9cd,2026-03-18,Miami Masters,Hard,R64,Felix Auger Aliassime,Marton Fucsovics,7-6(3) 7-5,7.792,1.299,70.13,62.963,65.217,6,9,53.293,44.444,4,6,130,4.444,6.667,57.778,65.385,42.105,2,6,46.707,36.364,3,9,https://raw.githubusercontent.com/JeffSackmann/tennis_atp/master/atp_matches_2026.csv
js_c9350a5185e21639,2026-03-18,Miami Masters,Hard,R64,Frances Tiafoe,Arthur Cazaux,7-6(1) 6-1,7.812,0.0,68.75,72.727,65.0,4,5,57.258,43.333,3,7,91,11.667,3.333,65.0,66.667,38.095,4,7,42.742,29.688,1,5,https://raw.githubusercontent.com/JeffSackmann/tennis_atp/master/atp_matches_2026.csv
js_b62089d16560eae5,2026-03-18,Miami Masters,Hard,R64,Francisco Cerundolo,Thiago Agustin Tirante,6-4 6-2,1.923,7.692,53.846,64.286,62.5,0,2,56.604,50.0,5,7,84,9.259,1.852,59.259,56.25,40.909,2,7,43.396,36.538,2,2,https://raw.githubusercontent.com/JeffSackmann/tennis_atp/master/atp_matches_2026.csv
js_c3d75f4277f25962,2026-03-18,Miami Masters,Hard,R64,Jakub Mensik,Adam Walton,3-6 6-2 6-4,19.277,4.819,66.265,81.818,46.429,7,9,54.819,39.759,3,7,112,7.229,0.0,65.06,57.407,65.517,4,7,45.181,30.12,2,9,https://raw.githubusercontent.com/JeffSackmann/tennis_atp/master/atp_matches_2026.csv
js_60723e6abe757724,2026-03-18,Miami Masters,Hard,R64,Jannik Sinner,Damir Dzumhur,6-3 6-3,20.0,4.444,64.444,89.655,68.75,1,1,61.765,45.614,3,9,70,1.754,3.509,64.912,62.162,40.0,6,9,38.235,17.778,0,1,https://raw.githubusercontent.com/JeffSackmann/tennis_atp/master/atp_matches_2026.csv
js_162e39311e807ae8,2026-03-18,Miami Masters,Hard,R64,Jiri Lehecka,Moise Kouame,6-2 7-5,5.455,0.0,61.818,82.353,66.667,3,3,57.576,44.156,3,10,95,3.896,9.091,50.649,56.41,55.263,7,10,42.424,23.636,0,3,https://raw.githubusercontent.com/JeffSackmann/tennis_atp/master/atp_matches_2026.csv
js_8d99b0c1d76e882d,2026-03-18,Miami Masters,Hard,R64,Kamil Majchrzak,Learner Tien,6-2 4-6 6-2,8.451,0.0,76.056,74.074,52.941,3,5,54.839,42.857,5,13,101,11.905,7.143,57.143,66.667,44.444,8,13,45.161,30.986,2,5,https://raw.githubusercontent.com/JeffSackmann/tennis_atp/master/atp_matches_2026.csv
js_6592c8bdf5845394,2026-03-18,Miami Masters,Hard,R64,Karen Khachanov,Roberto Bautista Agut,6-3 6-3,11.538,0.0,69.231,75.0,68.75,0,0,57.0,39.583,3,6,73,6.25,0.0,64.583,70.968,41.176,3,6,43.0,26.923,0,0,https://raw.githubusercontent.com/JeffSackmann/tennis_atp/master/atp_matches_2026.csv
js_405c797bedd496f1,2026-03-18,Miami Masters,Hard,R64,Marin Cilic,Brandon Nakashima,2-6 6-4 7-6(7),19.355,1.075,62.366,79.31,51.429,5,7,49.735,31.25,1,2,144,12.5,0.0,70.833,77.941,46.429,1,2,50.265,31.183,2,7,https://raw.githubusercontent.com/JeffSackmann/tennis_atp/master/atp_matches_2026.csv
js_307ab5db197a3b35,2026-03-18,Miami Masters,Hard,R64,Martin Landaluce,Luciano Darderi,6-3 6-7(4) 6-4,8.163,4.082,62.245,78.689,54.054,3,5,53.03,37.0,4,8,143,10.0,2.0,72.0,75.0,32.143,4,8,46.97,30.612,2,5,https://raw.githubusercontent.com/JeffSackmann/tennis_atp/master/atp_matches_2026.csv
js_1efd81ed75d4bae9,2026-03-18,Miami Masters,Hard,R64,Matteo Berrettini,Alexander Bublik,6-4 6-4,23.611,1.389,62.5,75.556,55.556,6,6,52.206,34.375,2,7,88,7.812,4.688,64.062,75.61,47.826,5,7,47.794,31.944,0,6,https://raw.githubusercontent.com/JeffSackmann/tennis_atp/master/atp_matches_2026.csv
js_1dae9d580584ec98,2026-03-18,Miami Masters,Hard,R64,Quentin Halys,Alejandro Davidovich Fokina,7-6(8) 6-4,17.647,1.176,63.529,74.074,54.839,2,2,49.677,28.571,1,4,110,7.143,2.857,68.571,75.0,63.636,3,4,50.323,32.941,0,2,https://raw.githubusercontent.com/JeffSackmann/tennis_atp/master/atp_matches_2026.csv
js_7ef4ecc90f5b540c,2026-03-18,Miami Masters,Hard,R64,Rafael Jodar,Aleksandar Vukic,6-1 6-2,6.383,4.255,63.83,80.0,64.706,5,5,62.791,48.718,4,6,55,2.564,2.564,43.59,58.824,45.455,2,6,37.209,25.532,0,5,https://raw.githubusercontent.com/JeffSackmann/tennis_atp/master/atp_matches_2026.csv
js_aa6e935d94f9fa19,2026-03-18,Miami Masters,Hard,R64,Raphael Collignon,Flavio Cobolli,7-5 6-3,6.557,1.639,72.131,75.0,52.941,0,1,55.714,45.57,4,18,94,10.127,6.329,54.43,60.465,47.222,14,18,44.286,31.148,1,1,https://raw.githubusercontent.com/JeffSackmann/tennis_atp/master/atp_matches_2026.csv
js_6ad1c975bf949556,2026-03-18,Miami Masters,Hard,R64,Reilly Opelka,Jack Draper,7-6(3) 7-6(0),34.247,2.74,73.973,87.037,57.895,1,1,53.191,25.0,0,0,92,10.294,1.471,66.176,82.222,60.87,0,0,46.809,20.548,0,1,https://raw.githubusercontent.com/JeffSackmann/tennis_atp/master/atp_matches_2026.csv
js_16fe49d49d5e6881,2026-03-18,Miami Masters,Hard,R64,Sebastian Korda,Camilo Ugo Carabelli,6-0 6-3,16.667,2.381,64.286,85.185,60.0,0,0,62.626,52.632,4,10,68,1.754,3.509,52.632,56.667,37.037,6,10,37.374,23.81,0,0,https://raw.githubusercontent.com/JeffSackmann/tennis_atp/master/atp_matches_2026.csv
js_f2b11e1a5c61c621,2026-03-18,Miami Masters,Hard,R64,Stefanos Tsitsipas,Alex De Minaur,6-3 7-6(3),8.929,1.786,71.429,97.5,56.25,2,2,58.73,37.143,1,5,85,2.857,2.857,61.429,65.116,59.259,4,5,41.27,14.286,0,2,https://raw.githubusercontent.com/JeffSackmann/tennis_atp/master/atp_matches_2026.csv
js_10bfea1992db9a2c,2026-03-18,Miami Masters,Hard,R64,Taylor Fritz,Botic Van De Zandschulp,6-3 6-7(2) 6-3,20.0,2.222,64.444,82.759,59.375,2,2,54.054,34.737,2,7,122,10.526,1.053,55.789,83.019,42.857,5,7,45.946,25.556,0,2,https://raw.githubusercontent.com/JeffSackmann/tennis_atp/master/atp_matches_2026.csv
js_8f399c31de3dabf4,2026-03-18,Miami Masters,Hard,R64,Terence Atmane,Arthur Rinderknech,7-6(4) 6-3,12.698,0.0,63.492,90.0,65.217,0,0,55.039,30.303,1,4,91,12.121,1.515,66.667,79.545,50.0,3,4,44.961,19.048,0,0,https://raw.githubusercontent.com/JeffSackmann/tennis_atp/master/atp_matches_2026.csv
js_f09b43b5375e437c,2026-03-18,Miami Masters,Hard,R64,Tomas Martin Etcheverry,Zizou Bergs,7-6(5) 7-6(3),8.235,2.353,63.529,74.074,64.516,4,5,52.747,37.113,1,11,157,12.371,9.278,57.732,73.214,48.78,10,11,47.253,29.412,1,5,https://raw.githubusercontent.com/JeffSackmann/tennis_atp/master/atp_matches_2026.csv
js_d6c6a973851f1dab,2026-03-18,Miami Masters,Hard,R64,Tommy Paul,Adrian Mannarino,6-2 2-6 6-4,8.955,2.985,61.194,75.61,57.692,0,3,52.597,40.23,4,7,127,4.598,2.299,64.368,60.714,58.065,3,7,47.403,31.343,3,3,https://raw.githubusercontent.com/JeffSackmann/tennis_atp/master/atp_matches_2026.csv
js_bd415ee921bddfe3,2026-03-18,Miami Masters,Hard,R64,Ugo Humbert,Gabriel Diallo,6-1 6-4,6.383,2.128,61.702,82.759,66.667,0,0,61.053,45.833,3,8,68,8.333,4.167,70.833,58.824,42.857,5,8,38.947,23.404,0,0,https://raw.githubusercontent.com/JeffSackmann/tennis_atp/master/atp_matches_2026.csv
js_c31c56a103b6e27d,2026-03-18,Miami Masters,Hard,R64,Valentin Vacherot,Mariano Navone,6-3 6-4,14.754,3.279,65.574,85.0,57.143,5,5,57.143,37.931,2,3,84,1.724,3.448,72.414,73.81,31.25,1,3,42.857,24.59,0,5,https://raw.githubusercontent.com/JeffSackmann/tennis_atp/master/atp_matches_2026.csv
js_40f3d0a932bc83ee,2026-03-18,Miami Masters,Hard,R32,Alex Michelsen,Alejandro Tabilo,3-6 6-3 6-4,13.636,0.0,59.091,82.692,55.556,8,9,52.841,34.091,2,9,119,7.955,4.545,59.091,71.154,58.333,7,9,47.159,28.409,1,9,https://raw.githubusercontent.com/JeffSackmann/tennis_atp/master/atp_matches_2026.csv
js_e0180739066e8199,2026-03-18,Miami Masters,Hard,R32,Alexander Zverev,Marin Cilic,6-2 5-7 6-4,23.75,2.5,68.75,89.091,48.0,2,3,54.359,39.13,3,13,157,11.304,2.609,56.522,73.846,44.0,10,13,45.641,23.75,1,3,https://raw.githubusercontent.com/JeffSackmann/tennis_atp/master/atp_matches_2026.csv
js_89100723151dfba9,2026-03-18,Miami Masters,Hard,R32,Arthur Fils,Stefanos Tsitsipas,6-0 6-1,6.452,3.226,58.065,88.889,69.231,2,2,68.831,60.87,6,10,55,2.174,6.522,50.0,52.174,26.087,4,10,31.169,19.355,0,2,https://raw.githubusercontent.com/JeffSackmann/tennis_atp/master/atp_matches_2026.csv
js_94c7b073f5c2d949,2026-03-18,Miami Masters,Hard,R32,Frances Tiafoe,Jakub Mensik,7-6(4) 4-6 7-6(11),4.839,2.419,60.484,78.667,59.184,4,5,48.918,23.364,0,2,171,20.561,3.738,72.897,83.333,58.621,2,2,51.082,29.032,1,5,https://raw.githubusercontent.com/JeffSackmann/tennis_atp/master/atp_matches_2026.csv
js_5add20142c68fca3,2026-03-18,Miami Masters,Hard,R32,Francisco Cerundolo,Daniil Medvedev,6-0 4-6 7-5,1.064,0.0,68.085,57.812,60.0,4,8,53.804,48.889,7,12,137,4.444,5.556,62.222,57.143,41.176,5,12,46.196,41.489,4,8,https://raw.githubusercontent.com/JeffSackmann/tennis_atp/master/atp_matches_2026.csv
js_1c1fad8465356af4,2026-03-18,Miami Masters,Hard,R32,Jannik Sinner,Corentin Moutet,6-1 6-4,14.583,0.0,79.167,86.842,50.0,1,1,61.165,45.455,3,6,71,1.818,1.818,81.818,53.333,60.0,3,6,38.835,20.833,0,1,https://raw.githubusercontent.com/JeffSackmann/tennis_atp/master/atp_matches_2026.csv
js_ae5aa7d91fb242c5,2026-03-18,Miami Masters,Hard,R32,Jiri Lehecka,Ethan Quinn,6-3 7-6(6),15.625,0.0,65.625,80.952,68.182,0,0,54.198,32.836,1,8,93,8.955,2.985,67.164,68.889,63.636,7,8,45.802,23.438,0,0,https://raw.githubusercontent.com/JeffSackmann/tennis_atp/master/atp_matches_2026.csv
js_7348b9dfbc0f741e,2026-03-18,Miami Masters,Hard,R32,Martin Landaluce,Karen Khachanov,6-3 7-6(2),4.918,8.197,52.459,78.125,58.621,1,3,54.4,40.625,4,8,93,12.5,4.688,65.625,71.429,36.364,4,8,45.6,31.148,2,3,https://raw.githubusercontent.com/JeffSackmann/tennis_atp/master/atp_matches_2026.csv
js_7e347d6f593cc375,2026-03-18,Miami Masters,Hard,R32,Quentin Halys,Kamil Majchrzak,7-6(4) 6-1,28.302,0.0,67.925,88.889,64.706,1,2,60.0,44.444,3,8,78,4.167,2.778,58.333,69.048,36.667,5,8,40.0,18.868,1,2,https://raw.githubusercontent.com/JeffSackmann/tennis_atp/master/atp_matches_2026.csv
js_c2370b3543aa8409,2026-03-18,Miami Masters,Hard,R32,Sebastian Korda,Carlos Alcaraz,6-3 5-7 6-4,11.538,0.0,69.231,69.444,46.875,3,5,51.01,38.298,3,5,138,2.128,2.128,67.021,71.429,41.935,2,5,48.99,37.5,2,5,https://raw.githubusercontent.com/JeffSackmann/tennis_atp/master/atp_matches_2026.csv
js_472156eeec828393,2026-03-18,Miami Masters,Hard,R32,Taylor Fritz,Reilly Opelka,6-3 6-4,8.696,0.0,67.391,93.548,73.333,0,0,59.434,38.333,2,8,63,16.667,0.0,71.667,69.767,41.176,6,8,40.566,13.043,0,0,https://raw.githubusercontent.com/JeffSackmann/tennis_atp/master/atp_matches_2026.csv
js_446e85d6a4cdbbea,2026-03-18,Miami Masters,Hard,R32,Terence Atmane,Felix Auger Aliassime,6-3 1-6 6-3,3.659,2.439,67.073,74.545,48.148,4,6,50.34,30.769,2,3,113,16.923,6.154,70.769,71.739,63.158,1,3,49.66,34.146,2,6,https://raw.githubusercontent.com/JeffSackmann/tennis_atp/master/atp_matches_2026.csv
js_d38a5c5e29a58ac0,2026-03-18,Miami Masters,Hard,R32,Tomas Martin Etcheverry,Rafael Jodar,7-5 6-4,4.545,3.03,75.758,76.0,56.25,1,1,52.632,34.328,2,6,110,11.94,1.493,62.687,71.429,56.0,4,6,47.368,28.788,0,1,https://raw.githubusercontent.com/JeffSackmann/tennis_atp/master/atp_matches_2026.csv
js_cf0fe03c05a3f43e,2026-03-18,Miami Masters,Hard,R32,Tommy Paul,Raphael Collignon,6-2 3-6 7-6(5),6.25,2.5,61.25,71.429,61.29,0,3,51.111,38.0,4,10,140,8.0,6.0,68.0,72.059,40.625,6,10,48.889,32.5,3,3,https://raw.githubusercontent.com/JeffSackmann/tennis_atp/master/atp_matches_2026.csv
js_d978e0218c64c45b,2026-03-18,Miami Masters,Hard,R32,Ugo Humbert,Alexander Shevchenko,6-4 7-6(2),25.926,0.0,66.667,97.222,66.667,0,1,57.851,34.328,2,4,81,5.97,2.985,61.194,70.732,57.692,2,4,42.149,12.963,1,1,https://raw.githubusercontent.com/JeffSackmann/tennis_atp/master/atp_matches_2026.csv
js_921276f86eac0271,2026-03-18,Miami Masters,Hard,R32,Valentin Vacherot,Matteo Berrettini,7-6(5) 6-4,6.452,3.226,59.677,86.486,68.0,1,2,54.545,28.814,2,2,91,10.169,3.39,67.797,82.5,47.368,0,2,45.455,20.968,1,2,https://raw.githubusercontent.com/JeffSackmann/tennis_atp/master/atp_matches_2026.csv
js_75984ca039e26516,2026-03-18,Miami Masters,Hard,R16,Alexander Zverev,Quentin Halys,7-6(4) 7-6(1),21.053,1.316,64.474,87.755,51.852,0,0,52.469,32.558,0,6,104,13.953,2.326,69.767,73.333,53.846,6,6,47.531,25.0,0,0,https://raw.githubusercontent.com/JeffSackmann/tennis_atp/master/atp_matches_2026.csv
js_b428219e4acccc35,2026-03-18,Miami Masters,Hard,R16,Arthur Fils,Valentin Vacherot,6-4 6-7(4) 6-4,11.702,3.191,63.83,81.667,67.647,3,3,51.813,28.283,2,3,133,19.192,5.051,66.667,84.848,45.455,1,3,48.187,23.404,0,3,https://raw.githubusercontent.com/JeffSackmann/tennis_atp/master/atp_matches_2026.csv
js_8af367f6a40d6d76,2026-03-18,Miami Masters,Hard,R16,Frances Tiafoe,Terence Atmane,6-4 1-6 6-4,7.792,1.299,64.935,76.0,44.444,6,8,48.408,32.5,2,6,112,10.0,3.75,63.75,76.471,51.724,4,6,51.592,35.065,2,8,https://raw.githubusercontent.com/JeffSackmann/tennis_atp/master/atp_matches_2026.csv
js_9e72b2c70131bee6,2026-03-18,Miami Masters,Hard,R16,Francisco Cerundolo,Ugo Humbert,6-4 6-3,5.882,1.961,68.627,88.571,43.75,2,2,56.075,39.286,3,4,76,3.571,3.571,64.286,69.444,45.0,1,4,43.925,25.49,0,2,https://raw.githubusercontent.com/JeffSackmann/tennis_atp/master/atp_matches_2026.csv
js_2fd74322bbed7fc9,2026-03-18,Miami Masters,Hard,R16,Jannik Sinner,Alex Michelsen,7-5 7-6(4),23.438,0.0,65.625,90.476,50.0,1,2,53.383,31.884,2,7,101,4.348,2.899,69.565,77.083,47.619,5,7,46.617,23.438,1,2,https://raw.githubusercontent.com/JeffSackmann/tennis_atp/master/atp_matches_2026.csv
js_8fc4817751c672b5,2026-03-18,Miami Masters,Hard,R16,Jiri Lehecka,Taylor Fritz,6-4 6-7(4) 6-2,9.804,0.0,66.667,75.0,58.824,5,5,51.0,31.633,3,10,145,8.163,2.041,66.327,72.308,60.606,7,10,49.0,30.392,0,5,https://raw.githubusercontent.com/JeffSackmann/tennis_atp/master/atp_matches_2026.csv
js_fc9da55ac04837e7,2026-03-18,Miami Masters,Hard,R16,Martin Landaluce,Sebastian Korda,2-6 7-6(6) 6-4,4.04,7.071,66.667,77.273,39.394,2,5,49.198,31.818,2,2,147,12.5,4.545,59.091,82.692,47.222,0,2,50.802,35.354,3,5,https://raw.githubusercontent.com/JeffSackmann/tennis_atp/master/atp_matches_2026.csv
js_8df5a0eb367464c4,2026-03-18,Miami Masters,Hard,R16,Tommy Paul,Tomas Martin Etcheverry,6-1 6-3,8.889,0.0,68.889,83.871,71.429,1,1,61.702,44.898,4,5,74,16.327,2.041,63.265,64.516,38.889,1,5,38.298,20.0,0,1,https://raw.githubusercontent.com/JeffSackmann/tennis_atp/master/atp_matches_2026.csv
js_fe8042c0d0476751,2026-03-18,Miami Masters,Hard,QF,Alexander Zverev,Francisco Cerundolo,6-1 6-2,9.524,2.381,76.19,84.375,70.0,0,0,63.636,47.826,4,7,65,4.348,0.0,56.522,65.385,35.0,3,7,36.364,19.048,0,0,https://raw.githubusercontent.com/JeffSackmann/tennis_atp/master/atp_matches_2026.csv
js_01c52044d910f6b0,2026-03-18,Miami Masters,Hard,QF,Arthur Fils,Tommy Paul,6-7(3) 7-6(4) 7-6(6),8.403,1.681,69.748,78.313,69.444,6,6,49.782,21.818,0,1,167,5.455,0.0,62.727,84.058,68.293,1,1,50.218,24.37,0,6,https://raw.githubusercontent.com/JeffSackmann/tennis_atp/master/atp_matches_2026.csv
js_66f87c74f67be978,2026-03-18,Miami Masters,Hard,QF,Jannik Sinner,Frances Tiafoe,6-2 6-2,32.558,2.326,69.767,83.333,69.231,0,0,63.542,50.943,4,7,71,7.547,1.887,67.925,52.778,41.176,3,7,36.458,20.93,0,0,https://raw.githubusercontent.com/JeffSackmann/tennis_atp/master/atp_matches_2026.csv
js_3fba8c918de50e76,2026-03-18,Miami Masters,Hard,QF,Jiri Lehecka,Martin Landaluce,7-6(1) 7-5,10.959,2.74,64.384,85.106,57.692,1,1,53.049,35.165,1,10,122,6.593,3.297,61.538,69.643,57.143,9,10,46.951,24.658,0,1,https://raw.githubusercontent.com/JeffSackmann/tennis_atp/master/atp_matches_2026.csv
js_329c7dd161ee51e3,2026-03-18,Miami Masters,Hard,SF,Jannik Sinner,Alexander Zverev,6-3 7-6(4),19.481,0.0,74.026,78.947,50.0,2,2,51.429,26.984,1,4,113,7.937,1.587,71.429,75.556,66.667,3,4,48.571,28.571,0,2,https://raw.githubusercontent.com/JeffSackmann/tennis_atp/master/atp_matches_2026.csv
js_0ac36d873a65d9c8,2026-03-18,Miami Masters,Hard,SF,Jiri Lehecka,Arthur Fils,6-2 6-2,13.333,0.0,73.333,81.818,50.0,0,0,58.879,48.387,4,10,75,6.452,4.839,66.129,60.976,33.333,6,10,41.121,26.667,0,0,https://raw.githubusercontent.com/JeffSackmann/tennis_atp/master/atp_matches_2026.csv
js_19924242f3e63d51,2026-03-18,Miami Masters,Hard,F,Jannik Sinner,Jiri Lehecka,6-4 6-4,18.182,1.818,65.455,91.667,47.368,3,3,54.545,38.961,2,11,93,6.494,0.0,67.532,71.154,40.0,9,11,45.455,23.636,0,3,https://raw.githubusercontent.com/JeffSackmann/tennis_atp/master/atp_matches_2026.csv
js_87be32c2040f96d3,2026-03-30,Bucharest,Clay,R32,Alex Molcan,Matteo Arnaldi,6-3 6-1,14.286,2.381,71.429,80.0,58.333,2,3,61.765,53.333,5,8,72,3.333,3.333,58.333,57.143,32.0,3,8,38.235,26.19,1,3,https://raw.githubusercontent.com/JeffSackmann/tennis_atp/master/atp_matches_2026.csv
js_04605b0b1fca5d89,2026-03-30,Bucharest,Clay,R32,Alexander Shevchenko,Radu David Turcanu,6-2 6-4,3.922,0.0,64.706,69.697,72.222,1,2,58.678,50.0,4,9,74,2.857,10.0,47.143,63.636,37.838,5,9,41.322,29.412,1,2,https://raw.githubusercontent.com/JeffSackmann/tennis_atp/master/atp_matches_2026.csv
js_33caa09b1682fd93,2026-03-30,Bucharest,Clay,R32,Botic Van De Zandschulp,Francesco Maestrelli,6-3 6-2,3.636,5.455,65.455,75.0,52.632,4,5,58.333,46.341,4,4,70,2.439,2.439,82.927,61.765,14.286,0,4,41.667,32.727,1,5,https://raw.githubusercontent.com/JeffSackmann/tennis_atp/master/atp_matches_2026.csv
js_1a0dffa50c80a50e,2026-03-30,Bucharest,Clay,R32,Damir Dzumhur,Filip Cristian Jianu,6-3 4-6 7-6(4),0.0,4.494,68.539,68.852,53.571,1,5,52.381,43.802,5,16,161,0.0,0.0,66.116,63.75,41.463,11,16,47.619,35.955,4,5,https://raw.githubusercontent.com/JeffSackmann/tennis_atp/master/atp_matches_2026.csv
js_2722ad45a7e1a6de,2026-03-30,Bucharest,Clay,R32,Daniel Altmaier,Pedro Martinez,6-1 6-4,5.882,0.0,64.706,84.848,66.667,2,2,61.321,45.455,3,9,96,1.818,0.0,72.727,62.5,33.333,6,9,38.679,21.569,0,2,https://raw.githubusercontent.com/JeffSackmann/tennis_atp/master/atp_matches_2026.csv
js_ca8610053d10462a,2026-03-30,Bucharest,Clay,R32,Daniel Merida Aguilar,Otto Virtanen,7-6(4) 5-7 7-5,3.101,3.101,61.24,63.291,46.0,7,13,50.382,44.361,6,17,171,5.263,3.759,57.895,61.039,48.214,11,17,49.618,43.411,6,13,https://raw.githubusercontent.com/JeffSackmann/tennis_atp/master/atp_matches_2026.csv
js_b1bc4114c7fee015,2026-03-30,Bucharest,Clay,R32,Dino Prizmic,Nikoloz Basilashvili,6-4 6-2,16.279,0.0,65.116,82.143,80.0,1,2,60.87,48.611,4,8,89,8.333,5.556,45.833,78.788,28.205,4,8,39.13,18.605,1,2,https://raw.githubusercontent.com/JeffSackmann/tennis_atp/master/atp_matches_2026.csv
js_1cdc7d0820815850,2026-03-30,Bucharest,Clay,R32,Elmer Moller,Gabi Adrian Boitan,6-3 7-5,2.857,2.857,67.143,74.468,47.826,4,6,56.835,47.826,4,14,100,4.348,10.145,66.667,65.217,26.087,10,14,43.165,34.286,2,6,https://raw.githubusercontent.com/JeffSackmann/tennis_atp/master/atp_matches_2026.csv
js_036f003fb5d0d33e,2026-03-30,Bucharest,Clay,R32,Mariano Navone,Christopher Oconnell,6-4 7-6(8),0.0,6.024,71.084,67.797,33.333,5,8,52.703,46.154,4,5,120,3.077,1.538,60.0,64.103,38.462,1,5,47.297,42.169,3,8,https://raw.githubusercontent.com/JeffSackmann/tennis_atp/master/atp_matches_2026.csv
js_be4977c12fa8e155,2026-03-30,Bucharest,Clay,R32,Sebastian Baez,Vilius Gaubas,6-3 6-1,2.74,2.74,69.863,68.627,50.0,5,5,57.143,46.154,4,5,79,0.0,0.0,71.795,53.571,54.545,1,5,42.857,36.986,0,5,https://raw.githubusercontent.com/JeffSackmann/tennis_atp/master/atp_matches_2026.csv
js_6c2271586ec66ebe,2026-03-30,Bucharest,Clay,R32,Stefanos Sakellaridis,Jan Choinski,6-3 6-4,14.062,1.562,67.188,74.419,47.619,3,4,53.571,37.5,3,4,85,2.083,0.0,58.333,71.429,50.0,1,4,46.429,34.375,1,4,https://raw.githubusercontent.com/JeffSackmann/tennis_atp/master/atp_matches_2026.csv
js_8064b71aa9daaa21,2026-03-30,Bucharest,Clay,R32,Titouan Droguet,Roberto Bautista Agut,6-1 1-6 6-1,11.594,2.899,63.768,70.455,56.0,2,4,55.556,45.455,4,8,100,0.0,4.545,65.152,55.814,52.174,4,8,44.444,34.783,2,4,https://raw.githubusercontent.com/JeffSackmann/tennis_atp/master/atp_matches_2026.csv
js_0809ca1eeda921c7,2026-03-30,Bucharest,Clay,R16,Alex Molcan,Gabriel Diallo,6-2 6-2,3.636,7.273,54.545,83.333,40.0,6,7,58.036,52.632,5,13,87,3.509,1.754,61.404,48.571,45.455,8,13,41.964,36.364,1,7,https://raw.githubusercontent.com/JeffSackmann/tennis_atp/master/atp_matches_2026.csv
js_f678b9b92d61fd6a,2026-03-30,Bucharest,Clay,R16,Botic Van De Zandschulp,Alexander Shevchenko,7-5 6-1,10.0,8.333,68.333,70.732,26.316,2,4,55.932,55.172,6,9,85,1.724,0.0,56.897,48.485,40.0,3,9,44.068,43.333,2,4,https://raw.githubusercontent.com/JeffSackmann/tennis_atp/master/atp_matches_2026.csv
js_bd0e8bec803a987a,2026-03-30,Bucharest,Clay,R16,Damir Dzumhur,Nuno Borges,7-6(1) 6-4,1.429,0.0,75.714,54.717,58.824,1,6,55.245,54.795,6,10,101,2.74,1.37,54.795,55.0,33.333,4,10,44.755,44.286,5,6,https://raw.githubusercontent.com/JeffSackmann/tennis_atp/master/atp_matches_2026.csv
js_de11a409ecd808fd,2026-03-30,Bucharest,Clay,R16,Daniel Altmaier,Dino Prizmic,3-6 7-6(1) 7-6(7),0.909,1.818,69.091,68.421,52.941,0,3,49.107,35.088,2,8,198,0.0,2.632,62.281,66.197,62.791,6,8,50.893,36.364,3,3,https://raw.githubusercontent.com/JeffSackmann/tennis_atp/master/atp_matches_2026.csv
js_1843949d33ece934,2026-03-30,Bucharest,Clay,R16,Daniel Merida Aguilar,Adrian Mannarino,4-6 6-2 6-2,5.556,2.222,71.111,68.75,42.308,7,10,56.774,50.769,6,8,113,3.077,3.077,73.846,56.25,29.412,2,8,43.226,38.889,3,10,https://raw.githubusercontent.com/JeffSackmann/tennis_atp/master/atp_matches_2026.csv
js_c7b66e5c824d2eb4,2026-03-30,Bucharest,Clay,R16,Fabian Marozsan,Stefanos Sakellaridis,7-6(3) 7-5,2.564,3.846,70.513,67.273,52.174,2,5,53.02,42.254,4,6,107,7.042,1.408,59.155,64.286,48.276,2,6,46.98,37.179,3,5,https://raw.githubusercontent.com/JeffSackmann/tennis_atp/master/atp_matches_2026.csv
js_5f7a85607cb3784c,2026-03-30,Bucharest,Clay,R16,Mariano Navone,Elmer Moller,6-2 6-1,0.0,2.381,73.81,67.742,63.636,3,4,63.83,61.538,6,11,78,0.0,3.846,61.538,46.875,25.0,5,11,36.17,33.333,1,4,https://raw.githubusercontent.com/JeffSackmann/tennis_atp/master/atp_matches_2026.csv
js_ce0405b3eb1aca8d,2026-03-30,Bucharest,Clay,R16,Titouan Droguet,Sebastian Baez,6-4 6-4,4.615,0.0,58.462,63.158,62.963,1,3,53.913,42.0,4,6,85,2.0,0.0,78.0,61.538,45.455,2,6,46.087,36.923,2,3,https://raw.githubusercontent.com/JeffSackmann/tennis_atp/master/atp_matches_2026.csv
js_0ff83d36f4131b04,2026-03-30,Bucharest,Clay,QF,Botic Van De Zandschulp,Damir Dzumhur,6-3 6-3,3.125,1.562,60.938,64.103,72.0,6,7,59.35,50.847,4,12,87,0.0,1.695,59.322,54.286,41.667,8,12,40.65,32.812,1,7,https://raw.githubusercontent.com/JeffSackmann/tennis_atp/master/atp_matches_2026.csv
js_32b58063f4e11b43,2026-03-30,Bucharest,Clay,QF,Daniel Merida Aguilar,Titouan Droguet,4-6 7-6(7) 3-1 RET,1.02,0.0,86.735,65.882,30.769,9,11,50.0,36.25,2,5,126,2.5,2.5,65.0,69.231,53.571,3,5,50.0,38.776,2,11,https://raw.githubusercontent.com/JeffSackmann/tennis_atp/master/atp_matches_2026.csv
js_75aecb828a7bab5f,2026-03-30,Bucharest,Clay,QF,Fabian Marozsan,Daniel Altmaier,6-2 7-6(5),2.326,1.163,68.605,62.712,59.259,7,8,52.349,39.683,3,5,119,1.587,1.587,69.841,65.909,47.368,2,5,47.651,38.372,1,8,https://raw.githubusercontent.com/JeffSackmann/tennis_atp/master/atp_matches_2026.csv
js_1a473d3f3ba021f7,2026-03-30,Bucharest,Clay,QF,Mariano Navone,Alex Molcan,3-6 6-2 6-3,1.266,0.0,73.418,63.793,47.619,4,8,54.037,48.78,6,12,138,1.22,2.439,69.512,50.877,52.0,6,12,45.963,40.506,4,8,https://raw.githubusercontent.com/JeffSackmann/tennis_atp/master/atp_matches_2026.csv
js_d7e209e5a7f8afcf,2026-03-30,Bucharest,Clay,SF,Daniel Merida Aguilar,Fabian Marozsan,6-7(4) 6-3 6-1,2.5,0.0,76.667,65.217,60.714,17,18,52.941,36.905,5,12,128,0.0,4.762,66.667,64.286,60.714,7,12,47.059,35.833,1,18,https://raw.githubusercontent.com/JeffSackmann/tennis_atp/master/atp_matches_2026.csv
js_67a940e57b8cf7b0,2026-03-30,Bucharest,Clay,SF,Mariano Navone,Botic Van De Zandschulp,5-7 7-6(3) 7-5,0.0,1.46,81.752,59.821,48.0,8,14,50.397,41.739,6,13,211,0.0,1.739,66.087,60.526,53.846,7,13,49.603,42.336,6,14,https://raw.githubusercontent.com/JeffSackmann/tennis_atp/master/atp_matches_2026.csv
js_68f1c611383f6300,2026-03-30,Bucharest,Clay,F,Mariano Navone,Daniel Merida Aguilar,6-2 4-6 7-5,0.0,2.381,75.0,63.492,33.333,2,8,53.801,51.724,8,14,137,0.0,2.299,68.966,51.667,40.741,6,14,46.199,44.048,6,8,https://raw.githubusercontent.com/JeffSackmann/tennis_atp/master/atp_matches_2026.csv
js_d38e737d2a34dafc,2026-03-30,Houston,Clay,R32,Adolfo Daniel Vallejo,Zachary Svajda,6-1 6-4,13.333,0.0,73.333,78.788,66.667,0,1,59.77,42.857,4,6,61,2.381,0.0,47.619,60.0,54.545,2,6,40.23,24.444,1,1,https://raw.githubusercontent.com/JeffSackmann/tennis_atp/master/atp_matches_2026.csv
js_9557b0b40b4e1d62,2026-03-30,Houston,Clay,R32,Alex Bolt,Yibing Wu,7-6(6) 6-2,7.246,2.899,56.522,79.487,60.0,7,8,55.556,36.842,3,6,88,8.772,5.263,63.158,69.444,52.381,3,6,44.444,28.986,1,8,https://raw.githubusercontent.com/JeffSackmann/tennis_atp/master/atp_matches_2026.csv
js_742b2fd8fcde8c4a,2026-03-30,Houston,Clay,R32,Alex Michelsen,Coleman Wong,6-4 6-2,3.922,3.922,58.824,76.667,71.429,3,3,57.627,44.776,3,12,85,7.463,2.985,56.716,60.526,48.276,9,12,42.373,25.49,0,3,https://raw.githubusercontent.com/JeffSackmann/tennis_atp/master/atp_matches_2026.csv
js_f8b05bc9b809bee9,2026-03-30,Houston,Clay,R32,Alexei Popyrin,Patrick Kypson,4-6 6-4 6-3,20.482,2.41,59.036,83.673,55.882,2,3,52.795,32.051,2,6,127,0.0,0.0,65.385,70.588,62.963,4,6,47.205,27.711,1,3,https://raw.githubusercontent.com/JeffSackmann/tennis_atp/master/atp_matches_2026.csv
js_0682bdfe53366114,2026-03-30,Houston,Clay,R32,Brandon Nakashima,Martin Damm,7-6(0) 6-2,15.0,6.667,53.333,84.375,50.0,0,2,57.6,47.692,4,9,91,12.308,10.769,61.538,65.0,32.0,5,9,42.4,31.667,2,2,https://raw.githubusercontent.com/JeffSackmann/tennis_atp/master/atp_matches_2026.csv
js_e0f88a56839bfcdb,2026-03-30,Houston,Clay,R32,Mackenzie Mcdonald,Jenson Brooksby,6-4 6-2,1.667,0.0,68.333,70.732,68.421,4,4,57.025,44.262,3,5,79,1.639,0.0,73.77,62.222,37.5,2,5,42.975,30.0,0,4,https://raw.githubusercontent.com/JeffSackmann/tennis_atp/master/atp_matches_2026.csv
js_286c5b2d662dd6e3,2026-03-30,Houston,Clay,R32,Nishesh Basavareddy,Liam Draxl,6-3 2-6 6-4,4.301,5.376,51.613,72.917,51.111,5,8,51.163,37.975,3,4,146,13.924,1.266,75.949,70.0,36.842,1,4,48.837,37.634,3,8,https://raw.githubusercontent.com/JeffSackmann/tennis_atp/master/atp_matches_2026.csv
js_c6576b8b4f1b9289,2026-03-30,Houston,Clay,R32,Rinky Hijikata,Aleksandar Kovacevic,6-4 6-2,12.281,3.509,64.912,78.378,55.0,2,2,56.897,44.068,3,6,82,5.085,13.559,44.068,61.538,51.515,3,6,43.103,29.825,0,2,https://raw.githubusercontent.com/JeffSackmann/tennis_atp/master/atp_matches_2026.csv
js_8b3b949d104eeb1e,2026-03-30,Houston,Clay,R32,Roman Andres Burruchaga,Adam Walton,6-2 6-3,1.587,0.0,69.841,75.0,42.105,5,6,60.714,55.102,4,8,85,4.082,0.0,59.184,41.379,50.0,4,8,39.286,34.921,1,6,https://raw.githubusercontent.com/JeffSackmann/tennis_atp/master/atp_matches_2026.csv
js_aac982916675b812,2026-03-30,Houston,Clay,R32,Thiago Agustin Tirante,Colton Smith,6-0 6-3,5.128,0.0,51.282,85.0,78.947,0,0,63.636,48.98,4,9,71,4.082,4.082,57.143,46.429,57.143,5,9,36.364,17.949,0,0,https://raw.githubusercontent.com/JeffSackmann/tennis_atp/master/atp_matches_2026.csv
js_52dc6bf03dbfa805,2026-03-30,Houston,Clay,R32,Tomas Martin Etcheverry,Federico Agustin Gomez,1-6 6-1 6-4,3.175,6.349,60.317,78.947,56.0,3,5,53.906,38.462,3,4,117,3.077,3.077,72.308,68.085,44.444,1,4,46.094,30.159,2,5,https://raw.githubusercontent.com/JeffSackmann/tennis_atp/master/atp_matches_2026.csv
js_c6d753f052df0c83,2026-03-30,Houston,Clay,R32,Zhizhen Zhang,Jack Pinnington Jones,6-1 6-3,11.364,0.0,52.273,82.609,66.667,1,1,61.628,47.619,4,5,63,7.143,7.143,71.429,60.0,33.333,1,5,38.372,25.0,0,1,https://raw.githubusercontent.com/JeffSackmann/tennis_atp/master/atp_matches_2026.csv
js_dafbd6f7216b96d6,2026-03-30,Houston,Clay,R16,Alexei Popyrin,Alex Michelsen,6-0 4-6 6-1,12.5,2.778,59.722,74.419,55.172,3,5,58.824,50.0,6,8,102,1.562,3.125,60.938,56.41,40.0,2,8,41.176,33.333,2,5,https://raw.githubusercontent.com/JeffSackmann/tennis_atp/master/atp_matches_2026.csv
js_2301a183243be76a,2026-03-30,Houston,Clay,R16,Ben Shelton,Zhizhen Zhang,7-6(5) 7-6(3),24.706,2.353,71.765,73.77,75.0,1,1,51.497,28.049,0,1,113,14.634,3.659,58.537,83.333,55.882,1,1,48.503,25.882,0,1,https://raw.githubusercontent.com/JeffSackmann/tennis_atp/master/atp_matches_2026.csv
js_1fe2cc49acf3633d,2026-03-30,Houston,Clay,R16,Frances Tiafoe,Rinky Hijikata,6-4 3-6 6-2,12.766,1.064,59.574,78.571,42.105,6,8,52.717,41.111,4,8,148,1.111,2.222,63.333,59.649,57.576,4,8,47.283,36.17,2,8,https://raw.githubusercontent.com/JeffSackmann/tennis_atp/master/atp_matches_2026.csv
js_0926c5d3dbbf74f8,2026-03-30,Houston,Clay,R16,Learner Tien,Nishesh Basavareddy,6-3 3-6 6-1,8.974,3.846,61.538,79.167,53.333,6,7,53.939,40.23,3,15,120,4.598,9.195,49.425,67.442,52.273,12,15,46.061,30.769,1,7,https://raw.githubusercontent.com/JeffSackmann/tennis_atp/master/atp_matches_2026.csv
js_11e1778997618b7f,2026-03-30,Houston,Clay,R16,Roman Andres Burruchaga,Brandon Nakashima,6-4 2-6 6-4,6.667,1.333,65.333,71.429,50.0,4,8,50.327,37.179,4,5,127,1.282,0.0,61.538,70.833,50.0,1,5,49.673,36.0,4,8,https://raw.githubusercontent.com/JeffSackmann/tennis_atp/master/atp_matches_2026.csv
js_2883a4d270dd0106,2026-03-30,Houston,Clay,R16,Thiago Agustin Tirante,Mackenzie Mcdonald,6-2 6-0,8.696,4.348,67.391,74.194,66.667,4,4,64.948,58.824,5,8,67,0.0,1.961,62.745,34.375,52.632,3,8,35.052,28.261,0,4,https://raw.githubusercontent.com/JeffSackmann/tennis_atp/master/atp_matches_2026.csv
js_bca55191481e9b57,2026-03-30,Houston,Clay,R16,Tomas Martin Etcheverry,Alex Bolt,6-7(5) 6-0 6-3,5.063,1.266,73.418,77.586,61.905,2,4,58.491,43.75,6,12,132,6.25,3.75,57.5,63.043,47.059,6,12,41.509,26.582,2,4,https://raw.githubusercontent.com/JeffSackmann/tennis_atp/master/atp_matches_2026.csv
js_65dae7c89c8e3bf6,2026-03-30,Houston,Clay,R16,Tommy Paul,Adolfo Daniel Vallejo,3-6 6-4 6-4,3.0,4.0,57.0,66.667,46.512,5,10,51.323,43.82,5,9,144,4.494,0.0,71.91,60.938,44.0,4,9,48.677,42.0,5,10,https://raw.githubusercontent.com/JeffSackmann/tennis_atp/master/atp_matches_2026.csv
js_41348935d19f670f,2026-03-30,Houston,Clay,QF,Frances Tiafoe,Alexei Popyrin,3-6 6-4 7-6(6),2.941,3.922,56.863,79.31,61.364,3,4,50.254,27.368,1,4,167,17.895,5.263,53.684,84.314,59.091,3,4,49.746,28.431,1,4,https://raw.githubusercontent.com/JeffSackmann/tennis_atp/master/atp_matches_2026.csv
js_e9903d2542b95473,2026-03-30,Houston,Clay,QF,Roman Andres Burruchaga,Learner Tien,7-5 6-4,0.0,3.077,69.231,73.333,60.0,2,3,55.303,41.791,3,4,94,0.0,4.478,61.194,63.415,50.0,1,4,44.697,30.769,1,3,https://raw.githubusercontent.com/JeffSackmann/tennis_atp/master/atp_matches_2026.csv
js_6290ddddfe159fab,2026-03-30,Houston,Clay,QF,Thiago Agustin Tirante,Ben Shelton,6-7(5) 6-3 6-4,8.421,3.158,62.105,88.136,55.556,2,2,51.412,23.171,2,3,150,9.756,1.22,68.293,85.714,57.692,1,3,48.588,24.211,0,2,https://raw.githubusercontent.com/JeffSackmann/tennis_atp/master/atp_matches_2026.csv
js_cc08fc60b2935d64,2026-03-30,Houston,Clay,QF,Tommy Paul,Tomas Martin Etcheverry,6-4 6-2,3.175,3.175,65.079,75.61,59.091,4,4,56.911,43.333,3,4,96,5.0,3.333,63.333,71.053,31.818,1,4,43.089,30.159,0,4,https://raw.githubusercontent.com/JeffSackmann/tennis_atp/master/atp_matches_2026.csv
js_041ac2b1fc01738f,2026-03-30,Houston,Clay,SF,Roman Andres Burruchaga,Thiago Agustin Tirante,6-1 6-1,0.0,3.03,63.636,100.0,58.333,0,0,70.27,58.537,5,8,61,4.878,4.878,56.098,47.826,33.333,3,8,29.73,15.152,0,0,https://raw.githubusercontent.com/JeffSackmann/tennis_atp/master/atp_matches_2026.csv
js_b5615fe08ca0b249,2026-03-30,Houston,Clay,SF,Tommy Paul,Frances Tiafoe,7-5 4-6 7-6(7),13.333,0.0,69.524,71.233,53.125,0,3,50.691,36.607,3,7,165,3.571,0.0,60.714,64.706,61.364,4,7,49.309,34.286,3,3,https://raw.githubusercontent.com/JeffSackmann/tennis_atp/master/atp_matches_2026.csv
js_7f6b1b5afc618fc9,2026-03-30,Houston,Clay,F,Tommy Paul,Roman Andres Burruchaga,6-1 3-6 7-5,5.556,0.926,65.741,70.423,43.243,9,12,52.336,43.396,5,16,160,0.943,2.83,73.585,52.564,67.857,11,16,47.664,38.889,3,12,https://raw.githubusercontent.com/JeffSackmann/tennis_atp/master/atp_matches_2026.csv
js_e350c108e6a7133a,2026-03-30,Marrakech,Clay,R32,Alexandre Muller,Federico Cina,6-2 6-3,8.163,4.082,73.469,69.444,61.538,3,4,58.879,51.724,5,6,70,5.172,12.069,56.897,69.697,20.0,1,6,41.121,32.653,1,4,https://raw.githubusercontent.com/JeffSackmann/tennis_atp/master/atp_matches_2026.csv
js_ebb007bc59a5855c,2026-03-30,Marrakech,Clay,R32,Camilo Ugo Carabelli,Timofey Skatov,6-7(2) 6-3 6-4,11.881,1.98,68.317,78.261,43.75,2,3,50.971,35.238,3,8,166,8.571,0.952,61.905,66.154,62.5,5,8,49.029,32.673,1,3,https://raw.githubusercontent.com/JeffSackmann/tennis_atp/master/atp_matches_2026.csv
js_e4c25980160db8da,2026-03-30,Marrakech,Clay,R32,Ignacio Buse,Matteo Berrettini,7-6(5) 6-7(2) 6-4,4.032,3.226,61.29,65.789,54.167,6,9,50.661,37.864,4,8,181,6.796,0.971,65.049,59.701,66.667,4,8,49.339,38.71,3,9,https://raw.githubusercontent.com/JeffSackmann/tennis_atp/master/atp_matches_2026.csv
js_adbad37385e99b6e,2026-03-30,Marrakech,Clay,R32,Kamil Majchrzak,Juan Manuel Cerundolo,7-6(3) 3-6 6-3,7.609,4.348,53.261,89.796,48.837,1,2,51.942,36.842,1,7,154,6.14,9.649,49.123,80.357,46.552,6,7,48.058,29.348,1,2,https://raw.githubusercontent.com/JeffSackmann/tennis_atp/master/atp_matches_2026.csv
js_148ce03c1a7598a5,2026-03-30,Marrakech,Clay,R32,Karim Bennani,Quentin Halys,6-4 6-7(5) 6-2,4.902,5.882,61.765,79.365,56.41,3,3,52.332,31.868,3,8,137,14.286,7.692,49.451,82.222,54.348,5,8,47.668,29.412,0,3,https://raw.githubusercontent.com/JeffSackmann/tennis_atp/master/atp_matches_2026.csv
js_836479a7356b7ea5,2026-03-30,Marrakech,Clay,R32,Luca Van Assche,Hugo Gaston,6-4 7-6(5),1.111,4.444,74.444,62.687,39.13,9,13,53.757,50.602,5,11,146,3.614,4.819,44.578,51.351,47.826,6,11,46.243,43.333,4,13,https://raw.githubusercontent.com/JeffSackmann/tennis_atp/master/atp_matches_2026.csv
js_53600c49fc5ae5d3,2026-03-30,Marrakech,Clay,R32,Marco Trungelliti,Henrique Rocha,7-6(5) 6-2,3.077,4.615,63.077,78.049,37.5,1,2,53.125,42.857,3,6,96,4.762,4.762,76.19,62.5,40.0,3,6,46.875,36.923,1,2,https://raw.githubusercontent.com/JeffSackmann/tennis_atp/master/atp_matches_2026.csv
js_eff590b195e7c713,2026-03-30,Marrakech,Clay,R32,Mattia Bellucci,Reda Bennani,6-3 3-6 6-4,3.191,4.255,48.936,71.739,58.333,5,7,50.51,37.255,3,16,148,0.0,2.941,73.529,62.667,62.963,13,16,49.49,35.106,2,7,https://raw.githubusercontent.com/JeffSackmann/tennis_atp/master/atp_matches_2026.csv
js_2384187090a4785c,2026-03-30,Marrakech,Clay,R32,Rafael Jodar,Dusan Lajovic,6-3 6-4,10.606,0.0,74.242,77.551,58.824,2,2,56.522,34.694,2,3,72,6.122,0.0,75.51,64.865,66.667,1,3,43.478,27.273,0,2,https://raw.githubusercontent.com/JeffSackmann/tennis_atp/master/atp_matches_2026.csv
js_f93102b836abc364,2026-03-30,Marrakech,Clay,R32,Taha Baadi,Aleksandar Vukic,6-2 3-6 6-1,4.286,1.429,68.571,70.833,63.636,1,2,54.73,42.308,4,7,108,5.128,1.282,48.718,60.526,55.0,3,7,45.27,31.429,1,2,https://raw.githubusercontent.com/JeffSackmann/tennis_atp/master/atp_matches_2026.csv
js_3b19112eb70089d1,2026-03-30,Marrakech,Clay,R32,Vit Kopriva,Hamad Medjedovic,6-7(4) 7-5 6-2,2.0,6.0,70.0,64.286,60.0,2,6,52.577,41.489,7,15,145,6.383,5.319,67.021,68.254,38.71,8,15,47.423,37.0,4,6,https://raw.githubusercontent.com/JeffSackmann/tennis_atp/master/atp_matches_2026.csv
js_e8979f8341ad27c9,2026-03-30,Marrakech,Clay,R32,Yannick Hanfmann,Jesper De Jong,7-6(6) 6-4,11.29,1.613,69.355,90.698,52.632,1,2,55.405,38.372,2,8,101,12.791,3.488,73.256,71.429,34.783,6,8,44.595,20.968,1,2,https://raw.githubusercontent.com/JeffSackmann/tennis_atp/master/atp_matches_2026.csv
js_9b01560eacda2cd8,2026-03-30,Marrakech,Clay,R16,Alexandre Muller,Vit Kopriva,6-3 7-6(3),5.195,1.299,64.935,72.0,59.259,3,4,54.545,43.182,2,10,109,6.818,4.545,70.455,69.355,26.923,8,10,45.455,32.468,1,4,https://raw.githubusercontent.com/JeffSackmann/tennis_atp/master/atp_matches_2026.csv
js_f9734341375f4b95,2026-03-30,Marrakech,Clay,R16,Camilo Ugo Carabelli,Ignacio Buse,6-3 3-6 7-5,3.333,1.111,64.444,77.586,56.25,7,8,51.337,34.021,2,8,149,9.278,5.155,58.763,78.947,47.5,6,8,48.663,30.0,1,8,https://raw.githubusercontent.com/JeffSackmann/tennis_atp/master/atp_matches_2026.csv
js_c9ba27e6244abbcb,2026-03-30,Marrakech,Clay,R16,Corentin Moutet,Taha Baadi,6-0 6-2,4.762,0.0,69.048,75.862,61.538,0,0,63.095,54.762,5,9,64,2.381,0.0,59.524,44.0,47.059,4,9,36.905,28.571,0,0,https://raw.githubusercontent.com/JeffSackmann/tennis_atp/master/atp_matches_2026.csv
js_0cebf6485cc10664,2026-03-30,Marrakech,Clay,R16,Luca Van Assche,Tallon Griekspoor,6-4 1-6 6-3,7.353,1.471,60.294,75.61,62.963,3,5,51.235,37.234,2,6,124,7.447,4.255,61.702,79.31,36.111,4,6,48.765,29.412,2,5,https://raw.githubusercontent.com/JeffSackmann/tennis_atp/master/atp_matches_2026.csv
js_46950cfa11d8f9bd,2026-03-30,Marrakech,Clay,R16,Luciano Darderi,Mattia Bellucci,6-4 6-2,4.082,2.041,48.98,79.167,76.0,0,0,57.692,40.0,3,9,78,14.545,7.273,69.091,78.947,17.647,6,9,42.308,22.449,0,0,https://raw.githubusercontent.com/JeffSackmann/tennis_atp/master/atp_matches_2026.csv
js_61ac33cd80ae2004,2026-03-30,Marrakech,Clay,R16,Marco Trungelliti,Kamil Majchrzak,7-6(4) 6-3,6.154,3.077,61.538,87.5,64.0,1,1,55.479,37.037,1,12,107,11.111,0.0,65.432,73.585,42.857,11,12,44.521,21.538,0,1,https://raw.githubusercontent.com/JeffSackmann/tennis_atp/master/atp_matches_2026.csv
js_bcb3481f303652d9,2026-03-30,Marrakech,Clay,R16,Rafael Jodar,Tomas Machac,6-4 4-6 6-3,6.977,2.326,63.953,76.364,48.387,2,5,53.892,40.741,4,6,120,4.938,3.704,48.148,66.667,52.381,2,6,46.108,33.721,3,5,https://raw.githubusercontent.com/JeffSackmann/tennis_atp/master/atp_matches_2026.csv
js_9cd953f4318f0ee3,2026-03-30,Marrakech,Clay,R16,Yannick Hanfmann,Karim Bennani,6-4 6-7(3) 6-2,18.391,2.299,63.218,78.182,71.875,1,1,55.026,37.255,3,8,132,4.902,2.941,58.824,70.0,52.381,5,8,44.974,24.138,0,1,https://raw.githubusercontent.com/JeffSackmann/tennis_atp/master/atp_matches_2026.csv
js_89e5f7f3ffa0a732,2026-03-30,Marrakech,Clay,QF,Camilo Ugo Carabelli,Luca Van Assche,0-6 6-3 6-2,2.439,2.439,53.659,63.636,36.842,7,12,49.102,47.059,5,9,140,3.529,5.882,61.176,59.615,42.424,4,9,50.898,48.78,5,12,https://raw.githubusercontent.com/JeffSackmann/tennis_atp/master/atp_matches_2026.csv
js_bd608fe4f4174c0b,2026-03-30,Marrakech,Clay,QF,Luciano Darderi,Yannick Hanfmann,W/O,,,,,,,,,,,,,,,,,,,,,,,,https://raw.githubusercontent.com/JeffSackmann/tennis_atp/master/atp_matches_2026.csv
js_1e3f1d64673dbd03,2026-03-30,Marrakech,Clay,QF,Marco Trungelliti,Corentin Moutet,4-6 6-3 6-4,5.357,7.143,69.643,67.949,47.059,5,7,49.738,32.911,3,6,155,2.532,5.063,60.759,66.667,67.742,3,6,50.262,38.393,2,7,https://raw.githubusercontent.com/JeffSackmann/tennis_atp/master/atp_matches_2026.csv
js_f1201f82c5d7c3b4,2026-03-30,Marrakech,Clay,QF,Rafael Jodar,Alexandre Muller,6-2 2-0 RET,19.231,0.0,69.231,88.889,62.5,0,0,65.517,53.125,3,8,38,3.125,12.5,71.875,56.522,22.222,5,8,34.483,19.231,0,0,https://raw.githubusercontent.com/JeffSackmann/tennis_atp/master/atp_matches_2026.csv
js_d4330b52669694d8,2026-03-30,Marrakech,Clay,SF,Marco Trungelliti,Luciano Darderi,6-4 7-6(2),5.814,1.163,62.791,61.111,59.375,3,6,53.988,46.753,4,6,130,2.597,10.39,51.948,65.0,40.541,2,6,46.012,39.535,3,6,https://raw.githubusercontent.com/JeffSackmann/tennis_atp/master/atp_matches_2026.csv
js_191dbaecc65e6b1b,2026-03-30,Marrakech,Clay,SF,Rafael Jodar,Camilo Ugo Carabelli,6-2 6-1,9.434,0.0,69.811,70.27,68.75,2,2,60.825,50.0,4,8,63,6.818,0.0,61.364,70.37,17.647,4,8,39.175,30.189,0,2,https://raw.githubusercontent.com/JeffSackmann/tennis_atp/master/atp_matches_2026.csv
js_5b67e896827d1c53,2026-03-30,Marrakech,Clay,F,Rafael Jodar,Marco Trungelliti,6-3 6-2,13.158,2.632,55.263,85.714,88.235,1,1,63.265,48.333,4,9,68,3.333,6.667,61.667,64.865,30.435,5,9,36.735,13.158,0,1,https://raw.githubusercontent.com/JeffSackmann/tennis_atp/master/atp_matches_2026.csv
js_8314cdaedeee2364,2026-04-05,Monte Carlo Masters,Clay,R64,Alejandro Tabilo,Marton Fucsovics,6-4 6-3,8.065,4.839,66.129,78.049,57.143,2,2,54.955,34.694,2,3,82,4.082,4.082,55.102,74.074,54.545,1,3,45.045,29.032,0,2,https://raw.githubusercontent.com/JeffSackmann/tennis_atp/master/atp_matches_2026.csv
js_22e18f8c4bb4fdcb,2026-04-05,Monte Carlo Masters,Clay,R64,Alexander Blockx,Denis Shapovalov,6-4 4-6 6-3,2.299,3.448,66.667,74.138,55.172,5,7,51.829,33.766,3,4,106,2.597,6.494,51.948,67.5,64.865,1,4,48.171,32.184,2,7,https://raw.githubusercontent.com/JeffSackmann/tennis_atp/master/atp_matches_2026.csv
js_6edf1b6248cfcae7,2026-04-05,Monte Carlo Masters,Clay,R64,Andrey Rublev,Nuno Borges,6-4 1-6 6-1,5.634,4.225,60.563,76.744,50.0,2,4,51.825,36.364,3,6,94,7.576,3.03,62.121,78.049,40.0,3,6,48.175,33.803,2,4,https://raw.githubusercontent.com/JeffSackmann/tennis_atp/master/atp_matches_2026.csv
js_e8ecc2f8c49693ed,2026-04-05,Monte Carlo Masters,Clay,R64,Arthur Rinderknech,Karen Khachanov,7-5 6-2,8.475,0.0,66.102,79.487,55.0,1,1,54.31,36.842,3,6,91,1.754,1.754,68.421,66.667,55.556,3,6,45.69,28.814,0,1,https://raw.githubusercontent.com/JeffSackmann/tennis_atp/master/atp_matches_2026.csv
js_987382edd7f576e3,2026-04-05,Monte Carlo Masters,Clay,R64,Cameron Norrie,Miomir Kecmanovic,6-2 4-6 7-6(0),7.767,3.883,49.515,68.627,51.923,9,13,53.081,46.296,5,15,168,0.926,1.852,55.556,60.0,45.833,10,15,46.919,39.806,4,13,https://raw.githubusercontent.com/JeffSackmann/tennis_atp/master/atp_matches_2026.csv
js_a873426d0152cfa8,2026-04-05,Monte Carlo Masters,Clay,R64,Casper Ruud,Alexei Popyrin,6-3 6-4,0.0,2.985,71.642,75.0,52.632,3,3,55.738,40.0,2,4,93,3.636,3.636,52.727,89.655,26.923,2,4,44.262,31.343,0,3,https://raw.githubusercontent.com/JeffSackmann/tennis_atp/master/atp_matches_2026.csv
js_929092c8f851bc7d,2026-04-05,Monte Carlo Masters,Clay,R64,Corentin Moutet,Alexandre Muller,6-4 6-1,3.636,1.818,52.727,72.414,57.692,4,5,56.637,48.276,5,11,81,0.0,1.724,67.241,58.974,36.842,6,11,43.363,34.545,1,5,https://raw.githubusercontent.com/JeffSackmann/tennis_atp/master/atp_matches_2026.csv
js_359e3ce1c0522f8d,2026-04-05,Monte Carlo Masters,Clay,R64,Cristian Garin,Matteo Arnaldi,6-2 6-4,0.0,5.0,61.667,67.568,39.13,1,4,55.856,54.902,6,11,88,3.922,3.922,52.941,51.852,37.5,5,11,44.144,43.333,3,4,https://raw.githubusercontent.com/JeffSackmann/tennis_atp/master/atp_matches_2026.csv
js_a316670a28223edb,2026-04-05,Monte Carlo Masters,Clay,R64,Fabian Marozsan,Damir Dzumhur,6-2 6-1,2.222,0.0,71.111,71.875,76.923,0,0,62.5,52.941,4,6,65,0.0,0.0,72.549,48.649,42.857,2,6,37.5,26.667,0,0,https://raw.githubusercontent.com/JeffSackmann/tennis_atp/master/atp_matches_2026.csv
js_6c28eaadca7ee7a2,2026-04-05,Monte Carlo Masters,Clay,R64,Flavio Cobolli,Francisco Comesana,7-5 2-6 6-3,2.439,2.439,54.878,64.444,51.351,7,12,52.151,47.115,6,13,150,2.885,2.885,57.692,61.667,40.909,7,13,47.849,41.463,5,12,https://raw.githubusercontent.com/JeffSackmann/tennis_atp/master/atp_matches_2026.csv
js_12273e08fb1820dc,2026-04-05,Monte Carlo Masters,Clay,R64,Francisco Cerundolo,Stefanos Tsitsipas,7-5 6-4,5.195,5.195,64.935,58.0,51.852,3,7,54.73,53.521,6,12,105,4.225,1.408,49.296,57.143,36.111,6,12,45.27,44.156,4,7,https://raw.githubusercontent.com/JeffSackmann/tennis_atp/master/atp_matches_2026.csv
js_61e0f61c9b9bc43d,2026-04-05,Monte Carlo Masters,Clay,R64,Gael Monfils,Tallon Griekspoor,6-7(7) 6-1 6-4,8.824,6.863,53.922,76.364,46.809,9,12,55.897,48.387,6,12,135,3.226,11.828,49.462,63.043,40.426,6,12,44.103,37.255,3,12,https://raw.githubusercontent.com/JeffSackmann/tennis_atp/master/atp_matches_2026.csv
js_db827771c3c33ee9,2026-04-05,Monte Carlo Masters,Clay,R64,Hubert Hurkacz,Luciano Darderi,7-6(4) 5-7 6-1,12.088,1.099,57.143,82.692,46.154,6,9,54.545,43.925,5,12,138,5.607,0.935,60.748,60.0,50.0,7,12,45.455,32.967,3,9,https://raw.githubusercontent.com/JeffSackmann/tennis_atp/master/atp_matches_2026.csv
js_db1bbfa4ffc7e052,2026-04-05,Monte Carlo Masters,Clay,R64,Jiri Lehecka,Emilio Nava,7-6(1) 6-7(8) 6-2,6.202,2.326,65.891,65.882,59.091,7,8,51.938,40.31,3,12,182,4.651,3.876,65.891,69.412,40.909,9,12,48.062,36.434,1,8,https://raw.githubusercontent.com/JeffSackmann/tennis_atp/master/atp_matches_2026.csv
js_a70bc1ef744e7880,2026-04-05,Monte Carlo Masters,Clay,R64,Joao Fonseca,Gabriel Diallo,6-2 6-3,3.704,0.0,64.815,62.857,63.158,3,4,57.018,51.667,5,8,85,1.667,6.667,63.333,52.632,40.909,3,8,42.982,37.037,1,4,https://raw.githubusercontent.com/JeffSackmann/tennis_atp/master/atp_matches_2026.csv
js_e74f70df6bd73f0e,2026-04-05,Monte Carlo Masters,Clay,R64,Marin Cilic,Alexander Shevchenko,6-1 6-3,7.353,2.941,58.824,75.0,39.286,4,5,58.974,57.143,5,7,87,4.082,2.041,59.184,44.828,40.0,2,7,41.026,39.706,1,5,https://raw.githubusercontent.com/JeffSackmann/tennis_atp/master/atp_matches_2026.csv
js_d9fe46c4004d2951,2026-04-05,Monte Carlo Masters,Clay,R64,Matteo Berrettini,Roberto Bautista Agut,4-0 RET,10.0,0.0,90.0,88.889,100.0,0,0,76.0,66.667,2,3,23,0.0,0.0,66.667,30.0,40.0,1,3,24.0,10.0,0,0,https://raw.githubusercontent.com/JeffSackmann/tennis_atp/master/atp_matches_2026.csv
js_61630821bcc317e6,2026-04-05,Monte Carlo Masters,Clay,R64,Sebastian Baez,Stan Wawrinka,7-5 7-5,4.054,1.351,60.811,57.778,58.621,6,10,53.125,48.837,6,12,107,4.651,4.651,52.326,66.667,34.146,6,12,46.875,41.892,4,10,https://raw.githubusercontent.com/JeffSackmann/tennis_atp/master/atp_matches_2026.csv
js_e97d7b2c397584f1,2026-04-05,Monte Carlo Masters,Clay,R64,Terence Atmane,Ethan Quinn,6-1 6-4,6.667,4.444,62.222,89.286,70.588,0,0,60.674,38.636,3,4,62,6.818,0.0,75.0,69.697,36.364,1,4,39.326,17.778,0,0,https://raw.githubusercontent.com/JeffSackmann/tennis_atp/master/atp_matches_2026.csv
js_b6bccc19aa565797,2026-04-05,Monte Carlo Masters,Clay,R64,Tomas Machac,Daniel Altmaier,6-4 1-6 6-3,5.634,1.408,67.606,68.75,52.174,1,4,50.292,41.0,3,8,138,4.0,1.0,56.0,66.071,50.0,5,8,49.708,36.62,3,4,https://raw.githubusercontent.com/JeffSackmann/tennis_atp/master/atp_matches_2026.csv
js_1024481fb95cfe78,2026-04-05,Monte Carlo Masters,Clay,R64,Tomas Martin Etcheverry,Grigor Dimitrov,6-4 2-6 6-3,4.348,0.0,66.667,78.261,56.522,0,3,53.521,36.986,3,3,116,6.849,0.0,64.384,63.83,61.538,0,3,46.479,28.986,3,3,https://raw.githubusercontent.com/JeffSackmann/tennis_atp/master/atp_matches_2026.csv
js_2095432706685717,2026-04-05,Monte Carlo Masters,Clay,R64,Ugo Humbert,Moise Kouame,6-3 7-5,2.632,2.632,52.632,65.0,50.0,7,10,53.676,48.333,5,9,107,1.667,3.333,65.0,53.846,47.619,4,9,46.324,42.105,3,10,https://raw.githubusercontent.com/JeffSackmann/tennis_atp/master/atp_matches_2026.csv
js_8ba011e3844f3357,2026-04-05,Monte Carlo Masters,Clay,R64,Valentin Vacherot,Juan Manuel Cerundolo,5-7 6-2 6-1,7.955,3.409,62.5,72.727,48.485,5,8,55.801,48.387,6,18,144,2.151,4.301,52.688,51.02,52.273,12,18,44.199,36.364,3,8,https://raw.githubusercontent.com/JeffSackmann/tennis_atp/master/atp_matches_2026.csv
js_90037e8629a28969,2026-04-05,Monte Carlo Masters,Clay,R64,Zizou Bergs,Adrian Mannarino,6-4 6-3,12.698,7.937,55.556,71.429,50.0,1,3,55.263,47.059,4,6,81,0.0,1.961,58.824,53.333,52.381,2,6,44.737,38.095,2,3,https://raw.githubusercontent.com/JeffSackmann/tennis_atp/master/atp_matches_2026.csv
js_a2517e6595543b36,2026-04-05,Monte Carlo Masters,Clay,R32,Alex De Minaur,Cameron Norrie,7-6(5) 2-6 6-2,4.301,3.226,43.011,72.5,43.396,4,9,48.649,41.304,5,8,144,1.087,1.087,59.783,70.909,40.541,3,8,51.351,44.086,5,9,https://raw.githubusercontent.com/JeffSackmann/tennis_atp/master/atp_matches_2026.csv
js_0c1463f863fb3a56,2026-04-05,Monte Carlo Masters,Clay,R32,Alexander Blockx,Flavio Cobolli,6-3 6-3,6.667,1.667,68.333,63.415,78.947,5,5,55.357,40.385,3,7,85,1.923,0.0,59.615,74.194,38.095,4,7,44.643,31.667,0,5,https://raw.githubusercontent.com/JeffSackmann/tennis_atp/master/atp_matches_2026.csv
js_cec6f1348606e403,2026-04-05,Monte Carlo Masters,Clay,R32,Alexander Bublik,Gael Monfils,6-4 6-4,7.547,5.66,66.038,68.571,72.222,0,1,53.846,40.625,3,7,76,3.125,1.562,62.5,70.0,41.667,4,7,46.154,30.189,1,1,https://raw.githubusercontent.com/JeffSackmann/tennis_atp/master/atp_matches_2026.csv
js_64c05a0c0f28c122,2026-04-05,Monte Carlo Masters,Clay,R32,Alexander Zverev,Cristian Garin,4-6 6-4 7-5,7.407,0.926,62.963,67.647,52.5,8,12,51.707,40.206,5,10,170,0.0,5.155,67.01,69.231,40.625,5,10,48.293,37.963,4,12,https://raw.githubusercontent.com/JeffSackmann/tennis_atp/master/atp_matches_2026.csv
js_4ce50ca86e32434d,2026-04-05,Monte Carlo Masters,Clay,R32,Carlos Alcaraz,Sebastian Baez,6-1 6-3,13.333,6.667,66.667,83.333,40.0,0,1,60.748,54.839,5,10,69,1.613,1.613,64.516,52.5,31.818,5,10,39.252,31.111,1,1,https://raw.githubusercontent.com/JeffSackmann/tennis_atp/master/atp_matches_2026.csv
js_18c260c9f0ac6316,2026-04-05,Monte Carlo Masters,Clay,R32,Casper Ruud,Corentin Moutet,7-5 6-3,4.0,1.333,69.333,61.538,60.87,2,5,57.031,50.943,5,6,104,0.0,3.774,47.17,56.0,42.857,1,6,42.969,38.667,3,5,https://raw.githubusercontent.com/JeffSackmann/tennis_atp/master/atp_matches_2026.csv
js_259a2043239ec95e,2026-04-05,Monte Carlo Masters,Clay,R32,Felix Auger Aliassime,Marin Cilic,7-6(4) 6-3,4.348,1.449,71.014,69.388,50.0,2,5,53.957,44.286,4,7,121,4.286,4.286,51.429,66.667,44.118,3,7,46.043,36.232,3,5,https://raw.githubusercontent.com/JeffSackmann/tennis_atp/master/atp_matches_2026.csv
js_e9aa1db9da83b714,2026-04-05,Monte Carlo Masters,Clay,R32,Hubert Hurkacz,Fabian Marozsan,6-2 6-3,14.894,0.0,55.319,80.769,71.429,0,0,59.813,46.667,3,8,71,0.0,3.333,56.667,52.941,53.846,5,8,40.187,23.404,0,0,https://raw.githubusercontent.com/JeffSackmann/tennis_atp/master/atp_matches_2026.csv
js_89471168976f9414,2026-04-05,Monte Carlo Masters,Clay,R32,Jannik Sinner,Ugo Humbert,6-3 6-0,16.216,5.405,62.162,91.304,50.0,0,0,65.476,57.447,5,8,64,2.128,4.255,42.553,40.0,44.444,3,8,34.524,24.324,0,0,https://raw.githubusercontent.com/JeffSackmann/tennis_atp/master/atp_matches_2026.csv
js_8d75ce55abdee1ac,2026-04-05,Monte Carlo Masters,Clay,R32,Jiri Lehecka,Alejandro Tabilo,4-6 7-6(4) 6-3,10.0,2.0,56.0,76.786,52.273,1,4,51.628,39.13,3,12,159,4.348,2.609,63.478,69.863,45.238,9,12,48.372,34.0,3,4,https://raw.githubusercontent.com/JeffSackmann/tennis_atp/master/atp_matches_2026.csv
js_82850b0e0611e23a,2026-04-05,Monte Carlo Masters,Clay,R32,Joao Fonseca,Arthur Rinderknech,7-5 4-6 6-3,2.885,2.885,68.269,70.423,57.576,10,12,50.51,32.609,3,7,152,5.435,3.261,57.609,75.472,56.41,4,7,49.49,33.654,2,12,https://raw.githubusercontent.com/JeffSackmann/tennis_atp/master/atp_matches_2026.csv
js_89ef0e0d3c88e50f,2026-04-05,Monte Carlo Masters,Clay,R32,Matteo Berrettini,Daniil Medvedev,6-0 6-0,0.0,0.0,64.706,72.727,83.333,2,2,74.627,72.727,6,8,49,3.03,15.152,36.364,41.667,19.048,2,8,25.373,23.529,0,2,https://raw.githubusercontent.com/JeffSackmann/tennis_atp/master/atp_matches_2026.csv
js_dc00901fc48c2f23,2026-04-05,Monte Carlo Masters,Clay,R32,Tomas Machac,Francisco Cerundolo,7-6(2) 6-3,3.409,2.273,64.773,63.158,48.387,10,13,52.866,46.377,4,11,108,1.449,5.797,56.522,56.41,50.0,7,11,47.134,42.045,3,13,https://raw.githubusercontent.com/JeffSackmann/tennis_atp/master/atp_matches_2026.csv
js_8baa3fcd79fed053,2026-04-05,Monte Carlo Masters,Clay,R32,Tomas Martin Etcheverry,Terence Atmane,3-6 6-3 6-2,2.74,2.74,61.644,73.333,60.714,3,5,54.422,40.541,4,6,117,5.405,2.703,55.405,70.732,45.455,2,6,45.578,31.507,2,5,https://raw.githubusercontent.com/JeffSackmann/tennis_atp/master/atp_matches_2026.csv
js_4dc84b6f21668cfd,2026-04-05,Monte Carlo Masters,Clay,R32,Valentin Vacherot,Lorenzo Musetti,7-6(6) 7-5,5.634,1.408,60.563,79.07,53.571,3,5,53.614,42.105,3,9,129,3.158,2.105,57.895,61.818,52.5,6,9,46.386,30.986,2,5,https://raw.githubusercontent.com/JeffSackmann/tennis_atp/master/atp_matches_2026.csv
js_1ed15e5f5e067a55,2026-04-05,Monte Carlo Masters,Clay,R32,Zizou Bergs,Andrey Rublev,6-4 6-1,3.125,4.688,60.938,69.231,60.0,7,8,59.633,51.111,4,9,77,4.444,4.444,62.222,53.571,41.176,5,9,40.367,34.375,1,8,https://raw.githubusercontent.com/JeffSackmann/tennis_atp/master/atp_matches_2026.csv
js_a6b585b6147160f6,2026-04-05,Monte Carlo Masters,Clay,R16,Alex De Minaur,Alexander Blockx,7-5 7-6(4),2.857,0.0,58.571,78.049,65.517,2,3,52.414,33.333,2,3,107,1.333,1.333,60.0,80.0,46.667,1,3,47.586,27.143,1,3,https://raw.githubusercontent.com/JeffSackmann/tennis_atp/master/atp_matches_2026.csv
js_825c0cfea7881060,2026-04-05,Monte Carlo Masters,Clay,R16,Alexander Bublik,Jiri Lehecka,6-2 7-5,9.804,1.961,70.588,88.889,53.333,0,0,56.897,40.0,3,7,75,10.769,0.0,78.462,68.627,28.571,4,7,43.103,21.569,0,0,https://raw.githubusercontent.com/JeffSackmann/tennis_atp/master/atp_matches_2026.csv
js_309fec218e8bda6f,2026-04-05,Monte Carlo Masters,Clay,R16,Alexander Zverev,Zizou Bergs,6-2 7-5,8.929,1.786,69.643,64.103,64.706,1,3,55.814,49.315,5,9,111,2.74,9.589,50.685,62.162,38.889,4,9,44.186,35.714,2,3,https://raw.githubusercontent.com/JeffSackmann/tennis_atp/master/atp_matches_2026.csv
js_a5450f60fc0b7981,2026-04-05,Monte Carlo Masters,Clay,R16,Carlos Alcaraz,Tomas Martin Etcheverry,6-1 4-6 6-3,5.618,3.371,67.416,66.667,55.172,4,6,54.144,45.652,5,12,143,1.087,5.435,61.957,61.404,42.857,7,12,45.856,37.079,2,6,https://raw.githubusercontent.com/JeffSackmann/tennis_atp/master/atp_matches_2026.csv
js_7b0184daeeb475c1,2026-04-05,Monte Carlo Masters,Clay,R16,Felix Auger Aliassime,Casper Ruud,7-5 2-2 RET,6.897,1.724,60.345,71.429,52.174,2,3,52.5,41.935,2,6,103,3.226,1.613,72.581,57.778,58.824,4,6,47.5,36.207,1,3,https://raw.githubusercontent.com/JeffSackmann/tennis_atp/master/atp_matches_2026.csv
js_34e044d9167b8c8c,2026-04-05,Monte Carlo Masters,Clay,R16,Jannik Sinner,Tomas Machac,6-1 6-7(3) 6-3,6.667,5.333,57.333,72.093,59.375,2,4,56.098,47.191,7,11,121,0.0,6.742,53.933,56.25,48.78,4,11,43.902,33.333,2,4,https://raw.githubusercontent.com/JeffSackmann/tennis_atp/master/atp_matches_2026.csv
js_403184cde6ae68a9,2026-04-05,Monte Carlo Masters,Clay,R16,Joao Fonseca,Matteo Berrettini,6-3 6-2,11.364,0.0,70.455,90.323,46.154,0,1,62.105,49.02,4,6,73,3.922,0.0,45.098,69.565,35.714,2,6,37.895,22.727,1,1,https://raw.githubusercontent.com/JeffSackmann/tennis_atp/master/atp_matches_2026.csv
js_f246fcd8b04ccf1c,2026-04-05,Monte Carlo Masters,Clay,R16,Valentin Vacherot,Hubert Hurkacz,6-7(4) 6-3 6-4,2.5,1.667,64.167,74.026,44.186,11,13,51.852,37.5,4,8,173,14.583,4.167,59.375,70.175,51.282,4,8,48.148,36.667,2,13,https://raw.githubusercontent.com/JeffSackmann/tennis_atp/master/atp_matches_2026.csv
js_a5d433faa1961d6e,2026-04-05,Monte Carlo Masters,Clay,QF,Alexander Zverev,Joao Fonseca,7-5 6-7(3) 6-3,2.885,1.923,66.346,72.464,54.286,1,3,51.741,36.082,4,7,160,4.124,2.062,64.948,68.254,55.882,3,7,48.259,33.654,2,3,https://raw.githubusercontent.com/JeffSackmann/tennis_atp/master/atp_matches_2026.csv
js_77efe3016fa77eba,2026-04-05,Monte Carlo Masters,Clay,QF,Carlos Alcaraz,Alexander Bublik,6-3 6-0,6.818,4.545,56.818,68.0,57.895,1,2,60.825,58.491,6,10,63,3.774,1.887,62.264,39.394,45.0,4,10,39.175,36.364,1,2,https://raw.githubusercontent.com/JeffSackmann/tennis_atp/master/atp_matches_2026.csv
js_38a8fa8a5a128ce5,2026-04-05,Monte Carlo Masters,Clay,QF,Jannik Sinner,Felix Auger Aliassime,6-3 6-4,3.509,1.754,57.895,78.788,70.833,1,1,57.522,39.286,2,5,92,8.929,3.571,73.214,65.854,46.667,3,5,42.478,24.561,0,1,https://raw.githubusercontent.com/JeffSackmann/tennis_atp/master/atp_matches_2026.csv
js_9aa9d751d46dca4f,2026-04-05,Monte Carlo Masters,Clay,QF,Valentin Vacherot,Alex De Minaur,6-4 3-6 6-3,6.186,3.093,57.732,73.214,41.463,14,17,51.63,42.529,4,10,144,3.448,6.897,48.276,66.667,48.889,6,10,48.37,40.206,3,17,https://raw.githubusercontent.com/JeffSackmann/tennis_atp/master/atp_matches_2026.csv
js_34292a5151006bf9,2026-04-05,Monte Carlo Masters,Clay,SF,Carlos Alcaraz,Valentin Vacherot,6-4 6-4,5.882,5.882,60.784,80.645,60.0,0,1,53.636,37.288,3,4,84,5.085,1.695,67.797,70.0,47.368,1,4,46.364,27.451,1,1,https://raw.githubusercontent.com/JeffSackmann/tennis_atp/master/atp_matches_2026.csv
js_2aaeb188355d1b53,2026-04-05,Monte Carlo Masters,Clay,SF,Jannik Sinner,Alexander Zverev,6-1 6-4,2.564,0.0,58.974,86.957,75.0,0,0,64.516,51.852,4,4,82,0.0,3.704,59.259,43.75,54.545,0,4,35.484,17.949,0,0,https://raw.githubusercontent.com/JeffSackmann/tennis_atp/master/atp_matches_2026.csv
js_e9c7b6cdc698c587,2026-04-05,Monte Carlo Masters,Clay,F,Jannik Sinner,Carlos Alcaraz,7-6(5) 6-3,0.0,2.667,50.667,65.789,64.865,3,5,52.695,42.391,3,11,135,3.261,5.435,57.609,58.491,56.41,8,11,47.305,34.667,2,5,https://raw.githubusercontent.com/JeffSackmann/tennis_atp/master/atp_matches_2026.csv
js_596760ecca322efa,2026-04-13,Barcelona,Clay,R32,Alex De Minaur,Sebastian Ofner,7-6(7) 6-4,3.704,4.938,45.679,86.486,54.545,4,4,53.548,36.486,1,1,105,0.0,4.054,52.703,74.359,51.429,0,1,46.452,30.864,0,4,https://raw.githubusercontent.com/JeffSackmann/tennis_atp/master/atp_matches_2026.csv
js_ff13f15ba04077d8,2026-04-13,Barcelona,Clay,R32,Andrey Rublev,Mariano Navone,6-4 7-5,1.351,2.703,56.757,64.286,46.875,4,7,52.318,48.052,5,10,112,1.299,1.299,80.519,50.0,60.0,5,10,47.682,43.243,3,7,https://raw.githubusercontent.com/JeffSackmann/tennis_atp/master/atp_matches_2026.csv
js_edc0e4dee989a044,2026-04-13,Barcelona,Clay,R32,Arthur Fils,Terence Atmane,4-6 6-4 7-6(7),1.923,2.885,64.423,73.134,59.459,6,8,50.926,34.821,2,5,144,10.714,1.786,70.536,72.152,48.485,3,5,49.074,31.731,2,8,https://raw.githubusercontent.com/JeffSackmann/tennis_atp/master/atp_matches_2026.csv
js_736c9b31d228ea9d,2026-04-13,Barcelona,Clay,R32,Brandon Nakashima,Juan Manuel Cerundolo,6-3 7-5,8.451,0.0,63.38,68.889,61.538,1,2,55.303,42.623,3,6,102,9.836,3.279,49.18,70.0,45.161,3,6,44.697,33.803,1,2,https://raw.githubusercontent.com/JeffSackmann/tennis_atp/master/atp_matches_2026.csv
js_7b92a0189f484888,2026-04-13,Barcelona,Clay,R32,Cameron Norrie,Stan Wawrinka,6-4 6-7(5) 6-4,1.887,3.774,70.755,72.0,48.387,5,7,50.943,36.792,4,11,153,3.774,1.887,56.604,66.667,58.696,7,11,49.057,34.906,2,7,https://raw.githubusercontent.com/JeffSackmann/tennis_atp/master/atp_matches_2026.csv
js_77dd6ea60175c2af,2026-04-13,Barcelona,Clay,R32,Camilo Ugo Carabelli,Karen Khachanov,6-3 6-4,5.882,0.0,66.667,82.353,70.588,0,0,57.692,37.736,2,4,73,3.774,3.774,67.925,66.667,52.941,2,4,42.308,21.569,0,0,https://raw.githubusercontent.com/JeffSackmann/tennis_atp/master/atp_matches_2026.csv
js_53dcdcc9d87c97c8,2026-04-13,Barcelona,Clay,R32,Carlos Alcaraz,Otto Virtanen,6-4 6-2,0.0,4.478,67.164,64.444,54.545,5,6,55.738,49.091,4,7,85,0.0,5.455,58.182,65.625,30.435,3,7,44.262,38.806,1,6,https://raw.githubusercontent.com/JeffSackmann/tennis_atp/master/atp_matches_2026.csv
js_f1c6da78e5bc1dae,2026-04-13,Barcelona,Clay,R32,Corentin Moutet,Ignacio Buse,6-4 6-4,1.754,3.509,70.175,72.5,35.294,3,6,55.285,50.0,5,9,100,3.03,1.515,68.182,57.778,33.333,4,9,44.715,38.596,3,6,https://raw.githubusercontent.com/JeffSackmann/tennis_atp/master/atp_matches_2026.csv
js_67938d41cd4b9614,2026-04-13,Barcelona,Clay,R32,Ethan Quinn,Reilly Opelka,7-5 7-6(7),9.639,1.205,71.084,84.746,41.667,0,0,51.829,30.864,1,8,111,16.049,7.407,61.728,80.0,51.613,7,8,48.171,27.711,0,0,https://raw.githubusercontent.com/JeffSackmann/tennis_atp/master/atp_matches_2026.csv
js_d79ce517c78d45f5,2026-04-13,Barcelona,Clay,R32,Hamad Medjedovic,Marco Trungelliti,7-5 6-4,16.129,3.226,69.355,79.07,52.632,3,4,55.118,40.0,3,7,90,3.077,4.615,53.846,71.429,46.667,4,7,44.882,29.032,1,4,https://raw.githubusercontent.com/JeffSackmann/tennis_atp/master/atp_matches_2026.csv
js_8f87172d53811e22,2026-04-13,Barcelona,Clay,R32,Lorenzo Musetti,Martin Landaluce,7-5 6-2,5.0,6.667,58.333,82.857,52.0,2,3,56.41,42.105,4,7,87,1.754,7.018,47.368,70.37,46.667,3,7,43.59,30.0,1,3,https://raw.githubusercontent.com/JeffSackmann/tennis_atp/master/atp_matches_2026.csv
js_d90c0245b92d7832,2026-04-13,Barcelona,Clay,R32,Lorenzo Sonego,Pedro Martinez,6-2 2-6 6-4,6.579,1.316,63.158,68.75,50.0,6,10,52.83,44.578,5,11,156,0.0,4.819,66.265,54.545,57.143,6,11,47.17,38.158,4,10,https://raw.githubusercontent.com/JeffSackmann/tennis_atp/master/atp_matches_2026.csv
js_14c184823533c628,2026-04-13,Barcelona,Clay,R32,Nuno Borges,Adrian Mannarino,6-3 6-4,14.286,2.857,71.429,76.0,50.0,7,7,55.797,42.647,2,11,82,0.0,2.941,61.765,64.286,46.154,9,11,44.203,31.429,0,7,https://raw.githubusercontent.com/JeffSackmann/tennis_atp/master/atp_matches_2026.csv
js_e3b7cea74ae8242f,2026-04-13,Barcelona,Clay,R32,Rafael Jodar,Jaume Munar,6-1 6-2,0.0,4.545,47.727,80.952,65.217,0,0,62.0,53.571,4,8,70,0.0,5.357,71.429,50.0,37.5,4,8,38.0,27.273,0,0,https://raw.githubusercontent.com/JeffSackmann/tennis_atp/master/atp_matches_2026.csv
js_ac6423f681109191,2026-04-13,Barcelona,Clay,R32,Tomas Machac,Sebastian Baez,2-6 6-4 6-1,4.348,4.348,68.116,68.085,45.455,1,4,53.793,47.368,5,9,99,1.316,1.316,71.053,57.407,40.909,4,9,46.207,39.13,3,4,https://raw.githubusercontent.com/JeffSackmann/tennis_atp/master/atp_matches_2026.csv
js_e51f8ecb70400b59,2026-04-13,Barcelona,Clay,R32,Tomas Martin Etcheverry,Jack Draper,3-6 6-3 4-1 RET,5.357,7.143,51.786,72.414,62.963,1,4,56.8,47.826,5,6,105,4.348,8.696,52.174,66.667,36.364,1,6,43.2,32.143,3,4,https://raw.githubusercontent.com/JeffSackmann/tennis_atp/master/atp_matches_2026.csv
js_c8a3c729e874bd02,2026-04-13,Barcelona,Clay,R16,Andrey Rublev,Lorenzo Sonego,6-2 6-3,3.704,9.259,55.556,70.0,54.167,4,5,55.645,50.0,5,11,102,1.429,2.857,58.571,51.22,48.276,6,11,44.355,37.037,1,5,https://raw.githubusercontent.com/JeffSackmann/tennis_atp/master/atp_matches_2026.csv
js_e19dc3924b615975,2026-04-13,Barcelona,Clay,R16,Arthur Fils,Brandon Nakashima,6-2 6-3,4.545,2.273,63.636,82.143,50.0,1,2,58.163,48.148,5,9,73,3.704,0.0,62.963,58.824,40.0,4,9,41.837,29.545,1,2,https://raw.githubusercontent.com/JeffSackmann/tennis_atp/master/atp_matches_2026.csv
js_fc4cdf889df425d5,2026-04-13,Barcelona,Clay,R16,Cameron Norrie,Ethan Quinn,6-3 4-6 6-4,3.922,4.902,61.765,69.841,53.846,6,8,52.174,40.952,3,7,150,6.667,5.714,59.048,69.355,44.186,4,7,47.826,36.275,2,8,https://raw.githubusercontent.com/JeffSackmann/tennis_atp/master/atp_matches_2026.csv
js_0934f83012e8526e,2026-04-13,Barcelona,Clay,R16,Hamad Medjedovic,Alex De Minaur,6-3 6-4,8.108,1.351,66.216,73.469,44.0,8,9,53.543,39.623,3,8,95,1.887,9.434,35.849,68.421,55.882,5,8,46.457,36.486,1,9,https://raw.githubusercontent.com/JeffSackmann/tennis_atp/master/atp_matches_2026.csv
js_c19615014e1b1256,2026-04-13,Barcelona,Clay,R16,Lorenzo Musetti,Corentin Moutet,6-3 6-4,3.125,0.0,65.625,69.048,63.636,5,6,55.285,42.373,3,5,101,1.695,5.085,69.492,60.976,50.0,2,5,44.715,32.812,1,6,https://raw.githubusercontent.com/JeffSackmann/tennis_atp/master/atp_matches_2026.csv
js_83f97dbd4742adce,2026-04-13,Barcelona,Clay,R16,Nuno Borges,Tomas Martin Etcheverry,6-3 7-6(4),6.024,6.024,55.422,80.435,54.054,4,5,55.405,38.462,2,8,121,0.0,6.154,55.385,58.333,65.517,6,8,44.595,31.325,1,5,https://raw.githubusercontent.com/JeffSackmann/tennis_atp/master/atp_matches_2026.csv
js_bab5e21a84d9031d,2026-04-13,Barcelona,Clay,R16,Rafael Jodar,Camilo Ugo Carabelli,6-3 6-3,0.0,1.667,70.0,64.286,66.667,4,5,56.589,49.275,4,9,89,0.0,2.899,53.623,56.757,43.75,5,9,43.411,35.0,1,5,https://raw.githubusercontent.com/JeffSackmann/tennis_atp/master/atp_matches_2026.csv
js_1f72ee2460804dcd,2026-04-13,Barcelona,Clay,R16,Tomas Machac,Carlos Alcaraz,W/O,,,,,,,,,,,,,,,,,,,,,,,,https://raw.githubusercontent.com/JeffSackmann/tennis_atp/master/atp_matches_2026.csv
js_ed7c4916b4b06c34,2026-04-13,Barcelona,Clay,QF,Andrey Rublev,Tomas Machac,6-4 6-3,1.667,5.0,51.667,64.516,48.276,4,7,54.762,53.03,6,13,85,0.0,4.545,65.152,51.163,39.13,7,13,45.238,43.333,3,7,https://raw.githubusercontent.com/JeffSackmann/tennis_atp/master/atp_matches_2026.csv
js_443bc672702f42f7,2026-04-13,Barcelona,Clay,QF,Arthur Fils,Lorenzo Musetti,6-3 6-4,3.922,0.0,72.549,78.378,78.571,0,0,55.963,36.207,2,5,75,3.448,3.448,72.414,73.81,37.5,3,5,44.037,21.569,0,0,https://raw.githubusercontent.com/JeffSackmann/tennis_atp/master/atp_matches_2026.csv
js_5625dea087b6dd91,2026-04-13,Barcelona,Clay,QF,Hamad Medjedovic,Nuno Borges,7-6(6) 6-2,10.769,3.077,60.0,79.487,57.692,1,2,53.125,34.921,3,6,94,6.349,3.175,65.079,70.732,54.545,3,6,46.875,29.231,1,2,https://raw.githubusercontent.com/JeffSackmann/tennis_atp/master/atp_matches_2026.csv
js_cab08940bc3fa64a,2026-04-13,Barcelona,Clay,QF,Rafael Jodar,Cameron Norrie,6-3 6-2,8.333,2.083,66.667,75.0,50.0,2,4,60.396,54.717,5,9,69,1.887,1.887,56.604,40.0,52.174,4,9,39.604,33.333,2,4,https://raw.githubusercontent.com/JeffSackmann/tennis_atp/master/atp_matches_2026.csv
js_9d0caceb81e8f17f,2026-04-13,Barcelona,Clay,SF,Andrey Rublev,Hamad Medjedovic,3-6 6-2 6-2,6.329,2.532,59.494,70.213,68.75,5,6,54.438,41.111,4,9,118,6.667,3.333,71.111,62.5,50.0,5,9,45.562,30.38,1,6,https://raw.githubusercontent.com/JeffSackmann/tennis_atp/master/atp_matches_2026.csv
js_6b1f26121be1e87c,2026-04-13,Barcelona,Clay,SF,Arthur Fils,Rafael Jodar,3-6 6-3 6-2,1.22,3.659,56.098,80.435,52.778,6,7,53.049,37.805,3,13,112,2.439,3.659,59.756,67.347,54.545,10,13,46.951,31.707,1,7,https://raw.githubusercontent.com/JeffSackmann/tennis_atp/master/atp_matches_2026.csv
js_5e265c9f6bc96544,2026-04-13,Barcelona,Clay,F,Arthur Fils,Andrey Rublev,6-2 7-6(2),7.463,4.478,56.716,68.421,51.724,5,8,55.195,50.575,5,19,100,1.149,2.299,64.368,58.929,32.258,14,19,44.805,38.806,3,8,https://raw.githubusercontent.com/JeffSackmann/tennis_atp/master/atp_matches_2026.csv
js_780a6d68613a7805,2026-04-13,Munich,Clay,R32,Alex Molcan,Alexander Bublik,6-4 6-2,11.765,1.961,60.784,74.194,60.0,1,2,59.223,50.0,4,9,65,11.538,5.769,67.308,54.286,41.176,5,9,40.777,31.373,1,2,https://raw.githubusercontent.com/JeffSackmann/tennis_atp/master/atp_matches_2026.csv
js_293e18561ce8e62f,2026-04-13,Munich,Clay,R32,Alexander Blockx,Yannick Hanfmann,7-6(2) 6-2,6.557,0.0,67.213,82.927,70.0,0,0,59.2,40.625,2,6,88,4.688,3.125,60.938,71.795,40.0,4,6,40.8,21.311,0,0,https://raw.githubusercontent.com/JeffSackmann/tennis_atp/master/atp_matches_2026.csv
js_ae5d4fdcc7e28347,2026-04-13,Munich,Clay,R32,Alexander Zverev,Miomir Kecmanovic,6-3 3-6 7-6(2),13.953,3.488,66.279,75.439,58.621,1,4,53.723,40.196,3,8,138,0.98,1.961,58.824,68.333,47.619,5,8,46.277,30.233,3,4,https://raw.githubusercontent.com/JeffSackmann/tennis_atp/master/atp_matches_2026.csv
js_364391cace4cb647,2026-04-13,Munich,Clay,R32,Arthur Rinderknech,Alex Michelsen,6-3 6-3,5.172,3.448,70.69,78.049,52.941,0,0,56.522,46.25,3,12,101,3.75,8.75,63.75,62.745,37.931,9,12,43.478,29.31,0,0,https://raw.githubusercontent.com/JeffSackmann/tennis_atp/master/atp_matches_2026.csv
js_c8a39681f33a6fc3,2026-04-13,Munich,Clay,R32,Ben Shelton,Emilio Nava,7-6(4) 3-6 6-3,16.667,7.143,60.714,76.471,66.667,3,5,51.685,32.979,2,6,126,4.255,2.128,65.957,74.194,53.125,4,6,48.315,27.381,2,5,https://raw.githubusercontent.com/JeffSackmann/tennis_atp/master/atp_matches_2026.csv
js_9facdd0b85706c1f,2026-04-13,Munich,Clay,R32,Botic Van De Zandschulp,Marc Andrea Huesler,7-6(7) 6-3,2.817,7.042,66.197,68.085,50.0,3,5,54.054,46.753,4,10,110,3.896,2.597,53.247,58.537,47.222,6,10,45.946,38.028,2,5,https://raw.githubusercontent.com/JeffSackmann/tennis_atp/master/atp_matches_2026.csv
js_c98f63e2c08f52f9,2026-04-13,Munich,Clay,R32,Daniel Altmaier,Marin Cilic,6-2 6-3,18.367,2.041,67.347,81.818,75.0,2,2,61.224,42.857,3,4,69,6.122,4.082,63.265,64.516,44.444,1,4,38.776,20.408,0,2,https://raw.githubusercontent.com/JeffSackmann/tennis_atp/master/atp_matches_2026.csv
js_75e0e30de90dee54,2026-04-13,Munich,Clay,R32,Denis Shapovalov,Tallon Griekspoor,6-4 3-6 6-2,3.659,7.317,58.537,64.583,61.765,3,6,52.695,42.353,4,12,122,4.706,4.706,65.882,64.286,44.828,8,12,47.305,36.585,3,6,https://raw.githubusercontent.com/JeffSackmann/tennis_atp/master/atp_matches_2026.csv
js_6e78093dd3038896,2026-04-13,Munich,Clay,R32,Fabian Marozsan,Stefanos Tsitsipas,3-6 7-6(5) 6-4,3.333,2.222,65.556,77.966,61.29,3,5,51.643,36.585,1,15,148,4.878,3.252,62.602,70.13,52.174,14,15,48.357,27.778,2,5,https://raw.githubusercontent.com/JeffSackmann/tennis_atp/master/atp_matches_2026.csv
js_39973fd2e01fd875,2026-04-13,Munich,Clay,R32,Flavio Cobolli,Diego Dedura Palomero,6-4 7-5,3.03,7.576,59.091,76.923,55.556,0,1,52.899,38.889,3,9,86,0.0,4.167,77.778,66.071,43.75,6,9,47.101,31.818,1,1,https://raw.githubusercontent.com/JeffSackmann/tennis_atp/master/atp_matches_2026.csv
js_94d1dd70a8543d53,2026-04-13,Munich,Clay,R32,Francisco Cerundolo,Sumit Nagal,6-2 6-2,3.333,3.333,60.0,75.0,50.0,8,8,56.364,46.0,4,10,80,0.0,2.0,74.0,56.757,46.154,6,10,43.636,35.0,0,8,https://raw.githubusercontent.com/JeffSackmann/tennis_atp/master/atp_matches_2026.csv
js_fbf7fd78d141d821,2026-04-13,Munich,Clay,R32,Gabriel Diallo,Vitaliy Sachko,6-1 6-2,7.547,3.774,71.698,78.947,46.667,5,5,61.224,51.111,4,9,76,4.444,0.0,44.444,55.0,44.0,5,9,38.776,30.189,0,5,https://raw.githubusercontent.com/JeffSackmann/tennis_atp/master/atp_matches_2026.csv
js_1c5835216e919652,2026-04-13,Munich,Clay,R32,Joao Fonseca,Alejandro Tabilo,7-6(1) 6-3,4.545,1.515,65.152,72.093,60.87,2,3,55.224,42.647,3,7,93,5.882,0.0,58.824,67.5,42.857,4,7,44.776,31.818,1,3,https://raw.githubusercontent.com/JeffSackmann/tennis_atp/master/atp_matches_2026.csv
js_73c8cf3640c0fc85,2026-04-13,Munich,Clay,R32,Luciano Darderi,Zhizhen Zhang,7-6(5) 3-6 6-1,8.989,3.371,57.303,72.549,60.526,3,6,53.552,40.426,4,11,127,11.702,2.128,68.085,70.312,36.667,7,11,46.448,32.584,3,6,https://raw.githubusercontent.com/JeffSackmann/tennis_atp/master/atp_matches_2026.csv
js_761bcbf582ee5f9c,2026-04-13,Munich,Clay,R32,Vit Kopriva,Justin Engel,6-3 5-7 6-2,2.083,2.083,64.583,66.129,44.118,2,6,52.486,45.882,6,12,130,1.176,2.353,64.706,56.364,50.0,6,12,47.514,41.667,4,6,https://raw.githubusercontent.com/JeffSackmann/tennis_atp/master/atp_matches_2026.csv
js_b15903353b9aad8c,2026-04-13,Munich,Clay,R32,Zizou Bergs,Marko Topo,6-1 6-4,10.714,7.143,48.214,59.259,65.517,2,4,58.824,54.348,5,8,69,4.348,8.696,67.391,54.839,26.667,3,8,41.176,37.5,2,4,https://raw.githubusercontent.com/JeffSackmann/tennis_atp/master/atp_matches_2026.csv
js_8617cc16a3909056,2026-04-13,Munich,Clay,R16,Alex Molcan,Daniel Altmaier,6-4 7-6(10),2.941,0.0,63.235,83.721,64.0,0,0,53.676,30.882,1,1,103,8.824,7.353,69.118,78.723,47.619,0,1,46.324,23.529,0,0,https://raw.githubusercontent.com/JeffSackmann/tennis_atp/master/atp_matches_2026.csv
js_718302067c5fc7a7,2026-04-13,Munich,Clay,R16,Alexander Zverev,Gabriel Diallo,6-1 6-2,7.5,2.5,75.0,83.333,50.0,1,1,63.441,54.717,5,8,73,3.774,0.0,58.491,54.839,31.818,3,8,36.559,25.0,0,1,https://raw.githubusercontent.com/JeffSackmann/tennis_atp/master/atp_matches_2026.csv
js_0c216892ed35fbea,2026-04-13,Munich,Clay,R16,Ben Shelton,Alexander Blockx,6-4 7-6(8),5.195,2.597,63.636,75.51,71.429,3,3,52.98,31.081,1,2,106,0.0,0.0,60.811,77.778,55.172,1,2,47.02,25.974,0,3,https://raw.githubusercontent.com/JeffSackmann/tennis_atp/master/atp_matches_2026.csv
js_37999e4da05c2333,2026-04-13,Munich,Clay,R16,Denis Shapovalov,Fabian Marozsan,7-6(4) 6-2,5.97,11.94,56.716,78.947,58.621,3,3,52.756,33.333,2,4,85,5.0,1.667,73.333,63.636,75.0,2,4,47.244,29.851,0,3,https://raw.githubusercontent.com/JeffSackmann/tennis_atp/master/atp_matches_2026.csv
js_5322ebce50cbe6be,2026-04-13,Munich,Clay,R16,Flavio Cobolli,Zizou Bergs,6-2 6-3,8.163,6.122,53.061,88.462,60.87,1,1,62.366,47.727,3,3,73,2.273,11.364,56.818,68.0,31.579,0,3,37.634,24.49,0,1,https://raw.githubusercontent.com/JeffSackmann/tennis_atp/master/atp_matches_2026.csv
js_58b7b134c6fb0de0,2026-04-13,Munich,Clay,R16,Francisco Cerundolo,Botic Van De Zandschulp,6-3 6-0,0.0,5.0,50.0,70.0,65.0,3,4,61.702,57.407,6,11,64,0.0,7.407,57.407,48.387,34.783,5,11,38.298,32.5,1,4,https://raw.githubusercontent.com/JeffSackmann/tennis_atp/master/atp_matches_2026.csv
js_54ac50e97475dcf7,2026-04-13,Munich,Clay,R16,Joao Fonseca,Arthur Rinderknech,6-3 6-2,3.279,1.639,67.213,75.61,50.0,9,9,57.265,46.429,3,7,81,7.143,8.929,66.071,62.162,36.842,4,7,42.735,32.787,0,9,https://raw.githubusercontent.com/JeffSackmann/tennis_atp/master/atp_matches_2026.csv
js_d4ec17a97f0a1bed,2026-04-13,Munich,Clay,R16,Vit Kopriva,Luciano Darderi,2-6 6-4 6-1,5.682,3.409,61.364,66.667,52.941,6,10,53.614,44.872,5,6,120,5.128,1.282,52.564,63.415,45.946,1,6,46.386,38.636,4,10,https://raw.githubusercontent.com/JeffSackmann/tennis_atp/master/atp_matches_2026.csv
js_a761204631e956a2,2026-04-13,Munich,Clay,QF,Alex Molcan,Denis Shapovalov,6-4 6-4,3.846,5.769,53.846,67.857,79.167,0,1,56.637,42.623,3,9,78,6.557,11.475,52.459,71.875,41.379,6,9,43.363,26.923,1,1,https://raw.githubusercontent.com/JeffSackmann/tennis_atp/master/atp_matches_2026.csv
js_23aa8718247037e5,2026-04-13,Munich,Clay,QF,Alexander Zverev,Francisco Cerundolo,5-7 6-0 6-2,4.167,4.167,72.222,65.385,65.0,0,3,56.364,49.462,7,12,135,1.075,4.301,55.914,55.769,43.902,5,12,43.636,34.722,3,3,https://raw.githubusercontent.com/JeffSackmann/tennis_atp/master/atp_matches_2026.csv
js_ccb413cd880a502f,2026-04-13,Munich,Clay,QF,Ben Shelton,Joao Fonseca,6-3 3-6 6-3,10.0,2.857,64.286,84.444,68.0,0,1,54.11,31.579,2,7,109,3.947,0.0,65.789,70.0,65.385,5,7,45.89,21.429,1,1,https://raw.githubusercontent.com/JeffSackmann/tennis_atp/master/atp_matches_2026.csv
js_9187e501165e9d5a,2026-04-13,Munich,Clay,QF,Flavio Cobolli,Vit Kopriva,6-3 6-2,1.667,5.0,51.667,70.968,58.621,5,6,57.627,50.0,4,12,86,1.724,5.172,60.345,57.143,39.13,8,12,42.373,35.0,1,6,https://raw.githubusercontent.com/JeffSackmann/tennis_atp/master/atp_matches_2026.csv
js_72d13c731715cd59,2026-04-13,Munich,Clay,SF,Ben Shelton,Alex Molcan,6-3 6-4,9.677,3.226,59.677,72.973,68.0,1,1,53.488,37.313,2,8,96,2.985,2.985,52.239,74.286,50.0,6,8,46.512,29.032,0,1,https://raw.githubusercontent.com/JeffSackmann/tennis_atp/master/atp_matches_2026.csv
js_8fda531ba88dfd27,2026-04-13,Munich,Clay,SF,Flavio Cobolli,Alexander Zverev,6-3 6-3,14.286,2.041,65.306,75.0,58.824,1,2,57.447,44.444,4,5,69,0.0,2.222,77.778,62.857,30.0,1,5,42.553,30.612,1,2,https://raw.githubusercontent.com/JeffSackmann/tennis_atp/master/atp_matches_2026.csv
js_67c349734a1c486b,2026-04-13,Munich,Clay,F,Ben Shelton,Flavio Cobolli,6-2 7-5,5.882,4.412,58.824,85.0,42.857,6,6,54.4,38.596,3,9,90,3.509,5.263,57.895,69.697,50.0,6,9,45.6,32.353,0,6,https://raw.githubusercontent.com/JeffSackmann/tennis_atp/master/atp_matches_2026.csv
js_84ea13ea089ae845,2026-04-22,Madrid Masters,Clay,R128,Adam Walton,Martin Landaluce,6-2 6-3,1.695,0.0,57.627,67.647,60.0,4,5,56.075,45.833,4,5,80,2.083,8.333,62.5,56.667,50.0,1,5,43.925,35.593,1,5,https://raw.githubusercontent.com/JeffSackmann/tennis_atp/master/atp_matches_2026.csv
js_538eb793d19f93e0,2026-04-22,Madrid Masters,Clay,R128,Adolfo Daniel Vallejo,Grigor Dimitrov,6-4 6-4,4.286,1.429,70.0,75.51,47.619,5,6,54.4,38.182,3,5,94,1.818,1.818,67.273,67.568,50.0,2,5,45.6,32.857,1,6,https://raw.githubusercontent.com/JeffSackmann/tennis_atp/master/atp_matches_2026.csv
js_c00a2037f8604126,2026-04-22,Madrid Masters,Clay,R128,Alejandro Tabilo,Valentin Royer,6-2 6-4,14.0,4.0,64.0,87.5,61.111,0,0,59.322,45.588,3,7,76,5.882,5.882,61.765,61.905,42.308,4,7,40.678,22.0,0,0,https://raw.githubusercontent.com/JeffSackmann/tennis_atp/master/atp_matches_2026.csv
js_9269eb482ddc7f88,2026-04-22,Madrid Masters,Clay,R128,Alexander Blockx,Cristian Garin,4-6 7-5 7-5,14.141,3.03,64.646,78.125,60.0,5,6,50.769,29.167,2,6,139,3.125,3.125,63.542,81.967,51.429,4,6,49.231,28.283,1,6,https://raw.githubusercontent.com/JeffSackmann/tennis_atp/master/atp_matches_2026.csv
js_38b5b24ff7ca80c0,2026-04-22,Madrid Masters,Clay,R128,Benjamin Bonzi,Titouan Droguet,6-7(4) 7-6(4) 6-4,2.0,2.0,63.0,84.127,62.162,1,1,52.752,33.051,1,9,152,12.712,2.542,54.237,75.0,57.407,8,9,47.248,24.0,0,1,https://raw.githubusercontent.com/JeffSackmann/tennis_atp/master/atp_matches_2026.csv
js_162768ce19563200,2026-04-22,Madrid Masters,Clay,R128,Camilo Ugo Carabelli,Gael Monfils,6-3 6-4,3.175,1.587,71.429,73.333,72.222,3,3,56.349,39.683,2,7,78,11.111,3.175,73.016,71.739,29.412,5,7,43.651,26.984,0,3,https://raw.githubusercontent.com/JeffSackmann/tennis_atp/master/atp_matches_2026.csv
js_d08ce229454000fe,2026-04-22,Madrid Masters,Clay,R128,Damir Dzumhur,Mattia Bellucci,6-2 6-4,0.0,4.082,69.388,82.353,46.667,1,2,56.436,42.308,4,5,77,0.0,3.846,71.154,59.459,53.333,1,5,43.564,28.571,1,2,https://raw.githubusercontent.com/JeffSackmann/tennis_atp/master/atp_matches_2026.csv
js_f71c4f63b5f11271,2026-04-22,Madrid Masters,Clay,R128,Daniel Merida Aguilar,Marco Trungelliti,6-4 1-6 7-6(6),5.155,3.093,70.103,63.235,41.379,3,8,48.325,41.071,4,13,161,0.893,1.786,58.929,68.182,45.652,9,13,51.675,43.299,5,8,https://raw.githubusercontent.com/JeffSackmann/tennis_atp/master/atp_matches_2026.csv
js_403f57c9d0075635,2026-04-22,Madrid Masters,Clay,R128,Dino Prizmic,Matteo Berrettini,6-3 6-4,4.839,6.452,53.226,78.788,62.069,1,1,55.469,40.909,2,8,99,3.03,1.515,71.212,68.085,36.842,6,8,44.531,29.032,0,1,https://raw.githubusercontent.com/JeffSackmann/tennis_atp/master/atp_matches_2026.csv
js_43ab57a32d5febbe,2026-04-22,Madrid Masters,Clay,R128,Dusan Lajovic,Lorenzo Sonego,6-3 7-6(1),0.0,0.0,68.333,75.61,73.684,1,2,55.652,34.545,2,6,93,7.273,1.818,65.455,72.222,52.632,4,6,44.348,25.0,1,2,https://raw.githubusercontent.com/JeffSackmann/tennis_atp/master/atp_matches_2026.csv
js_35611ed39f5b6ca2,2026-04-22,Madrid Masters,Clay,R128,Elmer Moller,Federico Cina,6-4 7-6(4),4.0,10.667,54.667,78.049,50.0,3,5,52.663,42.553,3,14,117,0.0,4.255,62.766,66.102,42.857,11,14,47.337,34.667,2,5,https://raw.githubusercontent.com/JeffSackmann/tennis_atp/master/atp_matches_2026.csv
js_86de44d6e96f34b3,2026-04-22,Madrid Masters,Clay,R128,Emilio Nava,Jenson Brooksby,6-3 7-5,12.698,3.175,69.841,75.0,42.105,3,4,53.788,43.478,4,5,98,0.0,4.348,66.667,56.522,56.522,1,5,46.212,34.921,1,4,https://raw.githubusercontent.com/JeffSackmann/tennis_atp/master/atp_matches_2026.csv
js_680a1a15092decf4,2026-04-22,Madrid Masters,Clay,R128,Fabian Marozsan,Ethan Quinn,7-6(5) 7-6(6),10.256,3.846,57.692,88.889,60.606,1,1,52.663,31.868,0,3,113,12.088,2.198,60.44,80.0,50.0,3,3,47.337,23.077,0,1,https://raw.githubusercontent.com/JeffSackmann/tennis_atp/master/atp_matches_2026.csv
js_5313f264768c2c5e,2026-04-22,Madrid Masters,Clay,R128,Hubert Hurkacz,Jaime Faria,6-3 6-3,25.532,0.0,65.957,87.097,75.0,3,3,61.321,44.068,3,6,73,1.695,1.695,55.932,51.515,61.538,3,6,38.679,17.021,0,3,https://raw.githubusercontent.com/JeffSackmann/tennis_atp/master/atp_matches_2026.csv
js_3c125a912ea1a219,2026-04-22,Madrid Masters,Clay,R128,Ignacio Buse,Adrian Mannarino,6-4 6-2,12.963,3.704,66.667,77.778,61.111,1,1,58.036,44.828,3,6,83,6.897,3.448,74.138,60.465,40.0,3,6,41.964,27.778,0,1,https://raw.githubusercontent.com/JeffSackmann/tennis_atp/master/atp_matches_2026.csv
js_e5a8132355821374,2026-04-22,Madrid Masters,Clay,R128,Jan Lennard Struff,Alexandre Muller,7-6(3) 6-0,11.864,5.085,44.068,73.077,54.545,4,6,57.143,52.239,5,11,76,10.448,8.955,61.194,63.415,23.077,6,11,42.857,37.288,2,6,https://raw.githubusercontent.com/JeffSackmann/tennis_atp/master/atp_matches_2026.csv
js_ed13fdd7e3892bce,2026-04-22,Madrid Masters,Clay,R128,Jaume Munar,Alexander Shevchenko,6-4 6-1,0.0,3.704,79.63,72.093,72.727,2,2,58.654,44.0,3,5,78,6.0,4.0,52.0,69.231,41.667,2,5,41.346,27.778,0,2,https://raw.githubusercontent.com/JeffSackmann/tennis_atp/master/atp_matches_2026.csv
js_171004508a9fb556,2026-04-22,Madrid Masters,Clay,R128,Juan Manuel Cerundolo,Daniel Altmaier,6-4 6-4,8.0,0.0,62.0,83.871,57.895,0,1,55.556,36.735,3,4,75,12.245,4.082,61.224,76.667,42.105,1,4,44.444,26.0,1,1,https://raw.githubusercontent.com/JeffSackmann/tennis_atp/master/atp_matches_2026.csv
js_bb67170c8e4da55c,2026-04-22,Madrid Masters,Clay,R128,Mariano Navone,Nuno Borges,6-3 6-4,1.449,4.348,69.565,60.417,66.667,1,3,58.197,52.83,4,9,86,7.547,1.887,56.604,63.333,26.087,5,9,41.803,37.681,2,3,https://raw.githubusercontent.com/JeffSackmann/tennis_atp/master/atp_matches_2026.csv
js_4f4dda0611c6abd0,2026-04-22,Madrid Masters,Clay,R128,Marin Cilic,Zizou Bergs,4-6 6-3 6-4,11.25,1.25,52.5,80.952,65.789,2,3,52.174,30.864,2,6,127,12.346,4.938,59.259,77.083,57.576,4,6,47.826,26.25,1,3,https://raw.githubusercontent.com/JeffSackmann/tennis_atp/master/atp_matches_2026.csv
js_25457e2d885343ae,2026-04-22,Madrid Masters,Clay,R128,Martin Damm,Alexei Popyrin,7-6(7) 6-4,13.924,7.595,56.962,80.0,67.647,4,4,51.974,27.397,1,6,107,16.438,2.74,57.534,80.952,61.29,5,6,48.026,25.316,0,4,https://raw.githubusercontent.com/JeffSackmann/tennis_atp/master/atp_matches_2026.csv
js_8c1031e02d14ed0e,2026-04-22,Madrid Masters,Clay,R128,Nicolai Budkov Kjaer,Reilly Opelka,5-3 RET,15.0,0.0,75.0,93.333,40.0,0,0,58.974,36.842,1,1,25,5.263,10.526,47.368,66.667,60.0,0,1,41.026,20.0,0,0,https://raw.githubusercontent.com/JeffSackmann/tennis_atp/master/atp_matches_2026.csv
js_a6a422cf3755bb92,2026-04-22,Madrid Masters,Clay,R128,Pablo Carreno Busta,Marton Fucsovics,4-6 7-6(5) 6-2,3.448,0.0,67.816,74.576,71.429,1,3,54.098,36.458,3,7,147,9.375,4.167,59.375,73.684,48.718,4,7,45.902,26.437,2,3,https://raw.githubusercontent.com/JeffSackmann/tennis_atp/master/atp_matches_2026.csv
js_d11dac88618e4a80,2026-04-22,Madrid Masters,Clay,R128,Rafael Jodar,Jesper De Jong,2-6 7-5 6-4,4.673,2.804,57.944,67.742,37.778,5,10,49.296,43.396,5,11,151,5.66,8.491,55.66,69.492,40.426,6,11,50.704,44.86,5,10,https://raw.githubusercontent.com/JeffSackmann/tennis_atp/master/atp_matches_2026.csv
js_315ca39091fc226b,2026-04-22,Madrid Masters,Clay,R128,Sebastian Ofner,Nikoloz Basilashvili,7-6(5) 7-6(0),20.69,2.299,57.471,84.0,54.054,6,7,53.846,35.366,1,3,99,9.756,7.317,50.0,80.488,48.78,2,3,46.154,28.736,1,7,https://raw.githubusercontent.com/JeffSackmann/tennis_atp/master/atp_matches_2026.csv
js_8e69972373773523,2026-04-22,Madrid Masters,Clay,R128,Stefanos Tsitsipas,Patrick Kypson,3-6 7-6(6) 7-6(4),13.333,2.857,65.714,85.507,44.444,3,4,48.624,27.434,0,4,158,9.735,0.0,62.832,77.465,64.286,4,4,51.376,28.571,1,4,https://raw.githubusercontent.com/JeffSackmann/tennis_atp/master/atp_matches_2026.csv
js_bcbcd505de5b8d4e,2026-04-22,Madrid Masters,Clay,R128,Terence Atmane,Miomir Kecmanovic,6-4 7-5,16.949,1.695,67.797,87.5,52.632,0,0,51.304,25.0,2,3,75,1.786,5.357,62.5,88.571,52.381,1,3,48.696,23.729,0,0,https://raw.githubusercontent.com/JeffSackmann/tennis_atp/master/atp_matches_2026.csv
js_c0e3be38457891d5,2026-04-22,Madrid Masters,Clay,R128,Thiago Agustin Tirante,Roberto Bautista Agut,6-2 6-4,15.909,2.273,61.364,92.593,64.706,0,0,60.0,41.176,3,4,77,0.0,5.882,60.784,67.742,45.0,1,4,40.0,18.182,0,0,https://raw.githubusercontent.com/JeffSackmann/tennis_atp/master/atp_matches_2026.csv
js_1c6691d1cd2ffb6e,2026-04-22,Madrid Masters,Clay,R128,Tomas Machac,Francisco Comesana,3-6 7-6(3) 6-3,10.112,4.494,64.045,73.684,59.375,1,2,50.549,33.333,2,3,129,15.054,3.226,63.441,76.271,50.0,1,3,49.451,31.461,1,2,https://raw.githubusercontent.com/JeffSackmann/tennis_atp/master/atp_matches_2026.csv
js_981036e0a6051dfb,2026-04-22,Madrid Masters,Clay,R128,Vilius Gaubas,Sebastian Baez,7-5 6-1,3.279,1.639,63.934,74.359,59.091,2,2,56.0,43.75,3,7,89,1.562,4.688,70.312,62.222,42.105,4,7,44.0,31.148,0,2,https://raw.githubusercontent.com/JeffSackmann/tennis_atp/master/atp_matches_2026.csv
js_594d64b6f2f98f99,2026-04-22,Madrid Masters,Clay,R128,Vit Kopriva,Zhizhen Zhang,6-2 6-0,11.111,5.556,63.889,82.609,69.231,0,0,64.13,55.357,5,12,56,5.357,7.143,71.429,42.5,50.0,7,12,35.87,22.222,0,0,https://raw.githubusercontent.com/JeffSackmann/tennis_atp/master/atp_matches_2026.csv
js_afee2f5b76a40102,2026-04-22,Madrid Masters,Clay,R128,Yannick Hanfmann,Marcos Giron,6-4 6-7(3) 7-5,17.021,0.0,65.957,82.258,68.75,1,1,51.208,29.204,2,11,143,3.54,1.77,70.796,72.5,66.667,9,11,48.792,22.34,0,1,https://raw.githubusercontent.com/JeffSackmann/tennis_atp/master/atp_matches_2026.csv
js_7bed38ff36476d5a,2026-04-22,Madrid Masters,Clay,R64,Adolfo Daniel Vallejo,Learner Tien,6-4 6-3,4.478,2.985,61.194,68.293,53.846,7,8,54.4,44.828,4,7,79,0.0,6.897,60.345,51.429,60.87,3,7,45.6,37.313,1,8,https://raw.githubusercontent.com/JeffSackmann/tennis_atp/master/atp_matches_2026.csv
js_33aa84ddd5cff279,2026-04-22,Madrid Masters,Clay,R64,Alejandro Davidovich Fokina,Pablo Carreno Busta,6-3 6-3,2.174,2.174,67.391,80.645,53.333,0,1,57.609,43.478,4,7,67,2.174,0.0,67.391,58.065,53.333,3,7,42.391,28.261,1,1,https://raw.githubusercontent.com/JeffSackmann/tennis_atp/master/atp_matches_2026.csv
js_8c4fd6a91c9cbe8f,2026-04-22,Madrid Masters,Clay,R64,Alex Michelsen,Jan Lennard Struff,6-2 6-1,5.0,5.0,70.0,92.857,50.0,0,0,62.5,50.0,4,11,57,7.143,1.786,57.143,53.125,45.833,7,11,37.5,20.0,0,0,https://raw.githubusercontent.com/JeffSackmann/tennis_atp/master/atp_matches_2026.csv
js_961bd85701b052aa,2026-04-22,Madrid Masters,Clay,R64,Alexander Blockx,Brandon Nakashima,3-6 6-3 6-4,18.75,1.25,63.75,74.51,68.966,4,5,52.121,32.941,2,3,111,8.235,0.0,69.412,76.271,46.154,1,3,47.879,27.5,1,5,https://raw.githubusercontent.com/JeffSackmann/tennis_atp/master/atp_matches_2026.csv
js_c4270e08b94a33db,2026-04-22,Madrid Masters,Clay,R64,Alexander Zverev,Mariano Navone,6-1 3-6 6-3,13.115,4.918,72.131,77.273,70.588,0,2,58.647,44.444,4,8,102,0.0,5.556,77.778,60.714,37.5,4,8,41.353,24.59,2,2,https://raw.githubusercontent.com/JeffSackmann/tennis_atp/master/atp_matches_2026.csv
js_8a81f850f11fae61,2026-04-22,Madrid Masters,Clay,R64,Arthur Fils,Ignacio Buse,6-7(4) 7-6(3) 7-5,1.786,2.679,71.429,73.75,53.125,6,8,50.885,34.211,3,7,170,4.386,1.754,73.684,73.81,43.333,4,7,49.115,32.143,2,8,https://raw.githubusercontent.com/JeffSackmann/tennis_atp/master/atp_matches_2026.csv
js_8a90fba97da0e7ac,2026-04-22,Madrid Masters,Clay,R64,Arthur Rinderknech,Dusan Lajovic,6-3 6-2,18.868,1.887,79.245,78.571,63.636,3,3,61.386,45.833,3,6,73,2.083,4.167,68.75,60.606,40.0,3,6,38.614,24.528,0,3,https://raw.githubusercontent.com/JeffSackmann/tennis_atp/master/atp_matches_2026.csv
js_57224a09c91fbb59,2026-04-22,Madrid Masters,Clay,R64,Cameron Norrie,Tomas Machac,6-2 6-7(6) 7-6(5),5.469,3.906,65.625,67.857,52.273,11,12,50.42,36.364,3,7,174,3.636,4.545,58.182,71.875,52.174,4,7,49.58,37.5,1,12,https://raw.githubusercontent.com/JeffSackmann/tennis_atp/master/atp_matches_2026.csv
js_cf2e3866f0bd8306,2026-04-22,Madrid Masters,Clay,R64,Casper Ruud,Jaume Munar,6-0 6-1,7.5,5.0,60.0,79.167,68.75,1,1,67.816,61.702,5,10,65,0.0,0.0,57.447,51.852,20.0,5,10,32.184,25.0,0,1,https://raw.githubusercontent.com/JeffSackmann/tennis_atp/master/atp_matches_2026.csv
js_1ddaf5d17dd5abd7,2026-04-22,Madrid Masters,Clay,R64,Daniel Merida Aguilar,Corentin Moutet,6-3 6-4,2.817,4.225,70.423,72.0,42.857,2,3,53.896,45.783,3,12,111,1.205,2.41,74.699,61.29,33.333,9,12,46.104,36.62,1,3,https://raw.githubusercontent.com/JeffSackmann/tennis_atp/master/atp_matches_2026.csv
js_8bd936ad0b5a368e,2026-04-22,Madrid Masters,Clay,R64,Daniil Medvedev,Fabian Marozsan,6-2 6-7(3) 6-4,3.614,4.819,75.904,79.365,55.0,2,3,55.376,40.777,4,7,129,2.913,0.971,73.786,67.105,37.037,3,7,44.624,26.506,1,3,https://raw.githubusercontent.com/JeffSackmann/tennis_atp/master/atp_matches_2026.csv
js_dd42f87cb90ce81b,2026-04-22,Madrid Masters,Clay,R64,Dino Prizmic,Ben Shelton,6-4 6-7(4) 7-6(5),4.587,1.835,58.716,79.688,57.778,0,0,50.0,30.769,1,6,182,8.547,2.564,66.667,75.641,56.41,5,6,50.0,29.358,0,0,https://raw.githubusercontent.com/JeffSackmann/tennis_atp/master/atp_matches_2026.csv
js_1c3be218392c09a7,2026-04-22,Madrid Masters,Clay,R64,Elmer Moller,Gabriel Diallo,7-5 3-3 RET,1.639,3.279,52.459,56.25,55.172,6,9,50.862,45.455,4,5,92,9.091,1.818,76.364,59.524,38.462,1,5,49.138,44.262,3,9,https://raw.githubusercontent.com/JeffSackmann/tennis_atp/master/atp_matches_2026.csv
js_6346f505110f1840,2026-04-22,Madrid Masters,Clay,R64,Emilio Nava,Valentin Vacherot,6-7(5) 7-6(1) 6-3,14.483,6.207,64.828,74.468,37.255,17,19,50.787,36.697,3,8,179,5.505,4.587,59.633,67.692,56.818,5,8,49.213,38.621,2,19,https://raw.githubusercontent.com/JeffSackmann/tennis_atp/master/atp_matches_2026.csv
js_3f4836bb68907bc5,2026-04-22,Madrid Masters,Clay,R64,Felix Auger Aliassime,Vilius Gaubas,6-3 6-4,15.217,0.0,71.739,90.909,76.923,0,0,60.748,40.984,2,6,81,4.918,1.639,73.77,66.667,37.5,4,6,39.252,13.043,0,0,https://raw.githubusercontent.com/JeffSackmann/tennis_atp/master/atp_matches_2026.csv
js_478f4652c54d36d5,2026-04-22,Madrid Masters,Clay,R64,Flavio Cobolli,Camilo Ugo Carabelli,6-7(7) 6-1 6-4,10.989,3.297,50.549,78.261,68.889,2,2,54.726,39.091,3,11,147,3.636,3.636,60.0,71.212,45.455,8,11,45.274,26.374,0,2,https://raw.githubusercontent.com/JeffSackmann/tennis_atp/master/atp_matches_2026.csv
js_5bed5891a36471b9,2026-04-22,Madrid Masters,Clay,R64,Francisco Cerundolo,Yannick Hanfmann,6-1 7-5,7.353,1.471,57.353,71.795,44.828,7,9,55.396,50.704,5,9,100,1.408,4.225,60.563,55.814,39.286,4,9,44.604,39.706,2,9,https://raw.githubusercontent.com/JeffSackmann/tennis_atp/master/atp_matches_2026.csv
js_1e60156225f3f47f,2026-04-22,Madrid Masters,Clay,R64,Jakub Mensik,Martin Damm,6-3 6-4,16.667,3.704,61.111,87.879,66.667,2,2,56.731,32.0,2,5,66,16.0,10.0,60.0,83.333,45.0,3,5,43.269,20.37,0,2,https://raw.githubusercontent.com/JeffSackmann/tennis_atp/master/atp_matches_2026.csv
js_ba2f0fab7ccaba3f,2026-04-22,Madrid Masters,Clay,R64,Jannik Sinner,Benjamin Bonzi,6-7(6) 6-1 6-4,12.195,1.22,64.634,84.906,68.966,0,0,56.497,36.842,3,13,140,4.211,3.158,69.474,68.182,51.724,10,13,43.503,20.732,0,0,https://raw.githubusercontent.com/JeffSackmann/tennis_atp/master/atp_matches_2026.csv
js_0f48fbcbbcd8d9b4,2026-04-22,Madrid Masters,Clay,R64,Jiri Lehecka,Alejandro Tabilo,3-6 7-6(3) 6-4,17.582,0.0,65.934,80.0,61.29,1,2,50.0,27.368,1,2,129,7.368,2.105,63.158,73.333,71.429,1,2,50.0,26.374,1,2,https://raw.githubusercontent.com/JeffSackmann/tennis_atp/master/atp_matches_2026.csv
js_eff7faa81fab9de8,2026-04-22,Madrid Masters,Clay,R64,Joao Fonseca,Marin Cilic,W/O,,,,,,0,0,,,0,0,,,,,,,0,0,,,0,0,https://raw.githubusercontent.com/JeffSackmann/tennis_atp/master/atp_matches_2026.csv
js_d08883645e695881,2026-04-22,Madrid Masters,Clay,R64,Karen Khachanov,Adam Walton,6-2 6-3,9.091,4.545,72.727,78.125,75.0,3,3,57.983,46.667,4,10,79,5.333,2.667,60.0,60.0,43.333,6,10,42.017,22.727,0,3,https://raw.githubusercontent.com/JeffSackmann/tennis_atp/master/atp_matches_2026.csv
js_b730d0545258dd5e,2026-04-22,Madrid Masters,Clay,R64,Lorenzo Musetti,Hubert Hurkacz,6-4 7-6(4),3.226,1.075,65.591,60.656,59.375,8,9,49.682,34.375,2,6,110,9.375,1.562,57.812,70.27,59.259,4,6,50.318,39.785,1,9,https://raw.githubusercontent.com/JeffSackmann/tennis_atp/master/atp_matches_2026.csv
js_4bb4ddf79fda739b,2026-04-22,Madrid Masters,Clay,R64,Luciano Darderi,Juan Manuel Cerundolo,6-1 6-3,11.538,5.769,50.0,69.231,61.538,2,3,59.184,52.174,5,7,78,6.522,4.348,43.478,50.0,46.154,2,7,40.816,34.615,1,3,https://raw.githubusercontent.com/JeffSackmann/tennis_atp/master/atp_matches_2026.csv
js_740f9ddaadeeafc7,2026-04-22,Madrid Masters,Clay,R64,Nicolai Budkov Kjaer,Denis Shapovalov,6-2 6-1,4.762,2.381,66.667,89.286,57.143,0,0,68.75,57.895,4,6,52,2.632,10.526,39.474,60.0,30.435,2,6,31.25,21.429,0,0,https://raw.githubusercontent.com/JeffSackmann/tennis_atp/master/atp_matches_2026.csv
js_ae79bf9be2ce99c2,2026-04-22,Madrid Masters,Clay,R64,Rafael Jodar,Alex De Minaur,6-3 6-1,6.122,2.041,51.02,68.0,54.167,3,5,59.259,57.627,6,13,75,1.695,3.39,61.017,38.889,47.826,7,13,40.741,38.776,2,5,https://raw.githubusercontent.com/JeffSackmann/tennis_atp/master/atp_matches_2026.csv
js_389820277b396fae,2026-04-22,Madrid Masters,Clay,R64,Stefanos Tsitsipas,Alexander Bublik,6-2 7-5,20.833,2.083,72.917,94.286,53.846,0,0,60.0,43.284,3,5,73,2.985,4.478,59.701,75.0,29.63,2,5,40.0,16.667,0,0,https://raw.githubusercontent.com/JeffSackmann/tennis_atp/master/atp_matches_2026.csv
js_7be035b78ccb5fe5,2026-04-22,Madrid Masters,Clay,R64,Tallon Griekspoor,Damir Dzumhur,6-3 6-4,7.273,0.0,65.455,72.222,57.895,3,5,54.918,44.776,4,10,87,1.493,1.493,68.657,56.522,52.381,6,10,45.082,32.727,2,5,https://raw.githubusercontent.com/JeffSackmann/tennis_atp/master/atp_matches_2026.csv
js_72179adc5750f103,2026-04-22,Madrid Masters,Clay,R64,Terence Atmane,Ugo Humbert,7-6(3) 7-6(5),8.642,2.469,60.494,71.429,68.75,5,7,52.198,37.624,2,10,136,8.911,4.95,52.475,73.585,50.0,8,10,47.802,29.63,2,7,https://raw.githubusercontent.com/JeffSackmann/tennis_atp/master/atp_matches_2026.csv
js_1e5acea0198afecf,2026-04-22,Madrid Masters,Clay,R64,Thiago Agustin Tirante,Tommy Paul,7-5 6-4,8.065,3.226,64.516,85.0,59.091,2,2,55.396,38.961,2,6,102,2.597,5.195,67.532,71.154,40.0,4,6,44.604,24.194,0,2,https://raw.githubusercontent.com/JeffSackmann/tennis_atp/master/atp_matches_2026.csv
js_0dc2b767596c7d13,2026-04-22,Madrid Masters,Clay,R64,Tomas Martin Etcheverry,Sebastian Ofner,6-4 6-4,9.804,1.961,68.627,88.571,62.5,0,0,56.757,36.667,2,4,78,6.667,0.0,53.333,65.625,60.714,2,4,43.243,19.608,0,0,https://raw.githubusercontent.com/JeffSackmann/tennis_atp/master/atp_matches_2026.csv
js_c8bc4a8bfadac3f5,2026-04-22,Madrid Masters,Clay,R64,Vit Kopriva,Andrey Rublev,6-3 6-4,6.897,1.724,72.414,88.095,43.75,2,2,57.018,37.5,2,4,74,8.929,1.786,75.0,71.429,35.714,2,4,42.982,24.138,0,2,https://raw.githubusercontent.com/JeffSackmann/tennis_atp/master/atp_matches_2026.csv
js_8b1de989684d0419,2026-04-22,Madrid Masters,Clay,R32,Alexander Blockx,Felix Auger Aliassime,7-6(3) 6-3,7.576,3.03,63.636,83.333,62.5,1,1,56.154,35.938,1,1,93,3.125,4.688,59.375,71.053,53.846,0,1,43.846,24.242,0,1,https://raw.githubusercontent.com/JeffSackmann/tennis_atp/master/atp_matches_2026.csv
js_8fed6b9b61a00ccc,2026-04-22,Madrid Masters,Clay,R32,Alexander Zverev,Terence Atmane,6-3 7-6(2),3.704,1.852,72.222,82.051,60.0,0,1,54.615,39.474,3,7,97,3.947,1.316,68.421,73.077,33.333,4,7,45.385,24.074,1,1,https://raw.githubusercontent.com/JeffSackmann/tennis_atp/master/atp_matches_2026.csv
js_935cd995e132dbbb,2026-04-22,Madrid Masters,Clay,R32,Arthur Fils,Emilio Nava,7-6(2) 6-3,4.478,4.478,70.149,80.851,60.0,1,2,56.391,37.879,2,6,90,15.152,0.0,59.091,69.231,51.852,4,6,43.609,25.373,1,2,https://raw.githubusercontent.com/JeffSackmann/tennis_atp/master/atp_matches_2026.csv
js_099947e120b5f2f6,2026-04-22,Madrid Masters,Clay,R32,Cameron Norrie,Thiago Agustin Tirante,7-5 7-6(5),2.778,0.0,72.222,73.077,70.0,0,0,50.355,27.536,1,3,108,8.696,2.899,57.971,75.0,68.966,2,3,49.645,27.778,0,0,https://raw.githubusercontent.com/JeffSackmann/tennis_atp/master/atp_matches_2026.csv
js_547142ecb469bc61,2026-04-22,Madrid Masters,Clay,R32,Casper Ruud,Alejandro Davidovich Fokina,6-3 6-1,6.667,4.444,62.222,71.429,64.706,0,1,62.5,56.863,5,8,80,1.961,3.922,66.667,44.118,41.176,3,8,37.5,31.111,1,1,https://raw.githubusercontent.com/JeffSackmann/tennis_atp/master/atp_matches_2026.csv
js_c076173dffa173d7,2026-04-22,Madrid Masters,Clay,R32,Daniil Medvedev,Nicolai Budkov Kjaer,6-3 6-2,4.444,4.444,62.222,71.429,47.059,2,4,59.184,56.604,6,8,69,0.0,1.887,50.943,40.741,46.154,2,8,40.816,37.778,2,4,https://raw.githubusercontent.com/JeffSackmann/tennis_atp/master/atp_matches_2026.csv
js_59c3c1edb9240d15,2026-04-22,Madrid Masters,Clay,R32,Flavio Cobolli,Adolfo Daniel Vallejo,6-3 6-2,5.263,5.263,50.877,86.207,50.0,1,1,58.654,46.809,3,4,73,0.0,2.128,59.574,53.571,52.632,1,4,41.346,31.579,0,1,https://raw.githubusercontent.com/JeffSackmann/tennis_atp/master/atp_matches_2026.csv
js_eca1bf4a3385eb30,2026-04-22,Madrid Masters,Clay,R32,Francisco Cerundolo,Luciano Darderi,6-2 6-3,16.667,0.0,54.167,76.923,86.364,0,0,61.0,42.308,3,7,74,1.923,0.0,48.077,68.0,48.148,4,7,39.0,18.75,0,0,https://raw.githubusercontent.com/JeffSackmann/tennis_atp/master/atp_matches_2026.csv
js_4eee07cd81efc862,2026-04-22,Madrid Masters,Clay,R32,Jakub Mensik,Karen Khachanov,6-4 7-6(11),20.0,2.857,70.0,81.633,57.143,0,0,53.289,35.366,1,4,107,10.976,1.22,65.854,75.926,42.857,3,4,46.711,25.714,0,0,https://raw.githubusercontent.com/JeffSackmann/tennis_atp/master/atp_matches_2026.csv
js_e11c843ca45f9deb,2026-04-22,Madrid Masters,Clay,R32,Jannik Sinner,Elmer Moller,6-2 6-3,13.725,1.961,70.588,72.222,53.333,0,1,56.436,46.0,4,9,77,8.0,6.0,56.0,67.857,36.364,5,9,43.564,33.333,1,1,https://raw.githubusercontent.com/JeffSackmann/tennis_atp/master/atp_matches_2026.csv
js_bbdb13175bbd959b,2026-04-22,Madrid Masters,Clay,R32,Jiri Lehecka,Alex Michelsen,6-4 6-2,17.544,0.0,75.439,76.744,57.143,0,0,56.78,42.623,3,6,85,4.918,4.918,62.295,63.158,47.826,3,6,43.22,28.07,0,0,https://raw.githubusercontent.com/JeffSackmann/tennis_atp/master/atp_matches_2026.csv
js_45eb33f30c1c8a2e,2026-04-22,Madrid Masters,Clay,R32,Lorenzo Musetti,Tallon Griekspoor,6-4 7-5,8.333,3.333,68.333,78.049,47.368,2,4,53.846,41.429,4,9,100,5.714,5.714,54.286,73.684,40.625,5,9,46.154,31.667,2,4,https://raw.githubusercontent.com/JeffSackmann/tennis_atp/master/atp_matches_2026.csv
js_ee880096993f5927,2026-04-22,Madrid Masters,Clay,R32,Rafael Jodar,Joao Fonseca,7-6(4) 4-6 6-1,4.167,1.042,59.375,80.702,46.154,5,7,51.397,33.735,3,4,127,3.614,2.41,66.265,69.091,60.714,1,4,48.603,33.333,2,7,https://raw.githubusercontent.com/JeffSackmann/tennis_atp/master/atp_matches_2026.csv
js_d3023a86a9e6f03e,2026-04-22,Madrid Masters,Clay,R32,Stefanos Tsitsipas,Daniel Merida Aguilar,6-4 6-2,5.769,0.0,57.692,80.0,72.727,4,4,58.416,38.776,3,4,68,0.0,2.041,65.306,68.75,47.059,1,4,41.584,23.077,0,4,https://raw.githubusercontent.com/JeffSackmann/tennis_atp/master/atp_matches_2026.csv
js_aee7d5118afb9e1a,2026-04-22,Madrid Masters,Clay,R32,Tomas Martin Etcheverry,Dino Prizmic,2-6 6-4 6-3,9.859,7.042,67.606,87.5,21.739,1,4,50.98,37.805,4,11,130,3.659,2.439,58.537,68.75,52.941,7,11,49.02,33.803,3,4,https://raw.githubusercontent.com/JeffSackmann/tennis_atp/master/atp_matches_2026.csv
js_7da9dc86998b99c0,2026-04-22,Madrid Masters,Clay,R32,Vit Kopriva,Arthur Rinderknech,6-4 3-6 0-0 RET,3.175,3.175,58.73,70.27,53.846,8,9,46.721,28.814,1,6,93,18.644,1.695,66.102,76.923,60.0,5,6,53.279,36.508,1,9,https://raw.githubusercontent.com/JeffSackmann/tennis_atp/master/atp_matches_2026.csv
js_f4510c137096286d,2026-04-22,Madrid Masters,Clay,R16,Alexander Blockx,Francisco Cerundolo,7-6(8) 6-2,7.692,2.564,60.256,80.851,58.065,8,8,53.289,33.784,2,6,98,4.054,2.703,59.459,79.545,46.667,4,6,46.711,28.205,0,8,https://raw.githubusercontent.com/JeffSackmann/tennis_atp/master/atp_matches_2026.csv
js_cbac1872ba7d11a9,2026-04-22,Madrid Masters,Clay,R16,Alexander Zverev,Jakub Mensik,6-4 6-7(4) 6-3,13.043,3.261,67.391,80.645,56.667,2,3,53.448,31.707,3,6,138,8.537,3.659,60.976,80.0,50.0,3,6,46.552,27.174,1,3,https://raw.githubusercontent.com/JeffSackmann/tennis_atp/master/atp_matches_2026.csv
js_043482be19451a7e,2026-04-22,Madrid Masters,Clay,R16,Arthur Fils,Tomas Martin Etcheverry,6-3 6-4,3.175,1.587,61.905,74.359,66.667,5,5,54.783,34.615,2,5,90,3.846,3.846,53.846,64.286,66.667,3,5,45.217,28.571,0,5,https://raw.githubusercontent.com/JeffSackmann/tennis_atp/master/atp_matches_2026.csv
js_140d259e5067d879,2026-04-22,Madrid Masters,Clay,R16,Casper Ruud,Stefanos Tsitsipas,6-7(4) 7-6(2) 7-6(3),7.619,1.905,70.476,82.432,67.742,4,5,53.659,35.461,1,12,177,4.255,2.837,60.284,72.941,51.786,11,12,46.341,21.905,1,5,https://raw.githubusercontent.com/JeffSackmann/tennis_atp/master/atp_matches_2026.csv
js_e35fe593b9930b67,2026-04-22,Madrid Masters,Clay,R16,Flavio Cobolli,Daniil Medvedev,6-3 5-7 6-4,4.762,1.905,58.095,70.492,61.364,4,6,52.195,37.0,3,6,139,8.0,7.0,60.0,78.333,40.0,3,6,47.805,33.333,2,6,https://raw.githubusercontent.com/JeffSackmann/tennis_atp/master/atp_matches_2026.csv
js_01f7e96bf66ad1a3,2026-04-22,Madrid Masters,Clay,R16,Jannik Sinner,Cameron Norrie,6-2 7-5,16.0,2.0,62.0,80.645,63.158,0,1,56.14,42.188,4,9,86,7.812,6.25,64.062,65.854,43.478,5,9,43.86,26.0,1,1,https://raw.githubusercontent.com/JeffSackmann/tennis_atp/master/atp_matches_2026.csv
js_513a58391f604e2b,2026-04-22,Madrid Masters,Clay,R16,Jiri Lehecka,Lorenzo Musetti,6-3 6-3,2.041,0.0,69.388,82.353,66.667,4,4,60.0,44.643,3,4,74,3.571,0.0,76.786,65.116,23.077,1,4,40.0,22.449,0,4,https://raw.githubusercontent.com/JeffSackmann/tennis_atp/master/atp_matches_2026.csv
js_21bbf9bbbcd26e7a,2026-04-22,Madrid Masters,Clay,R16,Rafael Jodar,Vit Kopriva,7-5 6-0,6.0,0.0,54.0,70.37,82.609,2,2,61.111,48.276,4,7,78,3.448,8.621,46.552,51.852,51.613,3,7,38.889,24.0,0,2,https://raw.githubusercontent.com/JeffSackmann/tennis_atp/master/atp_matches_2026.csv
js_82c3f95d54ea8c8f,2026-04-22,Madrid Masters,Clay,QF,Alexander Blockx,Casper Ruud,6-4 6-4,3.077,4.615,50.769,84.848,43.75,2,3,54.331,43.548,3,7,96,1.613,1.613,67.742,59.524,50.0,4,7,45.669,35.385,1,3,https://raw.githubusercontent.com/JeffSackmann/tennis_atp/master/atp_matches_2026.csv
js_7ff16aa0557eee64,2026-04-22,Madrid Masters,Clay,QF,Alexander Zverev,Flavio Cobolli,6-1 6-4,23.077,3.846,75.0,82.051,46.154,2,2,58.772,46.774,3,11,90,1.613,6.452,56.452,48.571,59.259,8,11,41.228,26.923,0,2,https://raw.githubusercontent.com/JeffSackmann/tennis_atp/master/atp_matches_2026.csv
js_2030d9ba03ce0338,2026-04-22,Madrid Masters,Clay,QF,Arthur Fils,Jiri Lehecka,6-3 6-4,3.774,3.774,66.038,85.714,55.556,0,0,55.238,34.615,2,2,74,11.538,0.0,75.0,64.103,69.231,0,2,44.762,24.528,0,0,https://raw.githubusercontent.com/JeffSackmann/tennis_atp/master/atp_matches_2026.csv
js_3430af521c50ee26,2026-04-22,Madrid Masters,Clay,QF,Jannik Sinner,Rafael Jodar,6-2 7-6(0),7.692,2.564,65.385,72.549,62.963,7,7,56.954,43.836,2,9,116,5.479,1.37,67.123,61.224,45.833,7,9,43.046,30.769,0,7,https://raw.githubusercontent.com/JeffSackmann/tennis_atp/master/atp_matches_2026.csv
js_4a48dbc833474b28,2026-04-22,Madrid Masters,Clay,SF,Alexander Zverev,Alexander Blockx,6-2 7-5,11.538,3.846,76.923,85.0,66.667,0,0,58.088,44.048,3,14,96,7.143,2.381,59.524,72.0,32.353,11,14,41.912,19.231,0,0,https://raw.githubusercontent.com/JeffSackmann/tennis_atp/master/atp_matches_2026.csv
js_675b93e001452e0e,2026-04-22,Madrid Masters,Clay,SF,Jannik Sinner,Arthur Fils,6-2 6-4,8.696,2.174,52.174,87.5,68.182,0,0,57.944,42.623,3,6,86,4.918,3.279,49.18,70.0,45.161,3,6,42.056,21.739,0,0,https://raw.githubusercontent.com/JeffSackmann/tennis_atp/master/atp_matches_2026.csv
js_f569cfc00dcf57d1,2026-04-22,Madrid Masters,Clay,F,Jannik Sinner,Alexander Zverev,6-1 6-2,20.513,2.564,74.359,93.103,50.0,0,0,68.919,54.286,4,4,57,5.714,2.857,77.143,51.852,25.0,0,4,31.081,17.949,0,0,https://raw.githubusercontent.com/JeffSackmann/tennis_atp/master/atp_matches_2026.csv
js_cc4fd8f6f41150e3,2026-05-06,Rome Masters,Clay,R128,Alejandro Tabilo,Pablo Carreno Busta,6-2 6-1,0.0,0.0,63.415,88.462,60.0,0,0,61.856,50.0,4,14,72,3.571,1.786,82.143,50.0,50.0,10,14,38.144,21.951,0,0,https://raw.githubusercontent.com/JeffSackmann/tennis_atp/master/atp_matches_2026.csv
js_c807b3932d929ee6,2026-05-06,Rome Masters,Clay,R128,Aleksandar Vukic,Patrick Kypson,6-3 5-7 6-0,12.941,2.353,60.0,76.471,44.118,4,7,55.172,47.191,6,12,119,13.483,5.618,58.427,67.308,32.432,6,12,44.828,36.471,3,7,https://raw.githubusercontent.com/JeffSackmann/tennis_atp/master/atp_matches_2026.csv
js_acf04a6724288e1a,2026-05-06,Rome Masters,Clay,R128,Alexander Blockx,Federico Cina,4-6 6-1 6-3,15.789,6.579,61.842,82.979,41.379,2,4,54.706,44.681,5,13,119,4.255,2.128,55.319,59.615,50.0,8,13,45.294,32.895,2,4,https://raw.githubusercontent.com/JeffSackmann/tennis_atp/master/atp_matches_2026.csv
js_718738f4f707114e,2026-05-06,Rome Masters,Clay,R128,Alexander Shevchenko,Camilo Ugo Carabelli,6-3 4-6 7-6(5),4.082,6.122,47.959,74.468,54.902,3,6,51.22,39.252,4,11,168,0.935,3.738,51.402,67.273,53.846,7,11,48.78,35.714,3,6,https://raw.githubusercontent.com/JeffSackmann/tennis_atp/master/atp_matches_2026.csv
js_c839a588760bfd04,2026-05-06,Rome Masters,Clay,R128,Alexei Popyrin,Matteo Berrettini,6-2 6-3,5.172,0.0,56.897,78.788,56.0,1,1,56.604,41.667,3,8,89,4.167,6.25,58.333,64.286,50.0,5,8,43.396,31.034,0,1,https://raw.githubusercontent.com/JeffSackmann/tennis_atp/master/atp_matches_2026.csv
js_932520dc07e335da,2026-05-06,Rome Masters,Clay,R128,Andrea Pellegrino,Luca Nardi,4-6 6-3 6-3,0.0,2.222,54.444,71.429,58.537,2,4,53.333,41.111,4,11,131,2.222,1.111,64.444,63.793,50.0,7,11,46.667,34.444,2,4,https://raw.githubusercontent.com/JeffSackmann/tennis_atp/master/atp_matches_2026.csv
js_b733a7680058c81b,2026-05-06,Rome Masters,Clay,R128,Botic Van De Zandschulp,Alexandre Muller,7-5 6-3,3.704,3.704,55.556,80.0,75.0,4,4,56.098,39.13,3,5,92,1.449,0.0,66.667,58.696,65.217,2,5,43.902,22.222,0,4,https://raw.githubusercontent.com/JeffSackmann/tennis_atp/master/atp_matches_2026.csv
js_a0dcb1f9b23e23c0,2026-05-06,Rome Masters,Clay,R128,Cristian Garin,Juan Manuel Cerundolo,7-6(2) 7-5,2.299,2.299,58.621,74.51,47.222,9,11,53.254,42.683,3,9,134,4.878,4.878,68.293,66.071,38.462,6,9,46.746,36.782,2,11,https://raw.githubusercontent.com/JeffSackmann/tennis_atp/master/atp_matches_2026.csv
js_68ba8eb40d261ad2,2026-05-06,Rome Masters,Clay,R128,Damir Dzumhur,Adrian Mannarino,6-4 6-0,2.326,6.977,65.116,71.429,60.0,4,6,61.207,57.534,6,13,90,0.0,0.0,56.164,51.22,31.25,7,13,38.793,32.558,2,6,https://raw.githubusercontent.com/JeffSackmann/tennis_atp/master/atp_matches_2026.csv
js_46b8c242b10142fe,2026-05-06,Rome Masters,Clay,R128,Daniel Altmaier,Zhizhen Zhang,4-6 7-6(3) 6-4,10.891,1.98,64.356,72.308,52.778,3,6,50.769,35.106,3,6,142,6.383,2.128,59.574,78.571,44.737,3,6,49.231,34.653,3,6,https://raw.githubusercontent.com/JeffSackmann/tennis_atp/master/atp_matches_2026.csv
js_75e4d0db20b33956,2026-05-06,Rome Masters,Clay,R128,Dino Prizmic,Marton Fucsovics,6-4 6-3,1.493,4.478,55.224,62.162,60.0,1,3,55.118,48.333,4,12,109,3.333,1.667,60.0,55.556,45.833,8,12,44.882,38.806,2,3,https://raw.githubusercontent.com/JeffSackmann/tennis_atp/master/atp_matches_2026.csv
js_e1b295aedb84eee2,2026-05-06,Rome Masters,Clay,R128,Giovanni Mpetshi Perricard,Jacob Fearnley,7-6(6) 4-6 6-2,11.017,2.542,66.949,69.62,46.154,9,12,51.613,39.394,4,9,155,2.02,13.131,67.677,71.642,37.5,5,9,48.387,38.136,3,12,https://raw.githubusercontent.com/JeffSackmann/tennis_atp/master/atp_matches_2026.csv
js_49d1ac93f55e741c,2026-05-06,Rome Masters,Clay,R128,Hamad Medjedovic,Valentin Royer,6-4 6-3,1.695,8.475,66.102,69.231,55.0,3,4,54.815,47.368,4,12,102,5.263,3.947,55.263,61.905,41.176,8,12,45.185,35.593,1,4,https://raw.githubusercontent.com/JeffSackmann/tennis_atp/master/atp_matches_2026.csv
js_d3d4c932da1254e4,2026-05-06,Rome Masters,Clay,R128,Ignacio Buse,Lorenzo Sonego,6-3 6-3,3.333,3.333,60.0,77.778,54.167,6,7,57.759,46.429,4,7,101,3.571,1.786,60.714,61.765,40.909,3,7,42.241,31.667,1,7,https://raw.githubusercontent.com/JeffSackmann/tennis_atp/master/atp_matches_2026.csv
js_acb8550bb0be30c0,2026-05-06,Rome Masters,Clay,R128,Jan Lennard Struff,Francisco Comesana,6-2 6-4,7.018,0.0,50.877,79.31,64.286,3,3,56.198,42.188,3,7,81,9.375,7.812,62.5,70.0,37.5,4,7,43.802,28.07,0,3,https://raw.githubusercontent.com/JeffSackmann/tennis_atp/master/atp_matches_2026.csv
js_db0c59cb083e1146,2026-05-06,Rome Masters,Clay,R128,Mariano Navone,Denis Shapovalov,6-4 6-2,1.754,3.509,75.439,65.116,50.0,2,4,57.377,53.846,5,15,103,1.538,7.692,52.308,58.824,32.258,10,15,42.623,38.596,2,4,https://raw.githubusercontent.com/JeffSackmann/tennis_atp/master/atp_matches_2026.csv
js_ae3e07d6f8115402,2026-05-06,Rome Masters,Clay,R128,Marin Cilic,Marcos Giron,7-5 6-4,5.0,5.0,43.333,80.769,61.765,2,3,53.488,39.13,3,7,106,1.449,0.0,60.87,57.143,66.667,4,7,46.512,30.0,1,3,https://raw.githubusercontent.com/JeffSackmann/tennis_atp/master/atp_matches_2026.csv
js_a5e6323f9b589dd9,2026-05-06,Rome Masters,Clay,R128,Matteo Arnaldi,Jaume Munar,6-3 3-6 6-3,7.527,7.527,64.516,73.333,51.515,3,4,50.0,33.333,2,7,153,4.598,1.149,66.667,68.966,62.069,5,7,50.0,34.409,1,4,https://raw.githubusercontent.com/JeffSackmann/tennis_atp/master/atp_matches_2026.csv
js_79714a33f4d15b57,2026-05-06,Rome Masters,Clay,R128,Mattia Bellucci,Roman Andres Burruchaga,6-4 6-4,8.696,4.348,55.072,76.316,51.613,7,8,54.93,45.205,3,7,114,2.74,6.849,79.452,58.621,40.0,4,7,45.07,34.783,1,8,https://raw.githubusercontent.com/JeffSackmann/tennis_atp/master/atp_matches_2026.csv
js_0d8a687acf4ee9a9,2026-05-06,Rome Masters,Clay,R128,Miomir Kecmanovic,Dalibor Svrcina,6-2 6-3,0.0,0.0,57.143,75.0,47.619,5,8,60.36,58.065,6,13,84,0.0,8.065,70.968,45.455,33.333,7,13,39.64,36.735,3,8,https://raw.githubusercontent.com/JeffSackmann/tennis_atp/master/atp_matches_2026.csv
js_77b62b52fa4831e1,2026-05-06,Rome Masters,Clay,R128,Nikoloz Basilashvili,Daniel Merida Aguilar,6-4 2-6 6-3,7.955,6.818,53.409,72.34,41.463,4,8,51.813,46.667,5,14,122,0.952,2.857,63.81,62.687,36.842,9,14,48.187,42.045,4,8,https://raw.githubusercontent.com/JeffSackmann/tennis_atp/master/atp_matches_2026.csv
js_a6f9b745ce322b85,2026-05-06,Rome Masters,Clay,R128,Nuno Borges,Jesper De Jong,6-3 6-0,10.526,2.632,60.526,91.304,53.333,1,1,63.736,54.717,5,10,61,3.774,5.66,69.811,51.351,31.25,5,10,36.264,23.684,0,1,https://raw.githubusercontent.com/JeffSackmann/tennis_atp/master/atp_matches_2026.csv
js_6284936fd5542e53,2026-05-06,Rome Masters,Clay,R128,Pablo Llamas Ruiz,Ethan Quinn,6-3 5-7 6-3,0.98,1.961,60.784,66.129,57.5,4,6,52.308,40.86,4,4,150,7.527,2.151,66.667,69.355,38.71,0,4,47.692,37.255,2,6,https://raw.githubusercontent.com/JeffSackmann/tennis_atp/master/atp_matches_2026.csv
js_2144a3602279d355,2026-05-06,Rome Masters,Clay,R128,Roberto Bautista Agut,Francesco Maestrelli,6-3 7-6(2),2.564,0.0,74.359,75.862,55.0,3,3,53.896,36.842,1,8,120,10.526,0.0,73.684,67.857,50.0,7,8,46.104,29.487,0,3,https://raw.githubusercontent.com/JeffSackmann/tennis_atp/master/atp_matches_2026.csv
js_ad3c21f7607bbde5,2026-05-06,Rome Masters,Clay,R128,Sebastian Baez,Jenson Brooksby,6-3 7-6(8),1.389,0.0,76.389,67.273,52.941,3,6,55.479,47.297,5,9,102,1.351,1.351,64.865,56.25,46.154,4,9,44.521,36.111,3,6,https://raw.githubusercontent.com/JeffSackmann/tennis_atp/master/atp_matches_2026.csv
js_969f24c118efe421,2026-05-06,Rome Masters,Clay,R128,Sebastian Ofner,Alex Michelsen,6-3 6-3,6.557,1.639,52.459,84.375,51.724,1,1,55.556,38.298,3,6,75,2.128,0.0,63.83,76.667,35.294,3,6,44.444,31.148,0,1,https://raw.githubusercontent.com/JeffSackmann/tennis_atp/master/atp_matches_2026.csv
js_e7157ef48109edc9,2026-05-06,Rome Masters,Clay,R128,Terence Atmane,Zizou Bergs,6-3 6-4,9.836,3.279,70.492,79.07,61.111,2,2,54.63,29.787,2,5,83,12.766,2.128,68.085,75.0,60.0,3,5,45.37,26.23,0,2,https://raw.githubusercontent.com/JeffSackmann/tennis_atp/master/atp_matches_2026.csv
js_a266d14d3280be6d,2026-05-06,Rome Masters,Clay,R128,Thiago Agustin Tirante,Gianluca Cadenasso ,6-7(5) 6-4 6-0,9.524,0.0,55.952,80.851,64.865,4,5,57.055,39.241,5,7,129,10.127,2.532,73.418,62.069,57.143,2,7,42.945,26.19,1,5,https://raw.githubusercontent.com/JeffSackmann/tennis_atp/master/atp_matches_2026.csv
js_1fcf8787d33399de,2026-05-06,Rome Masters,Clay,R128,Tomas Machac,Stefanos Tsitsipas,6-4 7-6(4),4.478,2.985,68.657,91.304,28.571,1,2,51.471,31.884,2,5,98,11.594,1.449,60.87,73.81,59.259,3,5,48.529,28.358,1,2,https://raw.githubusercontent.com/JeffSackmann/tennis_atp/master/atp_matches_2026.csv
js_bffd8d924c64c180,2026-05-06,Rome Masters,Clay,R128,Vit Kopriva,Fabian Marozsan,6-3 6-3,3.922,1.961,60.784,83.871,50.0,4,6,59.259,49.123,5,11,78,3.509,1.754,66.667,57.895,36.842,6,11,40.741,29.412,2,6,https://raw.githubusercontent.com/JeffSackmann/tennis_atp/master/atp_matches_2026.csv
js_17c8363ad4d0215e,2026-05-06,Rome Masters,Clay,R128,Yannick Hanfmann,Hubert Hurkacz,6-7(3) 7-6(2) 6-2,7.778,0.0,61.111,80.0,71.429,0,1,53.723,32.653,3,9,139,12.245,4.082,65.306,75.0,52.941,6,9,46.277,23.333,1,1,https://raw.githubusercontent.com/JeffSackmann/tennis_atp/master/atp_matches_2026.csv
js_4b29e0cbf69fc90d,2026-05-06,Rome Masters,Clay,R128,Zachary Svajda,Marco Trungelliti,0-6 6-4 7-6(4),4.301,1.075,55.914,76.923,46.341,2,5,48.691,34.694,1,2,132,10.204,2.041,63.265,77.419,44.444,1,2,51.309,36.559,3,5,https://raw.githubusercontent.com/JeffSackmann/tennis_atp/master/atp_matches_2026.csv
js_5b2fca66e16ce3bf,2026-05-06,Rome Masters,Clay,R64,Alejandro Davidovich Fokina,Cristian Garin,7-6(2) 6-4,3.488,1.163,62.791,72.222,53.125,5,6,50.993,32.308,2,4,114,4.615,0.0,70.769,73.913,52.632,2,4,49.007,34.884,1,6,https://raw.githubusercontent.com/JeffSackmann/tennis_atp/master/atp_matches_2026.csv
js_c855f584e4f3661b,2026-05-06,Rome Masters,Clay,R64,Alexander Blockx,Tallon Griekspoor,6-7(5) 6-3 6-4,12.0,3.0,59.0,89.831,53.659,3,3,55.102,34.375,2,3,140,5.208,4.167,63.542,77.049,45.714,1,3,44.898,25.0,0,3,https://raw.githubusercontent.com/JeffSackmann/tennis_atp/master/atp_matches_2026.csv
js_eec02d723bebaf98,2026-05-06,Rome Masters,Clay,R64,Alexander Bublik,Sebastian Baez,6-1 6-2,8.889,4.444,71.111,81.25,53.846,1,1,60.638,48.98,4,9,59,2.041,2.041,75.51,62.162,16.667,5,9,39.362,26.667,0,1,https://raw.githubusercontent.com/JeffSackmann/tennis_atp/master/atp_matches_2026.csv
js_785991100e4f95ac,2026-05-06,Rome Masters,Clay,R64,Alexander Zverev,Daniel Altmaier,7-5 6-3,4.478,0.0,74.627,70.0,47.059,6,8,54.472,42.857,4,5,104,5.357,0.0,64.286,61.111,50.0,1,5,45.528,35.821,2,8,https://raw.githubusercontent.com/JeffSackmann/tennis_atp/master/atp_matches_2026.csv
js_13ac0cf4ee2a1889,2026-05-06,Rome Masters,Clay,R64,Alexei Popyrin,Jakub Mensik,6-3 2-6 6-4,8.861,5.063,67.089,75.472,50.0,5,7,50.943,35.0,3,6,131,7.5,3.75,56.25,71.111,57.143,3,6,49.057,32.911,2,7,https://raw.githubusercontent.com/JeffSackmann/tennis_atp/master/atp_matches_2026.csv
js_9494cdddbc6a7ed1,2026-05-06,Rome Masters,Clay,R64,Andrea Pellegrino,Arthur Fils,4-0 RET,0.0,0.0,70.0,71.429,100.0,0,0,78.261,76.923,2,3,22,7.692,15.385,46.154,33.333,14.286,1,3,21.739,20.0,0,0,https://raw.githubusercontent.com/JeffSackmann/tennis_atp/master/atp_matches_2026.csv
js_1dd94e1ff818c1e2,2026-05-06,Rome Masters,Clay,R64,Andrey Rublev,Miomir Kecmanovic,6-4 6-4,8.0,4.0,46.0,86.957,62.963,0,1,52.427,32.075,3,6,74,7.547,0.0,56.604,73.333,60.87,3,6,47.573,26.0,1,1,https://raw.githubusercontent.com/JeffSackmann/tennis_atp/master/atp_matches_2026.csv
js_b87ac08ad4fda4e7,2026-05-06,Rome Masters,Clay,R64,Botic Van De Zandschulp,Aleksandar Kovacevic,2-6 6-2 7-6(5),7.955,3.409,63.636,71.429,53.125,1,3,48.824,31.707,2,6,127,12.195,2.439,60.976,72.0,62.5,4,6,51.176,35.227,2,3,https://raw.githubusercontent.com/JeffSackmann/tennis_atp/master/atp_matches_2026.csv
js_6082a85820f3e376,2026-05-06,Rome Masters,Clay,R64,Brandon Nakashima,Roberto Bautista Agut,6-4 6-0,6.522,4.348,63.043,75.862,52.941,2,3,61.856,56.863,5,7,82,1.961,5.882,60.784,41.935,45.0,2,7,38.144,32.609,1,3,https://raw.githubusercontent.com/JeffSackmann/tennis_atp/master/atp_matches_2026.csv
js_488dd748dadd8335,2026-05-06,Rome Masters,Clay,R64,Casper Ruud,Zachary Svajda,6-1 6-3,7.895,0.0,57.895,81.818,87.5,0,0,64.13,50.0,4,7,64,3.704,5.556,66.667,55.556,38.889,3,7,35.87,15.789,0,0,https://raw.githubusercontent.com/JeffSackmann/tennis_atp/master/atp_matches_2026.csv
js_fe2caaf0c6f773e8,2026-05-06,Rome Masters,Clay,R64,Daniil Medvedev,Tomas Machac,W/O,,,,,,0,0,,,0,0,,,,,,,0,0,,,0,0,https://raw.githubusercontent.com/JeffSackmann/tennis_atp/master/atp_matches_2026.csv
js_7ee4d5cd686e5f05,2026-05-06,Rome Masters,Clay,R64,Dino Prizmic,Novak Djokovic,2-6 6-2 6-4,3.846,2.564,57.692,68.889,60.606,2,4,51.37,35.294,3,6,135,0.0,1.471,63.235,69.767,56.0,3,6,48.63,34.615,2,4,https://raw.githubusercontent.com/JeffSackmann/tennis_atp/master/atp_matches_2026.csv
js_9ec17f52d2c0e153,2026-05-06,Rome Masters,Clay,R64,Flavio Cobolli,Terence Atmane,7-6(1) 6-3,11.688,2.597,46.753,80.556,60.976,2,2,53.425,34.783,1,2,106,7.246,1.449,66.667,73.913,47.826,1,2,46.575,29.87,0,2,https://raw.githubusercontent.com/JeffSackmann/tennis_atp/master/atp_matches_2026.csv
js_12b260d73fc62090,2026-05-06,Rome Masters,Clay,R64,Frances Tiafoe,Ignacio Buse,6-7(5) 6-3 6-2,2.0,3.0,57.0,68.421,53.488,1,5,54.639,46.809,7,13,163,10.638,3.191,53.191,66.0,38.636,6,13,45.361,38.0,4,5,https://raw.githubusercontent.com/JeffSackmann/tennis_atp/master/atp_matches_2026.csv
js_4a43f07086c9d309,2026-05-06,Rome Masters,Clay,R64,Francisco Cerundolo,Alejandro Tabilo,6-0 6-2,10.811,5.405,54.054,70.0,64.706,0,1,63.736,61.111,6,13,69,1.852,3.704,55.556,46.667,29.167,7,13,36.264,32.432,1,1,https://raw.githubusercontent.com/JeffSackmann/tennis_atp/master/atp_matches_2026.csv
js_f84067b973f22152,2026-05-06,Rome Masters,Clay,R64,Hamad Medjedovic,Joao Fonseca,3-6 6-3 7-6(1),7.143,3.061,66.327,72.308,51.515,6,9,51.099,34.524,3,5,144,8.333,2.381,58.333,67.347,62.857,2,5,48.901,34.694,3,9,https://raw.githubusercontent.com/JeffSackmann/tennis_atp/master/atp_matches_2026.csv
js_3239f95d6cdc2d05,2026-05-06,Rome Masters,Clay,R64,Jannik Sinner,Sebastian Ofner,6-3 6-4,5.556,1.852,61.111,81.818,71.429,0,0,56.198,38.806,2,7,100,8.955,4.478,56.716,68.421,51.724,5,7,43.802,22.222,0,0,https://raw.githubusercontent.com/JeffSackmann/tennis_atp/master/atp_matches_2026.csv
js_5b8e57601bd9a1e2,2026-05-06,Rome Masters,Clay,R64,Jiri Lehecka,Jan Lennard Struff,7-6(4) 6-3,11.111,0.0,61.905,82.051,66.667,2,3,55.285,33.333,2,5,84,6.667,3.333,71.667,72.093,52.941,3,5,44.715,23.81,1,3,https://raw.githubusercontent.com/JeffSackmann/tennis_atp/master/atp_matches_2026.csv
js_625cdea532210419,2026-05-06,Rome Masters,Clay,R64,Karen Khachanov,Alexander Shevchenko,6-4 6-4,7.895,1.316,72.368,67.273,47.619,12,13,53.333,42.373,3,4,103,5.085,1.695,62.712,56.757,59.091,1,4,46.667,38.158,1,13,https://raw.githubusercontent.com/JeffSackmann/tennis_atp/master/atp_matches_2026.csv
js_25d16edf58736208,2026-05-06,Rome Masters,Clay,R64,Learner Tien,Damir Dzumhur,6-2 6-1,2.083,2.083,68.75,54.545,80.0,1,2,58.491,55.172,6,11,68,1.724,1.724,65.517,47.368,40.0,5,11,41.509,37.5,1,2,https://raw.githubusercontent.com/JeffSackmann/tennis_atp/master/atp_matches_2026.csv
js_8e3d5f20d200f23b,2026-05-06,Rome Masters,Clay,R64,Lorenzo Musetti,Giovanni Mpetshi Perricard,6-4 6-4,1.639,1.639,72.131,70.455,64.706,4,5,54.762,41.538,3,6,88,1.538,7.692,64.615,64.286,47.826,3,6,45.238,31.148,1,5,https://raw.githubusercontent.com/JeffSackmann/tennis_atp/master/atp_matches_2026.csv
js_73740693fa133286,2026-05-06,Rome Masters,Clay,R64,Luciano Darderi,Yannick Hanfmann,6-4 6-4,10.169,1.695,52.542,83.871,60.714,1,1,55.462,38.333,2,3,90,5.0,1.667,68.333,63.415,57.895,1,3,44.538,27.119,0,1,https://raw.githubusercontent.com/JeffSackmann/tennis_atp/master/atp_matches_2026.csv
js_ccfd45debc53ce25,2026-05-06,Rome Masters,Clay,R64,Mariano Navone,Felix Auger Aliassime,7-6(4) 7-6(5),1.02,5.102,75.51,66.216,54.167,8,11,52.239,41.748,3,11,173,6.796,1.942,69.903,63.889,45.161,8,11,47.761,36.735,3,11,https://raw.githubusercontent.com/JeffSackmann/tennis_atp/master/atp_matches_2026.csv
js_3e0e1b5a71038ba4,2026-05-06,Rome Masters,Clay,R64,Martin Landaluce,Marin Cilic,6-4 6-4,5.128,7.692,57.692,80.0,48.485,6,6,54.054,40.0,2,10,127,7.143,8.571,48.571,73.529,47.222,8,10,45.946,33.333,0,6,https://raw.githubusercontent.com/JeffSackmann/tennis_atp/master/atp_matches_2026.csv
js_253eb89738be391e,2026-05-06,Rome Masters,Clay,R64,Matteo Arnaldi,Alex De Minaur,4-6 7-6(5) 6-4,3.093,4.124,62.887,77.049,55.556,5,7,51.961,36.449,2,6,176,2.804,1.869,59.813,68.75,55.814,4,6,48.039,30.928,2,7,https://raw.githubusercontent.com/JeffSackmann/tennis_atp/master/atp_matches_2026.csv
js_1ccf23daeb5fd128,2026-05-06,Rome Masters,Clay,R64,Mattia Bellucci,Tomas Martin Etcheverry,5-7 6-2 6-3,11.25,3.75,61.25,75.51,48.387,4,6,51.724,40.426,5,7,154,2.128,2.128,69.149,60.0,58.621,2,7,48.276,35.0,2,6,https://raw.githubusercontent.com/JeffSackmann/tennis_atp/master/atp_matches_2026.csv
js_8be348ec985908ae,2026-05-06,Rome Masters,Clay,R64,Nikoloz Basilashvili,Ben Shelton,6-4 6-7(5) 6-3,1.905,2.857,59.048,80.645,48.837,2,3,50.761,31.522,3,9,137,13.043,4.348,63.043,82.759,44.118,6,9,49.239,32.381,1,3,https://raw.githubusercontent.com/JeffSackmann/tennis_atp/master/atp_matches_2026.csv
js_d5ef64976a25a5eb,2026-05-06,Rome Masters,Clay,R64,Pablo Llamas Ruiz,Corentin Moutet,6-4 3-6 7-6(4),0.0,0.0,73.196,61.972,46.154,6,11,50.971,44.954,5,12,182,2.752,1.835,65.138,61.972,42.105,7,12,49.029,42.268,5,11,https://raw.githubusercontent.com/JeffSackmann/tennis_atp/master/atp_matches_2026.csv
js_6c4773ce509bddb7,2026-05-06,Rome Masters,Clay,R64,Rafael Jodar,Nuno Borges,7-6(4) 6-4,13.58,4.938,59.259,77.083,48.485,7,8,53.75,41.772,2,7,116,5.063,2.532,64.557,64.706,46.429,5,7,46.25,34.568,1,8,https://raw.githubusercontent.com/JeffSackmann/tennis_atp/master/atp_matches_2026.csv
js_4315541cabd974ba,2026-05-06,Rome Masters,Clay,R64,Thiago Agustin Tirante,Cameron Norrie,6-3 7-5,10.526,0.0,63.158,83.333,71.429,2,2,57.018,35.088,2,6,86,7.018,5.263,61.404,71.429,54.545,4,6,42.982,21.053,0,2,https://raw.githubusercontent.com/JeffSackmann/tennis_atp/master/atp_matches_2026.csv
js_5b689a2fe993dccf,2026-05-06,Rome Masters,Clay,R64,Tommy Paul,Aleksandar Vukic,6-4 6-2,4.348,2.174,56.522,76.923,65.0,0,1,56.757,46.154,4,10,80,1.538,4.615,56.923,64.865,39.286,6,10,43.243,28.261,1,1,https://raw.githubusercontent.com/JeffSackmann/tennis_atp/master/atp_matches_2026.csv
js_18bad813ab442dfd,2026-05-06,Rome Masters,Clay,R64,Ugo Humbert,Vit Kopriva,6-3 6-2,10.938,3.125,67.188,72.093,57.143,6,6,57.692,42.5,3,4,75,5.0,0.0,67.5,66.667,38.462,1,4,42.308,32.812,0,6,https://raw.githubusercontent.com/JeffSackmann/tennis_atp/master/atp_matches_2026.csv
js_d3e44fe21572f40c,2026-05-06,Rome Masters,Clay,R32,Alexander Zverev,Alexander Blockx,6-1 6-4,1.887,0.0,77.358,73.171,66.667,2,2,58.824,44.898,3,8,73,2.041,4.082,55.102,66.667,40.909,5,8,41.176,28.302,0,2,https://raw.githubusercontent.com/JeffSackmann/tennis_atp/master/atp_matches_2026.csv
js_e80689b380bb3357,2026-05-06,Rome Masters,Clay,R32,Andrea Pellegrino,Frances Tiafoe,7-6(8) 6-1,7.692,5.128,52.564,73.171,43.243,3,5,55.882,51.724,4,8,116,10.345,5.172,53.448,58.065,37.037,4,8,44.118,41.026,2,5,https://raw.githubusercontent.com/JeffSackmann/tennis_atp/master/atp_matches_2026.csv
js_efca9af271652927,2026-05-06,Rome Masters,Clay,R32,Andrey Rublev,Alejandro Davidovich Fokina,6-4 6-4,1.852,1.852,72.222,84.615,46.667,3,4,59.259,44.444,3,4,74,0.0,0.0,85.185,56.522,50.0,1,4,40.741,25.926,1,4,https://raw.githubusercontent.com/JeffSackmann/tennis_atp/master/atp_matches_2026.csv
js_2e0315e2b7485da2,2026-05-06,Rome Masters,Clay,R32,Casper Ruud,Jiri Lehecka,6-3 6-4,3.571,5.357,66.071,81.081,52.632,1,2,58.716,45.283,3,8,79,1.887,3.774,64.151,61.765,42.105,5,8,41.284,28.571,1,2,https://raw.githubusercontent.com/JeffSackmann/tennis_atp/master/atp_matches_2026.csv
js_b4044a8c5ea98658,2026-05-06,Rome Masters,Clay,R32,Daniil Medvedev,Pablo Llamas Ruiz,3-6 6-4 6-2,7.143,3.571,66.667,67.857,53.571,3,6,52.601,42.697,4,8,128,0.0,0.0,74.157,56.061,60.87,4,8,47.399,36.905,3,6,https://raw.githubusercontent.com/JeffSackmann/tennis_atp/master/atp_matches_2026.csv
js_dd95c1f74420d59e,2026-05-06,Rome Masters,Clay,R32,Dino Prizmic,Ugo Humbert,6-1 7-5,13.208,3.774,71.698,84.211,66.667,0,0,60.0,40.385,3,4,80,5.769,5.769,55.769,79.31,34.783,1,4,40.0,20.755,0,0,https://raw.githubusercontent.com/JeffSackmann/tennis_atp/master/atp_matches_2026.csv
js_743f1b82e1540ee1,2026-05-06,Rome Masters,Clay,R32,Hamad Medjedovic,Mariano Navone,4-6 6-3 6-4,2.5,4.167,64.167,63.636,53.488,12,14,50.455,39.0,3,10,182,3.0,3.0,70.0,67.143,46.667,7,10,49.545,40.0,2,14,https://raw.githubusercontent.com/JeffSackmann/tennis_atp/master/atp_matches_2026.csv
js_e7e4f34300a329c0,2026-05-06,Rome Masters,Clay,R32,Jannik Sinner,Alexei Popyrin,6-2 6-0,13.158,2.632,60.526,78.261,73.333,1,1,67.5,59.524,5,8,65,0.0,7.143,47.619,55.0,27.273,3,8,32.5,23.684,0,1,https://raw.githubusercontent.com/JeffSackmann/tennis_atp/master/atp_matches_2026.csv
js_d9f325d360db261b,2026-05-06,Rome Masters,Clay,R32,Karen Khachanov,Botic Van De Zandschulp,5-7 6-4 6-4,4.301,2.151,63.441,74.576,64.706,6,8,52.551,35.922,3,8,148,7.767,7.767,62.136,82.812,33.333,5,8,47.449,29.032,2,8,https://raw.githubusercontent.com/JeffSackmann/tennis_atp/master/atp_matches_2026.csv
js_6e4d64654a5c5097,2026-05-06,Rome Masters,Clay,R32,Learner Tien,Alexander Bublik,4-6 6-3 7-5,3.191,2.128,67.021,68.254,64.516,4,6,51.515,37.5,3,10,127,7.692,2.885,61.538,75.0,42.5,7,10,48.485,32.979,2,6,https://raw.githubusercontent.com/JeffSackmann/tennis_atp/master/atp_matches_2026.csv
js_2d64bb92647e1740,2026-05-06,Rome Masters,Clay,R32,Lorenzo Musetti,Francisco Cerundolo,7-6(7) 6-4,1.22,2.439,67.073,65.455,48.148,7,10,51.534,43.21,4,7,132,0.0,6.173,54.321,59.091,54.054,3,7,48.466,40.244,3,10,https://raw.githubusercontent.com/JeffSackmann/tennis_atp/master/atp_matches_2026.csv
js_f32bc7701443710f,2026-05-06,Rome Masters,Clay,R32,Luciano Darderi,Tommy Paul,3-6 6-3 6-2,6.25,0.0,61.25,65.306,67.742,2,4,54.335,44.086,4,9,143,5.376,3.226,55.914,55.769,56.098,5,9,45.665,33.75,2,4,https://raw.githubusercontent.com/JeffSackmann/tennis_atp/master/atp_matches_2026.csv
js_eca0a865d2b24450,2026-05-06,Rome Masters,Clay,R32,Martin Landaluce,Mattia Bellucci,6-4 6-3,2.273,2.273,63.636,85.714,81.25,2,2,58.065,43.75,3,8,107,2.5,5.0,52.5,64.286,47.368,5,8,41.935,15.909,0,2,https://raw.githubusercontent.com/JeffSackmann/tennis_atp/master/atp_matches_2026.csv
js_b846bb8b9b855e86,2026-05-06,Rome Masters,Clay,R32,Nikoloz Basilashvili,Brandon Nakashima,7-6(5) 6-4,14.062,1.562,59.375,84.211,53.846,0,1,51.799,34.667,2,6,100,14.667,0.0,72.0,79.63,28.571,4,6,48.201,28.125,1,1,https://raw.githubusercontent.com/JeffSackmann/tennis_atp/master/atp_matches_2026.csv
js_51aa1fda9dd4226c,2026-05-06,Rome Masters,Clay,R32,Rafael Jodar,Matteo Arnaldi,6-1 4-6 6-3,1.316,6.579,65.789,62.0,57.692,1,5,55.128,50.0,7,10,121,3.75,3.75,61.25,55.102,41.935,3,10,44.872,39.474,4,5,https://raw.githubusercontent.com/JeffSackmann/tennis_atp/master/atp_matches_2026.csv
js_344aecadd7957c80,2026-05-06,Rome Masters,Clay,R32,Thiago Agustin Tirante,Flavio Cobolli,6-3 6-4,6.0,6.0,50.0,88.0,64.0,1,2,59.615,44.444,3,6,78,5.556,5.556,48.148,57.692,53.571,3,6,40.385,24.0,1,2,https://raw.githubusercontent.com/JeffSackmann/tennis_atp/master/atp_matches_2026.csv
js_dd884c3ab33531fb,2026-05-06,Rome Masters,Clay,R16,Andrey Rublev,Nikoloz Basilashvili,3-6 7-6(5) 6-2,12.621,1.942,58.252,76.667,51.163,11,13,50.0,34.286,3,7,133,6.667,9.524,51.429,79.63,50.98,4,7,50.0,33.981,2,13,https://raw.githubusercontent.com/JeffSackmann/tennis_atp/master/atp_matches_2026.csv
js_576bbc0d6e3daeaa,2026-05-06,Rome Masters,Clay,R16,Casper Ruud,Lorenzo Musetti,6-3 6-1,2.083,2.083,70.833,70.588,71.429,2,2,59.434,50.0,4,10,77,3.448,5.172,70.69,51.22,47.059,6,10,40.566,29.167,0,2,https://raw.githubusercontent.com/JeffSackmann/tennis_atp/master/atp_matches_2026.csv
js_543cec473d14298b,2026-05-06,Rome Masters,Clay,R16,Daniil Medvedev,Thiago Agustin Tirante,6-3 6-2,10.0,5.0,65.0,76.923,38.095,5,6,56.897,50.0,4,10,82,0.0,5.357,60.714,64.706,27.273,6,10,43.103,36.667,1,6,https://raw.githubusercontent.com/JeffSackmann/tennis_atp/master/atp_matches_2026.csv
js_51df927c8c8471b2,2026-05-06,Rome Masters,Clay,R16,Jannik Sinner,Andrea Pellegrino,6-2 6-3,6.667,0.0,64.444,79.31,62.5,1,1,58.333,47.619,4,8,89,3.175,1.587,55.556,45.714,60.714,4,8,41.667,26.667,0,1,https://raw.githubusercontent.com/JeffSackmann/tennis_atp/master/atp_matches_2026.csv
js_fa34bd643beaf70d,2026-05-06,Rome Masters,Clay,R16,Karen Khachanov,Dino Prizmic,6-1 7-6(2),8.974,3.846,58.974,73.913,46.875,8,9,55.944,47.692,4,7,117,1.538,3.077,58.462,57.895,44.444,3,7,44.056,37.179,1,9,https://raw.githubusercontent.com/JeffSackmann/tennis_atp/master/atp_matches_2026.csv
js_61d4b40d15ec23c3,2026-05-06,Rome Masters,Clay,R16,Luciano Darderi,Alexander Zverev,1-6 7-6(10) 6-0,4.651,4.651,52.326,80.0,46.341,3,7,50.581,37.209,5,10,144,4.651,5.814,72.093,64.516,58.333,5,10,49.419,36.047,4,7,https://raw.githubusercontent.com/JeffSackmann/tennis_atp/master/atp_matches_2026.csv
js_5e684ceb0c7206f8,2026-05-06,Rome Masters,Clay,R16,Martin Landaluce,Hamad Medjedovic,7-5 6-4,4.615,6.154,69.231,75.556,50.0,2,3,53.901,42.105,3,8,107,6.579,2.632,65.789,68.0,38.462,5,8,46.099,32.308,1,3,https://raw.githubusercontent.com/JeffSackmann/tennis_atp/master/atp_matches_2026.csv
js_f8b4a2f28079c9f9,2026-05-06,Rome Masters,Clay,R16,Rafael Jodar,Learner Tien,6-1 6-4,0.0,0.0,66.0,69.697,64.706,0,1,58.824,50.0,4,8,75,5.769,7.692,63.462,51.515,47.368,4,8,41.176,32.0,1,1,https://raw.githubusercontent.com/JeffSackmann/tennis_atp/master/atp_matches_2026.csv
js_41bc3be05f760183,2026-05-06,Rome Masters,Clay,QF,Casper Ruud,Karen Khachanov,6-1 1-6 6-2,6.557,6.557,57.377,68.571,50.0,0,3,53.125,46.269,5,10,100,2.985,0.0,76.119,60.784,31.25,5,10,46.875,39.344,3,3,https://raw.githubusercontent.com/JeffSackmann/tennis_atp/master/atp_matches_2026.csv
js_d1a33071867f881d,2026-05-06,Rome Masters,Clay,QF,Daniil Medvedev,Martin Landaluce,1-6 6-4 7-5,2.532,3.797,59.494,72.34,37.5,2,7,50.538,44.86,5,15,143,2.804,7.477,59.813,59.375,48.837,10,15,49.462,41.772,5,7,https://raw.githubusercontent.com/JeffSackmann/tennis_atp/master/atp_matches_2026.csv
js_2bf1ae94318bb130,2026-05-06,Rome Masters,Clay,QF,Jannik Sinner,Andrey Rublev,6-2 6-4,7.018,3.509,49.123,75.0,58.621,2,3,56.897,47.458,4,5,91,1.695,0.0,54.237,50.0,55.556,1,5,43.103,33.333,1,3,https://raw.githubusercontent.com/JeffSackmann/tennis_atp/master/atp_matches_2026.csv
js_27d4c81b06cf294d,2026-05-06,Rome Masters,Clay,QF,Luciano Darderi,Rafael Jodar,7-6(5) 5-7 6-0,1.042,6.25,55.208,64.151,58.14,4,7,52.535,45.455,5,18,188,1.653,0.826,70.248,55.294,52.778,13,18,47.465,38.542,3,7,https://raw.githubusercontent.com/JeffSackmann/tennis_atp/master/atp_matches_2026.csv
js_416dd2656cd839e7,2026-05-06,Rome Masters,Clay,SF,Casper Ruud,Luciano Darderi,6-1 6-1,7.143,2.381,54.762,73.913,63.158,1,2,64.444,60.417,6,9,65,4.167,2.083,45.833,59.091,23.077,3,9,35.556,30.952,1,2,https://raw.githubusercontent.com/JeffSackmann/tennis_atp/master/atp_matches_2026.csv
js_4ee7800249f3359e,2026-05-06,Rome Masters,Clay,SF,Jannik Sinner,Daniil Medvedev,6-2 5-7 6-4,7.609,2.174,59.783,74.545,59.459,5,7,55.102,43.269,4,10,157,3.846,6.731,63.462,66.667,39.474,6,10,44.898,31.522,2,7,https://raw.githubusercontent.com/JeffSackmann/tennis_atp/master/atp_matches_2026.csv
js_e45e7abf1e23cc97,2026-05-06,Rome Masters,Clay,F,Jannik Sinner,Casper Ruud,6-4 6-4,3.636,0.0,63.636,82.857,50.0,1,2,55.462,42.188,3,5,105,4.688,3.125,57.812,64.865,48.148,2,5,44.538,29.091,1,2,https://raw.githubusercontent.com/JeffSackmann/tennis_atp/master/atp_matches_2026.csv
js_96a6a4c000c58499,2026-05-17,Geneva,Clay,R32,Alex Michelsen,Sebastian Baez,7-5 6-3,13.333,0.0,71.667,69.767,52.941,2,3,53.125,42.647,4,12,80,1.471,1.471,70.588,62.5,45.0,8,12,46.875,35.0,1,3,https://raw.githubusercontent.com/JeffSackmann/tennis_atp/master/atp_matches_2026.csv
js_b85e171e0cfac12f,2026-05-17,Geneva,Clay,R32,Alexei Popyrin,Clement Tabur,7-6(2) 6-7(5) 6-4,7.207,3.604,60.36,76.119,47.727,1,4,51.489,39.516,4,10,185,4.839,4.032,59.677,70.27,46.0,6,10,48.511,35.135,3,4,https://raw.githubusercontent.com/JeffSackmann/tennis_atp/master/atp_matches_2026.csv
js_b6fe7ccb08f6cda4,2026-05-17,Geneva,Clay,R32,Arthur Rinderknech,Thiago Agustin Tirante,6-4 6-1,13.725,5.882,66.667,85.294,58.824,1,1,60.194,44.231,3,8,76,11.538,3.846,65.385,64.706,38.889,5,8,39.806,23.529,0,1,https://raw.githubusercontent.com/JeffSackmann/tennis_atp/master/atp_matches_2026.csv
js_a1d7ca846ea56d96,2026-05-17,Geneva,Clay,R32,Casper Ruud,Jenson Brooksby,6-3 7-5,5.0,0.0,78.333,65.957,61.538,2,5,55.814,47.826,5,9,91,1.449,0.0,76.812,52.83,50.0,4,9,44.186,35.0,3,5,https://raw.githubusercontent.com/JeffSackmann/tennis_atp/master/atp_matches_2026.csv
js_7b3a6d738a38460d,2026-05-17,Geneva,Clay,R32,Edas Butvilas,Lorenzo Sonego,6-3 6-1,5.455,0.0,61.818,76.471,57.143,4,4,59.223,47.917,4,6,76,2.083,4.167,70.833,55.882,42.857,2,6,40.777,30.909,0,4,https://raw.githubusercontent.com/JeffSackmann/tennis_atp/master/atp_matches_2026.csv
js_0b2ea7b52f84173d,2026-05-17,Geneva,Clay,R32,Francisco Comesana,Valentin Royer,2-6 6-3 6-4,7.895,2.632,60.526,76.087,43.333,1,4,49.383,37.209,3,7,122,2.326,0.0,52.326,62.222,63.415,4,7,50.617,36.842,3,4,https://raw.githubusercontent.com/JeffSackmann/tennis_atp/master/atp_matches_2026.csv
js_61a9eeec8fe8ab65,2026-05-17,Geneva,Clay,R32,Jaume Munar,Nishesh Basavareddy,6-0 6-3,2.5,0.0,60.0,83.333,62.5,3,3,62.366,52.83,5,10,74,1.887,1.887,54.717,62.069,29.167,5,10,37.634,25.0,0,3,https://raw.githubusercontent.com/JeffSackmann/tennis_atp/master/atp_matches_2026.csv
js_5dd2728fa9661098,2026-05-17,Geneva,Clay,R32,Laslo Djere,James Duckworth,6-4 3-6 6-3,7.5,0.0,66.25,66.038,59.259,4,7,51.136,40.625,4,14,119,8.333,2.083,60.417,67.241,47.368,10,14,48.864,36.25,3,7,https://raw.githubusercontent.com/JeffSackmann/tennis_atp/master/atp_matches_2026.csv
js_0ec3048e6c6ad4aa,2026-05-17,Geneva,Clay,R32,Mariano Navone,Marco Trungelliti,5-7 7-5 6-1,2.222,2.222,70.0,63.492,62.963,5,9,53.478,47.143,7,22,175,2.857,4.286,55.0,64.935,38.095,15,22,46.522,36.667,4,9,https://raw.githubusercontent.com/JeffSackmann/tennis_atp/master/atp_matches_2026.csv
js_25ef81a1252b2408,2026-05-17,Geneva,Clay,R32,Raphael Collignon,Adrian Mannarino,6-3 7-6(5),14.667,2.667,68.0,76.471,54.167,6,7,55.474,38.71,2,3,89,3.226,3.226,75.806,68.085,40.0,1,3,44.526,30.667,1,7,https://raw.githubusercontent.com/JeffSackmann/tennis_atp/master/atp_matches_2026.csv
js_56cac05de1daeb8b,2026-05-17,Geneva,Clay,R32,Stan Wawrinka,Raul Brancaccio,6-2 4-6 7-6(5),14.458,4.819,49.398,85.366,61.905,2,3,53.804,37.624,2,4,128,2.97,2.97,62.376,74.603,42.105,2,4,46.196,26.506,1,3,https://raw.githubusercontent.com/JeffSackmann/tennis_atp/master/atp_matches_2026.csv
js_0b82cfdb903f26ad,2026-05-17,Geneva,Clay,R32,Stefanos Tsitsipas,Giovanni Mpetshi Perricard,6-4 7-6(8),6.25,1.25,77.5,83.871,33.333,3,3,53.459,34.177,1,4,93,7.595,1.266,79.747,76.19,25.0,3,4,46.541,27.5,0,3,https://raw.githubusercontent.com/JeffSackmann/tennis_atp/master/atp_matches_2026.csv
js_78062482b0db7f93,2026-05-17,Geneva,Clay,R16,Alex Michelsen,Stan Wawrinka,7-6(1) 7-6(4),6.757,5.405,55.405,78.049,57.576,2,4,52.027,35.135,2,2,104,12.162,2.703,54.054,80.0,47.059,0,2,47.973,31.081,2,4,https://raw.githubusercontent.com/JeffSackmann/tennis_atp/master/atp_matches_2026.csv
js_e6bb37fd092ee4d4,2026-05-17,Geneva,Clay,R16,Alexander Bublik,Edas Butvilas,6-4 6-3,6.667,6.667,70.0,80.952,44.444,2,2,55.118,41.791,2,6,79,5.97,1.493,58.209,66.667,46.429,4,6,44.882,30.0,0,2,https://raw.githubusercontent.com/JeffSackmann/tennis_atp/master/atp_matches_2026.csv
js_284f3ae02bbea5c3,2026-05-17,Geneva,Clay,R16,Alexei Popyrin,Taylor Fritz,6-4 6-4,10.909,3.636,56.364,77.419,75.0,0,0,55.932,38.095,2,8,83,11.111,0.0,66.667,64.286,57.143,6,8,44.068,23.636,0,0,https://raw.githubusercontent.com/JeffSackmann/tennis_atp/master/atp_matches_2026.csv
js_10b875d24ba8f939,2026-05-17,Geneva,Clay,R16,Arthur Rinderknech,Laslo Djere,4-6 7-6(4) 6-1,18.269,5.769,54.808,84.211,46.809,6,7,52.804,39.091,3,10,166,4.545,1.818,65.455,68.056,47.368,7,10,47.196,32.692,1,7,https://raw.githubusercontent.com/JeffSackmann/tennis_atp/master/atp_matches_2026.csv
js_d7a475ae3310cf14,2026-05-17,Geneva,Clay,R16,Casper Ruud,Raphael Collignon,7-6(2) 6-2,3.39,5.085,67.797,77.5,68.421,2,3,59.055,45.588,3,7,87,4.412,4.412,55.882,65.789,40.0,4,7,40.945,25.424,1,3,https://raw.githubusercontent.com/JeffSackmann/tennis_atp/master/atp_matches_2026.csv
js_f80bf06e0a5f957f,2026-05-17,Geneva,Clay,R16,Jaume Munar,Francisco Comesana,6-4 6-4,3.846,0.0,67.308,77.143,76.471,0,0,53.782,35.821,2,5,94,2.985,2.985,62.687,71.429,52.0,3,5,46.218,23.077,0,0,https://raw.githubusercontent.com/JeffSackmann/tennis_atp/master/atp_matches_2026.csv
js_0f4d6d0ca6613045,2026-05-17,Geneva,Clay,R16,Learner Tien,Stefanos Tsitsipas,7-6(4) 7-6(2),9.756,4.878,67.073,78.182,51.852,2,4,53.801,39.326,2,7,109,3.371,1.124,67.416,63.333,55.172,5,7,46.199,30.488,2,4,https://raw.githubusercontent.com/JeffSackmann/tennis_atp/master/atp_matches_2026.csv
js_5363577824cbd194,2026-05-17,Geneva,Clay,R16,Mariano Navone,Cameron Norrie,6-4 6-4,3.846,3.846,78.846,68.293,63.636,2,4,54.545,46.25,4,11,101,2.5,2.5,52.5,64.286,42.105,7,11,45.455,32.692,2,4,https://raw.githubusercontent.com/JeffSackmann/tennis_atp/master/atp_matches_2026.csv
js_e378146dd5fd7eb6,2026-05-17,Geneva,Clay,QF,Alexander Bublik,Arthur Rinderknech,5-7 6-4 6-2,8.889,3.333,65.556,76.271,58.065,3,4,51.479,30.38,3,6,115,20.253,6.329,59.494,82.979,50.0,3,6,48.521,30.0,1,4,https://raw.githubusercontent.com/JeffSackmann/tennis_atp/master/atp_matches_2026.csv
js_45f8fd8ee266c0a7,2026-05-17,Geneva,Clay,QF,Casper Ruud,Alexei Popyrin,6-4 6-3,4.651,2.326,65.116,89.286,73.333,0,0,58.416,39.655,3,5,72,8.621,3.448,68.966,70.0,38.889,2,5,41.584,16.279,0,0,https://raw.githubusercontent.com/JeffSackmann/tennis_atp/master/atp_matches_2026.csv
js_0a4992298f9e6a8d,2026-05-17,Geneva,Clay,QF,Learner Tien,Alex Michelsen,6-4 3-6 6-1,3.409,7.955,54.545,70.833,35.0,6,11,54.335,54.118,7,7,117,2.353,4.706,58.824,48.0,42.857,0,7,45.665,45.455,5,11,https://raw.githubusercontent.com/JeffSackmann/tennis_atp/master/atp_matches_2026.csv
js_db5c500adfb97a69,2026-05-17,Geneva,Clay,QF,Mariano Navone,Jaume Munar,6-2 6-2,0.0,0.0,85.455,65.957,12.5,7,9,58.559,58.929,6,11,96,0.0,3.571,51.786,58.621,22.222,5,11,41.441,41.818,2,9,https://raw.githubusercontent.com/JeffSackmann/tennis_atp/master/atp_matches_2026.csv
js_d7c21bb2685b7f8d,2026-05-17,Geneva,Clay,SF,Learner Tien,Alexander Bublik,6-1 4-6 7-6(5),1.266,6.329,50.633,80.0,58.974,0,3,54.762,41.573,4,6,96,11.236,5.618,65.169,67.241,41.935,2,6,45.238,30.38,3,3,https://raw.githubusercontent.com/JeffSackmann/tennis_atp/master/atp_matches_2026.csv
js_d439a2395902d061,2026-05-17,Geneva,Clay,SF,Mariano Navone,Casper Ruud,7-5 6-2,1.639,1.639,80.328,67.347,25.0,4,7,55.039,51.471,6,8,101,1.471,4.412,52.941,52.778,43.75,2,8,44.961,40.984,3,7,https://raw.githubusercontent.com/JeffSackmann/tennis_atp/master/atp_matches_2026.csv
js_8445695d509bc5ea,2026-05-17,Geneva,Clay,F,Learner Tien,Mariano Navone,3-6 6-3 7-5,2.02,0.0,67.677,68.657,46.875,8,12,52.02,42.424,5,8,149,0.0,3.03,82.828,58.537,52.941,3,8,47.98,38.384,4,12,https://raw.githubusercontent.com/JeffSackmann/tennis_atp/master/atp_matches_2026.csv
js_ab00fd966e1d0d1f,2026-05-17,Hamburg,Clay,R32,Alejandro Davidovich Fokina,Corentin Moutet,6-4 6-4,0.0,1.087,77.174,66.197,57.143,13,13,51.701,30.909,2,3,111,5.455,1.818,63.636,71.429,65.0,1,3,48.299,35.87,0,13,https://raw.githubusercontent.com/JeffSackmann/tennis_atp/master/atp_matches_2026.csv
js_bfa463231b3885e5,2026-05-17,Hamburg,Clay,R32,Aleksandar Kovacevic,Arthur Gea,6-2 7-6(3),9.836,3.279,60.656,75.676,50.0,2,4,55.725,47.143,4,7,101,2.857,14.286,50.0,62.857,42.857,3,7,44.275,34.426,2,4,https://raw.githubusercontent.com/JeffSackmann/tennis_atp/master/atp_matches_2026.csv
js_c4178d44591639b3,2026-05-17,Hamburg,Clay,R32,Alex De Minaur,Francisco Cerundolo,3-6 6-4 6-3,1.124,5.618,49.438,72.727,46.667,9,14,52.571,45.349,6,11,129,2.326,3.488,63.953,56.364,51.613,5,11,47.429,40.449,5,14,https://raw.githubusercontent.com/JeffSackmann/tennis_atp/master/atp_matches_2026.csv
js_5e1a300c97789a25,2026-05-17,Hamburg,Clay,R32,Ben Shelton,Marcos Giron,6-3 4-6 7-6(3),4.348,2.174,58.696,83.333,65.789,2,3,53.158,31.633,1,1,138,3.061,3.061,52.041,72.549,63.83,0,1,46.842,23.913,1,3,https://raw.githubusercontent.com/JeffSackmann/tennis_atp/master/atp_matches_2026.csv
js_2dbc2011f13ac855,2026-05-17,Hamburg,Clay,R32,Camilo Ugo Carabelli,Kamil Majchrzak,1-6 6-2 6-3,5.063,1.266,63.291,70.0,41.379,6,9,51.176,43.956,4,12,119,5.495,2.198,62.637,63.158,44.118,8,12,48.824,40.506,3,9,https://raw.githubusercontent.com/JeffSackmann/tennis_atp/master/atp_matches_2026.csv
js_d3b701d27b4a071c,2026-05-17,Hamburg,Clay,R32,Daniel Altmaier,Rinky Hijikata,7-5 6-2,13.462,1.923,63.462,78.788,63.158,1,2,57.812,47.368,4,9,100,0.0,1.316,50.0,68.421,36.842,5,9,42.188,26.923,1,2,https://raw.githubusercontent.com/JeffSackmann/tennis_atp/master/atp_matches_2026.csv
js_9016d4ea5b180510,2026-05-17,Hamburg,Clay,R32,Felix Auger Aliassime,Vit Kopriva,7-5 6-1,14.286,1.786,64.286,80.556,65.0,3,3,59.434,42.0,3,4,85,2.0,4.0,60.0,70.0,40.0,1,4,40.566,25.0,0,3,https://raw.githubusercontent.com/JeffSackmann/tennis_atp/master/atp_matches_2026.csv
js_6167f5c40baa51ef,2026-05-17,Hamburg,Clay,R32,Frances Tiafoe,Diego Dedura Palomero,6-4 6-4,2.564,2.564,57.692,73.333,51.515,8,8,52.349,39.437,2,8,94,1.408,1.408,61.972,56.818,66.667,6,8,47.651,35.897,0,8,https://raw.githubusercontent.com/JeffSackmann/tennis_atp/master/atp_matches_2026.csv
js_446b53c2da1e8e38,2026-05-17,Hamburg,Clay,R32,Ignacio Buse,Flavio Cobolli,6-2 7-5,1.786,1.786,62.5,80.0,61.905,0,0,54.622,38.095,3,6,91,0.0,6.349,52.381,72.727,50.0,3,6,45.378,26.786,0,0,https://raw.githubusercontent.com/JeffSackmann/tennis_atp/master/atp_matches_2026.csv
js_048bf3fd7c5b9aac,2026-05-17,Hamburg,Clay,R32,Jakub Mensik,Jan Lennard Struff,7-6(3) 6-2,8.824,2.941,60.294,82.927,48.148,4,4,54.61,41.096,2,8,89,6.849,2.74,46.575,64.706,53.846,6,8,45.39,30.882,0,4,https://raw.githubusercontent.com/JeffSackmann/tennis_atp/master/atp_matches_2026.csv
js_edc9b7e95a941e5e,2026-05-17,Hamburg,Clay,R32,Karen Khachanov,Hugo Gaston,3-6 6-3 7-6(4),6.897,1.149,59.77,76.923,48.571,3,6,50.98,40.171,3,12,158,5.983,1.709,53.846,68.254,50.0,9,12,49.02,34.483,3,6,https://raw.githubusercontent.com/JeffSackmann/tennis_atp/master/atp_matches_2026.csv
js_494865a6391715a0,2026-05-17,Hamburg,Clay,R32,Luciano Darderi,Roman Andres Burruchaga,6-3 7-6(4),5.263,1.316,61.842,59.574,58.621,0,3,52.98,46.667,4,13,109,2.667,5.333,65.333,55.102,50.0,9,13,47.02,40.789,3,3,https://raw.githubusercontent.com/JeffSackmann/tennis_atp/master/atp_matches_2026.csv
js_737f0ab9d9e25b5a,2026-05-17,Hamburg,Clay,R32,Tomas Martin Etcheverry,Terence Atmane,6-2 7-6(4),4.839,1.613,51.613,93.75,60.0,1,1,55.118,33.846,2,3,100,3.077,3.077,61.538,80.0,44.0,1,3,44.882,22.581,0,1,https://raw.githubusercontent.com/JeffSackmann/tennis_atp/master/atp_matches_2026.csv
js_2acf710fe120f87d,2026-05-17,Hamburg,Clay,R32,Tommy Paul,Ethan Quinn,6-1 6-3,0.0,1.961,68.627,74.286,50.0,1,2,62.0,57.143,5,9,70,0.0,0.0,65.306,50.0,29.412,4,9,38.0,33.333,1,2,https://raw.githubusercontent.com/JeffSackmann/tennis_atp/master/atp_matches_2026.csv
js_1938976d4be04240,2026-05-17,Hamburg,Clay,R32,Ugo Humbert,Justin Engel,6-3 3-6 7-6(2),13.187,6.593,56.044,84.314,57.5,3,4,52.217,35.714,1,8,141,2.679,3.571,65.179,69.863,53.846,7,8,47.783,27.473,1,4,https://raw.githubusercontent.com/JeffSackmann/tennis_atp/master/atp_matches_2026.csv
js_22d243581612bcfa,2026-05-17,Hamburg,Clay,R32,Yannick Hanfmann,Max Schoenhaus,6-3 6-7(4) 6-4,7.692,3.297,61.538,82.143,57.143,5,6,53.093,35.922,4,6,135,4.854,2.913,62.136,70.312,53.846,2,6,46.907,27.473,1,6,https://raw.githubusercontent.com/JeffSackmann/tennis_atp/master/atp_matches_2026.csv
js_7aaac68413798c08,2026-05-17,Hamburg,Clay,R16,Aleksandar Kovacevic,Felix Auger Aliassime,4-6 7-5 6-4,2.062,2.062,60.825,74.576,52.632,3,5,50.538,33.708,3,5,142,10.112,1.124,70.787,74.603,46.154,2,5,49.462,34.021,2,5,https://raw.githubusercontent.com/JeffSackmann/tennis_atp/master/atp_matches_2026.csv
js_f1bd024276b6da74,2026-05-17,Hamburg,Clay,R16,Alex De Minaur,Alejandro Davidovich Fokina,6-2 4-6 6-4,1.042,4.167,50.0,66.667,54.167,10,13,52.332,44.33,5,9,159,0.0,0.0,73.196,56.338,53.846,4,9,47.668,39.583,3,13,https://raw.githubusercontent.com/JeffSackmann/tennis_atp/master/atp_matches_2026.csv
js_9cf20b0cc40a77ac,2026-05-17,Hamburg,Clay,R16,Camilo Ugo Carabelli,Frances Tiafoe,7-6(3) 7-6(4),7.595,2.532,58.228,80.435,42.424,3,6,52.318,38.889,3,8,113,2.778,1.389,58.333,69.048,50.0,5,8,47.682,35.443,3,6,https://raw.githubusercontent.com/JeffSackmann/tennis_atp/master/atp_matches_2026.csv
js_51a1e8e62c28d67c,2026-05-17,Hamburg,Clay,R16,Daniel Altmaier,Ben Shelton,4-6 7-6(4) 6-4,2.83,1.887,55.66,71.186,53.191,5,8,50.691,38.739,3,11,170,5.405,0.901,74.775,60.241,64.286,8,11,49.309,36.792,3,8,https://raw.githubusercontent.com/JeffSackmann/tennis_atp/master/atp_matches_2026.csv
js_a2b12f50e73ccd4d,2026-05-17,Hamburg,Clay,R16,Ignacio Buse,Jakub Mensik,6-0 6-3,7.843,1.961,60.784,80.645,60.0,4,4,63.636,51.351,4,4,62,5.405,2.703,59.459,54.545,40.0,0,4,36.364,27.451,0,4,https://raw.githubusercontent.com/JeffSackmann/tennis_atp/master/atp_matches_2026.csv
js_e4fded5cd5a5d2b0,2026-05-17,Hamburg,Clay,R16,Luciano Darderi,Yannick Hanfmann,7-6(7) 7-5,13.043,1.449,68.116,85.106,63.636,0,1,54.93,32.877,2,6,113,4.11,4.11,50.685,72.973,61.111,4,6,45.07,21.739,1,1,https://raw.githubusercontent.com/JeffSackmann/tennis_atp/master/atp_matches_2026.csv
js_a1eda69f8f5da77c,2026-05-17,Hamburg,Clay,R16,Tommy Paul,Tomas Martin Etcheverry,6-7(5) 7-6(5) 7-6(7),2.857,0.714,65.0,67.033,51.02,10,15,49.43,35.772,5,5,213,1.626,1.626,75.61,64.516,63.333,0,5,50.57,38.571,5,15,https://raw.githubusercontent.com/JeffSackmann/tennis_atp/master/atp_matches_2026.csv
js_ff091be3aadfdcf6,2026-05-17,Hamburg,Clay,R16,Ugo Humbert,Karen Khachanov,6-3 3-6 7-6(3),7.527,5.376,55.914,78.846,56.098,2,3,50.0,30.769,1,5,133,4.396,0.0,68.132,74.194,58.621,4,5,50.0,31.183,1,3,https://raw.githubusercontent.com/JeffSackmann/tennis_atp/master/atp_matches_2026.csv
js_a17879538bc1b847,2026-05-17,Hamburg,Clay,QF,Aleksandar Kovacevic,Camilo Ugo Carabelli,6-4 6-7(10) 6-2,8.182,5.455,62.727,73.913,56.098,7,7,53.365,37.755,3,9,163,4.082,2.041,63.265,72.581,44.444,6,9,46.635,32.727,0,7,https://raw.githubusercontent.com/JeffSackmann/tennis_atp/master/atp_matches_2026.csv
js_982d6e0f4bb32414,2026-05-17,Hamburg,Clay,QF,Alex De Minaur,Luciano Darderi,6-0 6-3,2.632,3.947,60.526,67.391,50.0,11,12,57.664,54.098,5,10,94,1.639,0.0,67.213,48.78,40.0,5,10,42.336,39.474,1,12,https://raw.githubusercontent.com/JeffSackmann/tennis_atp/master/atp_matches_2026.csv
js_9c36e99b5c96700b,2026-05-17,Hamburg,Clay,QF,Ignacio Buse,Ugo Humbert,6-3 5-7 6-3,6.186,3.093,52.577,60.784,43.478,2,8,50.952,49.558,8,13,166,4.425,4.425,51.327,60.345,40.0,5,13,49.048,47.423,6,8,https://raw.githubusercontent.com/JeffSackmann/tennis_atp/master/atp_matches_2026.csv
js_e260fe1466e01877,2026-05-17,Hamburg,Clay,QF,Tommy Paul,Daniel Altmaier,6-2 7-5,1.667,5.0,61.667,75.676,39.13,5,8,57.724,53.968,6,10,98,0.0,6.349,61.905,48.718,41.667,4,10,42.276,38.333,3,8,https://raw.githubusercontent.com/JeffSackmann/tennis_atp/master/atp_matches_2026.csv
js_51dc3630f46208f0,2026-05-17,Hamburg,Clay,SF,Ignacio Buse,Aleksandar Kovacevic,6-1 6-4,2.778,2.778,41.667,93.333,85.714,0,0,63.636,46.154,4,5,64,0.0,3.846,59.615,67.742,33.333,1,5,36.364,11.111,0,0,https://raw.githubusercontent.com/JeffSackmann/tennis_atp/master/atp_matches_2026.csv
js_9d21ac685098e660,2026-05-17,Hamburg,Clay,SF,Tommy Paul,Alex De Minaur,2-6 6-3 6-3,2.469,1.235,61.728,68.0,54.839,3,6,52.273,43.158,4,17,137,1.053,2.105,62.105,64.407,44.444,13,17,47.727,37.037,3,6,https://raw.githubusercontent.com/JeffSackmann/tennis_atp/master/atp_matches_2026.csv
js_f9c600e3efa419a2,2026-05-17,Hamburg,Clay,F,Ignacio Buse,Tommy Paul,7-6(6) 4-6 6-3,2.4,0.8,60.0,69.333,46.0,8,13,51.073,40.741,5,12,183,0.926,2.778,60.185,61.538,55.814,7,12,48.927,40.0,5,13,https://raw.githubusercontent.com/JeffSackmann/tennis_atp/master/atp_matches_2026.csv
tml_e6b4c2cc4dd679d6,2026-05-25,Roland Garros,Clay,R128,Adam Walton,Daniil Medvedev,6-2 1-6 6-1 1-6 6-4,,,68.7,62.3,44.2,16,21,,,,,203,,,,,,,,,,5,21,https://stats.tennismylife.org/tournaments/roland-garros/2026
tml_f520f0248d3ca71b,2026-05-25,Roland Garros,Clay,R128,Adolfo Daniel Vallejo,Cameron Norrie,7-6(7) 2-0 RET,,,68.8,78.8,46.7,1,1,,,,,81,,,,,,,,,,0,1,https://stats.tennismylife.org/tournaments/roland-garros/2026
tml_2e336e51cd8e5e95,2026-05-25,Roland Garros,Clay,R128,Alejandro Davidovich Fokina,Damir Dzumhur,6-7(3) 6-3 2-6 7-5 6-3,,,70.1,65.8,44.0,14,21,,,,,246,,,,,,,,,,7,21,https://stats.tennismylife.org/tournaments/roland-garros/2026
tml_c900639fb3b4bf60,2026-05-25,Roland Garros,Clay,R128,Alejandro Tabilo,Kamil Majchrzak,6-1 6-3 6-4,,,89.6,83.3,28.6,2,2,,,,,115,,,,,,,,,,0,2,https://stats.tennismylife.org/tournaments/roland-garros/2026
tml_461951b0eaead76d,2026-05-25,Roland Garros,Clay,R128,Alex Michelsen,Alexander Shevchenko,6-2 6-4 6-2,,,59.7,76.7,65.5,4,6,,,,,98,,,,,,,,,,2,6,https://stats.tennismylife.org/tournaments/roland-garros/2026
tml_3cf8d1ae41fe1d3a,2026-05-25,Roland Garros,Clay,R128,Alex de Minaur,Toby Samuel,6-4 6-4 6-2,,,82.4,73.8,61.5,1,2,,,,,114,,,,,,,,,,1,2,https://stats.tennismylife.org/tournaments/roland-garros/2026
tml_e0f5616414d575c3,2026-05-25,Roland Garros,Clay,R128,Alexander Blockx,Coleman Wong,6-3 6-4 6-2,,,67.1,83.7,66.7,1,1,,,,,104,,,,,,,,,,0,1,https://stats.tennismylife.org/tournaments/roland-garros/2026
tml_726352a1af9f2707,2026-05-25,Roland Garros,Clay,R128,Alexander Zverev,Benjamin Bonzi,6-3 6-4 6-2,,,67.1,66.7,75.0,1,2,,,,,130,,,,,,,,,,1,2,https://stats.tennismylife.org/tournaments/roland-garros/2026
tml_8c84d091f3a66ac2,2026-05-25,Roland Garros,Clay,R128,Andrey Rublev,Ignacio Buse,6-3 6-7(6) 6-3 7-5,,,67.1,66.0,51.0,7,12,,,,,219,,,,,,,,,,5,12,https://stats.tennismylife.org/tournaments/roland-garros/2026
tml_40c92c0d33da592c,2026-05-25,Roland Garros,Clay,R128,Arthur Rinderknech,Jurij Rodionov,7-6(5) 6-2 6-3,,,63.5,77.8,48.4,5,7,,,,,148,,,,,,,,,,2,7,https://stats.tennismylife.org/tournaments/roland-garros/2026
tml_88eaabc0bd3202c9,2026-05-25,Roland Garros,Clay,R128,Ben Shelton,Daniel Merida,6-3 6-3 6-4,,,76.3,86.2,38.9,1,1,,,,,102,,,,,,,,,,0,1,https://stats.tennismylife.org/tournaments/roland-garros/2026
tml_51c72082c80fbfdc,2026-05-25,Roland Garros,Clay,R128,Brandon Nakashima,Roberto Bautista Agut,6-2 7-5 6-2,,,73.3,78.2,70.0,0,0,,,,,129,,,,,,,,,,0,0,https://stats.tennismylife.org/tournaments/roland-garros/2026
tml_d4cac6e97b2e513e,2026-05-25,Roland Garros,Clay,R128,Camilo Ugo Carabelli,Emilio Nava,7-6(10) 6-3 6-3,,,79.3,65.9,65.2,9,11,,,,,162,,,,,,,,,,2,11,https://stats.tennismylife.org/tournaments/roland-garros/2026
tml_19fc43bc37bcc6b7,2026-05-25,Roland Garros,Clay,R128,Casper Ruud,Roman Safiullin,6-2 7-6(5) 5-7 0-6 6-2,,,88.0,63.2,47.1,9,15,,,,,232,,,,,,,,,,6,15,https://stats.tennismylife.org/tournaments/roland-garros/2026
tml_5ff89a14a01ac89a,2026-05-25,Roland Garros,Clay,R128,Dino Prizmic,Michael Zheng,6-1 6-1 6-3,,,64.4,74.5,46.2,4,5,,,,,109,,,,,,,,,,1,5,https://stats.tennismylife.org/tournaments/roland-garros/2026
tml_ebef7f89ef3d3314,2026-05-25,Roland Garros,Clay,R128,Facundo Diaz Acosta,Zhizhen Zhang,6-1 6-4 6-3,,,68.7,76.1,52.4,0,1,,,,,104,,,,,,,,,,1,1,https://stats.tennismylife.org/tournaments/roland-garros/2026
tml_3c37c255af8a5f2b,2026-05-25,Roland Garros,Clay,R128,Federico Cina,Reilly Opelka,3-6 6-4 6-2 6-7(6) 6-4,,,66.7,71.6,74.5,10,11,,,,,206,,,,,,,,,,1,11,https://stats.tennismylife.org/tournaments/roland-garros/2026
tml_9e7f82fd974a9e18,2026-05-25,Roland Garros,Clay,R128,Felix Auger-Aliassime,Daniel Altmaier,4-6 6-4 4-6 6-1 7-6(7),,,71.0,72.7,46.7,8,13,,,,,260,,,,,,,,,,5,13,https://stats.tennismylife.org/tournaments/roland-garros/2026
tml_69739dbbe0e7f4b7,2026-05-25,Roland Garros,Clay,R128,Flavio Cobolli,Andrea Pellegrino,6-4 7-6(4) 6-3,,,79.8,83.1,61.1,2,3,,,,,145,,,,,,,,,,1,3,https://stats.tennismylife.org/tournaments/roland-garros/2026
tml_46ec1d588a4d8e84,2026-05-25,Roland Garros,Clay,R128,Frances Tiafoe,Eliot Spizzirri,6-3 6-7(5) 6-4 6-3,,,52.1,88.7,56.1,2,3,,,,,178,,,,,,,,,,1,3,https://stats.tennismylife.org/tournaments/roland-garros/2026
tml_8375c7a133c5e52f,2026-05-25,Roland Garros,Clay,R128,Francisco Cerundolo,Botic van de Zandschulp,6-3 6-4 6-7(7) 6-4,,,62.5,69.5,43.9,11,15,,,,,220,,,,,,,,,,4,15,https://stats.tennismylife.org/tournaments/roland-garros/2026
tml_6a0004796bd3ac6e,2026-05-25,Roland Garros,Clay,R128,Francisco Comesana,Ethan Quinn,6-4 7-6(8) 7-6(4),,,73.6,73.0,50.0,3,4,,,,,167,,,,,,,,,,1,4,https://stats.tennismylife.org/tournaments/roland-garros/2026
tml_8a9b4877177c5da4,2026-05-25,Roland Garros,Clay,R128,Hamad Medjedovic,Yannick Hanfmann,6-3 6-4 6-7(1) 6-4,,,72.0,82.4,51.5,5,6,,,,,182,,,,,,,,,,1,6,https://stats.tennismylife.org/tournaments/roland-garros/2026
tml_7d5ddd53123f8be6,2026-05-25,Roland Garros,Clay,R128,Hubert Hurkacz,Jaume Munar,6-3 6-3 2-6 6-3,,,61.3,79.4,39.5,6,9,,,,,185,,,,,,,,,,3,9,https://stats.tennismylife.org/tournaments/roland-garros/2026
tml_85c2cec8607b01df,2026-05-25,Roland Garros,Clay,R128,Hugo Gaston,Gael Monfils,6-2 6-3 3-6 2-6 6-0,,,59.4,62.2,32.1,12,17,,,,,202,,,,,,,,,,5,17,https://stats.tennismylife.org/tournaments/roland-garros/2026
tml_48abbded05f6d6d0,2026-05-25,Roland Garros,Clay,R128,Jaime Faria,Denis Shapovalov,6-4 7-5 6-4,,,68.4,72.3,56.7,5,6,,,,,153,,,,,,,,,,1,6,https://stats.tennismylife.org/tournaments/roland-garros/2026
tml_62ebc4d91d503f58,2026-05-25,Roland Garros,Clay,R128,Jakub Mensik,Titouan Droguet,6-3 6-2 6-4,,,42.0,88.1,43.1,6,8,,,,,128,,,,,,,,,,2,8,https://stats.tennismylife.org/tournaments/roland-garros/2026
tml_a76eb6264249dabb,2026-05-25,Roland Garros,Clay,R128,James Duckworth,Gabriel Diallo,6-3 4-1 RET,,,56.8,90.5,68.8,0,0,,,,,62,,,,,,,,,,0,0,https://stats.tennismylife.org/tournaments/roland-garros/2026
tml_8928cbc9c7e41f45,2026-05-25,Roland Garros,Clay,R128,Jan-Lennard Struff,Alexander Bublik,7-5 6-7(6) 6-4 7-5,,,60.5,69.7,53.4,7,11,,,,,193,,,,,,,,,,4,11,https://stats.tennismylife.org/tournaments/roland-garros/2026
tml_e90d96fc24fa0fb2,2026-05-25,Roland Garros,Clay,R128,Jannik Sinner,Clement Tabur,6-1 6-3 6-4,,,65.8,80.0,69.2,0,0,,,,,131,,,,,,,,,,0,0,https://stats.tennismylife.org/tournaments/roland-garros/2026
tml_b427fe7bf976d384,2026-05-25,Roland Garros,Clay,R128,Jesper de Jong,Stan Wawrinka,6-3 3-6 6-3 6-4,,,90.7,71.0,27.3,9,11,,,,,184,,,,,,,,,,2,11,https://stats.tennismylife.org/tournaments/roland-garros/2026
tml_227157e96db8986d,2026-05-25,Roland Garros,Clay,R128,Joao Fonseca,Luka Pavlovic,7-6(6) 6-4 6-2,,,69.1,72.3,65.5,6,8,,,,,137,,,,,,,,,,2,8,https://stats.tennismylife.org/tournaments/roland-garros/2026
tml_3b1f57b59edc80fd,2026-05-25,Roland Garros,Clay,R128,Juan Manuel Cerundolo,Jacob Fearnley,6-2 7-6(0) 7-6(7),,,96.5,70.6,0.0,6,8,,,,,176,,,,,,,,,,2,8,https://stats.tennismylife.org/tournaments/roland-garros/2026
tml_dbaf153c533b15a7,2026-05-25,Roland Garros,Clay,R128,Karen Khachanov,Arthur Gea,6-3 7-6(3) 6-0,,,69.5,72.7,55.2,8,10,,,,,159,,,,,,,,,,2,10,https://stats.tennismylife.org/tournaments/roland-garros/2026
tml_2dea2dddfdcb2d7d,2026-05-25,Roland Garros,Clay,R128,Learner Tien,Cristian Garin,6-0 2-6 6-0 6-2,,,64.1,80.0,57.1,1,3,,,,,114,,,,,,,,,,2,3,https://stats.tennismylife.org/tournaments/roland-garros/2026
tml_159ebbe9f7c1cd63,2026-05-25,Roland Garros,Clay,R128,Lorenzo Sonego,Pierre-Hugues Herbert,7-6(3) 5-7 6-2 1-6 6-4,,,60.8,72.0,48.3,11,16,,,,,253,,,,,,,,,,5,16,https://stats.tennismylife.org/tournaments/roland-garros/2026
tml_33f6608408696ce8,2026-05-25,Roland Garros,Clay,R128,Luca Van Assche,Vilius Gaubas,6-4 6-2 2-6 7-5,,,64.9,63.5,52.2,15,20,,,,,230,,,,,,,,,,5,20,https://stats.tennismylife.org/tournaments/roland-garros/2026
tml_2b12ee0181216aa2,2026-05-25,Roland Garros,Clay,R128,Luciano Darderi,Sebastian Ofner,7-6(5) 6-2 6-3,,,61.5,66.7,53.3,9,11,,,,,143,,,,,,,,,,2,11,https://stats.tennismylife.org/tournaments/roland-garros/2026
tml_6ca960d9bbc79c6b,2026-05-25,Roland Garros,Clay,R128,Marco Trungelliti,Kyrian Jacquet,6-4 6-2 6-2,,,69.0,75.5,63.6,1,2,,,,,106,,,,,,,,,,1,2,https://stats.tennismylife.org/tournaments/roland-garros/2026
tml_36b2187f5db32e9d,2026-05-25,Roland Garros,Clay,R128,Mariano Navone,Jenson Brooksby,6-4 6-4 6-4,,,79.3,71.2,42.1,3,5,,,,,158,,,,,,,,,,2,5,https://stats.tennismylife.org/tournaments/roland-garros/2026
tml_dbb9510c9bef9e79,2026-05-25,Roland Garros,Clay,R128,Martin Landaluce,Juan Carlos Prado Angelo,6-3 4-6 6-2 6-7(3) 6-4,,,69.6,76.4,45.8,6,8,,,,,272,,,,,,,,,,2,8,https://stats.tennismylife.org/tournaments/roland-garros/2026
tml_aab36467bac0ebc4,2026-05-25,Roland Garros,Clay,R128,Matteo Arnaldi,Tallon Griekspoor,6-7(9) 6-3 7-6(6) 6-3,,,66.9,77.5,63.6,5,5,,,,,240,,,,,,,,,,0,5,https://stats.tennismylife.org/tournaments/roland-garros/2026
tml_453e9240b3c47ef3,2026-05-25,Roland Garros,Clay,R128,Matteo Berrettini,Marton Fucsovics,6-7(2) 7-5 6-1 6-2,,,61.5,79.2,64.4,6,7,,,,,192,,,,,,,,,,1,7,https://stats.tennismylife.org/tournaments/roland-garros/2026
tml_dbe8c019086a391b,2026-05-25,Roland Garros,Clay,R128,Miomir Kecmanovic,Fabian Marozsan,7-6(0) 6-3 6-4,,,69.5,77.3,51.7,3,5,,,,,148,,,,,,,,,,2,5,https://stats.tennismylife.org/tournaments/roland-garros/2026
tml_bcbfc30050e972ff,2026-05-25,Roland Garros,Clay,R128,Moise Kouame,Marin Cilic,7-6(4) 6-2 6-1,,,60.4,70.5,65.0,7,7,,,,,160,,,,,,,,,,0,7,https://stats.tennismylife.org/tournaments/roland-garros/2026
tml_34a6fcde4a45e36e,2026-05-25,Roland Garros,Clay,R128,Nishesh Basavareddy,Taylor Fritz,7-6(5) 7-6(5) 6-7(9) 6-1,,,63.2,76.9,62.3,3,4,,,,,205,,,,,,,,,,1,4,https://stats.tennismylife.org/tournaments/roland-garros/2026
tml_baf2051dacdda23a,2026-05-25,Roland Garros,Clay,R128,Novak Djokovic,Giovanni Mpetshi Perricard,5-7 7-5 6-1 6-4,,,77.6,80.7,66.7,3,5,,,,,173,,,,,,,,,,2,5,https://stats.tennismylife.org/tournaments/roland-garros/2026
tml_c01924a1f99bd517,2026-05-25,Roland Garros,Clay,R128,Nuno Borges,Tomas Martin Etcheverry,6-3 6-4 6-2,,,64.1,71.2,30.3,8,10,,,,,147,,,,,,,,,,2,10,https://stats.tennismylife.org/tournaments/roland-garros/2026
tml_1cd3981fd016c2e7,2026-05-25,Roland Garros,Clay,R128,Pablo Carreno Busta,Jiri Lehecka,6-3 7-6(3) 6-3,,,63.4,84.4,80.8,0,0,,,,,120,,,,,,,,,,0,0,https://stats.tennismylife.org/tournaments/roland-garros/2026
tml_5756f698133340db,2026-05-25,Roland Garros,Clay,R128,Quentin Halys,Mattia Bellucci,6-3 7-6(4) 6-3,,,59.6,79.0,47.6,4,6,,,,,149,,,,,,,,,,2,6,https://stats.tennismylife.org/tournaments/roland-garros/2026
tml_302207ee69eb1d05,2026-05-25,Roland Garros,Clay,R128,Rafael Jodar,Aleksandar Kovacevic,6-1 6-0 6-4,,,65.6,81.0,68.2,1,1,,,,,96,,,,,,,,,,0,1,https://stats.tennismylife.org/tournaments/roland-garros/2026
tml_b432851ae1ae5e37,2026-05-25,Roland Garros,Clay,R128,Raphael Collignon,Aleksandar Vukic,6-3 6-3 7-6(4),,,61.7,75.9,47.2,5,8,,,,,135,,,,,,,,,,3,8,https://stats.tennismylife.org/tournaments/roland-garros/2026
tml_3d68e4f3b7814cd4,2026-05-25,Roland Garros,Clay,R128,Roman Andres Burruchaga,Sebastian Baez,2-6 7-5 6-2 2-0 RET,,,64.5,47.5,40.9,5,10,,,,,187,,,,,,,,,,5,10,https://stats.tennismylife.org/tournaments/roland-garros/2026
tml_2794f5d16a669fa3,2026-05-25,Roland Garros,Clay,R128,Stefanos Tsitsipas,Alexandre Muller,6-2 3-0 RET,,,67.9,73.7,22.2,5,1,,,,,51,,,,,,,,,,-4,1,https://stats.tennismylife.org/tournaments/roland-garros/2026
tml_215050ac43ffdeb8,2026-05-25,Roland Garros,Clay,R128,Thanasi Kokkinakis,Terence Atmane,6-7(5) 6-2 4-6 6-3 7-5,,,94.1,73.6,33.3,4,6,,,,,261,,,,,,,,,,2,6,https://stats.tennismylife.org/tournaments/roland-garros/2026
tml_d12a911c49f04600,2026-05-25,Roland Garros,Clay,R128,Thiago Agustin Tirante,Pablo Llamas Ruiz,6-3 7-6(6) 6-7(5) 6-0,,,53.7,83.1,62.5,4,5,,,,,212,,,,,,,,,,1,5,https://stats.tennismylife.org/tournaments/roland-garros/2026
tml_23119ad82047f299,2026-05-25,Roland Garros,Clay,R128,Tomas Machac,Zizou Bergs,6-4 6-4 6-3,,,84.4,67.1,64.3,6,8,,,,,149,,,,,,,,,,2,8,https://stats.tennismylife.org/tournaments/roland-garros/2026
tml_93dc9717550f147d,2026-05-25,Roland Garros,Clay,R128,Tommy Paul,Rinky Hijikata,4-6 6-3 7-5 6-4,,,77.5,70.0,43.8,9,12,,,,,200,,,,,,,,,,3,12,https://stats.tennismylife.org/tournaments/roland-garros/2026
tml_de00c9fe7e223f3e,2026-05-25,Roland Garros,Clay,R128,Ugo Humbert,Adrian Mannarino,6-3 6-4 6-3,,,55.6,85.0,62.5,2,3,,,,,122,,,,,,,,,,1,3,https://stats.tennismylife.org/tournaments/roland-garros/2026
tml_efbb3aaf696518c0,2026-05-25,Roland Garros,Clay,R128,Valentin Royer,Hugo Dellien,6-4 6-2 6-2,,,66.2,68.1,66.7,3,5,,,,,121,,,,,,,,,,2,5,https://stats.tennismylife.org/tournaments/roland-garros/2026
tml_95e61839fcbcdbb9,2026-05-25,Roland Garros,Clay,R128,Valentin Vacherot,Thomas Faurel,6-3 6-4 3-6 7-6(6),,,70.5,76.7,69.4,3,4,,,,,170,,,,,,,,,,1,4,https://stats.tennismylife.org/tournaments/roland-garros/2026
tml_5346aa8e2b9b0ef0,2026-05-25,Roland Garros,Clay,R128,Vit Kopriva,Corentin Moutet,6-3 5-7 6-4 3-6 6-3,,,79.2,64.9,26.7,5,9,,,,,264,,,,,,,,,,4,9,https://stats.tennismylife.org/tournaments/roland-garros/2026
tml_73406d96f0a58611,2026-05-25,Roland Garros,Clay,R128,Yibing Wu,Marcos Giron,7-5 6-2 6-4,,,70.8,67.6,64.3,5,6,,,,,133,,,,,,,,,,1,6,https://stats.tennismylife.org/tournaments/roland-garros/2026
tml_2ae2a0d4abde6f7e,2026-05-25,Roland Garros,Clay,R128,Zachary Svajda,Alexei Popyrin,3-6 6-3 7-6(3) 7-5,,,67.5,69.9,65.0,2,4,,,,,176,,,,,,,,,,2,4,https://stats.tennismylife.org/tournaments/roland-garros/2026
tml_f470feed40daa873,2026-05-25,Roland Garros,Clay,R64,Alejandro Tabilo,Valentin Vacherot,W/O,,,,,,,,,,,,,,,,,,,,,,,,https://stats.tennismylife.org/tournaments/roland-garros/2026
tml_6dd4d0643944eb8a,2026-05-25,Roland Garros,Clay,R64,Alex Michelsen,Nishesh Basavareddy,7-6(5) 6-3 3-6 6-3,,,68.0,69.4,55.0,5,8,,,,,191,,,,,,,,,,3,8,https://stats.tennismylife.org/tournaments/roland-garros/2026
tml_983180007e15d210,2026-05-25,Roland Garros,Clay,R64,Alex de Minaur,Alexander Blockx,W/O,,,,,,,,,,,,,,,,,,,,,,,,https://stats.tennismylife.org/tournaments/roland-garros/2026
tml_03c698e2229583a0,2026-05-25,Roland Garros,Clay,R64,Alexander Zverev,Tomas Machac,6-4 6-2 6-2,,,69.2,84.4,75.0,1,1,,,,,107,,,,,,,,,,0,1,https://stats.tennismylife.org/tournaments/roland-garros/2026
tml_8cd03d7b33fd159a,2026-05-25,Roland Garros,Clay,R64,Andrey Rublev,Camilo Ugo Carabelli,6-1 1-6 6-3 7-6(5),,,65.4,66.7,47.8,10,14,,,,,189,,,,,,,,,,4,14,https://stats.tennismylife.org/tournaments/roland-garros/2026
tml_750812d444d5d9a5,2026-05-25,Roland Garros,Clay,R64,Brandon Nakashima,Luca Van Assche,6-7(5) 6-4 5-7 6-1 6-3,,,62.8,82.4,44.4,5,8,,,,,278,,,,,,,,,,3,8,https://stats.tennismylife.org/tournaments/roland-garros/2026
tml_06f147dd45db7319,2026-05-25,Roland Garros,Clay,R64,Casper Ruud,Hamad Medjedovic,6-3 6-2 6-4,,,92.2,71.1,42.9,7,7,,,,,125,,,,,,,,,,0,7,https://stats.tennismylife.org/tournaments/roland-garros/2026
tml_5bc06697c2d29c0e,2026-05-25,Roland Garros,Clay,R64,Felix Auger-Aliassime,Roman Andres Burruchaga,4-6 6-0 7-5 6-1,,,65.8,85.3,35.9,6,8,,,,,186,,,,,,,,,,2,8,https://stats.tennismylife.org/tournaments/roland-garros/2026
tml_b397477fc2757b43,2026-05-25,Roland Garros,Clay,R64,Flavio Cobolli,Yibing Wu,6-4 6-4 6-4,,,65.2,75.9,48.4,2,4,,,,,132,,,,,,,,,,2,4,https://stats.tennismylife.org/tournaments/roland-garros/2026
tml_d62578b076adf3c3,2026-05-25,Roland Garros,Clay,R64,Frances Tiafoe,Hubert Hurkacz,6-7(5) 7-6(5) 6-4 6-7(1) 6-4,,,93.6,70.4,63.6,5,7,,,,,287,,,,,,,,,,2,7,https://stats.tennismylife.org/tournaments/roland-garros/2026
tml_9ef4bff53c0435c1,2026-05-25,Roland Garros,Clay,R64,Francisco Cerundolo,Hugo Gaston,2-6 6-4 6-2 6-1,,,71.9,69.6,48.1,2,5,,,,,162,,,,,,,,,,3,5,https://stats.tennismylife.org/tournaments/roland-garros/2026
tml_c8337febb1e7d3f0,2026-05-25,Roland Garros,Clay,R64,Jaime Faria,Jan-Lennard Struff,7-5 7-6(1) 6-2,,,53.8,78.0,60.5,2,4,,,,,152,,,,,,,,,,2,4,https://stats.tennismylife.org/tournaments/roland-garros/2026
tml_669f9feeda9dc723,2026-05-25,Roland Garros,Clay,R64,Jakub Mensik,Mariano Navone,6-3 2-6 6-4 1-6 7-6(11),,,65.9,70.0,42.1,11,16,,,,,281,,,,,,,,,,5,16,https://stats.tennismylife.org/tournaments/roland-garros/2026
tml_bf6812801f1feb06,2026-05-25,Roland Garros,Clay,R64,Jesper de Jong,Federico Cina,6-3 6-1 6-3,,,66.7,70.0,68.0,5,6,,,,,110,,,,,,,,,,1,6,https://stats.tennismylife.org/tournaments/roland-garros/2026
tml_4642fac9fdcaeb8d,2026-05-25,Roland Garros,Clay,R64,Joao Fonseca,Dino Prizmic,3-6 4-6 6-3 6-1 6-2,,,95.5,69.8,33.3,4,6,,,,,210,,,,,,,,,,2,6,https://stats.tennismylife.org/tournaments/roland-garros/2026
tml_4e0d6b16985644cc,2026-05-25,Roland Garros,Clay,R64,Juan Manuel Cerundolo,Jannik Sinner,3-6 2-6 7-5 6-1 6-1,,,62.4,67.9,55.3,11,16,,,,,211,,,,,,,,,,5,16,https://stats.tennismylife.org/tournaments/roland-garros/2026
tml_e249c57f2b41e73e,2026-05-25,Roland Garros,Clay,R64,Karen Khachanov,Marco Trungelliti,7-6(5) 5-7 6-1 7-6(4),,,85.4,69.2,45.0,7,12,,,,,229,,,,,,,,,,5,12,https://stats.tennismylife.org/tournaments/roland-garros/2026
tml_2591da7b28b8bba4,2026-05-25,Roland Garros,Clay,R64,Learner Tien,Facundo Diaz Acosta,7-5 4-6 3-6 7-6(4) 6-3,,,74.4,63.2,34.9,11,19,,,,,241,,,,,,,,,,8,19,https://stats.tennismylife.org/tournaments/roland-garros/2026
tml_fb5b9fc4cc5a1e54,2026-05-25,Roland Garros,Clay,R64,Martin Landaluce,Vit Kopriva,1-6 2-6 6-4 7-5 6-0,,,71.7,56.9,48.8,7,14,,,,,227,,,,,,,,,,7,14,https://stats.tennismylife.org/tournaments/roland-garros/2026
tml_5d491482e9087f55,2026-05-25,Roland Garros,Clay,R64,Matteo Arnaldi,Stefanos Tsitsipas,7-6(2) 5-7 6-3 6-2,,,92.2,69.5,40.0,4,6,,,,,198,,,,,,,,,,2,6,https://stats.tennismylife.org/tournaments/roland-garros/2026
tml_b975a59c2b0f52c9,2026-05-25,Roland Garros,Clay,R64,Matteo Berrettini,Arthur Rinderknech,6-4 6-4 6-4,,,62.4,84.9,50.0,2,3,,,,,139,,,,,,,,,,1,3,https://stats.tennismylife.org/tournaments/roland-garros/2026
tml_1590ddd33fe450bd,2026-05-25,Roland Garros,Clay,R64,Moise Kouame,Adolfo Daniel Vallejo,6-3 7-5 3-6 2-6 7-6(8),,,59.3,66.7,50.0,8,15,,,,,299,,,,,,,,,,7,15,https://stats.tennismylife.org/tournaments/roland-garros/2026
tml_d86ba8e74e384b60,2026-05-25,Roland Garros,Clay,R64,Novak Djokovic,Valentin Royer,6-3 6-2 6-7(7) 6-3,,,66.4,77.5,46.7,5,7,,,,,227,,,,,,,,,,2,7,https://stats.tennismylife.org/tournaments/roland-garros/2026
tml_4c320f298591e76d,2026-05-25,Roland Garros,Clay,R64,Nuno Borges,Miomir Kecmanovic,3-6 6-2 6-1 6-2,,,59.0,70.8,48.0,7,8,,,,,134,,,,,,,,,,1,8,https://stats.tennismylife.org/tournaments/roland-garros/2026
tml_9333f4aeec1350b0,2026-05-25,Roland Garros,Clay,R64,Pablo Carreno Busta,Thanasi Kokkinakis,7-5 4-6 1-0 RET,,,64.7,75.0,66.7,2,3,,,,,125,,,,,,,,,,1,3,https://stats.tennismylife.org/tournaments/roland-garros/2026
tml_8f1067771a41284a,2026-05-25,Roland Garros,Clay,R64,Quentin Halys,Ugo Humbert,6-4 7-6(4) 7-6(8),,,64.7,80.0,51.2,4,6,,,,,181,,,,,,,,,,2,6,https://stats.tennismylife.org/tournaments/roland-garros/2026
tml_5dd59bdb1d3ed8db,2026-05-25,Roland Garros,Clay,R64,Rafael Jodar,James Duckworth,6-1 6-7(5) 6-4 7-5,,,65.6,78.6,52.3,1,3,,,,,204,,,,,,,,,,2,3,https://stats.tennismylife.org/tournaments/roland-garros/2026
tml_c1cfa0c66d538fa0,2026-05-25,Roland Garros,Clay,R64,Raphael Collignon,Ben Shelton,6-4 7-5 6-4,,,62.0,87.8,70.0,0,0,,,,,123,,,,,,,,,,0,0,https://stats.tennismylife.org/tournaments/roland-garros/2026
tml_c623e2563e8bb39a,2026-05-25,Roland Garros,Clay,R64,Thiago Agustin Tirante,Alejandro Davidovich Fokina,4-6 7-6(4) 6-1 6-3,,,92.0,69.9,33.3,1,4,,,,,177,,,,,,,,,,3,4,https://stats.tennismylife.org/tournaments/roland-garros/2026
tml_80a2128fef0d8d93,2026-05-25,Roland Garros,Clay,R64,Tommy Paul,Lorenzo Sonego,6-3 6-2 6-4,,,58.0,78.4,48.6,5,6,,,,,130,,,,,,,,,,1,6,https://stats.tennismylife.org/tournaments/roland-garros/2026
tml_8a73bd7ae8312b27,2026-05-25,Roland Garros,Clay,R64,Zachary Svajda,Adam Walton,6-3 6-4 6-7(4) 6-2,,,62.1,79.2,55.3,4,5,,,,,168,,,,,,,,,,1,5,https://stats.tennismylife.org/tournaments/roland-garros/2026
tml_0ce327c87e5676f6,2026-05-25,Roland Garros,Clay,R32,Alejandro Tabilo,Moise Kouame,4-6 6-3 6-4 7-6(9),,,61.2,75.9,54.0,6,10,,,,,223,,,,,,,,,,4,10,https://stats.tennismylife.org/tournaments/roland-garros/2026
tml_b2e6654479c475c0,2026-05-25,Roland Garros,Clay,R32,Alexander Zverev,Quentin Halys,6-4 6-3 5-7 6-2,,,70.1,70.7,59.4,2,5,,,,,190,,,,,,,,,,3,5,https://stats.tennismylife.org/tournaments/roland-garros/2026
tml_d0d1adb32d57b3a9,2026-05-25,Roland Garros,Clay,R32,Andrey Rublev,Nuno Borges,7-5 7-6(2) 7-6(2),,,62.6,75.0,55.8,3,5,,,,,163,,,,,,,,,,2,5,https://stats.tennismylife.org/tournaments/roland-garros/2026
tml_869d9697247f9333,2026-05-25,Roland Garros,Clay,R32,Casper Ruud,Tommy Paul,4-6 6-7(4) 6-4 7-6(4) 7-5,,,64.4,74.4,50.7,12,14,,,,,287,,,,,,,,,,2,14,https://stats.tennismylife.org/tournaments/roland-garros/2026
tml_0f6d2540784e9ac8,2026-05-25,Roland Garros,Clay,R32,Felix Auger-Aliassime,Brandon Nakashima,5-7 6-1 7-6(4) 7-6(1),,,73.8,75.7,47.4,5,8,,,,,245,,,,,,,,,,3,8,https://stats.tennismylife.org/tournaments/roland-garros/2026
tml_6cacba3d5d3fd66a,2026-05-25,Roland Garros,Clay,R32,Flavio Cobolli,Learner Tien,6-2 6-2 6-3,,,56.7,81.6,55.2,3,4,,,,,109,,,,,,,,,,1,4,https://stats.tennismylife.org/tournaments/roland-garros/2026
tml_7f153710f790fecc,2026-05-25,Roland Garros,Clay,R32,Frances Tiafoe,Jaime Faria,4-6 6-7(2) 7-6(4) 6-1 6-2,,,58.5,78.5,43.9,5,9,,,,,245,,,,,,,,,,4,9,https://stats.tennismylife.org/tournaments/roland-garros/2026
tml_9ddad2fe53676f0b,2026-05-25,Roland Garros,Clay,R32,Jakub Mensik,Alex de Minaur,0-6 6-2 6-2 6-3,,,52.6,66.0,46.7,2,7,,,,,147,,,,,,,,,,5,7,https://stats.tennismylife.org/tournaments/roland-garros/2026
tml_2a828298a9d57de3,2026-05-25,Roland Garros,Clay,R32,Jesper de Jong,Karen Khachanov,7-5 5-7 6-2 6-7(2) 6-2,,,69.9,79.3,36.0,10,13,,,,,262,,,,,,,,,,3,13,https://stats.tennismylife.org/tournaments/roland-garros/2026
tml_e47e5d1733a14249,2026-05-25,Roland Garros,Clay,R32,Joao Fonseca,Novak Djokovic,4-6 4-6 6-3 7-5 7-5,,,80.6,66.4,42.4,11,16,,,,,297,,,,,,,,,,5,16,https://stats.tennismylife.org/tournaments/roland-garros/2026
tml_14c0d643a8c58c7f,2026-05-25,Roland Garros,Clay,R32,Juan Manuel Cerundolo,Martin Landaluce,6-4 6-7(7) 7-6(4) 6-7(4) 7-6(8),,,78.6,67.2,46.9,13,17,,,,,358,,,,,,,,,,4,17,https://stats.tennismylife.org/tournaments/roland-garros/2026
tml_cfe38c316aaf4a64,2026-05-25,Roland Garros,Clay,R32,Matteo Arnaldi,Raphael Collignon,6-4 6-7(5) 5-7 6-4 7-6(4),,,61.9,75.9,53.6,7,11,,,,,303,,,,,,,,,,4,11,https://stats.tennismylife.org/tournaments/roland-garros/2026
tml_f0fe78fd203b39e1,2026-05-25,Roland Garros,Clay,R32,Matteo Berrettini,Francisco Comesana,7-6(3) 5-7 6-7(4) 6-4 7-6(13),,,64.9,80.6,55.2,5,8,,,,,316,,,,,,,,,,3,8,https://stats.tennismylife.org/tournaments/roland-garros/2026
tml_626206fe560ed4a0,2026-05-25,Roland Garros,Clay,R32,Pablo Carreno Busta,Thiago Agustin Tirante,7-6(0) 7-5 3-6 6-4,,,70.6,71.9,56.8,5,9,,,,,216,,,,,,,,,,4,9,https://stats.tennismylife.org/tournaments/roland-garros/2026
tml_a314af523ce44fb8,2026-05-25,Roland Garros,Clay,R32,Rafael Jodar,Alex Michelsen,7-6(2) 6-7(5) 4-6 6-3 6-3,,,70.8,71.1,42.6,5,11,,,,,257,,,,,,,,,,6,11,https://stats.tennismylife.org/tournaments/roland-garros/2026
tml_7d9b0ceb2a872e26,2026-05-25,Roland Garros,Clay,R32,Zachary Svajda,Francisco Cerundolo,6-3 6-4 3-6 4-6 6-3,,,57.7,75.6,47.6,6,11,,,,,185,,,,,,,,,,5,11,https://stats.tennismylife.org/tournaments/roland-garros/2026
tml_dec2da28425cba3c,2026-05-25,Roland Garros,Clay,R16,Alexander Zverev,Jesper de Jong,7-6(3) 6-4 6-1,,,76.2,79.7,65.0,1,2,,,,,136,,,,,,,,,,1,2,https://stats.tennismylife.org/tournaments/roland-garros/2026
tml_9c364b47195a0e23,2026-05-25,Roland Garros,Clay,R16,Felix Auger-Aliassime,Alejandro Tabilo,6-3 7-5 6-1,,,68.2,80.0,57.1,3,3,,,,,128,,,,,,,,,,0,3,https://stats.tennismylife.org/tournaments/roland-garros/2026
tml_326213407738ef5e,2026-05-25,Roland Garros,Clay,R16,Flavio Cobolli,Zachary Svajda,6-2 6-3 6-7(3) 7-6(5),,,53.2,68.9,58.5,5,8,,,,,201,,,,,,,,,,3,8,https://stats.tennismylife.org/tournaments/roland-garros/2026
tml_4b40e51e545ae8a3,2026-05-25,Roland Garros,Clay,R16,Jakub Mensik,Andrey Rublev,6-3 7-6(6) 4-6 2-6 6-3,,,66.7,75.5,43.1,10,15,,,,,228,,,,,,,,,,5,15,https://stats.tennismylife.org/tournaments/roland-garros/2026
tml_9b5e5ac56039b970,2026-05-25,Roland Garros,Clay,R16,Joao Fonseca,Casper Ruud,7-5 7-6(8) 5-7 6-2,,,75.9,72.0,50.0,7,9,,,,,238,,,,,,,,,,2,9,https://stats.tennismylife.org/tournaments/roland-garros/2026
tml_51f712fb9ea6887b,2026-05-25,Roland Garros,Clay,R16,Matteo Arnaldi,Frances Tiafoe,7-6(5) 6-7(5) 3-6 7-6(3) 6-4,,,86.2,59.6,36.7,17,25,,,,,330,,,,,,,,,,8,25,https://stats.tennismylife.org/tournaments/roland-garros/2026
tml_713499421f834e35,2026-05-25,Roland Garros,Clay,R16,Matteo Berrettini,Juan Manuel Cerundolo,6-3 7-6(2) 7-6(6),,,90.7,77.3,40.0,1,2,,,,,149,,,,,,,,,,1,2,https://stats.tennismylife.org/tournaments/roland-garros/2026
tml_5f83089cc88b45cd,2026-05-25,Roland Garros,Clay,R16,Rafael Jodar,Pablo Carreno Busta,4-6 4-6 6-1 6-2 6-2,,,68.0,67.0,55.3,10,14,,,,,222,,,,,,,,,,4,14,https://stats.tennismylife.org/tournaments/roland-garros/2026
