bets,wins,win_rate,staked,profit,roi,friction_adjusted_profit,friction_adjusted_roi,max_drawdown,average_odds,average_model_probability,average_edge,average_clv,clv_positive_rate,average_fractional_kelly,rule,rule_size
30,4,0.13333333333333333,30.0,36.0,1.2,34.760000000000005,1.1586666666666667,-7.0,18.7,0.10186900893002246,0.042848055999787395,1.0478860966949457,0.9333333333333333,0.01080477318188141,model_type=top_10 & surface=Clay & odds_bucket=10+,3
31,4,0.12903225806451613,31.0,35.0,1.1290322580645162,33.760000000000005,1.0890322580645162,-7.0,18.451612903225808,0.1021151751296364,0.04218725521455147,1.0130335846530085,0.9032258064516129,0.010621152895609911,surface=Clay & odds_bucket=10+,2
31,4,0.12903225806451613,31.0,35.0,1.1290322580645162,33.760000000000005,1.0890322580645162,-7.0,18.451612903225808,0.1021151751296364,0.04218725521455147,1.0130335846530085,0.9032258064516129,0.010621152895609911,surface=Clay & odds_bucket=10+ & probability_bucket=0-25%,3
33,8,0.24242424242424243,33.0,32.43,0.9827272727272727,31.281399999999998,0.947921212121212,-11.5,6.956969696969696,0.20243972132415555,0.020953232270605266,0.8476363417488852,0.6060606060606061,0.0036321104194503235,surface=Hard & round=R64 & edge_bucket=<=3%,3
32,10,0.3125,32.0,25.979999999999997,0.8118749999999999,25.0204,0.7818875,-10.5,7.1775,0.31413722692466406,0.13091735232831697,0.09379535387610238,1.0,0.03826666451484947,edge_bucket=10%+ & clv_bucket=5%+,2
32,10,0.3125,32.0,25.979999999999997,0.8118749999999999,25.0204,0.7818875,-10.5,7.1775,0.31413722692466406,0.13091735232831697,0.09379535387610238,1.0,0.03826666451484947,model_type=top_10 & edge_bucket=10%+ & clv_bucket=5%+,3
38,8,0.21052631578947367,38.0,27.659999999999997,0.7278947368421052,26.506800000000002,0.6975473684210527,-6.0,7.602631578947368,0.19019190886531936,0.04167547907108597,0.022296079483386272,0.631578947368421,0.009863822529844945,model_type=top_10 & round=QF & probability_bucket=0-25%,3
40,8,0.2,40.0,25.659999999999997,0.6415,24.506800000000002,0.61267,-7.0,7.443250000000001,0.19262441816391612,0.0407751564691621,0.022798927378757997,0.625,0.009568793794838909,round=QF & probability_bucket=0-25%,2
44,8,0.18181818181818182,44.0,27.83,0.6325,26.553400000000003,0.6034863636363638,-9.5,8.173863636363636,0.1643925509726677,0.018236352720039126,0.649290793648654,0.6136363636363636,0.003095645067571621,round=R64 & probability_bucket=0-25% & edge_bucket=<=3%,3
36,27,0.75,36.0,21.83,0.6063888888888889,21.213399999999996,0.589261111111111,-4.510000000000002,2.385277777777778,0.694689060061178,0.08594523527423692,0.006869087130618544,0.4444444444444444,0.05681365509153908,surface=Clay & tournament_importance=4 & edge_bucket=7.5-10%,3
45,30,0.6666666666666666,45.0,26.04,0.5786666666666667,25.2192,0.5604266666666666,-4.42,2.7808888888888887,0.6604922339072518,0.14204433548051468,0.010358633162398462,0.5111111111111111,0.08733000177425354,tournament_importance=3 & round=QF & edge_bucket=10%+,3
44,28,0.6363636363636364,44.0,25.39,0.5770454545454545,24.5622,0.5582318181818182,-3.879999999999999,2.8281818181818186,0.6510638813928608,0.1408872279172357,0.010490634605553465,0.4772727272727273,0.08293783099189023,surface=Hard & round=QF & edge_bucket=10%+,3
65,25,0.38461538461538464,65.0,37.120000000000005,0.5710769230769231,35.5776,0.5473476923076923,-5.049999999999999,4.106,0.26114490010854335,0.02494615605718617,0.032591436514604395,0.7230769230769231,0.004210326229400225,tournament_importance=3 & odds_bucket=3-5 & edge_bucket=<=3%,3
35,11,0.3142857142857143,35.0,17.96,0.5131428571428571,17.120800000000003,0.48916571428571437,-7.0,5.917428571428572,0.2570733816246277,0.05651433023701145,0.07974905090014446,1.0,0.014596587026076354,round=QF & clv_bucket=5%+,2
33,10,0.30303030303030304,33.0,16.560000000000002,0.5018181818181819,15.768799999999999,0.4778424242424242,-7.0,6.041818181818182,0.2555268212981121,0.057994607770838646,0.08014048665549625,1.0,0.015061938684671117,model_type=top_10 & round=QF & clv_bucket=5%+,3
31,2,0.06451612903225806,31.0,15.0,0.4838709677419355,14.120000000000005,0.45548387096774207,-12.0,18.419354838709676,0.09779811628938725,0.03879890999631443,1.0060166912772524,0.7419354838709677,0.00971275986871688,odds_bucket=10+ & edge_bucket=3-5%,2
31,2,0.06451612903225806,31.0,15.0,0.4838709677419355,14.120000000000005,0.45548387096774207,-12.0,18.419354838709676,0.09779811628938725,0.03879890999631443,1.0060166912772524,0.7419354838709677,0.00971275986871688,model_type=top_10 & odds_bucket=10+ & edge_bucket=3-5%,3
31,2,0.06451612903225806,31.0,15.0,0.4838709677419355,14.120000000000005,0.45548387096774207,-12.0,18.419354838709676,0.09779811628938725,0.03879890999631443,1.0060166912772524,0.7419354838709677,0.00971275986871688,odds_bucket=10+ & probability_bucket=0-25% & edge_bucket=3-5%,3
53,7,0.1320754716981132,53.0,25.5,0.4811320754716981,24.070000000000004,0.45415094339622647,-13.0,16.21698113207547,0.13813228470613986,0.055867512442647996,0.6290399346576689,0.7358490566037735,0.014172057270382891,model_type=top_10 & round=R128 & probability_bucket=0-25%,3
38,16,0.42105263157894735,38.0,17.05,0.4486842105263158,16.269000000000002,0.4281315789473685,-4.0,3.453157894736843,0.30655060910800647,0.026208375618052823,0.03425243702200009,0.7631578947368421,0.004440907292593524,tournament_importance=3 & probability_bucket=25-40% & edge_bucket=<=3%,3
40,16,0.4,40.0,17.619999999999997,0.44049999999999995,16.787599999999998,0.41968999999999995,-5.05,3.9025000000000007,0.32114265927755153,0.06758806530308459,0.024839490520768517,0.725,0.018208692091758866,surface=Grass & tournament_importance=3 & probability_bucket=25-40%,3
32,22,0.6875,32.0,13.75,0.4296875,13.275000000000002,0.41484375000000007,-6.3100000000000005,2.6153125,0.683860938384138,0.08617423460186235,0.012556540905653151,1.0,0.060593989163886086,surface=Clay & edge_bucket=7.5-10% & clv_bucket=0-2.5%,3
33,6,0.18181818181818182,33.0,14.5,0.4393939393939394,13.670000000000002,0.4142424242424243,-11.0,8.716969696969697,0.17053655360645711,0.03668738259624883,0.09925210215092677,1.0,0.008537526334358014,tournament_importance=4 & probability_bucket=0-25% & clv_bucket=5%+,3
36,3,0.08333333333333333,36.0,15.0,0.4166666666666667,14.040000000000003,0.39000000000000007,-14.0,20.47222222222222,0.1194799458947881,0.06342739896184599,0.9370629242523185,0.8888888888888888,0.01639653013709058,model_type=top_10 & round=R128 & odds_bucket=10+,3
31,15,0.4838709677419355,31.0,12.489999999999998,0.40290322580645155,11.9202,0.38452258064516126,-4.120000000000001,5.7151612903225795,0.5457551260622451,0.15897402985333126,0.004271788848431753,0.41935483870967744,0.0801357613808782,round=R128 & edge_bucket=10%+,2
30,14,0.4666666666666667,30.0,11.76,0.392,11.2048,0.37349333333333334,-4.120000000000001,5.847999999999999,0.540015884811394,0.1586188477976052,0.0047951341909985255,0.43333333333333335,0.08004413391769684,tournament_importance=5 & round=R128 & edge_bucket=10%+,3
31,13,0.41935483870967744,31.0,11.92,0.38451612903225807,11.3216,0.36521290322580646,-4.0,4.284193548387097,0.4621618736746397,0.08657893304234829,0.006325796275198407,0.45161290322580644,0.03496849501033707,surface=Clay & tournament_importance=4 & round=QF,3
75,47,0.6266666666666667,75.0,28.130000000000003,0.3750666666666667,27.007400000000004,0.36009866666666673,-4.0,2.572933333333333,0.664438403519562,0.14455715486069937,0.005364547820411058,0.4,0.08767685243804642,round=QF & edge_bucket=10%+,2
75,47,0.6266666666666667,75.0,28.130000000000003,0.3750666666666667,27.007400000000004,0.36009866666666673,-4.0,2.572933333333333,0.664438403519562,0.14455715486069937,0.005364547820411058,0.4,0.08767685243804642,model_type=top_10 & round=QF & edge_bucket=10%+,3
44,25,0.5681818181818182,44.0,16.55,0.37613636363636366,15.838999999999999,0.3599772727272727,-6.38,3.3172727272727274,0.46565949634453785,0.062094526712171416,0.01749104143751334,0.5681818181818182,0.026538581829031852,surface=Clay & tournament_importance=3 & round=R32,3
32,25,0.78125,32.0,11.860000000000001,0.37062500000000004,11.482800000000001,0.35883750000000003,-1.94,1.7400000000000002,0.6315477626141631,0.08225852672411989,0.004336719903513132,0.53125,0.030592530422099067,round=R32 & odds_bucket=1.5-2,2
40,32,0.8,40.0,14.410000000000004,0.36025000000000007,13.9618,0.349045,-3.0,1.707,0.6541316461920914,0.0946126791670956,-0.008316882221577167,0.325,0.039081492148843065,surface=Hard & tournament_importance=4 & odds_bucket=1.5-2,3
41,24,0.5853658536585366,41.0,14.790000000000001,0.3607317073170732,14.1542,0.34522439024390245,-7.780000000000001,2.7053658536585368,0.5375291928984985,0.09101684501231215,0.004555994599137943,0.5365853658536586,0.045200617938792126,tournament_importance=4 & round=SF,2
41,24,0.5853658536585366,41.0,14.790000000000001,0.3607317073170732,14.1542,0.34522439024390245,-7.780000000000001,2.7053658536585368,0.5375291928984985,0.09101684501231215,0.004555994599137943,0.5365853658536586,0.045200617938792126,model_type=top_10 & tournament_importance=4 & round=SF,3
37,31,0.8378378378378378,37.0,13.05,0.3527027027027027,12.669,0.3424054054054054,-1.0,1.6132432432432433,0.6893076539730633,0.0954418364526946,-0.011094601973209856,0.2972972972972973,0.03990924394199473,surface=Hard & tournament_importance=4 & probability_bucket=60-75%,3
36,17,0.4722222222222222,36.0,12.859999999999996,0.3572222222222221,12.2228,0.3395222222222222,-8.46,3.458888888888889,0.4509014626033768,0.06712820788234829,0.012198118013906011,1.0,0.03513215035982522,tournament_importance=4 & round=R64 & clv_bucket=0-2.5%,3
47,8,0.1702127659574468,47.0,17.0,0.3617021276595745,15.880000000000003,0.337872340425532,-16.5,7.269361702127659,0.18632085457045908,0.04143383690723881,0.013803685819905032,1.0,0.009840827554688637,model_type=top_10 & probability_bucket=0-25% & clv_bucket=0-2.5%,3
60,30,0.5,60.0,21.13,0.35216666666666663,20.107400000000002,0.3351233333333334,-7.300000000000004,3.1119999999999997,0.500813487231325,0.07996542664209101,0.013211349733978917,1.0,0.03528220663813466,surface=Clay & tournament_importance=4 & clv_bucket=0-2.5%,3
37,19,0.5135135135135135,37.0,12.970000000000002,0.3505405405405406,12.3506,0.3338,-7.6000000000000005,3.0197297297297294,0.44791880127209405,0.05955336288668867,0.020424537510421756,0.6756756756756757,0.020726106250536835,model_type=other & surface=Clay & round=R32,3
32,4,0.125,32.0,11.399999999999999,0.35624999999999996,10.612000000000002,0.33162500000000006,-10.0,10.725,0.26501462801716735,0.055312848719400724,0.9127553595598084,0.6875,0.017967360444019753,surface=Clay & tournament_importance=5 & round=R128,3
40,24,0.6,40.0,13.76,0.344,13.1648,0.32911999999999997,-5.28,2.815,0.5975069615654399,0.13866772120777046,0.012344192654760982,1.0,0.06976790875298777,tournament_importance=4 & edge_bucket=10%+ & clv_bucket=0-2.5%,3
34,5,0.14705882352941177,34.0,11.899999999999999,0.35,11.082,0.32594117647058823,-11.0,10.329411764705883,0.2673745277737952,0.05379228395098518,0.8579619564682198,0.6470588235294118,0.017233755784852995,surface=Clay & round=R128,2
64,16,0.25,64.0,22.240000000000002,0.34750000000000003,20.8352,0.32555,-14.0,8.2321875,0.2125978167587962,0.044445939917326996,0.11402653370527395,1.0,0.011302044227342361,round=R32 & clv_bucket=5%+,2
33,10,0.30303030303030304,33.0,11.03,0.33424242424242423,10.3494,0.3136181818181818,-10.0,4.806666666666667,0.2427988035015482,0.024402059780271934,0.03425552856904632,0.696969696969697,0.004263135364339043,surface=Clay & tournament_importance=3 & edge_bucket=<=3%,3
34,12,0.35294117647058826,34.0,11.280000000000001,0.33176470588235296,10.614399999999998,0.3121882352941176,-7.0,3.9114705882352934,0.30906004308256557,0.060727779919220855,0.0354552540490302,1.0,0.01623594020245062,round=R16 & odds_bucket=3-5 & clv_bucket=2.5-5%,3
49,25,0.5102040816326531,49.0,16.04,0.3273469387755102,15.2392,0.3110040816326531,-6.0,3.7,0.4652122883443311,0.08206354185555532,0.009478263211813127,0.46938775510204084,0.03465718232708126,model_type=top_10 & surface=Grass & round=R16,3
41,25,0.6097560975609756,41.0,13.23,0.3226829268292683,12.645399999999999,0.3084243902439024,-4.5,2.4312195121951223,0.5425737439590883,0.06438321572698609,0.00020878567154406007,0.5121951219512195,0.021892536664643043,tournament_importance=4 & round=R16 & edge_bucket=5-7.5%,3
117,10,0.08547008547008547,117.0,39.0,0.3333333333333333,36.08000000000001,0.30837606837606846,-27.0,17.333333333333332,0.1133266390323281,0.04978361822222843,0.6065856448671098,0.8034188034188035,0.012687107961692172,model_type=top_10 & odds_bucket=10+,2
117,10,0.08547008547008547,117.0,39.0,0.3333333333333333,36.08000000000001,0.30837606837606846,-27.0,17.333333333333332,0.1133266390323281,0.04978361822222843,0.6065856448671098,0.8034188034188035,0.012687107961692172,model_type=top_10 & odds_bucket=10+ & probability_bucket=0-25%,3
30,2,0.06666666666666667,30.0,10.0,0.3333333333333333,9.240000000000002,0.30800000000000005,-19.0,16.0,0.0839660309843924,0.01674357055414244,1.063843796383918,0.8,0.0037762500442620824,surface=Hard & odds_bucket=10+ & edge_bucket=<=3%,3
81,48,0.5925925925925926,81.0,26.039999999999996,0.3214814814814814,24.859199999999998,0.3069037037037037,-5.1,2.7897530864197533,0.5767168213447889,0.10326953427257002,-0.016979743097043684,0.0,0.057019787983433656,model_type=top_10 & surface=Grass & clv_bucket=-5-0%,3
51,35,0.6862745098039216,51.0,16.189999999999998,0.3174509803921568,15.546199999999999,0.30482745098039216,-3.0,1.9109803921568627,0.5599148638989327,0.06187818389559237,0.004194459283182215,0.5490196078431373,0.018460530167288682,odds_bucket=1.5-2 & probability_bucket=50-60%,2
138,76,0.5507246376811594,138.0,44.150000000000006,0.3199275362318841,42.027,0.3045434782608696,-9.780000000000008,3.0850724637681157,0.5250204354893057,0.08473389559184447,0.012931744614925848,1.0,0.039741748795143785,model_type=top_10 & tournament_importance=4 & clv_bucket=0-2.5%,3
40,7,0.175,40.0,13.0,0.325,12.08,0.302,-9.0,7.453999999999999,0.189814303715898,0.045725103741229296,0.011912682553705731,0.5,0.011097502022819061,tournament_importance=4 & round=R32 & probability_bucket=0-25%,3
39,21,0.5384615384615384,39.0,12.380000000000003,0.3174358974358975,11.7724,0.30185641025641025,-7.380000000000001,2.4666666666666663,0.5531581711863556,0.08638911561752739,0.012169079057271341,1.0,0.035571688046090975,surface=Hard & round=SF & clv_bucket=0-2.5%,3
68,6,0.08823529411764706,68.0,22.0,0.3235294117647059,20.32000000000001,0.2988235294117649,-16.0,16.75,0.12071562079167387,0.055119050063877795,0.5505177503329576,0.75,0.014140583992764817,model_type=top_10 & surface=Hard & odds_bucket=10+,3
164,86,0.524390243902439,164.0,51.29,0.3127439024390244,48.704199999999986,0.2969768292682926,-15.06000000000001,3.1435365853658532,0.4984170922716253,0.0772726309862032,0.012996508021285992,1.0,0.03488369671182295,tournament_importance=4 & clv_bucket=0-2.5%,2
45,26,0.5777777777777777,45.0,13.880000000000003,0.3084444444444445,13.2224,0.2938311111111111,-4.89,2.922,0.6014684952690155,0.10742967495670895,-0.016286044389682425,0.0,0.0667867955185035,surface=Grass & tournament_importance=5 & clv_bucket=-5-0%,3
30,26,0.8666666666666667,30.0,8.899999999999999,0.29666666666666663,8.642000000000001,0.2880666666666667,-2.29,1.589,0.7476456867100044,0.08730780156394734,0.004168970800216086,0.5,0.058146989929661164,surface=Clay & round=R32 & edge_bucket=7.5-10%,3
65,21,0.3230769230769231,65.0,20.0,0.3076923076923077,18.72,0.288,-5.4,4.066307692307692,0.2929093990462971,0.05412961566549654,0.07875773013983109,1.0,0.014061252100253266,tournament_importance=3 & odds_bucket=3-5 & clv_bucket=5%+,3
32,23,0.71875,32.0,9.41,0.2940625,9.0418,0.28255625,-2.1999999999999993,1.7781250000000002,0.6110952533098528,0.07346987180068763,0.010793831725955244,0.59375,0.025588638924542755,model_type=other & odds_bucket=1.5-2,2
33,21,0.6363636363636364,33.0,9.75,0.29545454545454547,9.315,0.28227272727272723,-4.440000000000001,2.401515151515151,0.6834779200857898,0.16066490289199628,-0.015473245898735229,0.0,0.0976522542281756,surface=Grass & edge_bucket=10%+ & clv_bucket=-5-0%,3
69,13,0.18840579710144928,69.0,20.83,0.3018840579710145,19.2934,0.27961449275362316,-14.3,6.4855072463768115,0.2133919133832738,0.020874187929422302,0.41828110326411944,0.6231884057971014,0.003526964240654007,round=R64 & edge_bucket=<=3%,2
52,30,0.5769230769230769,52.0,15.239999999999998,0.29307692307692307,14.4952,0.2787538461538462,-6.0,2.464807692307692,0.5707588808284603,0.08814615448261948,0.012833288539376701,1.0,0.03843017945488271,round=SF & clv_bucket=0-2.5%,2
50,29,0.58,50.0,14.620000000000001,0.2924,13.9076,0.278152,-6.0,2.4509999999999996,0.5777435808726981,0.08947153523471822,0.012469706815645647,1.0,0.039380860125354786,model_type=top_10 & round=SF & clv_bucket=0-2.5%,3
33,13,0.3939393939393939,33.0,9.719999999999999,0.2945454545454545,9.125599999999999,0.2765333333333333,-8.76,3.283333333333333,0.33215877804961536,0.03608894036503969,0.013903867154980641,1.0,0.007586431826863185,model_type=other & probability_bucket=25-40% & clv_bucket=0-2.5%,3
104,56,0.5384615384615384,104.0,30.159999999999997,0.29,28.5968,0.2749692307692308,-11.62,3.161730769230769,0.4970345567179523,0.07571909503088331,0.012872560879347766,1.0,0.03465378713895081,surface=Hard & tournament_importance=4 & clv_bucket=0-2.5%,3
53,34,0.6415094339622641,53.0,14.91,0.28132075471698115,14.231800000000002,0.26852452830188683,-5.0,2.8554716981132082,0.6141183139773321,0.08514653658830103,0.013462749906681637,0.4716981132075472,0.05543985133843837,tournament_importance=3 & round=R16 & edge_bucket=7.5-10%,3
40,20,0.5,40.0,11.33,0.28325,10.7034,0.267585,-3.0,2.61925,0.44966512616062404,0.08409989641371882,0.012616621763066733,1.0,0.026009041877665402,tournament_importance=4 & odds_bucket=2-3 & clv_bucket=0-2.5%,3
40,15,0.375,40.0,11.41,0.28525,10.681799999999999,0.267045,-6.0,3.5754999999999995,0.3273369526270538,0.051979539375372065,0.036127313242660046,1.0,0.012990245302923864,round=R16 & probability_bucket=25-40% & clv_bucket=2.5-5%,3
102,18,0.17647058823529413,102.0,29.33,0.2875490196078431,27.063400000000005,0.26532745098039223,-15.5,7.6550980392156855,0.18411625749041718,0.04434685392878476,0.009355286043489354,0.5882352941176471,0.010729800802274694,model_type=top_10 & tournament_importance=4 & probability_bucket=0-25%,3
50,7,0.14,50.0,14.33,0.2866,13.183400000000002,0.26366800000000007,-20.5,10.0666,0.16758294453916076,0.03986619403692195,0.6036637785323055,0.64,0.009360139445427048,surface=Hard & round=R64 & probability_bucket=0-25%,3
88,51,0.5795454545454546,88.0,24.389999999999997,0.27715909090909085,23.162199999999995,0.2632068181818181,-6.1,2.829772727272727,0.5672913391274177,0.09831492127944234,-0.016607726992128827,0.0,0.0533202645288339,surface=Grass & clv_bucket=-5-0%,2
46,28,0.6086956521739131,46.0,12.57,0.2732608695652174,11.958599999999997,0.25996956521739123,-9.52,2.506521739130435,0.5311083866843971,0.062402369925024105,0.003843283161375971,0.45652173913043476,0.0249015618849538,round=SF & edge_bucket=5-7.5%,2
61,20,0.32786885245901637,61.0,16.95,0.2778688524590164,15.791,0.2588688524590164,-11.6,3.9619672131147543,0.3089865782327689,0.06431692875137908,0.014356332832252372,1.0,0.017347143316388994,surface=Hard & odds_bucket=3-5 & clv_bucket=0-2.5%,3
41,30,0.7317073170731707,41.0,10.88,0.2653658536585366,10.442400000000001,0.2546926829268293,-3.01,1.746341463414634,0.6361088433676175,0.08976747859804031,0.011354956909887899,1.0,0.035695632772987124,surface=Hard & odds_bucket=1.5-2 & clv_bucket=0-2.5%,3
89,23,0.25842696629213485,89.0,24.43,0.2744943820224719,22.6214,0.2541730337078652,-15.73,10.820449438202248,0.32441317861115654,0.08470039861066486,0.37228806897478484,0.6179775280898876,0.03644595516902838,model_type=top_10 & round=R128,2
89,23,0.25842696629213485,89.0,24.43,0.2744943820224719,22.6214,0.2541730337078652,-15.73,10.820449438202248,0.32441317861115654,0.08470039861066486,0.37228806897478484,0.6179775280898876,0.03644595516902838,model_type=top_10 & tournament_importance=5 & round=R128,3
61,42,0.6885245901639344,61.0,15.99,0.2621311475409836,15.290200000000002,0.2506590163934427,-6.31,2.15,0.7043455994837281,0.08666467535417112,0.0033831028968689305,0.5081967213114754,0.05811729949004173,model_type=top_10 & round=QF & edge_bucket=7.5-10%,3
50,11,0.22,50.0,13.51,0.2702,12.459799999999998,0.24919599999999995,-16.0,8.81,0.21124548711795632,0.04882129259909043,0.11900935895025673,1.0,0.01276619564353508,surface=Hard & round=R32 & clv_bucket=5%+,3
55,40,0.7272727272727273,55.0,14.280000000000001,0.25963636363636367,13.694400000000002,0.24898909090909094,-2.2799999999999994,1.7469090909090905,0.639538339526848,0.09246214790109468,0.011927664175271658,1.0,0.0380216402169627,model_type=top_10 & odds_bucket=1.5-2 & clv_bucket=0-2.5%,3
74,48,0.6486486486486487,74.0,19.33,0.2612162162162162,18.4234,0.24896486486486488,-4.970000000000001,2.3898648648648644,0.6507424395201327,0.13281949905696697,0.012395078221580704,1.0,0.07607835764730067,surface=Hard & edge_bucket=10%+ & clv_bucket=0-2.5%,3
62,45,0.7258064516129032,62.0,16.03,0.2585483870967742,15.369400000000002,0.24789354838709682,-2.6099999999999994,1.7491935483870966,0.6359524928130085,0.08962605220649807,0.011965447665323746,1.0,0.0362202859986361,odds_bucket=1.5-2 & clv_bucket=0-2.5%,2
66,48,0.7272727272727273,66.0,16.89,0.2559090909090909,16.1922,0.24533636363636363,-3.5199999999999996,1.7196969696969697,0.6535315387104096,0.09837469326107535,-0.00747267904080067,0.3333333333333333,0.04145360770439328,tournament_importance=4 & odds_bucket=1.5-2,2
30,6,0.2,30.0,8.0,0.26666666666666666,7.360000000000001,0.24533333333333338,-9.0,6.65,0.19538742107116308,0.04874942193323836,-0.026454979793997076,0.0,0.01199895818774792,surface=Hard & odds_bucket=5-10 & clv_bucket=-5-0%,3
61,20,0.32786885245901637,61.0,15.96,0.26163934426229507,14.820799999999998,0.2429639344262295,-6.25,3.909344262295082,0.31328041650060995,0.0651088583669426,0.02003093694516691,0.6557377049180327,0.017591131586749114,round=QF & odds_bucket=3-5 & probability_bucket=25-40%,3
42,20,0.47619047619047616,42.0,10.77,0.2564285714285714,10.114599999999998,0.24082380952380947,-4.8,2.918095238095238,0.3843818450502939,0.03871735489999911,0.016890424797879115,0.6904761904761905,0.007967758732214017,model_type=other & surface=Clay & edge_bucket=3-5%,3
60,20,0.3333333333333333,60.0,15.32,0.25533333333333336,14.2136,0.23689333333333332,-9.0,4.015,0.31607058623517575,0.0693189063820016,0.011669665426141153,0.6,0.01871503043414246,surface=Grass & probability_bucket=25-40%,2
45,27,0.6,45.0,11.190000000000001,0.2486666666666667,10.606199999999998,0.23569333333333328,-9.52,2.509333333333333,0.5326269430343962,0.06233786711215677,0.004910394050013422,0.4666666666666667,0.0250467150507388,model_type=top_10 & round=SF & edge_bucket=5-7.5%,3
60,16,0.26666666666666666,60.0,15.32,0.25533333333333336,14.133599999999996,0.23555999999999994,-15.67,4.684,0.23155831501949964,0.028675104569697168,0.020216180429004728,0.65,0.005481733392622195,surface=Hard & odds_bucket=3-5 & probability_bucket=0-25%,3
45,14,0.3111111111111111,45.0,11.43,0.254,10.5814,0.23514222222222222,-8.0,3.946444444444444,0.27752588195198113,0.03213426761814422,0.008151272216981986,0.6666666666666666,0.006281008146107129,model_type=other & round=R16 & odds_bucket=3-5,3
37,6,0.16216216216216217,37.0,9.5,0.25675675675675674,8.689999999999998,0.2348648648648648,-7.0,7.878378378378378,0.17160502922877194,0.037484859118531264,0.005579878126035126,0.5945945945945946,0.008776607591471074,round=R32 & probability_bucket=0-25% & edge_bucket=3-5%,3
52,32,0.6153846153846154,52.0,12.83,0.24673076923076923,12.173399999999997,0.2341038461538461,-7.269999999999998,2.6071153846153843,0.5928979702753263,0.09384609926703491,0.013474822375682267,1.0,0.049485503374190665,tournament_importance=4 & round=R32 & clv_bucket=0-2.5%,3
47,14,0.2978723404255319,47.0,11.89,0.2529787234042553,10.992200000000002,0.2338765957446809,-9.0,5.983191489361702,0.21893604559336965,0.02228490780585511,0.09981392812769022,1.0,0.003950579585971383,tournament_importance=3 & edge_bucket=<=3% & clv_bucket=5%+,3
43,25,0.5813953488372093,43.0,10.51,0.24441860465116277,9.9398,0.23115813953488373,-7.1,2.733255813953488,0.5315245478164433,0.08877622557067498,-0.016944371576084374,0.0,0.03922738326057504,surface=Grass & tournament_importance=3 & clv_bucket=-5-0%,3
62,42,0.6774193548387096,62.0,14.989999999999998,0.24177419354838708,14.2902,0.23048709677419355,-7.000000000000002,2.140645161290323,0.7041239602948249,0.08668737936784755,0.002830727083518396,0.5,0.057775907227055875,round=QF & edge_bucket=7.5-10%,2
59,29,0.4915254237288136,59.0,14.46,0.2450847457627119,13.570799999999998,0.23001355932203388,-5.0,2.5808474576271183,0.45697133797506867,0.0856824130281887,0.0008427856725947812,0.4915254237288136,0.02676610127344243,model_type=top_10 & round=R16 & odds_bucket=2-3,3
37,24,0.6486486486486487,37.0,8.940000000000001,0.24162162162162165,8.501199999999999,0.22976216216216214,-4.34,1.9102702702702696,0.5616157774921368,0.0634937456940624,0.0013700823673312163,0.5405405405405406,0.019210555561935086,model_type=top_10 & odds_bucket=1.5-2 & probability_bucket=50-60%,3
49,10,0.20408163265306123,49.0,12.209999999999997,0.2491836734693877,11.1858,0.22828163265306123,-12.0,9.357551020408163,0.198622874258254,0.049894750682247024,0.12395497344554779,1.0,0.013232125293693036,model_type=top_10 & round=R32 & clv_bucket=5%+,3
48,13,0.2708333333333333,48.0,11.88,0.24750000000000003,10.942400000000001,0.22796666666666668,-8.1,4.78,0.3466852541170507,0.13607184953459603,-0.0011056269376705137,0.5208333333333334,0.03964554351478323,surface=Hard & probability_bucket=25-40% & edge_bucket=10%+,3
31,20,0.6451612903225806,31.0,7.41,0.23903225806451614,7.0418,0.22715483870967743,-3.0,1.9058064516129027,0.5622225157672368,0.06299466947266798,0.000995607084262955,0.4838709677419355,0.018722425341867983,surface=Hard & odds_bucket=1.5-2 & probability_bucket=50-60%,3
32,20,0.625,32.0,7.64,0.23875,7.247199999999999,0.22647499999999998,-6.07,2.228125,0.6817232816963563,0.1413602935951101,0.001740672477018623,0.40625,0.08635100125593365,surface=Hard & round=SF & edge_bucket=10%+,3
58,13,0.22413793103448276,58.0,14.280000000000001,0.24620689655172415,13.0944,0.2257655172413793,-12.0,6.476034482758621,0.2528844757795139,0.05830404629598626,0.0831363504811789,1.0,0.015815905579766965,model_type=top_10 & tournament_importance=4 & clv_bucket=5%+,3
61,44,0.7213114754098361,61.0,14.340000000000003,0.2350819672131148,13.713200000000002,0.22480655737704922,-3.0,1.7040983606557374,0.6592509846445234,0.09950212388156002,-0.00824549855558411,0.32786885245901637,0.04219234016249088,model_type=top_10 & tournament_importance=4 & odds_bucket=1.5-2,3
43,32,0.7441860465116279,43.0,10.07,0.23418604651162792,9.648600000000002,0.22438604651162794,-2.62,1.6548837209302318,0.6752041624953922,0.100735150597897,-0.01302014663877775,0.2558139534883721,0.04265827470618087,tournament_importance=4 & odds_bucket=1.5-2 & probability_bucket=60-75%,3
45,31,0.6888888888888889,45.0,10.49,0.2331111111111111,10.000200000000003,0.22222666666666674,-2.8899999999999997,1.9704444444444442,0.7053126959584055,0.08611571769045716,-0.011844460657939789,0.0,0.05877119217569997,round=R16 & edge_bucket=7.5-10% & clv_bucket=-5-0%,3
35,26,0.7428571428571429,35.0,8.120000000000001,0.23200000000000004,7.777600000000003,0.22221714285714295,-2.0,1.6625714285714286,0.6637667352758176,0.09213856890608761,0.011746688382976543,1.0,0.03772537779305397,odds_bucket=1.5-2 & probability_bucket=60-75% & clv_bucket=0-2.5%,3
45,15,0.3333333333333333,45.0,10.7,0.23777777777777775,9.886000000000001,0.2196888888888889,-9.8,3.9868888888888887,0.30881061488461714,0.06568719902020004,0.01184619363256087,0.6,0.017714791532611372,surface=Grass & odds_bucket=3-5 & probability_bucket=25-40%,3
44,33,0.75,44.0,9.959999999999999,0.22636363636363635,9.540799999999999,0.2168363636363636,-5.09,1.8111363636363635,0.7483002732188332,0.0879043452307503,0.0031651566544370503,0.4090909090909091,0.06262480601117823,tournament_importance=4 & round=R32 & edge_bucket=7.5-10%,3
126,10,0.07936507936507936,126.0,30.0,0.23809523809523808,27.080000000000005,0.21492063492063496,-30.0,17.015873015873016,0.11200088462904545,0.04727104674792397,0.5701006934353013,0.8015873015873016,0.011999688166063461,odds_bucket=10+ & probability_bucket=0-25%,2
57,27,0.47368421052631576,57.0,13.009999999999998,0.2282456140350877,12.1498,0.2131543859649123,-6.0,3.608245614035088,0.4560929405711265,0.07647947752349733,0.007808833433869662,0.45614035087719296,0.031168907710603527,surface=Grass & round=R16,2
71,32,0.4507042253521127,71.0,16.1,0.22676056338028172,14.997999999999998,0.21123943661971828,-8.82,3.2167605633802814,0.3980169172988941,0.049421650774911306,0.02002184209877788,0.6619718309859155,0.014880806710905399,model_type=other & surface=Clay & tournament_importance=3,3
51,36,0.7058823529411765,51.0,11.28,0.22117647058823528,10.7544,0.21087058823529412,-2.4800000000000004,1.7354901960784312,0.6389536853936493,0.09021573697926817,-0.0021700926143110137,0.4117647058823529,0.035628710777166894,round=R16 & odds_bucket=1.5-2,2
43,11,0.2558139534883721,43.0,9.829999999999998,0.22860465116279066,8.993400000000001,0.20914883720930236,-13.3,4.879302325581396,0.2412211783499058,0.022708346464290957,0.006059434704588248,0.6046511627906976,0.0037930598873430975,tournament_importance=4 & round=R64 & edge_bucket=<=3%,3
52,32,0.6153846153846154,52.0,11.45,0.2201923076923077,10.821000000000003,0.2080961538461539,-4.17,2.6353846153846163,0.5879824691438,0.08455197171508275,0.0026928704000334512,0.38461538461538464,0.043503862895392584,surface=Hard & round=R16 & edge_bucket=7.5-10%,3
53,20,0.37735849056603776,53.0,11.809999999999999,0.22283018867924526,10.913799999999998,0.2059207547169811,-9.0,3.248867924528301,0.33333363956391737,0.03588878884231106,0.014454853952674216,0.6981132075471698,0.007123497613295585,model_type=other & round=R16 & probability_bucket=25-40%,3
54,17,0.3148148148148148,54.0,12.100000000000001,0.2240740740740741,11.118,0.2058888888888889,-9.0,4.101481481481481,0.31427174509018163,0.07331897346808834,0.011958926533524707,0.5925925925925926,0.02005760541033518,model_type=top_10 & surface=Grass & probability_bucket=25-40%,3
74,23,0.3108108108108108,74.0,16.510000000000005,0.2231081081081082,15.1598,0.20486216216216216,-8.65,3.9590540540540538,0.2762924060334488,0.031249739015188287,0.021679479114608203,0.7162162162162162,0.006163695419111351,model_type=other & tournament_importance=3 & odds_bucket=3-5,3
36,35,0.9722222222222222,36.0,7.519999999999999,0.20888888888888885,7.3496,0.20415555555555553,-1.0,1.2477777777777779,0.8710996530713672,0.10427977208411826,-0.00266513196851395,0.25,0.09129334392692044,tournament_importance=3 & round=R32 & probability_bucket=75-100%,3
44,7,0.1590909090909091,44.0,9.829999999999998,0.22340909090909086,8.893399999999996,0.20212272727272718,-12.0,10.230681818181818,0.15732543732295773,0.039221788279958474,0.13492058235009957,1.0,0.009439063788661052,round=R32 & probability_bucket=0-25% & clv_bucket=5%+,3
78,55,0.7051282051282052,78.0,16.35,0.20961538461538462,15.563000000000002,0.19952564102564105,-3.379999999999999,1.7311538461538463,0.6429177935529237,0.09245877835743899,0.0036618314851410184,0.5128205128205128,0.0376236183931467,tournament_importance=3 & odds_bucket=1.5-2,2
39,18,0.46153846153846156,39.0,8.27,0.21205128205128204,7.6846,0.19704102564102563,-3.0,2.6882051282051282,0.43965352176319766,0.07864441613688342,0.0019697500052699747,0.5384615384615384,0.02242799693967379,surface=Clay & tournament_importance=4 & probability_bucket=40-50%,3
46,9,0.1956521739130435,46.0,10.0,0.21739130434782608,9.060000000000002,0.19695652173913047,-17.0,6.565217391304348,0.20129989999461098,0.05269349934031994,-0.023144544123084372,0.0,0.013239959696053077,model_type=top_10 & odds_bucket=5-10 & clv_bucket=-5-0%,3
38,27,0.7105263157894737,38.0,7.73,0.20342105263157895,7.355400000000001,0.19356315789473688,-4.09,1.712631578947368,0.61881913891017,0.06095021150520514,-0.003228470130246881,0.3684210526315789,0.0185365263482895,surface=Hard & odds_bucket=1.5-2 & edge_bucket=5-7.5%,3
74,6,0.08108108108108109,74.0,16.0,0.21621621621621623,14.320000000000007,0.19351351351351362,-17.0,16.513513513513512,0.11835905059618361,0.051864697091480394,0.5164759900172383,0.7567567567567568,0.013254152948794408,surface=Hard & odds_bucket=10+,2
74,6,0.08108108108108109,74.0,16.0,0.21621621621621623,14.320000000000007,0.19351351351351362,-17.0,16.513513513513512,0.11835905059618361,0.051864697091480394,0.5164759900172383,0.7567567567567568,0.013254152948794408,surface=Hard & odds_bucket=10+ & probability_bucket=0-25%,3
51,36,0.7058823529411765,51.0,10.080000000000002,0.19764705882352945,9.578400000000002,0.1878117647058824,-3.709999999999999,1.726666666666667,0.6452158969597616,0.09406524554866214,0.003036980163594082,0.5294117647058824,0.03831707223496496,surface=Hard & tournament_importance=3 & odds_bucket=1.5-2,3
119,77,0.6470588235294118,119.0,23.659999999999997,0.19882352941176468,22.346799999999998,0.18778823529411764,-11.050000000000008,2.2916806722689076,0.672026891272056,0.08641420227845521,-0.0006291346063814126,0.37815126050420167,0.05167039230501843,tournament_importance=4 & edge_bucket=7.5-10%,2
40,7,0.175,40.0,8.329999999999998,0.20824999999999996,7.503399999999999,0.18758499999999997,-12.0,13.491499999999998,0.14133196694180036,0.03917864685959549,0.1324331404869009,1.0,0.009455640653655895,surface=Clay & probability_bucket=0-25% & clv_bucket=5%+,3
36,10,0.2777777777777778,36.0,7.4,0.20555555555555557,6.731999999999999,0.18699999999999997,-11.6,4.623888888888889,0.3405064899088909,0.1271714694145551,0.017620734016221558,0.6666666666666666,0.037100456599676895,tournament_importance=3 & probability_bucket=25-40% & edge_bucket=10%+,3
63,10,0.15873015873015872,63.0,13.0,0.20634920634920634,11.680000000000001,0.18539682539682542,-18.5,6.978571428571429,0.1865714733193779,0.03626063863802063,0.013550676008774408,1.0,0.008259571428209884,probability_bucket=0-25% & clv_bucket=0-2.5%,2
49,22,0.4489795918367347,49.0,9.809999999999999,0.20020408163265305,9.073799999999997,0.18517959183673463,-14.180000000000001,3.6663265306122446,0.4485775515627499,0.06270073640794299,0.011465224400434461,1.0,0.03525256010674458,round=R64 & clv_bucket=0-2.5%,2
115,74,0.6434782608695652,115.0,22.519999999999996,0.1958260869565217,21.249599999999997,0.18477913043478258,-10.810000000000006,2.3084347826086953,0.6731008347624212,0.08653412223991962,-0.0002899942818940858,0.391304347826087,0.05221349104779674,model_type=top_10 & tournament_importance=4 & edge_bucket=7.5-10%,3
122,73,0.5983606557377049,122.0,23.96,0.19639344262295083,22.5008,0.18443278688524592,-10.280000000000001,2.663606557377049,0.6505912212315477,0.14275069594829837,0.0002988825859837595,0.4098360655737705,0.08187156952097467,surface=Hard & tournament_importance=3 & edge_bucket=10%+,3
119,20,0.16806722689075632,119.0,24.33,0.20445378151260502,21.863400000000006,0.18372605042016812,-18.5,7.366806722689075,0.1860920593238906,0.041367208309175,0.008767079416577278,0.5882352941176471,0.00979995801744704,tournament_importance=4 & probability_bucket=0-25%,2
46,32,0.6956521739130435,46.0,8.88,0.1930434782608696,8.4224,0.18309565217391305,-4.470000000000001,1.7267391304347826,0.6147723142967175,0.06128492854237754,-0.005836198994010145,0.32608695652173914,0.01869475096000735,model_type=top_10 & odds_bucket=1.5-2 & edge_bucket=5-7.5%,3
43,30,0.6976744186046512,43.0,8.07,0.18767441860465117,7.648600000000002,0.1778744186046512,-3.0,1.6979069767441861,0.6626957287948141,0.1008368395572875,-0.01675892411222992,0.0,0.04344062956645319,tournament_importance=4 & odds_bucket=1.5-2 & clv_bucket=-5-0%,3
86,57,0.6627906976744186,86.0,16.16,0.18790697674418605,15.256800000000002,0.17740465116279072,-8.740000000000004,2.8652325581395344,0.6794815097310075,0.08640914903324684,0.00978243450519763,0.5232558139534884,0.06300561239714049,model_type=top_10 & surface=Clay & edge_bucket=7.5-10%,3
30,12,0.4,30.0,5.78,0.19266666666666668,5.304399999999999,0.17681333333333332,-4.0,3.1043333333333334,0.3630141843974241,0.03936348673470694,0.014651162137891065,1.0,0.008307749396373664,model_type=other & edge_bucket=3-5% & clv_bucket=0-2.5%,3
40,23,0.575,40.0,7.540000000000002,0.18850000000000006,7.049199999999999,0.17622999999999997,-9.0,2.9385000000000003,0.5701547922051772,0.07835043468459915,-0.007199955658273383,0.275,0.053470022605540436,tournament_importance=5 & round=QF,2
40,23,0.575,40.0,7.540000000000002,0.18850000000000006,7.049199999999999,0.17622999999999997,-9.0,2.9385000000000003,0.5701547922051772,0.07835043468459915,-0.007199955658273383,0.275,0.053470022605540436,model_type=top_10 & tournament_importance=5 & round=QF,3
33,10,0.30303030303030304,33.0,6.4,0.19393939393939394,5.811999999999999,0.1761212121212121,-6.0,4.554848484848485,0.2475366989532347,0.023621441064370384,0.037040327465068294,0.7878787878787878,0.0038906050081886265,model_type=other & round=R16 & edge_bucket=<=3%,3
34,8,0.23529411764705882,34.0,6.59,0.1938235294117647,5.9382,0.1746529411764706,-10.0,4.690294117647059,0.29653318166919596,0.03821737714190804,0.0149298088919706,0.6470588235294118,0.009813039652509317,tournament_importance=4 & round=R32 & edge_bucket=3-5%,3
33,16,0.48484848484848486,33.0,6.210000000000002,0.18818181818181823,5.745799999999999,0.1741151515151515,-4.529999999999999,2.4057575757575758,0.4419420843392486,0.04200667738764212,-0.016449143365027143,0.0,0.009937219367582798,probability_bucket=40-50% & edge_bucket=3-5% & clv_bucket=-5-0%,3
70,51,0.7285714285714285,70.0,12.7,0.1814285714285714,12.066,0.1723714285714286,-5.890000000000001,1.910285714285714,0.719071647714251,0.08642747150501029,-0.011468530896680533,0.0,0.05983223484054618,tournament_importance=3 & edge_bucket=7.5-10% & clv_bucket=-5-0%,3
50,23,0.46,50.0,9.27,0.18539999999999998,8.544600000000003,0.17089200000000004,-6.95,3.1161999999999996,0.4954663762554397,0.0728818024690589,0.003266610440346139,0.48,0.03248840283121675,surface=Clay & tournament_importance=4 & round=R16,3
44,13,0.29545454545454547,44.0,8.29,0.1884090909090909,7.504200000000001,0.17055,-7.0,4.064318181818182,0.26296235555594366,0.02429629031913816,0.07624719483057783,1.0,0.004143718623202988,odds_bucket=3-5 & edge_bucket=<=3% & clv_bucket=5%+,3
40,19,0.475,40.0,7.37,0.18425,6.802599999999999,0.17006499999999997,-5.3,2.457,0.4492331337980667,0.06049852770278437,-0.014607074927472352,0.0,0.016423678146394866,odds_bucket=2-3 & edge_bucket=5-7.5% & clv_bucket=-5-0%,3
38,36,0.9473684210526315,38.0,6.620000000000001,0.1742105263157895,6.447600000000001,0.16967368421052634,-1.62,1.2468421052631578,0.869908118256641,0.09997967862339223,0.01425313132289889,1.0,0.09118045135296611,round=R32 & probability_bucket=75-100% & clv_bucket=0-2.5%,3
43,19,0.4418604651162791,43.0,7.93,0.18441860465116278,7.291399999999999,0.1695674418604651,-6.99,3.487209302325582,0.4541581072495624,0.07689502618464895,0.014084721613180492,0.5116279069767442,0.030956602000499198,surface=Grass & tournament_importance=3 & round=R16,3
46,21,0.45652173913043476,46.0,8.35,0.18152173913043476,7.683,0.16702173913043478,-6.0,2.802391304347826,0.44493288914260315,0.09563859583801877,0.0005482177919633461,0.5,0.028628753289197915,model_type=top_10 & round=R16 & probability_bucket=40-50%,3
34,24,0.7058823529411765,34.0,5.9700000000000015,0.17558823529411768,5.6506000000000025,0.1661941176470589,-2.38,1.6752941176470588,0.6716839388912985,0.10454564515329214,-0.006939920401465985,0.29411764705882354,0.044194848771833606,round=R16 & odds_bucket=1.5-2 & probability_bucket=60-75%,3
51,13,0.2549019607843137,51.0,9.32,0.18274509803921568,8.3736,0.16418823529411763,-12.17,4.6478431372549025,0.23397599280089212,0.029732847061757526,0.01894655112669415,0.6274509803921569,0.005732014094467671,tournament_importance=3 & odds_bucket=3-5 & probability_bucket=0-25%,3
43,3,0.06976744186046512,43.0,8.0,0.18604651162790697,7.040000000000003,0.1637209302325582,-27.0,16.837209302325583,0.08117058240347108,0.016405464348524638,0.7925936689716526,0.8604651162790697,0.0037106970081045533,model_type=top_10 & odds_bucket=10+ & edge_bucket=<=3%,3
40,23,0.575,40.0,6.940000000000001,0.17350000000000004,6.461200000000001,0.16153,-3.0,2.11575,0.545352053394424,0.09107111290002354,0.01110880922143096,1.0,0.03066692811710777,model_type=top_10 & probability_bucket=50-60% & clv_bucket=0-2.5%,3
93,61,0.6559139784946236,93.0,15.940000000000001,0.1713978494623656,14.9812,0.16108817204301074,-10.99,2.7845161290322586,0.6769695304295308,0.08666035778982954,0.00882520265136228,0.5053763440860215,0.06108518420498719,surface=Clay & edge_bucket=7.5-10%,2
82,21,0.25609756097560976,82.0,14.71,0.17939024390243904,13.195799999999998,0.16092439024390243,-10.1,4.759756097560975,0.3395366073169226,0.1310502150556642,0.0022267844756897795,0.5487804878048781,0.038150187638765716,probability_bucket=25-40% & edge_bucket=10%+,2
82,21,0.25609756097560976,82.0,14.71,0.17939024390243904,13.195799999999998,0.16092439024390243,-10.1,4.759756097560975,0.3395366073169226,0.1310502150556642,0.0022267844756897795,0.5487804878048781,0.038150187638765716,model_type=top_10 & probability_bucket=25-40% & edge_bucket=10%+,3
85,28,0.32941176470588235,85.0,15.079999999999995,0.1774117647058823,13.6384,0.16045176470588235,-15.380000000000006,6.460705882352941,0.394496947823273,0.06902940809032863,0.35693615195894035,0.5529411764705883,0.033399210948521336,model_type=top_10 & surface=Hard & round=R64,3
41,38,0.926829268292683,41.0,6.759999999999999,0.16487804878048778,6.5648,0.1601170731707317,-1.0,1.2695121951219512,0.8543977215747635,0.09974833686093693,-0.004151192864001047,0.24390243902439024,0.08347968309290406,tournament_importance=3 & round=R32 & odds_bucket=1-1.5,3
48,29,0.6041666666666666,48.0,8.11,0.16895833333333332,7.567800000000001,0.1576625,-8.54,2.593125,0.5478547260564007,0.06490295967071212,-0.016808362751492736,0.0,0.02515186418521324,round=R16 & edge_bucket=5-7.5% & clv_bucket=-5-0%,3
47,11,0.23404255319148937,47.0,8.270000000000001,0.17595744680851066,7.384600000000001,0.15711914893617024,-14.35,5.802553191489363,0.21398131482992358,0.02145267995537967,0.01228462806264985,1.0,0.003622144450232326,edge_bucket=<=3% & clv_bucket=0-2.5%,2
58,18,0.3103448275862069,58.0,10.110000000000001,0.17431034482758623,9.1078,0.1570310344827586,-8.5,3.887758620689655,0.3109498322524881,0.057470076649903806,0.07891215979783114,1.0,0.014807677947077913,tournament_importance=3 & probability_bucket=25-40% & clv_bucket=5%+,3
47,34,0.723404255319149,47.0,7.76,0.1651063829787234,7.344800000000001,0.15627234042553192,-3.0,1.6540425531914886,0.6848419355950184,0.09990083762012147,0.011662434744879652,1.0,0.04102301215295791,model_type=top_10 & probability_bucket=60-75% & clv_bucket=0-2.5%,3
33,24,0.7272727272727273,33.0,5.380000000000001,0.16303030303030305,5.092400000000001,0.15431515151515154,-2.3200000000000003,1.6003030303030303,0.6838082500409235,0.08719035989114353,0.011036573470063017,1.0,0.0358538946540725,surface=Hard & probability_bucket=60-75% & clv_bucket=0-2.5%,3
41,13,0.3170731707317073,41.0,7.0,0.17073170731707318,6.299999999999999,0.15365853658536582,-9.8,3.933902439024391,0.32668768916123225,0.0800239393849751,0.020918024493298548,0.6829268292682927,0.022664496193447316,surface=Grass & tournament_importance=3 & odds_bucket=3-5,3
76,35,0.4605263157894737,76.0,12.739999999999998,0.1676315789473684,11.665199999999997,0.15348947368421048,-8.7,2.5556578947368425,0.4417778284231508,0.06868648305716331,0.004012072357784607,0.5263157894736842,0.01933884138131392,tournament_importance=4 & odds_bucket=2-3 & probability_bucket=40-50%,3
54,39,0.7222222222222222,54.0,8.700000000000001,0.16111111111111112,8.226000000000003,0.15233333333333338,-4.0,1.6444444444444442,0.6830879357162742,0.09551491303072356,0.011932032865528379,1.0,0.038732161754717574,probability_bucket=60-75% & clv_bucket=0-2.5%,2
46,31,0.6739130434782609,46.0,7.430000000000001,0.1615217391304348,6.981400000000001,0.15176956521739132,-2.4800000000000004,1.7317391304347824,0.6427544578996273,0.09300853438019781,-0.0034166687600024753,0.3695652173913043,0.037231074182855116,model_type=top_10 & round=R16 & odds_bucket=1.5-2,3
95,43,0.45263157894736844,95.0,15.649999999999999,0.16473684210526315,14.297,0.15049473684210526,-8.120000000000001,2.612315789473684,0.4353676424106242,0.06870507083783277,0.00801191078760017,0.5473684210526316,0.019866549909418538,round=R16 & odds_bucket=2-3,2
69,30,0.43478260869565216,69.0,11.36,0.1646376811594203,10.352799999999998,0.1500405797101449,-7.6,2.775797101449275,0.44113376681898064,0.09094676168323029,0.005793823114775836,0.5942028985507246,0.028085361248131227,model_type=top_10 & tournament_importance=4 & probability_bucket=40-50%,3
61,55,0.9016393442622951,61.0,9.449999999999998,0.1549180327868852,9.141000000000002,0.14985245901639346,-1.0,1.2773770491803278,0.8478050903746825,0.0992887868649269,-0.0050044310196393806,0.29508196721311475,0.0788685044223396,surface=Hard & round=R16 & odds_bucket=1-1.5,3
121,82,0.6776859504132231,121.0,19.21,0.1587603305785124,18.0458,0.1491388429752066,-5.09,1.7268595041322312,0.6475918319845567,0.09503995567573215,-0.0026161365792910746,0.4049586776859504,0.0389891581185844,surface=Hard & odds_bucket=1.5-2,2
54,28,0.5185185185185185,54.0,8.72,0.1614814814814815,8.025599999999999,0.1486222222222222,-15.04,4.262777777777777,0.6252391506325172,0.13901752904169645,-0.0005558008916407257,0.3148148148148148,0.08304719894655649,surface=Hard & tournament_importance=5 & edge_bucket=10%+,3
31,21,0.6774193548387096,31.0,4.880000000000001,0.1574193548387097,4.582400000000002,0.14781935483870973,-2.8199999999999994,1.7345161290322577,0.6374584329500717,0.08806887059694567,-0.0029619545245615033,0.41935483870967744,0.03389425709939337,surface=Hard & odds_bucket=1.5-2 & edge_bucket=7.5-10%,3
47,34,0.723404255319149,47.0,7.289999999999999,0.1551063829787234,6.8842000000000025,0.14647234042553198,-1.8800000000000001,1.6225531914893618,0.6854121309327244,0.09629186084270096,-0.004422024266437141,0.3829787234042553,0.03986978082628838,round=R16 & probability_bucket=60-75%,2
32,29,0.90625,32.0,4.789999999999999,0.14968749999999997,4.634199999999999,0.14481874999999997,-3.0,1.270625,0.8491628487325689,0.0941145494216725,0.012728835040021189,1.0,0.07647891777853363,round=QF & odds_bucket=1-1.5 & clv_bucket=0-2.5%,3
45,34,0.7555555555555555,45.0,6.82,0.15155555555555555,6.463600000000001,0.14363555555555557,-3.6599999999999984,1.5368888888888887,0.6831909559485546,0.06261667793708456,-0.0023683076846813733,0.37777777777777777,0.021569685453664843,surface=Hard & probability_bucket=60-75% & edge_bucket=5-7.5%,3
74,21,0.28378378378378377,74.0,11.920000000000002,0.1610810810810811,10.621599999999999,0.14353513513513513,-11.0,4.068378378378378,0.31176317149466815,0.06966582829025618,0.07547248776698674,1.0,0.01895007967030554,model_type=top_10 & probability_bucket=25-40% & clv_bucket=5%+,3
54,49,0.9074074074074074,54.0,8.0,0.14814814814814814,7.740000000000002,0.14333333333333337,-1.09,1.259814814814815,0.8636947271214362,0.10551162394835656,-0.006622060749762193,0.24074074074074073,0.08696970138998328,surface=Hard & round=R16 & probability_bucket=75-100%,3
39,18,0.46153846153846156,39.0,6.12,0.15692307692307692,5.5776,0.14301538461538463,-5.5,2.561282051282051,0.4494972757484638,0.0752144359607637,-0.01436767325971707,0.0,0.022394120422346286,round=R16 & odds_bucket=2-3 & clv_bucket=-5-0%,3
43,12,0.27906976744186046,43.0,6.9,0.16046511627906979,6.1419999999999995,0.14283720930232557,-6.6,4.089302325581395,0.26191789616272837,0.024302811560559523,0.018901894248202485,0.6744186046511628,0.0039957131856180215,round=R16 & odds_bucket=3-5 & edge_bucket=<=3%,3
37,35,0.9459459459459459,37.0,5.429999999999999,0.14675675675675673,5.2814,0.14274054054054053,-1.0,1.2132432432432432,0.8833885564313558,0.09684633713677189,0.003283673517951927,0.3783783783783784,0.09001306593299174,surface=Clay & round=R32 & probability_bucket=75-100%,3
89,43,0.48314606741573035,89.0,13.9,0.15617977528089888,12.702000000000004,0.14271910112359554,-8.46,3.4239325842696626,0.5257699737953765,0.08230064846593942,0.005870373393139256,0.449438202247191,0.045404454438415176,surface=Clay & round=QF,2
66,19,0.2878787878787879,66.0,10.5,0.1590909090909091,9.349999999999998,0.14166666666666664,-12.8,4.633787878787879,0.24597660165960472,0.023547590907434003,0.03875140363374092,0.7878787878787878,0.003928608444154939,model_type=other & tournament_importance=3 & edge_bucket=<=3%,3
83,41,0.4939759036144578,83.0,12.750000000000002,0.15361445783132532,11.655,0.14042168674698793,-7.46,3.4513253012048195,0.5352711328398047,0.08511313072177157,0.006528482779655895,0.4578313253012048,0.04780944398602979,model_type=top_10 & surface=Clay & round=QF,3
90,16,0.17777777777777778,90.0,14.33,0.1592222222222222,12.563400000000001,0.13959333333333335,-14.5,7.164666666666666,0.19103241881663954,0.044116141638597464,0.0057058006878506744,0.5777777777777777,0.010576755250223085,surface=Hard & tournament_importance=4 & probability_bucket=0-25%,3
49,34,0.6938775510204082,49.0,7.200000000000001,0.1469387755102041,6.756000000000003,0.13787755102040822,-3.01,1.6740816326530616,0.6609634001278863,0.09396668584937,0.002103721951856654,0.4897959183673469,0.037616187913219266,tournament_importance=3 & odds_bucket=1.5-2 & probability_bucket=60-75%,3
62,24,0.3870967741935484,62.0,9.489999999999998,0.15306451612903224,8.5402,0.13774516129032258,-6.75,3.8491935483870963,0.36186659326951964,0.06394621347119381,0.03540194011734991,1.0,0.020872684002293192,round=R16 & clv_bucket=2.5-5%,2
44,3,0.06818181818181818,44.0,7.0,0.1590909090909091,6.040000000000003,0.13727272727272732,-18.0,19.136363636363637,0.11499301264406356,0.054716174044859504,0.7862411523376097,0.8636363636363636,0.01401959339647209,round=R128 & odds_bucket=10+,2
44,3,0.06818181818181818,44.0,7.0,0.1590909090909091,6.040000000000003,0.13727272727272732,-18.0,19.136363636363637,0.11499301264406356,0.054716174044859504,0.7862411523376097,0.8636363636363636,0.01401959339647209,tournament_importance=5 & round=R128 & odds_bucket=10+,3
44,3,0.06818181818181818,44.0,7.0,0.1590909090909091,6.040000000000003,0.13727272727272732,-18.0,19.136363636363637,0.11499301264406356,0.054716174044859504,0.7862411523376097,0.8636363636363636,0.01401959339647209,round=R128 & odds_bucket=10+ & probability_bucket=0-25%,3
48,23,0.4791666666666667,48.0,7.199999999999999,0.15,6.556,0.13658333333333333,-5.9,2.426458333333333,0.43814310640209353,0.04195087960746043,0.012854829506962337,0.625,0.00981991806778198,surface=Hard & probability_bucket=40-50% & edge_bucket=3-5%,3
63,42,0.6666666666666666,63.0,9.120000000000001,0.14476190476190479,8.5176,0.1352,-5.26,1.7279365079365079,0.61375062140612,0.06075354878501075,-0.0021235647011770063,0.3968253968253968,0.01833572068090419,odds_bucket=1.5-2 & edge_bucket=5-7.5%,2
58,31,0.5344827586206896,58.0,8.499999999999998,0.146551724137931,7.789999999999999,0.1343103448275862,-7.0,2.959655172413793,0.6051435712885921,0.15880260374175675,-0.0032062868609651603,0.3793103448275862,0.08277316323988583,surface=Grass & edge_bucket=10%+,2
64,23,0.359375,64.0,9.599999999999998,0.14999999999999997,8.588000000000001,0.13418750000000002,-9.85,3.8657812499999995,0.31834982357785047,0.03536409113925077,0.023310382526382286,0.71875,0.007826179179889294,model_type=other & surface=Hard & round=R16,3
89,39,0.43820224719101125,89.0,13.14,0.14764044943820226,11.877199999999998,0.1334516853932584,-7.300000000000001,2.694494382022472,0.4408477970573988,0.08083549167835495,0.005924660356225348,0.5730337078651685,0.024127295784751195,tournament_importance=4 & probability_bucket=40-50%,2
33,17,0.5151515151515151,33.0,4.79,0.14515151515151514,4.374199999999998,0.1325515151515151,-7.3999999999999995,3.2478787878787876,0.5255693740408407,0.08628593457385914,-0.013492888231275467,0.0,0.049800301573707836,round=R128 & clv_bucket=-5-0%,2
32,23,0.71875,32.0,4.489999999999998,0.14031249999999995,4.220200000000002,0.13188125000000006,-1.6,1.63,0.6858656351458272,0.09878316108947546,-0.0028981733264158067,0.40625,0.04098493532766739,surface=Hard & round=R16 & probability_bucket=60-75%,3
40,37,0.925,40.0,5.369999999999999,0.13424999999999998,5.2025999999999994,0.130065,-1.0,1.23325,0.8704125840936747,0.09463476158298476,0.004067499996693852,0.425,0.08526844335933075,surface=Clay & round=R32 & odds_bucket=1-1.5,3
85,25,0.29411764705882354,85.0,12.419999999999998,0.14611764705882352,10.971600000000002,0.12907764705882355,-10.350000000000001,4.022352941176471,0.3070704368766414,0.06536573679204202,0.018836759145951388,0.6235294117647059,0.01787616113189635,round=QF & odds_bucket=3-5,2
44,31,0.7045454545454546,44.0,6.049999999999999,0.13749999999999998,5.668999999999999,0.12884090909090906,-3.8,1.9286363636363637,0.7362994535488494,0.14099579710825777,-0.0129347523841375,0.0,0.09840774194556944,round=QF & edge_bucket=10%+ & clv_bucket=-5-0%,3
55,30,0.5454545454545454,55.0,7.730000000000001,0.14054545454545456,7.0754,0.12864363636363638,-3.83,4.214181818181818,0.46587840863538893,0.06435855836427411,-0.002199861847475569,0.4,0.022912190543207853,surface=Grass & edge_bucket=5-7.5%,2
90,79,0.8777777777777778,90.0,12.02,0.13355555555555554,11.559600000000003,0.12844000000000003,-3.8000000000000007,1.3076666666666665,0.8728581523715999,0.1399913480665948,-0.002252834140999679,0.28888888888888886,0.11864713415445163,tournament_importance=3 & probability_bucket=75-100% & edge_bucket=10%+,3
54,16,0.2962962962962963,54.0,7.850000000000001,0.1453703703703704,6.933,0.12838888888888889,-11.0,3.8966666666666665,0.3220251908441574,0.06430287299330853,0.027806685338618978,0.7037037037037037,0.01692065964838407,tournament_importance=3 & round=QF & probability_bucket=25-40%,3
47,14,0.2978723404255319,47.0,6.8100000000000005,0.1448936170212766,6.0138,0.1279531914893617,-7.67,4.478297872340425,0.26922280868647314,0.02976395201420765,0.07979196121965292,1.0,0.005810354505444379,model_type=other & tournament_importance=3 & clv_bucket=5%+,3
42,38,0.9047619047619048,42.0,5.560000000000001,0.1323809523809524,5.368800000000002,0.12782857142857149,-1.62,1.2683333333333333,0.8554214743134604,0.09720349759909802,0.01404208367662226,1.0,0.08537430222401267,round=R32 & odds_bucket=1-1.5 & clv_bucket=0-2.5%,3
32,15,0.46875,32.0,4.52,0.14125,4.089599999999999,0.12779999999999997,-4.3,2.465,0.44663262970393014,0.060617736355928445,-0.014118979050550755,0.0,0.016464101161236915,probability_bucket=40-50% & edge_bucket=5-7.5% & clv_bucket=-5-0%,3
48,17,0.3541666666666667,48.0,6.8900000000000015,0.1435416666666667,6.1322,0.12775416666666667,-12.0,3.3354166666666667,0.3217741400033763,0.031607631184525996,0.02157098773338843,0.6875,0.006104243297244023,model_type=other & surface=Clay & probability_bucket=25-40%,3
82,38,0.4634146341463415,82.0,11.54,0.14073170731707316,10.429199999999998,0.1271853658536585,-9.66,2.496463414634146,0.4475439293971402,0.06545078125875138,-0.01559237695338028,0.0,0.017917993521011748,odds_bucket=2-3 & probability_bucket=40-50% & clv_bucket=-5-0%,3
47,26,0.5531914893617021,47.0,6.520000000000003,0.1387234042553192,5.9696,0.12701276595744682,-3.94,2.459148936170213,0.5973090095470218,0.0883683568641791,-0.018886840720325742,0.0,0.054400804412331985,surface=Clay & round=QF & clv_bucket=-5-0%,3
62,18,0.2903225806451613,62.0,8.93,0.1440322580645161,7.871399999999998,0.12695806451612898,-12.05,4.120967741935484,0.3241766932522228,0.0886691018986928,0.004386644016178029,0.532258064516129,0.025645830004257127,model_type=top_10 & surface=Grass & odds_bucket=3-5,3
31,8,0.25806451612903225,31.0,4.48,0.14451612903225808,3.9303999999999997,0.12678709677419353,-9.0,6.323870967741935,0.19893388130254033,0.021719659606447395,0.05351085308987785,0.7419354838709677,0.003857791037153281,tournament_importance=3 & round=R32 & edge_bucket=<=3%,3
79,23,0.2911392405063291,79.0,11.270000000000001,0.14265822784810128,9.924599999999998,0.1256278481012658,-10.100000000000001,4.030253164556962,0.30938771555534994,0.06811137575349897,0.01852498418100257,0.620253164556962,0.01879667742339586,model_type=top_10 & round=QF & odds_bucket=3-5,3
57,30,0.5263157894736842,57.0,7.829999999999998,0.13736842105263156,7.133399999999998,0.1251473684210526,-7.03,2.982280701754386,0.6023800994528076,0.1581818421629818,-0.003804014657313042,0.3684210526315789,0.08243398694623967,model_type=top_10 & surface=Grass & edge_bucket=10%+,3
64,45,0.703125,64.0,8.520000000000001,0.13312500000000002,7.969600000000001,0.12452500000000001,-2.62,1.6359375,0.6883228984071624,0.09893489550587195,-0.010190126373562074,0.3125,0.04081664031359407,tournament_importance=4 & probability_bucket=60-75%,2
60,42,0.7,60.0,7.99,0.13316666666666668,7.4702,0.12450333333333334,-2.62,1.6444999999999999,0.6858555398376148,0.09963936283950679,-0.010904290288446175,0.3,0.040930082213079214,model_type=top_10 & tournament_importance=4 & probability_bucket=60-75%,3
125,34,0.272,125.0,17.730000000000004,0.14184000000000002,15.555399999999999,0.12444319999999999,-11.840000000000003,5.67032,0.2651739500107561,0.050476823124048546,0.09140042996751481,1.0,0.012953735870927383,tournament_importance=3 & clv_bucket=5%+,2
83,57,0.6867469879518072,83.0,11.070000000000002,0.13337349397590365,10.328600000000003,0.12444096385542172,-5.0,1.670843373493976,0.6685978512704603,0.09956797130900034,-0.004357544987841599,0.37349397590361444,0.04147833215327459,surface=Hard & odds_bucket=1.5-2 & probability_bucket=60-75%,3
48,25,0.5208333333333334,48.0,6.529999999999999,0.13604166666666664,5.939399999999999,0.12373749999999999,-3.97,4.574583333333333,0.4420340107464999,0.06501560315879079,-0.003940720981174287,0.375,0.02331076657043575,model_type=top_10 & surface=Grass & edge_bucket=5-7.5%,3
33,22,0.6666666666666666,33.0,4.390000000000001,0.13303030303030305,4.082200000000001,0.12370303030303034,-3.1,1.7260606060606063,0.6448665977964978,0.09331480248320996,-0.0020336146709324333,0.42424242424242425,0.03737720776136698,surface=Hard & round=R16 & odds_bucket=1.5-2,3
37,11,0.2972972972972973,37.0,5.1800000000000015,0.14000000000000004,4.556399999999999,0.12314594594594593,-13.0,3.8275675675675678,0.32566768543415153,0.07229192797029035,0.03729461712624686,1.0,0.020275359187422015,tournament_importance=4 & odds_bucket=3-5 & clv_bucket=2.5-5%,3
78,20,0.2564102564102564,78.0,10.92,0.13999999999999999,9.541599999999999,0.12232820512820511,-11.25,6.388589743589743,0.26273425311641385,0.06295765571587576,0.09839527652071363,1.0,0.017258081052692782,model_type=top_10 & tournament_importance=3 & clv_bucket=5%+,3
31,9,0.2903225806451613,31.0,4.3,0.13870967741935483,3.774,0.12174193548387097,-12.0,4.032580645161291,0.3795859543947433,0.14017530047231122,0.011968884542481819,0.6774193548387096,0.04246225332229019,round=R16 & odds_bucket=3-5 & edge_bucket=10%+,3
55,37,0.6727272727272727,55.0,7.160000000000002,0.1301818181818182,6.656800000000001,0.12103272727272729,-3.0,1.7181818181818183,0.6567816498409512,0.10301272115585854,-0.00015904284129649278,0.45454545454545453,0.04433409322768325,model_type=top_10 & tournament_importance=3 & odds_bucket=1.5-2,3
37,13,0.35135135135135137,37.0,5.049999999999999,0.13648648648648645,4.468999999999999,0.12078378378378377,-7.1000000000000005,4.152162162162162,0.34284802224170396,0.06320909240373786,0.03522831340909946,1.0,0.018429071711539357,surface=Hard & round=R16 & clv_bucket=2.5-5%,3
153,78,0.5098039215686274,153.0,20.27,0.13248366013071894,18.364600000000003,0.12003006535947715,-17.77000000000001,3.0202614379084967,0.5474202141987344,0.08506791339224815,0.013939940922914921,0.6013071895424836,0.04698691035258056,model_type=top_10 & tournament_importance=3 & round=QF,3
46,21,0.45652173913043476,46.0,6.129999999999999,0.13326086956521738,5.507399999999999,0.11972608695652172,-8.8,2.507826086956522,0.44083594079536287,0.06115829171604723,0.0012335209149930135,0.45652173913043476,0.016709516646736203,model_type=top_10 & probability_bucket=40-50% & edge_bucket=5-7.5%,3
107,71,0.6635514018691588,107.0,13.660000000000002,0.12766355140186916,12.666800000000004,0.11838130841121498,-5.09,1.7226168224299065,0.6520754004116639,0.09820890785831182,-0.003938053236828928,0.3925233644859813,0.04094713336937329,model_type=top_10 & surface=Hard & odds_bucket=1.5-2,3
37,33,0.8918918918918919,37.0,4.539999999999999,0.12270270270270268,4.3692,0.1180864864864865,-2.0,1.261891891891892,0.888951408302131,0.1335162888407974,-0.005650910187446589,0.1891891891891892,0.11959026163562599,round=R16 & probability_bucket=75-100% & edge_bucket=10%+,3
44,31,0.7045454545454546,44.0,5.55,0.12613636363636363,5.179000000000001,0.11770454545454548,-1.8800000000000001,1.6254545454545457,0.6864780912455767,0.09825710791903104,-0.00476137087223181,0.36363636363636365,0.040967320933811745,model_type=top_10 & round=R16 & probability_bucket=60-75%,3
80,5,0.0625,80.0,11.0,0.1375,9.280000000000005,0.11600000000000006,-28.0,19.0625,0.11093490292808339,0.0519114469922912,0.8541417362445436,0.8375,0.01327939003808221,model_type=top_10 & tournament_importance=5 & odds_bucket=10+,3
132,57,0.4318181818181818,132.0,17.149999999999995,0.1299242424242424,15.307000000000002,0.11596212121212122,-13.910000000000004,3.752424242424242,0.48119473529833734,0.07480889780984609,0.00909627996153608,0.5303030303030303,0.035531375583097914,surface=Hard & tournament_importance=4 & round=R32,3
31,20,0.6451612903225806,31.0,3.8600000000000003,0.12451612903225807,3.562800000000001,0.11492903225806456,-3.71,2.7532258064516126,0.6029295866809626,0.08561560857653744,0.010102158417780024,0.2903225806451613,0.04662404534137216,surface=Hard & tournament_importance=3 & round=F,3
160,81,0.50625,160.0,20.349999999999994,0.12718749999999995,18.363000000000003,0.11476875000000002,-15.530000000000005,3.0074374999999995,0.5472377293777599,0.08290214405594443,0.008720259363178773,0.53125,0.04295263008496091,model_type=top_10 & surface=Hard & round=QF,3
284,157,0.5528169014084507,284.0,35.790000000000006,0.1260211267605634,32.53419999999999,0.11455704225352109,-24.069999999999997,2.9514084507042253,0.6305499868541357,0.13954345137852261,0.000357508356976988,0.4154929577464789,0.07648201783704953,surface=Hard & edge_bucket=10%+,2
45,25,0.5555555555555556,45.0,5.6499999999999995,0.12555555555555553,5.137,0.11415555555555555,-4.24,2.1071111111111107,0.5446431570535862,0.08866609584667262,0.011113195216881786,1.0,0.02961016922036662,probability_bucket=50-60% & clv_bucket=0-2.5%,2
33,29,0.8787878787878788,33.0,3.919999999999999,0.11878787878787876,3.7616,0.11398787878787879,-3.0,1.2906060606060608,0.8474896522470986,0.10123539224270077,0.013244776642991948,1.0,0.0796370679229523,round=QF & probability_bucket=75-100% & clv_bucket=0-2.5%,3
53,31,0.5849056603773585,53.0,6.58,0.12415094339622641,6.008400000000001,0.11336603773584908,-5.709999999999999,2.693018867924528,0.5757708738086448,0.08751772079806804,0.009181942078062123,0.33962264150943394,0.0453996577241904,tournament_importance=3 & round=F,2
77,19,0.24675324675324675,77.0,10.07,0.13077922077922077,8.708599999999997,0.11309870129870125,-18.67,5.916493506493507,0.2564296961542549,0.04865753685612947,0.0942708420151807,1.0,0.01241838010135293,surface=Hard & tournament_importance=3 & clv_bucket=5%+,3
36,31,0.8611111111111112,36.0,4.239999999999999,0.11777777777777776,4.0552,0.11264444444444445,-2.0,1.3166666666666669,0.8811261747470412,0.15045147000499554,-0.0020152548403785417,0.2777777777777778,0.13027407203804964,round=QF & probability_bucket=75-100% & edge_bucket=10%+,3
47,20,0.425531914893617,47.0,5.95,0.12659574468085108,5.290999999999998,0.11257446808510634,-5.6,2.7089361702127657,0.44621398908387677,0.08869675723671268,0.0009219316942994509,0.5106382978723404,0.026588210587563756,model_type=top_10 & surface=Clay & probability_bucket=40-50%,3
40,35,0.875,40.0,4.6899999999999995,0.11725,4.4962,0.112405,-3.5,1.28525,0.8361123557813592,0.08883673496897013,0.01383090250499191,1.0,0.07243392813454073,tournament_importance=4 & odds_bucket=1-1.5 & clv_bucket=0-2.5%,3
83,73,0.8795180722891566,83.0,9.719999999999999,0.11710843373493975,9.325600000000001,0.11235662650602411,-3.8,1.2859036144578313,0.8798301946535336,0.13610041666739417,-0.0024163812764072977,0.27710843373493976,0.11987403516586,tournament_importance=3 & odds_bucket=1-1.5 & edge_bucket=10%+,3
157,103,0.6560509554140127,157.0,19.020000000000003,0.12114649681528665,17.559600000000003,0.11184458598726117,-5.09,1.7212101910828024,0.6543570144992547,0.09987438637382284,-0.004267923132625807,0.3821656050955414,0.0423992138905257,model_type=top_10 & odds_bucket=1.5-2,2
55,49,0.8909090909090909,55.0,6.389999999999998,0.11618181818181815,6.142200000000001,0.11167636363636366,-2.7,1.2581818181818183,0.8681836150731336,0.10537686656317097,0.0029961762893688875,0.509090909090909,0.09125760404990152,tournament_importance=3 & round=QF & probability_bucket=75-100%,3
271,136,0.5018450184501845,271.0,33.59,0.12394833948339484,30.21820000000001,0.11150627306273067,-18.29,3.1136162361623616,0.5438692314605557,0.08408483563964388,0.008324893012294316,0.5092250922509225,0.045455772847743714,model_type=top_10 & round=QF,2
282,155,0.549645390070922,282.0,34.620000000000005,0.12276595744680853,31.3876,0.11130354609929077,-24.069999999999997,2.9610992907801417,0.629770614654216,0.13955349188587365,0.0004964112476491592,0.41843971631205673,0.07653176600593897,model_type=top_10 & surface=Hard & edge_bucket=10%+,3
36,16,0.4444444444444444,36.0,4.49,0.12472222222222223,4.000199999999998,0.1111166666666666,-6.62,2.5455555555555556,0.4432593860374283,0.06435448633316661,-0.01572462570943708,0.0,0.01896392800557072,tournament_importance=4 & probability_bucket=40-50% & clv_bucket=-5-0%,3
98,46,0.46938775510204084,98.0,12.11,0.12357142857142857,10.8278,0.11048775510204081,-9.020000000000003,3.6501020408163263,0.4617974732891777,0.06259556097472715,0.003036732624845236,0.4897959183673469,0.020732378526601935,surface=Hard & tournament_importance=4 & edge_bucket=5-7.5%,3
46,41,0.8913043478260869,46.0,5.2299999999999995,0.11369565217391303,5.025400000000001,0.10924782608695655,-3.3200000000000003,1.2656521739130435,0.8841427771609248,0.1290342483738287,0.001330984423183463,0.391304347826087,0.11969311609940277,round=R32 & odds_bucket=1-1.5 & edge_bucket=10%+,3
46,41,0.8913043478260869,46.0,5.2299999999999995,0.11369565217391303,5.025400000000001,0.10924782608695655,-3.3200000000000003,1.2656521739130435,0.8841427771609248,0.1290342483738287,0.001330984423183463,0.391304347826087,0.11969311609940277,round=R32 & probability_bucket=75-100% & edge_bucket=10%+,3
33,7,0.21212121212121213,33.0,4.200000000000001,0.12727272727272732,3.596,0.10896969696969697,-15.760000000000003,9.824848484848486,0.31958604690328446,0.060820245915173494,0.9025624627749865,0.48484848484848486,0.029568378455840594,surface=Hard & tournament_importance=5 & round=R64,3
80,47,0.5875,80.0,9.52,0.119,8.669600000000003,0.10837000000000004,-5.83,2.670375,0.6161891827885668,0.08537150104061776,0.005922367134076578,0.4,0.05089933240778897,round=R16 & edge_bucket=7.5-10%,2
56,41,0.7321428571428571,56.0,6.469999999999999,0.11553571428571427,6.040600000000001,0.10786785714285717,-4.93,1.5266071428571428,0.6878983436262206,0.06353903722423755,-0.004501147469114231,0.3392857142857143,0.02222697976375094,model_type=top_10 & probability_bucket=60-75% & edge_bucket=5-7.5%,3
36,25,0.6944444444444444,36.0,4.17,0.11583333333333333,3.866600000000001,0.10740555555555559,-2.0300000000000002,1.6755555555555555,0.6833585982745206,0.10224198340733938,-0.0004530487491438115,0.4722222222222222,0.04021258821346478,round=R32 & probability_bucket=60-75%,2
69,20,0.2898550724637681,69.0,8.530000000000001,0.12362318840579711,7.3794,0.10694782608695652,-13.8,4.093623188405797,0.3195548456572463,0.08240950863028022,0.004169914956089628,0.5362318840579711,0.02352459226687245,surface=Grass & odds_bucket=3-5,2
36,32,0.8888888888888888,36.0,4.009999999999999,0.11138888888888886,3.8498,0.10693888888888889,-2.0,1.2544444444444445,0.892661335687551,0.13312224923263347,-0.006363435470431216,0.16666666666666666,0.12087142647255218,round=R16 & odds_bucket=1-1.5 & edge_bucket=10%+,3
73,38,0.5205479452054794,73.0,8.630000000000003,0.11821917808219182,7.757400000000002,0.10626575342465756,-8.380000000000003,2.583698630136986,0.5517188781124821,0.06298625582812552,-0.01638849417875305,0.0,0.02204076663205563,tournament_importance=4 & edge_bucket=5-7.5% & clv_bucket=-5-0%,3
96,51,0.53125,96.0,11.32,0.11791666666666667,10.1936,0.10618333333333334,-14.97000000000001,2.7903125,0.5908489592691519,0.09216941284100032,0.013090722754429176,1.0,0.05035539700885653,model_type=top_10 & surface=Clay & clv_bucket=0-2.5%,3
61,34,0.5573770491803278,61.0,7.15,0.11721311475409836,6.467,0.10601639344262294,-7.17,2.7327868852459014,0.5694509105866694,0.077801528509976,0.012903296023727964,1.0,0.04654408773431451,surface=Hard & round=R32 & clv_bucket=0-2.5%,3
34,23,0.6764705882352942,34.0,3.9000000000000004,0.11470588235294119,3.6020000000000003,0.10594117647058825,-4.279999999999999,1.9444117647058823,0.6670203604832364,0.0939847276163922,-0.012200091283081568,0.0,0.055898629819746894,tournament_importance=3 & round=F & clv_bucket=-5-0%,3
66,16,0.24242424242424243,66.0,8.15,0.12348484848484849,6.986999999999998,0.10586363636363634,-20.17,4.613787878787878,0.2300073475076168,0.02391758825984845,0.016215731145260922,0.5757575757575758,0.003986150305220357,odds_bucket=3-5 & probability_bucket=0-25% & edge_bucket=<=3%,3
97,42,0.4329896907216495,97.0,11.57,0.11927835051546393,10.238599999999998,0.10555257731958761,-10.66,2.704329896907216,0.4460321806751883,0.08275523822793521,-0.016537562657490668,0.0,0.024160262524714173,probability_bucket=40-50% & clv_bucket=-5-0%,2
38,25,0.6578947368421053,38.0,4.330000000000001,0.11394736842105266,3.9834000000000014,0.10482631578947373,-3.4699999999999998,1.7115789473684209,0.6185242528061603,0.06056555938472825,-0.013116508167585299,0.0,0.018282732940796263,odds_bucket=1.5-2 & edge_bucket=5-7.5% & clv_bucket=-5-0%,3
167,84,0.5029940119760479,167.0,19.55,0.11706586826347305,17.499000000000002,0.10478443113772457,-18.77000000000001,3.0021556886227545,0.5392958309188524,0.08151768887439576,0.01385306581439046,0.592814371257485,0.04410563473378052,tournament_importance=3 & round=QF,2
32,28,0.875,32.0,3.4800000000000004,0.10875000000000001,3.330400000000001,0.10407500000000003,-1.0,1.27625,0.8925404847099394,0.142973136037098,-0.002841615202865728,0.25,0.13222412310548726,round=QF & odds_bucket=1-1.5 & edge_bucket=10%+,3
55,16,0.2909090909090909,55.0,6.600000000000001,0.12000000000000002,5.688000000000001,0.10341818181818183,-7.449999999999999,4.062363636363637,0.32559424646650914,0.08596507119174936,0.012300419746575414,0.6181818181818182,0.02465071582461598,model_type=top_10 & odds_bucket=3-5 & edge_bucket=7.5-10%,3
39,27,0.6923076923076923,39.0,4.350000000000001,0.11153846153846157,4.023000000000002,0.10315384615384622,-6.339999999999999,1.6179487179487178,0.6486357825748298,0.06176459245543057,-0.0035199348555975383,0.358974358974359,0.019367667676764223,odds_bucket=1.5-2 & probability_bucket=60-75% & edge_bucket=5-7.5%,3
33,13,0.3939393939393939,33.0,3.88,0.11757575757575757,3.4024,0.10310303030303031,-5.0,2.8296969696969696,0.37501924351111504,0.03913600227755537,0.022346634869613705,0.7272727272727273,0.00799126704385762,round=R16 & odds_bucket=2-3 & probability_bucket=25-40%,3
88,25,0.2840909090909091,88.0,10.530000000000001,0.11965909090909092,9.059399999999998,0.10294772727272726,-20.8,3.9943181818181817,0.26767879891343876,0.024320874044476994,0.024411842519624916,0.6704545454545454,0.003994707450894892,model_type=other & odds_bucket=3-5 & edge_bucket=<=3%,3
49,22,0.4489795918367347,49.0,5.659999999999999,0.11551020408163264,5.006799999999999,0.10217959183673468,-5.5,2.530408163265306,0.44540807015132056,0.06799041548265895,0.0014604593946277965,0.46938775510204084,0.01903303685451291,round=R16 & odds_bucket=2-3 & probability_bucket=40-50%,3
111,63,0.5675675675675675,111.0,12.530000000000001,0.1128828828828829,11.319400000000002,0.10197657657657659,-18.07,2.7254954954954953,0.6137443232046697,0.13619908271901793,0.0030766982346537176,0.4144144144144144,0.07212870748320992,round=R16 & edge_bucket=10%+,2
111,63,0.5675675675675675,111.0,12.530000000000001,0.1128828828828829,11.319400000000002,0.10197657657657659,-18.07,2.7254954954954953,0.6137443232046697,0.13619908271901793,0.0030766982346537176,0.4144144144144144,0.07212870748320992,model_type=top_10 & round=R16 & edge_bucket=10%+,3
124,109,0.8790322580645161,124.0,13.129999999999999,0.10588709677419354,12.5674,0.10135,-2.92,1.2676612903225806,0.8640706640389724,0.1076953233637296,-0.0020216605209953937,0.33064516129032256,0.09005022388997207,surface=Hard & tournament_importance=3 & probability_bucket=75-100%,3
107,59,0.5514018691588785,107.0,11.98,0.11196261682242992,10.780399999999998,0.10075140186915886,-17.55,3.527570093457944,0.6465517957506683,0.14459563259527908,-0.002743965249912417,0.3177570093457944,0.08835797400522485,tournament_importance=5 & edge_bucket=10%+,2
58,50,0.8620689655172413,58.0,6.099999999999998,0.10517241379310341,5.8180000000000005,0.10031034482758622,-2.0,1.2805172413793104,0.8477067030241575,0.09931071129977632,0.0018938302150473471,0.41379310344827586,0.078368335736996,surface=Hard & round=QF & odds_bucket=1-1.5,3
38,21,0.5526315789473685,38.0,4.229999999999999,0.11131578947368417,3.805399999999999,0.10014210526315787,-6.870000000000001,2.773421052631579,0.5872144775191761,0.13274494202224535,0.002917330287460397,0.3684210526315789,0.06410956458932104,tournament_importance=4 & round=R16 & edge_bucket=10%+,3
42,12,0.2857142857142857,42.0,4.8500000000000005,0.11547619047619048,4.153,0.09888095238095237,-8.0,4.1066666666666665,0.3222215100661962,0.08528503134401252,0.011769510191243096,0.5952380952380952,0.02430278657264943,surface=Hard & odds_bucket=3-5 & edge_bucket=7.5-10%,3
190,110,0.5789473684210527,190.0,20.69,0.10889473684210527,18.67620000000001,0.09829578947368425,-12.630000000000003,2.5659473684210523,0.6541232366769953,0.1443816981201563,0.0027508782203008336,0.43157894736842106,0.0828136976043205,tournament_importance=3 & edge_bucket=10%+,2
104,51,0.49038461538461536,104.0,11.499999999999998,0.11057692307692306,10.21,0.09817307692307693,-15.86,3.0901923076923077,0.5358434879419627,0.08040937921661939,0.016037829901794594,0.6346153846153846,0.04166357495680838,surface=Hard & tournament_importance=3 & round=QF,3
64,42,0.65625,64.0,6.850000000000001,0.10703125000000002,6.2730000000000015,0.09801562500000002,-4.779999999999999,1.70234375,0.7081097507831684,0.1487145065113222,-0.004663190007544876,0.34375,0.07206707691414696,odds_bucket=1.5-2 & edge_bucket=10%+,2
168,85,0.5059523809523809,168.0,18.479999999999997,0.10999999999999999,16.450399999999995,0.09791904761904759,-15.530000000000005,2.9891666666666663,0.5446376431511835,0.08096451475237897,0.009495793848975434,0.5357142857142857,0.04152530914292731,surface=Hard & round=QF,2
42,29,0.6904761904761905,42.0,4.41,0.10500000000000001,4.0618,0.0967095238095238,-4.109999999999999,1.598571428571429,0.6910198405860124,0.09414507269810628,-0.018696241344169647,0.0,0.03986052048771227,tournament_importance=4 & probability_bucket=60-75% & clv_bucket=-5-0%,3
37,24,0.6486486486486487,37.0,3.9000000000000017,0.10540540540540545,3.5620000000000003,0.09627027027027028,-3.5,1.717027027027027,0.64908047946705,0.09426896852892892,-0.01090847798107595,0.0,0.038923544096417496,tournament_importance=3 & odds_bucket=1.5-2 & clv_bucket=-5-0%,3
123,63,0.5121951219512195,123.0,13.250000000000002,0.10772357723577237,11.785,0.0958130081300813,-14.700000000000006,2.8255284552845525,0.5562055423840813,0.08294931257521101,0.013447611347856565,1.0,0.042815358066460425,surface=Clay & clv_bucket=0-2.5%,2
106,58,0.5471698113207547,106.0,11.309999999999999,0.10669811320754716,10.123800000000001,0.09550754716981133,-17.55,3.5450943396226418,0.6454564215037094,0.14412779881097104,-0.0030610233893537046,0.3113207547169811,0.08822827364699383,model_type=top_10 & tournament_importance=5 & edge_bucket=10%+,3
35,6,0.17142857142857143,35.0,4.0,0.11428571428571428,3.339999999999999,0.0954285714285714,-14.5,7.428571428571429,0.18323336972317958,0.0499795536427758,-0.024603145254163846,0.42857142857142855,0.012608807121624306,tournament_importance=5 & round=R128 & odds_bucket=5-10,3
58,25,0.43103448275862066,58.0,6.32,0.10896551724137932,5.533600000000001,0.09540689655172416,-8.0,2.657931034482759,0.43188025108447026,0.07162786499083271,0.008004303460596439,0.5862068965517241,0.020969078691326252,surface=Hard & round=R16 & odds_bucket=2-3,3
56,16,0.2857142857142857,56.0,6.260000000000002,0.11178571428571431,5.334800000000003,0.09526428571428577,-9.0,4.027142857142858,0.30174951484066276,0.06043958144436347,0.02310654685303045,0.625,0.01618808454349598,tournament_importance=3 & round=QF & odds_bucket=3-5,3
44,12,0.2727272727272727,44.0,4.8500000000000005,0.11022727272727274,4.1129999999999995,0.09347727272727271,-10.0,4.141590909090909,0.3074189121940314,0.07394345452950722,-0.0196363776611134,0.0,0.02032160014359207,round=R16 & odds_bucket=3-5 & clv_bucket=-5-0%,3
44,24,0.5454545454545454,44.0,4.5600000000000005,0.10363636363636365,4.068799999999999,0.09247272727272725,-5.32,2.8536363636363635,0.5724240165168669,0.08412434353827121,0.006163159442845841,0.4772727272727273,0.0526377334619209,surface=Clay & tournament_importance=3 & round=QF,3
113,67,0.5929203539823009,113.0,11.589999999999996,0.1025663716814159,10.438200000000002,0.09237345132743364,-13.320000000000002,2.4787610619469027,0.6429500649441698,0.13940725601474535,0.012747389218779869,1.0,0.0767507312309064,model_type=top_10 & edge_bucket=10%+ & clv_bucket=0-2.5%,3
47,21,0.44680851063829785,47.0,4.960000000000002,0.10553191489361706,4.3408,0.09235744680851063,-7.0,2.5448936170212764,0.4517793921414554,0.0740061732644269,0.013326623784804705,0.6808510638297872,0.022167126398804273,round=SF & odds_bucket=2-3,2
31,13,0.41935483870967744,31.0,3.2299999999999995,0.10419354838709675,2.8053999999999997,0.09049677419354837,-7.25,2.581612903225806,0.4274256683093645,0.05560545541986931,0.002855112747078738,0.5483870967741935,0.014587651606954676,tournament_importance=4 & round=R64 & odds_bucket=2-3,3
57,19,0.3333333333333333,57.0,6.020000000000002,0.10561403508771934,5.139599999999999,0.09016842105263156,-8.75,3.6584210526315784,0.31946324807425364,0.049784974481417256,0.021208557829431453,0.6140350877192983,0.012135893915527222,surface=Clay & tournament_importance=3 & probability_bucket=25-40%,3
36,2,0.05555555555555555,36.0,4.0,0.1111111111111111,3.240000000000002,0.09000000000000005,-24.0,17.666666666666668,0.07894349492945073,0.01600064747901929,0.9360997132969722,0.8888888888888888,0.003615398081005425,tournament_importance=5 & odds_bucket=10+ & edge_bucket=<=3%,3
92,50,0.5434782608695652,92.0,9.29,0.10097826086956521,8.264199999999999,0.0898282608695652,-11.14,2.6865217391304346,0.60476028716012,0.1360688401900604,0.0025456877985072777,0.4782608695652174,0.06793844966747146,surface=Hard & tournament_importance=4 & edge_bucket=10%+,3
185,106,0.572972972972973,185.0,18.550000000000004,0.10027027027027029,16.599000000000004,0.08972432432432434,-15.330000000000002,2.5838378378378377,0.6534997183863073,0.14401276294518195,0.002408937012551108,0.42162162162162165,0.08302148815360585,model_type=top_10 & tournament_importance=3 & edge_bucket=10%+,3
60,19,0.31666666666666665,60.0,6.32,0.10533333333333333,5.3736,0.08956,-16.8,3.505333333333333,0.300592236473129,0.025729863397730212,0.027042570981912716,0.7166666666666667,0.004332063990392795,model_type=other & probability_bucket=25-40% & edge_bucket=<=3%,3
72,30,0.4166666666666667,72.0,7.350000000000001,0.10208333333333336,6.3629999999999995,0.088375,-10.0,2.8088888888888888,0.4463337599037281,0.09413868283803797,-0.017651210920495045,0.0,0.028413886585478807,model_type=top_10 & probability_bucket=40-50% & clv_bucket=-5-0%,3
37,17,0.4594594594594595,37.0,3.74,0.10108108108108109,3.2652,0.08824864864864865,-5.7,2.4159459459459454,0.44174099678667483,0.04283184731290707,0.00608774097915533,0.5405405405405406,0.010415818070079791,model_type=top_10 & probability_bucket=40-50% & edge_bucket=3-5%,3
115,68,0.591304347826087,115.0,11.089999999999993,0.09643478260869559,9.9282,0.08633217391304349,-12.820000000000002,2.4693913043478264,0.6433922591550838,0.13961304491554155,0.012776849750074941,1.0,0.07680386097363455,edge_bucket=10%+ & clv_bucket=0-2.5%,2
35,31,0.8857142857142857,35.0,3.159999999999999,0.09028571428571425,3.0168,0.08619428571428571,-2.7,1.2305714285714284,0.8657946323300749,0.08568383800466155,0.002834179241374855,0.4857142857142857,0.07911713748209369,round=QF & odds_bucket=1-1.5 & edge_bucket=7.5-10%,3
77,44,0.5714285714285714,77.0,7.39,0.09597402597402598,6.582199999999999,0.08548311688311687,-5.83,2.7077922077922083,0.6145755831445133,0.08542074000724165,0.006183907951014314,0.4025974025974026,0.05144698859350359,model_type=top_10 & round=R16 & edge_bucket=7.5-10%,3
31,8,0.25806451612903225,31.0,3.1500000000000004,0.10161290322580646,2.6270000000000024,0.08474193548387104,-14.1,5.289677419354838,0.33404605263624315,0.07935455915166933,-0.09059377862415804,0.0,0.02509014413150294,model_type=top_10 & tournament_importance=3 & clv_bucket=<-5%,3
50,32,0.64,50.0,4.69,0.09380000000000001,4.2362,0.08472400000000001,-4.9399999999999995,1.7196,0.6901813263690731,0.136600401977248,-0.00684839264957708,0.3,0.06320945648261844,odds_bucket=1.5-2 & probability_bucket=60-75% & edge_bucket=10%+,3
50,21,0.42,50.0,4.869999999999999,0.09739999999999999,4.1926,0.083852,-8.4,2.6994,0.44177933178687573,0.08254453060070271,0.009009490429970539,0.6,0.025452748883911566,surface=Hard & tournament_importance=4 & probability_bucket=40-50%,3
56,16,0.2857142857142857,56.0,5.600000000000001,0.10000000000000002,4.688000000000001,0.08371428571428573,-8.45,4.070178571428571,0.32496952885265323,0.08586004749727358,0.012570006184564652,0.625,0.02460305670326775,odds_bucket=3-5 & edge_bucket=7.5-10%,2
56,16,0.2857142857142857,56.0,5.600000000000001,0.10000000000000002,4.688000000000001,0.08371428571428573,-8.45,4.070178571428571,0.32496952885265323,0.08586004749727358,0.012570006184564652,0.625,0.02460305670326775,odds_bucket=3-5 & probability_bucket=25-40% & edge_bucket=7.5-10%,3
31,13,0.41935483870967744,31.0,3.0100000000000007,0.09709677419354841,2.5898,0.08354193548387097,-7.47,3.5077419354838706,0.4171499503161055,0.07853815458033003,0.033771754057389844,1.0,0.03018663994488477,surface=Clay & tournament_importance=4 & clv_bucket=2.5-5%,3
45,34,0.7555555555555555,45.0,4.02,0.08933333333333332,3.7195999999999985,0.08265777777777775,-5.14,1.5299999999999998,0.7894757417370114,0.08650707042794967,-0.01008613413130873,0.0,0.07278208289318247,surface=Clay & edge_bucket=7.5-10% & clv_bucket=-5-0%,3
38,31,0.8157894736842105,38.0,3.339999999999999,0.08789473684210523,3.1332000000000004,0.08245263157894737,-3.1300000000000003,1.3365789473684209,0.7834074007706865,0.06521600574644744,0.014182140599736083,1.0,0.0341248519044785,odds_bucket=1-1.5 & edge_bucket=5-7.5% & clv_bucket=0-2.5%,3
61,13,0.21311475409836064,61.0,6.09,0.09983606557377049,5.0082,0.0821016393442623,-11.0,5.913114754098361,0.25039359333493283,0.03847861591515266,0.007076632596749255,0.6065573770491803,0.009605390205669055,model_type=top_10 & round=R32 & edge_bucket=3-5%,3
52,32,0.6153846153846154,52.0,4.710000000000001,0.0905769230769231,4.215800000000001,0.08107307692307694,-3.28,1.743653846153846,0.6469988707026927,0.0990964914577881,-0.0005657692388266039,0.4230769230769231,0.04240043614572705,surface=Clay & odds_bucket=1.5-2,2
55,48,0.8727272727272727,55.0,4.689999999999999,0.08527272727272725,4.456200000000001,0.0810218181818182,-2.7,1.2534545454545454,0.8652059091437686,0.10028511468877775,0.0029920464885783,0.509090909090909,0.08781986975593438,tournament_importance=3 & round=QF & odds_bucket=1-1.5,3
52,5,0.09615384615384616,52.0,5.25,0.10096153846153846,4.205000000000002,0.08086538461538464,-30.25,10.4375,0.14794172232060954,0.018975139404507648,0.5963171960582273,0.6153846153846154,0.003602236245586573,surface=Hard & tournament_importance=5 & edge_bucket=<=3%,3
108,71,0.6574074074074074,108.0,9.590000000000003,0.08879629629629633,8.658200000000003,0.08016851851851854,-4.0,1.6689814814814814,0.6712403274763609,0.1013961822163625,-0.006748547483800776,0.32407407407407407,0.0429598537095473,model_type=top_10 & odds_bucket=1.5-2 & probability_bucket=60-75%,3
125,82,0.656,125.0,11.080000000000005,0.08864000000000004,9.998400000000006,0.07998720000000005,-5.0,1.6696000000000002,0.6680837417263795,0.0984089502020986,-0.004620232691214544,0.36,0.041005583611989097,odds_bucket=1.5-2 & probability_bucket=60-75%,2
68,29,0.4264705882352941,68.0,6.33,0.09308823529411765,5.4234,0.07975588235294118,-6.0,2.564852941176471,0.43598533734909656,0.06142549366247679,0.005994522852384422,0.5294117647058824,0.016937287530372165,model_type=top_10 & odds_bucket=2-3 & edge_bucket=5-7.5%,3
49,20,0.40816326530612246,49.0,4.56,0.09306122448979591,3.8888,0.07936326530612245,-5.03,3.38265306122449,0.35984459370063815,0.039887889465105714,0.03500104923135165,1.0,0.008773360636682537,tournament_importance=3 & edge_bucket=3-5% & clv_bucket=2.5-5%,3
31,7,0.22580645161290322,31.0,3.0,0.0967741935483871,2.459999999999999,0.07935483870967738,-7.0,4.725483870967742,0.2297492555491976,0.029310106689130228,0.0011866446532964655,0.5806451612903226,0.005523446278776848,round=R16 & odds_bucket=3-5 & probability_bucket=0-25%,3
125,109,0.872,125.0,10.34,0.08272,9.8132,0.0785056,-4.029999999999999,1.2543199999999997,0.8731878529122078,0.10887086890746216,-0.008927594999626936,0.0,0.09628290836860497,tournament_importance=3 & probability_bucket=75-100% & clv_bucket=-5-0%,3
51,28,0.5490196078431373,51.0,4.55,0.0892156862745098,3.999000000000001,0.07841176470588238,-5.03,2.908823529411765,0.5110149916186697,0.06223461689671045,0.006032833958194912,0.5490196078431373,0.02138681620999734,surface=Hard & round=R16 & edge_bucket=5-7.5%,3
52,10,0.19230769230769232,52.0,5.0,0.09615384615384616,4.0600000000000005,0.07807692307692309,-20.0,6.889423076923077,0.19384852068715303,0.03889705896477046,-0.023880870671345707,0.0,0.00894404800624678,surface=Hard & probability_bucket=0-25% & clv_bucket=-5-0%,3
58,49,0.8448275862068966,58.0,4.789999999999999,0.0825862068965517,4.5142,0.07783103448275862,-2.67,1.2889655172413794,0.8486653236123585,0.10357070395939891,0.0024068458691517657,0.43103448275862066,0.08086449602323466,surface=Hard & round=QF & probability_bucket=75-100%,3
129,111,0.8604651162790697,129.0,10.57,0.08193798449612404,9.998600000000003,0.07750852713178297,-3.92,1.2697674418604652,0.8566035414861257,0.10191400898704159,-0.001892165547969879,0.34108527131782945,0.08489936415932639,surface=Hard & tournament_importance=3 & odds_bucket=1-1.5,3
73,15,0.2054794520547945,73.0,6.879999999999999,0.09424657534246574,5.5824,0.07647123287671233,-16.52,9.641232876712328,0.22654026803294816,0.03984325924730651,0.4265796044439402,0.6575342465753424,0.009572735223241074,model_type=top_10 & tournament_importance=5 & edge_bucket=3-5%,3
34,30,0.8823529411764706,34.0,2.719999999999999,0.07999999999999996,2.5856,0.07604705882352941,-2.7,1.2244117647058823,0.8695430812045948,0.0857915159384017,0.0029175374543564687,0.5,0.08038762458619916,round=QF & probability_bucket=75-100% & edge_bucket=7.5-10%,3
92,42,0.45652173913043476,92.0,8.119999999999997,0.08826086956521736,6.957599999999998,0.07562608695652172,-9.36,3.5438043478260868,0.46391049012598023,0.0858905064569679,0.009457907054642152,0.5434782608695652,0.03557141582522481,model_type=top_10 & surface=Grass & tournament_importance=3,3
77,35,0.45454545454545453,77.0,6.78,0.08805194805194806,5.804400000000002,0.0753818181818182,-9.580000000000002,3.400649350649351,0.524044842246306,0.08539250929657748,0.005226770670547406,0.44155844155844154,0.038605865061044964,tournament_importance=4 & round=QF,2
77,35,0.45454545454545453,77.0,6.78,0.08805194805194806,5.804400000000002,0.0753818181818182,-9.580000000000002,3.400649350649351,0.524044842246306,0.08539250929657748,0.005226770670547406,0.44155844155844154,0.038605865061044964,model_type=top_10 & tournament_importance=4 & round=QF,3
118,99,0.8389830508474576,118.0,9.309999999999999,0.07889830508474575,8.743800000000002,0.07410000000000001,-3.1500000000000004,1.3055932203389828,0.870503053072275,0.136668308174896,-0.001697427525128976,0.3135593220338983,0.11558343843192824,surface=Hard & probability_bucket=75-100% & edge_bucket=10%+,3
56,48,0.8571428571428571,56.0,4.33,0.07732142857142857,4.083400000000001,0.07291785714285716,-2.0,1.259107142857143,0.8700769391007952,0.10763200178556567,-0.007258699760515471,0.0,0.09645116013753706,round=QF & probability_bucket=75-100% & clv_bucket=-5-0%,3
111,94,0.8468468468468469,111.0,8.579999999999997,0.07729729729729727,8.0684,0.07268828828828829,-2.9099999999999997,1.287117117117117,0.8764258399696363,0.13372974865021509,-0.001932939966213516,0.3063063063063063,0.1166149041165632,surface=Hard & odds_bucket=1-1.5 & edge_bucket=10%+,3
45,28,0.6222222222222222,45.0,3.6400000000000006,0.0808888888888889,3.2272000000000003,0.07171555555555556,-4.6,1.736222222222222,0.6368781002675675,0.08698779648588038,-0.002490833450577649,0.4444444444444444,0.0338223527874359,odds_bucket=1.5-2 & edge_bucket=7.5-10%,2
81,30,0.37037037037037035,81.0,6.95,0.08580246913580247,5.791,0.07149382716049384,-10.120000000000001,3.550493827160494,0.35722460723731325,0.04035001020702011,0.01485926714545156,1.0,0.008993972940421119,edge_bucket=3-5% & clv_bucket=0-2.5%,2
60,52,0.8666666666666667,60.0,4.510000000000001,0.07516666666666667,4.259800000000002,0.0709966666666667,-4.050000000000001,1.2488333333333335,0.8677560947244792,0.10015071298312823,-0.00271663827178581,0.35,0.09069579052284363,tournament_importance=3 & round=R16 & odds_bucket=1-1.5,3
38,10,0.2631578947368421,38.0,3.3100000000000005,0.08710526315789476,2.683799999999998,0.07062631578947363,-7.67,4.027105263157895,0.3993213338800917,0.16004572430377184,-0.022000691166503397,0.0,0.049033573533416024,odds_bucket=3-5 & edge_bucket=10%+ & clv_bucket=-5-0%,3
38,10,0.2631578947368421,38.0,3.299999999999999,0.08684210526315787,2.6740000000000013,0.07036842105263161,-8.0,4.6060526315789465,0.30500359125119963,0.08692941551714047,-0.08307874911612217,0.0,0.023616944606867748,model_type=top_10 & probability_bucket=25-40% & clv_bucket=<-5%,3
34,6,0.17647058823529413,34.0,3.0,0.08823529411764706,2.38,0.06999999999999999,-15.0,6.764705882352941,0.19561603963638782,0.04954498022806589,0.0004129781803657782,0.4411764705882353,0.01248170225175512,surface=Grass & odds_bucket=5-10,2
38,7,0.18421052631578946,38.0,3.33,0.08763157894736842,2.6433999999999997,0.06956315789473684,-13.5,7.030526315789473,0.1867324307005019,0.03528858683483785,0.01150072748185812,0.6578947368421053,0.007899194663910392,tournament_importance=4 & round=R64 & probability_bucket=0-25%,3
35,10,0.2857142857142857,35.0,2.99,0.08542857142857144,2.4302,0.06943428571428571,-10.64,8.557714285714285,0.32150845637369474,0.07194052916944442,0.049995169168504626,0.6285714285714286,0.03206434758611304,surface=Grass & round=R128,2
35,10,0.2857142857142857,35.0,2.99,0.08542857142857144,2.4302,0.06943428571428571,-10.64,8.557714285714285,0.32150845637369474,0.07194052916944442,0.049995169168504626,0.6285714285714286,0.03206434758611304,surface=Grass & tournament_importance=5 & round=R128,3
93,79,0.8494623655913979,93.0,6.829999999999999,0.07344086021505375,6.4134,0.06896129032258065,-3.7,1.272258064516129,0.8611962495138088,0.10561047296486044,0.0015956209988793378,0.3978494623655914,0.08970840988530722,round=QF & probability_bucket=75-100%,2
35,30,0.8571428571428571,35.0,2.5499999999999994,0.07285714285714284,2.399000000000001,0.06854285714285717,-4.0,1.2817142857142858,0.854326583654784,0.10201913212453273,0.014248967649498134,1.0,0.08440532247443897,tournament_importance=4 & probability_bucket=75-100% & clv_bucket=0-2.5%,3
78,21,0.2692307692307692,78.0,6.480000000000002,0.0830769230769231,5.210399999999998,0.06679999999999997,-14.0,4.107307692307692,0.30370908089814075,0.06774059607347159,0.07565046539749486,1.0,0.018619416351170415,model_type=top_10 & odds_bucket=3-5 & clv_bucket=5%+,3
125,109,0.872,125.0,8.82,0.07056,8.323599999999999,0.06658879999999999,-3.0,1.2359999999999995,0.87352721090678,0.09994585359988807,0.0007418197117368625,0.36,0.08889759093419311,round=R32 & probability_bucket=75-100%,2
125,109,0.872,125.0,8.82,0.07056,8.323599999999999,0.06658879999999999,-3.0,1.2359999999999995,0.87352721090678,0.09994585359988807,0.0007418197117368625,0.36,0.08889759093419311,round=R32 & odds_bucket=1-1.5 & probability_bucket=75-100%,3
32,28,0.875,32.0,2.2399999999999998,0.06999999999999999,2.1152000000000006,0.06610000000000002,-2.0,1.2284375,0.8779284511373722,0.09898928724611643,-5.242739036024897e-06,0.375,0.09410545527508803,tournament_importance=5 & round=R32 & odds_bucket=1-1.5,3
30,24,0.8,30.0,2.1299999999999994,0.07099999999999998,1.9674000000000003,0.06558000000000001,-1.9100000000000001,1.3369999999999997,0.7835792077116895,0.06690376363453636,0.002559264384313807,0.5333333333333333,0.03576521117967016,round=R16 & odds_bucket=1-1.5 & edge_bucket=5-7.5%,3
36,6,0.16666666666666666,36.0,3.0,0.08333333333333333,2.339999999999999,0.06499999999999997,-15.5,7.375,0.1834093168645212,0.04908791937001887,-0.024415756298691037,0.4166666666666667,0.012324335731614879,round=R128 & odds_bucket=5-10,2
44,37,0.8409090909090909,44.0,3.059999999999999,0.06954545454545452,2.8588000000000005,0.06497272727272728,-2.9,1.2897727272727273,0.8744584527925547,0.13173908655839597,0.012804021653468296,1.0,0.11538912540227063,odds_bucket=1-1.5 & edge_bucket=10%+ & clv_bucket=0-2.5%,3
129,111,0.8604651162790697,129.0,8.87,0.06875968992248062,8.332600000000001,0.06459379844961241,-4.120000000000002,1.2561240310077522,0.8658763007167409,0.10316385422365039,-0.009004795619777897,0.0,0.09120457231597191,tournament_importance=3 & odds_bucket=1-1.5 & clv_bucket=-5-0%,3
61,39,0.639344262295082,61.0,4.450000000000002,0.07295081967213118,3.921000000000001,0.06427868852459018,-4.779999999999999,1.6975409836065574,0.707346972068232,0.14651364258277627,-0.005983609925136595,0.32786885245901637,0.07101917480375572,model_type=top_10 & odds_bucket=1.5-2 & edge_bucket=10%+,3
43,13,0.3023255813953488,43.0,3.4299999999999997,0.07976744186046511,2.7613999999999983,0.06421860465116275,-6.38,3.7258139534883723,0.3236833916332864,0.059952164022684225,-0.019280234757218108,0.0,0.015431735276515634,surface=Clay & probability_bucket=25-40% & clv_bucket=-5-0%,3
89,76,0.8539325842696629,89.0,6.07,0.06820224719101124,5.688600000000002,0.0639168539325843,-3.7,1.2557303370786517,0.8644045440967282,0.10090630807572268,0.0014607892208730628,0.39325842696629215,0.08858637601504918,round=QF & odds_bucket=1-1.5 & probability_bucket=75-100%,3
93,79,0.8494623655913979,93.0,6.349999999999998,0.0682795698924731,5.943,0.06390322580645161,-3.7,1.2632258064516129,0.8587070497970051,0.09954430856362483,0.0013280199475809982,0.3870967741935484,0.08593684656286997,round=QF & odds_bucket=1-1.5,2
127,110,0.8661417322834646,127.0,8.620000000000001,0.06787401574803151,8.107600000000001,0.06383937007874017,-3.0,1.2421259842519683,0.8681285080027435,0.09787313877451714,0.0007203730328903583,0.36220472440944884,0.08657320026335052,model_type=top_10 & round=R32 & odds_bucket=1-1.5,3
195,166,0.8512820512820513,195.0,13.290000000000001,0.06815384615384616,12.444200000000004,0.06381641025641027,-6.659999999999998,1.266051282051282,0.865228075438176,0.10769296869738422,-0.0010895732783955943,0.3487179487179487,0.0916640465490852,tournament_importance=3 & probability_bucket=75-100%,2
136,117,0.8602941176470589,136.0,9.239999999999998,0.06794117647058823,8.6752,0.06378823529411765,-3.0,1.2522794117647058,0.8617938154888067,0.09722182685946368,0.0003352417652268118,0.3602941176470588,0.08385211488624698,round=R32 & odds_bucket=1-1.5,2
91,77,0.8461538461538461,91.0,6.179999999999999,0.0679120879120879,5.7764,0.06347692307692307,-3.7,1.2710989010989011,0.8629881604355908,0.10668403720438559,0.001630689592261302,0.4065934065934066,0.0911248235348075,model_type=top_10 & round=QF & probability_bucket=75-100%,3
74,52,0.7027027027027027,74.0,5.2299999999999995,0.07067567567567568,4.685400000000002,0.06331621621621625,-8.12,1.5348648648648648,0.6839415329955095,0.06269200111351193,-0.0024989968322348165,0.3783783783783784,0.021574390546576533,probability_bucket=60-75% & edge_bucket=5-7.5%,2
114,76,0.6666666666666666,114.0,8.120000000000003,0.07122807017543863,7.1976,0.06313684210526316,-4.199999999999999,1.6359649122807014,0.6812994510362388,0.09613205845002362,-0.003633417114335249,0.3684210526315789,0.03980242104205767,surface=Hard & probability_bucket=60-75%,2
42,18,0.42857142857142855,42.0,3.1899999999999995,0.07595238095238094,2.646199999999998,0.06300476190476186,-7.91,2.5266666666666664,0.42636687296611314,0.04776149704428224,-0.015830641403689956,0.0,0.011189036535031064,model_type=other & odds_bucket=2-3 & clv_bucket=-5-0%,3
67,28,0.417910447761194,67.0,5.09,0.07597014925373134,4.208199999999996,0.06280895522388054,-7.49,2.614179104477612,0.4456596641825966,0.07646209963404764,0.00469150929400648,0.5373134328358209,0.021878656968350643,surface=Clay & probability_bucket=40-50%,2
148,69,0.46621621621621623,148.0,11.020000000000003,0.07445945945945948,9.219600000000007,0.06229459459459464,-11.510000000000007,3.260810810810811,0.4867099600805032,0.06298474423837326,0.0034261423358602867,0.5,0.021638119575148714,model_type=top_10 & tournament_importance=4 & edge_bucket=5-7.5%,3
56,10,0.17857142857142858,56.0,4.49,0.08017857142857143,3.4802,0.06214642857142857,-8.0,8.118571428571428,0.1762532548953674,0.036522102407219086,0.1105050027083999,1.0,0.008397638570053467,tournament_importance=3 & probability_bucket=0-25% & clv_bucket=5%+,3
30,25,0.8333333333333334,30.0,1.9999999999999993,0.06666666666666664,1.8599999999999999,0.06199999999999999,-1.720000000000001,1.2913333333333334,0.8540598811323966,0.11055372238058489,-0.004475765564578575,0.13333333333333333,0.09013445983496618,round=F & odds_bucket=1-1.5,2
30,25,0.8333333333333334,30.0,1.9999999999999993,0.06666666666666664,1.8599999999999999,0.06199999999999999,-1.720000000000001,1.2913333333333334,0.8540598811323966,0.11055372238058489,-0.004475765564578575,0.13333333333333333,0.09013445983496618,model_type=top_10 & round=F & odds_bucket=1-1.5,3
48,8,0.16666666666666666,48.0,3.83,0.07979166666666666,2.953400000000002,0.06152916666666671,-9.5,6.888541666666666,0.1759425168824903,0.02099607956267099,0.020676034008452897,0.625,0.0037784003412812683,tournament_importance=4 & probability_bucket=0-25% & edge_bucket=<=3%,3
76,64,0.8421052631578947,76.0,4.990000000000002,0.06565789473684214,4.6502000000000026,0.06118684210526319,-3.67,1.2780263157894738,0.8561627060877901,0.10484526852454179,0.01271734725979093,1.0,0.08676164024712338,surface=Hard & probability_bucket=75-100% & clv_bucket=0-2.5%,3
41,26,0.6341463414634146,41.0,2.8500000000000014,0.06951219512195125,2.493000000000001,0.060804878048780514,-4.63,1.706829268292683,0.7034600806500872,0.1450521980443714,-0.004602496739096452,0.36585365853658536,0.06948032934174596,surface=Hard & odds_bucket=1.5-2 & edge_bucket=10%+,3
110,33,0.3,110.0,8.34,0.07581818181818181,6.633199999999999,0.06030181818181817,-12.75,3.735,0.3210858395934807,0.057843256056752425,0.01799813697334921,0.6909090909090909,0.01469544124698868,tournament_importance=3 & round=R16 & probability_bucket=25-40%,3
57,33,0.5789473684210527,57.0,3.94,0.06912280701754386,3.3811999999999998,0.05931929824561403,-7.28,2.706666666666667,0.5813040431003877,0.08463878820781941,0.006806877053992726,0.3684210526315789,0.04567952602010423,surface=Hard & round=F,2
73,18,0.2465753424657534,73.0,5.540000000000001,0.07589041095890413,4.3292,0.0593041095890411,-14.73,4.701506849315069,0.3118383118938982,0.039591133122020714,0.018203814881591538,0.6986301369863014,0.009473559504335505,surface=Hard & round=R32 & edge_bucket=3-5%,3
91,77,0.8461538461538461,91.0,5.699999999999998,0.06263736263736262,5.306000000000001,0.05830769230769232,-3.7,1.261868131868132,0.8604442530327033,0.10048455050861732,0.001357207199176185,0.3956043956043956,0.08727036871077822,model_type=top_10 & round=QF & odds_bucket=1-1.5,3
34,15,0.4411764705882353,34.0,2.4000000000000012,0.07058823529411769,1.972,0.057999999999999996,-5.6,2.491176470588235,0.45315718118415427,0.06698743627211495,0.011642506835616651,0.6764705882352942,0.019400171277326173,surface=Hard & round=SF & odds_bucket=2-3,3
351,159,0.452991452991453,351.0,24.57,0.07,20.238600000000005,0.057659829059829075,-16.800000000000008,3.5068945868945867,0.49280358938037716,0.07937789404036645,0.004952418551654481,0.5128205128205128,0.03611198264679432,model_type=top_10 & surface=Hard & tournament_importance=4,3
61,26,0.4262295081967213,61.0,4.289999999999999,0.07032786885245901,3.504199999999998,0.05744590163934423,-9.49,2.5142622950819673,0.4459730693581666,0.06638154835628876,0.004282816233429633,0.5081967213114754,0.018415541975552032,surface=Clay & odds_bucket=2-3 & probability_bucket=40-50%,3
104,69,0.6634615384615384,104.0,6.790000000000001,0.06528846153846155,5.954200000000004,0.05725192307692311,-4.619999999999999,1.6382692307692308,0.6828677873952699,0.09827293409621841,-0.004489726640766235,0.3557692307692308,0.041020714058614294,model_type=top_10 & surface=Hard & probability_bucket=60-75%,3
85,51,0.6,85.0,5.630000000000001,0.06623529411764707,4.837399999999998,0.056910588235294095,-16.050000000000004,2.710823529411765,0.6035997462631664,0.09241864454756556,0.01318001316374821,1.0,0.05487191612106745,model_type=top_10 & round=R32 & clv_bucket=0-2.5%,3
44,36,0.8181818181818182,44.0,2.6999999999999993,0.06136363636363635,2.4859999999999998,0.056499999999999995,-1.52,1.3093181818181818,0.7998603724123352,0.06622939997783733,0.0020564970217767753,0.4090909090909091,0.03835179891155859,tournament_importance=3 & odds_bucket=1-1.5 & edge_bucket=5-7.5%,3
63,35,0.5555555555555556,63.0,4.1899999999999995,0.0665079365079365,3.5462000000000016,0.056288888888888916,-8.91,2.4963492063492065,0.5871232305970256,0.08712813520135212,-0.016609499618061623,0.0,0.040352426843649876,tournament_importance=4 & round=R16 & clv_bucket=-5-0%,3
38,17,0.4473684210526316,38.0,2.600000000000001,0.06842105263157898,2.1279999999999992,0.05599999999999998,-8.629999999999999,3.152894736842105,0.40336338832129115,0.04638241904124861,-0.017673506670707537,0.0,0.014173902919546266,model_type=other & tournament_importance=4 & clv_bucket=-5-0%,3
163,77,0.4723926380368098,163.0,10.940000000000001,0.06711656441717792,9.001200000000004,0.05522208588957058,-11.22,3.1785889570552146,0.4900507031485334,0.0627765676677786,0.00345033209199941,0.5030674846625767,0.02150841404438384,tournament_importance=4 & edge_bucket=5-7.5%,2
37,16,0.43243243243243246,37.0,2.5099999999999993,0.06783783783783782,2.039799999999999,0.05512972972972971,-6.0,2.5164864864864867,0.46974231289518925,0.08872530854749466,0.004852169431350484,0.5135135135135135,0.028560614426866294,surface=Grass & odds_bucket=2-3,2
120,104,0.8666666666666667,120.0,6.999999999999999,0.05833333333333333,6.540000000000001,0.05450000000000001,-3.0,1.2306666666666668,0.8761986983209763,0.09958041183907722,0.0009282380693043643,0.35833333333333334,0.08998546309783557,model_type=top_10 & round=R32 & probability_bucket=75-100%,3
118,45,0.3813559322033898,118.0,8.050000000000004,0.06822033898305088,6.4289999999999985,0.054483050847457616,-14.999999999999998,3.3866949152542376,0.380750529422358,0.04284660489636891,0.019542614641351038,0.652542372881356,0.011871497540586664,model_type=other & surface=Clay,2
188,160,0.851063829787234,188.0,10.989999999999998,0.05845744680851063,10.210200000000002,0.05430957446808512,-6.659999999999998,1.2548936170212768,0.868022059325764,0.10477256464569205,-0.0011184646943562528,0.34574468085106386,0.0912010208613689,tournament_importance=3 & odds_bucket=1-1.5 & probability_bucket=75-100%,3
118,59,0.5,118.0,7.6899999999999995,0.06516949152542373,6.356200000000003,0.05386610169491528,-7.81,3.068898305084746,0.4996218214891494,0.07476693076051978,0.013131986432117491,1.0,0.03195234509255526,round=R16 & clv_bucket=0-2.5%,2
73,16,0.2191780821917808,73.0,5.14,0.07041095890410959,3.8971999999999998,0.05338630136986301,-18.0,9.022054794520548,0.2294438367441703,0.04926097246946322,0.10623867729195786,1.0,0.012674660280678908,surface=Clay & clv_bucket=5%+,2
188,159,0.8457446808510638,188.0,10.77,0.05728723404255319,9.974600000000004,0.05305638297872343,-6.659999999999998,1.2625531914893617,0.8676742331213844,0.10811689644467566,-0.0009032217283921539,0.35638297872340424,0.09305695128472297,model_type=top_10 & tournament_importance=3 & probability_bucket=75-100%,3
190,105,0.5526315789473685,190.0,11.99,0.06310526315789473,10.050199999999997,0.052895789473684195,-10.13,2.553578947368421,0.567935355759121,0.06321593027694608,-0.014185135184418798,0.0,0.02623377113615787,edge_bucket=5-7.5% & clv_bucket=-5-0%,2
45,15,0.3333333333333333,45.0,3.0200000000000005,0.06711111111111112,2.3595999999999995,0.05243555555555554,-9.0,3.266222222222223,0.33643566407675213,0.038932868747631987,0.013778908736935828,0.6444444444444445,0.008511915693310581,surface=Clay & probability_bucket=25-40% & edge_bucket=3-5%,3
57,49,0.8596491228070176,57.0,3.200000000000002,0.05614035087719302,2.9760000000000018,0.052210526315789506,-4.05,1.2389473684210528,0.8767342954022802,0.10366499508790832,-0.003506107459838251,0.3333333333333333,0.09529255966199822,tournament_importance=3 & round=R16 & probability_bucket=75-100%,3
38,16,0.42105263157894735,38.0,2.4699999999999998,0.06499999999999999,1.980599999999999,0.05212105263157892,-6.0,2.5286842105263156,0.4180694098026353,0.039692233068675475,0.006955834954286279,0.5,0.007853186741556118,surface=Clay & odds_bucket=2-3 & edge_bucket=3-5%,3
107,48,0.4485981308411215,107.0,6.880000000000001,0.06429906542056076,5.5623999999999985,0.051985046728971945,-12.21,3.5204672897196256,0.45503403434645484,0.07948911478165421,0.011561810371101693,0.5514018691588785,0.03194058099523797,surface=Grass & tournament_importance=3,2
50,8,0.16,50.0,3.5,0.07,2.59,0.0518,-10.0,6.96,0.19364099186954273,0.05228186728366294,0.00807939359679232,0.58,0.013050284288191076,surface=Hard & round=R32 & odds_bucket=5-10,3
96,67,0.6979166666666666,96.0,5.6,0.05833333333333333,4.908,0.051125000000000004,-7.54,2.2489583333333334,0.7123646550720544,0.0873270816347725,0.007013465902359306,0.4375,0.0602312100235581,round=R32 & edge_bucket=7.5-10%,2
43,18,0.4186046511627907,43.0,2.7399999999999993,0.06372093023255812,2.1852,0.050818604651162794,-7.1,3.33906976744186,0.44430607708569814,0.06623743287052802,0.0133506627134156,1.0,0.02151110336152078,tournament_importance=4 & round=R16 & clv_bucket=0-2.5%,3
50,5,0.1,50.0,3.5,0.07,2.5300000000000002,0.050600000000000006,-22.5,12.9,0.14273321388769689,0.03862574052507267,0.6194435834561272,0.68,0.009344223348329,tournament_importance=5 & probability_bucket=0-25% & edge_bucket=3-5%,3
63,16,0.25396825396825395,63.0,4.210000000000001,0.06682539682539684,3.185799999999997,0.050568253968253915,-12.27,4.282539682539682,0.3508203089680711,0.12544078272516482,0.003731111772910656,0.5396825396825397,0.03701176941783314,odds_bucket=3-5 & probability_bucket=25-40% & edge_bucket=10%+,3
449,243,0.5412026726057907,449.0,27.23,0.060645879732739424,22.565399999999997,0.05025701559020044,-25.33999999999999,2.829755011135857,0.6389057502788611,0.14278084475391398,0.0008795322170156553,0.41202672605790647,0.0804040979632491,model_type=top_10 & edge_bucket=10%+,2
82,68,0.8292682926829268,82.0,4.47,0.05451219512195122,4.100600000000002,0.05000731707317076,-3.84,1.2821951219512195,0.8460660669151139,0.09800734895109062,0.012302075898315184,1.0,0.08008838516445575,surface=Hard & odds_bucket=1-1.5 & clv_bucket=0-2.5%,3
69,45,0.6521739130434783,69.0,3.9800000000000004,0.05768115942028986,3.4204000000000017,0.04957101449275365,-3.7699999999999987,1.6634782608695655,0.6742709933897458,0.09777655045742224,0.0021945657023748474,0.4927536231884058,0.039199682188757516,tournament_importance=3 & probability_bucket=60-75%,2
49,40,0.8163265306122449,49.0,2.65,0.05408163265306122,2.4170000000000016,0.04932653061224493,-3.37,1.3238775510204082,0.8640966045843881,0.13751175004125496,0.012912632778607571,1.0,0.11377827076600398,probability_bucket=75-100% & edge_bucket=10%+ & clv_bucket=0-2.5%,3
80,22,0.275,80.0,5.210000000000001,0.06512500000000002,3.9457999999999984,0.04932249999999998,-12.5,3.87,0.3233980383835483,0.06575080031308876,0.020660289345603634,0.6375,0.01752586766342674,round=QF & probability_bucket=25-40%,2
135,113,0.837037037037037,135.0,7.239999999999995,0.05362962962962959,6.655199999999999,0.04929777777777777,-4.109999999999999,1.274814814814815,0.8870693920073615,0.13654492354983294,-0.008191281284214605,0.0,0.12440954694622382,probability_bucket=75-100% & edge_bucket=10%+ & clv_bucket=-5-0%,3
66,35,0.5303030303030303,66.0,3.930000000000001,0.05954545454545456,3.231399999999999,0.048960606060606045,-18.560000000000002,2.751212121212121,0.6381221459882671,0.13883533640725657,-0.005020715720661635,0.42424242424242425,0.0773526446326483,surface=Hard & round=R32 & edge_bucket=10%+,3
129,109,0.8449612403100775,129.0,6.839999999999996,0.05302325581395346,6.303200000000001,0.04886201550387598,-4.64,1.2590697674418605,0.8906843159176667,0.13254755949061434,-0.008148756475682747,0.0,0.12435523424377389,odds_bucket=1-1.5 & edge_bucket=10%+ & clv_bucket=-5-0%,3
191,83,0.43455497382198954,191.0,11.66,0.06104712041884817,9.266799999999996,0.048517277486910974,-14.580000000000002,4.6817277486911,0.45750597877735877,0.08569755581582836,0.011997775998503143,0.4869109947643979,0.04011415368379215,model_type=top_10 & surface=Grass,2
58,24,0.41379310344827586,58.0,3.5599999999999987,0.06137931034482756,2.8088,0.04842758620689656,-7.78,2.723275862068965,0.44360246753092636,0.08526695550459644,0.0030178031495687657,0.5,0.02478764209256874,round=R16 & probability_bucket=40-50%,2
167,91,0.5449101796407185,167.0,9.790000000000001,0.05862275449101797,8.0742,0.04834850299401197,-13.000000000000005,2.633892215568862,0.5655123798720917,0.06375226997103063,-0.014570691935034777,0.0,0.027176845135207055,model_type=top_10 & edge_bucket=5-7.5% & clv_bucket=-5-0%,3
57,48,0.8421052631578947,57.0,2.9799999999999995,0.052280701754385955,2.740400000000001,0.048077192982456156,-2.0,1.256140350877193,0.8646800066788392,0.10162002058232225,-0.007045950463536065,0.0,0.0917755693203467,round=QF & odds_bucket=1-1.5 & clv_bucket=-5-0%,3
116,30,0.25862068965517243,116.0,7.370000000000001,0.0635344827586207,5.502600000000003,0.04743620689655175,-14.05,5.6143103448275875,0.2237292283038565,0.02308820566849679,0.04230687200279075,0.75,0.004054384824251389,tournament_importance=3 & edge_bucket=<=3%,2
203,170,0.8374384236453202,203.0,10.469999999999999,0.05157635467980295,9.600600000000004,0.04729359605911332,-6.219999999999999,1.269310344827586,0.8572762422090519,0.10196059404840788,-0.0009488240977206887,0.35467980295566504,0.0863937766756912,tournament_importance=3 & odds_bucket=1-1.5,2
40,17,0.425,40.0,2.3800000000000003,0.05950000000000001,1.8723999999999998,0.04681,-6.0,2.52575,0.45912022880853415,0.07882698779754138,0.014155560422302172,0.7,0.024105739717686914,model_type=top_10 & round=SF & odds_bucket=2-3,3
192,158,0.8229166666666666,192.0,9.859999999999996,0.051354166666666645,8.982800000000001,0.04678541666666667,-5.390000000000001,1.2991666666666666,0.8790052716502011,0.13962935030256238,-0.0015992815060338406,0.2916666666666667,0.1218788571070477,probability_bucket=75-100% & edge_bucket=10%+,2
74,42,0.5675675675675675,74.0,4.18,0.056486486486486485,3.456400000000002,0.04670810810810814,-13.339999999999998,2.497702702702703,0.6142006927806051,0.08273145545334942,0.01297924004272558,1.0,0.047004410249735715,model_type=top_10 & round=QF & clv_bucket=0-2.5%,3
49,28,0.5714285714285714,49.0,2.7600000000000007,0.056326530612244914,2.2848000000000006,0.04662857142857144,-5.709999999999999,2.7022448979591838,0.5868714041751434,0.0913258345737661,0.008002079736322604,0.32653061224489793,0.048369053631272425,model_type=top_10 & tournament_importance=3 & round=F,3
98,66,0.673469387755102,98.0,5.31,0.05418367346938775,4.563800000000004,0.04656938775510208,-8.85,2.0231632653061222,0.7399967660460808,0.1452645163793392,-0.012532146755473412,0.0,0.09781639096642344,tournament_importance=3 & edge_bucket=10%+ & clv_bucket=-5-0%,3
535,244,0.45607476635514016,535.0,31.179999999999993,0.058280373831775686,24.736399999999993,0.04623626168224298,-28.850000000000016,3.400130841121495,0.5068040455313944,0.08147529912559809,0.004667837827836728,0.49906542056074765,0.03846017732660043,model_type=top_10 & tournament_importance=4,2
99,54,0.5454545454545454,99.0,5.570000000000001,0.05626262626262627,4.558599999999996,0.046046464646464606,-8.3,2.803434343434343,0.5729891504439667,0.08311432044996903,-0.013983294603079127,0.0,0.050721287694601595,tournament_importance=3 & round=R16 & clv_bucket=-5-0%,3
56,23,0.4107142857142857,56.0,3.29,0.058750000000000004,2.5642,0.04578928571428571,-8.1,3.209107142857143,0.38554689104227496,0.04495285219229249,0.03580233899969458,1.0,0.011621752113051885,model_type=other & tournament_importance=3 & clv_bucket=2.5-5%,3
72,32,0.4444444444444444,72.0,4.18,0.058055555555555555,3.296400000000002,0.04578333333333336,-9.059999999999999,4.395138888888888,0.4548382782033758,0.06974303592503811,0.00949500456695551,0.3888888888888889,0.03241538231321044,tournament_importance=5 & round=R16,2
43,18,0.4186046511627907,43.0,2.5,0.05813953488372093,1.9499999999999984,0.04534883720930229,-4.74,2.5211627906976743,0.4436535683813085,0.06405912021874612,-0.015759869821017486,0.0,0.017625091143812503,surface=Clay & odds_bucket=2-3 & clv_bucket=-5-0%,3
31,13,0.41935483870967744,31.0,1.7799999999999994,0.057419354838709656,1.3843999999999994,0.04465806451612901,-5.25,2.5445161290322575,0.4209939902590001,0.04471435377515086,0.01014406310123911,0.5806451612903226,0.010191325091926173,model_type=other & tournament_importance=4 & odds_bucket=2-3,3
213,29,0.13615023474178403,213.0,13.319999999999995,0.06253521126760561,9.373600000000003,0.044007511737089215,-25.67,9.949389671361503,0.16896061032338947,0.04616842423341595,0.1850565373585717,0.6572769953051644,0.011308782045821605,model_type=top_10 & surface=Hard & probability_bucket=0-25%,3
30,26,0.8666666666666667,30.0,1.4000000000000001,0.04666666666666667,1.292000000000001,0.0430666666666667,-2.0,1.215666666666667,0.8873698761461922,0.10110619346742243,-0.0004750758230468765,0.36666666666666664,0.09859205099903193,tournament_importance=5 & round=R32 & probability_bucket=75-100%,3
138,114,0.8260869565217391,138.0,6.5299999999999985,0.047318840579710135,5.919400000000003,0.04289420289855075,-5.469999999999999,1.2796376811594203,0.8452682021810872,0.09476132054549095,0.013165528397784499,1.0,0.07818378556643445,odds_bucket=1-1.5 & clv_bucket=0-2.5%,2
145,38,0.2620689655172414,145.0,8.5,0.05862068965517241,6.189999999999998,0.04268965517241378,-20.32,4.07248275862069,0.2629702543645335,0.02467930833162145,0.02032478512106032,0.6344827586206897,0.004169198383506708,odds_bucket=3-5 & edge_bucket=<=3%,2
248,132,0.532258064516129,248.0,12.629999999999997,0.0509274193548387,10.057400000000003,0.040554032258064525,-26.000000000000007,2.815524193548387,0.5582770150846699,0.08418756304806353,0.01256653722709127,1.0,0.043078160917622205,model_type=top_10 & surface=Hard & clv_bucket=0-2.5%,3
179,149,0.8324022346368715,179.0,7.899999999999996,0.04413407821229048,7.142000000000001,0.03989944134078213,-5.080000000000003,1.2718994413407823,0.8855570768686376,0.13396060022237638,-0.002145391321853508,0.2737430167597765,0.12233773084015998,odds_bucket=1-1.5 & edge_bucket=10%+,2
133,110,0.8270676691729323,133.0,5.85,0.04398496240601504,5.273000000000003,0.03964661654135341,-5.469999999999999,1.2737593984962405,0.8486817489726014,0.09504298122341548,0.012965595372135532,1.0,0.0794371689950271,model_type=top_10 & odds_bucket=1-1.5 & clv_bucket=0-2.5%,3
52,21,0.40384615384615385,52.0,2.7199999999999998,0.052307692307692305,2.0455999999999976,0.039338461538461496,-7.0,2.610192307692308,0.4419731344374937,0.07494926166919776,0.0032596137846122716,0.5576923076923077,0.022037718680331626,surface=Clay & tournament_importance=4 & odds_bucket=2-3,3
100,35,0.35,100.0,5.330000000000001,0.05330000000000001,3.923400000000001,0.03923400000000001,-9.329999999999998,3.677,0.33440012691577936,0.03717755766940225,0.01984031438563993,0.68,0.008338821072380419,model_type=other & round=R16,2
48,26,0.5416666666666666,48.0,2.37,0.049375,1.8826,0.03922083333333334,-4.64,3.096458333333333,0.5459385185265433,0.06413686166760295,-0.015356985777827986,0.0,0.03213019456222497,tournament_importance=5 & edge_bucket=5-7.5% & clv_bucket=-5-0%,3
39,16,0.41025641025641024,39.0,2.0300000000000002,0.05205128205128206,1.5294000000000016,0.03921538461538466,-5.4,2.5392307692307687,0.46413534292272784,0.0857949885590285,-0.006908581515477836,0.6153846153846154,0.02674993932439115,model_type=top_10 & odds_bucket=2-3 & edge_bucket=7.5-10%,3
189,155,0.8201058201058201,189.0,8.249999999999996,0.043650793650793634,7.404999999999999,0.039179894179894176,-5.390000000000001,1.2953968253968255,0.8804978362286984,0.13923554527568616,-0.0017529491160192625,0.2857142857142857,0.12233122794133951,model_type=top_10 & probability_bucket=75-100% & edge_bucket=10%+,3
74,20,0.2702702702702703,74.0,4.059999999999999,0.054864864864864846,2.8987999999999996,0.039172972972972966,-12.499999999999998,3.9077027027027027,0.32388718057390714,0.06853313621500959,0.020883427634896683,0.6351351351351351,0.018454352108820734,model_type=top_10 & round=QF & probability_bucket=25-40%,3
122,102,0.8360655737704918,122.0,5.249999999999999,0.043032786885245894,4.745000000000002,0.03889344262295084,-4.65,1.258032786885246,0.8609082458966493,0.09853536719657632,0.01322897155715167,1.0,0.0849050017742713,odds_bucket=1-1.5 & probability_bucket=75-100% & clv_bucket=0-2.5%,3
53,9,0.16981132075471697,53.0,3.0,0.05660377358490566,2.0600000000000005,0.03886792452830189,-20.0,6.60377358490566,0.19588332606139378,0.04779799838660257,-0.023577567992252024,0.0,0.01179853910199694,odds_bucket=5-10 & clv_bucket=-5-0%,2
45,37,0.8222222222222222,45.0,1.9299999999999997,0.04288888888888888,1.731400000000001,0.038475555555555575,-3.8899999999999997,1.2662222222222221,0.8762737183230532,0.11430661864023726,9.461940071288416e-05,0.37777777777777777,0.09674614981250226,surface=Grass & probability_bucket=75-100%,2
46,30,0.6521739130434783,46.0,2.1100000000000003,0.045869565217391314,1.7478000000000014,0.037995652173913076,-4.069999999999999,1.6558695652173916,0.6746619726910058,0.09694113699730442,0.0027554713643663693,0.5217391304347826,0.03902051936785509,surface=Hard & tournament_importance=3 & probability_bucket=60-75%,3
193,161,0.8341968911917098,193.0,8.049999999999999,0.041709844559585485,7.249000000000004,0.037559585492228,-6.219999999999999,1.2632642487046633,0.8615343701296306,0.10281703871448367,-0.0007088150454576382,0.3626943005181347,0.08857031346000592,model_type=top_10 & tournament_importance=3 & odds_bucket=1-1.5,3
115,31,0.26956521739130435,115.0,6.109999999999999,0.05313043478260869,4.3077999999999985,0.0374591304347826,-17.25,4.058173913043478,0.3003976302532797,0.061732145984310954,0.013895227444595983,0.6608695652173913,0.016249721492250013,tournament_importance=3 & round=R16 & odds_bucket=3-5,3
178,148,0.8314606741573034,178.0,7.399999999999997,0.04157303370786515,6.652000000000001,0.03737078651685394,-5.080000000000002,1.27061797752809,0.8863767274558235,0.13413039605366806,-0.002120238932895991,0.2752808988764045,0.12271746834902514,odds_bucket=1-1.5 & probability_bucket=75-100% & edge_bucket=10%+,3
34,9,0.2647058823529412,34.0,1.8000000000000007,0.052941176470588255,1.2640000000000011,0.037176470588235325,-7.0,4.445,0.3115220275194434,0.08336139874507557,-0.08068285639056105,0.0,0.02240652832187157,surface=Hard & probability_bucket=25-40% & clv_bucket=<-5%,3
70,31,0.44285714285714284,70.0,3.4300000000000015,0.04900000000000002,2.5814000000000012,0.03687714285714287,-9.059999999999999,4.438571428571428,0.4570493929194909,0.07040653280238522,0.00896233246491058,0.37142857142857144,0.03302633941546604,model_type=top_10 & tournament_importance=5 & round=R16,3
49,42,0.8571428571428571,49.0,1.9799999999999998,0.040408163265306114,1.8003999999999993,0.03674285714285713,-2.13,1.2269387755102041,0.8908763731194905,0.10857918351956346,-0.000385903224072202,0.30612244897959184,0.10778533073647976,surface=Hard & tournament_importance=5 & probability_bucket=75-100%,3
32,11,0.34375,32.0,1.6099999999999999,0.050312499999999996,1.157799999999998,0.036181249999999936,-6.450000000000001,6.234999999999999,0.4208276400392017,0.0648309316698161,0.06144545135418872,0.5,0.028127502347813277,model_type=top_10 & round=R64 & edge_bucket=5-7.5%,3
291,145,0.49828178694158076,291.0,13.709999999999994,0.04711340206185565,10.515799999999999,0.03613676975945017,-22.57,2.9432302405498283,0.5256335420845764,0.07736077630518529,0.01277972639481594,1.0,0.03798671118661227,surface=Hard & clv_bucket=0-2.5%,2
56,47,0.8392857142857143,56.0,2.219999999999999,0.039642857142857126,1.9955999999999996,0.03563571428571428,-3.63,1.2564285714285717,0.870085984016713,0.1040507046461793,-0.0003313149857654732,0.2857142857142857,0.09827492939669168,surface=Hard & tournament_importance=5 & odds_bucket=1-1.5,3
31,26,0.8387096774193549,31.0,1.2199999999999993,0.039354838709677396,1.0956000000000006,0.03534193548387098,-2.46,1.25,0.8334700233104639,0.06712359356493564,0.0030275725723613004,0.41935483870967744,0.044365335826121,tournament_importance=3 & probability_bucket=75-100% & edge_bucket=5-7.5%,3
177,147,0.8305084745762712,177.0,6.959999999999995,0.039322033898305055,6.2208000000000006,0.03514576271186441,-5.080000000000003,1.2696610169491527,0.8865675543265529,0.1337842726132769,-0.002132238321186763,0.2711864406779661,0.12271424603800199,model_type=top_10 & odds_bucket=1-1.5 & edge_bucket=10%+,3
38,23,0.6052631578947368,38.0,1.6599999999999997,0.043684210526315784,1.3268,0.03491578947368421,-2.98,1.7107894736842102,0.6673361005732749,0.10994611182379777,-0.006013915553294625,0.34210526315789475,0.049516988235434774,model_type=top_10 & surface=Clay & odds_bucket=1.5-2,3
70,43,0.6142857142857143,70.0,3.0300000000000025,0.04328571428571432,2.429400000000001,0.034705714285714305,-5.029999999999999,1.7178571428571432,0.6525888606965639,0.09686115860363197,-0.013041698253306706,0.0,0.040368451436850195,surface=Hard & odds_bucket=1.5-2 & clv_bucket=-5-0%,3
34,19,0.5588235294117647,34.0,1.5099999999999998,0.044411764705882345,1.1798000000000002,0.03470000000000001,-6.35,2.531176470588235,0.6503902944960747,0.13518970315051715,0.013791510833379499,1.0,0.07866025323006982,round=R32 & edge_bucket=10%+ & clv_bucket=0-2.5%,3
55,11,0.2,55.0,2.829999999999999,0.05145454545454544,1.893399999999997,0.034425454545454495,-19.3,5.638363636363636,0.2630445452654524,0.04931395660080099,0.08247015489988169,1.0,0.012572480936069589,surface=Hard & tournament_importance=4 & clv_bucket=5%+,3
48,8,0.16666666666666666,48.0,2.5,0.052083333333333336,1.6500000000000012,0.034375000000000024,-18.0,6.708333333333333,0.1858862429616969,0.03995974279449669,-0.024225884492453262,0.0,0.009444757997545674,odds_bucket=5-10 & probability_bucket=0-25% & clv_bucket=-5-0%,3
127,105,0.8267716535433071,127.0,4.840000000000002,0.03811023622047245,4.3032,0.03388346456692914,-5.18,1.2724409448818896,0.8574438401665654,0.10206984835775101,0.01325414632576118,1.0,0.08548365327791643,probability_bucket=75-100% & clv_bucket=0-2.5%,2
31,20,0.6451612903225806,31.0,1.2599999999999998,0.04064516129032257,1.0148000000000004,0.03273548387096775,-3.64,1.617096774193548,0.6749111440623639,0.08709901675548794,-0.003169121685773207,0.3870967741935484,0.03562846315660237,surface=Hard & probability_bucket=60-75% & edge_bucket=7.5-10%,3
45,37,0.8222222222222222,45.0,1.659999999999999,0.03688888888888887,1.4667999999999999,0.03259555555555555,-2.9000000000000004,1.272,0.8799558705393267,0.12906682642609435,-0.0005786500207501177,0.28888888888888886,0.11700202527025988,tournament_importance=4 & odds_bucket=1-1.5 & edge_bucket=10%+,3
92,31,0.33695652173913043,92.0,4.279999999999999,0.046521739130434774,2.9743999999999997,0.03233043478260869,-18.07,4.226630434782609,0.3797802995384008,0.05656425674598513,0.005264172124865425,0.5434782608695652,0.023637145197999577,surface=Hard & tournament_importance=4 & round=R64,3
98,15,0.15306122448979592,98.0,4.849999999999996,0.04948979591836731,3.0930000000000035,0.03156122448979595,-31.480000000000004,8.291836734693877,0.18063905013092973,0.021476648539856667,0.33915143351829236,0.7244897959183674,0.004088253754737054,model_type=top_10 & surface=Hard & edge_bucket=<=3%,3
42,11,0.2619047619047619,42.0,1.9500000000000002,0.04642857142857143,1.2909999999999986,0.030738095238095203,-16.6,3.8183333333333334,0.31602730834012044,0.0628545668718794,0.012904295924154631,1.0,0.016956337049689116,tournament_importance=4 & odds_bucket=3-5 & clv_bucket=0-2.5%,3
86,72,0.8372093023255814,86.0,2.9199999999999973,0.03395348837209299,2.581600000000001,0.030018604651162798,-2.8000000000000007,1.241627906976744,0.8661962918171919,0.09698126995167329,-0.008507036216849069,0.0,0.08467721920590972,round=R32 & odds_bucket=1-1.5 & clv_bucket=-5-0%,3
183,85,0.4644808743169399,183.0,7.57,0.04136612021857924,5.458600000000005,0.029828415300546477,-15.889999999999999,3.4874316939890715,0.5177908326138994,0.08316236844149694,0.006905434589892995,0.5355191256830601,0.04237178802890297,model_type=top_10 & tournament_importance=4 & round=R32,3
80,67,0.8375,80.0,2.7,0.03375,2.3860000000000006,0.029825000000000008,-2.76,1.2475,0.8674097201723774,0.10002570239598377,0.00024275233876425127,0.3625,0.08719335198332583,surface=Hard & round=R32 & probability_bucket=75-100%,3
387,203,0.524547803617571,387.0,15.46,0.0399483204134367,11.470800000000004,0.02964031007751939,-40.610000000000014,2.820594315245478,0.5654503830952218,0.08632043754338058,0.012738023062499429,1.0,0.04473502725543789,model_type=top_10 & clv_bucket=0-2.5%,2
63,51,0.8095238095238095,63.0,2.12,0.03365079365079365,1.837600000000002,0.029168253968254,-4.779999999999999,1.281904761904762,0.8532174160202713,0.10459587186753673,0.013360791911560302,1.0,0.08459791567714986,tournament_importance=3 & probability_bucket=75-100% & clv_bucket=0-2.5%,3
46,19,0.41304347826086957,46.0,1.8899999999999997,0.041086956521739125,1.312200000000002,0.028526086956521784,-9.4,2.5041304347826085,0.46999874577988443,0.08578688684198064,-0.005361732027191895,0.5652173913043478,0.026965402384576787,odds_bucket=2-3 & edge_bucket=7.5-10%,2
125,103,0.824,125.0,4.0600000000000005,0.03248,3.538800000000002,0.028310400000000017,-5.68,1.2705599999999997,0.8580101975652302,0.10160886759194057,0.013110947360850908,1.0,0.08556894133866941,model_type=top_10 & probability_bucket=75-100% & clv_bucket=0-2.5%,3
53,45,0.8490566037735849,53.0,1.6900000000000004,0.031886792452830194,1.496200000000001,0.028230188679245302,-3.5199999999999996,1.221132075471698,0.871397093200767,0.085971586664943,0.012819455940051565,1.0,0.08118103698527863,probability_bucket=75-100% & edge_bucket=7.5-10% & clv_bucket=0-2.5%,3
41,9,0.21951219512195122,41.0,1.83,0.04463414634146342,1.1533999999999986,0.028131707317073137,-14.0,4.653658536585366,0.22886579708927077,0.02472534169752858,0.01898284614175345,0.6341463414634146,0.00419861696422598,model_type=other & odds_bucket=3-5 & probability_bucket=0-25%,3
84,46,0.5476190476190477,84.0,3.129999999999999,0.03726190476190475,2.3074000000000003,0.027469047619047622,-7.049999999999999,2.5264285714285712,0.5943693512861549,0.07860835785658386,-0.012749267250462538,0.0,0.053520533078168404,surface=Clay & tournament_importance=3 & clv_bucket=-5-0%,3
272,223,0.8198529411764706,272.0,8.279999999999998,0.030441176470588225,7.134400000000004,0.026229411764705897,-6.6899999999999995,1.268345588235294,0.8610983931479805,0.10521856944024781,-0.0011339205242787487,0.3235294117647059,0.08793262655651285,surface=Hard & probability_bucket=75-100%,2
178,98,0.550561797752809,178.0,6.289999999999997,0.03533707865168538,4.564199999999999,0.025641573033707857,-12.04,2.6896629213483148,0.5964268758718483,0.08833747713261027,-0.014309744203661639,0.0,0.05048842162168017,model_type=top_10 & round=R16 & clv_bucket=-5-0%,3
46,31,0.6739130434782609,46.0,1.5000000000000004,0.032608695652173926,1.1700000000000013,0.02543478260869568,-5.26,1.5365217391304349,0.6826312573211643,0.0624830055054302,-0.0125962170770659,0.0,0.02112202579842625,probability_bucket=60-75% & edge_bucket=5-7.5% & clv_bucket=-5-0%,3
54,31,0.5740740740740741,54.0,1.8700000000000008,0.03462962962962964,1.3726,0.02541851851851852,-7.28,2.716851851851852,0.5881352828792719,0.08706286163030122,0.005038863997274828,0.35185185185185186,0.04769790253563198,model_type=top_10 & surface=Hard & round=F,3
36,13,0.3611111111111111,36.0,1.4,0.03888888888888889,0.9119999999999999,0.025333333333333333,-11.309999999999999,4.095833333333333,0.3807099999270085,0.08418904516860624,0.03469573896854236,1.0,0.03057930225129813,model_type=top_10 & round=R16 & clv_bucket=2.5-5%,3
88,61,0.6931818181818182,88.0,2.8200000000000003,0.03204545454545455,2.2236,0.025268181818181815,-9.15,2.283181818181818,0.7208720682920611,0.08718752012147891,0.0072948546024249605,0.4431818181818182,0.06247331249525965,model_type=top_10 & round=R32 & edge_bucket=7.5-10%,3
33,17,0.5151515151515151,33.0,1.1700000000000008,0.03545454545454548,0.8266,0.025048484848484848,-5.0,2.145454545454545,0.5434169492834093,0.09264431444652067,0.008084923329632093,0.6363636363636364,0.03060795251075975,surface=Clay & probability_bucket=50-60%,2
56,30,0.5357142857142857,56.0,1.959999999999999,0.03499999999999998,1.400800000000002,0.02501428571428575,-18.71,2.7737499999999997,0.6167445745017301,0.14202006254862462,0.0012592335718938287,0.4642857142857143,0.07699577432152137,tournament_importance=3 & round=R16 & edge_bucket=10%+,3
44,24,0.5454545454545454,44.0,1.5300000000000005,0.03477272727272728,1.0994,0.024986363636363636,-6.23,3.1502272727272724,0.542694730004235,0.06226974935719096,-0.012262261963238178,0.0,0.022464184642377375,round=R32 & edge_bucket=5-7.5% & clv_bucket=-5-0%,3
103,84,0.8155339805825242,103.0,3.01,0.029223300970873785,2.569800000000002,0.024949514563106817,-5.190000000000001,1.2642718446601944,0.8540509566113468,0.0968429404934166,-0.003944950259067684,0.30097087378640774,0.08146641591944827,round=R16 & odds_bucket=1-1.5,2
415,179,0.43132530120481927,415.0,15.35,0.036987951807228914,10.323000000000004,0.02487469879518073,-19.78,3.5140963855421683,0.4713706294343828,0.07365635090552748,0.005872726702469942,0.5180722891566265,0.03236099161241053,surface=Hard & tournament_importance=4,2
184,85,0.46195652173913043,184.0,6.610000000000001,0.035923913043478264,4.497800000000002,0.02444456521739131,-17.28,3.1964673913043478,0.5335114374281715,0.08547632730449109,0.004124969164466997,0.47282608695652173,0.04293961391688275,model_type=top_10 & surface=Clay & tournament_importance=4,3
265,218,0.8226415094339623,265.0,7.549999999999997,0.028490566037735837,6.459000000000003,0.02437358490566039,-6.6899999999999995,1.2596226415094343,0.8633308336239693,0.10315695329540962,-0.001217684041087927,0.32075471698113206,0.08763427564280181,surface=Hard & odds_bucket=1-1.5 & probability_bucket=75-100%,3
102,29,0.28431372549019607,102.0,3.9700000000000006,0.038921568627450984,2.4306,0.023829411764705884,-17.62,5.350882352941175,0.3160065496342734,0.03937196288455684,0.28767938892678785,0.5490196078431373,0.008615116112873866,surface=Clay & edge_bucket=3-5%,2
110,66,0.6,110.0,3.5199999999999996,0.031999999999999994,2.569600000000004,0.023360000000000037,-16.57,2.1712727272727275,0.6734639464672363,0.08558841470682356,0.01228055887717786,1.0,0.05395486615575973,edge_bucket=7.5-10% & clv_bucket=0-2.5%,2
99,41,0.41414141414141414,99.0,3.540000000000001,0.035757575757575766,2.3091999999999997,0.023325252525252523,-13.48,5.739191919191919,0.45155431166550825,0.08551824814931482,0.01435805824936386,0.43434343434343436,0.04433568785539008,model_type=top_10 & surface=Grass & tournament_importance=5,3
86,71,0.8255813953488372,86.0,2.339999999999999,0.027209302325581382,1.9932000000000016,0.02317674418604653,-2.96,1.2596511627906977,0.858295445379173,0.09774139117387522,-0.0004111794130091661,0.3488372093023256,0.08305381868870414,surface=Hard & round=R32 & odds_bucket=1-1.5,3
199,106,0.5326633165829145,199.0,6.5699999999999985,0.03301507537688442,4.5786,0.023008040201005026,-14.109999999999996,2.731105527638191,0.5746351148819342,0.08354685447101406,-0.014787032822336154,0.0,0.046316064357383675,round=R16 & clv_bucket=-5-0%,2
46,13,0.2826086956521739,46.0,1.7300000000000013,0.037608695652173944,1.0353999999999992,0.022508695652173897,-11.0,3.797173913043478,0.28487159995591904,0.02951732399819442,0.018939392072722466,0.6304347826086957,0.0056597677186242135,model_type=other & surface=Clay & odds_bucket=3-5,3
49,37,0.7551020408163265,49.0,1.3499999999999983,0.02755102040816323,1.0829999999999984,0.0221020408163265,-3.6499999999999995,1.4357142857142855,0.8190067069437438,0.08733522895888902,-0.008934818384816363,0.0,0.07069818759005535,round=R32 & edge_bucket=7.5-10% & clv_bucket=-5-0%,3
46,38,0.8260869565217391,46.0,1.2,0.02608695652173913,1.0160000000000007,0.022086956521739146,-3.45,1.2445652173913044,0.8718102718600775,0.10380504852044156,-0.0016752337474915111,0.34782608695652173,0.09070493496811097,surface=Grass & odds_bucket=1-1.5,2
61,48,0.7868852459016393,61.0,1.6400000000000001,0.026885245901639345,1.3472000000000004,0.02208524590163935,-2.3600000000000003,1.31655737704918,0.7963274240862577,0.06609277633404696,0.0016811390538341347,0.3770491803278688,0.04031619186306534,surface=Hard & odds_bucket=1-1.5 & edge_bucket=5-7.5%,3
137,36,0.26277372262773724,137.0,5.090000000000001,0.03715328467153285,2.9682000000000004,0.021665693430656937,-18.64,3.9229927007299263,0.32455609504789074,0.07628735763596356,0.013186805481352374,0.6496350364963503,0.02184630203642151,model_type=top_10 & tournament_importance=4 & odds_bucket=3-5,3
54,31,0.5740740740740741,54.0,1.6299999999999981,0.03018518518518515,1.1374000000000004,0.02106296296296297,-6.89,2.107407407407407,0.6962414638608779,0.13981160096818532,0.00264356836285722,0.3888888888888889,0.08601409072479899,round=SF & edge_bucket=10%+,2
54,31,0.5740740740740741,54.0,1.6299999999999981,0.03018518518518515,1.1374000000000004,0.02106296296296297,-6.89,2.107407407407407,0.6962414638608779,0.13981160096818532,0.00264356836285722,0.3888888888888889,0.08601409072479899,model_type=top_10 & round=SF & edge_bucket=10%+,3
108,65,0.6018518518518519,108.0,3.1800000000000037,0.029444444444444478,2.2564000000000015,0.020892592592592605,-6.09,1.7135185185185184,0.6555887165117347,0.09867966429391115,-0.013931264562330585,0.0,0.04170207205777295,odds_bucket=1.5-2 & clv_bucket=-5-0%,2
88,22,0.25,88.0,3.220000000000001,0.036590909090909104,1.8355999999999986,0.020859090909090893,-21.119999999999997,4.144772727272727,0.25849943776141004,0.024624715307812847,0.024128144712736336,0.6818181818181818,0.004175844283922284,surface=Hard & odds_bucket=3-5 & edge_bucket=<=3%,3
40,24,0.6,40.0,1.1700000000000004,0.02925000000000001,0.8266000000000002,0.020665000000000006,-4.58,1.7272500000000002,0.6394232800549764,0.08691397100788642,-0.0032830129340312903,0.425,0.03388099495932614,model_type=top_10 & odds_bucket=1.5-2 & edge_bucket=7.5-10%,3
34,24,0.7058823529411765,34.0,0.9199999999999999,0.027058823529411764,0.7016000000000006,0.020635294117647075,-2.77,1.8126470588235295,0.7083618422472889,0.09788482439795573,-0.01022427677371605,0.0,0.060648885711374424,surface=Hard & round=F & clv_bucket=-5-0%,3
136,63,0.4632352941176471,136.0,4.329999999999998,0.03183823529411763,2.7833999999999994,0.02046617647058823,-15.649999999999999,3.226838235294118,0.4886347376015828,0.0778366507468152,-0.0001535075736540236,0.47794117647058826,0.03154644177237562,tournament_importance=4 & round=R16,2
41,33,0.8048780487804879,41.0,1.0099999999999993,0.0246341463414634,0.8297999999999994,0.020239024390243887,-2.17,1.2865853658536586,0.8399161895143485,0.09143473005771642,0.014643247999275555,1.0,0.07724778645775282,surface=Clay & odds_bucket=1-1.5 & clv_bucket=0-2.5%,3
182,149,0.8186813186813187,182.0,4.419999999999997,0.02428571428571427,3.671600000000001,0.02017362637362638,-6.15,1.2601648351648354,0.8648834445349395,0.10478335594064342,-0.008586110433492236,0.0,0.08948760129980092,surface=Hard & probability_bucket=75-100% & clv_bucket=-5-0%,3
36,14,0.3888888888888889,36.0,1.1900000000000004,0.03305555555555557,0.7262000000000004,0.020172222222222234,-7.0,2.6638888888888888,0.3999615857911181,0.040881093359193904,0.019761310281636777,0.6388888888888888,0.008558951840601603,model_type=other & round=R16 & odds_bucket=2-3,3
102,57,0.5588235294117647,102.0,3.0100000000000002,0.029509803921568628,2.0498000000000007,0.020096078431372556,-12.61,2.619509803921569,0.5783136585175023,0.062426805167396106,-0.012404326006278608,0.0,0.02694331328097305,surface=Hard & edge_bucket=5-7.5% & clv_bucket=-5-0%,3
107,64,0.5981308411214953,107.0,3.0500000000000016,0.028504672897196277,2.1290000000000013,0.019897196261682255,-16.240000000000002,2.1716822429906544,0.6767149784825786,0.08556231087703152,0.012162457463183863,1.0,0.05457735697066837,model_type=top_10 & edge_bucket=7.5-10% & clv_bucket=0-2.5%,3
143,74,0.5174825174825175,143.0,4.279999999999998,0.029930069930069914,2.8143999999999973,0.019681118881118863,-19.72,2.675594405594405,0.6151578946468363,0.14104087795202833,0.0028071178838015355,0.46853146853146854,0.07325508240653848,tournament_importance=4 & edge_bucket=10%+,2
154,98,0.6363636363636364,154.0,4.2,0.027272727272727275,2.996000000000003,0.019454545454545474,-6.9,1.6615584415584415,0.6830825637879351,0.1026070690624624,-0.005388183763702221,0.35064935064935066,0.04261239489310081,model_type=top_10 & probability_bucket=60-75%,2
76,28,0.3684210526315789,76.0,2.4800000000000004,0.03263157894736843,1.4704000000000002,0.019347368421052634,-14.11,3.4351315789473684,0.379554702650176,0.04235691575198619,0.014263851335654028,1.0,0.01152440377523047,model_type=other & clv_bucket=0-2.5%,2
49,11,0.22448979591836735,49.0,1.7300000000000013,0.03530612244897962,0.9353999999999996,0.019089795918367337,-10.0,5.922448979591836,0.2209890186847806,0.021302991624658835,0.09506363724127784,1.0,0.0036447740223824934,model_type=other & edge_bucket=<=3% & clv_bucket=5%+,3
35,25,0.7142857142857143,35.0,0.8799999999999986,0.025142857142857102,0.6623999999999985,0.018925714285714244,-3.3600000000000003,1.4422857142857142,0.7232822263214095,0.0637253993325169,-0.0013613801776306402,0.4,0.02403331031579595,odds_bucket=1-1.5 & probability_bucket=60-75% & edge_bucket=5-7.5%,3
134,55,0.41044776119402987,134.0,4.169999999999999,0.03111940298507462,2.506599999999997,0.01870597014925371,-14.61,2.571417910447761,0.44649711909129813,0.07506793886577161,0.0016694594006964867,0.5298507462686567,0.021814905568047955,model_type=top_10 & odds_bucket=2-3 & probability_bucket=40-50%,3
43,35,0.813953488372093,43.0,0.9799999999999996,0.022790697674418596,0.800400000000001,0.018613953488372116,-3.8899999999999997,1.2565116279069768,0.8803458587511048,0.11349662166821782,-0.0011768912674135885,0.3488372093023256,0.09798014036080238,model_type=top_10 & surface=Grass & probability_bucket=75-100%,3
265,216,0.8150943396226416,265.0,5.849999999999997,0.022075471698113195,4.753000000000002,0.01793584905660378,-6.6899999999999995,1.2662641509433963,0.8630465239556465,0.10594127088466282,-0.001007194724353224,0.3320754716981132,0.08914218511531606,model_type=top_10 & surface=Hard & probability_bucket=75-100%,3
292,236,0.8082191780821918,292.0,6.349999999999994,0.021746575342465733,5.103000000000003,0.017476027397260285,-7.29,1.2769520547945206,0.8506574220874009,0.09996941738066834,-0.0011303562848721078,0.3253424657534247,0.08211731029249125,surface=Hard & odds_bucket=1-1.5,2
101,82,0.8118811881188119,101.0,2.149999999999999,0.02128712871287128,1.727000000000002,0.01709900990099012,-5.69,1.260990099009901,0.8563206665387534,0.09736275620128003,-0.004081636498278113,0.297029702970297,0.08240779396602452,model_type=top_10 & round=R16 & odds_bucket=1-1.5,3
31,9,0.2903225806451613,31.0,0.9800000000000004,0.03161290322580647,0.5203999999999995,0.016787096774193534,-10.0,4.042258064516129,0.303487496869461,0.06188889433704839,-0.021375220143235306,0.0,0.01640823316090554,probability_bucket=25-40% & edge_bucket=5-7.5% & clv_bucket=-5-0%,3
52,31,0.5961538461538461,52.0,1.3099999999999996,0.025192307692307684,0.8638000000000012,0.016611538461538487,-7.7,2.354230769230769,0.6503934603288015,0.14443805125836523,0.013106951025846605,1.0,0.07909830361780344,tournament_importance=3 & edge_bucket=10%+ & clv_bucket=0-2.5%,3
44,7,0.1590909090909091,44.0,1.5,0.03409090909090909,0.7299999999999986,0.01659090909090906,-19.0,6.719545454545454,0.1897071399924247,0.038062038625205,0.01450686447551109,1.0,0.008796621348689637,surface=Hard & probability_bucket=0-25% & clv_bucket=0-2.5%,3
67,8,0.11940298507462686,67.0,2.33,0.03477611940298508,1.1034000000000015,0.016468656716417934,-20.0,11.813283582089552,0.15614646956977532,0.04118393289374618,0.4736903286527695,0.6119402985074627,0.009950852644825621,model_type=top_10 & round=R64 & probability_bucket=0-25%,3
38,15,0.39473684210526316,38.0,1.0899999999999999,0.028684210526315784,0.6082000000000003,0.016005263157894745,-6.25,2.594736842105263,0.43204249954692786,0.06185427907685093,0.00392616732993427,0.5,0.01720399623028698,tournament_importance=4 & odds_bucket=2-3 & edge_bucket=5-7.5%,3
34,21,0.6176470588235294,34.0,0.8200000000000005,0.024117647058823546,0.543600000000001,0.015988235294117675,-3.6,1.6588235294117644,0.6594534498998721,0.0874727196059154,-0.004355161795534306,0.4117647058823529,0.034818737239844876,odds_bucket=1.5-2 & probability_bucket=60-75% & edge_bucket=7.5-10%,3
43,19,0.4418604651162791,43.0,1.17,0.027209302325581393,0.6666000000000016,0.015502325581395388,-8.41,2.530232558139535,0.47513594437835727,0.09395620751189566,-0.006706765068914335,0.4418604651162791,0.03076444477181975,model_type=top_10 & tournament_importance=5 & odds_bucket=2-3,3
100,22,0.22,100.0,3.1500000000000004,0.0315,1.5269999999999957,0.015269999999999957,-27.67,4.6701,0.23293051129230186,0.029557564735813995,0.00707237154155483,0.54,0.005721396630340757,odds_bucket=3-5 & probability_bucket=0-25%,2
37,25,0.6756756756756757,37.0,0.8199999999999998,0.022162162162162158,0.5635999999999999,0.015232432432432429,-4.13,1.754054054054054,0.7131040119447878,0.086883080362903,0.0007084570065434813,0.5135135135135135,0.052010070935758955,surface=Hard & round=QF & edge_bucket=7.5-10%,3
32,7,0.21875,32.0,1.0,0.03125,0.47999999999999865,0.014999999999999958,-14.5,4.7421875,0.2285152018991425,0.028692365020776628,-0.021284273108740228,0.0,0.005404754706970778,odds_bucket=3-5 & probability_bucket=0-25% & clv_bucket=-5-0%,3
142,73,0.5140845070422535,142.0,3.549999999999997,0.02499999999999998,2.0989999999999984,0.01478169014084506,-19.72,2.68225352112676,0.614434130781055,0.14083954968742912,0.00290736921698726,0.47183098591549294,0.07318726900604708,model_type=top_10 & tournament_importance=4 & edge_bucket=10%+,3
79,66,0.8354430379746836,79.0,1.4399999999999975,0.018227848101265792,1.1511999999999993,0.014572151898734169,-3.0900000000000003,1.2260759493670885,0.877860974437484,0.0999338173976717,-0.008054708944364322,0.0,0.09001791944238738,round=R32 & probability_bucket=75-100% & clv_bucket=-5-0%,3
47,11,0.23404255319148937,47.0,1.4300000000000006,0.03042553191489363,0.6814,0.014497872340425532,-13.25,4.67595744680851,0.24774234185640773,0.02281689513674688,0.029597067359811564,0.6595744680851063,0.0037807826822145577,model_type=other & surface=Clay & edge_bucket=<=3%,3
76,21,0.27631578947368424,76.0,2.200000000000001,0.028947368421052645,1.0559999999999992,0.013894736842105251,-15.65,3.791710526315789,0.320663493378778,0.06549995097805003,0.013480980143947573,1.0,0.017722175427089783,odds_bucket=3-5 & probability_bucket=25-40% & clv_bucket=0-2.5%,3
111,87,0.7837837837837838,111.0,2.059999999999998,0.01855855855855854,1.5388000000000006,0.013863063063063069,-2.8500000000000005,1.3130630630630633,0.7983016103322188,0.06664045361312611,0.0007793434472929648,0.38738738738738737,0.039567090808435824,odds_bucket=1-1.5 & edge_bucket=5-7.5%,2
83,50,0.6024096385542169,83.0,1.8299999999999985,0.02204819277108432,1.1333999999999993,0.01365542168674698,-10.340000000000002,2.251084337349398,0.662197516857497,0.08661760965377881,-0.0038813753597789825,0.3493975903614458,0.049439579530142,surface=Hard & tournament_importance=4 & edge_bucket=7.5-10%,3
176,120,0.6818181818181818,176.0,3.5599999999999987,0.02022727272727272,2.3687999999999985,0.0134590909090909,-18.499999999999996,1.7367613636363637,0.7480721003725344,0.08647322334641946,-0.010668082368397015,0.0,0.06166019804598998,edge_bucket=7.5-10% & clv_bucket=-5-0%,2
77,33,0.42857142857142855,77.0,1.9300000000000002,0.025064935064935068,1.0113999999999992,0.013135064935064925,-9.329999999999998,2.398831168831169,0.4411659358495264,0.042252001465809576,0.009784873156062844,0.5584415584415584,0.009418730708637208,probability_bucket=40-50% & edge_bucket=3-5%,2
40,20,0.5,40.0,0.9300000000000006,0.023250000000000014,0.5113999999999992,0.01278499999999998,-5.0,2.1795,0.5454937742449172,0.09913612165799625,0.00195806241451812,0.525,0.03298148314629369,tournament_importance=4 & probability_bucket=50-60%,2
170,91,0.5352941176470588,170.0,3.699999999999998,0.02176470588235293,2.0460000000000016,0.012035294117647068,-13.73,2.6181764705882355,0.5841818946969568,0.08235261745526595,-0.015505424132368531,0.0,0.042381878099230566,surface=Hard & tournament_importance=4 & clv_bucket=-5-0%,3
101,84,0.8316831683168316,101.0,1.5699999999999987,0.015544554455445532,1.1986,0.011867326732673268,-5.459999999999999,1.231188118811881,0.8920145578337009,0.11000043170132573,-0.0012330832835287517,0.3069306930693069,0.10767428798882395,tournament_importance=5 & probability_bucket=75-100%,2
283,228,0.8056537102473498,283.0,4.519999999999996,0.015971731448763238,3.3296000000000037,0.011765371024734995,-8.520000000000001,1.2742049469964665,0.853030596788967,0.1007467288542806,-0.0008512462915559044,0.33568904593639576,0.08349453847365321,model_type=top_10 & surface=Hard & odds_bucket=1-1.5,3
76,62,0.8157894736842105,76.0,1.179999999999999,0.015526315789473671,0.8764000000000014,0.01153157894736844,-3.62,1.2535526315789474,0.8328500108635124,0.06798291282130137,0.00176520301140252,0.3815789473684211,0.04672080550899366,probability_bucket=75-100% & edge_bucket=5-7.5%,2
76,62,0.8157894736842105,76.0,1.179999999999999,0.015526315789473671,0.8764000000000014,0.01153157894736844,-3.62,1.2535526315789474,0.8328500108635124,0.06798291282130137,0.00176520301140252,0.3815789473684211,0.04672080550899366,odds_bucket=1-1.5 & probability_bucket=75-100% & edge_bucket=5-7.5%,3
71,40,0.5633802816901409,71.0,1.4600000000000017,0.020563380281690167,0.8107999999999995,0.011419718309859148,-6.7,3.296056338028169,0.5585825314374363,0.0746561339301698,0.012286376770960809,1.0,0.04564305465871363,model_type=top_10 & tournament_importance=5 & clv_bucket=0-2.5%,3
46,23,0.5,46.0,0.9999999999999999,0.021739130434782605,0.5199999999999991,0.011304347826086938,-6.09,2.1052173913043477,0.5441484941954552,0.08821719110499131,0.00526445808552122,0.6086956521739131,0.028471020565770836,tournament_importance=3 & probability_bucket=50-60%,2
43,13,0.3023255813953488,43.0,1.08,0.025116279069767444,0.4583999999999997,0.010660465116279062,-13.2,3.6797674418604647,0.3373642094328745,0.03798768067184108,0.014009282524948928,1.0,0.008622070877531767,model_type=other & surface=Hard & clv_bucket=0-2.5%,3
32,9,0.28125,32.0,0.8000000000000003,0.02500000000000001,0.3239999999999994,0.010124999999999981,-5.0,4.2109375,0.3203705539793867,0.08647339368898524,0.021623188595652664,0.625,0.024581641446574605,tournament_importance=3 & probability_bucket=25-40% & edge_bucket=7.5-10%,3
37,15,0.40540540540540543,37.0,0.8300000000000001,0.022432432432432436,0.37339999999999884,0.010091891891891861,-6.74,2.509729729729729,0.43111203144869037,0.049734570943303656,0.01806871649260014,0.6756756756756757,0.012439250516779774,model_type=other & surface=Clay & odds_bucket=2-3,3
46,12,0.2608695652173913,46.0,1.160000000000001,0.025217391304347848,0.4568000000000003,0.009930434782608702,-9.32,4.022391304347826,0.3065641113904696,0.06565605121662162,0.014437451210412795,0.5869565217391305,0.017642746400511514,tournament_importance=3 & round=R32 & odds_bucket=3-5,3
51,18,0.35294117647058826,51.0,1.1700000000000004,0.022941176470588243,0.4865999999999988,0.009541176470588213,-12.65,3.8129411764705883,0.35381897361371867,0.0409303181319102,0.014981681855781259,1.0,0.009397633848684328,model_type=top_10 & edge_bucket=3-5% & clv_bucket=0-2.5%,3
92,75,0.8152173913043478,92.0,1.2200000000000004,0.013260869565217395,0.8556000000000021,0.009300000000000024,-5.489999999999999,1.245108695652174,0.8695887638323568,0.10171453512795528,-0.004708082810829523,0.2608695652173913,0.08890628195062493,round=R16 & probability_bucket=75-100%,2
249,65,0.26104417670682734,249.0,6.090000000000003,0.02445783132530122,2.2881999999999962,0.009189558232931713,-18.87,4.06144578313253,0.30313104861114587,0.06430346880219275,0.017469927389035644,0.6305220883534136,0.017212063875598763,tournament_importance=3 & odds_bucket=3-5,2
195,157,0.8051282051282052,195.0,2.569999999999998,0.01317948717948717,1.7586000000000004,0.009018461538461541,-8.920000000000003,1.2706666666666666,0.854082259968978,0.10001668433081079,-0.00848786159981326,0.0,0.08383285749652701,surface=Hard & odds_bucket=1-1.5 & clv_bucket=-5-0%,3
62,52,0.8387096774193549,62.0,0.7499999999999998,0.012096774193548383,0.5349999999999999,0.008629032258064514,-3.6000000000000005,1.2120967741935482,0.8751789095417247,0.08695300539304478,-0.001689608724238968,0.3064516129032258,0.07805527375692875,round=R32 & probability_bucket=75-100% & edge_bucket=7.5-10%,3
44,36,0.8181818181818182,44.0,0.5199999999999995,0.011818181818181806,0.3496000000000007,0.007945454545454561,-3.45,1.240227272727273,0.8761814439003779,0.10570655179040359,-0.002296835281468398,0.3409090909090909,0.09351501370526788,model_type=top_10 & surface=Grass & odds_bucket=1-1.5,3
101,61,0.6039603960396039,101.0,1.6100000000000012,0.01594059405940595,0.7778000000000036,0.007700990099009937,-9.24,2.322574257425742,0.6459698615695572,0.08581643032990725,0.005850421275738909,0.49504950495049505,0.04924041845407154,surface=Hard & tournament_importance=3 & edge_bucket=7.5-10%,3
249,111,0.4457831325301205,249.0,4.730000000000001,0.018995983935742977,1.8753999999999973,0.007531726907630511,-13.080000000000002,4.27570281124498,0.4959509852213363,0.08036492623884894,0.01452257139022369,0.5060240963855421,0.04240189417875988,model_type=top_10 & surface=Hard & round=R32,3
53,43,0.8113207547169812,53.0,0.6099999999999998,0.011509433962264146,0.39780000000000104,0.00750566037735851,-4.8500000000000005,1.2616981132075473,0.8714343437400732,0.11035728571574147,-0.0010979038673218603,0.33962264150943394,0.09912325850986259,surface=Clay & tournament_importance=3 & probability_bucket=75-100%,3
95,57,0.6,95.0,1.490000000000002,0.01568421052631581,0.7002000000000006,0.00737052631578948,-6.09,1.7063157894736838,0.6616288179235903,0.10267975613175812,-0.014294482672004578,0.0,0.044175435584567414,model_type=top_10 & odds_bucket=1.5-2 & clv_bucket=-5-0%,3
66,40,0.6060606060606061,66.0,0.9900000000000015,0.015000000000000024,0.45019999999999794,0.00682121212121209,-8.64,2.1527272727272724,0.5999855608297336,0.06289777777701651,-0.011093506960887735,0.0,0.026869981474430007,tournament_importance=3 & edge_bucket=5-7.5% & clv_bucket=-5-0%,3
63,26,0.4126984126984127,63.0,1.1899999999999995,0.018888888888888882,0.42620000000000013,0.006765079365079367,-9.3,2.483492063492063,0.44302134029868084,0.05986834635894742,0.00401943139339037,0.49206349206349204,0.016074514375598235,probability_bucket=40-50% & edge_bucket=5-7.5%,2
63,26,0.4126984126984127,63.0,1.1899999999999995,0.018888888888888882,0.42620000000000013,0.006765079365079367,-9.3,2.483492063492063,0.44302134029868084,0.05986834635894742,0.00401943139339037,0.49206349206349204,0.016074514375598235,odds_bucket=2-3 & probability_bucket=40-50% & edge_bucket=5-7.5%,3
109,90,0.8256880733944955,109.0,1.1199999999999992,0.010275229357798158,0.7175999999999991,0.006583486238532102,-5.83,1.237614678899083,0.8792280328235427,0.10342007610665642,-0.0015115542750315633,0.29357798165137616,0.10027960765949463,tournament_importance=5 & odds_bucket=1-1.5,2
59,13,0.22033898305084745,59.0,1.3200000000000003,0.022372881355932208,0.3735999999999997,0.006332203389830504,-15.67,4.681525423728813,0.23575514319610325,0.03291555023699538,-0.001204398943328956,0.4745762711864407,0.00677959944916628,model_type=top_10 & odds_bucket=3-5 & probability_bucket=0-25%,3
81,8,0.09876543209876543,81.0,2.0,0.024691358024691357,0.5000000000000036,0.006172839506172883,-18.5,13.613086419753085,0.1406989854303745,0.04231238704305772,0.4198113706798401,0.6666666666666666,0.010288517947379963,tournament_importance=5 & round=R128 & probability_bucket=0-25%,3
40,24,0.6,40.0,0.5700000000000001,0.014250000000000002,0.23859999999999948,0.005964999999999987,-4.760000000000001,2.3229999999999995,0.6303069180655525,0.09634926888959087,-0.012570944227967267,0.0,0.05659636075372847,tournament_importance=3 & round=SF & clv_bucket=-5-0%,3
77,42,0.5454545454545454,77.0,1.1800000000000015,0.015324675324675343,0.456400000000002,0.005927272727272753,-13.339999999999998,2.528051948051948,0.603851501596046,0.08099365351560096,0.013137810803364564,1.0,0.045507999365402486,round=QF & clv_bucket=0-2.5%,2
92,30,0.32608695652173914,92.0,1.8100000000000014,0.019673913043478274,0.5338000000000016,0.005802173913043496,-8.329999999999998,3.762826086956522,0.3250384092947113,0.035744741781334854,0.02033251175645175,0.6739130434782609,0.007551779788235113,model_type=other & tournament_importance=3 & round=R16,3
91,74,0.8131868131868132,91.0,0.8600000000000003,0.009450549450549454,0.5028000000000017,0.005525274725274744,-5.489999999999999,1.243846153846154,0.8704893017647781,0.10188848138192072,-0.004600558955748658,0.26373626373626374,0.0893400037280468,model_type=top_10 & round=R16 & probability_bucket=75-100%,3
102,27,0.2647058823529412,102.0,2.0999999999999996,0.020588235294117643,0.5579999999999994,0.005470588235294112,-18.15,3.9284313725490194,0.3151422911914289,0.06818522492586833,0.013328816769560353,1.0,0.018710024324512433,odds_bucket=3-5 & clv_bucket=0-2.5%,2
33,16,0.48484848484848486,33.0,0.5100000000000002,0.015454545454545462,0.15979999999999972,0.004842424242424234,-10.620000000000001,2.243636363636363,0.6044111094499669,0.09033475323869183,0.01385754803771607,1.0,0.04068747459968082,tournament_importance=3 & round=SF & clv_bucket=0-2.5%,3
237,150,0.6329113924050633,237.0,2.9299999999999966,0.012362869198312223,1.1313999999999997,0.004773839662447256,-11.27,2.0100000000000002,0.7304594372133172,0.1416179993589991,-0.012908835794011092,0.0,0.09423253900503309,edge_bucket=10%+ & clv_bucket=-5-0%,2
430,351,0.8162790697674419,430.0,3.689999999999996,0.008581395348837199,2.0362000000000027,0.004735348837209308,-11.200000000000001,1.2463720930232556,0.8709269857577682,0.1027791404858311,-0.0009495306485249278,0.3209302325581395,0.0911463663652627,odds_bucket=1-1.5 & probability_bucket=75-100%,2
131,38,0.2900763358778626,131.0,2.480000000000002,0.018931297709923682,0.5704000000000002,0.004354198473282445,-32.3,5.601679389312976,0.36421151661073237,0.05806030937570818,0.2319229281203974,0.5343511450381679,0.024817259288192676,surface=Hard & round=R64,2
41,16,0.3902439024390244,41.0,0.6800000000000002,0.01658536585365854,0.166399999999999,0.004058536585365829,-6.0,2.628292682926829,0.44903191852323293,0.08159026792991926,0.012407633394816113,1.0,0.024160502619398828,surface=Hard & probability_bucket=40-50% & clv_bucket=0-2.5%,3
72,35,0.4861111111111111,72.0,1.0400000000000018,0.01444444444444447,0.27920000000000034,0.0038777777777777825,-8.200000000000001,2.1472222222222226,0.5440321750790434,0.09492917541912964,-0.002300343257252711,0.5,0.03141996061405814,surface=Hard & probability_bucket=50-60%,2
51,43,0.8431372549019608,51.0,0.3599999999999996,0.007058823529411757,0.19279999999999942,0.0037803921568627338,-2.9400000000000004,1.1937254901960783,0.8881118185589156,0.08631090514865664,0.0003537481790622041,0.37254901960784315,0.08861613869297319,surface=Clay & odds_bucket=1-1.5 & edge_bucket=7.5-10%,3
60,35,0.5833333333333334,60.0,0.7400000000000004,0.01233333333333334,0.22520000000000007,0.0037533333333333346,-9.44,1.8250000000000002,0.6849866063048027,0.15363806950645253,-0.006731174155526667,0.3333333333333333,0.068285685425363,probability_bucket=60-75% & edge_bucket=10%+,2
91,74,0.8131868131868132,91.0,0.6899999999999995,0.007582417582417577,0.33620000000000266,0.0036945054945055236,-6.02,1.2419780219780219,0.8708436511005476,0.10120918150590316,-0.004979600204355122,0.25274725274725274,0.08907592980166167,round=R16 & odds_bucket=1-1.5 & probability_bucket=75-100%,3
31,15,0.4838709677419355,31.0,0.43000000000000105,0.013870967741935518,0.10140000000000038,0.003270967741935496,-9.0,2.1103225806451613,0.5482547393610562,0.089001043466731,-0.01312525785644728,0.0,0.0289581421968226,surface=Hard & probability_bucket=50-60% & clv_bucket=-5-0%,3
89,5,0.056179775280898875,89.0,2.0,0.02247191011235955,0.2800000000000047,0.0031460674157303896,-32.0,18.43820224719101,0.10929985315420236,0.04813914963619089,0.7774551216062879,0.8314606741573034,0.012246295285984145,tournament_importance=5 & odds_bucket=10+,2
89,5,0.056179775280898875,89.0,2.0,0.02247191011235955,0.2800000000000047,0.0031460674157303896,-32.0,18.43820224719101,0.10929985315420236,0.04813914963619089,0.7774551216062879,0.8314606741573034,0.012246295285984145,tournament_importance=5 & odds_bucket=10+ & probability_bucket=0-25%,3
33,20,0.6060606060606061,33.0,0.3699999999999999,0.011212121212121208,0.1025999999999998,0.003109090909090903,-5.0,2.0933333333333337,0.5983766732780668,0.06495026539248121,0.012671933044305434,1.0,0.023460318319352254,round=R16 & edge_bucket=5-7.5% & clv_bucket=0-2.5%,3
33,14,0.42424242424242425,33.0,0.4899999999999993,0.014848484848484828,0.10019999999999918,0.0030363636363636114,-8.0,2.4121212121212126,0.4414958096060686,0.047353817519606344,0.010515934129984209,0.5454545454545454,0.010815127093469507,model_type=other & surface=Hard & probability_bucket=40-50%,3
137,19,0.1386861313868613,137.0,2.8200000000000003,0.020583941605839418,0.4036000000000044,0.002945985401459886,-37.17,9.607372262773723,0.15120528302800473,0.02039105621498249,0.25855364595026054,0.656934306569343,0.003956557073324325,model_type=top_10 & probability_bucket=0-25% & edge_bucket=<=3%,3
100,78,0.78,100.0,0.7399999999999971,0.007399999999999971,0.285200000000001,0.00285200000000001,-3.1000000000000005,1.3049000000000002,0.8033756451124054,0.06706358091631283,0.000690346572608476,0.39,0.040944832529110756,model_type=top_10 & odds_bucket=1-1.5 & edge_bucket=5-7.5%,3
99,82,0.8282828282828283,99.0,0.6199999999999988,0.00626262626262625,0.2676,0.002703030303030303,-5.460000000000001,1.2262626262626262,0.8941012620501404,0.10956162115915744,-0.0018121778703764444,0.29292929292929293,0.10843103414972848,model_type=top_10 & tournament_importance=5 & probability_bucket=75-100%,3
49,13,0.2653061224489796,49.0,0.8499999999999996,0.017346938775510197,0.11299999999999599,0.00230612244897951,-11.1,4.111836734693878,0.32440081527142733,0.08524814116644415,0.00924687752466242,0.5918367346938775,0.02428549266870835,surface=Hard & probability_bucket=25-40% & edge_bucket=7.5-10%,3
349,44,0.12607449856733524,349.0,6.819999999999993,0.019541547277936944,0.5836000000000112,0.0016722063037249604,-46.010000000000005,10.1710888252149,0.1667228797501309,0.043251925071059884,0.20476960490373122,0.6160458452722063,0.01046398345247246,model_type=top_10 & probability_bucket=0-25%,2
41,33,0.8048780487804879,41.0,0.22000000000000058,0.0053658536585366,0.05560000000000137,0.0013560975609756432,-2.34,1.2563414634146344,0.8315018047771081,0.06743298086742874,0.0023774916252393926,0.36585365853658536,0.048284100752502945,surface=Hard & probability_bucket=75-100% & edge_bucket=5-7.5%,3
125,32,0.256,125.0,2.0600000000000023,0.01648000000000002,0.1587999999999976,0.0012703999999999808,-19.619999999999997,3.938319999999999,0.30894078441555184,0.06207396335153862,0.01694406761827909,0.664,0.017048396359765704,surface=Hard & tournament_importance=4 & odds_bucket=3-5,3
181,49,0.27071823204419887,181.0,2.869999999999999,0.015856353591160218,0.17260000000000542,0.0009535911602210244,-15.77,3.9229281767955797,0.30998788779367503,0.0629441468498493,0.01933985507326984,0.6574585635359116,0.01670330988813504,tournament_importance=3 & odds_bucket=3-5 & probability_bucket=25-40%,3
255,151,0.592156862745098,255.0,2.3500000000000023,0.009215686274509813,0.2229999999999981,0.0008745098039215611,-14.46,2.4594117647058824,0.6333243029176225,0.09573416613100753,-0.01267130404719301,0.0,0.05989905221263156,model_type=top_10 & tournament_importance=3 & clv_bucket=-5-0%,3
130,59,0.45384615384615384,130.0,1.5599999999999978,0.011999999999999983,0.10879999999999868,0.0008369230769230667,-14.649999999999999,3.254461538461539,0.48979033695099583,0.07884297129957867,-0.000600310236233255,0.46923076923076923,0.03210201139839387,model_type=top_10 & tournament_importance=4 & round=R16,3
50,3,0.06,50.0,1.0,0.02,0.0400000000000027,0.000800000000000054,-22.0,17.96,0.11731332918058911,0.05440416984984338,0.7193130289593439,0.78,0.013933973257557521,surface=Hard & tournament_importance=5 & odds_bucket=10+,3
39,19,0.48717948717948717,39.0,0.44000000000000283,0.011282051282051354,0.03119999999999834,0.0007999999999999574,-5.3,3.730512820512821,0.49451099816773525,0.0632981109414829,0.012774305569564003,1.0,0.03904116644801072,surface=Hard & tournament_importance=5 & clv_bucket=0-2.5%,3
66,52,0.7878787878787878,66.0,0.32999999999999935,0.0049999999999999906,0.043400000000000716,0.0006575757575757684,-4.8999999999999995,1.2857575757575759,0.8452096937655345,0.09875089278941009,0.013313382110677171,1.0,0.07934146228782456,tournament_importance=3 & odds_bucket=1-1.5 & clv_bucket=0-2.5%,3
88,35,0.3977272727272727,88.0,1.139999999999997,0.01295454545454542,0.05719999999999814,0.0006499999999999788,-6.5,2.538181818181818,0.4380574294231486,0.06015225729596159,0.007209177863474316,0.5454545454545454,0.01631300495383907,odds_bucket=2-3 & edge_bucket=5-7.5%,2
107,88,0.822429906542056,107.0,0.3999999999999989,0.0037383177570093355,0.011999999999999511,0.00011214953271027581,-6.27,1.2353271028037385,0.8812605868316816,0.10405296196406001,-0.0016996529369560983,0.2897196261682243,0.10155308450193543,model_type=top_10 & tournament_importance=5 & odds_bucket=1-1.5,3
