bets,wins,win_rate,staked,profit,roi,friction_adjusted_profit,friction_adjusted_roi,max_drawdown,average_odds,average_model_probability,average_edge,average_clv,clv_positive_rate,average_fractional_kelly,edge_threshold,model_type,max_odds,exclude_slams,surface,min_edge_trust
15,6,0.4,15.0,159.97000000000003,10.664666666666669,156.59060000000002,10.439373333333334,-3.0,16.287333333333336,0.27314697672983956,0.05313796104016143,0.0,0.0,0.01461288113772608,0.1,other,,True,Clay,
23,8,0.34782608695652173,23.0,169.23000000000002,7.357826086956522,165.54540000000003,7.197626086956523,-4.189999999999998,13.88782608695652,0.23661464230394866,0.048065138820259465,0.0,0.0,0.012898681973352378,0.1,other,,False,Clay,
32,10,0.3125,32.0,154.03,4.8134375,150.5094,4.70341875,-5.699999999999989,9.446875,0.326926826088493,0.05036198955704855,0.0,0.0,0.013756343966433436,0.075,other,,True,Clay,
51,14,0.27450980392156865,51.0,157.50000000000003,3.0882352941176476,153.61,3.0119607843137257,-11.34,8.712549019607843,0.28959010097745436,0.044764889992170306,0.0,0.0,0.011918788305742969,0.075,other,,False,Clay,
60,18,0.3,60.0,143.44000000000005,2.3906666666666676,139.73119999999997,2.328853333333333,-11.59,6.2683333333333335,0.383957158473044,0.049334517756758595,0.0,0.0,0.013095730285110931,0.05,other,,True,Clay,
66,16,0.24242424242424243,66.0,151.85999999999999,2.300909090909091,147.82280000000003,2.2397393939393946,-15.47999999999999,7.24409090909091,0.32903302624856606,0.06771278086673098,0.0,0.0,0.021009038685943775,0.1,,,True,Clay,
70,13,0.18571428571428572,70.0,124.38,1.7768571428571427,120.75240000000002,1.725034285714286,-25.460000000000008,7.2107142857142845,0.3103048870439333,0.053970821418107294,0.0,0.0,0.015182240626841285,0.1,other,,True,,
102,28,0.27450980392156865,102.0,160.64999999999998,1.5749999999999997,155.95700000000002,1.5289901960784316,-21.549999999999983,5.911470588235293,0.3508935135095031,0.06143310887982294,0.0,0.0,0.018745028962635635,0.075,,,True,Clay,
91,26,0.2857142857142857,91.0,142.17,1.5623076923076922,138.0266,1.5167758241758242,-20.31,6.082087912087912,0.3567721573978333,0.04479988524939185,0.0,0.0,0.01217085998867136,0.05,other,,False,Clay,
100,23,0.23,100.0,149.65,1.4965000000000002,145.11700000000002,1.4511700000000003,-19.8,9.5659,0.27323684396139586,0.05668594007901207,0.0,0.0,0.01726938176025002,0.1,,,False,Clay,
100,36,0.36,100.0,143.02,1.4302000000000001,138.87960000000004,1.3887960000000004,-14.339999999999947,4.877700000000001,0.39726523699664035,0.04441807469727459,0.0,0.0,0.010828533687551828,0.03,other,,True,Clay,
3,3,1.0,3.0,3.92,1.3066666666666666,3.8415999999999997,1.2805333333333333,0.0,2.3066666666666666,0.5191611428563491,0.09573214042474532,0.0,0.0,0.034441886113483845,0.1,top_10,3.0,True,Grass,
140,58,0.4142857142857143,140.0,155.89000000000001,1.1135000000000002,151.13219999999998,1.0795157142857141,-9.20999999999998,4.172000000000001,0.4163879166767841,0.0415901250471801,0.0,0.0,0.0093955591932754,0.02,other,,True,Clay,
115,28,0.24347826086956523,115.0,122.82,1.0679999999999998,118.62360000000001,1.0315095652173913,-24.930000000000035,5.660521739130435,0.33693296900215686,0.051743322641725834,0.0,0.0,0.014187340181124882,0.075,other,,True,,
153,49,0.3202614379084967,153.0,155.57999999999996,1.016862745098039,150.38840000000002,0.9829307189542484,-21.03999999999988,4.806339869281046,0.3954150243067953,0.058049752789753786,0.0,0.0,0.01808255052707042,0.05,,,True,Clay,
142,46,0.323943661971831,142.0,140.94,0.9925352112676056,136.20120000000003,0.9591633802816903,-20.739999999999952,5.08161971830986,0.3664408704420347,0.04084184834353812,0.0,0.0,0.010188628948643424,0.03,other,,False,Clay,
152,38,0.25,152.0,150.44,0.9897368421052631,145.15120000000002,0.954942105263158,-26.049999999999955,7.655921052631579,0.3058305636987498,0.05319184500128388,0.0,0.0,0.016171588628736727,0.075,,,False,Clay,
12,5,0.4166666666666667,12.0,11.2,0.9333333333333332,10.836,0.903,-3.0,5.866666666666666,0.26345898702313036,0.0464756930725199,0.0,0.0,0.012706058370117871,0.1,other,10.0,False,Grass,
6,5,0.8333333333333334,6.0,5.459999999999999,0.9099999999999998,5.3308,0.8884666666666666,-1.0,2.3266666666666667,0.5042479702292334,0.09003132565581916,0.0,0.0,0.03071819458482547,0.1,,3.0,True,Grass,
202,89,0.4405940594059406,202.0,174.32999999999998,0.8630198019801979,168.58340000000004,0.8345712871287131,-12.0,3.7061881188118817,0.4168491266293726,0.03741230183896497,0.0,0.0,0.0074804789185024005,0.01,other,,True,Clay,
5,4,0.8,5.0,4.24,0.8480000000000001,4.1352,0.82704,-1.0,2.3480000000000003,0.4809118652217819,0.07572536746048303,0.0,0.0,0.023454843253826737,0.075,other,3.0,True,Grass,
10,8,0.8,10.0,8.44,0.844,8.2312,0.82312,-1.0,2.361,0.48450561436410283,0.07783283934436466,0.0,0.0,0.02500561626386592,0.075,,3.0,True,Grass,
5,4,0.8,5.0,4.199999999999999,0.8399999999999999,4.095999999999999,0.8191999999999998,-1.0,2.3739999999999997,0.4880993635064238,0.07994031122824632,0.0,0.0,0.026556389273905107,0.075,top_10,3.0,True,Grass,
188,70,0.3723404255319149,188.0,152.35,0.8103723404255319,146.943,0.7816117021276596,-17.16,4.450797872340425,0.38720173787755263,0.039049956666438276,0.0,0.0,0.009059541748715084,0.02,other,,False,Clay,
6,4,0.6666666666666666,6.0,4.630000000000001,0.7716666666666668,4.497399999999999,0.7495666666666665,-1.0,2.5116666666666667,0.5384372893572941,0.061786335749634054,0.0,0.0,0.05914595971142555,0.1,other,3.0,True,Clay,
131,18,0.13740458015267176,131.0,99.3,0.7580152671755725,95.054,0.7256030534351146,-46.55000000000001,8.198244274809161,0.24260448050959593,0.04511988339799691,0.0,0.0,0.01209571652498337,0.1,other,,False,,
16,7,0.4375,16.0,11.9,0.74375,11.482,0.717625,-3.0,5.2162500000000005,0.28882259977596236,0.046828419775703706,0.0,0.0,0.012642607247531511,0.075,other,10.0,False,Grass,
10,7,0.7,10.0,6.389999999999999,0.6389999999999999,6.202199999999999,0.6202199999999999,-2.0,2.395,0.4639912301654701,0.06340675282060483,0.0,0.0,0.0186277045941948,0.05,top_10,3.0,True,Grass,
224,79,0.35267857142857145,224.0,144.68,0.6458928571428572,138.8864,0.6200285714285715,-29.649999999999864,4.269776785714286,0.41380621952049973,0.05231822388272497,0.0,0.0,0.016259533605654464,0.03,,,True,Clay,
261,103,0.3946360153256705,261.0,165.33999999999997,0.6334865900383141,158.8732,0.6087095785440613,-15.5,3.998659003831417,0.3934417559056345,0.03570534352671043,0.0,0.0,0.0073646145567715674,0.01,other,,False,Clay,
224,64,0.2857142857142857,224.0,133.76999999999998,0.5971874999999999,127.89460000000003,0.5709580357142858,-30.34999999999991,6.493928571428571,0.3467314266735613,0.050355097415097014,0.0,0.0,0.015599365529746565,0.05,,,False,Clay,
247,67,0.27125506072874495,247.0,146.52000000000004,0.5931983805668017,139.98960000000005,0.5667595141700407,-31.769999999999982,5.470647773279352,0.33430656431197964,0.06451715398074613,0.0,0.0,0.020094830712100827,0.1,,,True,,
283,110,0.38869257950530034,283.0,160.81000000000003,0.5682332155477033,154.1338,0.5446424028268552,-17.95999999999998,3.9592932862190815,0.4227227863627907,0.04848650224355769,0.0,0.0,0.014317223859488241,0.02,,,True,Clay,
9,5,0.5555555555555556,9.0,4.97,0.5522222222222222,4.7905999999999995,0.5322888888888888,-2.0,2.898888888888889,0.4660000611849602,0.05984557742172293,0.0,0.0,0.04420466575317951,0.1,other,5.0,True,Clay,
6,4,0.6666666666666666,6.0,3.24,0.54,3.1352,0.5225333333333334,-2.0,2.4333333333333336,0.46503560632543534,0.07208424136858975,0.0,0.0,0.021852408174626897,0.075,other,3.0,False,Grass,
6,4,0.6666666666666666,6.0,3.24,0.54,3.1352,0.5225333333333334,-1.0,2.7133333333333334,0.4410280428298621,0.06875948085018746,0.0,0.0,0.020686292943996307,0.075,other,5.0,True,Grass,
7,4,0.5714285714285714,7.0,3.6300000000000003,0.5185714285714286,3.4973999999999994,0.49962857142857137,-1.0,2.521428571428572,0.5230786850712376,0.06177884568835322,0.0,0.0,0.053223476613763414,0.1,other,3.0,False,Clay,
3,2,0.6666666666666666,3.0,1.54,0.5133333333333333,1.4891999999999999,0.49639999999999995,-1.0,2.3466666666666667,0.48933479760211784,0.08433051088689299,0.0,0.0,0.026994503056167088,0.1,other,3.0,True,Grass,
3,2,0.6666666666666666,3.0,1.54,0.5133333333333333,1.4891999999999999,0.49639999999999995,-1.0,2.3466666666666667,0.48933479760211784,0.08433051088689299,0.0,0.0,0.026994503056167088,0.1,other,5.0,True,Grass,
215,62,0.28837209302325584,215.0,107.83,0.5015348837209302,102.61340000000001,0.4772716279069768,-34.330000000000005,4.423162790697675,0.3663543201721243,0.04752796279730887,0.0,0.0,0.012282509835259013,0.05,other,,True,,
374,158,0.42245989304812837,374.0,176.34,0.47149732620320856,168.49320000000003,0.45051657754010704,-20.17999999999992,3.6215508021390375,0.43670696556075245,0.04444689305356445,0.0,0.0,0.012269862287949703,0.01,,,True,Clay,
201,38,0.1890547263681592,201.0,88.70000000000002,0.44129353233830854,83.666,0.41624875621890545,-49.209999999999994,6.888159203980099,0.2725308867553046,0.04383546259517276,0.0,0.0,0.011545315897631308,0.075,other,,False,,
354,107,0.3022598870056497,354.0,154.78,0.4372316384180791,146.74440000000004,0.4145322033898306,-35.329999999999956,4.8992090395480234,0.35579267642235457,0.0606043236299994,0.0,0.0,0.01900493771181562,0.075,,,True,,
10,5,0.5,10.0,3.97,0.397,3.790599999999999,0.3790599999999999,-2.0,2.867,0.4624927610019539,0.06003441021161744,0.0,0.0,0.041553056980640615,0.1,other,5.0,False,Clay,
314,101,0.321656050955414,314.0,121.61000000000003,0.38729299363057335,114.91780000000003,0.36598025477707014,-39.189999999999884,5.580031847133759,0.37437020049374314,0.0469669923870934,0.0,0.0,0.014758201596462265,0.03,,,False,Clay,
19,11,0.5789473684210527,19.0,6.629999999999999,0.34894736842105256,6.3374,0.3335473684210526,-4.0,2.4084210526315792,0.45984383616316593,0.0629412485388321,0.0,0.0,0.018125041630975572,0.05,,3.0,True,Grass,
388,137,0.35309278350515466,388.0,130.91000000000005,0.33739690721649496,123.2718,0.317710824742268,-32.459999999999894,5.075541237113403,0.3897800169991311,0.044365016651357635,0.0,0.0,0.013361866645720907,0.02,,,False,Clay,
7,4,0.5714285714285714,7.0,2.24,0.32,2.1352,0.3050285714285715,-2.0,3.468571428571429,0.4010679164773124,0.06498875888365799,0.0,0.0,0.019213033068813747,0.075,other,10.0,True,Grass,
7,4,0.5714285714285714,7.0,2.24,0.32,2.1352,0.3050285714285715,-2.0,3.468571428571429,0.4010679164773124,0.06498875888365799,0.0,0.0,0.019213033068813747,0.075,other,,True,Grass,
16,6,0.375,16.0,5.0200000000000005,0.31375000000000003,4.719599999999998,0.2949749999999999,-3.0,4.820625,0.3443223307045244,0.04800679928581752,0.0,0.0,0.028290833183126807,0.1,other,10.0,False,Clay,
102,37,0.3627450980392157,102.0,31.33,0.307156862745098,29.4034,0.2882686274509804,-9.099999999999998,5.007745098039216,0.3501286969107083,0.06774662837814688,0.0,0.0,0.02244972968492046,0.1,top_10,,True,Hard,
20,12,0.6,20.0,5.829999999999999,0.2915,5.553399999999999,0.27767,-4.51,2.1865000000000006,0.5143786782357165,0.056209539542374544,0.0,0.0,0.016122816590459516,0.01,top_10,3.0,True,Grass,
549,190,0.3460837887067395,549.0,159.39000000000001,0.29032786885245904,149.0222,0.27144298724954463,-35.06,4.216411657559197,0.3883818137845753,0.055962324130017754,0.0,0.0,0.017667013884164782,0.05,,,True,,
17,10,0.5882352941176471,17.0,4.709999999999999,0.2770588235294117,4.4758,0.26328235294117647,-3.51,2.2541176470588233,0.4997308703185176,0.058307975989048924,0.0,0.0,0.01704130628711556,0.03,top_10,3.0,True,Grass,
9,5,0.5555555555555556,9.0,2.35,0.2611111111111111,2.2229999999999994,0.24699999999999994,-2.0,2.27,0.5247874248254167,0.09673006918852026,0.0,0.0,0.03510220856114444,0.1,top_10,3.0,False,Grass,
505,192,0.3801980198019802,505.0,132.64999999999998,0.26267326732673263,123.73700000000004,0.24502376237623769,-38.12999999999985,4.631267326732673,0.40676412155915903,0.04109275682210397,0.0,0.0,0.011579550537969156,0.01,,,False,Clay,
384,125,0.3255208333333333,384.0,90.44999999999999,0.23554687499999996,83.46100000000001,0.2173463541666667,-51.69,3.738359375,0.3836851123704854,0.04238381819283777,0.0,0.0,0.009999746855174716,0.03,other,,True,,
70,32,0.45714285714285713,70.0,15.7,0.22428571428571428,14.625999999999998,0.2089428571428571,-6.42,3.0805714285714285,0.43148279284812374,0.07745116381910805,0.0,0.0,0.027340681313775678,0.1,top_10,5.0,True,Hard,
13,7,0.5384615384615384,13.0,2.8899999999999997,0.2223076923076923,2.7121999999999993,0.20863076923076918,-4.0,2.333076923076923,0.5059035021599082,0.09057236663588344,0.0,0.0,0.031595662999802224,0.1,,3.0,False,Grass,
35,14,0.4,35.0,7.869999999999999,0.22485714285714284,7.2926,0.20836000000000002,-6.0,3.4562857142857144,0.3514888656902901,0.05930192720581162,0.0,0.0,0.01588232685793711,0.05,top_10,5.0,True,Grass,
18,10,0.5555555555555556,18.0,3.7099999999999986,0.20611111111111102,3.4757999999999987,0.19309999999999994,-4.51,2.200555555555556,0.5162522260042345,0.05872782580418076,0.0,0.0,0.017448911001683574,0.02,top_10,3.0,True,Grass,
98,47,0.47959183673469385,98.0,20.22,0.20632653061224487,18.7956,0.19179183673469388,-7.65,2.856020408163266,0.46404235062868227,0.07505582895274562,0.0,0.0,0.027656416994343954,0.075,top_10,5.0,True,Hard,
19,10,0.5263157894736842,19.0,3.869999999999999,0.20368421052631575,3.6125999999999996,0.19013684210526313,-4.220000000000001,2.2963157894736845,0.5098037235962599,0.0825876157443135,0.0,0.0,0.02941278481163673,0.075,,3.0,False,Grass,
37,22,0.5945945945945946,37.0,7.479999999999999,0.20216216216216212,7.030399999999997,0.19001081081081073,-3.25,2.170810810810811,0.5579668352282519,0.09942145712729426,0.0,0.0,0.03970533797779809,0.1,top_10,3.0,True,Hard,
138,52,0.37681159420289856,138.0,27.85,0.20181159420289857,25.573,0.18531159420289856,-9.48,4.756956521739131,0.37684553049012964,0.06502422168907375,0.0,0.0,0.022537368971451567,0.075,top_10,,True,Hard,
42,25,0.5952380952380952,42.0,8.12,0.1933333333333333,7.6175999999999995,0.18137142857142857,-3.6,2.1754761904761906,0.5571367112413682,0.0993440623731322,0.0,0.0,0.03955567972489668,0.1,top_10,3.0,False,Hard,
199,83,0.41708542713567837,199.0,38.550000000000004,0.19371859296482413,35.459,0.17818592964824123,-13.57,4.156231155778894,0.419766128761053,0.061910486070503236,0.0,0.0,0.02252133784230781,0.05,top_10,,True,Hard,
343,81,0.23615160349854228,343.0,67.67000000000002,0.19728862973760938,61.076600000000006,0.178065889212828,-51.35000000000002,5.460612244897959,0.3154498316625583,0.04186712876198102,0.0,0.0,0.010684780026446619,0.05,other,,False,,
23,9,0.391304347826087,23.0,4.460000000000001,0.1939130434782609,4.090800000000003,0.17786086956521754,-4.0,3.566521739130435,0.3596592823336127,0.07363709436709161,0.0,0.0,0.021471517831208566,0.1,,5.0,True,Grass,
44,18,0.4090909090909091,44.0,8.069999999999999,0.18340909090909088,7.3886,0.16792272727272728,-7.51,3.2709090909090914,0.37835245277573115,0.056324446717393936,0.0,0.0,0.01512910249079517,0.03,top_10,5.0,True,Grass,
528,185,0.3503787878787879,528.0,97.33999999999997,0.18435606060606055,88.53320000000002,0.1676765151515152,-53.839999999999975,3.478503787878788,0.3911058193538295,0.03918177461345014,0.0,0.0,0.008522396585591358,0.02,other,,True,,
32,13,0.40625,32.0,5.73,0.1790625,5.235400000000001,0.16360625000000004,-4.0,3.435625,0.36271806806553075,0.06652345854360563,0.0,0.0,0.018850565054872627,0.075,,5.0,True,Grass,
702,263,0.37464387464387466,702.0,121.64999999999998,0.17329059829059826,110.43700000000001,0.15731766381766382,-53.650000000000006,3.2976210826210823,0.3962933658428396,0.036159717914878015,0.0,0.0,0.007111826830838585,0.01,other,,True,,
407,85,0.20884520884520885,407.0,68.69000000000003,0.16877149877149883,60.8762,0.14957297297297298,-69.40000000000002,7.8627272727272715,0.2747288855943988,0.05437341065618452,0.0,0.0,0.016442553811317807,0.1,,,False,,
8,4,0.5,8.0,1.2400000000000002,0.15500000000000003,1.1352000000000002,0.14190000000000003,-2.0,2.87,0.41416405709848625,0.062302067888852855,0.0,0.0,0.01807909468327734,0.075,other,5.0,False,Grass,
334,128,0.38323353293413176,334.0,51.56,0.15437125748502994,46.40879999999999,0.13894850299401196,-17.12999999999999,4.083323353293413,0.40256118841534466,0.061391628580713585,0.0,0.0,0.021133086849777775,0.05,top_10,,True,,
60,35,0.5833333333333334,60.0,8.999999999999998,0.14999999999999997,8.32,0.13866666666666666,-4.890000000000001,2.0815,0.575155356275576,0.0905977173892965,0.0,0.0,0.03712022871317129,0.075,top_10,3.0,True,Hard,
48,19,0.3958333333333333,48.0,7.15,0.14895833333333333,6.427000000000001,0.13389583333333335,-7.7,3.2760416666666665,0.36684110143021426,0.05787531835396683,0.0,0.0,0.015444660343773042,0.05,,5.0,True,Grass,
152,76,0.5,152.0,22.27,0.14651315789473685,20.3046,0.13358289473684212,-11.57,2.6676315789473684,0.4985473678091448,0.06956397432715042,0.0,0.0,0.026717226800036784,0.05,top_10,5.0,True,Hard,
20,7,0.35,20.0,2.92,0.146,2.601600000000002,0.1300800000000001,-5.0,3.7495,0.3402079550433369,0.07203308188912137,0.0,0.0,0.02064307004746479,0.1,top_10,5.0,True,Grass,
80,35,0.4375,80.0,11.339999999999998,0.14175,10.213199999999997,0.12766499999999997,-8.219999999999999,3.102875,0.4290535077699376,0.07686175878703963,0.0,0.0,0.027067746163084865,0.1,top_10,5.0,False,Hard,
110,51,0.4636363636363636,110.0,15.260000000000002,0.13872727272727275,13.774799999999999,0.12522545454545453,-9.13,2.8735454545454546,0.4623219818705786,0.07481911382691293,0.0,0.0,0.027517614260676945,0.075,top_10,5.0,False,Hard,
32,17,0.53125,32.0,4.380000000000001,0.13687500000000002,3.992399999999999,0.12476249999999997,-5.18,2.2603125000000004,0.4961433158524503,0.057757758012759536,0.0,0.0,0.016411861548678186,0.03,,3.0,True,Grass,
67,39,0.582089552238806,67.0,9.04,0.13492537313432834,8.299199999999999,0.12386865671641789,-4.890000000000001,2.082835820895522,0.5749712368231812,0.09070137010873425,0.0,0.0,0.037081962211995105,0.075,top_10,3.0,False,Hard,
4,2,0.5,4.0,0.54,0.135,0.48919999999999986,0.12229999999999996,-2.0,2.4749999999999996,0.4634146761625141,0.07671753589245059,0.0,0.0,0.02370593548678224,0.1,other,3.0,False,Grass,
4,2,0.5,4.0,0.54,0.135,0.48919999999999986,0.12229999999999996,-2.0,2.4749999999999996,0.4634146761625141,0.07671753589245059,0.0,0.0,0.02370593548678224,0.1,other,5.0,False,Grass,
4,2,0.5,4.0,0.54,0.135,0.48919999999999986,0.12229999999999996,-2.0,3.76,0.40732788779209195,0.07383898993629004,0.0,0.0,0.022839245746554906,0.1,other,10.0,True,Grass,
4,2,0.5,4.0,0.54,0.135,0.48919999999999986,0.12229999999999996,-2.0,3.76,0.40732788779209195,0.07383898993629004,0.0,0.0,0.022839245746554906,0.1,other,,True,Grass,
239,79,0.3305439330543933,239.0,31.959999999999994,0.1337238493723849,28.120799999999996,0.11766025104602508,-16.669999999999987,4.532887029288703,0.3648674310387677,0.06486798519339461,0.0,0.0,0.021323028573863465,0.075,top_10,,True,,
70,38,0.5428571428571428,70.0,8.98,0.12828571428571428,8.1604,0.11657714285714285,-5.41,2.2385714285714284,0.5415071922309457,0.09890164193098046,0.0,0.0,0.038026282458548596,0.1,top_10,3.0,False,,
93,31,0.3333333333333333,93.0,12.140000000000008,0.13053763440860222,10.6572,0.11459354838709677,-17.499999999999993,3.863118279569893,0.4028071958124414,0.06367248506910549,0.0,0.0,0.02129985390897977,0.05,top_10,,True,Clay,
92,35,0.3804347826086957,92.0,11.480000000000002,0.12478260869565219,10.110399999999998,0.10989565217391303,-9.41,3.86054347826087,0.3786162663652323,0.07246521315752572,0.0,0.0,0.024267647152881038,0.1,top_10,10.0,True,Hard,
50,20,0.4,50.0,6.190000000000001,0.12380000000000002,5.4662000000000015,0.10932400000000003,-8.43,3.21,0.38563199998657893,0.053540162860845654,0.0,0.0,0.014106093913238695,0.01,top_10,5.0,True,Grass,
177,54,0.3050847457627119,177.0,22.139999999999993,0.12508474576271184,19.237199999999994,0.10868474576271184,-13.360000000000003,4.7824858757062145,0.34379875306205443,0.06868801996597053,0.0,0.0,0.02203766294920912,0.1,top_10,,True,,
841,300,0.356718192627824,841.0,103.96,0.12361474435196194,91.0608,0.1082768133174792,-58.429999999999865,3.8277764565992864,0.4061110795504821,0.04990933585993641,0.0,0.0,0.015091659690954542,0.03,,,True,,
16,7,0.4375,16.0,1.9300000000000004,0.12062500000000002,1.7113999999999994,0.10696249999999996,-4.0,2.439375,0.4978652361100451,0.06099623344110695,0.0,0.0,0.0333934811839813,0.075,other,3.0,True,Clay,
52,16,0.3076923076923077,52.0,6.33,0.12173076923076923,5.4834,0.10544999999999999,-11.0,4.379038461538461,0.32643841286627623,0.06671092719616876,0.0,0.0,0.019677171991305625,0.1,,10.0,False,Grass,
56,30,0.5357142857142857,56.0,6.4799999999999995,0.1157142857142857,5.830399999999998,0.10411428571428569,-4.539999999999999,2.2448214285714285,0.5413302791638844,0.09910801909490863,0.0,0.0,0.038288772538883555,0.1,top_10,3.0,True,,
186,81,0.43548387096774194,186.0,21.700000000000003,0.11666666666666668,19.165999999999997,0.10304301075268815,-14.570000000000002,3.362150537634408,0.4432030420244014,0.06477986483905024,0.0,0.0,0.023760361776982552,0.05,top_10,10.0,True,Hard,
1067,400,0.37488284910965325,1067.0,120.53000000000002,0.11296157450796628,104.77939999999998,0.09819999999999998,-63.989999999999824,3.6475820056232426,0.4106369266212306,0.04609769887975842,0.0,0.0,0.01319309502002305,0.02,,,True,,
47,18,0.3829787234042553,47.0,5.0699999999999985,0.10787234042553188,4.388600000000001,0.09337446808510641,-7.51,3.2368085106382978,0.38397428151378404,0.05514371631359104,0.0,0.0,0.014797101473685657,0.02,top_10,5.0,True,Grass,
56,20,0.35714285714285715,56.0,6.020000000000002,0.10750000000000004,5.179600000000001,0.09249285714285715,-8.0,3.302142857142857,0.3835926546368523,0.066268625139882,0.0,0.0,0.019825612745026804,0.05,top_10,5.0,False,Grass,
1332,527,0.39564564564564564,1332.0,139.77999999999997,0.10493993993993991,120.88440000000001,0.09075405405405407,-77.00999999999976,3.475953453453453,0.4203570222709298,0.04288600081874975,0.0,0.0,0.011485971627120195,0.01,,,True,,
21,10,0.47619047619047616,21.0,2.149999999999999,0.10238095238095234,1.8869999999999987,0.08985714285714279,-3.0,2.266190476190476,0.5068456346339354,0.07260351193417386,0.0,0.0,0.025195087054627675,0.05,top_10,3.0,False,Grass,
102,51,0.5,102.0,10.370000000000003,0.1016666666666667,9.142599999999998,0.08963333333333331,-6.85,2.2454901960784315,0.4896206912532138,0.045684809013877156,0.0,0.0,0.01306546541559266,0.02,other,3.0,True,Clay,
151,75,0.4966887417218543,151.0,15.280000000000003,0.10119205298013247,13.454399999999996,0.08910198675496686,-8.85,2.259072847682119,0.47991021566716074,0.04085103662533662,0.0,0.0,0.010016410880728735,0.01,other,3.0,True,Clay,
186,86,0.46236559139784944,186.0,18.32,0.09849462365591398,15.953599999999998,0.08577204301075268,-11.849999999999998,2.5346236559139785,0.44351188030773775,0.03828486625240129,0.0,0.0,0.008946729759287841,0.01,other,5.0,True,Clay,
176,88,0.5,176.0,16.8,0.09545454545454546,14.704,0.08354545454545455,-13.420000000000002,2.6272159090909093,0.5085948904370724,0.06993143405809202,0.0,0.0,0.02761421656689721,0.05,top_10,5.0,False,Hard,
26,9,0.34615384615384615,26.0,2.4900000000000007,0.0957692307692308,2.100200000000001,0.08077692307692311,-5.0,3.602307692307692,0.34464653542760815,0.06600745339593289,0.0,0.0,0.018426935541997935,0.075,top_10,5.0,True,Grass,
93,49,0.5268817204301075,93.0,8.45,0.09086021505376343,7.400999999999995,0.07958064516129028,-5.890000000000001,2.184086021505376,0.548709789846231,0.08793266424865488,0.0,0.0,0.0342769548626666,0.075,top_10,3.0,True,,
70,18,0.2571428571428571,70.0,6.619999999999999,0.09457142857142856,5.447600000000003,0.0778228571428572,-16.950000000000003,4.295285714285714,0.3618497134733933,0.06649419199880553,0.0,0.0,0.021025570675185203,0.075,top_10,,True,Clay,
67,21,0.31343283582089554,67.0,6.210000000000001,0.09268656716417911,5.165800000000002,0.07710149253731347,-10.129999999999999,4.150597014925373,0.3363510354511981,0.06222360817853494,0.0,0.0,0.018465155568793277,0.075,,10.0,False,Grass,
23,9,0.391304347826087,23.0,2.0300000000000002,0.0882608695652174,1.7093999999999987,0.07432173913043473,-5.32,2.8973913043478268,0.434365030582563,0.05562757976316656,0.0,0.0,0.026329199392335453,0.075,other,5.0,True,Clay,
125,50,0.4,125.0,11.0,0.088,9.279999999999998,0.07423999999999999,-12.84,3.63784,0.40725591520581605,0.069617685801003,0.0,0.0,0.024382703823678527,0.075,top_10,10.0,True,Hard,
566,133,0.23498233215547704,566.0,49.709999999999994,0.0878268551236749,40.05579999999999,0.07076996466431094,-84.05000000000001,7.1009010600706715,0.2963247820939011,0.0515164688258678,0.0,0.0,0.015776553892576345,0.075,,,False,,
26,12,0.46153846153846156,26.0,2.1400000000000006,0.08230769230769233,1.8172000000000001,0.0698923076923077,-5.879999999999999,2.405769230769231,0.5170855983114859,0.08894406202380267,0.0,0.0,0.04065944934226097,0.1,,3.0,False,Clay,
113,59,0.5221238938053098,113.0,9.139999999999997,0.08088495575221236,7.877199999999995,0.0697097345132743,-5.890000000000001,2.17212389380531,0.5522476152261157,0.08853111396904843,0.0,0.0,0.03490988626752824,0.075,top_10,3.0,False,,
40,22,0.55,40.0,3.14,0.0785,2.7171999999999983,0.06792999999999996,-5.68,2.05775,0.5570821110790025,0.060075027381379306,0.0,0.0,0.01932025423128813,0.01,top_10,3.0,False,Grass,
68,25,0.36764705882352944,68.0,5.450000000000001,0.08014705882352943,4.481,0.0658970588235294,-8.44,3.199705882352941,0.39491657118243734,0.061837021779195846,0.0,0.0,0.0181857960025088,0.03,top_10,5.0,False,Grass,
200,88,0.44,200.0,15.330000000000002,0.07665000000000001,12.783399999999999,0.06391699999999999,-11.85,2.8150999999999997,0.42445082002145673,0.037076823497317425,0.0,0.0,0.008577700368302806,0.01,other,10.0,True,Clay,
337,145,0.43026706231454004,337.0,25.200000000000003,0.07477744807121663,20.855999999999995,0.06188724035608307,-25.92000000000001,3.7699406528189914,0.44599960880248257,0.05268062204666837,0.0,0.0,0.01809400562078426,0.02,top_10,,True,Hard,
13,5,0.38461538461538464,13.0,0.9700000000000002,0.07461538461538463,0.7905999999999991,0.06081538461538454,-2.0,4.5138461538461545,0.3679880827773597,0.05039608796884476,0.0,0.0,0.03259050378376673,0.1,other,10.0,True,Clay,
266,118,0.44360902255639095,266.0,19.509999999999998,0.07334586466165413,16.1598,0.060751127819548875,-15.349999999999998,2.865075187969925,0.46199631810131336,0.06762585549875057,0.0,0.0,0.024102750416928834,0.05,top_10,5.0,True,,
99,59,0.5959595959595959,99.0,6.789999999999998,0.06858585858585857,5.854199999999997,0.0591333333333333,-8.579999999999998,1.9336363636363634,0.6125809318933058,0.08287456341473894,0.0,0.0,0.035296658805405605,0.05,top_10,3.0,True,Hard,
117,71,0.6068376068376068,117.0,7.320000000000002,0.06256410256410258,6.253599999999997,0.053449572649572626,-8.429999999999998,1.9077777777777776,0.6215374692366079,0.08271387352559434,0.0,0.0,0.036144467734092044,0.05,top_10,3.0,False,Hard,
85,34,0.4,85.0,5.330000000000001,0.0627058823529412,4.2033999999999985,0.049451764705882334,-11.81,3.0558823529411763,0.4203491653609204,0.05646905749372108,0.0,0.0,0.016231551190024708,0.01,top_10,5.0,False,Grass,
559,153,0.2737030411449016,559.0,35.78999999999995,0.06402504472271905,26.95420000000003,0.048218604651162844,-78.43,4.631502683363148,0.33989660455531157,0.038479481831380044,0.0,0.0,0.009047696666548982,0.03,other,,False,,
948,313,0.33016877637130804,948.0,59.02000000000001,0.062257383966244736,45.1396,0.047615611814345996,-85.89000000000007,3.9078586497890297,0.36829895331787527,0.03427962097907838,0.0,0.0,0.006854042731706522,0.01,other,,False,,
29,14,0.4827586206896552,29.0,1.6999999999999993,0.05862068965517239,1.3659999999999985,0.04710344827586202,-4.380000000000001,2.2134482758620693,0.5160903931938184,0.0662916268022217,0.0,0.0,0.022106812329381238,0.03,top_10,3.0,False,Grass,
69,27,0.391304347826087,69.0,4.120000000000001,0.05971014492753625,3.197600000000002,0.04634202898550728,-10.88,3.112753623188406,0.39055092710161426,0.052652112931393893,0.0,0.0,0.013794585889669243,0.03,,5.0,True,Grass,
153,86,0.5620915032679739,153.0,8.57,0.056013071895424836,7.058599999999995,0.04613464052287578,-9.929999999999994,2.0241830065359476,0.5866837338559923,0.08016914675815986,0.0,0.0,0.032578591571960594,0.05,top_10,3.0,True,,
730,222,0.3041095890410959,730.0,44.48999999999997,0.06094520547945201,33.44020000000003,0.04580849315068498,-79.38000000000004,4.217602739726027,0.35548222767366444,0.03652351708238949,0.0,0.0,0.00801951603519354,0.02,other,,False,,
68,32,0.47058823529411764,68.0,3.83,0.05632352941176471,3.0333999999999977,0.04460882352941173,-8.28,2.290294117647059,0.4856333303042938,0.05009593278323825,0.0,0.0,0.016391328429269346,0.03,other,3.0,True,Clay,
188,106,0.5638297872340425,188.0,10.219999999999999,0.05436170212765957,8.375599999999997,0.04455106382978722,-8.759999999999993,2.0094148936170213,0.5917014185459314,0.08046724663684175,0.0,0.0,0.033401207693537216,0.05,top_10,3.0,False,,
396,175,0.44191919191919193,396.0,21.930000000000003,0.05537878787878789,17.071400000000004,0.04310959595959597,-29.139999999999993,3.66770202020202,0.4579553051029328,0.049856285749274996,0.0,0.0,0.016353454701337262,0.01,top_10,,True,Hard,
325,143,0.44,325.0,17.650000000000006,0.05430769230769233,13.656999999999998,0.04202153846153846,-22.74000000000001,2.8576615384615387,0.4660235030601453,0.06838209554207227,0.0,0.0,0.02485021083543392,0.05,top_10,5.0,False,,
317,164,0.5173501577287066,317.0,16.300000000000004,0.05141955835962146,12.913999999999998,0.040738170347003146,-25.14,2.4354258675078864,0.5323546863551064,0.05558084337249709,0.0,0.0,0.018972123896010183,0.01,top_10,5.0,True,Hard,
122,59,0.48360655737704916,122.0,6.32,0.05180327868852459,4.933599999999997,0.040439344262295056,-9.860000000000001,2.261311475409836,0.4860711061822785,0.04518469847956679,0.0,0.0,0.01299290762667235,0.02,other,3.0,False,Clay,
34,10,0.29411764705882354,34.0,1.8200000000000003,0.05352941176470589,1.303600000000003,0.03834117647058832,-6.109999999999999,4.304117647058824,0.32355534632402794,0.04147773025567094,0.0,0.0,0.010344485533661399,0.05,other,10.0,False,Grass,
179,85,0.4748603351955307,179.0,8.78,0.04905027932960893,6.7243999999999975,0.03756648044692736,-13.540000000000001,2.2779329608938546,0.4760434678191906,0.04037661812980542,0.0,0.0,0.00997428795586269,0.01,other,3.0,False,Clay,
13,6,0.46153846153846156,13.0,0.6299999999999997,0.04846153846153844,0.47739999999999894,0.036723076923076844,-2.22,2.2330769230769234,0.5304659315674095,0.08743532699464751,0.0,0.0,0.03290218941333357,0.075,top_10,3.0,False,Grass,
52,18,0.34615384615384615,52.0,2.5499999999999994,0.049038461538461524,1.8190000000000008,0.034980769230769246,-7.0,3.3478846153846153,0.3827868270306834,0.0710853338348586,0.0,0.0,0.02173485940481625,0.075,,5.0,False,Grass,
280,114,0.40714285714285714,280.0,12.780000000000008,0.04564285714285717,9.204400000000001,0.03287285714285715,-22.6,3.900178571428571,0.4398932322749928,0.0561832805472146,0.0,0.0,0.019941997688223488,0.03,top_10,,True,Hard,
266,134,0.5037593984962406,266.0,11.57,0.04349624060150376,8.698600000000003,0.03270150375939851,-20.92,2.496917293233083,0.5219646643901275,0.059037136876558476,0.0,0.0,0.021206546280454455,0.02,top_10,5.0,True,Hard,
41,14,0.34146341463414637,41.0,1.8699999999999992,0.045609756097560954,1.292600000000001,0.03152682926829271,-9.0,3.8804878048780487,0.32689883299711747,0.055052091359511994,0.0,0.0,0.01450881538804238,0.05,top_10,10.0,True,Grass,
539,215,0.39888682745825604,539.0,23.189999999999998,0.04302411873840445,16.246199999999998,0.03014137291280148,-31.440000000000012,3.8132096474953623,0.42976943986276644,0.05287248183450939,0.0,0.0,0.01776847307824185,0.02,top_10,,True,,
319,143,0.4482758620689655,319.0,13.350000000000001,0.04184952978056427,9.563000000000004,0.029978056426332302,-24.92,3.1361442006269593,0.46652111308046784,0.054715192702572434,0.0,0.0,0.0189094887621637,0.02,top_10,10.0,True,Hard,
38,13,0.34210526315789475,38.0,1.6699999999999982,0.04394736842105258,1.1365999999999978,0.029910526315789415,-9.0,3.404210526315789,0.3825373163425518,0.0794935469881191,0.0,0.0,0.024233886111444624,0.1,,5.0,False,Grass,
76,27,0.35526315789473684,76.0,3.170000000000001,0.04171052631578948,2.1266,0.02798157894736842,-11.010000000000002,3.1644736842105265,0.401654557034748,0.058791645779356964,0.0,0.0,0.017160797942451504,0.02,top_10,5.0,False,Grass,
316,162,0.5126582278481012,316.0,10.730000000000002,0.03395569620253165,7.435400000000003,0.02352974683544305,-20.11,2.4608227848101265,0.5303186305715087,0.05887773576325258,0.0,0.0,0.02166813337934683,0.02,top_10,5.0,False,Hard,
380,200,0.5263157894736842,380.0,12.3,0.03236842105263158,8.454,0.022247368421052634,-23.43,2.3847105263157897,0.54427317820765,0.05550720094418662,0.0,0.0,0.019549799775389003,0.01,top_10,5.0,False,Hard,
143,52,0.36363636363636365,143.0,4.920000000000002,0.03440559440559442,3.0016,0.02099020979020979,-17.630000000000003,3.751048951048951,0.4289247566847553,0.05523820019805322,0.0,0.0,0.019135636819416896,0.02,top_10,,True,Clay,
376,173,0.4601063829787234,376.0,12.080000000000002,0.03212765957446809,7.778400000000005,0.020687234042553203,-29.140000000000008,3.0464893617021276,0.47808202953510615,0.051696706126273556,0.0,0.0,0.01704807007643168,0.01,top_10,10.0,True,Hard,
34,11,0.3235294117647059,34.0,1.1300000000000003,0.03323529411764707,0.6474000000000006,0.019041176470588256,-9.0,3.5135294117647056,0.37302233283432096,0.07982013652878599,0.0,0.0,0.024295997949640196,0.1,top_10,5.0,False,Grass,
268,114,0.4253731343283582,268.0,8.250000000000005,0.03078358208955226,5.005000000000001,0.01867537313432836,-19.17,2.7669402985074627,0.45541569183835084,0.06121334330852578,0.0,0.0,0.02080590107563507,0.05,,5.0,True,Hard,
181,71,0.39226519337016574,181.0,5.559999999999998,0.030718232044198882,3.2488000000000006,0.017949171270718236,-17.389999999999993,3.071491712707182,0.42714834359210135,0.07273592816104875,0.0,0.0,0.024741415183411324,0.075,top_10,5.0,True,,
83,39,0.46987951807228917,83.0,2.3599999999999977,0.02843373493975901,1.4327999999999985,0.01726265060240962,-8.85,2.3340963855421686,0.5199050243593422,0.08916429805309485,0.0,0.0,0.03583352082494969,0.1,,3.0,True,,
126,56,0.4444444444444444,126.0,3.5699999999999985,0.02833333333333332,2.098599999999996,0.01665555555555552,-9.850000000000001,2.521825396825397,0.4520482722095287,0.042942996905801056,0.0,0.0,0.011667832395375638,0.02,other,5.0,True,Clay,
457,175,0.38293216630196936,457.0,13.510000000000005,0.029562363238512045,7.599800000000009,0.0166297592997812,-33.600000000000016,3.9029102844638945,0.4249547806382692,0.056232746766207486,0.0,0.0,0.019370203517955535,0.03,top_10,,True,,
630,264,0.41904761904761906,630.0,18.130000000000006,0.028777777777777788,10.447400000000005,0.01658317460317461,-32.78999999999999,3.6746666666666665,0.44717081086223026,0.05038100176877825,0.0,0.0,0.01636001868583399,0.01,top_10,,True,,
218,106,0.48623853211009177,218.0,5.830000000000001,0.02674311926605505,3.4733999999999994,0.015933027522935777,-18.38,2.5242660550458713,0.5192843534239139,0.0632674734186299,0.0,0.0,0.023569234007642208,0.03,top_10,5.0,True,Hard,
44,14,0.3181818181818182,44.0,1.31,0.029772727272727274,0.6837999999999997,0.015540909090909084,-7.0,3.434772727272727,0.3770818761092647,0.07268229127958692,0.0,0.0,0.0223995438996415,0.075,top_10,5.0,False,Grass,
9,4,0.4444444444444444,9.0,0.2400000000000002,0.02666666666666669,0.1352000000000002,0.015022222222222246,-4.0,2.4233333333333333,0.4552356206050503,0.0624240215590846,0.0,0.0,0.01756652722739866,0.05,other,3.0,True,Grass,
38,18,0.47368421052631576,38.0,0.9099999999999995,0.023947368421052617,0.4917999999999989,0.012942105263157866,-5.18,2.2473684210526317,0.4967692549268351,0.05481114951744485,0.0,0.0,0.015106344087542826,0.02,,3.0,True,Grass,
316,124,0.3924050632911392,316.0,8.000000000000009,0.02531645569620256,4.0000000000000036,0.012658227848101278,-20.89,3.399462025316456,0.4216407063982646,0.06294845441580349,0.0,0.0,0.022268353005680575,0.05,top_10,10.0,True,,
249,101,0.40562248995983935,249.0,6.129999999999998,0.024618473895582322,3.0473999999999957,0.012238554216867453,-14.2,2.978835341365462,0.41084085882204296,0.035878377551187175,0.0,0.0,0.008311579336363457,0.01,other,10.0,False,Clay,
845,235,0.2781065088757396,845.0,22.24000000000001,0.026319526627218946,9.595200000000048,0.011355266272189406,-81.21000000000004,6.1212307692307695,0.3331522657207251,0.048573098463059315,0.0,0.0,0.015177523858991362,0.05,,,False,,
224,97,0.4330357142857143,224.0,4.839999999999998,0.02160714285714285,2.203199999999997,0.009835714285714272,-16.220000000000002,2.5670089285714286,0.43819417066369165,0.03778258489286589,0.0,0.0,0.00888020275163856,0.01,other,5.0,False,Clay,
223,86,0.38565022421524664,223.0,4.74,0.02125560538116592,1.9051999999999998,0.008543497757847532,-24.249999999999996,3.0870403587443938,0.42719040706055555,0.0731615372700408,0.0,0.0,0.02509417569417224,0.075,top_10,5.0,False,,
51,18,0.35294117647058826,51.0,1.0700000000000007,0.02098039215686276,0.3886000000000003,0.00761960784313726,-10.51,3.6715686274509802,0.35195673648634934,0.05252936856754877,0.0,0.0,0.013872927275621259,0.03,top_10,10.0,True,Grass,
42,14,0.3333333333333333,42.0,0.8699999999999992,0.020714285714285696,0.2926000000000011,0.006966666666666692,-9.0,4.225476190476191,0.3204978118266319,0.05388276444050906,0.0,0.0,0.014186151515985825,0.05,top_10,,True,Grass,
50,25,0.5,50.0,0.7500000000000007,0.015000000000000013,0.23500000000000076,0.004700000000000015,-7.08,2.1394,0.5575244891727867,0.07851290829228123,0.0,0.0,0.030428549866980917,0.05,top_10,3.0,False,Clay,
146,68,0.4657534246575342,146.0,2.25,0.015410958904109588,0.644999999999996,0.004417808219178055,-10.239999999999998,2.2818493150684933,0.5205436462824816,0.07924263862275664,0.0,0.0,0.030517337444190874,0.075,,3.0,True,,
150,41,0.2733333333333333,150.0,2.8400000000000007,0.018933333333333337,0.6032000000000002,0.004021333333333334,-27.89,7.631733333333333,0.29162249980197763,0.05736954344077188,0.0,0.0,0.018496501520296086,0.1,top_10,,False,Hard,
514,249,0.48443579766536965,514.0,7.420000000000011,0.014435797665369671,1.971599999999997,0.0038357976653696437,-29.850000000000012,2.5503307392996106,0.5117255219125123,0.05576000587561626,0.0,0.0,0.018672518634571627,0.01,top_10,5.0,True,,
339,122,0.35988200589970504,339.0,5.659999999999998,0.016696165191740407,1.2067999999999977,0.003559882005899698,-20.78,3.9882005899705013,0.3941267465681403,0.055498030737795745,0.0,0.0,0.018105887704917528,0.05,,,True,Hard,
260,128,0.49230769230769234,260.0,3.5000000000000027,0.013461538461538471,0.7899999999999991,0.003038461538461535,-20.23,2.502,0.5250043098512607,0.06273880584123807,0.0,0.0,0.023808545284729993,0.03,top_10,5.0,False,Hard,
78,27,0.34615384615384615,78.0,1.180000000000001,0.015128205128205141,0.13640000000000274,0.0017487179487179838,-11.0,3.1612820512820514,0.3905888842757017,0.06154196267677657,0.0,0.0,0.0178591573786539,0.05,,5.0,False,Grass,
223,137,0.6143497757847534,223.0,1.8499999999999996,0.008295964125560537,0.0929999999999982,0.00041704035874438655,-11.34,1.807354260089686,0.6356438734117584,0.06828099696528514,0.0,0.0,0.027398710393599552,0.02,top_10,3.0,False,Hard,
174,88,0.5057471264367817,174.0,1.8100000000000023,0.010402298850574726,0.05379999999999585,0.00030919540229882675,-12.440000000000001,2.147183908045977,0.54397555214981,0.07057869456157266,0.0,0.0,0.026464980186476604,0.05,,3.0,True,Hard,
717,320,0.44630404463040446,717.0,8.309999999999995,0.011589958158995809,0.20379999999999399,0.0002842398884239805,-39.42999999999999,2.565801952580195,0.4672060566012867,0.045448934069926644,0.0,0.0,0.01247443242311059,0.01,,5.0,True,Hard,
124,43,0.3467741935483871,124.0,1.6599999999999984,0.013387096774193535,0.006799999999999251,5.483870967741332e-05,-21.71,3.7795161290322583,0.4271457215558703,0.058689311935507506,0.0,0.0,0.020639372249285623,0.03,top_10,,True,Clay,
172,69,0.4011627906976744,172.0,2.009999999999997,0.01168604651162789,-0.09019999999999939,-0.0005244186046511592,-19.22,3.5221511627906974,0.4600283810499311,0.05270844785210569,0.0,0.0,0.01789460322183549,0.01,top_10,,True,Clay,
1145,506,0.44192139737991265,1145.0,11.520000000000003,0.010061135371179041,-1.4903999999999975,-0.001301659388646286,-45.299999999999976,2.59861135371179,0.46303169143016615,0.04582999684922209,0.0,0.0,0.012702966001665579,0.01,,5.0,True,,
333,151,0.45345345345345345,333.0,3.249999999999999,0.009759759759759757,-0.45500000000000007,-0.0013663663663663666,-15.58,2.551891891891892,0.4729191964755941,0.046502980933602216,0.0,0.0,0.013640535563664236,0.01,,5.0,True,Clay,
251,128,0.5099601593625498,251.0,2.070000000000002,0.008247011952191243,-0.4314000000000018,-0.0017187250996016008,-13.29,2.114103585657371,0.5334233781411567,0.04924720322594778,0.0,0.0,0.015406995095545021,0.01,,3.0,True,Clay,
648,319,0.49228395061728397,648.0,3.860000000000001,0.005956790123456792,-2.7971999999999984,-0.004316666666666664,-35.129999999999995,2.5166203703703705,0.5212702262687582,0.055745008362061255,0.0,0.0,0.019184438192730146,0.01,top_10,5.0,False,,
631,257,0.40729001584786056,631.0,4.099999999999998,0.006497622820919173,-3.4620000000000086,-0.005486529318542011,-36.750000000000014,2.6379397781299523,0.42336666945247053,0.03774120978176313,0.0,0.0,0.007840287628743696,0.01,other,5.0,True,,
214,109,0.5093457943925234,214.0,0.8600000000000012,0.004018691588785052,-1.257200000000001,-0.005874766355140192,-13.969999999999995,2.1221028037383176,0.5383845845128763,0.054622006462930306,0.0,0.0,0.01938256567404082,0.02,,3.0,False,Clay,
20,8,0.4,20.0,0.1200000000000001,0.006000000000000005,-0.12240000000000073,-0.006120000000000037,-4.83,2.4420000000000006,0.4887900937002259,0.060519754972002,0.0,0.0,0.03008892244369323,0.075,other,3.0,False,Clay,
540,252,0.4666666666666667,540.0,2.380000000000001,0.0044074074074074085,-3.4275999999999964,-0.006347407407407401,-33.06999999999999,2.634962962962963,0.5001268346767219,0.058900020409993994,0.0,0.0,0.02098978244580683,0.02,top_10,5.0,False,,
225,93,0.41333333333333333,225.0,1.230000000000004,0.005466666666666685,-1.4345999999999979,-0.00637599999999999,-22.93,3.4482222222222223,0.44011691366789074,0.06345433636894768,0.0,0.0,0.023696069979322974,0.05,top_10,10.0,False,Hard,
434,200,0.4608294930875576,434.0,1.4800000000000013,0.0034101382488479293,-3.2295999999999996,-0.007441474654377879,-28.499999999999993,2.65315668202765,0.4941874348172686,0.05879812743386724,0.0,0.0,0.0204490547555349,0.02,top_10,5.0,True,,
161,59,0.36645962732919257,161.0,0.8300000000000005,0.005155279503105593,-1.2266000000000021,-0.007618633540372684,-18.369999999999994,3.273913043478261,0.405298266377994,0.07791123093960164,0.0,0.0,0.025847174090564785,0.1,top_10,5.0,False,,
304,156,0.5131578947368421,304.0,-0.22999999999999687,-0.0007565789473684108,-3.1853999999999996,-0.01047828947368421,-17.880000000000003,2.099046052631579,0.5390349655596334,0.04890580152535798,0.0,0.0,0.015739842722305893,0.01,,3.0,False,Clay,
185,111,0.6,185.0,-0.5100000000000007,-0.0027567567567567605,-1.9798000000000018,-0.01070162162162163,-11.930000000000001,1.8284864864864865,0.6287142060484906,0.0687855156338626,0.0,0.0,0.026977944156588243,0.02,top_10,3.0,True,Hard,
109,38,0.3486238532110092,109.0,0.12000000000000322,0.0011009174311926901,-1.3023999999999978,-0.011948623853210988,-16.259999999999998,3.9191743119266054,0.37144342354724524,0.07097762979591962,0.0,0.0,0.02357792511199006,0.1,top_10,10.0,False,Hard,
102,47,0.46078431372549017,102.0,-0.14000000000000012,-0.0013725490196078445,-1.2372000000000023,-0.012129411764705904,-10.85,2.331764705882353,0.5182772921898374,0.08897317861383652,0.0,0.0,0.03506867579425117,0.1,,3.0,False,,
49,23,0.46938775510204084,49.0,-0.0900000000000003,-0.0018367346938775572,-0.6082000000000007,-0.0124122448979592,-6.59,2.2291836734693877,0.493227339732361,0.049750225344547185,0.0,0.0,0.012541325633721099,0.01,,3.0,True,Grass,
574,249,0.4337979094076655,574.0,-0.7200000000000077,-0.0012543554006968776,-7.205600000000004,-0.012553310104529624,-39.8,2.606707317073171,0.46295924339303646,0.04901358633713532,0.0,0.0,0.01448430512414293,0.02,,5.0,True,Hard,
95,35,0.3684210526315789,95.0,-0.03999999999999959,-0.00042105263157894305,-1.239199999999998,-0.01304421052631577,-16.88,3.0099999999999993,0.3968679124004716,0.04634703171928795,0.0,0.0,0.01114136507196423,0.01,,5.0,True,Grass,
277,134,0.48375451263537905,277.0,-0.8299999999999974,-0.0029963898916967415,-3.6734000000000044,-0.01326137184115525,-16.970000000000002,2.1916606498194944,0.5321186935514165,0.06901164268669402,0.0,0.0,0.02567356186934274,0.05,,3.0,True,,
177,88,0.4971751412429379,177.0,-0.6299999999999999,-0.0035593220338983045,-2.3974,-0.013544632768361584,-10.350000000000001,2.139435028248588,0.5326088534241534,0.05498271649511486,0.0,0.0,0.018924386689173973,0.02,,3.0,True,Clay,
480,213,0.44375,480.0,-1.660000000000002,-0.003458333333333337,-6.966799999999999,-0.014514166666666665,-27.04,2.3064583333333335,0.4652774677361889,0.04040341214045399,0.0,0.0,0.008699642114909959,0.01,other,3.0,True,,
156,60,0.38461538461538464,156.0,-0.36000000000000076,-0.0023076923076923127,-2.272800000000003,-0.014569230769230787,-16.580000000000002,2.914551282051282,0.43687891551598823,0.06847812087472084,0.0,0.0,0.02334961661101895,0.075,,5.0,True,Hard,
179,107,0.5977653631284916,179.0,-1.3300000000000003,-0.007430167597765365,-2.7434000000000003,-0.015326256983240225,-11.459999999999999,1.8221787709497208,0.6350042677417426,0.0734994879558405,0.0,0.0,0.030600943760417377,0.03,top_10,3.0,False,Hard,
264,112,0.42424242424242425,264.0,-1.0699999999999985,-0.004053030303030297,-4.088599999999998,-0.015487121212121204,-22.379999999999995,3.214962121212121,0.4615367661976245,0.05849212952270815,0.0,0.0,0.020905877042823214,0.03,top_10,10.0,True,Hard,
444,178,0.4009009009009009,444.0,-1.7899999999999965,-0.004031531531531523,-7.074200000000005,-0.015932882882882894,-30.229999999999997,2.8417567567567574,0.44303212519212687,0.06107253159021458,0.0,0.0,0.020399538788323096,0.05,,5.0,True,,
130,47,0.36153846153846153,130.0,-0.549999999999998,-0.004230769230769216,-2.1990000000000003,-0.016915384615384617,-15.109999999999996,3.2812307692307696,0.40338064064746804,0.07697077197098663,0.0,0.0,0.025519014950451304,0.1,top_10,5.0,True,,
175,80,0.45714285714285713,175.0,-1.459999999999999,-0.008342857142857138,-3.3308000000000035,-0.019033142857142877,-11.740000000000002,2.275657142857143,0.5218293545174533,0.07955496386814594,0.0,0.0,0.030634693631104284,0.075,,3.0,False,,
53,22,0.41509433962264153,53.0,-0.40999999999999925,-0.007735849056603759,-1.0218000000000003,-0.019279245283018873,-8.75,2.37188679245283,0.5049179701325684,0.07548603640994152,0.0,0.0,0.03083727672693483,0.075,,3.0,False,Clay,
285,162,0.5684210526315789,285.0,-3.1199999999999983,-0.010947368421052626,-5.517600000000002,-0.019360000000000006,-14.34,1.9060000000000001,0.612459091835773,0.07210230400252084,0.0,0.0,0.029516410058294987,0.03,top_10,3.0,False,,
84,38,0.4523809523809524,84.0,-0.760000000000002,-0.009047619047619072,-1.6648000000000014,-0.019819047619047635,-10.7,2.298690476190476,0.4837510565839023,0.049158492188422984,0.0,0.0,0.01602819985916031,0.03,other,3.0,False,Clay,
38,13,0.34210526315789475,38.0,-0.26999999999999913,-0.007105263157894714,-0.7645999999999988,-0.020121052631578918,-7.0,3.960789473684211,0.33359548112713755,0.061327203694693536,0.0,0.0,0.017072320929257485,0.075,,10.0,True,Grass,
38,13,0.34210526315789475,38.0,-0.26999999999999913,-0.007105263157894714,-0.7645999999999988,-0.020121052631578918,-7.0,3.960789473684211,0.33359548112713755,0.061327203694693536,0.0,0.0,0.017072320929257485,0.075,,,True,Grass,
452,204,0.45132743362831856,452.0,-4.460000000000003,-0.009867256637168148,-9.3308,-0.020643362831858407,-31.089999999999996,2.6810398230088492,0.4931867257384031,0.06274800777758088,0.0,0.0,0.022831243851744235,0.03,top_10,5.0,False,,
348,202,0.5804597701149425,348.0,-4.630000000000001,-0.013304597701149428,-7.457400000000002,-0.02142931034482759,-16.459999999999994,1.8748275862068966,0.6185211348410633,0.06755648716788812,0.0,0.0,0.02693298292447666,0.02,top_10,3.0,False,,
149,87,0.5838926174496645,149.0,-2.1999999999999984,-0.014765100671140929,-3.396000000000001,-0.022791946308724838,-12.01,1.843020134228188,0.6286594851800594,0.07407229658834985,0.0,0.0,0.0302861494041594,0.03,top_10,3.0,True,Hard,
847,376,0.44391971664698937,847.0,-10.389999999999995,-0.012266824085005897,-19.602200000000014,-0.023143093270366014,-41.99,2.555005903187721,0.4732406632096527,0.04528759642865049,0.0,0.0,0.012772504574270739,0.01,,5.0,False,Hard,
22,9,0.4090909090909091,22.0,-0.2899999999999987,-0.013181818181818123,-0.5441999999999996,-0.024736363636363615,-6.92,2.433636363636364,0.5155846835139509,0.08886257949220742,0.0,0.0,0.04211926622395687,0.1,,3.0,True,Clay,
274,169,0.6167883211678832,274.0,-4.890000000000002,-0.017846715328467162,-6.892199999999997,-0.025154014598540136,-14.7,1.7557664233576642,0.6479609466766485,0.06382153244009044,0.0,0.0,0.02435537541348539,0.01,top_10,3.0,False,Hard,
363,155,0.42699724517906334,363.0,-5.369999999999997,-0.01479338842975206,-9.422600000000001,-0.02595757575757576,-18.700000000000003,2.8378787878787883,0.45059271958153113,0.04439557939308364,0.0,0.0,0.013310693409541292,0.01,,10.0,True,Clay,
350,151,0.43142857142857144,350.0,-5.409999999999993,-0.015457142857142838,-9.281800000000008,-0.026519428571428593,-23.61,2.329485714285714,0.46467315563706946,0.0440594781451068,0.0,0.0,0.010667936856130813,0.02,other,3.0,True,,
824,413,0.5012135922330098,824.0,-14.129999999999994,-0.017148058252427177,-22.067400000000006,-0.026780825242718454,-35.44,2.111480582524272,0.5316486935190186,0.04992735898310224,0.0,0.0,0.014806076430635426,0.01,,3.0,True,,
33,14,0.42424242424242425,33.0,-0.5299999999999994,-0.016060606060606043,-0.8993999999999982,-0.0272545454545454,-6.140000000000001,2.3293939393939396,0.5146924406976244,0.08455651000869273,0.0,0.0,0.031290824777384284,0.075,top_10,3.0,False,Clay,
56,19,0.3392857142857143,56.0,-0.8499999999999979,-0.01517857142857139,-1.5729999999999968,-0.028089285714285657,-9.879999999999999,3.733392857142857,0.3402873931849264,0.05396305338702272,0.0,0.0,0.014173348697071103,0.05,,10.0,True,Grass,
366,163,0.4453551912568306,366.0,-6.519999999999998,-0.01781420765027322,-10.449599999999998,-0.028550819672131144,-25.069999999999993,2.686803278688525,0.48995289185148755,0.0625408649668924,0.0,0.0,0.0223138693021793,0.03,top_10,5.0,True,,
901,381,0.42286348501664817,901.0,-16.66,-0.01849056603773585,-26.726800000000008,-0.029663485016648176,-46.50000000000001,2.6573140954495007,0.45697166616601326,0.04966893361881133,0.0,0.0,0.014801993514014887,0.02,,5.0,True,,
389,171,0.43958868894601544,389.0,-7.489999999999998,-0.019254498714652953,-11.700199999999999,-0.030077634961439587,-27.28,3.190411311053984,0.4658447346760391,0.053767596558403255,0.0,0.0,0.01891912036930255,0.02,top_10,10.0,False,Hard,
224,135,0.6026785714285714,224.0,-5.09,-0.022723214285714284,-6.7682,-0.030215178571428573,-15.15,1.7835267857142856,0.6385488394370414,0.06441863260948115,0.0,0.0,0.023871628151276154,0.01,top_10,3.0,True,Hard,
53,18,0.33962264150943394,53.0,-0.9299999999999993,-0.01754716981132074,-1.6113999999999997,-0.030403773584905654,-10.51,4.206037735849057,0.3409086838068521,0.05074664224403396,0.0,0.0,0.013380028228144991,0.03,top_10,,True,Grass,
201,101,0.5024875621890548,201.0,-4.25,-0.021144278606965175,-6.165,-0.030671641791044778,-13.719999999999999,2.1290049751243783,0.5503808087882663,0.07068209006094094,0.0,0.0,0.02714815897266445,0.05,,3.0,False,Hard,
628,309,0.49203821656050956,628.0,-13.21,-0.021035031847133758,-19.325800000000005,-0.030773566878980897,-30.51,2.13828025477707,0.5295712248539309,0.05457854921615777,0.0,0.0,0.01760464480611187,0.02,,3.0,True,,
511,211,0.41291585127201563,511.0,-10.37,-0.020293542074363992,-16.162599999999987,-0.03162935420743637,-31.219999999999995,3.1771037181996085,0.44946497388158185,0.05445767961588817,0.0,0.0,0.01868635922760133,0.02,top_10,10.0,True,,
599,260,0.4340567612687813,599.0,-12.429999999999996,-0.020751252086811344,-18.961399999999994,-0.03165509181969949,-32.57,3.0613689482470785,0.4667076763103514,0.051850929563891715,0.0,0.0,0.017158039622531537,0.01,top_10,10.0,True,,
1412,614,0.4348441926345609,1412.0,-29.360000000000014,-0.020793201133144486,-44.73280000000001,-0.03168045325779038,-76.37,2.5980169971671385,0.4674367234224514,0.045701654617106235,0.0,0.0,0.012997918243444607,0.01,,5.0,False,,
400,156,0.39,400.0,-7.990000000000002,-0.019975000000000007,-12.710200000000002,-0.031775500000000005,-25.690000000000005,2.669125,0.41557576752138453,0.037419395947639565,0.0,0.0,0.007325011930837666,0.01,other,5.0,True,Hard,
463,210,0.4535637149028078,463.0,-9.949999999999998,-0.02149028077753779,-14.811,-0.03198920086393089,-29.43,3.0875161987041038,0.4799138629700986,0.0507863078751108,0.0,0.0,0.017169356553366693,0.01,top_10,10.0,False,Hard,
439,262,0.5968109339407744,439.0,-10.760000000000002,-0.024510250569476085,-14.0848,-0.03208382687927107,-21.20000000000001,1.8080865603644647,0.6343495048361167,0.06271082005082826,0.0,0.0,0.023794299945394285,0.01,top_10,3.0,False,,
15,7,0.4666666666666667,15.0,-0.3299999999999996,-0.021999999999999974,-0.4833999999999996,-0.03222666666666664,-4.449999999999999,2.267333333333333,0.49207742079090727,0.05713417763963156,0.0,0.0,0.01569849084511583,0.03,other,3.0,True,Grass,
28,9,0.32142857142857145,28.0,-0.5399999999999991,-0.019285714285714257,-0.9091999999999985,-0.03247142857142852,-6.989999999999999,4.176785714285715,0.3267710241714998,0.06682161705532634,0.0,0.0,0.019098127175998205,0.1,,10.0,True,Grass,
28,9,0.32142857142857145,28.0,-0.5399999999999991,-0.019285714285714257,-0.9091999999999985,-0.03247142857142852,-6.989999999999999,4.176785714285715,0.3267710241714998,0.06682161705532634,0.0,0.0,0.019098127175998205,0.1,,,True,Grass,
407,182,0.44717444717444715,407.0,-8.93,-0.02194103194103194,-13.2514,-0.03255872235872236,-29.689999999999998,2.554889434889435,0.4751477004330148,0.045929872699902806,0.0,0.0,0.013788883536747554,0.01,,5.0,False,Clay,
35,15,0.42857142857142855,35.0,-0.7600000000000002,-0.02171428571428572,-1.1448000000000005,-0.03270857142857144,-8.0,2.3008571428571423,0.491648489233935,0.06691807030373531,0.0,0.0,0.021636591673572993,0.05,,3.0,False,Grass,
670,289,0.43134328358208956,670.0,-14.78,-0.022059701492537314,-22.104400000000012,-0.032991641791044794,-39.91,2.607537313432836,0.466108784576689,0.04879490641694124,0.0,0.0,0.014753356010458681,0.02,,5.0,False,Hard,
311,129,0.41479099678456594,311.0,-6.919999999999998,-0.022250803858520893,-10.421600000000003,-0.033509967845659176,-25.38,2.7658520900321544,0.4581972782891251,0.060895558884572876,0.0,0.0,0.021116042147569743,0.05,,5.0,False,Hard,
138,57,0.41304347826086957,138.0,-3.110000000000002,-0.022536231884057987,-4.667800000000002,-0.03382463768115944,-11.520000000000001,2.88731884057971,0.42739817941962216,0.041164472714476624,0.0,0.0,0.011013489994069802,0.02,other,10.0,True,Clay,
100,30,0.3,100.0,-2.16,-0.0216,-3.5168,-0.035168,-15.57,3.9103999999999997,0.34393460929595876,0.05405327738692798,0.0,0.0,0.015220474190635984,0.05,,10.0,False,Grass,
847,334,0.39433293978748524,847.0,-20.520000000000007,-0.024226682408500597,-30.369600000000005,-0.03585548996458088,-54.42,3.387461629279811,0.4205177481219715,0.0422049957272384,0.0,0.0,0.011318773520949755,0.01,,,True,Hard,
161,79,0.4906832298136646,161.0,-4.25,-0.026397515527950312,-5.805,-0.03605590062111801,-14.840000000000002,2.148695652173913,0.5375996558872695,0.05962487244214964,0.0,0.0,0.022607945118737705,0.03,,3.0,False,Clay,
278,158,0.5683453237410072,278.0,-7.800000000000001,-0.028057553956834534,-10.044,-0.0361294964028777,-15.789999999999997,1.8975539568345323,0.6112774271053752,0.06782198401784063,0.0,0.0,0.026337910210764284,0.02,top_10,3.0,True,,
1870,650,0.34759358288770054,1870.0,-45.499999999999986,-0.02433155080213903,-68.98999999999994,-0.03689304812834221,-132.31000000000006,4.640288770053476,0.38580590440956386,0.03959526666908533,0.0,0.0,0.010759541480972922,0.01,,,False,,
31,11,0.3548387096774194,31.0,-0.7599999999999998,-0.02451612903225806,-1.144800000000001,-0.03692903225806455,-8.32,2.938709677419354,0.41928186953922325,0.05354994062555803,0.0,0.0,0.022748857038512312,0.075,other,5.0,False,Clay,
323,120,0.3715170278637771,323.0,-8.189999999999996,-0.025356037151702773,-12.086199999999998,-0.03741857585139318,-24.76,3.4381733746130037,0.40915270252390706,0.05700379631980904,0.0,0.0,0.018710583784791283,0.05,,10.0,True,Hard,
214,66,0.308411214953271,214.0,-5.600000000000003,-0.026168224299065436,-8.448000000000002,-0.0394766355140187,-24.42,4.583364485981308,0.36206934949865865,0.060080933265792016,0.0,0.0,0.01947199439477622,0.075,,,True,Hard,
524,262,0.5,524.0,-16.11,-0.030744274809160303,-21.027800000000006,-0.04012938931297711,-31.400000000000002,2.099217557251909,0.5343914425560216,0.050269722806260575,0.0,0.0,0.01473001193475087,0.01,,3.0,True,Hard,
1518,491,0.32345191040843213,1518.0,-41.47999999999999,-0.027325428194993406,-61.1904,-0.0403098814229249,-120.02,4.984380764163372,0.3694893512356954,0.0419578130337925,0.0,0.0,0.012098590843589559,0.02,,,False,,
688,262,0.3808139534883721,688.0,-19.929999999999996,-0.02896802325581395,-28.051400000000005,-0.04077238372093024,-48.769999999999996,3.4971366279069764,0.41332276089909786,0.04524681698114793,0.0,0.0,0.013003386231926671,0.02,,,True,Hard,
33,15,0.45454545454545453,33.0,-1.020000000000001,-0.030909090909090938,-1.3596000000000013,-0.041200000000000035,-7.1,2.156060606060606,0.5328225764348599,0.06383088007898616,0.0,0.0,0.021213070186499015,0.02,top_10,3.0,False,Grass,
413,203,0.4915254237288136,413.0,-13.490000000000002,-0.0326634382566586,-17.42020000000001,-0.04217966101694917,-30.239999999999995,2.1277481840193704,0.5312874829660381,0.05438393318752746,0.0,0.0,0.017268909004667883,0.02,,3.0,True,Hard,
231,128,0.5541125541125541,231.0,-7.890000000000001,-0.03415584415584416,-9.792200000000003,-0.0423904761904762,-15.049999999999999,1.9235064935064934,0.6071231762792889,0.07203542196376995,0.0,0.0,0.028831542471131653,0.03,top_10,3.0,True,,
338,161,0.47633136094674555,338.0,-11.470000000000002,-0.03393491124260356,-14.780600000000007,-0.04372958579881659,-21.53,2.1789349112426035,0.535831306878526,0.06882609725689226,0.0,0.0,0.0260256416262388,0.05,,3.0,False,,
344,200,0.5813953488372093,344.0,-12.469999999999999,-0.03625,-15.1006,-0.04389709302325581,-18.92,1.8394186046511627,0.6242597062392461,0.06321658713563467,0.0,0.0,0.02332668245257794,0.01,top_10,3.0,True,,
824,332,0.4029126213592233,824.0,-27.369999999999997,-0.03321601941747573,-36.662600000000005,-0.04449344660194175,-61.02000000000001,3.0612985436893205,0.4298933550719439,0.04285440459573938,0.0,0.0,0.01151583620130369,0.01,,10.0,True,Hard,
439,184,0.4191343963553531,439.0,-14.949999999999998,-0.03405466970387243,-19.751000000000005,-0.04499088838268794,-36.349999999999994,2.634396355353075,0.46495110132617706,0.05362156957038806,0.0,0.0,0.016917257676687503,0.03,,5.0,True,Hard,
57,19,0.3333333333333333,57.0,-1.8499999999999979,-0.032456140350877155,-2.572999999999997,-0.045140350877192925,-9.879999999999999,3.9901754385964914,0.33533596424899303,0.05312055000762563,0.0,0.0,0.013941481750835944,0.05,,,True,Grass,
153,42,0.27450980392156865,153.0,-4.800000000000004,-0.03137254901960787,-6.924000000000001,-0.04525490196078432,-26.65,4.942418300653595,0.3379604769663504,0.06271691646072491,0.0,0.0,0.019882869749599116,0.1,,,True,Hard,
148,54,0.36486486486486486,148.0,-4.9599999999999955,-0.03351351351351348,-6.740800000000004,-0.04554594594594597,-24.710000000000004,3.7740540540540537,0.39506613544311514,0.06756466932369921,0.0,0.0,0.023416582348372454,0.075,top_10,10.0,False,Hard,
154,65,0.42207792207792205,154.0,-5.460000000000004,-0.03545454545454548,-7.130800000000001,-0.04630389610389611,-12.149999999999999,2.5556493506493503,0.44613679238163295,0.042298495972799215,0.0,0.0,0.011508239823241456,0.02,other,5.0,False,Clay,
54,24,0.4444444444444444,54.0,-1.9499999999999993,-0.0361111111111111,-2.511000000000002,-0.046500000000000034,-8.030000000000001,2.234814814814815,0.5021702389171517,0.05963444797195832,0.0,0.0,0.01818514122457862,0.03,,3.0,False,Grass,
92,43,0.4673913043478261,92.0,-3.370000000000001,-0.0366304347826087,-4.282600000000002,-0.04655000000000002,-12.91,2.2190217391304348,0.5337856540674756,0.08122808624777425,0.0,0.0,0.030906720350014315,0.075,,3.0,True,Hard,
474,230,0.48523206751054854,474.0,-17.779999999999994,-0.03751054852320674,-22.304400000000005,-0.04705569620253165,-22.540000000000006,2.1422995780590717,0.534548471867004,0.059851751550772124,0.0,0.0,0.02070796678032863,0.03,,3.0,True,,
1296,522,0.4027777777777778,1296.0,-46.78000000000001,-0.036095679012345686,-61.32439999999998,-0.0473182098765432,-78.47000000000001,3.027253086419753,0.4306230949014393,0.04334138439209911,0.0,0.0,0.011915581073988579,0.01,,10.0,True,,
300,127,0.42333333333333334,300.0,-11.020000000000003,-0.03673333333333335,-14.259599999999999,-0.047532,-22.390000000000004,2.3349333333333333,0.4566205862181934,0.039705203486522546,0.0,0.0,0.007904271826411992,0.01,other,3.0,True,Hard,
268,97,0.3619402985074627,268.0,-9.750000000000005,-0.036380597014925395,-12.975000000000001,-0.048414179104477616,-23.550000000000004,3.0359701492537314,0.4202513977963872,0.0678519023727282,0.0,0.0,0.022910809021486536,0.075,,5.0,True,,
24,5,0.20833333333333334,24.0,-0.7999999999999998,-0.033333333333333326,-1.1640000000000006,-0.04850000000000002,-7.0,9.724583333333333,0.1865578455146358,0.04091347923796973,0.0,0.0,0.010695424517390908,0.1,other,,False,Grass,
467,181,0.3875802997858672,467.0,-18.14,-0.03884368308351178,-23.4972,-0.050315203426124194,-37.97999999999999,2.6611777301927195,0.42238570557790867,0.041184843435226166,0.0,0.0,0.009553975143951322,0.02,other,5.0,True,,
1232,371,0.30113636363636365,1232.0,-45.69999999999996,-0.03709415584415581,-62.00600000000003,-0.05032954545454548,-110.00000000000003,5.351014610389611,0.35766241825308703,0.04450857386492943,0.0,0.0,0.013415712219532238,0.03,,,False,,
243,102,0.41975308641975306,243.0,-9.89,-0.04069958847736626,-12.512200000000005,-0.05149053497942389,-21.209999999999997,2.350288065843621,0.4655577034750788,0.04826974387421865,0.0,0.0,0.012985555321170206,0.03,other,3.0,True,,
308,115,0.37337662337662336,308.0,-12.290000000000001,-0.039902597402597405,-15.904200000000003,-0.051637012987012995,-33.0,2.701525974025974,0.4120000161682758,0.04035688359854258,0.0,0.0,0.008678733216419342,0.02,other,5.0,True,Hard,
755,370,0.4900662251655629,755.0,-33.14,-0.04389403973509934,-40.177200000000006,-0.0532148344370861,-51.66999999999999,2.116066225165563,0.5366304516091215,0.05481188472356837,0.0,0.0,0.018197640028781208,0.02,,3.0,False,,
549,214,0.38979963570127507,549.0,-23.0,-0.04189435336976321,-29.240000000000002,-0.05326047358834245,-41.870000000000005,2.848615664845173,0.4433890717170245,0.06070189478560701,0.0,0.0,0.020508073280980355,0.05,,5.0,False,,
77,41,0.5324675324675324,77.0,-3.4899999999999998,-0.04532467532467532,-4.140199999999998,-0.05376883116883115,-9.33,1.985064935064935,0.596343582400034,0.07104274180985143,0.0,0.0,0.02978584903827668,0.03,top_10,3.0,False,Clay,
398,149,0.3743718592964824,398.0,-16.86,-0.04236180904522613,-21.5028,-0.054027135678391965,-39.75999999999999,3.471231155778895,0.4175811638943662,0.06240520884656323,0.0,0.0,0.022263535290223478,0.05,top_10,10.0,False,,
1004,501,0.499003984063745,1004.0,-45.13999999999999,-0.044960159362549795,-54.29719999999999,-0.05408087649402389,-60.26,2.081653386454183,0.5413969952469089,0.05009592288292963,0.0,0.0,0.015327168085493191,0.01,,3.0,False,,
667,260,0.38980509745127434,667.0,-28.779999999999994,-0.04314842578710644,-36.34440000000001,-0.05448935532233884,-55.279999999999994,3.1428035982008997,0.4235824228490933,0.046027155299213654,0.0,0.0,0.013266444256540506,0.02,,10.0,True,Hard,
764,295,0.38612565445026176,764.0,-33.22,-0.04348167539267016,-41.93560000000001,-0.05488952879581153,-62.80999999999996,2.6670549738219895,0.42177689378317557,0.037183207985259564,0.0,0.0,0.007750712841432786,0.01,other,5.0,False,,
1102,458,0.41560798548094374,1102.0,-49.300000000000004,-0.044736842105263165,-61.194,-0.055529945553539024,-75.47999999999999,2.668294010889292,0.4585347358241148,0.04949829671198954,0.0,0.0,0.015085293014408337,0.02,,5.0,False,,
177,68,0.384180790960452,177.0,-7.859999999999999,-0.04440677966101694,-9.882800000000003,-0.05583502824858759,-13.420000000000005,3.1040112994350286,0.4094624736680698,0.039321386564998444,0.0,0.0,0.010457362542926146,0.02,other,10.0,False,Clay,
109,38,0.3486238532110092,109.0,-4.79,-0.043944954128440364,-6.1142,-0.05609357798165138,-17.1,3.0626605504587157,0.4001449516496557,0.05478603544526324,0.0,0.0,0.015240528292799446,0.03,,5.0,False,Grass,
103,48,0.46601941747572817,103.0,-4.919999999999998,-0.04776699029126212,-5.921600000000002,-0.05749126213592235,-11.98,2.2223300970873785,0.5327496492737794,0.08108926260249205,0.0,0.0,0.030755852499947636,0.075,,3.0,False,Hard,
247,104,0.42105263157894735,247.0,-11.589999999999996,-0.04692307692307691,-14.218200000000005,-0.05756356275303646,-16.720000000000002,2.64336032388664,0.46374913785495314,0.051148064131684136,0.0,0.0,0.01622927759455614,0.02,,5.0,True,Clay,
24,7,0.2916666666666667,24.0,-1.0799999999999983,-0.04499999999999993,-1.3983999999999988,-0.05826666666666661,-8.0,4.24625,0.3133448802347345,0.06565205490849906,0.0,0.0,0.01847460741423875,0.1,top_10,10.0,True,Grass,
24,7,0.2916666666666667,24.0,-1.0799999999999983,-0.04499999999999993,-1.3983999999999988,-0.05826666666666661,-8.0,4.24625,0.3133448802347345,0.06565205490849906,0.0,0.0,0.01847460741423875,0.1,top_10,,True,Grass,
133,63,0.47368421052631576,133.0,-6.569999999999998,-0.04939849624060148,-7.838600000000005,-0.0589368421052632,-13.809999999999999,2.1589473684210527,0.5346077601049931,0.06029096330385787,0.0,0.0,0.022348557713691812,0.03,,3.0,True,Clay,
309,150,0.4854368932038835,309.0,-15.59,-0.05045307443365696,-18.4582,-0.059735275080906154,-23.04,2.1229126213592235,0.538500185966723,0.05987955941503103,0.0,0.0,0.02044672656439177,0.03,,3.0,True,Hard,
467,176,0.37687366167023556,467.0,-22.690000000000005,-0.04858672376873663,-28.056200000000004,-0.06007751605995718,-40.49000000000001,2.693576017130621,0.41544118633762067,0.0369718582789637,0.0,0.0,0.007257788993061011,0.01,other,5.0,False,Hard,
467,175,0.3747323340471092,467.0,-22.69999999999999,-0.04860813704496786,-28.086,-0.06014132762312634,-55.160000000000004,5.460942184154176,0.400448359046801,0.04715350938773452,0.0,0.0,0.016275656903671012,0.02,top_10,,False,Hard,
697,262,0.37589670014347204,697.0,-34.349999999999994,-0.04928263988522237,-42.36300000000001,-0.0607790530846485,-61.05,2.9979340028694406,0.39961209882692217,0.036028303247330404,0.0,0.0,0.007410225736001156,0.01,other,10.0,True,,
55,25,0.45454545454545453,55.0,-2.8100000000000005,-0.0510909090909091,-3.353800000000001,-0.060978181818181834,-6.97,2.2950909090909093,0.5233412029662377,0.08919040064806173,0.0,0.0,0.03387725825517856,0.1,,3.0,True,Hard,
476,235,0.49369747899159666,476.0,-24.860000000000003,-0.052226890756302526,-29.182800000000007,-0.061308403361344556,-40.21,2.102394957983193,0.5394392784170677,0.05470058185999612,0.0,0.0,0.01787611689346294,0.02,,3.0,False,Hard,
458,188,0.4104803493449782,458.0,-23.269999999999996,-0.050807860262008724,-28.204600000000003,-0.061582096069869,-33.900000000000006,2.9638864628820962,0.4431689495235718,0.04298156765146189,0.0,0.0,0.013019617076959693,0.01,,10.0,False,Clay,
699,285,0.40772532188841204,699.0,-36.22999999999999,-0.05183118741058654,-43.78540000000001,-0.0626400572246066,-55.12,2.699856938483548,0.45653242566296026,0.05413098664742033,0.0,0.0,0.01713990546308716,0.03,,5.0,True,,
106,37,0.3490566037735849,106.0,-5.4300000000000015,-0.05122641509433964,-6.701400000000001,-0.06322075471698115,-17.119999999999997,3.0963207547169813,0.414914026198931,0.07192558806299618,0.0,0.0,0.024104748681025124,0.1,,5.0,True,Hard,
614,308,0.501628664495114,614.0,-33.489999999999995,-0.05454397394136807,-38.9402,-0.06342052117263844,-43.86,2.0652605863192184,0.5453500023335881,0.050517324382123155,0.0,0.0,0.0152939537541384,0.01,,3.0,False,Hard,
432,171,0.3958333333333333,432.0,-23.04999999999999,-0.053356481481481456,-27.808999999999997,-0.06437268518518519,-44.880000000000024,3.229004629629629,0.44549809549539215,0.05796739017991262,0.0,0.0,0.02042847052485154,0.03,top_10,10.0,True,,
571,276,0.48336252189141854,571.0,-31.519999999999996,-0.055201401050788086,-36.78960000000001,-0.06443012259194397,-38.49000000000001,2.127145359019264,0.5389340846554742,0.05991711467886185,0.0,0.0,0.021170848641339415,0.03,,3.0,False,,
285,96,0.3368421052631579,285.0,-15.049999999999995,-0.052807017543859636,-18.529,-0.0650140350877193,-37.81,6.339298245614035,0.3633924307533243,0.05364546546609326,0.0,0.0,0.019513392832206565,0.05,top_10,,False,Hard,
178,66,0.3707865168539326,178.0,-9.719999999999999,-0.054606741573033704,-11.7656,-0.06609887640449438,-19.77,2.941404494382022,0.43293143926699085,0.06761157028569924,0.0,0.0,0.02293110061172345,0.075,,5.0,False,Hard,
80,28,0.35,80.0,-4.3500000000000005,-0.05437500000000001,-5.302999999999997,-0.06628749999999997,-14.41,3.0635000000000003,0.39308535572252035,0.049804234906341935,0.0,0.0,0.012674668112675074,0.02,,5.0,True,Grass,
13,5,0.38461538461538464,13.0,-0.7199999999999998,-0.055384615384615365,-0.8655999999999997,-0.06658461538461537,-4.0,2.790769230769231,0.40817404380693295,0.054034448368230854,0.0,0.0,0.014266327421023624,0.05,other,5.0,True,Grass,
302,128,0.423841059602649,302.0,-16.979999999999997,-0.0562251655629139,-20.120400000000004,-0.06662384105960266,-26.25,2.6434768211920527,0.4657851760164361,0.05048493318142017,0.0,0.0,0.016408611463625693,0.02,,5.0,False,Clay,
93,35,0.3763440860215054,93.0,-5.17,-0.05559139784946236,-6.226600000000001,-0.06695268817204303,-15.17,3.0261290322580647,0.4350940765371909,0.06672264138834297,0.0,0.0,0.022644968731404456,0.05,top_10,5.0,False,Clay,
92,50,0.5434782608695652,92.0,-5.459999999999999,-0.05934782608695651,-6.190799999999999,-0.06729130434782608,-9.95,1.9375,0.6077568057773647,0.06713669748434713,0.0,0.0,0.027855807867290316,0.02,top_10,3.0,False,Clay,
228,92,0.40350877192982454,228.0,-12.98,-0.05692982456140351,-15.4404,-0.06772105263157895,-26.82,2.3705701754385964,0.45223509800878503,0.04269843865870288,0.0,0.0,0.009390963815609698,0.02,other,3.0,True,Hard,
514,213,0.4143968871595331,514.0,-29.439999999999998,-0.05727626459143968,-34.8712,-0.06784280155642024,-40.92999999999999,2.6448832684824897,0.4660229520637173,0.05312748249998038,0.0,0.0,0.017036910961010007,0.03,,5.0,False,Hard,
87,35,0.40229885057471265,87.0,-4.98,-0.057241379310344835,-5.9204000000000025,-0.06805057471264371,-11.740000000000002,2.606436781609195,0.44348685789778186,0.04649796684855527,0.0,0.0,0.014243548631129872,0.03,other,5.0,True,Clay,
222,75,0.33783783783783783,222.0,-12.6,-0.05675675675675675,-15.288,-0.06886486486486487,-21.810000000000002,3.6582432432432426,0.3875873795190481,0.06710043455593813,0.0,0.0,0.022862654522001435,0.075,top_10,10.0,True,,
548,214,0.3905109489051095,548.0,-32.16,-0.05868613138686131,-38.1968,-0.0697021897810219,-59.510000000000005,5.207445255474453,0.4168711902536954,0.04497216499443928,0.0,0.0,0.014949394559848036,0.01,top_10,,False,Hard,
565,239,0.4230088495575221,565.0,-34.38000000000001,-0.06084955752212391,-40.212399999999995,-0.07117238938053097,-51.72,2.294212389380531,0.4691737178846749,0.040294259419730534,0.0,0.0,0.008748281560720482,0.01,other,3.0,False,,
330,116,0.3515151515151515,330.0,-19.759999999999998,-0.05987878787878787,-23.644799999999996,-0.07165090909090908,-34.5,3.0604545454545455,0.4175178465780861,0.0675098318291402,0.0,0.0,0.022729232865675214,0.075,,5.0,False,,
536,194,0.3619402985074627,536.0,-32.839999999999996,-0.0612686567164179,-39.0232,-0.07280447761194031,-37.889999999999986,3.638134328358209,0.410318983834118,0.04911970086008882,0.0,0.0,0.014997405519932155,0.03,,,True,Hard,
66,20,0.30303030303030304,66.0,-3.9800000000000004,-0.06030303030303031,-4.820399999999999,-0.07303636363636362,-13.64,3.707575757575758,0.35443301749362016,0.06053158954545434,0.0,0.0,0.017732347135138035,0.05,top_10,10.0,False,Grass,
102,45,0.4411764705882353,102.0,-6.459999999999999,-0.06333333333333332,-7.4708000000000006,-0.07324313725490196,-14.059999999999997,2.2354901960784317,0.5223210003462011,0.06582341480342864,0.0,0.0,0.025319668701844163,0.05,,3.0,False,Clay,
44,17,0.38636363636363635,44.0,-2.819999999999999,-0.06409090909090907,-3.3036000000000008,-0.0750818181818182,-10.05,2.3952272727272725,0.5010462736225801,0.07541165706099076,0.0,0.0,0.03095583709117937,0.075,,3.0,True,Clay,
158,56,0.35443037974683544,158.0,-10.040000000000001,-0.06354430379746837,-11.8792,-0.07518481012658228,-28.58,2.9396835443037976,0.4164601117575226,0.04733344275586451,0.0,0.0,0.012168820163798855,0.01,,5.0,False,Grass,
60,20,0.3333333333333333,60.0,-3.8099999999999987,-0.06349999999999997,-4.533799999999999,-0.07556333333333333,-13.64,3.6858333333333335,0.35206769668160337,0.04867524475110671,0.0,0.0,0.012522495852585896,0.01,top_10,10.0,True,Grass,
133,38,0.2857142857142857,133.0,-8.400000000000002,-0.06315789473684212,-10.132000000000001,-0.07618045112781956,-29.419999999999998,6.775714285714287,0.33986145302011217,0.05415603205479,0.0,0.0,0.017945185110482233,0.05,top_10,,False,Clay,
324,134,0.41358024691358025,324.0,-21.4,-0.06604938271604938,-24.772,-0.07645679012345678,-44.110000000000014,3.279537037037037,0.4582845353598938,0.057089733000823706,0.0,0.0,0.020647956149139356,0.03,top_10,10.0,False,Hard,
75,29,0.38666666666666666,75.0,-4.9799999999999995,-0.0664,-5.800400000000002,-0.0773386666666667,-9.92,2.429066666666667,0.45341645088839566,0.05434814767539315,0.0,0.0,0.014807164409490309,0.05,other,3.0,True,Hard,
1034,395,0.3820116054158607,1034.0,-69.03,-0.06676015473887814,-80.42940000000002,-0.07778471953578338,-85.27999999999999,3.1284139264990327,0.4221587662794987,0.046657114764763495,0.0,0.0,0.013753365440271406,0.02,,10.0,True,,
125,71,0.568,125.0,-9.01,-0.07208,-9.909799999999995,-0.07927839999999996,-11.789999999999996,1.8428799999999999,0.6292387903239478,0.061119592147789226,0.0,0.0,0.02399611714785255,0.01,top_10,3.0,False,Clay,
356,173,0.4859550561797753,356.0,-25.32,-0.07112359550561798,-28.473599999999998,-0.07998202247191011,-34.42,2.1010674157303373,0.5451141147160091,0.06009215682010752,0.0,0.0,0.020973813999889863,0.03,,3.0,False,Hard,
407,168,0.41277641277641275,407.0,-28.510000000000005,-0.07004914004914006,-32.719800000000006,-0.08039262899262901,-42.34,2.322334152334152,0.4666108993616625,0.04391477993088221,0.0,0.0,0.010728599911577236,0.02,other,3.0,False,,
40,12,0.3,40.0,-2.710000000000001,-0.06775000000000002,-3.2158000000000024,-0.08039500000000006,-7.34,3.925,0.36125065670296613,0.04753757395787532,0.0,0.0,0.018890438123309584,0.075,other,10.0,False,Clay,
778,331,0.4254498714652956,778.0,-55.019999999999996,-0.07071979434447301,-62.859599999999986,-0.08079640102827762,-70.17,3.1269794344473008,0.46583851426417877,0.05077594980380835,0.0,0.0,0.017097271456812734,0.01,top_10,10.0,False,,
857,344,0.4014002333722287,857.0,-61.19000000000001,-0.07140023337222871,-70.2262,-0.08194422403733956,-77.86,2.7141540256709447,0.45630085946010046,0.05382241717145265,0.0,0.0,0.01730448452079514,0.03,,5.0,False,,
655,263,0.4015267175572519,655.0,-47.46999999999999,-0.07247328244274807,-54.3606,-0.08299328244274809,-64.39000000000001,3.253450381679389,0.44610248104359573,0.05347639799449605,0.0,0.0,0.018615267335310475,0.02,top_10,10.0,False,,
354,127,0.3587570621468927,354.0,-25.509999999999998,-0.07206214689265536,-29.539800000000007,-0.08344576271186442,-41.22,2.738502824858757,0.40879152092029625,0.039794414684075755,0.0,0.0,0.008580842878908803,0.02,other,5.0,False,Hard,
101,24,0.2376237623762376,101.0,-7.0600000000000005,-0.06990099009900991,-8.4588,-0.08375049504950495,-25.86,7.122376237623762,0.3140311933897009,0.05744704010489568,0.0,0.0,0.018319042257179115,0.075,top_10,,False,Clay,
164,51,0.31097560975609756,164.0,-11.71,-0.07140243902439025,-13.7358,-0.08375487804878048,-17.36,3.878597560975609,0.36575940860897393,0.07065111470607459,0.0,0.0,0.023698827026036023,0.1,top_10,10.0,True,,
201,57,0.2835820895522388,201.0,-14.240000000000002,-0.07084577114427862,-16.835200000000007,-0.0837572139303483,-31.8,7.306218905472636,0.3112630095599658,0.054572754695780185,0.0,0.0,0.01835103601995684,0.075,top_10,,False,Hard,
30,7,0.23333333333333334,30.0,-2.099999999999999,-0.06999999999999998,-2.518,-0.08393333333333333,-7.0,9.273000000000001,0.20281402516385738,0.03972405341235662,0.0,0.0,0.010329467117964763,0.075,other,,False,Grass,
394,138,0.350253807106599,394.0,-28.61,-0.07261421319796954,-33.1578,-0.08415685279187818,-68.98999999999997,5.682385786802031,0.3902764265127833,0.04967059331916234,0.0,0.0,0.017583640785762956,0.03,top_10,,False,Hard,
183,85,0.4644808743169399,183.0,-13.770000000000003,-0.07524590163934428,-15.4546,-0.08445136612021857,-18.310000000000002,2.5400546448087433,0.5203804363255197,0.0559025091413032,0.0,0.0,0.019797323404859103,0.01,top_10,5.0,False,Clay,
79,27,0.34177215189873417,79.0,-5.879999999999999,-0.07443037974683543,-6.802399999999998,-0.08610632911392402,-13.84,3.5065822784810123,0.36452509763692265,0.04956627095543942,0.0,0.0,0.01278124947731057,0.03,,10.0,True,Grass,
124,48,0.3870967741935484,124.0,-9.399999999999997,-0.0758064516129032,-10.732000000000005,-0.08654838709677423,-22.010000000000005,2.398306451612904,0.46479247446593186,0.055244722340449866,0.0,0.0,0.017153646187886843,0.05,other,3.0,True,,
148,63,0.42567567567567566,148.0,-11.52,-0.07783783783783783,-12.989600000000001,-0.08776756756756758,-18.45,2.734864864864865,0.48623011574454184,0.059003252979579826,0.0,0.0,0.021507646819160647,0.02,top_10,5.0,False,Clay,
526,185,0.3517110266159696,526.0,-40.17,-0.07636882129277567,-46.1866,-0.08780722433460075,-54.94,3.421749049429658,0.4036812397710071,0.056725910615893986,0.0,0.0,0.01872616742798454,0.05,,10.0,True,,
19,8,0.42105263157894735,19.0,-1.4900000000000002,-0.07842105263157896,-1.6802000000000001,-0.08843157894736843,-6.5600000000000005,2.3631578947368426,0.5148776189789459,0.09895229962107352,0.0,0.0,0.03603059718960217,0.1,top_10,3.0,False,Clay,
273,107,0.39194139194139194,273.0,-21.900000000000002,-0.08021978021978023,-24.782000000000004,-0.09077655677655679,-25.660000000000007,2.9624175824175825,0.4393701916044389,0.04842184555836311,0.0,0.0,0.015732437526004568,0.02,,10.0,True,Clay,
63,28,0.4444444444444444,63.0,-5.170000000000002,-0.08206349206349209,-5.766600000000001,-0.09153333333333336,-7.93,2.3009523809523804,0.5213224241140632,0.08865520380517415,0.0,0.0,0.03347802585900644,0.1,,3.0,False,Hard,
1684,641,0.3806413301662708,1684.0,-136.64,-0.08114014251781472,-154.7672,-0.09190451306413301,-163.68999999999988,3.2341270783847977,0.42045897909469704,0.04205037371644925,0.0,0.0,0.011732598432873631,0.01,,10.0,False,,
31,9,0.2903225806451613,31.0,-2.5099999999999993,-0.08096774193548385,-2.899799999999999,-0.09354193548387094,-8.0,4.071935483870968,0.31835976991903353,0.060500400910088674,0.0,0.0,0.01658893431709962,0.075,top_10,10.0,True,Grass,
31,9,0.2903225806451613,31.0,-2.5099999999999993,-0.08096774193548385,-2.899799999999999,-0.09354193548387094,-8.0,4.071935483870968,0.31835976991903353,0.060500400910088674,0.0,0.0,0.01658893431709962,0.075,top_10,,True,Grass,
160,63,0.39375,160.0,-13.39,-0.0836875,-15.0622,-0.09413875000000001,-20.240000000000002,2.3835625,0.45453933857430345,0.046662572922377875,0.0,0.0,0.01128376404485817,0.03,other,3.0,True,Hard,
340,139,0.4088235294117647,340.0,-28.6,-0.08411764705882353,-32.048,-0.09425882352941177,-37.48,2.3146764705882354,0.46265765306888645,0.03979569788834954,0.0,0.0,0.007991513946311703,0.01,other,3.0,False,Hard,
1025,393,0.38341463414634147,1025.0,-85.78,-0.08368780487804878,-96.7044,-0.09434575609756098,-99.56,3.2614439024390243,0.42134346709096226,0.04172059278433113,0.0,0.0,0.011422555960830291,0.01,,10.0,False,Hard,
517,192,0.3713733075435203,517.0,-43.69,-0.08450676982591876,-49.31620000000001,-0.09538916827853,-50.05000000000001,3.2243713733075436,0.42215014740772816,0.050112744605289826,0.0,0.0,0.015361592100401214,0.03,,10.0,True,Hard,
178,59,0.33146067415730335,178.0,-15.169999999999998,-0.08522471910112359,-17.2466,-0.09689101123595506,-21.75,3.214943820224719,0.4038122444121341,0.07303557838777797,0.0,0.0,0.024930073667023326,0.1,,5.0,True,,
346,133,0.38439306358381503,346.0,-30.01,-0.08673410404624278,-33.66980000000001,-0.09731156069364165,-31.810000000000016,3.0955491329479767,0.43095974955951855,0.04672037406894007,0.0,0.0,0.0153208465777309,0.02,,10.0,False,Clay,
57,18,0.3157894736842105,57.0,-4.93,-0.08649122807017544,-5.6114,-0.09844561403508771,-12.64,3.7329824561403515,0.348934263731844,0.04974142471513858,0.0,0.0,0.01300892675011307,0.02,top_10,10.0,True,Grass,
448,159,0.3549107142857143,448.0,-39.45000000000001,-0.08805803571428573,-44.44100000000001,-0.09919866071428574,-46.800000000000004,3.073727678571429,0.3894492890046469,0.035433187239755345,0.0,0.0,0.006872711341821271,0.01,other,10.0,True,Hard,
333,122,0.3663663663663664,333.0,-29.709999999999997,-0.08921921921921921,-33.335800000000006,-0.10010750750750752,-41.28,2.7142042042042043,0.41980002138367795,0.04488769696295554,0.0,0.0,0.011453206468769676,0.03,other,5.0,True,,
906,310,0.34216335540838855,906.0,-81.62,-0.09008830022075055,-91.90760000000002,-0.10144326710816778,-105.03999999999998,3.3261368653421632,0.38149068068205155,0.034557550100593415,0.0,0.0,0.0071258483085638955,0.01,other,10.0,False,,
502,154,0.30677290836653387,502.0,-45.42999999999999,-0.09049800796812747,-51.4814,-0.10255258964143427,-52.32000000000001,6.572609561752988,0.3452477535333769,0.0531550658086168,0.0,0.0,0.01824726715493329,0.05,top_10,,False,,
562,206,0.3665480427046263,562.0,-51.68000000000001,-0.0919572953736655,-57.766400000000004,-0.10278718861209965,-63.19999999999999,2.7003202846975087,0.4185707974248126,0.0404646120199568,0.0,0.0,0.009411940179968502,0.02,other,5.0,False,,
221,78,0.35294117647058826,221.0,-20.779999999999994,-0.09402714932126695,-23.224400000000003,-0.10508778280542988,-31.199999999999996,2.7430316742081446,0.41135540468678067,0.04410660559338933,0.0,0.0,0.010355579666967478,0.03,other,5.0,True,Hard,
451,159,0.352549889135255,451.0,-42.45000000000001,-0.09412416851441244,-47.44100000000002,-0.10519068736141911,-48.80000000000002,3.1413968957871394,0.38764574687039594,0.03548678985423066,0.0,0.0,0.006898077850365604,0.01,other,,True,Hard,
62,20,0.3225806451612903,62.0,-5.809999999999999,-0.09370967741935482,-6.533799999999999,-0.10538387096774192,-13.64,4.142258064516129,0.3426198142234766,0.04727562785572928,0.0,0.0,0.012144708970808937,0.01,top_10,,True,Grass,
216,71,0.3287037037037037,216.0,-20.79,-0.09625,-23.274200000000004,-0.10775092592592594,-26.64,3.2103240740740744,0.4047038609036915,0.07377405589981176,0.0,0.0,0.02495611905920461,0.1,,5.0,False,,
826,304,0.36803874092009686,826.0,-80.52000000000001,-0.09748184019370461,-89.34960000000001,-0.10817142857142859,-101.08999999999995,3.38455205811138,0.4110092263426459,0.04461554874195862,0.0,0.0,0.01302367508930265,0.02,,10.0,False,Hard,
551,212,0.38475499092558985,551.0,-53.99,-0.09798548094373866,-59.690200000000004,-0.10833067150635209,-76.44999999999999,3.3137205081669694,0.4395003566418179,0.05692672756498536,0.0,0.0,0.020247825575438954,0.03,top_10,10.0,False,,
81,27,0.3333333333333333,81.0,-7.879999999999999,-0.09728395061728394,-8.802399999999999,-0.10867160493827159,-15.84,3.8603703703703705,0.3569857949910646,0.04847295861072255,0.0,0.0,0.012485690293117717,0.03,,,True,Grass,
286,114,0.3986013986013986,286.0,-28.4,-0.09930069930069929,-31.272000000000006,-0.10934265734265736,-36.199999999999996,2.3475174825174823,0.4656661579198621,0.04777453091227859,0.0,0.0,0.012854467509058517,0.03,other,3.0,False,,
198,64,0.32323232323232326,198.0,-19.45,-0.09823232323232323,-21.741,-0.1098030303030303,-26.770000000000003,3.734191919191919,0.3839908920269463,0.06290764399022755,0.0,0.0,0.020568835510114413,0.075,,10.0,True,Hard,
1125,398,0.3537777777777778,1125.0,-111.56,-0.09916444444444444,-123.86880000000002,-0.11010560000000003,-126.81999999999998,4.400604444444444,0.39083619758491384,0.03932854939095047,0.0,0.0,0.010694196707696528,0.01,,,False,Hard,
147,65,0.4421768707482993,147.0,-15.069999999999997,-0.10251700680272106,-16.4086,-0.11162312925170068,-20.169999999999995,2.5737414965986396,0.5101284536675756,0.05690141175471359,0.0,0.0,0.019579636785528248,0.01,top_10,5.0,True,Clay,
279,90,0.3225806451612903,279.0,-28.42,-0.10186379928315413,-31.6316,-0.11337491039426523,-37.76,3.718207885304659,0.38328061805462144,0.06669023342857339,0.0,0.0,0.022676403780970113,0.075,top_10,10.0,False,,
44,20,0.45454545454545453,44.0,-4.609999999999998,-0.10477272727272723,-4.997799999999998,-0.1135863636363636,-10.850000000000001,2.143636363636364,0.5562996982017014,0.07789159426666489,0.0,0.0,0.029633596428019715,0.05,top_10,3.0,True,Clay,
206,63,0.3058252427184466,206.0,-21.33,-0.10354368932038834,-23.7634,-0.11535631067961165,-25.310000000000006,3.889368932038835,0.36451448908910583,0.07089525839016879,0.0,0.0,0.023536523438759074,0.1,top_10,10.0,False,,
253,98,0.38735177865612647,253.0,-26.71,-0.10557312252964428,-29.275800000000004,-0.11571462450592887,-38.55,2.362450592885376,0.45464234290791344,0.042730492656520035,0.0,0.0,0.00948268467792751,0.02,other,3.0,False,Hard,
124,51,0.4112903225806452,124.0,-13.41,-0.10814516129032258,-14.601799999999999,-0.11775645161290321,-20.86,2.772016129032258,0.4803625212260055,0.06326687512709145,0.0,0.0,0.023329567086999986,0.03,top_10,5.0,False,Clay,
1344,482,0.3586309523809524,1344.0,-144.62,-0.10760416666666667,-158.9676,-0.11827946428571429,-163.7799999999999,3.3729687499999996,0.40792571116136433,0.04501870541551392,0.0,0.0,0.013397301587889225,0.02,,10.0,False,,
200,67,0.335,200.0,-21.439999999999998,-0.10719999999999999,-23.6712,-0.11835599999999999,-34.43,5.6628,0.39220359937341487,0.049361173037181835,0.0,0.0,0.01740605204890638,0.02,top_10,,False,Clay,
160,58,0.3625,160.0,-17.26,-0.10787500000000001,-18.954800000000002,-0.11846750000000002,-24.049999999999997,2.8570625,0.4403457115701489,0.059915927096296964,0.0,0.0,0.02061768029893139,0.05,,5.0,False,Clay,
919,309,0.33623503808487487,919.0,-99.30000000000001,-0.10805223068552776,-109.51400000000001,-0.11916648531011971,-120.61999999999998,4.666343852013058,0.3774295730748909,0.04168428909011362,0.0,0.0,0.012055217492752188,0.02,,,False,Hard,
365,95,0.2602739726027397,365.0,-38.99,-0.10682191780821919,-43.610200000000006,-0.11948000000000002,-43.959999999999994,7.218054794520548,0.30942772171871724,0.05574628321592178,0.0,0.0,0.018106632898011833,0.075,top_10,,False,,
811,295,0.3637484586929716,811.0,-88.6,-0.10924784217016029,-97.148,-0.11978791615289765,-99.08999999999992,3.212194821208385,0.41938588220094597,0.050610239372277294,0.0,0.0,0.015829133121907615,0.03,,10.0,True,,
84,35,0.4166666666666667,84.0,-9.269999999999998,-0.11035714285714283,-10.064599999999999,-0.11981666666666665,-15.930000000000001,2.2347619047619047,0.5239059422925629,0.06713867200312845,0.0,0.0,0.025741598742529466,0.05,,3.0,True,Clay,
788,269,0.3413705583756345,788.0,-85.97,-0.1090989847715736,-94.63059999999999,-0.12008959390862943,-95.31999999999994,5.694720812182742,0.38246549362184085,0.04699212273496533,0.0,0.0,0.01587742918131684,0.02,top_10,,False,,
523,184,0.35181644359464626,523.0,-58.66,-0.11216061185468451,-64.2668,-0.1228810707456979,-69.50000000000001,3.080841300191205,0.3954790873413257,0.039035530369113954,0.0,0.0,0.008933556978845805,0.02,other,10.0,True,,
172,55,0.31976744186046513,172.0,-19.33,-0.11238372093023255,-21.283399999999997,-0.12374069767441859,-34.79,5.991511627906976,0.38091650786201414,0.05202379735328438,0.0,0.0,0.018530755759196427,0.03,top_10,,False,Clay,
922,337,0.36550976138828634,922.0,-104.52,-0.11336225596529284,-114.12960000000001,-0.12378481561822127,-109.2799999999999,5.393373101952278,0.4038065439268315,0.045060811261413515,0.0,0.0,0.014775173600609093,0.01,top_10,,False,,
276,67,0.2427536231884058,276.0,-30.609999999999996,-0.11090579710144927,-34.177800000000005,-0.12383260869565219,-41.35000000000001,7.703478260869565,0.2899763387324755,0.05876548337655618,0.0,0.0,0.01850572658128089,0.1,top_10,,False,,
51,14,0.27450980392156865,51.0,-5.689999999999999,-0.11156862745098037,-6.3162,-0.12384705882352942,-13.64,3.816274509803922,0.3512619172316643,0.06705347120687415,0.0,0.0,0.020291837395071476,0.075,top_10,10.0,False,Grass,
234,93,0.3974358974358974,234.0,-26.96,-0.11521367521367522,-29.240800000000007,-0.1249606837606838,-32.09,2.7039743589743592,0.46110358746471347,0.05490003268124492,0.0,0.0,0.01885364707883399,0.03,,5.0,False,Clay,
40,15,0.375,40.0,-4.659999999999999,-0.11649999999999998,-5.0668000000000015,-0.12667000000000003,-10.030000000000001,2.335,0.4882728107925106,0.0553104575132384,0.0,0.0,0.021460401288490194,0.05,other,3.0,True,Clay,
53,19,0.3584905660377358,53.0,-6.200000000000001,-0.11698113207547171,-6.756000000000002,-0.12747169811320758,-13.77,2.4533962264150944,0.4711200358781666,0.06399410309052016,0.0,0.0,0.023920272917431585,0.075,other,3.0,True,,
59,18,0.3050847457627119,59.0,-6.93,-0.11745762711864406,-7.6114,-0.12900677966101695,-14.020000000000001,4.211016949152543,0.3391121985368551,0.048234499165283246,0.0,0.0,0.012595441182905853,0.02,top_10,,True,Grass,
178,60,0.33707865168539325,178.0,-21.299999999999997,-0.11966292134831459,-23.234000000000005,-0.13052808988764047,-31.000000000000007,2.8069101123595503,0.41469237623794913,0.051279362153863035,0.0,0.0,0.014865525905125763,0.05,other,5.0,True,,
116,38,0.3275862068965517,116.0,-14.02,-0.12086206896551724,-15.299600000000003,-0.1318931034482759,-18.840000000000003,2.8970689655172412,0.3988983233248966,0.05027113714619004,0.0,0.0,0.013060025988488,0.05,other,5.0,True,Hard,
348,117,0.33620689655172414,348.0,-42.13,-0.12106321839080461,-45.907399999999996,-0.13191781609195402,-54.84,3.148908045977012,0.3842219568036667,0.038063121012801446,0.0,0.0,0.008093653459719243,0.02,other,10.0,True,Hard,
673,218,0.32392273402674593,673.0,-81.49000000000001,-0.1210846953937593,-88.96020000000001,-0.13218454680534922,-101.61999999999992,5.948647845468053,0.372418866777688,0.049516393250893916,0.0,0.0,0.01704382617810228,0.03,top_10,,False,,
110,42,0.38181818181818183,110.0,-13.55,-0.12318181818181818,-14.639000000000005,-0.13308181818181822,-17.190000000000005,2.627272727272728,0.4393935166792571,0.04546831937865429,0.0,0.0,0.013808064524174135,0.03,other,5.0,False,Clay,
121,40,0.3305785123966942,121.0,-14.79,-0.12223140495867768,-16.114200000000004,-0.13317520661157028,-21.380000000000003,3.1073553719008267,0.4132951022749235,0.07134887892860058,0.0,0.0,0.023836298095045616,0.1,,5.0,False,Hard,
40,11,0.275,40.0,-4.87,-0.12175,-5.352600000000001,-0.13381500000000002,-11.21,3.9327499999999995,0.34533224061921997,0.07278149743326343,0.0,0.0,0.021768506077661953,0.1,top_10,10.0,False,Grass,
121,48,0.39669421487603307,121.0,-15.16,-0.1252892561983471,-16.3168,-0.13484958677685951,-20.25999999999999,2.7699173553719008,0.4759335103452298,0.05969218372227313,0.0,0.0,0.02097921226477716,0.02,top_10,5.0,True,Clay,
163,67,0.4110429447852761,163.0,-20.7,-0.12699386503067484,-22.206,-0.13623312883435582,-28.840000000000003,2.8658282208588957,0.4826686699619903,0.05337564797684588,0.0,0.0,0.019118046834373792,0.01,top_10,10.0,True,Clay,
100,32,0.32,100.0,-12.59,-0.1259,-13.698200000000005,-0.13698200000000005,-17.92,3.1229,0.40814178175648513,0.0654694763334915,0.0,0.0,0.022886982477356006,0.075,,5.0,False,Clay,
84,25,0.2976190476190476,84.0,-10.55,-0.1255952380952381,-11.519,-0.13713095238095238,-20.32,3.7279761904761903,0.355133220834649,0.05452038069080512,0.0,0.0,0.015590184249820399,0.03,top_10,10.0,False,Grass,
95,26,0.2736842105263158,95.0,-11.920000000000002,-0.12547368421052632,-13.061599999999999,-0.13749052631578945,-22.83,3.7714736842105263,0.3542552382965197,0.03290397182240966,0.0,0.0,0.0066076582859170285,0.01,other,10.0,False,Grass,
100,53,0.53,100.0,-13.210000000000003,-0.13210000000000002,-13.885800000000001,-0.138858,-15.119999999999996,1.8952,0.6142282534768907,0.0619254147928706,0.0,0.0,0.023546777259917617,0.01,top_10,3.0,True,Clay,
351,117,0.3333333333333333,351.0,-45.13,-0.12857549857549858,-48.9074,-0.13933732193732196,-56.84000000000001,3.235213675213675,0.3819492630545376,0.03810951696097589,0.0,0.0,0.008115811491057704,0.02,other,,True,Hard,
109,35,0.3211009174311927,109.0,-14.04,-0.12880733944954129,-15.239200000000004,-0.13980917431192663,-26.74,3.4005504587155966,0.3696353138063099,0.04351201344570476,0.0,0.0,0.010291397562857503,0.01,,10.0,True,Grass,
254,85,0.3346456692913386,254.0,-32.94,-0.12968503937007872,-35.66120000000001,-0.14039842519685042,-38.400000000000006,2.7911417322834646,0.4056483338559958,0.04328912002467723,0.0,0.0,0.01010531677137538,0.03,other,5.0,False,Hard,
169,65,0.38461538461538464,169.0,-22.150000000000002,-0.13106508875739648,-23.787,-0.14075147928994083,-26.690000000000005,3.086686390532545,0.453474647978373,0.054469609502062394,0.0,0.0,0.020414554708857773,0.02,top_10,10.0,False,Clay,
86,37,0.43023255813953487,86.0,-11.42,-0.13279069767441862,-12.171600000000002,-0.14153023255813954,-18.419999999999998,2.137209302325582,0.5215238635458711,0.05129425279219669,0.0,0.0,0.014105546107130192,0.01,,3.0,False,Grass,
107,36,0.3364485981308411,107.0,-14.11,-0.13186915887850467,-15.2478,-0.14250280373831775,-20.08,3.3738317757009346,0.4091440981318075,0.06135478998055095,0.0,0.0,0.02204613447889874,0.05,top_10,10.0,False,Clay,
191,74,0.387434554973822,191.0,-25.400000000000006,-0.1329842931937173,-27.232,-0.1425759162303665,-32.92000000000001,2.7011518324607335,0.46101894285971773,0.05583609860146739,0.0,0.0,0.01886016425259127,0.03,,5.0,True,Clay,
244,89,0.36475409836065575,244.0,-32.69,-0.13397540983606557,-35.1362,-0.14400081967213116,-42.47000000000001,5.307950819672131,0.4210146848196914,0.04685552268316017,0.0,0.0,0.016088150091627233,0.01,top_10,,False,Clay,
49,17,0.3469387755102041,49.0,-6.5600000000000005,-0.1338775510204082,-7.068800000000001,-0.14426122448979595,-14.030000000000001,2.597755102040816,0.4538117325546288,0.05293523929882806,0.0,0.0,0.01929874163213206,0.05,other,5.0,True,Clay,
703,227,0.3229018492176387,703.0,-93.82999999999998,-0.13347083926031292,-101.47340000000001,-0.14434338549075393,-100.06999999999995,3.713172119487909,0.38583404739116206,0.05410992072020583,0.0,0.0,0.017764216827428694,0.05,,10.0,False,,
128,45,0.3515625,128.0,-17.189999999999998,-0.13429687499999998,-18.506200000000003,-0.14457968750000003,-29.11,2.8355468750000004,0.4456756664373125,0.0619766620185934,0.0,0.0,0.02140679716596993,0.05,,5.0,True,Clay,
79,28,0.35443037974683544,79.0,-10.629999999999999,-0.13455696202531645,-11.437399999999998,-0.1447772151898734,-20.189999999999998,2.9830379746835445,0.4406292456810023,0.06758463307262505,0.0,0.0,0.02271432528189468,0.05,top_10,5.0,True,Clay,
177,66,0.3728813559322034,177.0,-23.990000000000002,-0.13553672316384183,-25.730200000000004,-0.14536836158192093,-30.840000000000003,2.3831073446327684,0.454208253746482,0.0465333304173041,0.0,0.0,0.011237903112124747,0.03,other,3.0,False,Hard,
57,18,0.3157894736842105,57.0,-7.67,-0.13456140350877194,-8.296600000000002,-0.1455543859649123,-10.989999999999998,3.299649122807017,0.40124400980552016,0.07510924453421305,0.0,0.0,0.027814771492154035,0.1,,5.0,False,Clay,
562,183,0.32562277580071175,562.0,-75.83,-0.1349288256227758,-81.89340000000001,-0.14571779359430606,-82.42,3.404733096085409,0.3730906320517449,0.03425186309210517,0.0,0.0,0.006688092127477349,0.01,other,10.0,False,Hard,
130,41,0.3153846153846154,130.0,-17.54,-0.13492307692307692,-18.9692,-0.14591692307692308,-28.85,3.0390769230769235,0.4026559234986862,0.0508314296651766,0.0,0.0,0.013721874714274707,0.02,,5.0,False,Grass,
84,30,0.35714285714285715,84.0,-11.57,-0.13773809523809524,-12.418600000000001,-0.14784047619047622,-14.440000000000001,2.4371428571428573,0.45126974602093356,0.05392353452088796,0.0,0.0,0.014617586054961742,0.05,other,3.0,False,Hard,
52,20,0.38461538461538464,52.0,-7.209999999999999,-0.13865384615384613,-7.705800000000002,-0.14818846153846157,-10.97,2.327884615384615,0.4884714918590997,0.05362197875645501,0.0,0.0,0.020407282966135747,0.05,other,3.0,False,Clay,
577,184,0.3188908145580589,577.0,-79.4,-0.13760831889081457,-85.672,-0.1484783362218371,-83.98999999999995,3.634315424610052,0.3661097227452393,0.033968581712073745,0.0,0.0,0.006652864952100296,0.01,other,,False,Hard,
201,60,0.29850746268656714,201.0,-27.59,-0.1372636815920398,-29.8582,-0.14854825870646765,-44.99,3.710597014925373,0.3642014335593912,0.041610267413888444,0.0,0.0,0.010381051143585113,0.01,,10.0,False,Grass,
332,102,0.3072289156626506,332.0,-45.78,-0.13789156626506024,-49.4644,-0.14898915662650603,-51.989999999999995,3.728072289156626,0.37687764984689187,0.061971036031209834,0.0,0.0,0.020721320263427108,0.075,,10.0,True,,
135,50,0.37037037037037035,135.0,-18.79,-0.1391851851851852,-20.114200000000004,-0.1489940740740741,-27.440000000000005,3.0391851851851848,0.4516082485044739,0.05584049335433595,0.0,0.0,0.020556250558648993,0.02,top_10,10.0,True,Clay,
45,15,0.3333333333333333,45.0,-6.23,-0.13844444444444445,-6.705400000000001,-0.1490088888888889,-14.6,2.787777777777778,0.4093522595270189,0.038354663784223815,0.0,0.0,0.007847221914992607,0.01,other,5.0,True,Grass,
20,8,0.4,20.0,-2.8,-0.13999999999999999,-2.984,-0.1492,-4.449999999999999,2.2895,0.47923458095717547,0.051286140859382524,0.0,0.0,0.012998033864816152,0.02,other,3.0,True,Grass,
209,87,0.41626794258373206,209.0,-29.4,-0.14066985645933014,-31.252,-0.1495311004784689,-33.940000000000005,2.9460765550239234,0.4816842346177378,0.05144421997188487,0.0,0.0,0.018628714672215496,0.01,top_10,10.0,False,Clay,
65,26,0.4,65.0,-9.14,-0.14061538461538461,-9.737200000000001,-0.14980307692307696,-14.22,2.1963076923076925,0.5102860515785682,0.05625210181336746,0.0,0.0,0.016651038864564868,0.02,,3.0,False,Grass,
405,140,0.345679012345679,405.0,-56.73,-0.14007407407407407,-60.89540000000001,-0.15035901234567903,-60.139999999999986,2.7511111111111113,0.4151344111692542,0.04386101728510708,0.0,0.0,0.011136348181069242,0.03,other,5.0,False,,
689,219,0.3178519593613933,689.0,-97.15,-0.14100145137880987,-104.607,-0.15182438316400582,-107.14999999999995,3.486589259796807,0.37163284574356814,0.03697837357337562,0.0,0.0,0.008436826167626648,0.02,other,10.0,False,,
416,137,0.3293269230769231,416.0,-59.519999999999996,-0.14307692307692307,-63.909600000000005,-0.15362884615384617,-60.48999999999997,3.827379807692308,0.3868323520308085,0.05378293479154801,0.0,0.0,0.017672964041028902,0.05,,10.0,False,Hard,
75,37,0.49333333333333335,75.0,-11.0,-0.14666666666666667,-11.539999999999997,-0.15386666666666662,-14.829999999999998,1.9951999999999999,0.5910727539766312,0.06762787066959812,0.0,0.0,0.026892519621244552,0.02,top_10,3.0,True,Clay,
150,55,0.36666666666666664,150.0,-21.690000000000005,-0.14460000000000003,-23.156200000000002,-0.1543746666666667,-29.1,2.3914000000000004,0.46580743358871124,0.05423585670068889,0.0,0.0,0.016781598821891456,0.05,other,3.0,False,,
25,10,0.4,25.0,-3.649999999999999,-0.14599999999999996,-3.877,-0.15508,-6.449999999999999,2.2596000000000003,0.48602285995621824,0.05191212052885277,0.0,0.0,0.013636002743007586,0.03,other,3.0,False,Grass,
111,35,0.3153153153153153,111.0,-16.04,-0.1445045045045045,-17.239200000000004,-0.15530810810810813,-28.499999999999996,3.660630630630631,0.36404158455718133,0.042823276644780466,0.0,0.0,0.010120581435914128,0.01,,,True,Grass,
131,44,0.33587786259541985,131.0,-19.27,-0.14709923664122138,-20.624600000000004,-0.15743969465648858,-24.310000000000006,3.314885496183206,0.39477507420639235,0.04135905369081482,0.0,0.0,0.012172096427838614,0.03,other,10.0,False,Clay,
736,229,0.3111413043478261,736.0,-108.18,-0.14698369565217392,-116.15640000000002,-0.15782119565217395,-115.74999999999996,4.9627173913043485,0.36723452721658906,0.04435553534469311,0.0,0.0,0.0134827914504551,0.03,,,False,Hard,
144,41,0.2847222222222222,144.0,-21.13,-0.1467361111111111,-22.767399999999995,-0.1581069444444444,-28.550000000000004,3.896944444444445,0.345302341087397,0.046961823294049174,0.0,0.0,0.012611354646650452,0.03,,10.0,False,Grass,
106,34,0.32075471698113206,106.0,-15.67,-0.14783018867924527,-16.7966,-0.15845849056603775,-26.080000000000002,3.6560377358490563,0.3731154764836629,0.04941307950059113,0.0,0.0,0.013762865497155571,0.01,top_10,10.0,False,Grass,
651,224,0.34408602150537637,651.0,-97.4,-0.14961597542242705,-103.99200000000002,-0.159741935483871,-104.12999999999992,3.521858678955454,0.4046567045023904,0.0479603827159871,0.0,0.0,0.014754719705907677,0.03,,10.0,False,Hard,
1069,362,0.33863423760523853,1069.0,-159.84,-0.14952291861552852,-170.78320000000002,-0.1597597754911132,-170.70000000000002,3.496987839101964,0.4010476173728758,0.04835602353036468,0.0,0.0,0.01512903728014146,0.03,,10.0,False,,
274,97,0.354014598540146,274.0,-41.31,-0.15076642335766424,-44.0238,-0.16067080291970803,-46.12000000000001,3.2277007299270073,0.4217695300144635,0.05002874982302613,0.0,0.0,0.017341544725575392,0.03,,10.0,False,Clay,
27,9,0.3333333333333333,27.0,-4.12,-0.15259259259259259,-4.397600000000001,-0.1628740740740741,-11.32,2.5192592592592593,0.47546745883881025,0.06854028404044404,0.0,0.0,0.030741146899753553,0.1,other,3.0,True,,
143,53,0.3706293706293706,143.0,-22.04,-0.1541258741258741,-23.3992,-0.16363076923076925,-27.310000000000002,3.1478321678321683,0.4464987168036754,0.057970919007079846,0.0,0.0,0.022077193166159432,0.03,top_10,10.0,False,Clay,
140,40,0.2857142857142857,140.0,-21.650000000000002,-0.15464285714285717,-23.217000000000002,-0.1658357142857143,-27.650000000000002,4.005928571428571,0.3605183716578146,0.0658704099540333,0.0,0.0,0.021091226803663408,0.1,,10.0,True,Hard,
65,31,0.47692307692307695,65.0,-10.399999999999999,-0.15999999999999998,-10.871999999999996,-0.1672615384615384,-14.759999999999998,2.0215384615384613,0.585842548204186,0.07095653369465997,0.0,0.0,0.028580736042010706,0.03,top_10,3.0,True,Clay,
488,141,0.2889344262295082,488.0,-76.37,-0.15649590163934426,-81.7826,-0.1675872950819672,-81.49,5.684774590163935,0.3416791703584681,0.048586297910059806,0.0,0.0,0.01569241443303292,0.05,,,False,Hard,
25,9,0.36,25.0,-3.9499999999999997,-0.158,-4.191,-0.16763999999999998,-6.449999999999999,2.8344,0.4120202419151686,0.04618880546803382,0.0,0.0,0.011445836671687611,0.03,other,5.0,True,Grass,
73,20,0.273972602739726,73.0,-11.560000000000002,-0.15835616438356168,-12.388800000000003,-0.16970958904109593,-12.88,4.0252054794520555,0.36025368838643373,0.06472206125838458,0.0,0.0,0.025485521630150727,0.1,,10.0,False,Clay,
51,10,0.19607843137254902,51.0,-8.11,-0.15901960784313723,-8.767799999999998,-0.17191764705882348,-13.29,4.584313725490196,0.3454700996364268,0.07199949258042793,0.0,0.0,0.02289026149424309,0.1,top_10,,True,Clay,
98,35,0.35714285714285715,98.0,-15.980000000000004,-0.16306122448979596,-16.9204,-0.17265714285714287,-18.130000000000003,3.0830612244897964,0.412379225763491,0.04387639997673489,0.0,0.0,0.013136088784472031,0.03,other,10.0,True,Clay,
30,9,0.3,30.0,-4.969999999999999,-0.16566666666666663,-5.290600000000001,-0.1763533333333334,-6.66,3.8890000000000002,0.37160996199966206,0.04898877979393714,0.0,0.0,0.021489544634964875,0.075,other,10.0,True,Clay,
437,133,0.30434782608695654,437.0,-73.03,-0.16711670480549198,-77.64940000000001,-0.17768741418764306,-84.39,3.5573684210526313,0.3621968402060555,0.036468760182240156,0.0,0.0,0.007775784439600222,0.02,other,10.0,False,Hard,
253,80,0.31620553359683795,253.0,-42.620000000000005,-0.16845849802371543,-45.22760000000001,-0.17876521739130438,-44.220000000000006,3.234189723320158,0.3810510669313146,0.04136903860450547,0.0,0.0,0.009576251290917394,0.03,other,10.0,True,Hard,
28,10,0.35714285714285715,28.0,-4.749999999999999,-0.16964285714285712,-5.015000000000001,-0.17910714285714288,-8.8,2.37,0.5028640093440286,0.08364904198663863,0.0,0.0,0.029562897609578257,0.075,top_10,3.0,True,Clay,
444,126,0.28378378378378377,444.0,-74.93,-0.1687612612612613,-79.7914,-0.17971036036036034,-82.55999999999999,4.054346846846847,0.3575417179551922,0.05918679895618341,0.0,0.0,0.019398383236167886,0.075,,10.0,False,,
452,134,0.29646017699115046,452.0,-76.60000000000001,-0.16946902654867257,-81.42800000000001,-0.18015044247787612,-85.96,3.84537610619469,0.35364688933842625,0.0360335681188991,0.0,0.0,0.007694719251824995,0.02,other,,False,Hard,
62,21,0.3387096774193548,62.0,-10.6,-0.17096774193548386,-11.208,-0.1807741935483871,-17.77,2.464354838709678,0.46638962129037526,0.06319520642617847,0.0,0.0,0.022842810277621934,0.075,other,3.0,False,,
120,34,0.2833333333333333,120.0,-20.480000000000004,-0.1706666666666667,-21.7904,-0.18158666666666667,-21.720000000000006,3.6765833333333333,0.37500977400801766,0.05907316661190769,0.0,0.0,0.021514969042627303,0.075,,10.0,False,Clay,
69,21,0.30434782608695654,69.0,-11.830000000000002,-0.17144927536231885,-12.553400000000002,-0.18193333333333336,-19.01,3.2056521739130432,0.4031368147816319,0.07082463005734567,0.0,0.0,0.02294903883393795,0.075,top_10,5.0,False,Clay,
187,60,0.32085561497326204,187.0,-32.150000000000006,-0.1719251336898396,-34.047,-0.18206951871657753,-36.120000000000005,3.3536363636363644,0.406019336585961,0.0548676238199355,0.0,0.0,0.01932750785856016,0.05,,10.0,False,Clay,
379,124,0.32717678100263853,379.0,-65.55000000000001,-0.17295514511873353,-69.339,-0.18295250659630607,-66.11999999999998,3.193034300791557,0.3896220929049018,0.042224252172017494,0.0,0.0,0.01058661660984488,0.03,other,10.0,True,,
89,29,0.3258426966292135,89.0,-15.57,-0.1749438202247191,-16.4586,-0.18492808988764045,-25.129999999999995,3.2558426966292133,0.42022298036439504,0.0627586628043884,0.0,0.0,0.022724840768163692,0.05,top_10,10.0,True,Clay,
135,41,0.3037037037037037,135.0,-23.72,-0.1757037037037037,-25.125600000000006,-0.1861155555555556,-27.540000000000006,2.946592592592592,0.3924937246740235,0.049115454954651604,0.0,0.0,0.012644348089779864,0.05,other,5.0,False,Hard,
87,26,0.2988505747126437,87.0,-15.31,-0.17597701149425288,-16.2238,-0.18648045977011496,-20.99,2.962068965517241,0.4059025795317405,0.05769088320392337,0.0,0.0,0.019102306546677498,0.075,other,5.0,True,,
60,16,0.26666666666666666,60.0,-10.579999999999998,-0.17633333333333331,-11.2484,-0.18747333333333333,-11.8,4.133500000000001,0.33153910944124426,0.03637984293859085,0.0,0.0,0.008440993202212527,0.03,other,10.0,False,Grass,
256,80,0.3125,256.0,-45.62,-0.178203125,-48.22760000000001,-0.18838906250000004,-46.220000000000006,3.3515234375,0.3779721496019113,0.041393910577294996,0.0,0.0,0.009589257835863507,0.03,other,,True,Hard,
67,23,0.34328358208955223,67.0,-12.090000000000002,-0.1804477611940299,-12.728200000000003,-0.18997313432835825,-16.970000000000002,2.6223880597014926,0.4476352945263443,0.050467801287934586,0.0,0.0,0.017803682922513556,0.05,other,5.0,False,Clay,
215,76,0.35348837209302325,215.0,-39.03,-0.18153488372093024,-41.02940000000001,-0.1908344186046512,-43.86000000000002,3.074744186046512,0.4328969374039759,0.05219013843954573,0.0,0.0,0.01807332621977727,0.03,,10.0,True,Clay,
15,5,0.3333333333333333,15.0,-2.7199999999999998,-0.18133333333333332,-2.8655999999999997,-0.19104,-4.0,3.3313333333333324,0.3768827910316039,0.050986349595552066,0.0,0.0,0.013256406408416277,0.05,other,10.0,True,Grass,
15,5,0.3333333333333333,15.0,-2.7199999999999998,-0.18133333333333332,-2.8655999999999997,-0.19104,-4.0,3.3313333333333324,0.3768827910316039,0.050986349595552066,0.0,0.0,0.013256406408416277,0.05,other,,True,Grass,
224,71,0.3169642857142857,224.0,-40.65,-0.18147321428571428,-42.897000000000006,-0.1915044642857143,-41.87,2.8354910714285713,0.41054893695580014,0.0495587463666284,0.0,0.0,0.014208096918491933,0.05,other,5.0,False,,
97,27,0.27835051546391754,97.0,-17.83,-0.1838144329896907,-18.8734,-0.19457113402061857,-26.6,3.7968041237113406,0.3540856472807307,0.05057816102399484,0.0,0.0,0.014261881805904169,0.02,top_10,10.0,False,Grass,
80,24,0.3,80.0,-15.12,-0.189,-15.937600000000002,-0.19922,-20.68,3.112875,0.4108410701355078,0.06716215382549155,0.0,0.0,0.02367923180854388,0.075,,5.0,True,Clay,
229,63,0.27510917030567683,229.0,-43.33,-0.18921397379912663,-45.78339999999999,-0.19992751091703054,-46.31,3.99768558951965,0.35824268631283157,0.06590543973016887,0.0,0.0,0.022365892484248546,0.1,,10.0,True,,
104,39,0.375,104.0,-20.42,-0.19634615384615386,-21.3116,-0.20491923076923074,-27.25,2.7803846153846155,0.475685206241337,0.06364780497169199,0.0,0.0,0.022722140782083015,0.03,top_10,5.0,True,Clay,
94,28,0.2978723404255319,94.0,-18.35,-0.19521276595744683,-19.302999999999997,-0.2053510638297872,-24.76,3.5084042553191486,0.3620704891983469,0.04600191749741298,0.0,0.0,0.011460703207753956,0.02,,10.0,True,Grass,
117,41,0.3504273504273504,117.0,-23.05,-0.197008547008547,-24.109,-0.20605982905982909,-32.34,3.0677777777777777,0.45008271296609137,0.059153782622071036,0.0,0.0,0.022208790054477383,0.03,top_10,10.0,True,Clay,
172,45,0.2616279069767442,172.0,-34.09,-0.19819767441860467,-35.9482,-0.20900116279069766,-43.46,3.8754069767441863,0.3467817528735738,0.043531670870579214,0.0,0.0,0.011322120898047907,0.02,,10.0,False,Grass,
29,11,0.3793103448275862,29.0,-5.92,-0.20413793103448274,-6.1616,-0.21246896551724137,-7.35,2.258620689655173,0.4786402097300469,0.04529552589776968,0.0,0.0,0.010071331870453223,0.01,other,3.0,True,Grass,
73,16,0.2191780821917808,73.0,-14.670000000000002,-0.20095890410958905,-15.5166,-0.21255616438356165,-20.76,7.912602739726028,0.25871144094615184,0.05524204907520214,0.0,0.0,0.015883931591350646,0.1,,,False,Grass,
518,150,0.28957528957528955,518.0,-105.85,-0.20434362934362935,-111.093,-0.21446525096525096,-105.84999999999995,3.691930501930502,0.3601451862200049,0.039239309393152344,0.0,0.0,0.009684148572209183,0.03,other,10.0,False,,
14,5,0.35714285714285715,14.0,-2.9099999999999997,-0.20785714285714282,-3.0317999999999996,-0.21655714285714284,-5.0,2.3528571428571428,0.4688527711339344,0.05838990785807747,0.0,0.0,0.01629884860199097,0.05,other,3.0,False,Grass,
49,15,0.30612244897959184,49.0,-10.230000000000002,-0.20877551020408167,-10.7054,-0.21847755102040814,-16.6,3.051224489795919,0.39114668171411354,0.0371896893982738,0.0,0.0,0.007559440473394164,0.01,other,10.0,True,Grass,
49,15,0.30612244897959184,49.0,-10.230000000000002,-0.20877551020408167,-10.7054,-0.21847755102040814,-16.6,3.051224489795919,0.39114668171411354,0.0371896893982738,0.0,0.0,0.007559440473394164,0.01,other,,True,Grass,
308,79,0.2564935064935065,308.0,-64.24000000000001,-0.2085714285714286,-67.5352,-0.2192701298701299,-67.50999999999998,4.358376623376624,0.33937516356352265,0.06314497434129078,0.0,0.0,0.02081799051317593,0.1,,10.0,False,,
73,22,0.3013698630136986,73.0,-15.370000000000001,-0.21054794520547945,-16.0826,-0.22030958904109588,-22.68,2.8043835616438355,0.41193176167137446,0.03669608312959318,0.0,0.0,0.007438242941481079,0.01,other,5.0,False,Grass,
147,46,0.3129251700680272,147.0,-31.130000000000003,-0.2117687074829932,-32.52740000000001,-0.22127482993197284,-36.47,3.266938775510204,0.41580894684334613,0.057167835258426135,0.0,0.0,0.0204948161741245,0.05,,10.0,True,Clay,
96,28,0.2916666666666667,96.0,-20.349999999999998,-0.21197916666666664,-21.302999999999997,-0.22190624999999997,-26.76,3.8068750000000002,0.35576034026670783,0.045153692570266996,0.0,0.0,0.011238836526707001,0.02,,,True,Grass,
93,21,0.22580645161290322,93.0,-19.79,-0.21279569892473119,-20.834200000000003,-0.22402365591397852,-23.88,7.794301075268816,0.26607014761650105,0.05126709926597707,0.0,0.0,0.014838962508890812,0.075,,,False,Grass,
75,18,0.24,75.0,-16.259999999999998,-0.21679999999999996,-17.074799999999996,-0.22766399999999995,-19.799999999999997,3.977066666666666,0.33733538277365094,0.0344182102721617,0.0,0.0,0.007520030123887136,0.02,other,10.0,False,Grass,
137,39,0.2846715328467153,137.0,-29.89,-0.21817518248175183,-31.2522,-0.22811824817518248,-30.250000000000007,3.5413868613138684,0.3629237744429441,0.04644650621339399,0.0,0.0,0.011854680817290733,0.05,other,10.0,True,Hard,
22,7,0.3181818181818182,22.0,-4.84,-0.22,-5.0432,-0.22923636363636363,-5.1499999999999995,2.8027272727272727,0.4083974688109546,0.049510458225235414,0.0,0.0,0.012853634627886495,0.05,other,5.0,False,Grass,
80,22,0.275,80.0,-17.77,-0.222125,-18.574600000000004,-0.23218250000000004,-20.010000000000005,3.552375,0.38188933266054337,0.06484096293892387,0.0,0.0,0.022827234502286166,0.075,top_10,10.0,False,Clay,
80,24,0.3,80.0,-18.04,-0.22549999999999998,-18.799200000000003,-0.23499000000000003,-18.040000000000006,3.326625,0.40183996801839117,0.04619103908011234,0.0,0.0,0.015691344753857313,0.05,other,10.0,False,Clay,
107,30,0.2803738317757009,107.0,-24.5,-0.22897196261682243,-25.550000000000004,-0.238785046728972,-27.8,3.005046728971963,0.39735914575948167,0.055731043854179124,0.0,0.0,0.01780042678385431,0.075,other,5.0,False,,
210,61,0.2904761904761905,210.0,-48.17,-0.22938095238095238,-50.1866,-0.23898380952380952,-48.53,3.455285714285715,0.37665651856046717,0.04736246375507778,0.0,0.0,0.013396021511070508,0.05,other,10.0,True,,
327,90,0.27522935779816515,327.0,-76.0,-0.2324159021406728,-79.22000000000001,-0.24226299694189607,-76.0,3.761957186544343,0.35152087209312083,0.03891478793835083,0.0,0.0,0.008915549652063448,0.03,other,10.0,False,Hard,
342,91,0.26608187134502925,342.0,-79.57000000000001,-0.23266081871345032,-82.99860000000001,-0.24268596491228073,-79.56999999999996,4.133625730994152,0.34068918124378045,0.03823233990042153,0.0,0.0,0.008758421163579963,0.03,other,,False,Hard,
140,39,0.2785714285714286,140.0,-32.89,-0.23492857142857143,-34.2522,-0.24465857142857145,-33.25000000000001,3.749357142857143,0.35768219616535746,0.04638318351487578,0.0,0.0,0.011829640723912767,0.05,other,,True,Hard,
257,71,0.27626459143968873,257.0,-60.660000000000004,-0.23603112840466928,-63.16680000000001,-0.24578521400778214,-63.79000000000001,4.205642023346303,0.35490984636542,0.058448159514220506,0.0,0.0,0.018653386959665823,0.075,,10.0,False,Hard,
110,26,0.23636363636363636,110.0,-26.92,-0.24472727272727274,-28.0616,-0.2551054545454545,-33.230000000000004,5.127272727272727,0.32012544936338233,0.03252831254389393,0.0,0.0,0.006697863936168482,0.01,other,,False,Grass,
28,9,0.32142857142857145,28.0,-6.949999999999999,-0.2482142857142857,-7.190999999999999,-0.25682142857142853,-7.42,3.2060714285714282,0.3874174697326097,0.04416920030481168,0.0,0.0,0.010792836344673236,0.03,other,10.0,True,Grass,
28,9,0.32142857142857145,28.0,-6.949999999999999,-0.2482142857142857,-7.190999999999999,-0.25682142857142853,-7.42,3.2060714285714282,0.3874174697326097,0.04416920030481168,0.0,0.0,0.010792836344673236,0.03,other,,True,Grass,
47,13,0.2765957446808511,47.0,-11.64,-0.24765957446808512,-12.087200000000001,-0.2571744680851064,-12.77,3.391702127659573,0.3882123606147895,0.07831665609221213,0.0,0.0,0.02489173202651859,0.1,top_10,5.0,False,Clay,
41,13,0.3170731707317073,41.0,-10.24,-0.2497560975609756,-10.5952,-0.25841951219512194,-10.71,2.835365853658536,0.40881641193674956,0.04309171664752137,0.0,0.0,0.010355694042549787,0.03,other,5.0,False,Grass,
32,11,0.34375,32.0,-8.12,-0.25375,-8.3776,-0.2618,-9.55,2.2378125,0.4870452603205174,0.048436486726948176,0.0,0.0,0.011946444063820283,0.02,other,3.0,False,Grass,
305,78,0.25573770491803277,305.0,-76.97,-0.25236065573770494,-79.9706,-0.26219868852459016,-76.97000000000001,4.028885245901639,0.3444066625771449,0.04328524965695915,0.0,0.0,0.01189297503007681,0.05,other,10.0,False,,
321,74,0.23052959501557632,321.0,-80.94,-0.25214953271028034,-84.2612,-0.26249595015576327,-80.94000000000001,6.637196261682243,0.30058896340997965,0.050795391537414816,0.0,0.0,0.015861135571038576,0.075,,,False,Hard,
77,15,0.19480519480519481,77.0,-19.58,-0.2542857142857143,-20.4284,-0.2653038961038961,-19.580000000000002,8.274935064935063,0.28417594315777617,0.05926098461084725,0.0,0.0,0.01857491546282983,0.1,top_10,,False,Clay,
84,20,0.23809523809523808,84.0,-21.980000000000004,-0.2616666666666667,-22.8204,-0.27167142857142856,-27.190000000000005,7.042619047619047,0.2922137649688439,0.04990634660478553,0.0,0.0,0.014429780177422651,0.05,top_10,,False,Grass,
133,30,0.22556390977443608,133.0,-35.16,-0.2643609022556391,-36.5168,-0.2745624060150376,-40.37,7.094962406015037,0.27899541221204904,0.045523406016497826,0.0,0.0,0.012577831119281244,0.05,,,False,Grass,
58,17,0.29310344827586204,58.0,-15.56,-0.26827586206896553,-16.068800000000003,-0.27704827586206904,-16.03,3.2839655172413793,0.40903568850932276,0.04858880678272545,0.0,0.0,0.017072881883271246,0.05,other,10.0,True,Clay,
49,10,0.20408163265306123,49.0,-13.179999999999998,-0.26897959183673464,-13.6964,-0.2795183673469388,-13.93,7.1846938775510205,0.2563353789146866,0.03800979357943318,0.0,0.0,0.00940306130532455,0.05,other,,False,Grass,
96,25,0.2604166666666667,96.0,-26.060000000000002,-0.27145833333333336,-26.958800000000004,-0.28082083333333335,-27.619999999999997,3.6233333333333335,0.3793391129687656,0.06029413241560685,0.0,0.0,0.02248021563691001,0.075,,10.0,True,Clay,
240,60,0.25,240.0,-66.59,-0.27745833333333336,-68.85820000000001,-0.2869091666666667,-78.98999999999998,5.782791666666666,0.31812682323117075,0.037694535046699104,0.0,0.0,0.009340409381609783,0.01,,,False,Grass,
63,14,0.2222222222222222,63.0,-17.69,-0.2807936507936508,-18.316200000000002,-0.29073333333333334,-21.520000000000003,7.090158730158731,0.2961921106891884,0.056763787767701086,0.0,0.0,0.016986341266474636,0.075,top_10,,False,Grass,
165,36,0.21818181818181817,165.0,-46.510000000000005,-0.2818787878787879,-48.159800000000004,-0.2918775757575758,-48.65,4.622727272727273,0.3140195777870663,0.04649917339377854,0.0,0.0,0.013855548496775033,0.075,other,10.0,False,,
49,11,0.22448979591836735,49.0,-13.870000000000001,-0.2830612244897959,-14.3526,-0.29291020408163265,-18.700000000000003,7.0251020408163285,0.29405197748403733,0.06226012409752005,0.0,0.0,0.018425241178596227,0.1,top_10,,False,Grass,
32,9,0.28125,32.0,-9.12,-0.285,-9.3976,-0.293675,-14.32,2.535625,0.46746188584991355,0.06725466510758416,0.0,0.0,0.028598911216100555,0.1,other,3.0,False,,
33,10,0.30303030303030304,33.0,-9.420000000000002,-0.2854545454545455,-9.6916,-0.29368484848484844,-9.89,2.816666666666667,0.4060617341410236,0.0421995189626841,0.0,0.0,0.009651808477296369,0.02,other,5.0,True,Grass,
234,46,0.19658119658119658,234.0,-66.28999999999999,-0.2832905982905983,-68.7242,-0.2936931623931624,-69.89000000000003,7.1193162393162375,0.280363405349195,0.0531141647293852,0.0,0.0,0.016263479568430547,0.1,,,False,Hard,
49,13,0.2653061224489796,49.0,-14.2,-0.2897959183673469,-14.636000000000001,-0.29869387755102045,-18.13,3.3065306122448974,0.4005210047877568,0.07515443771232203,0.0,0.0,0.028338874335177393,0.1,,5.0,True,Clay,
57,14,0.24561403508771928,57.0,-16.58,-0.2908771929824561,-17.108399999999996,-0.30014736842105255,-17.42,3.8019298245614035,0.36472564843749605,0.06941406461910515,0.0,0.0,0.024698065755631122,0.1,top_10,10.0,False,Clay,
57,15,0.2631578947368421,57.0,-17.150000000000002,-0.3008771929824562,-17.647000000000002,-0.3095964912280702,-19.42,3.1998245614035086,0.40134894574459085,0.07181645564011392,0.0,0.0,0.022609946643154303,0.075,top_10,5.0,True,Clay,
110,27,0.24545454545454545,110.0,-33.18000000000001,-0.3016363636363637,-34.1764,-0.31069454545454545,-33.42000000000001,3.8689999999999998,0.3552634681449038,0.05161897719039454,0.0,0.0,0.016399718396122552,0.075,other,10.0,True,,
203,45,0.22167487684729065,203.0,-61.31999999999999,-0.30206896551724133,-63.253600000000006,-0.31159408866995075,-61.32,4.765862068965517,0.31119503630657647,0.041483525725480815,0.0,0.0,0.010327986631237409,0.05,other,,False,Hard,
48,12,0.25,48.0,-14.62,-0.3045833333333333,-15.047600000000003,-0.3134916666666667,-15.830000000000002,3.0354166666666664,0.4049811712747711,0.06237776243325451,0.0,0.0,0.023335024357739226,0.1,other,5.0,True,,
130,34,0.26153846153846155,130.0,-39.67,-0.30515384615384616,-40.7966,-0.31382,-46.75999999999999,6.33746153846154,0.31643567804237627,0.042065954087534274,0.0,0.0,0.011576409373906268,0.01,top_10,,False,Grass,
16,5,0.3125,16.0,-4.92,-0.3075,-5.041599999999999,-0.31509999999999994,-7.6,2.404375,0.5070149563226973,0.09901617089567244,0.0,0.0,0.03573425616615612,0.1,top_10,3.0,True,Clay,
107,25,0.2336448598130841,107.0,-33.550000000000004,-0.3135514018691589,-34.519,-0.322607476635514,-40.64,6.860186915887851,0.2930032331129066,0.04491799761996942,0.0,0.0,0.012665893062527514,0.03,top_10,,False,Grass,
46,15,0.32608695652173914,46.0,-14.56,-0.3165217391304348,-14.8888,-0.3236695652173913,-15.989999999999998,2.2063043478260873,0.49060364829966974,0.04365879662769005,0.0,0.0,0.009571017303514602,0.01,other,3.0,False,Grass,
191,44,0.23036649214659685,191.0,-60.75,-0.3180628272251309,-62.475,-0.32709424083769634,-60.75000000000001,4.274031413612566,0.3240625804688009,0.042389922462150495,0.0,0.0,0.010577682176546355,0.05,other,10.0,False,Hard,
66,16,0.24242424242424243,66.0,-21.09,-0.3195454545454545,-21.6682,-0.3283060606060606,-23.36,3.5025757575757575,0.38285236340926737,0.06543292906182033,0.0,0.0,0.02293052063779416,0.075,top_10,10.0,True,Clay,
183,43,0.23497267759562843,183.0,-59.010000000000005,-0.32245901639344265,-60.6298,-0.33131038251366124,-59.989999999999995,4.485409836065573,0.3347225882858412,0.06150258694565415,0.0,0.0,0.0192802462049688,0.1,,10.0,False,Hard,
182,41,0.22527472527472528,182.0,-59.129999999999995,-0.32489010989010986,-60.7674,-0.3338868131868132,-66.22,6.526153846153845,0.2901277159415295,0.0408860075733604,0.0,0.0,0.010828283767250608,0.03,,,False,Grass,
75,16,0.21333333333333335,75.0,-25.58,-0.34106666666666663,-26.248399999999997,-0.3499786666666666,-25.580000000000002,6.049600000000001,0.286025311443698,0.03513370177353154,0.0,0.0,0.008206627839322227,0.03,other,,False,Grass,
121,27,0.2231404958677686,121.0,-41.83,-0.34570247933884296,-42.873400000000004,-0.3543256198347108,-48.92,6.649752066115703,0.2969645076402605,0.042453464658217296,0.0,0.0,0.011813818273405196,0.02,top_10,,False,Grass,
61,14,0.22950819672131148,61.0,-21.139999999999997,-0.34655737704918027,-21.6572,-0.3550360655737705,-23.070000000000004,3.8965573770491804,0.36746581076626866,0.06556529552614541,0.0,0.0,0.026791312548394917,0.1,,10.0,True,Clay,
211,45,0.2132701421800948,211.0,-73.08999999999999,-0.3463981042654028,-74.9482,-0.3552047393364929,-79.5,6.201943127962086,0.2975943645701329,0.03872261635429305,0.0,0.0,0.009964510740236871,0.02,,,False,Grass,
90,18,0.2,90.0,-31.26,-0.3473333333333333,-32.0748,-0.3563866666666667,-31.26,5.59988888888889,0.2984411722202946,0.03370669807901711,0.0,0.0,0.007478219501199452,0.02,other,,False,Grass,
58,13,0.22413793103448276,58.0,-20.58,-0.35482758620689653,-21.0684,-0.363248275862069,-23.819999999999997,3.013448275862069,0.39098207687729847,0.05736406239805825,0.0,0.0,0.01607260906678015,0.075,other,5.0,True,Hard,
37,10,0.2702702702702703,37.0,-13.42,-0.3627027027027027,-13.6916,-0.3700432432432432,-13.42,3.1624324324324324,0.38230737707917556,0.040241055026862704,0.0,0.0,0.009075602074930461,0.02,other,10.0,True,Grass,
37,10,0.2702702702702703,37.0,-13.42,-0.3627027027027027,-13.6916,-0.3700432432432432,-13.42,3.1624324324324324,0.38230737707917556,0.040241055026862704,0.0,0.0,0.009075602074930461,0.02,other,,True,Grass,
68,15,0.22058823529411764,68.0,-24.98,-0.3673529411764706,-25.540400000000005,-0.3755941176470589,-28.22,3.051176470588235,0.38538791446706966,0.055952308674912396,0.0,0.0,0.015511740297239862,0.075,other,5.0,False,Hard,
54,14,0.25925925925925924,54.0,-20.71,-0.38351851851851854,-21.0958,-0.390662962962963,-20.71,2.862592592592593,0.4040652540775621,0.03962816254151535,0.0,0.0,0.008881908689433286,0.02,other,5.0,False,Grass,
32,8,0.25,32.0,-12.37,-0.3865625,-12.6026,-0.39383125,-15.28,2.476875,0.45621746242728756,0.06366002785742007,0.0,0.0,0.019256392169094975,0.075,other,3.0,True,Hard,
36,9,0.25,36.0,-13.96,-0.3877777777777778,-14.2208,-0.3950222222222222,-16.87,2.4819444444444443,0.45417058355683715,0.06320006252143019,0.0,0.0,0.018982259424748165,0.075,other,3.0,False,Hard,
55,12,0.21818181818181817,55.0,-21.62,-0.3930909090909091,-22.047600000000003,-0.4008654545454546,-22.83,3.024181818181818,0.4029638739698242,0.06166341623788139,0.0,0.0,0.022347757967404833,0.1,other,5.0,False,,
73,14,0.1917808219178082,73.0,-30.450000000000003,-0.4171232876712329,-31.021,-0.4249452054794521,-31.689999999999998,3.8991780821917805,0.34415352356997775,0.05141784636903669,0.0,0.0,0.014038239082778601,0.075,other,10.0,True,Hard,
102,16,0.1568627450980392,102.0,-42.91,-0.4206862745098039,-43.7718,-0.42913529411764706,-44.919999999999995,5.305588235294119,0.28860358456087426,0.04749243988963519,0.0,0.0,0.01532762009484135,0.1,other,10.0,False,,
76,14,0.18421052631578946,76.0,-33.45,-0.4401315789473685,-34.021,-0.44764473684210526,-33.45,4.268157894736842,0.3352389155930931,0.051104962181412,0.0,0.0,0.013905919505549938,0.075,other,,True,Hard,
48,9,0.1875,48.0,-22.11,-0.460625,-22.4478,-0.46766250000000004,-22.560000000000006,3.7293749999999997,0.3673243620965982,0.06967362257291436,0.0,0.0,0.025220698255481715,0.1,top_10,10.0,True,Clay,
40,8,0.2,40.0,-19.169999999999998,-0.47924999999999995,-19.4266,-0.485665,-19.619999999999997,3.39825,0.38578821709838607,0.07859893127770681,0.0,0.0,0.024769071266126912,0.1,top_10,5.0,True,Clay,
65,12,0.18461538461538463,65.0,-31.62,-0.4864615384615385,-32.0476,-0.49304000000000003,-31.62,4.298153846153846,0.33927741775025705,0.053931736714037504,0.0,0.0,0.019002796101892445,0.1,other,10.0,True,,
109,17,0.1559633027522936,109.0,-55.7,-0.5110091743119266,-56.426,-0.5176697247706422,-55.7,4.791651376146788,0.3003857107369899,0.04606977922245126,0.0,0.0,0.01218592900068801,0.075,other,10.0,False,Hard,
120,17,0.14166666666666666,120.0,-66.69999999999999,-0.5558333333333333,-67.42599999999999,-0.5618833333333332,-66.7,5.516583333333333,0.2827099361087528,0.04446830824715285,0.0,0.0,0.011690552319100489,0.075,other,,False,Hard,
18,3,0.16666666666666666,18.0,-10.29,-0.5716666666666667,-10.3842,-0.5769,-12.27,2.550555555555556,0.45216629220543086,0.06815989566297256,0.0,0.0,0.021897316603127298,0.1,other,3.0,True,Hard,
36,5,0.1388888888888889,36.0,-21.13,-0.5869444444444444,-21.327400000000004,-0.5924277777777779,-22.34,3.1269444444444447,0.3826969799366117,0.061181412981667536,0.0,0.0,0.017812657450676835,0.1,other,5.0,True,Hard,
21,3,0.14285714285714285,21.0,-13.29,-0.6328571428571428,-13.384200000000002,-0.6373428571428572,-15.27,2.551904761904762,0.44969384985945315,0.06727748666925801,0.0,0.0,0.021322718127225946,0.1,other,3.0,False,Hard,
41,5,0.12195121951219512,41.0,-26.13,-0.6373170731707317,-26.327399999999997,-0.6421317073170731,-27.34,3.1160975609756094,0.38254699399196923,0.0605920401804268,0.0,0.0,0.01753103357204221,0.1,other,5.0,False,Hard,
48,5,0.10416666666666667,48.0,-33.13,-0.6902083333333334,-33.3274,-0.6943208333333333,-33.129999999999995,4.284583333333333,0.3258307401352638,0.05323037048067283,0.0,0.0,0.015003087800996281,0.1,other,10.0,True,Hard,
51,5,0.09803921568627451,51.0,-36.129999999999995,-0.7084313725490196,-36.3274,-0.7123019607843136,-36.129999999999995,4.811764705882353,0.3136240370776347,0.052657492625880965,0.0,0.0,0.014749149878956449,0.1,other,,True,Hard,
74,5,0.06756756756756757,74.0,-59.13,-0.799054054054054,-59.3274,-0.8017216216216216,-59.13,5.319459459459459,0.2806337904008002,0.0475461049094523,0.0,0.0,0.012949881328410462,0.1,other,10.0,False,Hard,
84,5,0.05952380952380952,84.0,-69.13,-0.8229761904761904,-69.32740000000001,-0.8253261904761906,-69.13,6.204285714285714,0.2602578795406546,0.04551527417333755,0.0,0.0,0.012275940368670656,0.1,other,,False,Hard,
